A1_LTP,,,,,,,,,,,,,,,,
 Time, MeasResult1_value, MeasResult2_value,,,,,,,,,,,,,,
5.90005,1.08E-06,-0.001443706,,,,,,,,,,,,,,
5.90015,1.08E-06,-0.001464183,,,,,,,,,,,,,,
5.90025,1.09E-06,-0.001324575,,,,,,,,,,,,,,
5.90035,1.11E-06,-0.001389031,,,,,,,,,,,,,,
5.90045,1.11E-06,-0.001392268,,,,,,,,,,,,,,
5.90055,1.11E-06,-0.001382346,,,,,,,,,,,,,,
5.90065,1.10E-06,-0.001252801,,,,,,,,,,,,,,
5.90075,1.10E-06,-0.001190807,,,,,,,,,,,,,,
5.90085,1.07E-06,-0.001219095,,,,,,,,,,,,,,
5.90095,1.11E-06,-0.001566215,,,,,,,,,,,,,,
5.90105,1.10E-06,-0.001403949,,,,,,,,,,,,,,
5.90115,1.12E-06,-0.00114542,,,,,,,,,,,,,,
5.90125,1.10E-06,-0.001378828,,,,,,,,,,,,,,
5.90135,1.11E-06,-0.001501337,,,,,,,,,,,,,,
5.90145,1.09E-06,-0.001525825,,,,,,,,,,,,,,
5.90155,1.10E-06,-0.001614276,,,,,,,,,,,,,,
5.90165,1.08E-06,-0.001583315,,,,,,,,,,,,,,
5.90175,1.07E-06,-0.001252167,,,,,,,,,,,,,,
5.90185,1.08E-06,-0.001576419,,,,,,,,,,,,,,
5.90195,1.11E-06,-0.001604354,,,,,,,,,,,,,,
5.90205,1.11E-06,-0.001767395,,,,,,,,,,,,,,
5.90215,1.10E-06,-0.001379743,,,,,,,,,,,,,,
5.90225,1.08E-06,-0.001487967,,,,,,,,,,,,,,
5.90235,1.06E-06,-0.00156706,,,,,,,,,,,,,,
5.90245,1.09E-06,-0.001832343,,,,,,,,,,,,,,
5.90255,1.11E-06,-0.002012976,,,,,,,,,,,,,,
5.90265,1.12E-06,-0.001803634,,,,,,,,,,,,,,
5.90275,1.12E-06,-0.001623565,,,,,,,,,,,,,,
5.90285,1.12E-06,-0.001604002,,,,,,,,,,,,,,
5.90295,1.11E-06,-0.001691258,,,,,,,,,,,,,,
5.90305,1.11E-06,-0.001467983,,,,,,,,,,,,,,
5.90315,1.09E-06,-0.001660155,,,,,,,,,,,,,,
5.90325,1.09E-06,-0.00166304,,,,,,,,,,,,,,
5.90335,1.09E-06,-0.001590351,,,,,,,,,,,,,,
5.90345,1.07E-06,-0.001469038,,,,,,,,,,,,,,
5.90355,1.11E-06,-0.001351455,,,,,,,,,,,,,,
5.90365,1.11E-06,-0.001111293,,,,,,,,,,,,,,
5.90375,1.14E-06,-0.001338085,,,,,,,,,,,,,,
5.90385,1.13E-06,-0.001668036,,,,,,,,,,,,,,
5.90395,1.12E-06,-0.001494793,,,,,,,,,,,,,,
5.90405,1.12E-06,-0.001505629,,,,,,,,,,,,,,
5.90415,1.09E-06,-0.001341533,,,,,,,,,,,,,,
5.90425,1.08E-06,-0.001613221,,,,,,,,,,,,,,
5.90435,1.10E-06,-0.001567975,,,,,,,,,,,,,,
5.90445,1.09E-06,-0.001642001,,,,,,,,,,,,,,
5.90455,1.10E-06,-0.001491415,,,,,,,,,,,,,,
5.90465,1.13E-06,-0.001417108,,,,,,,,,,,,,,
5.90475,1.14E-06,-0.001367428,,,,,,,,,,,,,,
5.90485,1.09E-06,-0.001221135,,,,,,,,,,,,,,
5.90495,1.07E-06,-0.001274614,,,,,,,,,,,,,,
5.90505,1.07E-06,-0.001262089,,,,,,,,,,,,,,
5.90515,1.08E-06,-0.001119596,,,,,,,,,,,,,,
5.90525,1.08E-06,-0.001340689,,,,,,,,,,,,,,
5.90535,1.09E-06,-0.001331682,,,,,,,,,,,,,,
5.90545,1.10E-06,-0.00131592,,,,,,,,,,,,,,
5.90555,1.10E-06,-0.001334004,,,,,,,,,,,,,,
5.90565,1.12E-06,-0.001389031,,,,,,,,,,,,,,
5.90575,1.09E-06,-0.001563682,,,,,,,,,,,,,,
5.90585,1.08E-06,-0.001354692,,,,,,,,,,,,,,
5.90595,1.08E-06,-0.001229017,,,,,,,,,,,,,,
5.90605,1.07E-06,-0.001539335,,,,,,,,,,,,,,
5.90615,1.07E-06,-0.001272644,,,,,,,,,,,,,,
5.90625,1.10E-06,-0.001477623,,,,,,,,,,,,,,
5.90635,1.09E-06,-0.001311698,,,,,,,,,,,,,,
5.90645,1.08E-06,-0.001280596,,,,,,,,,,,,,,
5.90655,1.08E-06,-0.001249634,,,,,,,,,,,,,,
5.90665,1.09E-06,-0.00149226,,,,,,,,,,,,,,
5.90675,1.07E-06,-0.00150197,,,,,,,,,,,,,,
5.90685,1.08E-06,-0.001336819,,,,,,,,,,,,,,
5.90695,1.11E-06,-0.001260119,,,,,,,,,,,,,,
5.90705,1.10E-06,-0.001469742,,,,,,,,,,,,,,
5.90715,1.11E-06,-0.001502955,,,,,,,,,,,,,,
5.90725,1.10E-06,-0.001721445,,,,,,,,,,,,,,
5.90735,1.12E-06,-0.00168985,,,,,,,,,,,,,,
5.90745,1.10E-06,-0.001424004,,,,,,,,,,,,,,
5.90755,1.11E-06,-0.001104185,,,,,,,,,,,,,,
5.90765,1.12E-06,-0.001155764,,,,,,,,,,,,,,
5.90775,1.13E-06,-0.001048807,,,,,,,,,,,,,,
5.90785,1.12E-06,-0.001159635,,,,,,,,,,,,,,
5.90795,1.12E-06,-0.001313809,,,,,,,,,,,,,,
5.90805,1.10E-06,-0.00128714,,,,,,,,,,,,,,
5.90815,1.10E-06,-0.001427733,,,,,,,,,,,,,,
5.90825,1.09E-06,-0.001402331,,,,,,,,,,,,,,
5.90835,1.09E-06,-0.001232465,,,,,,,,,,,,,,
5.90845,1.09E-06,-0.001029878,,,,,,,,,,,,,,
5.90855,1.09E-06,-0.000909128,,,,,,,,,,,,,,
5.90865,1.10E-06,-0.001088212,,,,,,,,,,,,,,
5.90875,1.12E-06,-0.001175045,,,,,,,,,,,,,,
5.90885,1.11E-06,-0.001263567,,,,,,,,,,,,,,
5.90895,1.11E-06,-0.001140143,,,,,,,,,,,,,,
5.90905,1.12E-06,-0.000961129,,,,,,,,,,,,,,
5.90915,1.14E-06,-0.000940653,,,,,,,,,,,,,,
5.90925,1.15E-06,-0.001025797,,,,,,,,,,,,,,
5.90935,1.12E-06,-0.000869441,,,,,,,,,,,,,,
5.90945,1.15E-06,-0.001002716,,,,,,,,,,,,,,
5.90955,1.09E-06,-0.000940793,,,,,,,,,,,,,,
5.90965,1.10E-06,-0.001084061,,,,,,,,,,,,,,
5.90975,1.12E-06,-0.001232465,,,,,,,,,,,,,,
5.90985,1.11E-06,-0.001533002,,,,,,,,,,,,,,
5.90995,1.11E-06,-0.001469038,,,,,,,,,,,,,,
5.91005,1.11E-06,-0.001294388,,,,,,,,,,,,,,
5.91015,1.11E-06,-0.001481986,,,,,,,,,,,,,,
5.91025,1.08E-06,-0.001147109,,,,,,,,,,,,,,
5.91035,1.12E-06,-0.001013201,,,,,,,,,,,,,,
5.91045,1.12E-06,-0.001256389,,,,,,,,,,,,,,
5.91055,1.11E-06,-0.001053099,,,,,,,,,,,,,,
5.91065,1.09E-06,-0.001006375,,,,,,,,,,,,,,
5.91075,1.09E-06,-0.000911943,,,,,,,,,,,,,,
5.91085,1.08E-06,-0.000933194,,,,,,,,,,,,,,
5.91095,1.08E-06,-0.000736729,,,,,,,,,,,,,,
5.91105,1.09E-06,-0.000781904,,,,,,,,,,,,,,
5.91115,1.13E-06,-0.000969081,,,,,,,,,,,,,,
5.91125,1.08E-06,-0.00060092,,,,,,,,,,,,,,
5.91135,1.10E-06,-0.000832428,,,,,,,,,,,,,,
5.91145,1.11E-06,-0.001239642,,,,,,,,,,,,,,
5.91155,1.11E-06,-0.001031919,,,,,,,,,,,,,,
5.91165,1.08E-06,-0.000971544,,,,,,,,,,,,,,
5.91175,1.11E-06,-0.000957611,,,,,,,,,,,,,,
5.91185,1.12E-06,-0.00112044,,,,,,,,,,,,,,
5.91195,1.09E-06,-0.001464746,,,,,,,,,,,,,,
5.91205,1.10E-06,-0.000916376,,,,,,,,,,,,,,
5.91215,1.11E-06,-0.000963944,,,,,,,,,,,,,,
5.91225,1.11E-06,-0.001084131,,,,,,,,,,,,,,
5.91235,1.12E-06,-0.001139299,,,,,,,,,,,,,,
5.91245,1.12E-06,-0.001234153,,,,,,,,,,,,,,
5.91255,1.14E-06,-0.001124662,,,,,,,,,,,,,,
5.91265,1.17E-06,-0.001168149,,,,,,,,,,,,,,
5.91275,1.14E-06,-0.00113768,,,,,,,,,,,,,,
5.91285,1.13E-06,-0.00120277,,,,,,,,,,,,,,
5.91295,1.14E-06,-0.001283058,,,,,,,,,,,,,,
5.91305,1.13E-06,-0.001270885,,,,,,,,,,,,,,
5.91315,1.13E-06,-0.001244708,,,,,,,,,,,,,,
5.91325,1.13E-06,-0.001244427,,,,,,,,,,,,,,
5.91335,1.13E-06,-0.001157101,,,,,,,,,,,,,,
5.91345,1.12E-06,-0.001238727,,,,,,,,,,,,,,
5.91355,1.14E-06,-0.00097464,,,,,,,,,,,,,,
5.91365,1.13E-06,-0.001271237,,,,,,,,,,,,,,
5.91375,1.11E-06,-0.001016579,,,,,,,,,,,,,,
5.91385,1.13E-06,-0.001272714,,,,,,,,,,,,,,
5.91395,1.12E-06,-0.001045077,,,,,,,,,,,,,,
5.91405,1.11E-06,-0.001055773,,,,,,,,,,,,,,
5.91415,1.09E-06,-0.000965422,,,,,,,,,,,,,,
5.91425,1.13E-06,-0.001152457,,,,,,,,,,,,,,
5.91435,1.09E-06,-0.001139791,,,,,,,,,,,,,,
5.91445,1.10E-06,-0.001293965,,,,,,,,,,,,,,
5.91455,1.10E-06,-0.001279822,,,,,,,,,,,,,,
5.91465,1.11E-06,-0.001295725,,,,,,,,,,,,,,
5.91475,1.12E-06,-0.00129495,,,,,,,,,,,,,,
5.91485,1.13E-06,-0.001174693,,,,,,,,,,,,,,
5.91495,1.11E-06,-0.001039448,,,,,,,,,,,,,,
5.91505,1.10E-06,-0.001257374,,,,,,,,,,,,,,
5.91515,1.11E-06,-0.001261034,,,,,,,,,,,,,,
5.91525,1.13E-06,-0.001170612,,,,,,,,,,,,,,
5.91535,1.13E-06,-0.001175045,,,,,,,,,,,,,,
5.91545,1.11E-06,-0.001348148,,,,,,,,,,,,,,
5.91555,1.12E-06,-0.001442932,,,,,,,,,,,,,,
5.91565,1.13E-06,-0.001237038,,,,,,,,,,,,,,
5.91575,1.09E-06,-0.001406482,,,,,,,,,,,,,,
5.91585,1.09E-06,-0.00128151,,,,,,,,,,,,,,
5.91595,1.10E-06,-0.001403527,,,,,,,,,,,,,,
5.91605,1.10E-06,-0.000973725,,,,,,,,,,,,,,
5.91615,1.08E-06,-0.00107048,,,,,,,,,,,,,,
5.91625,1.09E-06,-0.001078924,,,,,,,,,,,,,,
5.91635,1.13E-06,-0.001122692,,,,,,,,,,,,,,
5.91645,1.12E-06,-0.001168923,,,,,,,,,,,,,,
5.91655,1.11E-06,-0.001271729,,,,,,,,,,,,,,
5.91665,1.11E-06,-0.001143169,,,,,,,,,,,,,,
5.91675,1.11E-06,-0.001028682,,,,,,,,,,,,,,
5.91685,1.10E-06,-0.001222261,,,,,,,,,,,,,,
5.91695,1.12E-06,-0.001189611,,,,,,,,,,,,,,
5.91705,1.14E-06,-0.001402049,,,,,,,,,,,,,,
5.91715,1.10E-06,-0.001262511,,,,,,,,,,,,,,
5.91725,1.12E-06,-0.001035015,,,,,,,,,,,,,,
5.91735,1.15E-06,-0.001077446,,,,,,,,,,,,,,
5.91745,1.15E-06,-0.001286647,,,,,,,,,,,,,,
5.91755,1.12E-06,-0.001066821,,,,,,,,,,,,,,
5.91765,1.11E-06,-0.000955289,,,,,,,,,,,,,,
5.91775,1.11E-06,-0.000987024,,,,,,,,,,,,,,
5.91785,1.13E-06,-0.001159846,,,,,,,,,,,,,,
5.91795,1.12E-06,-0.001415208,,,,,,,,,,,,,,
5.91805,1.11E-06,-0.001119596,,,,,,,,,,,,,,
5.91815,1.09E-06,-0.001030863,,,,,,,,,,,,,,
5.91825,1.12E-06,-0.001276162,,,,,,,,,,,,,,
5.91835,1.12E-06,-0.001218813,,,,,,,,,,,,,,
5.91845,1.13E-06,-0.001136554,,,,,,,,,,,,,,
5.91855,1.11E-06,-0.001123044,,,,,,,,,,,,,,
5.91865,1.12E-06,-0.001160198,,,,,,,,,,,,,,
5.91875,1.14E-06,-0.001348781,,,,,,,,,,,,,,
5.91885,1.13E-06,-0.001516044,,,,,,,,,,,,,,
5.91895,1.13E-06,-0.001444973,,,,,,,,,,,,,,
5.91905,1.11E-06,-0.001418726,,,,,,,,,,,,,,
5.91915,1.11E-06,-0.001440258,,,,,,,,,,,,,,
5.91925,1.12E-06,-0.00113951,,,,,,,,,,,,,,
5.91935,1.11E-06,-0.001095741,,,,,,,,,,,,,,
5.91945,1.09E-06,-0.001000746,,,,,,,,,,,,,,
5.91955,1.08E-06,-0.00118567,,,,,,,,,,,,,,
5.91965,1.07E-06,-0.000993146,,,,,,,,,,,,,,
5.91975,1.09E-06,-0.000732648,,,,,,,,,,,,,,
5.91985,1.11E-06,-0.000962396,,,,,,,,,,,,,,
5.91995,1.12E-06,-0.000735814,,,,,,,,,,,,,,
5.92005,1.13E-06,-0.001080472,,,,,,,,,,,,,,
5.92015,1.12E-06,-0.001040503,,,,,,,,,,,,,,
5.92025,1.12E-06,-0.000826517,,,,,,,,,,,,,,
5.92035,1.13E-06,-0.001035578,,,,,,,,,,,,,,
5.92045,1.14E-06,-0.001301987,,,,,,,,,,,,,,
5.92055,1.10E-06,-0.001077587,,,,,,,,,,,,,,
5.92065,1.14E-06,-0.001112981,,,,,,,,,,,,,,
5.92075,1.11E-06,-0.001297061,,,,,,,,,,,,,,
5.92085,1.10E-06,-0.001232957,,,,,,,,,,,,,,
5.92095,1.10E-06,-0.001178493,,,,,,,,,,,,,,
5.92105,1.11E-06,-0.001145843,,,,,,,,,,,,,,
5.92115,1.12E-06,-0.001061402,,,,,,,,,,,,,,
5.92125,1.09E-06,-0.001168712,,,,,,,,,,,,,,
5.92135,1.08E-06,-0.001096164,,,,,,,,,,,,,,
5.92145,1.09E-06,-0.001056547,,,,,,,,,,,,,,
5.92155,1.10E-06,-0.001557912,,,,,,,,,,,,,,
5.92165,1.09E-06,-0.001463409,,,,,,,,,,,,,,
5.92175,1.10E-06,-0.001339282,,,,,,,,,,,,,,
5.92185,1.11E-06,-0.00144448,,,,,,,,,,,,,,
5.92195,1.10E-06,-0.001388327,,,,,,,,,,,,,,
5.92205,1.13E-06,-0.001501196,,,,,,,,,,,,,,
5.92215,1.12E-06,-0.001244357,,,,,,,,,,,,,,
5.92225,1.09E-06,-0.001017845,,,,,,,,,,,,,,
5.92235,1.10E-06,-0.000868737,,,,,,,,,,,,,,
5.92245,1.10E-06,-0.00140613,,,,,,,,,,,,,,
5.92255,1.12E-06,-0.001302902,,,,,,,,,,,,,,
5.92265,1.12E-06,-0.001402049,,,,,,,,,,,,,,
5.92275,1.12E-06,-0.001378265,,,,,,,,,,,,,,
5.92285,1.15E-06,-0.001284747,,,,,,,,,,,,,,
5.92295,1.13E-06,-0.001400431,,,,,,,,,,,,,,
5.92305,1.14E-06,-0.001144928,,,,,,,,,,,,,,
5.92315,1.11E-06,-0.00131592,,,,,,,,,,,,,,
5.92325,1.08E-06,-0.001534339,,,,,,,,,,,,,,
5.92335,1.10E-06,-0.001475512,,,,,,,,,,,,,,
5.92345,1.10E-06,-0.001429422,,,,,,,,,,,,,,
5.92355,1.10E-06,-0.001302409,,,,,,,,,,,,,,
5.92365,1.11E-06,-0.001178493,,,,,,,,,,,,,,
5.92375,1.13E-06,-0.001368977,,,,,,,,,,,,,,
5.92385,1.14E-06,-0.00148459,,,,,,,,,,,,,,
5.92395,1.13E-06,-0.001347585,,,,,,,,,,,,,,
5.92405,1.13E-06,-0.001405849,,,,,,,,,,,,,,
5.92415,1.13E-06,-0.001462143,,,,,,,,,,,,,,
5.92425,1.15E-06,-0.001533424,,,,,,,,,,,,,,
5.92435,1.14E-06,-0.001509429,,,,,,,,,,,,,,
5.92445,1.15E-06,-0.001587607,,,,,,,,,,,,,,
5.92455,1.16E-06,-0.001454473,,,,,,,,,,,,,,
5.92465,1.16E-06,-0.001401345,,,,,,,,,,,,,,
5.92475,1.15E-06,-0.001422174,,,,,,,,,,,,,,
5.92485,1.14E-06,-0.001762258,,,,,,,,,,,,,,
5.92495,1.14E-06,-0.001569945,,,,,,,,,,,,,,
5.92505,1.14E-06,-0.001709201,,,,,,,,,,,,,,
5.92515,1.11E-06,-0.001703572,,,,,,,,,,,,,,
5.92525,1.12E-06,-0.001842687,,,,,,,,,,,,,,
5.92535,1.12E-06,-0.001826503,,,,,,,,,,,,,,
5.92545,1.11E-06,-0.002067229,,,,,,,,,,,,,,
5.92555,1.11E-06,-0.001806308,,,,,,,,,,,,,,
5.92565,1.13E-06,-0.001813907,,,,,,,,,,,,,,
5.92575,1.10E-06,-0.001550523,,,,,,,,,,,,,,
5.92585,1.10E-06,-0.001702868,,,,,,,,,,,,,,
5.92595,1.10E-06,-0.001536943,,,,,,,,,,,,,,
5.92605,1.10E-06,-0.001845713,,,,,,,,,,,,,,
5.92615,1.13E-06,-0.001610335,,,,,,,,,,,,,,
5.92625,1.13E-06,-0.001417741,,,,,,,,,,,,,,
5.92635,1.07E-06,-0.001296428,,,,,,,,,,,,,,
5.92645,1.10E-06,-0.00149993,,,,,,,,,,,,,,
5.92655,1.10E-06,-0.001623213,,,,,,,,,,,,,,
5.92665,1.09E-06,-0.001475794,,,,,,,,,,,,,,
5.92675,1.08E-06,-0.001487686,,,,,,,,,,,,,,
5.92685,1.10E-06,-0.0014271,,,,,,,,,,,,,,
5.92695,1.09E-06,-0.001449899,,,,,,,,,,,,,,
5.92705,1.07E-06,-0.001242105,,,,,,,,,,,,,,
5.92715,1.08E-06,-0.001736504,,,,,,,,,,,,,,
5.92725,1.10E-06,-0.001375802,,,,,,,,,,,,,,
5.92735,1.10E-06,-0.001410141,,,,,,,,,,,,,,
5.92745,1.07E-06,-0.001079557,,,,,,,,,,,,,,
5.92755,1.08E-06,-0.001303183,,,,,,,,,,,,,,
5.92765,1.09E-06,-0.001277359,,,,,,,,,,,,,,
5.92775,1.09E-06,-0.001529062,,,,,,,,,,,,,,
5.92785,1.07E-06,-0.00151921,,,,,,,,,,,,,,
5.92795,1.10E-06,-0.0015767,,,,,,,,,,,,,,
5.92805,1.11E-06,-0.001310713,,,,,,,,,,,,,,
5.92815,1.10E-06,-0.001535887,,,,,,,,,,,,,,
5.92825,1.08E-06,-0.001712016,,,,,,,,,,,,,,
5.92835,1.07E-06,-0.001677043,,,,,,,,,,,,,,
5.92845,1.09E-06,-0.001615613,,,,,,,,,,,,,,
5.92855,1.10E-06,-0.001799904,,,,,,,,,,,,,,
5.92865,1.12E-06,-0.001692876,,,,,,,,,,,,,,
5.92875,1.11E-06,-0.001454473,,,,,,,,,,,,,,
5.92885,1.09E-06,-0.001302339,,,,,,,,,,,,,,
5.92895,1.10E-06,-0.001611039,,,,,,,,,,,,,,
5.92905,1.10E-06,-0.001770843,,,,,,,,,,,,,,
5.92915,1.11E-06,-0.001675918,,,,,,,,,,,,,,
5.92925,1.10E-06,-0.001540954,,,,,,,,,,,,,,
5.92935,1.09E-06,-0.001584581,,,,,,,,,,,,,,
5.92945,1.11E-06,-0.001494652,,,,,,,,,,,,,,
5.92955,1.09E-06,-0.001416263,,,,,,,,,,,,,,
5.92965,1.09E-06,-0.001562978,,,,,,,,,,,,,,
5.92975,1.11E-06,-0.001453347,,,,,,,,,,,,,,
5.92985,1.09E-06,-0.001646363,,,,,,,,,,,,,,
5.92995,1.11E-06,-0.001769506,,,,,,,,,,,,,,
5.93005,1.11E-06,-0.001956471,,,,,,,,,,,,,,
5.93015,1.10E-06,-0.002021842,,,,,,,,,,,,,,
5.93025,1.09E-06,-0.001272503,,,,,,,,,,,,,,
5.93035,1.10E-06,-0.001240486,,,,,,,,,,,,,,
5.93045,1.07E-06,-0.001506403,,,,,,,,,,,,,,
5.93055,1.10E-06,-0.001305857,,,,,,,,,,,,,,
5.93065,1.09E-06,-0.001512033,,,,,,,,,,,,,,
5.93075,1.09E-06,-0.00152301,,,,,,,,,,,,,,
5.93085,1.08E-06,-0.001484378,,,,,,,,,,,,,,
5.93095,1.07E-06,-0.001354551,,,,,,,,,,,,,,
5.93105,1.11E-06,-0.001627364,,,,,,,,,,,,,,
5.93115,1.11E-06,-0.001760499,,,,,,,,,,,,,,
5.93125,1.08E-06,-0.001647489,,,,,,,,,,,,,,
5.93135,1.10E-06,-0.001291784,,,,,,,,,,,,,,
5.93145,1.08E-06,-0.001424285,,,,,,,,,,,,,,
5.93155,1.09E-06,-0.001648545,,,,,,,,,,,,,,
5.93165,1.07E-06,-0.001520406,,,,,,,,,,,,,,
5.93175,1.06E-06,-0.001887511,,,,,,,,,,,,,,
5.93185,1.07E-06,-0.001675777,,,,,,,,,,,,,,
5.93195,1.07E-06,-0.001327671,,,,,,,,,,,,,,
5.93205,1.07E-06,-0.001595066,,,,,,,,,,,,,,
5.93215,1.09E-06,-0.00150197,,,,,,,,,,,,,,
5.93225,1.11E-06,-0.001257937,,,,,,,,,,,,,,
5.93235,1.08E-06,-0.001289321,,,,,,,,,,,,,,
5.93245,1.12E-06,-0.001345544,,,,,,,,,,,,,,
5.93255,1.09E-06,-0.001405356,,,,,,,,,,,,,,
5.93265,1.08E-06,-0.001434699,,,,,,,,,,,,,,
5.93275,1.10E-06,-0.001127829,,,,,,,,,,,,,,
5.93285,1.10E-06,-0.001274755,,,,,,,,,,,,,,
5.93295,1.08E-06,-0.00135807,,,,,,,,,,,,,,
5.93305,1.08E-06,-0.001418304,,,,,,,,,,,,,,
5.93315,1.10E-06,-0.00149226,,,,,,,,,,,,,,
5.93325,1.09E-06,-0.001320564,,,,,,,,,,,,,,
5.93335,1.07E-06,-0.001539898,,,,,,,,,,,,,,
5.93345,1.06E-06,-0.001507107,,,,,,,,,,,,,,
5.93355,1.06E-06,-0.00151731,,,,,,,,,,,,,,
5.93365,1.06E-06,-0.001501618,,,,,,,,,,,,,,
5.93375,1.06E-06,-0.001484871,,,,,,,,,,,,,,
5.93385,1.08E-06,-0.001337382,,,,,,,,,,,,,,
5.93395,1.08E-06,-0.001394872,,,,,,,,,,,,,,
5.93405,1.10E-06,-0.001320916,,,,,,,,,,,,,,
5.93415,1.12E-06,-0.001234083,,,,,,,,,,,,,,
5.93425,1.09E-06,-0.00142724,,,,,,,,,,,,,,
5.93435,1.10E-06,-0.001102356,,,,,,,,,,,,,,
5.93445,1.08E-06,-0.001224232,,,,,,,,,,,,,,
5.93455,1.08E-06,-0.001134373,,,,,,,,,,,,,,
5.93465,1.09E-06,-0.001073787,,,,,,,,,,,,,,
5.93475,1.11E-06,-0.001226483,,,,,,,,,,,,,,
5.93485,1.12E-06,-0.001360955,,,,,,,,,,,,,,
5.93495,1.10E-06,-0.001198196,,,,,,,,,,,,,,
5.93505,1.08E-06,-0.001290658,,,,,,,,,,,,,,
5.93515,1.11E-06,-0.001356662,,,,,,,,,,,,,,
5.93525,1.08E-06,-0.00132563,,,,,,,,,,,,,,
5.93535,1.04E-06,-0.001322534,,,,,,,,,,,,,,
5.93545,1.08E-06,-0.001358844,,,,,,,,,,,,,,
5.93555,1.11E-06,-0.001274263,,,,,,,,,,,,,,
5.93565,1.10E-06,-0.001218462,,,,,,,,,,,,,,
5.93575,1.08E-06,-0.001187078,,,,,,,,,,,,,,
5.93585,1.09E-06,-0.00127961,,,,,,,,,,,,,,
5.93595,1.10E-06,-0.001045922,,,,,,,,,,,,,,
5.93605,1.10E-06,-0.001215928,,,,,,,,,,,,,,
5.93615,1.09E-06,-0.001496693,,,,,,,,,,,,,,
5.93625,1.11E-06,-0.001407678,,,,,,,,,,,,,,
5.93635,1.09E-06,-0.001549187,,,,,,,,,,,,,,
5.93645,1.08E-06,-0.001305365,,,,,,,,,,,,,,
5.93655,1.11E-06,-0.001217617,,,,,,,,,,,,,,
5.93665,1.09E-06,-0.001239572,,,,,,,,,,,,,,
5.93675,1.08E-06,-0.00127384,,,,,,,,,,,,,,
5.93685,1.08E-06,-0.001199955,,,,,,,,,,,,,,
5.93695,1.08E-06,-0.001239501,,,,,,,,,,,,,,
5.93705,1.06E-06,-0.001310009,,,,,,,,,,,,,,
5.93715,1.08E-06,-0.001289884,,,,,,,,,,,,,,
5.93725,1.06E-06,-0.001543416,,,,,,,,,,,,,,
5.93735,1.07E-06,-0.001395786,,,,,,,,,,,,,,
5.93745,1.09E-06,-0.001246186,,,,,,,,,,,,,,
5.93755,1.09E-06,-0.001167727,,,,,,,,,,,,,,
5.93765,1.09E-06,-0.001029174,,,,,,,,,,,,,,
5.93775,1.08E-06,-0.001200729,,,,,,,,,,,,,,
5.93785,1.10E-06,-0.001288969,,,,,,,,,,,,,,
5.93795,1.12E-06,-0.001345896,,,,,,,,,,,,,,
5.93805,1.09E-06,-0.000984421,,,,,,,,,,,,,,
5.93815,1.10E-06,-0.001169979,,,,,,,,,,,,,,
5.93825,1.12E-06,-0.001064991,,,,,,,,,,,,,,
5.93835,1.13E-06,-0.001111785,,,,,,,,,,,,,,
5.93845,1.15E-06,-0.000954444,,,,,,,,,,,,,,
5.93855,1.10E-06,-0.001035507,,,,,,,,,,,,,,
5.93865,1.12E-06,-0.001069495,,,,,,,,,,,,,,
5.93875,1.13E-06,-0.001026852,,,,,,,,,,,,,,
5.93885,1.11E-06,-0.001047188,,,,,,,,,,,,,,
5.93895,1.13E-06,-0.001230213,,,,,,,,,,,,,,
5.93905,1.13E-06,-0.001404371,,,,,,,,,,,,,,
5.93915,1.12E-06,-0.00112424,,,,,,,,,,,,,,
5.93925,1.11E-06,-0.001333089,,,,,,,,,,,,,,
5.93935,1.11E-06,-0.001288195,,,,,,,,,,,,,,
5.93945,1.07E-06,-0.001607661,,,,,,,,,,,,,,
5.93955,1.09E-06,-0.001552353,,,,,,,,,,,,,,
5.93965,1.08E-06,-0.001880826,,,,,,,,,,,,,,
5.93975,1.09E-06,-0.001521673,,,,,,,,,,,,,,
5.93985,1.10E-06,-0.001367428,,,,,,,,,,,,,,
5.93995,1.11E-06,-0.0014252,,,,,,,,,,,,,,
5.94005,1.11E-06,-0.001427592,,,,,,,,,,,,,,
5.94015,1.12E-06,-0.001619624,,,,,,,,,,,,,,
5.94025,1.10E-06,-0.001402964,,,,,,,,,,,,,,
5.94035,1.12E-06,-0.001353003,,,,,,,,,,,,,,
5.94045,1.10E-06,-0.001581344,,,,,,,,,,,,,,
5.94055,1.10E-06,-0.001415137,,,,,,,,,,,,,,
5.94065,1.07E-06,-0.001418796,,,,,,,,,,,,,,
5.94075,1.10E-06,-0.001476216,,,,,,,,,,,,,,
5.94085,1.10E-06,-0.001498311,,,,,,,,,,,,,,
5.94095,1.11E-06,-0.001469953,,,,,,,,,,,,,,
5.94105,1.12E-06,-0.001769646,,,,,,,,,,,,,,
5.94115,1.12E-06,-0.001443143,,,,,,,,,,,,,,
5.94125,1.10E-06,-0.001318312,,,,,,,,,,,,,,
5.94135,1.12E-06,-0.001378687,,,,,,,,,,,,,,
5.94145,1.13E-06,-0.001362432,,,,,,,,,,,,,,
5.94155,1.13E-06,-0.001250408,,,,,,,,,,,,,,
5.94165,1.10E-06,-0.001504644,,,,,,,,,,,,,,
5.94175,1.11E-06,-0.001527232,,,,,,,,,,,,,,
5.94185,1.10E-06,-0.001501829,,,,,,,,,,,,,,
5.94195,1.10E-06,-0.001685839,,,,,,,,,,,,,,
5.94205,1.12E-06,-0.001621313,,,,,,,,,,,,,,
5.94215,1.10E-06,-0.001590562,,,,,,,,,,,,,,
5.94225,1.11E-06,-0.001481071,,,,,,,,,,,,,,
5.94235,1.11E-06,-0.001451517,,,,,,,,,,,,,,
5.94245,1.11E-06,-0.001313246,,,,,,,,,,,,,,
5.94255,1.09E-06,-0.001542994,,,,,,,,,,,,,,
5.94265,1.07E-06,-0.001561079,,,,,,,,,,,,,,
5.94275,1.08E-06,-0.001676621,,,,,,,,,,,,,,
5.94285,1.12E-06,-0.001620117,,,,,,,,,,,,,,
5.94295,1.12E-06,-0.002127392,,,,,,,,,,,,,,
5.94305,1.14E-06,-0.001843813,,,,,,,,,,,,,,
5.94315,1.13E-06,-0.002045274,,,,,,,,,,,,,,
5.94325,1.11E-06,-0.001700335,,,,,,,,,,,,,,
5.94335,1.07E-06,-0.00196977,,,,,,,,,,,,,,
5.94345,1.09E-06,-0.001928324,,,,,,,,,,,,,,
5.94355,1.09E-06,-0.001822351,,,,,,,,,,,,,,
5.94365,1.10E-06,-0.001747903,,,,,,,,,,,,,,
5.94375,1.10E-06,-0.001899544,,,,,,,,,,,,,,
5.94385,1.07E-06,-0.001966674,,,,,,,,,,,,,,
5.94395,1.07E-06,-0.00185859,,,,,,,,,,,,,,
5.94405,1.09E-06,-0.00182017,,,,,,,,,,,,,,
5.94415,1.10E-06,-0.001709342,,,,,,,,,,,,,,
5.94425,1.10E-06,-0.001694917,,,,,,,,,,,,,,
5.94435,1.07E-06,-0.001679999,,,,,,,,,,,,,,
5.94445,1.09E-06,-0.001690272,,,,,,,,,,,,,,
5.94455,1.08E-06,-0.001383894,,,,,,,,,,,,,,
5.94465,1.06E-06,-0.001427452,,,,,,,,,,,,,,
5.94475,1.08E-06,-0.001451517,,,,,,,,,,,,,,
5.94485,1.08E-06,-0.001334075,,,,,,,,,,,,,,
5.94495,1.06E-06,-0.00154602,,,,,,,,,,,,,,
5.94505,1.08E-06,-0.001495426,,,,,,,,,,,,,,
5.94515,1.06E-06,-0.001422667,,,,,,,,,,,,,,
5.94525,1.05E-06,-0.001453839,,,,,,,,,,,,,,
5.94535,1.07E-06,-0.001567904,,,,,,,,,,,,,,
5.94545,1.09E-06,-0.001738052,,,,,,,,,,,,,,
5.94555,1.08E-06,-0.001681265,,,,,,,,,,,,,,
5.94565,1.09E-06,-0.001545879,,,,,,,,,,,,,,
5.94575,1.10E-06,-0.001306983,,,,,,,,,,,,,,
5.94585,1.12E-06,-0.001266452,,,,,,,,,,,,,,
5.94595,1.10E-06,-0.0014328,,,,,,,,,,,,,,
5.94605,1.09E-06,-0.001211073,,,,,,,,,,,,,,
5.94615,1.11E-06,-0.00148656,,,,,,,,,,,,,,
5.94625,1.10E-06,-0.001743962,,,,,,,,,,,,,,
5.94635,1.09E-06,-0.001724049,,,,,,,,,,,,,,
5.94645,1.08E-06,-0.001545809,,,,,,,,,,,,,,
5.94655,1.09E-06,-0.001414434,,,,,,,,,,,,,,
5.94665,1.07E-06,-0.001392972,,,,,,,,,,,,,,
5.94675,1.10E-06,-0.001720741,,,,,,,,,,,,,,
5.94685,1.10E-06,-0.001857183,,,,,,,,,,,,,,
5.94695,1.14E-06,-0.001543768,,,,,,,,,,,,,,
5.94705,1.11E-06,-0.001424496,,,,,,,,,,,,,,
5.94715,1.11E-06,-0.001228594,,,,,,,,,,,,,,
5.94725,1.09E-06,-0.001078924,,,,,,,,,,,,,,
5.94735,1.11E-06,-0.001178775,,,,,,,,,,,,,,
5.94745,1.10E-06,-0.001328375,,,,,,,,,,,,,,
5.94755,1.13E-06,-0.001399938,,,,,,,,,,,,,,
5.94765,1.09E-06,-0.001223387,,,,,,,,,,,,,,
5.94775,1.12E-06,-0.001114459,,,,,,,,,,,,,,
5.94785,1.12E-06,-0.001086171,,,,,,,,,,,,,,
5.94795,1.13E-06,-0.001056125,,,,,,,,,,,,,,
5.94805,1.12E-06,-0.001432166,,,,,,,,,,,,,,
5.94815,1.10E-06,-0.001410423,,,,,,,,,,,,,,
5.94825,1.12E-06,-0.001360744,,,,,,,,,,,,,,
5.94835,1.12E-06,-0.001171316,,,,,,,,,,,,,,
5.94845,1.10E-06,-0.000949519,,,,,,,,,,,,,,
5.94855,1.12E-06,-0.001150276,,,,,,,,,,,,,,
5.94865,1.14E-06,-0.00138889,,,,,,,,,,,,,,
5.94875,1.12E-06,-0.001558123,,,,,,,,,,,,,,
5.94885,1.12E-06,-0.001596966,,,,,,,,,,,,,,
5.94895,1.13E-06,-0.001344419,,,,,,,,,,,,,,
5.94905,1.11E-06,-0.001591407,,,,,,,,,,,,,,
5.94915,1.12E-06,-0.001422807,,,,,,,,,,,,,,
5.94925,1.12E-06,-0.001445747,,,,,,,,,,,,,,
5.94935,1.10E-06,-0.001212199,,,,,,,,,,,,,,
5.94945,1.13E-06,-0.001355325,,,,,,,,,,,,,,
5.94955,1.13E-06,-0.00116829,,,,,,,,,,,,,,
5.94965,1.15E-06,-0.001458272,,,,,,,,,,,,,,
5.94975,1.14E-06,-0.001497467,,,,,,,,,,,,,,
5.94985,1.12E-06,-0.001239712,,,,,,,,,,,,,,
5.94995,1.12E-06,-0.001380587,,,,,,,,,,,,,,
5.95005,1.10E-06,-0.001163434,,,,,,,,,,,,,,
5.95015,1.12E-06,-0.001318946,,,,,,,,,,,,,,
5.95025,1.11E-06,-0.001182997,,,,,,,,,,,,,,
5.95035,1.13E-06,-0.001321197,,,,,,,,,,,,,,
5.95045,1.12E-06,-0.001138806,,,,,,,,,,,,,,
5.95055,1.13E-06,-0.001582892,,,,,,,,,,,,,,
5.95065,1.13E-06,-0.001577967,,,,,,,,,,,,,,
5.95075,1.11E-06,-0.001654033,,,,,,,,,,,,,,
5.95085,1.13E-06,-0.001430829,,,,,,,,,,,,,,
5.95095,1.13E-06,-0.001580922,,,,,,,,,,,,,,
5.95105,1.13E-06,-0.001450884,,,,,,,,,,,,,,
5.95115,1.14E-06,-0.001102708,,,,,,,,,,,,,,
5.95125,1.13E-06,-0.001369188,,,,,,,,,,,,,,
5.95135,1.15E-06,-0.001467068,,,,,,,,,,,,,,
5.95145,1.12E-06,-0.001428226,,,,,,,,,,,,,,
5.95155,1.11E-06,-0.001614628,,,,,,,,,,,,,,
5.95165,1.12E-06,-0.00146932,,,,,,,,,,,,,,
5.95175,1.11E-06,-0.001490078,,,,,,,,,,,,,,
5.95185,1.08E-06,-0.001382276,,,,,,,,,,,,,,
5.95195,1.12E-06,-0.001484871,,,,,,,,,,,,,,
5.95205,1.12E-06,-0.001345193,,,,,,,,,,,,,,
5.95215,1.16E-06,-0.001412674,,,,,,,,,,,,,,
5.95225,1.15E-06,-0.001519703,,,,,,,,,,,,,,
5.95235,1.15E-06,-0.001753321,,,,,,,,,,,,,,
5.95245,1.13E-06,-0.001684643,,,,,,,,,,,,,,
5.95255,1.17E-06,-0.00150387,,,,,,,,,,,,,,
5.95265,1.12E-06,-0.001725315,,,,,,,,,,,,,,
5.95275,1.14E-06,-0.001518295,,,,,,,,,,,,,,
5.95285,1.11E-06,-0.001364684,,,,,,,,,,,,,,
5.95295,1.14E-06,-0.001323801,,,,,,,,,,,,,,
5.95305,1.15E-06,-0.001495848,,,,,,,,,,,,,,
5.95315,1.15E-06,-0.001348852,,,,,,,,,,,,,,
5.95325,1.09E-06,-0.001237601,,,,,,,,,,,,,,
5.95335,1.13E-06,-0.001466505,,,,,,,,,,,,,,
5.95345,1.15E-06,-0.00122775,,,,,,,,,,,,,,
5.95355,1.12E-06,-0.001416404,,,,,,,,,,,,,,
5.95365,1.13E-06,-0.001439062,,,,,,,,,,,,,,
5.95375,1.11E-06,-0.001355114,,,,,,,,,,,,,,
5.95385,1.12E-06,-0.001401345,,,,,,,,,,,,,,
5.95395,1.10E-06,-0.001508655,,,,,,,,,,,,,,
5.95405,1.12E-06,-0.001383261,,,,,,,,,,,,,,
5.95415,1.13E-06,-0.001283973,,,,,,,,,,,,,,
5.95425,1.12E-06,-0.001220221,,,,,,,,,,,,,,
5.95435,1.13E-06,-0.001375802,,,,,,,,,,,,,,
5.95445,1.13E-06,-0.001670429,,,,,,,,,,,,,,
5.95455,1.12E-06,-0.001559812,,,,,,,,,,,,,,
5.95465,1.14E-06,-0.00139832,,,,,,,,,,,,,,
5.95475,1.13E-06,-0.001423018,,,,,,,,,,,,,,
5.95485,1.13E-06,-0.001684643,,,,,,,,,,,,,,
5.95495,1.14E-06,-0.001682673,,,,,,,,,,,,,,
5.95505,1.14E-06,-0.001580852,,,,,,,,,,,,,,
5.95515,1.14E-06,-0.001629546,,,,,,,,,,,,,,
5.95525,1.14E-06,-0.001505559,,,,,,,,,,,,,,
5.95535,1.13E-06,-0.001044585,,,,,,,,,,,,,,
5.95545,1.10E-06,-0.001103271,,,,,,,,,,,,,,
5.95555,1.11E-06,-0.001061332,,,,,,,,,,,,,,
5.95565,1.10E-06,-0.00114535,,,,,,,,,,,,,,
5.95575,1.13E-06,-0.001205444,,,,,,,,,,,,,,
5.95585,1.12E-06,-0.001270674,,,,,,,,,,,,,,
5.95595,1.11E-06,-0.001138595,,,,,,,,,,,,,,
5.95605,1.10E-06,-0.001115303,,,,,,,,,,,,,,
5.95615,1.14E-06,-0.001335623,,,,,,,,,,,,,,
5.95625,1.12E-06,-0.001348922,,,,,,,,,,,,,,
5.95635,1.13E-06,-0.001239501,,,,,,,,,,,,,,
5.95645,1.12E-06,-0.001274685,,,,,,,,,,,,,,
5.95655,1.13E-06,-0.001178071,,,,,,,,,,,,,,
5.95665,1.13E-06,-0.001404442,,,,,,,,,,,,,,
5.95675,1.15E-06,-0.001243723,,,,,,,,,,,,,,
5.95685,1.14E-06,-0.001150909,,,,,,,,,,,,,,
5.95695,1.15E-06,-0.001385091,,,,,,,,,,,,,,
5.95705,1.15E-06,-0.000940301,,,,,,,,,,,,,,
5.95715,1.12E-06,-0.001362573,,,,,,,,,,,,,,
5.95725,1.12E-06,-0.001243512,,,,,,,,,,,,,,
5.95735,1.10E-06,-0.001116359,,,,,,,,,,,,,,
5.95745,1.14E-06,-0.001306702,,,,,,,,,,,,,,
5.95755,1.14E-06,-0.001235701,,,,,,,,,,,,,,
5.95765,1.14E-06,-0.001329008,,,,,,,,,,,,,,
5.95775,1.13E-06,-0.001262652,,,,,,,,,,,,,,
5.95785,1.12E-06,-0.001214732,,,,,,,,,,,,,,
5.95795,1.13E-06,-0.001097149,,,,,,,,,,,,,,
5.95805,1.11E-06,-0.000872326,,,,,,,,,,,,,,
5.95815,1.13E-06,-0.000909972,,,,,,,,,,,,,,
5.95825,1.15E-06,-0.001266593,,,,,,,,,,,,,,
5.95835,1.13E-06,-0.00087493,,,,,,,,,,,,,,
5.95845,1.14E-06,-0.001110659,,,,,,,,,,,,,,
5.95855,1.13E-06,-0.001017353,,,,,,,,,,,,,,
5.95865,1.10E-06,-0.000973725,,,,,,,,,,,,,,
5.95875,1.09E-06,-0.000958244,,,,,,,,,,,,,,
5.95885,1.12E-06,-0.000924679,,,,,,,,,,,,,,
5.95895,1.12E-06,-0.001147391,,,,,,,,,,,,,,
5.95905,1.11E-06,-0.000984702,,,,,,,,,,,,,,
5.95915,1.12E-06,-0.001041629,,,,,,,,,,,,,,
5.95925,1.13E-06,-0.001013553,,,,,,,,,,,,,,
5.95935,1.13E-06,-0.000896392,,,,,,,,,,,,,,
5.95945,1.13E-06,-0.000769872,,,,,,,,,,,,,,
5.95955,1.12E-06,-0.001094264,,,,,,,,,,,,,,
5.95965,1.12E-06,-0.000913913,,,,,,,,,,,,,,
5.95975,1.11E-06,-0.001063232,,,,,,,,,,,,,,
5.95985,1.12E-06,-0.001412674,,,,,,,,,,,,,,
5.95995,1.13E-06,-0.001099823,,,,,,,,,,,,,,
5.96005,1.13E-06,-0.001350963,,,,,,,,,,,,,,
5.96015,1.13E-06,-0.001516395,,,,,,,,,,,,,,
5.96025,1.17E-06,-0.001581415,,,,,,,,,,,,,,
5.96035,1.15E-06,-0.001424918,,,,,,,,,,,,,,
5.96045,1.13E-06,-0.001341463,,,,,,,,,,,,,,
5.96055,1.14E-06,-0.001247382,,,,,,,,,,,,,,
5.96065,1.15E-06,-0.000953319,,,,,,,,,,,,,,
5.96075,1.13E-06,-0.001051551,,,,,,,,,,,,,,
5.96085,1.10E-06,-0.001012075,,,,,,,,,,,,,,
5.96095,1.13E-06,-0.001079276,,,,,,,,,,,,,,
5.96105,1.12E-06,-0.00117019,,,,,,,,,,,,,,
5.96115,1.11E-06,-0.001335271,,,,,,,,,,,,,,
5.96125,1.11E-06,-0.001278696,,,,,,,,,,,,,,
5.96135,1.13E-06,-0.001309657,,,,,,,,,,,,,,
5.96145,1.15E-06,-0.001289462,,,,,,,,,,,,,,
5.96155,1.13E-06,-0.00135814,,,,,,,,,,,,,,
5.96165,1.12E-06,-0.00121058,,,,,,,,,,,,,,
5.96175,1.10E-06,-0.001305506,,,,,,,,,,,,,,
5.96185,1.14E-06,-0.001334567,,,,,,,,,,,,,,
5.96195,1.15E-06,-0.00128728,,,,,,,,,,,,,,
5.96205,1.15E-06,-0.001263637,,,,,,,,,,,,,,
5.96215,1.10E-06,-0.00080597,,,,,,,,,,,,,,
5.96225,1.11E-06,-0.001068087,,,,,,,,,,,,,,
5.96235,1.13E-06,-0.001083216,,,,,,,,,,,,,,
5.96245,1.12E-06,-0.00124696,,,,,,,,,,,,,,
5.96255,1.12E-06,-0.001134303,,,,,,,,,,,,,,
5.96265,1.15E-06,-0.00124893,,,,,,,,,,,,,,
5.96275,1.16E-06,-0.001366303,,,,,,,,,,,,,,
5.96285,1.14E-06,-0.001338156,,,,,,,,,,,,,,
5.96295,1.14E-06,-0.00096317,,,,,,,,,,,,,,
5.96305,1.13E-06,-0.001290165,,,,,,,,,,,,,,
5.96315,1.11E-06,-0.001136273,,,,,,,,,,,,,,
5.96325,1.11E-06,-0.001097501,,,,,,,,,,,,,,
5.96335,1.12E-06,-0.000929886,,,,,,,,,,,,,,
5.96345,1.12E-06,-0.001281651,,,,,,,,,,,,,,
5.96355,1.11E-06,-0.001286436,,,,,,,,,,,,,,
5.96365,1.17E-06,-0.00153258,,,,,,,,,,,,,,
5.96375,1.16E-06,-0.001248297,,,,,,,,,,,,,,
5.96385,1.16E-06,-0.00155749,,,,,,,,,,,,,,
5.96395,1.13E-06,-0.001217406,,,,,,,,,,,,,,
5.96405,1.16E-06,-0.001343926,,,,,,,,,,,,,,
5.96415,1.16E-06,-0.001363277,,,,,,,,,,,,,,
5.96425,1.11E-06,-0.001229439,,,,,,,,,,,,,,
5.96435,1.11E-06,-0.001388679,,,,,,,,,,,,,,
5.96445,1.13E-06,-0.001442369,,,,,,,,,,,,,,
5.96455,1.14E-06,-0.001519703,,,,,,,,,,,,,,
5.96465,1.11E-06,-0.00138502,,,,,,,,,,,,,,
5.96475,1.14E-06,-0.001410845,,,,,,,,,,,,,,
5.96485,1.15E-06,-0.001175889,,,,,,,,,,,,,,
5.96495,1.14E-06,-0.0012642,,,,,,,,,,,,,,
5.96505,1.15E-06,-0.001040644,,,,,,,,,,,,,,
5.96515,1.17E-06,-0.001132403,,,,,,,,,,,,,,
5.96525,1.17E-06,-0.001286225,,,,,,,,,,,,,,
5.96535,1.13E-06,-0.00138502,,,,,,,,,,,,,,
5.96545,1.16E-06,-0.001219869,,,,,,,,,,,,,,
5.96555,1.12E-06,-0.00112607,,,,,,,,,,,,,,
5.96565,1.15E-06,-0.001226343,,,,,,,,,,,,,,
5.96575,1.16E-06,-0.001187781,,,,,,,,,,,,,,
5.96585,1.17E-06,-0.001286858,,,,,,,,,,,,,,
5.96595,1.14E-06,-0.001141058,,,,,,,,,,,,,,
5.96605,1.13E-06,-0.001297765,,,,,,,,,,,,,,
5.96615,1.13E-06,-0.00122205,,,,,,,,,,,,,,
5.96625,1.10E-06,-0.001237812,,,,,,,,,,,,,,
5.96635,1.14E-06,-0.001354622,,,,,,,,,,,,,,
5.96645,1.14E-06,-0.001168079,,,,,,,,,,,,,,
5.96655,1.14E-06,-0.000979847,,,,,,,,,,,,,,
5.96665,1.14E-06,-0.001183067,,,,,,,,,,,,,,
5.96675,1.13E-06,-0.001382276,,,,,,,,,,,,,,
5.96685,1.11E-06,-0.001190033,,,,,,,,,,,,,,
5.96695,1.13E-06,-0.00120664,,,,,,,,,,,,,,
5.96705,1.14E-06,-0.001066539,,,,,,,,,,,,,,
5.96715,1.15E-06,-0.001392409,,,,,,,,,,,,,,
5.96725,1.13E-06,-0.001155272,,,,,,,,,,,,,,
5.96735,1.14E-06,-0.001443636,,,,,,,,,,,,,,
5.96745,1.15E-06,-0.001616035,,,,,,,,,,,,,,
5.96755,1.15E-06,-0.001460313,,,,,,,,,,,,,,
5.96765,1.12E-06,-0.001255123,,,,,,,,,,,,,,
5.96775,1.14E-06,-0.001093912,,,,,,,,,,,,,,
5.96785,1.14E-06,-0.001038463,,,,,,,,,,,,,,
5.96795,1.14E-06,-0.001030511,,,,,,,,,,,,,,
5.96805,1.14E-06,-0.001100878,,,,,,,,,,,,,,
5.96815,1.15E-06,-0.001036422,,,,,,,,,,,,,,
5.96825,1.14E-06,-0.001097219,,,,,,,,,,,,,,
5.96835,1.13E-06,-0.001002998,,,,,,,,,,,,,,
5.96845,1.14E-06,-0.000924116,,,,,,,,,,,,,,
5.96855,1.15E-06,-0.001136625,,,,,,,,,,,,,,
5.96865,1.18E-06,-0.001054858,,,,,,,,,,,,,,
5.96875,1.17E-06,-0.001124029,,,,,,,,,,,,,,
5.96885,1.16E-06,-0.000868808,,,,,,,,,,,,,,
5.96895,1.12E-06,-0.001155061,,,,,,,,,,,,,,
5.96905,1.15E-06,-0.000832569,,,,,,,,,,,,,,
5.96915,1.15E-06,-0.000862052,,,,,,,,,,,,,,
5.96925,1.10E-06,-0.000751999,,,,,,,,,,,,,,
5.96935,1.11E-06,-0.000945649,,,,,,,,,,,,,,
5.96945,1.13E-06,-0.000957329,,,,,,,,,,,,,,
5.96955,1.13E-06,-0.000988221,,,,,,,,,,,,,,
5.96965,1.12E-06,-0.001037337,,,,,,,,,,,,,,
5.96975,1.14E-06,-0.000966829,,,,,,,,,,,,,,
5.96985,1.13E-06,-0.000847487,,,,,,,,,,,,,,
5.96995,1.11E-06,-0.000769872,,,,,,,,,,,,,,
5.97005,1.10E-06,-0.000899136,,,,,,,,,,,,,,
5.97015,1.12E-06,-0.000960074,,,,,,,,,,,,,,
5.97025,1.14E-06,-0.001010386,,,,,,,,,,,,,,
5.97035,1.15E-06,-0.000798933,,,,,,,,,,,,,,
5.97045,1.14E-06,-0.001116429,,,,,,,,,,,,,,
5.97055,1.14E-06,-0.001206781,,,,,,,,,,,,,,
5.97065,1.16E-06,-0.001140143,,,,,,,,,,,,,,
5.97075,1.16E-06,-0.001187007,,,,,,,,,,,,,,
5.97085,1.13E-06,-0.001253856,,,,,,,,,,,,,,
5.97095,1.13E-06,-0.001245764,,,,,,,,,,,,,,
5.97105,1.14E-06,-0.001172019,,,,,,,,,,,,,,
5.97115,1.13E-06,-0.001086242,,,,,,,,,,,,,,
5.97125,1.15E-06,-0.001203966,,,,,,,,,,,,,,
5.97135,1.13E-06,-0.001025374,,,,,,,,,,,,,,
5.97145,1.16E-06,-0.001123536,,,,,,,,,,,,,,
5.97155,1.14E-06,-0.001281229,,,,,,,,,,,,,,
5.97165,1.14E-06,-0.001420767,,,,,,,,,,,,,,
5.97175,1.14E-06,-0.001474738,,,,,,,,,,,,,,
5.97185,1.14E-06,-0.001293402,,,,,,,,,,,,,,
5.97195,1.15E-06,-0.001580078,,,,,,,,,,,,,,
5.97205,1.14E-06,-0.001364543,,,,,,,,,,,,,,
5.97215,1.13E-06,-0.001420415,,,,,,,,,,,,,,
5.97225,1.11E-06,-0.001229791,,,,,,,,,,,,,,
5.97235,1.14E-06,-0.001231128,,,,,,,,,,,,,,
5.97245,1.13E-06,-0.001267367,,,,,,,,,,,,,,
5.97255,1.11E-06,-0.00137531,,,,,,,,,,,,,,
5.97265,1.12E-06,-0.001255615,,,,,,,,,,,,,,
5.97275,1.15E-06,-0.001173638,,,,,,,,,,,,,,
5.97285,1.17E-06,-0.001353285,,,,,,,,,,,,,,
5.97295,1.16E-06,-0.001221558,,,,,,,,,,,,,,
5.97305,1.16E-06,-0.001382698,,,,,,,,,,,,,,
5.97315,1.15E-06,-0.001442721,,,,,,,,,,,,,,
5.97325,1.16E-06,-0.001684362,,,,,,,,,,,,,,
5.97335,1.16E-06,-0.001428014,,,,,,,,,,,,,,
5.97345,1.13E-06,-0.001311909,,,,,,,,,,,,,,
5.97355,1.12E-06,-0.001274403,,,,,,,,,,,,,,
5.97365,1.14E-06,-0.001340619,,,,,,,,,,,,,,
5.97375,1.13E-06,-0.001351666,,,,,,,,,,,,,,
5.97385,1.14E-06,-0.001241472,,,,,,,,,,,,,,
5.97395,1.13E-06,-0.001081809,,,,,,,,,,,,,,
5.97405,1.15E-06,-0.00119707,,,,,,,,,,,,,,
5.97415,1.14E-06,-0.001157946,,,,,,,,,,,,,,
5.97425,1.10E-06,-0.001420133,,,,,,,,,,,,,,
5.97435,1.11E-06,-0.001545035,,,,,,,,,,,,,,
5.97445,1.10E-06,-0.001549257,,,,,,,,,,,,,,
5.97455,1.12E-06,-0.001651359,,,,,,,,,,,,,,
5.97465,1.14E-06,-0.001482056,,,,,,,,,,,,,,
5.97475,1.11E-06,-0.001350329,,,,,,,,,,,,,,
5.97485,1.11E-06,-0.001573885,,,,,,,,,,,,,,
5.97495,1.13E-06,-0.001781116,,,,,,,,,,,,,,
5.97505,1.12E-06,-0.001312683,,,,,,,,,,,,,,
5.97515,1.12E-06,-0.001116922,,,,,,,,,,,,,,
5.97525,1.09E-06,-0.00120284,,,,,,,,,,,,,,
5.97535,1.15E-06,-0.001424074,,,,,,,,,,,,,,
5.97545,1.13E-06,-0.001350822,,,,,,,,,,,,,,
5.97555,1.13E-06,-0.001211706,,,,,,,,,,,,,,
5.97565,1.13E-06,-0.001153442,,,,,,,,,,,,,,
5.97575,1.14E-06,-0.000919753,,,,,,,,,,,,,,
5.97585,1.12E-06,-0.001161816,,,,,,,,,,,,,,
5.97595,1.14E-06,-0.001428507,,,,,,,,,,,,,,
5.97605,1.13E-06,-0.001552001,,,,,,,,,,,,,,
5.97615,1.13E-06,-0.001383331,,,,,,,,,,,,,,
5.97625,1.13E-06,-0.001240135,,,,,,,,,,,,,,
5.97635,1.09E-06,-0.001420626,,,,,,,,,,,,,,
5.97645,1.11E-06,-0.001342096,,,,,,,,,,,,,,
5.97655,1.11E-06,-0.001238375,,,,,,,,,,,,,,
5.97665,1.13E-06,-0.001405708,,,,,,,,,,,,,,
5.97675,1.11E-06,-0.001305576,,,,,,,,,,,,,,
5.97685,1.12E-06,-0.001186304,,,,,,,,,,,,,,
5.97695,1.13E-06,-0.001102286,,,,,,,,,,,,,,
5.97705,1.12E-06,-0.001197351,,,,,,,,,,,,,,
5.97715,1.12E-06,-0.001170612,,,,,,,,,,,,,,
5.97725,1.13E-06,-0.001146335,,,,,,,,,,,,,,
5.97735,1.14E-06,-0.001320494,,,,,,,,,,,,,,
5.97745,1.16E-06,-0.001179126,,,,,,,,,,,,,,
5.97755,1.16E-06,-0.001414504,,,,,,,,,,,,,,
5.97765,1.10E-06,-0.001532861,,,,,,,,,,,,,,
5.97775,1.13E-06,-0.001700968,,,,,,,,,,,,,,
5.97785,1.13E-06,-0.001615894,,,,,,,,,,,,,,
5.97795,1.14E-06,-0.00154982,,,,,,,,,,,,,,
5.97805,1.13E-06,-0.001456091,,,,,,,,,,,,,,
5.97815,1.14E-06,-0.001471501,,,,,,,,,,,,,,
5.97825,1.14E-06,-0.001566215,,,,,,,,,,,,,,
5.97835,1.12E-06,-0.001405145,,,,,,,,,,,,,,
5.97845,1.13E-06,-0.001405005,,,,,,,,,,,,,,
5.97855,1.11E-06,-0.00132739,,,,,,,,,,,,,,
5.97865,1.10E-06,-0.001276022,,,,,,,,,,,,,,
5.97875,1.14E-06,-0.001451939,,,,,,,,,,,,,,
5.97885,1.14E-06,-0.001234716,,,,,,,,,,,,,,
5.97895,1.12E-06,-0.001288125,,,,,,,,,,,,,,
5.97905,1.12E-06,-0.001335341,,,,,,,,,,,,,,
5.97915,1.13E-06,-0.001532439,,,,,,,,,,,,,,
5.97925,1.13E-06,-0.001346178,,,,,,,,,,,,,,
5.97935,1.12E-06,-0.001528639,,,,,,,,,,,,,,
5.97945,1.16E-06,-0.00170709,,,,,,,,,,,,,,
5.97955,1.17E-06,-0.001346952,,,,,,,,,,,,,,
5.97965,1.13E-06,-0.001437233,,,,,,,,,,,,,,
5.97975,1.12E-06,-0.00137538,,,,,,,,,,,,,,
5.97985,1.12E-06,-0.00148649,,,,,,,,,,,,,,
5.97995,1.14E-06,-0.00127947,,,,,,,,,,,,,,
5.98005,1.12E-06,-0.001253152,,,,,,,,,,,,,,
5.98015,1.15E-06,-0.001203122,,,,,,,,,,,,,,
5.98025,1.14E-06,-0.000954796,,,,,,,,,,,,,,
5.98035,1.13E-06,-0.001122762,,,,,,,,,,,,,,
5.98045,1.15E-06,-0.001229368,,,,,,,,,,,,,,
5.98055,1.13E-06,-0.001239501,,,,,,,,,,,,,,
5.98065,1.12E-06,-0.000958666,,,,,,,,,,,,,,
5.98075,1.12E-06,-0.001095178,,,,,,,,,,,,,,
5.98085,1.10E-06,-0.001050918,,,,,,,,,,,,,,
5.98095,1.14E-06,-0.001310642,,,,,,,,,,,,,,
5.98105,1.09E-06,-0.001075053,,,,,,,,,,,,,,
5.98115,1.13E-06,-0.001211847,,,,,,,,,,,,,,
5.98125,1.17E-06,-0.001161042,,,,,,,,,,,,,,
5.98135,1.13E-06,-0.001291362,,,,,,,,,,,,,,
5.98145,1.11E-06,-0.001274614,,,,,,,,,,,,,,
5.98155,1.13E-06,-0.001247664,,,,,,,,,,,,,,
5.98165,1.11E-06,-0.001254349,,,,,,,,,,,,,,
5.98175,1.13E-06,-0.001123325,,,,,,,,,,,,,,
5.98185,1.13E-06,-0.001397686,,,,,,,,,,,,,,
5.98195,1.10E-06,-0.001193129,,,,,,,,,,,,,,
5.98205,1.08E-06,-0.001277992,,,,,,,,,,,,,,
5.98215,1.11E-06,-0.001406764,,,,,,,,,,,,,,
5.98225,1.11E-06,-0.001346389,,,,,,,,,,,,,,
5.98235,1.11E-06,-0.001343293,,,,,,,,,,,,,,
5.98245,1.13E-06,-0.001442158,,,,,,,,,,,,,,
5.98255,1.12E-06,-0.00131015,,,,,,,,,,,,,,
5.98265,1.13E-06,-0.001317327,,,,,,,,,,,,,,
5.98275,1.16E-06,-0.001136977,,,,,,,,,,,,,,
5.98285,1.12E-06,-0.001214591,,,,,,,,,,,,,,
5.98295,1.11E-06,-0.001230002,,,,,,,,,,,,,,
5.98305,1.11E-06,-0.001336889,,,,,,,,,,,,,,
5.98315,1.10E-06,-0.001175045,,,,,,,,,,,,,,
5.98325,1.09E-06,-0.001142535,,,,,,,,,,,,,,
5.98335,1.11E-06,-0.001233239,,,,,,,,,,,,,,
5.98345,1.12E-06,-0.001345544,,,,,,,,,,,,,,
5.98355,1.11E-06,-0.001304802,,,,,,,,,,,,,,
5.98365,1.11E-06,-0.001399516,,,,,,,,,,,,,,
5.98375,1.11E-06,-0.001194888,,,,,,,,,,,,,,
5.98385,1.10E-06,-0.001028471,,,,,,,,,,,,,,
5.98395,1.13E-06,-0.001013553,,,,,,,,,,,,,,
5.98405,1.12E-06,-0.001024037,,,,,,,,,,,,,,
5.98415,1.14E-06,-0.001164138,,,,,,,,,,,,,,
5.98425,1.15E-06,-0.001002435,,,,,,,,,,,,,,
5.98435,1.14E-06,-0.001211777,,,,,,,,,,,,,,
5.98445,1.14E-06,-0.001074842,,,,,,,,,,,,,,
5.98455,1.11E-06,-0.00100159,,,,,,,,,,,,,,
5.98465,1.12E-06,-0.001711945,,,,,,,,,,,,,,
5.98475,1.11E-06,-0.001581274,,,,,,,,,,,,,,
5.98485,1.11E-06,-0.001347022,,,,,,,,,,,,,,
5.98495,1.11E-06,-0.001336678,,,,,,,,,,,,,,
5.98505,1.12E-06,-0.001400642,,,,,,,,,,,,,,
5.98515,1.10E-06,-0.001405005,,,,,,,,,,,,,,
5.98525,1.13E-06,-0.001396983,,,,,,,,,,,,,,
5.98535,1.12E-06,-0.001259556,,,,,,,,,,,,,,
5.98545,1.11E-06,-0.000972951,,,,,,,,,,,,,,
5.98555,1.10E-06,-0.001316764,,,,,,,,,,,,,,
5.98565,1.14E-06,-0.001379954,,,,,,,,,,,,,,
5.98575,1.11E-06,-0.001069776,,,,,,,,,,,,,,
5.98585,1.10E-06,-0.00117786,,,,,,,,,,,,,,
5.98595,1.10E-06,-0.001307616,,,,,,,,,,,,,,
5.98605,1.13E-06,-0.001410493,,,,,,,,,,,,,,
5.98615,1.13E-06,-0.001214099,,,,,,,,,,,,,,
5.98625,1.14E-06,-0.001048455,,,,,,,,,,,,,,
5.98635,1.11E-06,-0.001019815,,,,,,,,,,,,,,
5.98645,1.11E-06,-0.001330415,,,,,,,,,,,,,,
5.98655,1.12E-06,-0.001477131,,,,,,,,,,,,,,
5.98665,1.09E-06,-0.001310502,,,,,,,,,,,,,,
5.98675,1.10E-06,-0.0012661,,,,,,,,,,,,,,
5.98685,1.10E-06,-0.001401697,,,,,,,,,,,,,,
5.98695,1.11E-06,-0.001426537,,,,,,,,,,,,,,
5.98705,1.11E-06,-0.001523221,,,,,,,,,,,,,,
5.98715,1.10E-06,-0.001375873,,,,,,,,,,,,,,
5.98725,1.10E-06,-0.001391987,,,,,,,,,,,,,,
5.98735,1.11E-06,-0.001311979,,,,,,,,,,,,,,
5.98745,1.13E-06,-0.001051762,,,,,,,,,,,,,,
5.98755,1.12E-06,-0.001157876,,,,,,,,,,,,,,
5.98765,1.12E-06,-0.001091871,,,,,,,,,,,,,,
5.98775,1.12E-06,-0.001033467,,,,,,,,,,,,,,
5.98785,1.11E-06,-0.001072168,,,,,,,,,,,,,,
5.98795,1.10E-06,-0.001006586,,,,,,,,,,,,,,
5.98805,1.11E-06,-0.00107625,,,,,,,,,,,,,,
5.98815,1.08E-06,-0.001055843,,,,,,,,,,,,,,
5.98825,1.07E-06,-0.001132051,,,,,,,,,,,,,,
5.98835,1.07E-06,-0.001272855,,,,,,,,,,,,,,
5.98845,1.13E-06,-0.00126237,,,,,,,,,,,,,,
5.98855,1.13E-06,-0.001139087,,,,,,,,,,,,,,
5.98865,1.11E-06,-0.00099385,,,,,,,,,,,,,,
5.98875,1.10E-06,-0.00114528,,,,,,,,,,,,,,
5.98885,1.10E-06,-0.000924046,,,,,,,,,,,,,,
5.98895,1.08E-06,-0.001054858,,,,,,,,,,,,,,
5.98905,1.10E-06,-0.000940371,,,,,,,,,,,,,,
5.98915,1.11E-06,-0.000822788,,,,,,,,,,,,,,
5.98925,1.08E-06,-0.000808996,,,,,,,,,,,,,,
5.98935,1.11E-06,-0.000783875,,,,,,,,,,,,,,
5.98945,1.14E-06,-0.001021645,,,,,,,,,,,,,,
5.98955,1.12E-06,-0.000894351,,,,,,,,,,,,,,
5.98965,1.08E-06,-0.001130503,,,,,,,,,,,,,,
5.98975,1.11E-06,-0.001079276,,,,,,,,,,,,,,
5.98985,1.12E-06,-0.001120722,,,,,,,,,,,,,,
5.98995,1.11E-06,-0.00084615,,,,,,,,,,,,,,
5.99005,1.10E-06,-0.001161675,,,,,,,,,,,,,,
5.99015,1.10E-06,-0.00093052,,,,,,,,,,,,,,
5.99025,1.09E-06,-0.001205725,,,,,,,,,,,,,,
5.99035,1.08E-06,-0.001084412,,,,,,,,,,,,,,
5.99045,1.09E-06,-0.001065695,,,,,,,,,,,,,,
5.99055,1.06E-06,-0.001220221,,,,,,,,,,,,,,
5.99065,1.06E-06,-0.001369962,,,,,,,,,,,,,,
5.99075,1.07E-06,-0.001426466,,,,,,,,,,,,,,
5.99085,1.06E-06,-0.00090955,,,,,,,,,,,,,,
5.99095,1.07E-06,-0.000964225,,,,,,,,,,,,,,
5.99105,1.11E-06,-0.000911239,,,,,,,,,,,,,,
5.99115,1.09E-06,-0.001075476,,,,,,,,,,,,,,
5.99125,1.08E-06,-0.00128334,,,,,,,,,,,,,,
5.99135,1.07E-06,-0.001564597,,,,,,,,,,,,,,
5.99145,1.09E-06,-0.001326475,,,,,,,,,,,,,,
5.99155,1.08E-06,-0.001319157,,,,,,,,,,,,,,
5.99165,1.10E-06,-0.001244568,,,,,,,,,,,,,,
5.99175,1.12E-06,-0.000953952,,,,,,,,,,,,,,
5.99185,1.13E-06,-0.001083498,,,,,,,,,,,,,,
5.99195,1.12E-06,-0.00115675,,,,,,,,,,,,,,
5.99205,1.13E-06,-0.001205936,,,,,,,,,,,,,,
5.99215,1.11E-06,-0.001271166,,,,,,,,,,,,,,
5.99225,1.10E-06,-0.001131347,,,,,,,,,,,,,,
5.99235,1.08E-06,-0.000929816,,,,,,,,,,,,,,
5.99245,1.11E-06,-0.000808011,,,,,,,,,,,,,,
5.99255,1.11E-06,-0.001006305,,,,,,,,,,,,,,
5.99265,1.10E-06,-0.001077376,,,,,,,,,,,,,,
5.99275,1.11E-06,-0.001018549,,,,,,,,,,,,,,
5.99285,1.13E-06,-0.00107632,,,,,,,,,,,,,,
5.99295,1.14E-06,-0.001018408,,,,,,,,,,,,,,
5.99305,1.10E-06,-0.001245553,,,,,,,,,,,,,,
5.99315,1.12E-06,-0.001282566,,,,,,,,,,,,,,
5.99325,1.12E-06,-0.001037548,,,,,,,,,,,,,,
5.99335,1.11E-06,-0.001329641,,,,,,,,,,,,,,
5.99345,1.15E-06,-0.001076602,,,,,,,,,,,,,,
5.99355,1.15E-06,-0.001007571,,,,,,,,,,,,,,
5.99365,1.15E-06,-0.000974006,,,,,,,,,,,,,,
5.99375,1.13E-06,-0.001109533,,,,,,,,,,,,,,
5.99385,1.13E-06,-0.001119455,,,,,,,,,,,,,,
5.99395,1.12E-06,-0.001307335,,,,,,,,,,,,,,
5.99405,1.12E-06,-0.001046414,,,,,,,,,,,,,,
5.99415,1.14E-06,-0.001217688,,,,,,,,,,,,,,
5.99425,1.13E-06,-0.001358914,,,,,,,,,,,,,,
5.99435,1.08E-06,-0.000991457,,,,,,,,,,,,,,
5.99445,1.08E-06,-0.001197422,,,,,,,,,,,,,,
5.99455,1.09E-06,-0.001081035,,,,,,,,,,,,,,
5.99465,1.09E-06,-0.001049721,,,,,,,,,,,,,,
5.99475,1.10E-06,-0.000938964,,,,,,,,,,,,,,
5.99485,1.14E-06,-0.000872748,,,,,,,,,,,,,,
5.99495,1.12E-06,-0.00107829,,,,,,,,,,,,,,
5.99505,1.13E-06,-0.000849175,,,,,,,,,,,,,,
5.99515,1.11E-06,-0.000758824,,,,,,,,,,,,,,
5.99525,1.12E-06,-0.001117414,,,,,,,,,,,,,,
5.99535,1.13E-06,-0.001242386,,,,,,,,,,,,,,
5.99545,1.11E-06,-0.000874156,,,,,,,,,,,,,,
5.99555,1.09E-06,-0.000732507,,,,,,,,,,,,,,
5.99565,1.13E-06,-0.000799918,,,,,,,,,,,,,,
5.99575,1.11E-06,-0.001149502,,,,,,,,,,,,,,
5.99585,1.10E-06,-0.001189681,,,,,,,,,,,,,,
5.99595,1.13E-06,-0.000981325,,,,,,,,,,,,,,
5.99605,1.14E-06,-0.001069283,,,,,,,,,,,,,,
5.99615,1.14E-06,-0.001461439,,,,,,,,,,,,,,
5.99625,1.12E-06,-0.001107282,,,,,,,,,,,,,,
5.99635,1.15E-06,-0.001157946,,,,,,,,,,,,,,
5.99645,1.12E-06,-0.00112417,,,,,,,,,,,,,,
5.99655,1.11E-06,-0.001082231,,,,,,,,,,,,,,
5.99665,1.12E-06,-0.000812022,,,,,,,,,,,,,,
5.99675,1.11E-06,-0.000773179,,,,,,,,,,,,,,
5.99685,1.09E-06,-0.000825391,,,,,,,,,,,,,,
5.99695,1.10E-06,-0.000849598,,,,,,,,,,,,,,
5.99705,1.06E-06,-0.000878167,,,,,,,,,,,,,,
5.99715,1.07E-06,-0.000702671,,,,,,,,,,,,,,
5.99725,1.04E-06,-0.000481015,,,,,,,,,,,,,,
5.99735,1.07E-06,-0.000791263,,,,,,,,,,,,,,
5.99745,1.04E-06,-0.001049229,,,,,,,,,,,,,,
5.99755,1.05E-06,-0.001068157,,,,,,,,,,,,,,
5.99765,1.07E-06,-0.000919824,,,,,,,,,,,,,,
5.99775,1.07E-06,-0.000984421,,,,,,,,,,,,,,
5.99785,1.06E-06,-0.001442369,,,,,,,,,,,,,,
5.99795,1.06E-06,-0.001359688,,,,,,,,,,,,,,
5.99805,1.09E-06,-0.001270392,,,,,,,,,,,,,,
5.99815,1.10E-06,-0.000910676,,,,,,,,,,,,,,
5.99825,1.08E-06,-0.001108759,,,,,,,,,,,,,,
5.99835,1.10E-06,-0.001290517,,,,,,,,,,,,,,
5.99845,1.09E-06,-0.001227468,,,,,,,,,,,,,,
5.99855,1.08E-06,-0.001190244,,,,,,,,,,,,,,
5.99865,1.07E-06,-0.001253575,,,,,,,,,,,,,,
5.99875,1.08E-06,-0.001487193,,,,,,,,,,,,,,
5.99885,1.08E-06,-0.001457358,,,,,,,,,,,,,,
5.99895,1.07E-06,-0.001546724,,,,,,,,,,,,,,
5.99905,1.10E-06,-0.001370243,,,,,,,,,,,,,,
5.99915,1.08E-06,-0.001475512,,,,,,,,,,,,,,
5.99925,1.08E-06,-0.001269759,,,,,,,,,,,,,,
5.99935,1.08E-06,-0.001256952,,,,,,,,,,,,,,
5.99945,1.08E-06,-0.00131592,,,,,,,,,,,,,,
5.99955,1.08E-06,-0.001378898,,,,,,,,,,,,,,
5.99965,1.06E-06,-0.000982662,,,,,,,,,,,,,,
5.99975,1.04E-06,-0.001095319,,,,,,,,,,,,,,
5.99985,1.09E-06,-0.001154076,,,,,,,,,,,,,,
5.99995,1.06E-06,-0.001211917,,,,,,,,,,,,,,
6.00005,1.07E-05,-9.989409447,,,,,,,,,,,,,,
6.00015,1.74E-06,-9.995967865,,,,,,,,,,,,,,
6.00025,6.24E-07,-9.996505737,,,,,,,,,,,,,,
6.00035,2.80E-07,-9.996957779,,,,,,,,,,,,,,
6.00045,1.49E-07,-9.997138023,,,,,,,,,,,,,,
6.00055,2.90E-08,-9.996993065,,,,,,,,,,,,,,
6.00065,-7.30E-09,-9.996922493,,,,,,,,,,,,,,
6.00075,-2.74E-08,-9.997097015,,,,,,,,,,,,,,
6.00085,-6.20E-08,-9.997361183,,,,,,,,,,,,,,
6.00095,-1.03E-07,-9.997422218,,,,,,,,,,,,,,
6.00105,-1.07E-05,-0.01907536,,,,,,,,,,,,,,
6.00115,-1.48E-06,-0.002783213,,,,,,,,,,,,,,
6.00125,5.59E-08,-0.002339056,,,,,,,,,,,,,,
6.00135,7.29E-07,-0.002007909,,,,,,,,,,,,,,
6.00145,1.10E-06,-0.00177999,,,,,,,,,,,,,,
6.00155,1.26E-06,-0.001344278,,,,,,,,,,,,,,
6.00165,1.36E-06,-0.00134477,,,,,,,,,,,,,,
6.00175,1.45E-06,-0.001614065,,,,,,,,,,,,,,
6.00185,1.48E-06,-0.001709975,,,,,,,,,,,,,,
6.00195,1.49E-06,-0.001882163,,,,,,,,,,,,,,
6.00205,1.08E-05,-9.969754219,,,,,,,,,,,,,,
6.00215,1.72E-06,-9.99625206,,,,,,,,,,,,,,
6.00225,6.32E-07,-9.99679184,,,,,,,,,,,,,,
6.00235,2.44E-07,-9.997216225,,,,,,,,,,,,,,
6.00245,7.85E-08,-9.997466087,,,,,,,,,,,,,,
6.00255,8.50E-09,-9.997691154,,,,,,,,,,,,,,
6.00265,-4.71E-08,-9.997607231,,,,,,,,,,,,,,
6.00275,-5.51E-08,-9.997409821,,,,,,,,,,,,,,
6.00285,-4.74E-08,-9.997423172,,,,,,,,,,,,,,
6.00295,-7.61E-08,-9.997566223,,,,,,,,,,,,,,
6.00305,-1.07E-05,-0.039119549,,,,,,,,,,,,,,
6.00315,-1.40E-06,-0.002873916,,,,,,,,,,,,,,
6.00325,1.78E-07,-0.002352708,,,,,,,,,,,,,,
6.00335,8.67E-07,-0.002080387,,,,,,,,,,,,,,
6.00345,1.21E-06,-0.001958441,,,,,,,,,,,,,,
6.00355,1.40E-06,-0.001912703,,,,,,,,,,,,,,
6.00365,1.51E-06,-0.001949504,,,,,,,,,,,,,,
6.00375,1.59E-06,-0.001778583,,,,,,,,,,,,,,
6.00385,1.67E-06,-0.001662618,,,,,,,,,,,,,,
6.00395,1.66E-06,-0.00139065,,,,,,,,,,,,,,
6.00405,1.08E-05,-9.94959259,,,,,,,,,,,,,,
6.00415,1.73E-06,-9.99607563,,,,,,,,,,,,,,
6.00425,6.58E-07,-9.996817589,,,,,,,,,,,,,,
6.00435,2.61E-07,-9.996593475,,,,,,,,,,,,,,
6.00445,1.29E-07,-9.996951103,,,,,,,,,,,,,,
6.00455,3.78E-08,-9.996970177,,,,,,,,,,,,,,
6.00465,-4.82E-08,-9.996935844,,,,,,,,,,,,,,
6.00475,-7.46E-08,-9.997010231,,,,,,,,,,,,,,
6.00485,-7.99E-08,-9.996945381,,,,,,,,,,,,,,
6.00495,-9.59E-08,-9.996955872,,,,,,,,,,,,,,
6.00505,-1.07E-05,-0.059084576,,,,,,,,,,,,,,
6.00515,-1.37E-06,-0.002269463,,,,,,,,,,,,,,
6.00525,2.35E-07,-0.001765987,,,,,,,,,,,,,,
6.00535,9.28E-07,-0.001898629,,,,,,,,,,,,,,
6.00545,1.30E-06,-0.001610195,,,,,,,,,,,,,,
6.00555,1.49E-06,-0.001439062,,,,,,,,,,,,,,
6.00565,1.58E-06,-0.001457006,,,,,,,,,,,,,,
6.00575,1.65E-06,-0.001655441,,,,,,,,,,,,,,
6.00585,1.73E-06,-0.001699209,,,,,,,,,,,,,,
6.00595,1.76E-06,-0.00168598,,,,,,,,,,,,,,
6.00605,1.08E-05,-9.930034637,,,,,,,,,,,,,,
6.00615,1.70E-06,-9.99646759,,,,,,,,,,,,,,
6.00625,6.19E-07,-9.996790886,,,,,,,,,,,,,,
6.00635,2.28E-07,-9.996918678,,,,,,,,,,,,,,
6.00645,6.61E-08,-9.9971838,,,,,,,,,,,,,,
6.00655,-1.79E-08,-9.997097969,,,,,,,,,,,,,,
6.00665,-5.07E-08,-9.997112274,,,,,,,,,,,,,,
6.00675,-9.82E-08,-9.997450829,,,,,,,,,,,,,,
6.00685,-1.18E-07,-9.997462273,,,,,,,,,,,,,,
6.00695,-1.10E-07,-9.997444153,,,,,,,,,,,,,,
6.00705,-1.07E-05,-0.078931384,,,,,,,,,,,,,,
6.00715,-1.34E-06,-0.002473035,,,,,,,,,,,,,,
6.00725,2.88E-07,-0.00179709,,,,,,,,,,,,,,
6.00735,1.01E-06,-0.001791108,,,,,,,,,,,,,,
6.00745,1.39E-06,-0.00163609,,,,,,,,,,,,,,
6.00755,1.56E-06,-0.001772813,,,,,,,,,,,,,,
6.00765,1.71E-06,-0.001961819,,,,,,,,,,,,,,
6.00775,1.74E-06,-0.001559531,,,,,,,,,,,,,,
6.00785,1.80E-06,-0.001680562,,,,,,,,,,,,,,
6.00795,1.83E-06,-0.001700757,,,,,,,,,,,,,,
6.00805,1.08E-05,-9.909757614,,,,,,,,,,,,,,
6.00815,1.72E-06,-9.996165276,,,,,,,,,,,,,,
6.00825,6.30E-07,-9.996538162,,,,,,,,,,,,,,
6.00835,2.77E-07,-9.996621132,,,,,,,,,,,,,,
6.00845,7.85E-08,-9.996678352,,,,,,,,,,,,,,
6.00855,9.53E-10,-9.997013092,,,,,,,,,,,,,,
6.00865,-2.62E-08,-9.997035027,,,,,,,,,,,,,,
6.00875,-3.78E-08,-9.997153282,,,,,,,,,,,,,,
6.00885,-6.75E-08,-9.99733448,,,,,,,,,,,,,,
6.00895,-1.16E-07,-9.997306824,,,,,,,,,,,,,,
6.00905,-1.06E-05,-0.098898798,,,,,,,,,,,,,,
6.00915,-1.28E-06,-0.002237376,,,,,,,,,,,,,,
6.00925,3.66E-07,-0.001826996,,,,,,,,,,,,,,
6.00935,1.10E-06,-0.001727567,,,,,,,,,,,,,,
6.00945,1.44E-06,-0.001563612,,,,,,,,,,,,,,
6.00955,1.66E-06,-0.001346248,,,,,,,,,,,,,,
6.00965,1.74E-06,-0.001500352,,,,,,,,,,,,,,
6.00975,1.80E-06,-0.001366162,,,,,,,,,,,,,,
6.00985,1.87E-06,-0.001270041,,,,,,,,,,,,,,
6.00995,1.89E-06,-0.001242597,,,,,,,,,,,,,,
6.01005,1.08E-05,-9.889907837,,,,,,,,,,,,,,
6.01015,1.67E-06,-9.996232986,,,,,,,,,,,,,,
6.01025,5.77E-07,-9.997055054,,,,,,,,,,,,,,
6.01035,2.39E-07,-9.997353554,,,,,,,,,,,,,,
6.01045,5.58E-08,-9.996843338,,,,,,,,,,,,,,
6.01055,-9.06E-09,-9.996857643,,,,,,,,,,,,,,
6.01065,-3.58E-08,-9.997101784,,,,,,,,,,,,,,
6.01075,-7.16E-08,-9.996840477,,,,,,,,,,,,,,
6.01085,-1.06E-07,-9.997029305,,,,,,,,,,,,,,
6.01095,-1.30E-07,-9.99725914,,,,,,,,,,,,,,
6.01105,-1.07E-05,-0.118792824,,,,,,,,,,,,,,
6.01115,-1.32E-06,-0.002146391,,,,,,,,,,,,,,
6.01125,3.70E-07,-0.001816581,,,,,,,,,,,,,,
6.01135,1.10E-06,-0.00160168,,,,,,,,,,,,,,
6.01145,1.50E-06,-0.001694565,,,,,,,,,,,,,,
6.01155,1.70E-06,-0.001308179,,,,,,,,,,,,,,
6.01165,1.82E-06,-0.001511611,,,,,,,,,,,,,,
6.01175,1.90E-06,-0.001581766,,,,,,,,,,,,,,
6.01185,1.93E-06,-0.001559038,,,,,,,,,,,,,,
6.01195,1.94E-06,-0.001579867,,,,,,,,,,,,,,
6.01205,1.08E-05,-9.869889259,,,,,,,,,,,,,,
6.01215,1.68E-06,-9.99656105,,,,,,,,,,,,,,
6.01225,5.95E-07,-9.997038841,,,,,,,,,,,,,,
6.01235,2.51E-07,-9.996935844,,,,,,,,,,,,,,
6.01245,9.67E-08,-9.997419357,,,,,,,,,,,,,,
6.01255,1.10E-08,-9.997509956,,,,,,,,,,,,,,
6.01265,-6.71E-08,-9.997488022,,,,,,,,,,,,,,
6.01275,-7.06E-08,-9.997653961,,,,,,,,,,,,,,
6.01285,-1.33E-07,-9.99762249,,,,,,,,,,,,,,
6.01295,-1.20E-07,-9.997517586,,,,,,,,,,,,,,
6.01305,-1.06E-05,-0.1387088,,,,,,,,,,,,,,
6.01315,-1.24E-06,-0.002400346,,,,,,,,,,,,,,
6.01325,4.22E-07,-0.001934798,,,,,,,,,,,,,,
6.01335,1.12E-06,-0.001710679,,,,,,,,,,,,,,
6.01345,1.49E-06,-0.001457146,,,,,,,,,,,,,,
6.01355,1.72E-06,-0.001720178,,,,,,,,,,,,,,
6.01365,1.85E-06,-0.001475723,,,,,,,,,,,,,,
6.01375,1.93E-06,-0.001434066,,,,,,,,,,,,,,
6.01385,1.98E-06,-0.00169745,,,,,,,,,,,,,,
6.01395,1.98E-06,-0.001558193,,,,,,,,,,,,,,
6.01405,1.09E-05,-9.850273132,,,,,,,,,,,,,,
6.01415,1.70E-06,-9.996715546,,,,,,,,,,,,,,
6.01425,6.22E-07,-9.997089386,,,,,,,,,,,,,,
6.01435,2.13E-07,-9.997089386,,,,,,,,,,,,,,
6.01445,1.02E-07,-9.997197151,,,,,,,,,,,,,,
6.01455,-1.08E-08,-9.997601509,,,,,,,,,,,,,,
6.01465,-5.69E-08,-9.997397423,,,,,,,,,,,,,,
6.01475,-7.44E-08,-9.997239113,,,,,,,,,,,,,,
6.01485,-7.72E-08,-9.997571945,,,,,,,,,,,,,,
6.01495,-9.92E-08,-9.997430801,,,,,,,,,,,,,,
6.01505,-1.06E-05,-0.158638641,,,,,,,,,,,,,,
6.01515,-1.21E-06,-0.00216722,,,,,,,,,,,,,,
6.01525,4.89E-07,-0.001648967,,,,,,,,,,,,,,
6.01535,1.22E-06,-0.001460735,,,,,,,,,,,,,,
6.01545,1.58E-06,-0.001301846,,,,,,,,,,,,,,
6.01555,1.79E-06,-0.001348711,,,,,,,,,,,,,,
6.01565,1.90E-06,-0.001265115,,,,,,,,,,,,,,
6.01575,1.98E-06,-0.001317046,,,,,,,,,,,,,,
6.01585,2.06E-06,-0.001506544,,,,,,,,,,,,,,
6.01595,2.07E-06,-0.001495004,,,,,,,,,,,,,,
6.01605,1.09E-05,-9.829510689,,,,,,,,,,,,,,
6.01615,1.73E-06,-9.996261597,,,,,,,,,,,,,,
6.01625,6.06E-07,-9.99676609,,,,,,,,,,,,,,
6.01635,2.34E-07,-9.996537209,,,,,,,,,,,,,,
6.01645,4.27E-08,-9.996616364,,,,,,,,,,,,,,
6.01655,8.09E-11,-9.996993065,,,,,,,,,,,,,,
6.01665,-3.50E-08,-9.997146606,,,,,,,,,,,,,,
6.01675,-9.38E-08,-9.997475624,,,,,,,,,,,,,,
6.01685,-9.24E-08,-9.997471809,,,,,,,,,,,,,,
6.01695,-7.15E-08,-9.997733116,,,,,,,,,,,,,,
6.01705,-1.06E-05,-0.178947702,,,,,,,,,,,,,,
6.01715,-1.20E-06,-0.002351089,,,,,,,,,,,,,,
6.01725,5.06E-07,-0.0017244,,,,,,,,,,,,,,
6.01735,1.25E-06,-0.001395857,,,,,,,,,,,,,,
6.01745,1.61E-06,-0.001569311,,,,,,,,,,,,,,
6.01755,1.84E-06,-0.0016591,,,,,,,,,,,,,,
6.01765,1.94E-06,-0.001536239,,,,,,,,,,,,,,
6.01775,2.05E-06,-0.001620328,,,,,,,,,,,,,,
6.01785,2.07E-06,-0.001343081,,,,,,,,,,,,,,
6.01795,2.08E-06,-0.00129108,,,,,,,,,,,,,,
6.01805,1.09E-05,-9.810131073,,,,,,,,,,,,,,
6.01815,1.75E-06,-9.996091843,,,,,,,,,,,,,,
6.01825,6.27E-07,-9.996926308,,,,,,,,,,,,,,
6.01835,2.33E-07,-9.997073174,,,,,,,,,,,,,,
6.01845,8.98E-08,-9.996944427,,,,,,,,,,,,,,
6.01855,1.53E-09,-9.997011185,,,,,,,,,,,,,,
6.01865,-4.42E-08,-9.996972084,,,,,,,,,,,,,,
6.01875,-6.09E-08,-9.996799469,,,,,,,,,,,,,,
6.01885,-9.24E-08,-9.997092247,,,,,,,,,,,,,,
6.01895,-9.19E-08,-9.997149467,,,,,,,,,,,,,,
6.01905,-1.06E-05,-0.199004486,,,,,,,,,,,,,,
6.01915,-1.21E-06,-0.002471487,,,,,,,,,,,,,,
6.01925,5.00E-07,-0.002362418,,,,,,,,,,,,,,
6.01935,1.26E-06,-0.002169401,,,,,,,,,,,,,,
6.01945,1.65E-06,-0.001983421,,,,,,,,,,,,,,
6.01955,1.85E-06,-0.001608154,,,,,,,,,,,,,,
6.01965,1.95E-06,-0.0016648,,,,,,,,,,,,,,
6.01975,2.05E-06,-0.001654948,,,,,,,,,,,,,,
6.01985,2.09E-06,-0.001705261,,,,,,,,,,,,,,
6.01995,2.14E-06,-0.001613502,,,,,,,,,,,,,,
6.02005,1.09E-05,-9.789349556,,,,,,,,,,,,,,
6.02015,1.76E-06,-9.995802879,,,,,,,,,,,,,,
6.02025,6.27E-07,-9.996468544,,,,,,,,,,,,,,
6.02035,2.78E-07,-9.996577263,,,,,,,,,,,,,,
6.02045,6.94E-08,-9.997045517,,,,,,,,,,,,,,
6.02055,-4.16E-08,-9.996920586,,,,,,,,,,,,,,
6.02065,-4.49E-08,-9.996930122,,,,,,,,,,,,,,
6.02075,-6.96E-08,-9.997136116,,,,,,,,,,,,,,
6.02085,-7.66E-08,-9.996957779,,,,,,,,,,,,,,
6.02095,-7.52E-08,-9.996937752,,,,,,,,,,,,,,
6.02105,-1.06E-05,-0.218896329,,,,,,,,,,,,,,
6.02115,-1.17E-06,-0.002637976,,,,,,,,,,,,,,
6.02125,5.27E-07,-0.002050833,,,,,,,,,,,,,,
6.02135,1.28E-06,-0.002045274,,,,,,,,,,,,,,
6.02145,1.70E-06,-0.00174741,,,,,,,,,,,,,,
6.02155,1.89E-06,-0.001450673,,,,,,,,,,,,,,
6.02165,2.02E-06,-0.001665433,,,,,,,,,,,,,,
6.02175,2.11E-06,-0.001651008,,,,,,,,,,,,,,
6.02185,2.15E-06,-0.00181827,,,,,,,,,,,,,,
6.02195,2.18E-06,-0.001770632,,,,,,,,,,,,,,
6.02205,1.09E-05,-9.769674301,,,,,,,,,,,,,,
6.02215,1.78E-06,-9.995986938,,,,,,,,,,,,,,
6.02225,6.35E-07,-9.99667263,,,,,,,,,,,,,,
6.02235,2.60E-07,-9.9969244,,,,,,,,,,,,,,
6.02245,9.83E-08,-9.996865273,,,,,,,,,,,,,,
6.02255,4.43E-09,-9.997005463,,,,,,,,,,,,,,
6.02265,-4.67E-08,-9.997005463,,,,,,,,,,,,,,
6.02275,-9.53E-08,-9.997116089,,,,,,,,,,,,,,
6.02285,-9.80E-08,-9.997327805,,,,,,,,,,,,,,
6.02295,-1.10E-07,-9.997509956,,,,,,,,,,,,,,
6.02305,-1.06E-05,-0.238941073,,,,,,,,,,,,,,
6.02315,-1.16E-06,-0.002585552,,,,,,,,,,,,,,
6.02325,5.77E-07,-0.001878997,,,,,,,,,,,,,,
6.02335,1.33E-06,-0.001832343,,,,,,,,,,,,,,
6.02345,1.72E-06,-0.001663814,,,,,,,,,,,,,,
6.02355,1.90E-06,-0.001673525,,,,,,,,,,,,,,
6.02365,2.02E-06,-0.001866331,,,,,,,,,,,,,,
6.02375,2.12E-06,-0.001826221,,,,,,,,,,,,,,
6.02385,2.16E-06,-0.001876604,,,,,,,,,,,,,,
6.02395,2.20E-06,-0.00166114,,,,,,,,,,,,,,
6.02405,1.09E-05,-9.749736786,,,,,,,,,,,,,,
6.02415,1.75E-06,-9.996070862,,,,,,,,,,,,,,
6.02425,6.13E-07,-9.996415138,,,,,,,,,,,,,,
6.02435,2.30E-07,-9.996492386,,,,,,,,,,,,,,
6.02445,8.01E-08,-9.996459961,,,,,,,,,,,,,,
6.02455,-1.88E-09,-9.996878624,,,,,,,,,,,,,,
6.02465,-3.91E-08,-9.996897697,,,,,,,,,,,,,,
6.02475,-5.43E-08,-9.997109413,,,,,,,,,,,,,,
6.02485,-7.74E-08,-9.997116089,,,,,,,,,,,,,,
6.02495,-1.15E-07,-9.99716568,,,,,,,,,,,,,,
6.02505,-1.05E-05,-0.258807927,,,,,,,,,,,,,,
6.02515,-1.13E-06,-0.002193256,,,,,,,,,,,,,,
6.02525,6.14E-07,-0.001794064,,,,,,,,,,,,,,
6.02535,1.35E-06,-0.001569523,,,,,,,,,,,,,,
6.02545,1.74E-06,-0.00170322,,,,,,,,,,,,,,
6.02555,1.94E-06,-0.001791953,,,,,,,,,,,,,,
6.02565,2.05E-06,-0.001507318,,,,,,,,,,,,,,
6.02575,2.13E-06,-0.001682954,,,,,,,,,,,,,,
6.02585,2.17E-06,-0.001662759,,,,,,,,,,,,,,
6.02595,2.21E-06,-0.001581626,,,,,,,,,,,,,,
6.02605,1.09E-05,-9.730119705,,,,,,,,,,,,,,
6.02615,1.75E-06,-9.996362686,,,,,,,,,,,,,,
6.02625,6.21E-07,-9.996866226,,,,,,,,,,,,,,
6.02635,2.32E-07,-9.996809959,,,,,,,,,,,,,,
6.02645,8.84E-08,-9.997327805,,,,,,,,,,,,,,
6.02655,1.69E-08,-9.997406006,,,,,,,,,,,,,,
6.02665,-6.55E-08,-9.997179031,,,,,,,,,,,,,,
6.02675,-1.08E-07,-9.997385979,,,,,,,,,,,,,,
6.02685,-1.06E-07,-9.997627258,,,,,,,,,,,,,,
6.02695,-1.16E-07,-9.99766922,,,,,,,,,,,,,,
6.02705,-1.06E-05,-0.279140353,,,,,,,,,,,,,,
6.02715,-1.18E-06,-0.002794824,,,,,,,,,,,,,,
6.02725,5.96E-07,-0.00233969,,,,,,,,,,,,,,
6.02735,1.36E-06,-0.002108464,,,,,,,,,,,,,,
6.02745,1.74E-06,-0.001885119,,,,,,,,,,,,,,
6.02755,1.97E-06,-0.001850991,,,,,,,,,,,,,,
6.02765,2.08E-06,-0.001610547,,,,,,,,,,,,,,
6.02775,2.17E-06,-0.001657552,,,,,,,,,,,,,,
6.02785,2.20E-06,-0.001771617,,,,,,,,,,,,,,
6.02795,2.24E-06,-0.00208292,,,,,,,,,,,,,,
6.02805,1.09E-05,-9.709897995,,,,,,,,,,,,,,
6.02815,1.77E-06,-9.996102333,,,,,,,,,,,,,,
6.02825,6.26E-07,-9.996703148,,,,,,,,,,,,,,
6.02835,2.57E-07,-9.996861458,,,,,,,,,,,,,,
6.02845,1.16E-07,-9.996985435,,,,,,,,,,,,,,
6.02855,2.31E-08,-9.997019768,,,,,,,,,,,,,,
6.02865,-1.96E-08,-9.997280121,,,,,,,,,,,,,,
6.02875,-6.74E-08,-9.997186661,,,,,,,,,,,,,,
6.02885,-5.77E-08,-9.997224808,,,,,,,,,,,,,,
6.02895,-4.84E-08,-9.997296333,,,,,,,,,,,,,,
6.02905,-1.05E-05,-0.298869729,,,,,,,,,,,,,,
6.02915,-1.12E-06,-0.002513637,,,,,,,,,,,,,,
6.02925,6.62E-07,-0.001973711,,,,,,,,,,,,,,
6.02935,1.42E-06,-0.001722571,,,,,,,,,,,,,,
6.02945,1.79E-06,-0.00142147,,,,,,,,,,,,,,
6.02955,2.02E-06,-0.001510414,,,,,,,,,,,,,,
6.02965,2.13E-06,-0.001408523,,,,,,,,,,,,,,
6.02975,2.22E-06,-0.001268281,,,,,,,,,,,,,,
6.02985,2.29E-06,-0.001422667,,,,,,,,,,,,,,
6.02995,2.29E-06,-0.001335693,,,,,,,,,,,,,,
6.03005,1.09E-05,-9.689969063,,,,,,,,,,,,,,
6.03015,1.79E-06,-9.996102333,,,,,,,,,,,,,,
6.03025,6.60E-07,-9.996354103,,,,,,,,,,,,,,
6.03035,2.68E-07,-9.996688843,,,,,,,,,,,,,,
6.03045,9.48E-08,-9.996841431,,,,,,,,,,,,,,
6.03055,1.24E-08,-9.997074127,,,,,,,,,,,,,,
6.03065,-1.80E-08,-9.997314453,,,,,,,,,,,,,,
6.03075,-3.74E-08,-9.996998787,,,,,,,,,,,,,,
6.03085,-5.86E-08,-9.996824265,,,,,,,,,,,,,,
6.03095,-5.92E-08,-9.997105598,,,,,,,,,,,,,,
6.03105,-1.05E-05,-0.318725169,,,,,,,,,,,,,,
6.03115,-1.12E-06,-0.002210074,,,,,,,,,,,,,,
6.03125,6.93E-07,-0.001494582,,,,,,,,,,,,,,
6.03135,1.46E-06,-0.001252801,,,,,,,,,,,,,,
6.03145,1.83E-06,-0.001124662,,,,,,,,,,,,,,
6.03155,2.05E-06,-0.000957681,,,,,,,,,,,,,,
6.03165,2.16E-06,-0.001285029,,,,,,,,,,,,,,
6.03175,2.23E-06,-0.001215717,,,,,,,,,,,,,,
6.03185,2.26E-06,-0.000848049,,,,,,,,,,,,,,
6.03195,2.28E-06,-0.001003279,,,,,,,,,,,,,,
6.03205,1.09E-05,-9.669286728,,,,,,,,,,,,,,
6.03215,1.75E-06,-9.995837212,,,,,,,,,,,,,,
6.03225,6.30E-07,-9.99634552,,,,,,,,,,,,,,
6.03235,2.62E-07,-9.996342659,,,,,,,,,,,,,,
6.03245,9.07E-08,-9.996589661,,,,,,,,,,,,,,
6.03255,5.30E-09,-9.996706009,,,,,,,,,,,,,,
6.03265,-3.54E-08,-9.99659729,,,,,,,,,,,,,,
6.03275,-5.93E-08,-9.99663353,,,,,,,,,,,,,,
6.03285,-8.13E-08,-9.996775627,,,,,,,,,,,,,,
6.03295,-8.02E-08,-9.996701241,,,,,,,,,,,,,,
6.03305,-1.05E-05,-0.338415712,,,,,,,,,,,,,,
6.03315,-1.09E-06,-0.001797371,,,,,,,,,,,,,,
6.03325,6.87E-07,-0.001696465,,,,,,,,,,,,,,
6.03335,1.47E-06,-0.001504222,,,,,,,,,,,,,,
6.03345,1.85E-06,-0.001527021,,,,,,,,,,,,,,
6.03355,2.06E-06,-0.001222543,,,,,,,,,,,,,,
6.03365,2.18E-06,-0.001221347,,,,,,,,,,,,,,
6.03375,2.25E-06,-0.001299947,,,,,,,,,,,,,,
6.03385,2.28E-06,-0.00130248,,,,,,,,,,,,,,
6.03395,2.33E-06,-0.001337804,,,,,,,,,,,,,,
6.03405,1.10E-05,-9.649733543,,,,,,,,,,,,,,
6.03415,1.80E-06,-9.996509552,,,,,,,,,,,,,,
6.03425,6.28E-07,-9.99668026,,,,,,,,,,,,,,
6.03435,2.75E-07,-9.996674538,,,,,,,,,,,,,,
6.03445,1.10E-07,-9.996569633,,,,,,,,,,,,,,
6.03455,-2.50E-10,-9.996462822,,,,,,,,,,,,,,
6.03465,-2.98E-08,-9.996570587,,,,,,,,,,,,,,
6.03475,-3.54E-08,-9.996754646,,,,,,,,,,,,,,
6.03485,-7.31E-08,-9.996944427,,,,,,,,,,,,,,
6.03495,-7.81E-08,-9.996567726,,,,,,,,,,,,,,
6.03505,-1.05E-05,-0.358514071,,,,,,,,,,,,,,
6.03515,-1.08E-06,-0.002251027,,,,,,,,,,,,,,
6.03525,7.04E-07,-0.001871749,,,,,,,,,,,,,,
6.03535,1.47E-06,-0.001915728,,,,,,,,,,,,,,
6.03545,1.90E-06,-0.001594714,,,,,,,,,,,,,,
6.03555,2.08E-06,-0.00123929,,,,,,,,,,,,,,
6.03565,2.19E-06,-0.001401486,,,,,,,,,,,,,,
6.03575,2.33E-06,-0.001586059,,,,,,,,,,,,,,
6.03585,2.36E-06,-0.001445888,,,,,,,,,,,,,,
6.03595,2.39E-06,-0.001505911,,,,,,,,,,,,,,
6.03605,1.10E-05,-9.630049706,,,,,,,,,,,,,,
6.03615,1.79E-06,-9.996149063,,,,,,,,,,,,,,
6.03625,6.29E-07,-9.99643898,,,,,,,,,,,,,,
6.03635,2.57E-07,-9.996359825,,,,,,,,,,,,,,
6.03645,9.03E-08,-9.996329308,,,,,,,,,,,,,,
6.03655,2.04E-09,-9.996159554,,,,,,,,,,,,,,
6.03665,-4.15E-08,-9.996296883,,,,,,,,,,,,,,
6.03675,-7.02E-08,-9.996495247,,,,,,,,,,,,,,
6.03685,-9.69E-08,-9.99684906,,,,,,,,,,,,,,
6.03695,-9.90E-08,-9.996850014,,,,,,,,,,,,,,
6.03705,-1.05E-05,-0.378401071,,,,,,,,,,,,,,
6.03715,-1.13E-06,-0.002207189,,,,,,,,,,,,,,
6.03725,6.87E-07,-0.001623705,,,,,,,,,,,,,,
6.03735,1.46E-06,-0.001401627,,,,,,,,,,,,,,
6.03745,1.84E-06,-0.001387694,,,,,,,,,,,,,,
6.03755,2.07E-06,-0.001419711,,,,,,,,,,,,,,
6.03765,2.17E-06,-0.001449195,,,,,,,,,,,,,,
6.03775,2.27E-06,-0.001573604,,,,,,,,,,,,,,
6.03785,2.31E-06,-0.001673314,,,,,,,,,,,,,,
6.03795,2.35E-06,-0.001538209,,,,,,,,,,,,,,
6.03805,1.09E-05,-9.609464645,,,,,,,,,,,,,,
6.03815,1.78E-06,-9.995932579,,,,,,,,,,,,,,
6.03825,6.32E-07,-9.99650383,,,,,,,,,,,,,,
6.03835,2.58E-07,-9.996747971,,,,,,,,,,,,,,
6.03845,7.40E-08,-9.996850967,,,,,,,,,,,,,,
6.03855,8.24E-09,-9.996671677,,,,,,,,,,,,,,
6.03865,-4.55E-08,-9.996974945,,,,,,,,,,,,,,
6.03875,-8.24E-08,-9.997027397,,,,,,,,,,,,,,
6.03885,-1.08E-07,-9.997117043,,,,,,,,,,,,,,
6.03895,-1.07E-07,-9.997234344,,,,,,,,,,,,,,
6.03905,-1.05E-05,-0.398866594,,,,,,,,,,,,,,
6.03915,-1.14E-06,-0.002368611,,,,,,,,,,,,,,
6.03925,7.05E-07,-0.001971178,,,,,,,,,,,,,,
6.03935,1.51E-06,-0.001858379,,,,,,,,,,,,,,
6.03945,1.88E-06,-0.001586903,,,,,,,,,,,,,,
6.03955,2.11E-06,-0.001813485,,,,,,,,,,,,,,
6.03965,2.25E-06,-0.001635175,,,,,,,,,,,,,,
6.03975,2.29E-06,-0.001360744,,,,,,,,,,,,,,
6.03985,2.34E-06,-0.001427803,,,,,,,,,,,,,,
6.03995,2.37E-06,-0.001391283,,,,,,,,,,,,,,
6.04005,1.09E-05,-9.589447021,,,,,,,,,,,,,,
6.04015,1.77E-06,-9.99551487,,,,,,,,,,,,,,
6.04025,6.25E-07,-9.995828629,,,,,,,,,,,,,,
6.04035,2.46E-07,-9.996148109,,,,,,,,,,,,,,
6.04045,7.12E-08,-9.996230125,,,,,,,,,,,,,,
6.04055,1.18E-08,-9.996552467,,,,,,,,,,,,,,
6.04065,-3.50E-08,-9.996801376,,,,,,,,,,,,,,
6.04075,-8.21E-08,-9.99673748,,,,,,,,,,,,,,
6.04085,-1.01E-07,-9.996910095,,,,,,,,,,,,,,
6.04095,-8.99E-08,-9.996816635,,,,,,,,,,,,,,
6.04105,-1.05E-05,-0.41851598,,,,,,,,,,,,,,
6.04115,-1.12E-06,-0.002433559,,,,,,,,,,,,,,
6.04125,7.15E-07,-0.001815948,,,,,,,,,,,,,,
6.04135,1.49E-06,-0.001702657,,,,,,,,,,,,,,
6.04145,1.87E-06,-0.001469179,,,,,,,,,,,,,,
6.04155,2.13E-06,-0.001797301,,,,,,,,,,,,,,
6.04165,2.27E-06,-0.001789912,,,,,,,,,,,,,,
6.04175,2.34E-06,-0.001740937,,,,,,,,,,,,,,
6.04185,2.38E-06,-0.001352581,,,,,,,,,,,,,,
6.04195,2.42E-06,-0.001276092,,,,,,,,,,,,,,
6.04205,1.10E-05,-9.569756508,,,,,,,,,,,,,,
6.04215,1.78E-06,-9.995928764,,,,,,,,,,,,,,
6.04225,6.18E-07,-9.99646759,,,,,,,,,,,,,,
6.04235,2.32E-07,-9.996566772,,,,,,,,,,,,,,
6.04245,5.57E-08,-9.996707916,,,,,,,,,,,,,,
6.04255,6.57E-09,-9.996886253,,,,,,,,,,,,,,
6.04265,-3.87E-08,-9.997267723,,,,,,,,,,,,,,
6.04275,-6.68E-08,-9.996951103,,,,,,,,,,,,,,
6.04285,-1.00E-07,-9.996851921,,,,,,,,,,,,,,
6.04295,-1.16E-07,-9.997010231,,,,,,,,,,,,,,
6.04305,-1.05E-05,-0.438670635,,,,,,,,,,,,,,
6.04315,-1.13E-06,-0.002146251,,,,,,,,,,,,,,
6.04325,7.38E-07,-0.001686121,,,,,,,,,,,,,,
6.04335,1.52E-06,-0.00176261,,,,,,,,,,,,,,
6.04345,1.91E-06,-0.001666277,,,,,,,,,,,,,,
6.04355,2.14E-06,-0.001554464,,,,,,,,,,,,,,
6.04365,2.31E-06,-0.001503378,,,,,,,,,,,,,,
6.04375,2.35E-06,-0.001383472,,,,,,,,,,,,,,
6.04385,2.40E-06,-0.001435051,,,,,,,,,,,,,,
6.04395,2.44E-06,-0.001537224,,,,,,,,,,,,,,
6.04405,1.10E-05,-9.549660683,,,,,,,,,,,,,,
6.04415,1.80E-06,-9.995882034,,,,,,,,,,,,,,
6.04425,6.54E-07,-9.996415138,,,,,,,,,,,,,,
6.04435,2.55E-07,-9.996590614,,,,,,,,,,,,,,
6.04445,7.90E-08,-9.996896744,,,,,,,,,,,,,,
6.04455,-7.00E-09,-9.996655464,,,,,,,,,,,,,,
6.04465,-4.49E-08,-9.99677372,,,,,,,,,,,,,,
6.04475,-5.86E-08,-9.997034073,,,,,,,,,,,,,,
6.04485,-8.78E-08,-9.996833801,,,,,,,,,,,,,,
6.04495,-1.21E-07,-9.996976852,,,,,,,,,,,,,,
6.04505,-1.05E-05,-0.4585976,,,,,,,,,,,,,,
6.04515,-1.07E-06,-0.001973289,,,,,,,,,,,,,,
6.04525,7.31E-07,-0.001921358,,,,,,,,,,,,,,
6.04535,1.53E-06,-0.001578459,,,,,,,,,,,,,,
6.04545,1.95E-06,-0.001687387,,,,,,,,,,,,,,
6.04555,2.15E-06,-0.001541235,,,,,,,,,,,,,,
6.04565,2.31E-06,-0.001566075,,,,,,,,,,,,,,
6.04575,2.38E-06,-0.001395505,,,,,,,,,,,,,,
6.04585,2.41E-06,-0.001406553,,,,,,,,,,,,,,
6.04595,2.43E-06,-0.001047329,,,,,,,,,,,,,,
6.04605,1.09E-05,-9.529624939,,,,,,,,,,,,,,
6.04615,1.83E-06,-9.995537758,,,,,,,,,,,,,,
6.04625,6.02E-07,-9.996007919,,,,,,,,,,,,,,
6.04635,2.40E-07,-9.996315956,,,,,,,,,,,,,,
6.04645,7.18E-08,-9.996649742,,,,,,,,,,,,,,
6.04655,-2.54E-08,-9.996602058,,,,,,,,,,,,,,
6.04665,-9.20E-08,-9.997016907,,,,,,,,,,,,,,
6.04675,-1.13E-07,-9.996918678,,,,,,,,,,,,,,
6.04685,-1.40E-07,-9.996880531,,,,,,,,,,,,,,
6.04695,-1.22E-07,-9.996836662,,,,,,,,,,,,,,
6.04705,-1.05E-05,-0.478327721,,,,,,,,,,,,,,
6.04715,-1.10E-06,-0.002067299,,,,,,,,,,,,,,
6.04725,7.17E-07,-0.001481001,,,,,,,,,,,,,,
6.04735,1.55E-06,-0.001438781,,,,,,,,,,,,,,
6.04745,1.93E-06,-0.001472205,,,,,,,,,,,,,,
6.04755,2.15E-06,-0.001330556,,,,,,,,,,,,,,
6.04765,2.28E-06,-0.000939175,,,,,,,,,,,,,,
6.04775,2.37E-06,-0.001091168,,,,,,,,,,,,,,
6.04785,2.44E-06,-0.000912365,,,,,,,,,,,,,,
6.04795,2.45E-06,-0.000859308,,,,,,,,,,,,,,
6.04805,1.09E-05,-9.5094347,,,,,,,,,,,,,,
6.04815,1.78E-06,-9.995453835,,,,,,,,,,,,,,
6.04825,6.28E-07,-9.995990753,,,,,,,,,,,,,,
6.04835,2.18E-07,-9.996261597,,,,,,,,,,,,,,
6.04845,5.91E-08,-9.996087074,,,,,,,,,,,,,,
6.04855,-1.48E-08,-9.996444702,,,,,,,,,,,,,,
6.04865,-7.42E-08,-9.996343613,,,,,,,,,,,,,,
6.04875,-7.96E-08,-9.996419907,,,,,,,,,,,,,,
6.04885,-1.00E-07,-9.996739388,,,,,,,,,,,,,,
6.04895,-1.21E-07,-9.996436119,,,,,,,,,,,,,,
6.04905,-1.05E-05,-0.498151541,,,,,,,,,,,,,,
6.04915,-1.08E-06,-0.002342434,,,,,,,,,,,,,,
6.04925,7.38E-07,-0.001945001,,,,,,,,,,,,,,
6.04935,1.55E-06,-0.001590422,,,,,,,,,,,,,,
6.04945,1.97E-06,-0.001310431,,,,,,,,,,,,,,
6.04955,2.18E-06,-0.001573041,,,,,,,,,,,,,,
6.04965,2.33E-06,-0.001051692,,,,,,,,,,,,,,
6.04975,2.39E-06,-0.001213254,,,,,,,,,,,,,,
6.04985,2.45E-06,-0.001184896,,,,,,,,,,,,,,
6.04995,2.45E-06,-0.00122015,,,,,,,,,,,,,,
6.05005,1.10E-05,-9.489704132,,,,,,,,,,,,,,
6.05015,1.81E-06,-9.995819092,,,,,,,,,,,,,,
6.05025,6.43E-07,-9.996185303,,,,,,,,,,,,,,
6.05035,2.34E-07,-9.996528625,,,,,,,,,,,,,,
6.05045,8.66E-08,-9.996527672,,,,,,,,,,,,,,
6.05055,-1.54E-08,-9.996746063,,,,,,,,,,,,,,
6.05065,-5.50E-08,-9.996871948,,,,,,,,,,,,,,
6.05075,-9.97E-08,-9.996983528,,,,,,,,,,,,,,
6.05085,-1.16E-07,-9.997051239,,,,,,,,,,,,,,
6.05095,-1.38E-07,-9.996864319,,,,,,,,,,,,,,
6.05105,-1.05E-05,-0.5184111,,,,,,,,,,,,,,
6.05115,-1.12E-06,-0.001801241,,,,,,,,,,,,,,
6.05125,7.62E-07,-0.001499648,,,,,,,,,,,,,,
6.05135,1.54E-06,-0.001258008,,,,,,,,,,,,,,
6.05145,1.96E-06,-0.001330064,,,,,,,,,,,,,,
6.05155,2.19E-06,-0.001071465,,,,,,,,,,,,,,
6.05165,2.32E-06,-0.001222332,,,,,,,,,,,,,,
6.05175,2.38E-06,-0.000989558,,,,,,,,,,,,,,
6.05185,2.43E-06,-0.001228102,,,,,,,,,,,,,,
6.05195,2.48E-06,-0.00096507,,,,,,,,,,,,,,
6.05205,1.10E-05,-9.46965313,,,,,,,,,,,,,,
6.05215,1.80E-06,-9.995990753,,,,,,,,,,,,,,
6.05225,6.20E-07,-9.996624947,,,,,,,,,,,,,,
6.05235,2.57E-07,-9.996952057,,,,,,,,,,,,,,
6.05245,3.64E-08,-9.996441841,,,,,,,,,,,,,,
6.05255,-1.93E-08,-9.996749878,,,,,,,,,,,,,,
6.05265,-8.86E-08,-9.997169495,,,,,,,,,,,,,,
6.05275,-1.06E-07,-9.99706459,,,,,,,,,,,,,,
6.05285,-1.11E-07,-9.996600151,,,,,,,,,,,,,,
6.05295,-1.40E-07,-9.996851921,,,,,,,,,,,,,,
6.05305,-1.05E-05,-0.537887871,,,,,,,,,,,,,,
6.05315,-1.10E-06,-0.001817285,,,,,,,,,,,,,,
6.05325,7.71E-07,-0.001330345,,,,,,,,,,,,,,
6.05335,1.56E-06,-0.001165827,,,,,,,,,,,,,,
6.05345,1.99E-06,-0.001004616,,,,,,,,,,,,,,
6.05355,2.20E-06,-0.001065272,,,,,,,,,,,,,,
6.05365,2.35E-06,-0.000893718,,,,,,,,,,,,,,
6.05375,2.45E-06,-0.000847346,,,,,,,,,,,,,,
6.05385,2.46E-06,-0.000941638,,,,,,,,,,,,,,
6.05395,2.51E-06,-0.00131205,,,,,,,,,,,,,,
6.05405,1.09E-05,-9.449768066,,,,,,,,,,,,,,
6.05415,1.82E-06,-9.99603653,,,,,,,,,,,,,,
6.05425,6.13E-07,-9.996750832,,,,,,,,,,,,,,
6.05435,2.60E-07,-9.9967556,,,,,,,,,,,,,,
6.05445,5.93E-08,-9.996735573,,,,,,,,,,,,,,
6.05455,-3.43E-08,-9.996724129,,,,,,,,,,,,,,
6.05465,-7.02E-08,-9.997002602,,,,,,,,,,,,,,
6.05475,-7.69E-08,-9.996862411,,,,,,,,,,,,,,
6.05485,-6.69E-08,-9.996794701,,,,,,,,,,,,,,
6.05495,-9.66E-08,-9.99710083,,,,,,,,,,,,,,
6.05505,-1.04E-05,-0.558426082,,,,,,,,,,,,,,
6.05515,-1.11E-06,-0.002060544,,,,,,,,,,,,,,
6.05525,7.78E-07,-0.001938668,,,,,,,,,,,,,,
6.05535,1.61E-06,-0.001972374,,,,,,,,,,,,,,
6.05545,2.00E-06,-0.001689498,,,,,,,,,,,,,,
6.05555,2.23E-06,-0.001607802,,,,,,,,,,,,,,
6.05565,2.34E-06,-0.001498874,,,,,,,,,,,,,,
6.05575,2.44E-06,-0.001341322,,,,,,,,,,,,,,
6.05585,2.47E-06,-0.001368554,,,,,,,,,,,,,,
6.05595,2.51E-06,-0.00146932,,,,,,,,,,,,,,
6.05605,1.10E-05,-9.429741859,,,,,,,,,,,,,,
6.05615,1.81E-06,-9.995909691,,,,,,,,,,,,,,
6.05625,5.99E-07,-9.996436119,,,,,,,,,,,,,,
6.05635,2.01E-07,-9.99672699,,,,,,,,,,,,,,
6.05645,6.12E-08,-9.996666908,,,,,,,,,,,,,,
6.05655,-3.79E-08,-9.996864319,,,,,,,,,,,,,,
6.05665,-7.77E-08,-9.99696064,,,,,,,,,,,,,,
6.05675,-9.38E-08,-9.997107506,,,,,,,,,,,,,,
6.05685,-1.27E-07,-9.99717617,,,,,,,,,,,,,,
6.05695,-1.28E-07,-9.996776581,,,,,,,,,,,,,,
6.05705,-1.04E-05,-0.578456342,,,,,,,,,,,,,,
6.05715,-1.09E-06,-0.002466069,,,,,,,,,,,,,,
6.05725,7.88E-07,-0.002122678,,,,,,,,,,,,,,
6.05735,1.62E-06,-0.001902077,,,,,,,,,,,,,,
6.05745,2.04E-06,-0.001672892,,,,,,,,,,,,,,
6.05755,2.20E-06,-0.00134463,,,,,,,,,,,,,,
6.05765,2.35E-06,-0.001725667,,,,,,,,,,,,,,
6.05775,2.44E-06,-0.001798356,,,,,,,,,,,,,,
6.05785,2.50E-06,-0.001948449,,,,,,,,,,,,,,
6.05795,2.51E-06,-0.001789631,,,,,,,,,,,,,,
6.05805,1.10E-05,-9.410253525,,,,,,,,,,,,,,
6.05815,1.83E-06,-9.996212006,,,,,,,,,,,,,,
6.05825,6.31E-07,-9.996704102,,,,,,,,,,,,,,
6.05835,2.63E-07,-9.996760368,,,,,,,,,,,,,,
6.05845,8.32E-08,-9.996922493,,,,,,,,,,,,,,
6.05855,6.92E-09,-9.996874809,,,,,,,,,,,,,,
6.05865,-4.30E-08,-9.996807098,,,,,,,,,,,,,,
6.05875,-9.68E-08,-9.996986389,,,,,,,,,,,,,,
6.05885,-9.35E-08,-9.99727726,,,,,,,,,,,,,,
6.05895,-9.34E-08,-9.997322083,,,,,,,,,,,,,,
6.05905,-1.04E-05,-0.598633111,,,,,,,,,,,,,,
6.05915,-1.10E-06,-0.002519407,,,,,,,,,,,,,,
6.05925,7.87E-07,-0.001900951,,,,,,,,,,,,,,
6.05935,1.59E-06,-0.001873227,,,,,,,,,,,,,,
6.05945,2.04E-06,-0.00172243,,,,,,,,,,,,,,
6.05955,2.25E-06,-0.001696605,,,,,,,,,,,,,,
6.05965,2.38E-06,-0.001518858,,,,,,,,,,,,,,
6.05975,2.47E-06,-0.001241542,,,,,,,,,,,,,,
6.05985,2.51E-06,-0.001090182,,,,,,,,,,,,,,
6.05995,2.55E-06,-0.001418585,,,,,,,,,,,,,,
6.06005,1.10E-05,-9.389824867,,,,,,,,,,,,,,
6.06015,1.84E-06,-9.996121407,,,,,,,,,,,,,,
6.06025,6.17E-07,-9.996869087,,,,,,,,,,,,,,
6.06035,2.66E-07,-9.997011185,,,,,,,,,,,,,,
6.06045,1.04E-07,-9.996790886,,,,,,,,,,,,,,
6.06055,2.54E-08,-9.996988297,,,,,,,,,,,,,,
6.06065,-4.91E-08,-9.996990204,,,,,,,,,,,,,,
6.06075,-7.72E-08,-9.99712944,,,,,,,,,,,,,,
6.06085,-9.00E-08,-9.997037888,,,,,,,,,,,,,,
6.06095,-1.09E-07,-9.996747971,,,,,,,,,,,,,,
6.06105,-1.04E-05,-0.61812079,,,,,,,,,,,,,,
6.06115,-1.08E-06,-0.002074547,,,,,,,,,,,,,,
6.06125,8.08E-07,-0.001785479,,,,,,,,,,,,,,
6.06135,1.66E-06,-0.00142724,,,,,,,,,,,,,,
6.06145,2.04E-06,-0.001210088,,,,,,,,,,,,,,
6.06155,2.26E-06,-0.001248719,,,,,,,,,,,,,,
6.06165,2.39E-06,-0.001040714,,,,,,,,,,,,,,
6.06175,2.48E-06,-0.001263708,,,,,,,,,,,,,,
6.06185,2.54E-06,-0.001204951,,,,,,,,,,,,,,
6.06195,2.56E-06,-0.001080472,,,,,,,,,,,,,,
6.06205,1.10E-05,-9.369403839,,,,,,,,,,,,,,
6.06215,1.83E-06,-9.995949745,,,,,,,,,,,,,,
6.06225,6.17E-07,-9.996312141,,,,,,,,,,,,,,
6.06235,2.58E-07,-9.996529579,,,,,,,,,,,,,,
6.06245,7.98E-08,-9.996406555,,,,,,,,,,,,,,
6.06255,3.68E-08,-9.996718407,,,,,,,,,,,,,,
6.06265,-5.04E-08,-9.996779442,,,,,,,,,,,,,,
6.06275,-6.45E-08,-9.996866226,,,,,,,,,,,,,,
6.06285,-9.12E-08,-9.996948242,,,,,,,,,,,,,,
6.06295,-1.03E-07,-9.997226715,,,,,,,,,,,,,,
6.06305,-1.04E-05,-0.638026536,,,,,,,,,,,,,,
6.06315,-1.05E-06,-0.002034367,,,,,,,,,,,,,,
6.06325,8.47E-07,-0.001661211,,,,,,,,,,,,,,
6.06335,1.62E-06,-0.001449688,,,,,,,,,,,,,,
6.06345,2.05E-06,-0.001348641,,,,,,,,,,,,,,
6.06355,2.30E-06,-0.001701531,,,,,,,,,,,,,,
6.06365,2.45E-06,-0.001678028,,,,,,,,,,,,,,
6.06375,2.50E-06,-0.001465802,,,,,,,,,,,,,,
6.06385,2.54E-06,-0.001466435,,,,,,,,,,,,,,
6.06395,2.57E-06,-0.001364332,,,,,,,,,,,,,,
6.06405,1.10E-05,-9.350378036,,,,,,,,,,,,,,
6.06415,1.83E-06,-9.996522903,,,,,,,,,,,,,,
6.06425,6.37E-07,-9.99643898,,,,,,,,,,,,,,
6.06435,2.43E-07,-9.996782303,,,,,,,,,,,,,,
6.06445,5.88E-08,-9.996873856,,,,,,,,,,,,,,
6.06455,-2.35E-08,-9.997080803,,,,,,,,,,,,,,
6.06465,-7.34E-08,-9.997105598,,,,,,,,,,,,,,
6.06475,-1.09E-07,-9.997113228,,,,,,,,,,,,,,
6.06485,-1.10E-07,-9.99738121,,,,,,,,,,,,,,
6.06495,-1.03E-07,-9.997527122,,,,,,,,,,,,,,
6.06505,-1.04E-05,-0.658402622,,,,,,,,,,,,,,
6.06515,-1.08E-06,-0.002322027,,,,,,,,,,,,,,
6.06525,8.13E-07,-0.001850076,,,,,,,,,,,,,,
6.06535,1.64E-06,-0.001991162,,,,,,,,,,,,,,
6.06545,2.04E-06,-0.001698857,,,,,,,,,,,,,,
6.06555,2.25E-06,-0.001755432,,,,,,,,,,,,,,
6.06565,2.41E-06,-0.001702587,,,,,,,,,,,,,,
6.06575,2.51E-06,-0.001499437,,,,,,,,,,,,,,
6.06585,2.53E-06,-0.001732774,,,,,,,,,,,,,,
6.06595,2.56E-06,-0.001468898,,,,,,,,,,,,,,
6.06605,1.10E-05,-9.329990387,,,,,,,,,,,,,,
6.06615,1.80E-06,-9.996090889,,,,,,,,,,,,,,
6.06625,6.23E-07,-9.99701786,,,,,,,,,,,,,,
6.06635,2.41E-07,-9.996702194,,,,,,,,,,,,,,
6.06645,9.71E-08,-9.996808052,,,,,,,,,,,,,,
6.06655,-6.40E-09,-9.997220039,,,,,,,,,,,,,,
6.06665,-3.40E-08,-9.997578621,,,,,,,,,,,,,,
6.06675,-7.94E-08,-9.997322083,,,,,,,,,,,,,,
6.06685,-1.14E-07,-9.996982574,,,,,,,,,,,,,,
6.06695,-1.20E-07,-9.997026443,,,,,,,,,,,,,,
6.06705,-1.04E-05,-0.678491533,,,,,,,,,,,,,,
6.06715,-1.08E-06,-0.002195719,,,,,,,,,,,,,,
6.06725,8.32E-07,-0.001759091,,,,,,,,,,,,,,
6.06735,1.64E-06,-0.001669162,,,,,,,,,,,,,,
6.06745,2.09E-06,-0.001697309,,,,,,,,,,,,,,
6.06755,2.29E-06,-0.001633627,,,,,,,,,,,,,,
6.06765,2.42E-06,-0.001603932,,,,,,,,,,,,,,
6.06775,2.52E-06,-0.001333793,,,,,,,,,,,,,,
6.06785,2.55E-06,-0.001418796,,,,,,,,,,,,,,
6.06795,2.61E-06,-0.001453347,,,,,,,,,,,,,,
6.06805,1.10E-05,-9.310172081,,,,,,,,,,,,,,
6.06815,1.83E-06,-9.996227264,,,,,,,,,,,,,,
6.06825,6.12E-07,-9.996640205,,,,,,,,,,,,,,
6.06835,2.56E-07,-9.996701241,,,,,,,,,,,,,,
6.06845,6.27E-08,-9.996278763,,,,,,,,,,,,,,
6.06855,-3.52E-08,-9.996939659,,,,,,,,,,,,,,
6.06865,-5.70E-08,-9.996979713,,,,,,,,,,,,,,
6.06875,-6.75E-08,-9.996864319,,,,,,,,,,,,,,
6.06885,-7.07E-08,-9.997076035,,,,,,,,,,,,,,
6.06895,-9.79E-08,-9.997232437,,,,,,,,,,,,,,
6.06905,-1.03E-05,-0.698371947,,,,,,,,,,,,,,
6.06915,-1.02E-06,-0.002283467,,,,,,,,,,,,,,
6.06925,8.70E-07,-0.002019238,,,,,,,,,,,,,,
6.06935,1.71E-06,-0.001822844,,,,,,,,,,,,,,
6.06945,2.12E-06,-0.001689639,,,,,,,,,,,,,,
6.06955,2.36E-06,-0.001283692,,,,,,,,,,,,,,
6.06965,2.49E-06,-0.001467068,,,,,,,,,,,,,,
6.06975,2.58E-06,-0.001669444,,,,,,,,,,,,,,
6.06985,2.62E-06,-0.001709975,,,,,,,,,,,,,,
6.06995,2.62E-06,-0.001538491,,,,,,,,,,,,,,
6.07005,1.10E-05,-9.290165901,,,,,,,,,,,,,,
6.07015,1.89E-06,-9.99624157,,,,,,,,,,,,,,
6.07025,6.65E-07,-9.996751785,,,,,,,,,,,,,,
6.07035,2.59E-07,-9.997037888,,,,,,,,,,,,,,
6.07045,7.59E-08,-9.997094154,,,,,,,,,,,,,,
6.07055,2.46E-09,-9.99700737,,,,,,,,,,,,,,
6.07065,-4.38E-08,-9.997117996,,,,,,,,,,,,,,
6.07075,-6.33E-08,-9.997365952,,,,,,,,,,,,,,
6.07085,-6.64E-08,-9.997345924,,,,,,,,,,,,,,
6.07095,-1.10E-07,-9.997103691,,,,,,,,,,,,,,
6.07105,-1.04E-05,-0.718354285,,,,,,,,,,,,,,
6.07115,-1.07E-06,-0.002298595,,,,,,,,,,,,,,
6.07125,8.87E-07,-0.001822492,,,,,,,,,,,,,,
6.07135,1.71E-06,-0.001572689,,,,,,,,,,,,,,
6.07145,2.07E-06,-0.001306069,,,,,,,,,,,,,,
6.07155,2.35E-06,-0.001542431,,,,,,,,,,,,,,
6.07165,2.48E-06,-0.00157473,,,,,,,,,,,,,,
6.07175,2.56E-06,-0.001409508,,,,,,,,,,,,,,
6.07185,2.61E-06,-0.001418937,,,,,,,,,,,,,,
6.07195,2.63E-06,-0.001389805,,,,,,,,,,,,,,
6.07205,1.10E-05,-9.269903183,,,,,,,,,,,,,,
6.07215,1.85E-06,-9.996013641,,,,,,,,,,,,,,
6.07225,6.26E-07,-9.996520042,,,,,,,,,,,,,,
6.07235,2.46E-07,-9.996621132,,,,,,,,,,,,,,
6.07245,5.64E-08,-9.996993065,,,,,,,,,,,,,,
6.07255,-2.14E-08,-9.997062683,,,,,,,,,,,,,,
6.07265,-4.12E-08,-9.997164726,,,,,,,,,,,,,,
6.07275,-9.37E-08,-9.997315407,,,,,,,,,,,,,,
6.07285,-1.05E-07,-9.99742794,,,,,,,,,,,,,,
6.07295,-1.17E-07,-9.997303963,,,,,,,,,,,,,,
6.07305,-1.03E-05,-0.73836112,,,,,,,,,,,,,,
6.07315,-1.07E-06,-0.002394295,,,,,,,,,,,,,,
6.07325,9.00E-07,-0.00190461,,,,,,,,,,,,,,
6.07335,1.71E-06,-0.001805956,,,,,,,,,,,,,,
6.07345,2.14E-06,-0.001506474,,,,,,,,,,,,,,
6.07355,2.36E-06,-0.001516184,,,,,,,,,,,,,,
6.07365,2.50E-06,-0.001491415,,,,,,,,,,,,,,
6.07375,2.57E-06,-0.001626309,,,,,,,,,,,,,,
6.07385,2.60E-06,-0.001281088,,,,,,,,,,,,,,
6.07395,2.64E-06,-0.001188767,,,,,,,,,,,,,,
6.07405,1.10E-05,-9.250289917,,,,,,,,,,,,,,
6.07415,1.88E-06,-9.996204376,,,,,,,,,,,,,,
6.07425,6.57E-07,-9.996584892,,,,,,,,,,,,,,
6.07435,2.71E-07,-9.996616364,,,,,,,,,,,,,,
6.07445,1.16E-07,-9.996655464,,,,,,,,,,,,,,
6.07455,9.14E-09,-9.996710777,,,,,,,,,,,,,,
6.07465,-3.49E-08,-9.996741295,,,,,,,,,,,,,,
6.07475,-7.58E-08,-9.99694252,,,,,,,,,,,,,,
6.07485,-6.79E-08,-9.997291565,,,,,,,,,,,,,,
6.07495,-6.99E-08,-9.997401237,,,,,,,,,,,,,,
6.07505,-1.03E-05,-0.758414805,,,,,,,,,,,,,,
6.07515,-1.01E-06,-0.002336101,,,,,,,,,,,,,,
6.07525,9.24E-07,-0.002116134,,,,,,,,,,,,,,
6.07535,1.72E-06,-0.001604143,,,,,,,,,,,,,,
6.07545,2.16E-06,-0.001436107,,,,,,,,,,,,,,
6.07555,2.38E-06,-0.001258289,,,,,,,,,,,,,,
6.07565,2.54E-06,-0.00090561,,,,,,,,,,,,,,
6.07575,2.58E-06,-0.000995961,,,,,,,,,,,,,,
6.07585,2.60E-06,-0.001041348,,,,,,,,,,,,,,
6.07595,2.68E-06,-0.001205232,,,,,,,,,,,,,,
6.07605,1.10E-05,-9.230288506,,,,,,,,,,,,,,
6.07615,1.85E-06,-9.996459007,,,,,,,,,,,,,,
6.07625,6.50E-07,-9.996903419,,,,,,,,,,,,,,
6.07635,2.82E-07,-9.996972084,,,,,,,,,,,,,,
6.07645,9.08E-08,-9.997233391,,,,,,,,,,,,,,
6.07655,-5.79E-09,-9.99726963,,,,,,,,,,,,,,
6.07665,-3.17E-08,-9.997419357,,,,,,,,,,,,,,
6.07675,-5.77E-08,-9.997576714,,,,,,,,,,,,,,
6.07685,-9.47E-08,-9.997656822,,,,,,,,,,,,,,
6.07695,-6.66E-08,-9.997846603,,,,,,,,,,,,,,
6.07705,-1.03E-05,-0.778606057,,,,,,,,,,,,,,
6.07715,-1.04E-06,-0.002418501,,,,,,,,,,,,,,
6.07725,8.73E-07,-0.001848809,,,,,,,,,,,,,,
6.07735,1.72E-06,-0.001510625,,,,,,,,,,,,,,
6.07745,2.16E-06,-0.001248227,,,,,,,,,,,,,,
6.07755,2.39E-06,-0.001284184,,,,,,,,,,,,,,
6.07765,2.54E-06,-0.001380446,,,,,,,,,,,,,,
6.07775,2.62E-06,-0.00161308,,,,,,,,,,,,,,
6.07785,2.63E-06,-0.001564386,,,,,,,,,,,,,,
6.07795,2.67E-06,-0.001542361,,,,,,,,,,,,,,
6.07805,1.10E-05,-9.210842133,,,,,,,,,,,,,,
6.07815,1.88E-06,-9.996626854,,,,,,,,,,,,,,
6.07825,6.74E-07,-9.996957779,,,,,,,,,,,,,,
6.07835,2.79E-07,-9.997172356,,,,,,,,,,,,,,
6.07845,1.25E-07,-9.997384071,,,,,,,,,,,,,,
6.07855,1.23E-08,-9.997156143,,,,,,,,,,,,,,
6.07865,-3.15E-08,-9.99730587,,,,,,,,,,,,,,
6.07875,-4.31E-08,-9.997471809,,,,,,,,,,,,,,
6.07885,-8.47E-08,-9.997391701,,,,,,,,,,,,,,
6.07895,-9.36E-08,-9.997343063,,,,,,,,,,,,,,
6.07905,-1.03E-05,-0.798211575,,,,,,,,,,,,,,
6.07915,-1.06E-06,-0.002290714,,,,,,,,,,,,,,
6.07925,8.84E-07,-0.00142133,,,,,,,,,,,,,,
6.07935,1.75E-06,-0.001679295,,,,,,,,,,,,,,
6.07945,2.17E-06,-0.00172623,,,,,,,,,,,,,,
6.07955,2.37E-06,-0.001553549,,,,,,,,,,,,,,
6.07965,2.54E-06,-0.001524136,,,,,,,,,,,,,,
6.07975,2.62E-06,-0.001630531,,,,,,,,,,,,,,
6.07985,2.67E-06,-0.001491134,,,,,,,,,,,,,,
6.07995,2.71E-06,-0.001444269,,,,,,,,,,,,,,
6.08005,1.10E-05,-9.190522194,,,,,,,,,,,,,,
6.08015,1.90E-06,-9.99677372,,,,,,,,,,,,,,
6.08025,6.47E-07,-9.997071266,,,,,,,,,,,,,,
6.08035,2.70E-07,-9.997273445,,,,,,,,,,,,,,
6.08045,1.13E-07,-9.997396469,,,,,,,,,,,,,,
6.08055,-5.06E-09,-9.99726963,,,,,,,,,,,,,,
6.08065,-3.62E-08,-9.997336388,,,,,,,,,,,,,,
6.08075,-7.59E-08,-9.997449875,,,,,,,,,,,,,,
6.08085,-7.95E-08,-9.997483253,,,,,,,,,,,,,,
6.08095,-9.47E-08,-9.997517586,,,,,,,,,,,,,,
6.08105,-1.03E-05,-0.818915665,,,,,,,,,,,,,,
6.08115,-1.03E-06,-0.002863643,,,,,,,,,,,,,,
6.08125,9.21E-07,-0.002176509,,,,,,,,,,,,,,
6.08135,1.76E-06,-0.002024797,,,,,,,,,,,,,,
6.08145,2.19E-06,-0.001731507,,,,,,,,,,,,,,
6.08155,2.43E-06,-0.0019564,,,,,,,,,,,,,,
6.08165,2.56E-06,-0.001905666,,,,,,,,,,,,,,
6.08175,2.62E-06,-0.001525051,,,,,,,,,,,,,,
6.08185,2.68E-06,-0.001502252,,,,,,,,,,,,,,
6.08195,2.70E-06,-0.001490571,,,,,,,,,,,,,,
6.08205,1.10E-05,-9.170798302,,,,,,,,,,,,,,
6.08215,1.92E-06,-9.996930122,,,,,,,,,,,,,,
6.08225,6.86E-07,-9.997392654,,,,,,,,,,,,,,
6.08235,3.02E-07,-9.997339249,,,,,,,,,,,,,,
6.08245,1.01E-07,-9.997656822,,,,,,,,,,,,,,
6.08255,4.61E-08,-9.99749279,,,,,,,,,,,,,,
6.08265,-2.73E-08,-9.997489929,,,,,,,,,,,,,,
6.08275,-6.73E-08,-9.997483253,,,,,,,,,,,,,,
6.08285,-5.17E-08,-9.997579575,,,,,,,,,,,,,,
6.08295,-7.66E-08,-9.997323036,,,,,,,,,,,,,,
6.08305,-1.03E-05,-0.838183522,,,,,,,,,,,,,,
6.08315,-1.04E-06,-0.0022093,,,,,,,,,,,,,,
6.08325,9.35E-07,-0.001939512,,,,,,,,,,,,,,
6.08335,1.76E-06,-0.001639467,,,,,,,,,,,,,,
6.08345,2.21E-06,-0.001662407,,,,,,,,,,,,,,
6.08355,2.45E-06,-0.001654315,,,,,,,,,,,,,,
6.08365,2.59E-06,-0.001431533,,,,,,,,,,,,,,
6.08375,2.63E-06,-0.001612447,,,,,,,,,,,,,,
6.08385,2.70E-06,-0.001320775,,,,,,,,,,,,,,
6.08395,2.76E-06,-0.001369469,,,,,,,,,,,,,,
6.08405,1.10E-05,-9.150509834,,,,,,,,,,,,,,
6.08415,1.92E-06,-9.996674538,,,,,,,,,,,,,,
6.08425,6.97E-07,-9.997488022,,,,,,,,,,,,,,
6.08435,2.83E-07,-9.997636795,,,,,,,,,,,,,,
6.08445,1.29E-07,-9.997237206,,,,,,,,,,,,,,
6.08455,5.87E-08,-9.997691154,,,,,,,,,,,,,,
6.08465,-4.41E-09,-9.997564316,,,,,,,,,,,,,,
6.08475,-3.48E-08,-9.997380257,,,,,,,,,,,,,,
6.08485,-7.83E-08,-9.997731209,,,,,,,,,,,,,,
6.08495,-6.42E-08,-9.997686386,,,,,,,,,,,,,,
6.08505,-1.03E-05,-0.858337104,,,,,,,,,,,,,,
6.08515,-1.01E-06,-0.002425256,,,,,,,,,,,,,,
6.08525,9.40E-07,-0.002087002,,,,,,,,,,,,,,
6.08535,1.79E-06,-0.001701883,,,,,,,,,,,,,,
6.08545,2.21E-06,-0.001763524,,,,,,,,,,,,,,
6.08555,2.43E-06,-0.001676903,,,,,,,,,,,,,,
6.08565,2.59E-06,-0.001804548,,,,,,,,,,,,,,
6.08575,2.68E-06,-0.001475583,,,,,,,,,,,,,,
6.08585,2.71E-06,-0.001392198,,,,,,,,,,,,,,
6.08595,2.76E-06,-0.001558475,,,,,,,,,,,,,,
6.08605,1.10E-05,-9.130707741,,,,,,,,,,,,,,
6.08615,1.90E-06,-9.996566772,,,,,,,,,,,,,,
6.08625,6.71E-07,-9.996934891,,,,,,,,,,,,,,
6.08635,2.91E-07,-9.997221947,,,,,,,,,,,,,,
6.08645,8.23E-08,-9.997508049,,,,,,,,,,,,,,
6.08655,1.21E-09,-9.997650146,,,,,,,,,,,,,,
6.08665,-3.17E-08,-9.99779129,,,,,,,,,,,,,,
6.08675,-2.49E-08,-9.997537613,,,,,,,,,,,,,,
6.08685,-3.63E-08,-9.997421265,,,,,,,,,,,,,,
6.08695,-9.54E-08,-9.997268677,,,,,,,,,,,,,,
6.08705,-1.03E-05,-0.878353953,,,,,,,,,,,,,,
6.08715,-1.06E-06,-0.002027682,,,,,,,,,,,,,,
6.08725,9.08E-07,-0.001485716,,,,,,,,,,,,,,
6.08735,1.80E-06,-0.001784072,,,,,,,,,,,,,,
6.08745,2.21E-06,-0.001498522,,,,,,,,,,,,,,
6.08755,2.45E-06,-0.001378828,,,,,,,,,,,,,,
6.08765,2.57E-06,-0.001609843,,,,,,,,,,,,,,
6.08775,2.67E-06,-0.001272152,,,,,,,,,,,,,,
6.08785,2.70E-06,-0.001218743,,,,,,,,,,,,,,
6.08795,2.74E-06,-0.001180604,,,,,,,,,,,,,,
6.08805,1.10E-05,-9.110344887,,,,,,,,,,,,,,
6.08815,1.91E-06,-9.996937752,,,,,,,,,,,,,,
6.08825,6.59E-07,-9.99713707,,,,,,,,,,,,,,
6.08835,2.56E-07,-9.997300148,,,,,,,,,,,,,,
6.08845,1.20E-07,-9.997603416,,,,,,,,,,,,,,
6.08855,4.28E-09,-9.997659683,,,,,,,,,,,,,,
6.08865,-3.35E-08,-9.997772217,,,,,,,,,,,,,,
6.08875,-6.52E-08,-9.997699738,,,,,,,,,,,,,,
6.08885,-6.05E-08,-9.997925758,,,,,,,,,,,,,,
6.08895,-1.17E-07,-9.997602463,,,,,,,,,,,,,,
6.08905,-1.03E-05,-0.898802698,,,,,,,,,,,,,,
6.08915,-1.04E-06,-0.002434122,,,,,,,,,,,,,,
6.08925,9.55E-07,-0.002039363,,,,,,,,,,,,,,
6.08935,1.81E-06,-0.001665503,,,,,,,,,,,,,,
6.08945,2.22E-06,-0.001935572,,,,,,,,,,,,,,
6.08955,2.45E-06,-0.001793008,,,,,,,,,,,,,,
6.08965,2.57E-06,-0.001854087,,,,,,,,,,,,,,
6.08975,2.66E-06,-0.001675495,,,,,,,,,,,,,,
6.08985,2.71E-06,-0.001653611,,,,,,,,,,,,,,
6.08995,2.73E-06,-0.001544824,,,,,,,,,,,,,,
6.09005,1.10E-05,-9.090614319,,,,,,,,,,,,,,
6.09015,1.92E-06,-9.996882439,,,,,,,,,,,,,,
6.09025,6.59E-07,-9.997372627,,,,,,,,,,,,,,
6.09035,2.53E-07,-9.997425079,,,,,,,,,,,,,,
6.09045,1.15E-07,-9.997374535,,,,,,,,,,,,,,
6.09055,1.69E-08,-9.997351646,,,,,,,,,,,,,,
6.09065,-1.75E-08,-9.997602463,,,,,,,,,,,,,,
6.09075,-6.12E-08,-9.997447968,,,,,,,,,,,,,,
6.09085,-7.22E-08,-9.997367859,,,,,,,,,,,,,,
6.09095,-9.11E-08,-9.997397423,,,,,,,,,,,,,,
6.09105,-1.02E-05,-0.918841779,,,,,,,,,,,,,,
6.09115,-9.92E-07,-0.002951038,,,,,,,,,,,,,,
6.09125,9.90E-07,-0.002462058,,,,,,,,,,,,,,
6.09135,1.82E-06,-0.002129433,,,,,,,,,,,,,,
6.09145,2.24E-06,-0.001851905,,,,,,,,,,,,,,
6.09155,2.48E-06,-0.001723978,,,,,,,,,,,,,,
6.09165,2.60E-06,-0.001616739,,,,,,,,,,,,,,
6.09175,2.66E-06,-0.001327671,,,,,,,,,,,,,,
6.09185,2.72E-06,-0.001510485,,,,,,,,,,,,,,
6.09195,2.78E-06,-0.001456865,,,,,,,,,,,,,,
6.09205,1.11E-05,-9.070275307,,,,,,,,,,,,,,
6.09215,1.92E-06,-9.995965958,,,,,,,,,,,,,,
6.09225,6.75E-07,-9.996729851,,,,,,,,,,,,,,
6.09235,2.89E-07,-9.997149467,,,,,,,,,,,,,,
6.09245,1.08E-07,-9.997241974,,,,,,,,,,,,,,
6.09255,3.67E-08,-9.997350693,,,,,,,,,,,,,,
6.09265,-2.07E-08,-9.997612953,,,,,,,,,,,,,,
6.09275,-4.08E-08,-9.997591972,,,,,,,,,,,,,,
6.09285,-5.56E-08,-9.997389793,,,,,,,,,,,,,,
6.09295,-6.21E-08,-9.997611046,,,,,,,,,,,,,,
6.09305,-1.02E-05,-0.938825071,,,,,,,,,,,,,,
6.09315,-1.02E-06,-0.002551987,,,,,,,,,,,,,,
6.09325,9.69E-07,-0.002140832,,,,,,,,,,,,,,
6.09335,1.81E-06,-0.00194296,,,,,,,,,,,,,,
6.09345,2.24E-06,-0.0016591,,,,,,,,,,,,,,
6.09355,2.47E-06,-0.001836917,,,,,,,,,,,,,,
6.09365,2.59E-06,-0.001953304,,,,,,,,,,,,,,
6.09375,2.67E-06,-0.001762469,,,,,,,,,,,,,,
6.09385,2.67E-06,-0.001706105,,,,,,,,,,,,,,
6.09395,2.70E-06,-0.001737418,,,,,,,,,,,,,,
6.09405,1.10E-05,-9.050683975,,,,,,,,,,,,,,
6.09415,1.87E-06,-9.996792793,,,,,,,,,,,,,,
6.09425,6.10E-07,-9.997373581,,,,,,,,,,,,,,
6.09435,2.52E-07,-9.997498512,,,,,,,,,,,,,,
6.09445,5.13E-08,-9.997297287,,,,,,,,,,,,,,
6.09455,-2.99E-09,-9.997523308,,,,,,,,,,,,,,
6.09465,-8.28E-08,-9.997477531,,,,,,,,,,,,,,
6.09475,-7.96E-08,-9.997423172,,,,,,,,,,,,,,
6.09485,-1.30E-07,-9.997564316,,,,,,,,,,,,,,
6.09495,-1.15E-07,-9.99756813,,,,,,,,,,,,,,
6.09505,-1.03E-05,-0.95879662,,,,,,,,,,,,,,
6.09515,-1.08E-06,-0.002763088,,,,,,,,,,,,,,
6.09525,9.15E-07,-0.002168698,,,,,,,,,,,,,,
6.09535,1.77E-06,-0.001888285,,,,,,,,,,,,,,
6.09545,2.22E-06,-0.001719334,,,,,,,,,,,,,,
6.09555,2.41E-06,-0.001542642,,,,,,,,,,,,,,
6.09565,2.58E-06,-0.001335693,,,,,,,,,,,,,,
6.09575,2.67E-06,-0.001432025,,,,,,,,,,,,,,
6.09585,2.71E-06,-0.00160161,,,,,,,,,,,,,,
6.09595,2.72E-06,-0.001436177,,,,,,,,,,,,,,
6.09605,1.10E-05,-9.030335426,,,,,,,,,,,,,,
6.09615,1.92E-06,-9.996006966,,,,,,,,,,,,,,
6.09625,6.33E-07,-9.996584892,,,,,,,,,,,,,,
6.09635,2.44E-07,-9.996865273,,,,,,,,,,,,,,
6.09645,1.21E-07,-9.997159004,,,,,,,,,,,,,,
6.09655,6.27E-09,-9.997095108,,,,,,,,,,,,,,
6.09665,-4.07E-08,-9.997179031,,,,,,,,,,,,,,
6.09675,-8.25E-08,-9.997306824,,,,,,,,,,,,,,
6.09685,-8.24E-08,-9.997232437,,,,,,,,,,,,,,
6.09695,-9.91E-08,-9.997289658,,,,,,,,,,,,,,
6.09705,-1.03E-05,-0.978070974,,,,,,,,,,,,,,
6.09715,-1.04E-06,-0.002286703,,,,,,,,,,,,,,
6.09725,9.78E-07,-0.001642352,,,,,,,,,,,,,,
6.09735,1.83E-06,-0.001905525,,,,,,,,,,,,,,
6.09745,2.27E-06,-0.001575574,,,,,,,,,,,,,,
6.09755,2.50E-06,-0.001410704,,,,,,,,,,,,,,
6.09765,2.60E-06,-0.001244497,,,,,,,,,,,,,,
6.09775,2.66E-06,-0.00129685,,,,,,,,,,,,,,
6.09785,2.75E-06,-0.00140613,,,,,,,,,,,,,,
6.09795,2.78E-06,-0.001623916,,,,,,,,,,,,,,
6.09805,1.10E-05,-9.010770798,,,,,,,,,,,,,,
6.09815,1.92E-06,-9.996442795,,,,,,,,,,,,,,
6.09825,6.45E-07,-9.996683121,,,,,,,,,,,,,,
6.09835,2.39E-07,-9.996912003,,,,,,,,,,,,,,
6.09845,9.19E-08,-9.997156143,,,,,,,,,,,,,,
6.09855,2.66E-08,-9.996947289,,,,,,,,,,,,,,
6.09865,-3.76E-08,-9.997358322,,,,,,,,,,,,,,
6.09875,-6.92E-08,-9.997195244,,,,,,,,,,,,,,
6.09885,-7.56E-08,-9.997252464,,,,,,,,,,,,,,
6.09895,-8.00E-08,-9.997275352,,,,,,,,,,,,,,
6.09905,-1.03E-05,-0.998304009,,,,,,,,,,,,,,
6.09915,-1.08E-06,-0.002176509,,,,,,,,,,,,,,
6.09925,9.70E-07,-0.002017972,,,,,,,,,,,,,,
6.09935,1.82E-06,-0.00190651,,,,,,,,,,,,,,
6.09945,2.23E-06,-0.001832414,,,,,,,,,,,,,,
6.09955,2.47E-06,-0.001483182,,,,,,,,,,,,,,
6.09965,2.65E-06,-0.001477834,,,,,,,,,,,,,,
6.09975,2.68E-06,-0.001194537,,,,,,,,,,,,,,
6.09985,2.72E-06,-0.001464887,,,,,,,,,,,,,,
6.09995,2.77E-06,-0.001212902,,,,,,,,,,,,,,
6.10005,1.10E-05,-8.990315437,,,,,,,,,,,,,,
6.10015,1.93E-06,-9.99650383,,,,,,,,,,,,,,
6.10025,6.70E-07,-9.997108459,,,,,,,,,,,,,,
6.10035,2.74E-07,-9.997233391,,,,,,,,,,,,,,
6.10045,8.30E-08,-9.9975214,,,,,,,,,,,,,,
6.10055,9.40E-09,-9.997538567,,,,,,,,,,,,,,
6.10065,-3.09E-08,-9.997670174,,,,,,,,,,,,,,
6.10075,-9.40E-08,-9.997645378,,,,,,,,,,,,,,
6.10085,-9.36E-08,-9.997572899,,,,,,,,,,,,,,
6.10095,-9.43E-08,-9.997511864,,,,,,,,,,,,,,
6.10105,-1.02E-05,-1.018288851,,,,,,,,,,,,,,
6.10115,-1.07E-06,-0.002497734,,,,,,,,,,,,,,
6.10125,9.60E-07,-0.002202333,,,,,,,,,,,,,,
6.10135,1.81E-06,-0.002062514,,,,,,,,,,,,,,
6.10145,2.24E-06,-0.001726371,,,,,,,,,,,,,,
6.10155,2.47E-06,-0.001329923,,,,,,,,,,,,,,
6.10165,2.61E-06,-0.001604776,,,,,,,,,,,,,,
6.10175,2.72E-06,-0.001430829,,,,,,,,,,,,,,
6.10185,2.76E-06,-0.001004686,,,,,,,,,,,,,,
6.10195,2.80E-06,-0.001210017,,,,,,,,,,,,,,
6.10205,1.10E-05,-8.969828606,,,,,,,,,,,,,,
6.10215,1.92E-06,-9.996148109,,,,,,,,,,,,,,
6.10225,6.49E-07,-9.996486664,,,,,,,,,,,,,,
6.10235,2.61E-07,-9.996689796,,,,,,,,,,,,,,
6.10245,9.79E-08,-9.996670723,,,,,,,,,,,,,,
6.10255,-7.08E-09,-9.996449471,,,,,,,,,,,,,,
6.10265,-4.00E-08,-9.996641159,,,,,,,,,,,,,,
6.10275,-3.67E-08,-9.9966259,,,,,,,,,,,,,,
6.10285,-7.56E-08,-9.996793747,,,,,,,,,,,,,,
6.10295,-8.22E-08,-9.996824265,,,,,,,,,,,,,,
6.10305,-1.02E-05,-1.038152695,,,,,,,,,,,,,,
6.10315,-1.06E-06,-0.002112404,,,,,,,,,,,,,,
6.10325,9.49E-07,-0.001892789,,,,,,,,,,,,,,
6.10335,1.83E-06,-0.001405427,,,,,,,,,,,,,,
6.10345,2.27E-06,-0.00123922,,,,,,,,,,,,,,
6.10355,2.50E-06,-0.001193903,,,,,,,,,,,,,,
6.10365,2.64E-06,-0.001378687,,,,,,,,,,,,,,
6.10375,2.73E-06,-0.00144251,,,,,,,,,,,,,,
6.10385,2.77E-06,-0.001618709,,,,,,,,,,,,,,
6.10395,2.79E-06,-0.00148093,,,,,,,,,,,,,,
6.10405,1.10E-05,-8.950264931,,,,,,,,,,,,,,
6.10415,1.93E-06,-9.996365547,,,,,,,,,,,,,,
6.10425,6.59E-07,-9.99684906,,,,,,,,,,,,,,
6.10435,2.72E-07,-9.997153282,,,,,,,,,,,,,,
6.10445,9.45E-08,-9.997132301,,,,,,,,,,,,,,
6.10455,-1.92E-09,-9.997001648,,,,,,,,,,,,,,
6.10465,-3.05E-08,-9.997051239,,,,,,,,,,,,,,
6.10475,-4.18E-08,-9.997303963,,,,,,,,,,,,,,
6.10485,-8.76E-08,-9.997073174,,,,,,,,,,,,,,
6.10495,-9.54E-08,-9.997089386,,,,,,,,,,,,,,
6.10505,-1.02E-05,-1.058261633,,,,,,,,,,,,,,
6.10515,-1.07E-06,-0.002323716,,,,,,,,,,,,,,
6.10525,9.85E-07,-0.001883922,,,,,,,,,,,,,,
6.10535,1.82E-06,-0.001706175,,,,,,,,,,,,,,
6.10545,2.31E-06,-0.001553549,,,,,,,,,,,,,,
6.10555,2.53E-06,-0.001604354,,,,,,,,,,,,,,
6.10565,2.65E-06,-0.001479242,,,,,,,,,,,,,,
6.10575,2.74E-06,-0.001447014,,,,,,,,,,,,,,
6.10585,2.76E-06,-0.001291784,,,,,,,,,,,,,,
6.10595,2.78E-06,-0.001337523,,,,,,,,,,,,,,
6.10605,1.10E-05,-8.930548668,,,,,,,,,,,,,,
6.10615,1.94E-06,-9.996647835,,,,,,,,,,,,,,
6.10625,6.82E-07,-9.996945381,,,,,,,,,,,,,,
6.10635,2.63E-07,-9.996985435,,,,,,,,,,,,,,
6.10645,9.14E-08,-9.997006416,,,,,,,,,,,,,,
6.10655,-3.18E-09,-9.997252464,,,,,,,,,,,,,,
6.10665,-6.54E-08,-9.997162819,,,,,,,,,,,,,,
6.10675,-6.58E-08,-9.997126579,,,,,,,,,,,,,,
6.10685,-8.43E-08,-9.997341156,,,,,,,,,,,,,,
6.10695,-1.14E-07,-9.997240067,,,,,,,,,,,,,,
6.10705,-1.02E-05,-1.078164816,,,,,,,,,,,,,,
6.10715,-1.06E-06,-0.002262779,,,,,,,,,,,,,,
6.10725,9.90E-07,-0.001739529,,,,,,,,,,,,,,
6.10735,1.84E-06,-0.001519421,,,,,,,,,,,,,,
6.10745,2.26E-06,-0.001445677,,,,,,,,,,,,,,
6.10755,2.50E-06,-0.001469601,,,,,,,,,,,,,,
6.10765,2.63E-06,-0.001426255,,,,,,,,,,,,,,
6.10775,2.71E-06,-0.0014195,,,,,,,,,,,,,,
6.10785,2.75E-06,-0.001402331,,,,,,,,,,,,,,
6.10795,2.81E-06,-0.001501126,,,,,,,,,,,,,,
6.10805,1.10E-05,-8.910262108,,,,,,,,,,,,,,
6.10815,1.95E-06,-9.996230125,,,,,,,,,,,,,,
6.10825,6.82E-07,-9.996367455,,,,,,,,,,,,,,
6.10835,2.60E-07,-9.996587753,,,,,,,,,,,,,,
6.10845,1.02E-07,-9.996951103,,,,,,,,,,,,,,
6.10855,2.85E-08,-9.997125626,,,,,,,,,,,,,,
6.10865,-4.15E-08,-9.997321129,,,,,,,,,,,,,,
6.10875,-4.89E-08,-9.997328758,,,,,,,,,,,,,,
6.10885,-8.74E-08,-9.997411728,,,,,,,,,,,,,,
6.10895,-8.23E-08,-9.997605324,,,,,,,,,,,,,,
6.10905,-1.02E-05,-1.098687172,,,,,,,,,,,,,,
6.10915,-1.08E-06,-0.002343841,,,,,,,,,,,,,,
6.10925,9.84E-07,-0.00197737,,,,,,,,,,,,,,
6.10935,1.84E-06,-0.001722852,,,,,,,,,,,,,,
6.10945,2.26E-06,-0.00152111,,,,,,,,,,,,,,
6.10955,2.52E-06,-0.001721867,,,,,,,,,,,,,,
6.10965,2.69E-06,-0.00177802,,,,,,,,,,,,,,
6.10975,2.76E-06,-0.001767113,,,,,,,,,,,,,,
6.10985,2.79E-06,-0.001589859,,,,,,,,,,,,,,
6.10995,2.83E-06,-0.001677255,,,,,,,,,,,,,,
6.11005,1.10E-05,-8.890573502,,,,,,,,,,,,,,
6.11015,1.96E-06,-9.996261597,,,,,,,,,,,,,,
6.11025,6.80E-07,-9.996833801,,,,,,,,,,,,,,
6.11035,2.92E-07,-9.99708271,,,,,,,,,,,,,,
6.11045,9.39E-08,-9.99732399,,,,,,,,,,,,,,
6.11055,8.31E-09,-9.997004509,,,,,,,,,,,,,,
6.11065,-5.27E-08,-9.997515678,,,,,,,,,,,,,,
6.11075,-6.31E-08,-9.997336388,,,,,,,,,,,,,,
6.11085,-8.94E-08,-9.99751091,,,,,,,,,,,,,,
6.11095,-9.03E-08,-9.99745369,,,,,,,,,,,,,,
6.11105,-1.02E-05,-1.118173957,,,,,,,,,,,,,,
6.11115,-1.06E-06,-0.002024445,,,,,,,,,,,,,,
6.11125,9.61E-07,-0.001888496,,,,,,,,,,,,,,
6.11135,1.84E-06,-0.001725034,,,,,,,,,,,,,,
6.11145,2.26E-06,-0.001758951,,,,,,,,,,,,,,
6.11155,2.49E-06,-0.001274263,,,,,,,,,,,,,,
6.11165,2.67E-06,-0.001182152,,,,,,,,,,,,,,
6.11175,2.75E-06,-0.001162098,,,,,,,,,,,,,,
6.11185,2.78E-06,-0.001442158,,,,,,,,,,,,,,
6.11195,2.81E-06,-0.001033607,,,,,,,,,,,,,,
6.11205,1.10E-05,-8.870264053,,,,,,,,,,,,,,
6.11215,1.96E-06,-9.996239662,,,,,,,,,,,,,,
6.11225,6.26E-07,-9.996870995,,,,,,,,,,,,,,
6.11235,2.46E-07,-9.996746063,,,,,,,,,,,,,,
6.11245,7.69E-08,-9.997140884,,,,,,,,,,,,,,
6.11255,-9.66E-09,-9.997162819,,,,,,,,,,,,,,
6.11265,-5.48E-08,-9.997236252,,,,,,,,,,,,,,
6.11275,-8.12E-08,-9.997668266,,,,,,,,,,,,,,
6.11285,-1.07E-07,-9.997799873,,,,,,,,,,,,,,
6.11295,-9.44E-08,-9.997454643,,,,,,,,,,,,,,
6.11305,-1.02E-05,-1.138118505,,,,,,,,,,,,,,
6.11315,-1.06E-06,-0.002137525,,,,,,,,,,,,,,
6.11325,9.52E-07,-0.001806237,,,,,,,,,,,,,,
6.11335,1.82E-06,-0.001785127,,,,,,,,,,,,,,
6.11345,2.26E-06,-0.001567623,,,,,,,,,,,,,,
6.11355,2.53E-06,-0.001447788,,,,,,,,,,,,,,
6.11365,2.66E-06,-0.001504855,,,,,,,,,,,,,,
6.11375,2.77E-06,-0.001934165,,,,,,,,,,,,,,
6.11385,2.80E-06,-0.001448984,,,,,,,,,,,,,,
6.11395,2.83E-06,-0.001368977,,,,,,,,,,,,,,
6.11405,1.10E-05,-8.850254059,,,,,,,,,,,,,,
6.11415,1.99E-06,-9.996310234,,,,,,,,,,,,,,
6.11425,6.82E-07,-9.99677372,,,,,,,,,,,,,,
6.11435,2.59E-07,-9.996581078,,,,,,,,,,,,,,
6.11445,1.03E-07,-9.997018814,,,,,,,,,,,,,,
6.11455,9.34E-09,-9.996987343,,,,,,,,,,,,,,
6.11465,-5.50E-08,-9.996863365,,,,,,,,,,,,,,
6.11475,-4.23E-08,-9.99717617,,,,,,,,,,,,,,
6.11485,-6.20E-08,-9.99711132,,,,,,,,,,,,,,
6.11495,-7.01E-08,-9.996974945,,,,,,,,,,,,,,
6.11505,-1.02E-05,-1.158127904,,,,,,,,,,,,,,
6.11515,-1.06E-06,-0.002335679,,,,,,,,,,,,,,
6.11525,9.98E-07,-0.001578811,,,,,,,,,,,,,,
6.11535,1.89E-06,-0.001599499,,,,,,,,,,,,,,
6.11545,2.31E-06,-0.001338015,,,,,,,,,,,,,,
6.11555,2.56E-06,-0.001450602,,,,,,,,,,,,,,
6.11565,2.67E-06,-0.001341111,,,,,,,,,,,,,,
6.11575,2.74E-06,-0.001268211,,,,,,,,,,,,,,
6.11585,2.83E-06,-0.001294317,,,,,,,,,,,,,,
6.11595,2.85E-06,-0.001374395,,,,,,,,,,,,,,
6.11605,1.10E-05,-8.829857826,,,,,,,,,,,,,,
6.11615,1.99E-06,-9.995816231,,,,,,,,,,,,,,
6.11625,6.79E-07,-9.996497154,,,,,,,,,,,,,,
6.11635,2.60E-07,-9.996461868,,,,,,,,,,,,,,
6.11645,8.52E-08,-9.996934891,,,,,,,,,,,,,,
6.11655,1.26E-08,-9.997127533,,,,,,,,,,,,,,
6.11665,-5.56E-08,-9.997361183,,,,,,,,,,,,,,
6.11675,-7.75E-08,-9.997262955,,,,,,,,,,,,,,
6.11685,-8.81E-08,-9.997336388,,,,,,,,,,,,,,
6.11695,-9.98E-08,-9.997272491,,,,,,,,,,,,,,
6.11705,-1.02E-05,-1.17808938,,,,,,,,,,,,,,
6.11715,-1.05E-06,-0.002242442,,,,,,,,,,,,,,
6.11725,9.96E-07,-0.001869638,,,,,,,,,,,,,,
6.11735,1.89E-06,-0.001632079,,,,,,,,,,,,,,
6.11745,2.31E-06,-0.001329008,,,,,,,,,,,,,,
6.11755,2.55E-06,-0.001417037,,,,,,,,,,,,,,
6.11765,2.69E-06,-0.001461791,,,,,,,,,,,,,,
6.11775,2.76E-06,-0.001200799,,,,,,,,,,,,,,
6.11785,2.80E-06,-0.001152809,,,,,,,,,,,,,,
6.11795,2.86E-06,-0.001129658,,,,,,,,,,,,,,
6.11805,1.11E-05,-8.810139656,,,,,,,,,,,,,,
6.11815,2.00E-06,-9.996164322,,,,,,,,,,,,,,
6.11825,6.90E-07,-9.996728897,,,,,,,,,,,,,,
6.11835,3.12E-07,-9.997089386,,,,,,,,,,,,,,
6.11845,1.35E-07,-9.997265816,,,,,,,,,,,,,,
6.11855,3.93E-09,-9.997215271,,,,,,,,,,,,,,
6.11865,-6.32E-08,-9.997062683,,,,,,,,,,,,,,
6.11875,-4.45E-08,-9.997061729,,,,,,,,,,,,,,
6.11885,-1.24E-07,-9.997303963,,,,,,,,,,,,,,
6.11895,-9.21E-08,-9.99726963,,,,,,,,,,,,,,
6.11905,-1.01E-05,-1.198258162,,,,,,,,,,,,,,
6.11915,-1.08E-06,-0.002169331,,,,,,,,,,,,,,
6.11925,9.86E-07,-0.001856128,,,,,,,,,,,,,,
6.11935,1.87E-06,-0.001837832,,,,,,,,,,,,,,
6.11945,2.32E-06,-0.001729185,,,,,,,,,,,,,,
6.11955,2.56E-06,-0.001529343,,,,,,,,,,,,,,
6.11965,2.71E-06,-0.00159204,,,,,,,,,,,,,,
6.11975,2.79E-06,-0.001417319,,,,,,,,,,,,,,
6.11985,2.82E-06,-0.001673314,,,,,,,,,,,,,,
6.11995,2.85E-06,-0.001433011,,,,,,,,,,,,,,
6.12005,1.10E-05,-8.790804863,,,,,,,,,,,,,,
6.12015,1.97E-06,-9.996786118,,,,,,,,,,,,,,
6.12025,6.50E-07,-9.997056961,,,,,,,,,,,,,,
6.12035,2.54E-07,-9.99728775,,,,,,,,,,,,,,
6.12045,8.36E-08,-9.997143745,,,,,,,,,,,,,,
6.12055,-3.08E-08,-9.997045517,,,,,,,,,,,,,,
6.12065,-8.65E-08,-9.997101784,,,,,,,,,,,,,,
6.12075,-9.52E-08,-9.997164726,,,,,,,,,,,,,,
6.12085,-9.68E-08,-9.997264862,,,,,,,,,,,,,,
6.12095,-1.25E-07,-9.997419357,,,,,,,,,,,,,,
6.12105,-1.02E-05,-1.218160272,,,,,,,,,,,,,,
6.12115,-1.10E-06,-0.002206837,,,,,,,,,,,,,,
6.12125,9.95E-07,-0.001784142,,,,,,,,,,,,,,
6.12135,1.88E-06,-0.001637638,,,,,,,,,,,,,,
6.12145,2.34E-06,-0.001745933,,,,,,,,,,,,,,
6.12155,2.56E-06,-0.001695198,,,,,,,,,,,,,,
6.12165,2.68E-06,-0.001694354,,,,,,,,,,,,,,
6.12175,2.78E-06,-0.001633627,,,,,,,,,,,,,,
6.12185,2.82E-06,-0.001536872,,,,,,,,,,,,,,
6.12195,2.85E-06,-0.001441595,,,,,,,,,,,,,,
6.12205,1.10E-05,-8.770492554,,,,,,,,,,,,,,
6.12215,1.98E-06,-9.996455193,,,,,,,,,,,,,,
6.12225,6.77E-07,-9.996581078,,,,,,,,,,,,,,
6.12235,2.55E-07,-9.996952057,,,,,,,,,,,,,,
6.12245,1.11E-07,-9.997117996,,,,,,,,,,,,,,
6.12255,2.52E-08,-9.996892929,,,,,,,,,,,,,,
6.12265,-4.11E-08,-9.997107506,,,,,,,,,,,,,,
6.12275,-7.28E-08,-9.997465134,,,,,,,,,,,,,,
6.12285,-7.95E-08,-9.99724102,,,,,,,,,,,,,,
6.12295,-1.04E-07,-9.997288704,,,,,,,,,,,,,,
6.12305,-1.02E-05,-1.23816514,,,,,,,,,,,,,,
6.12315,-1.06E-06,-0.00228804,,,,,,,,,,,,,,
6.12325,1.03E-06,-0.001827699,,,,,,,,,,,,,,
6.12335,1.90E-06,-0.001897644,,,,,,,,,,,,,,
6.12345,2.34E-06,-0.001324716,,,,,,,,,,,,,,
6.12355,2.59E-06,-0.001442017,,,,,,,,,,,,,,
6.12365,2.71E-06,-0.001429492,,,,,,,,,,,,,,
6.12375,2.81E-06,-0.001119666,,,,,,,,,,,,,,
6.12385,2.87E-06,-0.001233661,,,,,,,,,,,,,,
6.12395,2.91E-06,-0.001560234,,,,,,,,,,,,,,
6.12405,1.11E-05,-8.750688553,,,,,,,,,,,,,,
6.12415,2.01E-06,-9.996642113,,,,,,,,,,,,,,
6.12425,7.07E-07,-9.996855736,,,,,,,,,,,,,,
6.12435,2.93E-07,-9.997049332,,,,,,,,,,,,,,
6.12445,1.30E-07,-9.997080803,,,,,,,,,,,,,,
6.12455,3.24E-08,-9.997359276,,,,,,,,,,,,,,
6.12465,-1.49E-08,-9.997619629,,,,,,,,,,,,,,
6.12475,-7.90E-08,-9.997515678,,,,,,,,,,,,,,
6.12485,-5.98E-08,-9.997333527,,,,,,,,,,,,,,
6.12495,-8.98E-08,-9.997538567,,,,,,,,,,,,,,
6.12505,-1.01E-05,-1.258445978,,,,,,,,,,,,,,
6.12515,-1.07E-06,-0.002357704,,,,,,,,,,,,,,
6.12525,1.04E-06,-0.001879419,,,,,,,,,,,,,,
6.12535,1.92E-06,-0.001862953,,,,,,,,,,,,,,
6.12545,2.35E-06,-0.001890748,,,,,,,,,,,,,,
6.12555,2.62E-06,-0.001925087,,,,,,,,,,,,,,
6.12565,2.75E-06,-0.001869005,,,,,,,,,,,,,,
6.12575,2.82E-06,-0.001770139,,,,,,,,,,,,,,
6.12585,2.88E-06,-0.001515832,,,,,,,,,,,,,,
6.12595,2.92E-06,-0.001517662,,,,,,,,,,,,,,
6.12605,1.11E-05,-8.730567932,,,,,,,,,,,,,,
6.12615,2.01E-06,-9.996362686,,,,,,,,,,,,,,
6.12625,6.96E-07,-9.997065544,,,,,,,,,,,,,,
6.12635,3.14E-07,-9.997343063,,,,,,,,,,,,,,
6.12645,1.33E-07,-9.997406006,,,,,,,,,,,,,,
6.12655,2.62E-09,-9.99747467,,,,,,,,,,,,,,
6.12665,-3.35E-08,-9.997545242,,,,,,,,,,,,,,
6.12675,-3.77E-08,-9.997389793,,,,,,,,,,,,,,
6.12685,-5.31E-08,-9.997444153,,,,,,,,,,,,,,
6.12695,-8.08E-08,-9.997340202,,,,,,,,,,,,,,
6.12705,-1.01E-05,-1.278167248,,,,,,,,,,,,,,
6.12715,-1.06E-06,-0.002329486,,,,,,,,,,,,,,
6.12725,1.04E-06,-0.001695409,,,,,,,,,,,,,,
6.12735,1.98E-06,-0.00149993,,,,,,,,,,,,,,
6.12745,2.39E-06,-0.001407819,,,,,,,,,,,,,,
6.12755,2.61E-06,-0.001304309,,,,,,,,,,,,,,
6.12765,2.74E-06,-0.001006727,,,,,,,,,,,,,,
6.12775,2.82E-06,-0.001185741,,,,,,,,,,,,,,
6.12785,2.88E-06,-0.00125836,,,,,,,,,,,,,,
6.12795,2.91E-06,-0.001347304,,,,,,,,,,,,,,
6.12805,1.10E-05,-8.71059227,,,,,,,,,,,,,,
6.12815,2.02E-06,-9.996510506,,,,,,,,,,,,,,
6.12825,6.81E-07,-9.996747017,,,,,,,,,,,,,,
6.12835,2.95E-07,-9.996949196,,,,,,,,,,,,,,
6.12845,1.34E-07,-9.997256279,,,,,,,,,,,,,,
6.12855,1.75E-09,-9.99698925,,,,,,,,,,,,,,
6.12865,-4.41E-08,-9.996965408,,,,,,,,,,,,,,
6.12875,-7.05E-08,-9.997159958,,,,,,,,,,,,,,
6.12885,-9.20E-08,-9.9970541,,,,,,,,,,,,,,
6.12895,-1.23E-07,-9.997350693,,,,,,,,,,,,,,
6.12905,-1.01E-05,-1.297831416,,,,,,,,,,,,,,
6.12915,-1.06E-06,-0.001997002,,,,,,,,,,,,,,
6.12925,1.02E-06,-0.001784564,,,,,,,,,,,,,,
6.12935,1.89E-06,-0.001647489,,,,,,,,,,,,,,
6.12945,2.35E-06,-0.001369117,,,,,,,,,,,,,,
6.12955,2.58E-06,-0.001415348,,,,,,,,,,,,,,
6.12965,2.74E-06,-0.001460876,,,,,,,,,,,,,,
6.12975,2.84E-06,-0.001319227,,,,,,,,,,,,,,
6.12985,2.87E-06,-0.001426537,,,,,,,,,,,,,,
6.12995,2.89E-06,-0.00140036,,,,,,,,,,,,,,
6.13005,1.11E-05,-8.690723419,,,,,,,,,,,,,,
6.13015,2.02E-06,-9.996787071,,,,,,,,,,,,,,
6.13025,6.82E-07,-9.99709034,,,,,,,,,,,,,,
6.13035,2.49E-07,-9.997239113,,,,,,,,,,,,,,
6.13045,9.86E-08,-9.997359276,,,,,,,,,,,,,,
6.13055,-1.89E-08,-9.997438431,,,,,,,,,,,,,,
6.13065,-5.13E-08,-9.997070313,,,,,,,,,,,,,,
6.13075,-1.14E-07,-9.997402191,,,,,,,,,,,,,,
6.13085,-9.97E-08,-9.997439384,,,,,,,,,,,,,,
6.13095,-1.22E-07,-9.997555733,,,,,,,,,,,,,,
6.13105,-1.02E-05,-1.317935705,,,,,,,,,,,,,,
6.13115,-1.10E-06,-0.002191004,,,,,,,,,,,,,,
6.13125,1.04E-06,-0.002151599,,,,,,,,,,,,,,
6.13135,1.91E-06,-0.001475653,,,,,,,,,,,,,,
6.13145,2.34E-06,-0.001573252,,,,,,,,,,,,,,
6.13155,2.61E-06,-0.00164953,,,,,,,,,,,,,,
6.13165,2.73E-06,-0.001643126,,,,,,,,,,,,,,
6.13175,2.81E-06,-0.001537857,,,,,,,,,,,,,,
6.13185,2.87E-06,-0.001172301,,,,,,,,,,,,,,
6.13195,2.92E-06,-0.001161183,,,,,,,,,,,,,,
6.13205,1.11E-05,-8.670601845,,,,,,,,,,,,,,
6.13215,2.03E-06,-9.996614456,,,,,,,,,,,,,,
6.13225,7.07E-07,-9.996992111,,,,,,,,,,,,,,
6.13235,2.77E-07,-9.99730587,,,,,,,,,,,,,,
6.13245,7.76E-08,-9.99746418,,,,,,,,,,,,,,
6.13255,-7.13E-09,-9.997444153,,,,,,,,,,,,,,
6.13265,-7.06E-08,-9.997282028,,,,,,,,,,,,,,
6.13275,-9.90E-08,-9.997455597,,,,,,,,,,,,,,
6.13285,-8.52E-08,-9.997434616,,,,,,,,,,,,,,
6.13295,-1.06E-07,-9.997403145,,,,,,,,,,,,,,
6.13305,-1.01E-05,-1.337903857,,,,,,,,,,,,,,
6.13315,-1.13E-06,-0.002110223,,,,,,,,,,,,,,
6.13325,1.02E-06,-0.001692313,,,,,,,,,,,,,,
6.13335,1.90E-06,-0.001642001,,,,,,,,,,,,,,
6.13345,2.36E-06,-0.001669373,,,,,,,,,,,,,,
6.13355,2.60E-06,-0.001563471,,,,,,,,,,,,,,
6.13365,2.73E-06,-0.001524417,,,,,,,,,,,,,,
6.13375,2.80E-06,-0.001731719,,,,,,,,,,,,,,
6.13385,2.88E-06,-0.001329923,,,,,,,,,,,,,,
6.13395,2.93E-06,-0.001503307,,,,,,,,,,,,,,
6.13405,1.11E-05,-8.651231766,,,,,,,,,,,,,,
6.13415,1.99E-06,-9.996816635,,,,,,,,,,,,,,
6.13425,6.87E-07,-9.997384071,,,,,,,,,,,,,,
6.13435,2.97E-07,-9.997394562,,,,,,,,,,,,,,
6.13445,1.13E-07,-9.997318268,,,,,,,,,,,,,,
6.13455,-9.32E-10,-9.997662544,,,,,,,,,,,,,,
6.13465,-2.34E-08,-9.997778893,,,,,,,,,,,,,,
6.13475,-3.35E-08,-9.997550011,,,,,,,,,,,,,,
6.13485,-7.88E-08,-9.99746418,,,,,,,,,,,,,,
6.13495,-7.43E-08,-9.997407913,,,,,,,,,,,,,,
6.13505,-1.01E-05,-1.35784781,,,,,,,,,,,,,,
6.13515,-1.05E-06,-0.002186853,,,,,,,,,,,,,,
6.13525,1.09E-06,-0.001599569,,,,,,,,,,,,,,
6.13535,1.96E-06,-0.00173003,,,,,,,,,,,,,,
6.13545,2.40E-06,-0.001648052,,,,,,,,,,,,,,
6.13555,2.62E-06,-0.001396912,,,,,,,,,,,,,,
6.13565,2.76E-06,-0.001321831,,,,,,,,,,,,,,
6.13575,2.84E-06,-0.001459469,,,,,,,,,,,,,,
6.13585,2.89E-06,-0.001457287,,,,,,,,,,,,,,
6.13595,2.89E-06,-0.001324575,,,,,,,,,,,,,,
6.13605,1.11E-05,-8.630811691,,,,,,,,,,,,,,
6.13615,2.04E-06,-9.996855736,,,,,,,,,,,,,,
6.13625,7.11E-07,-9.997112274,,,,,,,,,,,,,,
6.13635,2.87E-07,-9.997419357,,,,,,,,,,,,,,
6.13645,1.11E-07,-9.997587204,,,,,,,,,,,,,,
6.13655,-2.81E-09,-9.997636795,,,,,,,,,,,,,,
6.13665,-3.77E-08,-9.997810364,,,,,,,,,,,,,,
6.13675,-6.90E-08,-9.997833252,,,,,,,,,,,,,,
6.13685,-9.15E-08,-9.997769356,,,,,,,,,,,,,,
6.13695,-1.05E-07,-9.997915268,,,,,,,,,,,,,,
6.13705,-1.01E-05,-1.378424764,,,,,,,,,,,,,,
6.13715,-1.08E-06,-0.002619891,,,,,,,,,,,,,,
6.13725,9.87E-07,-0.00193902,,,,,,,,,,,,,,
6.13735,1.91E-06,-0.001945986,,,,,,,,,,,,,,
6.13745,2.38E-06,-0.001882937,,,,,,,,,,,,,,
6.13755,2.60E-06,-0.001848739,,,,,,,,,,,,,,
6.13765,2.80E-06,-0.001702798,,,,,,,,,,,,,,
6.13775,2.88E-06,-0.001690272,,,,,,,,,,,,,,
6.13785,2.92E-06,-0.001780764,,,,,,,,,,,,,,
6.13795,2.94E-06,-0.001417952,,,,,,,,,,,,,,
6.13805,1.11E-05,-8.610952377,,,,,,,,,,,,,,
6.13815,2.07E-06,-9.996494293,,,,,,,,,,,,,,
6.13825,7.24E-07,-9.996768951,,,,,,,,,,,,,,
6.13835,3.10E-07,-9.996955872,,,,,,,,,,,,,,
6.13845,1.33E-07,-9.997262955,,,,,,,,,,,,,,
6.13855,2.29E-08,-9.997063637,,,,,,,,,,,,,,
6.13865,-3.93E-08,-9.997300148,,,,,,,,,,,,,,
6.13875,-9.47E-08,-9.997326851,,,,,,,,,,,,,,
6.13885,-1.03E-07,-9.997312546,,,,,,,,,,,,,,
6.13895,-1.14E-07,-9.997410774,,,,,,,,,,,,,,
6.13905,-1.01E-05,-1.39825213,,,,,,,,,,,,,,
6.13915,-1.10E-06,-0.00261581,,,,,,,,,,,,,,
6.13925,1.02E-06,-0.00214238,,,,,,,,,,,,,,
6.13935,1.90E-06,-0.00182214,,,,,,,,,,,,,,
6.13945,2.34E-06,-0.001800115,,,,,,,,,,,,,,
6.13955,2.58E-06,-0.001677395,,,,,,,,,,,,,,
6.13965,2.77E-06,-0.001612235,,,,,,,,,,,,,,
6.13975,2.84E-06,-0.001850146,,,,,,,,,,,,,,
6.13985,2.90E-06,-0.001929309,,,,,,,,,,,,,,
6.13995,2.93E-06,-0.001898207,,,,,,,,,,,,,,
6.14005,1.11E-05,-8.591032028,,,,,,,,,,,,,,
6.14015,2.04E-06,-9.996735573,,,,,,,,,,,,,,
6.14025,7.00E-07,-9.997402191,,,,,,,,,,,,,,
6.14035,2.88E-07,-9.997663498,,,,,,,,,,,,,,
6.14045,1.10E-07,-9.997704506,,,,,,,,,,,,,,
6.14055,4.33E-08,-9.997657776,,,,,,,,,,,,,,
6.14065,-1.32E-08,-9.997686386,,,,,,,,,,,,,,
6.14075,-8.55E-08,-9.99776268,,,,,,,,,,,,,,
6.14085,-6.11E-08,-9.99765873,,,,,,,,,,,,,,
6.14095,-1.07E-07,-9.998171806,,,,,,,,,,,,,,
6.14105,-1.01E-05,-1.418678641,,,,,,,,,,,,,,
6.14115,-1.11E-06,-0.002636146,,,,,,,,,,,,,,
6.14125,1.07E-06,-0.002212114,,,,,,,,,,,,,,
6.14135,1.95E-06,-0.002077432,,,,,,,,,,,,,,
6.14145,2.40E-06,-0.001826151,,,,,,,,,,,,,,
6.14155,2.63E-06,-0.002110786,,,,,,,,,,,,,,
6.14165,2.79E-06,-0.001784775,,,,,,,,,,,,,,
6.14175,2.85E-06,-0.001589225,,,,,,,,,,,,,,
6.14185,2.93E-06,-0.00166304,,,,,,,,,,,,,,
6.14195,2.96E-06,-0.00178189,,,,,,,,,,,,,,
6.14205,1.11E-05,-8.570872307,,,,,,,,,,,,,,
6.14215,2.03E-06,-9.996898651,,,,,,,,,,,,,,
6.14225,7.03E-07,-9.997184753,,,,,,,,,,,,,,
6.14235,2.74E-07,-9.997450829,,,,,,,,,,,,,,
6.14245,1.17E-07,-9.997307777,,,,,,,,,,,,,,
6.14255,4.23E-08,-9.997533798,,,,,,,,,,,,,,
6.14265,-1.85E-08,-9.997790337,,,,,,,,,,,,,,
6.14275,-5.42E-08,-9.997868538,,,,,,,,,,,,,,
6.14285,-6.98E-08,-9.997804642,,,,,,,,,,,,,,
6.14295,-9.88E-08,-9.997980118,,,,,,,,,,,,,,
6.14305,-1.01E-05,-1.438753247,,,,,,,,,,,,,,
6.14315,-1.11E-06,-0.002847599,,,,,,,,,,,,,,
6.14325,1.04E-06,-0.002340393,,,,,,,,,,,,,,
6.14335,1.92E-06,-0.002161028,,,,,,,,,,,,,,
6.14345,2.43E-06,-0.002017338,,,,,,,,,,,,,,
6.14355,2.68E-06,-0.001658185,,,,,,,,,,,,,,
6.14365,2.80E-06,-0.001411197,,,,,,,,,,,,,,
6.14375,2.89E-06,-0.001353144,,,,,,,,,,,,,,
6.14385,2.91E-06,-0.001330204,,,,,,,,,,,,,,
6.14395,2.95E-06,-0.001433292,,,,,,,,,,,,,,
6.14405,1.11E-05,-8.551015854,,,,,,,,,,,,,,
6.14415,2.06E-06,-9.996749878,,,,,,,,,,,,,,
6.14425,7.15E-07,-9.997024536,,,,,,,,,,,,,,
6.14435,2.80E-07,-9.997260094,,,,,,,,,,,,,,
6.14445,9.38E-08,-9.997182846,,,,,,,,,,,,,,
6.14455,-1.47E-08,-9.997589111,,,,,,,,,,,,,,
6.14465,-4.70E-08,-9.997415543,,,,,,,,,,,,,,
6.14475,-6.74E-08,-9.997398376,,,,,,,,,,,,,,
6.14485,-9.68E-08,-9.997442245,,,,,,,,,,,,,,
6.14495,-1.11E-07,-9.997756958,,,,,,,,,,,,,,
6.14505,-1.01E-05,-1.458302021,,,,,,,,,,,,,,
6.14515,-1.15E-06,-0.002459243,,,,,,,,,,,,,,
6.14525,9.89E-07,-0.001949223,,,,,,,,,,,,,,
6.14535,1.92E-06,-0.001885259,,,,,,,,,,,,,,
6.14545,2.42E-06,-0.00161125,,,,,,,,,,,,,,
6.14555,2.66E-06,-0.001488812,,,,,,,,,,,,,,
6.14565,2.78E-06,-0.001618076,,,,,,,,,,,,,,
6.14575,2.89E-06,-0.001524417,,,,,,,,,,,,,,
6.14585,2.96E-06,-0.001444269,,,,,,,,,,,,,,
6.14595,2.97E-06,-0.001360955,,,,,,,,,,,,,,
6.14605,1.11E-05,-8.530513763,,,,,,,,,,,,,,
6.14615,2.08E-06,-9.996386528,,,,,,,,,,,,,,
6.14625,7.09E-07,-9.996887207,,,,,,,,,,,,,,
6.14635,2.75E-07,-9.99694252,,,,,,,,,,,,,,
6.14645,1.02E-07,-9.997203827,,,,,,,,,,,,,,
6.14655,1.30E-08,-9.997507095,,,,,,,,,,,,,,
6.14665,-6.31E-09,-9.997572899,,,,,,,,,,,,,,
6.14675,-6.27E-08,-9.997361183,,,,,,,,,,,,,,
6.14685,-5.44E-08,-9.997347832,,,,,,,,,,,,,,
6.14695,-9.84E-08,-9.997738838,,,,,,,,,,,,,,
6.14705,-1.01E-05,-1.478236675,,,,,,,,,,,,,,
6.14715,-1.09E-06,-0.002530666,,,,,,,,,,,,,,
6.14725,1.06E-06,-0.002295218,,,,,,,,,,,,,,
6.14735,1.99E-06,-0.002277837,,,,,,,,,,,,,,
6.14745,2.43E-06,-0.001975892,,,,,,,,,,,,,,
6.14755,2.68E-06,-0.001874564,,,,,,,,,,,,,,
6.14765,2.81E-06,-0.001859576,,,,,,,,,,,,,,
6.14775,2.89E-06,-0.001770913,,,,,,,,,,,,,,
6.14785,2.98E-06,-0.001953023,,,,,,,,,,,,,,
6.14795,2.98E-06,-0.00193529,,,,,,,,,,,,,,
6.14805,1.11E-05,-8.511267662,,,,,,,,,,,,,,
6.14815,2.05E-06,-9.996957779,,,,,,,,,,,,,,
6.14825,7.30E-07,-9.997333527,,,,,,,,,,,,,,
6.14835,2.73E-07,-9.997612953,,,,,,,,,,,,,,
6.14845,8.90E-08,-9.997803688,,,,,,,,,,,,,,
6.14855,3.09E-08,-9.997903824,,,,,,,,,,,,,,
6.14865,-2.72E-08,-9.997644424,,,,,,,,,,,,,,
6.14875,-7.90E-08,-9.997891426,,,,,,,,,,,,,,
6.14885,-7.25E-08,-9.998005867,,,,,,,,,,,,,,
6.14895,-7.16E-08,-9.99802494,,,,,,,,,,,,,,
6.14905,-1.00E-05,-1.498761296,,,,,,,,,,,,,,
6.14915,-1.10E-06,-0.002681181,,,,,,,,,,,,,,
6.14925,1.07E-06,-0.002445662,,,,,,,,,,,,,,
6.14935,2.01E-06,-0.002494005,,,,,,,,,,,,,,
6.14945,2.41E-06,-0.002175875,,,,,,,,,,,,,,
6.14955,2.69E-06,-0.001873438,,,,,,,,,,,,,,
6.14965,2.82E-06,-0.002024938,,,,,,,,,,,,,,
6.14975,2.92E-06,-0.001699631,,,,,,,,,,,,,,
6.14985,2.94E-06,-0.001901866,,,,,,,,,,,,,,
6.14995,2.99E-06,-0.001912632,,,,,,,,,,,,,,
6.15005,1.11E-05,-8.490727425,,,,,,,,,,,,,,
6.15015,2.10E-06,-9.996696472,,,,,,,,,,,,,,
6.15025,7.19E-07,-9.996972084,,,,,,,,,,,,,,
6.15035,3.05E-07,-9.996972084,,,,,,,,,,,,,,
6.15045,1.33E-07,-9.997038841,,,,,,,,,,,,,,
6.15055,2.39E-08,-9.997336388,,,,,,,,,,,,,,
6.15065,-1.66E-08,-9.997296333,,,,,,,,,,,,,,
6.15075,-2.63E-08,-9.997524261,,,,,,,,,,,,,,
6.15085,-6.55E-08,-9.99719429,,,,,,,,,,,,,,
6.15095,-6.54E-08,-9.997031212,,,,,,,,,,,,,,
6.15105,-1.00E-05,-1.518245339,,,,,,,,,,,,,,
6.15115,-1.09E-06,-0.002814104,,,,,,,,,,,,,,
6.15125,1.08E-06,-0.002353482,,,,,,,,,,,,,,
6.15135,1.99E-06,-0.002038871,,,,,,,,,,,,,,
6.15145,2.45E-06,-0.001951616,,,,,,,,,,,,,,
6.15155,2.68E-06,-0.001625816,,,,,,,,,,,,,,
6.15165,2.82E-06,-0.001741711,,,,,,,,,,,,,,
6.15175,2.95E-06,-0.001841913,,,,,,,,,,,,,,
6.15185,2.95E-06,-0.001686473,,,,,,,,,,,,,,
6.15195,3.01E-06,-0.001634542,,,,,,,,,,,,,,
6.15205,1.11E-05,-8.470741272,,,,,,,,,,,,,,
6.15215,2.10E-06,-9.996183395,,,,,,,,,,,,,,
6.15225,7.26E-07,-9.996807098,,,,,,,,,,,,,,
6.15235,2.93E-07,-9.996818542,,,,,,,,,,,,,,
6.15245,1.39E-07,-9.997019768,,,,,,,,,,,,,,
6.15255,5.78E-08,-9.997114182,,,,,,,,,,,,,,
6.15265,-4.96E-10,-9.997377396,,,,,,,,,,,,,,
6.15275,-3.49E-08,-9.997665405,,,,,,,,,,,,,,
6.15285,-3.18E-08,-9.997709274,,,,,,,,,,,,,,
6.15295,-5.70E-08,-9.997708321,,,,,,,,,,,,,,
6.15305,-9.99E-06,-1.538581133,,,,,,,,,,,,,,
6.15315,-1.06E-06,-0.002682518,,,,,,,,,,,,,,
6.15325,1.09E-06,-0.002139847,,,,,,,,,,,,,,
6.15335,2.01E-06,-0.001928605,,,,,,,,,,,,,,
6.15345,2.48E-06,-0.001586129,,,,,,,,,,,,,,
6.15355,2.71E-06,-0.001742485,,,,,,,,,,,,,,
6.15365,2.83E-06,-0.001660437,,,,,,,,,,,,,,
6.15375,2.95E-06,-0.00164763,,,,,,,,,,,,,,
6.15385,3.00E-06,-0.001635456,,,,,,,,,,,,,,
6.15395,3.01E-06,-0.001475653,,,,,,,,,,,,,,
6.15405,1.11E-05,-8.450889587,,,,,,,,,,,,,,
6.15415,2.10E-06,-9.996539116,,,,,,,,,,,,,,
6.15425,7.46E-07,-9.997156143,,,,,,,,,,,,,,
6.15435,3.25E-07,-9.997120857,,,,,,,,,,,,,,
6.15445,1.50E-07,-9.997536659,,,,,,,,,,,,,,
6.15455,6.12E-08,-9.997390747,,,,,,,,,,,,,,
6.15465,-3.30E-08,-9.99753952,,,,,,,,,,,,,,
6.15475,-5.10E-08,-9.997696877,,,,,,,,,,,,,,
6.15485,-8.54E-08,-9.997725487,,,,,,,,,,,,,,
6.15495,-9.53E-08,-9.997569084,,,,,,,,,,,,,,
6.15505,-1.00E-05,-1.558425665,,,,,,,,,,,,,,
6.15515,-1.13E-06,-0.002588015,,,,,,,,,,,,,,
6.15525,1.07E-06,-0.00224582,,,,,,,,,,,,,,
6.15535,1.98E-06,-0.002327164,,,,,,,,,,,,,,
6.15545,2.43E-06,-0.002103327,,,,,,,,,,,,,,
6.15555,2.68E-06,-0.002264538,,,,,,,,,,,,,,
6.15565,2.82E-06,-0.002037534,,,,,,,,,,,,,,
6.15575,2.91E-06,-0.001643549,,,,,,,,,,,,,,
6.15585,2.97E-06,-0.001606113,,,,,,,,,,,,,,
6.15595,3.00E-06,-0.001667755,,,,,,,,,,,,,,
6.15605,1.11E-05,-8.430924416,,,,,,,,,,,,,,
6.15615,2.11E-06,-9.996756554,,,,,,,,,,,,,,
6.15625,7.40E-07,-9.997181892,,,,,,,,,,,,,,
6.15635,2.86E-07,-9.997162819,,,,,,,,,,,,,,
6.15645,1.22E-07,-9.99717617,,,,,,,,,,,,,,
6.15655,3.00E-08,-9.997187614,,,,,,,,,,,,,,
6.15665,-2.12E-08,-9.99751091,,,,,,,,,,,,,,
6.15675,-4.42E-08,-9.997337341,,,,,,,,,,,,,,
6.15685,-3.49E-08,-9.997403145,,,,,,,,,,,,,,
6.15695,-2.98E-08,-9.997389793,,,,,,,,,,,,,,
6.15705,-1.00E-05,-1.578157544,,,,,,,,,,,,,,
6.15715,-1.11E-06,-0.002392676,,,,,,,,,,,,,,
6.15725,1.09E-06,-0.002457625,,,,,,,,,,,,,,
6.15735,1.99E-06,-0.002216547,,,,,,,,,,,,,,
6.15745,2.47E-06,-0.001908832,,,,,,,,,,,,,,
6.15755,2.69E-06,-0.001966111,,,,,,,,,,,,,,
6.15765,2.86E-06,-0.001977511,,,,,,,,,,,,,,
6.15775,2.91E-06,-0.001954501,,,,,,,,,,,,,,
6.15785,2.99E-06,-0.002012202,,,,,,,,,,,,,,
6.15795,3.06E-06,-0.001572971,,,,,,,,,,,,,,
6.15805,1.11E-05,-8.411061287,,,,,,,,,,,,,,
6.15815,2.10E-06,-9.99685955,,,,,,,,,,,,,,
6.15825,7.33E-07,-9.996973991,,,,,,,,,,,,,,
6.15835,3.15E-07,-9.997356415,,,,,,,,,,,,,,
6.15845,1.34E-07,-9.997716904,,,,,,,,,,,,,,
6.15855,3.20E-08,-9.997674942,,,,,,,,,,,,,,
6.15865,-4.17E-09,-9.997696877,,,,,,,,,,,,,,
6.15875,-5.24E-08,-9.997796059,,,,,,,,,,,,,,
6.15885,-8.16E-08,-9.997596741,,,,,,,,,,,,,,
6.15895,-8.97E-08,-9.99775219,,,,,,,,,,,,,,
6.15905,-9.99E-06,-1.598326921,,,,,,,,,,,,,,
6.15915,-1.11E-06,-0.002743315,,,,,,,,,,,,,,
6.15925,1.08E-06,-0.002355452,,,,,,,,,,,,,,
6.15935,2.00E-06,-0.001907003,,,,,,,,,,,,,,
6.15945,2.46E-06,-0.001822281,,,,,,,,,,,,,,
6.15955,2.69E-06,-0.001720741,,,,,,,,,,,,,,
6.15965,2.85E-06,-0.00170716,,,,,,,,,,,,,,
6.15975,2.96E-06,-0.001355396,,,,,,,,,,,,,,
6.15985,2.99E-06,-0.00132563,,,,,,,,,,,,,,
6.15995,3.02E-06,-0.001270674,,,,,,,,,,,,,,
6.16005,1.10E-05,-8.390454292,,,,,,,,,,,,,,
6.16015,2.09E-06,-9.996321678,,,,,,,,,,,,,,
6.16025,7.19E-07,-9.996837616,,,,,,,,,,,,,,
6.16035,3.02E-07,-9.996891022,,,,,,,,,,,,,,
6.16045,1.33E-07,-9.996987343,,,,,,,,,,,,,,
6.16055,1.53E-08,-9.997266769,,,,,,,,,,,,,,
6.16065,-2.15E-08,-9.997110367,,,,,,,,,,,,,,
6.16075,-4.74E-08,-9.997476578,,,,,,,,,,,,,,
6.16085,-6.96E-08,-9.99739933,,,,,,,,,,,,,,
6.16095,-7.80E-08,-9.997440338,,,,,,,,,,,,,,
6.16105,-9.99E-06,-1.617976546,,,,,,,,,,,,,,
6.16115,-1.12E-06,-0.002405835,,,,,,,,,,,,,,
6.16125,1.09E-06,-0.001762117,,,,,,,,,,,,,,
6.16135,2.05E-06,-0.001560093,,,,,,,,,,,,,,
6.16145,2.49E-06,-0.001477975,,,,,,,,,,,,,,
6.16155,2.72E-06,-0.001273277,,,,,,,,,,,,,,
6.16165,2.88E-06,-0.001147461,,,,,,,,,,,,,,
6.16175,2.99E-06,-0.00112044,,,,,,,,,,,,,,
6.16185,3.01E-06,-0.001166882,,,,,,,,,,,,,,
6.16195,3.04E-06,-0.000990824,,,,,,,,,,,,,,
6.16205,1.11E-05,-8.370345116,,,,,,,,,,,,,,
6.16215,2.11E-06,-9.996253967,,,,,,,,,,,,,,
6.16225,7.24E-07,-9.996780396,,,,,,,,,,,,,,
6.16235,3.04E-07,-9.996541977,,,,,,,,,,,,,,
6.16245,1.36E-07,-9.996761322,,,,,,,,,,,,,,
6.16255,3.46E-08,-9.996881485,,,,,,,,,,,,,,
6.16265,-3.03E-08,-9.996883392,,,,,,,,,,,,,,
6.16275,-3.24E-08,-9.997059822,,,,,,,,,,,,,,
6.16285,-5.99E-08,-9.997114182,,,,,,,,,,,,,,
6.16295,-1.03E-07,-9.997609138,,,,,,,,,,,,,,
6.16305,-1.00E-05,-1.637998939,,,,,,,,,,,,,,
6.16315,-1.12E-06,-0.002148151,,,,,,,,,,,,,,
6.16325,1.08E-06,-0.001807082,,,,,,,,,,,,,,
6.16335,2.01E-06,-0.001633627,,,,,,,,,,,,,,
6.16345,2.47E-06,-0.001386076,,,,,,,,,,,,,,
6.16355,2.70E-06,-0.001533846,,,,,,,,,,,,,,
6.16365,2.85E-06,-0.00165917,,,,,,,,,,,,,,
6.16375,2.95E-06,-0.001441173,,,,,,,,,,,,,,
6.16385,3.01E-06,-0.001219517,,,,,,,,,,,,,,
6.16395,3.02E-06,-0.001069917,,,,,,,,,,,,,,
6.16405,1.11E-05,-8.350387573,,,,,,,,,,,,,,
6.16415,2.10E-06,-9.995965958,,,,,,,,,,,,,,
6.16425,7.06E-07,-9.996490479,,,,,,,,,,,,,,
6.16435,2.71E-07,-9.996974945,,,,,,,,,,,,,,
6.16445,1.13E-07,-9.996833801,,,,,,,,,,,,,,
6.16455,1.81E-08,-9.997154236,,,,,,,,,,,,,,
6.16465,-4.15E-08,-9.997203827,,,,,,,,,,,,,,
6.16475,-4.34E-08,-9.997073174,,,,,,,,,,,,,,
6.16485,-6.17E-08,-9.997014999,,,,,,,,,,,,,,
6.16495,-7.84E-08,-9.997109413,,,,,,,,,,,,,,
6.16505,-9.99E-06,-1.657697797,,,,,,,,,,,,,,
6.16515,-1.14E-06,-0.002157439,,,,,,,,,,,,,,
6.16525,1.10E-06,-0.002016635,,,,,,,,,,,,,,
6.16535,1.99E-06,-0.001542994,,,,,,,,,,,,,,
6.16545,2.46E-06,-0.001592251,,,,,,,,,,,,,,
6.16555,2.71E-06,-0.001376084,,,,,,,,,,,,,,
6.16565,2.84E-06,-0.001079627,,,,,,,,,,,,,,
6.16575,2.92E-06,-0.00133696,,,,,,,,,,,,,,
6.16585,3.01E-06,-0.001537506,,,,,,,,,,,,,,
6.16595,3.01E-06,-0.001357225,,,,,,,,,,,,,,
6.16605,1.11E-05,-8.33049202,,,,,,,,,,,,,,
6.16615,2.08E-06,-9.996259689,,,,,,,,,,,,,,
6.16625,7.18E-07,-9.996831894,,,,,,,,,,,,,,
6.16635,2.65E-07,-9.997181892,,,,,,,,,,,,,,
6.16645,7.70E-08,-9.997215271,,,,,,,,,,,,,,
6.16655,-1.09E-08,-9.997211456,,,,,,,,,,,,,,
6.16665,-7.15E-08,-9.997204781,,,,,,,,,,,,,,
6.16675,-1.16E-07,-9.99708271,,,,,,,,,,,,,,
6.16685,-1.34E-07,-9.997200012,,,,,,,,,,,,,,
6.16695,-1.18E-07,-9.997290611,,,,,,,,,,,,,,
6.16705,-1.00E-05,-1.677614093,,,,,,,,,,,,,,
6.16715,-1.13E-06,-0.002344545,,,,,,,,,,,,,,
6.16725,1.07E-06,-0.0021307,,,,,,,,,,,,,,
6.16735,2.00E-06,-0.002150825,,,,,,,,,,,,,,
6.16745,2.44E-06,-0.001682814,,,,,,,,,,,,,,
6.16755,2.72E-06,-0.001805604,,,,,,,,,,,,,,
6.16765,2.87E-06,-0.001941553,,,,,,,,,,,,,,
6.16775,2.96E-06,-0.001541728,,,,,,,,,,,,,,
6.16785,3.00E-06,-0.001378546,,,,,,,,,,,,,,
6.16795,3.05E-06,-0.001499859,,,,,,,,,,,,,,
6.16805,1.11E-05,-8.31081295,,,,,,,,,,,,,,
6.16815,2.13E-06,-9.996227264,,,,,,,,,,,,,,
6.16825,7.34E-07,-9.996746063,,,,,,,,,,,,,,
6.16835,3.09E-07,-9.996935844,,,,,,,,,,,,,,
6.16845,1.30E-07,-9.997148514,,,,,,,,,,,,,,
6.16855,2.34E-08,-9.997432709,,,,,,,,,,,,,,
6.16865,-6.17E-09,-9.99724865,,,,,,,,,,,,,,
6.16875,-4.39E-08,-9.997281075,,,,,,,,,,,,,,
6.16885,-6.85E-08,-9.9973526,,,,,,,,,,,,,,
6.16895,-6.39E-08,-9.997241974,,,,,,,,,,,,,,
6.16905,-9.96E-06,-1.698015213,,,,,,,,,,,,,,
6.16915,-1.15E-06,-0.00245284,,,,,,,,,,,,,,
6.16925,1.10E-06,-0.002124578,,,,,,,,,,,,,,
6.16935,2.05E-06,-0.001883922,,,,,,,,,,,,,,
6.16945,2.49E-06,-0.001708427,,,,,,,,,,,,,,
6.16955,2.75E-06,-0.001559953,,,,,,,,,,,,,,
6.16965,2.92E-06,-0.001866823,,,,,,,,,,,,,,
6.16975,2.97E-06,-0.001756769,,,,,,,,,,,,,,
6.16985,3.03E-06,-0.001568467,,,,,,,,,,,,,,
6.16995,3.03E-06,-0.001447577,,,,,,,,,,,,,,
6.17005,1.11E-05,-8.290504456,,,,,,,,,,,,,,
6.17015,2.15E-06,-9.996448517,,,,,,,,,,,,,,
6.17025,7.24E-07,-9.996665955,,,,,,,,,,,,,,
6.17035,2.66E-07,-9.996916771,,,,,,,,,,,,,,
6.17045,1.07E-07,-9.996886253,,,,,,,,,,,,,,
6.17055,3.81E-08,-9.99673748,,,,,,,,,,,,,,
6.17065,-3.27E-08,-9.996689796,,,,,,,,,,,,,,
6.17075,-5.14E-08,-9.997014046,,,,,,,,,,,,,,
6.17085,-8.02E-08,-9.996869087,,,,,,,,,,,,,,
6.17095,-8.57E-08,-9.99719429,,,,,,,,,,,,,,
6.17105,-9.95E-06,-1.717849374,,,,,,,,,,,,,,
6.17115,-1.17E-06,-0.002191215,,,,,,,,,,,,,,
6.17125,1.08E-06,-0.001484238,,,,,,,,,,,,,,
6.17135,2.02E-06,-0.001224654,,,,,,,,,,,,,,
6.17145,2.50E-06,-0.001248649,,,,,,,,,,,,,,
6.17155,2.72E-06,-0.001407678,,,,,,,,,,,,,,
6.17165,2.87E-06,-0.001028752,,,,,,,,,,,,,,
6.17175,2.97E-06,-0.001100456,,,,,,,,,,,,,,
6.17185,3.03E-06,-0.000895266,,,,,,,,,,,,,,
6.17195,3.06E-06,-0.001242597,,,,,,,,,,,,,,
6.17205,1.11E-05,-8.270604134,,,,,,,,,,,,,,
6.17215,2.16E-06,-9.996368408,,,,,,,,,,,,,,
6.17225,7.60E-07,-9.996602058,,,,,,,,,,,,,,
6.17235,2.96E-07,-9.996752739,,,,,,,,,,,,,,
6.17245,1.30E-07,-9.997097969,,,,,,,,,,,,,,
6.17255,1.85E-08,-9.997198105,,,,,,,,,,,,,,
6.17265,-3.66E-08,-9.996980667,,,,,,,,,,,,,,
6.17275,-3.37E-08,-9.9972229,,,,,,,,,,,,,,
6.17285,-6.25E-08,-9.997199059,,,,,,,,,,,,,,
6.17295,-6.02E-08,-9.997086525,,,,,,,,,,,,,,
6.17305,-9.96E-06,-1.737702847,,,,,,,,,,,,,,
6.17315,-1.15E-06,-0.002158424,,,,,,,,,,,,,,
6.17325,1.07E-06,-0.001714901,,,,,,,,,,,,,,
6.17335,1.99E-06,-0.001491626,,,,,,,,,,,,,,
6.17345,2.48E-06,-0.001449406,,,,,,,,,,,,,,
6.17355,2.76E-06,-0.001285943,,,,,,,,,,,,,,
6.17365,2.89E-06,-0.001277359,,,,,,,,,,,,,,
6.17375,2.97E-06,-0.001113966,,,,,,,,,,,,,,
6.17385,3.01E-06,-0.001190455,,,,,,,,,,,,,,
6.17395,3.06E-06,-0.000799356,,,,,,,,,,,,,,
6.17405,1.11E-05,-8.250097275,,,,,,,,,,,,,,
6.17415,2.14E-06,-9.996082306,,,,,,,,,,,,,,
6.17425,7.24E-07,-9.996621132,,,,,,,,,,,,,,
6.17435,2.79E-07,-9.99660778,,,,,,,,,,,,,,
6.17445,9.80E-08,-9.997009277,,,,,,,,,,,,,,
6.17455,7.44E-09,-9.997094154,,,,,,,,,,,,,,
6.17465,-7.52E-08,-9.996944427,,,,,,,,,,,,,,
6.17475,-9.82E-08,-9.997219086,,,,,,,,,,,,,,
6.17485,-1.20E-07,-9.997186661,,,,,,,,,,,,,,
6.17495,-1.02E-07,-9.997349739,,,,,,,,,,,,,,
6.17505,-9.99E-06,-1.757655501,,,,,,,,,,,,,,
6.17515,-1.16E-06,-0.002216336,,,,,,,,,,,,,,
6.17525,1.11E-06,-0.001684924,,,,,,,,,,,,,,
6.17535,2.02E-06,-0.001781468,,,,,,,,,,,,,,
6.17545,2.46E-06,-0.001315005,,,,,,,,,,,,,,
6.17555,2.73E-06,-0.001452854,,,,,,,,,,,,,,
6.17565,2.88E-06,-0.001220432,,,,,,,,,,,,,,
6.17575,2.95E-06,-0.001197,,,,,,,,,,,,,,
6.17585,3.02E-06,-0.001181167,,,,,,,,,,,,,,
6.17595,3.03E-06,-0.00104761,,,,,,,,,,,,,,
6.17605,1.11E-05,-8.230503082,,,,,,,,,,,,,,
6.17615,2.14E-06,-9.996194839,,,,,,,,,,,,,,
6.17625,7.20E-07,-9.996841431,,,,,,,,,,,,,,
6.17635,2.92E-07,-9.997069359,,,,,,,,,,,,,,
6.17645,9.99E-08,-9.997037888,,,,,,,,,,,,,,
6.17655,1.27E-08,-9.997397423,,,,,,,,,,,,,,
6.17665,-4.76E-08,-9.997302055,,,,,,,,,,,,,,
6.17675,-8.31E-08,-9.99724102,,,,,,,,,,,,,,
6.17685,-7.89E-08,-9.997355461,,,,,,,,,,,,,,
6.17695,-9.30E-08,-9.997661591,,,,,,,,,,,,,,
6.17705,-9.96E-06,-1.777853251,,,,,,,,,,,,,,
6.17715,-1.14E-06,-0.002264327,,,,,,,,,,,,,,
6.17725,1.12E-06,-0.002050763,,,,,,,,,,,,,,
6.17735,2.05E-06,-0.001523854,,,,,,,,,,,,,,
6.17745,2.53E-06,-0.001338226,,,,,,,,,,,,,,
6.17755,2.79E-06,-0.00119714,,,,,,,,,,,,,,
6.17765,2.90E-06,-0.001260119,,,,,,,,,,,,,,
6.17775,2.99E-06,-0.001217617,,,,,,,,,,,,,,
6.17785,3.00E-06,-0.001220713,,,,,,,,,,,,,,
6.17795,3.04E-06,-0.001532861,,,,,,,,,,,,,,
6.17805,1.11E-05,-8.210730553,,,,,,,,,,,,,,
6.17815,2.14E-06,-9.99604702,,,,,,,,,,,,,,
6.17825,7.03E-07,-9.996394157,,,,,,,,,,,,,,
6.17835,2.84E-07,-9.996652603,,,,,,,,,,,,,,
6.17845,1.04E-07,-9.996567726,,,,,,,,,,,,,,
6.17855,-1.86E-08,-9.996959686,,,,,,,,,,,,,,
6.17865,-4.41E-08,-9.996832848,,,,,,,,,,,,,,
6.17875,-7.90E-08,-9.99716568,,,,,,,,,,,,,,
6.17885,-1.15E-07,-9.997089386,,,,,,,,,,,,,,
6.17895,-9.52E-08,-9.997214317,,,,,,,,,,,,,,
6.17905,-9.96E-06,-1.797827959,,,,,,,,,,,,,,
6.17915,-1.19E-06,-0.002181153,,,,,,,,,,,,,,
6.17925,1.07E-06,-0.00193712,,,,,,,,,,,,,,
6.17935,2.04E-06,-0.002093405,,,,,,,,,,,,,,
6.17945,2.51E-06,-0.001845361,,,,,,,,,,,,,,
6.17955,2.74E-06,-0.001464817,,,,,,,,,,,,,,
6.17965,2.89E-06,-0.001359125,,,,,,,,,,,,,,
6.17975,2.99E-06,-0.001473612,,,,,,,,,,,,,,
6.17985,3.03E-06,-0.001241823,,,,,,,,,,,,,,
6.17995,3.01E-06,-0.001364684,,,,,,,,,,,,,,
6.18005,1.11E-05,-8.190646172,,,,,,,,,,,,,,
6.18015,2.15E-06,-9.99610424,,,,,,,,,,,,,,
6.18025,7.28E-07,-9.996595383,,,,,,,,,,,,,,
6.18035,2.81E-07,-9.996954918,,,,,,,,,,,,,,
6.18045,9.11E-08,-9.997196198,,,,,,,,,,,,,,
6.18055,-5.24E-10,-9.997185707,,,,,,,,,,,,,,
6.18065,-3.39E-08,-9.997152328,,,,,,,,,,,,,,
6.18075,-4.62E-08,-9.997308731,,,,,,,,,,,,,,
6.18085,-7.66E-08,-9.997175217,,,,,,,,,,,,,,
6.18095,-7.05E-08,-9.997020721,,,,,,,,,,,,,,
6.18105,-9.88E-06,-1.81793046,,,,,,,,,,,,,,
6.18115,-1.16E-06,-0.002230128,,,,,,,,,,,,,,
6.18125,1.10E-06,-0.001683236,,,,,,,,,,,,,,
6.18135,2.05E-06,-0.001527232,,,,,,,,,,,,,,
6.18145,2.51E-06,-0.001483604,,,,,,,,,,,,,,
6.18155,2.77E-06,-0.001321831,,,,,,,,,,,,,,
6.18165,2.90E-06,-0.001097078,,,,,,,,,,,,,,
6.18175,2.99E-06,-0.001314724,,,,,,,,,,,,,,
6.18185,3.03E-06,-0.001426466,,,,,,,,,,,,,,
6.18195,3.06E-06,-0.001428859,,,,,,,,,,,,,,
6.18205,1.11E-05,-8.170824051,,,,,,,,,,,,,,
6.18215,2.15E-06,-9.996317863,,,,,,,,,,,,,,
6.18225,7.19E-07,-9.996733665,,,,,,,,,,,,,,
6.18235,3.02E-07,-9.996829987,,,,,,,,,,,,,,
6.18245,1.26E-07,-9.997220993,,,,,,,,,,,,,,
6.18255,1.77E-08,-9.996931076,,,,,,,,,,,,,,
6.18265,-3.38E-08,-9.997163773,,,,,,,,,,,,,,
6.18275,-6.54E-08,-9.997087479,,,,,,,,,,,,,,
6.18285,-6.49E-08,-9.996954918,,,,,,,,,,,,,,
6.18295,-8.36E-08,-9.996992111,,,,,,,,,,,,,,
6.18305,-9.92E-06,-1.837853909,,,,,,,,,,,,,,
6.18315,-1.17E-06,-0.002392324,,,,,,,,,,,,,,
6.18325,1.10E-06,-0.001865979,,,,,,,,,,,,,,
6.18335,2.00E-06,-0.00144047,,,,,,,,,,,,,,
6.18345,2.50E-06,-0.00129094,,,,,,,,,,,,,,
6.18355,2.76E-06,-0.001319509,,,,,,,,,,,,,,
6.18365,2.90E-06,-0.001167164,,,,,,,,,,,,,,
6.18375,2.99E-06,-0.001054858,,,,,,,,,,,,,,
6.18385,3.06E-06,-0.001414223,,,,,,,,,,,,,,
6.18395,3.09E-06,-0.001372425,,,,,,,,,,,,,,
6.18405,1.11E-05,-8.150800705,,,,,,,,,,,,,,
6.18415,2.16E-06,-9.99625206,,,,,,,,,,,,,,
6.18425,7.22E-07,-9.996659279,,,,,,,,,,,,,,
6.18435,3.14E-07,-9.996604919,,,,,,,,,,,,,,
6.18445,9.27E-08,-9.997086525,,,,,,,,,,,,,,
6.18455,8.46E-09,-9.997016907,,,,,,,,,,,,,,
6.18465,-5.94E-08,-9.996747971,,,,,,,,,,,,,,
6.18475,-5.25E-08,-9.996955872,,,,,,,,,,,,,,
6.18485,-9.66E-08,-9.997026443,,,,,,,,,,,,,,
6.18495,-1.04E-07,-9.996993065,,,,,,,,,,,,,,
6.18505,-9.94E-06,-1.857753754,,,,,,,,,,,,,,
6.18515,-1.18E-06,-0.002261793,,,,,,,,,,,,,,
6.18525,1.09E-06,-0.001792727,,,,,,,,,,,,,,
6.18535,2.07E-06,-0.001575363,,,,,,,,,,,,,,
6.18545,2.53E-06,-0.001593096,,,,,,,,,,,,,,
6.18555,2.80E-06,-0.001365317,,,,,,,,,,,,,,
6.18565,2.93E-06,-0.00129298,,,,,,,,,,,,,,
6.18575,2.99E-06,-0.001372847,,,,,,,,,,,,,,
6.18585,3.02E-06,-0.001405145,,,,,,,,,,,,,,
6.18595,3.11E-06,-0.001567552,,,,,,,,,,,,,,
6.18605,1.11E-05,-8.130805016,,,,,,,,,,,,,,
6.18615,2.17E-06,-9.996069908,,,,,,,,,,,,,,
6.18625,7.20E-07,-9.996626854,,,,,,,,,,,,,,
6.18635,2.84E-07,-9.996929169,,,,,,,,,,,,,,
6.18645,7.00E-08,-9.996881485,,,,,,,,,,,,,,
6.18655,-1.03E-08,-9.997216225,,,,,,,,,,,,,,
6.18665,-6.42E-08,-9.996963501,,,,,,,,,,,,,,
6.18675,-9.37E-08,-9.996806145,,,,,,,,,,,,,,
6.18685,-1.07E-07,-9.997196198,,,,,,,,,,,,,,
6.18695,-1.35E-07,-9.99714756,,,,,,,,,,,,,,
6.18705,-9.96E-06,-1.87787652,,,,,,,,,,,,,,
6.18715,-1.23E-06,-0.002303028,,,,,,,,,,,,,,
6.18725,1.06E-06,-0.00184325,,,,,,,,,,,,,,
6.18735,2.04E-06,-0.001648123,,,,,,,,,,,,,,
6.18745,2.50E-06,-0.00138298,,,,,,,,,,,,,,
6.18755,2.73E-06,-0.001147461,,,,,,,,,,,,,,
6.18765,2.92E-06,-0.001303535,,,,,,,,,,,,,,
6.18775,2.99E-06,-0.00122592,,,,,,,,,,,,,,
6.18785,3.07E-06,-0.001212269,,,,,,,,,,,,,,
6.18795,3.09E-06,-0.001223387,,,,,,,,,,,,,,
6.18805,1.11E-05,-8.11082077,,,,,,,,,,,,,,
6.18815,2.19E-06,-9.996159554,,,,,,,,,,,,,,
6.18825,7.34E-07,-9.996795654,,,,,,,,,,,,,,
6.18835,3.15E-07,-9.996994019,,,,,,,,,,,,,,
6.18845,1.00E-07,-9.997044563,,,,,,,,,,,,,,
6.18855,3.39E-08,-9.99729538,,,,,,,,,,,,,,
6.18865,-2.24E-08,-9.997300148,,,,,,,,,,,,,,
6.18875,-3.91E-08,-9.997205734,,,,,,,,,,,,,,
6.18885,-7.27E-08,-9.997221947,,,,,,,,,,,,,,
6.18895,-8.81E-08,-9.997377396,,,,,,,,,,,,,,
6.18905,-9.88E-06,-1.897456527,,,,,,,,,,,,,,
6.18915,-1.18E-06,-0.001905877,,,,,,,,,,,,,,
6.18925,1.13E-06,-0.001581626,,,,,,,,,,,,,,
6.18935,2.08E-06,-0.001387694,,,,,,,,,,,,,,
6.18945,2.56E-06,-0.001038181,,,,,,,,,,,,,,
6.18955,2.81E-06,-0.001065554,,,,,,,,,,,,,,
6.18965,2.93E-06,-0.000744047,,,,,,,,,,,,,,
6.18975,3.03E-06,-0.000937416,,,,,,,,,,,,,,
6.18985,3.06E-06,-0.000961763,,,,,,,,,,,,,,
6.18995,3.12E-06,-0.000914546,,,,,,,,,,,,,,
6.19005,1.11E-05,-8.090475082,,,,,,,,,,,,,,
6.19015,2.20E-06,-9.995956421,,,,,,,,,,,,,,
6.19025,7.56E-07,-9.996603966,,,,,,,,,,,,,,
6.19035,3.24E-07,-9.996730804,,,,,,,,,,,,,,
6.19045,1.68E-07,-9.997093201,,,,,,,,,,,,,,
6.19055,2.67E-08,-9.997003555,,,,,,,,,,,,,,
6.19065,-2.66E-08,-9.997306824,,,,,,,,,,,,,,
6.19075,-4.57E-08,-9.997415543,,,,,,,,,,,,,,
6.19085,-3.96E-08,-9.99744606,,,,,,,,,,,,,,
6.19095,-8.74E-08,-9.99777317,,,,,,,,,,,,,,
6.19105,-9.87E-06,-1.917839408,,,,,,,,,,,,,,
6.19115,-1.21E-06,-0.002278259,,,,,,,,,,,,,,
6.19125,1.09E-06,-0.001700194,,,,,,,,,,,,,,
6.19135,2.07E-06,-0.00164186,,,,,,,,,,,,,,
6.19145,2.55E-06,-0.001594784,,,,,,,,,,,,,,
6.19155,2.80E-06,-0.00136201,,,,,,,,,,,,,,
6.19165,2.95E-06,-0.001395012,,,,,,,,,,,,,,
6.19175,3.03E-06,-0.001241683,,,,,,,,,,,,,,
6.19185,3.12E-06,-0.00104951,,,,,,,,,,,,,,
6.19195,3.13E-06,-0.000850442,,,,,,,,,,,,,,
6.19205,1.11E-05,-8.071051598,,,,,,,,,,,,,,
6.19215,2.20E-06,-9.996658325,,,,,,,,,,,,,,
6.19225,7.38E-07,-9.9970541,,,,,,,,,,,,,,
6.19235,2.96E-07,-9.997024536,,,,,,,,,,,,,,
6.19245,1.20E-07,-9.997200966,,,,,,,,,,,,,,
6.19255,1.60E-08,-9.99717617,,,,,,,,,,,,,,
6.19265,-4.12E-08,-9.997215271,,,,,,,,,,,,,,
6.19275,-3.64E-08,-9.997190475,,,,,,,,,,,,,,
6.19285,-7.08E-08,-9.997282982,,,,,,,,,,,,,,
6.19295,-7.77E-08,-9.997114182,,,,,,,,,,,,,,
6.19305,-9.89E-06,-1.937351465,,,,,,,,,,,,,,
6.19315,-1.21E-06,-0.001934165,,,,,,,,,,,,,,
6.19325,1.09E-06,-0.001685769,,,,,,,,,,,,,,
6.19335,2.04E-06,-0.001414574,,,,,,,,,,,,,,
6.19345,2.54E-06,-0.001298961,,,,,,,,,,,,,,
6.19355,2.83E-06,-0.001298258,,,,,,,,,,,,,,
6.19365,2.95E-06,-0.001074842,,,,,,,,,,,,,,
6.19375,3.01E-06,-0.001070972,,,,,,,,,,,,,,
6.19385,3.09E-06,-0.001186585,,,,,,,,,,,,,,
6.19395,3.15E-06,-0.001211917,,,,,,,,,,,,,,
6.19405,1.11E-05,-8.050811768,,,,,,,,,,,,,,
6.19415,2.20E-06,-9.996741295,,,,,,,,,,,,,,
6.19425,7.27E-07,-9.997189522,,,,,,,,,,,,,,
6.19435,3.04E-07,-9.997416496,,,,,,,,,,,,,,
6.19445,1.27E-07,-9.997327805,,,,,,,,,,,,,,
6.19455,7.75E-08,-9.997494698,,,,,,,,,,,,,,
6.19465,-1.08E-08,-9.997332573,,,,,,,,,,,,,,
6.19475,-5.70E-08,-9.997300148,,,,,,,,,,,,,,
6.19485,-5.26E-08,-9.997363091,,,,,,,,,,,,,,
6.19495,-7.30E-08,-9.997282028,,,,,,,,,,,,,,
6.19505,-9.87E-06,-1.957707644,,,,,,,,,,,,,,
6.19515,-1.21E-06,-0.002053859,,,,,,,,,,,,,,
6.19525,1.10E-06,-0.001733689,,,,,,,,,,,,,,
6.19535,2.05E-06,-0.001559038,,,,,,,,,,,,,,
6.19545,2.53E-06,-0.00136398,,,,,,,,,,,,,,
6.19555,2.80E-06,-0.00117793,,,,,,,,,,,,,,
6.19565,2.93E-06,-0.001398883,,,,,,,,,,,,,,
6.19575,3.00E-06,-0.001512033,,,,,,,,,,,,,,
6.19585,3.07E-06,-0.001483886,,,,,,,,,,,,,,
6.19595,3.13E-06,-0.0015019,,,,,,,,,,,,,,
6.19605,1.11E-05,-8.031220436,,,,,,,,,,,,,,
6.19615,2.19E-06,-9.996487617,,,,,,,,,,,,,,
6.19625,7.61E-07,-9.997084618,,,,,,,,,,,,,,
6.19635,3.02E-07,-9.997470856,,,,,,,,,,,,,,
6.19645,9.20E-08,-9.997223854,,,,,,,,,,,,,,
6.19655,2.58E-08,-9.997122765,,,,,,,,,,,,,,
6.19665,-1.63E-08,-9.997189522,,,,,,,,,,,,,,
6.19675,-4.06E-08,-9.997225761,,,,,,,,,,,,,,
6.19685,-6.41E-08,-9.997496605,,,,,,,,,,,,,,
6.19695,-5.89E-08,-9.997648239,,,,,,,,,,,,,,
6.19705,-9.88E-06,-1.977678299,,,,,,,,,,,,,,
6.19715,-1.24E-06,-0.00198321,,,,,,,,,,,,,,
6.19725,1.08E-06,-0.002039363,,,,,,,,,,,,,,
6.19735,2.06E-06,-0.001869708,,,,,,,,,,,,,,
6.19745,2.52E-06,-0.001527232,,,,,,,,,,,,,,
6.19755,2.79E-06,-0.001488178,,,,,,,,,,,,,,
6.19765,2.96E-06,-0.001570789,,,,,,,,,,,,,,
6.19775,3.05E-06,-0.001273629,,,,,,,,,,,,,,
6.19785,3.07E-06,-0.001258219,,,,,,,,,,,,,,
6.19795,3.12E-06,-0.001236475,,,,,,,,,,,,,,
6.19805,1.11E-05,-8.010769844,,,,,,,,,,,,,,
6.19815,2.21E-06,-9.996248245,,,,,,,,,,,,,,
6.19825,7.47E-07,-9.996889114,,,,,,,,,,,,,,
6.19835,3.25E-07,-9.996824265,,,,,,,,,,,,,,
6.19845,9.50E-08,-9.996976852,,,,,,,,,,,,,,
6.19855,6.47E-09,-9.997073174,,,,,,,,,,,,,,
6.19865,-4.33E-08,-9.997143745,,,,,,,,,,,,,,
6.19875,-7.24E-08,-9.997319221,,,,,,,,,,,,,,
6.19885,-8.50E-08,-9.99742794,,,,,,,,,,,,,,
6.19895,-8.66E-08,-9.997264862,,,,,,,,,,,,,,
6.19905,-9.87E-06,-1.997948647,,,,,,,,,,,,,,
6.19915,-1.22E-06,-0.002390847,,,,,,,,,,,,,,
6.19925,1.10E-06,-0.00191988,,,,,,,,,,,,,,
6.19935,2.04E-06,-0.00152491,,,,,,,,,,,,,,
6.19945,2.51E-06,-0.001568397,,,,,,,,,,,,,,
6.19955,2.75E-06,-0.001571563,,,,,,,,,,,,,,
6.19965,2.94E-06,-0.001291291,,,,,,,,,,,,,,
6.19975,3.04E-06,-0.001422315,,,,,,,,,,,,,,
6.19985,3.08E-06,-0.001259767,,,,,,,,,,,,,,
6.19995,3.13E-06,-0.001264341,,,,,,,,,,,,,,
6.20005,1.11E-05,-7.990586758,,,,,,,,,,,,,,
6.20015,2.21E-06,-9.996112823,,,,,,,,,,,,,,
6.20025,7.24E-07,-9.996577263,,,,,,,,,,,,,,
6.20035,2.88E-07,-9.996870995,,,,,,,,,,,,,,
6.20045,1.08E-07,-9.996931076,,,,,,,,,,,,,,
6.20055,5.05E-09,-9.99669075,,,,,,,,,,,,,,
6.20065,-2.70E-08,-9.99685955,,,,,,,,,,,,,,
6.20075,-4.18E-08,-9.996804237,,,,,,,,,,,,,,
6.20085,-5.34E-08,-9.997027397,,,,,,,,,,,,,,
6.20095,-8.66E-08,-9.997073174,,,,,,,,,,,,,,
6.20105,-9.86E-06,-2.017661333,,,,,,,,,,,,,,
6.20115,-1.20E-06,-0.002102482,,,,,,,,,,,,,,
6.20125,1.09E-06,-0.001803563,,,,,,,,,,,,,,
6.20135,2.08E-06,-0.001550031,,,,,,,,,,,,,,
6.20145,2.58E-06,-0.001631657,,,,,,,,,,,,,,
6.20155,2.86E-06,-0.001441173,,,,,,,,,,,,,,
6.20165,2.96E-06,-0.00120861,,,,,,,,,,,,,,
6.20175,3.09E-06,-0.001330204,,,,,,,,,,,,,,
6.20185,3.11E-06,-0.001553549,,,,,,,,,,,,,,
6.20195,3.14E-06,-0.001430759,,,,,,,,,,,,,,
6.20205,1.11E-05,-7.970825672,,,,,,,,,,,,,,
6.20215,2.25E-06,-9.996165276,,,,,,,,,,,,,,
6.20225,7.58E-07,-9.996593475,,,,,,,,,,,,,,
6.20235,3.13E-07,-9.996841431,,,,,,,,,,,,,,
6.20245,1.34E-07,-9.997189522,,,,,,,,,,,,,,
6.20255,2.33E-08,-9.997069359,,,,,,,,,,,,,,
6.20265,-7.63E-09,-9.997089386,,,,,,,,,,,,,,
6.20275,-4.81E-08,-9.996905327,,,,,,,,,,,,,,
6.20285,-3.58E-08,-9.997140884,,,,,,,,,,,,,,
6.20295,-9.95E-08,-9.997348785,,,,,,,,,,,,,,
6.20305,-9.84E-06,-2.038262844,,,,,,,,,,,,,,
6.20315,-1.19E-06,-0.002537069,,,,,,,,,,,,,,
6.20325,1.14E-06,-0.002183264,,,,,,,,,,,,,,
6.20335,2.09E-06,-0.002017409,,,,,,,,,,,,,,
6.20345,2.55E-06,-0.002104734,,,,,,,,,,,,,,
6.20355,2.82E-06,-0.00207131,,,,,,,,,,,,,,
6.20365,2.96E-06,-0.001650445,,,,,,,,,,,,,,
6.20375,3.07E-06,-0.001777246,,,,,,,,,,,,,,
6.20385,3.12E-06,-0.001466224,,,,,,,,,,,,,,
6.20395,3.17E-06,-0.001545387,,,,,,,,,,,,,,
6.20405,1.11E-05,-7.950695038,,,,,,,,,,,,,,
6.20415,2.20E-06,-9.996634483,,,,,,,,,,,,,,
6.20425,7.38E-07,-9.99689579,,,,,,,,,,,,,,
6.20435,3.18E-07,-9.99698925,,,,,,,,,,,,,,
6.20445,1.16E-07,-9.997055054,,,,,,,,,,,,,,
6.20455,4.39E-08,-9.997093201,,,,,,,,,,,,,,
6.20465,-1.70E-08,-9.997067451,,,,,,,,,,,,,,
6.20475,-2.98E-08,-9.997282028,,,,,,,,,,,,,,
6.20485,-7.43E-08,-9.99717617,,,,,,,,,,,,,,
6.20495,-7.58E-08,-9.996963501,,,,,,,,,,,,,,
6.20505,-9.80E-06,-2.057586908,,,,,,,,,,,,,,
6.20515,-1.20E-06,-0.002185375,,,,,,,,,,,,,,
6.20525,1.16E-06,-0.001645449,,,,,,,,,,,,,,
6.20535,2.12E-06,-0.001697239,,,,,,,,,,,,,,
6.20545,2.57E-06,-0.001427803,,,,,,,,,,,,,,
6.20555,2.83E-06,-0.001395153,,,,,,,,,,,,,,
6.20565,2.97E-06,-0.001643689,,,,,,,,,,,,,,
6.20575,3.06E-06,-0.001507037,,,,,,,,,,,,,,
6.20585,3.11E-06,-0.001131136,,,,,,,,,,,,,,
6.20595,3.14E-06,-0.000847205,,,,,,,,,,,,,,
6.20605,1.11E-05,-7.930348396,,,,,,,,,,,,,,
6.20615,2.23E-06,-9.995780945,,,,,,,,,,,,,,
6.20625,7.66E-07,-9.996582985,,,,,,,,,,,,,,
6.20635,2.90E-07,-9.996813774,,,,,,,,,,,,,,
6.20645,8.65E-08,-9.996673584,,,,,,,,,,,,,,
6.20655,3.11E-08,-9.996797562,,,,,,,,,,,,,,
6.20665,-1.63E-08,-9.997257233,,,,,,,,,,,,,,
6.20675,-4.37E-08,-9.996699333,,,,,,,,,,,,,,
6.20685,-6.23E-08,-9.996803284,,,,,,,,,,,,,,
6.20695,-7.06E-08,-9.997014046,,,,,,,,,,,,,,
6.20705,-9.83E-06,-2.077669144,,,,,,,,,,,,,,
6.20715,-1.22E-06,-0.00234546,,,,,,,,,,,,,,
6.20725,1.10E-06,-0.002032397,,,,,,,,,,,,,,
6.20735,2.09E-06,-0.001969981,,,,,,,,,,,,,,
6.20745,2.56E-06,-0.001823759,,,,,,,,,,,,,,
6.20755,2.83E-06,-0.001834806,,,,,,,,,,,,,,
6.20765,3.00E-06,-0.001476638,,,,,,,,,,,,,,
6.20775,3.07E-06,-0.001565441,,,,,,,,,,,,,,
6.20785,3.14E-06,-0.001719404,,,,,,,,,,,,,,
6.20795,3.16E-06,-0.001639608,,,,,,,,,,,,,,
6.20805,1.11E-05,-7.91118288,,,,,,,,,,,,,,
6.20815,2.23E-06,-9.99689579,,,,,,,,,,,,,,
6.20825,7.54E-07,-9.997022629,,,,,,,,,,,,,,
6.20835,3.16E-07,-9.997200012,,,,,,,,,,,,,,
6.20845,1.43E-07,-9.997488976,,,,,,,,,,,,,,
6.20855,2.52E-08,-9.99734211,,,,,,,,,,,,,,
6.20865,2.09E-09,-9.997336388,,,,,,,,,,,,,,
6.20875,-3.29E-09,-9.997151375,,,,,,,,,,,,,,
6.20885,-3.38E-08,-9.997028351,,,,,,,,,,,,,,
6.20895,-6.54E-08,-9.997011185,,,,,,,,,,,,,,
6.20905,-9.77E-06,-2.097638369,,,,,,,,,,,,,,
6.20915,-1.20E-06,-0.002227102,,,,,,,,,,,,,,
6.20925,1.14E-06,-0.001950067,,,,,,,,,,,,,,
6.20935,2.13E-06,-0.001578389,,,,,,,,,,,,,,
6.20945,2.64E-06,-0.001583033,,,,,,,,,,,,,,
6.20955,2.86E-06,-0.001504644,,,,,,,,,,,,,,
6.20965,3.01E-06,-0.001312824,,,,,,,,,,,,,,
6.20975,3.08E-06,-0.001116359,,,,,,,,,,,,,,
6.20985,3.16E-06,-0.001124592,,,,,,,,,,,,,,
6.20995,3.15E-06,-0.001194959,,,,,,,,,,,,,,
6.21005,1.11E-05,-7.890898705,,,,,,,,,,,,,,
6.21015,2.25E-06,-9.996114731,,,,,,,,,,,,,,
6.21025,7.66E-07,-9.996744156,,,,,,,,,,,,,,
6.21035,3.51E-07,-9.997143745,,,,,,,,,,,,,,
6.21045,1.60E-07,-9.997114182,,,,,,,,,,,,,,
6.21055,3.40E-08,-9.997093201,,,,,,,,,,,,,,
6.21065,-2.36E-08,-9.9974823,,,,,,,,,,,,,,
6.21075,-4.76E-08,-9.997296333,,,,,,,,,,,,,,
6.21085,-7.53E-08,-9.997468948,,,,,,,,,,,,,,
6.21095,-9.60E-08,-9.99759388,,,,,,,,,,,,,,
6.21105,-9.82E-06,-2.118102312,,,,,,,,,,,,,,
6.21115,-1.21E-06,-0.002705035,,,,,,,,,,,,,,
6.21125,1.09E-06,-0.00228797,,,,,,,,,,,,,,
6.21135,2.06E-06,-0.002004039,,,,,,,,,,,,,,
6.21145,2.57E-06,-0.00218059,,,,,,,,,,,,,,
6.21155,2.81E-06,-0.001886104,,,,,,,,,,,,,,
6.21165,2.97E-06,-0.001531102,,,,,,,,,,,,,,
6.21175,3.07E-06,-0.001655933,,,,,,,,,,,,,,
6.21185,3.11E-06,-0.001622087,,,,,,,,,,,,,,
6.21195,3.16E-06,-0.001484027,,,,,,,,,,,,,,
6.21205,1.11E-05,-7.871420383,,,,,,,,,,,,,,
6.21215,2.24E-06,-9.996589661,,,,,,,,,,,,,,
6.21225,7.28E-07,-9.997039795,,,,,,,,,,,,,,
6.21235,2.75E-07,-9.997056007,,,,,,,,,,,,,,
6.21245,8.10E-08,-9.997138023,,,,,,,,,,,,,,
6.21255,3.45E-08,-9.997190475,,,,,,,,,,,,,,
6.21265,-4.84E-08,-9.997395515,,,,,,,,,,,,,,
6.21275,-7.08E-08,-9.997659683,,,,,,,,,,,,,,
6.21285,-8.85E-08,-9.997415543,,,,,,,,,,,,,,
6.21295,-1.02E-07,-9.997612,,,,,,,,,,,,,,
6.21305,-9.85E-06,-2.137993574,,,,,,,,,,,,,,
6.21315,-1.27E-06,-0.002382543,,,,,,,,,,,,,,
6.21325,1.07E-06,-0.002244694,,,,,,,,,,,,,,
6.21335,2.06E-06,-0.001875971,,,,,,,,,,,,,,
6.21345,2.57E-06,-0.00184705,,,,,,,,,,,,,,
6.21355,2.82E-06,-0.001832273,,,,,,,,,,,,,,
6.21365,2.97E-06,-0.001444973,,,,,,,,,,,,,,
6.21375,3.06E-06,-0.001423159,,,,,,,,,,,,,,
6.21385,3.12E-06,-0.001455598,,,,,,,,,,,,,,
6.21395,3.17E-06,-0.001426396,,,,,,,,,,,,,,
6.21405,1.11E-05,-7.850649357,,,,,,,,,,,,,,
6.21415,2.27E-06,-9.996102333,,,,,,,,,,,,,,
6.21425,7.66E-07,-9.996810913,,,,,,,,,,,,,,
6.21435,2.86E-07,-9.997010231,,,,,,,,,,,,,,
6.21445,1.08E-07,-9.997121811,,,,,,,,,,,,,,
6.21455,1.90E-08,-9.997240067,,,,,,,,,,,,,,
6.21465,-8.78E-08,-9.99732399,,,,,,,,,,,,,,
6.21475,-1.02E-07,-9.997383118,,,,,,,,,,,,,,
6.21485,-9.59E-08,-9.997303963,,,,,,,,,,,,,,
6.21495,-1.05E-07,-9.997220039,,,,,,,,,,,,,,
6.21505,-9.80E-06,-2.157885313,,,,,,,,,,,,,,
6.21515,-1.23E-06,-0.002548961,,,,,,,,,,,,,,
6.21525,1.15E-06,-0.002290292,,,,,,,,,,,,,,
6.21535,2.12E-06,-0.002026979,,,,,,,,,,,,,,
6.21545,2.60E-06,-0.00189314,,,,,,,,,,,,,,
6.21555,2.87E-06,-0.001767606,,,,,,,,,,,,,,
6.21565,2.98E-06,-0.001767958,,,,,,,,,,,,,,
6.21575,3.07E-06,-0.001478327,,,,,,,,,,,,,,
6.21585,3.11E-06,-0.001492119,,,,,,,,,,,,,,
6.21595,3.15E-06,-0.001377913,,,,,,,,,,,,,,
6.21605,1.11E-05,-7.830575943,,,,,,,,,,,,,,
6.21615,2.26E-06,-9.996145248,,,,,,,,,,,,,,
6.21625,7.76E-07,-9.996507645,,,,,,,,,,,,,,
6.21635,3.12E-07,-9.996661186,,,,,,,,,,,,,,
6.21645,1.08E-07,-9.997014999,,,,,,,,,,,,,,
6.21655,4.12E-08,-9.99740696,,,,,,,,,,,,,,
6.21665,5.75E-09,-9.997613907,,,,,,,,,,,,,,
6.21675,-3.87E-08,-9.997607231,,,,,,,,,,,,,,
6.21685,-8.67E-08,-9.997634888,,,,,,,,,,,,,,
6.21695,-1.00E-07,-9.997572899,,,,,,,,,,,,,,
6.21705,-9.78E-06,-2.177951097,,,,,,,,,,,,,,
6.21715,-1.26E-06,-0.002740289,,,,,,,,,,,,,,
6.21725,1.13E-06,-0.002406327,,,,,,,,,,,,,,
6.21735,2.14E-06,-0.001901303,,,,,,,,,,,,,,
6.21745,2.59E-06,-0.001409367,,,,,,,,,,,,,,
6.21755,2.85E-06,-0.00158254,,,,,,,,,,,,,,
6.21765,3.01E-06,-0.001560305,,,,,,,,,,,,,,
6.21775,3.10E-06,-0.001408804,,,,,,,,,,,,,,
6.21785,3.14E-06,-0.001447647,,,,,,,,,,,,,,
6.21795,3.21E-06,-0.00138889,,,,,,,,,,,,,,
6.21805,1.11E-05,-7.810885429,,,,,,,,,,,,,,
6.21815,2.25E-06,-9.996315956,,,,,,,,,,,,,,
6.21825,7.62E-07,-9.996699333,,,,,,,,,,,,,,
6.21835,3.07E-07,-9.996961594,,,,,,,,,,,,,,
6.21845,1.31E-07,-9.997101784,,,,,,,,,,,,,,
6.21855,2.59E-08,-9.9970541,,,,,,,,,,,,,,
6.21865,-2.65E-08,-9.997016907,,,,,,,,,,,,,,
6.21875,-1.71E-08,-9.997268677,,,,,,,,,,,,,,
6.21885,-7.62E-08,-9.997138977,,,,,,,,,,,,,,
6.21895,-9.32E-08,-9.997159958,,,,,,,,,,,,,,
6.21905,-9.79E-06,-2.197621822,,,,,,,,,,,,,,
6.21915,-1.22E-06,-0.002568031,,,,,,,,,,,,,,
6.21925,1.13E-06,-0.002384162,,,,,,,,,,,,,,
6.21935,2.12E-06,-0.002257783,,,,,,,,,,,,,,
6.21945,2.60E-06,-0.001909114,,,,,,,,,,,,,,
6.21955,2.89E-06,-0.00187963,,,,,,,,,,,,,,
6.21965,3.03E-06,-0.001414223,,,,,,,,,,,,,,
6.21975,3.11E-06,-0.00170892,,,,,,,,,,,,,,
6.21985,3.14E-06,-0.001515621,,,,,,,,,,,,,,
6.21995,3.17E-06,-0.001660015,,,,,,,,,,,,,,
6.22005,1.11E-05,-7.790784359,,,,,,,,,,,,,,
6.22015,2.27E-06,-9.996203423,,,,,,,,,,,,,,
6.22025,7.53E-07,-9.996580124,,,,,,,,,,,,,,
6.22035,2.74E-07,-9.996959686,,,,,,,,,,,,,,
6.22045,1.01E-07,-9.997040749,,,,,,,,,,,,,,
6.22055,-2.59E-08,-9.997247696,,,,,,,,,,,,,,
6.22065,-5.94E-08,-9.99739933,,,,,,,,,,,,,,
6.22075,-1.04E-07,-9.997478485,,,,,,,,,,,,,,
6.22085,-7.48E-08,-9.997250557,,,,,,,,,,,,,,
6.22095,-1.02E-07,-9.997481346,,,,,,,,,,,,,,
6.22105,-9.82E-06,-2.217951059,,,,,,,,,,,,,,
6.22115,-1.29E-06,-0.002615458,,,,,,,,,,,,,,
6.22125,1.09E-06,-0.001957878,,,,,,,,,,,,,,
6.22135,2.07E-06,-0.001941694,,,,,,,,,,,,,,
6.22145,2.57E-06,-0.001687106,,,,,,,,,,,,,,
6.22155,2.85E-06,-0.001586903,,,,,,,,,,,,,,
6.22165,2.98E-06,-0.001503941,,,,,,,,,,,,,,
6.22175,3.06E-06,-0.001425622,,,,,,,,,,,,,,
6.22185,3.14E-06,-0.001499156,,,,,,,,,,,,,,
6.22195,3.16E-06,-0.001429563,,,,,,,,,,,,,,
6.22205,1.11E-05,-7.770808697,,,,,,,,,,,,,,
6.22215,2.27E-06,-9.996498108,,,,,,,,,,,,,,
6.22225,7.55E-07,-9.996644974,,,,,,,,,,,,,,
6.22235,2.86E-07,-9.997014046,,,,,,,,,,,,,,
6.22245,6.86E-08,-9.997185707,,,,,,,,,,,,,,
6.22255,-2.02E-08,-9.997290611,,,,,,,,,,,,,,
6.22265,-5.77E-08,-9.997229576,,,,,,,,,,,,,,
6.22275,-9.39E-08,-9.997257233,,,,,,,,,,,,,,
6.22285,-8.69E-08,-9.997358322,,,,,,,,,,,,,,
6.22295,-9.49E-08,-9.997642517,,,,,,,,,,,,,,
6.22305,-9.79E-06,-2.237833261,,,,,,,,,,,,,,
6.22315,-1.27E-06,-0.002375647,,,,,,,,,,,,,,
6.22325,1.16E-06,-0.00190637,,,,,,,,,,,,,,
6.22335,2.09E-06,-0.001945705,,,,,,,,,,,,,,
6.22345,2.60E-06,-0.001562345,,,,,,,,,,,,,,
6.22355,2.87E-06,-0.001670851,,,,,,,,,,,,,,
6.22365,2.99E-06,-0.001456935,,,,,,,,,,,,,,
6.22375,3.10E-06,-0.001768028,,,,,,,,,,,,,,
6.22385,3.15E-06,-0.001613924,,,,,,,,,,,,,,
6.22395,3.22E-06,-0.001461931,,,,,,,,,,,,,,
6.22405,1.11E-05,-7.751022816,,,,,,,,,,,,,,
6.22415,2.29E-06,-9.996640205,,,,,,,,,,,,,,
6.22425,7.71E-07,-9.997152328,,,,,,,,,,,,,,
6.22435,2.79E-07,-9.997414589,,,,,,,,,,,,,,
6.22445,8.78E-08,-9.997431755,,,,,,,,,,,,,,
6.22455,-1.92E-08,-9.997797012,,,,,,,,,,,,,,
6.22465,-4.21E-08,-9.997560501,,,,,,,,,,,,,,
6.22475,-5.39E-08,-9.997548103,,,,,,,,,,,,,,
6.22485,-7.37E-08,-9.997925758,,,,,,,,,,,,,,
6.22495,-9.38E-08,-9.998045921,,,,,,,,,,,,,,
6.22505,-9.75E-06,-2.258125544,,,,,,,,,,,,,,
6.22515,-1.27E-06,-0.002488375,,,,,,,,,,,,,,
6.22525,1.16E-06,-0.001712016,,,,,,,,,,,,,,
6.22535,2.13E-06,-0.001465168,,,,,,,,,,,,,,
6.22545,2.64E-06,-0.001349766,,,,,,,,,,,,,,
6.22555,2.90E-06,-0.00133696,,,,,,,,,,,,,,
6.22565,3.06E-06,-0.001401345,,,,,,,,,,,,,,
6.22575,3.15E-06,-0.001361166,,,,,,,,,,,,,,
6.22585,3.21E-06,-0.001294458,,,,,,,,,,,,,,
6.22595,3.22E-06,-0.001150346,,,,,,,,,,,,,,
6.22605,1.11E-05,-7.731001377,,,,,,,,,,,,,,
6.22615,2.31E-06,-9.996417046,,,,,,,,,,,,,,
6.22625,7.59E-07,-9.996832848,,,,,,,,,,,,,,
6.22635,3.05E-07,-9.997123718,,,,,,,,,,,,,,
6.22645,1.06E-07,-9.99733448,,,,,,,,,,,,,,
6.22655,4.53E-08,-9.997239113,,,,,,,,,,,,,,
6.22665,-3.20E-08,-9.997570992,,,,,,,,,,,,,,
6.22675,-7.11E-08,-9.997633934,,,,,,,,,,,,,,
6.22685,-1.12E-07,-9.997405052,,,,,,,,,,,,,,
6.22695,-1.02E-07,-9.997463226,,,,,,,,,,,,,,
6.22705,-9.75E-06,-2.277630568,,,,,,,,,,,,,,
6.22715,-1.29E-06,-0.002436022,,,,,,,,,,,,,,
6.22725,1.15E-06,-0.001972163,,,,,,,,,,,,,,
6.22735,2.10E-06,-0.0019564,,,,,,,,,,,,,,
6.22745,2.57E-06,-0.001816581,,,,,,,,,,,,,,
6.22755,2.84E-06,-0.001572548,,,,,,,,,,,,,,
6.22765,3.01E-06,-0.001458765,,,,,,,,,,,,,,
6.22775,3.12E-06,-0.001373339,,,,,,,,,,,,,,
6.22785,3.15E-06,-0.001163575,,,,,,,,,,,,,,
6.22795,3.20E-06,-0.001155342,,,,,,,,,,,,,,
6.22805,1.11E-05,-7.710607529,,,,,,,,,,,,,,
6.22815,2.28E-06,-9.996260643,,,,,,,,,,,,,,
6.22825,7.42E-07,-9.996616364,,,,,,,,,,,,,,
6.22835,3.00E-07,-9.996761322,,,,,,,,,,,,,,
6.22845,1.42E-07,-9.996937752,,,,,,,,,,,,,,
6.22855,3.14E-08,-9.996940613,,,,,,,,,,,,,,
6.22865,-1.83E-08,-9.997188568,,,,,,,,,,,,,,
6.22875,-7.14E-08,-9.996965408,,,,,,,,,,,,,,
6.22885,-1.05E-07,-9.997119904,,,,,,,,,,,,,,
6.22895,-1.11E-07,-9.997105598,,,,,,,,,,,,,,
6.22905,-9.75E-06,-2.297544956,,,,,,,,,,,,,,
6.22915,-1.27E-06,-0.002289025,,,,,,,,,,,,,,
6.22925,1.11E-06,-0.001929168,,,,,,,,,,,,,,
6.22935,2.12E-06,-0.001834314,,,,,,,,,,,,,,
6.22945,2.60E-06,-0.001747903,,,,,,,,,,,,,,
6.22955,2.89E-06,-0.001726441,,,,,,,,,,,,,,
6.22965,3.02E-06,-0.001443988,,,,,,,,,,,,,,
6.22975,3.12E-06,-0.001422244,,,,,,,,,,,,,,
6.22985,3.16E-06,-0.001219587,,,,,,,,,,,,,,
6.22995,3.17E-06,-0.001178071,,,,,,,,,,,,,,
6.23005,1.11E-05,-7.690749168,,,,,,,,,,,,,,
6.23015,2.32E-06,-9.996161461,,,,,,,,,,,,,,
6.23025,7.83E-07,-9.996648788,,,,,,,,,,,,,,
6.23035,3.16E-07,-9.996752739,,,,,,,,,,,,,,
6.23045,1.48E-07,-9.997065544,,,,,,,,,,,,,,
6.23055,3.10E-08,-9.997208595,,,,,,,,,,,,,,
6.23065,-3.46E-08,-9.997411728,,,,,,,,,,,,,,
6.23075,-4.71E-08,-9.997444153,,,,,,,,,,,,,,
6.23085,-7.09E-08,-9.997263908,,,,,,,,,,,,,,
6.23095,-9.29E-08,-9.997311592,,,,,,,,,,,,,,
6.23105,-9.73E-06,-2.318038702,,,,,,,,,,,,,,
6.23115,-1.28E-06,-0.002467687,,,,,,,,,,,,,,
6.23125,1.14E-06,-0.001935431,,,,,,,,,,,,,,
6.23135,2.13E-06,-0.001492119,,,,,,,,,,,,,,
6.23145,2.62E-06,-0.0015748,,,,,,,,,,,,,,
6.23155,2.90E-06,-0.001682673,,,,,,,,,,,,,,
6.23165,3.04E-06,-0.001606254,,,,,,,,,,,,,,
6.23175,3.12E-06,-0.001403456,,,,,,,,,,,,,,
6.23185,3.20E-06,-0.001226694,,,,,,,,,,,,,,
6.23195,3.20E-06,-0.001252097,,,,,,,,,,,,,,
6.23205,1.11E-05,-7.670745373,,,,,,,,,,,,,,
6.23215,2.31E-06,-9.996053696,,,,,,,,,,,,,,
6.23225,7.54E-07,-9.996602058,,,,,,,,,,,,,,
6.23235,2.86E-07,-9.996702194,,,,,,,,,,,,,,
6.23245,1.08E-07,-9.997157097,,,,,,,,,,,,,,
6.23255,-9.07E-09,-9.996879578,,,,,,,,,,,,,,
6.23265,-5.88E-08,-9.996961594,,,,,,,,,,,,,,
6.23275,-1.03E-07,-9.997243881,,,,,,,,,,,,,,
6.23285,-9.72E-08,-9.99709034,,,,,,,,,,,,,,
6.23295,-9.16E-08,-9.996868134,,,,,,,,,,,,,,
6.23305,-9.75E-06,-2.337383986,,,,,,,,,,,,,,
6.23315,-1.32E-06,-0.002440807,,,,,,,,,,,,,,
6.23325,1.14E-06,-0.002033453,,,,,,,,,,,,,,
6.23335,2.12E-06,-0.001755854,,,,,,,,,,,,,,
6.23345,2.63E-06,-0.001494863,,,,,,,,,,,,,,
6.23355,2.89E-06,-0.001364332,,,,,,,,,,,,,,
6.23365,3.05E-06,-0.001690132,,,,,,,,,,,,,,
6.23375,3.11E-06,-0.001838817,,,,,,,,,,,,,,
6.23385,3.21E-06,-0.001594433,,,,,,,,,,,,,,
6.23395,3.22E-06,-0.001656355,,,,,,,,,,,,,,
6.23405,1.11E-05,-7.651202679,,,,,,,,,,,,,,
6.23415,2.31E-06,-9.996207237,,,,,,,,,,,,,,
6.23425,7.53E-07,-9.9967556,,,,,,,,,,,,,,
6.23435,3.02E-07,-9.997204781,,,,,,,,,,,,,,
6.23445,1.08E-07,-9.997124672,,,,,,,,,,,,,,
6.23455,4.32E-09,-9.997344971,,,,,,,,,,,,,,
6.23465,-3.77E-08,-9.997423172,,,,,,,,,,,,,,
6.23475,-8.52E-08,-9.997337341,,,,,,,,,,,,,,
6.23485,-8.10E-08,-9.997296333,,,,,,,,,,,,,,
6.23495,-1.00E-07,-9.997507095,,,,,,,,,,,,,,
6.23505,-9.77E-06,-2.357774496,,,,,,,,,,,,,,
6.23515,-1.31E-06,-0.002459595,,,,,,,,,,,,,,
6.23525,1.13E-06,-0.002002632,,,,,,,,,,,,,,
6.23535,2.11E-06,-0.00177802,,,,,,,,,,,,,,
6.23545,2.55E-06,-0.001436036,,,,,,,,,,,,,,
6.23555,2.85E-06,-0.001591688,,,,,,,,,,,,,,
6.23565,3.01E-06,-0.00162272,,,,,,,,,,,,,,
6.23575,3.11E-06,-0.001719053,,,,,,,,,,,,,,
6.23585,3.13E-06,-0.001435403,,,,,,,,,,,,,,
6.23595,3.16E-06,-0.001479031,,,,,,,,,,,,,,
6.23605,1.11E-05,-7.630842209,,,,,,,,,,,,,,
6.23615,2.27E-06,-9.996581078,,,,,,,,,,,,,,
6.23625,7.46E-07,-9.996801376,,,,,,,,,,,,,,
6.23635,2.88E-07,-9.996943474,,,,,,,,,,,,,,
6.23645,6.20E-08,-9.997027397,,,,,,,,,,,,,,
6.23655,-1.52E-08,-9.996999741,,,,,,,,,,,,,,
6.23665,-5.32E-08,-9.996988297,,,,,,,,,,,,,,
6.23675,-9.68E-08,-9.997339249,,,,,,,,,,,,,,
6.23685,-1.05E-07,-9.997229576,,,,,,,,,,,,,,
6.23695,-9.99E-08,-9.997245789,,,,,,,,,,,,,,
6.23705,-9.74E-06,-2.377750874,,,,,,,,,,,,,,
6.23715,-1.29E-06,-0.002135555,,,,,,,,,,,,,,
6.23725,1.12E-06,-0.002050622,,,,,,,,,,,,,,
6.23735,2.15E-06,-0.001649389,,,,,,,,,,,,,,
6.23745,2.62E-06,-0.001476638,,,,,,,,,,,,,,
6.23755,2.88E-06,-0.001290377,,,,,,,,,,,,,,
6.23765,3.05E-06,-0.001332034,,,,,,,,,,,,,,
6.23775,3.13E-06,-0.001459117,,,,,,,,,,,,,,
6.23785,3.19E-06,-0.001389664,,,,,,,,,,,,,,
6.23795,3.21E-06,-0.001257234,,,,,,,,,,,,,,
6.23805,1.11E-05,-7.610932827,,,,,,,,,,,,,,
6.23815,2.29E-06,-9.996195793,,,,,,,,,,,,,,
6.23825,7.21E-07,-9.996551514,,,,,,,,,,,,,,
6.23835,2.86E-07,-9.997068405,,,,,,,,,,,,,,
6.23845,1.09E-07,-9.997298241,,,,,,,,,,,,,,
6.23855,-4.92E-09,-9.99749279,,,,,,,,,,,,,,
6.23865,-2.92E-08,-9.997655869,,,,,,,,,,,,,,
6.23875,-6.60E-08,-9.997331619,,,,,,,,,,,,,,
6.23885,-7.27E-08,-9.99737072,,,,,,,,,,,,,,
6.23895,-9.58E-08,-9.997275352,,,,,,,,,,,,,,
6.23905,-9.70E-06,-2.397666693,,,,,,,,,,,,,,
6.23915,-1.28E-06,-0.002546569,,,,,,,,,,,,,,
6.23925,1.12E-06,-0.001954571,,,,,,,,,,,,,,
6.23935,2.14E-06,-0.001970685,,,,,,,,,,,,,,
6.23945,2.63E-06,-0.001878575,,,,,,,,,,,,,,
6.23955,2.92E-06,-0.002040559,,,,,,,,,,,,,,
6.23965,3.04E-06,-0.002059629,,,,,,,,,,,,,,
6.23975,3.15E-06,-0.002064203,,,,,,,,,,,,,,
6.23985,3.22E-06,-0.001941553,,,,,,,,,,,,,,
6.23995,3.26E-06,-0.001982366,,,,,,,,,,,,,,
6.24005,1.11E-05,-7.591883659,,,,,,,,,,,,,,
6.24015,2.34E-06,-9.997184753,,,,,,,,,,,,,,
6.24025,7.80E-07,-9.997359276,,,,,,,,,,,,,,
6.24035,3.02E-07,-9.99750042,,,,,,,,,,,,,,
6.24045,1.24E-07,-9.997603416,,,,,,,,,,,,,,
6.24055,-3.51E-09,-9.997637749,,,,,,,,,,,,,,
6.24065,-2.61E-08,-9.997374535,,,,,,,,,,,,,,
6.24075,-7.11E-08,-9.997345924,,,,,,,,,,,,,,
6.24085,-6.59E-08,-9.997470856,,,,,,,,,,,,,,
6.24095,-9.90E-08,-9.997452736,,,,,,,,,,,,,,
6.24105,-9.73E-06,-2.417908192,,,,,,,,,,,,,,
6.24115,-1.31E-06,-0.002477539,,,,,,,,,,,,,,
6.24125,1.11E-06,-0.002451503,,,,,,,,,,,,,,
6.24135,2.12E-06,-0.001919036,,,,,,,,,,,,,,
6.24145,2.61E-06,-0.002038308,,,,,,,,,,,,,,
6.24155,2.88E-06,-0.001855213,,,,,,,,,,,,,,
6.24165,3.03E-06,-0.001871186,,,,,,,,,,,,,,
6.24175,3.16E-06,-0.001930576,,,,,,,,,,,,,,
6.24185,3.22E-06,-0.001984547,,,,,,,,,,,,,,
6.24195,3.24E-06,-0.0021231,,,,,,,,,,,,,,
6.24205,1.11E-05,-7.571628094,,,,,,,,,,,,,,
6.24215,2.36E-06,-9.99697876,,,,,,,,,,,,,,
6.24225,7.71E-07,-9.997307777,,,,,,,,,,,,,,
6.24235,3.01E-07,-9.997501373,,,,,,,,,,,,,,
6.24245,1.01E-07,-9.997870445,,,,,,,,,,,,,,
6.24255,2.52E-08,-9.99762249,,,,,,,,,,,,,,
6.24265,-2.41E-08,-9.997747421,,,,,,,,,,,,,,
6.24275,-6.99E-08,-9.997612953,,,,,,,,,,,,,,
6.24285,-7.82E-08,-9.997746468,,,,,,,,,,,,,,
6.24295,-8.84E-08,-9.997511864,,,,,,,,,,,,,,
6.24305,-9.69E-06,-2.438050985,,,,,,,,,,,,,,
6.24315,-1.30E-06,-0.002662815,,,,,,,,,,,,,,
6.24325,1.13E-06,-0.002385921,,,,,,,,,,,,,,
6.24335,2.13E-06,-0.001923539,,,,,,,,,,,,,,
6.24345,2.64E-06,-0.001926846,,,,,,,,,,,,,,
6.24355,2.92E-06,-0.001901022,,,,,,,,,,,,,,
6.24365,3.08E-06,-0.001916151,,,,,,,,,,,,,,
6.24375,3.13E-06,-0.001744314,,,,,,,,,,,,,,
6.24385,3.18E-06,-0.001586692,,,,,,,,,,,,,,
6.24395,3.23E-06,-0.001445817,,,,,,,,,,,,,,
6.24405,1.11E-05,-7.551367283,,,,,,,,,,,,,,
6.24415,2.33E-06,-9.996609688,,,,,,,,,,,,,,
6.24425,7.50E-07,-9.997061729,,,,,,,,,,,,,,
6.24435,3.01E-07,-9.99727726,,,,,,,,,,,,,,
6.24445,1.18E-07,-9.99726963,,,,,,,,,,,,,,
6.24455,1.01E-08,-9.997477531,,,,,,,,,,,,,,
6.24465,-1.20E-08,-9.997662544,,,,,,,,,,,,,,
6.24475,-4.12E-08,-9.997490883,,,,,,,,,,,,,,
6.24485,-7.04E-08,-9.997406006,,,,,,,,,,,,,,
6.24495,-7.93E-08,-9.997421265,,,,,,,,,,,,,,
6.24505,-9.70E-06,-2.457858086,,,,,,,,,,,,,,
6.24515,-1.35E-06,-0.002362489,,,,,,,,,,,,,,
6.24525,1.13E-06,-0.002046118,,,,,,,,,,,,,,
6.24535,2.11E-06,-0.001594855,,,,,,,,,,,,,,
6.24545,2.62E-06,-0.001628701,,,,,,,,,,,,,,
6.24555,2.88E-06,-0.001808911,,,,,,,,,,,,,,
6.24565,3.04E-06,-0.001660577,,,,,,,,,,,,,,
6.24575,3.13E-06,-0.001621594,,,,,,,,,,,,,,
6.24585,3.20E-06,-0.001581766,,,,,,,,,,,,,,
6.24595,3.23E-06,-0.001410423,,,,,,,,,,,,,,
6.24605,1.11E-05,-7.531197071,,,,,,,,,,,,,,
6.24615,2.34E-06,-9.996338844,,,,,,,,,,,,,,
6.24625,7.60E-07,-9.996678352,,,,,,,,,,,,,,
6.24635,3.05E-07,-9.996870995,,,,,,,,,,,,,,
6.24645,1.05E-07,-9.996934891,,,,,,,,,,,,,,
6.24655,2.96E-09,-9.996896744,,,,,,,,,,,,,,
6.24665,-3.12E-08,-9.997047424,,,,,,,,,,,,,,
6.24675,-6.86E-08,-9.997008324,,,,,,,,,,,,,,
6.24685,-9.32E-08,-9.996922493,,,,,,,,,,,,,,
6.24695,-1.24E-07,-9.997145653,,,,,,,,,,,,,,
6.24705,-9.70E-06,-2.477541685,,,,,,,,,,,,,,
6.24715,-1.37E-06,-0.00237044,,,,,,,,,,,,,,
6.24725,1.10E-06,-0.002003406,,,,,,,,,,,,,,
6.24735,2.15E-06,-0.001853172,,,,,,,,,,,,,,
6.24745,2.65E-06,-0.001627224,,,,,,,,,,,,,,
6.24755,2.89E-06,-0.001259626,,,,,,,,,,,,,,
6.24765,3.05E-06,-0.00164763,,,,,,,,,,,,,,
6.24775,3.13E-06,-0.001716519,,,,,,,,,,,,,,
6.24785,3.16E-06,-0.001371439,,,,,,,,,,,,,,
6.24795,3.23E-06,-0.001511118,,,,,,,,,,,,,,
6.24805,1.11E-05,-7.511422157,,,,,,,,,,,,,,
6.24815,2.34E-06,-9.996261597,,,,,,,,,,,,,,
6.24825,7.67E-07,-9.996921539,,,,,,,,,,,,,,
6.24835,2.97E-07,-9.996975899,,,,,,,,,,,,,,
6.24845,1.17E-07,-9.996696472,,,,,,,,,,,,,,
6.24855,1.52E-09,-9.996780396,,,,,,,,,,,,,,
6.24865,-3.76E-08,-9.996688843,,,,,,,,,,,,,,
6.24875,-7.01E-08,-9.996925354,,,,,,,,,,,,,,
6.24885,-9.61E-08,-9.996902466,,,,,,,,,,,,,,
6.24895,-1.13E-07,-9.996994972,,,,,,,,,,,,,,
6.24905,-9.68E-06,-2.497429609,,,,,,,,,,,,,,
6.24915,-1.34E-06,-0.001982084,,,,,,,,,,,,,,
6.24925,1.14E-06,-0.001551227,,,,,,,,,,,,,,
6.24935,2.13E-06,-0.001274755,,,,,,,,,,,,,,
6.24945,2.62E-06,-0.00144631,,,,,,,,,,,,,,
6.24955,2.88E-06,-0.001442229,,,,,,,,,,,,,,
6.24965,3.06E-06,-0.001243512,,,,,,,,,,,,,,
6.24975,3.15E-06,-0.001240557,,,,,,,,,,,,,,
6.24985,3.21E-06,-0.001152739,,,,,,,,,,,,,,
6.24995,3.22E-06,-0.001473823,,,,,,,,,,,,,,
6.25005,1.11E-05,-7.490911484,,,,,,,,,,,,,,
6.25015,2.37E-06,-9.99597168,,,,,,,,,,,,,,
6.25025,7.72E-07,-9.996192932,,,,,,,,,,,,,,
6.25035,3.08E-07,-9.99660778,,,,,,,,,,,,,,
6.25045,9.84E-08,-9.997053146,,,,,,,,,,,,,,
6.25055,1.53E-08,-9.997294426,,,,,,,,,,,,,,
6.25065,-3.48E-08,-9.996956825,,,,,,,,,,,,,,
6.25075,-7.63E-08,-9.997125626,,,,,,,,,,,,,,
6.25085,-7.49E-08,-9.997041702,,,,,,,,,,,,,,
6.25095,-1.01E-07,-9.997260094,,,,,,,,,,,,,,
6.25105,-9.69E-06,-2.517677069,,,,,,,,,,,,,,
6.25115,-1.36E-06,-0.002820296,,,,,,,,,,,,,,
6.25125,1.12E-06,-0.002304295,,,,,,,,,,,,,,
6.25135,2.14E-06,-0.001885682,,,,,,,,,,,,,,
6.25145,2.64E-06,-0.001743188,,,,,,,,,,,,,,
6.25155,2.90E-06,-0.001483393,,,,,,,,,,,,,,
6.25165,3.04E-06,-0.001448773,,,,,,,,,,,,,,
6.25175,3.17E-06,-0.001335693,,,,,,,,,,,,,,
6.25185,3.21E-06,-0.00133506,,,,,,,,,,,,,,
6.25195,3.23E-06,-0.001389594,,,,,,,,,,,,,,
6.25205,1.11E-05,-7.470988274,,,,,,,,,,,,,,
6.25215,2.38E-06,-9.99585247,,,,,,,,,,,,,,
6.25225,7.48E-07,-9.996546745,,,,,,,,,,,,,,
6.25235,2.77E-07,-9.996927261,,,,,,,,,,,,,,
6.25245,7.72E-08,-9.996961594,,,,,,,,,,,,,,
6.25255,-3.32E-09,-9.997245789,,,,,,,,,,,,,,
6.25265,-8.85E-08,-9.997339249,,,,,,,,,,,,,,
6.25275,-1.14E-07,-9.997279167,,,,,,,,,,,,,,
6.25285,-9.55E-08,-9.997153282,,,,,,,,,,,,,,
6.25295,-9.63E-08,-9.997439384,,,,,,,,,,,,,,
6.25305,-9.68E-06,-2.537785769,,,,,,,,,,,,,,
6.25315,-1.38E-06,-0.002150332,,,,,,,,,,,,,,
6.25325,1.11E-06,-0.001761765,,,,,,,,,,,,,,
6.25335,2.16E-06,-0.001717082,,,,,,,,,,,,,,
6.25345,2.64E-06,-0.001602384,,,,,,,,,,,,,,
6.25355,2.93E-06,-0.001359618,,,,,,,,,,,,,,
6.25365,3.07E-06,-0.001388961,,,,,,,,,,,,,,
6.25375,3.17E-06,-0.001409156,,,,,,,,,,,,,,
6.25385,3.19E-06,-0.001401768,,,,,,,,,,,,,,
6.25395,3.21E-06,-0.001275951,,,,,,,,,,,,,,
6.25405,1.11E-05,-7.451085567,,,,,,,,,,,,,,
6.25415,2.34E-06,-9.996161461,,,,,,,,,,,,,,
6.25425,7.30E-07,-9.996519089,,,,,,,,,,,,,,
6.25435,2.90E-07,-9.997011185,,,,,,,,,,,,,,
6.25445,7.20E-08,-9.997052193,,,,,,,,,,,,,,
6.25455,-3.19E-09,-9.997034073,,,,,,,,,,,,,,
6.25465,-3.60E-08,-9.997292519,,,,,,,,,,,,,,
6.25475,-9.11E-08,-9.99728775,,,,,,,,,,,,,,
6.25485,-1.11E-07,-9.997467995,,,,,,,,,,,,,,
6.25495,-1.05E-07,-9.99747467,,,,,,,,,,,,,,
6.25505,-9.67E-06,-2.557304382,,,,,,,,,,,,,,
6.25515,-1.40E-06,-0.00208665,,,,,,,,,,,,,,
6.25525,1.09E-06,-0.002127252,,,,,,,,,,,,,,
6.25535,2.14E-06,-0.001683658,,,,,,,,,,,,,,
6.25545,2.62E-06,-0.001667544,,,,,,,,,,,,,,
6.25555,2.89E-06,-0.001500141,,,,,,,,,,,,,,
6.25565,3.04E-06,-0.001745018,,,,,,,,,,,,,,
6.25575,3.15E-06,-0.00161125,,,,,,,,,,,,,,
6.25585,3.20E-06,-0.001265044,,,,,,,,,,,,,,
6.25595,3.26E-06,-0.00139839,,,,,,,,,,,,,,
6.25605,1.11E-05,-7.43091774,,,,,,,,,,,,,,
6.25615,2.32E-06,-9.995985985,,,,,,,,,,,,,,
6.25625,7.14E-07,-9.996308327,,,,,,,,,,,,,,
6.25635,2.53E-07,-9.99670887,,,,,,,,,,,,,,
6.25645,7.19E-08,-9.997095108,,,,,,,,,,,,,,
6.25655,-2.86E-08,-9.996930122,,,,,,,,,,,,,,
6.25665,-1.07E-07,-9.997003555,,,,,,,,,,,,,,
6.25675,-1.30E-07,-9.997153282,,,,,,,,,,,,,,
6.25685,-1.52E-07,-9.997156143,,,,,,,,,,,,,,
6.25695,-1.40E-07,-9.997642517,,,,,,,,,,,,,,
6.25705,-9.68E-06,-2.578169346,,,,,,,,,,,,,,
6.25715,-1.37E-06,-0.002786168,,,,,,,,,,,,,,
6.25725,1.07E-06,-0.00222478,,,,,,,,,,,,,,
6.25735,2.12E-06,-0.001858379,,,,,,,,,,,,,,
6.25745,2.63E-06,-0.001531876,,,,,,,,,,,,,,
6.25755,2.90E-06,-0.001614909,,,,,,,,,,,,,,
6.25765,3.05E-06,-0.001603651,,,,,,,,,,,,,,
6.25775,3.18E-06,-0.001450602,,,,,,,,,,,,,,
6.25785,3.21E-06,-0.001495496,,,,,,,,,,,,,,
6.25795,3.27E-06,-0.001546653,,,,,,,,,,,,,,
6.25805,1.11E-05,-7.410978317,,,,,,,,,,,,,,
6.25815,2.38E-06,-9.996060371,,,,,,,,,,,,,,
6.25825,7.69E-07,-9.996554375,,,,,,,,,,,,,,
6.25835,2.91E-07,-9.996929169,,,,,,,,,,,,,,
6.25845,7.96E-08,-9.997051239,,,,,,,,,,,,,,
6.25855,1.93E-08,-9.997121811,,,,,,,,,,,,,,
6.25865,-2.49E-08,-9.997168541,,,,,,,,,,,,,,
6.25875,-8.65E-08,-9.997199059,,,,,,,,,,,,,,
6.25885,-1.04E-07,-9.997318268,,,,,,,,,,,,,,
6.25895,-1.33E-07,-9.997127533,,,,,,,,,,,,,,
6.25905,-9.68E-06,-2.597377777,,,,,,,,,,,,,,
6.25915,-1.41E-06,-0.002357844,,,,,,,,,,,,,,
6.25925,1.13E-06,-0.001907566,,,,,,,,,,,,,,
6.25935,2.14E-06,-0.001578248,,,,,,,,,,,,,,
6.25945,2.64E-06,-0.001357788,,,,,,,,,,,,,,
6.25955,2.93E-06,-0.001469038,,,,,,,,,,,,,,
6.25965,3.06E-06,-0.001533354,,,,,,,,,,,,,,
6.25975,3.18E-06,-0.001413308,,,,,,,,,,,,,,
6.25985,3.23E-06,-0.001206218,,,,,,,,,,,,,,
6.25995,3.24E-06,-0.001214662,,,,,,,,,,,,,,
6.26005,1.10E-05,-7.390777111,,,,,,,,,,,,,,
6.26015,2.36E-06,-9.996326447,,,,,,,,,,,,,,
6.26025,7.36E-07,-9.99669838,,,,,,,,,,,,,,
6.26035,2.65E-07,-9.996750832,,,,,,,,,,,,,,
6.26045,8.85E-08,-9.996921539,,,,,,,,,,,,,,
6.26055,-1.77E-08,-9.996964455,,,,,,,,,,,,,,
6.26065,-7.74E-08,-9.996931076,,,,,,,,,,,,,,
6.26075,-1.10E-07,-9.997123718,,,,,,,,,,,,,,
6.26085,-1.19E-07,-9.997218132,,,,,,,,,,,,,,
6.26095,-1.43E-07,-9.997407913,,,,,,,,,,,,,,
6.26105,-9.68E-06,-2.617422819,,,,,,,,,,,,,,
6.26115,-1.44E-06,-0.002215281,,,,,,,,,,,,,,
6.26125,1.10E-06,-0.002428845,,,,,,,,,,,,,,
6.26135,2.13E-06,-0.001873227,,,,,,,,,,,,,,
6.26145,2.63E-06,-0.001915728,,,,,,,,,,,,,,
6.26155,2.91E-06,-0.001734885,,,,,,,,,,,,,,
6.26165,3.07E-06,-0.001542854,,,,,,,,,,,,,,
6.26175,3.14E-06,-0.00164756,,,,,,,,,,,,,,
6.26185,3.23E-06,-0.001547357,,,,,,,,,,,,,,
6.26195,3.26E-06,-0.00143477,,,,,,,,,,,,,,
6.26205,1.11E-05,-7.37125349,,,,,,,,,,,,,,
6.26215,2.35E-06,-9.996723175,,,,,,,,,,,,,,
6.26225,7.26E-07,-9.997264862,,,,,,,,,,,,,,
6.26235,2.61E-07,-9.997375488,,,,,,,,,,,,,,
6.26245,6.33E-08,-9.997613907,,,,,,,,,,,,,,
6.26255,-3.54E-08,-9.99745369,,,,,,,,,,,,,,
6.26265,-6.38E-08,-9.997360229,,,,,,,,,,,,,,
6.26275,-1.24E-07,-9.997475624,,,,,,,,,,,,,,
6.26285,-1.42E-07,-9.997627258,,,,,,,,,,,,,,
6.26295,-1.40E-07,-9.997393608,,,,,,,,,,,,,,
6.26305,-9.65E-06,-2.637306213,,,,,,,,,,,,,,
6.26315,-1.42E-06,-0.00210389,,,,,,,,,,,,,,
6.26325,1.12E-06,-0.002032045,,,,,,,,,,,,,,
6.26335,2.13E-06,-0.001959004,,,,,,,,,,,,,,
6.26345,2.68E-06,-0.001518929,,,,,,,,,,,,,,
6.26355,2.94E-06,-0.001543627,,,,,,,,,,,,,,
6.26365,3.09E-06,-0.001616528,,,,,,,,,,,,,,
6.26375,3.18E-06,-0.001273137,,,,,,,,,,,,,,
6.26385,3.21E-06,-0.001474949,,,,,,,,,,,,,,
6.26395,3.24E-06,-0.001587748,,,,,,,,,,,,,,
6.26405,1.10E-05,-7.351293564,,,,,,,,,,,,,,
6.26415,2.38E-06,-9.996516228,,,,,,,,,,,,,,
6.26425,7.65E-07,-9.996868134,,,,,,,,,,,,,,
6.26435,2.80E-07,-9.996892929,,,,,,,,,,,,,,
6.26445,9.37E-08,-9.997022629,,,,,,,,,,,,,,
6.26455,7.37E-09,-9.997344017,,,,,,,,,,,,,,
6.26465,-5.97E-08,-9.997407913,,,,,,,,,,,,,,
6.26475,-8.39E-08,-9.997493744,,,,,,,,,,,,,,
6.26485,-9.75E-08,-9.997599602,,,,,,,,,,,,,,
6.26495,-1.08E-07,-9.997585297,,,,,,,,,,,,,,
6.26505,-9.64E-06,-2.657452822,,,,,,,,,,,,,,
6.26515,-1.45E-06,-0.002409564,,,,,,,,,,,,,,
6.26525,1.10E-06,-0.001960974,,,,,,,,,,,,,,
6.26535,2.16E-06,-0.00178949,,,,,,,,,,,,,,
6.26545,2.65E-06,-0.001513088,,,,,,,,,,,,,,
6.26555,2.93E-06,-0.001590985,,,,,,,,,,,,,,
6.26565,3.07E-06,-0.001324927,,,,,,,,,,,,,,
6.26575,3.15E-06,-0.000953459,,,,,,,,,,,,,,
6.26585,3.20E-06,-0.001094193,,,,,,,,,,,,,,
6.26595,3.25E-06,-0.001111433,,,,,,,,,,,,,,
6.26605,1.11E-05,-7.331193924,,,,,,,,,,,,,,
6.26615,2.36E-06,-9.99682045,,,,,,,,,,,,,,
6.26625,7.72E-07,-9.996751785,,,,,,,,,,,,,,
6.26635,2.97E-07,-9.996807098,,,,,,,,,,,,,,
6.26645,9.78E-08,-9.997217178,,,,,,,,,,,,,,
6.26655,1.08E-08,-9.997181892,,,,,,,,,,,,,,
6.26665,-5.81E-08,-9.997192383,,,,,,,,,,,,,,
6.26675,-9.19E-08,-9.997358322,,,,,,,,,,,,,,
6.26685,-9.57E-08,-9.997540474,,,,,,,,,,,,,,
6.26695,-1.06E-07,-9.997444153,,,,,,,,,,,,,,
6.26705,-9.64E-06,-2.677473545,,,,,,,,,,,,,,
6.26715,-1.41E-06,-0.002338845,,,,,,,,,,,,,,
6.26725,1.13E-06,-0.00205597,,,,,,,,,,,,,,
6.26735,2.14E-06,-0.00191031,,,,,,,,,,,,,,
6.26745,2.64E-06,-0.001777316,,,,,,,,,,,,,,
6.26755,2.93E-06,-0.00161885,,,,,,,,,,,,,,
6.26765,3.10E-06,-0.001493878,,,,,,,,,,,,,,
6.26775,3.20E-06,-0.001479453,,,,,,,,,,,,,,
6.26785,3.24E-06,-0.001442158,,,,,,,,,,,,,,
6.26795,3.26E-06,-0.001244568,,,,,,,,,,,,,,
6.26805,1.11E-05,-7.311245918,,,,,,,,,,,,,,
6.26815,2.42E-06,-9.996191025,,,,,,,,,,,,,,
6.26825,7.98E-07,-9.996530533,,,,,,,,,,,,,,
6.26835,3.06E-07,-9.996603966,,,,,,,,,,,,,,
6.26845,9.93E-08,-9.996934891,,,,,,,,,,,,,,
6.26855,2.60E-08,-9.996751785,,,,,,,,,,,,,,
6.26865,-4.10E-08,-9.996905327,,,,,,,,,,,,,,
6.26875,-6.35E-08,-9.996951103,,,,,,,,,,,,,,
6.26885,-7.98E-08,-9.997375488,,,,,,,,,,,,,,
6.26895,-8.52E-08,-9.997384071,,,,,,,,,,,,,,
6.26905,-9.59E-06,-2.697314024,,,,,,,,,,,,,,
6.26915,-1.39E-06,-0.002181575,,,,,,,,,,,,,,
6.26925,1.12E-06,-0.001973077,,,,,,,,,,,,,,
6.26935,2.16E-06,-0.001677325,,,,,,,,,,,,,,
6.26945,2.66E-06,-0.001454895,,,,,,,,,,,,,,
6.26955,2.95E-06,-0.001439555,,,,,,,,,,,,,,
6.26965,3.12E-06,-0.001410141,,,,,,,,,,,,,,
6.26975,3.22E-06,-0.001282636,,,,,,,,,,,,,,
6.26985,3.27E-06,-0.001369188,,,,,,,,,,,,,,
6.26995,3.30E-06,-0.001051129,,,,,,,,,,,,,,
6.27005,1.11E-05,-7.291095257,,,,,,,,,,,,,,
6.27015,2.41E-06,-9.996378899,,,,,,,,,,,,,,
6.27025,7.46E-07,-9.996527672,,,,,,,,,,,,,,
6.27035,3.22E-07,-9.996891022,,,,,,,,,,,,,,
6.27045,1.18E-07,-9.996702194,,,,,,,,,,,,,,
6.27055,3.92E-09,-9.996852875,,,,,,,,,,,,,,
6.27065,-3.31E-08,-9.996847153,,,,,,,,,,,,,,
6.27075,-7.06E-08,-9.996882439,,,,,,,,,,,,,,
6.27085,-1.00E-07,-9.996858597,,,,,,,,,,,,,,
6.27095,-1.24E-07,-9.996861458,,,,,,,,,,,,,,
6.27105,-9.60E-06,-2.71723485,,,,,,,,,,,,,,
6.27115,-1.43E-06,-0.002218025,,,,,,,,,,,,,,
6.27125,1.09E-06,-0.001929591,,,,,,,,,,,,,,
6.27135,2.16E-06,-0.001605199,,,,,,,,,,,,,,
6.27145,2.66E-06,-0.001581133,,,,,,,,,,,,,,
6.27155,2.92E-06,-0.001470868,,,,,,,,,,,,,,
6.27165,3.09E-06,-0.001232887,,,,,,,,,,,,,,
6.27175,3.20E-06,-0.001224161,,,,,,,,,,,,,,
6.27185,3.26E-06,-0.001012216,,,,,,,,,,,,,,
6.27195,3.27E-06,-0.000869934,,,,,,,,,,,,,,
6.27205,1.11E-05,-7.270471096,,,,,,,,,,,,,,
6.27215,2.43E-06,-9.995685577,,,,,,,,,,,,,,
6.27225,7.80E-07,-9.99609375,,,,,,,,,,,,,,
6.27235,3.01E-07,-9.996444702,,,,,,,,,,,,,,
6.27245,1.03E-07,-9.996727943,,,,,,,,,,,,,,
6.27255,4.02E-09,-9.996809006,,,,,,,,,,,,,,
6.27265,-2.66E-08,-9.996863365,,,,,,,,,,,,,,
6.27275,-5.20E-08,-9.996756554,,,,,,,,,,,,,,
6.27285,-8.25E-08,-9.996760368,,,,,,,,,,,,,,
6.27295,-9.32E-08,-9.997127533,,,,,,,,,,,,,,
6.27305,-9.57E-06,-2.737098932,,,,,,,,,,,,,,
6.27315,-1.41E-06,-0.001912069,,,,,,,,,,,,,,
6.27325,1.13E-06,-0.001828966,,,,,,,,,,,,,,
6.27335,2.15E-06,-0.001547427,,,,,,,,,,,,,,
6.27345,2.66E-06,-0.001627083,,,,,,,,,,,,,,
6.27355,2.91E-06,-0.001289251,,,,,,,,,,,,,,
6.27365,3.09E-06,-0.001562838,,,,,,,,,,,,,,
6.27375,3.17E-06,-0.001225146,,,,,,,,,,,,,,
6.27385,3.24E-06,-0.001177649,,,,,,,,,,,,,,
6.27395,3.26E-06,-0.001217617,,,,,,,,,,,,,,
6.27405,1.11E-05,-7.250962734,,,,,,,,,,,,,,
6.27415,2.41E-06,-9.995936394,,,,,,,,,,,,,,
6.27425,7.44E-07,-9.996438026,,,,,,,,,,,,,,
6.27435,2.70E-07,-9.996425629,,,,,,,,,,,,,,
6.27445,9.62E-08,-9.996334076,,,,,,,,,,,,,,
6.27455,-1.11E-08,-9.996746063,,,,,,,,,,,,,,
6.27465,-8.65E-08,-9.99700737,,,,,,,,,,,,,,
6.27475,-9.27E-08,-9.996935844,,,,,,,,,,,,,,
6.27485,-8.69E-08,-9.996862411,,,,,,,,,,,,,,
6.27495,-1.21E-07,-9.997033119,,,,,,,,,,,,,,
6.27505,-9.61E-06,-2.75744462,,,,,,,,,,,,,,
6.27515,-1.47E-06,-0.002255249,,,,,,,,,,,,,,
6.27525,1.05E-06,-0.00192748,,,,,,,,,,,,,,
6.27535,2.11E-06,-0.001548412,,,,,,,,,,,,,,
6.27545,2.64E-06,-0.001159072,,,,,,,,,,,,,,
6.27555,2.94E-06,-0.001232113,,,,,,,,,,,,,,
6.27565,3.08E-06,-0.001384035,,,,,,,,,,,,,,
6.27575,3.18E-06,-0.001307194,,,,,,,,,,,,,,
6.27585,3.27E-06,-0.001447928,,,,,,,,,,,,,,
6.27595,3.29E-06,-0.001334075,,,,,,,,,,,,,,
6.27605,1.11E-05,-7.231076717,,,,,,,,,,,,,,
6.27615,2.44E-06,-9.996109009,,,,,,,,,,,,,,
6.27625,7.66E-07,-9.996479988,,,,,,,,,,,,,,
6.27635,2.68E-07,-9.99679184,,,,,,,,,,,,,,
6.27645,8.54E-08,-9.996788979,,,,,,,,,,,,,,
6.27655,-4.01E-08,-9.996510506,,,,,,,,,,,,,,
6.27665,-7.10E-08,-9.996779442,,,,,,,,,,,,,,
6.27675,-1.24E-07,-9.996845245,,,,,,,,,,,,,,
6.27685,-1.22E-07,-9.996587753,,,,,,,,,,,,,,
6.27695,-1.16E-07,-9.996900558,,,,,,,,,,,,,,
6.27705,-9.59E-06,-2.777179718,,,,,,,,,,,,,,
6.27715,-1.44E-06,-0.002133374,,,,,,,,,,,,,,
6.27725,1.12E-06,-0.001920162,,,,,,,,,,,,,,
6.27735,2.19E-06,-0.001593307,,,,,,,,,,,,,,
6.27745,2.67E-06,-0.00130072,,,,,,,,,,,,,,
6.27755,2.94E-06,-0.001280314,,,,,,,,,,,,,,
6.27765,3.07E-06,-0.001188626,,,,,,,,,,,,,,
6.27775,3.17E-06,-0.001083568,,,,,,,,,,,,,,
6.27785,3.25E-06,-0.001364755,,,,,,,,,,,,,,
6.27795,3.29E-06,-0.001513159,,,,,,,,,,,,,,
6.27805,1.10E-05,-7.210986137,,,,,,,,,,,,,,
6.27815,2.41E-06,-9.996389389,,,,,,,,,,,,,,
6.27825,7.54E-07,-9.996498108,,,,,,,,,,,,,,
6.27835,3.03E-07,-9.996936798,,,,,,,,,,,,,,
6.27845,5.27E-08,-9.996973038,,,,,,,,,,,,,,
6.27855,-3.96E-08,-9.997061729,,,,,,,,,,,,,,
6.27865,-5.34E-08,-9.997543335,,,,,,,,,,,,,,
6.27875,-9.13E-08,-9.997527122,,,,,,,,,,,,,,
6.27885,-8.60E-08,-9.997235298,,,,,,,,,,,,,,
6.27895,-1.10E-07,-9.997233391,,,,,,,,,,,,,,
6.27905,-9.56E-06,-2.79730773,,,,,,,,,,,,,,
6.27915,-1.47E-06,-0.002261723,,,,,,,,,,,,,,
6.27925,1.09E-06,-0.001966393,,,,,,,,,,,,,,
6.27935,2.15E-06,-0.001917206,,,,,,,,,,,,,,
6.27945,2.65E-06,-0.00178752,,,,,,,,,,,,,,
6.27955,2.92E-06,-0.001551579,,,,,,,,,,,,,,
6.27965,3.12E-06,-0.001390298,,,,,,,,,,,,,,
6.27975,3.21E-06,-0.001627013,,,,,,,,,,,,,,
6.27985,3.25E-06,-0.001514003,,,,,,,,,,,,,,
6.27995,3.30E-06,-0.001273137,,,,,,,,,,,,,,
6.28005,1.11E-05,-7.191449165,,,,,,,,,,,,,,
6.28015,2.46E-06,-9.996668816,,,,,,,,,,,,,,
6.28025,7.61E-07,-9.997179031,,,,,,,,,,,,,,
6.28035,3.21E-07,-9.997524261,,,,,,,,,,,,,,
6.28045,1.08E-07,-9.997238159,,,,,,,,,,,,,,
6.28055,-3.27E-09,-9.997008324,,,,,,,,,,,,,,
6.28065,-5.06E-08,-9.997095108,,,,,,,,,,,,,,
6.28075,-5.21E-08,-9.997117996,,,,,,,,,,,,,,
6.28085,-1.18E-07,-9.997099876,,,,,,,,,,,,,,
6.28095,-1.31E-07,-9.996687889,,,,,,,,,,,,,,
6.28105,-9.56E-06,-2.817356348,,,,,,,,,,,,,,
6.28115,-1.45E-06,-0.002177494,,,,,,,,,,,,,,
6.28125,1.10E-06,-0.001867738,,,,,,,,,,,,,,
6.28135,2.15E-06,-0.001507037,,,,,,,,,,,,,,
6.28145,2.64E-06,-0.001589788,,,,,,,,,,,,,,
6.28155,2.93E-06,-0.001476638,,,,,,,,,,,,,,
6.28165,3.08E-06,-0.001294739,,,,,,,,,,,,,,
6.28175,3.17E-06,-0.001302691,,,,,,,,,,,,,,
6.28185,3.25E-06,-0.00127574,,,,,,,,,,,,,,
6.28195,3.29E-06,-0.001581063,,,,,,,,,,,,,,
6.28205,1.11E-05,-7.171304703,,,,,,,,,,,,,,
6.28215,2.45E-06,-9.996135712,,,,,,,,,,,,,,
6.28225,7.59E-07,-9.996573448,,,,,,,,,,,,,,
6.28235,3.05E-07,-9.996437073,,,,,,,,,,,,,,
6.28245,9.65E-08,-9.996936798,,,,,,,,,,,,,,
6.28255,1.25E-08,-9.996976852,,,,,,,,,,,,,,
6.28265,-2.54E-08,-9.99687767,,,,,,,,,,,,,,
6.28275,-6.40E-08,-9.997061729,,,,,,,,,,,,,,
6.28285,-6.35E-08,-9.997124672,,,,,,,,,,,,,,
6.28295,-8.38E-08,-9.997206688,,,,,,,,,,,,,,
6.28305,-9.55E-06,-2.837172985,,,,,,,,,,,,,,
6.28315,-1.46E-06,-0.002420823,,,,,,,,,,,,,,
6.28325,1.11E-06,-0.002233435,,,,,,,,,,,,,,
6.28335,2.13E-06,-0.001649671,,,,,,,,,,,,,,
6.28345,2.67E-06,-0.001651289,,,,,,,,,,,,,,
6.28355,2.97E-06,-0.001803352,,,,,,,,,,,,,,
6.28365,3.12E-06,-0.001373199,,,,,,,,,,,,,,
6.28375,3.18E-06,-0.001724963,,,,,,,,,,,,,,
6.28385,3.25E-06,-0.001468053,,,,,,,,,,,,,,
6.28395,3.30E-06,-0.001307616,,,,,,,,,,,,,,
6.28405,1.11E-05,-7.150874615,,,,,,,,,,,,,,
6.28415,2.47E-06,-9.995995522,,,,,,,,,,,,,,
6.28425,8.28E-07,-9.996404648,,,,,,,,,,,,,,
6.28435,3.41E-07,-9.996706963,,,,,,,,,,,,,,
6.28445,1.20E-07,-9.996723175,,,,,,,,,,,,,,
6.28455,-2.06E-09,-9.996718407,,,,,,,,,,,,,,
6.28465,-5.23E-08,-9.997057915,,,,,,,,,,,,,,
6.28475,-7.87E-08,-9.99695015,,,,,,,,,,,,,,
6.28485,-1.05E-07,-9.997180939,,,,,,,,,,,,,,
6.28495,-1.22E-07,-9.997355461,,,,,,,,,,,,,,
6.28505,-9.56E-06,-2.857292175,,,,,,,,,,,,,,
6.28515,-1.49E-06,-0.002574645,,,,,,,,,,,,,,
6.28525,1.13E-06,-0.001905314,,,,,,,,,,,,,,
6.28535,2.18E-06,-0.001837762,,,,,,,,,,,,,,
6.28545,2.67E-06,-0.001819677,,,,,,,,,,,,,,
6.28555,2.95E-06,-0.001847332,,,,,,,,,,,,,,
6.28565,3.12E-06,-0.00208468,,,,,,,,,,,,,,
6.28575,3.22E-06,-0.001610547,,,,,,,,,,,,,,
6.28585,3.28E-06,-0.001503096,,,,,,,,,,,,,,
6.28595,3.32E-06,-0.001584652,,,,,,,,,,,,,,
6.28605,1.11E-05,-7.131731033,,,,,,,,,,,,,,
6.28615,2.45E-06,-9.996848106,,,,,,,,,,,,,,
6.28625,7.83E-07,-9.997273445,,,,,,,,,,,,,,
6.28635,3.00E-07,-9.996973991,,,,,,,,,,,,,,
6.28645,9.14E-08,-9.996980667,,,,,,,,,,,,,,
6.28655,-1.76E-08,-9.997117043,,,,,,,,,,,,,,
6.28665,-4.72E-08,-9.997146606,,,,,,,,,,,,,,
6.28675,-7.60E-08,-9.997318268,,,,,,,,,,,,,,
6.28685,-8.93E-08,-9.997256279,,,,,,,,,,,,,,
6.28695,-8.26E-08,-9.997266769,,,,,,,,,,,,,,
6.28705,-9.53E-06,-2.877202511,,,,,,,,,,,,,,
6.28715,-1.48E-06,-0.002607366,,,,,,,,,,,,,,
6.28725,1.14E-06,-0.002238643,,,,,,,,,,,,,,
6.28735,2.20E-06,-0.001982084,,,,,,,,,,,,,,
6.28745,2.69E-06,-0.001858872,,,,,,,,,,,,,,
6.28755,2.95E-06,-0.00184902,,,,,,,,,,,,,,
6.28765,3.13E-06,-0.001700898,,,,,,,,,,,,,,
6.28775,3.21E-06,-0.001698576,,,,,,,,,,,,,,
6.28785,3.27E-06,-0.001500774,,,,,,,,,,,,,,
6.28795,3.32E-06,-0.001382276,,,,,,,,,,,,,,
6.28805,1.11E-05,-7.111207962,,,,,,,,,,,,,,
6.28815,2.46E-06,-9.995901108,,,,,,,,,,,,,,
6.28825,7.76E-07,-9.996222496,,,,,,,,,,,,,,
6.28835,2.72E-07,-9.996608734,,,,,,,,,,,,,,
6.28845,8.42E-08,-9.996836662,,,,,,,,,,,,,,
6.28855,-3.64E-08,-9.996650696,,,,,,,,,,,,,,
6.28865,-5.97E-08,-9.997135162,,,,,,,,,,,,,,
6.28875,-7.03E-08,-9.997415543,,,,,,,,,,,,,,
6.28885,-8.60E-08,-9.997488976,,,,,,,,,,,,,,
6.28895,-9.91E-08,-9.997522354,,,,,,,,,,,,,,
6.28905,-9.52E-06,-2.89760828,,,,,,,,,,,,,,
6.28915,-1.49E-06,-0.002709046,,,,,,,,,,,,,,
6.28925,1.10E-06,-0.002115993,,,,,,,,,,,,,,
6.28935,2.14E-06,-0.002127463,,,,,,,,,,,,,,
6.28945,2.67E-06,-0.00178766,,,,,,,,,,,,,,
6.28955,2.93E-06,-0.001694213,,,,,,,,,,,,,,
6.28965,3.10E-06,-0.001596614,,,,,,,,,,,,,,
6.28975,3.21E-06,-0.001563401,,,,,,,,,,,,,,
6.28985,3.26E-06,-0.001372495,,,,,,,,,,,,,,
6.28995,3.30E-06,-0.001372706,,,,,,,,,,,,,,
6.29005,1.11E-05,-7.091105938,,,,,,,,,,,,,,
6.29015,2.48E-06,-9.99593544,,,,,,,,,,,,,,
6.29025,7.92E-07,-9.996677399,,,,,,,,,,,,,,
6.29035,3.10E-07,-9.996794701,,,,,,,,,,,,,,
6.29045,1.30E-07,-9.996880531,,,,,,,,,,,,,,
6.29055,1.78E-09,-9.996789932,,,,,,,,,,,,,,
6.29065,-3.61E-08,-9.996986389,,,,,,,,,,,,,,
6.29075,-7.88E-08,-9.997041702,,,,,,,,,,,,,,
6.29085,-6.92E-08,-9.997320175,,,,,,,,,,,,,,
6.29095,-1.20E-07,-9.997298241,,,,,,,,,,,,,,
6.29105,-9.53E-06,-2.917404413,,,,,,,,,,,,,,
6.29115,-1.50E-06,-0.00236087,,,,,,,,,,,,,,
6.29125,1.14E-06,-0.002246313,,,,,,,,,,,,,,
6.29135,2.19E-06,-0.00173967,,,,,,,,,,,,,,
6.29145,2.70E-06,-0.001442088,,,,,,,,,,,,,,
6.29155,2.96E-06,-0.001594221,,,,,,,,,,,,,,
6.29165,3.14E-06,-0.001611954,,,,,,,,,,,,,,
6.29175,3.23E-06,-0.001605058,,,,,,,,,,,,,,
6.29185,3.33E-06,-0.001392268,,,,,,,,,,,,,,
6.29195,3.37E-06,-0.001450673,,,,,,,,,,,,,,
6.29205,1.11E-05,-7.071270466,,,,,,,,,,,,,,
6.29215,2.49E-06,-9.996476173,,,,,,,,,,,,,,
6.29225,7.91E-07,-9.996689796,,,,,,,,,,,,,,
6.29235,3.22E-07,-9.997219086,,,,,,,,,,,,,,
6.29245,1.12E-07,-9.997309685,,,,,,,,,,,,,,
6.29255,5.28E-08,-9.99746418,,,,,,,,,,,,,,
6.29265,-2.93E-08,-9.997224808,,,,,,,,,,,,,,
6.29275,-5.01E-08,-9.997216225,,,,,,,,,,,,,,
6.29285,-6.51E-08,-9.997114182,,,,,,,,,,,,,,
6.29295,-1.04E-07,-9.997276306,,,,,,,,,,,,,,
6.29305,-9.50E-06,-2.93738699,,,,,,,,,,,,,,
6.29315,-1.46E-06,-0.002436022,,,,,,,,,,,,,,
6.29325,1.17E-06,-0.002232591,,,,,,,,,,,,,,
6.29335,2.19E-06,-0.001797652,,,,,,,,,,,,,,
6.29345,2.72E-06,-0.001956823,,,,,,,,,,,,,,
6.29355,3.00E-06,-0.001815315,,,,,,,,,,,,,,
6.29365,3.14E-06,-0.001560797,,,,,,,,,,,,,,
6.29375,3.27E-06,-0.001590985,,,,,,,,,,,,,,
6.29385,3.30E-06,-0.001729185,,,,,,,,,,,,,,
6.29395,3.34E-06,-0.001486419,,,,,,,,,,,,,,
6.29405,1.11E-05,-7.051148415,,,,,,,,,,,,,,
6.29415,2.49E-06,-9.996146202,,,,,,,,,,,,,,
6.29425,7.76E-07,-9.996645927,,,,,,,,,,,,,,
6.29435,3.29E-07,-9.997049332,,,,,,,,,,,,,,
6.29445,1.19E-07,-9.997097015,,,,,,,,,,,,,,
6.29455,1.65E-08,-9.99734211,,,,,,,,,,,,,,
6.29465,-3.19E-08,-9.997387886,,,,,,,,,,,,,,
6.29475,-4.12E-08,-9.997426033,,,,,,,,,,,,,,
6.29485,-8.37E-08,-9.997483253,,,,,,,,,,,,,,
6.29495,-8.98E-08,-9.997612953,,,,,,,,,,,,,,
6.29505,-9.47E-06,-2.957333088,,,,,,,,,,,,,,
6.29515,-1.46E-06,-0.002305984,,,,,,,,,,,,,,
6.29525,1.13E-06,-0.00233216,,,,,,,,,,,,,,
6.29535,2.19E-06,-0.002055126,,,,,,,,,,,,,,
6.29545,2.72E-06,-0.001785901,,,,,,,,,,,,,,
6.29555,3.01E-06,-0.001551509,,,,,,,,,,,,,,
6.29565,3.16E-06,-0.001676692,,,,,,,,,,,,,,
6.29575,3.24E-06,-0.001253856,,,,,,,,,,,,,,
6.29585,3.31E-06,-0.00137721,,,,,,,,,,,,,,
6.29595,3.35E-06,-0.001356873,,,,,,,,,,,,,,
6.29605,1.11E-05,-7.031566143,,,,,,,,,,,,,,
6.29615,2.49E-06,-9.996229172,,,,,,,,,,,,,,
6.29625,8.10E-07,-9.9967556,,,,,,,,,,,,,,
6.29635,3.32E-07,-9.997242928,,,,,,,,,,,,,,
6.29645,1.29E-07,-9.997022629,,,,,,,,,,,,,,
6.29655,4.52E-08,-9.996933937,,,,,,,,,,,,,,
6.29665,9.32E-09,-9.997164726,,,,,,,,,,,,,,
6.29675,-3.75E-08,-9.996969223,,,,,,,,,,,,,,
6.29685,-9.41E-08,-9.997134209,,,,,,,,,,,,,,
6.29695,-1.05E-07,-9.997286797,,,,,,,,,,,,,,
6.29705,-9.48E-06,-2.977294922,,,,,,,,,,,,,,
6.29715,-1.54E-06,-0.00215962,,,,,,,,,,,,,,
6.29725,1.10E-06,-0.001543205,,,,,,,,,,,,,,
6.29735,2.20E-06,-0.001485927,,,,,,,,,,,,,,
6.29745,2.71E-06,-0.001492682,,,,,,,,,,,,,,
6.29755,2.97E-06,-0.001205021,,,,,,,,,,,,,,
6.29765,3.12E-06,-0.001028752,,,,,,,,,,,,,,
6.29775,3.24E-06,-0.001454402,,,,,,,,,,,,,,
6.29785,3.29E-06,-0.001284114,,,,,,,,,,,,,,
6.29795,3.32E-06,-0.001224161,,,,,,,,,,,,,,
6.29805,1.10E-05,-7.011073589,,,,,,,,,,,,,,
6.29815,2.49E-06,-9.996202469,,,,,,,,,,,,,,
6.29825,7.98E-07,-9.996798515,,,,,,,,,,,,,,
6.29835,3.13E-07,-9.996891022,,,,,,,,,,,,,,
6.29845,1.14E-07,-9.996846199,,,,,,,,,,,,,,
6.29855,-1.17E-08,-9.997062683,,,,,,,,,,,,,,
6.29865,-4.85E-08,-9.996926308,,,,,,,,,,,,,,
6.29875,-5.57E-08,-9.997181892,,,,,,,,,,,,,,
6.29885,-9.24E-08,-9.997606277,,,,,,,,,,,,,,
6.29895,-1.23E-07,-9.997468948,,,,,,,,,,,,,,
6.29905,-9.48E-06,-2.997128963,,,,,,,,,,,,,,
6.29915,-1.54E-06,-0.002065469,,,,,,,,,,,,,,
6.29925,1.12E-06,-0.002072576,,,,,,,,,,,,,,
6.29935,2.18E-06,-0.00149993,,,,,,,,,,,,,,
6.29945,2.68E-06,-0.001553127,,,,,,,,,,,,,,
6.29955,3.00E-06,-0.001712931,,,,,,,,,,,,,,
6.29965,3.12E-06,-0.001581837,,,,,,,,,,,,,,
6.29975,3.23E-06,-0.001420767,,,,,,,,,,,,,,
6.29985,3.31E-06,-0.000999902,,,,,,,,,,,,,,
6.29995,3.32E-06,-0.001080542,,,,,,,,,,,,,,
6.30005,1.11E-05,-6.991321564,,,,,,,,,,,,,,
6.30015,2.54E-06,-9.996276855,,,,,,,,,,,,,,
6.30025,7.77E-07,-9.996543884,,,,,,,,,,,,,,
6.30035,2.73E-07,-9.99650383,,,,,,,,,,,,,,
6.30045,9.07E-08,-9.996983528,,,,,,,,,,,,,,
6.30055,-1.68E-08,-9.997157097,,,,,,,,,,,,,,
6.30065,-6.58E-08,-9.997091293,,,,,,,,,,,,,,
6.30075,-8.76E-08,-9.996962547,,,,,,,,,,,,,,
6.30085,-7.35E-08,-9.997289658,,,,,,,,,,,,,,
6.30095,-1.03E-07,-9.997140884,,,,,,,,,,,,,,
6.30105,-9.49E-06,-3.01711154,,,,,,,,,,,,,,
6.30115,-1.51E-06,-0.00201185,,,,,,,,,,,,,,
6.30125,1.11E-06,-0.001940216,,,,,,,,,,,,,,
6.30135,2.17E-06,-0.001533776,,,,,,,,,,,,,,
6.30145,2.66E-06,-0.001280525,,,,,,,,,,,,,,
6.30155,2.97E-06,-0.001259978,,,,,,,,,,,,,,
6.30165,3.14E-06,-0.00098428,,,,,,,,,,,,,,
6.30175,3.20E-06,-0.001042685,,,,,,,,,,,,,,
6.30185,3.30E-06,-0.001082653,,,,,,,,,,,,,,
6.30195,3.36E-06,-0.001118188,,,,,,,,,,,,,,
6.30205,1.11E-05,-6.970831871,,,,,,,,,,,,,,
6.30215,2.52E-06,-9.996177673,,,,,,,,,,,,,,
6.30225,8.04E-07,-9.996491432,,,,,,,,,,,,,,
6.30235,3.28E-07,-9.99685955,,,,,,,,,,,,,,
6.30245,1.29E-07,-9.99704361,,,,,,,,,,,,,,
6.30255,2.71E-08,-9.997047424,,,,,,,,,,,,,,
6.30265,-1.24E-08,-9.99715519,,,,,,,,,,,,,,
6.30275,-4.98E-08,-9.997395515,,,,,,,,,,,,,,
6.30285,-7.35E-08,-9.997271538,,,,,,,,,,,,,,
6.30295,-9.07E-08,-9.997188568,,,,,,,,,,,,,,
6.30305,-9.42E-06,-3.036832333,,,,,,,,,,,,,,
6.30315,-1.52E-06,-0.001981662,,,,,,,,,,,,,,
6.30325,1.14E-06,-0.001781468,,,,,,,,,,,,,,
6.30335,2.21E-06,-0.001407749,,,,,,,,,,,,,,
6.30345,2.73E-06,-0.001134232,,,,,,,,,,,,,,
6.30355,3.00E-06,-0.001194818,,,,,,,,,,,,,,
6.30365,3.17E-06,-0.001093349,,,,,,,,,,,,,,
6.30375,3.25E-06,-0.001188133,,,,,,,,,,,,,,
6.30385,3.30E-06,-0.000913843,,,,,,,,,,,,,,
6.30395,3.34E-06,-0.000964788,,,,,,,,,,,,,,
6.30405,1.11E-05,-6.951057434,,,,,,,,,,,,,,
6.30415,2.54E-06,-9.996182442,,,,,,,,,,,,,,
6.30425,8.27E-07,-9.996294975,,,,,,,,,,,,,,
6.30435,3.28E-07,-9.996500015,,,,,,,,,,,,,,
6.30445,1.17E-07,-9.996515274,,,,,,,,,,,,,,
6.30455,2.10E-08,-9.996817589,,,,,,,,,,,,,,
6.30465,-3.83E-08,-9.997202873,,,,,,,,,,,,,,
6.30475,-7.20E-08,-9.996977806,,,,,,,,,,,,,,
6.30485,-8.97E-08,-9.997282028,,,,,,,,,,,,,,
6.30495,-1.03E-07,-9.997142792,,,,,,,,,,,,,,
6.30505,-9.44E-06,-3.056865454,,,,,,,,,,,,,,
6.30515,-1.53E-06,-0.001901092,,,,,,,,,,,,,,
6.30525,1.10E-06,-0.001566215,,,,,,,,,,,,,,
6.30535,2.21E-06,-0.001308179,,,,,,,,,,,,,,
6.30545,2.72E-06,-0.001374254,,,,,,,,,,,,,,
6.30555,3.01E-06,-0.000952545,,,,,,,,,,,,,,
6.30565,3.17E-06,-0.001255052,,,,,,,,,,,,,,
6.30575,3.26E-06,-0.001395153,,,,,,,,,,,,,,
6.30585,3.32E-06,-0.001289743,,,,,,,,,,,,,,
6.30595,3.33E-06,-0.001279892,,,,,,,,,,,,,,
6.30605,1.11E-05,-6.931520939,,,,,,,,,,,,,,
6.30615,2.56E-06,-9.996537209,,,,,,,,,,,,,,
6.30625,8.52E-07,-9.996618271,,,,,,,,,,,,,,
6.30635,3.38E-07,-9.996774673,,,,,,,,,,,,,,
6.30645,1.50E-07,-9.996926308,,,,,,,,,,,,,,
6.30655,3.13E-08,-9.997132301,,,,,,,,,,,,,,
6.30665,-1.28E-08,-9.997186661,,,,,,,,,,,,,,
6.30675,-4.60E-08,-9.997284889,,,,,,,,,,,,,,
6.30685,-5.52E-08,-9.997217178,,,,,,,,,,,,,,
6.30695,-7.97E-08,-9.997133255,,,,,,,,,,,,,,
6.30705,-9.41E-06,-3.077045918,,,,,,,,,,,,,,
6.30715,-1.52E-06,-0.002013046,,,,,,,,,,,,,,
6.30725,1.16E-06,-0.001676973,,,,,,,,,,,,,,
6.30735,2.22E-06,-0.001582892,,,,,,,,,,,,,,
6.30745,2.77E-06,-0.001276585,,,,,,,,,,,,,,
6.30755,3.03E-06,-0.001190385,,,,,,,,,,,,,,
6.30765,3.17E-06,-0.001277148,,,,,,,,,,,,,,
6.30775,3.28E-06,-0.001053521,,,,,,,,,,,,,,
6.30785,3.37E-06,-0.001130081,,,,,,,,,,,,,,
6.30795,3.40E-06,-0.001108408,,,,,,,,,,,,,,
6.30805,1.11E-05,-6.911026955,,,,,,,,,,,,,,
6.30815,2.58E-06,-9.996365547,,,,,,,,,,,,,,
6.30825,8.25E-07,-9.996811867,,,,,,,,,,,,,,
6.30835,3.23E-07,-9.996482849,,,,,,,,,,,,,,
6.30845,9.49E-08,-9.997026443,,,,,,,,,,,,,,
6.30855,1.32E-08,-9.996822357,,,,,,,,,,,,,,
6.30865,-3.84E-08,-9.996701241,,,,,,,,,,,,,,
6.30875,-5.63E-08,-9.997066498,,,,,,,,,,,,,,
6.30885,-6.59E-08,-9.99670887,,,,,,,,,,,,,,
6.30895,-1.05E-07,-9.996868134,,,,,,,,,,,,,,
6.30905,-9.43E-06,-3.09679389,,,,,,,,,,,,,,
6.30915,-1.52E-06,-0.00177028,,,,,,,,,,,,,,
6.30925,1.16E-06,-0.001302902,,,,,,,,,,,,,,
6.30935,2.22E-06,-0.00090955,,,,,,,,,,,,,,
6.30945,2.74E-06,-0.001057251,,,,,,,,,,,,,,
6.30955,3.04E-06,-0.001104889,,,,,,,,,,,,,,
6.30965,3.21E-06,-0.001081035,,,,,,,,,,,,,,
6.30975,3.29E-06,-0.001098838,,,,,,,,,,,,,,
6.30985,3.33E-06,-0.001138173,,,,,,,,,,,,,,
6.30995,3.38E-06,-0.000689653,,,,,,,,,,,,,,
6.31005,1.11E-05,-6.891114712,,,,,,,,,,,,,,
6.31015,2.58E-06,-9.996335983,,,,,,,,,,,,,,
6.31025,8.21E-07,-9.996483803,,,,,,,,,,,,,,
6.31035,3.34E-07,-9.996920586,,,,,,,,,,,,,,
6.31045,1.25E-07,-9.996553421,,,,,,,,,,,,,,
6.31055,3.44E-08,-9.996936798,,,,,,,,,,,,,,
6.31065,-3.68E-08,-9.996911049,,,,,,,,,,,,,,
6.31075,-6.75E-08,-9.996643066,,,,,,,,,,,,,,
6.31085,-8.17E-08,-9.996834755,,,,,,,,,,,,,,
6.31095,-7.75E-08,-9.997047424,,,,,,,,,,,,,,
6.31105,-9.41E-06,-3.116939068,,,,,,,,,,,,,,
6.31115,-1.52E-06,-0.001895392,,,,,,,,,,,,,,
6.31125,1.16E-06,-0.00177422,,,,,,,,,,,,,,
6.31135,2.24E-06,-0.00148846,,,,,,,,,,,,,,
6.31145,2.76E-06,-0.001356451,,,,,,,,,,,,,,
6.31155,3.00E-06,-0.001104256,,,,,,,,,,,,,,
6.31165,3.18E-06,-0.001102286,,,,,,,,,,,,,,
6.31175,3.26E-06,-0.001023404,,,,,,,,,,,,,,
6.31185,3.34E-06,-0.001082231,,,,,,,,,,,,,,
6.31195,3.37E-06,-0.001008486,,,,,,,,,,,,,,
6.31205,1.11E-05,-6.870976925,,,,,,,,,,,,,,
6.31215,2.56E-06,-9.995843887,,,,,,,,,,,,,,
6.31225,8.27E-07,-9.996172905,,,,,,,,,,,,,,
6.31235,3.18E-07,-9.996221542,,,,,,,,,,,,,,
6.31245,1.39E-07,-9.996396065,,,,,,,,,,,,,,
6.31255,1.30E-08,-9.996397018,,,,,,,,,,,,,,
6.31265,-1.23E-08,-9.996583939,,,,,,,,,,,,,,
6.31275,-6.62E-08,-9.996623993,,,,,,,,,,,,,,
6.31285,-7.60E-08,-9.996744156,,,,,,,,,,,,,,
6.31295,-8.92E-08,-9.996666908,,,,,,,,,,,,,,
6.31305,-9.40E-06,-3.136811495,,,,,,,,,,,,,,
6.31315,-1.54E-06,-0.001974766,,,,,,,,,,,,,,
6.31325,1.13E-06,-0.00173777,,,,,,,,,,,,,,
6.31335,2.22E-06,-0.001326967,,,,,,,,,,,,,,
6.31345,2.74E-06,-0.001155342,,,,,,,,,,,,,,
6.31355,3.03E-06,-0.001248579,,,,,,,,,,,,,,
6.31365,3.24E-06,-0.000874789,,,,,,,,,,,,,,
6.31375,3.33E-06,-0.001123677,,,,,,,,,,,,,,
6.31385,3.39E-06,-0.001340126,,,,,,,,,,,,,,
6.31395,3.42E-06,-0.001293402,,,,,,,,,,,,,,
6.31405,1.11E-05,-6.851378918,,,,,,,,,,,,,,
6.31415,2.61E-06,-9.996426582,,,,,,,,,,,,,,
6.31425,8.39E-07,-9.996220589,,,,,,,,,,,,,,
6.31435,3.39E-07,-9.996555328,,,,,,,,,,,,,,
6.31445,1.26E-07,-9.996804237,,,,,,,,,,,,,,
6.31455,1.98E-08,-9.996809006,,,,,,,,,,,,,,
6.31465,-4.20E-08,-9.996829033,,,,,,,,,,,,,,
6.31475,-6.76E-08,-9.996915817,,,,,,,,,,,,,,
6.31485,-9.03E-08,-9.996973991,,,,,,,,,,,,,,
6.31495,-1.11E-07,-9.997083664,,,,,,,,,,,,,,
6.31505,-9.40E-06,-3.157087803,,,,,,,,,,,,,,
6.31515,-1.54E-06,-0.002238009,,,,,,,,,,,,,,
6.31525,1.11E-06,-0.002101145,,,,,,,,,,,,,,
6.31535,2.20E-06,-0.001689287,,,,,,,,,,,,,,
6.31545,2.74E-06,-0.00146355,,,,,,,,,,,,,,
6.31555,3.04E-06,-0.001260893,,,,,,,,,,,,,,
6.31565,3.19E-06,-0.001504363,,,,,,,,,,,,,,
6.31575,3.29E-06,-0.001477905,,,,,,,,,,,,,,
6.31585,3.35E-06,-0.001344419,,,,,,,,,,,,,,
6.31595,3.37E-06,-0.001113826,,,,,,,,,,,,,,
6.31605,1.11E-05,-6.831215382,,,,,,,,,,,,,,
6.31615,2.60E-06,-9.996100426,,,,,,,,,,,,,,
6.31625,8.19E-07,-9.996588707,,,,,,,,,,,,,,
6.31635,2.91E-07,-9.996635437,,,,,,,,,,,,,,
6.31645,7.12E-08,-9.996647835,,,,,,,,,,,,,,
6.31655,9.61E-09,-9.996931076,,,,,,,,,,,,,,
6.31665,-4.54E-08,-9.996975899,,,,,,,,,,,,,,
6.31675,-9.13E-08,-9.997350693,,,,,,,,,,,,,,
6.31685,-9.55E-08,-9.99740696,,,,,,,,,,,,,,
6.31695,-9.24E-08,-9.99698925,,,,,,,,,,,,,,
6.31705,-9.41E-06,-3.177243948,,,,,,,,,,,,,,
6.31715,-1.59E-06,-0.002319987,,,,,,,,,,,,,,
6.31725,1.14E-06,-0.002053366,,,,,,,,,,,,,,
6.31735,2.20E-06,-0.001711945,,,,,,,,,,,,,,
6.31745,2.68E-06,-0.001722641,,,,,,,,,,,,,,
6.31755,2.99E-06,-0.001428226,,,,,,,,,,,,,,
6.31765,3.14E-06,-0.001354974,,,,,,,,,,,,,,
6.31775,3.22E-06,-0.000983717,,,,,,,,,,,,,,
6.31785,3.30E-06,-0.001250478,,,,,,,,,,,,,,
6.31795,3.38E-06,-0.001231409,,,,,,,,,,,,,,
6.31805,1.11E-05,-6.811192989,,,,,,,,,,,,,,
6.31815,2.59E-06,-9.99606514,,,,,,,,,,,,,,
6.31825,8.37E-07,-9.996478081,,,,,,,,,,,,,,
6.31835,3.05E-07,-9.996660233,,,,,,,,,,,,,,
6.31845,9.73E-08,-9.996760368,,,,,,,,,,,,,,
6.31855,2.92E-08,-9.996866226,,,,,,,,,,,,,,
6.31865,-4.56E-08,-9.996911049,,,,,,,,,,,,,,
6.31875,-6.69E-08,-9.996853828,,,,,,,,,,,,,,
6.31885,-8.40E-08,-9.99708271,,,,,,,,,,,,,,
6.31895,-1.08E-07,-9.99703598,,,,,,,,,,,,,,
6.31905,-9.42E-06,-3.196968794,,,,,,,,,,,,,,
6.31915,-1.62E-06,-0.001771617,,,,,,,,,,,,,,
6.31925,1.12E-06,-0.001611461,,,,,,,,,,,,,,
6.31935,2.21E-06,-0.001523995,,,,,,,,,,,,,,
6.31945,2.72E-06,-0.001041488,,,,,,,,,,,,,,
6.31955,2.98E-06,-0.001240486,,,,,,,,,,,,,,
6.31965,3.18E-06,-0.001209243,,,,,,,,,,,,,,
6.31975,3.26E-06,-0.001615472,,,,,,,,,,,,,,
6.31985,3.32E-06,-0.001069002,,,,,,,,,,,,,,
6.31995,3.34E-06,-0.001116922,,,,,,,,,,,,,,
6.32005,1.11E-05,-6.791488647,,,,,,,,,,,,,,
6.32015,2.58E-06,-9.996358871,,,,,,,,,,,,,,
6.32025,8.07E-07,-9.996608734,,,,,,,,,,,,,,
6.32035,3.37E-07,-9.996704102,,,,,,,,,,,,,,
6.32045,9.30E-08,-9.997180939,,,,,,,,,,,,,,
6.32055,1.00E-09,-9.997071266,,,,,,,,,,,,,,
6.32065,-5.69E-08,-9.997174263,,,,,,,,,,,,,,
6.32075,-7.40E-08,-9.997152328,,,,,,,,,,,,,,
6.32085,-8.65E-08,-9.997170448,,,,,,,,,,,,,,
6.32095,-8.92E-08,-9.997428894,,,,,,,,,,,,,,
6.32105,-9.34E-06,-3.217185497,,,,,,,,,,,,,,
6.32115,-1.56E-06,-0.002189386,,,,,,,,,,,,,,
6.32125,1.13E-06,-0.002028386,,,,,,,,,,,,,,
6.32135,2.22E-06,-0.001535746,,,,,,,,,,,,,,
6.32145,2.74E-06,-0.001754095,,,,,,,,,,,,,,
6.32155,3.01E-06,-0.001741429,,,,,,,,,,,,,,
6.32165,3.20E-06,-0.001693932,,,,,,,,,,,,,,
6.32175,3.31E-06,-0.001562978,,,,,,,,,,,,,,
6.32185,3.37E-06,-0.001447084,,,,,,,,,,,,,,
6.32195,3.40E-06,-0.001293825,,,,,,,,,,,,,,
6.32205,1.11E-05,-6.771867752,,,,,,,,,,,,,,
6.32215,2.62E-06,-9.996630669,,,,,,,,,,,,,,
6.32225,8.28E-07,-9.996795654,,,,,,,,,,,,,,
6.32235,3.45E-07,-9.996955872,,,,,,,,,,,,,,
6.32245,1.26E-07,-9.997264862,,,,,,,,,,,,,,
6.32255,1.19E-08,-9.997565269,,,,,,,,,,,,,,
6.32265,-3.71E-08,-9.997546196,,,,,,,,,,,,,,
6.32275,-6.80E-08,-9.997389793,,,,,,,,,,,,,,
6.32285,-7.76E-08,-9.997373581,,,,,,,,,,,,,,
6.32295,-1.15E-07,-9.997244835,,,,,,,,,,,,,,
6.32305,-9.36E-06,-3.236913681,,,,,,,,,,,,,,
6.32315,-1.63E-06,-0.00202719,,,,,,,,,,,,,,
6.32325,1.13E-06,-0.001895181,,,,,,,,,,,,,,
6.32335,2.22E-06,-0.001306842,,,,,,,,,,,,,,
6.32345,2.77E-06,-0.001649037,,,,,,,,,,,,,,
6.32355,3.02E-06,-0.00127757,,,,,,,,,,,,,,
6.32365,3.18E-06,-0.001312613,,,,,,,,,,,,,,
6.32375,3.27E-06,-0.001285873,,,,,,,,,,,,,,
6.32385,3.34E-06,-0.001361307,,,,,,,,,,,,,,
6.32395,3.38E-06,-0.001358773,,,,,,,,,,,,,,
6.32405,1.11E-05,-6.751248837,,,,,,,,,,,,,,
6.32415,2.66E-06,-9.996679306,,,,,,,,,,,,,,
6.32425,8.39E-07,-9.996845245,,,,,,,,,,,,,,
6.32435,3.21E-07,-9.996807098,,,,,,,,,,,,,,
6.32445,1.29E-07,-9.996591568,,,,,,,,,,,,,,
6.32455,2.54E-08,-9.997006416,,,,,,,,,,,,,,
6.32465,-4.12E-08,-9.996972084,,,,,,,,,,,,,,
6.32475,-8.18E-08,-9.996962547,,,,,,,,,,,,,,
6.32485,-9.52E-08,-9.997219086,,,,,,,,,,,,,,
6.32495,-1.25E-07,-9.997163773,,,,,,,,,,,,,,
6.32505,-9.37E-06,-3.257042885,,,,,,,,,,,,,,
6.32515,-1.61E-06,-0.002297821,,,,,,,,,,,,,,
6.32525,1.12E-06,-0.001929872,,,,,,,,,,,,,,
6.32535,2.21E-06,-0.00142147,,,,,,,,,,,,,,
6.32545,2.75E-06,-0.001098415,,,,,,,,,,,,,,
6.32555,3.05E-06,-0.001312472,,,,,,,,,,,,,,
6.32565,3.20E-06,-0.001318172,,,,,,,,,,,,,,
6.32575,3.30E-06,-0.001146617,,,,,,,,,,,,,,
6.32585,3.37E-06,-0.00115302,,,,,,,,,,,,,,
6.32595,3.37E-06,-0.00132739,,,,,,,,,,,,,,
6.32605,1.11E-05,-6.731751442,,,,,,,,,,,,,,
6.32615,2.61E-06,-9.996397018,,,,,,,,,,,,,,
6.32625,8.07E-07,-9.996883392,,,,,,,,,,,,,,
6.32635,3.21E-07,-9.997180939,,,,,,,,,,,,,,
6.32645,1.00E-07,-9.997351646,,,,,,,,,,,,,,
6.32655,9.95E-09,-9.997150421,,,,,,,,,,,,,,
6.32665,-4.90E-08,-9.997477531,,,,,,,,,,,,,,
6.32675,-6.21E-08,-9.997339249,,,,,,,,,,,,,,
6.32685,-7.32E-08,-9.997190475,,,,,,,,,,,,,,
6.32695,-9.09E-08,-9.997083664,,,,,,,,,,,,,,
6.32705,-9.33E-06,-3.277146578,,,,,,,,,,,,,,
6.32715,-1.59E-06,-0.002349893,,,,,,,,,,,,,,
6.32725,1.12E-06,-0.002083624,,,,,,,,,,,,,,
6.32735,2.22E-06,-0.001778442,,,,,,,,,,,,,,
6.32745,2.73E-06,-0.001475372,,,,,,,,,,,,,,
6.32755,3.04E-06,-0.00168415,,,,,,,,,,,,,,
6.32765,3.21E-06,-0.001518014,,,,,,,,,,,,,,
6.32775,3.28E-06,-0.001089901,,,,,,,,,,,,,,
6.32785,3.36E-06,-0.000939175,,,,,,,,,,,,,,
6.32795,3.40E-06,-0.001138032,,,,,,,,,,,,,,
6.32805,1.11E-05,-6.711518288,,,,,,,,,,,,,,
6.32815,2.63E-06,-9.996589661,,,,,,,,,,,,,,
6.32825,8.25E-07,-9.996658325,,,,,,,,,,,,,,
6.32835,3.38E-07,-9.996869087,,,,,,,,,,,,,,
6.32845,1.47E-07,-9.99708271,,,,,,,,,,,,,,
6.32855,4.63E-08,-9.997112274,,,,,,,,,,,,,,
6.32865,-3.76E-09,-9.997519493,,,,,,,,,,,,,,
6.32875,-1.31E-08,-9.99730587,,,,,,,,,,,,,,
6.32885,-5.90E-08,-9.997227669,,,,,,,,,,,,,,
6.32895,-3.44E-08,-9.997573853,,,,,,,,,,,,,,
6.32905,-9.32E-06,-3.297371626,,,,,,,,,,,,,,
6.32915,-1.61E-06,-0.002310065,,,,,,,,,,,,,,
6.32925,1.12E-06,-0.002241739,,,,,,,,,,,,,,
6.32935,2.22E-06,-0.001744666,,,,,,,,,,,,,,
6.32945,2.75E-06,-0.001638201,,,,,,,,,,,,,,
6.32955,3.02E-06,-0.001111855,,,,,,,,,,,,,,
6.32965,3.22E-06,-0.001009542,,,,,,,,,,,,,,
6.32975,3.34E-06,-0.00144258,,,,,,,,,,,,,,
6.32985,3.39E-06,-0.001185178,,,,,,,,,,,,,,
6.32995,3.42E-06,-0.001260611,,,,,,,,,,,,,,
6.33005,1.11E-05,-6.691720486,,,,,,,,,,,,,,
6.33015,2.65E-06,-9.99639225,,,,,,,,,,,,,,
6.33025,8.32E-07,-9.996243477,,,,,,,,,,,,,,
6.33035,3.41E-07,-9.996852875,,,,,,,,,,,,,,
6.33045,1.51E-07,-9.996899605,,,,,,,,,,,,,,
6.33055,1.10E-08,-9.996927261,,,,,,,,,,,,,,
6.33065,-2.97E-08,-9.997027397,,,,,,,,,,,,,,
6.33075,-5.80E-08,-9.996919632,,,,,,,,,,,,,,
6.33085,-9.27E-08,-9.996986389,,,,,,,,,,,,,,
6.33095,-1.04E-07,-9.997284889,,,,,,,,,,,,,,
6.33105,-9.34E-06,-3.316935062,,,,,,,,,,,,,,
6.33115,-1.63E-06,-0.002159058,,,,,,,,,,,,,,
6.33125,1.10E-06,-0.001710186,,,,,,,,,,,,,,
6.33135,2.22E-06,-0.001481071,,,,,,,,,,,,,,
6.33145,2.73E-06,-0.00139832,,,,,,,,,,,,,,
6.33155,3.02E-06,-0.001078994,,,,,,,,,,,,,,
6.33165,3.17E-06,-0.001026148,,,,,,,,,,,,,,
6.33175,3.30E-06,-0.001260048,,,,,,,,,,,,,,
6.33185,3.33E-06,-0.000872045,,,,,,,,,,,,,,
6.33195,3.37E-06,-0.00107238,,,,,,,,,,,,,,
6.33205,1.10E-05,-6.671025753,,,,,,,,,,,,,,
6.33215,2.65E-06,-9.995836258,,,,,,,,,,,,,,
6.33225,8.54E-07,-9.996253967,,,,,,,,,,,,,,
6.33235,3.40E-07,-9.996477127,,,,,,,,,,,,,,
6.33245,1.20E-07,-9.996837616,,,,,,,,,,,,,,
6.33255,2.24E-08,-9.996621132,,,,,,,,,,,,,,
6.33265,-2.47E-08,-9.996703148,,,,,,,,,,,,,,
6.33275,-6.70E-08,-9.997002602,,,,,,,,,,,,,,
6.33285,-7.76E-08,-9.997237206,,,,,,,,,,,,,,
6.33295,-1.14E-07,-9.997514725,,,,,,,,,,,,,,
6.33305,-9.33E-06,-3.337210655,,,,,,,,,,,,,,
6.33315,-1.60E-06,-0.002241809,,,,,,,,,,,,,,
6.33325,1.13E-06,-0.001792023,,,,,,,,,,,,,,
6.33335,2.23E-06,-0.00162842,,,,,,,,,,,,,,
6.33345,2.77E-06,-0.00126033,,,,,,,,,,,,,,
6.33355,3.06E-06,-0.001259978,,,,,,,,,,,,,,
6.33365,3.20E-06,-0.001008979,,,,,,,,,,,,,,
6.33375,3.31E-06,-0.001323097,,,,,,,,,,,,,,
6.33385,3.35E-06,-0.000968236,,,,,,,,,,,,,,
6.33395,3.38E-06,-0.001115444,,,,,,,,,,,,,,
6.33405,1.11E-05,-6.651396275,,,,,,,,,,,,,,
6.33415,2.67E-06,-9.996559143,,,,,,,,,,,,,,
6.33425,8.63E-07,-9.996850967,,,,,,,,,,,,,,
6.33435,3.33E-07,-9.997023582,,,,,,,,,,,,,,
6.33445,1.37E-07,-9.996837616,,,,,,,,,,,,,,
6.33455,3.06E-08,-9.996832848,,,,,,,,,,,,,,
6.33465,-3.01E-08,-9.997113228,,,,,,,,,,,,,,
6.33475,-4.42E-08,-9.997084618,,,,,,,,,,,,,,
6.33485,-6.48E-08,-9.9973526,,,,,,,,,,,,,,
6.33495,-8.75E-08,-9.997428894,,,,,,,,,,,,,,
6.33505,-9.30E-06,-3.357040644,,,,,,,,,,,,,,
6.33515,-1.62E-06,-0.002222599,,,,,,,,,,,,,,
6.33525,1.14E-06,-0.002009035,,,,,,,,,,,,,,
6.33535,2.22E-06,-0.001550031,,,,,,,,,,,,,,
6.33545,2.77E-06,-0.001647278,,,,,,,,,,,,,,
6.33555,3.07E-06,-0.001698857,,,,,,,,,,,,,,
6.33565,3.20E-06,-0.001610687,,,,,,,,,,,,,,
6.33575,3.29E-06,-0.00141753,,,,,,,,,,,,,,
6.33585,3.35E-06,-0.001258782,,,,,,,,,,,,,,
6.33595,3.38E-06,-0.001266241,,,,,,,,,,,,,,
6.33605,1.11E-05,-6.631121635,,,,,,,,,,,,,,
6.33615,2.63E-06,-9.996166229,,,,,,,,,,,,,,
6.33625,8.16E-07,-9.996282578,,,,,,,,,,,,,,
6.33635,3.19E-07,-9.996562958,,,,,,,,,,,,,,
6.33645,1.31E-07,-9.996640205,,,,,,,,,,,,,,
6.33655,6.15E-08,-9.996729851,,,,,,,,,,,,,,
6.33665,1.30E-08,-9.996896744,,,,,,,,,,,,,,
6.33675,-7.29E-08,-9.996955872,,,,,,,,,,,,,,
6.33685,-5.48E-08,-9.996806145,,,,,,,,,,,,,,
6.33695,-6.97E-08,-9.99709034,,,,,,,,,,,,,,
6.33705,-9.29E-06,-3.376915216,,,,,,,,,,,,,,
6.33715,-1.66E-06,-0.002285507,,,,,,,,,,,,,,
6.33725,1.13E-06,-0.00206744,,,,,,,,,,,,,,
6.33735,2.21E-06,-0.001614698,,,,,,,,,,,,,,
6.33745,2.73E-06,-0.001604073,,,,,,,,,,,,,,
6.33755,3.02E-06,-0.001590985,,,,,,,,,,,,,,
6.33765,3.18E-06,-0.001344278,,,,,,,,,,,,,,
6.33775,3.29E-06,-0.001062599,,,,,,,,,,,,,,
6.33785,3.37E-06,-0.001269829,,,,,,,,,,,,,,
6.33795,3.41E-06,-0.001348289,,,,,,,,,,,,,,
6.33805,1.11E-05,-6.611474514,,,,,,,,,,,,,,
6.33815,2.65E-06,-9.996171951,,,,,,,,,,,,,,
6.33825,8.74E-07,-9.996563911,,,,,,,,,,,,,,
6.33835,3.56E-07,-9.996519089,,,,,,,,,,,,,,
6.33845,1.27E-07,-9.996756554,,,,,,,,,,,,,,
6.33855,3.56E-08,-9.996948242,,,,,,,,,,,,,,
6.33865,4.54E-10,-9.997061729,,,,,,,,,,,,,,
6.33875,-6.72E-08,-9.997110367,,,,,,,,,,,,,,
6.33885,-1.09E-07,-9.997056961,,,,,,,,,,,,,,
6.33895,-1.33E-07,-9.997158051,,,,,,,,,,,,,,
6.33905,-9.30E-06,-3.397039413,,,,,,,,,,,,,,
6.33915,-1.65E-06,-0.002495693,,,,,,,,,,,,,,
6.33925,1.12E-06,-0.002167079,,,,,,,,,,,,,,
6.33935,2.22E-06,-0.001691117,,,,,,,,,,,,,,
6.33945,2.78E-06,-0.001516466,,,,,,,,,,,,,,
6.33955,3.05E-06,-0.001332386,,,,,,,,,,,,,,
6.33965,3.21E-06,-0.00105704,,,,,,,,,,,,,,
6.33975,3.30E-06,-0.001320423,,,,,,,,,,,,,,
6.33985,3.39E-06,-0.001397616,,,,,,,,,,,,,,
6.33995,3.44E-06,-0.001348852,,,,,,,,,,,,,,
6.34005,1.11E-05,-6.591720104,,,,,,,,,,,,,,
6.34015,2.65E-06,-9.996330261,,,,,,,,,,,,,,
6.34025,8.24E-07,-9.996301651,,,,,,,,,,,,,,
6.34035,3.42E-07,-9.996767044,,,,,,,,,,,,,,
6.34045,9.51E-08,-9.996795654,,,,,,,,,,,,,,
6.34055,4.58E-09,-9.996831894,,,,,,,,,,,,,,
6.34065,-4.14E-08,-9.99700737,,,,,,,,,,,,,,
6.34075,-7.91E-08,-9.997206688,,,,,,,,,,,,,,
6.34085,-1.10E-07,-9.99754715,,,,,,,,,,,,,,
6.34095,-1.06E-07,-9.997498512,,,,,,,,,,,,,,
6.34105,-9.30E-06,-3.417181492,,,,,,,,,,,,,,
6.34115,-1.66E-06,-0.002233787,,,,,,,,,,,,,,
6.34125,1.12E-06,-0.002113038,,,,,,,,,,,,,,
6.34135,2.22E-06,-0.002087846,,,,,,,,,,,,,,
6.34145,2.77E-06,-0.001715112,,,,,,,,,,,,,,
6.34155,3.08E-06,-0.001299032,,,,,,,,,,,,,,
6.34165,3.23E-06,-0.001269689,,,,,,,,,,,,,,
6.34175,3.33E-06,-0.001093842,,,,,,,,,,,,,,
6.34185,3.38E-06,-0.001009401,,,,,,,,,,,,,,
6.34195,3.42E-06,-0.001175045,,,,,,,,,,,,,,
6.34205,1.11E-05,-6.571439266,,,,,,,,,,,,,,
6.34215,2.71E-06,-9.99604702,,,,,,,,,,,,,,
6.34225,8.05E-07,-9.996186256,,,,,,,,,,,,,,
6.34235,3.05E-07,-9.996618271,,,,,,,,,,,,,,
6.34245,1.16E-07,-9.996767998,,,,,,,,,,,,,,
6.34255,-3.90E-09,-9.996823311,,,,,,,,,,,,,,
6.34265,-5.49E-08,-9.99716568,,,,,,,,,,,,,,
6.34275,-8.96E-08,-9.996951103,,,,,,,,,,,,,,
6.34285,-1.22E-07,-9.996991158,,,,,,,,,,,,,,
6.34295,-1.21E-07,-9.996925354,,,,,,,,,,,,,,
6.34305,-9.27E-06,-3.436424255,,,,,,,,,,,,,,
6.34315,-1.65E-06,-0.002016353,,,,,,,,,,,,,,
6.34325,1.12E-06,-0.001624409,,,,,,,,,,,,,,
6.34335,2.23E-06,-0.001007642,,,,,,,,,,,,,,
6.34345,2.81E-06,-0.001099893,,,,,,,,,,,,,,
6.34355,3.08E-06,-0.000976399,,,,,,,,,,,,,,
6.34365,3.26E-06,-0.001154146,,,,,,,,,,,,,,
6.34375,3.34E-06,-0.001345755,,,,,,,,,,,,,,
6.34385,3.42E-06,-0.001179267,,,,,,,,,,,,,,
6.34395,3.44E-06,-0.001179689,,,,,,,,,,,,,,
6.34405,1.10E-05,-6.551344872,,,,,,,,,,,,,,
6.34415,2.71E-06,-9.995998383,,,,,,,,,,,,,,
6.34425,8.28E-07,-9.996335983,,,,,,,,,,,,,,
6.34435,2.97E-07,-9.996725082,,,,,,,,,,,,,,
6.34445,1.10E-07,-9.996934891,,,,,,,,,,,,,,
6.34455,2.46E-09,-9.997024536,,,,,,,,,,,,,,
6.34465,-4.34E-08,-9.997061729,,,,,,,,,,,,,,
6.34475,-7.75E-08,-9.997224808,,,,,,,,,,,,,,
6.34485,-9.58E-08,-9.997177124,,,,,,,,,,,,,,
6.34495,-1.15E-07,-9.997315407,,,,,,,,,,,,,,
6.34505,-9.27E-06,-3.456722736,,,,,,,,,,,,,,
6.34515,-1.67E-06,-0.002185304,,,,,,,,,,,,,,
6.34525,1.12E-06,-0.001871819,,,,,,,,,,,,,,
6.34535,2.20E-06,-0.00154799,,,,,,,,,,,,,,
6.34545,2.77E-06,-0.001305435,,,,,,,,,,,,,,
6.34555,3.07E-06,-0.001185108,,,,,,,,,,,,,,
6.34565,3.23E-06,-0.001193692,,,,,,,,,,,,,,
6.34575,3.32E-06,-0.000912928,,,,,,,,,,,,,,
6.34585,3.39E-06,-0.000909761,,,,,,,,,,,,,,
6.34595,3.40E-06,-0.000702249,,,,,,,,,,,,,,
6.34605,1.10E-05,-6.531120777,,,,,,,,,,,,,,
6.34615,2.66E-06,-9.996290207,,,,,,,,,,,,,,
6.34625,8.34E-07,-9.996139526,,,,,,,,,,,,,,
6.34635,3.24E-07,-9.996582031,,,,,,,,,,,,,,
6.34645,9.73E-08,-9.997014046,,,,,,,,,,,,,,
6.34655,8.41E-09,-9.996991158,,,,,,,,,,,,,,
6.34665,-2.15E-08,-9.996821404,,,,,,,,,,,,,,
6.34675,-1.06E-07,-9.996919632,,,,,,,,,,,,,,
6.34685,-1.04E-07,-9.996904373,,,,,,,,,,,,,,
6.34695,-9.76E-08,-9.997065544,,,,,,,,,,,,,,
6.34705,-9.28E-06,-3.476482391,,,,,,,,,,,,,,
6.34715,-1.71E-06,-0.001704064,,,,,,,,,,,,,,
6.34725,1.11E-06,-0.001602806,,,,,,,,,,,,,,
6.34735,2.21E-06,-0.001019323,,,,,,,,,,,,,,
6.34745,2.78E-06,-0.000835524,,,,,,,,,,,,,,
6.34755,3.06E-06,-0.000983506,,,,,,,,,,,,,,
6.34765,3.24E-06,-0.00103607,,,,,,,,,,,,,,
6.34775,3.33E-06,-0.001153442,,,,,,,,,,,,,,
6.34785,3.36E-06,-0.001063443,,,,,,,,,,,,,,
6.34795,3.40E-06,-0.001163786,,,,,,,,,,,,,,
6.34805,1.11E-05,-6.511260033,,,,,,,,,,,,,,
6.34815,2.70E-06,-9.996142387,,,,,,,,,,,,,,
6.34825,8.62E-07,-9.996687889,,,,,,,,,,,,,,
6.34835,3.12E-07,-9.996999741,,,,,,,,,,,,,,
6.34845,7.12E-08,-9.996699333,,,,,,,,,,,,,,
6.34855,-2.42E-08,-9.996910095,,,,,,,,,,,,,,
6.34865,-5.29E-08,-9.997199059,,,,,,,,,,,,,,
6.34875,-1.08E-07,-9.997234344,,,,,,,,,,,,,,
6.34885,-1.32E-07,-9.997059822,,,,,,,,,,,,,,
6.34895,-1.07E-07,-9.997019768,,,,,,,,,,,,,,
6.34905,-9.24E-06,-3.496854544,,,,,,,,,,,,,,
6.34915,-1.69E-06,-0.002125493,,,,,,,,,,,,,,
6.34925,1.12E-06,-0.001972937,,,,,,,,,,,,,,
6.34935,2.26E-06,-0.001202488,,,,,,,,,,,,,,
6.34945,2.78E-06,-0.00123359,,,,,,,,,,,,,,
6.34955,3.04E-06,-0.000963663,,,,,,,,,,,,,,
6.34965,3.21E-06,-0.001114389,,,,,,,,,,,,,,
6.34975,3.34E-06,-0.001111855,,,,,,,,,,,,,,
6.34985,3.36E-06,-0.00122008,,,,,,,,,,,,,,
6.34995,3.41E-06,-0.001435192,,,,,,,,,,,,,,
6.35005,1.10E-05,-6.491540432,,,,,,,,,,,,,,
6.35015,2.70E-06,-9.996125221,,,,,,,,,,,,,,
6.35025,8.40E-07,-9.996451378,,,,,,,,,,,,,,
6.35035,3.58E-07,-9.996536255,,,,,,,,,,,,,,
6.35045,1.50E-07,-9.997046471,,,,,,,,,,,,,,
6.35055,2.07E-08,-9.996699333,,,,,,,,,,,,,,
6.35065,-4.11E-08,-9.996663094,,,,,,,,,,,,,,
6.35075,-7.89E-08,-9.996552467,,,,,,,,,,,,,,
6.35085,-1.09E-07,-9.996623039,,,,,,,,,,,,,,
6.35095,-1.16E-07,-9.996500015,,,,,,,,,,,,,,
6.35105,-9.27E-06,-3.516663074,,,,,,,,,,,,,,
6.35115,-1.74E-06,-0.001970192,,,,,,,,,,,,,,
6.35125,1.08E-06,-0.001851413,,,,,,,,,,,,,,
6.35135,2.22E-06,-0.001437725,,,,,,,,,,,,,,
6.35145,2.78E-06,-0.001417952,,,,,,,,,,,,,,
6.35155,3.06E-06,-0.001564738,,,,,,,,,,,,,,
6.35165,3.22E-06,-0.001410141,,,,,,,,,,,,,,
6.35175,3.35E-06,-0.001317046,,,,,,,,,,,,,,
6.35185,3.40E-06,-0.001319438,,,,,,,,,,,,,,
6.35195,3.43E-06,-0.001161394,,,,,,,,,,,,,,
6.35205,1.10E-05,-6.47141552,,,,,,,,,,,,,,
6.35215,2.72E-06,-9.995776176,,,,,,,,,,,,,,
6.35225,8.69E-07,-9.995973587,,,,,,,,,,,,,,
6.35235,3.35E-07,-9.996537209,,,,,,,,,,,,,,
6.35245,1.32E-07,-9.996824265,,,,,,,,,,,,,,
6.35255,3.88E-08,-9.997091293,,,,,,,,,,,,,,
6.35265,-4.09E-08,-9.99733448,,,,,,,,,,,,,,
6.35275,-4.70E-08,-9.997374535,,,,,,,,,,,,,,
6.35285,-8.95E-08,-9.997238159,,,,,,,,,,,,,,
6.35295,-8.98E-08,-9.997049332,,,,,,,,,,,,,,
6.35305,-9.24E-06,-3.536853313,,,,,,,,,,,,,,
6.35315,-1.69E-06,-0.002151388,,,,,,,,,,,,,,
6.35325,1.11E-06,-0.001593588,,,,,,,,,,,,,,
6.35335,2.23E-06,-0.001291573,,,,,,,,,,,,,,
6.35345,2.77E-06,-0.001406201,,,,,,,,,,,,,,
6.35355,3.06E-06,-0.001037618,,,,,,,,,,,,,,
6.35365,3.26E-06,-0.001006798,,,,,,,,,,,,,,
6.35375,3.39E-06,-0.001087509,,,,,,,,,,,,,,
6.35385,3.45E-06,-0.00096697,,,,,,,,,,,,,,
6.35395,3.45E-06,-0.001067806,,,,,,,,,,,,,,
6.35405,1.11E-05,-6.451321602,,,,,,,,,,,,,,
6.35415,2.74E-06,-9.995773315,,,,,,,,,,,,,,
6.35425,8.46E-07,-9.996293068,,,,,,,,,,,,,,
6.35435,3.34E-07,-9.996294975,,,,,,,,,,,,,,
6.35445,1.25E-07,-9.996424675,,,,,,,,,,,,,,
6.35455,4.55E-08,-9.996716499,,,,,,,,,,,,,,
6.35465,-5.17E-10,-9.996644974,,,,,,,,,,,,,,
6.35475,-5.43E-08,-9.996308327,,,,,,,,,,,,,,
6.35485,-3.16E-08,-9.996700287,,,,,,,,,,,,,,
6.35495,-6.67E-08,-9.996906281,,,,,,,,,,,,,,
6.35505,-9.20E-06,-3.556958437,,,,,,,,,,,,,,
6.35515,-1.65E-06,-0.002194945,,,,,,,,,,,,,,
6.35525,1.15E-06,-0.002081654,,,,,,,,,,,,,,
6.35535,2.26E-06,-0.001660507,,,,,,,,,,,,,,
6.35545,2.81E-06,-0.001847895,,,,,,,,,,,,,,
6.35555,3.09E-06,-0.001520688,,,,,,,,,,,,,,
6.35565,3.27E-06,-0.001499226,,,,,,,,,,,,,,
6.35575,3.38E-06,-0.00147312,,,,,,,,,,,,,,
6.35585,3.42E-06,-0.001492823,,,,,,,,,,,,,,
6.35595,3.47E-06,-0.001567482,,,,,,,,,,,,,,
6.35605,1.11E-05,-6.431632519,,,,,,,,,,,,,,
6.35615,2.78E-06,-9.995903969,,,,,,,,,,,,,,
6.35625,8.76E-07,-9.99640274,,,,,,,,,,,,,,
6.35635,3.36E-07,-9.996782303,,,,,,,,,,,,,,
6.35645,1.46E-07,-9.996876717,,,,,,,,,,,,,,
6.35655,6.37E-08,-9.997238159,,,,,,,,,,,,,,
6.35665,2.11E-08,-9.997249603,,,,,,,,,,,,,,
6.35675,-3.53E-08,-9.996976852,,,,,,,,,,,,,,
6.35685,-5.79E-08,-9.996927261,,,,,,,,,,,,,,
6.35695,-1.00E-07,-9.997048378,,,,,,,,,,,,,,
6.35705,-9.21E-06,-3.576945543,,,,,,,,,,,,,,
6.35715,-1.73E-06,-0.002363192,,,,,,,,,,,,,,
6.35725,1.12E-06,-0.001948942,,,,,,,,,,,,,,
6.35735,2.27E-06,-0.001444621,,,,,,,,,,,,,,
6.35745,2.83E-06,-0.001563893,,,,,,,,,,,,,,
6.35755,3.13E-06,-0.001390509,,,,,,,,,,,,,,
6.35765,3.28E-06,-0.001555308,,,,,,,,,,,,,,
6.35775,3.33E-06,-0.001347937,,,,,,,,,,,,,,
6.35785,3.39E-06,-0.001286577,,,,,,,,,,,,,,
6.35795,3.41E-06,-0.001527654,,,,,,,,,,,,,,
6.35805,1.10E-05,-6.411508083,,,,,,,,,,,,,,
6.35815,2.72E-06,-9.995985031,,,,,,,,,,,,,,
6.35825,7.96E-07,-9.996458054,,,,,,,,,,,,,,
6.35835,2.99E-07,-9.996883392,,,,,,,,,,,,,,
6.35845,1.13E-07,-9.997138023,,,,,,,,,,,,,,
6.35855,1.78E-08,-9.99693203,,,,,,,,,,,,,,
6.35865,-3.11E-08,-9.996941566,,,,,,,,,,,,,,
6.35875,-9.12E-08,-9.997375488,,,,,,,,,,,,,,
6.35885,-1.02E-07,-9.997326851,,,,,,,,,,,,,,
6.35895,-1.40E-07,-9.997273445,,,,,,,,,,,,,,
6.35905,-9.23E-06,-3.597020864,,,,,,,,,,,,,,
6.35915,-1.76E-06,-0.002561627,,,,,,,,,,,,,,
6.35925,1.10E-06,-0.002186149,,,,,,,,,,,,,,
6.35935,2.27E-06,-0.001998973,,,,,,,,,,,,,,
6.35945,2.77E-06,-0.001769295,,,,,,,,,,,,,,
6.35955,3.08E-06,-0.001702164,,,,,,,,,,,,,,
6.35965,3.22E-06,-0.001855283,,,,,,,,,,,,,,
6.35975,3.34E-06,-0.001717786,,,,,,,,,,,,,,
6.35985,3.41E-06,-0.0013409,,,,,,,,,,,,,,
6.35995,3.45E-06,-0.001529554,,,,,,,,,,,,,,
6.36005,1.10E-05,-6.391908169,,,,,,,,,,,,,,
6.36015,2.73E-06,-9.996511459,,,,,,,,,,,,,,
6.36025,8.74E-07,-9.996765137,,,,,,,,,,,,,,
6.36035,3.32E-07,-9.996881485,,,,,,,,,,,,,,
6.36045,1.06E-07,-9.997009277,,,,,,,,,,,,,,
6.36055,-1.69E-08,-9.997392654,,,,,,,,,,,,,,
6.36065,-5.06E-08,-9.997247696,,,,,,,,,,,,,,
6.36075,-6.34E-08,-9.996966362,,,,,,,,,,,,,,
6.36085,-9.69E-08,-9.996827126,,,,,,,,,,,,,,
6.36095,-1.20E-07,-9.996937752,,,,,,,,,,,,,,
6.36105,-9.24E-06,-3.616898537,,,,,,,,,,,,,,
6.36115,-1.78E-06,-0.002441651,,,,,,,,,,,,,,
6.36125,1.09E-06,-0.001902499,,,,,,,,,,,,,,
6.36135,2.22E-06,-0.001525543,,,,,,,,,,,,,,
6.36145,2.79E-06,-0.001578037,,,,,,,,,,,,,,
6.36155,3.07E-06,-0.001381432,,,,,,,,,,,,,,
6.36165,3.19E-06,-0.001038322,,,,,,,,,,,,,,
6.36175,3.32E-06,-0.001068861,,,,,,,,,,,,,,
6.36185,3.40E-06,-0.001138876,,,,,,,,,,,,,,
6.36195,3.41E-06,-0.001275599,,,,,,,,,,,,,,
6.36205,1.10E-05,-6.371506691,,,,,,,,,,,,,,
6.36215,2.72E-06,-9.99576664,,,,,,,,,,,,,,
6.36225,8.03E-07,-9.995927811,,,,,,,,,,,,,,
6.36235,2.95E-07,-9.996474266,,,,,,,,,,,,,,
6.36245,8.30E-08,-9.996879578,,,,,,,,,,,,,,
6.36255,-1.37E-09,-9.996768951,,,,,,,,,,,,,,
6.36265,-5.24E-08,-9.996667862,,,,,,,,,,,,,,
6.36275,-5.71E-08,-9.997107506,,,,,,,,,,,,,,
6.36285,-1.13E-07,-9.996848106,,,,,,,,,,,,,,
6.36295,-1.15E-07,-9.996993065,,,,,,,,,,,,,,
6.36305,-9.17E-06,-3.636769295,,,,,,,,,,,,,,
6.36315,-1.76E-06,-0.002217533,,,,,,,,,,,,,,
6.36325,1.10E-06,-0.00184128,,,,,,,,,,,,,,
6.36335,2.21E-06,-0.001521462,,,,,,,,,,,,,,
6.36345,2.79E-06,-0.001589788,,,,,,,,,,,,,,
6.36355,3.12E-06,-0.001222754,,,,,,,,,,,,,,
6.36365,3.28E-06,-0.001377702,,,,,,,,,,,,,,
6.36375,3.35E-06,-0.00142907,,,,,,,,,,,,,,
6.36385,3.42E-06,-0.001447928,,,,,,,,,,,,,,
6.36395,3.45E-06,-0.001407538,,,,,,,,,,,,,,
6.36405,1.10E-05,-6.351752758,,,,,,,,,,,,,,
6.36415,2.74E-06,-9.996361732,,,,,,,,,,,,,,
6.36425,8.44E-07,-9.996740341,,,,,,,,,,,,,,
6.36435,3.37E-07,-9.996917725,,,,,,,,,,,,,,
6.36445,1.06E-07,-9.997136116,,,,,,,,,,,,,,
6.36455,3.53E-08,-9.997139931,,,,,,,,,,,,,,
6.36465,-1.13E-08,-9.997175217,,,,,,,,,,,,,,
6.36475,-6.55E-08,-9.997013092,,,,,,,,,,,,,,
6.36485,-7.31E-08,-9.997360229,,,,,,,,,,,,,,
6.36495,-9.25E-08,-9.997459412,,,,,,,,,,,,,,
6.36505,-9.17E-06,-3.656844616,,,,,,,,,,,,,,
6.36515,-1.78E-06,-0.002142943,,,,,,,,,,,,,,
6.36525,1.10E-06,-0.002071732,,,,,,,,,,,,,,
6.36535,2.25E-06,-0.001655159,,,,,,,,,,,,,,
6.36545,2.80E-06,-0.001574237,,,,,,,,,,,,,,
6.36555,3.11E-06,-0.001472909,,,,,,,,,,,,,,
6.36565,3.27E-06,-0.00137151,,,,,,,,,,,,,,
6.36575,3.35E-06,-0.001115022,,,,,,,,,,,,,,
6.36585,3.43E-06,-0.000972669,,,,,,,,,,,,,,
6.36595,3.45E-06,-0.001248438,,,,,,,,,,,,,,
6.36605,1.10E-05,-6.331651211,,,,,,,,,,,,,,
6.36615,2.74E-06,-9.995992661,,,,,,,,,,,,,,
6.36625,8.28E-07,-9.996333122,,,,,,,,,,,,,,
6.36635,3.36E-07,-9.996797562,,,,,,,,,,,,,,
6.36645,1.14E-07,-9.997020721,,,,,,,,,,,,,,
6.36655,3.42E-08,-9.997092247,,,,,,,,,,,,,,
6.36665,-2.49E-08,-9.997203827,,,,,,,,,,,,,,
6.36675,-7.69E-08,-9.997374535,,,,,,,,,,,,,,
6.36685,-7.97E-08,-9.997401237,,,,,,,,,,,,,,
6.36695,-1.01E-07,-9.997577667,,,,,,,,,,,,,,
6.36705,-9.17E-06,-3.677170992,,,,,,,,,,,,,,
6.36715,-1.80E-06,-0.002211622,,,,,,,,,,,,,,
6.36725,1.09E-06,-0.001900318,,,,,,,,,,,,,,
6.36735,2.22E-06,-0.001590351,,,,,,,,,,,,,,
6.36745,2.77E-06,-0.001126492,,,,,,,,,,,,,,
6.36755,3.06E-06,-0.001133458,,,,,,,,,,,,,,
6.36765,3.27E-06,-0.00128334,,,,,,,,,,,,,,
6.36775,3.37E-06,-0.001268844,,,,,,,,,,,,,,
6.36785,3.41E-06,-0.001195733,,,,,,,,,,,,,,
6.36795,3.46E-06,-0.001096656,,,,,,,,,,,,,,
6.36805,1.10E-05,-6.311572075,,,,,,,,,,,,,,
6.36815,2.75E-06,-9.996315002,,,,,,,,,,,,,,
6.36825,8.66E-07,-9.996523857,,,,,,,,,,,,,,
6.36835,3.38E-07,-9.996839523,,,,,,,,,,,,,,
6.36845,9.83E-08,-9.997110367,,,,,,,,,,,,,,
6.36855,2.54E-09,-9.996848106,,,,,,,,,,,,,,
6.36865,-5.21E-08,-9.997260094,,,,,,,,,,,,,,
6.36875,-6.78E-08,-9.997097969,,,,,,,,,,,,,,
6.36885,-1.03E-07,-9.997385025,,,,,,,,,,,,,,
6.36895,-9.76E-08,-9.997602463,,,,,,,,,,,,,,
6.36905,-9.18E-06,-3.697121143,,,,,,,,,,,,,,
6.36915,-1.80E-06,-0.002165391,,,,,,,,,,,,,,
6.36925,1.05E-06,-0.001644745,,,,,,,,,,,,,,
6.36935,2.22E-06,-0.00152111,,,,,,,,,,,,,,
6.36945,2.78E-06,-0.001770632,,,,,,,,,,,,,,
6.36955,3.05E-06,-0.001654737,,,,,,,,,,,,,,
6.36965,3.25E-06,-0.001625816,,,,,,,,,,,,,,
6.36975,3.36E-06,-0.001389383,,,,,,,,,,,,,,
6.36985,3.42E-06,-0.001250478,,,,,,,,,,,,,,
6.36995,3.44E-06,-0.000974992,,,,,,,,,,,,,,
6.37005,1.10E-05,-6.291469574,,,,,,,,,,,,,,
6.37015,2.79E-06,-9.996429443,,,,,,,,,,,,,,
6.37025,8.69E-07,-9.996927261,,,,,,,,,,,,,,
6.37035,3.42E-07,-9.997366905,,,,,,,,,,,,,,
6.37045,1.38E-07,-9.997351646,,,,,,,,,,,,,,
6.37055,2.90E-08,-9.997312546,,,,,,,,,,,,,,
6.37065,-4.75E-08,-9.997472763,,,,,,,,,,,,,,
6.37075,-8.23E-08,-9.997714996,,,,,,,,,,,,,,
6.37085,-1.29E-07,-9.997340202,,,,,,,,,,,,,,
6.37095,-1.10E-07,-9.997094154,,,,,,,,,,,,,,
6.37105,-9.14E-06,-3.71690464,,,,,,,,,,,,,,
6.37115,-1.79E-06,-0.002325194,,,,,,,,,,,,,,
6.37125,1.07E-06,-0.001734111,,,,,,,,,,,,,,
6.37135,2.22E-06,-0.001505066,,,,,,,,,,,,,,
6.37145,2.79E-06,-0.001336397,,,,,,,,,,,,,,
6.37155,3.10E-06,-0.001468546,,,,,,,,,,,,,,
6.37165,3.25E-06,-0.001458765,,,,,,,,,,,,,,
6.37175,3.36E-06,-0.001242949,,,,,,,,,,,,,,
6.37185,3.40E-06,-0.001296358,,,,,,,,,,,,,,
6.37195,3.45E-06,-0.000919402,,,,,,,,,,,,,,
6.37205,1.10E-05,-6.271605015,,,,,,,,,,,,,,
6.37215,2.78E-06,-9.996424675,,,,,,,,,,,,,,
6.37225,8.65E-07,-9.996805191,,,,,,,,,,,,,,
6.37235,3.21E-07,-9.997012138,,,,,,,,,,,,,,
6.37245,1.26E-07,-9.99695015,,,,,,,,,,,,,,
6.37255,2.52E-08,-9.997075081,,,,,,,,,,,,,,
6.37265,-3.26E-08,-9.997120857,,,,,,,,,,,,,,
6.37275,-7.62E-08,-9.996972084,,,,,,,,,,,,,,
6.37285,-7.75E-08,-9.996944427,,,,,,,,,,,,,,
6.37295,-1.31E-07,-9.996964455,,,,,,,,,,,,,,
6.37305,-9.15E-06,-3.736531496,,,,,,,,,,,,,,
6.37315,-1.81E-06,-0.001843532,,,,,,,,,,,,,,
6.37325,1.08E-06,-0.001495285,,,,,,,,,,,,,,
6.37335,2.24E-06,-0.001213465,,,,,,,,,,,,,,
6.37345,2.81E-06,-0.001368765,,,,,,,,,,,,,,
6.37355,3.09E-06,-0.001516607,,,,,,,,,,,,,,
6.37365,3.25E-06,-0.001555801,,,,,,,,,,,,,,
6.37375,3.39E-06,-0.0012604,,,,,,,,,,,,,,
6.37385,3.46E-06,-0.001078009,,,,,,,,,,,,,,
6.37395,3.50E-06,-0.00106288,,,,,,,,,,,,,,
6.37405,1.10E-05,-6.25154829,,,,,,,,,,,,,,
6.37415,2.82E-06,-9.996232033,,,,,,,,,,,,,,
6.37425,8.80E-07,-9.996609688,,,,,,,,,,,,,,
6.37435,3.11E-07,-9.996870041,,,,,,,,,,,,,,
6.37445,1.26E-07,-9.997130394,,,,,,,,,,,,,,
6.37455,4.37E-08,-9.99732399,,,,,,,,,,,,,,
6.37465,-4.34E-08,-9.997218132,,,,,,,,,,,,,,
6.37475,-6.24E-08,-9.99727726,,,,,,,,,,,,,,
6.37485,-9.48E-08,-9.99707222,,,,,,,,,,,,,,
6.37495,-1.06E-07,-9.997236252,,,,,,,,,,,,,,
6.37505,-9.14E-06,-3.756666183,,,,,,,,,,,,,,
6.37515,-1.82E-06,-0.002120919,,,,,,,,,,,,,,
6.37525,1.06E-06,-0.001859857,,,,,,,,,,,,,,
6.37535,2.22E-06,-0.001524136,,,,,,,,,,,,,,
6.37545,2.80E-06,-0.001367851,,,,,,,,,,,,,,
6.37555,3.10E-06,-0.001303746,,,,,,,,,,,,,,
6.37565,3.27E-06,-0.001207906,,,,,,,,,,,,,,
6.37575,3.35E-06,-0.001190315,,,,,,,,,,,,,,
6.37585,3.42E-06,-0.001173075,,,,,,,,,,,,,,
6.37595,3.48E-06,-0.001083216,,,,,,,,,,,,,,
6.37605,1.10E-05,-6.231725216,,,,,,,,,,,,,,
6.37615,2.81E-06,-9.996541023,,,,,,,,,,,,,,
6.37625,8.64E-07,-9.996520042,,,,,,,,,,,,,,
6.37635,3.14E-07,-9.996958733,,,,,,,,,,,,,,
6.37645,1.11E-07,-9.996968269,,,,,,,,,,,,,,
6.37655,3.73E-08,-9.996974945,,,,,,,,,,,,,,
6.37665,-3.23E-08,-9.997175217,,,,,,,,,,,,,,
6.37675,-6.77E-08,-9.997392654,,,,,,,,,,,,,,
6.37685,-8.92E-08,-9.997283936,,,,,,,,,,,,,,
6.37695,-1.09E-07,-9.997428894,,,,,,,,,,,,,,
6.37705,-9.12E-06,-3.776423454,,,,,,,,,,,,,,
6.37715,-1.81E-06,-0.001731085,,,,,,,,,,,,,,
6.37725,1.12E-06,-0.00145968,,,,,,,,,,,,,,
6.37735,2.26E-06,-0.001100667,,,,,,,,,,,,,,
6.37745,2.80E-06,-0.000810051,,,,,,,,,,,,,,
6.37755,3.09E-06,-0.000739755,,,,,,,,,,,,,,
6.37765,3.24E-06,-0.000654822,,,,,,,,,,,,,,
6.37775,3.37E-06,-0.000741443,,,,,,,,,,,,,,
6.37785,3.41E-06,-0.000601132,,,,,,,,,,,,,,
6.37795,3.46E-06,-0.000401852,,,,,,,,,,,,,,
6.37805,1.10E-05,-6.211418152,,,,,,,,,,,,,,
6.37815,2.81E-06,-9.996287346,,,,,,,,,,,,,,
6.37825,8.16E-07,-9.996409416,,,,,,,,,,,,,,
6.37835,3.23E-07,-9.996767044,,,,,,,,,,,,,,
6.37845,1.03E-07,-9.996704102,,,,,,,,,,,,,,
6.37855,1.90E-08,-9.996880531,,,,,,,,,,,,,,
6.37865,-4.06E-08,-9.996687889,,,,,,,,,,,,,,
6.37875,-5.77E-08,-9.996879578,,,,,,,,,,,,,,
6.37885,-9.68E-08,-9.996921539,,,,,,,,,,,,,,
6.37895,-1.39E-07,-9.996926308,,,,,,,,,,,,,,
6.37905,-9.13E-06,-3.79659915,,,,,,,,,,,,,,
6.37915,-1.83E-06,-0.001892718,,,,,,,,,,,,,,
6.37925,1.06E-06,-0.001562697,,,,,,,,,,,,,,
6.37935,2.23E-06,-0.001462424,,,,,,,,,,,,,,
6.37945,2.80E-06,-0.001329993,,,,,,,,,,,,,,
6.37955,3.08E-06,-0.001203192,,,,,,,,,,,,,,
6.37965,3.28E-06,-0.0011932,,,,,,,,,,,,,,
6.37975,3.37E-06,-0.00162082,,,,,,,,,,,,,,
6.37985,3.43E-06,-0.001450251,,,,,,,,,,,,,,
6.37995,3.47E-06,-0.001352651,,,,,,,,,,,,,,
6.38005,1.10E-05,-6.191913128,,,,,,,,,,,,,,
6.38015,2.80E-06,-9.996235847,,,,,,,,,,,,,,
6.38025,8.46E-07,-9.99651432,,,,,,,,,,,,,,
6.38035,2.91E-07,-9.996582985,,,,,,,,,,,,,,
6.38045,8.44E-08,-9.9968853,,,,,,,,,,,,,,
6.38055,1.14E-08,-9.996725082,,,,,,,,,,,,,,
6.38065,-8.76E-08,-9.996953964,,,,,,,,,,,,,,
6.38075,-6.34E-08,-9.997096062,,,,,,,,,,,,,,
6.38085,-1.03E-07,-9.997146606,,,,,,,,,,,,,,
6.38095,-1.18E-07,-9.997314453,,,,,,,,,,,,,,
6.38105,-9.11E-06,-3.816859245,,,,,,,,,,,,,,
6.38115,-1.85E-06,-0.002159269,,,,,,,,,,,,,,
6.38125,1.08E-06,-0.001985955,,,,,,,,,,,,,,
6.38135,2.23E-06,-0.001185319,,,,,,,,,,,,,,
6.38145,2.77E-06,-0.001046484,,,,,,,,,,,,,,
6.38155,3.09E-06,-0.001037548,,,,,,,,,,,,,,
6.38165,3.29E-06,-0.000994131,,,,,,,,,,,,,,
6.38175,3.36E-06,-0.000988572,,,,,,,,,,,,,,
6.38185,3.42E-06,-0.001013553,,,,,,,,,,,,,,
6.38195,3.50E-06,-0.000992161,,,,,,,,,,,,,,
6.38205,1.10E-05,-6.171636105,,,,,,,,,,,,,,
6.38215,2.84E-06,-9.996245384,,,,,,,,,,,,,,
6.38225,8.88E-07,-9.996370316,,,,,,,,,,,,,,
6.38235,3.54E-07,-9.996541977,,,,,,,,,,,,,,
6.38245,1.40E-07,-9.996800423,,,,,,,,,,,,,,
6.38255,2.55E-08,-9.99677372,,,,,,,,,,,,,,
6.38265,-4.52E-08,-9.996462822,,,,,,,,,,,,,,
6.38275,-5.22E-08,-9.99653244,,,,,,,,,,,,,,
6.38285,-6.29E-08,-9.996857643,,,,,,,,,,,,,,
6.38295,-1.20E-07,-9.996604919,,,,,,,,,,,,,,
6.38305,-9.12E-06,-3.836139202,,,,,,,,,,,,,,
6.38315,-1.85E-06,-0.001759936,,,,,,,,,,,,,,
6.38325,1.08E-06,-0.001661211,,,,,,,,,,,,,,
6.38335,2.23E-06,-0.001217476,,,,,,,,,,,,,,
6.38345,2.80E-06,-0.001231902,,,,,,,,,,,,,,
6.38355,3.12E-06,-0.001029385,,,,,,,,,,,,,,
6.38365,3.28E-06,-0.000975132,,,,,,,,,,,,,,
6.38375,3.37E-06,-0.001044585,,,,,,,,,,,,,,
6.38385,3.43E-06,-0.000872256,,,,,,,,,,,,,,
6.38395,3.45E-06,-0.001320142,,,,,,,,,,,,,,
6.38405,1.10E-05,-6.15143919,,,,,,,,,,,,,,
6.38415,2.83E-06,-9.996163368,,,,,,,,,,,,,,
6.38425,8.64E-07,-9.996100426,,,,,,,,,,,,,,
6.38435,3.17E-07,-9.996553421,,,,,,,,,,,,,,
6.38445,1.12E-07,-9.99652195,,,,,,,,,,,,,,
6.38455,1.46E-08,-9.99655056,,,,,,,,,,,,,,
6.38465,-5.37E-08,-9.996711731,,,,,,,,,,,,,,
6.38475,-1.06E-07,-9.996870995,,,,,,,,,,,,,,
6.38485,-1.21E-07,-9.996929169,,,,,,,,,,,,,,
6.38495,-1.62E-07,-9.996977806,,,,,,,,,,,,,,
6.38505,-9.13E-06,-3.856504917,,,,,,,,,,,,,,
6.38515,-1.88E-06,-0.002323153,,,,,,,,,,,,,,
6.38525,1.09E-06,-0.002055477,,,,,,,,,,,,,,
6.38535,2.25E-06,-0.001948097,,,,,,,,,,,,,,
6.38545,2.81E-06,-0.001363699,,,,,,,,,,,,,,
6.38555,3.13E-06,-0.001417319,,,,,,,,,,,,,,
6.38565,3.26E-06,-0.001416896,,,,,,,,,,,,,,
6.38575,3.39E-06,-0.001165968,,,,,,,,,,,,,,
6.38585,3.45E-06,-0.001208118,,,,,,,,,,,,,,
6.38595,3.49E-06,-0.001297835,,,,,,,,,,,,,,
6.38605,1.10E-05,-6.131840706,,,,,,,,,,,,,,
6.38615,2.82E-06,-9.996206284,,,,,,,,,,,,,,
6.38625,8.67E-07,-9.996606827,,,,,,,,,,,,,,
6.38635,3.19E-07,-9.996580124,,,,,,,,,,,,,,
6.38645,1.47E-07,-9.996518135,,,,,,,,,,,,,,
6.38655,4.15E-08,-9.996814728,,,,,,,,,,,,,,
6.38665,-1.74E-08,-9.997060776,,,,,,,,,,,,,,
6.38675,-8.02E-08,-9.997394562,,,,,,,,,,,,,,
6.38685,-8.20E-08,-9.997402191,,,,,,,,,,,,,,
6.38695,-8.86E-08,-9.997430801,,,,,,,,,,,,,,
6.38705,-9.05E-06,-3.876847029,,,,,,,,,,,,,,
6.38715,-1.85E-06,-0.002248635,,,,,,,,,,,,,,
6.38725,1.10E-06,-0.002017761,,,,,,,,,,,,,,
6.38735,2.26E-06,-0.002012483,,,,,,,,,,,,,,
6.38745,2.83E-06,-0.001606747,,,,,,,,,,,,,,
6.38755,3.14E-06,-0.001856057,,,,,,,,,,,,,,
6.38765,3.32E-06,-0.001795541,,,,,,,,,,,,,,
6.38775,3.39E-06,-0.001907566,,,,,,,,,,,,,,
6.38785,3.48E-06,-0.00168401,,,,,,,,,,,,,,
6.38795,3.50E-06,-0.001543768,,,,,,,,,,,,,,
6.38805,1.10E-05,-6.111782074,,,,,,,,,,,,,,
6.38815,2.85E-06,-9.996344566,,,,,,,,,,,,,,
6.38825,8.93E-07,-9.996833801,,,,,,,,,,,,,,
6.38835,3.40E-07,-9.997195244,,,,,,,,,,,,,,
6.38845,1.05E-07,-9.997170448,,,,,,,,,,,,,,
6.38855,-1.42E-08,-9.997101784,,,,,,,,,,,,,,
6.38865,-4.33E-08,-9.997257233,,,,,,,,,,,,,,
6.38875,-5.44E-08,-9.997692108,,,,,,,,,,,,,,
6.38885,-1.05E-07,-9.99746418,,,,,,,,,,,,,,
6.38895,-9.55E-08,-9.997708321,,,,,,,,,,,,,,
6.38905,-9.05E-06,-3.896912336,,,,,,,,,,,,,,
6.38915,-1.85E-06,-0.002567116,,,,,,,,,,,,,,
6.38925,1.12E-06,-0.001990177,,,,,,,,,,,,,,
6.38935,2.26E-06,-0.001904751,,,,,,,,,,,,,,
6.38945,2.82E-06,-0.001748747,,,,,,,,,,,,,,
6.38955,3.10E-06,-0.001700828,,,,,,,,,,,,,,
6.38965,3.27E-06,-0.001585074,,,,,,,,,,,,,,
6.38975,3.37E-06,-0.001456091,,,,,,,,,,,,,,
6.38985,3.43E-06,-0.001351385,,,,,,,,,,,,,,
6.38995,3.50E-06,-0.00146545,,,,,,,,,,,,,,
6.39005,1.10E-05,-6.091928959,,,,,,,,,,,,,,
6.39015,2.87E-06,-9.995838165,,,,,,,,,,,,,,
6.39025,8.72E-07,-9.996151924,,,,,,,,,,,,,,
6.39035,3.44E-07,-9.996763229,,,,,,,,,,,,,,
6.39045,1.10E-07,-9.996919632,,,,,,,,,,,,,,
6.39055,2.73E-08,-9.996912956,,,,,,,,,,,,,,
6.39065,-1.71E-08,-9.997108459,,,,,,,,,,,,,,
6.39075,-6.41E-08,-9.997120857,,,,,,,,,,,,,,
6.39085,-9.63E-08,-9.99715519,,,,,,,,,,,,,,
6.39095,-9.63E-08,-9.996921539,,,,,,,,,,,,,,
6.39105,-9.05E-06,-3.916832447,,,,,,,,,,,,,,
6.39115,-1.89E-06,-0.00246818,,,,,,,,,,,,,,
6.39125,1.07E-06,-0.002182701,,,,,,,,,,,,,,
6.39135,2.26E-06,-0.001601047,,,,,,,,,,,,,,
6.39145,2.83E-06,-0.00141943,,,,,,,,,,,,,,
6.39155,3.12E-06,-0.001335763,,,,,,,,,,,,,,
6.39165,3.30E-06,-0.001330486,,,,,,,,,,,,,,
6.39175,3.41E-06,-0.001746425,,,,,,,,,,,,,,
6.39185,3.47E-06,-0.001460313,,,,,,,,,,,,,,
6.39195,3.47E-06,-0.001553197,,,,,,,,,,,,,,
6.39205,1.10E-05,-6.071925163,,,,,,,,,,,,,,
6.39215,2.90E-06,-9.996388435,,,,,,,,,,,,,,
6.39225,8.86E-07,-9.996665001,,,,,,,,,,,,,,
6.39235,3.58E-07,-9.996710777,,,,,,,,,,,,,,
6.39245,1.65E-07,-9.997081757,,,,,,,,,,,,,,
6.39255,4.85E-08,-9.997134209,,,,,,,,,,,,,,
6.39265,-4.69E-08,-9.997241974,,,,,,,,,,,,,,
6.39275,-7.73E-08,-9.997160912,,,,,,,,,,,,,,
6.39285,-9.66E-08,-9.997396469,,,,,,,,,,,,,,
6.39295,-1.03E-07,-9.99733448,,,,,,,,,,,,,,
6.39305,-9.03E-06,-3.937183857,,,,,,,,,,,,,,
6.39315,-1.87E-06,-0.002600188,,,,,,,,,,,,,,
6.39325,1.11E-06,-0.002244342,,,,,,,,,,,,,,
6.39335,2.25E-06,-0.001464394,,,,,,,,,,,,,,
6.39345,2.82E-06,-0.001483464,,,,,,,,,,,,,,
6.39355,3.13E-06,-0.001431111,,,,,,,,,,,,,,
6.39365,3.30E-06,-0.001727285,,,,,,,,,,,,,,
6.39375,3.41E-06,-0.001539898,,,,,,,,,,,,,,
6.39385,3.49E-06,-0.001419641,,,,,,,,,,,,,,
6.39395,3.51E-06,-0.001444973,,,,,,,,,,,,,,
6.39405,1.10E-05,-6.051886559,,,,,,,,,,,,,,
6.39415,2.88E-06,-9.996446609,,,,,,,,,,,,,,
6.39425,8.97E-07,-9.996824265,,,,,,,,,,,,,,
6.39435,3.46E-07,-9.997448921,,,,,,,,,,,,,,
6.39445,1.30E-07,-9.997462273,,,,,,,,,,,,,,
6.39455,3.33E-08,-9.997214317,,,,,,,,,,,,,,
6.39465,-2.43E-08,-9.996878624,,,,,,,,,,,,,,
6.39475,-6.68E-08,-9.997195244,,,,,,,,,,,,,,
6.39485,-9.56E-08,-9.997210503,,,,,,,,,,,,,,
6.39495,-1.10E-07,-9.997383118,,,,,,,,,,,,,,
6.39505,-9.04E-06,-3.956730604,,,,,,,,,,,,,,
6.39515,-1.92E-06,-0.002435178,,,,,,,,,,,,,,
6.39525,1.07E-06,-0.001993484,,,,,,,,,,,,,,
6.39535,2.24E-06,-0.001505911,,,,,,,,,,,,,,
6.39545,2.81E-06,-0.001100808,,,,,,,,,,,,,,
6.39555,3.10E-06,-0.001406623,,,,,,,,,,,,,,
6.39565,3.31E-06,-0.001574308,,,,,,,,,,,,,,
6.39575,3.37E-06,-0.001215014,,,,,,,,,,,,,,
6.39585,3.46E-06,-0.001412956,,,,,,,,,,,,,,
6.39595,3.49E-06,-0.00154405,,,,,,,,,,,,,,
6.39605,1.10E-05,-6.031952858,,,,,,,,,,,,,,
6.39615,2.84E-06,-9.996326447,,,,,,,,,,,,,,
6.39625,8.75E-07,-9.996946335,,,,,,,,,,,,,,
6.39635,3.15E-07,-9.997289658,,,,,,,,,,,,,,
6.39645,9.05E-08,-9.99750042,,,,,,,,,,,,,,
6.39655,-1.96E-08,-9.997508049,,,,,,,,,,,,,,
6.39665,-8.77E-08,-9.997528076,,,,,,,,,,,,,,
6.39675,-1.07E-07,-9.997339249,,,,,,,,,,,,,,
6.39685,-1.29E-07,-9.997364044,,,,,,,,,,,,,,
6.39695,-1.19E-07,-9.99755764,,,,,,,,,,,,,,
6.39705,-9.05E-06,-3.976884842,,,,,,,,,,,,,,
6.39715,-1.93E-06,-0.002281426,,,,,,,,,,,,,,
6.39725,1.09E-06,-0.001951475,,,,,,,,,,,,,,
6.39735,2.29E-06,-0.001527584,,,,,,,,,,,,,,
6.39745,2.84E-06,-0.001430407,,,,,,,,,,,,,,
6.39755,3.13E-06,-0.001598514,,,,,,,,,,,,,,
6.39765,3.28E-06,-0.001554675,,,,,,,,,,,,,,
6.39775,3.39E-06,-0.001379461,,,,,,,,,,,,,,
6.39785,3.43E-06,-0.000920105,,,,,,,,,,,,,,
6.39795,3.49E-06,-0.001166038,,,,,,,,,,,,,,
6.39805,1.10E-05,-6.01185894,,,,,,,,,,,,,,
6.39815,2.87E-06,-9.996423721,,,,,,,,,,,,,,
6.39825,8.41E-07,-9.99711895,,,,,,,,,,,,,,
6.39835,3.10E-07,-9.997132301,,,,,,,,,,,,,,
6.39845,7.89E-08,-9.997101784,,,,,,,,,,,,,,
6.39855,-2.45E-08,-9.997299194,,,,,,,,,,,,,,
6.39865,-7.18E-08,-9.997535706,,,,,,,,,,,,,,
6.39875,-6.23E-08,-9.9974823,,,,,,,,,,,,,,
6.39885,-1.04E-07,-9.997355461,,,,,,,,,,,,,,
6.39895,-1.29E-07,-9.997612,,,,,,,,,,,,,,
6.39905,-9.01E-06,-3.996692896,,,,,,,,,,,,,,
6.39915,-1.92E-06,-0.002067158,,,,,,,,,,,,,,
6.39925,1.09E-06,-0.001916573,,,,,,,,,,,,,,
6.39935,2.25E-06,-0.001571634,,,,,,,,,,,,,,
6.39945,2.83E-06,-0.001391987,,,,,,,,,,,,,,
6.39955,3.11E-06,-0.00148459,,,,,,,,,,,,,,
6.39965,3.31E-06,-0.001525473,,,,,,,,,,,,,,
6.39975,3.42E-06,-0.001462424,,,,,,,,,,,,,,
6.39985,3.47E-06,-0.001466083,,,,,,,,,,,,,,
6.39995,3.51E-06,-0.001186796,,,,,,,,,,,,,,
6.40005,1.10E-05,-5.991597652,,,,,,,,,,,,,,
6.40015,2.89E-06,-9.996161461,,,,,,,,,,,,,,
6.40025,8.86E-07,-9.996480942,,,,,,,,,,,,,,
6.40035,3.35E-07,-9.996891022,,,,,,,,,,,,,,
6.40045,1.17E-07,-9.99695015,,,,,,,,,,,,,,
6.40055,5.85E-09,-9.9971838,,,,,,,,,,,,,,
6.40065,-6.29E-08,-9.996928215,,,,,,,,,,,,,,
6.40075,-8.01E-08,-9.996958733,,,,,,,,,,,,,,
6.40085,-9.19E-08,-9.997107506,,,,,,,,,,,,,,
6.40095,-1.26E-07,-9.997120857,,,,,,,,,,,,,,
6.40105,-9.00E-06,-4.016680717,,,,,,,,,,,,,,
6.40115,-1.91E-06,-0.002196282,,,,,,,,,,,,,,
6.40125,1.09E-06,-0.002026416,,,,,,,,,,,,,,
6.40135,2.22E-06,-0.001706668,,,,,,,,,,,,,,
6.40145,2.81E-06,-0.001770561,,,,,,,,,,,,,,
6.40155,3.12E-06,-0.001703994,,,,,,,,,,,,,,
6.40165,3.29E-06,-0.001485082,,,,,,,,,,,,,,
6.40175,3.41E-06,-0.001562627,,,,,,,,,,,,,,
6.40185,3.44E-06,-0.001643267,,,,,,,,,,,,,,
6.40195,3.49E-06,-0.001515903,,,,,,,,,,,,,,
6.40205,1.10E-05,-5.971917629,,,,,,,,,,,,,,
6.40215,2.90E-06,-9.996591568,,,,,,,,,,,,,,
6.40225,8.84E-07,-9.996875763,,,,,,,,,,,,,,
6.40235,3.43E-07,-9.997191429,,,,,,,,,,,,,,
6.40245,1.15E-07,-9.997559547,,,,,,,,,,,,,,
6.40255,2.43E-08,-9.9973526,,,,,,,,,,,,,,
6.40265,-4.37E-08,-9.997312546,,,,,,,,,,,,,,
6.40275,-7.75E-08,-9.997364044,,,,,,,,,,,,,,
6.40285,-8.37E-08,-9.997475624,,,,,,,,,,,,,,
6.40295,-9.34E-08,-9.997350693,,,,,,,,,,,,,,
6.40305,-8.99E-06,-4.03690052,,,,,,,,,,,,,,
6.40315,-1.94E-06,-0.002638961,,,,,,,,,,,,,,
6.40325,1.07E-06,-0.002323224,,,,,,,,,,,,,,
6.40335,2.25E-06,-0.002044289,,,,,,,,,,,,,,
6.40345,2.85E-06,-0.001987362,,,,,,,,,,,,,,
6.40355,3.15E-06,-0.001848176,,,,,,,,,,,,,,
6.40365,3.27E-06,-0.001926917,,,,,,,,,,,,,,
6.40375,3.41E-06,-0.001674299,,,,,,,,,,,,,,
6.40385,3.44E-06,-0.001638834,,,,,,,,,,,,,,
6.40395,3.48E-06,-0.001550946,,,,,,,,,,,,,,
6.40405,1.10E-05,-5.952141762,,,,,,,,,,,,,,
6.40415,2.91E-06,-9.996353149,,,,,,,,,,,,,,
6.40425,9.16E-07,-9.996479034,,,,,,,,,,,,,,
6.40435,3.48E-07,-9.996788979,,,,,,,,,,,,,,
6.40445,1.29E-07,-9.996865273,,,,,,,,,,,,,,
6.40455,1.52E-08,-9.997161865,,,,,,,,,,,,,,
6.40465,-4.60E-08,-9.997146606,,,,,,,,,,,,,,
6.40475,-6.98E-08,-9.996956825,,,,,,,,,,,,,,
6.40485,-1.05E-07,-9.997311592,,,,,,,,,,,,,,
6.40495,-1.05E-07,-9.997240067,,,,,,,,,,,,,,
6.40505,-8.97E-06,-4.056617737,,,,,,,,,,,,,,
6.40515,-1.93E-06,-0.002168909,,,,,,,,,,,,,,
6.40525,1.08E-06,-0.001794416,,,,,,,,,,,,,,
6.40535,2.28E-06,-0.001590773,,,,,,,,,,,,,,
6.40545,2.81E-06,-0.001327882,,,,,,,,,,,,,,
6.40555,3.14E-06,-0.001067946,,,,,,,,,,,,,,
6.40565,3.30E-06,-0.000881544,,,,,,,,,,,,,,
6.40575,3.41E-06,-0.000768746,,,,,,,,,,,,,,
6.40585,3.48E-06,-0.000929042,,,,,,,,,,,,,,
6.40595,3.52E-06,-0.000929183,,,,,,,,,,,,,,
6.40605,1.10E-05,-5.931720257,,,,,,,,,,,,,,
6.40615,2.94E-06,-9.995800972,,,,,,,,,,,,,,
6.40625,9.01E-07,-9.99626255,,,,,,,,,,,,,,
6.40635,3.32E-07,-9.996549606,,,,,,,,,,,,,,
6.40645,1.07E-07,-9.99652195,,,,,,,,,,,,,,
6.40655,5.59E-09,-9.997307777,,,,,,,,,,,,,,
6.40665,-4.37E-08,-9.997107506,,,,,,,,,,,,,,
6.40675,-9.72E-08,-9.997267723,,,,,,,,,,,,,,
6.40685,-1.17E-07,-9.997335434,,,,,,,,,,,,,,
6.40695,-9.57E-08,-9.997391701,,,,,,,,,,,,,,
6.40705,-8.96E-06,-4.076815128,,,,,,,,,,,,,,
6.40715,-1.96E-06,-0.002281778,,,,,,,,,,,,,,
6.40725,1.12E-06,-0.001893985,,,,,,,,,,,,,,
6.40735,2.26E-06,-0.001714197,,,,,,,,,,,,,,
6.40745,2.81E-06,-0.001617302,,,,,,,,,,,,,,
6.40755,3.13E-06,-0.001386991,,,,,,,,,,,,,,
6.40765,3.33E-06,-0.001337171,,,,,,,,,,,,,,
6.40775,3.41E-06,-0.001289743,,,,,,,,,,,,,,
6.40785,3.48E-06,-0.001142887,,,,,,,,,,,,,,
6.40795,3.49E-06,-0.001191229,,,,,,,,,,,,,,
6.40805,1.10E-05,-5.911828041,,,,,,,,,,,,,,
6.40815,2.93E-06,-9.996105194,,,,,,,,,,,,,,
6.40825,8.89E-07,-9.996386528,,,,,,,,,,,,,,
6.40835,3.54E-07,-9.996944427,,,,,,,,,,,,,,
6.40845,1.06E-07,-9.997192383,,,,,,,,,,,,,,
6.40855,1.91E-08,-9.997152328,,,,,,,,,,,,,,
6.40865,-2.73E-08,-9.9970541,,,,,,,,,,,,,,
6.40875,-6.96E-08,-9.997058868,,,,,,,,,,,,,,
6.40885,-8.99E-08,-9.997048378,,,,,,,,,,,,,,
6.40895,-9.93E-08,-9.997231483,,,,,,,,,,,,,,
6.40905,-8.96E-06,-4.096886158,,,,,,,,,,,,,,
6.40915,-1.98E-06,-0.0024394,,,,,,,,,,,,,,
6.40925,1.07E-06,-0.002130348,,,,,,,,,,,,,,
6.40935,2.27E-06,-0.001652485,,,,,,,,,,,,,,
6.40945,2.82E-06,-0.001661352,,,,,,,,,,,,,,
6.40955,3.12E-06,-0.001753955,,,,,,,,,,,,,,
6.40965,3.30E-06,-0.001645519,,,,,,,,,,,,,,
6.40975,3.43E-06,-0.001774783,,,,,,,,,,,,,,
6.40985,3.46E-06,-0.001568819,,,,,,,,,,,,,,
6.40995,3.49E-06,-0.001550242,,,,,,,,,,,,,,
6.41005,1.10E-05,-5.89209795,,,,,,,,,,,,,,
6.41015,2.94E-06,-9.996260643,,,,,,,,,,,,,,
6.41025,8.83E-07,-9.996703148,,,,,,,,,,,,,,
6.41035,3.30E-07,-9.997191429,,,,,,,,,,,,,,
6.41045,1.34E-07,-9.997134209,,,,,,,,,,,,,,
6.41055,1.05E-09,-9.997117996,,,,,,,,,,,,,,
6.41065,-3.55E-08,-9.997122765,,,,,,,,,,,,,,
6.41075,-6.49E-08,-9.997225761,,,,,,,,,,,,,,
6.41085,-1.02E-07,-9.997336388,,,,,,,,,,,,,,
6.41095,-1.15E-07,-9.997349739,,,,,,,,,,,,,,
6.41105,-8.97E-06,-4.116534233,,,,,,,,,,,,,,
6.41115,-2.00E-06,-0.0019754,,,,,,,,,,,,,,
6.41125,1.05E-06,-0.001655159,,,,,,,,,,,,,,
6.41135,2.25E-06,-0.001562134,,,,,,,,,,,,,,
6.41145,2.82E-06,-0.001402049,,,,,,,,,,,,,,
6.41155,3.12E-06,-0.00141,,,,,,,,,,,,,,
6.41165,3.28E-06,-0.001413167,,,,,,,,,,,,,,
6.41175,3.36E-06,-0.001707864,,,,,,,,,,,,,,
6.41185,3.47E-06,-0.001411478,,,,,,,,,,,,,,
6.41195,3.50E-06,-0.000922639,,,,,,,,,,,,,,
6.41205,1.10E-05,-5.871609688,,,,,,,,,,,,,,
6.41215,2.95E-06,-9.996399879,,,,,,,,,,,,,,
6.41225,8.74E-07,-9.996445656,,,,,,,,,,,,,,
6.41235,3.49E-07,-9.996702194,,,,,,,,,,,,,,
6.41245,1.21E-07,-9.996811867,,,,,,,,,,,,,,
6.41255,2.63E-09,-9.997097969,,,,,,,,,,,,,,
6.41265,-4.97E-08,-9.996866226,,,,,,,,,,,,,,
6.41275,-9.07E-08,-9.997080803,,,,,,,,,,,,,,
6.41285,-1.05E-07,-9.997294426,,,,,,,,,,,,,,
6.41295,-1.28E-07,-9.997271538,,,,,,,,,,,,,,
6.41305,-8.93E-06,-4.136565208,,,,,,,,,,,,,,
6.41315,-1.99E-06,-0.002089676,,,,,,,,,,,,,,
6.41325,1.07E-06,-0.001866331,,,,,,,,,,,,,,
6.41335,2.27E-06,-0.001437444,,,,,,,,,,,,,,
6.41345,2.83E-06,-0.001628279,,,,,,,,,,,,,,
6.41355,3.16E-06,-0.001609421,,,,,,,,,,,,,,
6.41365,3.33E-06,-0.001676551,,,,,,,,,,,,,,
6.41375,3.42E-06,-0.001419641,,,,,,,,,,,,,,
6.41385,3.48E-06,-0.00116456,,,,,,,,,,,,,,
6.41395,3.51E-06,-0.001222613,,,,,,,,,,,,,,
6.41405,1.10E-05,-5.851905346,,,,,,,,,,,,,,
6.41415,2.96E-06,-9.996193886,,,,,,,,,,,,,,
6.41425,8.71E-07,-9.996736526,,,,,,,,,,,,,,
6.41435,3.56E-07,-9.996912956,,,,,,,,,,,,,,
6.41445,1.15E-07,-9.996786118,,,,,,,,,,,,,,
6.41455,2.63E-08,-9.996936798,,,,,,,,,,,,,,
6.41465,-5.99E-08,-9.996822357,,,,,,,,,,,,,,
6.41475,-9.05E-08,-9.997011185,,,,,,,,,,,,,,
6.41485,-8.22E-08,-9.9970541,,,,,,,,,,,,,,
6.41495,-9.46E-08,-9.99733448,,,,,,,,,,,,,,
6.41505,-8.92E-06,-4.156910419,,,,,,,,,,,,,,
6.41515,-1.98E-06,-0.00250843,,,,,,,,,,,,,,
6.41525,1.10E-06,-0.002194241,,,,,,,,,,,,,,
6.41535,2.27E-06,-0.00182777,,,,,,,,,,,,,,
6.41545,2.82E-06,-0.001563049,,,,,,,,,,,,,,
6.41555,3.13E-06,-0.00139832,,,,,,,,,,,,,,
6.41565,3.34E-06,-0.001553901,,,,,,,,,,,,,,
6.41575,3.42E-06,-0.001538702,,,,,,,,,,,,,,
6.41585,3.48E-06,-0.001060347,,,,,,,,,,,,,,
6.41595,3.52E-06,-0.001390227,,,,,,,,,,,,,,
6.41605,1.10E-05,-5.831876755,,,,,,,,,,,,,,
6.41615,2.97E-06,-9.99623394,,,,,,,,,,,,,,
6.41625,8.90E-07,-9.996730804,,,,,,,,,,,,,,
6.41635,3.48E-07,-9.997097015,,,,,,,,,,,,,,
6.41645,1.23E-07,-9.997144699,,,,,,,,,,,,,,
6.41655,3.36E-08,-9.997226715,,,,,,,,,,,,,,
6.41665,-3.53E-08,-9.997031212,,,,,,,,,,,,,,
6.41675,-9.02E-08,-9.997106552,,,,,,,,,,,,,,
6.41685,-8.95E-08,-9.997488022,,,,,,,,,,,,,,
6.41695,-9.48E-08,-9.997578621,,,,,,,,,,,,,,
6.41705,-8.89E-06,-4.176839352,,,,,,,,,,,,,,
6.41715,-1.99E-06,-0.002137033,,,,,,,,,,,,,,
6.41725,1.09E-06,-0.002070677,,,,,,,,,,,,,,
6.41735,2.27E-06,-0.001777035,,,,,,,,,,,,,,
6.41745,2.83E-06,-0.00183368,,,,,,,,,,,,,,
6.41755,3.16E-06,-0.001731859,,,,,,,,,,,,,,
6.41765,3.37E-06,-0.00140803,,,,,,,,,,,,,,
6.41775,3.47E-06,-0.001274966,,,,,,,,,,,,,,
6.41785,3.51E-06,-0.001211917,,,,,,,,,,,,,,
6.41795,3.53E-06,-0.00129875,,,,,,,,,,,,,,
6.41805,1.10E-05,-5.812246323,,,,,,,,,,,,,,
6.41815,3.00E-06,-9.996709824,,,,,,,,,,,,,,
6.41825,8.93E-07,-9.996846199,,,,,,,,,,,,,,
6.41835,3.50E-07,-9.997200966,,,,,,,,,,,,,,
6.41845,1.25E-07,-9.997270584,,,,,,,,,,,,,,
6.41855,3.28E-08,-9.997467995,,,,,,,,,,,,,,
6.41865,-3.99E-08,-9.99723053,,,,,,,,,,,,,,
6.41875,-5.24E-08,-9.997537613,,,,,,,,,,,,,,
6.41885,-8.30E-08,-9.997710228,,,,,,,,,,,,,,
6.41895,-8.32E-08,-9.99769783,,,,,,,,,,,,,,
6.41905,-8.90E-06,-4.196913719,,,,,,,,,,,,,,
6.41915,-2.02E-06,-0.002444818,,,,,,,,,,,,,,
6.41925,1.11E-06,-0.001895041,,,,,,,,,,,,,,
6.41935,2.27E-06,-0.001636723,,,,,,,,,,,,,,
6.41945,2.87E-06,-0.001650022,,,,,,,,,,,,,,
6.41955,3.14E-06,-0.001723978,,,,,,,,,,,,,,
6.41965,3.32E-06,-0.001461087,,,,,,,,,,,,,,
6.41975,3.43E-06,-0.001457428,,,,,,,,,,,,,,
6.41985,3.50E-06,-0.001033818,,,,,,,,,,,,,,
6.41995,3.52E-06,-0.001106226,,,,,,,,,,,,,,
6.42005,1.10E-05,-5.791887283,,,,,,,,,,,,,,
6.42015,3.00E-06,-9.996386528,,,,,,,,,,,,,,
6.42025,9.18E-07,-9.996739388,,,,,,,,,,,,,,
6.42035,3.85E-07,-9.996980667,,,,,,,,,,,,,,
6.42045,1.62E-07,-9.997344017,,,,,,,,,,,,,,
6.42055,5.67E-08,-9.997373581,,,,,,,,,,,,,,
6.42065,4.18E-09,-9.997002602,,,,,,,,,,,,,,
6.42075,-2.25E-08,-9.997123718,,,,,,,,,,,,,,
6.42085,-8.84E-08,-9.997282982,,,,,,,,,,,,,,
6.42095,-9.48E-08,-9.997437477,,,,,,,,,,,,,,
6.42105,-8.87E-06,-4.216750145,,,,,,,,,,,,,,
6.42115,-2.00E-06,-0.002407453,,,,,,,,,,,,,,
6.42125,1.09E-06,-0.002014172,,,,,,,,,,,,,,
6.42135,2.26E-06,-0.001453347,,,,,,,,,,,,,,
6.42145,2.86E-06,-0.00156136,,,,,,,,,,,,,,
6.42155,3.19E-06,-0.001522517,,,,,,,,,,,,,,
6.42165,3.36E-06,-0.001326405,,,,,,,,,,,,,,
6.42175,3.46E-06,-0.001331119,,,,,,,,,,,,,,
6.42185,3.53E-06,-0.001070902,,,,,,,,,,,,,,
6.42195,3.56E-06,-0.001134936,,,,,,,,,,,,,,
6.42205,1.10E-05,-5.772033691,,,,,,,,,,,,,,
6.42215,3.04E-06,-9.996470451,,,,,,,,,,,,,,
6.42225,9.34E-07,-9.996772766,,,,,,,,,,,,,,
6.42235,3.47E-07,-9.997271538,,,,,,,,,,,,,,
6.42245,1.25E-07,-9.997465134,,,,,,,,,,,,,,
6.42255,-7.47E-09,-9.997292519,,,,,,,,,,,,,,
6.42265,-4.11E-08,-9.997469902,,,,,,,,,,,,,,
6.42275,-4.72E-08,-9.997462273,,,,,,,,,,,,,,
6.42285,-7.94E-08,-9.997311592,,,,,,,,,,,,,,
6.42295,-1.08E-07,-9.997279167,,,,,,,,,,,,,,
6.42305,-8.85E-06,-4.236569405,,,,,,,,,,,,,,
6.42315,-2.02E-06,-0.002125985,,,,,,,,,,,,,,
6.42325,1.09E-06,-0.001947816,,,,,,,,,,,,,,
6.42335,2.27E-06,-0.001771898,,,,,,,,,,,,,,
6.42345,2.87E-06,-0.001563964,,,,,,,,,,,,,,
6.42355,3.17E-06,-0.001744736,,,,,,,,,,,,,,
6.42365,3.36E-06,-0.001566356,,,,,,,,,,,,,,
6.42375,3.46E-06,-0.001645519,,,,,,,,,,,,,,
6.42385,3.54E-06,-0.001609702,,,,,,,,,,,,,,
6.42395,3.56E-06,-0.001698716,,,,,,,,,,,,,,
6.42405,1.10E-05,-5.75232935,,,,,,,,,,,,,,
6.42415,3.06E-06,-9.99653244,,,,,,,,,,,,,,
6.42425,9.66E-07,-9.997037888,,,,,,,,,,,,,,
6.42435,3.79E-07,-9.997606277,,,,,,,,,,,,,,
6.42445,1.47E-07,-9.997461319,,,,,,,,,,,,,,
6.42455,3.44E-08,-9.997624397,,,,,,,,,,,,,,
6.42465,-1.52E-08,-9.997635841,,,,,,,,,,,,,,
6.42475,-2.82E-08,-9.997434616,,,,,,,,,,,,,,
6.42485,-7.84E-08,-9.997514725,,,,,,,,,,,,,,
6.42495,-7.43E-08,-9.997653008,,,,,,,,,,,,,,
6.42505,-8.84E-06,-4.256998062,,,,,,,,,,,,,,
6.42515,-2.05E-06,-0.002569649,,,,,,,,,,,,,,
6.42525,1.08E-06,-0.002403442,,,,,,,,,,,,,,
6.42535,2.29E-06,-0.002068214,,,,,,,,,,,,,,
6.42545,2.87E-06,-0.00205414,,,,,,,,,,,,,,
6.42555,3.20E-06,-0.001692454,,,,,,,,,,,,,,
6.42565,3.35E-06,-0.001575363,,,,,,,,,,,,,,
6.42575,3.47E-06,-0.001590844,,,,,,,,,,,,,,
6.42585,3.49E-06,-0.001831429,,,,,,,,,,,,,,
6.42595,3.54E-06,-0.001510696,,,,,,,,,,,,,,
6.42605,1.10E-05,-5.732428074,,,,,,,,,,,,,,
6.42615,3.03E-06,-9.996495247,,,,,,,,,,,,,,
6.42625,9.52E-07,-9.997060776,,,,,,,,,,,,,,
6.42635,3.74E-07,-9.997632027,,,,,,,,,,,,,,
6.42645,1.14E-07,-9.997511864,,,,,,,,,,,,,,
6.42655,1.58E-08,-9.997505188,,,,,,,,,,,,,,
6.42665,-5.65E-08,-9.997660637,,,,,,,,,,,,,,
6.42675,-7.76E-08,-9.997877121,,,,,,,,,,,,,,
6.42685,-9.74E-08,-9.997854233,,,,,,,,,,,,,,
6.42695,-1.04E-07,-9.997645378,,,,,,,,,,,,,,
6.42705,-8.81E-06,-4.276865482,,,,,,,,,,,,,,
6.42715,-2.02E-06,-0.002307884,,,,,,,,,,,,,,
6.42725,1.11E-06,-0.001955204,,,,,,,,,,,,,,
6.42735,2.31E-06,-0.00171849,,,,,,,,,,,,,,
6.42745,2.88E-06,-0.001666981,,,,,,,,,,,,,,
6.42755,3.19E-06,-0.001690835,,,,,,,,,,,,,,
6.42765,3.37E-06,-0.001669655,,,,,,,,,,,,,,
6.42775,3.47E-06,-0.001460946,,,,,,,,,,,,,,
6.42785,3.51E-06,-0.001491345,,,,,,,,,,,,,,
6.42795,3.54E-06,-0.001587677,,,,,,,,,,,,,,
6.42805,1.10E-05,-5.712528706,,,,,,,,,,,,,,
6.42815,3.07E-06,-9.996807098,,,,,,,,,,,,,,
6.42825,9.37E-07,-9.997018814,,,,,,,,,,,,,,
6.42835,3.34E-07,-9.997301102,,,,,,,,,,,,,,
6.42845,1.62E-07,-9.997206688,,,,,,,,,,,,,,
6.42855,4.15E-08,-9.997253418,,,,,,,,,,,,,,
6.42865,-5.02E-08,-9.997294426,,,,,,,,,,,,,,
6.42875,-7.20E-08,-9.997448921,,,,,,,,,,,,,,
6.42885,-8.39E-08,-9.997519493,,,,,,,,,,,,,,
6.42895,-1.36E-07,-9.997710228,,,,,,,,,,,,,,
6.42905,-8.87E-06,-4.297007561,,,,,,,,,,,,,,
6.42915,-2.06E-06,-0.002521448,,,,,,,,,,,,,,
6.42925,1.05E-06,-0.002164194,,,,,,,,,,,,,,
6.42935,2.25E-06,-0.001691328,,,,,,,,,,,,,,
6.42945,2.87E-06,-0.001872875,,,,,,,,,,,,,,
6.42955,3.17E-06,-0.001685276,,,,,,,,,,,,,,
6.42965,3.35E-06,-0.001524136,,,,,,,,,,,,,,
6.42975,3.43E-06,-0.001401064,,,,,,,,,,,,,,
6.42985,3.51E-06,-0.001380939,,,,,,,,,,,,,,
6.42995,3.56E-06,-0.00113388,,,,,,,,,,,,,,
6.43005,1.10E-05,-5.691950321,,,,,,,,,,,,,,
6.43015,3.07E-06,-9.996197701,,,,,,,,,,,,,,
6.43025,9.60E-07,-9.996807098,,,,,,,,,,,,,,
6.43035,3.85E-07,-9.996760368,,,,,,,,,,,,,,
6.43045,1.44E-07,-9.997044563,,,,,,,,,,,,,,
6.43055,2.58E-08,-9.997220039,,,,,,,,,,,,,,
6.43065,-1.48E-08,-9.997407913,,,,,,,,,,,,,,
6.43075,-5.51E-08,-9.997245789,,,,,,,,,,,,,,
6.43085,-5.78E-08,-9.997818947,,,,,,,,,,,,,,
6.43095,-5.73E-08,-9.997357368,,,,,,,,,,,,,,
6.43105,-8.80E-06,-4.316878796,,,,,,,,,,,,,,
6.43115,-2.04E-06,-0.00269258,,,,,,,,,,,,,,
6.43125,1.11E-06,-0.002577952,,,,,,,,,,,,,,
6.43135,2.31E-06,-0.002122115,,,,,,,,,,,,,,
6.43145,2.89E-06,-0.00183171,,,,,,,,,,,,,,
6.43155,3.19E-06,-0.001800819,,,,,,,,,,,,,,
6.43165,3.37E-06,-0.001666559,,,,,,,,,,,,,,
6.43175,3.45E-06,-0.001514707,,,,,,,,,,,,,,
6.43185,3.57E-06,-0.001424355,,,,,,,,,,,,,,
6.43195,3.58E-06,-0.001318946,,,,,,,,,,,,,,
6.43205,1.10E-05,-5.672557831,,,,,,,,,,,,,,
6.43215,3.06E-06,-9.996892929,,,,,,,,,,,,,,
6.43225,9.24E-07,-9.99687767,,,,,,,,,,,,,,
6.43235,3.45E-07,-9.997010231,,,,,,,,,,,,,,
6.43245,1.10E-07,-9.99724865,,,,,,,,,,,,,,
6.43255,4.48E-08,-9.997351646,,,,,,,,,,,,,,
6.43265,-1.47E-08,-9.997481346,,,,,,,,,,,,,,
6.43275,-5.66E-08,-9.997637749,,,,,,,,,,,,,,
6.43285,-7.51E-08,-9.997775078,,,,,,,,,,,,,,
6.43295,-8.65E-08,-9.997821808,,,,,,,,,,,,,,
6.43305,-8.85E-06,-4.336793423,,,,,,,,,,,,,,
6.43315,-2.09E-06,-0.002532706,,,,,,,,,,,,,,
6.43325,1.07E-06,-0.002205922,,,,,,,,,,,,,,
6.43335,2.29E-06,-0.001925017,,,,,,,,,,,,,,
6.43345,2.88E-06,-0.001588029,,,,,,,,,,,,,,
6.43355,3.17E-06,-0.00153842,,,,,,,,,,,,,,
6.43365,3.37E-06,-0.001431533,,,,,,,,,,,,,,
6.43375,3.45E-06,-0.001202347,,,,,,,,,,,,,,
6.43385,3.51E-06,-0.001351807,,,,,,,,,,,,,,
6.43395,3.54E-06,-0.001408312,,,,,,,,,,,,,,
6.43405,1.09E-05,-5.652264595,,,,,,,,,,,,,,
6.43415,3.04E-06,-9.996871948,,,,,,,,,,,,,,
6.43425,9.20E-07,-9.997246742,,,,,,,,,,,,,,
6.43435,3.62E-07,-9.997655869,,,,,,,,,,,,,,
6.43445,1.17E-07,-9.997501373,,,,,,,,,,,,,,
6.43455,4.19E-08,-9.997681618,,,,,,,,,,,,,,
6.43465,-1.63E-08,-9.99763298,,,,,,,,,,,,,,
6.43475,-4.92E-08,-9.997637749,,,,,,,,,,,,,,
6.43485,-6.94E-08,-9.997737885,,,,,,,,,,,,,,
6.43495,-7.78E-08,-9.997628212,,,,,,,,,,,,,,
6.43505,-8.79E-06,-4.356796741,,,,,,,,,,,,,,
6.43515,-2.09E-06,-0.002441229,,,,,,,,,,,,,,
6.43525,1.11E-06,-0.002142029,,,,,,,,,,,,,,
6.43535,2.32E-06,-0.001770702,,,,,,,,,,,,,,
6.43545,2.88E-06,-0.001573182,,,,,,,,,,,,,,
6.43555,3.19E-06,-0.001512807,,,,,,,,,,,,,,
6.43565,3.36E-06,-0.001280173,,,,,,,,,,,,,,
6.43575,3.48E-06,-0.001071887,,,,,,,,,,,,,,
6.43585,3.54E-06,-0.00144441,,,,,,,,,,,,,,
6.43595,3.57E-06,-0.001113263,,,,,,,,,,,,,,
6.43605,1.10E-05,-5.631840706,,,,,,,,,,,,,,
6.43615,3.07E-06,-9.996608734,,,,,,,,,,,,,,
6.43625,9.18E-07,-9.99667263,,,,,,,,,,,,,,
6.43635,3.61E-07,-9.997418404,,,,,,,,,,,,,,
6.43645,1.18E-07,-9.99750042,,,,,,,,,,,,,,
6.43655,-1.03E-08,-9.997632027,,,,,,,,,,,,,,
6.43665,-4.72E-08,-9.997591972,,,,,,,,,,,,,,
6.43675,-8.23E-08,-9.997581482,,,,,,,,,,,,,,
6.43685,-8.89E-08,-9.99765873,,,,,,,,,,,,,,
6.43695,-1.04E-07,-9.997690201,,,,,,,,,,,,,,
6.43705,-8.78E-06,-4.376992702,,,,,,,,,,,,,,
6.43715,-2.06E-06,-0.002508782,,,,,,,,,,,,,,
6.43725,1.06E-06,-0.00211923,,,,,,,,,,,,,,
6.43735,2.28E-06,-0.00152498,,,,,,,,,,,,,,
6.43745,2.89E-06,-0.001481564,,,,,,,,,,,,,,
6.43755,3.17E-06,-0.00128137,,,,,,,,,,,,,,
6.43765,3.36E-06,-0.001420907,,,,,,,,,,,,,,
6.43775,3.45E-06,-0.001382628,,,,,,,,,,,,,,
6.43785,3.55E-06,-0.001418374,,,,,,,,,,,,,,
6.43795,3.59E-06,-0.001546231,,,,,,,,,,,,,,
6.43805,1.10E-05,-5.611933231,,,,,,,,,,,,,,
6.43815,3.09E-06,-9.996526718,,,,,,,,,,,,,,
6.43825,9.40E-07,-9.997078896,,,,,,,,,,,,,,
6.43835,3.77E-07,-9.997260094,,,,,,,,,,,,,,
6.43845,1.51E-07,-9.997566223,,,,,,,,,,,,,,
6.43855,4.38E-08,-9.997626305,,,,,,,,,,,,,,
6.43865,-9.73E-09,-9.997389793,,,,,,,,,,,,,,
6.43875,-4.68E-08,-9.997491837,,,,,,,,,,,,,,
6.43885,-8.55E-08,-9.997689247,,,,,,,,,,,,,,
6.43895,-8.42E-08,-9.997689247,,,,,,,,,,,,,,
6.43905,-8.79E-06,-4.396715164,,,,,,,,,,,,,,
6.43915,-2.05E-06,-0.002455232,,,,,,,,,,,,,,
6.43925,1.10E-06,-0.002017338,,,,,,,,,,,,,,
6.43935,2.32E-06,-0.001671203,,,,,,,,,,,,,,
6.43945,2.91E-06,-0.001749381,,,,,,,,,,,,,,
6.43955,3.19E-06,-0.001717997,,,,,,,,,,,,,,
6.43965,3.35E-06,-0.001611321,,,,,,,,,,,,,,
6.43975,3.44E-06,-0.001527373,,,,,,,,,,,,,,
6.43985,3.53E-06,-0.00177042,,,,,,,,,,,,,,
6.43995,3.54E-06,-0.001666066,,,,,,,,,,,,,,
6.44005,1.09E-05,-5.592502117,,,,,,,,,,,,,,
6.44015,3.09E-06,-9.99682045,,,,,,,,,,,,,,
6.44025,9.38E-07,-9.996814728,,,,,,,,,,,,,,
6.44035,3.43E-07,-9.997229576,,,,,,,,,,,,,,
6.44045,1.32E-07,-9.997439384,,,,,,,,,,,,,,
6.44055,4.90E-08,-9.997709274,,,,,,,,,,,,,,
6.44065,-1.59E-08,-9.997713089,,,,,,,,,,,,,,
6.44075,-4.66E-08,-9.997368813,,,,,,,,,,,,,,
6.44085,-3.46E-08,-9.997486115,,,,,,,,,,,,,,
6.44095,-6.83E-08,-9.997743607,,,,,,,,,,,,,,
6.44105,-8.76E-06,-4.41700983,,,,,,,,,,,,,,
6.44115,-2.08E-06,-0.002819523,,,,,,,,,,,,,,
6.44125,1.08E-06,-0.002317313,,,,,,,,,,,,,,
6.44135,2.31E-06,-0.001987292,,,,,,,,,,,,,,
6.44145,2.88E-06,-0.001940075,,,,,,,,,,,,,,
6.44155,3.18E-06,-0.001805956,,,,,,,,,,,,,,
6.44165,3.35E-06,-0.001575785,,,,,,,,,,,,,,
6.44175,3.43E-06,-0.001629264,,,,,,,,,,,,,,
6.44185,3.50E-06,-0.001491063,,,,,,,,,,,,,,
6.44195,3.59E-06,-0.001437092,,,,,,,,,,,,,,
6.44205,1.09E-05,-5.572184086,,,,,,,,,,,,,,
6.44215,3.06E-06,-9.996206284,,,,,,,,,,,,,,
6.44225,8.88E-07,-9.996230125,,,,,,,,,,,,,,
6.44235,3.56E-07,-9.996871948,,,,,,,,,,,,,,
6.44245,1.19E-07,-9.997050285,,,,,,,,,,,,,,
6.44255,-6.64E-10,-9.996891975,,,,,,,,,,,,,,
6.44265,-2.64E-08,-9.997055054,,,,,,,,,,,,,,
6.44275,-6.37E-08,-9.996992111,,,,,,,,,,,,,,
6.44285,-9.13E-08,-9.996771812,,,,,,,,,,,,,,
6.44295,-1.01E-07,-9.99693203,,,,,,,,,,,,,,
6.44305,-8.77E-06,-4.436161518,,,,,,,,,,,,,,
6.44315,-2.14E-06,-0.001903203,,,,,,,,,,,,,,
6.44325,1.04E-06,-0.001672751,,,,,,,,,,,,,,
6.44335,2.30E-06,-0.001714549,,,,,,,,,,,,,,
6.44345,2.85E-06,-0.001568326,,,,,,,,,,,,,,
6.44355,3.18E-06,-0.001367217,,,,,,,,,,,,,,
6.44365,3.37E-06,-0.001301495,,,,,,,,,,,,,,
6.44375,3.47E-06,-0.00131022,,,,,,,,,,,,,,
6.44385,3.54E-06,-0.000949378,,,,,,,,,,,,,,
6.44395,3.58E-06,-0.000923553,,,,,,,,,,,,,,
6.44405,1.10E-05,-5.55180788,,,,,,,,,,,,,,
6.44415,3.10E-06,-9.996337891,,,,,,,,,,,,,,
6.44425,8.93E-07,-9.99642849,,,,,,,,,,,,,,
6.44435,3.18E-07,-9.99698925,,,,,,,,,,,,,,
6.44445,9.85E-08,-9.997101784,,,,,,,,,,,,,,
6.44455,2.41E-08,-9.996770859,,,,,,,,,,,,,,
6.44465,-2.91E-08,-9.996632576,,,,,,,,,,,,,,
6.44475,-7.78E-08,-9.996677399,,,,,,,,,,,,,,
6.44485,-9.02E-08,-9.996725082,,,,,,,,,,,,,,
6.44495,-1.05E-07,-9.996896744,,,,,,,,,,,,,,
6.44505,-8.79E-06,-4.456461906,,,,,,,,,,,,,,
6.44515,-2.15E-06,-0.002277063,,,,,,,,,,,,,,
6.44525,1.05E-06,-0.002108816,,,,,,,,,,,,,,
6.44535,2.27E-06,-0.001544402,,,,,,,,,,,,,,
6.44545,2.89E-06,-0.001211073,,,,,,,,,,,,,,
6.44555,3.18E-06,-0.001275811,,,,,,,,,,,,,,
6.44565,3.35E-06,-0.001106789,,,,,,,,,,,,,,
6.44575,3.44E-06,-0.001105241,,,,,,,,,,,,,,
6.44585,3.49E-06,-0.000951067,,,,,,,,,,,,,,
6.44595,3.59E-06,-0.001151472,,,,,,,,,,,,,,
6.44605,1.09E-05,-5.53179121,,,,,,,,,,,,,,
6.44615,3.11E-06,-9.996294022,,,,,,,,,,,,,,
6.44625,9.20E-07,-9.996382713,,,,,,,,,,,,,,
6.44635,3.20E-07,-9.996910095,,,,,,,,,,,,,,
6.44645,1.15E-07,-9.997124672,,,,,,,,,,,,,,
6.44655,1.04E-08,-9.997051239,,,,,,,,,,,,,,
6.44665,-5.74E-08,-9.997151375,,,,,,,,,,,,,,
6.44675,-9.03E-08,-9.996966362,,,,,,,,,,,,,,
6.44685,-1.05E-07,-9.997136116,,,,,,,,,,,,,,
6.44695,-1.28E-07,-9.997252464,,,,,,,,,,,,,,
6.44705,-8.78E-06,-4.476369858,,,,,,,,,,,,,,
6.44715,-2.15E-06,-0.002236532,,,,,,,,,,,,,,
6.44725,1.04E-06,-0.002028597,,,,,,,,,,,,,,
6.44735,2.31E-06,-0.001720178,,,,,,,,,,,,,,
6.44745,2.90E-06,-0.001548553,,,,,,,,,,,,,,
6.44755,3.19E-06,-0.001552705,,,,,,,,,,,,,,
6.44765,3.35E-06,-0.001661563,,,,,,,,,,,,,,
6.44775,3.48E-06,-0.001380376,,,,,,,,,,,,,,
6.44785,3.55E-06,-0.001277992,,,,,,,,,,,,,,
6.44795,3.62E-06,-0.001264552,,,,,,,,,,,,,,
6.44805,1.09E-05,-5.511814594,,,,,,,,,,,,,,
6.44815,3.13E-06,-9.995939255,,,,,,,,,,,,,,
6.44825,9.50E-07,-9.996582985,,,,,,,,,,,,,,
6.44835,3.70E-07,-9.996926308,,,,,,,,,,,,,,
6.44845,1.26E-07,-9.996927261,,,,,,,,,,,,,,
6.44855,3.73E-08,-9.997301102,,,,,,,,,,,,,,
6.44865,-2.84E-08,-9.997039795,,,,,,,,,,,,,,
6.44875,-5.60E-08,-9.997101784,,,,,,,,,,,,,,
6.44885,-8.60E-08,-9.996951103,,,,,,,,,,,,,,
6.44895,-9.14E-08,-9.997138977,,,,,,,,,,,,,,
6.44905,-8.76E-06,-4.496172428,,,,,,,,,,,,,,
6.44915,-2.16E-06,-0.002305562,,,,,,,,,,,,,,
6.44925,1.07E-06,-0.001923187,,,,,,,,,,,,,,
6.44935,2.30E-06,-0.001614909,,,,,,,,,,,,,,
6.44945,2.89E-06,-0.001311627,,,,,,,,,,,,,,
6.44955,3.18E-06,-0.0014214,,,,,,,,,,,,,,
6.44965,3.37E-06,-0.001225146,,,,,,,,,,,,,,
6.44975,3.48E-06,-0.001246116,,,,,,,,,,,,,,
6.44985,3.55E-06,-0.001286014,,,,,,,,,,,,,,
6.44995,3.61E-06,-0.001299595,,,,,,,,,,,,,,
6.45005,1.10E-05,-5.491819859,,,,,,,,,,,,,,
6.45015,3.14E-06,-9.995896339,,,,,,,,,,,,,,
6.45025,9.54E-07,-9.996139526,,,,,,,,,,,,,,
6.45035,3.86E-07,-9.996565819,,,,,,,,,,,,,,
6.45045,1.38E-07,-9.996351242,,,,,,,,,,,,,,
6.45055,4.46E-08,-9.996647835,,,,,,,,,,,,,,
6.45065,3.15E-09,-9.99715519,,,,,,,,,,,,,,
6.45075,-1.72E-08,-9.996724129,,,,,,,,,,,,,,
6.45085,-4.52E-08,-9.996723175,,,,,,,,,,,,,,
6.45095,-6.53E-08,-9.996865273,,,,,,,,,,,,,,
6.45105,-8.69E-06,-4.516299248,,,,,,,,,,,,,,
6.45115,-2.15E-06,-0.001936627,,,,,,,,,,,,,,
6.45125,1.05E-06,-0.001831429,,,,,,,,,,,,,,
6.45135,2.30E-06,-0.001712649,,,,,,,,,,,,,,
6.45145,2.88E-06,-0.001478679,,,,,,,,,,,,,,
6.45155,3.17E-06,-0.001345685,,,,,,,,,,,,,,
6.45165,3.34E-06,-0.001301565,,,,,,,,,,,,,,
6.45175,3.44E-06,-0.001319368,,,,,,,,,,,,,,
6.45185,3.52E-06,-0.001210862,,,,,,,,,,,,,,
6.45195,3.56E-06,-0.001078924,,,,,,,,,,,,,,
6.45205,1.09E-05,-5.472001076,,,,,,,,,,,,,,
6.45215,3.15E-06,-9.996116638,,,,,,,,,,,,,,
6.45225,9.52E-07,-9.996282578,,,,,,,,,,,,,,
6.45235,3.59E-07,-9.996787071,,,,,,,,,,,,,,
6.45245,1.25E-07,-9.996704102,,,,,,,,,,,,,,
6.45255,5.42E-09,-9.996468544,,,,,,,,,,,,,,
6.45265,-3.35E-08,-9.996417046,,,,,,,,,,,,,,
6.45275,-6.56E-08,-9.996692657,,,,,,,,,,,,,,
6.45285,-7.98E-08,-9.996980667,,,,,,,,,,,,,,
6.45295,-1.18E-07,-9.996800423,,,,,,,,,,,,,,
6.45305,-8.74E-06,-4.535913467,,,,,,,,,,,,,,
6.45315,-2.18E-06,-0.001660859,,,,,,,,,,,,,,
6.45325,1.05E-06,-0.001629968,,,,,,,,,,,,,,
6.45335,2.28E-06,-0.001561149,,,,,,,,,,,,,,
6.45345,2.88E-06,-0.001528569,,,,,,,,,,,,,,
6.45355,3.19E-06,-0.001195522,,,,,,,,,,,,,,
6.45365,3.37E-06,-0.001211073,,,,,,,,,,,,,,
6.45375,3.46E-06,-0.000998072,,,,,,,,,,,,,,
6.45385,3.52E-06,-0.001148165,,,,,,,,,,,,,,
6.45395,3.61E-06,-0.001324434,,,,,,,,,,,,,,
6.45405,1.09E-05,-5.452010155,,,,,,,,,,,,,,
6.45415,3.16E-06,-9.9958992,,,,,,,,,,,,,,
6.45425,9.47E-07,-9.996153831,,,,,,,,,,,,,,
6.45435,3.22E-07,-9.996687889,,,,,,,,,,,,,,
6.45445,1.34E-07,-9.99660778,,,,,,,,,,,,,,
6.45455,1.54E-08,-9.99655056,,,,,,,,,,,,,,
6.45465,-4.54E-08,-9.996629715,,,,,,,,,,,,,,
6.45475,-7.67E-08,-9.996707916,,,,,,,,,,,,,,
6.45485,-1.20E-07,-9.996749878,,,,,,,,,,,,,,
6.45495,-1.26E-07,-9.996943474,,,,,,,,,,,,,,
6.45505,-8.72E-06,-4.556179523,,,,,,,,,,,,,,
6.45515,-2.20E-06,-0.002286211,,,,,,,,,,,,,,
6.45525,1.02E-06,-0.001973852,,,,,,,,,,,,,,
6.45535,2.25E-06,-0.001372354,,,,,,,,,,,,,,
6.45545,2.87E-06,-0.001272926,,,,,,,,,,,,,,
6.45555,3.17E-06,-0.001482197,,,,,,,,,,,,,,
6.45565,3.36E-06,-0.001385583,,,,,,,,,,,,,,
6.45575,3.46E-06,-0.001425059,,,,,,,,,,,,,,
6.45585,3.54E-06,-0.001447295,,,,,,,,,,,,,,
6.45595,3.58E-06,-0.001357788,,,,,,,,,,,,,,
6.45605,1.09E-05,-5.432150841,,,,,,,,,,,,,,
6.45615,3.17E-06,-9.9963274,,,,,,,,,,,,,,
6.45625,9.42E-07,-9.996619225,,,,,,,,,,,,,,
6.45635,3.85E-07,-9.996814728,,,,,,,,,,,,,,
6.45645,1.47E-07,-9.996751785,,,,,,,,,,,,,,
6.45655,2.81E-08,-9.996688843,,,,,,,,,,,,,,
6.45665,-3.47E-08,-9.996637344,,,,,,,,,,,,,,
6.45675,-5.40E-08,-9.996564865,,,,,,,,,,,,,,
6.45685,-9.81E-08,-9.99686718,,,,,,,,,,,,,,
6.45695,-1.13E-07,-9.996781349,,,,,,,,,,,,,,
6.45705,-8.68E-06,-4.57613802,,,,,,,,,,,,,,
6.45715,-2.22E-06,-0.001816722,,,,,,,,,,,,,,
6.45725,1.07E-06,-0.00150577,,,,,,,,,,,,,,
6.45735,2.27E-06,-0.001417108,,,,,,,,,,,,,,
6.45745,2.87E-06,-0.001311064,,,,,,,,,,,,,,
6.45755,3.19E-06,-0.001123888,,,,,,,,,,,,,,
6.45765,3.36E-06,-0.00114542,,,,,,,,,,,,,,
6.45775,3.44E-06,-0.001129307,,,,,,,,,,,,,,
6.45785,3.53E-06,-0.001071254,,,,,,,,,,,,,,
6.45795,3.57E-06,-0.001083357,,,,,,,,,,,,,,
6.45805,1.09E-05,-5.411787033,,,,,,,,,,,,,,
6.45815,3.16E-06,-9.995993614,,,,,,,,,,,,,,
6.45825,9.44E-07,-9.996330261,,,,,,,,,,,,,,
6.45835,3.53E-07,-9.996464729,,,,,,,,,,,,,,
6.45845,1.27E-07,-9.996547699,,,,,,,,,,,,,,
6.45855,1.83E-08,-9.996730804,,,,,,,,,,,,,,
6.45865,-4.10E-08,-9.996776581,,,,,,,,,,,,,,
6.45875,-7.01E-08,-9.996694565,,,,,,,,,,,,,,
6.45885,-8.84E-08,-9.996815681,,,,,,,,,,,,,,
6.45895,-1.09E-07,-9.996911049,,,,,,,,,,,,,,
6.45905,-8.70E-06,-4.596153736,,,,,,,,,,,,,,
6.45915,-2.22E-06,-0.002207963,,,,,,,,,,,,,,
6.45925,9.87E-07,-0.001964845,,,,,,,,,,,,,,
6.45935,2.26E-06,-0.001822281,,,,,,,,,,,,,,
6.45945,2.86E-06,-0.001608224,,,,,,,,,,,,,,
6.45955,3.18E-06,-0.001194677,,,,,,,,,,,,,,
6.45965,3.37E-06,-0.001542502,,,,,,,,,,,,,,
6.45975,3.45E-06,-0.0015019,,,,,,,,,,,,,,
6.45985,3.51E-06,-0.001190667,,,,,,,,,,,,,,
6.45995,3.54E-06,-0.001071394,,,,,,,,,,,,,,
6.46005,1.09E-05,-5.392220497,,,,,,,,,,,,,,
6.46015,3.15E-06,-9.996432304,,,,,,,,,,,,,,
6.46025,9.27E-07,-9.996681213,,,,,,,,,,,,,,
6.46035,3.66E-07,-9.9969244,,,,,,,,,,,,,,
6.46045,1.21E-07,-9.996776581,,,,,,,,,,,,,,
6.46055,4.64E-09,-9.996874809,,,,,,,,,,,,,,
6.46065,-2.89E-08,-9.996660233,,,,,,,,,,,,,,
6.46075,-8.63E-08,-9.997135162,,,,,,,,,,,,,,
6.46085,-9.23E-08,-9.996835709,,,,,,,,,,,,,,
6.46095,-1.23E-07,-9.996787071,,,,,,,,,,,,,,
6.46105,-8.69E-06,-4.616163731,,,,,,,,,,,,,,
6.46115,-2.23E-06,-0.002140973,,,,,,,,,,,,,,
6.46125,1.01E-06,-0.001959215,,,,,,,,,,,,,,
6.46135,2.26E-06,-0.001533846,,,,,,,,,,,,,,
6.46145,2.84E-06,-0.001499789,,,,,,,,,,,,,,
6.46155,3.17E-06,-0.001363347,,,,,,,,,,,,,,
6.46165,3.35E-06,-0.00097851,,,,,,,,,,,,,,
6.46175,3.47E-06,-0.001058869,,,,,,,,,,,,,,
6.46185,3.54E-06,-0.001248649,,,,,,,,,,,,,,
6.46195,3.58E-06,-0.001185037,,,,,,,,,,,,,,
6.46205,1.09E-05,-5.372004509,,,,,,,,,,,,,,
6.46215,3.17E-06,-9.996279716,,,,,,,,,,,,,,
6.46225,9.33E-07,-9.996235847,,,,,,,,,,,,,,
6.46235,3.35E-07,-9.996819496,,,,,,,,,,,,,,
6.46245,1.03E-07,-9.996711731,,,,,,,,,,,,,,
6.46255,3.13E-09,-9.997083664,,,,,,,,,,,,,,
6.46265,-4.45E-08,-9.997012138,,,,,,,,,,,,,,
6.46275,-1.11E-07,-9.996954918,,,,,,,,,,,,,,
6.46285,-1.23E-07,-9.997315407,,,,,,,,,,,,,,
6.46295,-1.37E-07,-9.99710083,,,,,,,,,,,,,,
6.46305,-8.71E-06,-4.635918617,,,,,,,,,,,,,,
6.46315,-2.27E-06,-0.002195719,,,,,,,,,,,,,,
6.46325,9.98E-07,-0.002015298,,,,,,,,,,,,,,
6.46335,2.25E-06,-0.001553971,,,,,,,,,,,,,,
6.46345,2.86E-06,-0.001350681,,,,,,,,,,,,,,
6.46355,3.17E-06,-0.001496974,,,,,,,,,,,,,,
6.46365,3.36E-06,-0.001228524,,,,,,,,,,,,,,
6.46375,3.45E-06,-0.001347163,,,,,,,,,,,,,,
6.46385,3.54E-06,-0.001340478,,,,,,,,,,,,,,
6.46395,3.58E-06,-0.001297061,,,,,,,,,,,,,,
6.46405,1.09E-05,-5.352320194,,,,,,,,,,,,,,
6.46415,3.19E-06,-9.996504784,,,,,,,,,,,,,,
6.46425,9.34E-07,-9.996831894,,,,,,,,,,,,,,
6.46435,3.48E-07,-9.996879578,,,,,,,,,,,,,,
6.46445,1.46E-07,-9.997117043,,,,,,,,,,,,,,
6.46455,4.68E-08,-9.997080803,,,,,,,,,,,,,,
6.46465,-3.53E-08,-9.996900558,,,,,,,,,,,,,,
6.46475,-7.09E-08,-9.997051239,,,,,,,,,,,,,,
6.46485,-1.28E-07,-9.997093201,,,,,,,,,,,,,,
6.46495,-1.14E-07,-9.997120857,,,,,,,,,,,,,,
6.46505,-8.65E-06,-4.65647316,,,,,,,,,,,,,,
6.46515,-2.25E-06,-0.002129785,,,,,,,,,,,,,,
6.46525,1.03E-06,-0.002100442,,,,,,,,,,,,,,
6.46535,2.25E-06,-0.001752758,,,,,,,,,,,,,,
6.46545,2.86E-06,-0.001504433,,,,,,,,,,,,,,
6.46555,3.18E-06,-0.001648897,,,,,,,,,,,,,,
6.46565,3.35E-06,-0.001579092,,,,,,,,,,,,,,
6.46575,3.44E-06,-0.001423441,,,,,,,,,,,,,,
6.46585,3.54E-06,-0.001174341,,,,,,,,,,,,,,
6.46595,3.60E-06,-0.001089056,,,,,,,,,,,,,,
6.46605,1.09E-05,-5.332223415,,,,,,,,,,,,,,
6.46615,3.20E-06,-9.995980263,,,,,,,,,,,,,,
6.46625,9.36E-07,-9.996497154,,,,,,,,,,,,,,
6.46635,3.44E-07,-9.996697426,,,,,,,,,,,,,,
6.46645,9.88E-08,-9.996685028,,,,,,,,,,,,,,
6.46655,3.93E-09,-9.996736526,,,,,,,,,,,,,,
6.46665,-4.64E-08,-9.997264862,,,,,,,,,,,,,,
6.46675,-7.47E-08,-9.997196198,,,,,,,,,,,,,,
6.46685,-1.15E-07,-9.997091293,,,,,,,,,,,,,,
6.46695,-8.98E-08,-9.997445107,,,,,,,,,,,,,,
6.46705,-8.62E-06,-4.676468849,,,,,,,,,,,,,,
6.46715,-2.22E-06,-0.002394646,,,,,,,,,,,,,,
6.46725,1.05E-06,-0.002066243,,,,,,,,,,,,,,
6.46735,2.29E-06,-0.001679366,,,,,,,,,,,,,,
6.46745,2.86E-06,-0.001485856,,,,,,,,,,,,,,
6.46755,3.21E-06,-0.001704768,,,,,,,,,,,,,,
6.46765,3.37E-06,-0.001617794,,,,,,,,,,,,,,
6.46775,3.47E-06,-0.001537294,,,,,,,,,,,,,,
6.46785,3.55E-06,-0.001260893,,,,,,,,,,,,,,
6.46795,3.59E-06,-0.001261456,,,,,,,,,,,,,,
6.46805,1.09E-05,-5.311767578,,,,,,,,,,,,,,
6.46815,3.22E-06,-9.995886803,,,,,,,,,,,,,,
6.46825,9.27E-07,-9.995975494,,,,,,,,,,,,,,
6.46835,3.72E-07,-9.996337891,,,,,,,,,,,,,,
6.46845,1.34E-07,-9.996125221,,,,,,,,,,,,,,
6.46855,3.18E-08,-9.996389389,,,,,,,,,,,,,,
6.46865,-3.59E-08,-9.996438026,,,,,,,,,,,,,,
6.46875,-6.18E-08,-9.996593475,,,,,,,,,,,,,,
6.46885,-8.70E-08,-9.996702194,,,,,,,,,,,,,,
6.46895,-5.79E-08,-9.996656418,,,,,,,,,,,,,,
6.46905,-8.58E-06,-4.69587183,,,,,,,,,,,,,,
6.46915,-2.25E-06,-0.001811515,,,,,,,,,,,,,,
6.46925,1.06E-06,-0.001603369,,,,,,,,,,,,,,
6.46935,2.32E-06,-0.001112207,,,,,,,,,,,,,,
6.46945,2.93E-06,-0.000952122,,,,,,,,,,,,,,
6.46955,3.21E-06,-0.000925524,,,,,,,,,,,,,,
6.46965,3.38E-06,-0.000916657,,,,,,,,,,,,,,
6.46975,3.47E-06,-0.001030863,,,,,,,,,,,,,,
6.46985,3.54E-06,-0.001010949,,,,,,,,,,,,,,
6.46995,3.56E-06,-0.001130714,,,,,,,,,,,,,,
6.47005,1.08E-05,-5.291778564,,,,,,,,,,,,,,
6.47015,3.24E-06,-9.995969772,,,,,,,,,,,,,,
6.47025,9.45E-07,-9.996165276,,,,,,,,,,,,,,
6.47035,3.48E-07,-9.996605873,,,,,,,,,,,,,,
6.47045,1.48E-07,-9.996684074,,,,,,,,,,,,,,
6.47055,4.36E-08,-9.996572495,,,,,,,,,,,,,,
6.47065,-5.90E-08,-9.996691704,,,,,,,,,,,,,,
6.47075,-8.49E-08,-9.996652603,,,,,,,,,,,,,,
6.47085,-1.16E-07,-9.996962547,,,,,,,,,,,,,,
6.47095,-1.28E-07,-9.996749878,,,,,,,,,,,,,,
6.47105,-8.63E-06,-4.715748787,,,,,,,,,,,,,,
6.47115,-2.25E-06,-0.00196006,,,,,,,,,,,,,,
6.47125,1.05E-06,-0.00179913,,,,,,,,,,,,,,
6.47135,2.32E-06,-0.001418163,,,,,,,,,,,,,,
6.47145,2.88E-06,-0.001218884,,,,,,,,,,,,,,
6.47155,3.18E-06,-0.000978721,,,,,,,,,,,,,,
6.47165,3.35E-06,-0.000950152,,,,,,,,,,,,,,
6.47175,3.47E-06,-0.000739825,,,,,,,,,,,,,,
6.47185,3.57E-06,-0.000468138,,,,,,,,,,,,,,
6.47195,3.59E-06,-0.000666784,,,,,,,,,,,,,,
6.47205,1.09E-05,-5.27175045,,,,,,,,,,,,,,
6.47215,3.26E-06,-9.995412827,,,,,,,,,,,,,,
6.47225,9.39E-07,-9.995761871,,,,,,,,,,,,,,
6.47235,3.36E-07,-9.996315956,,,,,,,,,,,,,,
6.47245,9.44E-08,-9.996494293,,,,,,,,,,,,,,
6.47255,4.13E-09,-9.996565819,,,,,,,,,,,,,,
6.47265,-4.28E-08,-9.996407509,,,,,,,,,,,,,,
6.47275,-7.59E-08,-9.996494293,,,,,,,,,,,,,,
6.47285,-8.55E-08,-9.99642086,,,,,,,,,,,,,,
6.47295,-1.30E-07,-9.996829033,,,,,,,,,,,,,,
6.47305,-8.62E-06,-4.735871792,,,,,,,,,,,,,,
6.47315,-2.28E-06,-0.001784775,,,,,,,,,,,,,,
6.47325,1.03E-06,-0.001852046,,,,,,,,,,,,,,
6.47335,2.24E-06,-0.001442651,,,,,,,,,,,,,,
6.47345,2.88E-06,-0.001278274,,,,,,,,,,,,,,
6.47355,3.24E-06,-0.00103037,,,,,,,,,,,,,,
6.47365,3.39E-06,-0.000960285,,,,,,,,,,,,,,
6.47375,3.50E-06,-0.000756995,,,,,,,,,,,,,,
6.47385,3.56E-06,-0.000740388,,,,,,,,,,,,,,
6.47395,3.59E-06,-0.000982873,,,,,,,,,,,,,,
6.47405,1.09E-05,-5.251921654,,,,,,,,,,,,,,
6.47415,3.26E-06,-9.995866776,,,,,,,,,,,,,,
6.47425,9.77E-07,-9.996399879,,,,,,,,,,,,,,
6.47435,3.73E-07,-9.996528625,,,,,,,,,,,,,,
6.47445,1.13E-07,-9.996442795,,,,,,,,,,,,,,
6.47455,6.97E-09,-9.996387482,,,,,,,,,,,,,,
6.47465,-3.95E-08,-9.996678352,,,,,,,,,,,,,,
6.47475,-6.11E-08,-9.996807098,,,,,,,,,,,,,,
6.47485,-6.99E-08,-9.996841431,,,,,,,,,,,,,,
6.47495,-9.51E-08,-9.996793747,,,,,,,,,,,,,,
6.47505,-8.56E-06,-4.75603056,,,,,,,,,,,,,,
6.47515,-2.28E-06,-0.001708005,,,,,,,,,,,,,,
6.47525,1.06E-06,-0.001632079,,,,,,,,,,,,,,
6.47535,2.31E-06,-0.001286647,,,,,,,,,,,,,,
6.47545,2.88E-06,-0.001346248,,,,,,,,,,,,,,
6.47555,3.23E-06,-0.00105908,,,,,,,,,,,,,,
6.47565,3.40E-06,-0.001509288,,,,,,,,,,,,,,
6.47575,3.50E-06,-0.001510837,,,,,,,,,,,,,,
6.47585,3.54E-06,-0.001082301,,,,,,,,,,,,,,
6.47595,3.60E-06,-0.000947126,,,,,,,,,,,,,,
6.47605,1.09E-05,-5.231582165,,,,,,,,,,,,,,
6.47615,3.24E-06,-9.995905876,,,,,,,,,,,,,,
6.47625,9.44E-07,-9.996421814,,,,,,,,,,,,,,
6.47635,3.85E-07,-9.99710083,,,,,,,,,,,,,,
6.47645,1.63E-07,-9.997045517,,,,,,,,,,,,,,
6.47655,3.29E-08,-9.996888161,,,,,,,,,,,,,,
6.47665,-3.00E-08,-9.997363091,,,,,,,,,,,,,,
6.47675,-7.45E-08,-9.997280121,,,,,,,,,,,,,,
6.47685,-1.06E-07,-9.997195244,,,,,,,,,,,,,,
6.47695,-1.18E-07,-9.997330666,,,,,,,,,,,,,,
6.47705,-8.58E-06,-4.776302814,,,,,,,,,,,,,,
6.47715,-2.31E-06,-0.001974485,,,,,,,,,,,,,,
6.47725,1.02E-06,-0.001653822,,,,,,,,,,,,,,
6.47735,2.27E-06,-0.001328867,,,,,,,,,,,,,,
6.47745,2.86E-06,-0.001160409,,,,,,,,,,,,,,
6.47755,3.19E-06,-0.001188837,,,,,,,,,,,,,,
6.47765,3.37E-06,-0.001277359,,,,,,,,,,,,,,
6.47775,3.52E-06,-0.001261245,,,,,,,,,,,,,,
6.47785,3.59E-06,-0.000766494,,,,,,,,,,,,,,
6.47795,3.64E-06,-0.000729059,,,,,,,,,,,,,,
6.47805,1.09E-05,-5.211884499,,,,,,,,,,,,,,
6.47815,3.26E-06,-9.995737076,,,,,,,,,,,,,,
6.47825,9.31E-07,-9.995853424,,,,,,,,,,,,,,
6.47835,3.75E-07,-9.996141434,,,,,,,,,,,,,,
6.47845,1.19E-07,-9.996499062,,,,,,,,,,,,,,
6.47855,6.87E-09,-9.996733665,,,,,,,,,,,,,,
6.47865,-3.73E-08,-9.996631622,,,,,,,,,,,,,,
6.47875,-8.95E-08,-9.996767998,,,,,,,,,,,,,,
6.47885,-9.11E-08,-9.996788025,,,,,,,,,,,,,,
6.47895,-8.90E-08,-9.996926308,,,,,,,,,,,,,,
6.47905,-8.54E-06,-4.795809269,,,,,,,,,,,,,,
6.47915,-2.27E-06,-0.001822703,,,,,,,,,,,,,,
6.47925,1.04E-06,-0.001521814,,,,,,,,,,,,,,
6.47935,2.31E-06,-0.001358985,,,,,,,,,,,,,,
6.47945,2.93E-06,-0.001010949,,,,,,,,,,,,,,
6.47955,3.23E-06,-0.000813359,,,,,,,,,,,,,,
6.47965,3.41E-06,-0.000989417,,,,,,,,,,,,,,
6.47975,3.51E-06,-0.000930942,,,,,,,,,,,,,,
6.47985,3.59E-06,-0.000937064,,,,,,,,,,,,,,
6.47995,3.63E-06,-0.000705345,,,,,,,,,,,,,,
6.48005,1.08E-05,-5.191645622,,,,,,,,,,,,,,
6.48015,3.24E-06,-9.995903969,,,,,,,,,,,,,,
6.48025,9.62E-07,-9.996286392,,,,,,,,,,,,,,
6.48035,3.75E-07,-9.996456146,,,,,,,,,,,,,,
6.48045,1.31E-07,-9.996295929,,,,,,,,,,,,,,
6.48055,2.53E-08,-9.996336937,,,,,,,,,,,,,,
6.48065,-1.26E-08,-9.996384621,,,,,,,,,,,,,,
6.48075,-5.32E-08,-9.996383667,,,,,,,,,,,,,,
6.48085,-8.46E-08,-9.996600151,,,,,,,,,,,,,,
6.48095,-8.55E-08,-9.996450424,,,,,,,,,,,,,,
6.48105,-8.55E-06,-4.815833569,,,,,,,,,,,,,,
6.48115,-2.31E-06,-0.00183741,,,,,,,,,,,,,,
6.48125,1.08E-06,-0.001571915,,,,,,,,,,,,,,
6.48135,2.28E-06,-0.001031074,,,,,,,,,,,,,,
6.48145,2.89E-06,-0.000814484,,,,,,,,,,,,,,
6.48155,3.24E-06,-0.000900614,,,,,,,,,,,,,,
6.48165,3.40E-06,-0.000709004,,,,,,,,,,,,,,
6.48175,3.50E-06,-0.000579529,,,,,,,,,,,,,,
6.48185,3.58E-06,-0.000528231,,,,,,,,,,,,,,
6.48195,3.59E-06,-0.000574603,,,,,,,,,,,,,,
6.48205,1.08E-05,-5.171812534,,,,,,,,,,,,,,
6.48215,3.32E-06,-9.995609283,,,,,,,,,,,,,,
6.48225,9.52E-07,-9.995946884,,,,,,,,,,,,,,
6.48235,3.63E-07,-9.996341705,,,,,,,,,,,,,,
6.48245,1.05E-07,-9.99634552,,,,,,,,,,,,,,
6.48255,4.55E-09,-9.996567726,,,,,,,,,,,,,,
6.48265,-3.87E-08,-9.99654007,,,,,,,,,,,,,,
6.48275,-9.31E-08,-9.996413231,,,,,,,,,,,,,,
6.48285,-9.61E-08,-9.996479034,,,,,,,,,,,,,,
6.48295,-8.64E-08,-9.99648571,,,,,,,,,,,,,,
6.48305,-8.52E-06,-4.8352561,,,,,,,,,,,,,,
6.48315,-2.32E-06,-0.001260963,,,,,,,,,,,,,,
6.48325,1.06E-06,-0.000972388,,,,,,,,,,,,,,
6.48335,2.34E-06,-0.000667417,,,,,,,,,,,,,,
6.48345,2.92E-06,-0.000546105,,,,,,,,,,,,,,
6.48355,3.23E-06,-0.000517395,,,,,,,,,,,,,,
6.48365,3.42E-06,-0.000586706,,,,,,,,,,,,,,
6.48375,3.52E-06,-0.000392845,,,,,,,,,,,,,,
6.48385,3.57E-06,-0.000536464,,,,,,,,,,,,,,
6.48395,3.62E-06,-0.000479397,,,,,,,,,,,,,,
6.48405,1.09E-05,-5.151604652,,,,,,,,,,,,,,
6.48415,3.28E-06,-9.995594025,,,,,,,,,,,,,,
6.48425,9.31E-07,-9.995780945,,,,,,,,,,,,,,
6.48435,3.42E-07,-9.996429443,,,,,,,,,,,,,,
6.48445,1.04E-07,-9.99642086,,,,,,,,,,,,,,
6.48455,3.03E-09,-9.996411324,,,,,,,,,,,,,,
6.48465,-4.56E-08,-9.996697426,,,,,,,,,,,,,,
6.48475,-7.17E-08,-9.996679306,,,,,,,,,,,,,,
6.48485,-1.12E-07,-9.996590614,,,,,,,,,,,,,,
6.48495,-1.07E-07,-9.996489525,,,,,,,,,,,,,,
6.48505,-8.51E-06,-4.855835438,,,,,,,,,,,,,,
6.48515,-2.34E-06,-0.002130981,,,,,,,,,,,,,,
6.48525,1.04E-06,-0.001823759,,,,,,,,,,,,,,
6.48535,2.30E-06,-0.001254489,,,,,,,,,,,,,,
6.48545,2.95E-06,-0.001098697,,,,,,,,,,,,,,
6.48555,3.24E-06,-0.000717096,,,,,,,,,,,,,,
6.48565,3.42E-06,-0.000760724,,,,,,,,,,,,,,
6.48575,3.55E-06,-0.001010105,,,,,,,,,,,,,,
6.48585,3.60E-06,-0.000876759,,,,,,,,,,,,,,
6.48595,3.61E-06,-0.001042825,,,,,,,,,,,,,,
6.48605,1.09E-05,-5.131709099,,,,,,,,,,,,,,
6.48615,3.31E-06,-9.995824814,,,,,,,,,,,,,,
6.48625,9.73E-07,-9.996055603,,,,,,,,,,,,,,
6.48635,3.93E-07,-9.996425629,,,,,,,,,,,,,,
6.48645,1.79E-07,-9.99671936,,,,,,,,,,,,,,
6.48655,7.35E-08,-9.996840477,,,,,,,,,,,,,,
6.48665,-2.19E-09,-9.996932983,,,,,,,,,,,,,,
6.48675,-2.43E-08,-9.996915817,,,,,,,,,,,,,,
6.48685,-6.09E-08,-9.996947289,,,,,,,,,,,,,,
6.48695,-5.63E-08,-9.996888161,,,,,,,,,,,,,,
6.48705,-8.49E-06,-4.876091957,,,,,,,,,,,,,,
6.48715,-2.31E-06,-0.001924806,,,,,,,,,,,,,,
6.48725,1.10E-06,-0.001732282,,,,,,,,,,,,,,
6.48735,2.37E-06,-0.001083357,,,,,,,,,,,,,,
6.48745,2.95E-06,-0.001164983,,,,,,,,,,,,,,
6.48755,3.24E-06,-0.001197,,,,,,,,,,,,,,
6.48765,3.43E-06,-0.001045992,,,,,,,,,,,,,,
6.48775,3.53E-06,-0.001101863,,,,,,,,,,,,,,
6.48785,3.61E-06,-0.001274685,,,,,,,,,,,,,,
6.48795,3.63E-06,-0.001149783,,,,,,,,,,,,,,
6.48805,1.08E-05,-5.111804962,,,,,,,,,,,,,,
6.48815,3.31E-06,-9.995800018,,,,,,,,,,,,,,
6.48825,9.94E-07,-9.995867729,,,,,,,,,,,,,,
6.48835,3.89E-07,-9.996431351,,,,,,,,,,,,,,
6.48845,1.69E-07,-9.996640205,,,,,,,,,,,,,,
6.48855,6.35E-08,-9.996831894,,,,,,,,,,,,,,
6.48865,-6.76E-09,-9.996872902,,,,,,,,,,,,,,
6.48875,-2.59E-08,-9.996834755,,,,,,,,,,,,,,
6.48885,-4.65E-08,-9.996730804,,,,,,,,,,,,,,
6.48895,-7.53E-08,-9.997091293,,,,,,,,,,,,,,
6.48905,-8.49E-06,-4.895878792,,,,,,,,,,,,,,
6.48915,-2.33E-06,-0.002097768,,,,,,,,,,,,,,
6.48925,1.06E-06,-0.002029442,,,,,,,,,,,,,,
6.48935,2.34E-06,-0.001601188,,,,,,,,,,,,,,
6.48945,2.92E-06,-0.001440258,,,,,,,,,,,,,,
6.48955,3.27E-06,-0.001083216,,,,,,,,,,,,,,
6.48965,3.47E-06,-0.000910043,,,,,,,,,,,,,,
6.48975,3.54E-06,-0.000887455,,,,,,,,,,,,,,
6.48985,3.62E-06,-0.000905821,,,,,,,,,,,,,,
6.48995,3.67E-06,-0.000889566,,,,,,,,,,,,,,
6.49005,1.09E-05,-5.091868401,,,,,,,,,,,,,,
6.49015,3.37E-06,-9.996160507,,,,,,,,,,,,,,
6.49025,9.99E-07,-9.996479034,,,,,,,,,,,,,,
6.49035,3.66E-07,-9.997045517,,,,,,,,,,,,,,
6.49045,1.39E-07,-9.997112274,,,,,,,,,,,,,,
6.49055,4.90E-08,-9.997083664,,,,,,,,,,,,,,
6.49065,1.94E-08,-9.997216225,,,,,,,,,,,,,,
6.49075,-4.38E-08,-9.997382164,,,,,,,,,,,,,,
6.49085,-7.98E-08,-9.997309685,,,,,,,,,,,,,,
6.49095,-9.31E-08,-9.997429848,,,,,,,,,,,,,,
6.49105,-8.47E-06,-4.916237354,,,,,,,,,,,,,,
6.49115,-2.40E-06,-0.001911647,,,,,,,,,,,,,,
6.49125,1.02E-06,-0.001877308,,,,,,,,,,,,,,
6.49135,2.34E-06,-0.001677958,,,,,,,,,,,,,,
6.49145,2.94E-06,-0.001393675,,,,,,,,,,,,,,
6.49155,3.26E-06,-0.001339352,,,,,,,,,,,,,,
6.49165,3.45E-06,-0.001014397,,,,,,,,,,,,,,
6.49175,3.58E-06,-0.000770364,,,,,,,,,,,,,,
6.49185,3.61E-06,-0.00087303,,,,,,,,,,,,,,
6.49195,3.64E-06,-0.000981043,,,,,,,,,,,,,,
6.49205,1.09E-05,-5.072046757,,,,,,,,,,,,,,
6.49215,3.36E-06,-9.995911598,,,,,,,,,,,,,,
6.49225,9.93E-07,-9.996240616,,,,,,,,,,,,,,
6.49235,3.99E-07,-9.996683121,,,,,,,,,,,,,,
6.49245,1.42E-07,-9.996480942,,,,,,,,,,,,,,
6.49255,4.21E-08,-9.996460915,,,,,,,,,,,,,,
6.49265,-1.51E-08,-9.996679306,,,,,,,,,,,,,,
6.49275,-6.92E-08,-9.996994972,,,,,,,,,,,,,,
6.49285,-9.98E-08,-9.996862411,,,,,,,,,,,,,,
6.49295,-1.01E-07,-9.997056007,,,,,,,,,,,,,,
6.49305,-8.42E-06,-4.935996532,,,,,,,,,,,,,,
6.49315,-2.36E-06,-0.002405975,,,,,,,,,,,,,,
6.49325,1.02E-06,-0.001675706,,,,,,,,,,,,,,
6.49335,2.30E-06,-0.001251534,,,,,,,,,,,,,,
6.49345,2.92E-06,-0.001028541,,,,,,,,,,,,,,
6.49355,3.24E-06,-0.001057814,,,,,,,,,,,,,,
6.49365,3.44E-06,-0.001064639,,,,,,,,,,,,,,
6.49375,3.55E-06,-0.001005179,,,,,,,,,,,,,,
6.49385,3.59E-06,-0.000812233,,,,,,,,,,,,,,
6.49395,3.62E-06,-0.000776979,,,,,,,,,,,,,,
6.49405,1.09E-05,-5.051713943,,,,,,,,,,,,,,
6.49415,3.36E-06,-9.995970726,,,,,,,,,,,,,,
6.49425,9.47E-07,-9.996264458,,,,,,,,,,,,,,
6.49435,3.81E-07,-9.996652603,,,,,,,,,,,,,,
6.49445,1.40E-07,-9.996901512,,,,,,,,,,,,,,
6.49455,4.93E-08,-9.996600151,,,,,,,,,,,,,,
6.49465,-1.88E-08,-9.997066498,,,,,,,,,,,,,,
6.49475,-4.95E-08,-9.996891022,,,,,,,,,,,,,,
6.49485,-1.06E-07,-9.997263908,,,,,,,,,,,,,,
6.49495,-1.20E-07,-9.997177124,,,,,,,,,,,,,,
6.49505,-8.46E-06,-4.956069469,,,,,,,,,,,,,,
6.49515,-2.42E-06,-0.001930083,,,,,,,,,,,,,,
6.49525,1.01E-06,-0.001650374,,,,,,,,,,,,,,
6.49535,2.29E-06,-0.001532087,,,,,,,,,,,,,,
6.49545,2.90E-06,-0.001403105,,,,,,,,,,,,,,
6.49555,3.21E-06,-0.001318453,,,,,,,,,,,,,,
6.49565,3.41E-06,-0.001302409,,,,,,,,,,,,,,
6.49575,3.55E-06,-0.001049299,,,,,,,,,,,,,,
6.49585,3.62E-06,-0.000960144,,,,,,,,,,,,,,
6.49595,3.65E-06,-0.001174764,,,,,,,,,,,,,,
6.49605,1.08E-05,-5.032100677,,,,,,,,,,,,,,
6.49615,3.33E-06,-9.996086121,,,,,,,,,,,,,,
6.49625,9.73E-07,-9.996039391,,,,,,,,,,,,,,
6.49635,3.61E-07,-9.99664402,,,,,,,,,,,,,,
6.49645,1.13E-07,-9.996587753,,,,,,,,,,,,,,
6.49655,1.70E-08,-9.996801376,,,,,,,,,,,,,,
6.49665,-5.82E-08,-9.99689579,,,,,,,,,,,,,,
6.49675,-1.01E-07,-9.997378349,,,,,,,,,,,,,,
6.49685,-8.62E-08,-9.997203827,,,,,,,,,,,,,,
6.49695,-1.17E-07,-9.997340202,,,,,,,,,,,,,,
6.49705,-8.45E-06,-4.975978374,,,,,,,,,,,,,,
6.49715,-2.40E-06,-0.002020294,,,,,,,,,,,,,,
6.49725,1.02E-06,-0.001694565,,,,,,,,,,,,,,
6.49735,2.32E-06,-0.001339915,,,,,,,,,,,,,,
6.49745,2.91E-06,-0.001454684,,,,,,,,,,,,,,
6.49755,3.24E-06,-0.001577756,,,,,,,,,,,,,,
6.49765,3.39E-06,-0.001400853,,,,,,,,,,,,,,
6.49775,3.52E-06,-0.001470587,,,,,,,,,,,,,,
6.49785,3.59E-06,-0.001357014,,,,,,,,,,,,,,
6.49795,3.63E-06,-0.001270604,,,,,,,,,,,,,,
6.49805,1.08E-05,-5.012286186,,,,,,,,,,,,,,
6.49815,3.35E-06,-9.995970726,,,,,,,,,,,,,,
6.49825,9.72E-07,-9.99620533,,,,,,,,,,,,,,
6.49835,3.90E-07,-9.996438026,,,,,,,,,,,,,,
6.49845,9.43E-08,-9.996469498,,,,,,,,,,,,,,
6.49855,3.38E-08,-9.996883392,,,,,,,,,,,,,,
6.49865,-5.28E-08,-9.996954918,,,,,,,,,,,,,,
6.49875,-8.56E-08,-9.996979713,,,,,,,,,,,,,,
6.49885,-1.01E-07,-9.997019768,,,,,,,,,,,,,,
6.49895,-1.30E-07,-9.997225761,,,,,,,,,,,,,,
6.49905,-8.50E-06,-4.996060371,,,,,,,,,,,,,,
6.49915,-2.50E-06,-0.002137103,,,,,,,,,,,,,,
6.49925,9.77E-07,-0.002195015,,,,,,,,,,,,,,
6.49935,2.28E-06,-0.001792164,,,,,,,,,,,,,,
6.49945,2.86E-06,-0.001566708,,,,,,,,,,,,,,
6.49955,3.21E-06,-0.00153455,,,,,,,,,,,,,,
6.49965,3.44E-06,-0.001583174,,,,,,,,,,,,,,
6.49975,3.47E-06,-0.001660085,,,,,,,,,,,,,,
6.49985,3.57E-06,-0.001393324,,,,,,,,,,,,,,
6.49995,3.64E-06,-0.001451447,,,,,,,,,,,,,,
6.50005,1.08E-05,-4.99212122,,,,,,,,,,,,,,
6.50015,3.37E-06,-9.995940208,,,,,,,,,,,,,,
6.50025,9.52E-07,-9.996235847,,,,,,,,,,,,,,
6.50035,3.83E-07,-9.996871948,,,,,,,,,,,,,,
6.50045,1.07E-07,-9.996692657,,,,,,,,,,,,,,
6.50055,-1.98E-08,-9.996824265,,,,,,,,,,,,,,
6.50065,-9.21E-08,-9.996783257,,,,,,,,,,,,,,
6.50075,-8.82E-08,-9.99682045,,,,,,,,,,,,,,
6.50085,-1.16E-07,-9.996886253,,,,,,,,,,,,,,
6.50095,-1.32E-07,-9.996993065,,,,,,,,,,,,,,
6.50105,-8.45E-06,-5.016222477,,,,,,,,,,,,,,
6.50115,-2.47E-06,-0.002033382,,,,,,,,,,,,,,
6.50125,1.03E-06,-0.001856831,,,,,,,,,,,,,,
6.50135,2.29E-06,-0.001461369,,,,,,,,,,,,,,
6.50145,2.91E-06,-0.001716871,,,,,,,,,,,,,,
6.50155,3.24E-06,-0.001331612,,,,,,,,,,,,,,
6.50165,3.41E-06,-0.001002576,,,,,,,,,,,,,,
6.50175,3.54E-06,-0.000915602,,,,,,,,,,,,,,
6.50185,3.61E-06,-0.000944452,,,,,,,,,,,,,,
6.50195,3.62E-06,-0.000716956,,,,,,,,,,,,,,
6.50205,1.08E-05,-4.97188139,,,,,,,,,,,,,,
6.50215,3.39E-06,-9.995825768,,,,,,,,,,,,,,
6.50225,9.58E-07,-9.995902061,,,,,,,,,,,,,,
6.50235,3.49E-07,-9.996125221,,,,,,,,,,,,,,
6.50245,1.24E-07,-9.996481895,,,,,,,,,,,,,,
6.50255,1.04E-08,-9.996542931,,,,,,,,,,,,,,
6.50265,-5.36E-08,-9.996833801,,,,,,,,,,,,,,
6.50275,-1.06E-07,-9.996937752,,,,,,,,,,,,,,
6.50285,-1.12E-07,-9.996871948,,,,,,,,,,,,,,
6.50295,-1.19E-07,-9.996783257,,,,,,,,,,,,,,
6.50305,-8.43E-06,-5.035560131,,,,,,,,,,,,,,
6.50315,-2.48E-06,-0.001927057,,,,,,,,,,,,,,
6.50325,1.01E-06,-0.001902007,,,,,,,,,,,,,,
6.50335,2.31E-06,-0.001445114,,,,,,,,,,,,,,
6.50345,2.93E-06,-0.00126807,,,,,,,,,,,,,,
6.50355,3.23E-06,-0.000868245,,,,,,,,,,,,,,
6.50365,3.44E-06,-0.000905328,,,,,,,,,,,,,,
6.50375,3.55E-06,-0.001025163,,,,,,,,,,,,,,
6.50385,3.60E-06,-0.000923694,,,,,,,,,,,,,,
6.50395,3.63E-06,-0.000927001,,,,,,,,,,,,,,
6.50405,1.08E-05,-4.951915741,,,,,,,,,,,,,,
6.50415,3.44E-06,-9.995839119,,,,,,,,,,,,,,
6.50425,1.01E-06,-9.996203423,,,,,,,,,,,,,,
6.50435,3.77E-07,-9.996273041,,,,,,,,,,,,,,
6.50445,1.59E-07,-9.996393204,,,,,,,,,,,,,,
6.50455,3.96E-08,-9.996383667,,,,,,,,,,,,,,
6.50465,-4.82E-08,-9.996606827,,,,,,,,,,,,,,
6.50475,-8.05E-08,-9.996940613,,,,,,,,,,,,,,
6.50485,-1.03E-07,-9.996892929,,,,,,,,,,,,,,
6.50495,-9.60E-08,-9.996864319,,,,,,,,,,,,,,
6.50505,-8.40E-06,-5.055837154,,,,,,,,,,,,,,
6.50515,-2.44E-06,-0.002283748,,,,,,,,,,,,,,
6.50525,1.01E-06,-0.0018854,,,,,,,,,,,,,,
6.50535,2.33E-06,-0.001244497,,,,,,,,,,,,,,
6.50545,2.99E-06,-0.001237531,,,,,,,,,,,,,,
6.50555,3.32E-06,-0.000986039,,,,,,,,,,,,,,
6.50565,3.48E-06,-0.000905047,,,,,,,,,,,,,,
6.50575,3.58E-06,-0.00105711,,,,,,,,,,,,,,
6.50585,3.64E-06,-0.000973444,,,,,,,,,,,,,,
6.50595,3.67E-06,-0.000862827,,,,,,,,,,,,,,
6.50605,1.08E-05,-4.931528091,,,,,,,,,,,,,,
6.50615,3.45E-06,-9.99544239,,,,,,,,,,,,,,
6.50625,1.04E-06,-9.995717049,,,,,,,,,,,,,,
6.50635,4.20E-07,-9.99611187,,,,,,,,,,,,,,
6.50645,1.86E-07,-9.996495247,,,,,,,,,,,,,,
6.50655,5.97E-08,-9.996529579,,,,,,,,,,,,,,
6.50665,1.91E-08,-9.996809006,,,,,,,,,,,,,,
6.50675,-1.30E-08,-9.997170448,,,,,,,,,,,,,,
6.50685,-7.11E-08,-9.997092247,,,,,,,,,,,,,,
6.50695,-5.56E-08,-9.996837616,,,,,,,,,,,,,,
6.50705,-8.35E-06,-5.075919151,,,,,,,,,,,,,,
6.50715,-2.45E-06,-0.00199081,,,,,,,,,,,,,,
6.50725,1.05E-06,-0.00153828,,,,,,,,,,,,,,
6.50735,2.35E-06,-0.001300791,,,,,,,,,,,,,,
6.50745,2.97E-06,-0.001030933,,,,,,,,,,,,,,
6.50755,3.31E-06,-0.000951419,,,,,,,,,,,,,,
6.50765,3.50E-06,-0.00104374,,,,,,,,,,,,,,
6.50775,3.56E-06,-0.000950011,,,,,,,,,,,,,,
6.50785,3.64E-06,-0.000906102,,,,,,,,,,,,,,
6.50795,3.68E-06,-0.000972669,,,,,,,,,,,,,,
6.50805,1.09E-05,-4.911939621,,,,,,,,,,,,,,
6.50815,3.49E-06,-9.99554348,,,,,,,,,,,,,,
6.50825,1.02E-06,-9.995943069,,,,,,,,,,,,,,
6.50835,4.03E-07,-9.996319771,,,,,,,,,,,,,,
6.50845,1.56E-07,-9.996641159,,,,,,,,,,,,,,
6.50855,3.99E-08,-9.996702194,,,,,,,,,,,,,,
6.50865,1.53E-08,-9.996710777,,,,,,,,,,,,,,
6.50875,-7.13E-09,-9.996817589,,,,,,,,,,,,,,
6.50885,-5.12E-08,-9.997119904,,,,,,,,,,,,,,
6.50895,-3.22E-08,-9.996957779,,,,,,,,,,,,,,
6.50905,-8.31E-06,-5.095808983,,,,,,,,,,,,,,
6.50915,-2.43E-06,-0.001782594,,,,,,,,,,,,,,
6.50925,1.03E-06,-0.001558545,,,,,,,,,,,,,,
6.50935,2.37E-06,-0.001097712,,,,,,,,,,,,,,
6.50945,2.96E-06,-0.001010808,,,,,,,,,,,,,,
6.50955,3.25E-06,-0.00106281,,,,,,,,,,,,,,
6.50965,3.47E-06,-0.001080824,,,,,,,,,,,,,,
6.50975,3.58E-06,-0.001126633,,,,,,,,,,,,,,
6.50985,3.62E-06,-0.000997157,,,,,,,,,,,,,,
6.50995,3.69E-06,-0.000849035,,,,,,,,,,,,,,
6.51005,1.08E-05,-4.891930103,,,,,,,,,,,,,,
6.51015,3.47E-06,-9.995967865,,,,,,,,,,,,,,
6.51025,9.85E-07,-9.996222496,,,,,,,,,,,,,,
6.51035,3.63E-07,-9.996441841,,,,,,,,,,,,,,
6.51045,1.19E-07,-9.99653244,,,,,,,,,,,,,,
6.51055,1.51E-08,-9.996966362,,,,,,,,,,,,,,
6.51065,-3.60E-08,-9.996876717,,,,,,,,,,,,,,
6.51075,-5.24E-08,-9.997069359,,,,,,,,,,,,,,
6.51085,-4.60E-08,-9.997330666,,,,,,,,,,,,,,
6.51095,-9.23E-08,-9.997119904,,,,,,,,,,,,,,
6.51105,-8.36E-06,-5.115932465,,,,,,,,,,,,,,
6.51115,-2.47E-06,-0.001775979,,,,,,,,,,,,,,
6.51125,1.02E-06,-0.001539265,,,,,,,,,,,,,,
6.51135,2.31E-06,-0.001335552,,,,,,,,,,,,,,
6.51145,2.92E-06,-0.001084764,,,,,,,,,,,,,,
6.51155,3.26E-06,-0.000917642,,,,,,,,,,,,,,
6.51165,3.44E-06,-0.001201855,,,,,,,,,,,,,,
6.51175,3.56E-06,-0.000832428,,,,,,,,,,,,,,
6.51185,3.62E-06,-0.000590084,,,,,,,,,,,,,,
6.51195,3.65E-06,-0.00059705,,,,,,,,,,,,,,
6.51205,1.08E-05,-4.871992111,,,,,,,,,,,,,,
6.51215,3.46E-06,-9.996186256,,,,,,,,,,,,,,
6.51225,1.00E-06,-9.996276855,,,,,,,,,,,,,,
6.51235,3.81E-07,-9.996805191,,,,,,,,,,,,,,
6.51245,1.47E-07,-9.996793747,,,,,,,,,,,,,,
6.51255,2.64E-08,-9.99698925,,,,,,,,,,,,,,
6.51265,-4.19E-08,-9.996738434,,,,,,,,,,,,,,
6.51275,-7.13E-08,-9.997162819,,,,,,,,,,,,,,
6.51285,-5.92E-08,-9.997108459,,,,,,,,,,,,,,
6.51295,-7.89E-08,-9.997057915,,,,,,,,,,,,,,
6.51305,-8.35E-06,-5.135915756,,,,,,,,,,,,,,
6.51315,-2.49E-06,-0.002306969,,,,,,,,,,,,,,
6.51325,1.01E-06,-0.002096149,,,,,,,,,,,,,,
6.51335,2.32E-06,-0.001589859,,,,,,,,,,,,,,
6.51345,2.95E-06,-0.001637779,,,,,,,,,,,,,,
6.51355,3.27E-06,-0.00138305,,,,,,,,,,,,,,
6.51365,3.47E-06,-0.00130825,,,,,,,,,,,,,,
6.51375,3.55E-06,-0.00139269,,,,,,,,,,,,,,
6.51385,3.64E-06,-0.001564738,,,,,,,,,,,,,,
6.51395,3.68E-06,-0.001660929,,,,,,,,,,,,,,
6.51405,1.08E-05,-4.852778435,,,,,,,,,,,,,,
6.51415,3.47E-06,-9.996463776,,,,,,,,,,,,,,
6.51425,1.00E-06,-9.996274948,,,,,,,,,,,,,,
6.51435,3.61E-07,-9.996712685,,,,,,,,,,,,,,
6.51445,1.29E-07,-9.996750832,,,,,,,,,,,,,,
6.51455,-8.54E-09,-9.996746063,,,,,,,,,,,,,,
6.51465,-5.27E-08,-9.996727943,,,,,,,,,,,,,,
6.51475,-7.91E-08,-9.996916771,,,,,,,,,,,,,,
6.51485,-1.10E-07,-9.997063637,,,,,,,,,,,,,,
6.51495,-1.16E-07,-9.996963501,,,,,,,,,,,,,,
6.51505,-8.34E-06,-5.155689716,,,,,,,,,,,,,,
6.51515,-2.51E-06,-0.002139566,,,,,,,,,,,,,,
6.51525,1.02E-06,-0.001656567,,,,,,,,,,,,,,
6.51535,2.33E-06,-0.001201996,,,,,,,,,,,,,,
6.51545,2.96E-06,-0.001289532,,,,,,,,,,,,,,
6.51555,3.30E-06,-0.001119596,,,,,,,,,,,,,,
6.51565,3.47E-06,-0.001288547,,,,,,,,,,,,,,
6.51575,3.58E-06,-0.0014309,,,,,,,,,,,,,,
6.51585,3.61E-06,-0.001294317,,,,,,,,,,,,,,
6.51595,3.67E-06,-0.001266874,,,,,,,,,,,,,,
6.51605,1.08E-05,-4.832456589,,,,,,,,,,,,,,
6.51615,3.47E-06,-9.995882988,,,,,,,,,,,,,,
6.51625,1.02E-06,-9.996234894,,,,,,,,,,,,,,
6.51635,3.66E-07,-9.996704102,,,,,,,,,,,,,,
6.51645,1.16E-07,-9.996746063,,,,,,,,,,,,,,
6.51655,9.45E-09,-9.996955872,,,,,,,,,,,,,,
6.51665,-9.21E-09,-9.997057915,,,,,,,,,,,,,,
6.51675,-9.45E-08,-9.997015953,,,,,,,,,,,,,,
6.51685,-1.29E-07,-9.997117043,,,,,,,,,,,,,,
6.51695,-1.31E-07,-9.997211456,,,,,,,,,,,,,,
6.51705,-8.33E-06,-5.175852299,,,,,,,,,,,,,,
6.51715,-2.53E-06,-0.001961115,,,,,,,,,,,,,,
6.51725,1.01E-06,-0.001727426,,,,,,,,,,,,,,
6.51735,2.33E-06,-0.001307124,,,,,,,,,,,,,,
6.51745,2.92E-06,-0.001222121,,,,,,,,,,,,,,
6.51755,3.25E-06,-0.001272926,,,,,,,,,,,,,,
6.51765,3.42E-06,-0.001033467,,,,,,,,,,,,,,
6.51775,3.56E-06,-0.001021152,,,,,,,,,,,,,,
6.51785,3.65E-06,-0.000686698,,,,,,,,,,,,,,
6.51795,3.69E-06,-0.001107352,,,,,,,,,,,,,,
6.51805,1.08E-05,-4.812281132,,,,,,,,,,,,,,
6.51815,3.49E-06,-9.995556831,,,,,,,,,,,,,,
6.51825,9.77E-07,-9.995851517,,,,,,,,,,,,,,
6.51835,3.80E-07,-9.99656868,,,,,,,,,,,,,,
6.51845,1.47E-07,-9.996387482,,,,,,,,,,,,,,
6.51855,2.47E-08,-9.99637413,,,,,,,,,,,,,,
6.51865,1.16E-09,-9.996274948,,,,,,,,,,,,,,
6.51875,-4.28E-08,-9.996778488,,,,,,,,,,,,,,
6.51885,-1.17E-07,-9.996704102,,,,,,,,,,,,,,
6.51895,-1.06E-07,-9.997026443,,,,,,,,,,,,,,
6.51905,-8.30E-06,-5.195791245,,,,,,,,,,,,,,
6.51915,-2.51E-06,-0.001920373,,,,,,,,,,,,,,
6.51925,1.01E-06,-0.001619272,,,,,,,,,,,,,,
6.51935,2.36E-06,-0.001145069,,,,,,,,,,,,,,
6.51945,2.93E-06,-0.001419641,,,,,,,,,,,,,,
6.51955,3.28E-06,-0.001263848,,,,,,,,,,,,,,
6.51965,3.47E-06,-0.001155061,,,,,,,,,,,,,,
6.51975,3.54E-06,-0.001196648,,,,,,,,,,,,,,
6.51985,3.60E-06,-0.001045781,,,,,,,,,,,,,,
6.51995,3.66E-06,-0.000819129,,,,,,,,,,,,,,
6.52005,1.08E-05,-4.79221487,,,,,,,,,,,,,,
6.52015,3.51E-06,-9.995785713,,,,,,,,,,,,,,
6.52025,1.02E-06,-9.996234894,,,,,,,,,,,,,,
6.52035,3.85E-07,-9.996656418,,,,,,,,,,,,,,
6.52045,1.47E-07,-9.996909142,,,,,,,,,,,,,,
6.52055,1.10E-08,-9.996734619,,,,,,,,,,,,,,
6.52065,-4.44E-08,-9.996717453,,,,,,,,,,,,,,
6.52075,-6.81E-08,-9.996898651,,,,,,,,,,,,,,
6.52085,-7.56E-08,-9.996822357,,,,,,,,,,,,,,
6.52095,-1.07E-07,-9.996776581,,,,,,,,,,,,,,
6.52105,-8.26E-06,-5.215529919,,,,,,,,,,,,,,
6.52115,-2.55E-06,-0.001866964,,,,,,,,,,,,,,
6.52125,9.85E-07,-0.00155552,,,,,,,,,,,,,,
6.52135,2.31E-06,-0.001270181,,,,,,,,,,,,,,
6.52145,2.92E-06,-0.000954585,,,,,,,,,,,,,,
6.52155,3.27E-06,-0.001078642,,,,,,,,,,,,,,
6.52165,3.45E-06,-0.001060839,,,,,,,,,,,,,,
6.52175,3.57E-06,-0.000911028,,,,,,,,,,,,,,
6.52185,3.61E-06,-0.000837002,,,,,,,,,,,,,,
6.52195,3.64E-06,-0.000727863,,,,,,,,,,,,,,
6.52205,1.08E-05,-4.772037983,,,,,,,,,,,,,,
6.52215,3.51E-06,-9.995979309,,,,,,,,,,,,,,
6.52225,9.97E-07,-9.996189117,,,,,,,,,,,,,,
6.52235,3.81E-07,-9.996537209,,,,,,,,,,,,,,
6.52245,1.40E-07,-9.9968853,,,,,,,,,,,,,,
6.52255,5.95E-08,-9.997169495,,,,,,,,,,,,,,
6.52265,-2.70E-08,-9.997046471,,,,,,,,,,,,,,
6.52275,-6.70E-08,-9.997015953,,,,,,,,,,,,,,
6.52285,-1.07E-07,-9.997106552,,,,,,,,,,,,,,
6.52295,-1.31E-07,-9.997120857,,,,,,,,,,,,,,
6.52305,-8.29E-06,-5.236013412,,,,,,,,,,,,,,
6.52315,-2.57E-06,-0.002330331,,,,,,,,,,,,,,
6.52325,9.82E-07,-0.002008965,,,,,,,,,,,,,,
6.52335,2.30E-06,-0.001435966,,,,,,,,,,,,,,
6.52345,2.92E-06,-0.001305998,,,,,,,,,,,,,,
6.52355,3.25E-06,-0.001441314,,,,,,,,,,,,,,
6.52365,3.44E-06,-0.001155764,,,,,,,,,,,,,,
6.52375,3.54E-06,-0.001304661,,,,,,,,,,,,,,
6.52385,3.62E-06,-0.001218462,,,,,,,,,,,,,,
6.52395,3.66E-06,-0.001006023,,,,,,,,,,,,,,
6.52405,1.08E-05,-4.752098083,,,,,,,,,,,,,,
6.52415,3.49E-06,-9.995958328,,,,,,,,,,,,,,
6.52425,9.87E-07,-9.996256828,,,,,,,,,,,,,,
6.52435,3.75E-07,-9.996655464,,,,,,,,,,,,,,
6.52445,1.37E-07,-9.996780396,,,,,,,,,,,,,,
6.52455,4.60E-08,-9.996953011,,,,,,,,,,,,,,
6.52465,-3.03E-08,-9.99724102,,,,,,,,,,,,,,
6.52475,-6.96E-08,-9.99715519,,,,,,,,,,,,,,
6.52485,-8.75E-08,-9.997247696,,,,,,,,,,,,,,
6.52495,-1.21E-07,-9.996967316,,,,,,,,,,,,,,
6.52505,-8.27E-06,-5.255716324,,,,,,,,,,,,,,
6.52515,-2.59E-06,-0.002379869,,,,,,,,,,,,,,
6.52525,9.66E-07,-0.002074758,,,,,,,,,,,,,,
6.52535,2.33E-06,-0.001555379,,,,,,,,,,,,,,
6.52545,2.94E-06,-0.001320986,,,,,,,,,,,,,,
6.52555,3.31E-06,-0.001279047,,,,,,,,,,,,,,
6.52565,3.52E-06,-0.001258852,,,,,,,,,,,,,,
6.52575,3.58E-06,-0.001008627,,,,,,,,,,,,,,
6.52585,3.63E-06,-0.000914968,,,,,,,,,,,,,,
6.52595,3.67E-06,-0.001082161,,,,,,,,,,,,,,
6.52605,1.08E-05,-4.732095718,,,,,,,,,,,,,,
6.52615,3.53E-06,-9.995588303,,,,,,,,,,,,,,
6.52625,1.02E-06,-9.995900154,,,,,,,,,,,,,,
6.52635,3.95E-07,-9.996265411,,,,,,,,,,,,,,
6.52645,1.55E-07,-9.996481895,,,,,,,,,,,,,,
6.52655,1.28E-08,-9.996648788,,,,,,,,,,,,,,
6.52665,-2.76E-08,-9.996627808,,,,,,,,,,,,,,
6.52675,-7.29E-08,-9.99660778,,,,,,,,,,,,,,
6.52685,-9.65E-08,-9.996716499,,,,,,,,,,,,,,
6.52695,-9.95E-08,-9.996727943,,,,,,,,,,,,,,
6.52705,-8.22E-06,-5.275936604,,,,,,,,,,,,,,
6.52715,-2.57E-06,-0.002265241,,,,,,,,,,,,,,
6.52725,1.00E-06,-0.001759795,,,,,,,,,,,,,,
6.52735,2.35E-06,-0.0011932,,,,,,,,,,,,,,
6.52745,2.95E-06,-0.001371369,,,,,,,,,,,,,,
6.52755,3.31E-06,-0.001246397,,,,,,,,,,,,,,
6.52765,3.49E-06,-0.001183982,,,,,,,,,,,,,,
6.52775,3.59E-06,-0.001037196,,,,,,,,,,,,,,
6.52785,3.64E-06,-0.001084905,,,,,,,,,,,,,,
6.52795,3.73E-06,-0.001211425,,,,,,,,,,,,,,
6.52805,1.08E-05,-4.712046623,,,,,,,,,,,,,,
6.52815,3.53E-06,-9.995301247,,,,,,,,,,,,,,
6.52825,1.03E-06,-9.995580673,,,,,,,,,,,,,,
6.52835,3.92E-07,-9.996185303,,,,,,,,,,,,,,
6.52845,1.28E-07,-9.99626255,,,,,,,,,,,,,,
6.52855,5.30E-08,-9.996237755,,,,,,,,,,,,,,
6.52865,-7.81E-09,-9.996247292,,,,,,,,,,,,,,
6.52875,-6.59E-08,-9.996224403,,,,,,,,,,,,,,
6.52885,-9.60E-08,-9.996172905,,,,,,,,,,,,,,
6.52895,-1.18E-07,-9.99612236,,,,,,,,,,,,,,
6.52905,-8.26E-06,-5.295212746,,,,,,,,,,,,,,
6.52915,-2.64E-06,-0.002051888,,,,,,,,,,,,,,
6.52925,9.59E-07,-0.001872523,,,,,,,,,,,,,,
6.52935,2.30E-06,-0.001565089,,,,,,,,,,,,,,
6.52945,2.94E-06,-0.001443847,,,,,,,,,,,,,,
6.52955,3.26E-06,-0.001195874,,,,,,,,,,,,,,
6.52965,3.46E-06,-0.00113198,,,,,,,,,,,,,,
6.52975,3.59E-06,-0.001415348,,,,,,,,,,,,,,
6.52985,3.63E-06,-0.001228735,,,,,,,,,,,,,,
6.52995,3.67E-06,-0.001252941,,,,,,,,,,,,,,
6.53005,1.08E-05,-4.692536354,,,,,,,,,,,,,,
6.53015,3.58E-06,-9.996153831,,,,,,,,,,,,,,
6.53025,1.01E-06,-9.995908737,,,,,,,,,,,,,,
6.53035,4.05E-07,-9.996448517,,,,,,,,,,,,,,
6.53045,1.75E-07,-9.996720314,,,,,,,,,,,,,,
6.53055,4.80E-08,-9.996930122,,,,,,,,,,,,,,
6.53065,-2.37E-08,-9.99697113,,,,,,,,,,,,,,
6.53075,-7.80E-08,-9.996939659,,,,,,,,,,,,,,
6.53085,-9.16E-08,-9.997099876,,,,,,,,,,,,,,
6.53095,-1.22E-07,-9.996730804,,,,,,,,,,,,,,
6.53105,-8.24E-06,-5.315688133,,,,,,,,,,,,,,
6.53115,-2.60E-06,-0.002357352,,,,,,,,,,,,,,
6.53125,9.74E-07,-0.001969137,,,,,,,,,,,,,,
6.53135,2.29E-06,-0.001592462,,,,,,,,,,,,,,
6.53145,2.96E-06,-0.001528921,,,,,,,,,,,,,,
6.53155,3.29E-06,-0.001744736,,,,,,,,,,,,,,
6.53165,3.47E-06,-0.001631727,,,,,,,,,,,,,,
6.53175,3.59E-06,-0.001615754,,,,,,,,,,,,,,
6.53185,3.70E-06,-0.001236546,,,,,,,,,,,,,,
6.53195,3.70E-06,-0.001138665,,,,,,,,,,,,,,
6.53205,1.08E-05,-4.672222614,,,,,,,,,,,,,,
6.53215,3.58E-06,-9.995903015,,,,,,,,,,,,,,
6.53225,1.04E-06,-9.995974541,,,,,,,,,,,,,,
6.53235,3.92E-07,-9.996415138,,,,,,,,,,,,,,
6.53245,1.47E-07,-9.996385574,,,,,,,,,,,,,,
6.53255,5.60E-08,-9.996492386,,,,,,,,,,,,,,
6.53265,-1.07E-08,-9.996497154,,,,,,,,,,,,,,
6.53275,-5.00E-08,-9.996779442,,,,,,,,,,,,,,
6.53285,-5.94E-08,-9.996641159,,,,,,,,,,,,,,
6.53295,-7.35E-08,-9.996454239,,,,,,,,,,,,,,
6.53305,-8.18E-06,-5.335569859,,,,,,,,,,,,,,
6.53315,-2.56E-06,-0.001911084,,,,,,,,,,,,,,
6.53325,1.04E-06,-0.001515973,,,,,,,,,,,,,,
6.53335,2.35E-06,-0.001078713,,,,,,,,,,,,,,
6.53345,2.99E-06,-0.000953881,,,,,,,,,,,,,,
6.53355,3.32E-06,-0.001161183,,,,,,,,,,,,,,
6.53365,3.51E-06,-0.0011184,,,,,,,,,,,,,,
6.53375,3.60E-06,-0.001177578,,,,,,,,,,,,,,
6.53385,3.68E-06,-0.001057251,,,,,,,,,,,,,,
6.53395,3.74E-06,-0.000875352,,,,,,,,,,,,,,
6.53405,1.07E-05,-4.652002335,,,,,,,,,,,,,,
6.53415,3.59E-06,-9.995578766,,,,,,,,,,,,,,
6.53425,1.07E-06,-9.995941162,,,,,,,,,,,,,,
6.53435,3.79E-07,-9.996129036,,,,,,,,,,,,,,
6.53445,1.35E-07,-9.995948792,,,,,,,,,,,,,,
6.53455,2.46E-08,-9.996097565,,,,,,,,,,,,,,
6.53465,-2.30E-08,-9.99657917,,,,,,,,,,,,,,
6.53475,-5.91E-08,-9.996821404,,,,,,,,,,,,,,
6.53485,-8.47E-08,-9.996894836,,,,,,,,,,,,,,
6.53495,-9.33E-08,-9.997038841,,,,,,,,,,,,,,
6.53505,-8.17E-06,-5.355712891,,,,,,,,,,,,,,
6.53515,-2.61E-06,-0.00223238,,,,,,,,,,,,,,
6.53525,9.93E-07,-0.001707723,,,,,,,,,,,,,,
6.53535,2.33E-06,-0.001532932,,,,,,,,,,,,,,
6.53545,2.96E-06,-0.001205232,,,,,,,,,,,,,,
6.53555,3.30E-06,-0.001285732,,,,,,,,,,,,,,
6.53565,3.46E-06,-0.001416263,,,,,,,,,,,,,,
6.53575,3.60E-06,-0.001110378,,,,,,,,,,,,,,
6.53585,3.66E-06,-0.001038674,,,,,,,,,,,,,,
6.53595,3.69E-06,-0.000846079,,,,,,,,,,,,,,
6.53605,1.08E-05,-4.632190704,,,,,,,,,,,,,,
6.53615,3.61E-06,-9.996043205,,,,,,,,,,,,,,
6.53625,1.06E-06,-9.996401787,,,,,,,,,,,,,,
6.53635,4.04E-07,-9.997006416,,,,,,,,,,,,,,
6.53645,1.84E-07,-9.996738434,,,,,,,,,,,,,,
6.53655,4.22E-08,-9.996880531,,,,,,,,,,,,,,
6.53665,7.16E-09,-9.99680233,,,,,,,,,,,,,,
6.53675,-5.67E-08,-9.996868134,,,,,,,,,,,,,,
6.53685,-8.88E-08,-9.996810913,,,,,,,,,,,,,,
6.53695,-1.05E-07,-9.997114182,,,,,,,,,,,,,,
6.53705,-8.17E-06,-5.375853539,,,,,,,,,,,,,,
6.53715,-2.65E-06,-0.002250816,,,,,,,,,,,,,,
6.53725,9.73E-07,-0.001883782,,,,,,,,,,,,,,
6.53735,2.32E-06,-0.001481564,,,,,,,,,,,,,,
6.53745,2.95E-06,-0.001196296,,,,,,,,,,,,,,
6.53755,3.30E-06,-0.001285381,,,,,,,,,,,,,,
6.53765,3.51E-06,-0.000928901,,,,,,,,,,,,,,
6.53775,3.61E-06,-0.001479945,,,,,,,,,,,,,,
6.53785,3.66E-06,-0.001246397,,,,,,,,,,,,,,
6.53795,3.72E-06,-0.001281862,,,,,,,,,,,,,,
6.53805,1.08E-05,-4.612359047,,,,,,,,,,,,,,
6.53815,3.61E-06,-9.995513916,,,,,,,,,,,,,,
6.53825,1.01E-06,-9.995825768,,,,,,,,,,,,,,
6.53835,3.97E-07,-9.99628067,,,,,,,,,,,,,,
6.53845,1.66E-07,-9.996323586,,,,,,,,,,,,,,
6.53855,6.36E-08,-9.996471405,,,,,,,,,,,,,,
6.53865,-2.52E-08,-9.996660233,,,,,,,,,,,,,,
6.53875,-5.84E-08,-9.996848106,,,,,,,,,,,,,,
6.53885,-9.01E-08,-9.99683857,,,,,,,,,,,,,,
6.53895,-1.03E-07,-9.997011185,,,,,,,,,,,,,,
6.53905,-8.17E-06,-5.395895004,,,,,,,,,,,,,,
6.53915,-2.66E-06,-0.002386273,,,,,,,,,,,,,,
6.53925,9.79E-07,-0.002164828,,,,,,,,,,,,,,
6.53935,2.28E-06,-0.001945634,,,,,,,,,,,,,,
6.53945,2.95E-06,-0.001763806,,,,,,,,,,,,,,
6.53955,3.28E-06,-0.001643197,,,,,,,,,,,,,,
6.53965,3.46E-06,-0.0014981,,,,,,,,,,,,,,
6.53975,3.57E-06,-0.001354622,,,,,,,,,,,,,,
6.53985,3.63E-06,-0.001314653,,,,,,,,,,,,,,
6.53995,3.68E-06,-0.001142324,,,,,,,,,,,,,,
6.54005,1.07E-05,-4.592430115,,,,,,,,,,,,,,
6.54015,3.64E-06,-9.995884895,,,,,,,,,,,,,,
6.54025,1.02E-06,-9.996189117,,,,,,,,,,,,,,
6.54035,3.61E-07,-9.9962883,,,,,,,,,,,,,,
6.54045,1.22E-07,-9.99669075,,,,,,,,,,,,,,
6.54055,2.40E-08,-9.996681213,,,,,,,,,,,,,,
6.54065,-6.04E-08,-9.997022629,,,,,,,,,,,,,,
6.54075,-9.99E-08,-9.996939659,,,,,,,,,,,,,,
6.54085,-9.15E-08,-9.997138023,,,,,,,,,,,,,,
6.54095,-1.37E-07,-9.996995926,,,,,,,,,,,,,,
6.54105,-8.15E-06,-5.415719032,,,,,,,,,,,,,,
6.54115,-2.69E-06,-0.002199378,,,,,,,,,,,,,,
6.54125,9.62E-07,-0.001884415,,,,,,,,,,,,,,
6.54135,2.30E-06,-0.001355607,,,,,,,,,,,,,,
6.54145,2.92E-06,-0.001260541,,,,,,,,,,,,,,
6.54155,3.27E-06,-0.001018549,,,,,,,,,,,,,,
6.54165,3.46E-06,-0.000974288,,,,,,,,,,,,,,
6.54175,3.58E-06,-0.000993006,,,,,,,,,,,,,,
6.54185,3.64E-06,-0.00076952,,,,,,,,,,,,,,
6.54195,3.69E-06,-0.000787463,,,,,,,,,,,,,,
6.54205,1.07E-05,-4.571997643,,,,,,,,,,,,,,
6.54215,3.65E-06,-9.995619774,,,,,,,,,,,,,,
6.54225,1.04E-06,-9.996063232,,,,,,,,,,,,,,
6.54235,3.82E-07,-9.996250153,,,,,,,,,,,,,,
6.54245,1.50E-07,-9.996534348,,,,,,,,,,,,,,
6.54255,8.64E-09,-9.996676445,,,,,,,,,,,,,,
6.54265,-4.12E-08,-9.996702194,,,,,,,,,,,,,,
6.54275,-4.58E-08,-9.996735573,,,,,,,,,,,,,,
6.54285,-9.32E-08,-9.996970177,,,,,,,,,,,,,,
6.54295,-1.22E-07,-9.996907234,,,,,,,,,,,,,,
6.54305,-8.15E-06,-5.435606956,,,,,,,,,,,,,,
6.54315,-2.69E-06,-0.002199096,,,,,,,,,,,,,,
6.54325,1.00E-06,-0.002075461,,,,,,,,,,,,,,
6.54335,2.31E-06,-0.00168401,,,,,,,,,,,,,,
6.54345,2.94E-06,-0.001447788,,,,,,,,,,,,,,
6.54355,3.29E-06,-0.001741359,,,,,,,,,,,,,,
6.54365,3.47E-06,-0.001401627,,,,,,,,,,,,,,
6.54375,3.59E-06,-0.001204036,,,,,,,,,,,,,,
6.54385,3.65E-06,-0.001064498,,,,,,,,,,,,,,
6.54395,3.70E-06,-0.000938753,,,,,,,,,,,,,,
6.54405,1.07E-05,-4.552127838,,,,,,,,,,,,,,
6.54415,3.65E-06,-9.995743752,,,,,,,,,,,,,,
6.54425,1.07E-06,-9.996191978,,,,,,,,,,,,,,
6.54435,3.70E-07,-9.996509552,,,,,,,,,,,,,,
6.54445,1.11E-07,-9.996294975,,,,,,,,,,,,,,
6.54455,2.76E-08,-9.996703148,,,,,,,,,,,,,,
6.54465,-4.46E-08,-9.996628761,,,,,,,,,,,,,,
6.54475,-7.81E-08,-9.996887207,,,,,,,,,,,,,,
6.54485,-7.67E-08,-9.996938705,,,,,,,,,,,,,,
6.54495,-8.48E-08,-9.996991158,,,,,,,,,,,,,,
6.54505,-8.11E-06,-5.455571651,,,,,,,,,,,,,,
6.54515,-2.70E-06,-0.001959989,,,,,,,,,,,,,,
6.54525,9.95E-07,-0.001790897,,,,,,,,,,,,,,
6.54535,2.33E-06,-0.001282073,,,,,,,,,,,,,,
6.54545,2.92E-06,-0.001146335,,,,,,,,,,,,,,
6.54555,3.25E-06,-0.001214802,,,,,,,,,,,,,,
6.54565,3.44E-06,-0.001262933,,,,,,,,,,,,,,
6.54575,3.55E-06,-0.001256389,,,,,,,,,,,,,,
6.54585,3.60E-06,-0.001194466,,,,,,,,,,,,,,
6.54595,3.65E-06,-0.001104889,,,,,,,,,,,,,,
6.54605,1.07E-05,-4.532617569,,,,,,,,,,,,,,
6.54615,3.63E-06,-9.995695114,,,,,,,,,,,,,,
6.54625,1.03E-06,-9.995780945,,,,,,,,,,,,,,
6.54635,4.00E-07,-9.996582031,,,,,,,,,,,,,,
6.54645,1.42E-07,-9.996322632,,,,,,,,,,,,,,
6.54655,3.98E-08,-9.996471405,,,,,,,,,,,,,,
6.54665,-3.68E-08,-9.99664402,,,,,,,,,,,,,,
6.54675,-6.38E-08,-9.996764183,,,,,,,,,,,,,,
6.54685,-1.01E-07,-9.996883392,,,,,,,,,,,,,,
6.54695,-7.55E-08,-9.997246742,,,,,,,,,,,,,,
6.54705,-8.08E-06,-5.475683689,,,,,,,,,,,,,,
6.54715,-2.70E-06,-0.00218249,,,,,,,,,,,,,,
6.54725,9.71E-07,-0.002153147,,,,,,,,,,,,,,
6.54735,2.29E-06,-0.001702305,,,,,,,,,,,,,,
6.54745,2.96E-06,-0.001526247,,,,,,,,,,,,,,
6.54755,3.28E-06,-0.001549116,,,,,,,,,,,,,,
6.54765,3.49E-06,-0.001452924,,,,,,,,,,,,,,
6.54775,3.62E-06,-0.000824054,,,,,,,,,,,,,,
6.54785,3.67E-06,-0.001033255,,,,,,,,,,,,,,
6.54795,3.71E-06,-0.001158016,,,,,,,,,,,,,,
6.54805,1.07E-05,-4.512350082,,,,,,,,,,,,,,
6.54815,3.65E-06,-9.996139526,,,,,,,,,,,,,,
6.54825,1.03E-06,-9.996382713,,,,,,,,,,,,,,
6.54835,3.79E-07,-9.996632576,,,,,,,,,,,,,,
6.54845,1.67E-07,-9.9967556,,,,,,,,,,,,,,
6.54855,2.40E-08,-9.997028351,,,,,,,,,,,,,,
6.54865,-2.55E-08,-9.997084618,,,,,,,,,,,,,,
6.54875,-4.79E-08,-9.997031212,,,,,,,,,,,,,,
6.54885,-7.16E-08,-9.997207642,,,,,,,,,,,,,,
6.54895,-9.45E-08,-9.996983528,,,,,,,,,,,,,,
6.54905,-8.09E-06,-5.495810986,,,,,,,,,,,,,,
6.54915,-2.70E-06,-0.002626435,,,,,,,,,,,,,,
6.54925,9.67E-07,-0.002106423,,,,,,,,,,,,,,
6.54935,2.30E-06,-0.001642141,,,,,,,,,,,,,,
6.54945,2.94E-06,-0.00184895,,,,,,,,,,,,,,
6.54955,3.29E-06,-0.001856409,,,,,,,,,,,,,,
6.54965,3.45E-06,-0.001386216,,,,,,,,,,,,,,
6.54975,3.59E-06,-0.001595981,,,,,,,,,,,,,,
6.54985,3.65E-06,-0.001414504,,,,,,,,,,,,,,
6.54995,3.68E-06,-0.001504152,,,,,,,,,,,,,,
6.55005,1.07E-05,-4.49280405,,,,,,,,,,,,,,
6.55015,3.67E-06,-9.996109009,,,,,,,,,,,,,,
6.55025,1.03E-06,-9.996115685,,,,,,,,,,,,,,
6.55035,3.54E-07,-9.996541977,,,,,,,,,,,,,,
6.55045,1.25E-07,-9.996348381,,,,,,,,,,,,,,
6.55055,7.25E-09,-9.996602058,,,,,,,,,,,,,,
6.55065,-5.68E-08,-9.996598244,,,,,,,,,,,,,,
6.55075,-1.14E-07,-9.996470451,,,,,,,,,,,,,,
6.55085,-1.09E-07,-9.996558189,,,,,,,,,,,,,,
6.55095,-1.24E-07,-9.996884346,,,,,,,,,,,,,,
6.55105,-8.08E-06,-5.515539169,,,,,,,,,,,,,,
6.55115,-2.76E-06,-0.002150402,,,,,,,,,,,,,,
6.55125,9.47E-07,-0.001902429,,,,,,,,,,,,,,
6.55135,2.31E-06,-0.001649178,,,,,,,,,,,,,,
6.55145,2.96E-06,-0.001546513,,,,,,,,,,,,,,
6.55155,3.27E-06,-0.001386146,,,,,,,,,,,,,,
6.55165,3.43E-06,-0.001449899,,,,,,,,,,,,,,
6.55175,3.58E-06,-0.001394872,,,,,,,,,,,,,,
6.55185,3.66E-06,-0.00144244,,,,,,,,,,,,,,
6.55195,3.71E-06,-0.00104557,,,,,,,,,,,,,,
6.55205,1.07E-05,-4.47225523,,,,,,,,,,,,,,
6.55215,3.68E-06,-9.995921135,,,,,,,,,,,,,,
6.55225,1.05E-06,-9.995856285,,,,,,,,,,,,,,
6.55235,3.77E-07,-9.996506691,,,,,,,,,,,,,,
6.55245,1.21E-07,-9.996706963,,,,,,,,,,,,,,
6.55255,4.80E-09,-9.996757507,,,,,,,,,,,,,,
6.55265,-5.56E-08,-9.996966362,,,,,,,,,,,,,,
6.55275,-8.46E-08,-9.996592522,,,,,,,,,,,,,,
6.55285,-1.19E-07,-9.99651432,,,,,,,,,,,,,,
6.55295,-1.16E-07,-9.997143745,,,,,,,,,,,,,,
6.55305,-8.11E-06,-5.53563118,,,,,,,,,,,,,,
6.55315,-2.78E-06,-0.002351159,,,,,,,,,,,,,,
6.55325,9.01E-07,-0.002111278,,,,,,,,,,,,,,
6.55335,2.27E-06,-0.001726441,,,,,,,,,,,,,,
6.55345,2.93E-06,-0.00146362,,,,,,,,,,,,,,
6.55355,3.28E-06,-0.001557349,,,,,,,,,,,,,,
6.55365,3.46E-06,-0.001512947,,,,,,,,,,,,,,
6.55375,3.58E-06,-0.001287773,,,,,,,,,,,,,,
6.55385,3.63E-06,-0.001328515,,,,,,,,,,,,,,
6.55395,3.70E-06,-0.001499015,,,,,,,,,,,,,,
6.55405,1.07E-05,-4.45247221,,,,,,,,,,,,,,
6.55415,3.68E-06,-9.995425224,,,,,,,,,,,,,,
6.55425,1.04E-06,-9.995634079,,,,,,,,,,,,,,
6.55435,3.99E-07,-9.995913506,,,,,,,,,,,,,,
6.55445,1.47E-07,-9.995959282,,,,,,,,,,,,,,
6.55455,5.45E-09,-9.996479988,,,,,,,,,,,,,,
6.55465,-2.77E-08,-9.996348381,,,,,,,,,,,,,,
6.55475,-6.10E-08,-9.996658325,,,,,,,,,,,,,,
6.55485,-1.27E-07,-9.996339798,,,,,,,,,,,,,,
6.55495,-1.13E-07,-9.996437073,,,,,,,,,,,,,,
6.55505,-8.07E-06,-5.55546236,,,,,,,,,,,,,,
6.55515,-2.78E-06,-0.002312106,,,,,,,,,,,,,,
6.55525,9.33E-07,-0.002289588,,,,,,,,,,,,,,
6.55535,2.31E-06,-0.001834736,,,,,,,,,,,,,,
6.55545,2.95E-06,-0.001590422,,,,,,,,,,,,,,
6.55555,3.31E-06,-0.00154025,,,,,,,,,,,,,,
6.55565,3.50E-06,-0.001188415,,,,,,,,,,,,,,
6.55575,3.59E-06,-0.001315849,,,,,,,,,,,,,,
6.55585,3.65E-06,-0.001189681,,,,,,,,,,,,,,
6.55595,3.68E-06,-0.001071254,,,,,,,,,,,,,,
6.55605,1.07E-05,-4.432534695,,,,,,,,,,,,,,
6.55615,3.70E-06,-9.995853424,,,,,,,,,,,,,,
6.55625,1.04E-06,-9.995972633,,,,,,,,,,,,,,
6.55635,3.90E-07,-9.996415138,,,,,,,,,,,,,,
6.55645,1.47E-07,-9.996482849,,,,,,,,,,,,,,
6.55655,9.26E-09,-9.99647522,,,,,,,,,,,,,,
6.55665,-4.40E-08,-9.996563911,,,,,,,,,,,,,,
6.55675,-6.12E-08,-9.996634483,,,,,,,,,,,,,,
6.55685,-8.16E-08,-9.996572495,,,,,,,,,,,,,,
6.55695,-1.17E-07,-9.996518135,,,,,,,,,,,,,,
6.55705,-8.03E-06,-5.575455189,,,,,,,,,,,,,,
6.55715,-2.76E-06,-0.002237939,,,,,,,,,,,,,,
6.55725,9.71E-07,-0.001880897,,,,,,,,,,,,,,
6.55735,2.34E-06,-0.001509781,,,,,,,,,,,,,,
6.55745,2.97E-06,-0.001223598,,,,,,,,,,,,,,
6.55755,3.32E-06,-0.000974429,,,,,,,,,,,,,,
6.55765,3.50E-06,-0.000942693,,,,,,,,,,,,,,
6.55775,3.60E-06,-0.001106508,,,,,,,,,,,,,,
6.55785,3.65E-06,-0.001185108,,,,,,,,,,,,,,
6.55795,3.71E-06,-0.001178704,,,,,,,,,,,,,,
6.55805,1.07E-05,-4.412748814,,,,,,,,,,,,,,
6.55815,3.72E-06,-9.995851517,,,,,,,,,,,,,,
6.55825,1.05E-06,-9.996161461,,,,,,,,,,,,,,
6.55835,4.05E-07,-9.996541023,,,,,,,,,,,,,,
6.55845,1.29E-07,-9.996671677,,,,,,,,,,,,,,
6.55855,3.84E-08,-9.996562958,,,,,,,,,,,,,,
6.55865,-3.25E-08,-9.996758461,,,,,,,,,,,,,,
6.55875,-5.00E-08,-9.997073174,,,,,,,,,,,,,,
6.55885,-7.71E-08,-9.997044563,,,,,,,,,,,,,,
6.55895,-1.03E-07,-9.997004509,,,,,,,,,,,,,,
6.55905,-8.05E-06,-5.595478058,,,,,,,,,,,,,,
6.55915,-2.82E-06,-0.002410549,,,,,,,,,,,,,,
6.55925,9.26E-07,-0.002145266,,,,,,,,,,,,,,
6.55935,2.29E-06,-0.00188737,,,,,,,,,,,,,,
6.55945,2.96E-06,-0.00165523,,,,,,,,,,,,,,
6.55955,3.28E-06,-0.001452361,,,,,,,,,,,,,,
6.55965,3.47E-06,-0.001388609,,,,,,,,,,,,,,
6.55975,3.57E-06,-0.001555449,,,,,,,,,,,,,,
6.55985,3.65E-06,-0.001395012,,,,,,,,,,,,,,
6.55995,3.73E-06,-0.00120291,,,,,,,,,,,,,,
6.56005,1.07E-05,-4.392623425,,,,,,,,,,,,,,
6.56015,3.74E-06,-9.995743752,,,,,,,,,,,,,,
6.56025,1.06E-06,-9.996346474,,,,,,,,,,,,,,
6.56035,3.85E-07,-9.996689796,,,,,,,,,,,,,,
6.56045,1.52E-07,-9.99689579,,,,,,,,,,,,,,
6.56055,3.96E-08,-9.996925354,,,,,,,,,,,,,,
6.56065,-4.95E-08,-9.997376442,,,,,,,,,,,,,,
6.56075,-8.54E-08,-9.997193336,,,,,,,,,,,,,,
6.56085,-8.43E-08,-9.996894836,,,,,,,,,,,,,,
6.56095,-1.06E-07,-9.997138023,,,,,,,,,,,,,,
6.56105,-8.01E-06,-5.615560055,,,,,,,,,,,,,,
6.56115,-2.81E-06,-0.00249309,,,,,,,,,,,,,,
6.56125,9.42E-07,-0.002282622,,,,,,,,,,,,,,
6.56135,2.30E-06,-0.001938387,,,,,,,,,,,,,,
6.56145,2.96E-06,-0.001866894,,,,,,,,,,,,,,
6.56155,3.31E-06,-0.001691961,,,,,,,,,,,,,,
6.56165,3.47E-06,-0.001689709,,,,,,,,,,,,,,
6.56175,3.60E-06,-0.001679295,,,,,,,,,,,,,,
6.56185,3.64E-06,-0.001548272,,,,,,,,,,,,,,
6.56195,3.65E-06,-0.001349837,,,,,,,,,,,,,,
6.56205,1.06E-05,-4.372811317,,,,,,,,,,,,,,
6.56215,3.73E-06,-9.996013641,,,,,,,,,,,,,,
6.56225,1.02E-06,-9.996242523,,,,,,,,,,,,,,
6.56235,3.47E-07,-9.996440887,,,,,,,,,,,,,,
6.56245,1.06E-07,-9.996492386,,,,,,,,,,,,,,
6.56255,1.27E-08,-9.996742249,,,,,,,,,,,,,,
6.56265,-6.25E-08,-9.99693203,,,,,,,,,,,,,,
6.56275,-9.80E-08,-9.996923447,,,,,,,,,,,,,,
6.56285,-8.82E-08,-9.997029305,,,,,,,,,,,,,,
6.56295,-1.03E-07,-9.996953011,,,,,,,,,,,,,,
6.56305,-8.00E-06,-5.635556221,,,,,,,,,,,,,,
6.56315,-2.82E-06,-0.002227173,,,,,,,,,,,,,,
6.56325,9.69E-07,-0.00184712,,,,,,,,,,,,,,
6.56335,2.34E-06,-0.001181519,,,,,,,,,,,,,,
6.56345,2.98E-06,-0.001173004,,,,,,,,,,,,,,
6.56355,3.31E-06,-0.001241894,,,,,,,,,,,,,,
6.56365,3.51E-06,-0.001120862,,,,,,,,,,,,,,
6.56375,3.64E-06,-0.000963522,,,,,,,,,,,,,,
6.56385,3.66E-06,-0.000877041,,,,,,,,,,,,,,
6.56395,3.73E-06,-0.000795978,,,,,,,,,,,,,,
6.56405,1.07E-05,-4.352379322,,,,,,,,,,,,,,
6.56415,3.75E-06,-9.995826721,,,,,,,,,,,,,,
6.56425,1.03E-06,-9.99605751,,,,,,,,,,,,,,
6.56435,3.64E-07,-9.996606827,,,,,,,,,,,,,,
6.56445,1.23E-07,-9.996807098,,,,,,,,,,,,,,
6.56455,-8.22E-09,-9.996756554,,,,,,,,,,,,,,
6.56465,-8.02E-08,-9.997008324,,,,,,,,,,,,,,
6.56475,-1.18E-07,-9.997133255,,,,,,,,,,,,,,
6.56485,-1.59E-07,-9.99717617,,,,,,,,,,,,,,
6.56495,-1.23E-07,-9.997094154,,,,,,,,,,,,,,
6.56505,-8.00E-06,-5.655606747,,,,,,,,,,,,,,
6.56515,-2.86E-06,-0.002008542,,,,,,,,,,,,,,
6.56525,9.16E-07,-0.001735237,,,,,,,,,,,,,,
6.56535,2.32E-06,-0.001226061,,,,,,,,,,,,,,
6.56545,2.95E-06,-0.00093636,,,,,,,,,,,,,,
6.56555,3.28E-06,-0.000883585,,,,,,,,,,,,,,
6.56565,3.47E-06,-0.000634345,,,,,,,,,,,,,,
6.56575,3.60E-06,-0.000751576,,,,,,,,,,,,,,
6.56585,3.64E-06,-0.000822014,,,,,,,,,,,,,,
6.56595,3.70E-06,-0.000837072,,,,,,,,,,,,,,
6.56605,1.06E-05,-4.332437992,,,,,,,,,,,,,,
6.56615,3.76E-06,-9.995630264,,,,,,,,,,,,,,
6.56625,1.05E-06,-9.996245384,,,,,,,,,,,,,,
6.56635,3.59E-07,-9.996870041,,,,,,,,,,,,,,
6.56645,1.12E-07,-9.996667862,,,,,,,,,,,,,,
6.56655,1.36E-08,-9.996809006,,,,,,,,,,,,,,
6.56665,-3.18E-08,-9.996831894,,,,,,,,,,,,,,
6.56675,-6.02E-08,-9.996948242,,,,,,,,,,,,,,
6.56685,-7.09E-08,-9.996993065,,,,,,,,,,,,,,
6.56695,-1.05E-07,-9.996847153,,,,,,,,,,,,,,
6.56705,-7.93E-06,-5.675671101,,,,,,,,,,,,,,
6.56715,-2.82E-06,-0.001995806,,,,,,,,,,,,,,
6.56725,9.76E-07,-0.00169745,,,,,,,,,,,,,,
6.56735,2.34E-06,-0.001349063,,,,,,,,,,,,,,
6.56745,2.99E-06,-0.001237812,,,,,,,,,,,,,,
6.56755,3.33E-06,-0.001355396,,,,,,,,,,,,,,
6.56765,3.53E-06,-0.001020378,,,,,,,,,,,,,,
6.56775,3.63E-06,-0.001255897,,,,,,,,,,,,,,
6.56785,3.68E-06,-0.001207906,,,,,,,,,,,,,,
6.56795,3.74E-06,-0.001018689,,,,,,,,,,,,,,
6.56805,1.06E-05,-4.312514782,,,,,,,,,,,,,,
6.56815,3.81E-06,-9.996170998,,,,,,,,,,,,,,
6.56825,1.05E-06,-9.996156693,,,,,,,,,,,,,,
6.56835,4.00E-07,-9.996456146,,,,,,,,,,,,,,
6.56845,1.41E-07,-9.996665955,,,,,,,,,,,,,,
6.56855,3.54E-08,-9.996731758,,,,,,,,,,,,,,
6.56865,-3.05E-08,-9.99656105,,,,,,,,,,,,,,
6.56875,-6.14E-08,-9.996361732,,,,,,,,,,,,,,
6.56885,-8.15E-08,-9.996571541,,,,,,,,,,,,,,
6.56895,-1.17E-07,-9.996764183,,,,,,,,,,,,,,
6.56905,-7.97E-06,-5.695338249,,,,,,,,,,,,,,
6.56915,-2.87E-06,-0.002343278,,,,,,,,,,,,,,
6.56925,9.41E-07,-0.002112686,,,,,,,,,,,,,,
6.56935,2.33E-06,-0.001435192,,,,,,,,,,,,,,
6.56945,2.96E-06,-0.001503307,,,,,,,,,,,,,,
6.56955,3.29E-06,-0.00100919,,,,,,,,,,,,,,
6.56965,3.50E-06,-0.001126844,,,,,,,,,,,,,,
6.56975,3.64E-06,-0.001019815,,,,,,,,,,,,,,
6.56985,3.70E-06,-0.001144646,,,,,,,,,,,,,,
6.56995,3.74E-06,-0.000950011,,,,,,,,,,,,,,
6.57005,1.06E-05,-4.292103767,,,,,,,,,,,,,,
6.57015,3.81E-06,-9.995336533,,,,,,,,,,,,,,
6.57025,1.03E-06,-9.995830536,,,,,,,,,,,,,,
6.57035,3.93E-07,-9.996095657,,,,,,,,,,,,,,
6.57045,1.44E-07,-9.996218681,,,,,,,,,,,,,,
6.57055,4.67E-08,-9.996479988,,,,,,,,,,,,,,
6.57065,-2.99E-08,-9.996716499,,,,,,,,,,,,,,
6.57075,-8.00E-08,-9.996897697,,,,,,,,,,,,,,
6.57085,-9.93E-08,-9.99684906,,,,,,,,,,,,,,
6.57095,-1.18E-07,-9.997050285,,,,,,,,,,,,,,
6.57105,-7.95E-06,-5.715329647,,,,,,,,,,,,,,
6.57115,-2.88E-06,-0.002064203,,,,,,,,,,,,,,
6.57125,9.16E-07,-0.001769013,,,,,,,,,,,,,,
6.57135,2.30E-06,-0.00148466,,,,,,,,,,,,,,
6.57145,3.00E-06,-0.001396983,,,,,,,,,,,,,,
6.57155,3.31E-06,-0.00136581,,,,,,,,,,,,,,
6.57165,3.48E-06,-0.001478327,,,,,,,,,,,,,,
6.57175,3.61E-06,-0.00125836,,,,,,,,,,,,,,
6.57185,3.70E-06,-0.001519069,,,,,,,,,,,,,,
6.57195,3.75E-06,-0.001284114,,,,,,,,,,,,,,
6.57205,1.06E-05,-4.272985458,,,,,,,,,,,,,,
6.57215,3.84E-06,-9.996351242,,,,,,,,,,,,,,
6.57225,1.08E-06,-9.9964571,,,,,,,,,,,,,,
6.57235,3.98E-07,-9.996728897,,,,,,,,,,,,,,
6.57245,1.57E-07,-9.99681282,,,,,,,,,,,,,,
6.57255,5.19E-08,-9.996728897,,,,,,,,,,,,,,
6.57265,-2.08E-08,-9.997069359,,,,,,,,,,,,,,
6.57275,-6.39E-08,-9.997027397,,,,,,,,,,,,,,
6.57285,-7.73E-08,-9.996899605,,,,,,,,,,,,,,
6.57295,-8.68E-08,-9.996535301,,,,,,,,,,,,,,
6.57305,-7.93E-06,-5.735253811,,,,,,,,,,,,,,
6.57315,-2.91E-06,-0.00216532,,,,,,,,,,,,,,
6.57325,9.55E-07,-0.001817989,,,,,,,,,,,,,,
6.57335,2.31E-06,-0.0016648,,,,,,,,,,,,,,
6.57345,2.95E-06,-0.001567975,,,,,,,,,,,,,,
6.57355,3.31E-06,-0.001714338,,,,,,,,,,,,,,
6.57365,3.49E-06,-0.001487052,,,,,,,,,,,,,,
6.57375,3.62E-06,-0.001276936,,,,,,,,,,,,,,
6.57385,3.68E-06,-0.001109744,,,,,,,,,,,,,,
6.57395,3.75E-06,-0.001005601,,,,,,,,,,,,,,
6.57405,1.06E-05,-4.252294064,,,,,,,,,,,,,,
6.57415,3.80E-06,-9.995791435,,,,,,,,,,,,,,
6.57425,1.05E-06,-9.995881081,,,,,,,,,,,,,,
6.57435,3.58E-07,-9.996216774,,,,,,,,,,,,,,
6.57445,1.25E-07,-9.996827126,,,,,,,,,,,,,,
6.57455,1.63E-08,-9.997004509,,,,,,,,,,,,,,
6.57465,-5.04E-08,-9.996981621,,,,,,,,,,,,,,
6.57475,-5.54E-08,-9.996840477,,,,,,,,,,,,,,
6.57485,-1.10E-07,-9.99670887,,,,,,,,,,,,,,
6.57495,-1.07E-07,-9.99674511,,,,,,,,,,,,,,
6.57505,-7.89E-06,-5.755245209,,,,,,,,,,,,,,
6.57515,-2.90E-06,-0.001960693,,,,,,,,,,,,,,
6.57525,9.23E-07,-0.001491204,,,,,,,,,,,,,,
6.57535,2.36E-06,-0.001413167,,,,,,,,,,,,,,
6.57545,2.99E-06,-0.001254771,,,,,,,,,,,,,,
6.57555,3.32E-06,-0.001144928,,,,,,,,,,,,,,
6.57565,3.50E-06,-0.00088654,,,,,,,,,,,,,,
6.57575,3.65E-06,-0.001013553,,,,,,,,,,,,,,
6.57585,3.69E-06,-0.001187078,,,,,,,,,,,,,,
6.57595,3.72E-06,-0.001374887,,,,,,,,,,,,,,
6.57605,1.06E-05,-4.23286438,,,,,,,,,,,,,,
6.57615,3.86E-06,-9.996116638,,,,,,,,,,,,,,
6.57625,1.10E-06,-9.996165276,,,,,,,,,,,,,,
6.57635,4.00E-07,-9.99670887,,,,,,,,,,,,,,
6.57645,1.81E-07,-9.996813774,,,,,,,,,,,,,,
6.57655,3.63E-08,-9.997037888,,,,,,,,,,,,,,
6.57665,-7.96E-09,-9.997140884,,,,,,,,,,,,,,
6.57675,-4.95E-08,-9.997203827,,,,,,,,,,,,,,
6.57685,-9.54E-08,-9.997053146,,,,,,,,,,,,,,
6.57695,-6.95E-08,-9.997086525,,,,,,,,,,,,,,
6.57705,-7.85E-06,-5.775550842,,,,,,,,,,,,,,
6.57715,-2.88E-06,-0.002460017,,,,,,,,,,,,,,
6.57725,9.69E-07,-0.002093757,,,,,,,,,,,,,,
6.57735,2.35E-06,-0.001537083,,,,,,,,,,,,,,
6.57745,3.01E-06,-0.001625394,,,,,,,,,,,,,,
6.57755,3.33E-06,-0.001306983,,,,,,,,,,,,,,
6.57765,3.54E-06,-0.001270041,,,,,,,,,,,,,,
6.57775,3.67E-06,-0.001278133,,,,,,,,,,,,,,
6.57785,3.72E-06,-0.001107352,,,,,,,,,,,,,,
6.57795,3.75E-06,-0.001116711,,,,,,,,,,,,,,
6.57805,1.07E-05,-4.212648392,,,,,,,,,,,,,,
6.57815,3.88E-06,-9.99608326,,,,,,,,,,,,,,
6.57825,1.09E-06,-9.996225357,,,,,,,,,,,,,,
6.57835,4.24E-07,-9.996510506,,,,,,,,,,,,,,
6.57845,1.86E-07,-9.996617317,,,,,,,,,,,,,,
6.57855,6.04E-08,-9.996726036,,,,,,,,,,,,,,
6.57865,-7.66E-09,-9.996786118,,,,,,,,,,,,,,
6.57875,-4.11E-08,-9.996808052,,,,,,,,,,,,,,
6.57885,-5.42E-08,-9.996999741,,,,,,,,,,,,,,
6.57895,-6.21E-08,-9.996783257,,,,,,,,,,,,,,
6.57905,-7.88E-06,-5.795094013,,,,,,,,,,,,,,
6.57915,-2.91E-06,-0.001966604,,,,,,,,,,,,,,
6.57925,9.45E-07,-0.001677888,,,,,,,,,,,,,,
6.57935,2.33E-06,-0.001266381,,,,,,,,,,,,,,
6.57945,2.98E-06,-0.001165757,,,,,,,,,,,,,,
6.57955,3.33E-06,-0.001138525,,,,,,,,,,,,,,
6.57965,3.52E-06,-0.000905188,,,,,,,,,,,,,,
6.57975,3.64E-06,-0.001034733,,,,,,,,,,,,,,
6.57985,3.70E-06,-0.000933264,,,,,,,,,,,,,,
6.57995,3.71E-06,-0.000986884,,,,,,,,,,,,,,
6.58005,1.06E-05,-4.192265987,,,,,,,,,,,,,,
6.58015,3.88E-06,-9.995765686,,,,,,,,,,,,,,
6.58025,1.09E-06,-9.995802879,,,,,,,,,,,,,,
6.58035,3.97E-07,-9.996383667,,,,,,,,,,,,,,
6.58045,1.37E-07,-9.99648571,,,,,,,,,,,,,,
6.58055,4.16E-08,-9.996294022,,,,,,,,,,,,,,
6.58065,-3.23E-08,-9.996346474,,,,,,,,,,,,,,
6.58075,-8.92E-08,-9.996865273,,,,,,,,,,,,,,
6.58085,-8.78E-08,-9.996827126,,,,,,,,,,,,,,
6.58095,-9.55E-08,-9.996738434,,,,,,,,,,,,,,
6.58105,-7.87E-06,-5.815169811,,,,,,,,,,,,,,
6.58115,-2.94E-06,-0.002167642,,,,,,,,,,,,,,
6.58125,9.19E-07,-0.001985321,,,,,,,,,,,,,,
6.58135,2.30E-06,-0.001698716,,,,,,,,,,,,,,
6.58145,2.95E-06,-0.001037689,,,,,,,,,,,,,,
6.58155,3.29E-06,-0.001084483,,,,,,,,,,,,,,
6.58165,3.48E-06,-0.001336819,,,,,,,,,,,,,,
6.58175,3.60E-06,-0.001181167,,,,,,,,,,,,,,
6.58185,3.67E-06,-0.001322323,,,,,,,,,,,,,,
6.58195,3.71E-06,-0.001392901,,,,,,,,,,,,,,
6.58205,1.06E-05,-4.172534466,,,,,,,,,,,,,,
6.58215,3.87E-06,-9.99559021,,,,,,,,,,,,,,
6.58225,1.11E-06,-9.995836258,,,,,,,,,,,,,,
6.58235,4.14E-07,-9.9961586,,,,,,,,,,,,,,
6.58245,1.59E-07,-9.996247292,,,,,,,,,,,,,,
6.58255,6.39E-08,-9.996759415,,,,,,,,,,,,,,
6.58265,1.33E-08,-9.996764183,,,,,,,,,,,,,,
6.58275,-4.66E-08,-9.996858597,,,,,,,,,,,,,,
6.58285,-7.12E-08,-9.996747971,,,,,,,,,,,,,,
6.58295,-7.68E-08,-9.996981621,,,,,,,,,,,,,,
6.58305,-7.81E-06,-5.835264683,,,,,,,,,,,,,,
6.58315,-2.93E-06,-0.002160324,,,,,,,,,,,,,,
6.58325,9.58E-07,-0.002025782,,,,,,,,,,,,,,
6.58335,2.34E-06,-0.001774643,,,,,,,,,,,,,,
6.58345,3.00E-06,-0.001689639,,,,,,,,,,,,,,
6.58355,3.31E-06,-0.001463409,,,,,,,,,,,,,,
6.58365,3.50E-06,-0.001405075,,,,,,,,,,,,,,
6.58375,3.63E-06,-0.001145491,,,,,,,,,,,,,,
6.58385,3.68E-06,-0.001037126,,,,,,,,,,,,,,
6.58395,3.76E-06,-0.001015593,,,,,,,,,,,,,,
6.58405,1.06E-05,-4.152530193,,,,,,,,,,,,,,
6.58415,3.89E-06,-9.995877266,,,,,,,,,,,,,,
6.58425,1.08E-06,-9.995741844,,,,,,,,,,,,,,
6.58435,4.23E-07,-9.996305466,,,,,,,,,,,,,,
6.58445,1.56E-07,-9.996582985,,,,,,,,,,,,,,
6.58455,3.99E-08,-9.996558189,,,,,,,,,,,,,,
6.58465,-2.82E-08,-9.996666908,,,,,,,,,,,,,,
6.58475,-6.92E-08,-9.996564865,,,,,,,,,,,,,,
6.58485,-6.65E-08,-9.996545792,,,,,,,,,,,,,,
6.58495,-7.36E-08,-9.996594429,,,,,,,,,,,,,,
6.58505,-7.81E-06,-5.854876041,,,,,,,,,,,,,,
6.58515,-2.94E-06,-0.001925298,,,,,,,,,,,,,,
6.58525,9.61E-07,-0.001777668,,,,,,,,,,,,,,
6.58535,2.36E-06,-0.001475583,,,,,,,,,,,,,,
6.58545,3.01E-06,-0.001128251,,,,,,,,,,,,,,
6.58555,3.31E-06,-0.000853608,,,,,,,,,,,,,,
6.58565,3.54E-06,-0.000781271,,,,,,,,,,,,,,
6.58575,3.65E-06,-0.000854945,,,,,,,,,,,,,,
6.58585,3.70E-06,-0.000753758,,,,,,,,,,,,,,
6.58595,3.77E-06,-0.00052035,,,,,,,,,,,,,,
6.58605,1.06E-05,-4.13256979,,,,,,,,,,,,,,
6.58615,3.90E-06,-9.995475769,,,,,,,,,,,,,,
6.58625,1.09E-06,-9.996088982,,,,,,,,,,,,,,
6.58635,4.23E-07,-9.996620178,,,,,,,,,,,,,,
6.58645,1.57E-07,-9.996454239,,,,,,,,,,,,,,
6.58655,4.56E-08,-9.996580124,,,,,,,,,,,,,,
6.58665,-1.59E-08,-9.997031212,,,,,,,,,,,,,,
6.58675,-5.88E-08,-9.997098923,,,,,,,,,,,,,,
6.58685,-8.62E-08,-9.997060776,,,,,,,,,,,,,,
6.58695,-1.45E-07,-9.996871948,,,,,,,,,,,,,,
6.58705,-7.85E-06,-5.875911713,,,,,,,,,,,,,,
6.58715,-2.99E-06,-0.002242724,,,,,,,,,,,,,,
6.58725,8.97E-07,-0.002025923,,,,,,,,,,,,,,
6.58735,2.31E-06,-0.001478045,,,,,,,,,,,,,,
6.58745,2.97E-06,-0.001162942,,,,,,,,,,,,,,
6.58755,3.31E-06,-0.001008134,,,,,,,,,,,,,,
6.58765,3.50E-06,-0.001109111,,,,,,,,,,,,,,
6.58775,3.64E-06,-0.001122129,,,,,,,,,,,,,,
6.58785,3.72E-06,-0.000934601,,,,,,,,,,,,,,
6.58795,3.75E-06,-0.000802803,,,,,,,,,,,,,,
6.58805,1.06E-05,-4.112314701,,,,,,,,,,,,,,
6.58815,3.89E-06,-9.995820045,,,,,,,,,,,,,,
6.58825,1.05E-06,-9.995872498,,,,,,,,,,,,,,
6.58835,3.75E-07,-9.996552467,,,,,,,,,,,,,,
6.58845,1.30E-07,-9.996442795,,,,,,,,,,,,,,
6.58855,1.41E-08,-9.996553421,,,,,,,,,,,,,,
6.58865,-4.99E-08,-9.996559143,,,,,,,,,,,,,,
6.58875,-5.91E-08,-9.996876717,,,,,,,,,,,,,,
6.58885,-9.86E-08,-9.996722221,,,,,,,,,,,,,,
6.58895,-1.36E-07,-9.996850014,,,,,,,,,,,,,,
6.58905,-7.83E-06,-5.895092487,,,,,,,,,,,,,,
6.58915,-3.02E-06,-0.001854509,,,,,,,,,,,,,,
6.58925,9.53E-07,-0.002190723,,,,,,,,,,,,,,
6.58935,2.35E-06,-0.001554183,,,,,,,,,,,,,,
6.58945,2.98E-06,-0.001645378,,,,,,,,,,,,,,
6.58955,3.33E-06,-0.001169275,,,,,,,,,,,,,,
6.58965,3.51E-06,-0.001387272,,,,,,,,,,,,,,
6.58975,3.65E-06,-0.001212832,,,,,,,,,,,,,,
6.58985,3.73E-06,-0.001171456,,,,,,,,,,,,,,
6.58995,3.76E-06,-0.001043599,,,,,,,,,,,,,,
6.59005,1.05E-05,-4.092531204,,,,,,,,,,,,,,
6.59015,3.91E-06,-9.995564461,,,,,,,,,,,,,,
6.59025,1.06E-06,-9.995792389,,,,,,,,,,,,,,
6.59035,4.19E-07,-9.996192932,,,,,,,,,,,,,,
6.59045,1.31E-07,-9.996342659,,,,,,,,,,,,,,
6.59055,4.82E-08,-9.996539116,,,,,,,,,,,,,,
6.59065,-4.41E-08,-9.996308327,,,,,,,,,,,,,,
6.59075,-8.82E-08,-9.996728897,,,,,,,,,,,,,,
6.59085,-6.63E-08,-9.996836662,,,,,,,,,,,,,,
6.59095,-1.17E-07,-9.997095108,,,,,,,,,,,,,,
6.59105,-7.79E-06,-5.915426254,,,,,,,,,,,,,,
6.59115,-3.00E-06,-0.002253631,,,,,,,,,,,,,,
6.59125,9.53E-07,-0.002158846,,,,,,,,,,,,,,
6.59135,2.35E-06,-0.001257234,,,,,,,,,,,,,,
6.59145,2.99E-06,-0.001098345,,,,,,,,,,,,,,
6.59155,3.36E-06,-0.001009331,,,,,,,,,,,,,,
6.59165,3.55E-06,-0.001031285,,,,,,,,,,,,,,
6.59175,3.66E-06,-0.001182715,,,,,,,,,,,,,,
6.59185,3.71E-06,-0.001090886,,,,,,,,,,,,,,
6.59195,3.77E-06,-0.001011442,,,,,,,,,,,,,,
6.59205,1.05E-05,-4.07252121,,,,,,,,,,,,,,
6.59215,3.93E-06,-9.995802879,,,,,,,,,,,,,,
6.59225,1.10E-06,-9.995764732,,,,,,,,,,,,,,
6.59235,3.94E-07,-9.995900154,,,,,,,,,,,,,,
6.59245,1.53E-07,-9.996407509,,,,,,,,,,,,,,
6.59255,1.19E-08,-9.996501923,,,,,,,,,,,,,,
6.59265,-1.12E-08,-9.996759415,,,,,,,,,,,,,,
6.59275,-9.65E-08,-9.996890068,,,,,,,,,,,,,,
6.59285,-1.05E-07,-9.996644974,,,,,,,,,,,,,,
6.59295,-9.70E-08,-9.996630669,,,,,,,,,,,,,,
6.59305,-7.77E-06,-5.935272694,,,,,,,,,,,,,,
6.59315,-3.03E-06,-0.002108956,,,,,,,,,,,,,,
6.59325,8.91E-07,-0.001742414,,,,,,,,,,,,,,
6.59335,2.32E-06,-0.001492189,,,,,,,,,,,,,,
6.59345,2.99E-06,-0.000956696,,,,,,,,,,,,,,
6.59355,3.31E-06,-0.001096586,,,,,,,,,,,,,,
6.59365,3.53E-06,-0.000858745,,,,,,,,,,,,,,
6.59375,3.65E-06,-0.000796119,,,,,,,,,,,,,,
6.59385,3.71E-06,-0.000630052,,,,,,,,,,,,,,
6.59395,3.76E-06,-0.000633712,,,,,,,,,,,,,,
6.59405,1.06E-05,-4.052296162,,,,,,,,,,,,,,
6.59415,3.96E-06,-9.995328903,,,,,,,,,,,,,,
6.59425,1.08E-06,-9.995727539,,,,,,,,,,,,,,
6.59435,4.23E-07,-9.996266365,,,,,,,,,,,,,,
6.59445,1.64E-07,-9.996435165,,,,,,,,,,,,,,
6.59455,2.83E-08,-9.996250153,,,,,,,,,,,,,,
6.59465,-2.64E-08,-9.996265411,,,,,,,,,,,,,,
6.59475,-6.12E-08,-9.996581078,,,,,,,,,,,,,,
6.59485,-1.09E-07,-9.996501923,,,,,,,,,,,,,,
6.59495,-1.16E-07,-9.996692657,,,,,,,,,,,,,,
6.59505,-7.77E-06,-5.954896927,,,,,,,,,,,,,,
6.59515,-3.07E-06,-0.001997988,,,,,,,,,,,,,,
6.59525,8.86E-07,-0.001691539,,,,,,,,,,,,,,
6.59535,2.32E-06,-0.00109926,,,,,,,,,,,,,,
6.59545,2.97E-06,-0.001131488,,,,,,,,,,,,,,
6.59555,3.29E-06,-0.000741866,,,,,,,,,,,,,,
6.59565,3.47E-06,-0.000809559,,,,,,,,,,,,,,
6.59575,3.61E-06,-0.000993217,,,,,,,,,,,,,,
6.59585,3.66E-06,-0.0006468,,,,,,,,,,,,,,
6.59595,3.73E-06,-0.000849527,,,,,,,,,,,,,,
6.59605,1.05E-05,-4.032187939,,,,,,,,,,,,,,
6.59615,3.97E-06,-9.995494843,,,,,,,,,,,,,,
6.59625,1.07E-06,-9.995518684,,,,,,,,,,,,,,
6.59635,4.19E-07,-9.996006966,,,,,,,,,,,,,,
6.59645,1.67E-07,-9.996045113,,,,,,,,,,,,,,
6.59655,3.71E-08,-9.996235847,,,,,,,,,,,,,,
6.59665,-4.08E-08,-9.996395111,,,,,,,,,,,,,,
6.59675,-4.76E-08,-9.996555328,,,,,,,,,,,,,,
6.59685,-6.01E-08,-9.99631691,,,,,,,,,,,,,,
6.59695,-1.13E-07,-9.996616364,,,,,,,,,,,,,,
6.59705,-7.75E-06,-5.97503376,,,,,,,,,,,,,,
6.59715,-3.02E-06,-0.002097838,,,,,,,,,,,,,,
6.59725,9.04E-07,-0.001800749,,,,,,,,,,,,,,
6.59735,2.31E-06,-0.001598866,,,,,,,,,,,,,,
6.59745,3.00E-06,-0.001538702,,,,,,,,,,,,,,
6.59755,3.36E-06,-0.001320775,,,,,,,,,,,,,,
6.59765,3.54E-06,-0.001047751,,,,,,,,,,,,,,
6.59775,3.66E-06,-0.00110313,,,,,,,,,,,,,,
6.59785,3.73E-06,-0.000951137,,,,,,,,,,,,,,
6.59795,3.75E-06,-0.001042966,,,,,,,,,,,,,,
6.59805,1.06E-05,-4.012537956,,,,,,,,,,,,,,
6.59815,3.96E-06,-9.99571228,,,,,,,,,,,,,,
6.59825,1.06E-06,-9.996296883,,,,,,,,,,,,,,
6.59835,3.83E-07,-9.996419907,,,,,,,,,,,,,,
6.59845,1.63E-07,-9.996869087,,,,,,,,,,,,,,
6.59855,4.38E-08,-9.997062683,,,,,,,,,,,,,,
6.59865,-4.44E-08,-9.996892929,,,,,,,,,,,,,,
6.59875,-9.87E-08,-9.996576309,,,,,,,,,,,,,,
6.59885,-8.24E-08,-9.996423721,,,,,,,,,,,,,,
6.59895,-9.59E-08,-9.996319771,,,,,,,,,,,,,,
6.59905,-7.74E-06,-5.99529171,,,,,,,,,,,,,,
6.59915,-3.09E-06,-0.00214421,,,,,,,,,,,,,,
6.59925,9.09E-07,-0.002099105,,,,,,,,,,,,,,
6.59935,2.36E-06,-0.001485434,,,,,,,,,,,,,,
6.59945,2.99E-06,-0.001401627,,,,,,,,,,,,,,
6.59955,3.37E-06,-0.00145018,,,,,,,,,,,,,,
6.59965,3.55E-06,-0.0011165,,,,,,,,,,,,,,
6.59975,3.64E-06,-0.001198196,,,,,,,,,,,,,,
6.59985,3.70E-06,-0.00137735,,,,,,,,,,,,,,
6.59995,3.78E-06,-0.001113474,,,,,,,,,,,,,,
6.60005,1.05E-05,-3.992604256,,,,,,,,,,,,,,
6.60015,4.00E-06,-9.995486259,,,,,,,,,,,,,,
6.60025,1.15E-06,-9.995895386,,,,,,,,,,,,,,
6.60035,4.21E-07,-9.996133804,,,,,,,,,,,,,,
6.60045,1.34E-07,-9.996384621,,,,,,,,,,,,,,
6.60055,1.11E-09,-9.996515274,,,,,,,,,,,,,,
6.60065,-1.37E-08,-9.996587753,,,,,,,,,,,,,,
6.60075,-3.58E-08,-9.996473312,,,,,,,,,,,,,,
6.60085,-1.02E-07,-9.996560097,,,,,,,,,,,,,,
6.60095,-9.86E-08,-9.9966259,,,,,,,,,,,,,,
6.60105,-7.73E-06,-6.015302181,,,,,,,,,,,,,,
6.60115,-3.12E-06,-0.002178831,,,,,,,,,,,,,,
6.60125,9.06E-07,-0.001957456,,,,,,,,,,,,,,
6.60135,2.35E-06,-0.001606465,,,,,,,,,,,,,,
6.60145,3.01E-06,-0.001331049,,,,,,,,,,,,,,
6.60155,3.34E-06,-0.001092927,,,,,,,,,,,,,,
6.60165,3.55E-06,-0.001319579,,,,,,,,,,,,,,
6.60175,3.68E-06,-0.001238938,,,,,,,,,,,,,,
6.60185,3.72E-06,-0.000979495,,,,,,,,,,,,,,
6.60195,3.80E-06,-0.000977454,,,,,,,,,,,,,,
6.60205,1.06E-05,-3.972697496,,,,,,,,,,,,,,
6.60215,4.02E-06,-9.995529175,,,,,,,,,,,,,,
6.60225,1.11E-06,-9.995595932,,,,,,,,,,,,,,
6.60235,4.15E-07,-9.996115685,,,,,,,,,,,,,,
6.60245,1.58E-07,-9.996404648,,,,,,,,,,,,,,
6.60255,5.81E-08,-9.996462822,,,,,,,,,,,,,,
6.60265,-6.44E-09,-9.996634483,,,,,,,,,,,,,,
6.60275,-6.05E-09,-9.99669075,,,,,,,,,,,,,,
6.60285,-7.78E-08,-9.996663094,,,,,,,,,,,,,,
6.60295,-9.59E-08,-9.996706963,,,,,,,,,,,,,,
6.60305,-7.69E-06,-6.035263062,,,,,,,,,,,,,,
6.60315,-3.11E-06,-0.002510963,,,,,,,,,,,,,,
6.60325,9.15E-07,-0.00183741,,,,,,,,,,,,,,
6.60335,2.34E-06,-0.001378406,,,,,,,,,,,,,,
6.60345,2.99E-06,-0.001661352,,,,,,,,,,,,,,
6.60355,3.35E-06,-0.001391353,,,,,,,,,,,,,,
6.60365,3.57E-06,-0.001518084,,,,,,,,,,,,,,
6.60375,3.68E-06,-0.001419922,,,,,,,,,,,,,,
6.60385,3.76E-06,-0.001317468,,,,,,,,,,,,,,
6.60395,3.79E-06,-0.001027274,,,,,,,,,,,,,,
6.60405,1.05E-05,-3.952423096,,,,,,,,,,,,,,
6.60415,4.04E-06,-9.995676994,,,,,,,,,,,,,,
6.60425,1.11E-06,-9.995907784,,,,,,,,,,,,,,
6.60435,4.36E-07,-9.996696472,,,,,,,,,,,,,,
6.60445,1.71E-07,-9.996539116,,,,,,,,,,,,,,
6.60455,5.59E-08,-9.996934891,,,,,,,,,,,,,,
6.60465,1.58E-08,-9.996920586,,,,,,,,,,,,,,
6.60475,-3.66E-08,-9.996854782,,,,,,,,,,,,,,
6.60485,-7.21E-08,-9.997081757,,,,,,,,,,,,,,
6.60495,-7.08E-08,-9.997228622,,,,,,,,,,,,,,
6.60505,-7.66E-06,-6.055182457,,,,,,,,,,,,,,
6.60515,-3.07E-06,-0.002225062,,,,,,,,,,,,,,
6.60525,9.08E-07,-0.001898911,,,,,,,,,,,,,,
6.60535,2.33E-06,-0.001666277,,,,,,,,,,,,,,
6.60545,2.98E-06,-0.001562275,,,,,,,,,,,,,,
6.60555,3.37E-06,-0.001376013,,,,,,,,,,,,,,
6.60565,3.54E-06,-0.00136384,,,,,,,,,,,,,,
6.60575,3.67E-06,-0.001519562,,,,,,,,,,,,,,
6.60585,3.76E-06,-0.001433011,,,,,,,,,,,,,,
6.60595,3.76E-06,-0.001366725,,,,,,,,,,,,,,
6.60605,1.05E-05,-3.932924747,,,,,,,,,,,,,,
6.60615,4.04E-06,-9.995735168,,,,,,,,,,,,,,
6.60625,1.10E-06,-9.996209145,,,,,,,,,,,,,,
6.60635,4.27E-07,-9.996454239,,,,,,,,,,,,,,
6.60645,1.44E-07,-9.996511459,,,,,,,,,,,,,,
6.60655,4.84E-08,-9.99653244,,,,,,,,,,,,,,
6.60665,-3.39E-08,-9.99664402,,,,,,,,,,,,,,
6.60675,-6.05E-08,-9.996872902,,,,,,,,,,,,,,
6.60685,-9.53E-08,-9.996979713,,,,,,,,,,,,,,
6.60695,-1.20E-07,-9.996983528,,,,,,,,,,,,,,
6.60705,-7.66E-06,-6.075314522,,,,,,,,,,,,,,
6.60715,-3.12E-06,-0.002037182,,,,,,,,,,,,,,
6.60725,8.97E-07,-0.001931772,,,,,,,,,,,,,,
6.60735,2.31E-06,-0.001640593,,,,,,,,,,,,,,
6.60745,3.00E-06,-0.001596825,,,,,,,,,,,,,,
6.60755,3.35E-06,-0.001061332,,,,,,,,,,,,,,
6.60765,3.53E-06,-0.001502815,,,,,,,,,,,,,,
6.60775,3.62E-06,-0.001292558,,,,,,,,,,,,,,
6.60785,3.71E-06,-0.001305294,,,,,,,,,,,,,,
6.60795,3.75E-06,-0.001091871,,,,,,,,,,,,,,
6.60805,1.05E-05,-3.912515879,,,,,,,,,,,,,,
6.60815,4.02E-06,-9.995428085,,,,,,,,,,,,,,
6.60825,1.11E-06,-9.99578476,,,,,,,,,,,,,,
6.60835,4.10E-07,-9.996113777,,,,,,,,,,,,,,
6.60845,1.25E-07,-9.996228218,,,,,,,,,,,,,,
6.60855,1.83E-08,-9.996623039,,,,,,,,,,,,,,
6.60865,-3.48E-08,-9.996631622,,,,,,,,,,,,,,
6.60875,-4.46E-08,-9.996822357,,,,,,,,,,,,,,
6.60885,-1.05E-07,-9.996563911,,,,,,,,,,,,,,
6.60895,-9.11E-08,-9.996534348,,,,,,,,,,,,,,
6.60905,-7.66E-06,-6.095242977,,,,,,,,,,,,,,
6.60915,-3.17E-06,-0.002158846,,,,,,,,,,,,,,
6.60925,8.57E-07,-0.001718982,,,,,,,,,,,,,,
6.60935,2.30E-06,-0.001392549,,,,,,,,,,,,,,
6.60945,2.98E-06,-0.001337523,,,,,,,,,,,,,,
6.60955,3.33E-06,-0.001278062,,,,,,,,,,,,,,
6.60965,3.55E-06,-0.001205936,,,,,,,,,,,,,,
6.60975,3.67E-06,-0.001223809,,,,,,,,,,,,,,
6.60985,3.72E-06,-0.001042262,,,,,,,,,,,,,,
6.60995,3.79E-06,-0.001038041,,,,,,,,,,,,,,
6.61005,1.05E-05,-3.892449379,,,,,,,,,,,,,,
6.61015,4.03E-06,-9.995370865,,,,,,,,,,,,,,
6.61025,1.10E-06,-9.995754242,,,,,,,,,,,,,,
6.61035,4.17E-07,-9.996315956,,,,,,,,,,,,,,
6.61045,1.22E-07,-9.996281624,,,,,,,,,,,,,,
6.61055,-4.74E-09,-9.996240616,,,,,,,,,,,,,,
6.61065,-4.67E-08,-9.996477127,,,,,,,,,,,,,,
6.61075,-6.62E-08,-9.996975899,,,,,,,,,,,,,,
6.61085,-1.21E-07,-9.996651649,,,,,,,,,,,,,,
6.61095,-1.32E-07,-9.996688843,,,,,,,,,,,,,,
6.61105,-7.63E-06,-6.115124226,,,,,,,,,,,,,,
6.61115,-3.19E-06,-0.002203037,,,,,,,,,,,,,,
6.61125,8.64E-07,-0.002001013,,,,,,,,,,,,,,
6.61135,2.27E-06,-0.001536239,,,,,,,,,,,,,,
6.61145,2.98E-06,-0.001626872,,,,,,,,,,,,,,
6.61155,3.32E-06,-0.001596825,,,,,,,,,,,,,,
6.61165,3.50E-06,-0.001206921,,,,,,,,,,,,,,
6.61175,3.65E-06,-0.001401627,,,,,,,,,,,,,,
6.61185,3.70E-06,-0.001094193,,,,,,,,,,,,,,
6.61195,3.76E-06,-0.00145398,,,,,,,,,,,,,,
6.61205,1.05E-05,-3.872799397,,,,,,,,,,,,,,
6.61215,4.05E-06,-9.995546341,,,,,,,,,,,,,,
6.61225,1.08E-06,-9.995617867,,,,,,,,,,,,,,
6.61235,3.88E-07,-9.996094704,,,,,,,,,,,,,,
6.61245,1.44E-07,-9.996145248,,,,,,,,,,,,,,
6.61255,2.20E-09,-9.996417999,,,,,,,,,,,,,,
6.61265,-8.92E-08,-9.996509552,,,,,,,,,,,,,,
6.61275,-7.21E-08,-9.996713638,,,,,,,,,,,,,,
6.61285,-1.07E-07,-9.996661186,,,,,,,,,,,,,,
6.61295,-1.11E-07,-9.996754646,,,,,,,,,,,,,,
6.61305,-7.61E-06,-6.135380745,,,,,,,,,,,,,,
6.61315,-3.17E-06,-0.002200785,,,,,,,,,,,,,,
6.61325,8.87E-07,-0.001826925,,,,,,,,,,,,,,
6.61335,2.31E-06,-0.001301776,,,,,,,,,,,,,,
6.61345,3.00E-06,-0.001420907,,,,,,,,,,,,,,
6.61355,3.36E-06,-0.000951559,,,,,,,,,,,,,,
6.61365,3.56E-06,-0.000709286,,,,,,,,,,,,,,
6.61375,3.68E-06,-0.000907861,,,,,,,,,,,,,,
6.61385,3.77E-06,-0.00078303,,,,,,,,,,,,,,
6.61395,3.79E-06,-0.000691412,,,,,,,,,,,,,,
6.61405,1.05E-05,-3.852597713,,,,,,,,,,,,,,
6.61415,4.08E-06,-9.995868683,,,,,,,,,,,,,,
6.61425,1.13E-06,-9.996214867,,,,,,,,,,,,,,
6.61435,4.20E-07,-9.99657917,,,,,,,,,,,,,,
6.61445,1.42E-07,-9.996666908,,,,,,,,,,,,,,
6.61455,4.47E-08,-9.996825218,,,,,,,,,,,,,,
6.61465,6.68E-09,-9.996647835,,,,,,,,,,,,,,
6.61475,-8.20E-08,-9.996674538,,,,,,,,,,,,,,
6.61485,-6.48E-08,-9.99685955,,,,,,,,,,,,,,
6.61495,-6.45E-08,-9.996854782,,,,,,,,,,,,,,
6.61505,-7.58E-06,-6.154959202,,,,,,,,,,,,,,
6.61515,-3.18E-06,-0.001825588,,,,,,,,,,,,,,
6.61525,9.11E-07,-0.001618287,,,,,,,,,,,,,,
6.61535,2.32E-06,-0.001221839,,,,,,,,,,,,,,
6.61545,2.97E-06,-0.001243864,,,,,,,,,,,,,,
6.61555,3.31E-06,-0.001330275,,,,,,,,,,,,,,
6.61565,3.52E-06,-0.001334215,,,,,,,,,,,,,,
6.61575,3.63E-06,-0.001265537,,,,,,,,,,,,,,
6.61585,3.74E-06,-0.001304098,,,,,,,,,,,,,,
6.61595,3.79E-06,-0.001385442,,,,,,,,,,,,,,
6.61605,1.05E-05,-3.832867384,,,,,,,,,,,,,,
6.61615,4.11E-06,-9.996157646,,,,,,,,,,,,,,
6.61625,1.13E-06,-9.996248245,,,,,,,,,,,,,,
6.61635,4.22E-07,-9.997023582,,,,,,,,,,,,,,
6.61645,1.56E-07,-9.996751785,,,,,,,,,,,,,,
6.61655,1.60E-08,-9.996861458,,,,,,,,,,,,,,
6.61665,-2.94E-08,-9.996899605,,,,,,,,,,,,,,
6.61675,-1.04E-07,-9.996817589,,,,,,,,,,,,,,
6.61685,-1.11E-07,-9.997164726,,,,,,,,,,,,,,
6.61695,-1.36E-07,-9.99711895,,,,,,,,,,,,,,
6.61705,-7.57E-06,-6.17551899,,,,,,,,,,,,,,
6.61715,-3.21E-06,-0.002157932,,,,,,,,,,,,,,
6.61725,8.60E-07,-0.001897292,,,,,,,,,,,,,,
6.61735,2.31E-06,-0.001675777,,,,,,,,,,,,,,
6.61745,2.99E-06,-0.001572478,,,,,,,,,,,,,,
6.61755,3.31E-06,-0.001649882,,,,,,,,,,,,,,
6.61765,3.55E-06,-0.001246257,,,,,,,,,,,,,,
6.61775,3.65E-06,-0.001321338,,,,,,,,,,,,,,
6.61785,3.74E-06,-0.001258148,,,,,,,,,,,,,,
6.61795,3.76E-06,-0.001182856,,,,,,,,,,,,,,
6.61805,1.05E-05,-3.812933445,,,,,,,,,,,,,,
6.61815,4.10E-06,-9.99612236,,,,,,,,,,,,,,
6.61825,1.11E-06,-9.996191978,,,,,,,,,,,,,,
6.61835,4.26E-07,-9.996567726,,,,,,,,,,,,,,
6.61845,1.50E-07,-9.996751785,,,,,,,,,,,,,,
6.61855,1.46E-08,-9.996765137,,,,,,,,,,,,,,
6.61865,-2.93E-08,-9.997034073,,,,,,,,,,,,,,
6.61875,-7.25E-08,-9.997288704,,,,,,,,,,,,,,
6.61885,-7.77E-08,-9.99729538,,,,,,,,,,,,,,
6.61895,-1.13E-07,-9.99741745,,,,,,,,,,,,,,
6.61905,-7.55E-06,-6.195240498,,,,,,,,,,,,,,
6.61915,-3.22E-06,-0.002065962,,,,,,,,,,,,,,
6.61925,8.74E-07,-0.002315906,,,,,,,,,,,,,,
6.61935,2.34E-06,-0.001599569,,,,,,,,,,,,,,
6.61945,2.99E-06,-0.001762047,,,,,,,,,,,,,,
6.61955,3.36E-06,-0.001519632,,,,,,,,,,,,,,
6.61965,3.56E-06,-0.001368695,,,,,,,,,,,,,,
6.61975,3.67E-06,-0.001491274,,,,,,,,,,,,,,
6.61985,3.72E-06,-0.001380306,,,,,,,,,,,,,,
6.61995,3.76E-06,-0.001195522,,,,,,,,,,,,,,
6.62005,1.04E-05,-3.79271102,,,,,,,,,,,,,,
6.62015,4.14E-06,-9.995867729,,,,,,,,,,,,,,
6.62025,1.13E-06,-9.995983124,,,,,,,,,,,,,,
6.62035,4.39E-07,-9.996554375,,,,,,,,,,,,,,
6.62045,1.55E-07,-9.996769905,,,,,,,,,,,,,,
6.62055,3.19E-08,-9.996980667,,,,,,,,,,,,,,
6.62065,-5.04E-08,-9.997061729,,,,,,,,,,,,,,
6.62075,-6.86E-08,-9.996923447,,,,,,,,,,,,,,
6.62085,-7.01E-08,-9.997385979,,,,,,,,,,,,,,
6.62095,-1.33E-07,-9.997159958,,,,,,,,,,,,,,
6.62105,-7.54E-06,-6.215229988,,,,,,,,,,,,,,
6.62115,-3.22E-06,-0.00232639,,,,,,,,,,,,,,
6.62125,9.12E-07,-0.002518563,,,,,,,,,,,,,,
6.62135,2.34E-06,-0.001499367,,,,,,,,,,,,,,
6.62145,3.00E-06,-0.001599147,,,,,,,,,,,,,,
6.62155,3.38E-06,-0.001621172,,,,,,,,,,,,,,
6.62165,3.57E-06,-0.001143802,,,,,,,,,,,,,,
6.62175,3.67E-06,-0.001248156,,,,,,,,,,,,,,
6.62185,3.74E-06,-0.001092716,,,,,,,,,,,,,,
6.62195,3.78E-06,-0.00127377,,,,,,,,,,,,,,
6.62205,1.05E-05,-3.772984505,,,,,,,,,,,,,,
6.62215,4.17E-06,-9.996317863,,,,,,,,,,,,,,
6.62225,1.13E-06,-9.996909142,,,,,,,,,,,,,,
6.62235,4.52E-07,-9.997008324,,,,,,,,,,,,,,
6.62245,1.54E-07,-9.996937752,,,,,,,,,,,,,,
6.62255,6.52E-09,-9.997036934,,,,,,,,,,,,,,
6.62265,-6.63E-08,-9.99710083,,,,,,,,,,,,,,
6.62275,-8.49E-08,-9.996928215,,,,,,,,,,,,,,
6.62285,-1.07E-07,-9.997262001,,,,,,,,,,,,,,
6.62295,-1.20E-07,-9.996873856,,,,,,,,,,,,,,
6.62305,-7.59E-06,-6.235377789,,,,,,,,,,,,,,
6.62315,-3.30E-06,-0.002510471,,,,,,,,,,,,,,
6.62325,8.58E-07,-0.002230762,,,,,,,,,,,,,,
6.62335,2.28E-06,-0.001880334,,,,,,,,,,,,,,
6.62345,2.97E-06,-0.001563964,,,,,,,,,,,,,,
6.62355,3.34E-06,-0.001634964,,,,,,,,,,,,,,
6.62365,3.57E-06,-0.001522095,,,,,,,,,,,,,,
6.62375,3.64E-06,-0.00135244,,,,,,,,,,,,,,
6.62385,3.70E-06,-0.001383613,,,,,,,,,,,,,,
6.62395,3.78E-06,-0.00147129,,,,,,,,,,,,,,
6.62405,1.04E-05,-3.753216982,,,,,,,,,,,,,,
6.62415,4.15E-06,-9.995947838,,,,,,,,,,,,,,
6.62425,1.12E-06,-9.996020317,,,,,,,,,,,,,,
6.62435,4.24E-07,-9.996638298,,,,,,,,,,,,,,
6.62445,1.29E-07,-9.996880531,,,,,,,,,,,,,,
6.62455,4.74E-09,-9.997075081,,,,,,,,,,,,,,
6.62465,-6.17E-08,-9.997362137,,,,,,,,,,,,,,
6.62475,-1.05E-07,-9.997214317,,,,,,,,,,,,,,
6.62485,-1.30E-07,-9.997086525,,,,,,,,,,,,,,
6.62495,-1.16E-07,-9.997395515,,,,,,,,,,,,,,
6.62505,-7.55E-06,-6.255310059,,,,,,,,,,,,,,
6.62515,-3.28E-06,-0.002379518,,,,,,,,,,,,,,
6.62525,8.70E-07,-0.001982014,,,,,,,,,,,,,,
6.62535,2.31E-06,-0.001483393,,,,,,,,,,,,,,
6.62545,3.00E-06,-0.001370947,,,,,,,,,,,,,,
6.62555,3.38E-06,-0.001636512,,,,,,,,,,,,,,
6.62565,3.56E-06,-0.001701742,,,,,,,,,,,,,,
6.62575,3.67E-06,-0.001631375,,,,,,,,,,,,,,
6.62585,3.74E-06,-0.001539265,,,,,,,,,,,,,,
6.62595,3.79E-06,-0.00168014,,,,,,,,,,,,,,
6.62605,1.04E-05,-3.73329854,,,,,,,,,,,,,,
6.62615,4.16E-06,-9.996418953,,,,,,,,,,,,,,
6.62625,1.09E-06,-9.996515274,,,,,,,,,,,,,,
6.62635,4.21E-07,-9.997255325,,,,,,,,,,,,,,
6.62645,1.47E-07,-9.99699688,,,,,,,,,,,,,,
6.62655,1.31E-08,-9.997029305,,,,,,,,,,,,,,
6.62665,-3.11E-08,-9.996946335,,,,,,,,,,,,,,
6.62675,-4.12E-08,-9.997113228,,,,,,,,,,,,,,
6.62685,-9.53E-08,-9.997120857,,,,,,,,,,,,,,
6.62695,-1.36E-07,-9.997006416,,,,,,,,,,,,,,
6.62705,-7.51E-06,-6.275309563,,,,,,,,,,,,,,
6.62715,-3.29E-06,-0.002332794,,,,,,,,,,,,,,
6.62725,8.35E-07,-0.001929661,,,,,,,,,,,,,,
6.62735,2.33E-06,-0.001483323,,,,,,,,,,,,,,
6.62745,3.00E-06,-0.001594151,,,,,,,,,,,,,,
6.62755,3.37E-06,-0.001523221,,,,,,,,,,,,,,
6.62765,3.56E-06,-0.001401697,,,,,,,,,,,,,,
6.62775,3.68E-06,-0.001160479,,,,,,,,,,,,,,
6.62785,3.74E-06,-0.001121003,,,,,,,,,,,,,,
6.62795,3.77E-06,-0.001063302,,,,,,,,,,,,,,
6.62805,1.04E-05,-3.71277833,,,,,,,,,,,,,,
6.62815,4.18E-06,-9.995669365,,,,,,,,,,,,,,
6.62825,1.10E-06,-9.996183395,,,,,,,,,,,,,,
6.62835,4.20E-07,-9.996721268,,,,,,,,,,,,,,
6.62845,1.37E-07,-9.996837616,,,,,,,,,,,,,,
6.62855,2.86E-08,-9.997151375,,,,,,,,,,,,,,
6.62865,-5.41E-08,-9.996994972,,,,,,,,,,,,,,
6.62875,-6.80E-08,-9.997138977,,,,,,,,,,,,,,
6.62885,-9.89E-08,-9.997378349,,,,,,,,,,,,,,
6.62895,-1.15E-07,-9.997206688,,,,,,,,,,,,,,
6.62905,-7.49E-06,-6.295302868,,,,,,,,,,,,,,
6.62915,-3.29E-06,-0.00249893,,,,,,,,,,,,,,
6.62925,8.67E-07,-0.001917839,,,,,,,,,,,,,,
6.62935,2.30E-06,-0.001272152,,,,,,,,,,,,,,
6.62945,3.00E-06,-0.001107352,,,,,,,,,,,,,,
6.62955,3.39E-06,-0.001227328,,,,,,,,,,,,,,
6.62965,3.56E-06,-0.001172653,,,,,,,,,,,,,,
6.62975,3.66E-06,-0.001079838,,,,,,,,,,,,,,
6.62985,3.76E-06,-0.00128918,,,,,,,,,,,,,,
6.62995,3.80E-06,-0.001076602,,,,,,,,,,,,,,
6.63005,1.04E-05,-3.692651033,,,,,,,,,,,,,,
6.63015,4.20E-06,-9.995758057,,,,,,,,,,,,,,
6.63025,1.12E-06,-9.996421814,,,,,,,,,,,,,,
6.63035,4.03E-07,-9.996477127,,,,,,,,,,,,,,
6.63045,1.55E-07,-9.996696472,,,,,,,,,,,,,,
6.63055,2.66E-08,-9.9966259,,,,,,,,,,,,,,
6.63065,-6.40E-08,-9.996370316,,,,,,,,,,,,,,
6.63075,-7.52E-08,-9.99643898,,,,,,,,,,,,,,
6.63085,-9.61E-08,-9.996699333,,,,,,,,,,,,,,
6.63095,-1.05E-07,-9.996464729,,,,,,,,,,,,,,
6.63105,-7.48E-06,-6.314752102,,,,,,,,,,,,,,
6.63115,-3.30E-06,-0.00201192,,,,,,,,,,,,,,
6.63125,8.63E-07,-0.001808137,,,,,,,,,,,,,,
6.63135,2.31E-06,-0.001108759,,,,,,,,,,,,,,
6.63145,2.97E-06,-0.000870356,,,,,,,,,,,,,,
6.63155,3.35E-06,-0.000891466,,,,,,,,,,,,,,
6.63165,3.56E-06,-0.000956063,,,,,,,,,,,,,,
6.63175,3.65E-06,-0.001079064,,,,,,,,,,,,,,
6.63185,3.72E-06,-0.000911732,,,,,,,,,,,,,,
6.63195,3.79E-06,-0.000778949,,,,,,,,,,,,,,
6.63205,1.04E-05,-3.672744036,,,,,,,,,,,,,,
6.63215,4.20E-06,-9.995708466,,,,,,,,,,,,,,
6.63225,1.12E-06,-9.996027946,,,,,,,,,,,,,,
6.63235,4.09E-07,-9.996376038,,,,,,,,,,,,,,
6.63245,1.40E-07,-9.996650696,,,,,,,,,,,,,,
6.63255,6.39E-09,-9.996747017,,,,,,,,,,,,,,
6.63265,-3.15E-08,-9.997073174,,,,,,,,,,,,,,
6.63275,-6.18E-08,-9.996897697,,,,,,,,,,,,,,
6.63285,-1.06E-07,-9.996863365,,,,,,,,,,,,,,
6.63295,-7.10E-08,-9.996800423,,,,,,,,,,,,,,
6.63305,-7.42E-06,-6.334646225,,,,,,,,,,,,,,
6.63315,-3.32E-06,-0.00195619,,,,,,,,,,,,,,
6.63325,8.58E-07,-0.001579092,,,,,,,,,,,,,,
6.63335,2.31E-06,-0.00147312,,,,,,,,,,,,,,
6.63345,3.02E-06,-0.001027767,,,,,,,,,,,,,,
6.63355,3.36E-06,-0.000968799,,,,,,,,,,,,,,
6.63365,3.59E-06,-0.001253786,,,,,,,,,,,,,,
6.63375,3.70E-06,-0.001190667,,,,,,,,,,,,,,
6.63385,3.74E-06,-0.000991669,,,,,,,,,,,,,,
6.63395,3.80E-06,-0.001066961,,,,,,,,,,,,,,
6.63405,1.04E-05,-3.65272975,,,,,,,,,,,,,,
6.63415,4.24E-06,-9.995581627,,,,,,,,,,,,,,
6.63425,1.15E-06,-9.995914459,,,,,,,,,,,,,,
6.63435,4.68E-07,-9.996535301,,,,,,,,,,,,,,
6.63445,1.85E-07,-9.996764183,,,,,,,,,,,,,,
6.63455,5.36E-08,-9.997159958,,,,,,,,,,,,,,
6.63465,-4.92E-09,-9.997400284,,,,,,,,,,,,,,
6.63475,-5.69E-08,-9.997262955,,,,,,,,,,,,,,
6.63485,-9.10E-08,-9.996955872,,,,,,,,,,,,,,
6.63495,-1.02E-07,-9.996979713,,,,,,,,,,,,,,
6.63505,-7.40E-06,-6.355032444,,,,,,,,,,,,,,
6.63515,-3.34E-06,-0.001769928,,,,,,,,,,,,,,
6.63525,8.65E-07,-0.001548694,,,,,,,,,,,,,,
6.63535,2.36E-06,-0.001395505,,,,,,,,,,,,,,
6.63545,3.06E-06,-0.001403456,,,,,,,,,,,,,,
6.63555,3.38E-06,-0.001301846,,,,,,,,,,,,,,
6.63565,3.58E-06,-0.001166812,,,,,,,,,,,,,,
6.63575,3.70E-06,-0.001093842,,,,,,,,,,,,,,
6.63585,3.78E-06,-0.000975555,,,,,,,,,,,,,,
6.63595,3.84E-06,-0.000919331,,,,,,,,,,,,,,
6.63605,1.04E-05,-3.632929802,,,,,,,,,,,,,,
6.63615,4.26E-06,-9.995706558,,,,,,,,,,,,,,
6.63625,1.16E-06,-9.996117592,,,,,,,,,,,,,,
6.63635,4.63E-07,-9.996747971,,,,,,,,,,,,,,
6.63645,1.90E-07,-9.996920586,,,,,,,,,,,,,,
6.63655,4.54E-08,-9.996738434,,,,,,,,,,,,,,
6.63665,-1.83E-08,-9.996707916,,,,,,,,,,,,,,
6.63675,-4.65E-08,-9.996701241,,,,,,,,,,,,,,
6.63685,-5.58E-08,-9.996770859,,,,,,,,,,,,,,
6.63695,-1.06E-07,-9.996706963,,,,,,,,,,,,,,
6.63705,-7.41E-06,-6.374770164,,,,,,,,,,,,,,
6.63715,-3.33E-06,-0.002354889,,,,,,,,,,,,,,
6.63725,8.96E-07,-0.001957878,,,,,,,,,,,,,,
6.63735,2.35E-06,-0.00146165,,,,,,,,,,,,,,
6.63745,3.05E-06,-0.001405708,,,,,,,,,,,,,,
6.63755,3.38E-06,-0.001567834,,,,,,,,,,,,,,
6.63765,3.59E-06,-0.001557349,,,,,,,,,,,,,,
6.63775,3.70E-06,-0.001272081,,,,,,,,,,,,,,
6.63785,3.79E-06,-0.001183559,,,,,,,,,,,,,,
6.63795,3.81E-06,-0.001244779,,,,,,,,,,,,,,
6.63805,1.04E-05,-3.613012314,,,,,,,,,,,,,,
6.63815,4.26E-06,-9.995563507,,,,,,,,,,,,,,
6.63825,1.16E-06,-9.995733261,,,,,,,,,,,,,,
6.63835,4.41E-07,-9.996294022,,,,,,,,,,,,,,
6.63845,1.58E-07,-9.996338844,,,,,,,,,,,,,,
6.63855,2.36E-08,-9.996323586,,,,,,,,,,,,,,
6.63865,-4.47E-08,-9.99664402,,,,,,,,,,,,,,
6.63875,-8.23E-08,-9.996534348,,,,,,,,,,,,,,
6.63885,-8.04E-08,-9.996588707,,,,,,,,,,,,,,
6.63895,-8.34E-08,-9.996821404,,,,,,,,,,,,,,
6.63905,-7.39E-06,-6.39488554,,,,,,,,,,,,,,
6.63915,-3.37E-06,-0.002420119,,,,,,,,,,,,,,
6.63925,8.47E-07,-0.002084609,,,,,,,,,,,,,,
6.63935,2.35E-06,-0.001556716,,,,,,,,,,,,,,
6.63945,3.04E-06,-0.001449476,,,,,,,,,,,,,,
6.63955,3.39E-06,-0.001445465,,,,,,,,,,,,,,
6.63965,3.56E-06,-0.001137539,,,,,,,,,,,,,,
6.63975,3.67E-06,-0.001175467,,,,,,,,,,,,,,
6.63985,3.74E-06,-0.00119904,,,,,,,,,,,,,,
6.63995,3.81E-06,-0.001095812,,,,,,,,,,,,,,
6.64005,1.03E-05,-3.593111992,,,,,,,,,,,,,,
6.64015,4.27E-06,-9.995857239,,,,,,,,,,,,,,
6.64025,1.13E-06,-9.996426582,,,,,,,,,,,,,,
6.64035,3.99E-07,-9.996578217,,,,,,,,,,,,,,
6.64045,1.22E-07,-9.996753693,,,,,,,,,,,,,,
6.64055,-2.38E-08,-9.996842384,,,,,,,,,,,,,,
6.64065,-4.16E-08,-9.99702549,,,,,,,,,,,,,,
6.64075,-9.23E-08,-9.996800423,,,,,,,,,,,,,,
6.64085,-1.25E-07,-9.996770859,,,,,,,,,,,,,,
6.64095,-1.48E-07,-9.997032166,,,,,,,,,,,,,,
6.64105,-7.43E-06,-6.415124416,,,,,,,,,,,,,,
6.64115,-3.43E-06,-0.002199941,,,,,,,,,,,,,,
6.64125,8.22E-07,-0.001819607,,,,,,,,,,,,,,
6.64135,2.30E-06,-0.001893633,,,,,,,,,,,,,,
6.64145,3.02E-06,-0.001523221,,,,,,,,,,,,,,
6.64155,3.36E-06,-0.001338437,,,,,,,,,,,,,,
6.64165,3.54E-06,-0.001153583,,,,,,,,,,,,,,
6.64175,3.67E-06,-0.00089998,,,,,,,,,,,,,,
6.64185,3.75E-06,-0.000867752,,,,,,,,,,,,,,
6.64195,3.80E-06,-0.000882248,,,,,,,,,,,,,,
6.64205,1.03E-05,-3.572910309,,,,,,,,,,,,,,
6.64215,4.24E-06,-9.995804787,,,,,,,,,,,,,,
6.64225,1.10E-06,-9.99640274,,,,,,,,,,,,,,
6.64235,4.15E-07,-9.99666214,,,,,,,,,,,,,,
6.64245,1.51E-07,-9.997014046,,,,,,,,,,,,,,
6.64255,2.33E-08,-9.997016907,,,,,,,,,,,,,,
6.64265,-7.87E-08,-9.996987343,,,,,,,,,,,,,,
6.64275,-9.41E-08,-9.997018814,,,,,,,,,,,,,,
6.64285,-9.97E-08,-9.997141838,,,,,,,,,,,,,,
6.64295,-1.10E-07,-9.997181892,,,,,,,,,,,,,,
6.64305,-7.37E-06,-6.435380459,,,,,,,,,,,,,,
6.64315,-3.41E-06,-0.002234843,,,,,,,,,,,,,,
6.64325,8.24E-07,-0.002051326,,,,,,,,,,,,,,
6.64335,2.30E-06,-0.001822985,,,,,,,,,,,,,,
6.64345,3.00E-06,-0.001606184,,,,,,,,,,,,,,
6.64355,3.35E-06,-0.001480649,,,,,,,,,,,,,,
6.64365,3.57E-06,-0.001426115,,,,,,,,,,,,,,
6.64375,3.68E-06,-0.001563049,,,,,,,,,,,,,,
6.64385,3.78E-06,-0.001221558,,,,,,,,,,,,,,
6.64395,3.76E-06,-0.001378546,,,,,,,,,,,,,,
6.64405,1.03E-05,-3.553343296,,,,,,,,,,,,,,
6.64415,4.32E-06,-9.996175766,,,,,,,,,,,,,,
6.64425,1.14E-06,-9.996419907,,,,,,,,,,,,,,
6.64435,4.34E-07,-9.996767998,,,,,,,,,,,,,,
6.64445,1.46E-07,-9.996786118,,,,,,,,,,,,,,
6.64455,2.50E-08,-9.996987343,,,,,,,,,,,,,,
6.64465,-2.93E-08,-9.997055054,,,,,,,,,,,,,,
6.64475,-9.54E-08,-9.99720192,,,,,,,,,,,,,,
6.64485,-1.06E-07,-9.997097015,,,,,,,,,,,,,,
6.64495,-1.23E-07,-9.996842384,,,,,,,,,,,,,,
6.64505,-7.35E-06,-6.454857349,,,,,,,,,,,,,,
6.64515,-3.42E-06,-0.002212888,,,,,,,,,,,,,,
6.64525,8.30E-07,-0.001845924,,,,,,,,,,,,,,
6.64535,2.32E-06,-0.001519069,,,,,,,,,,,,,,
6.64545,2.99E-06,-0.001407749,,,,,,,,,,,,,,
6.64555,3.35E-06,-0.001302058,,,,,,,,,,,,,,
6.64565,3.56E-06,-0.00129094,,,,,,,,,,,,,,
6.64575,3.67E-06,-0.001223387,,,,,,,,,,,,,,
6.64585,3.74E-06,-0.000958174,,,,,,,,,,,,,,
6.64595,3.75E-06,-0.00105141,,,,,,,,,,,,,,
6.64605,1.03E-05,-3.532999754,,,,,,,,,,,,,,
6.64615,4.27E-06,-9.995531082,,,,,,,,,,,,,,
6.64625,1.11E-06,-9.99591732,,,,,,,,,,,,,,
6.64635,3.55E-07,-9.996415138,,,,,,,,,,,,,,
6.64645,1.10E-07,-9.996580124,,,,,,,,,,,,,,
6.64655,2.82E-08,-9.996900558,,,,,,,,,,,,,,
6.64665,-3.21E-08,-9.996721268,,,,,,,,,,,,,,
6.64675,-8.78E-08,-9.996918678,,,,,,,,,,,,,,
6.64685,-9.82E-08,-9.996974945,,,,,,,,,,,,,,
6.64695,-1.12E-07,-9.997052193,,,,,,,,,,,,,,
6.64705,-7.36E-06,-6.475404263,,,,,,,,,,,,,,
6.64715,-3.43E-06,-0.00238958,,,,,,,,,,,,,,
6.64725,8.47E-07,-0.001898066,,,,,,,,,,,,,,
6.64735,2.32E-06,-0.001855916,,,,,,,,,,,,,,
6.64745,2.99E-06,-0.002071521,,,,,,,,,,,,,,
6.64755,3.38E-06,-0.001636512,,,,,,,,,,,,,,
6.64765,3.54E-06,-0.001458695,,,,,,,,,,,,,,
6.64775,3.68E-06,-0.001548061,,,,,,,,,,,,,,
6.64785,3.76E-06,-0.001172441,,,,,,,,,,,,,,
6.64795,3.83E-06,-0.00118166,,,,,,,,,,,,,,
6.64805,1.04E-05,-3.513036489,,,,,,,,,,,,,,
6.64815,4.32E-06,-9.995826721,,,,,,,,,,,,,,
6.64825,1.15E-06,-9.996073723,,,,,,,,,,,,,,
6.64835,4.11E-07,-9.996330261,,,,,,,,,,,,,,
6.64845,1.56E-07,-9.996632576,,,,,,,,,,,,,,
6.64855,2.70E-08,-9.996562958,,,,,,,,,,,,,,
6.64865,-6.17E-08,-9.996831894,,,,,,,,,,,,,,
6.64875,-9.14E-08,-9.996748924,,,,,,,,,,,,,,
6.64885,-1.17E-07,-9.996800423,,,,,,,,,,,,,,
6.64895,-1.44E-07,-9.99695015,,,,,,,,,,,,,,
6.64905,-7.32E-06,-6.495341778,,,,,,,,,,,,,,
6.64915,-3.46E-06,-0.002678014,,,,,,,,,,,,,,
6.64925,8.07E-07,-0.002528555,,,,,,,,,,,,,,
6.64935,2.31E-06,-0.001972866,,,,,,,,,,,,,,
6.64945,3.00E-06,-0.001465661,,,,,,,,,,,,,,
6.64955,3.36E-06,-0.001164701,,,,,,,,,,,,,,
6.64965,3.60E-06,-0.001001238,,,,,,,,,,,,,,
6.64975,3.74E-06,-0.000917642,,,,,,,,,,,,,,
6.64985,3.76E-06,-0.000994061,,,,,,,,,,,,,,
6.64995,3.80E-06,-0.001192566,,,,,,,,,,,,,,
6.65005,1.03E-05,-3.492904425,,,,,,,,,,,,,,
6.65015,4.32E-06,-9.995310783,,,,,,,,,,,,,,
6.65025,1.16E-06,-9.995674133,,,,,,,,,,,,,,
6.65035,4.39E-07,-9.996135712,,,,,,,,,,,,,,
6.65045,1.69E-07,-9.996359825,,,,,,,,,,,,,,
6.65055,8.53E-09,-9.996516228,,,,,,,,,,,,,,
6.65065,-4.10E-08,-9.996563911,,,,,,,,,,,,,,
6.65075,-8.73E-08,-9.996458054,,,,,,,,,,,,,,
6.65085,-9.36E-08,-9.996831894,,,,,,,,,,,,,,
6.65095,-1.29E-07,-9.996920586,,,,,,,,,,,,,,
6.65105,-7.30E-06,-6.514631271,,,,,,,,,,,,,,
6.65115,-3.48E-06,-0.002007909,,,,,,,,,,,,,,
6.65125,8.35E-07,-0.002072788,,,,,,,,,,,,,,
6.65135,2.32E-06,-0.001640734,,,,,,,,,,,,,,
6.65145,3.01E-06,-0.001431181,,,,,,,,,,,,,,
6.65155,3.38E-06,-0.001174834,,,,,,,,,,,,,,
6.65165,3.57E-06,-0.000683954,,,,,,,,,,,,,,
6.65175,3.72E-06,-0.000975132,,,,,,,,,,,,,,
6.65185,3.77E-06,-0.001044303,,,,,,,,,,,,,,
6.65195,3.82E-06,-0.001086664,,,,,,,,,,,,,,
6.65205,1.03E-05,-3.47282815,,,,,,,,,,,,,,
6.65215,4.36E-06,-9.996070862,,,,,,,,,,,,,,
6.65225,1.13E-06,-9.996059418,,,,,,,,,,,,,,
6.65235,3.91E-07,-9.996688843,,,,,,,,,,,,,,
6.65245,1.55E-07,-9.996938705,,,,,,,,,,,,,,
6.65255,3.43E-08,-9.99711132,,,,,,,,,,,,,,
6.65265,-3.84E-08,-9.997133255,,,,,,,,,,,,,,
6.65275,-6.70E-08,-9.997059822,,,,,,,,,,,,,,
6.65285,-9.22E-08,-9.997159958,,,,,,,,,,,,,,
6.65295,-1.05E-07,-9.997207642,,,,,,,,,,,,,,
6.65305,-7.26E-06,-6.535383701,,,,,,,,,,,,,,
6.65315,-3.46E-06,-0.002505193,,,,,,,,,,,,,,
6.65325,8.47E-07,-0.002225695,,,,,,,,,,,,,,
6.65335,2.35E-06,-0.001681195,,,,,,,,,,,,,,
6.65345,3.05E-06,-0.001898629,,,,,,,,,,,,,,
6.65355,3.41E-06,-0.001431533,,,,,,,,,,,,,,
6.65365,3.59E-06,-0.001259485,,,,,,,,,,,,,,
6.65375,3.69E-06,-0.001309939,,,,,,,,,,,,,,
6.65385,3.79E-06,-0.00126033,,,,,,,,,,,,,,
6.65395,3.83E-06,-0.001385302,,,,,,,,,,,,,,
6.65405,1.03E-05,-3.453215361,,,,,,,,,,,,,,
6.65415,4.35E-06,-9.995749474,,,,,,,,,,,,,,
6.65425,1.15E-06,-9.995973587,,,,,,,,,,,,,,
6.65435,4.36E-07,-9.996113777,,,,,,,,,,,,,,
6.65445,1.61E-07,-9.996161461,,,,,,,,,,,,,,
6.65455,4.23E-08,-9.996721268,,,,,,,,,,,,,,
6.65465,-1.46E-08,-9.997028351,,,,,,,,,,,,,,
6.65475,-7.04E-08,-9.99719429,,,,,,,,,,,,,,
6.65485,-1.02E-07,-9.997062683,,,,,,,,,,,,,,
6.65495,-8.51E-08,-9.997178078,,,,,,,,,,,,,,
6.65505,-7.24E-06,-6.555206299,,,,,,,,,,,,,,
6.65515,-3.44E-06,-0.002542276,,,,,,,,,,,,,,
6.65525,8.59E-07,-0.002279174,,,,,,,,,,,,,,
6.65535,2.31E-06,-0.001744877,,,,,,,,,,,,,,
6.65545,3.01E-06,-0.00169942,,,,,,,,,,,,,,
6.65555,3.39E-06,-0.001372213,,,,,,,,,,,,,,
6.65565,3.56E-06,-0.001369258,,,,,,,,,,,,,,
6.65575,3.67E-06,-0.001266944,,,,,,,,,,,,,,
6.65585,3.75E-06,-0.001640382,,,,,,,,,,,,,,
6.65595,3.78E-06,-0.001603299,,,,,,,,,,,,,,
6.65605,1.03E-05,-3.433431864,,,,,,,,,,,,,,
6.65615,4.41E-06,-9.995907784,,,,,,,,,,,,,,
6.65625,1.19E-06,-9.99651432,,,,,,,,,,,,,,
6.65635,4.45E-07,-9.996851921,,,,,,,,,,,,,,
6.65645,1.72E-07,-9.996606827,,,,,,,,,,,,,,
6.65655,4.83E-08,-9.996892929,,,,,,,,,,,,,,
6.65665,-8.34E-09,-9.997246742,,,,,,,,,,,,,,
6.65675,-5.06E-08,-9.997034073,,,,,,,,,,,,,,
6.65685,-7.82E-08,-9.99704361,,,,,,,,,,,,,,
6.65695,-1.01E-07,-9.997047424,,,,,,,,,,,,,,
6.65705,-7.22E-06,-6.575194359,,,,,,,,,,,,,,
6.65715,-3.55E-06,-0.002590196,,,,,,,,,,,,,,
6.65725,8.25E-07,-0.002189949,,,,,,,,,,,,,,
6.65735,2.36E-06,-0.001949223,,,,,,,,,,,,,,
6.65745,3.05E-06,-0.001735307,,,,,,,,,,,,,,
6.65755,3.40E-06,-0.001423159,,,,,,,,,,,,,,
6.65765,3.59E-06,-0.00153258,,,,,,,,,,,,,,
6.65775,3.68E-06,-0.001347796,,,,,,,,,,,,,,
6.65785,3.76E-06,-0.001313176,,,,,,,,,,,,,,
6.65795,3.83E-06,-0.001489797,,,,,,,,,,,,,,
6.65805,1.03E-05,-3.413538694,,,,,,,,,,,,,,
6.65815,4.44E-06,-9.995979309,,,,,,,,,,,,,,
6.65825,1.19E-06,-9.996337891,,,,,,,,,,,,,,
6.65835,4.36E-07,-9.996763229,,,,,,,,,,,,,,
6.65845,1.47E-07,-9.996840477,,,,,,,,,,,,,,
6.65855,1.97E-08,-9.996866226,,,,,,,,,,,,,,
6.65865,-5.58E-08,-9.996713638,,,,,,,,,,,,,,
6.65875,-6.95E-08,-9.997152328,,,,,,,,,,,,,,
6.65885,-9.05E-08,-9.997055054,,,,,,,,,,,,,,
6.65895,-1.30E-07,-9.997015953,,,,,,,,,,,,,,
6.65905,-7.23E-06,-6.595234394,,,,,,,,,,,,,,
6.65915,-3.56E-06,-0.002605114,,,,,,,,,,,,,,
6.65925,8.03E-07,-0.002359111,,,,,,,,,,,,,,
6.65935,2.30E-06,-0.001942257,,,,,,,,,,,,,,
6.65945,3.02E-06,-0.001922765,,,,,,,,,,,,,,
6.65955,3.37E-06,-0.001435403,,,,,,,,,,,,,,
6.65965,3.56E-06,-0.00128341,,,,,,,,,,,,,,
6.65975,3.72E-06,-0.001428718,,,,,,,,,,,,,,
6.65985,3.79E-06,-0.001748958,,,,,,,,,,,,,,
6.65995,3.82E-06,-0.001502322,,,,,,,,,,,,,,
6.66005,1.03E-05,-3.393582106,,,,,,,,,,,,,,
6.66015,4.42E-06,-9.996292114,,,,,,,,,,,,,,
6.66025,1.16E-06,-9.996861458,,,,,,,,,,,,,,
6.66035,4.30E-07,-9.997117043,,,,,,,,,,,,,,
6.66045,1.55E-07,-9.997034073,,,,,,,,,,,,,,
6.66055,4.11E-08,-9.997110367,,,,,,,,,,,,,,
6.66065,-5.34E-08,-9.997297287,,,,,,,,,,,,,,
6.66075,-1.13E-07,-9.997400284,,,,,,,,,,,,,,
6.66085,-1.21E-07,-9.997281075,,,,,,,,,,,,,,
6.66095,-1.46E-07,-9.997213364,,,,,,,,,,,,,,
6.66105,-7.21E-06,-6.615450382,,,,,,,,,,,,,,
6.66115,-3.57E-06,-0.002884542,,,,,,,,,,,,,,
6.66125,8.08E-07,-0.002745637,,,,,,,,,,,,,,
6.66135,2.32E-06,-0.002297258,,,,,,,,,,,,,,
6.66145,3.00E-06,-0.002083483,,,,,,,,,,,,,,
6.66155,3.40E-06,-0.001918402,,,,,,,,,,,,,,
6.66165,3.59E-06,-0.001807222,,,,,,,,,,,,,,
6.66175,3.70E-06,-0.001685769,,,,,,,,,,,,,,
6.66185,3.78E-06,-0.001612024,,,,,,,,,,,,,,
6.66195,3.82E-06,-0.001473331,,,,,,,,,,,,,,
6.66205,1.03E-05,-3.373425007,,,,,,,,,,,,,,
6.66215,4.39E-06,-9.996190071,,,,,,,,,,,,,,
6.66225,1.17E-06,-9.996051788,,,,,,,,,,,,,,
6.66235,4.19E-07,-9.996724129,,,,,,,,,,,,,,
6.66245,1.36E-07,-9.996995926,,,,,,,,,,,,,,
6.66255,2.33E-08,-9.99723053,,,,,,,,,,,,,,
6.66265,-4.79E-08,-9.997184753,,,,,,,,,,,,,,
6.66275,-7.91E-08,-9.997200012,,,,,,,,,,,,,,
6.66285,-9.41E-08,-9.997465134,,,,,,,,,,,,,,
6.66295,-1.19E-07,-9.997507095,,,,,,,,,,,,,,
6.66305,-7.20E-06,-6.63510561,,,,,,,,,,,,,,
6.66315,-3.59E-06,-0.002299932,,,,,,,,,,,,,,
6.66325,8.08E-07,-0.00231295,,,,,,,,,,,,,,
6.66335,2.33E-06,-0.001556012,,,,,,,,,,,,,,
6.66345,3.02E-06,-0.001232816,,,,,,,,,,,,,,
6.66355,3.38E-06,-0.001336397,,,,,,,,,,,,,,
6.66365,3.57E-06,-0.001481705,,,,,,,,,,,,,,
6.66375,3.69E-06,-0.001391283,,,,,,,,,,,,,,
6.66385,3.77E-06,-0.001418233,,,,,,,,,,,,,,
6.66395,3.83E-06,-0.001293051,,,,,,,,,,,,,,
6.66405,1.03E-05,-3.35319829,,,,,,,,,,,,,,
6.66415,4.45E-06,-9.995588303,,,,,,,,,,,,,,
6.66425,1.12E-06,-9.996003151,,,,,,,,,,,,,,
6.66435,3.94E-07,-9.996256828,,,,,,,,,,,,,,
6.66445,1.24E-07,-9.996360779,,,,,,,,,,,,,,
6.66455,3.02E-08,-9.996373177,,,,,,,,,,,,,,
6.66465,-4.34E-08,-9.996562958,,,,,,,,,,,,,,
6.66475,-9.32E-08,-9.996649742,,,,,,,,,,,,,,
6.66485,-9.73E-08,-9.996843338,,,,,,,,,,,,,,
6.66495,-1.06E-07,-9.996798515,,,,,,,,,,,,,,
6.66505,-7.17E-06,-6.655054569,,,,,,,,,,,,,,
6.66515,-3.63E-06,-0.002669289,,,,,,,,,,,,,,
6.66525,7.72E-07,-0.002358126,,,,,,,,,,,,,,
6.66535,2.35E-06,-0.001755784,,,,,,,,,,,,,,
6.66545,3.01E-06,-0.001640945,,,,,,,,,,,,,,
6.66555,3.40E-06,-0.001234576,,,,,,,,,,,,,,
6.66565,3.59E-06,-0.00152498,,,,,,,,,,,,,,
6.66575,3.70E-06,-0.001425904,,,,,,,,,,,,,,
6.66585,3.77E-06,-0.001404934,,,,,,,,,,,,,,
6.66595,3.82E-06,-0.001449265,,,,,,,,,,,,,,
6.66605,1.02E-05,-3.333226681,,,,,,,,,,,,,,
6.66615,4.45E-06,-9.995629311,,,,,,,,,,,,,,
6.66625,1.15E-06,-9.996117592,,,,,,,,,,,,,,
6.66635,4.17E-07,-9.996736526,,,,,,,,,,,,,,
6.66645,1.25E-07,-9.99678421,,,,,,,,,,,,,,
6.66655,-3.10E-08,-9.996869087,,,,,,,,,,,,,,
6.66665,-7.49E-08,-9.996897697,,,,,,,,,,,,,,
6.66675,-9.38E-08,-9.997351646,,,,,,,,,,,,,,
6.66685,-1.08E-07,-9.99746418,,,,,,,,,,,,,,
6.66695,-1.24E-07,-9.99750042,,,,,,,,,,,,,,
6.66705,-7.17E-06,-6.675755501,,,,,,,,,,,,,,
6.66715,-3.64E-06,-0.002645646,,,,,,,,,,,,,,
6.66725,8.06E-07,-0.002428915,,,,,,,,,,,,,,
6.66735,2.32E-06,-0.002001717,,,,,,,,,,,,,,
6.66745,3.04E-06,-0.001563612,,,,,,,,,,,,,,
6.66755,3.38E-06,-0.001825166,,,,,,,,,,,,,,
6.66765,3.60E-06,-0.001885893,,,,,,,,,,,,,,
6.66775,3.73E-06,-0.001802156,,,,,,,,,,,,,,
6.66785,3.80E-06,-0.001574097,,,,,,,,,,,,,,
6.66795,3.80E-06,-0.001550664,,,,,,,,,,,,,,
6.66805,1.02E-05,-3.313513041,,,,,,,,,,,,,,
6.66815,4.48E-06,-9.995550156,,,,,,,,,,,,,,
6.66825,1.16E-06,-9.995952606,,,,,,,,,,,,,,
6.66835,4.51E-07,-9.996479034,,,,,,,,,,,,,,
6.66845,1.66E-07,-9.996734619,,,,,,,,,,,,,,
6.66855,4.37E-08,-9.996756554,,,,,,,,,,,,,,
6.66865,-4.35E-08,-9.996845245,,,,,,,,,,,,,,
6.66875,-7.24E-08,-9.996853828,,,,,,,,,,,,,,
6.66885,-1.27E-07,-9.996870041,,,,,,,,,,,,,,
6.66895,-1.31E-07,-9.996992111,,,,,,,,,,,,,,
6.66905,-7.13E-06,-6.695263386,,,,,,,,,,,,,,
6.66915,-3.65E-06,-0.002670978,,,,,,,,,,,,,,
6.66925,7.50E-07,-0.002424904,,,,,,,,,,,,,,
6.66935,2.31E-06,-0.001696465,,,,,,,,,,,,,,
6.66945,3.03E-06,-0.001849091,,,,,,,,,,,,,,
6.66955,3.37E-06,-0.00160738,,,,,,,,,,,,,,
6.66965,3.60E-06,-0.001628138,,,,,,,,,,,,,,
6.66975,3.68E-06,-0.001714901,,,,,,,,,,,,,,
6.66985,3.75E-06,-0.001496763,,,,,,,,,,,,,,
6.66995,3.76E-06,-0.001730382,,,,,,,,,,,,,,
6.67005,1.02E-05,-3.293514729,,,,,,,,,,,,,,
6.67015,4.47E-06,-9.996286392,,,,,,,,,,,,,,
6.67025,1.15E-06,-9.995934486,,,,,,,,,,,,,,
6.67035,3.90E-07,-9.996736526,,,,,,,,,,,,,,
6.67045,1.12E-07,-9.996770859,,,,,,,,,,,,,,
6.67055,-8.17E-09,-9.996956825,,,,,,,,,,,,,,
6.67065,-4.15E-08,-9.997123718,,,,,,,,,,,,,,
6.67075,-8.00E-08,-9.997486115,,,,,,,,,,,,,,
6.67085,-1.06E-07,-9.997496605,,,,,,,,,,,,,,
6.67095,-1.22E-07,-9.997265816,,,,,,,,,,,,,,
6.67105,-7.13E-06,-6.715450287,,,,,,,,,,,,,,
6.67115,-3.67E-06,-0.003007332,,,,,,,,,,,,,,
6.67125,7.78E-07,-0.002587734,,,,,,,,,,,,,,
6.67135,2.28E-06,-0.001896588,,,,,,,,,,,,,,
6.67145,2.98E-06,-0.001758317,,,,,,,,,,,,,,
6.67155,3.39E-06,-0.001646715,,,,,,,,,,,,,,
6.67165,3.58E-06,-0.001738755,,,,,,,,,,,,,,
6.67175,3.69E-06,-0.001816229,,,,,,,,,,,,,,
6.67185,3.80E-06,-0.001665855,,,,,,,,,,,,,,
6.67195,3.85E-06,-0.001922765,,,,,,,,,,,,,,
6.67205,1.02E-05,-3.273735523,,,,,,,,,,,,,,
6.67215,4.50E-06,-9.996320724,,,,,,,,,,,,,,
6.67225,1.15E-06,-9.996668816,,,,,,,,,,,,,,
6.67235,3.95E-07,-9.996817589,,,,,,,,,,,,,,
6.67245,1.53E-07,-9.996796608,,,,,,,,,,,,,,
6.67255,3.75E-08,-9.996963501,,,,,,,,,,,,,,
6.67265,-2.75E-08,-9.997161865,,,,,,,,,,,,,,
6.67275,-7.44E-08,-9.997053146,,,,,,,,,,,,,,
6.67285,-1.09E-07,-9.997166634,,,,,,,,,,,,,,
6.67295,-1.12E-07,-9.997113228,,,,,,,,,,,,,,
6.67305,-7.10E-06,-6.735198498,,,,,,,,,,,,,,
6.67315,-3.64E-06,-0.002892986,,,,,,,,,,,,,,
6.67325,8.03E-07,-0.002642549,,,,,,,,,,,,,,
6.67335,2.34E-06,-0.001595066,,,,,,,,,,,,,,
6.67345,3.00E-06,-0.001343504,,,,,,,,,,,,,,
6.67355,3.39E-06,-0.001570508,,,,,,,,,,,,,,
6.67365,3.59E-06,-0.001461228,,,,,,,,,,,,,,
6.67375,3.71E-06,-0.001329782,,,,,,,,,,,,,,
6.67385,3.78E-06,-0.00124696,,,,,,,,,,,,,,
6.67395,3.84E-06,-0.001479734,,,,,,,,,,,,,,
6.67405,1.02E-05,-3.253463745,,,,,,,,,,,,,,
6.67415,4.52E-06,-9.995785713,,,,,,,,,,,,,,
6.67425,1.16E-06,-9.99594593,,,,,,,,,,,,,,
6.67435,4.55E-07,-9.996273994,,,,,,,,,,,,,,
6.67445,1.57E-07,-9.996506691,,,,,,,,,,,,,,
6.67455,1.10E-08,-9.996481895,,,,,,,,,,,,,,
6.67465,-3.62E-08,-9.996843338,,,,,,,,,,,,,,
6.67475,-5.40E-08,-9.996827126,,,,,,,,,,,,,,
6.67485,-9.10E-08,-9.996883392,,,,,,,,,,,,,,
6.67495,-9.16E-08,-9.996847153,,,,,,,,,,,,,,
6.67505,-7.08E-06,-6.754654884,,,,,,,,,,,,,,
6.67515,-3.68E-06,-0.002360518,,,,,,,,,,,,,,
6.67525,7.91E-07,-0.00220163,,,,,,,,,,,,,,
6.67535,2.34E-06,-0.001597529,,,,,,,,,,,,,,
6.67545,3.02E-06,-0.00169358,,,,,,,,,,,,,,
6.67555,3.39E-06,-0.001550735,,,,,,,,,,,,,,
6.67565,3.59E-06,-0.001576419,,,,,,,,,,,,,,
6.67575,3.70E-06,-0.001604847,,,,,,,,,,,,,,
6.67585,3.76E-06,-0.001288477,,,,,,,,,,,,,,
6.67595,3.83E-06,-0.001425763,,,,,,,,,,,,,,
6.67605,1.02E-05,-3.233490944,,,,,,,,,,,,,,
6.67615,4.53E-06,-9.995965004,,,,,,,,,,,,,,
6.67625,1.18E-06,-9.996449471,,,,,,,,,,,,,,
6.67635,4.33E-07,-9.996972084,,,,,,,,,,,,,,
6.67645,1.45E-07,-9.996592522,,,,,,,,,,,,,,
6.67655,7.46E-09,-9.996861458,,,,,,,,,,,,,,
6.67665,-1.47E-08,-9.997202873,,,,,,,,,,,,,,
6.67675,-5.20E-08,-9.997040749,,,,,,,,,,,,,,
6.67685,-9.57E-08,-9.996746063,,,,,,,,,,,,,,
6.67695,-9.91E-08,-9.997359276,,,,,,,,,,,,,,
6.67705,-7.01E-06,-6.774880886,,,,,,,,,,,,,,
6.67715,-3.67E-06,-0.002541784,,,,,,,,,,,,,,
6.67725,7.89E-07,-0.002090239,,,,,,,,,,,,,,
6.67735,2.34E-06,-0.001821507,,,,,,,,,,,,,,
6.67745,3.07E-06,-0.001814611,,,,,,,,,,,,,,
6.67755,3.40E-06,-0.001769787,,,,,,,,,,,,,,
6.67765,3.59E-06,-0.001649811,,,,,,,,,,,,,,
6.67775,3.71E-06,-0.001602806,,,,,,,,,,,,,,
6.67785,3.77E-06,-0.001516114,,,,,,,,,,,,,,
6.67795,3.79E-06,-0.001533495,,,,,,,,,,,,,,
6.67805,1.01E-05,-3.213568211,,,,,,,,,,,,,,
6.67815,4.56E-06,-9.996164322,,,,,,,,,,,,,,
6.67825,1.14E-06,-9.996470451,,,,,,,,,,,,,,
6.67835,4.31E-07,-9.997016907,,,,,,,,,,,,,,
6.67845,1.59E-07,-9.99702549,,,,,,,,,,,,,,
6.67855,1.82E-08,-9.997123718,,,,,,,,,,,,,,
6.67865,-4.98E-08,-9.997413635,,,,,,,,,,,,,,
6.67875,-9.45E-08,-9.997486115,,,,,,,,,,,,,,
6.67885,-9.77E-08,-9.997286797,,,,,,,,,,,,,,
6.67895,-1.23E-07,-9.997308731,,,,,,,,,,,,,,
6.67905,-7.06E-06,-6.79510498,,,,,,,,,,,,,,
6.67915,-3.73E-06,-0.00263889,,,,,,,,,,,,,,
6.67925,7.70E-07,-0.002247509,,,,,,,,,,,,,,
6.67935,2.32E-06,-0.00191404,,,,,,,,,,,,,,
6.67945,3.04E-06,-0.001726019,,,,,,,,,,,,,,
6.67955,3.40E-06,-0.001645871,,,,,,,,,,,,,,
6.67965,3.62E-06,-0.001348218,,,,,,,,,,,,,,
6.67975,3.75E-06,-0.001841773,,,,,,,,,,,,,,
6.67985,3.81E-06,-0.001727004,,,,,,,,,,,,,,
6.67995,3.84E-06,-0.001568045,,,,,,,,,,,,,,
6.68005,1.02E-05,-3.193566561,,,,,,,,,,,,,,
6.68015,4.59E-06,-9.995810509,,,,,,,,,,,,,,
6.68025,1.18E-06,-9.99609375,,,,,,,,,,,,,,
6.68035,4.54E-07,-9.996715546,,,,,,,,,,,,,,
6.68045,1.67E-07,-9.996458054,,,,,,,,,,,,,,
6.68055,3.70E-08,-9.996847153,,,,,,,,,,,,,,
6.68065,-2.17E-08,-9.996853828,,,,,,,,,,,,,,
6.68075,-8.13E-08,-9.996821404,,,,,,,,,,,,,,
6.68085,-9.57E-08,-9.996912003,,,,,,,,,,,,,,
6.68095,-8.94E-08,-9.996833801,,,,,,,,,,,,,,
6.68105,-7.03E-06,-6.814849377,,,,,,,,,,,,,,
6.68115,-3.77E-06,-0.002415405,,,,,,,,,,,,,,
6.68125,7.75E-07,-0.002029723,,,,,,,,,,,,,,
6.68135,2.30E-06,-0.001471431,,,,,,,,,,,,,,
6.68145,3.02E-06,-0.001386428,,,,,,,,,,,,,,
6.68155,3.40E-06,-0.001297202,,,,,,,,,,,,,,
6.68165,3.59E-06,-0.001364543,,,,,,,,,,,,,,
6.68175,3.72E-06,-0.001372988,,,,,,,,,,,,,,
6.68185,3.80E-06,-0.001462424,,,,,,,,,,,,,,
6.68195,3.83E-06,-0.001254841,,,,,,,,,,,,,,
6.68205,1.01E-05,-3.173376799,,,,,,,,,,,,,,
6.68215,4.58E-06,-9.995702744,,,,,,,,,,,,,,
6.68225,1.19E-06,-9.996173859,,,,,,,,,,,,,,
6.68235,4.38E-07,-9.996504784,,,,,,,,,,,,,,
6.68245,1.69E-07,-9.996660233,,,,,,,,,,,,,,
6.68255,2.79E-08,-9.996780396,,,,,,,,,,,,,,
6.68265,-2.61E-08,-9.996742249,,,,,,,,,,,,,,
6.68275,-1.05E-07,-9.996813774,,,,,,,,,,,,,,
6.68285,-9.67E-08,-9.997046471,,,,,,,,,,,,,,
6.68295,-1.15E-07,-9.996993065,,,,,,,,,,,,,,
6.68305,-7.00E-06,-6.835021973,,,,,,,,,,,,,,
6.68315,-3.74E-06,-0.002375577,,,,,,,,,,,,,,
6.68325,7.91E-07,-0.00191601,,,,,,,,,,,,,,
6.68335,2.33E-06,-0.001493174,,,,,,,,,,,,,,
6.68345,3.02E-06,-0.001620961,,,,,,,,,,,,,,
6.68355,3.43E-06,-0.001302832,,,,,,,,,,,,,,
6.68365,3.61E-06,-0.001238446,,,,,,,,,,,,,,
6.68375,3.74E-06,-0.001273559,,,,,,,,,,,,,,
6.68385,3.81E-06,-0.001386005,,,,,,,,,,,,,,
6.68395,3.85E-06,-0.001414926,,,,,,,,,,,,,,
6.68405,1.01E-05,-3.153751373,,,,,,,,,,,,,,
6.68415,4.59E-06,-9.995825768,,,,,,,,,,,,,,
6.68425,1.19E-06,-9.996293068,,,,,,,,,,,,,,
6.68435,4.61E-07,-9.996761322,,,,,,,,,,,,,,
6.68445,1.76E-07,-9.996854782,,,,,,,,,,,,,,
6.68455,6.70E-08,-9.99691391,,,,,,,,,,,,,,
6.68465,4.36E-09,-9.997014046,,,,,,,,,,,,,,
6.68475,-5.01E-08,-9.997071266,,,,,,,,,,,,,,
6.68485,-8.72E-08,-9.996866226,,,,,,,,,,,,,,
6.68495,-1.04E-07,-9.997091293,,,,,,,,,,,,,,
6.68505,-6.93E-06,-6.854854584,,,,,,,,,,,,,,
6.68515,-3.76E-06,-0.002397531,,,,,,,,,,,,,,
6.68525,8.05E-07,-0.002006572,,,,,,,,,,,,,,
6.68535,2.36E-06,-0.00130445,,,,,,,,,,,,,,
6.68545,3.03E-06,-0.00136201,,,,,,,,,,,,,,
6.68555,3.43E-06,-0.001407467,,,,,,,,,,,,,,
6.68565,3.65E-06,-0.001343644,,,,,,,,,,,,,,
6.68575,3.76E-06,-0.001248297,,,,,,,,,,,,,,
6.68585,3.82E-06,-0.001229298,,,,,,,,,,,,,,
6.68595,3.89E-06,-0.001110026,,,,,,,,,,,,,,
6.68605,1.01E-05,-3.133663893,,,,,,,,,,,,,,
6.68615,4.63E-06,-9.995891571,,,,,,,,,,,,,,
6.68625,1.19E-06,-9.995837212,,,,,,,,,,,,,,
6.68635,4.44E-07,-9.996595383,,,,,,,,,,,,,,
6.68645,1.82E-07,-9.996774673,,,,,,,,,,,,,,
6.68655,5.87E-08,-9.996922493,,,,,,,,,,,,,,
6.68665,-1.96E-08,-9.996957779,,,,,,,,,,,,,,
6.68675,-2.86E-08,-9.997040749,,,,,,,,,,,,,,
6.68685,-8.79E-08,-9.996462822,,,,,,,,,,,,,,
6.68695,-1.03E-07,-9.996630669,,,,,,,,,,,,,,
6.68705,-6.92E-06,-6.874544621,,,,,,,,,,,,,,
6.68715,-3.79E-06,-0.002340745,,,,,,,,,,,,,,
6.68725,7.69E-07,-0.002191356,,,,,,,,,,,,,,
6.68735,2.32E-06,-0.001497607,,,,,,,,,,,,,,
6.68745,3.05E-06,-0.001396701,,,,,,,,,,,,,,
6.68755,3.43E-06,-0.001448773,,,,,,,,,,,,,,
6.68765,3.65E-06,-0.001238657,,,,,,,,,,,,,,
6.68775,3.76E-06,-0.001183348,,,,,,,,,,,,,,
6.68785,3.84E-06,-0.001176945,,,,,,,,,,,,,,
6.68795,3.86E-06,-0.001286788,,,,,,,,,,,,,,
6.68805,1.01E-05,-3.113309622,,,,,,,,,,,,,,
6.68815,4.65E-06,-9.995552063,,,,,,,,,,,,,,
6.68825,1.20E-06,-9.99582386,,,,,,,,,,,,,,
6.68835,4.34E-07,-9.995963097,,,,,,,,,,,,,,
6.68845,1.58E-07,-9.996248245,,,,,,,,,,,,,,
6.68855,3.10E-08,-9.996556282,,,,,,,,,,,,,,
6.68865,-4.55E-08,-9.996744156,,,,,,,,,,,,,,
6.68875,-8.01E-08,-9.996741295,,,,,,,,,,,,,,
6.68885,-1.08E-07,-9.99693203,,,,,,,,,,,,,,
6.68895,-1.07E-07,-9.996848106,,,,,,,,,,,,,,
6.68905,-6.92E-06,-6.895093441,,,,,,,,,,,,,,
6.68915,-3.81E-06,-0.002782158,,,,,,,,,,,,,,
6.68925,7.60E-07,-0.002258064,,,,,,,,,,,,,,
6.68935,2.32E-06,-0.00183361,,,,,,,,,,,,,,
6.68945,3.05E-06,-0.001396842,,,,,,,,,,,,,,
6.68955,3.39E-06,-0.001236124,,,,,,,,,,,,,,
6.68965,3.61E-06,-0.001283199,,,,,,,,,,,,,,
6.68975,3.76E-06,-0.001511892,,,,,,,,,,,,,,
6.68985,3.81E-06,-0.001305224,,,,,,,,,,,,,,
6.68995,3.83E-06,-0.00111073,,,,,,,,,,,,,,
6.69005,1.01E-05,-3.093473196,,,,,,,,,,,,,,
6.69015,4.68E-06,-9.995575905,,,,,,,,,,,,,,
6.69025,1.19E-06,-9.99569416,,,,,,,,,,,,,,
6.69035,4.29E-07,-9.996153831,,,,,,,,,,,,,,
6.69045,1.58E-07,-9.996758461,,,,,,,,,,,,,,
6.69055,6.18E-08,-9.996823311,,,,,,,,,,,,,,
6.69065,-1.97E-08,-9.996652603,,,,,,,,,,,,,,
6.69075,-8.41E-08,-9.996906281,,,,,,,,,,,,,,
6.69085,-7.85E-08,-9.996797562,,,,,,,,,,,,,,
6.69095,-1.11E-07,-9.996709824,,,,,,,,,,,,,,
6.69105,-6.93E-06,-6.915031433,,,,,,,,,,,,,,
6.69115,-3.80E-06,-0.002621228,,,,,,,,,,,,,,
6.69125,7.91E-07,-0.002345178,,,,,,,,,,,,,,
6.69135,2.32E-06,-0.001772672,,,,,,,,,,,,,,
6.69145,3.04E-06,-0.001815244,,,,,,,,,,,,,,
6.69155,3.39E-06,-0.001617372,,,,,,,,,,,,,,
6.69165,3.61E-06,-0.001471009,,,,,,,,,,,,,,
6.69175,3.73E-06,-0.001472768,,,,,,,,,,,,,,
6.69185,3.81E-06,-0.001321549,,,,,,,,,,,,,,
6.69195,3.83E-06,-0.001344911,,,,,,,,,,,,,,
6.69205,1.01E-05,-3.073478937,,,,,,,,,,,,,,
6.69215,4.71E-06,-9.995617867,,,,,,,,,,,,,,
6.69225,1.24E-06,-9.996084213,,,,,,,,,,,,,,
6.69235,4.35E-07,-9.996807098,,,,,,,,,,,,,,
6.69245,1.71E-07,-9.996881485,,,,,,,,,,,,,,
6.69255,6.90E-08,-9.99707222,,,,,,,,,,,,,,
6.69265,-2.46E-08,-9.996827126,,,,,,,,,,,,,,
6.69275,-6.06E-08,-9.996883392,,,,,,,,,,,,,,
6.69285,-7.67E-08,-9.996865273,,,,,,,,,,,,,,
6.69295,-6.66E-08,-9.997069359,,,,,,,,,,,,,,
6.69305,-6.87E-06,-6.93492794,,,,,,,,,,,,,,
6.69315,-3.85E-06,-0.00236094,,,,,,,,,,,,,,
6.69325,7.83E-07,-0.00202536,,,,,,,,,,,,,,
6.69335,2.32E-06,-0.001277218,,,,,,,,,,,,,,
6.69345,3.06E-06,-0.001352229,,,,,,,,,,,,,,
6.69355,3.45E-06,-0.001498311,,,,,,,,,,,,,,
6.69365,3.63E-06,-0.001467209,,,,,,,,,,,,,,
6.69375,3.75E-06,-0.001130081,,,,,,,,,,,,,,
6.69385,3.81E-06,-0.001475372,,,,,,,,,,,,,,
6.69395,3.89E-06,-0.001189611,,,,,,,,,,,,,,
6.69405,1.01E-05,-3.053080082,,,,,,,,,,,,,,
6.69415,4.74E-06,-9.995571136,,,,,,,,,,,,,,
6.69425,1.21E-06,-9.996219635,,,,,,,,,,,,,,
6.69435,4.37E-07,-9.996649742,,,,,,,,,,,,,,
6.69445,1.73E-07,-9.996589661,,,,,,,,,,,,,,
6.69455,5.97E-08,-9.996746063,,,,,,,,,,,,,,
6.69465,-3.90E-08,-9.996979713,,,,,,,,,,,,,,
6.69475,-6.79E-08,-9.997033119,,,,,,,,,,,,,,
6.69485,-7.06E-08,-9.996868134,,,,,,,,,,,,,,
6.69495,-7.15E-08,-9.997131348,,,,,,,,,,,,,,
6.69505,-6.87E-06,-6.954544544,,,,,,,,,,,,,,
6.69515,-3.88E-06,-0.002206907,,,,,,,,,,,,,,
6.69525,7.60E-07,-0.001911295,,,,,,,,,,,,,,
6.69535,2.30E-06,-0.001446943,,,,,,,,,,,,,,
6.69545,3.02E-06,-0.001525754,,,,,,,,,,,,,,
6.69555,3.41E-06,-0.001558756,,,,,,,,,,,,,,
6.69565,3.63E-06,-0.001494159,,,,,,,,,,,,,,
6.69575,3.74E-06,-0.001485786,,,,,,,,,,,,,,
6.69585,3.85E-06,-0.001582892,,,,,,,,,,,,,,
6.69595,3.88E-06,-0.001171738,,,,,,,,,,,,,,
6.69605,1.01E-05,-3.033026695,,,,,,,,,,,,,,
6.69615,4.74E-06,-9.995426178,,,,,,,,,,,,,,
6.69625,1.23E-06,-9.99571991,,,,,,,,,,,,,,
6.69635,4.59E-07,-9.99622345,,,,,,,,,,,,,,
6.69645,1.64E-07,-9.996472359,,,,,,,,,,,,,,
6.69655,4.32E-08,-9.996078491,,,,,,,,,,,,,,
6.69665,-3.74E-08,-9.996478081,,,,,,,,,,,,,,
6.69675,-6.49E-08,-9.996666908,,,,,,,,,,,,,,
6.69685,-6.90E-08,-9.996417999,,,,,,,,,,,,,,
6.69695,-9.22E-08,-9.996490479,,,,,,,,,,,,,,
6.69705,-6.84E-06,-6.974543571,,,,,,,,,,,,,,
6.69715,-3.86E-06,-0.002396968,,,,,,,,,,,,,,
6.69725,7.80E-07,-0.002033804,,,,,,,,,,,,,,
6.69735,2.36E-06,-0.001487193,,,,,,,,,,,,,,
6.69745,3.06E-06,-0.001518577,,,,,,,,,,,,,,
6.69755,3.43E-06,-0.001432307,,,,,,,,,,,,,,
6.69765,3.66E-06,-0.001226554,,,,,,,,,,,,,,
6.69775,3.74E-06,-0.001146265,,,,,,,,,,,,,,
6.69785,3.79E-06,-0.001165194,,,,,,,,,,,,,,
6.69795,3.87E-06,-0.001152739,,,,,,,,,,,,,,
6.69805,1.00E-05,-3.013360739,,,,,,,,,,,,,,
6.69815,4.75E-06,-9.995802879,,,,,,,,,,,,,,
6.69825,1.18E-06,-9.996191978,,,,,,,,,,,,,,
6.69835,4.77E-07,-9.996696472,,,,,,,,,,,,,,
6.69845,1.60E-07,-9.996725082,,,,,,,,,,,,,,
6.69855,4.56E-08,-9.996949196,,,,,,,,,,,,,,
6.69865,-9.69E-09,-9.997037888,,,,,,,,,,,,,,
6.69875,-7.21E-08,-9.996623993,,,,,,,,,,,,,,
6.69885,-1.17E-07,-9.996344566,,,,,,,,,,,,,,
6.69895,-9.34E-08,-9.99670887,,,,,,,,,,,,,,
6.69905,-6.79E-06,-6.994798183,,,,,,,,,,,,,,
6.69915,-3.88E-06,-0.002544669,,,,,,,,,,,,,,
6.69925,7.51E-07,-0.002209018,,,,,,,,,,,,,,
6.69935,2.31E-06,-0.001849865,,,,,,,,,,,,,,
6.69945,3.03E-06,-0.001840928,,,,,,,,,,,,,,
6.69955,3.39E-06,-0.00158817,,,,,,,,,,,,,,
6.69965,3.58E-06,-0.001577404,,,,,,,,,,,,,,
6.69975,3.71E-06,-0.001302269,,,,,,,,,,,,,,
6.69985,3.79E-06,-0.001573182,,,,,,,,,,,,,,
6.69995,3.85E-06,-0.001569382,,,,,,,,,,,,,,
6.70005,1.01E-05,-2.993772268,,,,,,,,,,,,,,
6.70015,4.75E-06,-9.995808601,,,,,,,,,,,,,,
6.70025,1.21E-06,-9.996182442,,,,,,,,,,,,,,
6.70035,4.29E-07,-9.996679306,,,,,,,,,,,,,,
6.70045,1.58E-07,-9.996829033,,,,,,,,,,,,,,
6.70055,2.36E-08,-9.996986389,,,,,,,,,,,,,,
6.70065,-3.26E-08,-9.996993065,,,,,,,,,,,,,,
6.70075,-4.37E-08,-9.996656418,,,,,,,,,,,,,,
6.70085,-8.25E-08,-9.996905327,,,,,,,,,,,,,,
6.70095,-1.28E-07,-9.996907234,,,,,,,,,,,,,,
6.70105,-6.83E-06,-7.015050888,,,,,,,,,,,,,,
6.70115,-3.91E-06,-0.002756122,,,,,,,,,,,,,,
6.70125,7.27E-07,-0.002298525,,,,,,,,,,,,,,
6.70135,2.28E-06,-0.002008965,,,,,,,,,,,,,,
6.70145,3.02E-06,-0.001993132,,,,,,,,,,,,,,
6.70155,3.38E-06,-0.002005376,,,,,,,,,,,,,,
6.70165,3.59E-06,-0.001575222,,,,,,,,,,,,,,
6.70175,3.71E-06,-0.001681125,,,,,,,,,,,,,,
6.70185,3.79E-06,-0.001774291,,,,,,,,,,,,,,
6.70195,3.83E-06,-0.001673736,,,,,,,,,,,,,,
6.70205,1.00E-05,-2.973916769,,,,,,,,,,,,,,
6.70215,4.78E-06,-9.99574852,,,,,,,,,,,,,,
6.70225,1.20E-06,-9.996074677,,,,,,,,,,,,,,
6.70235,4.29E-07,-9.996650696,,,,,,,,,,,,,,
6.70245,1.51E-07,-9.996803284,,,,,,,,,,,,,,
6.70255,1.61E-08,-9.996809959,,,,,,,,,,,,,,
6.70265,-5.44E-08,-9.996941566,,,,,,,,,,,,,,
6.70275,-5.11E-08,-9.997121811,,,,,,,,,,,,,,
6.70285,-7.42E-08,-9.996984482,,,,,,,,,,,,,,
6.70295,-1.08E-07,-9.997097969,,,,,,,,,,,,,,
6.70305,-6.78E-06,-7.034668922,,,,,,,,,,,,,,
6.70315,-3.91E-06,-0.002329838,,,,,,,,,,,,,,
6.70325,7.81E-07,-0.002269252,,,,,,,,,,,,,,
6.70335,2.34E-06,-0.001553549,,,,,,,,,,,,,,
6.70345,3.06E-06,-0.00163039,,,,,,,,,,,,,,
6.70355,3.44E-06,-0.001377632,,,,,,,,,,,,,,
6.70365,3.65E-06,-0.001341182,,,,,,,,,,,,,,
6.70375,3.75E-06,-0.001348218,,,,,,,,,,,,,,
6.70385,3.83E-06,-0.00150577,,,,,,,,,,,,,,
6.70395,3.87E-06,-0.001629335,,,,,,,,,,,,,,
6.70405,1.00E-05,-2.953560591,,,,,,,,,,,,,,
6.70415,4.82E-06,-9.995700836,,,,,,,,,,,,,,
6.70425,1.24E-06,-9.996063232,,,,,,,,,,,,,,
6.70435,4.81E-07,-9.996271133,,,,,,,,,,,,,,
6.70445,1.56E-07,-9.99636364,,,,,,,,,,,,,,
6.70455,4.50E-08,-9.996703148,,,,,,,,,,,,,,
6.70465,-3.47E-08,-9.996866226,,,,,,,,,,,,,,
6.70475,-9.88E-08,-9.996767044,,,,,,,,,,,,,,
6.70485,-1.11E-07,-9.996850014,,,,,,,,,,,,,,
6.70495,-1.25E-07,-9.996738434,,,,,,,,,,,,,,
6.70505,-6.82E-06,-7.054673672,,,,,,,,,,,,,,
6.70515,-3.99E-06,-0.002577952,,,,,,,,,,,,,,
6.70525,7.26E-07,-0.002214788,,,,,,,,,,,,,,
6.70535,2.29E-06,-0.00159401,,,,,,,,,,,,,,
6.70545,2.99E-06,-0.001698224,,,,,,,,,,,,,,
6.70555,3.37E-06,-0.00154595,,,,,,,,,,,,,,
6.70565,3.60E-06,-0.001421681,,,,,,,,,,,,,,
6.70575,3.69E-06,-0.001536239,,,,,,,,,,,,,,
6.70585,3.75E-06,-0.001651148,,,,,,,,,,,,,,
6.70595,3.81E-06,-0.00136771,,,,,,,,,,,,,,
6.70605,9.97E-06,-2.933704853,,,,,,,,,,,,,,
6.70615,4.79E-06,-9.995634079,,,,,,,,,,,,,,
6.70625,1.20E-06,-9.995733261,,,,,,,,,,,,,,
6.70635,4.21E-07,-9.996170998,,,,,,,,,,,,,,
6.70645,1.18E-07,-9.996340752,,,,,,,,,,,,,,
6.70655,-6.68E-09,-9.997069359,,,,,,,,,,,,,,
6.70665,-6.07E-08,-9.997150421,,,,,,,,,,,,,,
6.70675,-9.62E-08,-9.996875763,,,,,,,,,,,,,,
6.70685,-1.20E-07,-9.997051239,,,,,,,,,,,,,,
6.70695,-1.28E-07,-9.997045517,,,,,,,,,,,,,,
6.70705,-6.75E-06,-7.074631691,,,,,,,,,,,,,,
6.70715,-3.98E-06,-0.002676185,,,,,,,,,,,,,,
6.70725,7.37E-07,-0.002314498,,,,,,,,,,,,,,
6.70735,2.30E-06,-0.001636864,,,,,,,,,,,,,,
6.70745,3.03E-06,-0.001564808,,,,,,,,,,,,,,
6.70755,3.40E-06,-0.001452432,,,,,,,,,,,,,,
6.70765,3.62E-06,-0.001920091,,,,,,,,,,,,,,
6.70775,3.72E-06,-0.001662266,,,,,,,,,,,,,,
6.70785,3.82E-06,-0.001895674,,,,,,,,,,,,,,
6.70795,3.87E-06,-0.001580007,,,,,,,,,,,,,,
6.70805,1.00E-05,-2.91356945,,,,,,,,,,,,,,
6.70815,4.84E-06,-9.996127129,,,,,,,,,,,,,,
6.70825,1.21E-06,-9.996456146,,,,,,,,,,,,,,
6.70835,4.48E-07,-9.99683094,,,,,,,,,,,,,,
6.70845,1.45E-07,-9.996816635,,,,,,,,,,,,,,
6.70855,1.68E-08,-9.996651649,,,,,,,,,,,,,,
6.70865,-7.34E-08,-9.996792793,,,,,,,,,,,,,,
6.70875,-9.24E-08,-9.996697426,,,,,,,,,,,,,,
6.70885,-1.04E-07,-9.996915817,,,,,,,,,,,,,,
6.70895,-1.16E-07,-9.996699333,,,,,,,,,,,,,,
6.70905,-6.74E-06,-7.094244957,,,,,,,,,,,,,,
6.70915,-4.00E-06,-0.00236664,,,,,,,,,,,,,,
6.70925,7.09E-07,-0.002284029,,,,,,,,,,,,,,
6.70935,2.31E-06,-0.001980114,,,,,,,,,,,,,,
6.70945,3.03E-06,-0.001711383,,,,,,,,,,,,,,
6.70955,3.40E-06,-0.001527936,,,,,,,,,,,,,,
6.70965,3.63E-06,-0.001479101,,,,,,,,,,,,,,
6.70975,3.76E-06,-0.001589014,,,,,,,,,,,,,,
6.70985,3.83E-06,-0.001498241,,,,,,,,,,,,,,
6.70995,3.88E-06,-0.001622579,,,,,,,,,,,,,,
6.71005,9.99E-06,-2.89393115,,,,,,,,,,,,,,
6.71015,4.85E-06,-9.996038437,,,,,,,,,,,,,,
6.71025,1.22E-06,-9.996189117,,,,,,,,,,,,,,
6.71035,4.67E-07,-9.996880531,,,,,,,,,,,,,,
6.71045,1.83E-07,-9.996982574,,,,,,,,,,,,,,
6.71055,4.74E-08,-9.997330666,,,,,,,,,,,,,,
6.71065,-3.21E-08,-9.997204781,,,,,,,,,,,,,,
6.71075,-6.39E-08,-9.997096062,,,,,,,,,,,,,,
6.71085,-1.12E-07,-9.997061729,,,,,,,,,,,,,,
6.71095,-1.04E-07,-9.997240067,,,,,,,,,,,,,,
6.71105,-6.72E-06,-7.114612579,,,,,,,,,,,,,,
6.71115,-3.99E-06,-0.002799609,,,,,,,,,,,,,,
6.71125,7.17E-07,-0.002315413,,,,,,,,,,,,,,
6.71135,2.29E-06,-0.002034438,,,,,,,,,,,,,,
6.71145,3.01E-06,-0.001821507,,,,,,,,,,,,,,
6.71155,3.38E-06,-0.001681476,,,,,,,,,,,,,,
6.71165,3.59E-06,-0.001497607,,,,,,,,,,,,,,
6.71175,3.69E-06,-0.001650234,,,,,,,,,,,,,,
6.71185,3.80E-06,-0.001384387,,,,,,,,,,,,,,
6.71195,3.84E-06,-0.001216773,,,,,,,,,,,,,,
6.71205,9.94E-06,-2.873558521,,,,,,,,,,,,,,
6.71215,4.84E-06,-9.995378494,,,,,,,,,,,,,,
6.71225,1.21E-06,-9.996021271,,,,,,,,,,,,,,
6.71235,4.09E-07,-9.996682167,,,,,,,,,,,,,,
6.71245,1.48E-07,-9.996573448,,,,,,,,,,,,,,
6.71255,-8.12E-09,-9.996750832,,,,,,,,,,,,,,
6.71265,-5.21E-08,-9.996916771,,,,,,,,,,,,,,
6.71275,-8.46E-08,-9.996987343,,,,,,,,,,,,,,
6.71285,-1.00E-07,-9.996973991,,,,,,,,,,,,,,
6.71295,-1.35E-07,-9.996832848,,,,,,,,,,,,,,
6.71305,-6.69E-06,-7.134763718,,,,,,,,,,,,,,
6.71315,-4.05E-06,-0.0027405,,,,,,,,,,,,,,
6.71325,7.17E-07,-0.002158143,,,,,,,,,,,,,,
6.71335,2.31E-06,-0.001686191,,,,,,,,,,,,,,
6.71345,3.04E-06,-0.001667896,,,,,,,,,,,,,,
6.71355,3.43E-06,-0.001686895,,,,,,,,,,,,,,
6.71365,3.64E-06,-0.001478257,,,,,,,,,,,,,,
6.71375,3.76E-06,-0.001671625,,,,,,,,,,,,,,
6.71385,3.84E-06,-0.001442932,,,,,,,,,,,,,,
6.71395,3.88E-06,-0.001590633,,,,,,,,,,,,,,
6.71405,9.99E-06,-2.853963614,,,,,,,,,,,,,,
6.71415,4.91E-06,-9.996127129,,,,,,,,,,,,,,
6.71425,1.27E-06,-9.996125221,,,,,,,,,,,,,,
6.71435,4.45E-07,-9.99665451,,,,,,,,,,,,,,
6.71445,1.68E-07,-9.996952057,,,,,,,,,,,,,,
6.71455,3.87E-08,-9.99713707,,,,,,,,,,,,,,
6.71465,-4.83E-08,-9.997057915,,,,,,,,,,,,,,
6.71475,-1.19E-07,-9.997032166,,,,,,,,,,,,,,
6.71485,-8.08E-08,-9.997179985,,,,,,,,,,,,,,
6.71495,-1.10E-07,-9.997515678,,,,,,,,,,,,,,
6.71505,-6.71E-06,-7.15487957,,,,,,,,,,,,,,
6.71515,-4.05E-06,-0.002504841,,,,,,,,,,,,,,
6.71525,6.83E-07,-0.002455725,,,,,,,,,,,,,,
6.71535,2.27E-06,-0.002091927,,,,,,,,,,,,,,
6.71545,3.03E-06,-0.002086157,,,,,,,,,,,,,,
6.71555,3.39E-06,-0.001663814,,,,,,,,,,,,,,
6.71565,3.62E-06,-0.001593588,,,,,,,,,,,,,,
6.71575,3.74E-06,-0.001790264,,,,,,,,,,,,,,
6.71585,3.78E-06,-0.00166107,,,,,,,,,,,,,,
6.71595,3.84E-06,-0.001423581,,,,,,,,,,,,,,
6.71605,9.91E-06,-2.833662271,,,,,,,,,,,,,,
6.71615,4.86E-06,-9.995951653,,,,,,,,,,,,,,
6.71625,1.21E-06,-9.996222496,,,,,,,,,,,,,,
6.71635,4.20E-07,-9.996912003,,,,,,,,,,,,,,
6.71645,1.48E-07,-9.996964455,,,,,,,,,,,,,,
6.71655,3.04E-08,-9.997168541,,,,,,,,,,,,,,
6.71665,-3.55E-08,-9.997106552,,,,,,,,,,,,,,
6.71675,-1.05E-07,-9.997430801,,,,,,,,,,,,,,
6.71685,-9.73E-08,-9.997202873,,,,,,,,,,,,,,
6.71695,-1.08E-07,-9.997441292,,,,,,,,,,,,,,
6.71705,-6.68E-06,-7.175076485,,,,,,,,,,,,,,
6.71715,-4.10E-06,-0.002955612,,,,,,,,,,,,,,
6.71725,7.17E-07,-0.002466772,,,,,,,,,,,,,,
6.71735,2.32E-06,-0.001938527,,,,,,,,,,,,,,
6.71745,3.05E-06,-0.001579867,,,,,,,,,,,,,,
6.71755,3.41E-06,-0.001777598,,,,,,,,,,,,,,
6.71765,3.66E-06,-0.001709342,,,,,,,,,,,,,,
6.71775,3.72E-06,-0.001753251,,,,,,,,,,,,,,
6.71785,3.79E-06,-0.001464535,,,,,,,,,,,,,,
6.71795,3.87E-06,-0.00133703,,,,,,,,,,,,,,
6.71805,9.91E-06,-2.813493967,,,,,,,,,,,,,,
6.71815,4.93E-06,-9.995686531,,,,,,,,,,,,,,
6.71825,1.25E-06,-9.9961586,,,,,,,,,,,,,,
6.71835,4.62E-07,-9.996815681,,,,,,,,,,,,,,
6.71845,1.63E-07,-9.996667862,,,,,,,,,,,,,,
6.71855,3.37E-08,-9.996829033,,,,,,,,,,,,,,
6.71865,-1.77E-08,-9.997070313,,,,,,,,,,,,,,
6.71875,-7.78E-08,-9.997210503,,,,,,,,,,,,,,
6.71885,-1.10E-07,-9.997286797,,,,,,,,,,,,,,
6.71895,-7.91E-08,-9.997288704,,,,,,,,,,,,,,
6.71905,-6.61E-06,-7.194591045,,,,,,,,,,,,,,
6.71915,-4.12E-06,-0.002450025,,,,,,,,,,,,,,
6.71925,6.87E-07,-0.002188823,,,,,,,,,,,,,,
6.71935,2.31E-06,-0.001622227,,,,,,,,,,,,,,
6.71945,3.02E-06,-0.001506544,,,,,,,,,,,,,,
6.71955,3.41E-06,-0.001584089,,,,,,,,,,,,,,
6.71965,3.62E-06,-0.001110448,,,,,,,,,,,,,,
6.71975,3.77E-06,-0.001301002,,,,,,,,,,,,,,
6.71985,3.83E-06,-0.00140789,,,,,,,,,,,,,,
6.71995,3.88E-06,-0.001570508,,,,,,,,,,,,,,
6.72005,9.93E-06,-2.793739319,,,,,,,,,,,,,,
6.72015,4.94E-06,-9.996097565,,,,,,,,,,,,,,
6.72025,1.23E-06,-9.996352196,,,,,,,,,,,,,,
6.72035,4.40E-07,-9.996700287,,,,,,,,,,,,,,
6.72045,1.38E-07,-9.996699333,,,,,,,,,,,,,,
6.72055,2.81E-08,-9.996946335,,,,,,,,,,,,,,
6.72065,-4.19E-08,-9.997067451,,,,,,,,,,,,,,
6.72075,-8.05E-08,-9.997211456,,,,,,,,,,,,,,
6.72085,-9.94E-08,-9.997110367,,,,,,,,,,,,,,
6.72095,-1.07E-07,-9.99697113,,,,,,,,,,,,,,
6.72105,-6.61E-06,-7.214918613,,,,,,,,,,,,,,
6.72115,-4.09E-06,-0.00252771,,,,,,,,,,,,,,
6.72125,7.20E-07,-0.002214085,,,,,,,,,,,,,,
6.72135,2.31E-06,-0.001791108,,,,,,,,,,,,,,
6.72145,3.03E-06,-0.001957104,,,,,,,,,,,,,,
6.72155,3.42E-06,-0.001928324,,,,,,,,,,,,,,
6.72165,3.65E-06,-0.001688935,,,,,,,,,,,,,,
6.72175,3.75E-06,-0.001674581,,,,,,,,,,,,,,
6.72185,3.84E-06,-0.001586129,,,,,,,,,,,,,,
6.72195,3.86E-06,-0.001421119,,,,,,,,,,,,,,
6.72205,9.88E-06,-2.773883581,,,,,,,,,,,,,,
6.72215,4.93E-06,-9.995676994,,,,,,,,,,,,,,
6.72225,1.20E-06,-9.996285439,,,,,,,,,,,,,,
6.72235,4.06E-07,-9.996787071,,,,,,,,,,,,,,
6.72245,1.16E-07,-9.996700287,,,,,,,,,,,,,,
6.72255,-1.94E-08,-9.9966259,,,,,,,,,,,,,,
6.72265,-7.99E-08,-9.996806145,,,,,,,,,,,,,,
6.72275,-1.06E-07,-9.997014999,,,,,,,,,,,,,,
6.72285,-1.60E-07,-9.996927261,,,,,,,,,,,,,,
6.72295,-1.74E-07,-9.997012138,,,,,,,,,,,,,,
6.72305,-6.65E-06,-7.234396935,,,,,,,,,,,,,,
6.72315,-4.16E-06,-0.00231478,,,,,,,,,,,,,,
6.72325,6.87E-07,-0.001721515,,,,,,,,,,,,,,
6.72335,2.26E-06,-0.001473049,,,,,,,,,,,,,,
6.72345,3.01E-06,-0.001564386,,,,,,,,,,,,,,
6.72355,3.40E-06,-0.001290517,,,,,,,,,,,,,,
6.72365,3.61E-06,-0.001548483,,,,,,,,,,,,,,
6.72375,3.75E-06,-0.001494019,,,,,,,,,,,,,,
6.72385,3.80E-06,-0.00137151,,,,,,,,,,,,,,
6.72395,3.85E-06,-0.001348992,,,,,,,,,,,,,,
6.72405,9.88E-06,-2.753810644,,,,,,,,,,,,,,
6.72415,4.95E-06,-9.995993614,,,,,,,,,,,,,,
6.72425,1.22E-06,-9.996437073,,,,,,,,,,,,,,
6.72435,4.22E-07,-9.996832848,,,,,,,,,,,,,,
6.72445,1.52E-07,-9.997156143,,,,,,,,,,,,,,
6.72455,1.68E-08,-9.997253418,,,,,,,,,,,,,,
6.72465,-6.37E-08,-9.996890068,,,,,,,,,,,,,,
6.72475,-1.01E-07,-9.997142792,,,,,,,,,,,,,,
6.72485,-1.03E-07,-9.997175217,,,,,,,,,,,,,,
6.72495,-1.07E-07,-9.996872902,,,,,,,,,,,,,,
6.72505,-6.58E-06,-7.254196167,,,,,,,,,,,,,,
6.72515,-4.14E-06,-0.002562964,,,,,,,,,,,,,,
6.72525,7.08E-07,-0.002098683,,,,,,,,,,,,,,
6.72535,2.31E-06,-0.001380376,,,,,,,,,,,,,,
6.72545,3.05E-06,-0.001477764,,,,,,,,,,,,,,
6.72555,3.45E-06,-0.001440329,,,,,,,,,,,,,,
6.72565,3.65E-06,-0.001102497,,,,,,,,,,,,,,
6.72575,3.75E-06,-0.000810262,,,,,,,,,,,,,,
6.72585,3.81E-06,-0.000964014,,,,,,,,,,,,,,
6.72595,3.87E-06,-0.001194677,,,,,,,,,,,,,,
6.72605,9.86E-06,-2.733361006,,,,,,,,,,,,,,
6.72615,4.98E-06,-9.995809555,,,,,,,,,,,,,,
6.72625,1.23E-06,-9.996210098,,,,,,,,,,,,,,
6.72635,4.15E-07,-9.996945381,,,,,,,,,,,,,,
6.72645,1.41E-07,-9.996734619,,,,,,,,,,,,,,
6.72655,2.63E-09,-9.996909142,,,,,,,,,,,,,,
6.72665,-8.42E-08,-9.997099876,,,,,,,,,,,,,,
6.72675,-7.55E-08,-9.997042656,,,,,,,,,,,,,,
6.72685,-1.04E-07,-9.996880531,,,,,,,,,,,,,,
6.72695,-1.31E-07,-9.997035027,,,,,,,,,,,,,,
6.72705,-6.59E-06,-7.274667263,,,,,,,,,,,,,,
6.72715,-4.20E-06,-0.002354819,,,,,,,,,,,,,,
6.72725,6.85E-07,-0.002028879,,,,,,,,,,,,,,
6.72735,2.28E-06,-0.001366584,,,,,,,,,,,,,,
6.72745,3.02E-06,-0.001334426,,,,,,,,,,,,,,
6.72755,3.41E-06,-0.001287562,,,,,,,,,,,,,,
6.72765,3.63E-06,-0.001195803,,,,,,,,,,,,,,
6.72775,3.75E-06,-0.00121621,,,,,,,,,,,,,,
6.72785,3.82E-06,-0.000888581,,,,,,,,,,,,,,
6.72795,3.86E-06,-0.000950082,,,,,,,,,,,,,,
6.72805,9.85E-06,-2.713720798,,,,,,,,,,,,,,
6.72815,5.01E-06,-9.995735168,,,,,,,,,,,,,,
6.72825,1.29E-06,-9.996445656,,,,,,,,,,,,,,
6.72835,4.57E-07,-9.99683094,,,,,,,,,,,,,,
6.72845,1.40E-07,-9.996813774,,,,,,,,,,,,,,
6.72855,2.98E-08,-9.996953011,,,,,,,,,,,,,,
6.72865,-3.63E-08,-9.997241974,,,,,,,,,,,,,,
6.72875,-6.94E-08,-9.997056007,,,,,,,,,,,,,,
6.72885,-9.85E-08,-9.996862411,,,,,,,,,,,,,,
6.72895,-1.17E-07,-9.997067451,,,,,,,,,,,,,,
6.72905,-6.51E-06,-7.294642925,,,,,,,,,,,,,,
6.72915,-4.18E-06,-0.002637835,,,,,,,,,,,,,,
6.72925,6.79E-07,-0.002126689,,,,,,,,,,,,,,
6.72935,2.32E-06,-0.001862812,,,,,,,,,,,,,,
6.72945,3.02E-06,-0.001552916,,,,,,,,,,,,,,
6.72955,3.42E-06,-0.00140036,,,,,,,,,,,,,,
6.72965,3.61E-06,-0.001373269,,,,,,,,,,,,,,
6.72975,3.71E-06,-0.001497748,,,,,,,,,,,,,,
6.72985,3.80E-06,-0.001245201,,,,,,,,,,,,,,
6.72995,3.86E-06,-0.001510414,,,,,,,,,,,,,,
6.73005,9.83E-06,-2.693545818,,,,,,,,,,,,,,
6.73015,5.01E-06,-9.9954319,,,,,,,,,,,,,,
6.73025,1.24E-06,-9.995749474,,,,,,,,,,,,,,
6.73035,4.36E-07,-9.996501923,,,,,,,,,,,,,,
6.73045,1.49E-07,-9.996378899,,,,,,,,,,,,,,
6.73055,3.81E-08,-9.996863365,,,,,,,,,,,,,,
6.73065,-2.26E-08,-9.996626854,,,,,,,,,,,,,,
6.73075,-4.00E-08,-9.996702194,,,,,,,,,,,,,,
6.73085,-9.19E-08,-9.997055054,,,,,,,,,,,,,,
6.73095,-1.06E-07,-9.996685028,,,,,,,,,,,,,,
6.73105,-6.48E-06,-7.314421654,,,,,,,,,,,,,,
6.73115,-4.25E-06,-0.002601103,,,,,,,,,,,,,,
6.73125,6.76E-07,-0.002257149,,,,,,,,,,,,,,
6.73135,2.33E-06,-0.001894759,,,,,,,,,,,,,,
6.73145,3.09E-06,-0.001897574,,,,,,,,,,,,,,
6.73155,3.45E-06,-0.001690765,,,,,,,,,,,,,,
6.73165,3.65E-06,-0.001610054,,,,,,,,,,,,,,
6.73175,3.75E-06,-0.001482127,,,,,,,,,,,,,,
6.73185,3.85E-06,-0.001330486,,,,,,,,,,,,,,
6.73195,3.89E-06,-0.001278977,,,,,,,,,,,,,,
6.73205,9.84E-06,-2.673862696,,,,,,,,,,,,,,
6.73215,5.06E-06,-9.995818138,,,,,,,,,,,,,,
6.73225,1.25E-06,-9.995893478,,,,,,,,,,,,,,
6.73235,4.39E-07,-9.996431351,,,,,,,,,,,,,,
6.73245,1.83E-07,-9.996832848,,,,,,,,,,,,,,
6.73255,1.35E-08,-9.996781349,,,,,,,,,,,,,,
6.73265,-3.44E-08,-9.997146606,,,,,,,,,,,,,,
6.73275,-6.91E-08,-9.997045517,,,,,,,,,,,,,,
6.73285,-9.99E-08,-9.997348785,,,,,,,,,,,,,,
6.73295,-1.38E-07,-9.997059822,,,,,,,,,,,,,,
6.73305,-6.49E-06,-7.334880829,,,,,,,,,,,,,,
6.73315,-4.23E-06,-0.002414982,,,,,,,,,,,,,,
6.73325,6.70E-07,-0.001970615,,,,,,,,,,,,,,
6.73335,2.30E-06,-0.001558545,,,,,,,,,,,,,,
6.73345,3.04E-06,-0.001318031,,,,,,,,,,,,,,
6.73355,3.42E-06,-0.001106789,,,,,,,,,,,,,,
6.73365,3.62E-06,-0.000946352,,,,,,,,,,,,,,
6.73375,3.75E-06,-0.000761709,,,,,,,,,,,,,,
6.73385,3.84E-06,-0.000908847,,,,,,,,,,,,,,
6.73395,3.85E-06,-0.001034241,,,,,,,,,,,,,,
6.73405,9.79E-06,-2.653911591,,,,,,,,,,,,,,
6.73415,5.03E-06,-9.99630928,,,,,,,,,,,,,,
6.73425,1.21E-06,-9.996397018,,,,,,,,,,,,,,
6.73435,4.19E-07,-9.997125626,,,,,,,,,,,,,,
6.73445,1.40E-07,-9.996934891,,,,,,,,,,,,,,
6.73455,6.55E-09,-9.99710083,,,,,,,,,,,,,,
6.73465,-7.85E-08,-9.997140884,,,,,,,,,,,,,,
6.73475,-6.72E-08,-9.997062683,,,,,,,,,,,,,,
6.73485,-1.25E-07,-9.997192383,,,,,,,,,,,,,,
6.73495,-1.35E-07,-9.997207642,,,,,,,,,,,,,,
6.73505,-6.48E-06,-7.354903698,,,,,,,,,,,,,,
6.73515,-4.27E-06,-0.002657819,,,,,,,,,,,,,,
6.73525,6.78E-07,-0.00231668,,,,,,,,,,,,,,
6.73535,2.28E-06,-0.001713142,,,,,,,,,,,,,,
6.73545,3.04E-06,-0.001700968,,,,,,,,,,,,,,
6.73555,3.46E-06,-0.001454824,,,,,,,,,,,,,,
6.73565,3.66E-06,-0.001366443,,,,,,,,,,,,,,
6.73575,3.77E-06,-0.001409297,,,,,,,,,,,,,,
6.73585,3.83E-06,-0.001220361,,,,,,,,,,,,,,
6.73595,3.85E-06,-0.0014328,,,,,,,,,,,,,,
6.73605,9.79E-06,-2.633765221,,,,,,,,,,,,,,
6.73615,5.07E-06,-9.995571136,,,,,,,,,,,,,,
6.73625,1.25E-06,-9.995990753,,,,,,,,,,,,,,
6.73635,4.37E-07,-9.996636391,,,,,,,,,,,,,,
6.73645,1.43E-07,-9.996844292,,,,,,,,,,,,,,
6.73655,3.36E-08,-9.996855736,,,,,,,,,,,,,,
6.73665,-2.78E-08,-9.996862411,,,,,,,,,,,,,,
6.73675,-1.06E-07,-9.997057915,,,,,,,,,,,,,,
6.73685,-1.06E-07,-9.997001648,,,,,,,,,,,,,,
6.73695,-1.29E-07,-9.997171402,,,,,,,,,,,,,,
6.73705,-6.43E-06,-7.37458849,,,,,,,,,,,,,,
6.73715,-4.28E-06,-0.002745215,,,,,,,,,,,,,,
6.73725,6.57E-07,-0.002379869,,,,,,,,,,,,,,
6.73735,2.29E-06,-0.001955134,,,,,,,,,,,,,,
6.73745,3.04E-06,-0.001695409,,,,,,,,,,,,,,
6.73755,3.42E-06,-0.001790475,,,,,,,,,,,,,,
6.73765,3.63E-06,-0.001764369,,,,,,,,,,,,,,
6.73775,3.75E-06,-0.001668388,,,,,,,,,,,,,,
6.73785,3.85E-06,-0.001667192,,,,,,,,,,,,,,
6.73795,3.90E-06,-0.001648404,,,,,,,,,,,,,,
6.73805,9.81E-06,-2.614100933,,,,,,,,,,,,,,
6.73815,5.09E-06,-9.995960236,,,,,,,,,,,,,,
6.73825,1.28E-06,-9.996195793,,,,,,,,,,,,,,
6.73835,4.59E-07,-9.996673584,,,,,,,,,,,,,,
6.73845,1.73E-07,-9.99680233,,,,,,,,,,,,,,
6.73855,5.07E-08,-9.996754646,,,,,,,,,,,,,,
6.73865,-2.17E-08,-9.99673748,,,,,,,,,,,,,,
6.73875,-1.02E-07,-9.996904373,,,,,,,,,,,,,,
6.73885,-1.22E-07,-9.996908188,,,,,,,,,,,,,,
6.73895,-1.31E-07,-9.996781349,,,,,,,,,,,,,,
6.73905,-6.41E-06,-7.394150257,,,,,,,,,,,,,,
6.73915,-4.29E-06,-0.002555505,,,,,,,,,,,,,,
6.73925,6.67E-07,-0.002206555,,,,,,,,,,,,,,
6.73935,2.33E-06,-0.001595066,,,,,,,,,,,,,,
6.73945,3.04E-06,-0.00163616,,,,,,,,,,,,,,
6.73955,3.43E-06,-0.001740303,,,,,,,,,,,,,,
6.73965,3.66E-06,-0.001543487,,,,,,,,,,,,,,
6.73975,3.76E-06,-0.001456021,,,,,,,,,,,,,,
6.73985,3.85E-06,-0.00144434,,,,,,,,,,,,,,
6.73995,3.90E-06,-0.00128918,,,,,,,,,,,,,,
6.74005,9.77E-06,-2.593874454,,,,,,,,,,,,,,
6.74015,5.13E-06,-9.995926857,,,,,,,,,,,,,,
6.74025,1.28E-06,-9.996303558,,,,,,,,,,,,,,
6.74035,4.81E-07,-9.996656418,,,,,,,,,,,,,,
6.74045,1.81E-07,-9.99647522,,,,,,,,,,,,,,
6.74055,2.36E-08,-9.996470451,,,,,,,,,,,,,,
6.74065,2.01E-09,-9.996776581,,,,,,,,,,,,,,
6.74075,-4.37E-08,-9.996901512,,,,,,,,,,,,,,
6.74085,-7.57E-08,-9.99664402,,,,,,,,,,,,,,
6.74095,-8.63E-08,-9.996987343,,,,,,,,,,,,,,
6.74105,-6.40E-06,-7.414867401,,,,,,,,,,,,,,
6.74115,-4.29E-06,-0.002905159,,,,,,,,,,,,,,
6.74125,6.81E-07,-0.00252574,,,,,,,,,,,,,,
6.74135,2.31E-06,-0.001814541,,,,,,,,,,,,,,
6.74145,3.05E-06,-0.001688372,,,,,,,,,,,,,,
6.74155,3.43E-06,-0.001635879,,,,,,,,,,,,,,
6.74165,3.61E-06,-0.001665574,,,,,,,,,,,,,,
6.74175,3.74E-06,-0.001354833,,,,,,,,,,,,,,
6.74185,3.83E-06,-0.001212551,,,,,,,,,,,,,,
6.74195,3.88E-06,-0.001308461,,,,,,,,,,,,,,
6.74205,9.76E-06,-2.573800802,,,,,,,,,,,,,,
6.74215,5.15E-06,-9.995681763,,,,,,,,,,,,,,
6.74225,1.26E-06,-9.996013641,,,,,,,,,,,,,,
6.74235,4.46E-07,-9.996516228,,,,,,,,,,,,,,
6.74245,1.33E-07,-9.996575356,,,,,,,,,,,,,,
6.74255,-8.08E-11,-9.996796608,,,,,,,,,,,,,,
6.74265,-8.35E-08,-9.996696472,,,,,,,,,,,,,,
6.74275,-9.01E-08,-9.996824265,,,,,,,,,,,,,,
6.74285,-1.29E-07,-9.996750832,,,,,,,,,,,,,,
6.74295,-1.26E-07,-9.996869087,,,,,,,,,,,,,,
6.74305,-6.39E-06,-7.434356689,,,,,,,,,,,,,,
6.74315,-4.35E-06,-0.002854776,,,,,,,,,,,,,,
6.74325,6.91E-07,-0.002280792,,,,,,,,,,,,,,
6.74335,2.33E-06,-0.001712508,,,,,,,,,,,,,,
6.74345,3.04E-06,-0.001734111,,,,,,,,,,,,,,
6.74355,3.39E-06,-0.001570367,,,,,,,,,,,,,,
6.74365,3.61E-06,-0.001542924,,,,,,,,,,,,,,
6.74375,3.73E-06,-0.001514847,,,,,,,,,,,,,,
6.74385,3.82E-06,-0.001455247,,,,,,,,,,,,,,
6.74395,3.86E-06,-0.001466364,,,,,,,,,,,,,,
6.74405,9.72E-06,-2.553888321,,,,,,,,,,,,,,
6.74415,5.13E-06,-9.995568275,,,,,,,,,,,,,,
6.74425,1.23E-06,-9.995607376,,,,,,,,,,,,,,
6.74435,4.43E-07,-9.996071815,,,,,,,,,,,,,,
6.74445,1.29E-07,-9.996407509,,,,,,,,,,,,,,
6.74455,1.63E-08,-9.996543884,,,,,,,,,,,,,,
6.74465,-4.77E-08,-9.996537209,,,,,,,,,,,,,,
6.74475,-8.82E-08,-9.996376038,,,,,,,,,,,,,,
6.74485,-1.13E-07,-9.99671936,,,,,,,,,,,,,,
6.74495,-1.20E-07,-9.996587753,,,,,,,,,,,,,,
6.74505,-6.34E-06,-7.454210281,,,,,,,,,,,,,,
6.74515,-4.37E-06,-0.002325265,,,,,,,,,,,,,,
6.74525,6.52E-07,-0.00202726,,,,,,,,,,,,,,
6.74535,2.29E-06,-0.001327038,,,,,,,,,,,,,,
6.74545,3.06E-06,-0.001352089,,,,,,,,,,,,,,
6.74555,3.44E-06,-0.001310642,,,,,,,,,,,,,,
6.74565,3.63E-06,-0.001146054,,,,,,,,,,,,,,
6.74575,3.79E-06,-0.00112621,,,,,,,,,,,,,,
6.74585,3.86E-06,-0.001234927,,,,,,,,,,,,,,
6.74595,3.91E-06,-0.001090675,,,,,,,,,,,,,,
6.74605,9.70E-06,-2.533532858,,,,,,,,,,,,,,
6.74615,5.16E-06,-9.995257378,,,,,,,,,,,,,,
6.74625,1.24E-06,-9.995666504,,,,,,,,,,,,,,
6.74635,4.65E-07,-9.996100426,,,,,,,,,,,,,,
6.74645,1.58E-07,-9.996123314,,,,,,,,,,,,,,
6.74655,5.21E-08,-9.996731758,,,,,,,,,,,,,,
6.74665,-4.83E-08,-9.996620178,,,,,,,,,,,,,,
6.74675,-9.11E-08,-9.996758461,,,,,,,,,,,,,,
6.74685,-1.14E-07,-9.996851921,,,,,,,,,,,,,,
6.74695,-1.22E-07,-9.996994972,,,,,,,,,,,,,,
6.74705,-6.31E-06,-7.474261284,,,,,,,,,,,,,,
6.74715,-4.37E-06,-0.002451784,,,,,,,,,,,,,,
6.74725,6.58E-07,-0.002053155,,,,,,,,,,,,,,
6.74735,2.30E-06,-0.001541024,,,,,,,,,,,,,,
6.74745,3.06E-06,-0.00139649,,,,,,,,,,,,,,
6.74755,3.42E-06,-0.001253012,,,,,,,,,,,,,,
6.74765,3.65E-06,-0.001185248,,,,,,,,,,,,,,
6.74775,3.75E-06,-0.001110026,,,,,,,,,,,,,,
6.74785,3.80E-06,-0.001283762,,,,,,,,,,,,,,
6.74795,3.86E-06,-0.001063232,,,,,,,,,,,,,,
6.74805,9.69E-06,-2.513542891,,,,,,,,,,,,,,
6.74815,5.19E-06,-9.995196342,,,,,,,,,,,,,,
6.74825,1.23E-06,-9.995405197,,,,,,,,,,,,,,
6.74835,4.30E-07,-9.996165276,,,,,,,,,,,,,,
6.74845,1.56E-07,-9.99627018,,,,,,,,,,,,,,
6.74855,6.67E-09,-9.99650383,,,,,,,,,,,,,,
6.74865,-6.89E-08,-9.996649742,,,,,,,,,,,,,,
6.74875,-9.44E-08,-9.996456146,,,,,,,,,,,,,,
6.74885,-1.14E-07,-9.996450424,,,,,,,,,,,,,,
6.74895,-1.24E-07,-9.996400833,,,,,,,,,,,,,,
6.74905,-6.32E-06,-7.493902683,,,,,,,,,,,,,,
6.74915,-4.42E-06,-0.00230324,,,,,,,,,,,,,,
6.74925,6.44E-07,-0.001941553,,,,,,,,,,,,,,
6.74935,2.28E-06,-0.001502041,,,,,,,,,,,,,,
6.74945,3.02E-06,-0.001588029,,,,,,,,,,,,,,
6.74955,3.44E-06,-0.001258289,,,,,,,,,,,,,,
6.74965,3.68E-06,-0.001067806,,,,,,,,,,,,,,
6.74975,3.79E-06,-0.00113571,,,,,,,,,,,,,,
6.74985,3.89E-06,-0.001012145,,,,,,,,,,,,,,
6.74995,3.96E-06,-0.000965422,,,,,,,,,,,,,,
6.75005,9.70E-06,-2.493514776,,,,,,,,,,,,,,
6.75015,5.22E-06,-9.995203018,,,,,,,,,,,,,,
6.75025,1.27E-06,-9.995518684,,,,,,,,,,,,,,
6.75035,4.32E-07,-9.99611187,,,,,,,,,,,,,,
6.75045,1.45E-07,-9.996190071,,,,,,,,,,,,,,
6.75055,1.06E-08,-9.99654007,,,,,,,,,,,,,,
6.75065,-4.38E-09,-9.99659729,,,,,,,,,,,,,,
6.75075,-9.15E-08,-9.996577263,,,,,,,,,,,,,,
6.75085,-1.21E-07,-9.996801376,,,,,,,,,,,,,,
6.75095,-1.27E-07,-9.996868134,,,,,,,,,,,,,,
6.75105,-6.27E-06,-7.513966084,,,,,,,,,,,,,,
6.75115,-4.44E-06,-0.002443762,,,,,,,,,,,,,,
6.75125,6.40E-07,-0.002096009,,,,,,,,,,,,,,
6.75135,2.32E-06,-0.001546231,,,,,,,,,,,,,,
6.75145,3.05E-06,-0.001366795,,,,,,,,,,,,,,
6.75155,3.42E-06,-0.001228243,,,,,,,,,,,,,,
6.75165,3.66E-06,-0.001197,,,,,,,,,,,,,,
6.75175,3.81E-06,-0.001295936,,,,,,,,,,,,,,
6.75185,3.85E-06,-0.001096586,,,,,,,,,,,,,,
6.75195,3.92E-06,-0.001307687,,,,,,,,,,,,,,
6.75205,9.72E-06,-2.47368598,,,,,,,,,,,,,,
6.75215,5.27E-06,-9.995622635,,,,,,,,,,,,,,
6.75225,1.28E-06,-9.995833397,,,,,,,,,,,,,,
6.75235,4.76E-07,-9.996355057,,,,,,,,,,,,,,
6.75245,1.69E-07,-9.99650383,,,,,,,,,,,,,,
6.75255,5.32E-08,-9.996627808,,,,,,,,,,,,,,
6.75265,-1.99E-08,-9.996752739,,,,,,,,,,,,,,
6.75275,-2.99E-08,-9.996874809,,,,,,,,,,,,,,
6.75285,-8.61E-08,-9.996953011,,,,,,,,,,,,,,
6.75295,-7.34E-08,-9.997096062,,,,,,,,,,,,,,
6.75305,-6.23E-06,-7.534377575,,,,,,,,,,,,,,
6.75315,-4.41E-06,-0.002226962,,,,,,,,,,,,,,
6.75325,6.87E-07,-0.00179906,,,,,,,,,,,,,,
6.75335,2.35E-06,-0.001316201,,,,,,,,,,,,,,
6.75345,3.12E-06,-0.001233872,,,,,,,,,,,,,,
6.75355,3.44E-06,-0.001026852,,,,,,,,,,,,,,
6.75365,3.68E-06,-0.000874578,,,,,,,,,,,,,,
6.75375,3.86E-06,-0.000772827,,,,,,,,,,,,,,
6.75385,3.89E-06,-0.000638567,,,,,,,,,,,,,,
6.75395,3.93E-06,-0.000775712,,,,,,,,,,,,,,
6.75405,9.70E-06,-2.453614712,,,,,,,,,,,,,,
6.75415,5.29E-06,-9.995526314,,,,,,,,,,,,,,
6.75425,1.28E-06,-9.996003151,,,,,,,,,,,,,,
6.75435,4.97E-07,-9.996658325,,,,,,,,,,,,,,
6.75445,1.63E-07,-9.996862411,,,,,,,,,,,,,,
6.75455,4.07E-08,-9.996845245,,,,,,,,,,,,,,
6.75465,-3.37E-08,-9.997104645,,,,,,,,,,,,,,
6.75475,-9.35E-08,-9.99671936,,,,,,,,,,,,,,
6.75485,-1.05E-07,-9.997175217,,,,,,,,,,,,,,
6.75495,-1.04E-07,-9.996920586,,,,,,,,,,,,,,
6.75505,-6.19E-06,-7.554222584,,,,,,,,,,,,,,
6.75515,-4.46E-06,-0.002008683,,,,,,,,,,,,,,
6.75525,6.28E-07,-0.001829458,,,,,,,,,,,,,,
6.75535,2.29E-06,-0.001446662,,,,,,,,,,,,,,
6.75545,3.05E-06,-0.001401979,,,,,,,,,,,,,,
6.75555,3.45E-06,-0.001303324,,,,,,,,,,,,,,
6.75565,3.69E-06,-0.001227046,,,,,,,,,,,,,,
6.75575,3.81E-06,-0.000975343,,,,,,,,,,,,,,
6.75585,3.88E-06,-0.001115866,,,,,,,,,,,,,,
6.75595,3.89E-06,-0.001219869,,,,,,,,,,,,,,
6.75605,9.64E-06,-2.433541536,,,,,,,,,,,,,,
6.75615,5.28E-06,-9.995346069,,,,,,,,,,,,,,
6.75625,1.25E-06,-9.995965958,,,,,,,,,,,,,,
6.75635,4.20E-07,-9.996537209,,,,,,,,,,,,,,
6.75645,1.28E-07,-9.996684074,,,,,,,,,,,,,,
6.75655,1.80E-08,-9.997097969,,,,,,,,,,,,,,
6.75665,-4.87E-08,-9.996850014,,,,,,,,,,,,,,
6.75675,-9.30E-08,-9.996873856,,,,,,,,,,,,,,
6.75685,-1.44E-07,-9.996861458,,,,,,,,,,,,,,
6.75695,-1.38E-07,-9.997074127,,,,,,,,,,,,,,
6.75705,-6.21E-06,-7.574213982,,,,,,,,,,,,,,
6.75715,-4.49E-06,-0.002338212,,,,,,,,,,,,,,
6.75725,6.78E-07,-0.00206554,,,,,,,,,,,,,,
6.75735,2.32E-06,-0.001655793,,,,,,,,,,,,,,
6.75745,3.05E-06,-0.001533846,,,,,,,,,,,,,,
6.75755,3.45E-06,-0.001373199,,,,,,,,,,,,,,
6.75765,3.67E-06,-0.001150417,,,,,,,,,,,,,,
6.75775,3.79E-06,-0.001231479,,,,,,,,,,,,,,
6.75785,3.87E-06,-0.001229791,,,,,,,,,,,,,,
6.75795,3.92E-06,-0.001464676,,,,,,,,,,,,,,
6.75805,9.66E-06,-2.413802147,,,,,,,,,,,,,,
6.75815,5.31E-06,-9.995661736,,,,,,,,,,,,,,
6.75825,1.29E-06,-9.995786667,,,,,,,,,,,,,,
6.75835,4.60E-07,-9.996582031,,,,,,,,,,,,,,
6.75845,1.61E-07,-9.996896744,,,,,,,,,,,,,,
6.75855,4.20E-08,-9.997008324,,,,,,,,,,,,,,
6.75865,-3.39E-08,-9.996972084,,,,,,,,,,,,,,
6.75875,-9.50E-08,-9.997033119,,,,,,,,,,,,,,
6.75885,-1.14E-07,-9.997056007,,,,,,,,,,,,,,
6.75895,-7.96E-08,-9.996932983,,,,,,,,,,,,,,
6.75905,-6.18E-06,-7.594431877,,,,,,,,,,,,,,
6.75915,-4.51E-06,-0.002308588,,,,,,,,,,,,,,
6.75925,6.24E-07,-0.001923117,,,,,,,,,,,,,,
6.75935,2.30E-06,-0.001217899,,,,,,,,,,,,,,
6.75945,3.03E-06,-0.001664659,,,,,,,,,,,,,,
6.75955,3.42E-06,-0.001178775,,,,,,,,,,,,,,
6.75965,3.63E-06,-0.000744328,,,,,,,,,,,,,,
6.75975,3.77E-06,-0.001097008,,,,,,,,,,,,,,
6.75985,3.83E-06,-0.001192426,,,,,,,,,,,,,,
6.75995,3.88E-06,-0.001141902,,,,,,,,,,,,,,
6.76005,9.59E-06,-2.393891096,,,,,,,,,,,,,,
6.76015,5.34E-06,-9.995816231,,,,,,,,,,,,,,
6.76025,1.30E-06,-9.996006012,,,,,,,,,,,,,,
6.76035,4.98E-07,-9.996733665,,,,,,,,,,,,,,
6.76045,1.86E-07,-9.996761322,,,,,,,,,,,,,,
6.76055,7.55E-08,-9.996999741,,,,,,,,,,,,,,
6.76065,1.09E-09,-9.996730804,,,,,,,,,,,,,,
6.76075,-6.04E-08,-9.99677372,,,,,,,,,,,,,,
6.76085,-7.67E-08,-9.996872902,,,,,,,,,,,,,,
6.76095,-1.05E-07,-9.997189522,,,,,,,,,,,,,,
6.76105,-6.16E-06,-7.614413738,,,,,,,,,,,,,,
6.76115,-4.54E-06,-0.002269323,,,,,,,,,,,,,,
6.76125,6.51E-07,-0.002005094,,,,,,,,,,,,,,
6.76135,2.29E-06,-0.00143104,,,,,,,,,,,,,,
6.76145,3.04E-06,-0.001390298,,,,,,,,,,,,,,
6.76155,3.43E-06,-0.001349626,,,,,,,,,,,,,,
6.76165,3.62E-06,-0.001135217,,,,,,,,,,,,,,
6.76175,3.78E-06,-0.001133458,,,,,,,,,,,,,,
6.76185,3.88E-06,-0.001126351,,,,,,,,,,,,,,
6.76195,3.92E-06,-0.001013834,,,,,,,,,,,,,,
6.76205,9.62E-06,-2.373597145,,,,,,,,,,,,,,
6.76215,5.37E-06,-9.995565414,,,,,,,,,,,,,,
6.76225,1.29E-06,-9.995960236,,,,,,,,,,,,,,
6.76235,4.63E-07,-9.996516228,,,,,,,,,,,,,,
6.76245,1.50E-07,-9.996605873,,,,,,,,,,,,,,
6.76255,4.56E-08,-9.996839523,,,,,,,,,,,,,,
6.76265,-5.45E-08,-9.996775627,,,,,,,,,,,,,,
6.76275,-1.10E-07,-9.99669075,,,,,,,,,,,,,,
6.76285,-1.11E-07,-9.996832848,,,,,,,,,,,,,,
6.76295,-1.43E-07,-9.996638298,,,,,,,,,,,,,,
6.76305,-6.12E-06,-7.633905411,,,,,,,,,,,,,,
6.76315,-4.57E-06,-0.0020445,,,,,,,,,,,,,,
6.76325,5.95E-07,-0.001970122,,,,,,,,,,,,,,
6.76335,2.28E-06,-0.00119524,,,,,,,,,,,,,,
6.76345,3.03E-06,-0.001120088,,,,,,,,,,,,,,
6.76355,3.43E-06,-0.001033537,,,,,,,,,,,,,,
6.76365,3.64E-06,-0.000999479,,,,,,,,,,,,,,
6.76375,3.75E-06,-0.000750591,,,,,,,,,,,,,,
6.76385,3.85E-06,-0.000829824,,,,,,,,,,,,,,
6.76395,3.91E-06,-0.000896251,,,,,,,,,,,,,,
6.76405,9.57E-06,-2.353712559,,,,,,,,,,,,,,
6.76415,5.40E-06,-9.995553017,,,,,,,,,,,,,,
6.76425,1.30E-06,-9.996132851,,,,,,,,,,,,,,
6.76435,4.53E-07,-9.996487617,,,,,,,,,,,,,,
6.76445,1.72E-07,-9.996542931,,,,,,,,,,,,,,
6.76455,3.75E-08,-9.996571541,,,,,,,,,,,,,,
6.76465,-6.52E-08,-9.996576309,,,,,,,,,,,,,,
6.76475,-9.77E-08,-9.996676445,,,,,,,,,,,,,,
6.76485,-4.77E-08,-9.996637344,,,,,,,,,,,,,,
6.76495,-1.11E-07,-9.996840477,,,,,,,,,,,,,,
6.76505,-6.10E-06,-7.654217243,,,,,,,,,,,,,,
6.76515,-4.59E-06,-0.002323998,,,,,,,,,,,,,,
6.76525,6.10E-07,-0.0018797,,,,,,,,,,,,,,
6.76535,2.28E-06,-0.001167164,,,,,,,,,,,,,,
6.76545,3.02E-06,-0.001100175,,,,,,,,,,,,,,
6.76555,3.39E-06,-0.001154779,,,,,,,,,,,,,,
6.76565,3.63E-06,-0.000959652,,,,,,,,,,,,,,
6.76575,3.73E-06,-0.000709708,,,,,,,,,,,,,,
6.76585,3.86E-06,-0.000808151,,,,,,,,,,,,,,
6.76595,3.91E-06,-0.000585369,,,,,,,,,,,,,,
6.76605,9.60E-06,-2.333302498,,,,,,,,,,,,,,
6.76615,5.41E-06,-9.995389938,,,,,,,,,,,,,,
6.76625,1.29E-06,-9.995937347,,,,,,,,,,,,,,
6.76635,4.44E-07,-9.996699333,,,,,,,,,,,,,,
6.76645,1.49E-07,-9.996348381,,,,,,,,,,,,,,
6.76655,1.29E-08,-9.996875763,,,,,,,,,,,,,,
6.76665,-3.42E-08,-9.996758461,,,,,,,,,,,,,,
6.76675,-8.44E-08,-9.996663094,,,,,,,,,,,,,,
6.76685,-1.24E-07,-9.996868134,,,,,,,,,,,,,,
6.76695,-1.13E-07,-9.996941566,,,,,,,,,,,,,,
6.76705,-6.05E-06,-7.674176693,,,,,,,,,,,,,,
6.76715,-4.58E-06,-0.002018675,,,,,,,,,,,,,,
6.76725,6.22E-07,-0.001809615,,,,,,,,,,,,,,
6.76735,2.29E-06,-0.001420837,,,,,,,,,,,,,,
6.76745,3.06E-06,-0.001176734,,,,,,,,,,,,,,
6.76755,3.43E-06,-0.001192918,,,,,,,,,,,,,,
6.76765,3.66E-06,-0.001153302,,,,,,,,,,,,,,
6.76775,3.80E-06,-0.000838902,,,,,,,,,,,,,,
6.76785,3.89E-06,-0.000975132,,,,,,,,,,,,,,
6.76795,3.91E-06,-0.000959089,,,,,,,,,,,,,,
6.76805,9.56E-06,-2.313771725,,,,,,,,,,,,,,
6.76815,5.43E-06,-9.995603561,,,,,,,,,,,,,,
6.76825,1.29E-06,-9.996072769,,,,,,,,,,,,,,
6.76835,4.68E-07,-9.996567726,,,,,,,,,,,,,,
6.76845,1.73E-07,-9.996385574,,,,,,,,,,,,,,
6.76855,4.36E-08,-9.99625206,,,,,,,,,,,,,,
6.76865,-3.19E-08,-9.996417999,,,,,,,,,,,,,,
6.76875,-1.09E-07,-9.996390343,,,,,,,,,,,,,,
6.76885,-1.19E-07,-9.99646759,,,,,,,,,,,,,,
6.76895,-9.72E-08,-9.996697426,,,,,,,,,,,,,,
6.76905,-6.04E-06,-7.6943717,,,,,,,,,,,,,,
6.76915,-4.59E-06,-0.002537843,,,,,,,,,,,,,,
6.76925,6.46E-07,-0.00232259,,,,,,,,,,,,,,
6.76935,2.29E-06,-0.001691187,,,,,,,,,,,,,,
6.76945,3.06E-06,-0.001365529,,,,,,,,,,,,,,
6.76955,3.45E-06,-0.001267367,,,,,,,,,,,,,,
6.76965,3.68E-06,-0.001433151,,,,,,,,,,,,,,
6.76975,3.81E-06,-0.001208329,,,,,,,,,,,,,,
6.76985,3.86E-06,-0.000867189,,,,,,,,,,,,,,
6.76995,3.92E-06,-0.000781271,,,,,,,,,,,,,,
6.77005,9.56E-06,-2.293774843,,,,,,,,,,,,,,
6.77015,5.46E-06,-9.995241165,,,,,,,,,,,,,,
6.77025,1.35E-06,-9.995979309,,,,,,,,,,,,,,
6.77035,4.83E-07,-9.996450424,,,,,,,,,,,,,,
6.77045,2.09E-07,-9.996623039,,,,,,,,,,,,,,
6.77055,3.84E-08,-9.996681213,,,,,,,,,,,,,,
6.77065,2.51E-09,-9.996753693,,,,,,,,,,,,,,
6.77075,-3.92E-08,-9.99674511,,,,,,,,,,,,,,
6.77085,-5.90E-08,-9.997080803,,,,,,,,,,,,,,
6.77095,-9.29E-08,-9.996808052,,,,,,,,,,,,,,
6.77105,-6.00E-06,-7.71407938,,,,,,,,,,,,,,
6.77115,-4.60E-06,-0.002604762,,,,,,,,,,,,,,
6.77125,6.40E-07,-0.001899474,,,,,,,,,,,,,,
6.77135,2.33E-06,-0.001341182,,,,,,,,,,,,,,
6.77145,3.10E-06,-0.001158016,,,,,,,,,,,,,,
6.77155,3.50E-06,-0.001278344,,,,,,,,,,,,,,
6.77165,3.69E-06,-0.001190385,,,,,,,,,,,,,,
6.77175,3.83E-06,-0.001356311,,,,,,,,,,,,,,
6.77185,3.92E-06,-0.001184193,,,,,,,,,,,,,,
6.77195,3.93E-06,-0.001184052,,,,,,,,,,,,,,
6.77205,9.52E-06,-2.273773193,,,,,,,,,,,,,,
6.77215,5.46E-06,-9.995354652,,,,,,,,,,,,,,
6.77225,1.32E-06,-9.995904922,,,,,,,,,,,,,,
6.77235,4.63E-07,-9.996547699,,,,,,,,,,,,,,
6.77245,1.68E-07,-9.996547699,,,,,,,,,,,,,,
6.77255,2.59E-08,-9.996769905,,,,,,,,,,,,,,
6.77265,-4.36E-08,-9.996915817,,,,,,,,,,,,,,
6.77275,-9.29E-08,-9.996822357,,,,,,,,,,,,,,
6.77285,-9.26E-08,-9.997099876,,,,,,,,,,,,,,
6.77295,-9.59E-08,-9.997049332,,,,,,,,,,,,,,
6.77305,-6.03E-06,-7.734336376,,,,,,,,,,,,,,
6.77315,-4.66E-06,-0.002185375,,,,,,,,,,,,,,
6.77325,6.49E-07,-0.001823196,,,,,,,,,,,,,,
6.77335,2.32E-06,-0.001269478,,,,,,,,,,,,,,
6.77345,3.05E-06,-0.001316342,,,,,,,,,,,,,,
6.77355,3.45E-06,-0.001004053,,,,,,,,,,,,,,
6.77365,3.68E-06,-0.001132684,,,,,,,,,,,,,,
6.77375,3.79E-06,-0.000978369,,,,,,,,,,,,,,
6.77385,3.87E-06,-0.001107845,,,,,,,,,,,,,,
6.77395,3.93E-06,-0.001175327,,,,,,,,,,,,,,
6.77405,9.54E-06,-2.253961325,,,,,,,,,,,,,,
6.77415,5.48E-06,-9.995438576,,,,,,,,,,,,,,
6.77425,1.28E-06,-9.995585442,,,,,,,,,,,,,,
6.77435,4.65E-07,-9.996396065,,,,,,,,,,,,,,
6.77445,1.79E-07,-9.996552467,,,,,,,,,,,,,,
6.77455,6.14E-09,-9.996835709,,,,,,,,,,,,,,
6.77465,-6.30E-08,-9.996735573,,,,,,,,,,,,,,
6.77475,-9.43E-08,-9.996912003,,,,,,,,,,,,,,
6.77485,-1.07E-07,-9.996613503,,,,,,,,,,,,,,
6.77495,-1.18E-07,-9.996685028,,,,,,,,,,,,,,
6.77505,-5.99E-06,-7.754102707,,,,,,,,,,,,,,
6.77515,-4.69E-06,-0.002377969,,,,,,,,,,,,,,
6.77525,6.14E-07,-0.00177612,,,,,,,,,,,,,,
6.77535,2.30E-06,-0.001412886,,,,,,,,,,,,,,
6.77545,3.07E-06,-0.001539757,,,,,,,,,,,,,,
6.77555,3.46E-06,-0.001361236,,,,,,,,,,,,,,
6.77565,3.71E-06,-0.001263215,,,,,,,,,,,,,,
6.77575,3.81E-06,-0.00078106,,,,,,,,,,,,,,
6.77585,3.91E-06,-0.001045007,,,,,,,,,,,,,,
6.77595,3.95E-06,-0.001079416,,,,,,,,,,,,,,
6.77605,9.54E-06,-2.233529091,,,,,,,,,,,,,,
6.77615,5.55E-06,-9.995519638,,,,,,,,,,,,,,
6.77625,1.37E-06,-9.995848656,,,,,,,,,,,,,,
6.77635,4.81E-07,-9.996086121,,,,,,,,,,,,,,
6.77645,1.64E-07,-9.996331215,,,,,,,,,,,,,,
6.77655,4.05E-08,-9.99686718,,,,,,,,,,,,,,
6.77665,-2.76E-08,-9.997078896,,,,,,,,,,,,,,
6.77675,-6.48E-08,-9.997038841,,,,,,,,,,,,,,
6.77685,-7.42E-08,-9.996718407,,,,,,,,,,,,,,
6.77695,-9.55E-08,-9.996747971,,,,,,,,,,,,,,
6.77705,-5.94E-06,-7.77397728,,,,,,,,,,,,,,
6.77715,-4.69E-06,-0.002255038,,,,,,,,,,,,,,
6.77725,5.86E-07,-0.002033453,,,,,,,,,,,,,,
6.77735,2.30E-06,-0.001496904,,,,,,,,,,,,,,
6.77745,3.04E-06,-0.001265044,,,,,,,,,,,,,,
6.77755,3.42E-06,-0.001288617,,,,,,,,,,,,,,
6.77765,3.63E-06,-0.001094545,,,,,,,,,,,,,,
6.77775,3.78E-06,-0.000885344,,,,,,,,,,,,,,
6.77785,3.88E-06,-0.000756995,,,,,,,,,,,,,,
6.77795,3.93E-06,-0.000968236,,,,,,,,,,,,,,
6.77805,9.48E-06,-2.213606358,,,,,,,,,,,,,,
6.77815,5.56E-06,-9.995373726,,,,,,,,,,,,,,
6.77825,1.30E-06,-9.995817184,,,,,,,,,,,,,,
6.77835,4.76E-07,-9.996319771,,,,,,,,,,,,,,
6.77845,1.97E-07,-9.996397018,,,,,,,,,,,,,,
6.77855,2.71E-08,-9.99672699,,,,,,,,,,,,,,
6.77865,-6.99E-08,-9.996499062,,,,,,,,,,,,,,
6.77875,-9.02E-08,-9.996921539,,,,,,,,,,,,,,
6.77885,-8.10E-08,-9.997256279,,,,,,,,,,,,,,
6.77895,-1.18E-07,-9.997023582,,,,,,,,,,,,,,
6.77905,-5.93E-06,-7.794182301,,,,,,,,,,,,,,
6.77915,-4.75E-06,-0.002252646,,,,,,,,,,,,,,
6.77925,5.97E-07,-0.001733056,,,,,,,,,,,,,,
6.77935,2.28E-06,-0.001386428,,,,,,,,,,,,,,
6.77945,3.07E-06,-0.001344911,,,,,,,,,,,,,,
6.77955,3.48E-06,-0.001189822,,,,,,,,,,,,,,
6.77965,3.67E-06,-0.001109393,,,,,,,,,,,,,,
6.77975,3.79E-06,-0.000939456,,,,,,,,,,,,,,
6.77985,3.90E-06,-0.000860716,,,,,,,,,,,,,,
6.77995,3.94E-06,-0.000642578,,,,,,,,,,,,,,
6.78005,9.46E-06,-2.19332552,,,,,,,,,,,,,,
6.78015,5.59E-06,-9.995287895,,,,,,,,,,,,,,
6.78025,1.33E-06,-9.996035576,,,,,,,,,,,,,,
6.78035,4.55E-07,-9.996651649,,,,,,,,,,,,,,
6.78045,1.80E-07,-9.9966259,,,,,,,,,,,,,,
6.78055,5.22E-08,-9.996575356,,,,,,,,,,,,,,
6.78065,-3.21E-08,-9.99657917,,,,,,,,,,,,,,
6.78075,-4.81E-08,-9.996977806,,,,,,,,,,,,,,
6.78085,-8.91E-08,-9.996621132,,,,,,,,,,,,,,
6.78095,-1.17E-07,-9.996887207,,,,,,,,,,,,,,
6.78105,-5.91E-06,-7.814219952,,,,,,,,,,,,,,
6.78115,-4.76E-06,-0.002318228,,,,,,,,,,,,,,
6.78125,6.22E-07,-0.00219783,,,,,,,,,,,,,,
6.78135,2.28E-06,-0.001525262,,,,,,,,,,,,,,
6.78145,3.04E-06,-0.0013409,,,,,,,,,,,,,,
6.78155,3.48E-06,-0.001172653,,,,,,,,,,,,,,
6.78165,3.69E-06,-0.001047399,,,,,,,,,,,,,,
6.78175,3.81E-06,-0.001046133,,,,,,,,,,,,,,
6.78185,3.90E-06,-0.001048596,,,,,,,,,,,,,,
6.78195,3.94E-06,-0.001201573,,,,,,,,,,,,,,
6.78205,9.44E-06,-2.173901796,,,,,,,,,,,,,,
6.78215,5.58E-06,-9.995408058,,,,,,,,,,,,,,
6.78225,1.33E-06,-9.996185303,,,,,,,,,,,,,,
6.78235,4.96E-07,-9.996440887,,,,,,,,,,,,,,
6.78245,1.57E-07,-9.99657917,,,,,,,,,,,,,,
6.78255,1.45E-08,-9.996790886,,,,,,,,,,,,,,
6.78265,-2.47E-08,-9.996929169,,,,,,,,,,,,,,
6.78275,-5.27E-08,-9.996910095,,,,,,,,,,,,,,
6.78285,-9.87E-08,-9.996753693,,,,,,,,,,,,,,
6.78295,-1.06E-07,-9.997009277,,,,,,,,,,,,,,
6.78305,-5.89E-06,-7.834265232,,,,,,,,,,,,,,
6.78315,-4.80E-06,-0.002240683,,,,,,,,,,,,,,
6.78325,5.35E-07,-0.00168014,,,,,,,,,,,,,,
6.78335,2.27E-06,-0.001358703,,,,,,,,,,,,,,
6.78345,3.05E-06,-0.001340689,,,,,,,,,,,,,,
6.78355,3.45E-06,-0.001415067,,,,,,,,,,,,,,
6.78365,3.65E-06,-0.001263004,,,,,,,,,,,,,,
6.78375,3.77E-06,-0.001228454,,,,,,,,,,,,,,
6.78385,3.84E-06,-0.001210932,,,,,,,,,,,,,,
6.78395,3.90E-06,-0.001090745,,,,,,,,,,,,,,
6.78405,9.41E-06,-2.154056787,,,,,,,,,,,,,,
6.78415,5.61E-06,-9.99577713,,,,,,,,,,,,,,
6.78425,1.30E-06,-9.996001244,,,,,,,,,,,,,,
6.78435,4.47E-07,-9.996519089,,,,,,,,,,,,,,
6.78445,1.57E-07,-9.996676445,,,,,,,,,,,,,,
6.78455,-5.31E-10,-9.996524811,,,,,,,,,,,,,,
6.78465,-2.56E-08,-9.996829033,,,,,,,,,,,,,,
6.78475,-6.13E-08,-9.996706009,,,,,,,,,,,,,,
6.78485,-8.55E-08,-9.99696064,,,,,,,,,,,,,,
6.78495,-9.28E-08,-9.997103691,,,,,,,,,,,,,,
6.78505,-5.87E-06,-7.85410738,,,,,,,,,,,,,,
6.78515,-4.78E-06,-0.002128518,,,,,,,,,,,,,,
6.78525,5.87E-07,-0.001686402,,,,,,,,,,,,,,
6.78535,2.32E-06,-0.001340619,,,,,,,,,,,,,,
6.78545,3.06E-06,-0.001152739,,,,,,,,,,,,,,
6.78555,3.46E-06,-0.001010738,,,,,,,,,,,,,,
6.78565,3.68E-06,-0.001134021,,,,,,,,,,,,,,
6.78575,3.83E-06,-0.001362784,,,,,,,,,,,,,,
6.78585,3.90E-06,-0.001383191,,,,,,,,,,,,,,
6.78595,3.92E-06,-0.001252027,,,,,,,,,,,,,,
6.78605,9.41E-06,-2.133995771,,,,,,,,,,,,,,
6.78615,5.61E-06,-9.995462418,,,,,,,,,,,,,,
6.78625,1.31E-06,-9.995780945,,,,,,,,,,,,,,
6.78635,4.44E-07,-9.996332169,,,,,,,,,,,,,,
6.78645,1.65E-07,-9.996479034,,,,,,,,,,,,,,
6.78655,1.16E-08,-9.996747971,,,,,,,,,,,,,,
6.78665,-6.87E-08,-9.996994972,,,,,,,,,,,,,,
6.78675,-7.45E-08,-9.997202873,,,,,,,,,,,,,,
6.78685,-9.45E-08,-9.997329712,,,,,,,,,,,,,,
6.78695,-1.32E-07,-9.996778488,,,,,,,,,,,,,,
6.78705,-5.84E-06,-7.874058247,,,,,,,,,,,,,,
6.78715,-4.82E-06,-0.002540165,,,,,,,,,,,,,,
6.78725,5.91E-07,-0.002084046,,,,,,,,,,,,,,
6.78735,2.30E-06,-0.001615191,,,,,,,,,,,,,,
6.78745,3.08E-06,-0.001843391,,,,,,,,,,,,,,
6.78755,3.49E-06,-0.001398531,,,,,,,,,,,,,,
6.78765,3.70E-06,-0.001379813,,,,,,,,,,,,,,
6.78775,3.78E-06,-0.001266593,,,,,,,,,,,,,,
6.78785,3.87E-06,-0.001095882,,,,,,,,,,,,,,
6.78795,3.92E-06,-0.001062247,,,,,,,,,,,,,,
6.78805,9.36E-06,-2.11386919,,,,,,,,,,,,,,
6.78815,5.63E-06,-9.994994164,,,,,,,,,,,,,,
6.78825,1.32E-06,-9.995530128,,,,,,,,,,,,,,
6.78835,4.69E-07,-9.996026993,,,,,,,,,,,,,,
6.78845,1.52E-07,-9.996486664,,,,,,,,,,,,,,
6.78855,5.84E-09,-9.996390343,,,,,,,,,,,,,,
6.78865,-7.66E-08,-9.99650383,,,,,,,,,,,,,,
6.78875,-9.29E-08,-9.996251106,,,,,,,,,,,,,,
6.78885,-1.14E-07,-9.996739388,,,,,,,,,,,,,,
6.78895,-1.56E-07,-9.996949196,,,,,,,,,,,,,,
6.78905,-5.86E-06,-7.894075871,,,,,,,,,,,,,,
6.78915,-4.89E-06,-0.002435881,,,,,,,,,,,,,,
6.78925,5.50E-07,-0.00215561,,,,,,,,,,,,,,
6.78935,2.30E-06,-0.00159591,,,,,,,,,,,,,,
6.78945,3.05E-06,-0.001219376,,,,,,,,,,,,,,
6.78955,3.44E-06,-0.001330556,,,,,,,,,,,,,,
6.78965,3.67E-06,-0.001393464,,,,,,,,,,,,,,
6.78975,3.80E-06,-0.001077516,,,,,,,,,,,,,,
6.78985,3.87E-06,-0.001105452,,,,,,,,,,,,,,
6.78995,3.95E-06,-0.001034944,,,,,,,,,,,,,,
6.79005,9.38E-06,-2.093785524,,,,,,,,,,,,,,
6.79015,5.68E-06,-9.995134354,,,,,,,,,,,,,,
6.79025,1.33E-06,-9.995771408,,,,,,,,,,,,,,
6.79035,4.73E-07,-9.996237755,,,,,,,,,,,,,,
6.79045,1.64E-07,-9.996419907,,,,,,,,,,,,,,
6.79055,2.12E-08,-9.996647835,,,,,,,,,,,,,,
6.79065,-4.00E-08,-9.996515274,,,,,,,,,,,,,,
6.79075,-8.54E-08,-9.996742249,,,,,,,,,,,,,,
6.79085,-1.29E-07,-9.996534348,,,,,,,,,,,,,,
6.79095,-1.32E-07,-9.9964571,,,,,,,,,,,,,,
6.79105,-5.80E-06,-7.913714409,,,,,,,,,,,,,,
6.79115,-4.89E-06,-0.00225539,,,,,,,,,,,,,,
6.79125,5.66E-07,-0.002103749,,,,,,,,,,,,,,
6.79135,2.29E-06,-0.00130072,,,,,,,,,,,,,,
6.79145,3.08E-06,-0.001380446,,,,,,,,,,,,,,
6.79155,3.47E-06,-0.001424848,,,,,,,,,,,,,,
6.79165,3.71E-06,-0.001388327,,,,,,,,,,,,,,
6.79175,3.83E-06,-0.001344559,,,,,,,,,,,,,,
6.79185,3.91E-06,-0.001622439,,,,,,,,,,,,,,
6.79195,3.97E-06,-0.001620398,,,,,,,,,,,,,,
6.79205,9.36E-06,-2.074734449,,,,,,,,,,,,,,
6.79215,5.71E-06,-9.995816231,,,,,,,,,,,,,,
6.79225,1.35E-06,-9.996191978,,,,,,,,,,,,,,
6.79235,5.04E-07,-9.996638298,,,,,,,,,,,,,,
6.79245,1.71E-07,-9.996926308,,,,,,,,,,,,,,
6.79255,3.53E-08,-9.996789932,,,,,,,,,,,,,,
6.79265,-7.20E-08,-9.996789932,,,,,,,,,,,,,,
6.79275,-7.63E-08,-9.99679184,,,,,,,,,,,,,,
6.79285,-1.33E-07,-9.99676609,,,,,,,,,,,,,,
6.79295,-1.54E-07,-9.996870041,,,,,,,,,,,,,,
6.79305,-5.77E-06,-7.933798313,,,,,,,,,,,,,,
6.79315,-4.88E-06,-0.002508711,,,,,,,,,,,,,,
6.79325,5.90E-07,-0.002559938,,,,,,,,,,,,,,
6.79335,2.28E-06,-0.001897574,,,,,,,,,,,,,,
6.79345,3.08E-06,-0.001952249,,,,,,,,,,,,,,
6.79355,3.43E-06,-0.001692172,,,,,,,,,,,,,,
6.79365,3.67E-06,-0.001541939,,,,,,,,,,,,,,
6.79375,3.83E-06,-0.001735307,,,,,,,,,,,,,,
6.79385,3.92E-06,-0.001695761,,,,,,,,,,,,,,
6.79395,3.93E-06,-0.001717223,,,,,,,,,,,,,,
6.79405,9.36E-06,-2.054341078,,,,,,,,,,,,,,
6.79415,5.74E-06,-9.996139526,,,,,,,,,,,,,,
6.79425,1.32E-06,-9.996456146,,,,,,,,,,,,,,
6.79435,4.69E-07,-9.996580124,,,,,,,,,,,,,,
6.79445,2.02E-07,-9.99684906,,,,,,,,,,,,,,
6.79455,5.77E-08,-9.996899605,,,,,,,,,,,,,,
6.79465,1.97E-09,-9.99706459,,,,,,,,,,,,,,
6.79475,-3.89E-08,-9.996554375,,,,,,,,,,,,,,
6.79485,-6.54E-08,-9.997036934,,,,,,,,,,,,,,
6.79495,-1.00E-07,-9.997091293,,,,,,,,,,,,,,
6.79505,-5.70E-06,-7.954164505,,,,,,,,,,,,,,
6.79515,-4.89E-06,-0.002951531,,,,,,,,,,,,,,
6.79525,5.95E-07,-0.002576545,,,,,,,,,,,,,,
6.79535,2.29E-06,-0.001708286,,,,,,,,,,,,,,
6.79545,3.10E-06,-0.001483323,,,,,,,,,,,,,,
6.79555,3.48E-06,-0.001613924,,,,,,,,,,,,,,
6.79565,3.68E-06,-0.001670499,,,,,,,,,,,,,,
6.79575,3.82E-06,-0.001570789,,,,,,,,,,,,,,
6.79585,3.90E-06,-0.001541094,,,,,,,,,,,,,,
6.79595,3.96E-06,-0.001445536,,,,,,,,,,,,,,
6.79605,9.33E-06,-2.034283161,,,,,,,,,,,,,,
6.79615,5.74E-06,-9.995664597,,,,,,,,,,,,,,
6.79625,1.36E-06,-9.99604702,,,,,,,,,,,,,,
6.79635,5.01E-07,-9.996786118,,,,,,,,,,,,,,
6.79645,1.81E-07,-9.996623039,,,,,,,,,,,,,,
6.79655,6.09E-08,-9.996833801,,,,,,,,,,,,,,
6.79665,-3.92E-08,-9.996956825,,,,,,,,,,,,,,
6.79675,-8.12E-08,-9.997014046,,,,,,,,,,,,,,
6.79685,-9.23E-08,-9.997066498,,,,,,,,,,,,,,
6.79695,-8.35E-08,-9.997006416,,,,,,,,,,,,,,
6.79705,-5.70E-06,-7.974198341,,,,,,,,,,,,,,
6.79715,-4.96E-06,-0.002440596,,,,,,,,,,,,,,
6.79725,5.81E-07,-0.002031482,,,,,,,,,,,,,,
6.79735,2.27E-06,-0.001597529,,,,,,,,,,,,,,
6.79745,3.03E-06,-0.001445465,,,,,,,,,,,,,,
6.79755,3.46E-06,-0.001454895,,,,,,,,,,,,,,
6.79765,3.65E-06,-0.001544964,,,,,,,,,,,,,,
6.79775,3.80E-06,-0.001394731,,,,,,,,,,,,,,
6.79785,3.87E-06,-0.001350681,,,,,,,,,,,,,,
6.79795,3.91E-06,-0.001222613,,,,,,,,,,,,,,
6.79805,9.27E-06,-2.014144897,,,,,,,,,,,,,,
6.79815,5.77E-06,-9.995417595,,,,,,,,,,,,,,
6.79825,1.32E-06,-9.995903015,,,,,,,,,,,,,,
6.79835,4.74E-07,-9.996829033,,,,,,,,,,,,,,
6.79845,1.54E-07,-9.996587753,,,,,,,,,,,,,,
6.79855,2.73E-08,-9.996777534,,,,,,,,,,,,,,
6.79865,-3.71E-08,-9.997105598,,,,,,,,,,,,,,
6.79875,-1.03E-07,-9.996944427,,,,,,,,,,,,,,
6.79885,-1.39E-07,-9.997247696,,,,,,,,,,,,,,
6.79895,-1.23E-07,-9.997199059,,,,,,,,,,,,,,
6.79905,-5.66E-06,-7.994482994,,,,,,,,,,,,,,
6.79915,-4.96E-06,-0.002833666,,,,,,,,,,,,,,
6.79925,5.42E-07,-0.002183053,,,,,,,,,,,,,,
6.79935,2.27E-06,-0.001783931,,,,,,,,,,,,,,
6.79945,3.09E-06,-0.002023249,,,,,,,,,,,,,,
6.79955,3.45E-06,-0.001508303,,,,,,,,,,,,,,
6.79965,3.66E-06,-0.001387765,,,,,,,,,,,,,,
6.79975,3.79E-06,-0.00165917,,,,,,,,,,,,,,
6.79985,3.90E-06,-0.001166531,,,,,,,,,,,,,,
6.79995,3.95E-06,-0.001300509,,,,,,,,,,,,,,
6.80005,9.27E-06,-1.994335175,,,,,,,,,,,,,,
6.80015,5.79E-06,-9.995649338,,,,,,,,,,,,,,
6.80025,1.31E-06,-9.996253967,,,,,,,,,,,,,,
6.80035,4.78E-07,-9.996618271,,,,,,,,,,,,,,
6.80045,1.79E-07,-9.996931076,,,,,,,,,,,,,,
6.80055,2.88E-08,-9.997053146,,,,,,,,,,,,,,
6.80065,-3.20E-08,-9.996871948,,,,,,,,,,,,,,
6.80075,-5.43E-08,-9.997044563,,,,,,,,,,,,,,
6.80085,-1.03E-07,-9.996912956,,,,,,,,,,,,,,
6.80095,-8.55E-08,-9.996769905,,,,,,,,,,,,,,
6.80105,-5.61E-06,-8.014126778,,,,,,,,,,,,,,
6.80115,-4.97E-06,-0.002771602,,,,,,,,,,,,,,
6.80125,5.39E-07,-0.002302817,,,,,,,,,,,,,,
6.80135,2.29E-06,-0.002115149,,,,,,,,,,,,,,
6.80145,3.07E-06,-0.001948871,,,,,,,,,,,,,,
6.80155,3.48E-06,-0.001527936,,,,,,,,,,,,,,
6.80165,3.70E-06,-0.001649741,,,,,,,,,,,,,,
6.80175,3.82E-06,-0.001945353,,,,,,,,,,,,,,
6.80185,3.94E-06,-0.001827277,,,,,,,,,,,,,,
6.80195,3.95E-06,-0.001549749,,,,,,,,,,,,,,
6.80205,9.27E-06,-1.974478006,,,,,,,,,,,,,,
6.80215,5.85E-06,-9.99570179,,,,,,,,,,,,,,
6.80225,1.37E-06,-9.995909691,,,,,,,,,,,,,,
6.80235,5.11E-07,-9.996400833,,,,,,,,,,,,,,
6.80245,2.10E-07,-9.996305466,,,,,,,,,,,,,,
6.80255,7.58E-08,-9.996580124,,,,,,,,,,,,,,
6.80265,-1.02E-08,-9.996707916,,,,,,,,,,,,,,
6.80275,-4.06E-08,-9.997000694,,,,,,,,,,,,,,
6.80285,-6.56E-08,-9.996844292,,,,,,,,,,,,,,
6.80295,-5.24E-08,-9.996864319,,,,,,,,,,,,,,
6.80305,-5.57E-06,-8.034284592,,,,,,,,,,,,,,
6.80315,-4.99E-06,-0.002980522,,,,,,,,,,,,,,
6.80325,5.81E-07,-0.002472402,,,,,,,,,,,,,,
6.80335,2.31E-06,-0.00171082,,,,,,,,,,,,,,
6.80345,3.12E-06,-0.001672329,,,,,,,,,,,,,,
6.80355,3.55E-06,-0.001606184,,,,,,,,,,,,,,
6.80365,3.75E-06,-0.001909184,,,,,,,,,,,,,,
6.80375,3.85E-06,-0.001741359,,,,,,,,,,,,,,
6.80385,3.94E-06,-0.001479734,,,,,,,,,,,,,,
6.80395,4.00E-06,-0.001346037,,,,,,,,,,,,,,
6.80405,9.25E-06,-1.95427978,,,,,,,,,,,,,,
6.80415,5.88E-06,-9.995725632,,,,,,,,,,,,,,
6.80425,1.41E-06,-9.996248245,,,,,,,,,,,,,,
6.80435,5.13E-07,-9.996774673,,,,,,,,,,,,,,
6.80445,2.17E-07,-9.996933937,,,,,,,,,,,,,,
6.80455,7.51E-08,-9.996894836,,,,,,,,,,,,,,
6.80465,7.84E-09,-9.996833801,,,,,,,,,,,,,,
6.80475,-5.99E-08,-9.996617317,,,,,,,,,,,,,,
6.80485,-7.48E-08,-9.996783257,,,,,,,,,,,,,,
6.80495,-7.57E-08,-9.996673584,,,,,,,,,,,,,,
6.80505,-5.53E-06,-8.053800583,,,,,,,,,,,,,,
6.80515,-5.00E-06,-0.002606592,,,,,,,,,,,,,,
6.80525,5.66E-07,-0.002181293,,,,,,,,,,,,,,
6.80535,2.30E-06,-0.001484378,,,,,,,,,,,,,,
6.80545,3.08E-06,-0.001516466,,,,,,,,,,,,,,
6.80555,3.51E-06,-0.001375732,,,,,,,,,,,,,,
6.80565,3.70E-06,-0.001227328,,,,,,,,,,,,,,
6.80575,3.82E-06,-0.001245905,,,,,,,,,,,,,,
6.80585,3.91E-06,-0.001458906,,,,,,,,,,,,,,
6.80595,4.01E-06,-0.001370243,,,,,,,,,,,,,,
6.80605,9.28E-06,-1.933867812,,,,,,,,,,,,,,
6.80615,5.93E-06,-9.995196342,,,,,,,,,,,,,,
6.80625,1.40E-06,-9.995576859,,,,,,,,,,,,,,
6.80635,5.20E-07,-9.995961189,,,,,,,,,,,,,,
6.80645,2.11E-07,-9.996139526,,,,,,,,,,,,,,
6.80655,6.24E-08,-9.99634552,,,,,,,,,,,,,,
6.80665,6.81E-09,-9.996434212,,,,,,,,,,,,,,
6.80675,-5.22E-08,-9.996494293,,,,,,,,,,,,,,
6.80685,-1.12E-07,-9.996510506,,,,,,,,,,,,,,
6.80695,-1.06E-07,-9.996665001,,,,,,,,,,,,,,
6.80705,-5.52E-06,-8.073758125,,,,,,,,,,,,,,
6.80715,-5.06E-06,-0.002700884,,,,,,,,,,,,,,
6.80725,5.66E-07,-0.002205359,,,,,,,,,,,,,,
6.80735,2.30E-06,-0.001615683,,,,,,,,,,,,,,
6.80745,3.06E-06,-0.0016515,,,,,,,,,,,,,,
6.80755,3.44E-06,-0.001208751,,,,,,,,,,,,,,
6.80765,3.69E-06,-0.001403386,,,,,,,,,,,,,,
6.80775,3.82E-06,-0.001325349,,,,,,,,,,,,,,
6.80785,3.93E-06,-0.001226554,,,,,,,,,,,,,,
6.80795,3.98E-06,-0.001051762,,,,,,,,,,,,,,
6.80805,9.23E-06,-1.914229035,,,,,,,,,,,,,,
6.80815,5.92E-06,-9.995354652,,,,,,,,,,,,,,
6.80825,1.39E-06,-9.995978355,,,,,,,,,,,,,,
6.80835,5.41E-07,-9.996569633,,,,,,,,,,,,,,
6.80845,2.25E-07,-9.996389389,,,,,,,,,,,,,,
6.80855,5.46E-08,-9.99673748,,,,,,,,,,,,,,
6.80865,-3.81E-08,-9.99664402,,,,,,,,,,,,,,
6.80875,-6.34E-08,-9.996837616,,,,,,,,,,,,,,
6.80885,-9.83E-08,-9.996715546,,,,,,,,,,,,,,
6.80895,-1.05E-07,-9.996988297,,,,,,,,,,,,,,
6.80905,-5.50E-06,-8.093900681,,,,,,,,,,,,,,
6.80915,-5.06E-06,-0.002251309,,,,,,,,,,,,,,
6.80925,5.25E-07,-0.001893915,,,,,,,,,,,,,,
6.80935,2.30E-06,-0.00129481,,,,,,,,,,,,,,
6.80945,3.12E-06,-0.001017845,,,,,,,,,,,,,,
6.80955,3.49E-06,-0.001129095,,,,,,,,,,,,,,
6.80965,3.70E-06,-0.000890903,,,,,,,,,,,,,,
6.80975,3.82E-06,-0.001199744,,,,,,,,,,,,,,
6.80985,3.90E-06,-0.001218813,,,,,,,,,,,,,,
6.80995,3.96E-06,-0.001131347,,,,,,,,,,,,,,
6.81005,9.19E-06,-1.894054413,,,,,,,,,,,,,,
6.81015,5.95E-06,-9.995532036,,,,,,,,,,,,,,
6.81025,1.37E-06,-9.996098518,,,,,,,,,,,,,,
6.81035,4.73E-07,-9.996370316,,,,,,,,,,,,,,
6.81045,2.09E-07,-9.996609688,,,,,,,,,,,,,,
6.81055,7.52E-08,-9.996500015,,,,,,,,,,,,,,
6.81065,-1.09E-08,-9.996603966,,,,,,,,,,,,,,
6.81075,-5.91E-08,-9.996518135,,,,,,,,,,,,,,
6.81085,-5.79E-08,-9.996713638,,,,,,,,,,,,,,
6.81095,-1.07E-07,-9.996529579,,,,,,,,,,,,,,
6.81105,-5.50E-06,-8.113572121,,,,,,,,,,,,,,
6.81115,-5.11E-06,-0.002500408,,,,,,,,,,,,,,
6.81125,5.40E-07,-0.002118948,,,,,,,,,,,,,,
6.81135,2.28E-06,-0.001491063,,,,,,,,,,,,,,
6.81145,3.07E-06,-0.001506122,,,,,,,,,,,,,,
6.81155,3.51E-06,-0.001264482,,,,,,,,,,,,,,
6.81165,3.73E-06,-0.001377491,,,,,,,,,,,,,,
6.81175,3.81E-06,-0.001408664,,,,,,,,,,,,,,
6.81185,3.92E-06,-0.001339141,,,,,,,,,,,,,,
6.81195,3.97E-06,-0.001113896,,,,,,,,,,,,,,
6.81205,9.16E-06,-1.874176025,,,,,,,,,,,,,,
6.81215,5.97E-06,-9.99557209,,,,,,,,,,,,,,
6.81225,1.42E-06,-9.995913506,,,,,,,,,,,,,,
6.81235,5.32E-07,-9.996315956,,,,,,,,,,,,,,
6.81245,1.86E-07,-9.996295929,,,,,,,,,,,,,,
6.81255,1.97E-08,-9.996477127,,,,,,,,,,,,,,
6.81265,-4.08E-08,-9.996646881,,,,,,,,,,,,,,
6.81275,-6.27E-08,-9.996679306,,,,,,,,,,,,,,
6.81285,-9.28E-08,-9.996707916,,,,,,,,,,,,,,
6.81295,-1.00E-07,-9.996322632,,,,,,,,,,,,,,
6.81305,-5.47E-06,-8.133462906,,,,,,,,,,,,,,
6.81315,-5.15E-06,-0.002156243,,,,,,,,,,,,,,
6.81325,5.20E-07,-0.001759232,,,,,,,,,,,,,,
6.81335,2.25E-06,-0.001448843,,,,,,,,,,,,,,
6.81345,3.06E-06,-0.001273348,,,,,,,,,,,,,,
6.81355,3.48E-06,-0.000932982,,,,,,,,,,,,,,
6.81365,3.70E-06,-0.001312401,,,,,,,,,,,,,,
6.81375,3.81E-06,-0.001037478,,,,,,,,,,,,,,
6.81385,3.89E-06,-0.000862334,,,,,,,,,,,,,,
6.81395,3.97E-06,-0.000714985,,,,,,,,,,,,,,
6.81405,9.13E-06,-1.85390389,,,,,,,,,,,,,,
6.81415,5.97E-06,-9.99532795,,,,,,,,,,,,,,
6.81425,1.36E-06,-9.995629311,,,,,,,,,,,,,,
6.81435,4.82E-07,-9.99640274,,,,,,,,,,,,,,
6.81445,1.69E-07,-9.996297836,,,,,,,,,,,,,,
6.81455,4.42E-08,-9.996541023,,,,,,,,,,,,,,
6.81465,-2.81E-08,-9.996582985,,,,,,,,,,,,,,
6.81475,-5.50E-08,-9.996454239,,,,,,,,,,,,,,
6.81485,-8.06E-08,-9.996726036,,,,,,,,,,,,,,
6.81495,-8.49E-08,-9.996844292,,,,,,,,,,,,,,
6.81505,-5.41E-06,-8.153802872,,,,,,,,,,,,,,
6.81515,-5.16E-06,-0.002403724,,,,,,,,,,,,,,
6.81525,5.44E-07,-0.002128448,,,,,,,,,,,,,,
6.81535,2.31E-06,-0.001393394,,,,,,,,,,,,,,
6.81545,3.11E-06,-0.00118567,,,,,,,,,,,,,,
6.81555,3.49E-06,-0.001040785,,,,,,,,,,,,,,
6.81565,3.71E-06,-0.001270111,,,,,,,,,,,,,,
6.81575,3.84E-06,-0.001179478,,,,,,,,,,,,,,
6.81585,3.89E-06,-0.000980691,,,,,,,,,,,,,,
6.81595,3.95E-06,-0.000820466,,,,,,,,,,,,,,
6.81605,9.13E-06,-1.834093928,,,,,,,,,,,,,,
6.81615,6.01E-06,-9.995934486,,,,,,,,,,,,,,
6.81625,1.37E-06,-9.99650383,,,,,,,,,,,,,,
6.81635,5.01E-07,-9.99665451,,,,,,,,,,,,,,
6.81645,1.93E-07,-9.996665955,,,,,,,,,,,,,,
6.81655,6.10E-08,-9.996933937,,,,,,,,,,,,,,
6.81665,-1.48E-08,-9.996484756,,,,,,,,,,,,,,
6.81675,-4.08E-08,-9.996975899,,,,,,,,,,,,,,
6.81685,-8.37E-08,-9.996566772,,,,,,,,,,,,,,
6.81695,-1.21E-07,-9.99668026,,,,,,,,,,,,,,
6.81705,-5.42E-06,-8.173915863,,,,,,,,,,,,,,
6.81715,-5.20E-06,-0.002390987,,,,,,,,,,,,,,
6.81725,5.08E-07,-0.001828121,,,,,,,,,,,,,,
6.81735,2.27E-06,-0.001410071,,,,,,,,,,,,,,
6.81745,3.05E-06,-0.00126223,,,,,,,,,,,,,,
6.81755,3.44E-06,-0.001089549,,,,,,,,,,,,,,
6.81765,3.68E-06,-0.001059291,,,,,,,,,,,,,,
6.81775,3.84E-06,-0.001049229,,,,,,,,,,,,,,
6.81785,3.92E-06,-0.000886048,,,,,,,,,,,,,,
6.81795,3.97E-06,-0.000935797,,,,,,,,,,,,,,
6.81805,9.10E-06,-1.814005256,,,,,,,,,,,,,,
6.81815,6.02E-06,-9.995548248,,,,,,,,,,,,,,
6.81825,1.35E-06,-9.995908737,,,,,,,,,,,,,,
6.81835,4.49E-07,-9.996738434,,,,,,,,,,,,,,
6.81845,1.56E-07,-9.996748924,,,,,,,,,,,,,,
6.81855,-9.03E-10,-9.9967556,,,,,,,,,,,,,,
6.81865,-9.40E-08,-9.996841431,,,,,,,,,,,,,,
6.81875,-1.11E-07,-9.996794701,,,,,,,,,,,,,,
6.81885,-1.21E-07,-9.99684906,,,,,,,,,,,,,,
6.81895,-1.53E-07,-9.996613503,,,,,,,,,,,,,,
6.81905,-5.41E-06,-8.193816185,,,,,,,,,,,,,,
6.81915,-5.22E-06,-0.002670837,,,,,,,,,,,,,,
6.81925,5.17E-07,-0.002410057,,,,,,,,,,,,,,
6.81935,2.29E-06,-0.001548342,,,,,,,,,,,,,,
6.81945,3.07E-06,-0.001486067,,,,,,,,,,,,,,
6.81955,3.46E-06,-0.001401416,,,,,,,,,,,,,,
6.81965,3.68E-06,-0.001315146,,,,,,,,,,,,,,
6.81975,3.84E-06,-0.001499648,,,,,,,,,,,,,,
6.81985,3.92E-06,-0.001490852,,,,,,,,,,,,,,
6.81995,3.92E-06,-0.001227398,,,,,,,,,,,,,,
6.82005,9.04E-06,-1.794201374,,,,,,,,,,,,,,
6.82015,6.04E-06,-9.995314598,,,,,,,,,,,,,,
6.82025,1.38E-06,-9.995604515,,,,,,,,,,,,,,
6.82035,4.73E-07,-9.996149063,,,,,,,,,,,,,,
6.82045,1.85E-07,-9.995891571,,,,,,,,,,,,,,
6.82055,2.52E-08,-9.996170998,,,,,,,,,,,,,,
6.82065,-5.06E-08,-9.996330261,,,,,,,,,,,,,,
6.82075,-1.01E-07,-9.99643898,,,,,,,,,,,,,,
6.82085,-9.09E-08,-9.996425629,,,,,,,,,,,,,,
6.82095,-1.40E-07,-9.996432304,,,,,,,,,,,,,,
6.82105,-5.40E-06,-8.21364212,,,,,,,,,,,,,,
6.82115,-5.27E-06,-0.002944283,,,,,,,,,,,,,,
6.82125,4.90E-07,-0.002129151,,,,,,,,,,,,,,
6.82135,2.27E-06,-0.001881389,,,,,,,,,,,,,,
6.82145,3.08E-06,-0.001604495,,,,,,,,,,,,,,
6.82155,3.50E-06,-0.001637638,,,,,,,,,,,,,,
6.82165,3.71E-06,-0.001529273,,,,,,,,,,,,,,
6.82175,3.83E-06,-0.00151351,,,,,,,,,,,,,,
6.82185,3.93E-06,-0.001433785,,,,,,,,,,,,,,
6.82195,3.97E-06,-0.001379039,,,,,,,,,,,,,,
6.82205,9.07E-06,-1.774303317,,,,,,,,,,,,,,
6.82215,6.10E-06,-9.994980812,,,,,,,,,,,,,,
6.82225,1.39E-06,-9.995488167,,,,,,,,,,,,,,
6.82235,5.00E-07,-9.996325493,,,,,,,,,,,,,,
6.82245,1.78E-07,-9.99642086,,,,,,,,,,,,,,
6.82255,4.66E-08,-9.996377945,,,,,,,,,,,,,,
6.82265,-1.40E-08,-9.996216774,,,,,,,,,,,,,,
6.82275,-6.22E-08,-9.996407509,,,,,,,,,,,,,,
6.82285,-8.98E-08,-9.996125221,,,,,,,,,,,,,,
6.82295,-9.56E-08,-9.996245384,,,,,,,,,,,,,,
6.82305,-5.30E-06,-8.233454704,,,,,,,,,,,,,,
6.82315,-5.26E-06,-0.002582526,,,,,,,,,,,,,,
6.82325,5.48E-07,-0.002054985,,,,,,,,,,,,,,
6.82335,2.28E-06,-0.001571282,,,,,,,,,,,,,,
6.82345,3.08E-06,-0.001493948,,,,,,,,,,,,,,
6.82355,3.51E-06,-0.001287069,,,,,,,,,,,,,,
6.82365,3.75E-06,-0.001526176,,,,,,,,,,,,,,
6.82375,3.85E-06,-0.00146362,,,,,,,,,,,,,,
6.82385,3.90E-06,-0.001205936,,,,,,,,,,,,,,
6.82395,3.98E-06,-0.001344137,,,,,,,,,,,,,,
6.82405,9.03E-06,-1.754049778,,,,,,,,,,,,,,
6.82415,6.11E-06,-9.995027542,,,,,,,,,,,,,,
6.82425,1.38E-06,-9.99542141,,,,,,,,,,,,,,
6.82435,5.11E-07,-9.996134758,,,,,,,,,,,,,,
6.82445,1.70E-07,-9.996213913,,,,,,,,,,,,,,
6.82455,2.82E-08,-9.996361732,,,,,,,,,,,,,,
6.82465,-4.73E-08,-9.996447563,,,,,,,,,,,,,,
6.82475,-7.16E-08,-9.996439934,,,,,,,,,,,,,,
6.82485,-9.25E-08,-9.99636364,,,,,,,,,,,,,,
6.82495,-1.19E-07,-9.996555328,,,,,,,,,,,,,,
6.82505,-5.30E-06,-8.253624916,,,,,,,,,,,,,,
6.82515,-5.30E-06,-0.002570142,,,,,,,,,,,,,,
6.82525,5.36E-07,-0.002034719,,,,,,,,,,,,,,
6.82535,2.29E-06,-0.001513722,,,,,,,,,,,,,,
6.82545,3.07E-06,-0.001251745,,,,,,,,,,,,,,
6.82555,3.46E-06,-0.001161464,,,,,,,,,,,,,,
6.82565,3.71E-06,-0.001295021,,,,,,,,,,,,,,
6.82575,3.85E-06,-0.001450039,,,,,,,,,,,,,,
6.82585,3.88E-06,-0.001307405,,,,,,,,,,,,,,
6.82595,3.96E-06,-0.001276936,,,,,,,,,,,,,,
6.82605,9.00E-06,-1.734508634,,,,,,,,,,,,,,
6.82615,6.15E-06,-9.994911194,,,,,,,,,,,,,,
6.82625,1.39E-06,-9.995516777,,,,,,,,,,,,,,
6.82635,4.95E-07,-9.995757103,,,,,,,,,,,,,,
6.82645,1.80E-07,-9.99563694,,,,,,,,,,,,,,
6.82655,1.14E-08,-9.995992661,,,,,,,,,,,,,,
6.82665,-7.14E-08,-9.996013641,,,,,,,,,,,,,,
6.82675,-1.18E-07,-9.996009827,,,,,,,,,,,,,,
6.82685,-1.24E-07,-9.996326447,,,,,,,,,,,,,,
6.82695,-1.28E-07,-9.996123314,,,,,,,,,,,,,,
6.82705,-5.27E-06,-8.273273468,,,,,,,,,,,,,,
6.82715,-5.31E-06,-0.002551283,,,,,,,,,,,,,,
6.82725,4.76E-07,-0.002054281,,,,,,,,,,,,,,
6.82735,2.25E-06,-0.001539406,,,,,,,,,,,,,,
6.82745,3.07E-06,-0.001311276,,,,,,,,,,,,,,
6.82755,3.47E-06,-0.001241472,,,,,,,,,,,,,,
6.82765,3.68E-06,-0.001117344,,,,,,,,,,,,,,
6.82775,3.83E-06,-0.001125507,,,,,,,,,,,,,,
6.82785,3.94E-06,-0.001028893,,,,,,,,,,,,,,
6.82795,3.98E-06,-0.000964929,,,,,,,,,,,,,,
6.82805,8.97E-06,-1.713890791,,,,,,,,,,,,,,
6.82815,6.16E-06,-9.995025635,,,,,,,,,,,,,,
6.82825,1.38E-06,-9.995461464,,,,,,,,,,,,,,
6.82835,4.69E-07,-9.995936394,,,,,,,,,,,,,,
6.82845,2.03E-07,-9.995909691,,,,,,,,,,,,,,
6.82855,1.63E-08,-9.995778084,,,,,,,,,,,,,,
6.82865,-6.07E-08,-9.996064186,,,,,,,,,,,,,,
6.82875,-1.03E-07,-9.996292114,,,,,,,,,,,,,,
6.82885,-1.07E-07,-9.996256828,,,,,,,,,,,,,,
6.82895,-1.04E-07,-9.996102333,,,,,,,,,,,,,,
6.82905,-5.25E-06,-8.293211937,,,,,,,,,,,,,,
6.82915,-5.35E-06,-0.002769632,,,,,,,,,,,,,,
6.82925,4.84E-07,-0.002320409,,,,,,,,,,,,,,
6.82935,2.26E-06,-0.001888215,,,,,,,,,,,,,,
6.82945,3.06E-06,-0.00161498,,,,,,,,,,,,,,
6.82955,3.48E-06,-0.001441806,,,,,,,,,,,,,,
6.82965,3.67E-06,-0.001309446,,,,,,,,,,,,,,
6.82975,3.83E-06,-0.001346881,,,,,,,,,,,,,,
6.82985,3.92E-06,-0.001052395,,,,,,,,,,,,,,
6.82995,3.95E-06,-0.001057391,,,,,,,,,,,,,,
6.83005,8.93E-06,-1.694131851,,,,,,,,,,,,,,
6.83015,6.20E-06,-9.994886398,,,,,,,,,,,,,,
6.83025,1.37E-06,-9.995708466,,,,,,,,,,,,,,
6.83035,4.80E-07,-9.99595356,,,,,,,,,,,,,,
6.83045,1.72E-07,-9.996235847,,,,,,,,,,,,,,
6.83055,5.08E-08,-9.996310234,,,,,,,,,,,,,,
6.83065,-5.10E-08,-9.996154785,,,,,,,,,,,,,,
6.83075,-9.57E-08,-9.996174812,,,,,,,,,,,,,,
6.83085,-1.24E-07,-9.996437073,,,,,,,,,,,,,,
6.83095,-1.07E-07,-9.996447563,,,,,,,,,,,,,,
6.83105,-5.24E-06,-8.313533783,,,,,,,,,,,,,,
6.83115,-5.37E-06,-0.00272136,,,,,,,,,,,,,,
6.83125,5.10E-07,-0.001977018,,,,,,,,,,,,,,
6.83135,2.29E-06,-0.001359407,,,,,,,,,,,,,,
6.83145,3.09E-06,-0.001368062,,,,,,,,,,,,,,
6.83155,3.48E-06,-0.001245764,,,,,,,,,,,,,,
6.83165,3.70E-06,-0.001097923,,,,,,,,,,,,,,
6.83175,3.85E-06,-0.001133177,,,,,,,,,,,,,,
6.83185,3.91E-06,-0.00113768,,,,,,,,,,,,,,
6.83195,3.97E-06,-0.001076109,,,,,,,,,,,,,,
6.83205,8.92E-06,-1.674027324,,,,,,,,,,,,,,
6.83215,6.18E-06,-9.994717598,,,,,,,,,,,,,,
6.83225,1.41E-06,-9.99544239,,,,,,,,,,,,,,
6.83235,4.97E-07,-9.995658875,,,,,,,,,,,,,,
6.83245,1.54E-07,-9.995623589,,,,,,,,,,,,,,
6.83255,4.52E-08,-9.996084213,,,,,,,,,,,,,,
6.83265,-4.88E-08,-9.995999336,,,,,,,,,,,,,,
6.83275,-9.59E-08,-9.995995522,,,,,,,,,,,,,,
6.83285,-1.27E-07,-9.996062279,,,,,,,,,,,,,,
6.83295,-1.31E-07,-9.996089935,,,,,,,,,,,,,,
6.83305,-5.22E-06,-8.333374977,,,,,,,,,,,,,,
6.83315,-5.44E-06,-0.00285935,,,,,,,,,,,,,,
6.83325,4.37E-07,-0.002196704,,,,,,,,,,,,,,
6.83335,2.24E-06,-0.001672329,,,,,,,,,,,,,,
6.83345,3.04E-06,-0.001268352,,,,,,,,,,,,,,
6.83355,3.47E-06,-0.000994131,,,,,,,,,,,,,,
6.83365,3.68E-06,-0.000954093,,,,,,,,,,,,,,
6.83375,3.81E-06,-0.001036703,,,,,,,,,,,,,,
6.83385,3.89E-06,-0.00082715,,,,,,,,,,,,,,
6.83395,3.97E-06,-0.001088071,,,,,,,,,,,,,,
6.83405,8.87E-06,-1.654103756,,,,,,,,,,,,,,
6.83415,6.24E-06,-9.994949341,,,,,,,,,,,,,,
6.83425,1.39E-06,-9.995438576,,,,,,,,,,,,,,
6.83435,4.97E-07,-9.996054649,,,,,,,,,,,,,,
6.83445,2.07E-07,-9.996021271,,,,,,,,,,,,,,
6.83455,4.46E-08,-9.996251106,,,,,,,,,,,,,,
6.83465,-9.09E-09,-9.996376038,,,,,,,,,,,,,,
6.83475,-7.33E-08,-9.996427536,,,,,,,,,,,,,,
6.83485,-1.21E-07,-9.996078491,,,,,,,,,,,,,,
6.83495,-1.34E-07,-9.996247292,,,,,,,,,,,,,,
6.83505,-5.17E-06,-8.35310173,,,,,,,,,,,,,,
6.83515,-5.43E-06,-0.002354115,,,,,,,,,,,,,,
6.83525,4.79E-07,-0.00199088,,,,,,,,,,,,,,
6.83535,2.26E-06,-0.001403245,,,,,,,,,,,,,,
6.83545,3.08E-06,-0.001407327,,,,,,,,,,,,,,
6.83555,3.46E-06,-0.00119517,,,,,,,,,,,,,,
6.83565,3.70E-06,-0.000931716,,,,,,,,,,,,,,
6.83575,3.85E-06,-0.00099392,,,,,,,,,,,,,,
6.83585,3.92E-06,-0.001046414,,,,,,,,,,,,,,
6.83595,3.97E-06,-0.001317749,,,,,,,,,,,,,,
6.83605,8.89E-06,-1.634522438,,,,,,,,,,,,,,
6.83615,6.25E-06,-9.994999886,,,,,,,,,,,,,,
6.83625,1.38E-06,-9.995306969,,,,,,,,,,,,,,
6.83635,4.91E-07,-9.995927811,,,,,,,,,,,,,,
6.83645,1.84E-07,-9.995900154,,,,,,,,,,,,,,
6.83655,3.69E-08,-9.99600029,,,,,,,,,,,,,,
6.83665,-2.89E-08,-9.996170998,,,,,,,,,,,,,,
6.83675,-7.83E-08,-9.996082306,,,,,,,,,,,,,,
6.83685,-1.14E-07,-9.996019363,,,,,,,,,,,,,,
6.83695,-1.20E-07,-9.996600151,,,,,,,,,,,,,,
6.83705,-5.13E-06,-8.373492241,,,,,,,,,,,,,,
6.83715,-5.44E-06,-0.002870468,,,,,,,,,,,,,,
6.83725,5.05E-07,-0.002141747,,,,,,,,,,,,,,
6.83735,2.26E-06,-0.001568537,,,,,,,,,,,,,,
6.83745,3.05E-06,-0.001712227,,,,,,,,,,,,,,
6.83755,3.46E-06,-0.001655933,,,,,,,,,,,,,,
6.83765,3.70E-06,-0.001259204,,,,,,,,,,,,,,
6.83775,3.87E-06,-0.001474597,,,,,,,,,,,,,,
6.83785,3.95E-06,-0.001278555,,,,,,,,,,,,,,
6.83795,3.97E-06,-0.001043388,,,,,,,,,,,,,,
6.83805,8.90E-06,-1.614305019,,,,,,,,,,,,,,
6.83815,6.28E-06,-9.994691849,,,,,,,,,,,,,,
6.83825,1.43E-06,-9.99519825,,,,,,,,,,,,,,
6.83835,5.11E-07,-9.995883942,,,,,,,,,,,,,,
6.83845,2.29E-07,-9.996017456,,,,,,,,,,,,,,
6.83855,8.45E-08,-9.995967865,,,,,,,,,,,,,,
6.83865,4.12E-09,-9.996044159,,,,,,,,,,,,,,
6.83875,-3.67E-08,-9.996349335,,,,,,,,,,,,,,
6.83885,-8.10E-08,-9.996244431,,,,,,,,,,,,,,
6.83895,-1.05E-07,-9.996394157,,,,,,,,,,,,,,
6.83905,-5.12E-06,-8.393190384,,,,,,,,,,,,,,
6.83915,-5.47E-06,-0.002402316,,,,,,,,,,,,,,
6.83925,5.04E-07,-0.001996228,,,,,,,,,,,,,,
6.83935,2.28E-06,-0.001558756,,,,,,,,,,,,,,
6.83945,3.09E-06,-0.001396209,,,,,,,,,,,,,,
6.83955,3.51E-06,-0.001519562,,,,,,,,,,,,,,
6.83965,3.73E-06,-0.001424004,,,,,,,,,,,,,,
6.83975,3.84E-06,-0.001566708,,,,,,,,,,,,,,
6.83985,3.94E-06,-0.001517803,,,,,,,,,,,,,,
6.83995,3.99E-06,-0.001569804,,,,,,,,,,,,,,
6.84005,8.85E-06,-1.594520807,,,,,,,,,,,,,,
6.84015,6.32E-06,-9.994947433,,,,,,,,,,,,,,
6.84025,1.42E-06,-9.995343208,,,,,,,,,,,,,,
6.84035,5.20E-07,-9.996095657,,,,,,,,,,,,,,
6.84045,1.75E-07,-9.996175766,,,,,,,,,,,,,,
6.84055,5.02E-08,-9.996406555,,,,,,,,,,,,,,
6.84065,-2.99E-08,-9.99640274,,,,,,,,,,,,,,
6.84075,-7.18E-08,-9.996588707,,,,,,,,,,,,,,
6.84085,-9.03E-08,-9.996653557,,,,,,,,,,,,,,
6.84095,-1.34E-07,-9.996332169,,,,,,,,,,,,,,
6.84105,-5.08E-06,-8.413513184,,,,,,,,,,,,,,
6.84115,-5.51E-06,-0.00303576,,,,,,,,,,,,,,
6.84125,4.69E-07,-0.00253151,,,,,,,,,,,,,,
6.84135,2.29E-06,-0.001712719,,,,,,,,,,,,,,
6.84145,3.07E-06,-0.001831992,,,,,,,,,,,,,,
6.84155,3.48E-06,-0.001812218,,,,,,,,,,,,,,
6.84165,3.71E-06,-0.001686543,,,,,,,,,,,,,,
6.84175,3.82E-06,-0.001666277,,,,,,,,,,,,,,
6.84185,3.93E-06,-0.00164566,,,,,,,,,,,,,,
6.84195,3.97E-06,-0.001485575,,,,,,,,,,,,,,
6.84205,8.82E-06,-1.574486136,,,,,,,,,,,,,,
6.84215,6.36E-06,-9.995004654,,,,,,,,,,,,,,
6.84225,1.40E-06,-9.995703697,,,,,,,,,,,,,,
6.84235,4.74E-07,-9.996054649,,,,,,,,,,,,,,
6.84245,1.54E-07,-9.996218681,,,,,,,,,,,,,,
6.84255,1.73E-08,-9.996626854,,,,,,,,,,,,,,
6.84265,-5.07E-08,-9.996236801,,,,,,,,,,,,,,
6.84275,-9.47E-08,-9.996071815,,,,,,,,,,,,,,
6.84285,-1.14E-07,-9.996266365,,,,,,,,,,,,,,
6.84295,-1.27E-07,-9.996419907,,,,,,,,,,,,,,
6.84305,-5.05E-06,-8.433296204,,,,,,,,,,,,,,
6.84315,-5.53E-06,-0.003196901,,,,,,,,,,,,,,
6.84325,4.85E-07,-0.002392676,,,,,,,,,,,,,,
6.84335,2.28E-06,-0.001895955,,,,,,,,,,,,,,
6.84345,3.09E-06,-0.001693157,,,,,,,,,,,,,,
6.84355,3.49E-06,-0.001578952,,,,,,,,,,,,,,
6.84365,3.72E-06,-0.001497678,,,,,,,,,,,,,,
6.84375,3.81E-06,-0.00153638,,,,,,,,,,,,,,
6.84385,3.88E-06,-0.001222895,,,,,,,,,,,,,,
6.84395,3.95E-06,-0.001344911,,,,,,,,,,,,,,
6.84405,8.77E-06,-1.554314017,,,,,,,,,,,,,,
6.84415,6.36E-06,-9.994791031,,,,,,,,,,,,,,
6.84425,1.43E-06,-9.995546341,,,,,,,,,,,,,,
6.84435,4.98E-07,-9.995991707,,,,,,,,,,,,,,
6.84445,1.65E-07,-9.99631691,,,,,,,,,,,,,,
6.84455,1.68E-08,-9.996666908,,,,,,,,,,,,,,
6.84465,-4.75E-08,-9.996554375,,,,,,,,,,,,,,
6.84475,-1.08E-07,-9.996670723,,,,,,,,,,,,,,
6.84485,-1.49E-07,-9.996611595,,,,,,,,,,,,,,
6.84495,-1.29E-07,-9.996397972,,,,,,,,,,,,,,
6.84505,-5.03E-06,-8.453290939,,,,,,,,,,,,,,
6.84515,-5.59E-06,-0.002955401,,,,,,,,,,,,,,
6.84525,4.46E-07,-0.002325124,,,,,,,,,,,,,,
6.84535,2.25E-06,-0.002074758,,,,,,,,,,,,,,
6.84545,3.05E-06,-0.001825236,,,,,,,,,,,,,,
6.84555,3.44E-06,-0.001691398,,,,,,,,,,,,,,
6.84565,3.68E-06,-0.001700687,,,,,,,,,,,,,,
6.84575,3.83E-06,-0.001547638,,,,,,,,,,,,,,
6.84585,3.89E-06,-0.001560656,,,,,,,,,,,,,,
6.84595,3.94E-06,-0.001739318,,,,,,,,,,,,,,
6.84605,8.74E-06,-1.534751177,,,,,,,,,,,,,,
6.84615,6.36E-06,-9.994972229,,,,,,,,,,,,,,
6.84625,1.39E-06,-9.995578766,,,,,,,,,,,,,,
6.84635,4.82E-07,-9.995775223,,,,,,,,,,,,,,
6.84645,1.63E-07,-9.996191978,,,,,,,,,,,,,,
6.84655,2.46E-08,-9.996038437,,,,,,,,,,,,,,
6.84665,-6.69E-08,-9.99635601,,,,,,,,,,,,,,
6.84675,-1.00E-07,-9.99640274,,,,,,,,,,,,,,
6.84685,-1.53E-07,-9.996715546,,,,,,,,,,,,,,
6.84695,-1.84E-07,-9.996720314,,,,,,,,,,,,,,
6.84705,-5.01E-06,-8.473443985,,,,,,,,,,,,,,
6.84715,-5.61E-06,-0.002921273,,,,,,,,,,,,,,
6.84725,4.39E-07,-0.002235195,,,,,,,,,,,,,,
6.84735,2.28E-06,-0.001641156,,,,,,,,,,,,,,
6.84745,3.08E-06,-0.001627435,,,,,,,,,,,,,,
6.84755,3.48E-06,-0.001401697,,,,,,,,,,,,,,
6.84765,3.70E-06,-0.00147706,,,,,,,,,,,,,,
6.84775,3.86E-06,-0.001467772,,,,,,,,,,,,,,
6.84785,3.92E-06,-0.001355888,,,,,,,,,,,,,,
6.84795,3.97E-06,-0.001249071,,,,,,,,,,,,,,
6.84805,8.74E-06,-1.514456034,,,,,,,,,,,,,,
6.84815,6.42E-06,-9.994882584,,,,,,,,,,,,,,
6.84825,1.41E-06,-9.995649338,,,,,,,,,,,,,,
6.84835,4.88E-07,-9.996364594,,,,,,,,,,,,,,
6.84845,1.72E-07,-9.996116638,,,,,,,,,,,,,,
6.84855,1.34E-08,-9.996339798,,,,,,,,,,,,,,
6.84865,-6.50E-08,-9.996369362,,,,,,,,,,,,,,
6.84875,-1.01E-07,-9.996220589,,,,,,,,,,,,,,
6.84885,-1.24E-07,-9.996312141,,,,,,,,,,,,,,
6.84895,-1.32E-07,-9.996582985,,,,,,,,,,,,,,
6.84905,-4.96E-06,-8.493247032,,,,,,,,,,,,,,
6.84915,-5.65E-06,-0.002718475,,,,,,,,,,,,,,
6.84925,4.25E-07,-0.002095657,,,,,,,,,,,,,,
6.84935,2.23E-06,-0.001577544,,,,,,,,,,,,,,
6.84945,3.06E-06,-0.001574097,,,,,,,,,,,,,,
6.84955,3.45E-06,-0.00159394,,,,,,,,,,,,,,
6.84965,3.69E-06,-0.001429492,,,,,,,,,,,,,,
6.84975,3.83E-06,-0.001226413,,,,,,,,,,,,,,
6.84985,3.91E-06,-0.001064498,,,,,,,,,,,,,,
6.84995,3.96E-06,-0.001013131,,,,,,,,,,,,,,
6.85005,8.68E-06,-1.494114637,,,,,,,,,,,,,,
6.85015,6.45E-06,-9.994607925,,,,,,,,,,,,,,
6.85025,1.42E-06,-9.995549202,,,,,,,,,,,,,,
6.85035,4.79E-07,-9.995779037,,,,,,,,,,,,,,
6.85045,1.65E-07,-9.995821953,,,,,,,,,,,,,,
6.85055,8.52E-09,-9.996029854,,,,,,,,,,,,,,
6.85065,-5.36E-08,-9.996326447,,,,,,,,,,,,,,
6.85075,-8.00E-08,-9.996571541,,,,,,,,,,,,,,
6.85085,-9.80E-08,-9.99643898,,,,,,,,,,,,,,
6.85095,-1.31E-07,-9.996242523,,,,,,,,,,,,,,
6.85105,-4.94E-06,-8.513126373,,,,,,,,,,,,,,
6.85115,-5.68E-06,-0.002783846,,,,,,,,,,,,,,
6.85125,4.37E-07,-0.002014664,,,,,,,,,,,,,,
6.85135,2.23E-06,-0.001577615,,,,,,,,,,,,,,
6.85145,3.02E-06,-0.001838958,,,,,,,,,,,,,,
6.85155,3.45E-06,-0.001853946,,,,,,,,,,,,,,
6.85165,3.67E-06,-0.001723556,,,,,,,,,,,,,,
6.85175,3.81E-06,-0.001347092,,,,,,,,,,,,,,
6.85185,3.90E-06,-0.001311627,,,,,,,,,,,,,,
6.85195,3.96E-06,-0.001305083,,,,,,,,,,,,,,
6.85205,8.65E-06,-1.474938154,,,,,,,,,,,,,,
6.85215,6.48E-06,-9.995203972,,,,,,,,,,,,,,
6.85225,1.41E-06,-9.995731354,,,,,,,,,,,,,,
6.85235,4.27E-07,-9.996050835,,,,,,,,,,,,,,
6.85245,1.35E-07,-9.99592495,,,,,,,,,,,,,,
6.85255,-1.74E-09,-9.996054649,,,,,,,,,,,,,,
6.85265,-7.42E-08,-9.996051788,,,,,,,,,,,,,,
6.85275,-1.27E-07,-9.996058464,,,,,,,,,,,,,,
6.85285,-1.63E-07,-9.99651432,,,,,,,,,,,,,,
6.85295,-1.71E-07,-9.996576309,,,,,,,,,,,,,,
6.85305,-4.94E-06,-8.533538818,,,,,,,,,,,,,,
6.85315,-5.74E-06,-0.003234688,,,,,,,,,,,,,,
6.85325,3.62E-07,-0.002254968,,,,,,,,,,,,,,
6.85335,2.21E-06,-0.001662618,,,,,,,,,,,,,,
6.85345,3.05E-06,-0.001890115,,,,,,,,,,,,,,
6.85355,3.46E-06,-0.001755432,,,,,,,,,,,,,,
6.85365,3.66E-06,-0.001741851,,,,,,,,,,,,,,
6.85375,3.78E-06,-0.00125653,,,,,,,,,,,,,,
6.85385,3.89E-06,-0.001271166,,,,,,,,,,,,,,
6.85395,3.96E-06,-0.001211214,,,,,,,,,,,,,,
6.85405,8.63E-06,-1.454394698,,,,,,,,,,,,,,
6.85415,6.49E-06,-9.994756699,,,,,,,,,,,,,,
6.85425,1.42E-06,-9.995652199,,,,,,,,,,,,,,
6.85435,4.96E-07,-9.996109009,,,,,,,,,,,,,,
6.85445,1.84E-07,-9.99578476,,,,,,,,,,,,,,
6.85455,2.94E-08,-9.996007919,,,,,,,,,,,,,,
6.85465,-6.31E-08,-9.996052742,,,,,,,,,,,,,,
6.85475,-1.19E-07,-9.996005058,,,,,,,,,,,,,,
6.85485,-1.40E-07,-9.996125221,,,,,,,,,,,,,,
6.85495,-1.31E-07,-9.996212006,,,,,,,,,,,,,,
6.85505,-4.87E-06,-8.552725792,,,,,,,,,,,,,,
6.85515,-5.74E-06,-0.002107197,,,,,,,,,,,,,,
6.85525,4.34E-07,-0.001929943,,,,,,,,,,,,,,
6.85535,2.26E-06,-0.00132563,,,,,,,,,,,,,,
6.85545,3.06E-06,-0.001002505,,,,,,,,,,,,,,
6.85555,3.48E-06,-0.001116851,,,,,,,,,,,,,,
6.85565,3.72E-06,-0.001368836,,,,,,,,,,,,,,
6.85575,3.86E-06,-0.001326193,,,,,,,,,,,,,,
6.85585,3.95E-06,-0.001271237,,,,,,,,,,,,,,
6.85595,3.99E-06,-0.001201503,,,,,,,,,,,,,,
6.85605,8.64E-06,-1.434337258,,,,,,,,,,,,,,
6.85615,6.55E-06,-9.99491787,,,,,,,,,,,,,,
6.85625,1.42E-06,-9.995713234,,,,,,,,,,,,,,
6.85635,4.98E-07,-9.996623993,,,,,,,,,,,,,,
6.85645,1.71E-07,-9.99671936,,,,,,,,,,,,,,
6.85655,5.50E-09,-9.996667862,,,,,,,,,,,,,,
6.85665,-6.63E-08,-9.996627808,,,,,,,,,,,,,,
6.85675,-1.06E-07,-9.996706009,,,,,,,,,,,,,,
6.85685,-1.21E-07,-9.996677399,,,,,,,,,,,,,,
6.85695,-1.22E-07,-9.996675491,,,,,,,,,,,,,,
6.85705,-4.83E-06,-8.573396683,,,,,,,,,,,,,,
6.85715,-5.76E-06,-0.00236087,,,,,,,,,,,,,,
6.85725,4.02E-07,-0.001948168,,,,,,,,,,,,,,
6.85735,2.25E-06,-0.00153061,,,,,,,,,,,,,,
6.85745,3.06E-06,-0.001399516,,,,,,,,,,,,,,
6.85755,3.46E-06,-0.001228383,,,,,,,,,,,,,,
6.85765,3.71E-06,-0.00120291,,,,,,,,,,,,,,
6.85775,3.84E-06,-0.001374184,,,,,,,,,,,,,,
6.85785,3.91E-06,-0.001118259,,,,,,,,,,,,,,
6.85795,3.97E-06,-0.001008768,,,,,,,,,,,,,,
6.85805,8.61E-06,-1.41443944,,,,,,,,,,,,,,
6.85815,6.59E-06,-9.995158195,,,,,,,,,,,,,,
6.85825,1.43E-06,-9.995657921,,,,,,,,,,,,,,
6.85835,5.03E-07,-9.996394157,,,,,,,,,,,,,,
6.85845,1.73E-07,-9.996333122,,,,,,,,,,,,,,
6.85855,1.24E-08,-9.996342659,,,,,,,,,,,,,,
6.85865,-5.53E-08,-9.996425629,,,,,,,,,,,,,,
6.85875,-1.03E-07,-9.996452332,,,,,,,,,,,,,,
6.85885,-1.29E-07,-9.996693611,,,,,,,,,,,,,,
6.85895,-1.55E-07,-9.996589661,,,,,,,,,,,,,,
6.85905,-4.79E-06,-8.593585014,,,,,,,,,,,,,,
6.85915,-5.79E-06,-0.002938724,,,,,,,,,,,,,,
6.85925,4.29E-07,-0.002195719,,,,,,,,,,,,,,
6.85935,2.25E-06,-0.001425059,,,,,,,,,,,,,,
6.85945,3.10E-06,-0.00159204,,,,,,,,,,,,,,
6.85955,3.50E-06,-0.001575856,,,,,,,,,,,,,,
6.85965,3.73E-06,-0.001455176,,,,,,,,,,,,,,
6.85975,3.87E-06,-0.001231057,,,,,,,,,,,,,,
6.85985,3.94E-06,-0.001199392,,,,,,,,,,,,,,
6.85995,4.01E-06,-0.001146335,,,,,,,,,,,,,,
6.86005,8.60E-06,-1.394720912,,,,,,,,,,,,,,
6.86015,6.62E-06,-9.99542141,,,,,,,,,,,,,,
6.86025,1.44E-06,-9.99590683,,,,,,,,,,,,,,
6.86035,5.08E-07,-9.99652195,,,,,,,,,,,,,,
6.86045,1.94E-07,-9.996208191,,,,,,,,,,,,,,
6.86055,4.19E-08,-9.996508598,,,,,,,,,,,,,,
6.86065,-3.86E-08,-9.996647835,,,,,,,,,,,,,,
6.86075,-7.26E-08,-9.996782303,,,,,,,,,,,,,,
6.86085,-1.14E-07,-9.996811867,,,,,,,,,,,,,,
6.86095,-1.34E-07,-9.996650696,,,,,,,,,,,,,,
6.86105,-4.77E-06,-8.613666534,,,,,,,,,,,,,,
6.86115,-5.81E-06,-0.002695606,,,,,,,,,,,,,,
6.86125,4.35E-07,-0.002176368,,,,,,,,,,,,,,
6.86135,2.26E-06,-0.001701953,,,,,,,,,,,,,,
6.86145,3.10E-06,-0.001850568,,,,,,,,,,,,,,
6.86155,3.49E-06,-0.001550805,,,,,,,,,,,,,,
6.86165,3.74E-06,-0.001137751,,,,,,,,,,,,,,
6.86175,3.86E-06,-0.001284114,,,,,,,,,,,,,,
6.86185,3.95E-06,-0.001237249,,,,,,,,,,,,,,
6.86195,3.97E-06,-0.001466927,,,,,,,,,,,,,,
6.86205,8.55E-06,-1.374528408,,,,,,,,,,,,,,
6.86215,6.66E-06,-9.995083809,,,,,,,,,,,,,,
6.86225,1.43E-06,-9.995706558,,,,,,,,,,,,,,
6.86235,5.15E-07,-9.996050835,,,,,,,,,,,,,,
6.86245,1.97E-07,-9.995999336,,,,,,,,,,,,,,
6.86255,2.17E-08,-9.996240616,,,,,,,,,,,,,,
6.86265,-2.64E-08,-9.996368408,,,,,,,,,,,,,,
6.86275,-7.47E-08,-9.996398926,,,,,,,,,,,,,,
6.86285,-9.05E-08,-9.996563911,,,,,,,,,,,,,,
6.86295,-1.25E-07,-9.996651649,,,,,,,,,,,,,,
6.86305,-4.73E-06,-8.633494377,,,,,,,,,,,,,,
6.86315,-5.82E-06,-0.002577319,,,,,,,,,,,,,,
6.86325,4.48E-07,-0.002068917,,,,,,,,,,,,,,
6.86335,2.24E-06,-0.001533354,,,,,,,,,,,,,,
6.86345,3.08E-06,-0.00141957,,,,,,,,,,,,,,
6.86355,3.51E-06,-0.001527373,,,,,,,,,,,,,,
6.86365,3.74E-06,-0.001460102,,,,,,,,,,,,,,
6.86375,3.87E-06,-0.001168642,,,,,,,,,,,,,,
6.86385,3.94E-06,-0.001120511,,,,,,,,,,,,,,
6.86395,3.96E-06,-0.001204318,,,,,,,,,,,,,,
6.86405,8.53E-06,-1.354298234,,,,,,,,,,,,,,
6.86415,6.66E-06,-9.994822502,,,,,,,,,,,,,,
6.86425,1.42E-06,-9.995547295,,,,,,,,,,,,,,
6.86435,4.72E-07,-9.995986938,,,,,,,,,,,,,,
6.86445,1.45E-07,-9.996244431,,,,,,,,,,,,,,
6.86455,2.40E-08,-9.996245384,,,,,,,,,,,,,,
6.86465,-5.62E-08,-9.996354103,,,,,,,,,,,,,,
6.86475,-8.75E-08,-9.996478081,,,,,,,,,,,,,,
6.86485,-1.12E-07,-9.996527672,,,,,,,,,,,,,,
6.86495,-1.18E-07,-9.996876717,,,,,,,,,,,,,,
6.86505,-4.67E-06,-8.653606415,,,,,,,,,,,,,,
6.86515,-5.88E-06,-0.002534254,,,,,,,,,,,,,,
6.86525,4.07E-07,-0.002236954,,,,,,,,,,,,,,
6.86535,2.25E-06,-0.001778583,,,,,,,,,,,,,,
6.86545,3.05E-06,-0.001428014,,,,,,,,,,,,,,
6.86555,3.49E-06,-0.001276796,,,,,,,,,,,,,,
6.86565,3.74E-06,-0.001403527,,,,,,,,,,,,,,
6.86575,3.84E-06,-0.001226131,,,,,,,,,,,,,,
6.86585,3.91E-06,-0.001503518,,,,,,,,,,,,,,
6.86595,3.98E-06,-0.00128341,,,,,,,,,,,,,,
6.86605,8.51E-06,-1.334307194,,,,,,,,,,,,,,
6.86615,6.72E-06,-9.99509716,,,,,,,,,,,,,,
6.86625,1.46E-06,-9.995790482,,,,,,,,,,,,,,
6.86635,5.09E-07,-9.996349335,,,,,,,,,,,,,,
6.86645,1.89E-07,-9.99642849,,,,,,,,,,,,,,
6.86655,4.24E-08,-9.996401787,,,,,,,,,,,,,,
6.86665,-1.99E-08,-9.996573448,,,,,,,,,,,,,,
6.86675,-5.14E-08,-9.996479034,,,,,,,,,,,,,,
6.86685,-8.33E-08,-9.996144295,,,,,,,,,,,,,,
6.86695,-8.38E-08,-9.996306419,,,,,,,,,,,,,,
6.86705,-4.62E-06,-8.673080444,,,,,,,,,,,,,,
6.86715,-5.91E-06,-0.002336101,,,,,,,,,,,,,,
6.86725,3.97E-07,-0.002009668,,,,,,,,,,,,,,
6.86735,2.24E-06,-0.001449125,,,,,,,,,,,,,,
6.86745,3.08E-06,-0.001262019,,,,,,,,,,,,,,
6.86755,3.48E-06,-0.001050284,,,,,,,,,,,,,,
6.86765,3.72E-06,-0.001316131,,,,,,,,,,,,,,
6.86775,3.86E-06,-0.001389242,,,,,,,,,,,,,,
6.86785,3.94E-06,-0.001391705,,,,,,,,,,,,,,
6.86795,3.98E-06,-0.001499578,,,,,,,,,,,,,,
6.86805,8.48E-06,-1.314850807,,,,,,,,,,,,,,
6.86815,6.75E-06,-9.995270729,,,,,,,,,,,,,,
6.86825,1.42E-06,-9.995884895,,,,,,,,,,,,,,
6.86835,5.05E-07,-9.996598244,,,,,,,,,,,,,,
6.86845,1.89E-07,-9.996390343,,,,,,,,,,,,,,
6.86855,3.08E-08,-9.996565819,,,,,,,,,,,,,,
6.86865,-4.82E-08,-9.996529579,,,,,,,,,,,,,,
6.86875,-6.57E-08,-9.996884346,,,,,,,,,,,,,,
6.86885,-1.11E-07,-9.996689796,,,,,,,,,,,,,,
6.86895,-1.20E-07,-9.99653244,,,,,,,,,,,,,,
6.86905,-4.62E-06,-8.693529129,,,,,,,,,,,,,,
6.86915,-5.94E-06,-0.002657749,,,,,,,,,,,,,,
6.86925,3.92E-07,-0.002279526,,,,,,,,,,,,,,
6.86935,2.24E-06,-0.0015862,,,,,,,,,,,,,,
6.86945,3.09E-06,-0.001559531,,,,,,,,,,,,,,
6.86955,3.48E-06,-0.001553901,,,,,,,,,,,,,,
6.86965,3.71E-06,-0.001701742,,,,,,,,,,,,,,
6.86975,3.85E-06,-0.001902359,,,,,,,,,,,,,,
6.86985,3.93E-06,-0.001865205,,,,,,,,,,,,,,
6.86995,3.99E-06,-0.001527654,,,,,,,,,,,,,,
6.87005,8.42E-06,-1.294932961,,,,,,,,,,,,,,
6.87015,6.78E-06,-9.995209694,,,,,,,,,,,,,,
6.87025,1.45E-06,-9.995656967,,,,,,,,,,,,,,
6.87035,5.26E-07,-9.996082306,,,,,,,,,,,,,,
6.87045,1.76E-07,-9.996319771,,,,,,,,,,,,,,
6.87055,4.51E-08,-9.996273041,,,,,,,,,,,,,,
6.87065,-3.58E-08,-9.995972633,,,,,,,,,,,,,,
6.87075,-7.64E-08,-9.996285439,,,,,,,,,,,,,,
6.87085,-9.63E-08,-9.996296883,,,,,,,,,,,,,,
6.87095,-1.13E-07,-9.996663094,,,,,,,,,,,,,,
6.87105,-4.58E-06,-8.713207245,,,,,,,,,,,,,,
6.87115,-5.97E-06,-0.002695958,,,,,,,,,,,,,,
6.87125,3.65E-07,-0.002087635,,,,,,,,,,,,,,
6.87135,2.23E-06,-0.001738615,,,,,,,,,,,,,,
6.87145,3.08E-06,-0.001721304,,,,,,,,,,,,,,
6.87155,3.49E-06,-0.001846135,,,,,,,,,,,,,,
6.87165,3.70E-06,-0.001680562,,,,,,,,,,,,,,
6.87175,3.82E-06,-0.001615894,,,,,,,,,,,,,,
6.87185,3.91E-06,-0.001813274,,,,,,,,,,,,,,
6.87195,3.97E-06,-0.001663744,,,,,,,,,,,,,,
6.87205,8.42E-06,-1.27514565,,,,,,,,,,,,,,
6.87215,6.81E-06,-9.995440483,,,,,,,,,,,,,,
6.87225,1.45E-06,-9.995877266,,,,,,,,,,,,,,
6.87235,5.05E-07,-9.99649334,,,,,,,,,,,,,,
6.87245,1.87E-07,-9.996582031,,,,,,,,,,,,,,
6.87255,2.73E-08,-9.996747971,,,,,,,,,,,,,,
6.87265,-8.27E-08,-9.996840477,,,,,,,,,,,,,,
6.87275,-1.00E-07,-9.996985435,,,,,,,,,,,,,,
6.87285,-1.15E-07,-9.996884346,,,,,,,,,,,,,,
6.87295,-1.41E-07,-9.99673748,,,,,,,,,,,,,,
6.87305,-4.58E-06,-8.733488083,,,,,,,,,,,,,,
6.87315,-6.02E-06,-0.003078332,,,,,,,,,,,,,,
6.87325,3.82E-07,-0.002562753,,,,,,,,,,,,,,
6.87335,2.19E-06,-0.0018835,,,,,,,,,,,,,,
6.87345,3.01E-06,-0.001830795,,,,,,,,,,,,,,
6.87355,3.45E-06,-0.001982718,,,,,,,,,,,,,,
6.87365,3.70E-06,-0.001896026,,,,,,,,,,,,,,
6.87375,3.81E-06,-0.001835369,,,,,,,,,,,,,,
6.87385,3.89E-06,-0.001721938,,,,,,,,,,,,,,
6.87395,3.93E-06,-0.001643478,,,,,,,,,,,,,,
6.87405,8.35E-06,-1.254757881,,,,,,,,,,,,,,
6.87415,6.83E-06,-9.995121956,,,,,,,,,,,,,,
6.87425,1.45E-06,-9.995829582,,,,,,,,,,,,,,
6.87435,4.76E-07,-9.996361732,,,,,,,,,,,,,,
6.87445,1.21E-07,-9.996307373,,,,,,,,,,,,,,
6.87455,-6.29E-09,-9.996442795,,,,,,,,,,,,,,
6.87465,-7.55E-08,-9.996364594,,,,,,,,,,,,,,
6.87475,-9.82E-08,-9.996873856,,,,,,,,,,,,,,
6.87485,-1.40E-07,-9.996834755,,,,,,,,,,,,,,
6.87495,-1.46E-07,-9.996883392,,,,,,,,,,,,,,
6.87505,-4.55E-06,-8.753035545,,,,,,,,,,,,,,
6.87515,-6.05E-06,-0.00260434,,,,,,,,,,,,,,
6.87525,3.55E-07,-0.002235687,,,,,,,,,,,,,,
6.87535,2.21E-06,-0.001517451,,,,,,,,,,,,,,
6.87545,3.04E-06,-0.001395857,,,,,,,,,,,,,,
6.87555,3.47E-06,-0.001400712,,,,,,,,,,,,,,
6.87565,3.71E-06,-0.001211284,,,,,,,,,,,,,,
6.87575,3.84E-06,-0.001122692,,,,,,,,,,,,,,
6.87585,3.93E-06,-0.001147954,,,,,,,,,,,,,,
6.87595,3.97E-06,-0.001179126,,,,,,,,,,,,,,
6.87605,8.35E-06,-1.234959006,,,,,,,,,,,,,,
6.87615,6.85E-06,-9.995388985,,,,,,,,,,,,,,
6.87625,1.45E-06,-9.995707512,,,,,,,,,,,,,,
6.87635,4.99E-07,-9.996212006,,,,,,,,,,,,,,
6.87645,1.45E-07,-9.996202469,,,,,,,,,,,,,,
6.87655,-2.00E-08,-9.996595383,,,,,,,,,,,,,,
6.87665,-9.53E-08,-9.99638176,,,,,,,,,,,,,,
6.87675,-1.40E-07,-9.996230125,,,,,,,,,,,,,,
6.87685,-1.66E-07,-9.996414185,,,,,,,,,,,,,,
6.87695,-1.79E-07,-9.9964571,,,,,,,,,,,,,,
6.87705,-4.56E-06,-8.772947311,,,,,,,,,,,,,,
6.87715,-6.15E-06,-0.002638257,,,,,,,,,,,,,,
6.87725,3.27E-07,-0.002095094,,,,,,,,,,,,,,
6.87735,2.22E-06,-0.001738333,,,,,,,,,,,,,,
6.87745,3.03E-06,-0.001480227,,,,,,,,,,,,,,
6.87755,3.45E-06,-0.001317538,,,,,,,,,,,,,,
6.87765,3.69E-06,-0.001228665,,,,,,,,,,,,,,
6.87775,3.84E-06,-0.001601328,,,,,,,,,,,,,,
6.87785,3.92E-06,-0.001284888,,,,,,,,,,,,,,
6.87795,3.97E-06,-0.001076672,,,,,,,,,,,,,,
6.87805,8.30E-06,-1.214384675,,,,,,,,,,,,,,
6.87815,6.88E-06,-9.994824409,,,,,,,,,,,,,,
6.87825,1.40E-06,-9.995515823,,,,,,,,,,,,,,
6.87835,4.55E-07,-9.996105194,,,,,,,,,,,,,,
6.87845,1.17E-07,-9.996217728,,,,,,,,,,,,,,
6.87855,-2.53E-08,-9.996183395,,,,,,,,,,,,,,
6.87865,-9.54E-08,-9.996369362,,,,,,,,,,,,,,
6.87875,-1.16E-07,-9.996471405,,,,,,,,,,,,,,
6.87885,-1.25E-07,-9.996712685,,,,,,,,,,,,,,
6.87895,-1.47E-07,-9.997135162,,,,,,,,,,,,,,
6.87905,-4.46E-06,-8.793377876,,,,,,,,,,,,,,
6.87915,-6.11E-06,-0.0025928,,,,,,,,,,,,,,
6.87925,3.70E-07,-0.002047244,,,,,,,,,,,,,,
6.87935,2.24E-06,-0.001742696,,,,,,,,,,,,,,
6.87945,3.04E-06,-0.001334637,,,,,,,,,,,,,,
6.87955,3.47E-06,-0.001272855,,,,,,,,,,,,,,
6.87965,3.69E-06,-0.001097923,,,,,,,,,,,,,,
6.87975,3.84E-06,-0.001257304,,,,,,,,,,,,,,
6.87985,3.93E-06,-0.001062458,,,,,,,,,,,,,,
6.87995,3.99E-06,-0.001071183,,,,,,,,,,,,,,
6.88005,8.30E-06,-1.194362402,,,,,,,,,,,,,,
6.88015,6.96E-06,-9.995321274,,,,,,,,,,,,,,
6.88025,1.48E-06,-9.995978355,,,,,,,,,,,,,,
6.88035,5.27E-07,-9.996604919,,,,,,,,,,,,,,
6.88045,2.01E-07,-9.997048378,,,,,,,,,,,,,,
6.88055,4.63E-08,-9.996803284,,,,,,,,,,,,,,
6.88065,-3.77E-08,-9.996704102,,,,,,,,,,,,,,
6.88075,-9.94E-08,-9.99685955,,,,,,,,,,,,,,
6.88085,-1.42E-07,-9.996759415,,,,,,,,,,,,,,
6.88095,-1.41E-07,-9.996645927,,,,,,,,,,,,,,
6.88105,-4.42E-06,-8.813264847,,,,,,,,,,,,,,
6.88115,-6.14E-06,-0.00244517,,,,,,,,,,,,,,
6.88125,3.83E-07,-0.001809826,,,,,,,,,,,,,,
6.88135,2.26E-06,-0.001267718,,,,,,,,,,,,,,
6.88145,3.09E-06,-0.001184615,,,,,,,,,,,,,,
6.88155,3.52E-06,-0.001099612,,,,,,,,,,,,,,
6.88165,3.74E-06,-0.001000324,,,,,,,,,,,,,,
6.88175,3.86E-06,-0.000946634,,,,,,,,,,,,,,
6.88185,3.97E-06,-0.001155061,,,,,,,,,,,,,,
6.88195,3.98E-06,-0.001099893,,,,,,,,,,,,,,
6.88205,8.26E-06,-1.174728632,,,,,,,,,,,,,,
6.88215,6.96E-06,-9.995140076,,,,,,,,,,,,,,
6.88225,1.46E-06,-9.995537758,,,,,,,,,,,,,,
6.88235,5.10E-07,-9.996356964,,,,,,,,,,,,,,
6.88245,1.96E-07,-9.996251106,,,,,,,,,,,,,,
6.88255,2.98E-08,-9.996284485,,,,,,,,,,,,,,
6.88265,-7.70E-08,-9.99629879,,,,,,,,,,,,,,
6.88275,-1.10E-07,-9.996341705,,,,,,,,,,,,,,
6.88285,-1.48E-07,-9.996388435,,,,,,,,,,,,,,
6.88295,-1.45E-07,-9.996543884,,,,,,,,,,,,,,
6.88305,-4.39E-06,-8.833070755,,,,,,,,,,,,,,
6.88315,-6.19E-06,-0.002598992,,,,,,,,,,,,,,
6.88325,3.55E-07,-0.0018087,,,,,,,,,,,,,,
6.88335,2.23E-06,-0.001456232,,,,,,,,,,,,,,
6.88345,3.08E-06,-0.001481916,,,,,,,,,,,,,,
6.88355,3.51E-06,-0.001392549,,,,,,,,,,,,,,
6.88365,3.74E-06,-0.001050706,,,,,,,,,,,,,,
6.88375,3.86E-06,-0.000776557,,,,,,,,,,,,,,
6.88385,3.97E-06,-0.000888229,,,,,,,,,,,,,,
6.88395,3.99E-06,-0.000694438,,,,,,,,,,,,,,
6.88405,8.19E-06,-1.154238105,,,,,,,,,,,,,,
6.88415,7.02E-06,-9.994820595,,,,,,,,,,,,,,
6.88425,1.48E-06,-9.995692253,,,,,,,,,,,,,,
6.88435,5.06E-07,-9.995927811,,,,,,,,,,,,,,
6.88445,1.66E-07,-9.996358871,,,,,,,,,,,,,,
6.88455,4.02E-08,-9.996243477,,,,,,,,,,,,,,
6.88465,-4.05E-08,-9.996648788,,,,,,,,,,,,,,
6.88475,-9.63E-08,-9.996758461,,,,,,,,,,,,,,
6.88485,-1.03E-07,-9.996774673,,,,,,,,,,,,,,
6.88495,-1.42E-07,-9.996858597,,,,,,,,,,,,,,
6.88505,-4.39E-06,-8.853363037,,,,,,,,,,,,,,
6.88515,-6.24E-06,-0.002694832,,,,,,,,,,,,,,
6.88525,3.73E-07,-0.002235687,,,,,,,,,,,,,,
6.88535,2.23E-06,-0.001949645,,,,,,,,,,,,,,
6.88545,3.07E-06,-0.001882585,,,,,,,,,,,,,,
6.88555,3.50E-06,-0.002034438,,,,,,,,,,,,,,
6.88565,3.70E-06,-0.001884274,,,,,,,,,,,,,,
6.88575,3.87E-06,-0.001457217,,,,,,,,,,,,,,
6.88585,3.95E-06,-0.001297484,,,,,,,,,,,,,,
6.88595,4.04E-06,-0.001546794,,,,,,,,,,,,,,
6.88605,8.22E-06,-1.134794831,,,,,,,,,,,,,,
6.88615,7.04E-06,-9.995253563,,,,,,,,,,,,,,
6.88625,1.48E-06,-9.995951653,,,,,,,,,,,,,,
6.88635,5.34E-07,-9.996425629,,,,,,,,,,,,,,
6.88645,1.82E-07,-9.996595383,,,,,,,,,,,,,,
6.88655,5.21E-08,-9.996622086,,,,,,,,,,,,,,
6.88665,-3.42E-08,-9.996368408,,,,,,,,,,,,,,
6.88675,-6.32E-08,-9.996598244,,,,,,,,,,,,,,
6.88685,-9.13E-08,-9.996953964,,,,,,,,,,,,,,
6.88695,-1.04E-07,-9.996660233,,,,,,,,,,,,,,
6.88705,-4.26E-06,-8.873111725,,,,,,,,,,,,,,
6.88715,-6.22E-06,-0.002470502,,,,,,,,,,,,,,
6.88725,3.67E-07,-0.002189386,,,,,,,,,,,,,,
6.88735,2.24E-06,-0.001641367,,,,,,,,,,,,,,
6.88745,3.08E-06,-0.001511892,,,,,,,,,,,,,,
6.88755,3.52E-06,-0.00142147,,,,,,,,,,,,,,
6.88765,3.76E-06,-0.001269618,,,,,,,,,,,,,,
6.88775,3.89E-06,-0.001127055,,,,,,,,,,,,,,
6.88785,3.96E-06,-0.001181097,,,,,,,,,,,,,,
6.88795,4.04E-06,-0.001078713,,,,,,,,,,,,,,
6.88805,8.24E-06,-1.114828229,,,,,,,,,,,,,,
6.88815,7.10E-06,-9.995089531,,,,,,,,,,,,,,
6.88825,1.49E-06,-9.995598793,,,,,,,,,,,,,,
6.88835,5.23E-07,-9.99605751,,,,,,,,,,,,,,
6.88845,1.85E-07,-9.996061325,,,,,,,,,,,,,,
6.88855,2.32E-08,-9.996388435,,,,,,,,,,,,,,
6.88865,-4.72E-08,-9.996635437,,,,,,,,,,,,,,
6.88875,-1.04E-07,-9.996651649,,,,,,,,,,,,,,
6.88885,-1.48E-07,-9.996655464,,,,,,,,,,,,,,
6.88895,-1.52E-07,-9.99660778,,,,,,,,,,,,,,
6.88905,-4.26E-06,-8.893174171,,,,,,,,,,,,,,
6.88915,-6.29E-06,-0.00282093,,,,,,,,,,,,,,
6.88925,3.38E-07,-0.001785901,,,,,,,,,,,,,,
6.88935,2.24E-06,-0.001358492,,,,,,,,,,,,,,
6.88945,3.10E-06,-0.001475442,,,,,,,,,,,,,,
6.88955,3.50E-06,-0.001533706,,,,,,,,,,,,,,
6.88965,3.77E-06,-0.001668107,,,,,,,,,,,,,,
6.88975,3.90E-06,-0.001272222,,,,,,,,,,,,,,
6.88985,3.97E-06,-0.001262511,,,,,,,,,,,,,,
6.88995,4.01E-06,-0.001332245,,,,,,,,,,,,,,
6.89005,8.18E-06,-1.094723582,,,,,,,,,,,,,,
6.89015,7.14E-06,-9.995092392,,,,,,,,,,,,,,
6.89025,1.50E-06,-9.995804787,,,,,,,,,,,,,,
6.89035,5.43E-07,-9.996071815,,,,,,,,,,,,,,
6.89045,2.19E-07,-9.99612999,,,,,,,,,,,,,,
6.89055,6.03E-08,-9.996356964,,,,,,,,,,,,,,
6.89065,-3.43E-08,-9.996299744,,,,,,,,,,,,,,
6.89075,-7.61E-08,-9.996520996,,,,,,,,,,,,,,
6.89085,-1.16E-07,-9.996251106,,,,,,,,,,,,,,
6.89095,-1.05E-07,-9.996443748,,,,,,,,,,,,,,
6.89105,-4.19E-06,-8.912834167,,,,,,,,,,,,,,
6.89115,-6.30E-06,-0.002779976,,,,,,,,,,,,,,
6.89125,3.25E-07,-0.002072154,,,,,,,,,,,,,,
6.89135,2.25E-06,-0.001765354,,,,,,,,,,,,,,
6.89145,3.12E-06,-0.001731789,,,,,,,,,,,,,,
6.89155,3.51E-06,-0.001374676,,,,,,,,,,,,,,
6.89165,3.71E-06,-0.001090957,,,,,,,,,,,,,,
6.89175,3.89E-06,-0.001175608,,,,,,,,,,,,,,
6.89185,3.95E-06,-0.001184896,,,,,,,,,,,,,,
6.89195,4.00E-06,-0.00121811,,,,,,,,,,,,,,
6.89205,8.10E-06,-1.074614882,,,,,,,,,,,,,,
6.89215,7.18E-06,-9.994978905,,,,,,,,,,,,,,
6.89225,1.49E-06,-9.995687485,,,,,,,,,,,,,,
6.89235,5.38E-07,-9.996126175,,,,,,,,,,,,,,
6.89245,2.04E-07,-9.996193886,,,,,,,,,,,,,,
6.89255,5.28E-08,-9.996086121,,,,,,,,,,,,,,
6.89265,-3.86E-08,-9.996274948,,,,,,,,,,,,,,
6.89275,-6.58E-08,-9.99657917,,,,,,,,,,,,,,
6.89285,-6.34E-08,-9.99666214,,,,,,,,,,,,,,
6.89295,-1.08E-07,-9.996483803,,,,,,,,,,,,,,
6.89305,-4.17E-06,-8.933071136,,,,,,,,,,,,,,
6.89315,-6.35E-06,-0.002389299,,,,,,,,,,,,,,
6.89325,3.33E-07,-0.001725526,,,,,,,,,,,,,,
6.89335,2.22E-06,-0.001473612,,,,,,,,,,,,,,
6.89345,3.07E-06,-0.001370314,,,,,,,,,,,,,,
6.89355,3.50E-06,-0.001333863,,,,,,,,,,,,,,
6.89365,3.74E-06,-0.001098767,,,,,,,,,,,,,,
6.89375,3.87E-06,-0.000895266,,,,,,,,,,,,,,
6.89385,3.95E-06,-0.001008486,,,,,,,,,,,,,,
6.89395,3.99E-06,-0.001345544,,,,,,,,,,,,,,
6.89405,8.07E-06,-1.054526448,,,,,,,,,,,,,,
6.89415,7.18E-06,-9.995171547,,,,,,,,,,,,,,
6.89425,1.49E-06,-9.995822906,,,,,,,,,,,,,,
6.89435,5.37E-07,-9.996247292,,,,,,,,,,,,,,
6.89445,1.75E-07,-9.996308327,,,,,,,,,,,,,,
6.89455,2.40E-08,-9.996584892,,,,,,,,,,,,,,
6.89465,-5.28E-08,-9.996624947,,,,,,,,,,,,,,
6.89475,-1.17E-07,-9.996581078,,,,,,,,,,,,,,
6.89485,-1.09E-07,-9.996490479,,,,,,,,,,,,,,
6.89495,-1.18E-07,-9.996652603,,,,,,,,,,,,,,
6.89505,-4.16E-06,-8.953003883,,,,,,,,,,,,,,
6.89515,-6.37E-06,-0.00257936,,,,,,,,,,,,,,
6.89525,3.65E-07,-0.002170949,,,,,,,,,,,,,,
6.89535,2.25E-06,-0.001483534,,,,,,,,,,,,,,
6.89545,3.12E-06,-0.001500633,,,,,,,,,,,,,,
6.89555,3.54E-06,-0.001246186,,,,,,,,,,,,,,
6.89565,3.75E-06,-0.001179619,,,,,,,,,,,,,,
6.89575,3.89E-06,-0.001171034,,,,,,,,,,,,,,
6.89585,4.00E-06,-0.000994554,,,,,,,,,,,,,,
6.89595,4.04E-06,-0.001079627,,,,,,,,,,,,,,
6.89605,8.06E-06,-1.03457427,,,,,,,,,,,,,,
6.89615,7.21E-06,-9.995272636,,,,,,,,,,,,,,
6.89625,1.52E-06,-9.995586395,,,,,,,,,,,,,,
6.89635,5.28E-07,-9.996319771,,,,,,,,,,,,,,
6.89645,1.84E-07,-9.996433258,,,,,,,,,,,,,,
6.89655,3.75E-08,-9.99673748,,,,,,,,,,,,,,
6.89665,-3.20E-08,-9.996587753,,,,,,,,,,,,,,
6.89675,-7.54E-08,-9.996644974,,,,,,,,,,,,,,
6.89685,-1.10E-07,-9.996655464,,,,,,,,,,,,,,
6.89695,-1.15E-07,-9.996794701,,,,,,,,,,,,,,
6.89705,-4.11E-06,-8.973166466,,,,,,,,,,,,,,
6.89715,-6.42E-06,-0.002803901,,,,,,,,,,,,,,
6.89725,3.34E-07,-0.001968011,,,,,,,,,,,,,,
6.89735,2.23E-06,-0.001869638,,,,,,,,,,,,,,
6.89745,3.07E-06,-0.001662337,,,,,,,,,,,,,,
6.89755,3.53E-06,-0.001489586,,,,,,,,,,,,,,
6.89765,3.79E-06,-0.001421963,,,,,,,,,,,,,,
6.89775,3.90E-06,-0.001403245,,,,,,,,,,,,,,
6.89785,3.95E-06,-0.001607028,,,,,,,,,,,,,,
6.89795,4.06E-06,-0.00162265,,,,,,,,,,,,,,
6.89805,8.08E-06,-1.014833689,,,,,,,,,,,,,,
6.89815,7.34E-06,-9.995096207,,,,,,,,,,,,,,
6.89825,1.53E-06,-9.995955467,,,,,,,,,,,,,,
6.89835,5.71E-07,-9.996320724,,,,,,,,,,,,,,
6.89845,2.23E-07,-9.996212006,,,,,,,,,,,,,,
6.89855,7.11E-08,-9.996472359,,,,,,,,,,,,,,
6.89865,-4.57E-09,-9.996319771,,,,,,,,,,,,,,
6.89875,-4.46E-08,-9.99611187,,,,,,,,,,,,,,
6.89885,-8.26E-08,-9.996450424,,,,,,,,,,,,,,
6.89895,-8.50E-08,-9.996222496,,,,,,,,,,,,,,
6.89905,-4.03E-06,-8.992795944,,,,,,,,,,,,,,
6.89915,-6.44E-06,-0.002737263,,,,,,,,,,,,,,
6.89925,3.73E-07,-0.001576982,,,,,,,,,,,,,,
6.89935,2.24E-06,-0.001167234,,,,,,,,,,,,,,
6.89945,3.11E-06,-0.001094545,,,,,,,,,,,,,,
6.89955,3.54E-06,-0.001041066,,,,,,,,,,,,,,
6.89965,3.76E-06,-0.001192074,,,,,,,,,,,,,,
6.89975,3.91E-06,-0.000970347,,,,,,,,,,,,,,
6.89985,4.00E-06,-0.001328445,,,,,,,,,,,,,,
6.89995,4.07E-06,-0.001052818,,,,,,,,,,,,,,
6.90005,8.04E-06,-0.99462539,,,,,,,,,,,,,,
6.90015,7.34E-06,-9.994791985,,,,,,,,,,,,,,
6.90025,1.53E-06,-9.995419502,,,,,,,,,,,,,,
6.90035,5.56E-07,-9.99612236,,,,,,,,,,,,,,
6.90045,2.02E-07,-9.996687889,,,,,,,,,,,,,,
6.90055,4.73E-08,-9.996486664,,,,,,,,,,,,,,
6.90065,-1.70E-08,-9.996666908,,,,,,,,,,,,,,
6.90075,-8.74E-08,-9.99643898,,,,,,,,,,,,,,
6.90085,-1.26E-07,-9.9967556,,,,,,,,,,,,,,
6.90095,-1.49E-07,-9.99681282,,,,,,,,,,,,,,
6.90105,-4.04E-06,-9.013269424,,,,,,,,,,,,,,
6.90115,-6.50E-06,-0.002739374,,,,,,,,,,,,,,
6.90125,3.36E-07,-0.001986236,,,,,,,,,,,,,,
6.90135,2.26E-06,-0.001529906,,,,,,,,,,,,,,
6.90145,3.12E-06,-0.001299032,,,,,,,,,,,,,,
6.90155,3.53E-06,-0.001499789,,,,,,,,,,,,,,
6.90165,3.76E-06,-0.001229579,,,,,,,,,,,,,,
6.90175,3.88E-06,-0.001644393,,,,,,,,,,,,,,
6.90185,3.93E-06,-0.001325138,,,,,,,,,,,,,,
6.90195,4.00E-06,-0.001692243,,,,,,,,,,,,,,
6.90205,7.94E-06,-0.975044429,,,,,,,,,,,,,,
6.90215,7.36E-06,-9.995162964,,,,,,,,,,,,,,
6.90225,1.52E-06,-9.995681763,,,,,,,,,,,,,,
6.90235,5.34E-07,-9.996147156,,,,,,,,,,,,,,
6.90245,2.15E-07,-9.996391296,,,,,,,,,,,,,,
6.90255,3.55E-08,-9.996720314,,,,,,,,,,,,,,
6.90265,-5.38E-08,-9.996771812,,,,,,,,,,,,,,
6.90275,-6.85E-08,-9.9963274,,,,,,,,,,,,,,
6.90285,-9.15E-08,-9.996649742,,,,,,,,,,,,,,
6.90295,-1.01E-07,-9.996724129,,,,,,,,,,,,,,
6.90305,-3.97E-06,-9.033096313,,,,,,,,,,,,,,
6.90315,-6.48E-06,-0.002437218,,,,,,,,,,,,,,
6.90325,3.27E-07,-0.001881319,,,,,,,,,,,,,,
6.90335,2.29E-06,-0.00153828,,,,,,,,,,,,,,
6.90345,3.13E-06,-0.001472838,,,,,,,,,,,,,,
6.90355,3.53E-06,-0.001494019,,,,,,,,,,,,,,
6.90365,3.77E-06,-0.001487264,,,,,,,,,,,,,,
6.90375,3.89E-06,-0.001220502,,,,,,,,,,,,,,
6.90385,3.95E-06,-0.001150768,,,,,,,,,,,,,,
6.90395,4.04E-06,-0.001191089,,,,,,,,,,,,,,
6.90405,7.95E-06,-0.954684615,,,,,,,,,,,,,,
6.90415,7.41E-06,-9.995509148,,,,,,,,,,,,,,
6.90425,1.53E-06,-9.995846748,,,,,,,,,,,,,,
6.90435,5.22E-07,-9.996254921,,,,,,,,,,,,,,
6.90445,2.11E-07,-9.996631622,,,,,,,,,,,,,,
6.90455,4.97E-08,-9.996606827,,,,,,,,,,,,,,
6.90465,6.73E-09,-9.996826172,,,,,,,,,,,,,,
6.90475,-7.97E-08,-9.996881485,,,,,,,,,,,,,,
6.90485,-8.81E-08,-9.996647835,,,,,,,,,,,,,,
6.90495,-1.01E-07,-9.996436119,,,,,,,,,,,,,,
6.90505,-3.92E-06,-9.05298233,,,,,,,,,,,,,,
6.90515,-6.54E-06,-0.002582386,,,,,,,,,,,,,,
6.90525,2.95E-07,-0.001913125,,,,,,,,,,,,,,
6.90535,2.22E-06,-0.001414293,,,,,,,,,,,,,,
6.90545,3.10E-06,-0.001214028,,,,,,,,,,,,,,
6.90555,3.55E-06,-0.001521462,,,,,,,,,,,,,,
6.90565,3.76E-06,-0.001287069,,,,,,,,,,,,,,
6.90575,3.88E-06,-0.001280736,,,,,,,,,,,,,,
6.90585,3.99E-06,-0.001320001,,,,,,,,,,,,,,
6.90595,4.02E-06,-0.001292839,,,,,,,,,,,,,,
6.90605,7.86E-06,-0.934774518,,,,,,,,,,,,,,
6.90615,7.46E-06,-9.995240211,,,,,,,,,,,,,,
6.90625,1.54E-06,-9.995975494,,,,,,,,,,,,,,
6.90635,5.30E-07,-9.996453285,,,,,,,,,,,,,,
6.90645,1.90E-07,-9.996535301,,,,,,,,,,,,,,
6.90655,7.22E-08,-9.996213913,,,,,,,,,,,,,,
6.90665,-2.81E-08,-9.996153831,,,,,,,,,,,,,,
6.90675,-4.88E-08,-9.996323586,,,,,,,,,,,,,,
6.90685,-6.27E-08,-9.996788025,,,,,,,,,,,,,,
6.90695,-1.02E-07,-9.99674511,,,,,,,,,,,,,,
6.90705,-3.89E-06,-9.07319355,,,,,,,,,,,,,,
6.90715,-6.58E-06,-0.002706513,,,,,,,,,,,,,,
6.90725,3.45E-07,-0.001864642,,,,,,,,,,,,,,
6.90735,2.24E-06,-0.001443847,,,,,,,,,,,,,,
6.90745,3.11E-06,-0.001363277,,,,,,,,,,,,,,
6.90755,3.53E-06,-0.001360884,,,,,,,,,,,,,,
6.90765,3.78E-06,-0.001277359,,,,,,,,,,,,,,
6.90775,3.91E-06,-0.001023404,,,,,,,,,,,,,,
6.90785,4.00E-06,-0.000806111,,,,,,,,,,,,,,
6.90795,4.04E-06,-0.001045851,,,,,,,,,,,,,,
6.90805,7.83E-06,-0.914635956,,,,,,,,,,,,,,
6.90815,7.50E-06,-9.995388031,,,,,,,,,,,,,,
6.90825,1.57E-06,-9.996240616,,,,,,,,,,,,,,
6.90835,5.83E-07,-9.996677399,,,,,,,,,,,,,,
6.90845,2.15E-07,-9.996648788,,,,,,,,,,,,,,
6.90855,5.08E-08,-9.996601105,,,,,,,,,,,,,,
6.90865,-5.93E-09,-9.996744156,,,,,,,,,,,,,,
6.90875,-8.31E-08,-9.996742249,,,,,,,,,,,,,,
6.90885,-9.64E-08,-9.996841431,,,,,,,,,,,,,,
6.90895,-9.46E-08,-9.996953964,,,,,,,,,,,,,,
6.90905,-3.86E-06,-9.093437195,,,,,,,,,,,,,,
6.90915,-6.62E-06,-0.002710946,,,,,,,,,,,,,,
6.90925,3.69E-07,-0.002204233,,,,,,,,,,,,,,
6.90935,2.28E-06,-0.001745299,,,,,,,,,,,,,,
6.90945,3.11E-06,-0.001586692,,,,,,,,,,,,,,
6.90955,3.53E-06,-0.001052677,,,,,,,,,,,,,,
6.90965,3.75E-06,-0.001037478,,,,,,,,,,,,,,
6.90975,3.92E-06,-0.001166038,,,,,,,,,,,,,,
6.90985,4.00E-06,-0.001391213,,,,,,,,,,,,,,
6.90995,4.06E-06,-0.001274966,,,,,,,,,,,,,,
6.91005,7.85E-06,-0.894992411,,,,,,,,,,,,,,
6.91015,7.56E-06,-9.995731354,,,,,,,,,,,,,,
6.91025,1.55E-06,-9.996231079,,,,,,,,,,,,,,
6.91035,5.63E-07,-9.996767998,,,,,,,,,,,,,,
6.91045,2.10E-07,-9.996512413,,,,,,,,,,,,,,
6.91055,5.58E-08,-9.996483803,,,,,,,,,,,,,,
6.91065,-2.53E-08,-9.996724129,,,,,,,,,,,,,,
6.91075,-7.71E-08,-9.996701241,,,,,,,,,,,,,,
6.91085,-1.07E-07,-9.996496201,,,,,,,,,,,,,,
6.91095,-1.10E-07,-9.996449471,,,,,,,,,,,,,,
6.91105,-3.84E-06,-9.113085747,,,,,,,,,,,,,,
6.91115,-6.66E-06,-0.002580275,,,,,,,,,,,,,,
6.91125,3.33E-07,-0.002007206,,,,,,,,,,,,,,
6.91135,2.26E-06,-0.00137151,,,,,,,,,,,,,,
6.91145,3.13E-06,-0.001497326,,,,,,,,,,,,,,
6.91155,3.55E-06,-0.001201855,,,,,,,,,,,,,,
6.91165,3.79E-06,-0.001173075,,,,,,,,,,,,,,
6.91175,3.91E-06,-0.000943115,,,,,,,,,,,,,,
6.91185,4.01E-06,-0.000844883,,,,,,,,,,,,,,
6.91195,4.02E-06,-0.000960637,,,,,,,,,,,,,,
6.91205,7.82E-06,-0.874585927,,,,,,,,,,,,,,
6.91215,7.58E-06,-9.995084763,,,,,,,,,,,,,,
6.91225,1.54E-06,-9.995621681,,,,,,,,,,,,,,
6.91235,5.22E-07,-9.996489525,,,,,,,,,,,,,,
6.91245,1.97E-07,-9.996397018,,,,,,,,,,,,,,
6.91255,6.59E-08,-9.996869087,,,,,,,,,,,,,,
6.91265,1.90E-08,-9.996710777,,,,,,,,,,,,,,
6.91275,-2.81E-08,-9.99687767,,,,,,,,,,,,,,
6.91285,-6.34E-08,-9.996817589,,,,,,,,,,,,,,
6.91295,-7.17E-08,-9.996747971,,,,,,,,,,,,,,
6.91305,-3.74E-06,-9.13284111,,,,,,,,,,,,,,
6.91315,-6.64E-06,-0.00252391,,,,,,,,,,,,,,
6.91325,3.24E-07,-0.002141114,,,,,,,,,,,,,,
6.91335,2.28E-06,-0.001538843,,,,,,,,,,,,,,
6.91345,3.15E-06,-0.001454121,,,,,,,,,,,,,,
6.91355,3.57E-06,-0.001383824,,,,,,,,,,,,,,
6.91365,3.80E-06,-0.001349203,,,,,,,,,,,,,,
6.91375,3.98E-06,-0.001358703,,,,,,,,,,,,,,
6.91385,4.05E-06,-0.001241049,,,,,,,,,,,,,,
6.91395,4.10E-06,-0.001035155,,,,,,,,,,,,,,
6.91405,7.80E-06,-0.85473901,,,,,,,,,,,,,,
6.91415,7.66E-06,-9.994904518,,,,,,,,,,,,,,
6.91425,1.60E-06,-9.995735168,,,,,,,,,,,,,,
6.91435,5.81E-07,-9.996282578,,,,,,,,,,,,,,
6.91445,2.38E-07,-9.996346474,,,,,,,,,,,,,,
6.91455,8.02E-08,-9.99634552,,,,,,,,,,,,,,
6.91465,1.62E-08,-9.996524811,,,,,,,,,,,,,,
6.91475,-3.05E-08,-9.996582985,,,,,,,,,,,,,,
6.91485,-8.41E-08,-9.996456146,,,,,,,,,,,,,,
6.91495,-8.07E-08,-9.996247292,,,,,,,,,,,,,,
6.91505,-3.72E-06,-9.152687073,,,,,,,,,,,,,,
6.91515,-6.72E-06,-0.002706935,,,,,,,,,,,,,,
6.91525,3.27E-07,-0.002046822,,,,,,,,,,,,,,
6.91535,2.29E-06,-0.001390509,,,,,,,,,,,,,,
6.91545,3.12E-06,-0.001305787,,,,,,,,,,,,,,
6.91555,3.59E-06,-0.001355325,,,,,,,,,,,,,,
6.91565,3.84E-06,-0.001320705,,,,,,,,,,,,,,
6.91575,3.94E-06,-0.000929957,,,,,,,,,,,,,,
6.91585,4.04E-06,-0.000795063,,,,,,,,,,,,,,
6.91595,4.06E-06,-0.00089611,,,,,,,,,,,,,,
6.91605,7.71E-06,-0.83486414,,,,,,,,,,,,,,
6.91615,7.71E-06,-9.995192528,,,,,,,,,,,,,,
6.91625,1.58E-06,-9.995563507,,,,,,,,,,,,,,
6.91635,5.85E-07,-9.996408463,,,,,,,,,,,,,,
6.91645,2.27E-07,-9.996604919,,,,,,,,,,,,,,
6.91655,7.63E-08,-9.996505737,,,,,,,,,,,,,,
6.91665,8.36E-09,-9.996912003,,,,,,,,,,,,,,
6.91675,-7.51E-08,-9.996819496,,,,,,,,,,,,,,
6.91685,-8.66E-08,-9.996959686,,,,,,,,,,,,,,
6.91695,-1.18E-07,-9.996831894,,,,,,,,,,,,,,
6.91705,-3.67E-06,-9.173126221,,,,,,,,,,,,,,
6.91715,-6.78E-06,-0.002932321,,,,,,,,,,,,,,
6.91725,3.08E-07,-0.002362489,,,,,,,,,,,,,,
6.91735,2.23E-06,-0.001535606,,,,,,,,,,,,,,
6.91745,3.09E-06,-0.001697098,,,,,,,,,,,,,,
6.91755,3.51E-06,-0.001591899,,,,,,,,,,,,,,
6.91765,3.78E-06,-0.001569804,,,,,,,,,,,,,,
6.91775,3.91E-06,-0.001444832,,,,,,,,,,,,,,
6.91785,4.01E-06,-0.001423863,,,,,,,,,,,,,,
6.91795,4.07E-06,-0.001588733,,,,,,,,,,,,,,
6.91805,7.68E-06,-0.815245688,,,,,,,,,,,,,,
6.91815,7.69E-06,-9.995245934,,,,,,,,,,,,,,
6.91825,1.56E-06,-9.995970726,,,,,,,,,,,,,,
6.91835,5.60E-07,-9.996397972,,,,,,,,,,,,,,
6.91845,2.17E-07,-9.996386528,,,,,,,,,,,,,,
6.91855,4.87E-08,-9.996560097,,,,,,,,,,,,,,
6.91865,-8.50E-09,-9.996774673,,,,,,,,,,,,,,
6.91875,-7.07E-08,-9.996801376,,,,,,,,,,,,,,
6.91885,-1.19E-07,-9.996549606,,,,,,,,,,,,,,
6.91895,-1.09E-07,-9.99683857,,,,,,,,,,,,,,
6.91905,-3.63E-06,-9.193117142,,,,,,,,,,,,,,
6.91915,-6.83E-06,-0.002852102,,,,,,,,,,,,,,
6.91925,2.90E-07,-0.002347501,,,,,,,,,,,,,,
6.91935,2.23E-06,-0.001947886,,,,,,,,,,,,,,
6.91945,3.11E-06,-0.001650937,,,,,,,,,,,,,,
6.91955,3.51E-06,-0.001703079,,,,,,,,,,,,,,
6.91965,3.74E-06,-0.001465028,,,,,,,,,,,,,,
6.91975,3.89E-06,-0.001495074,,,,,,,,,,,,,,
6.91985,3.98E-06,-0.001460735,,,,,,,,,,,,,,
6.91995,4.06E-06,-0.001279259,,,,,,,,,,,,,,
6.92005,7.64E-06,-0.795121968,,,,,,,,,,,,,,
6.92015,7.72E-06,-9.995763779,,,,,,,,,,,,,,
6.92025,1.56E-06,-9.996120453,,,,,,,,,,,,,,
6.92035,5.39E-07,-9.996596336,,,,,,,,,,,,,,
6.92045,1.88E-07,-9.99669838,,,,,,,,,,,,,,
6.92055,3.23E-08,-9.996844292,,,,,,,,,,,,,,
6.92065,-1.70E-08,-9.996797562,,,,,,,,,,,,,,
6.92075,-6.54E-08,-9.997099876,,,,,,,,,,,,,,
6.92085,-1.01E-07,-9.99709034,,,,,,,,,,,,,,
6.92095,-1.21E-07,-9.997188568,,,,,,,,,,,,,,
6.92105,-3.60E-06,-9.213493347,,,,,,,,,,,,,,
6.92115,-6.86E-06,-0.002837748,,,,,,,,,,,,,,
6.92125,2.83E-07,-0.001854931,,,,,,,,,,,,,,
6.92135,2.25E-06,-0.001296006,,,,,,,,,,,,,,
6.92145,3.10E-06,-0.001450884,,,,,,,,,,,,,,
6.92155,3.52E-06,-0.00112804,,,,,,,,,,,,,,
6.92165,3.76E-06,-0.001345474,,,,,,,,,,,,,,
6.92175,3.89E-06,-0.001293965,,,,,,,,,,,,,,
6.92185,3.99E-06,-0.001221698,,,,,,,,,,,,,,
6.92195,4.00E-06,-0.001129869,,,,,,,,,,,,,,
6.92205,7.56E-06,-0.774760902,,,,,,,,,,,,,,
6.92215,7.75E-06,-9.995424271,,,,,,,,,,,,,,
6.92225,1.53E-06,-9.995788574,,,,,,,,,,,,,,
6.92235,5.29E-07,-9.996139526,,,,,,,,,,,,,,
6.92245,1.98E-07,-9.996512413,,,,,,,,,,,,,,
6.92255,4.95E-08,-9.996559143,,,,,,,,,,,,,,
6.92265,-4.40E-08,-9.996304512,,,,,,,,,,,,,,
6.92275,-5.30E-08,-9.9964571,,,,,,,,,,,,,,
6.92285,-1.02E-07,-9.996821404,,,,,,,,,,,,,,
6.92295,-9.31E-08,-9.996707916,,,,,,,,,,,,,,
6.92305,-3.58E-06,-9.232978821,,,,,,,,,,,,,,
6.92315,-6.90E-06,-0.00244524,,,,,,,,,,,,,,
6.92325,2.85E-07,-0.001958441,,,,,,,,,,,,,,
6.92335,2.24E-06,-0.001419219,,,,,,,,,,,,,,
6.92345,3.10E-06,-0.00130642,,,,,,,,,,,,,,
6.92355,3.53E-06,-0.001547568,,,,,,,,,,,,,,
6.92365,3.76E-06,-0.001138525,,,,,,,,,,,,,,
6.92375,3.91E-06,-0.00120467,,,,,,,,,,,,,,
6.92385,3.97E-06,-0.001270674,,,,,,,,,,,,,,
6.92395,4.05E-06,-0.001148306,,,,,,,,,,,,,,
6.92405,7.54E-06,-0.754702151,,,,,,,,,,,,,,
6.92415,7.83E-06,-9.995423317,,,,,,,,,,,,,,
6.92425,1.57E-06,-9.996060371,,,,,,,,,,,,,,
6.92435,5.51E-07,-9.99674511,,,,,,,,,,,,,,
6.92445,2.22E-07,-9.996525764,,,,,,,,,,,,,,
6.92455,8.72E-08,-9.996788979,,,,,,,,,,,,,,
6.92465,-1.88E-08,-9.996765137,,,,,,,,,,,,,,
6.92475,-8.40E-08,-9.996715546,,,,,,,,,,,,,,
6.92485,-9.81E-08,-9.997285843,,,,,,,,,,,,,,
6.92495,-1.02E-07,-9.997396469,,,,,,,,,,,,,,
6.92505,-3.49E-06,-9.253378868,,,,,,,,,,,,,,
6.92515,-6.91E-06,-0.003042093,,,,,,,,,,,,,,
6.92525,3.03E-07,-0.002413364,,,,,,,,,,,,,,
6.92535,2.26E-06,-0.001913266,,,,,,,,,,,,,,
6.92545,3.11E-06,-0.001746636,,,,,,,,,,,,,,
6.92555,3.54E-06,-0.001559319,,,,,,,,,,,,,,
6.92565,3.78E-06,-0.001588311,,,,,,,,,,,,,,
6.92575,3.92E-06,-0.001714971,,,,,,,,,,,,,,
6.92585,4.04E-06,-0.001479312,,,,,,,,,,,,,,
6.92595,4.07E-06,-0.001621805,,,,,,,,,,,,,,
6.92605,7.53E-06,-0.735465705,,,,,,,,,,,,,,
6.92615,7.89E-06,-9.995894432,,,,,,,,,,,,,,
6.92625,1.60E-06,-9.996541023,,,,,,,,,,,,,,
6.92635,5.69E-07,-9.99695015,,,,,,,,,,,,,,
6.92645,2.34E-07,-9.99672699,,,,,,,,,,,,,,
6.92655,8.28E-08,-9.996907234,,,,,,,,,,,,,,
6.92665,-1.82E-08,-9.996673584,,,,,,,,,,,,,,
6.92675,-4.63E-08,-9.996759415,,,,,,,,,,,,,,
6.92685,-8.35E-08,-9.996805191,,,,,,,,,,,,,,
6.92695,-6.80E-08,-9.996769905,,,,,,,,,,,,,,
6.92705,-3.43E-06,-9.272892952,,,,,,,,,,,,,,
6.92715,-6.99E-06,-0.002754011,,,,,,,,,,,,,,
6.92725,3.08E-07,-0.002382191,,,,,,,,,,,,,,
6.92735,2.29E-06,-0.002051326,,,,,,,,,,,,,,
6.92745,3.12E-06,-0.001753392,,,,,,,,,,,,,,
6.92755,3.57E-06,-0.001537857,,,,,,,,,,,,,,
6.92765,3.78E-06,-0.001453839,,,,,,,,,,,,,,
6.92775,3.92E-06,-0.001329641,,,,,,,,,,,,,,
6.92785,4.01E-06,-0.001139932,,,,,,,,,,,,,,
6.92795,4.10E-06,-0.00114528,,,,,,,,,,,,,,
6.92805,7.52E-06,-0.714858413,,,,,,,,,,,,,,
6.92815,7.95E-06,-9.995279312,,,,,,,,,,,,,,
6.92825,1.59E-06,-9.995796204,,,,,,,,,,,,,,
6.92835,5.98E-07,-9.996658325,,,,,,,,,,,,,,
6.92845,2.38E-07,-9.99706459,,,,,,,,,,,,,,
6.92855,7.89E-08,-9.996847153,,,,,,,,,,,,,,
6.92865,-1.22E-08,-9.997505188,,,,,,,,,,,,,,
6.92875,-4.90E-08,-9.997087479,,,,,,,,,,,,,,
6.92885,-8.56E-08,-9.997317314,,,,,,,,,,,,,,
6.92895,-7.99E-08,-9.99726963,,,,,,,,,,,,,,
6.92905,-3.41E-06,-9.293196678,,,,,,,,,,,,,,
6.92915,-7.03E-06,-0.002685614,,,,,,,,,,,,,,
6.92925,2.89E-07,-0.00187963,,,,,,,,,,,,,,
6.92935,2.24E-06,-0.001666207,,,,,,,,,,,,,,
6.92945,3.12E-06,-0.001381502,,,,,,,,,,,,,,
6.92955,3.52E-06,-0.001380798,,,,,,,,,,,,,,
6.92965,3.78E-06,-0.001507529,,,,,,,,,,,,,,
6.92975,3.93E-06,-0.001340267,,,,,,,,,,,,,,
6.92985,4.00E-06,-0.001015171,,,,,,,,,,,,,,
6.92995,4.06E-06,-0.000863178,,,,,,,,,,,,,,
6.93005,7.41E-06,-0.694565475,,,,,,,,,,,,,,
6.93015,7.96E-06,-9.995682716,,,,,,,,,,,,,,
6.93025,1.57E-06,-9.996165276,,,,,,,,,,,,,,
6.93035,5.70E-07,-9.996975899,,,,,,,,,,,,,,
6.93045,2.18E-07,-9.997006416,,,,,,,,,,,,,,
6.93055,2.50E-08,-9.996822357,,,,,,,,,,,,,,
6.93065,-1.38E-08,-9.996846199,,,,,,,,,,,,,,
6.93075,-7.41E-08,-9.996947289,,,,,,,,,,,,,,
6.93085,-1.06E-07,-9.997014999,,,,,,,,,,,,,,
6.93095,-1.23E-07,-9.996949196,,,,,,,,,,,,,,
6.93105,-3.35E-06,-9.31297493,,,,,,,,,,,,,,
6.93115,-7.07E-06,-0.002638609,,,,,,,,,,,,,,
6.93125,2.30E-07,-0.002088761,,,,,,,,,,,,,,
6.93135,2.22E-06,-0.001323449,,,,,,,,,,,,,,
6.93145,3.08E-06,-0.001142887,,,,,,,,,,,,,,
6.93155,3.52E-06,-0.000930097,,,,,,,,,,,,,,
6.93165,3.77E-06,-0.000900895,,,,,,,,,,,,,,
6.93175,3.94E-06,-0.001087438,,,,,,,,,,,,,,
6.93185,4.01E-06,-0.000876478,,,,,,,,,,,,,,
6.93195,4.07E-06,-0.000857268,,,,,,,,,,,,,,
6.93205,7.37E-06,-0.674695015,,,,,,,,,,,,,,
6.93215,8.03E-06,-9.995344162,,,,,,,,,,,,,,
6.93225,1.58E-06,-9.99595356,,,,,,,,,,,,,,
6.93235,5.63E-07,-9.996473312,,,,,,,,,,,,,,
6.93245,2.12E-07,-9.996715546,,,,,,,,,,,,,,
6.93255,4.47E-08,-9.996936798,,,,,,,,,,,,,,
6.93265,-4.05E-08,-9.996671677,,,,,,,,,,,,,,
6.93275,-6.36E-08,-9.997049332,,,,,,,,,,,,,,
6.93285,-8.78E-08,-9.997190475,,,,,,,,,,,,,,
6.93295,-8.97E-08,-9.996986389,,,,,,,,,,,,,,
6.93305,-3.34E-06,-9.332879066,,,,,,,,,,,,,,
6.93315,-7.11E-06,-0.002279737,,,,,,,,,,,,,,
6.93325,2.64E-07,-0.00181243,,,,,,,,,,,,,,
6.93335,2.24E-06,-0.001387694,,,,,,,,,,,,,,
6.93345,3.09E-06,-0.001360392,,,,,,,,,,,,,,
6.93355,3.51E-06,-0.001334989,,,,,,,,,,,,,,
6.93365,3.75E-06,-0.001035507,,,,,,,,,,,,,,
6.93375,3.93E-06,-0.001110448,,,,,,,,,,,,,,
6.93385,3.99E-06,-0.000771138,,,,,,,,,,,,,,
6.93395,4.04E-06,-0.00087697,,,,,,,,,,,,,,
6.93405,7.36E-06,-0.654444635,,,,,,,,,,,,,,
6.93415,8.09E-06,-9.99510479,,,,,,,,,,,,,,
6.93425,1.60E-06,-9.99571991,,,,,,,,,,,,,,
6.93435,5.48E-07,-9.996261597,,,,,,,,,,,,,,
6.93445,2.33E-07,-9.996339798,,,,,,,,,,,,,,
6.93455,7.77E-08,-9.996431351,,,,,,,,,,,,,,
6.93465,-4.00E-08,-9.996776581,,,,,,,,,,,,,,
6.93475,-7.62E-08,-9.996589661,,,,,,,,,,,,,,
6.93485,-8.71E-08,-9.99672699,,,,,,,,,,,,,,
6.93495,-1.06E-07,-9.996846199,,,,,,,,,,,,,,
6.93505,-3.26E-06,-9.353035927,,,,,,,,,,,,,,
6.93515,-7.16E-06,-0.002051748,,,,,,,,,,,,,,
6.93525,2.75E-07,-0.00141753,,,,,,,,,,,,,,
6.93535,2.24E-06,-0.001138173,,,,,,,,,,,,,,
6.93545,3.09E-06,-0.001015593,,,,,,,,,,,,,,
6.93555,3.52E-06,-0.001010668,,,,,,,,,,,,,,
6.93565,3.76E-06,-0.000933334,,,,,,,,,,,,,,
6.93575,3.92E-06,-0.000753054,,,,,,,,,,,,,,
6.93585,4.04E-06,-0.000770998,,,,,,,,,,,,,,
6.93595,4.08E-06,-0.000858886,,,,,,,,,,,,,,
6.93605,7.31E-06,-0.634625793,,,,,,,,,,,,,,
6.93615,8.14E-06,-9.995258331,,,,,,,,,,,,,,
6.93625,1.60E-06,-9.995533943,,,,,,,,,,,,,,
6.93635,5.57E-07,-9.996138573,,,,,,,,,,,,,,
6.93645,2.14E-07,-9.996531487,,,,,,,,,,,,,,
6.93655,8.39E-08,-9.996767044,,,,,,,,,,,,,,
6.93665,2.09E-08,-9.996917725,,,,,,,,,,,,,,
6.93675,-5.88E-08,-9.996890068,,,,,,,,,,,,,,
6.93685,-9.07E-08,-9.997012138,,,,,,,,,,,,,,
6.93695,-9.73E-08,-9.997151375,,,,,,,,,,,,,,
6.93705,-3.21E-06,-9.3733778,,,,,,,,,,,,,,
6.93715,-7.21E-06,-0.002492879,,,,,,,,,,,,,,
6.93725,2.62E-07,-0.001712508,,,,,,,,,,,,,,
6.93735,2.24E-06,-0.001081175,,,,,,,,,,,,,,
6.93745,3.08E-06,-0.001002224,,,,,,,,,,,,,,
6.93755,3.54E-06,-0.00061816,,,,,,,,,,,,,,
6.93765,3.81E-06,-0.000904695,,,,,,,,,,,,,,
6.93775,3.97E-06,-0.00068332,,,,,,,,,,,,,,
6.93785,4.05E-06,-0.000998705,,,,,,,,,,,,,,
6.93795,4.10E-06,-0.000864867,,,,,,,,,,,,,,
6.93805,7.30E-06,-0.614804924,,,,,,,,,,,,,,
6.93815,8.22E-06,-9.995234489,,,,,,,,,,,,,,
6.93825,1.62E-06,-9.996095657,,,,,,,,,,,,,,
6.93835,6.13E-07,-9.996496201,,,,,,,,,,,,,,
6.93845,2.66E-07,-9.996792793,,,,,,,,,,,,,,
6.93855,9.14E-08,-9.996674538,,,,,,,,,,,,,,
6.93865,8.78E-09,-9.996753693,,,,,,,,,,,,,,
6.93875,-4.40E-08,-9.99669838,,,,,,,,,,,,,,
6.93885,-6.17E-08,-9.996765137,,,,,,,,,,,,,,
6.93895,-9.64E-08,-9.996752739,,,,,,,,,,,,,,
6.93905,-3.18E-06,-9.393257141,,,,,,,,,,,,,,
6.93915,-7.27E-06,-0.001970755,,,,,,,,,,,,,,
6.93925,2.50E-07,-0.001408382,,,,,,,,,,,,,,
6.93935,2.25E-06,-0.000908847,,,,,,,,,,,,,,
6.93945,3.10E-06,-0.000891747,,,,,,,,,,,,,,
6.93955,3.54E-06,-0.001219658,,,,,,,,,,,,,,
6.93965,3.80E-06,-0.001014608,,,,,,,,,,,,,,
6.93975,3.96E-06,-0.001066821,,,,,,,,,,,,,,
6.93985,4.05E-06,-0.000844813,,,,,,,,,,,,,,
6.93995,4.09E-06,-0.000630756,,,,,,,,,,,,,,
6.94005,7.24E-06,-0.594504297,,,,,,,,,,,,,,
6.94015,8.25E-06,-9.995201111,,,,,,,,,,,,,,
6.94025,1.62E-06,-9.995654106,,,,,,,,,,,,,,
6.94035,5.92E-07,-9.99635601,,,,,,,,,,,,,,
6.94045,2.40E-07,-9.996170998,,,,,,,,,,,,,,
6.94055,6.57E-08,-9.996197701,,,,,,,,,,,,,,
6.94065,-1.47E-08,-9.996312141,,,,,,,,,,,,,,
6.94075,-1.97E-08,-9.996675491,,,,,,,,,,,,,,
6.94085,-4.88E-08,-9.996509552,,,,,,,,,,,,,,
6.94095,-1.07E-07,-9.996523857,,,,,,,,,,,,,,
6.94105,-3.11E-06,-9.412701607,,,,,,,,,,,,,,
6.94115,-7.26E-06,-0.00209052,,,,,,,,,,,,,,
6.94125,2.70E-07,-0.001468476,,,,,,,,,,,,,,
6.94135,2.23E-06,-0.000921302,,,,,,,,,,,,,,
6.94145,3.15E-06,-0.000934882,,,,,,,,,,,,,,
6.94155,3.54E-06,-0.00068705,,,,,,,,,,,,,,
6.94165,3.78E-06,-0.00090751,,,,,,,,,,,,,,
6.94175,3.96E-06,-0.000616964,,,,,,,,,,,,,,
6.94185,4.03E-06,-0.000736025,,,,,,,,,,,,,,
6.94195,4.09E-06,-0.000282932,,,,,,,,,,,,,,
6.94205,7.18E-06,-0.574156702,,,,,,,,,,,,,,
6.94215,8.29E-06,-9.994829178,,,,,,,,,,,,,,
6.94225,1.59E-06,-9.995432854,,,,,,,,,,,,,,
6.94235,5.76E-07,-9.996056557,,,,,,,,,,,,,,
6.94245,2.44E-07,-9.996379852,,,,,,,,,,,,,,
6.94255,8.72E-08,-9.996588707,,,,,,,,,,,,,,
6.94265,-2.70E-09,-9.996575356,,,,,,,,,,,,,,
6.94275,-3.22E-08,-9.996321678,,,,,,,,,,,,,,
6.94285,-6.07E-08,-9.996258736,,,,,,,,,,,,,,
6.94295,-1.09E-07,-9.996081352,,,,,,,,,,,,,,
6.94305,-3.09E-06,-9.432359695,,,,,,,,,,,,,,
6.94315,-7.35E-06,-0.00207138,,,,,,,,,,,,,,
6.94325,2.46E-07,-0.00154602,,,,,,,,,,,,,,
6.94335,2.24E-06,-0.000843898,,,,,,,,,,,,,,
6.94345,3.15E-06,-0.000862264,,,,,,,,,,,,,,
6.94355,3.57E-06,-0.00085966,,,,,,,,,,,,,,
6.94365,3.79E-06,-0.000512188,,,,,,,,,,,,,,
6.94375,3.92E-06,-0.000550467,,,,,,,,,,,,,,
6.94385,4.03E-06,-0.000855649,,,,,,,,,,,,,,
6.94395,4.09E-06,-0.000816595,,,,,,,,,,,,,,
6.94405,7.15E-06,-0.554539979,,,,,,,,,,,,,,
6.94415,8.34E-06,-9.994983673,,,,,,,,,,,,,,
6.94425,1.62E-06,-9.995772362,,,,,,,,,,,,,,
6.94435,5.86E-07,-9.996308327,,,,,,,,,,,,,,
6.94445,2.00E-07,-9.996377945,,,,,,,,,,,,,,
6.94455,6.58E-08,-9.996731758,,,,,,,,,,,,,,
6.94465,-1.48E-08,-9.996156693,,,,,,,,,,,,,,
6.94475,-8.57E-08,-9.996161461,,,,,,,,,,,,,,
6.94485,-9.12E-08,-9.99659729,,,,,,,,,,,,,,
6.94495,-6.94E-08,-9.996700287,,,,,,,,,,,,,,
6.94505,-3.02E-06,-9.452876091,,,,,,,,,,,,,,
6.94515,-7.36E-06,-0.002057518,,,,,,,,,,,,,,
6.94525,2.30E-07,-0.001428155,,,,,,,,,,,,,,
6.94535,2.22E-06,-0.000730748,,,,,,,,,,,,,,
6.94545,3.09E-06,-0.000671921,,,,,,,,,,,,,,
6.94555,3.53E-06,-0.000610983,,,,,,,,,,,,,,
6.94565,3.78E-06,-0.000818495,,,,,,,,,,,,,,
6.94575,3.93E-06,-0.000634063,,,,,,,,,,,,,,
6.94585,4.03E-06,-0.000592336,,,,,,,,,,,,,,
6.94595,4.06E-06,-0.000636245,,,,,,,,,,,,,,
6.94605,7.06E-06,-0.534566998,,,,,,,,,,,,,,
6.94615,8.38E-06,-9.995098114,,,,,,,,,,,,,,
6.94625,1.61E-06,-9.995704651,,,,,,,,,,,,,,
6.94635,5.56E-07,-9.996109009,,,,,,,,,,,,,,
6.94645,2.30E-07,-9.996468544,,,,,,,,,,,,,,
6.94655,5.94E-08,-9.996472359,,,,,,,,,,,,,,
6.94665,-1.62E-08,-9.996722221,,,,,,,,,,,,,,
6.94675,-8.24E-08,-9.996743202,,,,,,,,,,,,,,
6.94685,-1.17E-07,-9.996837616,,,,,,,,,,,,,,
6.94695,-1.16E-07,-9.99663353,,,,,,,,,,,,,,
6.94705,-2.98E-06,-9.473044395,,,,,,,,,,,,,,
6.94715,-7.45E-06,-0.002616443,,,,,,,,,,,,,,
6.94725,2.48E-07,-0.002045907,,,,,,,,,,,,,,
6.94735,2.24E-06,-0.001532228,,,,,,,,,,,,,,
6.94745,3.12E-06,-0.001491274,,,,,,,,,,,,,,
6.94755,3.57E-06,-0.001121425,,,,,,,,,,,,,,
6.94765,3.81E-06,-0.001107704,,,,,,,,,,,,,,
6.94775,3.98E-06,-0.001030582,,,,,,,,,,,,,,
6.94785,4.05E-06,-0.000889496,,,,,,,,,,,,,,
6.94795,4.11E-06,-0.00099378,,,,,,,,,,,,,,
6.94805,7.04E-06,-0.514894783,,,,,,,,,,,,,,
6.94815,8.44E-06,-9.995508194,,,,,,,,,,,,,,
6.94825,1.62E-06,-9.996399879,,,,,,,,,,,,,,
6.94835,5.65E-07,-9.996524811,,,,,,,,,,,,,,
6.94845,2.23E-07,-9.996538162,,,,,,,,,,,,,,
6.94855,5.71E-08,-9.997037888,,,,,,,,,,,,,,
6.94865,-2.44E-08,-9.996588707,,,,,,,,,,,,,,
6.94875,-9.05E-08,-9.996963501,,,,,,,,,,,,,,
6.94885,-1.12E-07,-9.997083664,,,,,,,,,,,,,,
6.94895,-1.15E-07,-9.99682045,,,,,,,,,,,,,,
6.94905,-2.91E-06,-9.493009567,,,,,,,,,,,,,,
6.94915,-7.49E-06,-0.002311473,,,,,,,,,,,,,,
6.94925,2.23E-07,-0.001877449,,,,,,,,,,,,,,
6.94935,2.24E-06,-0.001227539,,,,,,,,,,,,,,
6.94945,3.15E-06,-0.001185108,,,,,,,,,,,,,,
6.94955,3.54E-06,-0.000985898,,,,,,,,,,,,,,
6.94965,3.78E-06,-0.000839254,,,,,,,,,,,,,,
6.94975,3.96E-06,-0.000994483,,,,,,,,,,,,,,
6.94985,4.03E-06,-0.001002857,,,,,,,,,,,,,,
6.94995,4.07E-06,-0.000910747,,,,,,,,,,,,,,
6.95005,6.99E-06,-0.494719177,,,,,,,,,,,,,,
6.95015,8.50E-06,-9.995158195,,,,,,,,,,,,,,
6.95025,1.62E-06,-9.995617867,,,,,,,,,,,,,,
6.95035,5.78E-07,-9.996340752,,,,,,,,,,,,,,
6.95045,2.42E-07,-9.996275902,,,,,,,,,,,,,,
6.95055,6.45E-08,-9.996384621,,,,,,,,,,,,,,
6.95065,-3.20E-08,-9.996459961,,,,,,,,,,,,,,
6.95075,-5.49E-08,-9.99642849,,,,,,,,,,,,,,
6.95085,-6.72E-08,-9.996732712,,,,,,,,,,,,,,
6.95095,-8.07E-08,-9.99669075,,,,,,,,,,,,,,
6.95105,-2.85E-06,-9.512883186,,,,,,,,,,,,,,
6.95115,-7.53E-06,-0.002420471,,,,,,,,,,,,,,
6.95125,2.22E-07,-0.001510555,,,,,,,,,,,,,,
6.95135,2.21E-06,-0.001165053,,,,,,,,,,,,,,
6.95145,3.08E-06,-0.001152879,,,,,,,,,,,,,,
6.95155,3.52E-06,-0.001093701,,,,,,,,,,,,,,
6.95165,3.79E-06,-0.000937697,,,,,,,,,,,,,,
6.95175,3.93E-06,-0.000812584,,,,,,,,,,,,,,
6.95185,4.00E-06,-0.000756995,,,,,,,,,,,,,,
6.95195,4.06E-06,-0.000586847,,,,,,,,,,,,,,
6.95205,6.90E-06,-0.474479556,,,,,,,,,,,,,,
6.95215,8.57E-06,-9.9950037,,,,,,,,,,,,,,
6.95225,1.60E-06,-9.995532036,,,,,,,,,,,,,,
6.95235,5.68E-07,-9.995990753,,,,,,,,,,,,,,
6.95245,2.07E-07,-9.995988846,,,,,,,,,,,,,,
6.95255,7.05E-08,-9.996213913,,,,,,,,,,,,,,
6.95265,-1.05E-08,-9.996376991,,,,,,,,,,,,,,
6.95275,-7.11E-08,-9.996391296,,,,,,,,,,,,,,
6.95285,-1.13E-07,-9.996317863,,,,,,,,,,,,,,
6.95295,-1.35E-07,-9.996397972,,,,,,,,,,,,,,
6.95305,-2.83E-06,-9.532852173,,,,,,,,,,,,,,
6.95315,-7.62E-06,-0.002387469,,,,,,,,,,,,,,
6.95325,2.02E-07,-0.00170512,,,,,,,,,,,,,,
6.95335,2.21E-06,-0.001149361,,,,,,,,,,,,,,
6.95345,3.11E-06,-0.001287773,,,,,,,,,,,,,,
6.95355,3.56E-06,-0.0010994,,,,,,,,,,,,,,
6.95365,3.79E-06,-0.001312683,,,,,,,,,,,,,,
6.95375,3.93E-06,-0.000847768,,,,,,,,,,,,,,
6.95385,4.04E-06,-0.001010668,,,,,,,,,,,,,,
6.95395,4.09E-06,-0.000915954,,,,,,,,,,,,,,
6.95405,6.85E-06,-0.454660982,,,,,,,,,,,,,,
6.95415,8.63E-06,-9.99536705,,,,,,,,,,,,,,
6.95425,1.64E-06,-9.995864868,,,,,,,,,,,,,,
6.95435,5.60E-07,-9.996608734,,,,,,,,,,,,,,
6.95445,2.10E-07,-9.99633503,,,,,,,,,,,,,,
6.95455,5.60E-08,-9.996466637,,,,,,,,,,,,,,
6.95465,-2.35E-08,-9.996596336,,,,,,,,,,,,,,
6.95475,-9.17E-08,-9.996794701,,,,,,,,,,,,,,
6.95485,-1.14E-07,-9.996730804,,,,,,,,,,,,,,
6.95495,-1.04E-07,-9.996813774,,,,,,,,,,,,,,
6.95505,-2.75E-06,-9.552588463,,,,,,,,,,,,,,
6.95515,-7.67E-06,-0.002202052,,,,,,,,,,,,,,
6.95525,1.80E-07,-0.001772039,,,,,,,,,,,,,,
6.95535,2.24E-06,-0.001452995,,,,,,,,,,,,,,
6.95545,3.12E-06,-0.001452291,,,,,,,,,,,,,,
6.95555,3.59E-06,-0.001161535,,,,,,,,,,,,,,
6.95565,3.84E-06,-0.001246608,,,,,,,,,,,,,,
6.95575,3.96E-06,-0.00122768,,,,,,,,,,,,,,
6.95585,4.05E-06,-0.001208892,,,,,,,,,,,,,,
6.95595,4.10E-06,-0.000921231,,,,,,,,,,,,,,
6.95605,6.79E-06,-0.434601516,,,,,,,,,,,,,,
6.95615,8.64E-06,-9.99475956,,,,,,,,,,,,,,
6.95625,1.64E-06,-9.995330811,,,,,,,,,,,,,,
6.95635,5.85E-07,-9.996214867,,,,,,,,,,,,,,
6.95645,2.16E-07,-9.996442795,,,,,,,,,,,,,,
6.95655,4.17E-08,-9.99671936,,,,,,,,,,,,,,
6.95665,-2.11E-08,-9.99687767,,,,,,,,,,,,,,
6.95675,-5.34E-08,-9.996985435,,,,,,,,,,,,,,
6.95685,-8.50E-08,-9.996910095,,,,,,,,,,,,,,
6.95695,-8.53E-08,-9.996668816,,,,,,,,,,,,,,
6.95705,-2.70E-06,-9.572898865,,,,,,,,,,,,,,
6.95715,-7.69E-06,-0.0021979,,,,,,,,,,,,,,
6.95725,2.14E-07,-0.001508866,,,,,,,,,,,,,,
6.95735,2.26E-06,-0.001344348,,,,,,,,,,,,,,
6.95745,3.14E-06,-0.001212269,,,,,,,,,,,,,,
6.95755,3.57E-06,-0.001053662,,,,,,,,,,,,,,
6.95765,3.82E-06,-0.000902232,,,,,,,,,,,,,,
6.95775,3.99E-06,-0.00106478,,,,,,,,,,,,,,
6.95785,4.05E-06,-0.001058377,,,,,,,,,,,,,,
6.95795,4.09E-06,-0.000817721,,,,,,,,,,,,,,
6.95805,6.76E-06,-0.414842248,,,,,,,,,,,,,,
6.95815,8.74E-06,-9.994758606,,,,,,,,,,,,,,
6.95825,1.65E-06,-9.995368958,,,,,,,,,,,,,,
6.95835,5.86E-07,-9.995939255,,,,,,,,,,,,,,
6.95845,2.14E-07,-9.996184349,,,,,,,,,,,,,,
6.95855,4.49E-08,-9.996491432,,,,,,,,,,,,,,
6.95865,-4.01E-08,-9.996578217,,,,,,,,,,,,,,
6.95875,-4.79E-08,-9.996612549,,,,,,,,,,,,,,
6.95885,-7.82E-08,-9.996705055,,,,,,,,,,,,,,
6.95895,-1.27E-07,-9.996686935,,,,,,,,,,,,,,
6.95905,-2.65E-06,-9.592828751,,,,,,,,,,,,,,
6.95915,-7.79E-06,-0.002291207,,,,,,,,,,,,,,
6.95925,1.95E-07,-0.001452854,,,,,,,,,,,,,,
6.95935,2.22E-06,-0.000629278,,,,,,,,,,,,,,
6.95945,3.11E-06,-0.000876196,,,,,,,,,,,,,,
6.95955,3.56E-06,-0.000854171,,,,,,,,,,,,,,
6.95965,3.81E-06,-0.001076179,,,,,,,,,,,,,,
6.95975,3.96E-06,-0.000910958,,,,,,,,,,,,,,
6.95985,4.04E-06,-0.000793796,,,,,,,,,,,,,,
6.95995,4.06E-06,-0.000861841,,,,,,,,,,,,,,
6.96005,6.67E-06,-0.394692302,,,,,,,,,,,,,,
6.96015,8.80E-06,-9.995069504,,,,,,,,,,,,,,
6.96025,1.62E-06,-9.995617867,,,,,,,,,,,,,,
6.96035,5.73E-07,-9.996212959,,,,,,,,,,,,,,
6.96045,1.91E-07,-9.996229172,,,,,,,,,,,,,,
6.96055,5.40E-08,-9.996683121,,,,,,,,,,,,,,
6.96065,-2.79E-08,-9.99687767,,,,,,,,,,,,,,
6.96075,-6.09E-08,-9.996730804,,,,,,,,,,,,,,
6.96085,-6.80E-08,-9.997087479,,,,,,,,,,,,,,
6.96095,-9.87E-08,-9.997139931,,,,,,,,,,,,,,
6.96105,-2.58E-06,-9.612604141,,,,,,,,,,,,,,
6.96115,-7.84E-06,-0.002385288,,,,,,,,,,,,,,
6.96125,1.86E-07,-0.001990317,,,,,,,,,,,,,,
6.96135,2.21E-06,-0.001351174,,,,,,,,,,,,,,
6.96145,3.10E-06,-0.001173427,,,,,,,,,,,,,,
6.96155,3.55E-06,-0.001098134,,,,,,,,,,,,,,
6.96165,3.83E-06,-0.000966829,,,,,,,,,,,,,,
6.96175,3.95E-06,-0.00075235,,,,,,,,,,,,,,
6.96185,4.04E-06,-0.000829261,,,,,,,,,,,,,,
6.96195,4.10E-06,-0.000941708,,,,,,,,,,,,,,
6.96205,6.64E-06,-0.374897122,,,,,,,,,,,,,,
6.96215,8.84E-06,-9.995686531,,,,,,,,,,,,,,
6.96225,1.63E-06,-9.996337891,,,,,,,,,,,,,,
6.96235,5.71E-07,-9.996613503,,,,,,,,,,,,,,
6.96245,1.93E-07,-9.996760368,,,,,,,,,,,,,,
6.96255,4.71E-08,-9.99696064,,,,,,,,,,,,,,
6.96265,-2.43E-08,-9.9968853,,,,,,,,,,,,,,
6.96275,-7.63E-08,-9.996531487,,,,,,,,,,,,,,
6.96285,-7.79E-08,-9.996847153,,,,,,,,,,,,,,
6.96295,-1.08E-07,-9.99696064,,,,,,,,,,,,,,
6.96305,-2.51E-06,-9.633205414,,,,,,,,,,,,,,
6.96315,-7.90E-06,-0.002448547,,,,,,,,,,,,,,
6.96325,1.86E-07,-0.001897785,,,,,,,,,,,,,,
6.96335,2.22E-06,-0.001408312,,,,,,,,,,,,,,
6.96345,3.10E-06,-0.001206992,,,,,,,,,,,,,,
6.96355,3.57E-06,-0.001096586,,,,,,,,,,,,,,
6.96365,3.84E-06,-0.000980973,,,,,,,,,,,,,,
6.96375,3.95E-06,-0.000988643,,,,,,,,,,,,,,
6.96385,4.04E-06,-0.000945297,,,,,,,,,,,,,,
6.96395,4.11E-06,-0.000800411,,,,,,,,,,,,,,
6.96405,6.61E-06,-0.355050683,,,,,,,,,,,,,,
6.96415,8.92E-06,-9.995238304,,,,,,,,,,,,,,
6.96425,1.66E-06,-9.995695114,,,,,,,,,,,,,,
6.96435,5.80E-07,-9.996207237,,,,,,,,,,,,,,
6.96445,2.08E-07,-9.996495247,,,,,,,,,,,,,,
6.96455,3.90E-08,-9.996469498,,,,,,,,,,,,,,
6.96465,-1.44E-08,-9.996644974,,,,,,,,,,,,,,
6.96475,-7.87E-08,-9.996780396,,,,,,,,,,,,,,
6.96485,-1.22E-07,-9.996641159,,,,,,,,,,,,,,
6.96495,-1.13E-07,-9.996763229,,,,,,,,,,,,,,
6.96505,-2.43E-06,-9.652880669,,,,,,,,,,,,,,
6.96515,-7.94E-06,-0.002618062,,,,,,,,,,,,,,
6.96525,1.64E-07,-0.001970474,,,,,,,,,,,,,,
6.96535,2.21E-06,-0.001343926,,,,,,,,,,,,,,
6.96545,3.11E-06,-0.001224724,,,,,,,,,,,,,,
6.96555,3.53E-06,-0.00095543,,,,,,,,,,,,,,
6.96565,3.80E-06,-0.000824406,,,,,,,,,,,,,,
6.96575,3.95E-06,-0.000721811,,,,,,,,,,,,,,
6.96585,4.03E-06,-0.000679872,,,,,,,,,,,,,,
6.96595,4.08E-06,-0.000750521,,,,,,,,,,,,,,
6.96605,6.52E-06,-0.334728837,,,,,,,,,,,,,,
6.96615,9.02E-06,-9.995217323,,,,,,,,,,,,,,
6.96625,1.63E-06,-9.995779991,,,,,,,,,,,,,,
6.96635,5.81E-07,-9.996005058,,,,,,,,,,,,,,
6.96645,2.12E-07,-9.996446609,,,,,,,,,,,,,,
6.96655,5.70E-08,-9.996604919,,,,,,,,,,,,,,
6.96665,-2.61E-08,-9.996619225,,,,,,,,,,,,,,
6.96675,-6.24E-08,-9.99685955,,,,,,,,,,,,,,
6.96685,-9.15E-08,-9.996904373,,,,,,,,,,,,,,
6.96695,-1.26E-07,-9.996640205,,,,,,,,,,,,,,
6.96705,-2.38E-06,-9.672592163,,,,,,,,,,,,,,
6.96715,-8.00E-06,-0.002508571,,,,,,,,,,,,,,
6.96725,1.73E-07,-0.00177809,,,,,,,,,,,,,,
6.96735,2.22E-06,-0.001153442,,,,,,,,,,,,,,
6.96745,3.12E-06,-0.00129671,,,,,,,,,,,,,,
6.96755,3.58E-06,-0.00135237,,,,,,,,,,,,,,
6.96765,3.81E-06,-0.001008979,,,,,,,,,,,,,,
6.96775,3.96E-06,-0.000946634,,,,,,,,,,,,,,
6.96785,4.05E-06,-0.000844883,,,,,,,,,,,,,,
6.96795,4.07E-06,-0.000611053,,,,,,,,,,,,,,
6.96805,6.44E-06,-0.31449908,,,,,,,,,,,,,,
6.96815,9.03E-06,-9.994638443,,,,,,,,,,,,,,
6.96825,1.63E-06,-9.995443344,,,,,,,,,,,,,,
6.96835,5.45E-07,-9.996041298,,,,,,,,,,,,,,
6.96845,2.06E-07,-9.996066093,,,,,,,,,,,,,,
6.96855,4.78E-08,-9.996081352,,,,,,,,,,,,,,
6.96865,-5.24E-08,-9.996153831,,,,,,,,,,,,,,
6.96875,-9.08E-08,-9.996311188,,,,,,,,,,,,,,
6.96885,-9.12E-08,-9.996289253,,,,,,,,,,,,,,
6.96895,-1.08E-07,-9.996354103,,,,,,,,,,,,,,
6.96905,-2.31E-06,-9.692521095,,,,,,,,,,,,,,
6.96915,-8.05E-06,-0.00238381,,,,,,,,,,,,,,
6.96925,1.82E-07,-0.001362362,,,,,,,,,,,,,,
6.96935,2.22E-06,-0.001086734,,,,,,,,,,,,,,
6.96945,3.11E-06,-0.00107815,,,,,,,,,,,,,,
6.96955,3.59E-06,-0.001167657,,,,,,,,,,,,,,
6.96965,3.80E-06,-0.000912435,,,,,,,,,,,,,,
6.96975,3.95E-06,-0.000999057,,,,,,,,,,,,,,
6.96985,4.09E-06,-0.000704079,,,,,,,,,,,,,,
6.96995,4.13E-06,-0.000893577,,,,,,,,,,,,,,
6.97005,6.39E-06,-0.294826925,,,,,,,,,,,,,,
6.97015,9.13E-06,-9.994915009,,,,,,,,,,,,,,
6.97025,1.68E-06,-9.995646477,,,,,,,,,,,,,,
6.97035,5.95E-07,-9.996074677,,,,,,,,,,,,,,
6.97045,2.15E-07,-9.996080399,,,,,,,,,,,,,,
6.97055,4.77E-08,-9.996556282,,,,,,,,,,,,,,
6.97065,-5.23E-09,-9.996710777,,,,,,,,,,,,,,
6.97075,-8.98E-08,-9.99636364,,,,,,,,,,,,,,
6.97085,-1.08E-07,-9.996372223,,,,,,,,,,,,,,
6.97095,-9.64E-08,-9.996458054,,,,,,,,,,,,,,
6.97105,-2.23E-06,-9.712368011,,,,,,,,,,,,,,
6.97115,-8.13E-06,-0.002274108,,,,,,,,,,,,,,
6.97125,1.58E-07,-0.00176275,,,,,,,,,,,,,,
6.97135,2.22E-06,-0.001565371,,,,,,,,,,,,,,
6.97145,3.10E-06,-0.001210088,,,,,,,,,,,,,,
6.97155,3.56E-06,-0.001395435,,,,,,,,,,,,,,
6.97165,3.83E-06,-0.00129868,,,,,,,,,,,,,,
6.97175,3.95E-06,-0.00130058,,,,,,,,,,,,,,
6.97185,4.06E-06,-0.001033255,,,,,,,,,,,,,,
6.97195,4.13E-06,-0.001158016,,,,,,,,,,,,,,
6.97205,6.33E-06,-0.274972081,,,,,,,,,,,,,,
6.97215,9.20E-06,-9.995031357,,,,,,,,,,,,,,
6.97225,1.68E-06,-9.996050835,,,,,,,,,,,,,,
6.97235,5.86E-07,-9.996447563,,,,,,,,,,,,,,
6.97245,2.44E-07,-9.99694252,,,,,,,,,,,,,,
6.97255,5.26E-08,-9.996944427,,,,,,,,,,,,,,
6.97265,-2.13E-08,-9.996951103,,,,,,,,,,,,,,
6.97275,-7.65E-08,-9.996769905,,,,,,,,,,,,,,
6.97285,-8.56E-08,-9.996661186,,,,,,,,,,,,,,
6.97295,-8.83E-08,-9.996596336,,,,,,,,,,,,,,
6.97305,-2.15E-06,-9.73281002,,,,,,,,,,,,,,
6.97315,-8.20E-06,-0.002570423,,,,,,,,,,,,,,
6.97325,1.60E-07,-0.00216532,,,,,,,,,,,,,,
6.97335,2.22E-06,-0.00158634,,,,,,,,,,,,,,
6.97345,3.11E-06,-0.001439695,,,,,,,,,,,,,,
6.97355,3.59E-06,-0.001054788,,,,,,,,,,,,,,
6.97365,3.83E-06,-0.000987024,,,,,,,,,,,,,,
6.97375,3.98E-06,-0.001044936,,,,,,,,,,,,,,
6.97385,4.07E-06,-0.000972529,,,,,,,,,,,,,,
6.97395,4.09E-06,-0.000999479,,,,,,,,,,,,,,
6.97405,6.20E-06,-0.255189747,,,,,,,,,,,,,,
6.97415,9.29E-06,-9.995508194,,,,,,,,,,,,,,
6.97425,1.66E-06,-9.996160507,,,,,,,,,,,,,,
6.97435,5.60E-07,-9.996674538,,,,,,,,,,,,,,
6.97445,2.07E-07,-9.996658325,,,,,,,,,,,,,,
6.97455,4.72E-08,-9.996752739,,,,,,,,,,,,,,
6.97465,-1.66E-08,-9.997103691,,,,,,,,,,,,,,
6.97475,-6.04E-08,-9.997130394,,,,,,,,,,,,,,
6.97485,-4.13E-08,-9.997215271,,,,,,,,,,,,,,
6.97495,-7.78E-08,-9.996966362,,,,,,,,,,,,,,
6.97505,-2.05E-06,-9.753143311,,,,,,,,,,,,,,
6.97515,-8.26E-06,-0.002624817,,,,,,,,,,,,,,
6.97525,1.58E-07,-0.001782172,,,,,,,,,,,,,,
6.97535,2.22E-06,-0.001319649,,,,,,,,,,,,,,
6.97545,3.11E-06,-0.001283058,,,,,,,,,,,,,,
6.97555,3.61E-06,-0.001161253,,,,,,,,,,,,,,
6.97565,3.83E-06,-0.001185319,,,,,,,,,,,,,,
6.97575,3.97E-06,-0.001217617,,,,,,,,,,,,,,
6.97585,4.03E-06,-0.001022067,,,,,,,,,,,,,,
6.97595,4.09E-06,-0.001101441,,,,,,,,,,,,,,
6.97605,6.16E-06,-0.235174328,,,,,,,,,,,,,,
6.97615,9.38E-06,-9.99546051,,,,,,,,,,,,,,
6.97625,1.67E-06,-9.996019363,,,,,,,,,,,,,,
6.97635,5.89E-07,-9.996596336,,,,,,,,,,,,,,
6.97645,2.34E-07,-9.996627808,,,,,,,,,,,,,,
6.97655,3.77E-08,-9.996764183,,,,,,,,,,,,,,
6.97665,-3.49E-08,-9.996744156,,,,,,,,,,,,,,
6.97675,-5.21E-08,-9.996793747,,,,,,,,,,,,,,
6.97685,-8.35E-08,-9.996825218,,,,,,,,,,,,,,
6.97695,-8.37E-08,-9.9968853,,,,,,,,,,,,,,
6.97705,-2.01E-06,-9.77285099,,,,,,,,,,,,,,
6.97715,-8.30E-06,-0.00256592,,,,,,,,,,,,,,
6.97725,1.90E-07,-0.001979973,,,,,,,,,,,,,,
6.97735,2.21E-06,-0.001618709,,,,,,,,,,,,,,
6.97745,3.14E-06,-0.001613221,,,,,,,,,,,,,,
6.97755,3.58E-06,-0.001539194,,,,,,,,,,,,,,
6.97765,3.83E-06,-0.001244568,,,,,,,,,,,,,,
6.97775,3.97E-06,-0.001545457,,,,,,,,,,,,,,
6.97785,4.06E-06,-0.00155179,,,,,,,,,,,,,,
6.97795,4.09E-06,-0.001261596,,,,,,,,,,,,,,
6.97805,6.10E-06,-0.215117261,,,,,,,,,,,,,,
6.97815,9.45E-06,-9.995451927,,,,,,,,,,,,,,
6.97825,1.71E-06,-9.996399879,,,,,,,,,,,,,,
6.97835,6.05E-07,-9.996786118,,,,,,,,,,,,,,
6.97845,2.25E-07,-9.996930122,,,,,,,,,,,,,,
6.97855,5.49E-08,-9.997058868,,,,,,,,,,,,,,
6.97865,-1.80E-08,-9.996948242,,,,,,,,,,,,,,
6.97875,-6.33E-08,-9.996844292,,,,,,,,,,,,,,
6.97885,-7.03E-08,-9.997195244,,,,,,,,,,,,,,
6.97895,-1.07E-07,-9.997086525,,,,,,,,,,,,,,
6.97905,-1.92E-06,-9.79302597,,,,,,,,,,,,,,
6.97915,-8.42E-06,-0.002531792,,,,,,,,,,,,,,
6.97925,1.28E-07,-0.002045274,,,,,,,,,,,,,,
6.97935,2.21E-06,-0.001603932,,,,,,,,,,,,,,
6.97945,3.09E-06,-0.001390157,,,,,,,,,,,,,,
6.97955,3.54E-06,-0.001165616,,,,,,,,,,,,,,
6.97965,3.81E-06,-0.001244145,,,,,,,,,,,,,,
6.97975,3.97E-06,-0.001004475,,,,,,,,,,,,,,
6.97985,4.04E-06,-0.00108786,,,,,,,,,,,,,,
6.97995,4.09E-06,-0.000910465,,,,,,,,,,,,,,
6.98005,5.96E-06,-0.194968298,,,,,,,,,,,,,,
6.98015,9.51E-06,-9.995144844,,,,,,,,,,,,,,
6.98025,1.69E-06,-9.995796204,,,,,,,,,,,,,,
6.98035,5.99E-07,-9.996562958,,,,,,,,,,,,,,
6.98045,2.18E-07,-9.996644974,,,,,,,,,,,,,,
6.98055,6.44E-08,-9.996694565,,,,,,,,,,,,,,
6.98065,-1.11E-08,-9.996645927,,,,,,,,,,,,,,
6.98075,-5.35E-08,-9.996920586,,,,,,,,,,,,,,
6.98085,-8.58E-08,-9.996955872,,,,,,,,,,,,,,
6.98095,-7.88E-08,-9.996774673,,,,,,,,,,,,,,
6.98105,-1.83E-06,-9.812502861,,,,,,,,,,,,,,
6.98115,-8.51E-06,-0.002716435,,,,,,,,,,,,,,
6.98125,1.65E-07,-0.00171849,,,,,,,,,,,,,,
6.98135,2.22E-06,-0.001763524,,,,,,,,,,,,,,
6.98145,3.12E-06,-0.001639538,,,,,,,,,,,,,,
6.98155,3.56E-06,-0.001385724,,,,,,,,,,,,,,
6.98165,3.79E-06,-0.001040996,,,,,,,,,,,,,,
6.98175,3.95E-06,-0.000976469,,,,,,,,,,,,,,
6.98185,4.02E-06,-0.001139017,,,,,,,,,,,,,,
6.98195,4.07E-06,-0.000934742,,,,,,,,,,,,,,
6.98205,5.91E-06,-0.175228521,,,,,,,,,,,,,,
6.98215,9.62E-06,-9.995211601,,,,,,,,,,,,,,
6.98225,1.71E-06,-9.995676994,,,,,,,,,,,,,,
6.98235,5.92E-07,-9.996069908,,,,,,,,,,,,,,
6.98245,2.45E-07,-9.996424675,,,,,,,,,,,,,,
6.98255,7.47E-08,-9.996727943,,,,,,,,,,,,,,
6.98265,-1.16E-08,-9.996941566,,,,,,,,,,,,,,
6.98275,-4.66E-08,-9.996878624,,,,,,,,,,,,,,
6.98285,-8.52E-08,-9.996780396,,,,,,,,,,,,,,
6.98295,-1.11E-07,-9.996842384,,,,,,,,,,,,,,
6.98305,-1.76E-06,-9.832912445,,,,,,,,,,,,,,
6.98315,-8.56E-06,-0.002697295,,,,,,,,,,,,,,
6.98325,1.12E-07,-0.002070958,,,,,,,,,,,,,,
6.98335,2.19E-06,-0.00145405,,,,,,,,,,,,,,
6.98345,3.11E-06,-0.00144061,,,,,,,,,,,,,,
6.98355,3.58E-06,-0.001405638,,,,,,,,,,,,,,
6.98365,3.78E-06,-0.001256812,,,,,,,,,,,,,,
6.98375,3.94E-06,-0.001381009,,,,,,,,,,,,,,
6.98385,4.05E-06,-0.001439977,,,,,,,,,,,,,,
6.98395,4.10E-06,-0.001608717,,,,,,,,,,,,,,
6.98405,5.82E-06,-0.155579016,,,,,,,,,,,,,,
6.98415,9.73E-06,-9.995524406,,,,,,,,,,,,,,
6.98425,1.69E-06,-9.996376991,,,,,,,,,,,,,,
6.98435,5.80E-07,-9.996769905,,,,,,,,,,,,,,
6.98445,1.89E-07,-9.996729851,,,,,,,,,,,,,,
6.98455,5.59E-08,-9.996889114,,,,,,,,,,,,,,
6.98465,-6.12E-08,-9.99693203,,,,,,,,,,,,,,
6.98475,-9.45E-08,-9.99674511,,,,,,,,,,,,,,
6.98485,-1.04E-07,-9.996827126,,,,,,,,,,,,,,
6.98495,-1.45E-07,-9.996878624,,,,,,,,,,,,,,
6.98505,-1.71E-06,-9.85281086,,,,,,,,,,,,,,
6.98515,-8.69E-06,-0.002646349,,,,,,,,,,,,,,
6.98525,1.15E-07,-0.002107971,,,,,,,,,,,,,,
6.98535,2.18E-06,-0.001556575,,,,,,,,,,,,,,
6.98545,3.10E-06,-0.001347022,,,,,,,,,,,,,,
6.98555,3.55E-06,-0.001272152,,,,,,,,,,,,,,
6.98565,3.81E-06,-0.001339915,,,,,,,,,,,,,,
6.98575,3.93E-06,-0.001374184,,,,,,,,,,,,,,
6.98585,4.04E-06,-0.001000324,,,,,,,,,,,,,,
6.98595,4.08E-06,-0.001042544,,,,,,,,,,,,,,
6.98605,5.69E-06,-0.135001093,,,,,,,,,,,,,,
6.98615,9.78E-06,-9.995019913,,,,,,,,,,,,,,
6.98625,1.67E-06,-9.995633125,,,,,,,,,,,,,,
6.98635,5.95E-07,-9.996336937,,,,,,,,,,,,,,
6.98645,2.16E-07,-9.996312141,,,,,,,,,,,,,,
6.98655,4.97E-08,-9.996421814,,,,,,,,,,,,,,
6.98665,-5.42E-09,-9.99652195,,,,,,,,,,,,,,
6.98675,-6.39E-08,-9.996611595,,,,,,,,,,,,,,
6.98685,-8.29E-08,-9.996557236,,,,,,,,,,,,,,
6.98695,-1.02E-07,-9.99677372,,,,,,,,,,,,,,
6.98705,-1.59E-06,-9.87279129,,,,,,,,,,,,,,
6.98715,-8.78E-06,-0.002370088,,,,,,,,,,,,,,
6.98725,1.56E-07,-0.002007839,,,,,,,,,,,,,,
6.98735,2.24E-06,-0.001465028,,,,,,,,,,,,,,
6.98745,3.11E-06,-0.001223598,,,,,,,,,,,,,,
6.98755,3.58E-06,-0.001015664,,,,,,,,,,,,,,
6.98765,3.85E-06,-0.001264833,,,,,,,,,,,,,,
6.98775,3.98E-06,-0.001374606,,,,,,,,,,,,,,
6.98785,4.03E-06,-0.001272996,,,,,,,,,,,,,,
6.98795,4.10E-06,-0.001418445,,,,,,,,,,,,,,
6.98805,5.61E-06,-0.115330629,,,,,,,,,,,,,,
6.98815,9.89E-06,-9.995452881,,,,,,,,,,,,,,
6.98825,1.68E-06,-9.99640274,,,,,,,,,,,,,,
6.98835,5.92E-07,-9.996712685,,,,,,,,,,,,,,
6.98845,2.22E-07,-9.996818542,,,,,,,,,,,,,,
6.98855,7.25E-08,-9.99707222,,,,,,,,,,,,,,
6.98865,1.36E-08,-9.996863365,,,,,,,,,,,,,,
6.98875,-7.71E-08,-9.997157097,,,,,,,,,,,,,,
6.98885,-1.04E-07,-9.997187614,,,,,,,,,,,,,,
6.98895,-9.99E-08,-9.997236252,,,,,,,,,,,,,,
6.98905,-1.48E-06,-9.893217087,,,,,,,,,,,,,,
6.98915,-8.88E-06,-0.002708905,,,,,,,,,,,,,,
6.98925,1.24E-07,-0.002010865,,,,,,,,,,,,,,
6.98935,2.23E-06,-0.001661774,,,,,,,,,,,,,,
6.98945,3.16E-06,-0.00154609,,,,,,,,,,,,,,
6.98955,3.57E-06,-0.001370384,,,,,,,,,,,,,,
6.98965,3.82E-06,-0.001195451,,,,,,,,,,,,,,
6.98975,3.96E-06,-0.00122768,,,,,,,,,,,,,,
6.98985,4.04E-06,-0.001395364,,,,,,,,,,,,,,
6.98995,4.10E-06,-0.001207906,,,,,,,,,,,,,,
6.99005,5.52E-06,-0.095230922,,,,,,,,,,,,,,
6.99015,1.00E-05,-9.995391846,,,,,,,,,,,,,,
6.99025,1.65E-06,-9.99588871,,,,,,,,,,,,,,
6.99035,5.57E-07,-9.996567726,,,,,,,,,,,,,,
6.99045,2.34E-07,-9.996587753,,,,,,,,,,,,,,
6.99055,2.94E-08,-9.996751785,,,,,,,,,,,,,,
6.99065,-6.80E-08,-9.996763229,,,,,,,,,,,,,,
6.99075,-7.08E-08,-9.996836662,,,,,,,,,,,,,,
6.99085,-1.04E-07,-9.996853828,,,,,,,,,,,,,,
6.99095,-1.14E-07,-9.996977806,,,,,,,,,,,,,,
6.99105,-1.35E-06,-9.912636757,,,,,,,,,,,,,,
6.99115,-8.99E-06,-0.002796372,,,,,,,,,,,,,,
6.99125,7.18E-08,-0.001940005,,,,,,,,,,,,,,
6.99135,2.15E-06,-0.001433996,,,,,,,,,,,,,,
6.99145,3.10E-06,-0.001351596,,,,,,,,,,,,,,
6.99155,3.54E-06,-0.001180323,,,,,,,,,,,,,,
6.99165,3.78E-06,-0.000850583,,,,,,,,,,,,,,
6.99175,3.92E-06,-0.000766424,,,,,,,,,,,,,,
6.99185,4.04E-06,-0.000711889,,,,,,,,,,,,,,
6.99195,4.06E-06,-0.000915954,,,,,,,,,,,,,,
6.99205,5.32E-06,-0.074747853,,,,,,,,,,,,,,
6.99215,1.01E-05,-9.994696617,,,,,,,,,,,,,,
6.99225,1.69E-06,-9.995566368,,,,,,,,,,,,,,
6.99235,5.70E-07,-9.995880127,,,,,,,,,,,,,,
6.99245,2.40E-07,-9.996142387,,,,,,,,,,,,,,
6.99255,6.25E-08,-9.996466637,,,,,,,,,,,,,,
6.99265,-2.86E-08,-9.996463776,,,,,,,,,,,,,,
6.99275,-6.60E-08,-9.99665451,,,,,,,,,,,,,,
6.99285,-8.11E-08,-9.996683121,,,,,,,,,,,,,,
6.99295,-1.04E-07,-9.996911049,,,,,,,,,,,,,,
6.99305,-1.25E-06,-9.9327631,,,,,,,,,,,,,,
6.99315,-9.09E-06,-0.002607718,,,,,,,,,,,,,,
6.99325,9.67E-08,-0.002132389,,,,,,,,,,,,,,
6.99335,2.21E-06,-0.001494019,,,,,,,,,,,,,,
6.99345,3.10E-06,-0.001518507,,,,,,,,,,,,,,
6.99355,3.54E-06,-0.000999831,,,,,,,,,,,,,,
6.99365,3.82E-06,-0.00099195,,,,,,,,,,,,,,
6.99375,3.96E-06,-0.001201573,,,,,,,,,,,,,,
6.99385,4.04E-06,-0.000937134,,,,,,,,,,,,,,
6.99395,4.08E-06,-0.001282144,,,,,,,,,,,,,,
6.99405,5.26E-06,-0.055367086,,,,,,,,,,,,,,
6.99415,1.03E-05,-9.995185852,,,,,,,,,,,,,,
6.99425,1.69E-06,-9.996063232,,,,,,,,,,,,,,
6.99435,6.33E-07,-9.99628067,,,,,,,,,,,,,,
6.99445,2.30E-07,-9.996704102,,,,,,,,,,,,,,
6.99455,6.41E-08,-9.996846199,,,,,,,,,,,,,,
6.99465,-2.43E-08,-9.996530533,,,,,,,,,,,,,,
6.99475,-3.44E-08,-9.996643066,,,,,,,,,,,,,,
6.99485,-1.10E-07,-9.996805191,,,,,,,,,,,,,,
6.99495,-8.38E-08,-9.996833801,,,,,,,,,,,,,,
6.99505,-1.11E-06,-9.952890396,,,,,,,,,,,,,,
6.99515,-9.22E-06,-0.003029849,,,,,,,,,,,,,,
6.99525,1.12E-07,-0.002181786,,,,,,,,,,,,,,
6.99535,2.21E-06,-0.001835369,,,,,,,,,,,,,,
6.99545,3.10E-06,-0.001502744,,,,,,,,,,,,,,
6.99555,3.58E-06,-0.001519421,,,,,,,,,,,,,,
6.99565,3.84E-06,-0.001362784,,,,,,,,,,,,,,
6.99575,3.97E-06,-0.001098064,,,,,,,,,,,,,,
6.99585,4.06E-06,-0.001170471,,,,,,,,,,,,,,
6.99595,4.11E-06,-0.001058306,,,,,,,,,,,,,,
6.99605,5.10E-06,-0.03550205,,,,,,,,,,,,,,
6.99615,1.05E-05,-9.995213509,,,,,,,,,,,,,,
6.99625,1.71E-06,-9.996119499,,,,,,,,,,,,,,
6.99635,6.19E-07,-9.996603966,,,,,,,,,,,,,,
6.99645,2.61E-07,-9.996809959,,,,,,,,,,,,,,
6.99655,7.62E-08,-9.996533394,,,,,,,,,,,,,,
6.99665,3.66E-08,-9.996734619,,,,,,,,,,,,,,
6.99675,-5.21E-08,-9.997026443,,,,,,,,,,,,,,
6.99685,-9.04E-08,-9.997065544,,,,,,,,,,,,,,
6.99695,-1.12E-07,-9.997076988,,,,,,,,,,,,,,
6.99705,-9.29E-07,-9.972809792,,,,,,,,,,,,,,
6.99715,-9.37E-06,-0.002971586,,,,,,,,,,,,,,
6.99725,6.11E-08,-0.002041756,,,,,,,,,,,,,,
6.99735,2.20E-06,-0.001628983,,,,,,,,,,,,,,
6.99745,3.10E-06,-0.001351314,,,,,,,,,,,,,,
6.99755,3.52E-06,-0.001602806,,,,,,,,,,,,,,
6.99765,3.79E-06,-0.001495778,,,,,,,,,,,,,,
6.99775,3.95E-06,-0.001427452,,,,,,,,,,,,,,
6.99785,4.07E-06,-0.001163997,,,,,,,,,,,,,,
6.99795,4.10E-06,-0.001317116,,,,,,,,,,,,,,
6.99805,4.89E-06,-0.015573406,,,,,,,,,,,,,,
6.99815,1.07E-05,-9.995535851,,,,,,,,,,,,,,
6.99825,1.70E-06,-9.996328354,,,,,,,,,,,,,,
6.99835,5.71E-07,-9.996605873,,,,,,,,,,,,,,
6.99845,2.10E-07,-9.996667862,,,,,,,,,,,,,,
6.99855,1.57E-08,-9.996692657,,,,,,,,,,,,,,
6.99865,-7.57E-08,-9.99673748,,,,,,,,,,,,,,
6.99875,-8.10E-08,-9.996606827,,,,,,,,,,,,,,
6.99885,-1.14E-07,-9.996343613,,,,,,,,,,,,,,
6.99895,-1.36E-07,-9.99648571,,,,,,,,,,,,,,
6.99905,-5.27E-07,-9.992551804,,,,,,,,,,,,,,
6.99915,-9.85E-06,-0.00344403,,,,,,,,,,,,,,
6.99925,6.65E-08,-0.002154202,,,,,,,,,,,,,,
6.99935,2.18E-06,-0.001813837,,,,,,,,,,,,,,
6.99945,3.08E-06,-0.001758177,,,,,,,,,,,,,,
6.99955,3.53E-06,-0.001324153,,,,,,,,,,,,,,
6.99965,3.77E-06,-0.001598584,,,,,,,,,,,,,,
6.99975,3.93E-06,-0.001417952,,,,,,,,,,,,,,
6.99985,4.03E-06,-0.00120861,,,,,,,,,,,,,,
6.99995,4.07E-06,-0.00110707,,,,,,,,,,,,,,
7.00005,4.09E-06,-0.001114318,,,,,,,,,,,,,,
7.00015,1.14E-05,-9.989605904,,,,,,,,,,,,,,
7.00025,1.68E-06,-9.995898247,,,,,,,,,,,,,,
7.00035,5.93E-07,-9.996829033,,,,,,,,,,,,,,
7.00045,2.28E-07,-9.996874809,,,,,,,,,,,,,,
7.00055,5.82E-08,-9.996907234,,,,,,,,,,,,,,
7.00065,-2.44E-08,-9.997068405,,,,,,,,,,,,,,
7.00075,-4.14E-08,-9.996952057,,,,,,,,,,,,,,
7.00085,-8.75E-08,-9.997186661,,,,,,,,,,,,,,
7.00095,-9.78E-08,-9.996937752,,,,,,,,,,,,,,
7.00105,-1.07E-07,-9.996771812,,,,,,,,,,,,,,
7.00115,-1.02E-05,-0.018740343,,,,,,,,,,,,,,
7.00125,8.75E-08,-0.002452066,,,,,,,,,,,,,,
7.00135,2.21E-06,-0.001948027,,,,,,,,,,,,,,
7.00145,3.10E-06,-0.001420978,,,,,,,,,,,,,,
7.00155,3.58E-06,-0.001439414,,,,,,,,,,,,,,
7.00165,3.86E-06,-0.001233661,,,,,,,,,,,,,,
7.00175,3.99E-06,-0.00119327,,,,,,,,,,,,,,
7.00185,4.05E-06,-0.001262793,,,,,,,,,,,,,,
7.00195,4.10E-06,-0.001391846,,,,,,,,,,,,,,
7.00205,4.12E-06,-0.001523925,,,,,,,,,,,,,,
7.00215,1.14E-05,-9.969984055,,,,,,,,,,,,,,
7.00225,1.71E-06,-9.996449471,,,,,,,,,,,,,,
7.00235,5.86E-07,-9.996915817,,,,,,,,,,,,,,
7.00245,2.34E-07,-9.996912956,,,,,,,,,,,,,,
7.00255,6.33E-08,-9.997012138,,,,,,,,,,,,,,
7.00265,-1.75E-08,-9.997160912,,,,,,,,,,,,,,
7.00275,-5.22E-08,-9.997015953,,,,,,,,,,,,,,
7.00285,-9.88E-08,-9.99713707,,,,,,,,,,,,,,
7.00295,-7.41E-08,-9.997320175,,,,,,,,,,,,,,
7.00305,-1.06E-07,-9.996954918,,,,,,,,,,,,,,
7.00315,-1.02E-05,-0.038571037,,,,,,,,,,,,,,
7.00325,5.85E-08,-0.002212888,,,,,,,,,,,,,,
7.00335,2.20E-06,-0.001657833,,,,,,,,,,,,,,
7.00345,3.10E-06,-0.001751914,,,,,,,,,,,,,,
7.00355,3.55E-06,-0.001839943,,,,,,,,,,,,,,
7.00365,3.82E-06,-0.00151344,,,,,,,,,,,,,,
7.00375,3.96E-06,-0.001216491,,,,,,,,,,,,,,
7.00385,4.02E-06,-0.001392549,,,,,,,,,,,,,,
7.00395,4.09E-06,-0.001402823,,,,,,,,,,,,,,
7.00405,4.13E-06,-0.001610335,,,,,,,,,,,,,,
7.00415,1.14E-05,-9.949780464,,,,,,,,,,,,,,
7.00425,1.72E-06,-9.996068001,,,,,,,,,,,,,,
7.00435,6.04E-07,-9.99647522,,,,,,,,,,,,,,
7.00445,2.25E-07,-9.996635437,,,,,,,,,,,,,,
7.00455,5.04E-08,-9.996721268,,,,,,,,,,,,,,
7.00465,-2.42E-08,-9.996635437,,,,,,,,,,,,,,
7.00475,-6.17E-08,-9.996588707,,,,,,,,,,,,,,
7.00485,-1.13E-07,-9.99672699,,,,,,,,,,,,,,
7.00495,-1.03E-07,-9.996836662,,,,,,,,,,,,,,
7.00505,-1.18E-07,-9.996917725,,,,,,,,,,,,,,
7.00515,-1.02E-05,-0.058700088,,,,,,,,,,,,,,
7.00525,6.32E-08,-0.002175312,,,,,,,,,,,,,,
7.00535,2.20E-06,-0.001570437,,,,,,,,,,,,,,
7.00545,3.10E-06,-0.001728904,,,,,,,,,,,,,,
7.00555,3.56E-06,-0.001631657,,,,,,,,,,,,,,
7.00565,3.85E-06,-0.001477764,,,,,,,,,,,,,,
7.00575,3.98E-06,-0.00161315,,,,,,,,,,,,,,
7.00585,4.08E-06,-0.001532721,,,,,,,,,,,,,,
7.00595,4.12E-06,-0.001547709,,,,,,,,,,,,,,
7.00605,4.15E-06,-0.001404793,,,,,,,,,,,,,,
7.00615,1.14E-05,-9.929681778,,,,,,,,,,,,,,
7.00625,1.71E-06,-9.996058464,,,,,,,,,,,,,,
7.00635,5.74E-07,-9.996786118,,,,,,,,,,,,,,
7.00645,2.15E-07,-9.996817589,,,,,,,,,,,,,,
7.00655,6.14E-08,-9.996837616,,,,,,,,,,,,,,
7.00665,-1.49E-08,-9.996818542,,,,,,,,,,,,,,
7.00675,-7.27E-08,-9.996801376,,,,,,,,,,,,,,
7.00685,-9.36E-08,-9.996932983,,,,,,,,,,,,,,
7.00695,-1.29E-07,-9.997132301,,,,,,,,,,,,,,
7.00705,-1.96E-07,-9.997232437,,,,,,,,,,,,,,
7.00715,-1.02E-05,-0.078769676,,,,,,,,,,,,,,
7.00725,2.96E-08,-0.002284029,,,,,,,,,,,,,,
7.00735,2.17E-06,-0.001763384,,,,,,,,,,,,,,
7.00745,3.06E-06,-0.001550101,,,,,,,,,,,,,,
7.00755,3.55E-06,-0.001522447,,,,,,,,,,,,,,
7.00765,3.80E-06,-0.001395575,,,,,,,,,,,,,,
7.00775,3.95E-06,-0.00117786,,,,,,,,,,,,,,
7.00785,4.02E-06,-0.001341745,,,,,,,,,,,,,,
7.00795,4.10E-06,-0.001254067,,,,,,,,,,,,,,
7.00805,4.12E-06,-0.001094827,,,,,,,,,,,,,,
7.00815,1.14E-05,-9.909330368,,,,,,,,,,,,,,
7.00825,1.72E-06,-9.995855331,,,,,,,,,,,,,,
7.00835,5.79E-07,-9.99641037,,,,,,,,,,,,,,
7.00845,1.93E-07,-9.996421814,,,,,,,,,,,,,,
7.00855,4.52E-08,-9.996833801,,,,,,,,,,,,,,
7.00865,-1.60E-08,-9.997186661,,,,,,,,,,,,,,
7.00875,-7.21E-08,-9.997179031,,,,,,,,,,,,,,
7.00885,-1.18E-07,-9.997376442,,,,,,,,,,,,,,
7.00895,-1.36E-07,-9.997327805,,,,,,,,,,,,,,
7.00905,-1.48E-07,-9.997209549,,,,,,,,,,,,,,
7.00915,-1.02E-05,-0.098489754,,,,,,,,,,,,,,
7.00925,4.57E-08,-0.00218446,,,,,,,,,,,,,,
7.00935,2.18E-06,-0.001932898,,,,,,,,,,,,,,
7.00945,3.09E-06,-0.001756417,,,,,,,,,,,,,,
7.00955,3.52E-06,-0.001479101,,,,,,,,,,,,,,
7.00965,3.84E-06,-0.00138495,,,,,,,,,,,,,,
7.00975,3.94E-06,-0.001375943,,,,,,,,,,,,,,
7.00985,4.03E-06,-0.001500281,,,,,,,,,,,,,,
7.00995,4.11E-06,-0.001514355,,,,,,,,,,,,,,
7.01005,4.13E-06,-0.001188907,,,,,,,,,,,,,,
7.01015,1.14E-05,-9.88986969,,,,,,,,,,,,,,
7.01025,1.72E-06,-9.996294975,,,,,,,,,,,,,,
7.01035,5.98E-07,-9.996801376,,,,,,,,,,,,,,
7.01045,2.10E-07,-9.996492386,,,,,,,,,,,,,,
7.01055,3.89E-08,-9.996640205,,,,,,,,,,,,,,
7.01065,-2.15E-08,-9.996954918,,,,,,,,,,,,,,
7.01075,-7.77E-08,-9.997067451,,,,,,,,,,,,,,
7.01085,-9.86E-08,-9.996981621,,,,,,,,,,,,,,
7.01095,-1.10E-07,-9.997084618,,,,,,,,,,,,,,
7.01105,-1.28E-07,-9.996897697,,,,,,,,,,,,,,
7.01115,-1.02E-05,-0.118835539,,,,,,,,,,,,,,
7.01125,2.33E-08,-0.002285226,,,,,,,,,,,,,,
7.01135,2.15E-06,-0.002201981,,,,,,,,,,,,,,
7.01145,3.07E-06,-0.001682884,,,,,,,,,,,,,,
7.01155,3.53E-06,-0.001353707,,,,,,,,,,,,,,
7.01165,3.79E-06,-0.001393957,,,,,,,,,,,,,,
7.01175,3.94E-06,-0.001427029,,,,,,,,,,,,,,
7.01185,4.03E-06,-0.001503378,,,,,,,,,,,,,,
7.01195,4.09E-06,-0.001422174,,,,,,,,,,,,,,
7.01205,4.14E-06,-0.001409227,,,,,,,,,,,,,,
7.01215,1.14E-05,-9.869475365,,,,,,,,,,,,,,
7.01225,1.71E-06,-9.996046066,,,,,,,,,,,,,,
7.01235,6.03E-07,-9.996239662,,,,,,,,,,,,,,
7.01245,2.31E-07,-9.996585846,,,,,,,,,,,,,,
7.01255,5.39E-08,-9.996605873,,,,,,,,,,,,,,
7.01265,-2.94E-08,-9.996911049,,,,,,,,,,,,,,
7.01275,-4.73E-08,-9.996689796,,,,,,,,,,,,,,
7.01285,-1.10E-07,-9.996856689,,,,,,,,,,,,,,
7.01295,-1.54E-07,-9.996684074,,,,,,,,,,,,,,
7.01305,-1.36E-07,-9.996764183,,,,,,,,,,,,,,
7.01315,-1.02E-05,-0.138300672,,,,,,,,,,,,,,
7.01325,-8.21E-09,-0.001763454,,,,,,,,,,,,,,
7.01335,2.14E-06,-0.001693228,,,,,,,,,,,,,,
7.01345,3.07E-06,-0.001693932,,,,,,,,,,,,,,
7.01355,3.53E-06,-0.001655089,,,,,,,,,,,,,,
7.01365,3.78E-06,-0.001558193,,,,,,,,,,,,,,
7.01375,3.94E-06,-0.001460383,,,,,,,,,,,,,,
7.01385,4.03E-06,-0.001426818,,,,,,,,,,,,,,
7.01395,4.07E-06,-0.001143802,,,,,,,,,,,,,,
7.01405,4.12E-06,-0.001131558,,,,,,,,,,,,,,
7.01415,1.14E-05,-9.849403381,,,,,,,,,,,,,,
7.01425,1.74E-06,-9.995882988,,,,,,,,,,,,,,
7.01435,5.76E-07,-9.996198654,,,,,,,,,,,,,,
7.01445,1.75E-07,-9.996487617,,,,,,,,,,,,,,
7.01455,2.35E-08,-9.996390343,,,,,,,,,,,,,,
7.01465,-7.58E-08,-9.996619225,,,,,,,,,,,,,,
7.01475,-1.11E-07,-9.996824265,,,,,,,,,,,,,,
7.01485,-1.29E-07,-9.996604919,,,,,,,,,,,,,,
7.01495,-1.41E-07,-9.99672699,,,,,,,,,,,,,,
7.01505,-1.58E-07,-9.997125626,,,,,,,,,,,,,,
7.01515,-1.02E-05,-0.158780158,,,,,,,,,,,,,,
7.01525,-3.64E-08,-0.002238009,,,,,,,,,,,,,,
7.01535,2.12E-06,-0.001738826,,,,,,,,,,,,,,
7.01545,3.05E-06,-0.001708498,,,,,,,,,,,,,,
7.01555,3.50E-06,-0.001574589,,,,,,,,,,,,,,
7.01565,3.75E-06,-0.001366654,,,,,,,,,,,,,,
7.01575,3.92E-06,-0.001262159,,,,,,,,,,,,,,
7.01585,4.03E-06,-0.001481071,,,,,,,,,,,,,,
7.01595,4.09E-06,-0.001342941,,,,,,,,,,,,,,
7.01605,4.10E-06,-0.001375732,,,,,,,,,,,,,,
7.01615,1.14E-05,-9.82968998,,,,,,,,,,,,,,
7.01625,1.69E-06,-9.996099472,,,,,,,,,,,,,,
7.01635,5.55E-07,-9.996407509,,,,,,,,,,,,,,
7.01645,1.89E-07,-9.996889114,,,,,,,,,,,,,,
7.01655,4.18E-08,-9.996994019,,,,,,,,,,,,,,
7.01665,-4.43E-08,-9.997131348,,,,,,,,,,,,,,
7.01675,-1.13E-07,-9.997396469,,,,,,,,,,,,,,
7.01685,-1.04E-07,-9.997631073,,,,,,,,,,,,,,
7.01695,-1.23E-07,-9.997720718,,,,,,,,,,,,,,
7.01705,-1.77E-07,-9.997889519,,,,,,,,,,,,,,
7.01715,-1.02E-05,-0.179182306,,,,,,,,,,,,,,
7.01725,1.03E-08,-0.002856324,,,,,,,,,,,,,,
7.01735,2.16E-06,-0.002059347,,,,,,,,,,,,,,
7.01745,3.07E-06,-0.002040982,,,,,,,,,,,,,,
7.01755,3.54E-06,-0.001708709,,,,,,,,,,,,,,
7.01765,3.80E-06,-0.001566989,,,,,,,,,,,,,,
7.01775,3.95E-06,-0.001639045,,,,,,,,,,,,,,
7.01785,4.04E-06,-0.001487826,,,,,,,,,,,,,,
7.01795,4.11E-06,-0.001701742,,,,,,,,,,,,,,
7.01805,4.16E-06,-0.001732845,,,,,,,,,,,,,,
7.01815,1.14E-05,-9.809555054,,,,,,,,,,,,,,
7.01825,1.74E-06,-9.996200562,,,,,,,,,,,,,,
7.01835,5.85E-07,-9.996520996,,,,,,,,,,,,,,
7.01845,2.11E-07,-9.996991158,,,,,,,,,,,,,,
7.01855,5.51E-08,-9.996814728,,,,,,,,,,,,,,
7.01865,-2.03E-08,-9.997152328,,,,,,,,,,,,,,
7.01875,-7.75E-08,-9.997166634,,,,,,,,,,,,,,
7.01885,-6.71E-08,-9.997363091,,,,,,,,,,,,,,
7.01895,-1.17E-07,-9.997267723,,,,,,,,,,,,,,
7.01905,-1.40E-07,-9.997159004,,,,,,,,,,,,,,
7.01915,-1.02E-05,-0.19866693,,,,,,,,,,,,,,
7.01925,-3.20E-09,-0.002203107,,,,,,,,,,,,,,
7.01935,2.19E-06,-0.001921358,,,,,,,,,,,,,,
7.01945,3.09E-06,-0.001871679,,,,,,,,,,,,,,
7.01955,3.55E-06,-0.001617865,,,,,,,,,,,,,,
7.01965,3.81E-06,-0.001596121,,,,,,,,,,,,,,
7.01975,3.93E-06,-0.001471361,,,,,,,,,,,,,,
7.01985,4.02E-06,-0.001191018,,,,,,,,,,,,,,
7.01995,4.09E-06,-0.001141058,,,,,,,,,,,,,,
7.02005,4.12E-06,-0.00122001,,,,,,,,,,,,,,
7.02015,1.15E-05,-9.789591789,,,,,,,,,,,,,,
7.02025,1.74E-06,-9.996040344,,,,,,,,,,,,,,
7.02035,5.82E-07,-9.99650383,,,,,,,,,,,,,,
7.02045,2.05E-07,-9.9969244,,,,,,,,,,,,,,
7.02055,1.66E-09,-9.997003555,,,,,,,,,,,,,,
7.02065,-6.93E-08,-9.996883392,,,,,,,,,,,,,,
7.02075,-1.06E-07,-9.996622086,,,,,,,,,,,,,,
7.02085,-1.23E-07,-9.996602058,,,,,,,,,,,,,,
7.02095,-1.40E-07,-9.996489525,,,,,,,,,,,,,,
7.02105,-1.62E-07,-9.996778488,,,,,,,,,,,,,,
7.02115,-1.02E-05,-0.218427539,,,,,,,,,,,,,,
7.02125,-1.18E-08,-0.001912914,,,,,,,,,,,,,,
7.02135,2.15E-06,-0.001608928,,,,,,,,,,,,,,
7.02145,3.08E-06,-0.001400994,,,,,,,,,,,,,,
7.02155,3.55E-06,-0.001371369,,,,,,,,,,,,,,
7.02165,3.78E-06,-0.001508374,,,,,,,,,,,,,,
7.02175,3.97E-06,-0.001074139,,,,,,,,,,,,,,
7.02185,4.05E-06,-0.001013131,,,,,,,,,,,,,,
7.02195,4.09E-06,-0.000940512,,,,,,,,,,,,,,
7.02205,4.14E-06,-0.000995891,,,,,,,,,,,,,,
7.02215,4.16E-06,-0.000862545,,,,,,,,,,,,,,
7.02225,4.14E-06,-0.000850583,,,,,,,,,,,,,,
7.02235,4.15E-06,-0.000838691,,,,,,,,,,,,,,
7.02245,4.17E-06,-0.000637019,,,,,,,,,,,,,,
7.02255,4.19E-06,-0.000996454,,,,,,,,,,,,,,
7.02265,4.20E-06,-0.000559052,,,,,,,,,,,,,,
7.02275,4.22E-06,-0.000633641,,,,,,,,,,,,,,
7.02285,4.21E-06,-0.000920176,,,,,,,,,,,,,,
7.02295,4.18E-06,-0.000721459,,,,,,,,,,,,,,
7.02305,4.17E-06,-0.000827995,,,,,,,,,,,,,,
7.02315,4.18E-06,-0.000784156,,,,,,,,,,,,,,
7.02325,4.19E-06,-0.000855931,,,,,,,,,,,,,,
7.02335,4.18E-06,-0.000867471,,,,,,,,,,,,,,
7.02345,4.19E-06,-0.0010379,,,,,,,,,,,,,,
7.02355,4.20E-06,-0.000936923,,,,,,,,,,,,,,
7.02365,4.16E-06,-0.00068705,,,,,,,,,,,,,,
7.02375,4.16E-06,-0.000728496,,,,,,,,,,,,,,
7.02385,4.16E-06,-0.000924609,,,,,,,,,,,,,,
7.02395,4.15E-06,-0.000828769,,,,,,,,,,,,,,
7.02405,4.15E-06,-0.000615557,,,,,,,,,,,,,,
7.02415,4.16E-06,-0.000712593,,,,,,,,,,,,,,
7.02425,4.17E-06,-0.000973866,,,,,,,,,,,,,,
7.02435,4.15E-06,-0.000653485,,,,,,,,,,,,,,
7.02445,4.13E-06,-0.001105593,,,,,,,,,,,,,,
7.02455,4.12E-06,-0.000940723,,,,,,,,,,,,,,
7.02465,4.16E-06,-0.00059895,,,,,,,,,,,,,,
7.02475,4.14E-06,-0.000573548,,,,,,,,,,,,,,
7.02485,4.13E-06,-0.000769098,,,,,,,,,,,,,,
7.02495,4.12E-06,-0.00074848,,,,,,,,,,,,,,
7.02505,4.10E-06,-0.0007216,,,,,,,,,,,,,,
7.02515,4.14E-06,-0.000454557,,,,,,,,,,,,,,
7.02525,4.14E-06,-0.00050684,,,,,,,,,,,,,,
7.02535,4.13E-06,-0.000699434,,,,,,,,,,,,,,
7.02545,4.15E-06,-0.000845868,,,,,,,,,,,,,,
7.02555,4.12E-06,-0.000982662,,,,,,,,,,,,,,
7.02565,4.12E-06,-0.0008078,,,,,,,,,,,,,,
7.02575,4.10E-06,-0.000733422,,,,,,,,,,,,,,
7.02585,4.11E-06,-0.000700068,,,,,,,,,,,,,,
7.02595,4.11E-06,-0.000540123,,,,,,,,,,,,,,
7.02605,4.09E-06,-0.000223824,,,,,,,,,,,,,,
7.02615,4.06E-06,-0.000391367,,,,,,,,,,,,,,
7.02625,4.08E-06,-0.000378772,,,,,,,,,,,,,,
7.02635,4.09E-06,-0.000537098,,,,,,,,,,,,,,
7.02645,4.09E-06,-0.00067185,,,,,,,,,,,,,,
7.02655,4.10E-06,-0.000650881,,,,,,,,,,,,,,
7.02665,4.11E-06,-0.000571507,,,,,,,,,,,,,,
7.02675,4.10E-06,-0.000721389,,,,,,,,,,,,,,
7.02685,4.10E-06,-0.000584244,,,,,,,,,,,,,,
7.02695,4.13E-06,-0.000791685,,,,,,,,,,,,,,
7.02705,4.11E-06,-0.000753828,,,,,,,,,,,,,,
7.02715,4.09E-06,-0.000783875,,,,,,,,,,,,,,
7.02725,4.06E-06,-0.000750802,,,,,,,,,,,,,,
7.02735,4.06E-06,-0.000793515,,,,,,,,,,,,,,
7.02745,4.04E-06,-0.000782608,,,,,,,,,,,,,,
7.02755,4.04E-06,-0.000978088,,,,,,,,,,,,,,
7.02765,4.04E-06,-0.000988713,,,,,,,,,,,,,,
7.02775,4.06E-06,-0.000868104,,,,,,,,,,,,,,
7.02785,4.06E-06,-0.000858464,,,,,,,,,,,,,,
7.02795,4.03E-06,-0.000826025,,,,,,,,,,,,,,
7.02805,4.04E-06,-0.001060136,,,,,,,,,,,,,,
7.02815,4.04E-06,-0.000830387,,,,,,,,,,,,,,
7.02825,4.07E-06,-0.001021363,,,,,,,,,,,,,,
7.02835,4.07E-06,-0.001167445,,,,,,,,,,,,,,
7.02845,4.07E-06,-0.000895899,,,,,,,,,,,,,,
7.02855,4.09E-06,-0.000848964,,,,,,,,,,,,,,
7.02865,4.07E-06,-0.00095747,,,,,,,,,,,,,,
7.02875,4.05E-06,-0.000785212,,,,,,,,,,,,,,
7.02885,4.02E-06,-0.00093629,,,,,,,,,,,,,,
7.02895,3.99E-06,-0.000859519,,,,,,,,,,,,,,
7.02905,4.02E-06,-0.000546034,,,,,,,,,,,,,,
7.02915,4.04E-06,-0.000858042,,,,,,,,,,,,,,
7.02925,3.98E-06,-0.00067375,,,,,,,,,,,,,,
7.02935,4.01E-06,-0.000559967,,,,,,,,,,,,,,
7.02945,4.04E-06,-0.000700631,,,,,,,,,,,,,,
7.02955,4.01E-06,-0.000849246,,,,,,,,,,,,,,
7.02965,4.01E-06,-0.000778034,,,,,,,,,,,,,,
7.02975,4.04E-06,-0.000724344,,,,,,,,,,,,,,
7.02985,4.04E-06,-0.000668543,,,,,,,,,,,,,,
7.02995,4.01E-06,-0.000646518,,,,,,,,,,,,,,
7.03005,3.99E-06,-0.000712734,,,,,,,,,,,,,,
7.03015,3.98E-06,-0.000864093,,,,,,,,,,,,,,
7.03025,3.99E-06,-0.001014045,,,,,,,,,,,,,,
7.03035,3.99E-06,-0.00111277,,,,,,,,,,,,,,
7.03045,4.01E-06,-0.000780356,,,,,,,,,,,,,,
7.03055,4.01E-06,-0.000800763,,,,,,,,,,,,,,
7.03065,4.00E-06,-0.000822154,,,,,,,,,,,,,,
7.03075,4.00E-06,-0.0007907,,,,,,,,,,,,,,
7.03085,4.00E-06,-0.000792741,,,,,,,,,,,,,,
7.03095,4.01E-06,-0.001018971,,,,,,,,,,,,,,
7.03105,3.98E-06,-0.000908143,,,,,,,,,,,,,,
7.03115,4.01E-06,-0.001045992,,,,,,,,,,,,,,
7.03125,4.00E-06,-0.001274051,,,,,,,,,,,,,,
7.03135,4.00E-06,-0.001157101,,,,,,,,,,,,,,
7.03145,4.02E-06,-0.001095249,,,,,,,,,,,,,,
7.03155,4.03E-06,-0.001000676,,,,,,,,,,,,,,
7.03165,4.04E-06,-0.000873522,,,,,,,,,,,,,,
7.03175,4.00E-06,-0.000856353,,,,,,,,,,,,,,
7.03185,3.97E-06,-0.000846853,,,,,,,,,,,,,,
7.03195,3.95E-06,-0.000691201,,,,,,,,,,,,,,
7.03205,3.95E-06,-0.001079416,,,,,,,,,,,,,,
7.03215,3.95E-06,-0.001007501,,,,,,,,,,,,,,
7.03225,3.96E-06,-0.000811951,,,,,,,,,,,,,,
7.03235,3.94E-06,-0.000877674,,,,,,,,,,,,,,
7.03245,3.96E-06,-0.001010386,,,,,,,,,,,,,,
7.03255,3.97E-06,-0.001058517,,,,,,,,,,,,,,
7.03265,3.97E-06,-0.001140706,,,,,,,,,,,,,,
7.03275,3.95E-06,-0.001090323,,,,,,,,,,,,,,
7.03285,4.00E-06,-0.000988784,,,,,,,,,,,,,,
7.03295,3.97E-06,-0.000774797,,,,,,,,,,,,,,
7.03305,3.99E-06,-0.000920176,,,,,,,,,,,,,,
7.03315,3.98E-06,-0.000802241,,,,,,,,,,,,,,
7.03325,3.98E-06,-0.001220854,,,,,,,,,,,,,,
7.03335,3.98E-06,-0.000999057,,,,,,,,,,,,,,
7.03345,3.98E-06,-0.001315498,,,,,,,,,,,,,,
7.03355,3.95E-06,-0.001433222,,,,,,,,,,,,,,
7.03365,3.96E-06,-0.001340619,,,,,,,,,,,,,,
7.03375,3.97E-06,-0.001262722,,,,,,,,,,,,,,
7.03385,3.96E-06,-0.001165194,,,,,,,,,,,,,,
7.03395,3.94E-06,-0.001026148,,,,,,,,,,,,,,
7.03405,3.94E-06,-0.001173989,,,,,,,,,,,,,,
7.03415,3.95E-06,-0.001170119,,,,,,,,,,,,,,
7.03425,3.94E-06,-0.001083568,,,,,,,,,,,,,,
7.03435,3.96E-06,-0.001148446,,,,,,,,,,,,,,
7.03445,3.95E-06,-0.001204318,,,,,,,,,,,,,,
7.03455,3.95E-06,-0.00124119,,,,,,,,,,,,,,
7.03465,3.94E-06,-0.001588944,,,,,,,,,,,,,,
7.03475,3.96E-06,-0.001313668,,,,,,,,,,,,,,
7.03485,3.94E-06,-0.001490993,,,,,,,,,,,,,,
7.03495,3.96E-06,-0.001290517,,,,,,,,,,,,,,
7.03505,3.95E-06,-0.001217828,,,,,,,,,,,,,,
7.03515,3.97E-06,-0.000982943,,,,,,,,,,,,,,
7.03525,3.93E-06,-0.001034663,,,,,,,,,,,,,,
7.03535,3.95E-06,-0.001092364,,,,,,,,,,,,,,
7.03545,3.92E-06,-0.00089604,,,,,,,,,,,,,,
7.03555,3.93E-06,-0.000680154,,,,,,,,,,,,,,
7.03565,3.94E-06,-0.000943397,,,,,,,,,,,,,,
7.03575,3.93E-06,-0.001014679,,,,,,,,,,,,,,
7.03585,3.95E-06,-0.000809488,,,,,,,,,,,,,,
7.03595,3.92E-06,-0.000788941,,,,,,,,,,,,,,
7.03605,3.93E-06,-0.000999128,,,,,,,,,,,,,,
7.03615,3.92E-06,-0.00092679,,,,,,,,,,,,,,
7.03625,3.92E-06,-0.000847275,,,,,,,,,,,,,,
7.03635,3.92E-06,-0.000796611,,,,,,,,,,,,,,
7.03645,3.90E-06,-0.001099541,,,,,,,,,,,,,,
7.03655,3.88E-06,-0.000705064,,,,,,,,,,,,,,
7.03665,3.89E-06,-0.000771701,,,,,,,,,,,,,,
7.03675,3.91E-06,-0.000799778,,,,,,,,,,,,,,
7.03685,3.93E-06,-0.000840098,,,,,,,,,,,,,,
7.03695,3.98E-06,-0.00092679,,,,,,,,,,,,,,
7.03705,3.95E-06,-0.000639341,,,,,,,,,,,,,,
7.03715,3.94E-06,-0.00086346,,,,,,,,,,,,,,
7.03725,3.92E-06,-0.00109539,,,,,,,,,,,,,,
7.03735,3.89E-06,-0.00086353,,,,,,,,,,,,,,
7.03745,3.91E-06,-0.000837354,,,,,,,,,,,,,,
7.03755,3.90E-06,-0.000967814,,,,,,,,,,,,,,
7.03765,3.90E-06,-0.000952122,,,,,,,,,,,,,,
7.03775,3.91E-06,-0.00095353,,,,,,,,,,,,,,
7.03785,3.92E-06,-0.001355466,,,,,,,,,,,,,,
7.03795,3.92E-06,-0.001180393,,,,,,,,,,,,,,
7.03805,3.92E-06,-0.001358633,,,,,,,,,,,,,,
7.03815,3.92E-06,-0.001272855,,,,,,,,,,,,,,
7.03825,3.90E-06,-0.0013352,,,,,,,,,,,,,,
7.03835,3.92E-06,-0.000904906,,,,,,,,,,,,,,
7.03845,3.94E-06,-0.001032552,,,,,,,,,,,,,,
7.03855,3.92E-06,-0.001217969,,,,,,,,,,,,,,
7.03865,3.91E-06,-0.001018549,,,,,,,,,,,,,,
7.03875,3.91E-06,-0.00086923,,,,,,,,,,,,,,
7.03885,3.91E-06,-0.000943538,,,,,,,,,,,,,,
7.03895,3.92E-06,-0.001153302,,,,,,,,,,,,,,
7.03905,3.92E-06,-0.000794078,,,,,,,,,,,,,,
7.03915,3.91E-06,-0.001182645,,,,,,,,,,,,,,
7.03925,3.89E-06,-0.00087873,,,,,,,,,,,,,,
7.03935,3.88E-06,-0.000924398,,,,,,,,,,,,,,
7.03945,3.90E-06,-0.00078676,,,,,,,,,,,,,,
7.03955,3.90E-06,-0.000816032,,,,,,,,,,,,,,
7.03965,3.87E-06,-0.000751295,,,,,,,,,,,,,,
7.03975,3.90E-06,-0.000945508,,,,,,,,,,,,,,
7.03985,3.91E-06,-0.000927423,,,,,,,,,,,,,,
7.03995,3.90E-06,-0.001150909,,,,,,,,,,,,,,
7.04005,3.88E-06,-0.001020027,,,,,,,,,,,,,,
7.04015,3.90E-06,-0.000865219,,,,,,,,,,,,,,
7.04025,3.91E-06,-0.000910465,,,,,,,,,,,,,,
7.04035,3.89E-06,-0.000954656,,,,,,,,,,,,,,
7.04045,3.90E-06,-0.000620623,,,,,,,,,,,,,,
7.04055,3.89E-06,-0.000882952,,,,,,,,,,,,,,
7.04065,3.90E-06,-0.001152105,,,,,,,,,,,,,,
7.04075,3.90E-06,-0.000981395,,,,,,,,,,,,,,
7.04085,3.89E-06,-0.000985898,,,,,,,,,,,,,,
7.04095,3.88E-06,-0.001096867,,,,,,,,,,,,,,
7.04105,3.88E-06,-0.001256319,,,,,,,,,,,,,,
7.04115,3.88E-06,-0.001228665,,,,,,,,,,,,,,
7.04125,3.87E-06,-0.001397335,,,,,,,,,,,,,,
7.04135,3.89E-06,-0.001435262,,,,,,,,,,,,,,
7.04145,3.86E-06,-0.001287703,,,,,,,,,,,,,,
7.04155,3.89E-06,-0.001087579,,,,,,,,,,,,,,
7.04165,3.88E-06,-0.001175397,,,,,,,,,,,,,,
7.04175,3.89E-06,-0.0011951,,,,,,,,,,,,,,
7.04185,3.89E-06,-0.001292347,,,,,,,,,,,,,,
7.04195,3.89E-06,-0.001165053,,,,,,,,,,,,,,
7.04205,3.86E-06,-0.001347444,,,,,,,,,,,,,,
7.04215,3.88E-06,-0.001419852,,,,,,,,,,,,,,
7.04225,3.86E-06,-0.001708568,,,,,,,,,,,,,,
7.04235,3.86E-06,-0.001529976,,,,,,,,,,,,,,
7.04245,3.86E-06,-0.001388327,,,,,,,,,,,,,,
7.04255,3.85E-06,-0.001435473,,,,,,,,,,,,,,
7.04265,3.84E-06,-0.001371721,,,,,,,,,,,,,,
7.04275,3.83E-06,-0.001364684,,,,,,,,,,,,,,
7.04285,3.85E-06,-0.001414152,,,,,,,,,,,,,,
7.04295,3.85E-06,-0.001393535,,,,,,,,,,,,,,
7.04305,3.85E-06,-0.001134232,,,,,,,,,,,,,,
7.04315,3.84E-06,-0.001170401,,,,,,,,,,,,,,
7.04325,3.85E-06,-0.001387061,,,,,,,,,,,,,,
7.04335,3.88E-06,-0.001140917,,,,,,,,,,,,,,
7.04345,3.87E-06,-0.000963803,,,,,,,,,,,,,,
7.04355,3.83E-06,-0.001082442,,,,,,,,,,,,,,
7.04365,3.85E-06,-0.001180534,,,,,,,,,,,,,,
7.04375,3.86E-06,-0.001268915,,,,,,,,,,,,,,
7.04385,3.83E-06,-0.000863671,,,,,,,,,,,,,,
7.04395,3.86E-06,-0.000908002,,,,,,,,,,,,,,
7.04405,3.87E-06,-0.001175186,,,,,,,,,,,,,,
7.04415,3.85E-06,-0.001130855,,,,,,,,,,,,,,
7.04425,3.86E-06,-0.001203333,,,,,,,,,,,,,,
7.04435,3.89E-06,-0.001098697,,,,,,,,,,,,,,
7.04445,3.86E-06,-0.001020308,,,,,,,,,,,,,,
7.04455,3.84E-06,-0.001407678,,,,,,,,,,,,,,
7.04465,3.84E-06,-0.001464324,,,,,,,,,,,,,,
7.04475,3.85E-06,-0.00130065,,,,,,,,,,,,,,
7.04485,3.85E-06,-0.001160057,,,,,,,,,,,,,,
7.04495,3.83E-06,-0.001129447,,,,,,,,,,,,,,
7.04505,3.84E-06,-0.001164279,,,,,,,,,,,,,,
7.04515,3.83E-06,-0.001395223,,,,,,,,,,,,,,
7.04525,3.86E-06,-0.001475934,,,,,,,,,,,,,,
7.04535,3.85E-06,-0.00139656,,,,,,,,,,,,,,
7.04545,3.83E-06,-0.001372706,,,,,,,,,,,,,,
7.04555,3.84E-06,-0.001422737,,,,,,,,,,,,,,
7.04565,3.86E-06,-0.001371862,,,,,,,,,,,,,,
7.04575,3.87E-06,-0.001348289,,,,,,,,,,,,,,
7.04585,3.87E-06,-0.001137047,,,,,,,,,,,,,,
7.04595,3.85E-06,-0.001321057,,,,,,,,,,,,,,
7.04605,3.86E-06,-0.001667051,,,,,,,,,,,,,,
7.04615,3.85E-06,-0.001546583,,,,,,,,,,,,,,
7.04625,3.86E-06,-0.001361025,,,,,,,,,,,,,,
7.04635,3.86E-06,-0.001278625,,,,,,,,,,,,,,
7.04645,3.87E-06,-0.001351455,,,,,,,,,,,,,,
7.04655,3.84E-06,-0.001458061,,,,,,,,,,,,,,
7.04665,3.82E-06,-0.001269337,,,,,,,,,,,,,,
7.04675,3.83E-06,-0.001130221,,,,,,,,,,,,,,
7.04685,3.84E-06,-0.001310853,,,,,,,,,,,,,,
7.04695,3.85E-06,-0.001330767,,,,,,,,,,,,,,
7.04705,3.84E-06,-0.001451165,,,,,,,,,,,,,,
7.04715,3.84E-06,-0.001275529,,,,,,,,,,,,,,
7.04725,3.86E-06,-0.001288969,,,,,,,,,,,,,,
7.04735,3.85E-06,-0.00131409,,,,,,,,,,,,,,
7.04745,3.85E-06,-0.00132943,,,,,,,,,,,,,,
7.04755,3.86E-06,-0.00113198,,,,,,,,,,,,,,
7.04765,3.87E-06,-0.001552846,,,,,,,,,,,,,,
7.04775,3.86E-06,-0.001415067,,,,,,,,,,,,,,
7.04785,3.87E-06,-0.001200236,,,,,,,,,,,,,,
7.04795,3.84E-06,-0.00104564,,,,,,,,,,,,,,
7.04805,3.83E-06,-0.001149572,,,,,,,,,,,,,,
7.04815,3.85E-06,-0.001153091,,,,,,,,,,,,,,
7.04825,3.86E-06,-0.001066117,,,,,,,,,,,,,,
7.04835,3.86E-06,-0.001138102,,,,,,,,,,,,,,
7.04845,3.85E-06,-0.001075828,,,,,,,,,,,,,,
7.04855,3.83E-06,-0.000776979,,,,,,,,,,,,,,
7.04865,3.85E-06,-0.000962537,,,,,,,,,,,,,,
7.04875,3.84E-06,-0.001036,,,,,,,,,,,,,,
7.04885,3.88E-06,-0.000912646,,,,,,,,,,,,,,
7.04895,3.87E-06,-0.000761639,,,,,,,,,,,,,,
7.04905,3.85E-06,-0.000843968,,,,,,,,,,,,,,
7.04915,3.88E-06,-0.001010105,,,,,,,,,,,,,,
7.04925,3.84E-06,-0.000753124,,,,,,,,,,,,,,
7.04935,3.83E-06,-0.00066031,,,,,,,,,,,,,,
7.04945,3.82E-06,-0.000878448,,,,,,,,,,,,,,
7.04955,3.82E-06,-0.001158087,,,,,,,,,,,,,,
7.04965,3.81E-06,-0.000953811,,,,,,,,,,,,,,
7.04975,3.81E-06,-0.001026289,,,,,,,,,,,,,,
7.04985,3.82E-06,-0.001123959,,,,,,,,,,,,,,
7.04995,3.84E-06,-0.001242105,,,,,,,,,,,,,,
7.05005,3.82E-06,-0.001081527,,,,,,,,,,,,,,
7.05015,3.84E-06,-0.001096164,,,,,,,,,,,,,,
7.05025,3.85E-06,-0.001444551,,,,,,,,,,,,,,
7.05035,3.85E-06,-0.001253012,,,,,,,,,,,,,,
7.05045,3.79E-06,-0.00121628,,,,,,,,,,,,,,
7.05055,3.82E-06,-0.001234294,,,,,,,,,,,,,,
7.05065,3.82E-06,-0.0016515,,,,,,,,,,,,,,
7.05075,3.83E-06,-0.001338015,,,,,,,,,,,,,,
7.05085,3.81E-06,-0.00132549,,,,,,,,,,,,,,
7.05095,3.85E-06,-0.000936501,,,,,,,,,,,,,,
7.05105,3.83E-06,-0.00109743,,,,,,,,,,,,,,
7.05115,3.80E-06,-0.001216843,,,,,,,,,,,,,,
7.05125,3.80E-06,-0.001115163,,,,,,,,,,,,,,
7.05135,3.84E-06,-0.001275037,,,,,,,,,,,,,,
7.05145,3.79E-06,-0.00116632,,,,,,,,,,,,,,
7.05155,3.81E-06,-0.001251464,,,,,,,,,,,,,,
7.05165,3.81E-06,-0.00116836,,,,,,,,,,,,,,
7.05175,3.82E-06,-0.001294036,,,,,,,,,,,,,,
7.05185,3.80E-06,-0.001106437,,,,,,,,,,,,,,
7.05195,3.84E-06,-0.001296217,,,,,,,,,,,,,,
7.05205,3.84E-06,-0.001300439,,,,,,,,,,,,,,
7.05215,3.82E-06,-0.001325982,,,,,,,,,,,,,,
7.05225,3.80E-06,-0.001252519,,,,,,,,,,,,,,
7.05235,3.85E-06,-0.001143591,,,,,,,,,,,,,,
7.05245,3.84E-06,-0.001080542,,,,,,,,,,,,,,
7.05255,3.81E-06,-0.001241542,,,,,,,,,,,,,,
7.05265,3.80E-06,-0.001215999,,,,,,,,,,,,,,
7.05275,3.82E-06,-0.001243794,,,,,,,,,,,,,,
7.05285,3.81E-06,-0.001330064,,,,,,,,,,,,,,
7.05295,3.84E-06,-0.001320001,,,,,,,,,,,,,,
7.05305,3.83E-06,-0.001038322,,,,,,,,,,,,,,
7.05315,3.80E-06,-0.000909832,,,,,,,,,,,,,,
7.05325,3.82E-06,-0.001176734,,,,,,,,,,,,,,
7.05335,3.82E-06,-0.001211284,,,,,,,,,,,,,,
7.05345,3.81E-06,-0.001132684,,,,,,,,,,,,,,
7.05355,3.79E-06,-0.001204388,,,,,,,,,,,,,,
7.05365,3.79E-06,-0.001291432,,,,,,,,,,,,,,
7.05375,3.80E-06,-0.001221276,,,,,,,,,,,,,,
7.05385,3.78E-06,-0.001079416,,,,,,,,,,,,,,
7.05395,3.78E-06,-0.001107493,,,,,,,,,,,,,,
7.05405,3.78E-06,-0.001076179,,,,,,,,,,,,,,
7.05415,3.82E-06,-0.001443917,,,,,,,,,,,,,,
7.05425,3.81E-06,-0.001175467,,,,,,,,,,,,,,
7.05435,3.80E-06,-0.001201362,,,,,,,,,,,,,,
7.05445,3.80E-06,-0.001210792,,,,,,,,,,,,,,
7.05455,3.80E-06,-0.001238094,,,,,,,,,,,,,,
7.05465,3.80E-06,-0.001351244,,,,,,,,,,,,,,
7.05475,3.84E-06,-0.001060206,,,,,,,,,,,,,,
7.05485,3.80E-06,-0.001046273,,,,,,,,,,,,,,
7.05495,3.80E-06,-0.001081879,,,,,,,,,,,,,,
7.05505,3.81E-06,-0.001265537,,,,,,,,,,,,,,
7.05515,3.78E-06,-0.001097149,,,,,,,,,,,,,,
7.05525,3.75E-06,-0.001220291,,,,,,,,,,,,,,
7.05535,3.77E-06,-0.001443073,,,,,,,,,,,,,,
7.05545,3.81E-06,-0.001459539,,,,,,,,,,,,,,
7.05555,3.80E-06,-0.001324927,,,,,,,,,,,,,,
7.05565,3.75E-06,-0.001458272,,,,,,,,,,,,,,
7.05575,3.80E-06,-0.001475231,,,,,,,,,,,,,,
7.05585,3.77E-06,-0.001407186,,,,,,,,,,,,,,
7.05595,3.76E-06,-0.001438147,,,,,,,,,,,,,,
7.05605,3.75E-06,-0.001366092,,,,,,,,,,,,,,
7.05615,3.78E-06,-0.001176734,,,,,,,,,,,,,,
7.05625,3.78E-06,-0.001194255,,,,,,,,,,,,,,
7.05635,3.79E-06,-0.001276514,,,,,,,,,,,,,,
7.05645,3.77E-06,-0.001072168,,,,,,,,,,,,,,
7.05655,3.77E-06,-0.001024741,,,,,,,,,,,,,,
7.05665,3.72E-06,-0.001199603,,,,,,,,,,,,,,
7.05675,3.76E-06,-0.001126703,,,,,,,,,,,,,,
7.05685,3.77E-06,-0.001231761,,,,,,,,,,,,,,
7.05695,3.75E-06,-0.001356381,,,,,,,,,,,,,,
7.05705,3.72E-06,-0.001396138,,,,,,,,,,,,,,
7.05715,3.75E-06,-0.001249634,,,,,,,,,,,,,,
7.05725,3.76E-06,-0.001070691,,,,,,,,,,,,,,
7.05735,3.78E-06,-0.000872537,,,,,,,,,,,,,,
7.05745,3.79E-06,-0.001109463,,,,,,,,,,,,,,
7.05755,3.80E-06,-0.001315286,,,,,,,,,,,,,,
7.05765,3.78E-06,-0.001194818,,,,,,,,,,,,,,
7.05775,3.78E-06,-0.001221276,,,,,,,,,,,,,,
7.05785,3.78E-06,-0.001186445,,,,,,,,,,,,,,
7.05795,3.78E-06,-0.001125366,,,,,,,,,,,,,,
7.05805,3.81E-06,-0.000962396,,,,,,,,,,,,,,
7.05815,3.79E-06,-0.001043529,,,,,,,,,,,,,,
7.05825,3.79E-06,-0.000988291,,,,,,,,,,,,,,
7.05835,3.76E-06,-0.001100737,,,,,,,,,,,,,,
7.05845,3.78E-06,-0.000881122,,,,,,,,,,,,,,
7.05855,3.76E-06,-0.000849598,,,,,,,,,,,,,,
7.05865,3.78E-06,-0.001189541,,,,,,,,,,,,,,
7.05875,3.75E-06,-0.000977595,,,,,,,,,,,,,,
7.05885,3.78E-06,-0.001120792,,,,,,,,,,,,,,
7.05895,3.79E-06,-0.001171949,,,,,,,,,,,,,,
7.05905,3.78E-06,-0.001017141,,,,,,,,,,,,,,
7.05915,3.75E-06,-0.001132473,,,,,,,,,,,,,,
7.05925,3.77E-06,-0.001188344,,,,,,,,,,,,,,
7.05935,3.74E-06,-0.000994202,,,,,,,,,,,,,,
7.05945,3.77E-06,-0.00062576,,,,,,,,,,,,,,
7.05955,3.80E-06,-0.000649403,,,,,,,,,,,,,,
7.05965,3.76E-06,-0.001093912,,,,,,,,,,,,,,
7.05975,3.76E-06,-0.001299735,,,,,,,,,,,,,,
7.05985,3.75E-06,-0.001303746,,,,,,,,,,,,,,
7.05995,3.79E-06,-0.001223809,,,,,,,,,,,,,,
7.06005,3.77E-06,-0.001138736,,,,,,,,,,,,,,
7.06015,3.75E-06,-0.000862756,,,,,,,,,,,,,,
7.06025,3.77E-06,-0.001111433,,,,,,,,,,,,,,
7.06035,3.75E-06,-0.001000676,,,,,,,,,,,,,,
7.06045,3.74E-06,-0.001130855,,,,,,,,,,,,,,
7.06055,3.76E-06,-0.001356733,,,,,,,,,,,,,,
7.06065,3.73E-06,-0.001223035,,,,,,,,,,,,,,
7.06075,3.74E-06,-0.001495637,,,,,,,,,,,,,,
7.06085,3.77E-06,-0.001284747,,,,,,,,,,,,,,
7.06095,3.75E-06,-0.001459609,,,,,,,,,,,,,,
7.06105,3.78E-06,-0.001424496,,,,,,,,,,,,,,
7.06115,3.76E-06,-0.001161183,,,,,,,,,,,,,,
7.06125,3.77E-06,-0.001086805,,,,,,,,,,,,,,
7.06135,3.76E-06,-0.001013271,,,,,,,,,,,,,,
7.06145,3.73E-06,-0.001376224,,,,,,,,,,,,,,
7.06155,3.76E-06,-0.001075476,,,,,,,,,,,,,,
7.06165,3.76E-06,-0.001199885,,,,,,,,,,,,,,
7.06175,3.78E-06,-0.000961411,,,,,,,,,,,,,,
7.06185,3.75E-06,-0.000979636,,,,,,,,,,,,,,
7.06195,3.78E-06,-0.001359899,,,,,,,,,,,,,,
7.06205,3.77E-06,-0.001170964,,,,,,,,,,,,,,
7.06215,3.75E-06,-0.001399023,,,,,,,,,,,,,,
7.06225,3.76E-06,-0.001279751,,,,,,,,,,,,,,
7.06235,3.75E-06,-0.001269478,,,,,,,,,,,,,,
7.06245,3.74E-06,-0.001296147,,,,,,,,,,,,,,
7.06255,3.75E-06,-0.001044303,,,,,,,,,,,,,,
7.06265,3.75E-06,-0.001139439,,,,,,,,,,,,,,
7.06275,3.75E-06,-0.001206429,,,,,,,,,,,,,,
7.06285,3.75E-06,-0.001203966,,,,,,,,,,,,,,
7.06295,3.73E-06,-0.001155202,,,,,,,,,,,,,,
7.06305,3.75E-06,-0.001013623,,,,,,,,,,,,,,
7.06315,3.73E-06,-0.001054366,,,,,,,,,,,,,,
7.06325,3.75E-06,-0.001039026,,,,,,,,,,,,,,
7.06335,3.76E-06,-0.000775501,,,,,,,,,,,,,,
7.06345,3.76E-06,-0.000978369,,,,,,,,,,,,,,
7.06355,3.73E-06,-0.000946,,,,,,,,,,,,,,
7.06365,3.75E-06,-0.001055703,,,,,,,,,,,,,,
7.06375,3.76E-06,-0.001199814,,,,,,,,,,,,,,
7.06385,3.76E-06,-0.000790771,,,,,,,,,,,,,,
7.06395,3.76E-06,-0.000626393,,,,,,,,,,,,,,
7.06405,3.75E-06,-0.000778597,,,,,,,,,,,,,,
7.06415,3.74E-06,-0.000844179,,,,,,,,,,,,,,
7.06425,3.72E-06,-0.00064694,,,,,,,,,,,,,,
7.06435,3.72E-06,-0.001116289,,,,,,,,,,,,,,
7.06445,3.74E-06,-0.001214591,,,,,,,,,,,,,,
7.06455,3.73E-06,-0.001144998,,,,,,,,,,,,,,
7.06465,3.75E-06,-0.001127969,,,,,,,,,,,,,,
7.06475,3.76E-06,-0.001134162,,,,,,,,,,,,,,
7.06485,3.75E-06,-0.00068909,,,,,,,,,,,,,,
7.06495,3.74E-06,-0.000813218,,,,,,,,,,,,,,
7.06505,3.76E-06,-0.00085966,,,,,,,,,,,,,,
7.06515,3.75E-06,-0.0011856,,,,,,,,,,,,,,
7.06525,3.78E-06,-0.000831865,,,,,,,,,,,,,,
7.06535,3.74E-06,-0.000663547,,,,,,,,,,,,,,
7.06545,3.75E-06,-0.001055069,,,,,,,,,,,,,,
7.06555,3.75E-06,-0.000913772,,,,,,,,,,,,,,
7.06565,3.74E-06,-0.00094593,,,,,,,,,,,,,,
7.06575,3.77E-06,-0.001175115,,,,,,,,,,,,,,
7.06585,3.73E-06,-0.001162168,,,,,,,,,,,,,,
7.06595,3.75E-06,-0.000818988,,,,,,,,,,,,,,
7.06605,3.73E-06,-0.000925875,,,,,,,,,,,,,,
7.06615,3.75E-06,-0.001221206,,,,,,,,,,,,,,
7.06625,3.75E-06,-0.001183911,,,,,,,,,,,,,,
7.06635,3.72E-06,-0.001153372,,,,,,,,,,,,,,
7.06645,3.72E-06,-0.001122059,,,,,,,,,,,,,,
7.06655,3.73E-06,-0.001079979,,,,,,,,,,,,,,
7.06665,3.70E-06,-0.000990543,,,,,,,,,,,,,,
7.06675,3.71E-06,-0.001298539,,,,,,,,,,,,,,
7.06685,3.74E-06,-0.001090042,,,,,,,,,,,,,,
7.06695,3.74E-06,-0.000881052,,,,,,,,,,,,,,
7.06705,3.73E-06,-0.001116289,,,,,,,,,,,,,,
7.06715,3.74E-06,-0.000959018,,,,,,,,,,,,,,
7.06725,3.74E-06,-0.001019604,,,,,,,,,,,,,,
7.06735,3.73E-06,-0.001087438,,,,,,,,,,,,,,
7.06745,3.71E-06,-0.00077332,,,,,,,,,,,,,,
7.06755,3.70E-06,-0.000900262,,,,,,,,,,,,,,
7.06765,3.69E-06,-0.000845938,,,,,,,,,,,,,,
7.06775,3.72E-06,-0.000880137,,,,,,,,,,,,,,
7.06785,3.71E-06,-0.001128321,,,,,,,,,,,,,,
7.06795,3.71E-06,-0.000988291,,,,,,,,,,,,,,
7.06805,3.72E-06,-0.001079205,,,,,,,,,,,,,,
7.06815,3.73E-06,-0.000913913,,,,,,,,,,,,,,
7.06825,3.74E-06,-0.001111293,,,,,,,,,,,,,,
7.06835,3.72E-06,-0.000893577,,,,,,,,,,,,,,
7.06845,3.72E-06,-0.000867682,,,,,,,,,,,,,,
7.06855,3.67E-06,-0.000862123,,,,,,,,,,,,,,
7.06865,3.73E-06,-0.000863601,,,,,,,,,,,,,,
7.06875,3.69E-06,-0.000870637,,,,,,,,,,,,,,
7.06885,3.73E-06,-0.000900684,,,,,,,,,,,,,,
7.06895,3.74E-06,-0.001059362,,,,,,,,,,,,,,
7.06905,3.76E-06,-0.001133458,,,,,,,,,,,,,,
7.06915,3.71E-06,-0.001318172,,,,,,,,,,,,,,
7.06925,3.74E-06,-0.001220502,,,,,,,,,,,,,,
7.06935,3.72E-06,-0.001076179,,,,,,,,,,,,,,
7.06945,3.70E-06,-0.0010227,,,,,,,,,,,,,,
7.06955,3.73E-06,-0.001031285,,,,,,,,,,,,,,
7.06965,3.70E-06,-0.001164842,,,,,,,,,,,,,,
7.06975,3.70E-06,-0.001205655,,,,,,,,,,,,,,
7.06985,3.70E-06,-0.00088464,,,,,,,,,,,,,,
7.06995,3.72E-06,-0.000984562,,,,,,,,,,,,,,
7.07005,3.70E-06,-0.00099568,,,,,,,,,,,,,,
7.07015,3.69E-06,-0.000966196,,,,,,,,,,,,,,
7.07025,3.73E-06,-0.000899558,,,,,,,,,,,,,,
7.07035,3.72E-06,-0.001214873,,,,,,,,,,,,,,
7.07045,3.71E-06,-0.001130292,,,,,,,,,,,,,,
7.07055,3.70E-06,-0.001057251,,,,,,,,,,,,,,
7.07065,3.72E-06,-0.000904554,,,,,,,,,,,,,,
7.07075,3.71E-06,-0.001089971,,,,,,,,,,,,,,
7.07085,3.69E-06,-0.001156538,,,,,,,,,,,,,,
7.07095,3.70E-06,-0.001209595,,,,,,,,,,,,,,
7.07105,3.73E-06,-0.001172371,,,,,,,,,,,,,,
7.07115,3.71E-06,-0.001065695,,,,,,,,,,,,,,
7.07125,3.69E-06,-0.001150205,,,,,,,,,,,,,,
7.07135,3.69E-06,-0.00125069,,,,,,,,,,,,,,
7.07145,3.69E-06,-0.000960989,,,,,,,,,,,,,,
7.07155,3.71E-06,-0.001098204,,,,,,,,,,,,,,
7.07165,3.69E-06,-0.000910395,,,,,,,,,,,,,,
7.07175,3.70E-06,-0.001032692,,,,,,,,,,,,,,
7.07185,3.67E-06,-0.00108012,,,,,,,,,,,,,,
7.07195,3.68E-06,-0.001133036,,,,,,,,,,,,,,
7.07205,3.68E-06,-0.001490149,,,,,,,,,,,,,,
7.07215,3.68E-06,-0.001467561,,,,,,,,,,,,,,
7.07225,3.68E-06,-0.001352229,,,,,,,,,,,,,,
7.07235,3.67E-06,-0.001521532,,,,,,,,,,,,,,
7.07245,3.69E-06,-0.001318734,,,,,,,,,,,,,,
7.07255,3.66E-06,-0.001306069,,,,,,,,,,,,,,
7.07265,3.67E-06,-0.001478116,,,,,,,,,,,,,,
7.07275,3.65E-06,-0.00140022,,,,,,,,,,,,,,
7.07285,3.67E-06,-0.001019182,,,,,,,,,,,,,,
7.07295,3.67E-06,-0.000785071,,,,,,,,,,,,,,
7.07305,3.69E-06,-0.001176945,,,,,,,,,,,,,,
7.07315,3.67E-06,-0.001054929,,,,,,,,,,,,,,
7.07325,3.68E-06,-0.001115866,,,,,,,,,,,,,,
7.07335,3.68E-06,-0.000920246,,,,,,,,,,,,,,
7.07345,3.70E-06,-0.001255193,,,,,,,,,,,,,,
7.07355,3.69E-06,-0.000876267,,,,,,,,,,,,,,
7.07365,3.69E-06,-0.000962044,,,,,,,,,,,,,,
7.07375,3.70E-06,-0.001009401,,,,,,,,,,,,,,
7.07385,3.71E-06,-0.001054999,,,,,,,,,,,,,,
7.07395,3.71E-06,-0.00107252,,,,,,,,,,,,,,
7.07405,3.74E-06,-0.000902514,,,,,,,,,,,,,,
7.07415,3.73E-06,-0.00105718,,,,,,,,,,,,,,
7.07425,3.71E-06,-0.000995398,,,,,,,,,,,,,,
7.07435,3.68E-06,-0.00097851,,,,,,,,,,,,,,
7.07445,3.70E-06,-0.001069354,,,,,,,,,,,,,,
7.07455,3.70E-06,-0.000898573,,,,,,,,,,,,,,
7.07465,3.72E-06,-0.001035296,,,,,,,,,,,,,,
7.07475,3.68E-06,-0.001140495,,,,,,,,,,,,,,
7.07485,3.69E-06,-0.000995609,,,,,,,,,,,,,,
7.07495,3.69E-06,-0.001313598,,,,,,,,,,,,,,
7.07505,3.70E-06,-0.001093208,,,,,,,,,,,,,,
7.07515,3.72E-06,-0.000814062,,,,,,,,,,,,,,
7.07525,3.69E-06,-0.00100919,,,,,,,,,,,,,,
7.07535,3.70E-06,-0.000987658,,,,,,,,,,,,,,
7.07545,3.69E-06,-0.001093842,,,,,,,,,,,,,,
7.07555,3.71E-06,-0.000966899,,,,,,,,,,,,,,
7.07565,3.69E-06,-0.001082935,,,,,,,,,,,,,,
7.07575,3.70E-06,-0.001276233,,,,,,,,,,,,,,
7.07585,3.71E-06,-0.001038181,,,,,,,,,,,,,,
7.07595,3.74E-06,-0.00126223,,,,,,,,,,,,,,
7.07605,3.73E-06,-0.001102004,,,,,,,,,,,,,,
7.07615,3.72E-06,-0.001113544,,,,,,,,,,,,,,
7.07625,3.71E-06,-0.001289743,,,,,,,,,,,,,,
7.07635,3.70E-06,-0.001086664,,,,,,,,,,,,,,
7.07645,3.69E-06,-0.001199322,,,,,,,,,,,,,,
7.07655,3.72E-06,-0.00115098,,,,,,,,,,,,,,
7.07665,3.69E-06,-0.001159353,,,,,,,,,,,,,,
7.07675,3.69E-06,-0.001131277,,,,,,,,,,,,,,
7.07685,3.71E-06,-0.00111854,,,,,,,,,,,,,,
7.07695,3.73E-06,-0.000655033,,,,,,,,,,,,,,
7.07705,3.69E-06,-0.000597191,,,,,,,,,,,,,,
7.07715,3.69E-06,-0.000919683,,,,,,,,,,,,,,
7.07725,3.70E-06,-0.001033959,,,,,,,,,,,,,,
7.07735,3.69E-06,-0.001021926,,,,,,,,,,,,,,
7.07745,3.73E-06,-0.001258289,,,,,,,,,,,,,,
7.07755,3.69E-06,-0.001183208,,,,,,,,,,,,,,
7.07765,3.70E-06,-0.001105311,,,,,,,,,,,,,,
7.07775,3.72E-06,-0.000960215,,,,,,,,,,,,,,
7.07785,3.73E-06,-0.00100729,,,,,,,,,,,,,,
7.07795,3.71E-06,-0.001198548,,,,,,,,,,,,,,
7.07805,3.72E-06,-0.001197703,,,,,,,,,,,,,,
7.07815,3.67E-06,-0.001237883,,,,,,,,,,,,,,
7.07825,3.74E-06,-0.001324997,,,,,,,,,,,,,,
7.07835,3.73E-06,-0.001261104,,,,,,,,,,,,,,
7.07845,3.68E-06,-0.001047681,,,,,,,,,,,,,,
7.07855,3.72E-06,-0.000944593,,,,,,,,,,,,,,
7.07865,3.74E-06,-0.001368414,,,,,,,,,,,,,,
7.07875,3.72E-06,-0.001167375,,,,,,,,,,,,,,
7.07885,3.69E-06,-0.001111644,,,,,,,,,,,,,,
7.07895,3.72E-06,-0.001165194,,,,,,,,,,,,,,
7.07905,3.73E-06,-0.000990895,,,,,,,,,,,,,,
7.07915,3.70E-06,-0.000691412,,,,,,,,,,,,,,
7.07925,3.69E-06,-0.000599302,,,,,,,,,,,,,,
7.07935,3.70E-06,-0.000659888,,,,,,,,,,,,,,
7.07945,3.72E-06,-0.000764946,,,,,,,,,,,,,,
7.07955,3.68E-06,-0.000834469,,,,,,,,,,,,,,
7.07965,3.71E-06,-0.000989065,,,,,,,,,,,,,,
7.07975,3.70E-06,-0.001154639,,,,,,,,,,,,,,
7.07985,3.70E-06,-0.000914054,,,,,,,,,,,,,,
7.07995,3.71E-06,-0.001021012,,,,,,,,,,,,,,
7.08005,3.71E-06,-0.001034733,,,,,,,,,,,,,,
7.08015,3.70E-06,-0.000868104,,,,,,,,,,,,,,
7.08025,3.67E-06,-0.000726526,,,,,,,,,,,,,,
7.08035,3.70E-06,-0.000858323,,,,,,,,,,,,,,
7.08045,3.74E-06,-0.00102263,,,,,,,,,,,,,,
7.08055,3.70E-06,-0.000746721,,,,,,,,,,,,,,
7.08065,3.68E-06,-0.00040333,,,,,,,,,,,,,,
7.08075,3.70E-06,-0.000869089,,,,,,,,,,,,,,
7.08085,3.68E-06,-0.000847064,,,,,,,,,,,,,,
7.08095,3.67E-06,-0.00081371,,,,,,,,,,,,,,
7.08105,3.71E-06,-0.00074651,,,,,,,,,,,,,,
7.08115,3.68E-06,-0.000552297,,,,,,,,,,,,,,
7.08125,3.66E-06,-0.000376802,,,,,,,,,,,,,,
7.08135,3.69E-06,-0.000579177,,,,,,,,,,,,,,
7.08145,3.67E-06,-0.000629771,,,,,,,,,,,,,,
7.08155,3.71E-06,-0.000617457,,,,,,,,,,,,,,
7.08165,3.68E-06,-0.000741373,,,,,,,,,,,,,,
7.08175,3.69E-06,-0.000791826,,,,,,,,,,,,,,
7.08185,3.69E-06,-0.000544697,,,,,,,,,,,,,,
7.08195,3.71E-06,-0.000635119,,,,,,,,,,,,,,
7.08205,3.70E-06,-0.000736729,,,,,,,,,,,,,,
7.08215,3.71E-06,-0.000651233,,,,,,,,,,,,,,
7.08225,3.70E-06,-0.000790278,,,,,,,,,,,,,,
7.08235,3.70E-06,-0.000776275,,,,,,,,,,,,,,
7.08245,3.67E-06,-0.001294739,,,,,,,,,,,,,,
7.08255,3.69E-06,-0.000949941,,,,,,,,,,,,,,
7.08265,3.68E-06,-0.000769872,,,,,,,,,,,,,,
7.08275,3.69E-06,-0.00098041,,,,,,,,,,,,,,
7.08285,3.71E-06,-0.001040151,,,,,,,,,,,,,,
7.08295,3.69E-06,-0.000941286,,,,,,,,,,,,,,
7.08305,3.68E-06,-0.000974499,,,,,,,,,,,,,,
7.08315,3.71E-06,-0.000941989,,,,,,,,,,,,,,
7.08325,3.70E-06,-0.000939878,,,,,,,,,,,,,,
7.08335,3.70E-06,-0.000883796,,,,,,,,,,,,,,
7.08345,3.70E-06,-0.000757417,,,,,,,,,,,,,,
7.08355,3.72E-06,-0.000848753,,,,,,,,,,,,,,
7.08365,3.70E-06,-0.000605917,,,,,,,,,,,,,,
7.08375,3.69E-06,-0.000802452,,,,,,,,,,,,,,
7.08385,3.68E-06,-0.000725048,,,,,,,,,,,,,,
7.08395,3.69E-06,-0.000836087,,,,,,,,,,,,,,
7.08405,3.67E-06,-0.000988784,,,,,,,,,,,,,,
7.08415,3.67E-06,-0.000872678,,,,,,,,,,,,,,
7.08425,3.69E-06,-0.001063795,,,,,,,,,,,,,,
7.08435,3.70E-06,-0.000821591,,,,,,,,,,,,,,
7.08445,3.68E-06,-0.000952263,,,,,,,,,,,,,,
7.08455,3.71E-06,-0.001165123,,,,,,,,,,,,,,
7.08465,3.69E-06,-0.001012919,,,,,,,,,,,,,,
7.08475,3.66E-06,-0.001107493,,,,,,,,,,,,,,
7.08485,3.69E-06,-0.000936501,,,,,,,,,,,,,,
7.08495,3.71E-06,-0.001238375,,,,,,,,,,,,,,
7.08505,3.71E-06,-0.000944523,,,,,,,,,,,,,,
7.08515,3.67E-06,-0.001084623,,,,,,,,,,,,,,
7.08525,3.68E-06,-0.001232676,,,,,,,,,,,,,,
7.08535,3.68E-06,-0.001233098,,,,,,,,,,,,,,
7.08545,3.65E-06,-0.001404793,,,,,,,,,,,,,,
7.08555,3.66E-06,-0.001159001,,,,,,,,,,,,,,
7.08565,3.67E-06,-0.00131782,,,,,,,,,,,,,,
7.08575,3.67E-06,-0.001240135,,,,,,,,,,,,,,
7.08585,3.71E-06,-0.000890129,,,,,,,,,,,,,,
7.08595,3.69E-06,-0.001105874,,,,,,,,,,,,,,
7.08605,3.70E-06,-0.001108759,,,,,,,,,,,,,,
7.08615,3.68E-06,-0.001032481,,,,,,,,,,,,,,
7.08625,3.70E-06,-0.001007149,,,,,,,,,,,,,,
7.08635,3.68E-06,-0.000893225,,,,,,,,,,,,,,
7.08645,3.68E-06,-0.000887174,,,,,,,,,,,,,,
7.08655,3.67E-06,-0.001003631,,,,,,,,,,,,,,
7.08665,3.67E-06,-0.001017493,,,,,,,,,,,,,,
7.08675,3.69E-06,-0.001011794,,,,,,,,,,,,,,
7.08685,3.69E-06,-0.000822084,,,,,,,,,,,,,,
7.08695,3.67E-06,-0.000919472,,,,,,,,,,,,,,
7.08705,3.68E-06,-0.000949378,,,,,,,,,,,,,,
7.08715,3.68E-06,-0.000791123,,,,,,,,,,,,,,
7.08725,3.67E-06,-0.001138102,,,,,,,,,,,,,,
7.08735,3.66E-06,-0.001207695,,,,,,,,,,,,,,
7.08745,3.67E-06,-0.001266663,,,,,,,,,,,,,,
7.08755,3.64E-06,-0.000742288,,,,,,,,,,,,,,
7.08765,3.66E-06,-0.001118259,,,,,,,,,,,,,,
7.08775,3.65E-06,-0.0010341,,,,,,,,,,,,,,
7.08785,3.63E-06,-0.001076602,,,,,,,,,,,,,,
7.08795,3.63E-06,-0.000864586,,,,,,,,,,,,,,
7.08805,3.66E-06,-0.001014327,,,,,,,,,,,,,,
7.08815,3.65E-06,-0.000991387,,,,,,,,,,,,,,
7.08825,3.64E-06,-0.000787815,,,,,,,,,,,,,,
7.08835,3.66E-06,-0.000824899,,,,,,,,,,,,,,
7.08845,3.65E-06,-0.001040926,,,,,,,,,,,,,,
7.08855,3.65E-06,-0.001147602,,,,,,,,,,,,,,
7.08865,3.67E-06,-0.001025445,,,,,,,,,,,,,,
7.08875,3.66E-06,-0.000968166,,,,,,,,,,,,,,
7.08885,3.66E-06,-0.001054717,,,,,,,,,,,,,,
7.08895,3.65E-06,-0.00095747,,,,,,,,,,,,,,
7.08905,3.69E-06,-0.001207906,,,,,,,,,,,,,,
7.08915,3.66E-06,-0.00111277,,,,,,,,,,,,,,
7.08925,3.69E-06,-0.001098838,,,,,,,,,,,,,,
7.08935,3.69E-06,-0.001222613,,,,,,,,,,,,,,
7.08945,3.66E-06,-0.001108196,,,,,,,,,,,,,,
7.08955,3.66E-06,-0.001148376,,,,,,,,,,,,,,
7.08965,3.66E-06,-0.000815751,,,,,,,,,,,,,,
7.08975,3.68E-06,-0.000924116,,,,,,,,,,,,,,
7.08985,3.67E-06,-0.001086523,,,,,,,,,,,,,,
7.08995,3.63E-06,-0.00108209,,,,,,,,,,,,,,
7.09005,3.66E-06,-0.0011951,,,,,,,,,,,,,,
7.09015,3.66E-06,-0.000893718,,,,,,,,,,,,,,
7.09025,3.67E-06,-0.000838198,,,,,,,,,,,,,,
7.09035,3.67E-06,-0.001153724,,,,,,,,,,,,,,
7.09045,3.67E-06,-0.001100667,,,,,,,,,,,,,,
7.09055,3.68E-06,-0.001256389,,,,,,,,,,,,,,
7.09065,3.66E-06,-0.001117626,,,,,,,,,,,,,,
7.09075,3.68E-06,-0.001399375,,,,,,,,,,,,,,
7.09085,3.66E-06,-0.001242175,,,,,,,,,,,,,,
7.09095,3.66E-06,-0.001309235,,,,,,,,,,,,,,
7.09105,3.69E-06,-0.001491415,,,,,,,,,,,,,,
7.09115,3.67E-06,-0.001413519,,,,,,,,,,,,,,
7.09125,3.66E-06,-0.001543276,,,,,,,,,,,,,,
7.09135,3.66E-06,-0.001296006,,,,,,,,,,,,,,
7.09145,3.69E-06,-0.001140354,,,,,,,,,,,,,,
7.09155,3.69E-06,-0.001425059,,,,,,,,,,,,,,
7.09165,3.64E-06,-0.001404512,,,,,,,,,,,,,,
7.09175,3.65E-06,-0.001282918,,,,,,,,,,,,,,
7.09185,3.65E-06,-0.001311839,,,,,,,,,,,,,,
7.09195,3.66E-06,-0.001369821,,,,,,,,,,,,,,
7.09205,3.67E-06,-0.001498522,,,,,,,,,,,,,,
7.09215,3.67E-06,-0.00157086,,,,,,,,,,,,,,
7.09225,3.66E-06,-0.00138875,,,,,,,,,,,,,,
7.09235,3.67E-06,-0.001414715,,,,,,,,,,,,,,
7.09245,3.70E-06,-0.001313527,,,,,,,,,,,,,,
7.09255,3.65E-06,-0.001445677,,,,,,,,,,,,,,
7.09265,3.65E-06,-0.001173849,,,,,,,,,,,,,,
7.09275,3.65E-06,-0.001177719,,,,,,,,,,,,,,
7.09285,3.64E-06,-0.001358562,,,,,,,,,,,,,,
7.09295,3.66E-06,-0.00141183,,,,,,,,,,,,,,
7.09305,3.64E-06,-0.001327882,,,,,,,,,,,,,,
7.09315,3.66E-06,-0.001286436,,,,,,,,,,,,,,
7.09325,3.67E-06,-0.001330415,,,,,,,,,,,,,,
7.09335,3.64E-06,-0.001060206,,,,,,,,,,,,,,
7.09345,3.65E-06,-0.001048525,,,,,,,,,,,,,,
7.09355,3.65E-06,-0.001174693,,,,,,,,,,,,,,
7.09365,3.63E-06,-0.001031215,,,,,,,,,,,,,,
7.09375,3.60E-06,-0.001194888,,,,,,,,,,,,,,
7.09385,3.63E-06,-0.001275177,,,,,,,,,,,,,,
7.09395,3.62E-06,-0.001311768,,,,,,,,,,,,,,
7.09405,3.62E-06,-0.001465661,,,,,,,,,,,,,,
7.09415,3.61E-06,-0.001493878,,,,,,,,,,,,,,
7.09425,3.59E-06,-0.001312894,,,,,,,,,,,,,,
7.09435,3.62E-06,-0.001225639,,,,,,,,,,,,,,
7.09445,3.60E-06,-0.001137891,,,,,,,,,,,,,,
7.09455,3.60E-06,-0.00142907,,,,,,,,,,,,,,
7.09465,3.62E-06,-0.001228172,,,,,,,,,,,,,,
7.09475,3.61E-06,-0.001256319,,,,,,,,,,,,,,
7.09485,3.62E-06,-0.001216491,,,,,,,,,,,,,,
7.09495,3.62E-06,-0.001129095,,,,,,,,,,,,,,
7.09505,3.62E-06,-0.001480156,,,,,,,,,,,,,,
7.09515,3.62E-06,-0.001325068,,,,,,,,,,,,,,
7.09525,3.57E-06,-0.001290236,,,,,,,,,,,,,,
7.09535,3.58E-06,-0.00143681,,,,,,,,,,,,,,
7.09545,3.60E-06,-0.001190174,,,,,,,,,,,,,,
7.09555,3.63E-06,-0.001339493,,,,,,,,,,,,,,
7.09565,3.60E-06,-0.001290799,,,,,,,,,,,,,,
7.09575,3.60E-06,-0.001078361,,,,,,,,,,,,,,
7.09585,3.58E-06,-0.001329853,,,,,,,,,,,,,,
7.09595,3.62E-06,-0.00121635,,,,,,,,,,,,,,
7.09605,3.61E-06,-0.001199251,,,,,,,,,,,,,,
7.09615,3.61E-06,-0.001251675,,,,,,,,,,,,,,
7.09625,3.63E-06,-0.001631868,,,,,,,,,,,,,,
7.09635,3.65E-06,-0.001327601,,,,,,,,,,,,,,
7.09645,3.62E-06,-0.001211847,,,,,,,,,,,,,,
7.09655,3.64E-06,-0.001485575,,,,,,,,,,,,,,
7.09665,3.64E-06,-0.001396068,,,,,,,,,,,,,,
7.09675,3.63E-06,-0.001532861,,,,,,,,,,,,,,
7.09685,3.63E-06,-0.001398671,,,,,,,,,,,,,,
7.09695,3.61E-06,-0.001187993,,,,,,,,,,,,,,
7.09705,3.62E-06,-0.001515621,,,,,,,,,,,,,,
7.09715,3.63E-06,-0.001448421,,,,,,,,,,,,,,
7.09725,3.63E-06,-0.001310009,,,,,,,,,,,,,,
7.09735,3.63E-06,-0.001272785,,,,,,,,,,,,,,
7.09745,3.60E-06,-0.001509077,,,,,,,,,,,,,,
7.09755,3.60E-06,-0.001225217,,,,,,,,,,,,,,
7.09765,3.60E-06,-0.001191722,,,,,,,,,,,,,,
7.09775,3.62E-06,-0.001202207,,,,,,,,,,,,,,
7.09785,3.63E-06,-0.001342378,,,,,,,,,,,,,,
7.09795,3.61E-06,-0.001458554,,,,,,,,,,,,,,
7.09805,3.61E-06,-0.001216702,,,,,,,,,,,,,,
7.09815,3.61E-06,-0.001101934,,,,,,,,,,,,,,
7.09825,3.57E-06,-0.001054999,,,,,,,,,,,,,,
7.09835,3.59E-06,-0.001504292,,,,,,,,,,,,,,
7.09845,3.61E-06,-0.001556012,,,,,,,,,,,,,,
7.09855,3.60E-06,-0.001483464,,,,,,,,,,,,,,
7.09865,3.62E-06,-0.001176171,,,,,,,,,,,,,,
7.09875,3.61E-06,-0.001361166,,,,,,,,,,,,,,
7.09885,3.63E-06,-0.001439414,,,,,,,,,,,,,,
7.09895,3.62E-06,-0.001318734,,,,,,,,,,,,,,
7.09905,3.66E-06,-0.001258923,,,,,,,,,,,,,,
7.09915,3.64E-06,-0.001109744,,,,,,,,,,,,,,
7.09925,3.65E-06,-0.001120299,,,,,,,,,,,,,,
7.09935,3.62E-06,-0.001139439,,,,,,,,,,,,,,
7.09945,3.62E-06,-0.000814062,,,,,,,,,,,,,,
7.09955,3.61E-06,-0.000705908,,,,,,,,,,,,,,
7.09965,3.62E-06,-0.001061613,,,,,,,,,,,,,,
7.09975,3.64E-06,-0.001115303,,,,,,,,,,,,,,
7.09985,3.61E-06,-0.000997861,,,,,,,,,,,,,,
7.09995,3.60E-06,-0.00123732,,,,,,,,,,,,,,
,,,,,,,,,,,,,,,,
,,,,,,,,,,,,,,,,
,,,,,,,,,,,,,,,,
,,,,,,,,,,,,,,,,
,,,,,,,,,,,,,,,,
,,,,,,,,,,,,,,,,
,,,,,,,,,,,,,,,,
,,,,,,,,,,,,,,,,
,,,,,,,,,,,,,,,,
,,,,,,,,,,,,,,,,
,,,,,,,,,,,,,,,,
,,,,,,,,,,,,,,,,
,,,,,,,,,,,,,,,,
,,,,,,,,,,,,,,,,
,,,,,,,,,,,,,,,,
,,,,,,,,,,,,,,,,
,,,,,,,,,,,,,,,,
,,,,,,,,,,,,,,,,
,,,,,,,,,,,,,,,,
,,,,,,,,,,,,,,,,
,,,,,,,,,,,,,,,,
,,,,,,,,,,,,,,,,
,,,,,,,,,,,,,,,,
,,,,,,,,,,,,,,,,
,,,,,,,,,,,,,,,,
,,,,,,,,,,,,,,,,
,,,,,,,,,,,,,,,,
,,,,,,,,,,,,,,,,
,,,,,,,,,,,,,,,,
,,,,,,,,,,,,,,,,
,,,,,,,,,,,,,,,,
,,,,,,,,,,,,,,,,
,,,,,,,,,,,,,,,,
,,,,,,,,,,,,,,,,
,,,,,,,,,,,,,,,,
,,,,,,,,,,,,,,,,
,,,,,,,,,,,,,,,,
,,,,,,,,,,,,,,,,
,,,,,,,,,,,,,,,,
,,,,,,,,,,,,,,,,
,,,,,,,,,,,,,,,,
,,,,,,,,,,,,,,,,
,,,,,,,,,,,,,,,,
,,,,,,,,,,,,,,,,
,,,,,,,,,,,,,,,,
,,,,,,,,,,,,,,,,
,,,,,,,,,,,,,,,,
,,,,,,,,,,,,,,,,
,,,,,,,,,,,,,,,,
,,,,,,,,,,,,,,,,
,,,,,,,,,,,,,,,,
,,,,,,,,,,,,,,,,
,,,,,,,,,,,,,,,,
,,,,,,,,,,,,,,,,
,,,,,,,,,,,,,,,,
,,,,,,,,,,,,,,,,
,,,,,,,,,,,,,,,,
,,,,,,,,,,,,,,,,
,,,,,,,,,,,,,,,,
,,,,,,,,,,,,,,,,
,,,,,,,,,,,,,,,,
,,,,,,,,,,,,,,,,
,,,,,,,,,,,,,,,,
,,,,,,,,,,,,,,,,
,,,,,,,,,,,,,,,,
,,,,,,,,,,,,,,,,
,,,,,,,,,,,,,,,,
,,,,,,,,,,,,,,,,
,,,,,,,,,,,,,,,,
,,,,,,,,,,,,,,,,
,,,,,,,,,,,,,,,,
,,,,,,,,,,,,,,,,
,,,,,,,,,,,,,,,,
,,,,,,,,,,,,,,,,
,,,,,,,,,,,,,,,,
,,,,,,,,,,,,,,,,
,,,,,,,,,,,,,,,,
,,,,,,,,,,,,,,,,
,,,,,,,,,,,,,,,,
,,,,,,,,,,,,,,,,
,,,,,,,,,,,,,,,,
,,,,,,,,,,,,,,,,
,,,,,,,,,,,,,,,,
,,,,,,,,,,,,,,,,
,,,,,,,,,,,,,,,,
,,,,,,,,,,,,,,,,
,,,,,,,,,,,,,,,,
,,,,,,,,,,,,,,,,
,,,,,,,,,,,,,,,,
,,,,,,,,,,,,,,,,
,,,,,,,,,,,,,,,,
,,,,,,,,,,,,,,,,
,,,,,,,,,,,,,,,,
,,,,,,,,,,,,,,,,
,,,,,,,,,,,,,,,,
,,,,,,,,,,,,,,,,
,,,,,,,,,,,,,,,,
,,,,,,,,,,,,,,,,
,,,,,,,,,,,,,,,,
,,,,,,,,,,,,,,,,
,,,,,,,,,,,,,,,,
,,,,,,,,,,,,,,,,
,,,,,,,,,,,,,,,,
,,,,,,,,,,,,,,,,
,,,,,,,,,,,,,,,,
,,,,,,,,,,,,,,,,
,,,,,,,,,,,,,,,,
,,,,,,,,,,,,,,,,
,,,,,,,,,,,,,,,,
,,,,,,,,,,,,,,,,
,,,,,,,,,,,,,,,,
,,,,,,,,,,,,,,,,
,,,,,,,,,,,,,,,,
,,,,,,,,,,,,,,,,
,,,,,,,,,,,,,,,,
,,,,,,,,,,,,,,,,
,,,,,,,,,,,,,,,,
,,,,,,,,,,,,,,,,
,,,,,,,,,,,,,,,,
,,,,,,,,,,,,,,,,
,,,,,,,, Waveform1_voltage, Waveform2_time, Waveform2_voltage, MeasTiming_time, MeasTiming_flag, MeasResult1_time, MeasResult1_value, MeasResult2_time, MeasResult2_value
