Device ID,
Remarks,_A5_234
Time,MeasResult1_value,MeasResult2_value,MeasResult1_time,MeasResult2_time
5.90005,2.6048703148E-05,-0.000465143559268,5.90005,5.90005
5.90015,2.604065412E-05,-0.000449592305813,5.90015,5.90015
5.90025,2.6063820769E-05,-0.000328348920448,5.90025,5.90025
5.90035,2.6047880965E-05,-0.000375143397832,5.90035,5.90035
5.90045,2.6036075724E-05,-0.000499271845911,5.90045,5.90045
5.90055,2.6063511541E-05,-0.000417575065512,5.90055,5.90055
5.90065,2.6054054615E-05,-0.000536707404535,5.90065,5.90065
5.90075,2.607818351E-05,-0.000518763670698,5.90075,5.90075
5.90085,2.6072517358E-05,-0.000670405861456,5.90085,5.90085
5.90095,2.605440568E-05,-0.000391609413782,5.90095,5.90095
5.90105,2.6066822102E-05,-0.000366488180589,5.90105,5.90105
5.90115,2.6072102628E-05,-0.00058687949786,5.90115,5.90115
5.90125,2.6065121347E-05,-0.000455151341157,5.90125,5.90125
5.90135,2.6077115763E-05,-0.0002674809366,5.90135,5.90135
5.90145,2.608480645E-05,-0.000152922482812,5.90145,5.90145
5.90155,2.6070512831E-05,-0.000120694123325,5.90155,5.90155
5.90165,2.6045216146E-05,-0.000368528824765,5.90165,5.90165
5.90175,2.6045645427E-05,-0.000460499286419,5.90175,5.90175
5.90185,2.6025691113E-05,-0.000520593253896,5.90185,5.90185
5.90195,2.6044323022E-05,-0.000500960682984,5.90195,5.90195
5.90205,2.6060641176E-05,-0.000590257172007,5.90205,5.90205
5.90215,2.6052886824E-05,-0.000625300221145,5.90215,5.90215
5.90225,2.6065325073E-05,-0.000101554134744,5.90225,5.90225
5.90235,2.6070991225E-05,-0.000346996355802,5.90235,5.90235
5.90245,2.6088913728E-05,-0.000501312490087,5.90245,5.90245
5.90255,2.6089081075E-05,-0.000434181798482,5.90255,5.90255
5.90265,2.6056282877E-05,-0.000403290439863,5.90265,5.90265
5.90275,2.6069177693E-05,-0.000365995598258,5.90275,5.90275
5.90285,2.6072382752E-05,-0.00037303235149,5.90285,5.90285
5.90295,2.6060621167E-05,-0.000451703352155,5.90295,5.90295
5.90305,2.6035640985E-05,-0.000521859852597,5.90305,5.90305
5.90315,2.6068137231E-05,-0.000307449750835,5.90315,5.90315
5.90325,2.6062160032E-05,-0.000159677772899,5.90325,5.90325
5.90335,2.6068024454E-05,-0.00032673048554,5.90335,5.90335
5.90345,2.6056452043E-05,-0.000233704500715,5.90345,5.90345
5.90355,2.6086094294E-05,-0.000208653626032,5.90355,5.90355
5.90365,2.6055988201E-05,-0.000347981491359,5.90365,5.90365
5.90375,2.6053681722E-05,-0.000368739943951,5.90375,5.90375
5.90385,2.6024054023E-05,-0.000464580603875,5.90385,5.90385
5.90395,2.6025361876E-05,-0.000331304356223,5.90395,5.90395
5.90405,2.6031899324E-05,-9.3954433396E-05,5.90405,5.90405
5.90415,2.6026142223E-05,-0.000385276332963,5.90415,5.90415
5.90425,2.60337074E-05,-0.000496527529322,5.90425,5.90425
5.90435,2.6072362743E-05,-0.000397942494601,5.90435,5.90435
5.90445,2.6033221729E-05,-0.000725433346815,5.90445,5.90445
5.90455,2.6053814508E-05,-0.000483790965518,5.90455,5.90455
5.90465,2.603959183E-05,-0.000337215256877,5.90465,5.90465
5.90475,2.6032834285E-05,-0.000183180556633,5.90475,5.90475
5.90485,2.6025585612E-05,-0.000565909955185,5.90485,5.90485
5.90495,2.6037356292E-05,-0.000631492584944,5.90495,5.90495
5.90505,2.6062569304E-05,-0.000484002084704,5.90505,5.90505
5.90515,2.6045961931E-05,-0.000481257739011,5.90515,5.90515
5.90525,2.6029889341E-05,-0.000380983896321,5.90525,5.90525
5.90535,2.6047549909E-05,-0.000605104723945,5.90535,5.90535
5.90545,2.6020235964E-05,-0.000656543415971,5.90545,5.90545
5.90555,2.6033410904E-05,-0.00072958500823,5.90555,5.90555
5.90565,2.6013703973E-05,-0.000610593415331,5.90565,5.90565
5.90575,2.6009014618E-05,-0.000581531552598,5.90575,5.90575
5.90585,2.6035962946E-05,-0.000570272735786,5.90585,5.90585
5.90595,2.6021114536E-05,-0.000230397214182,5.90595,5.90595
5.90605,2.604238216E-05,-0.000438826071331,5.90605,5.90605
5.90615,2.6058996809E-05,-0.000405331084039,5.90615,5.90615
5.90625,2.6056542993E-05,-0.000432352244388,5.90625,5.90625
5.90635,2.6051804525E-05,-0.00056921725627,5.90635,5.90635
5.90645,2.6031189918E-05,-0.000343900173903,5.90645,5.90645
5.90655,2.6046636776E-05,-0.000336652301485,5.90655,5.90655
5.90665,2.6064390113E-05,-3.3016083762E-05,5.90665,5.90665
5.90675,2.6059264201E-05,-0.000165588659002,5.90675,5.90675
5.90685,2.6062842153E-05,-0.000365010462701,5.90685,5.90685
5.90695,2.6076953873E-05,-0.000526222633198,5.90695,5.90695
5.90705,2.6047022402E-05,-0.000347348192008,5.90705,5.90705
5.90715,2.6063546102E-05,-0.000300694460748,5.90715,5.90715
5.90725,2.6062321922E-05,-0.000126675367937,5.90725,5.90725
5.90735,2.6062687539E-05,-0.000251226039836,5.90735,5.90735
5.90745,2.6065035854E-05,-0.000171288425918,5.90745,5.90745
5.90755,2.6070745662E-05,-0.000259247928625,5.90755,5.90755
5.90765,2.6038895157E-05,-0.000148418956087,5.90765,5.90765
5.90775,2.6048057407E-05,1.675147246E-06,5.90775,5.90775
5.90785,2.6015497497E-05,-7.1859001764E-05,5.90785,5.90785
5.90795,2.602512177E-05,1.3708007828E-05,5.90795,5.90795
5.90805,2.6035084375E-05,-0.000338763347827,5.90805,5.90805
5.90815,2.6045883715E-05,-0.000392946385546,5.90815,5.90815
5.90825,2.6058532967E-05,-7.7699514804E-05,5.90825,5.90825
5.90835,2.6060233722E-05,-0.000265581009444,5.90835,5.90835
5.90845,2.6043429898E-05,-0.000373173097614,5.90845,5.90845
5.90855,2.6050243832E-05,-4.939407518E-06,5.90855,5.90855
5.90865,2.6051769964E-05,-0.000198661422473,5.90865,5.90865
5.90875,2.6047227948E-05,4.6499313612E-05,5.90875,5.90875
5.90885,2.6016263291E-05,-0.000181280629477,5.90885,5.90885
5.90895,2.6022238671E-05,-0.000470702594612,5.90895,5.90895
5.90905,2.6012685339E-05,-0.000265581009444,5.90905,5.90905
5.90915,2.6016361517E-05,-0.000215338557609,5.90915,5.90915
5.90925,2.6026022169E-05,-0.000166362704476,5.90925,5.90925
5.90935,2.6048752261E-05,-0.000221460533794,5.90935,5.90935
5.90945,2.6001189326E-05,-0.000221671638428,5.90945,5.90945
5.90955,2.601529377E-05,2.3489104933E-05,5.90955,5.90955
5.90965,2.602020686E-05,-0.000206472235732,5.90965,5.90965
5.90975,2.6041025194E-05,-0.000380069104722,5.90975,5.90975
5.90985,2.6034114853E-05,-0.000410890119383,5.90985,5.90985
5.90995,2.6019983125E-05,-0.000267692055786,5.90995,5.90995
5.91005,2.6017500204E-05,-0.000647114182357,5.91005,5.91005
5.91015,2.6047438951E-05,-0.000684690487105,5.91015,5.91015
5.91025,2.6039218938E-05,-0.000402375648264,5.91025,5.91025
5.91035,2.6032384994E-05,-0.000575620681047,5.91035,5.91035
5.91045,2.6045461709E-05,-0.000211327598663,5.91045,5.91045
5.91055,2.6030429581E-05,-0.00053037435282,5.91055,5.91055
5.91065,2.6049841836E-05,-0.000545644084923,5.91065,5.91065
5.91075,2.6028137654E-05,-0.000462891795905,5.91075,5.91075
5.91085,2.6023595638E-05,-0.000539170287084,5.91085,5.91085
5.91095,2.6003326639E-05,-0.000269591982942,5.91095,5.91095
5.91105,2.6012121452E-05,-0.000342492829077,5.91105,5.91105
5.91115,2.6029192668E-05,-2.8864393244E-05,5.91115,5.91115
5.91125,2.6027062631E-05,-8.4454804892E-05,5.91125,5.91125
5.91135,2.6059587981E-05,-0.00018254724273,5.91135,5.91135
5.91145,2.6036350391E-05,-0.000577802071348,5.91145,5.91145
5.91155,2.6055438866E-05,-0.00047267289483,5.91155,5.91155
5.91165,2.6073255867E-05,-0.000129630803713,5.91165,5.91165
5.91175,2.6056775823E-05,-0.000230115751037,5.91175,5.91175
5.91185,2.6076912036E-05,-0.000401249766583,5.91185,5.91185
5.91195,2.606954331E-05,-0.000201335395104,5.91195,5.91195
5.91205,2.6038431315E-05,2.7992631658E-05,5.91205,5.91205
5.91215,2.6044941478E-05,2.3981678169E-05,5.91215,5.91215
5.91225,2.6066527425E-05,-9.1280460765E-05,5.91225,5.91225
5.91235,2.6042016543E-05,0.000251409772318,5.91235,5.91235
5.91245,2.6045736377E-05,0.000202433933737,5.91245,5.91245
5.91255,2.6034100301E-05,8.8227301603E-05,5.91255,5.91255
5.91265,2.6011792215E-05,0.00015008043556,5.91265,5.91265
5.91275,2.6042791433E-05,0.000314951728797,5.91275,5.91275
5.91285,2.6016354241E-05,5.1636146964E-05,5.91285,5.91285
5.91295,2.6018049539E-05,1.3919110643E-05,5.91295,5.91295
5.91305,2.6031246307E-05,2.9751821785E-05,5.91305,5.91305
5.91315,2.6027921194E-05,-4.1812032578E-05,5.91315,5.91315
5.91325,2.6038136639E-05,0.000237969565205,5.91325,5.91325
5.91335,2.6036117561E-05,-0.000101554134744,5.91335,5.91335
5.91345,2.6042065656E-05,7.3731578595E-05,5.91345,5.91345
5.91355,2.6024172257E-05,-4.5400782255E-05,5.91355,5.91355
5.91365,2.6038615033E-05,-0.000239967208472,5.91365,5.91365
5.91375,2.6020466976E-05,-0.000259107211605,5.91375,5.91375
5.91385,2.6018751669E-05,-0.000312516203849,5.91385,5.91385
5.91395,2.6032455935E-05,0.000158946742886,5.91395,5.91395
5.91405,2.6041974706E-05,1.2722861356E-05,5.91405,5.91405
5.91415,2.6053456168E-05,3.1722116546E-05,5.91415,5.91415
5.91425,2.6057772629E-05,-3.5408582335E-05,5.91425,5.91425
5.91435,2.6065345082E-05,0.000119822361739,5.91435,5.91435
5.91445,2.6053701731E-05,2.7359323212E-05,5.91445,5.91445
5.91455,2.6048634027E-05,-2.3938660888E-05,5.91455,5.91455
5.91465,2.6064873964E-05,-1.9857339794E-05,5.91465,5.91465
5.91475,2.6051664463E-05,0.000105959938082,5.91475,5.91475
5.91485,2.6073474146E-05,-1.5001975044E-05,5.91485,5.91485
5.91495,2.6029312721E-05,-8.3891864051E-05,5.91495,5.91495
5.91505,2.6070014428E-05,-0.000327011948684,5.91505,5.91505
5.91515,2.6053561669E-05,-0.000272617791779,5.91515,5.91515
5.91525,2.6021612939E-05,-0.000290350406431,5.91525,5.91525
5.91535,2.6043247999E-05,-0.000512149126735,5.91535,5.91535
5.91545,2.6044745027E-05,-0.000626215012744,5.91545,5.91545
5.91555,2.604123074E-05,-0.000245666975388,5.91555,5.91555
5.91565,2.6025045372E-05,-0.000514682324138,5.91565,5.91565
5.91575,2.6014744435E-05,-0.000455855042674,5.91575,5.91575
5.91585,2.6019082725E-05,-0.000301679596305,5.91585,5.91585
5.91595,2.6037412681E-05,-0.000382743077353,5.91595,5.91595
5.91605,2.6025838451E-05,-0.000241304194788,5.91605,5.91605
5.91615,2.6033587346E-05,-0.000319271493936,5.91615,5.91615
5.91625,2.6027541026E-05,-0.000179451075383,5.91625,5.91625
5.91635,2.6062160032E-05,-0.000301890715491,5.91635,5.91635
5.91645,2.604855581E-05,-0.000281695218291,5.91645,5.91645
5.91655,2.6047831852E-05,-0.000257277657511,5.91655,5.91655
5.91665,2.6063195037E-05,-2.8371820008E-05,5.91665,5.91665
5.91675,2.6018822609E-05,-0.00013054558076,5.91675,5.91675
5.91685,2.6021141821E-05,-0.000440163043095,5.91685,5.91685
5.91695,2.6049512599E-05,-0.000565347028896,5.91695,5.91695
5.91705,2.6028623324E-05,-0.000484705757117,5.91705,5.91705
5.91715,2.6040203011E-05,-0.000545995950233,5.91715,5.91715
5.91725,2.605784357E-05,-0.00032468981226,5.91725,5.91725
5.91735,2.6037952921E-05,-0.000412367837271,5.91735,5.91735
5.91745,2.6053934562E-05,-0.000554791884497,5.91745,5.91745
5.91755,2.6066441933E-05,-0.000340381782735,5.91755,5.91755
5.91765,2.6078472729E-05,-0.000281202635961,5.91765,5.91765
5.91775,2.6051846362E-05,-0.000228075092309,5.91775,5.91775
5.91785,2.6055158742E-05,-0.000365643762052,5.91785,5.91785
5.91795,2.6055136914E-05,-0.000561969354749,5.91795,5.91795
5.91805,2.6060177333E-05,-0.000450014515081,5.91805,5.91805
5.91815,2.6051966415E-05,-0.000504127237946,5.91815,5.91815
5.91825,2.604495603E-05,-0.000550780910999,5.91825,5.91825
5.91835,2.6036519557E-05,-0.000532063131686,5.91835,5.91835
5.91845,2.6024827093E-05,-0.000424682191806,5.91845,5.91845
5.91855,2.5999896025E-05,-0.000241515299422,5.91855,5.91855
5.91865,2.6038671422E-05,-0.000781938491855,5.91865,5.91865
5.91875,2.6038804208E-05,-0.000738521688618,5.91875,5.91875
5.91885,2.6012994567E-05,-0.000364869716577,5.91885,5.91885
5.91895,2.6042023819E-05,-7.6081058069E-05,5.91895,5.91895
5.91905,2.6029867513E-05,-0.000335174583597,5.91905,5.91905
5.91915,2.6050433007E-05,-0.000578294682782,5.91915,5.91915
5.91925,2.604393012E-05,-0.000583079643548,5.91925,5.91925
5.91935,2.6067018553E-05,-0.000429678271757,5.91935,5.91935
5.91945,2.6069226806E-05,-0.000479005975649,5.91945,5.91945
5.91955,2.605240843E-05,-0.000255448074313,5.91955,5.91955
5.91965,2.6021543817E-05,-0.000130756685394,5.91965,5.91965
5.91975,2.6054209229E-05,7.60368437E-07,5.91975,5.91975
5.91985,2.6056712159E-05,-0.000148981896928,5.91985,5.91985
5.91995,2.603701796E-05,-0.00014222660684,5.91995,5.91995
5.92005,2.6053387046E-05,-5.4970776546E-05,5.92005,5.92005
5.92015,2.6084378987E-05,8.4920022346E-05,5.92015,5.92015
5.92025,2.6060972232E-05,0.00031769607449,5.92025,5.92025
5.92035,2.6031801099E-05,0.000200463633519,5.92035,5.92035
5.92045,2.6026169508E-05,4.5725268137E-05,5.92045,5.92045
5.92055,2.6021642043E-05,9.3434508017E-05,5.92055,5.92055
5.92065,2.6032517781E-05,6.4865256718E-05,5.92065,5.92065
5.92075,2.6039373552E-05,-0.000133852867293,5.92075,5.92075
5.92085,2.6046229323E-05,-7.2562674177E-05,5.92085,5.92085
5.92095,2.6040877856E-05,-8.248451195E-05,5.92095,5.92095
5.92105,2.6079842428E-05,-0.000250944547588,5.92105,5.92105
5.92115,2.6071293178E-05,-0.000325463857735,5.92115,5.92115
5.92125,2.6084075216E-05,-0.000344744592439,5.92125,5.92125
5.92135,2.6071356842E-05,-0.000531289086211,5.92135,5.92135
5.92145,2.6063651603E-05,-0.000611860014033,5.92145,5.92145
5.92155,2.6089812309E-05,-0.000213157152757,5.92155,5.92155
5.92165,2.6069143132E-05,-0.000168051526998,5.92165,5.92165
5.92175,2.6076286304E-05,-0.000186417470104,5.92175,5.92175
5.92185,2.6109815735E-05,-0.000314064294798,5.92185,5.92185
5.92195,2.6089694074E-05,-7.7347671322E-05,5.92195,5.92195
5.92205,2.6075927963E-05,-0.000241796777118,5.92205,5.92205
5.92215,2.6062814868E-05,-0.000335526419804,5.92215,5.92215
5.92225,2.6095149224E-05,-0.000383235659683,5.92225,5.92225
5.92235,2.6117795642E-05,-0.000116823903227,5.92235,5.92235
5.92245,2.6097799491E-05,-0.000292039243504,5.92245,5.92245
5.92255,2.6092358894E-05,-0.0004265117459,5.92255,5.92255
5.92265,2.6086599973E-05,-0.000360436562914,5.92265,5.92265
5.92275,2.6072833862E-05,-0.00034706669976,5.92275,5.92275
5.92285,2.6079076633E-05,-0.000200068781851,5.92285,5.92285
5.92295,2.6095141948E-05,-0.000117386844067,5.92295,5.92295
5.92305,2.6064424674E-05,1.2441390936E-05,5.92305,5.92305
5.92315,2.6060746677E-05,-9.4024799182E-05,5.92315,5.92315
5.92325,2.6066090868E-05,9.0197594545E-05,5.92325,5.92325
5.92335,2.6066336432E-05,-1.676116517E-05,5.92335,5.92335
5.92345,2.6056712159E-05,-7.192936755E-05,5.92345,5.92345
5.92355,2.6053674446E-05,0.000134669928229,5.92355,5.92355
5.92365,2.6086663638E-05,-0.000141452561365,5.92365,5.92365
5.92375,2.6072755645E-05,-0.000336793047609,5.92375,5.92375
5.92385,2.6045490813E-05,-0.000294291006867,5.92385,5.92385
5.92395,2.6026429623E-05,-0.000358255172614,5.92395,5.92395
5.92405,2.604065412E-05,-0.000301046296954,5.92405,5.92405
5.92415,2.6038846045E-05,-0.00041173453792,5.92415,5.92415
5.92425,2.6013267416E-05,-0.000286409835098,5.92425,5.92425
5.92435,2.6067229555E-05,-0.000193524596398,5.92435,5.92435
5.92445,2.606324415E-05,-0.000374650815502,5.92445,5.92445
5.92455,2.604466863E-05,-0.000341859500622,5.92455,5.92455
5.92465,2.6038193027E-05,-0.000450225634268,5.92465,5.92465
5.92475,2.6080742828E-05,-0.000188458128832,5.92475,5.92475
5.92485,2.6074310881E-05,-0.000190287682926,5.92485,5.92485
5.92495,2.6029010769E-05,-0.000347207445884,5.92495,5.92495
5.92505,2.6064861231E-05,-0.000497231201734,5.92505,5.92505
5.92515,2.6073361369E-05,-0.000357692217221,5.92515,5.92515
5.92525,2.6056712159E-05,-0.000430804153439,5.92525,5.92525
5.92535,2.6068228181E-05,-0.000465425022412,5.92535,5.92535
5.92545,2.6049878215E-05,-0.000362406863132,5.92545,5.92545
5.92555,2.6084961064E-05,-0.000488224119181,5.92555,5.92555
5.92565,2.6052928661E-05,-0.000313008786179,5.92565,5.92565
5.92575,2.6045821869E-05,-0.000310686649755,5.92575,5.92575
5.92585,2.6059784432E-05,-0.000303438806441,5.92585,5.92585
5.92595,2.605681766E-05,-3.0623585189E-05,5.92595,5.92595
5.92605,2.6053618058E-05,-6.6581429564E-05,5.92605,5.92605
5.92615,2.6056633942E-05,5.5154527217E-05,5.92615,5.92615
5.92625,2.605591726E-05,-0.000315612385748,5.92625,5.92625
5.92635,2.6051642635E-05,-0.000287183880573,5.92635,5.92635
5.92645,2.6058138246E-05,-0.00023025648261,5.92645,5.92645
5.92655,2.6072068067E-05,-0.000176214161911,5.92655,5.92655
5.92665,2.6028637876E-05,-0.000114783244499,5.92665,5.92665
5.92675,2.6053885449E-05,-0.000443540688138,5.92675,5.92675
5.92685,2.6052450266E-05,-0.000141945143696,5.92685,5.92685
5.92695,2.6090376195E-05,-0.000333133939421,5.92695,5.92695
5.92705,2.6069747037E-05,-0.000420811964432,5.92705,5.92705
5.92715,2.6085714126E-05,-0.000427426508395,5.92715,5.92715
5.92725,2.6082030672E-05,-0.000278106454061,5.92725,5.92725
5.92735,2.6059875381E-05,-0.000376269279514,5.92735,5.92735
5.92745,2.6070865715E-05,-0.000298090861179,5.92745,5.92745
5.92755,2.6061794415E-05,-0.000232508245972,5.92755,5.92755
5.92765,2.6075202186E-05,-0.000340522528859,5.92765,5.92765
5.92775,2.6049532607E-05,-0.000246722513111,5.92775,5.92775
5.92785,2.6030036679E-05,-7.5729221862E-05,5.92785,5.92785
5.92795,2.6053554393E-05,-0.000328630383592,5.92795,5.92795
5.92805,2.6042671379E-05,-0.000338341138558,5.92805,5.92805
5.92815,2.6036836061E-05,-0.000372117588995,5.92815,5.92815
5.92825,2.604160909E-05,-0.000165659017512,5.92825,5.92825
5.92835,2.6020827136E-05,-0.000115275812277,5.92835,5.92835
5.92845,2.6020017685E-05,8.696068835E-05,5.92845,5.92845
5.92855,2.6032863389E-05,9.4771494332E-05,5.92855,5.92855
5.92865,2.6082698241E-05,-2.2883146812E-05,5.92865,5.92865
5.92875,2.6070858439E-05,-2.7386673537E-05,5.92875,5.92875
5.92885,2.6043373509E-05,-0.000107113170088,5.92885,5.92885
5.92895,2.6036372219E-05,-0.000250311248237,5.92895,5.92895
5.92905,2.6065605198E-05,-4.934136814E-05,5.92905,5.92905
5.92915,2.6063236874E-05,0.000104622959043,5.92915,5.92915
5.92925,2.6070210879E-05,-0.000375917443307,5.92925,5.92925
5.92935,2.6060270102E-05,-0.000558591738809,5.92935,5.92935
5.92945,2.6076855647E-05,-0.000501031056046,5.92945,5.92945
5.92955,2.6038249416E-05,-0.000350374000845,5.92955,5.92955
5.92965,2.6033720133E-05,-0.000211186867091,5.92965,5.92965
5.92975,2.603968278E-05,-0.00028598762583,5.92975,5.92975
5.92985,2.6082401746E-05,-0.000305409077555,5.92985,5.92985
5.92995,2.6041905585E-05,3.926910722E-06,5.92995,5.92995
5.93005,2.601766937E-05,7.8305471106E-05,5.93005,5.93005
5.93015,2.6063806217E-05,5.4450851167E-05,5.93015,5.93015
5.93025,2.6069788873E-05,-0.000241163463215,5.93025,5.93025
5.93035,2.6040786906E-05,-0.000270577118499,5.93035,5.93035
5.93045,2.6049068765E-05,-5.9966874687E-05,5.93045,5.93045
5.93055,2.6039000659E-05,-3.7449241063E-05,5.93055,5.93055
5.93065,2.6045427148E-05,-0.000244681839831,5.93065,5.93065
5.93075,2.6016459742E-05,-0.000313430995448,5.93075,5.93075
5.93085,2.6019259167E-05,-0.000320889957948,5.93085,5.93085
5.93095,2.6039675504E-05,-8.5228850367E-05,5.93095,5.93095
5.93105,2.6032954338E-05,-3.6745565012E-05,5.93105,5.93105
5.93115,2.6028068532E-05,-0.000209990612348,5.93115,5.93115
5.93125,2.603039502E-05,-8.121789142E-05,5.93125,5.93125
5.93135,2.6042031095E-05,2.7148220397E-05,5.93135,5.93135
5.93145,2.6044013794E-05,0.000158876384376,5.93145,5.93145
5.93155,2.6042536774E-05,8.078599421E-06,5.93155,5.93155
5.93165,2.6064100894E-05,-0.000185713783139,5.93165,5.93165
5.93175,2.6049279768E-05,0.000126999861095,5.93175,5.93175
5.93185,2.6054940463E-05,-0.000164744240465,5.93185,5.93185
5.93195,2.6069303203E-05,-0.000313008786179,5.93195,5.93195
5.93205,2.6084990168E-05,-0.000292813288979,5.93205,5.93205
5.93215,2.6087373044E-05,-0.000160029609106,5.93215,5.93215
5.93225,2.6071835237E-05,-0.000277824990917,5.93225,5.93225
5.93235,2.6084469937E-05,-0.00025319631095,5.93235,5.93235
5.93245,2.6044281185E-05,-0.000431578198913,5.93245,5.93245
5.93255,2.6061352401E-05,-0.000281554472167,5.93255,5.93255
5.93265,2.6058027288E-05,-0.000290702271741,5.93265,5.93265
5.93275,2.6054933187E-05,-0.000235604427871,5.93275,5.93275
5.93285,2.6071968023E-05,-0.000158340786584,5.93285,5.93285
5.93295,2.605710506E-05,-0.000218575456529,5.93295,5.93295
5.93305,2.6053132387E-05,-0.000697497394867,5.93305,5.93305
5.93315,2.6062751203E-05,-0.00034706669976,5.93315,5.93315
5.93325,2.6060395612E-05,-0.000242641181103,5.93325,5.93325
5.93335,2.6046867788E-05,-9.2758178653E-05,5.93335,5.93335
5.93345,2.6082607292E-05,-0.000323282467434,5.93345,5.93345
5.93355,2.6033523682E-05,-0.000240459790803,5.93355,5.93355
5.93365,2.6041721867E-05,-0.00022124942916,5.93365,5.93365
5.93375,2.6041145247E-05,2.6866749977E-05,5.93375,5.93375
5.93385,2.6036259442E-05,-0.000141100725159,5.93385,5.93385
5.93395,2.6062174584E-05,-0.000268677191343,5.93395,5.93395
5.93405,2.6047571737E-05,-5.0467249821E-05,5.93405,5.93405
5.93415,2.6066169085E-05,-0.000255729566561,5.93415,5.93415
5.93425,2.6087211154E-05,-0.000382391241146,5.93425,5.93425
5.93435,2.6050511224E-05,-0.00036881028791,5.93435,5.93435
5.93445,2.6073319532E-05,-0.000315823504934,5.93445,5.93445
5.93455,2.6069508749E-05,-0.000286972761387,5.93455,5.93455
5.93465,2.6051136956E-05,-9.4095164968E-05,5.93465,5.93465
5.93475,2.6042536774E-05,-0.000289506016998,5.93475,5.93475
5.93485,2.6063975383E-05,-9.1984140454E-05,5.93485,5.93485
5.93495,2.6039711884E-05,2.567050069E-05,5.93495,5.93495
5.93505,2.6024574254E-05,-0.000438966817455,5.93505,5.93505
5.93515,2.6031106245E-05,-0.000322508421959,5.93515,5.93515
5.93525,2.603313078E-05,4.2699462938E-05,5.93525,5.93525
5.93535,2.604421752E-05,1.0611833204E-05,5.93535,5.93535
5.93545,2.6034043913E-05,0.000140721531352,5.93545,5.93545
5.93555,2.6056753995E-05,0.00020743002824,5.93555,5.93555
5.93565,2.6064086342E-05,0.000150713734911,5.93565,5.93565
5.93575,2.6020194127E-05,0.000327758636558,5.93575,5.93575
5.93585,2.6019983125E-05,0.000110885674076,5.93585,5.93585
5.93595,2.6040666853E-05,-1.5353813069E-05,5.93595,5.93595
5.93605,2.6021627491E-05,-0.000251577876043,5.93605,5.93605
5.93615,2.5993582312E-05,-0.000350725837052,5.93615,5.93615
5.93625,2.603631583E-05,-0.000440514879301,5.93625,5.93625
5.93635,2.6053203328E-05,-0.000312656949973,5.93635,5.93635
5.93645,2.6039464501E-05,-0.000377184042009,5.93645,5.93645
5.93655,2.6044843253E-05,-0.000389639113564,5.93655,5.93655
5.93665,2.6061647077E-05,-0.00024573734845,5.93665,5.93665
5.93675,2.6027815693E-05,-0.000199857677217,5.93675,5.93675
5.93685,2.5989047572E-05,-0.00028957639006,5.93685,5.93685
5.93695,2.6050418455E-05,-0.00025833316613,5.93695,5.93695
5.93705,2.6017774871E-05,-0.000242711554165,5.93705,5.93705
5.93715,2.603502071E-05,-0.000323986139847,5.93715,5.93715
5.93725,2.6030029403E-05,-0.000153837259859,5.93725,5.93725
5.93735,2.6011792215E-05,8.0557234469E-05,5.93735,5.93735
5.93745,2.597839557E-05,-6.3977829996E-05,5.93745,5.93745
5.93755,2.6005393011E-05,-0.000122031102364,5.93755,5.93755
5.93765,2.6020481528E-05,-0.000148278224515,5.93765,5.93765
5.93775,2.6030986191E-05,-0.000158551891218,5.93775,5.93775
5.93785,2.6037911084E-05,-1.5353813069E-05,5.93785,5.93785
5.93795,2.6049505323E-05,-0.000158762995852,5.93795,5.93795
5.93805,2.6042931495E-05,-1.4509401808E-05,5.93805,5.93805
5.93815,2.6050398446E-05,-3.6464094592E-05,5.93815,5.93815
5.93825,2.6029172659E-05,-0.000389639113564,5.93825,5.93825
5.93835,2.6010293368E-05,-0.0001618591632,5.93835,5.93835
5.93845,2.6061401513E-05,-0.000166573794559,5.93845,5.93845
5.93855,2.6061843528E-05,-8.7621345301E-05,5.93855,5.93855
5.93865,2.6025683837E-05,-6.9818343036E-05,5.93865,5.93865
5.93875,2.6052528483E-05,-3.8293652324E-05,5.93875,5.93875
5.93885,2.6027084459E-05,2.2433590857E-05,5.93885,5.93885
5.93895,2.6021634767E-05,1.4482051483E-05,5.93895,5.93895
5.93905,2.6024643375E-05,-3.8504756958E-05,5.93905,5.93905
5.93915,2.6026613341E-05,-2.6260791856E-05,5.93915,5.93915
5.93925,2.6034986149E-05,8.3371938672E-05,5.93925,5.93925
5.93935,2.6052057365E-05,-0.000130334476125,5.93935,5.93935
5.93945,2.6039486329E-05,3.3622040064E-05,5.93945,5.93945
5.93955,2.6072777473E-05,0.000161198506248,5.93955,5.93955
5.93965,2.6041623642E-05,8.3231199824E-05,5.93965,5.93965
5.93975,2.6039549994E-05,-0.000154681678396,5.93975,5.93975
5.93985,2.6031724701E-05,-0.000169669976458,5.93985,5.93985
5.93995,2.6026422347E-05,-0.000267199473456,5.93995,5.93995
5.94005,2.5999810532E-05,-0.000335385702783,5.94005,5.94005
5.94015,2.6021978556E-05,-0.000561054621357,5.94015,5.94015
5.94025,2.6017261916E-05,-0.00034164841054,5.94025,5.94025
5.94035,2.6009640351E-05,-0.00048013185733,5.94035,5.94035
5.94045,2.6021558369E-05,-0.0004967385903,5.94045,5.94045
5.94055,2.601966662E-05,-0.000643525447231,5.94055,5.94055
5.94065,2.6020896257E-05,-0.000723463017493,5.94065,5.94065
5.94075,2.6028679713E-05,-0.000841962115373,5.94075,5.94075
5.94085,2.6005836844E-05,-0.000624807667919,5.94085,5.94085
5.94095,2.6038951546E-05,-0.000413141882746,5.94095,5.94095
5.94105,2.6029327273E-05,-0.000437770562712,5.94105,5.94105
5.94115,2.6032814276E-05,-0.000357692217221,5.94115,5.94115
5.94125,2.6067265935E-05,-0.000395549985114,5.94125,5.94125
5.94135,2.6054533009E-05,-0.000539873959497,5.94135,5.94135
5.94145,2.6052493922E-05,-0.000504408671986,5.94145,5.94145
5.94155,2.6056930437E-05,-0.000677864823956,5.94155,5.94155
5.94165,2.6073177651E-05,-0.000743165961467,5.94165,5.94165
5.94175,2.6045863706E-05,-0.000655769428704,5.94175,5.94175
5.94185,2.6041272577E-05,-0.000695949303918,5.94185,5.94185
5.94195,2.6079596864E-05,-0.000867435184773,5.94195,5.94195
5.94205,2.6086207072E-05,-0.000666746753268,5.94205,5.94205
5.94215,2.6053652618E-05,-0.000775886932388,5.94215,5.94215
5.94225,2.6069030355E-05,-0.000757520960178,5.94225,5.94225
5.94235,2.6057568903E-05,-0.0008253553533,5.94235,5.94235
5.94245,2.6068144507E-05,-0.000564291491173,5.94245,5.94245
5.94255,2.6067173167E-05,-0.000220897592953,5.94255,5.94255
5.94265,2.6096957299E-05,-0.000478443020256,5.94265,5.94265
5.94275,2.6080841053E-05,-0.000732540444005,5.94275,5.94275
5.94285,2.6066520149E-05,-0.000802485854365,5.94285,5.94285
5.94295,2.6076791983E-05,-0.000743025215343,5.94295,5.94295
5.94305,2.6090467145E-05,-0.0008126188186,5.94305,5.94305
5.94315,2.6084477213E-05,-0.000535511178896,5.94315,5.94315
5.94325,2.6046489438E-05,-0.000628888956271,5.94325,5.94325
5.94335,2.6058694857E-05,-0.000468873040518,5.94335,5.94335
5.94345,2.6066329156E-05,-0.00088847510051,5.94345,5.94345
5.94355,2.6071638786E-05,-0.000739154987969,5.94355,5.94355
5.94365,2.6066203645E-05,-0.000601515988819,5.94365,5.94365
5.94375,2.6046946004E-05,-0.00071684847353,5.94375,5.94375
5.94385,2.602879249E-05,-0.000816137180664,5.94385,5.94385
5.94395,2.6034134862E-05,-0.000871446100064,5.94395,5.94395
5.94405,2.6031717425E-05,-0.000793267681729,5.94405,5.94405
5.94415,2.6044246624E-05,-0.00065900629852,5.94415,5.94415
5.94425,2.6033067115E-05,-0.000592720054556,5.94425,5.94425
5.94435,2.6058343792E-05,-0.000303227687255,5.94435,5.94435
5.94445,2.6057907235E-05,-0.000184447169886,5.94445,5.94445
5.94455,2.6067680665E-05,-0.000166433062986,5.94455,5.94455
5.94465,2.6079083909E-05,-0.000346433400409,5.94465,5.94465
5.94475,2.609998046E-05,-0.000508630764671,5.94475,5.94475
5.94485,2.6075167625E-05,-0.000518974789884,5.94485,5.94485
5.94495,2.6063516998E-05,-0.000479428184917,5.94495,5.94495
5.94505,2.6040372177E-05,-0.000484776130179,5.94505,5.94505
5.94515,2.6068770239E-05,-0.000420671218308,5.94515,5.94515
5.94525,2.6075800633E-05,-0.000398646167014,5.94525,5.94525
5.94535,2.6048604923E-05,-0.000497442262713,5.94535,5.94535
5.94545,2.6043417165E-05,-0.000213931198232,5.94545,5.94545
5.94555,2.6070871172E-05,-0.000480413320474,5.94555,5.94555
5.94565,2.6040512239E-05,-0.000470843340736,5.94565,5.94565
5.94575,2.6036117561E-05,-0.000611367460806,5.94575,5.94575
5.94585,2.6093546694E-05,-0.000383446749765,5.94585,5.94585
5.94595,2.6040343073E-05,-0.000231663841987,5.94595,5.94595
5.94605,2.6044428523E-05,-0.000204713040148,5.94605,5.94605
5.94615,2.6029229048E-05,-0.00031519017648,5.94615,5.94615
5.94625,2.6064662961E-05,-0.000457051268313,5.94625,5.94625
5.94635,2.6068368243E-05,-0.000492235063575,5.94635,5.94635
5.94645,2.6066893042E-05,-0.000581461237743,5.94645,5.94645
5.94655,2.6044654078E-05,-0.000828803342301,5.94655,5.94655
5.94665,2.6056557545E-05,-0.000483157666167,5.94665,5.94665
5.94675,2.6050987799E-05,-0.000804737617727,5.94675,5.94675
5.94685,2.603158282E-05,-0.000844917551149,5.94685,5.94685
5.94695,2.6021563826E-05,-0.000705448910594,5.94695,5.94695
5.94705,2.6048219297E-05,-0.000690108805429,5.94705,5.94705
5.94715,2.6061408789E-05,-0.000622837338597,5.94715,5.94715
5.94725,2.6043802791E-05,-0.000656121235806,5.94725,5.94725
5.94735,2.6059235097E-05,-0.000814659462776,5.94735,5.94735
5.94745,2.606398084E-05,-0.000818248197902,5.94745,5.94745
5.94755,2.6052295652E-05,-0.000507364107762,5.94755,5.94755
5.94765,2.6057688956E-05,-0.0004967385903,5.94765,5.94765
5.94775,2.6089031962E-05,-0.000643103208859,5.94775,5.94775
5.94785,2.6049701773E-05,-0.000672868744005,5.94785,5.94785
5.94795,2.6012501621E-05,-0.001047013327479,5.94795,5.94795
5.94805,2.5998313504E-05,-0.000984034268185,5.94805,5.94805
5.94815,2.6037243515E-05,-0.001284011406824,5.94815,5.94815
5.94825,2.6039957447E-05,-0.001104292576201,5.94825,5.94825
5.94835,2.6049701773E-05,-0.001089022727683,5.94835,5.94835
5.94845,2.6051367968E-05,-0.00112842861563,5.94845,5.94845
5.94855,2.6048435757E-05,-0.000986497150734,5.94855,5.94855
5.94865,2.6044484912E-05,-0.001011125859804,5.94865,5.94865
5.94875,2.603955727E-05,-0.00090712250676,5.94875,5.94875
5.94885,2.5995297619E-05,-0.000900507962797,5.94885,5.94885
5.94895,2.6012065064E-05,-0.000679272168782,5.94895,5.94895
5.94905,2.6007684937E-05,-0.000633744348306,5.94905,5.94905
5.94915,2.6024805265E-05,-0.000609467504546,5.94915,5.94915
5.94925,2.6013613024E-05,-0.000598138314672,5.94925,5.94925
5.94935,2.5996316253E-05,-0.000674557581078,5.94935,5.94935
5.94945,2.6010104193E-05,-0.000288380135316,5.94945,5.94945
5.94955,2.6046960556E-05,-0.000706785940565,5.94955,5.94955
5.94965,2.603440953E-05,-0.000611437833868,5.94965,5.94965
5.94975,2.601455526E-05,-0.000916059187148,5.94975,5.94975
5.94985,2.6045307095E-05,-0.000699467665982,5.94985,5.94985
5.94995,2.607911847E-05,-0.000667802290991,5.94995,5.94995
5.95005,2.6035302653E-05,-0.000709248764906,5.95005,5.95005
5.95015,2.6047753636E-05,-0.000726911064703,5.95015,5.95015
5.95025,2.6063791665E-05,-0.000615448749159,5.95025,5.95025
5.95035,2.6015652111E-05,-0.000717059592716,5.95035,5.95035
5.95045,2.602936911E-05,-0.000674979761243,5.95045,5.95045
5.95055,2.6056430215E-05,-0.000534948194399,5.95055,5.95055
5.95065,2.6102434276E-05,-0.000402164558182,5.95065,5.95065
5.95075,2.6103980417E-05,-0.000463454722194,5.95075,5.95075
5.95085,2.6082241675E-05,-0.000419897172833,5.95085,5.95085
5.95095,2.6092709959E-05,-0.000630718539469,5.95095,5.95095
5.95105,2.6092309781E-05,-0.000534877879545,5.95105,5.95105
5.95115,2.6080004318E-05,-0.000610100803897,5.95115,5.95115
5.95125,2.6094910936E-05,-0.000470843340736,5.95125,5.95125
5.95135,2.6087085644E-05,-0.000767653924413,5.95135,5.95135
5.95145,2.6066934879E-05,-0.000676527852193,5.95145,5.95145
5.95155,2.6073037589E-05,-0.000938647193834,5.95155,5.95155
5.95165,2.6088126106E-05,-0.000994237605482,5.95165,5.95165
5.95175,2.6090017855E-05,-0.000919014622923,5.95175,5.95175
5.95185,2.6059622542E-05,-0.000761109695304,5.95185,5.95185
5.95195,2.6084602723E-05,-0.000590397918131,5.95195,5.95195
5.95205,2.6076981158E-05,-0.000527911470272,5.95205,5.95205
5.95215,2.6038340366E-05,-0.000381546851713,5.95215,5.95215
5.95225,2.6035682822E-05,-0.00038626146852,5.95225,5.95225
5.95235,2.6029931178E-05,-0.00079798232764,5.95235,5.95235
5.95245,2.6030964364E-05,-0.000683494261466,5.95245,5.95245
5.95255,2.6049681765E-05,-0.000645777210593,5.95255,5.95255
5.95265,2.6040484954E-05,-0.000860398402438,5.95265,5.95265
5.95275,2.6047078791E-05,-0.000987200881355,5.95275,5.95275
5.95285,2.6043233447E-05,-0.000857302220538,5.95285,5.95285
5.95295,2.6040759622E-05,-0.000924784748349,5.95295,5.95295
5.95305,2.6037721909E-05,-0.001010422129184,5.95305,5.95305
5.95315,2.6073128538E-05,-0.001075441832654,5.95315,5.95315
5.95325,2.6042474929E-05,-0.00077560544014,5.95325,5.95325
5.95335,2.6028348657E-05,-0.000737888389267,5.95335,5.95335
5.95345,2.6075778806E-05,-0.000788271601778,5.95345,5.95345
5.95355,2.6062969482E-05,-0.001012251712382,5.95355,5.95355
5.95365,2.6073579647E-05,-0.000772157451138,5.95365,5.95365
5.95375,2.6059995434E-05,-0.000807481934316,5.95375,5.95375
5.95385,2.6070907552E-05,-0.000626566819847,5.95385,5.95385
5.95395,2.6057281502E-05,-0.000658513745293,5.95395,5.95395
5.95405,2.6073501431E-05,-0.000459725240944,5.95405,5.95405
5.95415,2.6035027986E-05,-0.000454306951724,5.95415,5.95415
5.95425,2.6059848096E-05,-0.000643314328045,5.95425,5.95425
5.95435,2.6031069865E-05,-0.000712204200681,5.95435,5.95435
5.95445,2.6053696274E-05,-0.000519959896337,5.95445,5.95445
5.95455,2.604286783E-05,-0.00069601967698,5.95455,5.95455
5.95465,2.6041439924E-05,-0.000602993706707,5.95465,5.95465
5.95475,2.6047846404E-05,-0.000485479802592,5.95475,5.95475
5.95485,2.6057259674E-05,-0.000524252362084,5.95485,5.95485
5.95495,2.6026176783E-05,-0.000658513745293,5.95495,5.95495
5.95505,2.604302972E-05,-0.000457614223706,5.95505,5.95505
5.95515,2.6055551643E-05,-0.000567246926948,5.95515,5.95515
5.95525,2.6051775421E-05,-0.000494064646773,5.95525,5.95525
5.95535,2.6061654353E-05,-0.000671320653055,5.95535,5.95535
5.95545,2.6045989216E-05,-0.000755128450692,5.95545,5.95545
5.95555,2.6057239666E-05,-0.000878342136275,5.95555,5.95555
5.95565,2.6039542718E-05,-0.000678427750245,5.95565,5.95565
5.95575,2.6032117603E-05,-0.000899170932826,5.95575,5.95575
5.95585,2.6047959182E-05,-0.001058553578332,5.95585,5.95585
5.95595,2.6020537916E-05,-0.00071347085759,5.95595,5.95595
5.95605,2.6045498089E-05,-0.000769483449403,5.95605,5.95605
5.95615,2.6007615816E-05,-0.000416097347625,5.95615,5.95615
5.95625,2.599950858E-05,-0.00038253198727,5.95625,5.95625
5.95635,2.6040104785E-05,-0.000287113507511,5.95635,5.95635
5.95645,2.6045574486E-05,-0.000336581928423,5.95645,5.95645
5.95655,2.6040224839E-05,-0.000314838340273,5.95655,5.95655
5.95665,2.6026436899E-05,-0.000690671731718,5.95665,5.95665
5.95675,2.6001574952E-05,-0.000272547418717,5.95675,5.95675
5.95685,2.6013571187E-05,-0.000179591806955,5.95685,5.95685
5.95695,2.6009625799E-05,-0.000488787074573,5.95695,5.95695
5.95705,2.6010420697E-05,-0.000629311194643,5.95705,5.95705
5.95715,2.6043620892E-05,-0.00056731730001,5.95715,5.95715
5.95725,2.6034129405E-05,-0.000611367460806,5.95725,5.95725
5.95735,2.6019202778E-05,-0.000443399971118,5.95735,5.95735
5.95745,2.6052064641E-05,-0.000525307841599,5.95745,5.95745
5.95755,2.6050658562E-05,-0.000382743077353,5.95755,5.95755
5.95765,2.6058736694E-05,-0.00037134354352,5.95765,5.95765
5.95775,2.6040315788E-05,-0.000235322950175,5.95775,5.95775
5.95785,2.6039338991E-05,-0.000553877092898,5.95785,5.95785
5.95795,2.6013429306E-05,-0.00074267340824,5.95795,5.95795
5.95805,2.5990664653E-05,-0.00063571461942,5.95805,5.95805
5.95815,2.6020270525E-05,-0.000685746024828,5.95815,5.95815
5.95825,2.5996007025E-05,-0.000854487530887,5.95825,5.95825
5.95835,2.598739411E-05,-0.000683212769218,5.95835,5.95835
5.95845,2.6014096875E-05,-0.000647466047667,5.95845,5.95845
5.95855,2.6027702916E-05,-0.000527137424797,5.95855,5.95855
5.95865,2.6046825951E-05,-0.000509615871124,5.95865,5.95865
5.95875,2.6017127311E-05,-0.000572172692046,5.95875,5.95875
5.95885,2.6009753128E-05,-0.000524252362084,5.95885,5.95885
5.95895,2.6010244255E-05,-0.000567598792259,5.95895,5.95895
5.95905,2.6003172025E-05,-0.000263821828412,5.95905,5.95905
5.95915,2.6001209335E-05,-0.000533048296347,5.95915,5.95915
5.95925,2.6015946787E-05,-0.000567880284507,5.95925,5.95925
5.95935,2.6028117645E-05,-0.000549514312297,5.95935,5.95935
5.95945,2.6025642001E-05,-0.00054529227782,5.95945,5.95945
5.95955,2.60496181E-05,-0.000549655058421,5.95955,5.95955
5.95965,2.6025185434E-05,-0.000557465828024,5.95965,5.95965
5.95975,2.6012747185E-05,-0.000602571468335,5.95975,5.95975
5.95985,2.6029467335E-05,-0.000563728564885,5.95985,5.95985
5.95995,2.6037643693E-05,-0.000654502771795,5.95995,5.95995
5.96005,2.6034107577E-05,-0.000574424455408,5.96005,5.96005
5.96015,2.602818131E-05,-0.000504690164234,5.96015,5.96015
5.96025,2.6029543733E-05,-0.000374650815502,5.96025,5.96025
5.96035,2.6019357392E-05,-0.000400264631025,5.96035,5.96035
5.96045,2.6056472052E-05,-0.000237926549744,5.96045,5.96045
5.96055,2.6057450668E-05,-0.000470421131467,5.96055,5.96055
5.96065,2.6044413971E-05,-0.000351992435753,5.96065,5.96065
5.96075,2.602769564E-05,-0.000391116831452,5.96075,5.96075
5.96085,2.6030915251E-05,-0.000247215066338,5.96085,5.96085
5.96095,2.6043368052E-05,-0.000259107211605,5.96095,5.96095
5.96105,2.6038867873E-05,-0.000485761265736,5.96105,5.96105
5.96115,2.6020481528E-05,-0.00037289163447,5.96115,5.96115
5.96125,2.6048801374E-05,-0.000371413916582,5.96125,5.96125
5.96135,2.6063784389E-05,-0.000406034756452,5.96135,5.96135
5.96145,2.6081199394E-05,-0.000416941737058,5.96145,5.96145
5.96155,2.6035864721E-05,-0.000149193001562,5.96155,5.96155
5.96165,2.6064473786E-05,-0.000101554134744,5.96165,5.96165
5.96175,2.6073908884E-05,-0.00028429881786,5.96175,5.96175
5.96185,2.6053274269E-05,-0.000233071186813,5.96185,5.96185
5.96195,2.6051924578E-05,-0.000359169935109,5.96195,5.96195
5.96205,2.6083414923E-05,-0.000414549256675,5.96205,5.96205
5.96215,2.6085412173E-05,-0.000721352000255,5.96215,5.96215
5.96225,2.608243085E-05,-0.000752173014916,5.96225,5.96225
5.96235,2.6056521165E-05,-0.000674839015119,5.96235,5.96235
5.96245,2.6048379368E-05,-0.000683353515342,5.96245,5.96245
5.96255,2.6051635359E-05,-0.000417786155595,5.96255,5.96255
5.96265,2.6029221772E-05,-0.00038408007822,5.96265,5.96265
5.96275,2.6033658287E-05,-0.000626848312095,5.96275,5.96275
5.96285,2.6021993108E-05,-0.000341015111189,5.96285,5.96285
5.96295,2.6049716325E-05,-0.000625792774372,5.96295,5.96295
5.96305,2.6032785172E-05,-0.000248622440267,5.96305,5.96305
5.96315,2.6055811759E-05,-0.00033587825601,5.96315,5.96315
5.96325,2.6049554435E-05,7.726761396E-06,5.96325,5.96325
5.96335,2.605620648E-05,0.000111448614916,5.96335,5.96335
5.96345,2.6045125196E-05,-8.598522982E-06,5.96345,5.96345
5.96355,2.6061134122E-05,-0.000254111102549,5.96355,5.96355
5.96365,2.6072193577E-05,-0.000557184393983,5.96365,5.96365
5.96375,2.6077867005E-05,-0.000410960492445,5.96375,5.96375
5.96385,2.6052261092E-05,-0.000202461276785,5.96385,5.96385
5.96395,2.6051431632E-05,-0.000582516717259,5.96395,5.96395
5.96405,2.6084617275E-05,-0.000530515040737,5.96405,5.96405
5.96415,2.6054967748E-05,-0.000537340703886,5.96415,5.96415
5.96425,2.6066218197E-05,-0.000407934683608,5.96425,5.96425
5.96435,2.6069143132E-05,-0.00053530005971,5.96435,5.96435
5.96445,2.6090185202E-05,-0.000672798370942,5.96445,5.96445
5.96455,2.6063236874E-05,-0.000627833476756,5.96455,5.96455
5.96465,2.6086163416E-05,-0.000680679513607,5.96465,5.96465
5.96475,2.6058785807E-05,-0.000565628521144,5.96475,5.96475
5.96485,2.6051171517E-05,-0.00065408059163,5.96485,5.96485
5.96495,2.6072011678E-05,-0.000530866906047,5.96495,5.96495
5.96505,2.6076968425E-05,-0.000468098995043,5.96505,5.96505
5.96515,2.6081510441E-05,-0.000740210525692,5.96515,5.96515
5.96525,2.6078043447E-05,-0.000744432560168,5.96525,5.96525
5.96535,2.6092358894E-05,-0.000958842691034,5.96535,5.96535
5.96545,2.608464456E-05,-0.001033924869262,5.96545,5.96545
5.96555,2.6102385164E-05,-0.000870812800713,5.96555,5.96555
5.96565,2.6089026505E-05,-0.000664987543132,5.96565,5.96565
5.96575,2.6100127798E-05,-0.000792212202214,5.96575,5.96575
5.96585,2.6087063816E-05,-0.000688771833666,5.96585,5.96585
5.96595,2.6058518415E-05,-0.000935691758059,5.96595,5.96595
5.96605,2.6080588214E-05,-0.000846113776788,5.96605,5.96605
5.96615,2.6076355425E-05,-0.00074386963388,5.96615,5.96615
5.96625,2.6053287002E-05,-0.000619530095719,5.96625,5.96625
5.96635,2.6039908334E-05,-0.000431507825851,5.96635,5.96635
5.96645,2.6062189136E-05,-0.000566332193557,5.96645,5.96645
5.96655,2.6077923394E-05,-0.00048759081983,5.96655,5.96655
5.96665,2.6046776838E-05,-0.000523830123711,5.96665,5.96665
5.96675,2.6056261049E-05,-0.000785808719229,5.96675,5.96675
5.96685,2.6083844205E-05,-0.00085673929425,5.96685,5.96685
5.96695,2.6085375794E-05,-0.000885871471837,5.96695,5.96695
5.96705,2.6052521207E-05,-0.000934354728088,5.96705,5.96705
5.96715,2.6040232115E-05,-0.00089931167895,5.96715,5.96715
5.96725,2.6062371035E-05,-0.000519959896337,5.96725,5.96725
5.96735,2.6073164918E-05,-0.000580827880185,5.96735,5.96735
5.96745,2.6096324291E-05,-0.000362406863132,5.96745,5.96745
5.96755,2.6077761504E-05,-0.000589201634284,5.96755,5.96755
5.96765,2.6055058697E-05,-0.00073486258043,5.96765,5.96765
5.96775,2.6060874006E-05,-0.00067427608883,5.96775,5.96775
5.96785,2.6021325539E-05,-0.000700241711456,5.96785,5.96785
5.96795,2.6058483854E-05,-0.000966020161286,5.96795,5.96795
5.96805,2.6056466595E-05,-0.000695738184731,5.96805,5.96805
5.96815,2.6082690965E-05,-0.000717692892067,5.96815,5.96815
5.96825,2.6091578547E-05,-0.000546981056686,5.96825,5.96825
5.96835,2.6061014069E-05,-0.000569850555621,5.96835,5.96835
5.96845,2.6054152841E-05,-0.00032159363036,5.96845,5.96845
5.96855,2.6038615033E-05,-0.000447410915513,5.96855,5.96855
5.96865,2.6059384254E-05,-0.000356777454726,5.96865,5.96865
5.96875,2.6061688914E-05,-0.000469717459055,5.96875,5.96875
5.96885,2.6068530133E-05,-0.00050046807155,5.96885,5.96885
5.96895,2.6100113246E-05,-0.000667520798743,5.96895,5.96895
5.96905,2.6101315598E-05,-0.000290983734885,5.96905,5.96905
5.96915,2.6093384804E-05,-0.000342563173035,5.96915,5.96915
5.96925,2.6066702048E-05,-0.000497231201734,5.96925,5.96925
5.96935,2.6077628718E-05,-0.000270577118499,5.96935,5.96935
5.96945,2.6085032005E-05,-0.000285002490273,5.96945,5.96945
5.96955,2.6058800358E-05,-0.000290350406431,5.96955,5.96955
5.96965,2.6084926503E-05,-0.000392242713133,5.96965,5.96965
5.96975,2.6124369469E-05,-0.000101131925476,5.96975,5.96975
5.96985,2.6088097002E-05,-0.000155314977746,5.96985,5.96985
5.96995,2.6094763598E-05,-1.702497798E-06,5.96995,5.96995
5.97005,2.6115798391E-05,-1.2679844076E-05,5.97005,5.97005
5.97015,2.6120284019E-05,-0.000112531481136,5.97015,5.97015
5.97025,2.6110687031E-05,-7.191171335E-06,5.97025,5.97025
5.97035,2.6085375794E-05,-0.000200068781851,5.97035,5.97035
5.97045,2.6102314223E-05,-0.000122875513625,5.97045,5.97045
5.97055,2.6115496439E-05,-0.000502438400872,5.97055,5.97055
5.97065,2.6071371394E-05,-0.000501805101521,5.97065,5.97065
5.97075,2.6061590688E-05,-0.000510812154971,5.97075,5.97075
5.97085,2.6075062124E-05,-0.000839851039927,5.97085,5.97085
5.97095,2.6070007152E-05,-0.000442907388788,5.97095,5.97095
5.97105,2.6077959774E-05,-0.000523337570485,5.97105,5.97105
5.97115,2.6067693398E-05,-0.000632477749605,5.97115,5.97115
5.97125,2.6061050448E-05,-0.000603064079769,5.97125,5.97125
5.97135,2.6085692298E-05,-0.00050982699031,5.97135,5.97135
5.97145,2.6060346499E-05,-0.000573861529119,5.97145,5.97145
5.97155,2.6092646294E-05,-0.000432492990512,5.97155,5.97155
5.97165,2.6076573704E-05,-0.000510319543537,5.97165,5.97165
5.97175,2.6060304663E-05,-0.000590820098296,5.97175,5.97175
5.97185,2.6070309104E-05,-0.000551906821784,5.97185,5.97185
5.97195,2.6078163501E-05,-0.000555706676096,5.97195,5.97195
5.97205,2.6081348551E-05,-0.000645284599159,5.97205,5.97205
5.97215,2.6051360692E-05,-0.000460358569399,5.97215,5.97215
5.97225,2.6110315957E-05,-0.000469506339869,5.97225,5.97225
5.97235,2.6065774364E-05,-0.000416238064645,5.97235,5.97235
5.97245,2.6052788598E-05,-0.000793267681729,5.97245,5.97245
5.97255,2.6029558285E-05,-0.000792493636254,5.97255,5.97255
5.97265,2.6071231332E-05,-0.000918170204386,5.97265,5.97265
5.97275,2.6040976081E-05,-0.001033221255057,5.97275,5.97275
5.97285,2.6025452826E-05,-0.000961798126809,5.97285,5.97285
5.97295,2.6053026886E-05,-0.000889671326149,5.97295,5.97295
5.97305,2.6044808692E-05,-0.001010070322081,5.97305,5.97305
5.97315,2.6026007617E-05,-0.001057146233507,5.97315,5.97315
5.97325,2.6057878131E-05,-0.00091612956021,5.97325,5.97325
5.97335,2.6034043913E-05,-0.000785738346167,5.97335,5.97335
5.97345,2.6044985134E-05,-0.000821977679152,5.97345,5.97345
5.97355,2.6067848012E-05,-0.001149961142801,5.97355,5.97355
5.97365,2.6073670597E-05,-0.001026254845783,5.97365,5.97365
5.97375,2.6083238481E-05,-0.000682438723743,5.97375,5.97375
5.97385,2.6082136173E-05,-0.000773212930653,5.97385,5.97385
5.97395,2.6081277611E-05,-0.00060433067847,5.97395,5.97395
5.97405,2.6109928513E-05,-0.000842595414724,5.97405,5.97405
5.97415,2.6109401006E-05,-0.000822751724627,5.97415,5.97415
5.97425,2.6071082175E-05,-0.000268325355137,5.97425,5.97425
5.97435,2.6106468795E-05,-0.000545221904758,5.97435,5.97435
5.97445,2.6079942472E-05,-0.000465917604743,5.97445,5.97445
5.97455,2.6068937586E-05,-0.000689475506078,5.97455,5.97455
5.97465,2.6042735044E-05,-0.00029344658833,5.97465,5.97465
5.97475,2.603640678E-05,-0.000438966817455,5.97475,5.97475
5.97485,2.6074583729E-05,-0.000315612385748,5.97485,5.97485
5.97495,2.6082036129E-05,-0.000586246198509,5.97495,5.97495
5.97505,2.6056719435E-05,-0.000242852285737,5.97505,5.97505
5.97515,2.6064009944E-05,-0.000546910741832,5.97515,5.97515
5.97525,2.6068122679E-05,-0.000782431103289,5.97525,5.97525
5.97535,2.6071862521E-05,-0.000343477964634,5.97535,5.97535
5.97545,2.6067145882E-05,-0.000401812721975,5.97545,5.97545
5.97555,2.6071687898E-05,-0.00072740361793,5.97555,5.97555
5.97565,2.6078801966E-05,-0.000874260847922,5.97565,5.97565
5.97575,2.6089286621E-05,-0.000505534582771,5.97575,5.97575
5.97585,2.6088202503E-05,-0.000628748268355,5.97585,5.97585
5.97595,2.6082205295E-05,-0.000530163233634,5.97595,5.97595
5.97605,2.6075567803E-05,-0.000712415319867,5.97605,5.97605
5.97615,2.6076460927E-05,-0.000503845745698,5.97615,5.97615
5.97625,2.6073599656E-05,-0.000661469181068,5.97625,5.97625
5.97635,2.6062083634E-05,-0.000675401941407,5.97635,5.97635
5.97645,2.6037138014E-05,-0.000707841420081,5.97645,5.97645
5.97655,2.6032532332E-05,-0.000749569444451,5.97655,5.97655
5.97665,2.6024925319E-05,-0.000820570334326,5.97665,5.97665
5.97675,2.6017964046E-05,-0.000817685271613,5.97675,5.97675
5.97685,2.6042445825E-05,-0.000740632705856,5.97685,5.97685
5.97695,2.6017620257E-05,-0.000652673246805,5.97695,5.97695
5.97705,2.6047993742E-05,-0.000750484177843,5.97705,5.97705
5.97715,2.6029298169E-05,-0.000800726644229,5.97715,5.97715
5.97725,2.6019673896E-05,-0.000721774238627,5.97725,5.97725
5.97735,2.6052261092E-05,-0.000754213659093,5.97735,5.97735
5.97745,2.6055600756E-05,-0.000718818802852,5.97745,5.97745
5.97755,2.6037454518E-05,-0.000743377080653,5.97755,5.97755
5.97765,2.6034276743E-05,-0.000824651680887,5.97765,5.97765
5.97775,2.6054236514E-05,-0.000861313194036,5.97775,5.97775
5.97785,2.6037945645E-05,-0.000567246926948,5.97785,5.97785
5.97795,2.6027548301E-05,-0.00064289214788,5.97795,5.97795
5.97805,2.6074296329E-05,-0.000715159636457,5.97805,5.97805
5.97815,2.6047839128E-05,-0.000849209958687,5.97815,5.97815
5.97825,2.6050953238E-05,-0.00086110207485,5.97825,5.97825
5.97835,2.6031631933E-05,-0.000610734161455,5.97835,5.97835
5.97845,2.6019399229E-05,-0.00085110985674,5.97845,5.97845
5.97855,2.6020685254E-05,-0.000951946654823,5.97855,5.97855
5.97865,2.6018999051E-05,-0.000777294277214,5.97865,5.97865
5.97875,2.6030873414E-05,-0.000876653299201,5.97875,5.97875
5.97885,2.6056972274E-05,-0.000764487369452,5.97885,5.97885
5.97895,2.6055740818E-05,-0.000851391348988,5.97895,5.97895
5.97905,2.6034662369E-05,-0.000727544364054,5.97905,5.97905
5.97915,2.606074122E-05,-0.000601234496571,5.97915,5.97915
5.97925,2.6058849471E-05,-0.000465073186206,5.97925,5.97925
5.97935,2.6033158065E-05,-0.000452266278444,5.97935,5.97935
5.97945,2.6056950446E-05,-0.000340241065715,5.97945,5.97945
5.97955,2.6065605198E-05,-0.000599545659497,5.97955,5.97955
5.97965,2.6087878723E-05,-0.000757732079364,5.97965,5.97965
5.97975,2.6045174309E-05,-0.000698975112755,5.97975,5.97975
5.97985,2.6083591365E-05,-0.000428622763138,5.97985,5.97985
5.97995,2.6081066608E-05,-0.000645636464469,5.97995,5.97995
5.98005,2.6071076718E-05,-0.000465776858618,5.98005,5.98005
5.98015,2.6055882699E-05,-0.00050454941811,5.98015,5.98015
5.98025,2.6068046282E-05,-0.000368106615497,5.98025,5.98025
5.98035,2.6060331948E-05,-0.000507504853886,5.98035,5.98035
5.98045,2.6071835237E-05,-6.608885451E-05,5.98045,5.98045
5.98055,2.6095669455E-05,-0.000253759266343,5.98055,5.98055
5.98065,2.6113268177E-05,-0.000577379891183,5.98065,5.98065
5.98075,2.6093188353E-05,-0.000704252684955,5.98075,5.98075
5.98085,2.6074541893E-05,-0.000565769209061,5.98085,5.98085
5.98095,2.6054061891E-05,-0.000697145529557,5.98095,5.98095
5.98105,2.6039928343E-05,-0.000669139262754,5.98105,5.98105
5.98115,2.6055537091E-05,-0.000877216283698,5.98115,5.98115
5.98125,2.6063622499E-05,-0.00054684036877,5.98125,5.98125
5.98135,2.60886045E-05,-0.000901563442312,5.98135,5.98135
5.98145,2.6089566745E-05,-0.000840062159114,5.98145,5.98145
5.98155,2.6031913876E-05,-0.00067765370477,5.98155,5.98155
5.98165,2.6059207812E-05,-0.000331093266141,5.98165,5.98165
5.98175,2.6051635359E-05,-0.000662806152832,5.98175,5.98175
5.98185,2.6055777198E-05,-0.000762094859965,5.98185,5.98185
5.98195,2.6029531E-05,-0.000884253007825,5.98195,5.98195
5.98205,2.6045785489E-05,-0.000798967492301,5.98205,5.98205
5.98215,2.6072159017E-05,-0.000836473423988,5.98215,5.98215
5.98225,2.6034951588E-05,-0.000737958762329,5.98225,5.98225
5.98235,2.6036519557E-05,-0.000541633169632,5.98235,5.98235
5.98245,2.6059882657E-05,-0.000742603035178,5.98245,5.98245
5.98255,2.6043584512E-05,-0.00058195379097,5.98255,5.98255
5.98265,2.6057787181E-05,-0.000713048619218,5.98265,5.98265
5.98275,2.6060663004E-05,-0.000904870743398,5.98275,5.98275
5.98285,2.6032512324E-05,-0.000947091320995,5.98285,5.98285
5.98295,2.6050011002E-05,-0.000666535634082,5.98295,5.98295
5.98305,2.6035528208E-05,-0.00084428419359,5.98305,5.98305
5.98315,2.6060677556E-05,-0.000739154987969,5.98315,5.98315
5.98325,2.6078732844E-05,-0.000831688405015,5.98325,5.98325
5.98335,2.6052339308E-05,-0.000727544364054,5.98335,5.98335
5.98345,2.6045090635E-05,-0.000589623872656,5.98345,5.98345
5.98355,2.6058483854E-05,-0.000786301330663,5.98355,5.98355
5.98365,2.6041321689E-05,-0.00093259557616,5.98365,5.98365
5.98375,2.6015264666E-05,-0.000929780886509,5.98375,5.98375
5.98385,2.6043051548E-05,-0.000833236495964,5.98385,5.98385
5.98395,2.6069079468E-05,-0.001101266709156,5.98395,5.98395
5.98405,2.6037088901E-05,-0.00056112499442,5.98405,5.98405
5.98415,2.6064171834E-05,-0.000347277818946,5.98415,5.98415
5.98425,2.602879249E-05,-0.000287957926048,5.98425,5.98425
5.98435,2.6035970222E-05,-0.000345096428646,5.98435,5.98435
5.98445,2.6040737794E-05,-0.000634659139905,5.98445,5.98445
5.98455,2.6030915251E-05,-0.000912329705898,5.98455,5.98455
5.98465,2.602126915E-05,-0.001036528497934,5.98465,5.98465
5.98475,2.6054778573E-05,-0.000719803909305,5.98475,5.98475
5.98485,2.6059706215E-05,-0.000661820988171,5.98485,5.98485
5.98495,2.6048317523E-05,-0.000507364107762,5.98495,5.98495
5.98505,2.6045314371E-05,-0.00037830992369,5.98505,5.98505
5.98515,2.6018780773E-05,-0.000495049811434,5.98515,5.98515
5.98525,2.6033854738E-05,-0.000395198148908,5.98525,5.98525
5.98535,2.6045427148E-05,-0.000436363217887,5.98535,5.98535
5.98545,2.6032765163E-05,-0.00042137489072,5.98545,5.98545
5.98555,2.6041088859E-05,-0.000366277061403,5.98555,5.98555
5.98565,2.6023793907E-05,-0.000671250279993,5.98565,5.98565
5.98575,2.6030944355E-05,-0.000721774238627,5.98575,5.98575
5.98585,2.6038516808E-05,-0.000527207797859,5.98585,5.98585
5.98595,2.6010406145E-05,-0.000463243632112,5.98595,5.98595
5.98605,2.6042558602E-05,-0.000416308437707,5.98605,5.98605
5.98615,2.6032652386E-05,-0.000612211879343,5.98615,5.98615
5.98625,2.6030014851E-05,-0.000325815693941,5.98625,5.98625
5.98635,2.605465852E-05,-0.000128434563521,5.98635,5.98635
5.98645,2.6063060432E-05,-0.000350866554072,5.98645,5.98645
5.98655,2.6042573154E-05,-0.000768990896177,5.98655,5.98655
5.98665,2.6044372134E-05,-0.000888334354386,5.98665,5.98665
5.98675,2.6076524591E-05,-0.001057849847712,5.98675,5.98675
5.98685,2.6071842512E-05,-0.001137505983934,5.98685,5.98685
5.98695,2.6067413273E-05,-0.000847872986924,5.98695,5.98695
5.98705,2.6069423257E-05,-0.000665761588607,5.98705,5.98705
5.98715,2.609650619E-05,-0.000675190880429,5.98715,5.98715
5.98725,2.609502917E-05,-0.000926895765588,5.98725,5.98725
5.98735,2.6049701773E-05,-0.00073486258043,5.98735,5.98735
5.98745,2.6076622817E-05,-0.000948498665821,5.98745,5.98745
5.98755,2.6092315238E-05,-0.000659780343994,5.98755,5.98755
5.98765,2.6083373086E-05,-0.000449662678875,5.98765,5.98765
5.98775,2.606720227E-05,-0.000304775778204,5.98775,5.98775
5.98785,2.6056768547E-05,-0.000724800047465,5.98785,5.98785
5.98795,2.6041812816E-05,-0.000972353271209,5.98795,5.98795
5.98805,2.6051404348E-05,-0.000915285141673,5.98805,5.98805
5.98815,2.6051038731E-05,-0.000669068889692,5.98815,5.98815
5.98825,2.6082452678E-05,-0.000750202743802,5.98825,5.98825
5.98835,2.6049490771E-05,-0.00075723946793,5.98835,5.98835
5.98845,2.6052275643E-05,-0.000675190880429,5.98845,5.98845
5.98855,2.6069008527E-05,-0.000695597438607,5.98855,5.98855
5.98865,2.6081333999E-05,-0.000624033622444,5.98865,5.98865
5.98875,2.6054334739E-05,-0.000699538039044,5.98875,5.98875
5.98885,2.6057885407E-05,-0.000630296301097,5.98885,5.98885
5.98895,2.605465852E-05,-0.000497864501085,5.98895,5.98895
5.98905,2.606896669E-05,-0.000779264548328,5.98905,5.98905
5.98915,2.6087176593E-05,-0.000889952818397,5.98915,5.98915
5.98925,2.6064853955E-05,-0.00077187595889,5.98925,5.98925
5.98935,2.6050545785E-05,-0.000728599901777,5.98935,5.98935
5.98945,2.6052746762E-05,-0.000486605684273,5.98945,5.98945
5.98955,2.6042060199E-05,-0.000729233201127,5.98955,5.98955
5.98965,2.6050658562E-05,-0.000812478072476,5.98965,5.98965
5.98975,2.6039851946E-05,-0.000810437428299,5.98975,5.98975
5.98985,2.6046911444E-05,-0.000847239687573,5.98985,5.98985
5.98995,2.6046207495E-05,-0.000737677270081,5.98995,5.98995
5.99005,2.6031921152E-05,-0.00111724017188,5.99005,5.99005
5.99015,2.6074752896E-05,-0.000773283303715,5.99015,5.99015
5.99025,2.607490751E-05,-0.00087165721925,5.99025,5.99025
5.99035,2.6049885491E-05,-0.000999163370579,5.99035,5.99035
5.99045,2.6088258892E-05,-0.001098240958527,5.99045,5.99045
5.99055,2.6070429158E-05,-0.001076638000086,5.99055,5.99055
5.99065,2.6058412914E-05,-0.000791156664491,5.99065,5.99065
5.99075,2.6070752938E-05,-0.00062980374787,5.99075,5.99075
5.99085,2.6077741495E-05,-0.00063015561318,5.99085,5.99085
5.99095,2.608419527E-05,-0.000420811964432,5.99095,5.99095
5.99105,2.6086958314E-05,-0.00038795027649,5.99105,5.99105
5.99115,2.607346687E-05,-0.000678287062328,5.99115,5.99115
5.99125,2.6093264751E-05,-0.000781797803938,5.99125,5.99125
5.99135,2.6070505555E-05,-0.000614674703684,5.99135,5.99135
5.99145,2.6074632842E-05,-0.000559717591386,5.99145,5.99145
5.99155,2.6069212254E-05,-0.000430100481026,5.99155,5.99155
5.99165,2.6089061066E-05,-0.000725714780856,5.99165,5.99165
5.99175,2.6074429115E-05,-0.000854346784763,5.99175,5.99175
5.99185,2.6088526283E-05,-0.000601375242695,5.99185,5.99185
5.99195,2.6090643587E-05,-0.000788130855653,5.99195,5.99195
5.99205,2.6079984309E-05,-0.000671109533869,5.99205,5.99205
5.99215,2.6092864573E-05,-0.000759350543376,5.99215,5.99215
5.99225,2.6074028938E-05,-0.000744573306292,5.99225,5.99225
5.99235,2.6084504498E-05,-0.001085645053536,5.99235,5.99235
5.99245,2.6092266125E-05,-0.000548177340534,5.99245,5.99245
5.99255,2.6075702408E-05,-0.000322719512042,5.99255,5.99255
5.99265,2.6056542993E-05,-0.000671179906931,5.99265,5.99265
5.99275,2.6058314688E-05,-0.000555706676096,5.99275,5.99275
5.99285,2.6046045605E-05,-0.000399138749344,5.99285,5.99285
5.99295,2.6062027246E-05,-0.000402516394388,5.99295,5.99295
5.99305,2.6068586521E-05,-0.000613478478044,5.99305,5.99305
5.99315,2.6037390853E-05,-0.000505886389874,5.99315,5.99315
5.99325,2.6049196094E-05,-0.000411312328652,5.99325,5.99325
5.99335,2.6040484954E-05,-0.000469295249786,5.99335,5.99335
5.99345,2.6061907192E-05,-0.000663720944431,5.99345,5.99345
5.99355,2.6093826818E-05,-0.000901000516023,5.99355,5.99355
5.99365,2.6081721444E-05,-0.000878623628523,5.99365,5.99365
5.99375,2.6095978683E-05,-0.00090149306925,5.99375,5.99375
5.99385,2.6080097086E-05,-0.000495894171763,5.99385,5.99385
5.99395,2.6059573429E-05,-0.000434181798482,5.99395,5.99395
5.99405,2.6096478905E-05,-0.000213016421185,5.99405,5.99405
5.99415,2.6063102268E-05,-3.1538362236E-05,5.99415,5.99415
5.99425,2.6076158974E-05,-0.000305338733597,5.99425,5.99425
5.99435,2.6070294552E-05,-0.000347629655153,5.99435,5.99435
5.99445,2.606144335E-05,-0.000346503773471,5.99445,5.99445
5.99455,2.6087978767E-05,-0.000231171259657,5.99455,5.99455
5.99465,2.6037567295E-05,-0.000652039889246,5.99465,5.99465
5.99475,2.6036743293E-05,-0.000575691054109,5.99475,5.99475
5.99485,2.6042649552E-05,-0.000518904416822,5.99485,5.99485
5.99495,2.6061583412E-05,-0.000602078915108,5.99495,5.99495
5.99505,2.607265742E-05,-0.000551343895495,5.99505,5.99505
5.99515,2.6076448194E-05,-0.000342422456015,5.99515,5.99515
5.99525,2.6087500373E-05,-0.000172484680661,5.99525,5.99525
5.99535,2.6092991902E-05,-0.000219771711272,5.99535,5.99535
5.99545,2.6089750463E-05,-0.000328630383592,5.99545,5.99545
5.99555,2.6096906367E-05,-0.000392242713133,5.99555,5.99555
5.99565,2.6068741136E-05,-0.000444314733613,5.99565,5.99565
5.99575,2.6071040338E-05,-0.000616574659944,5.99575,5.99575
5.99585,2.6075238566E-05,-0.000578153936658,5.99585,5.99585
5.99595,2.6077488656E-05,-0.000658302626107,5.99595,5.99595
5.99605,2.6081017495E-05,-0.000704604492057,5.99605,5.99605
5.99615,2.6043655453E-05,-0.000621289247647,5.99615,5.99615
5.99625,2.6056894058E-05,-0.000811000354588,5.99625,5.99625
5.99635,2.6051924578E-05,-0.00078834197484,5.99635,5.99635
5.99645,2.6051860914E-05,-0.000743940006942,5.99645,5.99645
5.99655,2.6083287594E-05,-0.000432985572843,5.99655,5.99655
5.99665,2.6064952181E-05,-0.000529318815097,5.99665,5.99665
5.99675,2.6073312256E-05,-0.00047281361185,5.99675,5.99675
5.99685,2.6090881875E-05,-0.00057076534722,5.99685,5.99685
5.99695,2.60921679E-05,-0.000595323625021,5.99695,5.99695
5.99705,2.6097786758E-05,-0.00064134405693,5.99705,5.99705
5.99715,2.6093461202E-05,-0.000655347190332,5.99715,5.99715
5.99725,2.608946852E-05,-0.000742110481951,5.99725,5.99725
5.99735,2.607739043E-05,-0.000701719429344,5.99735,5.99735
5.99745,2.6091733162E-05,-0.000630718539469,5.99745,5.99745
5.99755,2.6063671612E-05,-0.000410538283177,5.99755,5.99755
5.99765,2.6079091185E-05,-0.000383094913559,5.99765,5.99765
5.99775,2.6051193345E-05,-0.000402446021326,5.99775,5.99775
5.99785,2.6041532692E-05,-0.000186698933248,5.99785,5.99785
5.99795,2.6034578696E-05,-0.000300483341562,5.99795,5.99795
5.99805,2.6073867048E-05,-0.000374791561626,5.99805,5.99805
5.99815,2.6076286304E-05,-0.000203305695322,5.99815,5.99815
5.99825,2.6090803658E-05,-0.000173892025487,5.99825,5.99825
5.99835,2.6062069082E-05,-0.000459725240944,5.99835,5.99835
5.99845,2.6055418857E-05,-0.000663298764266,5.99845,5.99845
5.99855,2.6050123779E-05,-0.000304846151266,5.99855,5.99855
5.99865,2.6059271477E-05,-0.000507152988575,5.99865,5.99865
5.99875,2.6074534617E-05,-0.000586598063819,5.99875,5.99875
5.99885,2.608291652E-05,-0.000581461237743,5.99885,5.99885
5.99895,2.6065788916E-05,-0.000732188636903,5.99895,5.99895
5.99905,2.6081263059E-05,-0.000771172286477,5.99905,5.99905
5.99915,2.6093061024E-05,-0.000666254200041,5.99915,5.99915
5.99925,2.6093905035E-05,-0.00069974915823,5.99925,5.99925
5.99935,2.6064255508E-05,-0.000540366512723,5.99935,5.99935
5.99945,2.6080848329E-05,-0.000608130532783,5.99945,5.99945
5.99955,2.6092049666E-05,-0.000941532256547,5.99955,5.99955
5.99965,2.6079125746E-05,-0.000783838448115,5.99965,5.99965
5.99975,2.6077748771E-05,-0.000739858718589,5.99975,5.99975
5.99985,2.6084673664E-05,-0.000635925738607,5.99985,5.99985
5.99995,2.6075913411E-05,-0.000631281465758,5.99995,5.99995
6.00005,1.4238737094E-05,-9.99116611480713,6.00005,6.00005
6.00015,2.47601776E-07,-9.99777507781982,6.00015,6.00015
6.00025,3.8377472E-08,-9.99840450286865,6.00025,6.00025
6.00035,-6.423162E-09,-9.99851512908936,6.00035,6.00035
6.00045,-5.4795475E-08,-9.99847984313965,6.00045,6.00045
6.00055,-5.1090211E-08,-9.99835968017578,6.00055,6.00055
6.00065,-3.1305373E-08,-9.99869060516357,6.00065,6.00065
6.00075,-3.3112304E-08,-9.99862003326416,6.00075,6.00075
6.00085,-4.1879783E-08,-9.9985179901123,6.00085,6.00085
6.00095,-1.9254481E-08,-9.99851894378662,6.00095,6.00095
6.00105,8.519464245E-06,-0.017991252243519,6.00105,6.00105
6.00115,3.0308608984E-05,-0.001405043643899,6.00115,6.00115
6.00125,3.1619012589E-05,-0.000951946654823,6.00125,6.00125
6.00135,3.190366624E-05,-0.001142853987403,6.00135,6.00135
6.00145,3.1971612771E-05,-0.00103118061088,6.00145,6.00145
6.00155,3.191063297E-05,-0.000673994596582,6.00155,6.00155
6.00165,3.1869916711E-05,-0.000371132424334,6.00165,6.00165
6.00175,3.1811076042E-05,-0.00044297776185,6.00175,6.00175
6.00185,3.1734518416E-05,-0.000479639274999,6.00185,6.00185
6.00195,3.1699313695E-05,-0.000264525500825,6.00195,6.00195
6.00205,1.4436585843E-05,-9.97114562988281,6.00205,6.00205
6.00215,2.17903434E-07,-9.99734497070313,6.00215,6.00215
6.00225,2.3401743E-08,-9.99795150756836,6.00225,6.00225
6.00235,3.539566E-09,-9.99831199645996,6.00235,6.00235
6.00245,-2.64056E-09,-9.99830150604248,6.00245,6.00245
6.00255,-2.9821862E-08,-9.998366355896,6.00255,6.00255
6.00265,-2.9027374E-08,-9.99830627441406,6.00265,6.00265
6.00275,-3.865965E-08,-9.99852085113525,6.00275,6.00275
6.00285,-3.6641794E-08,-9.99845600128174,6.00285,6.00285
6.00295,-3.3379475E-08,-9.99839782714844,6.00295,6.00295
6.00305,9.515075362E-06,-0.038251914083958,6.00305,6.00305
6.00315,3.1922798371E-05,-0.001965240109712,6.00315,6.00315
6.00325,3.3273263398E-05,-0.001373870880343,6.00325,6.00325
6.00335,3.3584998164E-05,-0.001048913225532,6.00335,6.00335
6.00345,3.3636082662E-05,-0.000828310789075,6.00345,6.00345
6.00355,3.3597483707E-05,-0.000985652790405,6.00355,6.00355
6.00365,3.3566189813E-05,-0.000879186554812,6.00365,6.00365
6.00375,3.3472068026E-05,-0.000838302948978,6.00375,6.00375
6.00385,3.3423886634E-05,-0.000882845663,6.00385,6.00385
6.00395,3.3414802601E-05,-0.000646903063171,6.00395,6.00395
6.00405,1.4587707483E-05,-9.95102691650391,6.00405,6.00405
6.00415,2.06098619E-07,-9.99750328063965,6.00415,6.00415
6.00425,5.929428E-08,-9.99795341491699,6.00425,6.00425
6.00435,2.7613227E-08,-9.99826812744141,6.00435,6.00435
6.00445,-3.2296725E-08,-9.9985933303833,6.00445,6.00445
6.00455,-1.4445372E-08,-9.99873352050781,6.00455,6.00455
6.00465,-3.343645E-09,-9.99861145019531,6.00465,6.00465
6.00475,-2.9111744E-08,-9.99882507324219,6.00475,6.00475
6.00485,-7.76528E-08,-9.99863052368164,6.00485,6.00485
6.00495,-7.6731752E-08,-9.99860000610352,6.00495,6.00495
6.00505,1.0130458577E-05,-0.057999528944492,6.00505,6.00505
6.00515,3.2915457268E-05,-0.001255231094547,6.00515,6.00515
6.00525,3.4283730201E-05,-0.001021118019708,6.00525,6.00525
6.00535,3.462938912E-05,-0.001115481019951,6.00535,6.00535
6.00545,3.4691387555E-05,-0.000802767346613,6.00545,6.00545
6.00555,3.4639957448E-05,-0.000776449858677,6.00555,6.00555
6.00565,3.4614920878E-05,-0.000813815044239,6.00565,6.00565
6.00575,3.4566834074E-05,-0.000673994596582,6.00575,6.00575
6.00585,3.4517466702E-05,-0.000678427750245,6.00585,6.00585
6.00595,3.4463635529E-05,-0.000595393998083,6.00595,6.00595
6.00605,1.4661271052E-05,-9.93100738525391,6.00605,6.00605
6.00615,1.71274777E-07,-9.99755477905273,6.00615,6.00615
6.00625,1.7973919E-08,-9.99803638458252,6.00625,6.00625
6.00635,1.3973361E-08,-9.99843311309814,6.00635,6.00635
6.00645,-2.8563337E-08,-9.99853134155273,6.00645,6.00645
6.00655,-5.5034523E-08,-9.9982385635376,6.00655,6.00655
6.00665,-5.0858191E-08,-9.9981632232666,6.00665,6.00665
6.00675,-2.9336732E-08,-9.99845504760742,6.00675,6.00675
6.00685,-3.7246448E-08,-9.9986047744751,6.00685,6.00685
6.00695,-9.6734546E-08,-9.99850177764893,6.00695,6.00695
6.00705,1.0617922271E-05,-0.078053660690784,6.00705,6.00705
6.00715,3.3691445424E-05,-0.001445997622795,6.00715,6.00715
6.00725,3.5138451494E-05,-0.001436286838725,6.00725,6.00725
6.00735,3.550855763E-05,-0.001435090671293,6.00735,6.00735
6.00745,3.5589855543E-05,-0.001181204337627,6.00745,6.00745
6.00755,3.5554410715E-05,-0.001236442942172,6.00755,6.00755
6.00765,3.550170004E-05,-0.000940265657846,6.00765,6.00765
6.00775,3.542887498E-05,-0.000938647193834,6.00775,6.00775
6.00785,3.5405413655E-05,-0.001112525584176,6.00785,6.00785
6.00795,3.5355606087E-05,-0.001066786586307,6.00795,6.00795
6.00805,1.4783945517E-05,-9.91172885894775,6.00805,6.00805
6.00815,1.89681558E-07,-9.99795436859131,6.00815,6.00815
6.00825,2.8808474E-08,-9.99869918823242,6.00825,6.00825
6.00835,-3.090534E-09,-9.99873161315918,6.00835,6.00835
6.00845,-3.2493588E-08,-9.99890804290771,6.00845,6.00845
6.00855,-1.6533537E-08,-9.99869918823242,6.00855,6.00855
6.00865,-7.864488E-09,-9.99883651733398,6.00865,6.00865
6.00875,-2.7993838E-08,-9.99883842468262,6.00875,6.00875
6.00885,-6.1137307E-08,-9.99870014190674,6.00885,6.00885
6.00895,-4.7750554E-08,-9.99882411956787,6.00895,6.00895
6.00905,1.100420468E-05,-0.098602198064327,6.00905,6.00905
6.00915,3.4329812479E-05,-0.002152769826353,6.00915,6.00915
6.00925,3.5825654777E-05,-0.001371830119751,6.00925,6.00925
6.00935,3.6174074921E-05,-0.001114847720601,6.00935,6.00935
6.00945,3.624497549E-05,-0.001289851847105,6.00945,6.00945
6.00955,3.6185127101E-05,-0.000965386861935,6.00955,6.00955
6.00965,3.6172699765E-05,-0.001205410808325,6.00965,6.00965
6.00975,3.6128072679E-05,-0.00099979666993,6.00975,6.00975
6.00985,3.606719838E-05,-0.000970101507846,6.00985,6.00985
6.00995,3.6054269003E-05,-0.000735566252843,6.00995,6.00995
6.01005,1.4907997866E-05,-9.89108276367188,6.01005,6.01005
6.01015,1.97232708E-07,-9.99768257141113,6.01015,6.01015
6.01025,2.8520208E-08,-9.99820423126221,6.01025,6.01025
6.01035,-2.4267482E-08,-9.99797344207764,6.01035,6.01035
6.01045,-6.2191937E-08,-9.99805164337158,6.01045,6.01045
6.01055,-5.7685156E-08,-9.99837207794189,6.01055,6.01055
6.01065,-7.048132E-08,-9.99866390228271,6.01065,6.01065
6.01075,-5.8268718E-08,-9.99839115142822,6.01075,6.01075
6.01085,-7.4903731E-08,-9.99852561950684,6.01085,6.01085
6.01095,-1.0477082E-07,-9.99855804443359,6.01095,6.01095
6.01105,1.1211959645E-05,-0.118652679026127,6.01105,6.01105
6.01115,3.4794586099E-05,-0.001914786640555,6.01115,6.01115
6.01125,3.6329682189E-05,-0.001442760694772,6.01125,6.01125
6.01135,3.6701996578E-05,-0.001376685569994,6.01135,6.01135
6.01145,3.6796594941E-05,-0.001253823633306,6.01145,6.01145
6.01155,3.6822468246E-05,-0.001242705620825,6.01155,6.01155
6.01165,3.6750108848E-05,-0.001240594545379,6.01165,6.01165
6.01175,3.6688517866E-05,-0.001154957222752,6.01175,6.01175
6.01185,3.6660781916E-05,-0.001178108155727,6.01185,6.01185
6.01195,3.6641846236E-05,-0.00098487874493,6.01195,6.01195
6.01205,1.4990750969E-05,-9.87079811096191,6.01205,6.01205
6.01215,1.64954031E-07,-9.99736022949219,6.01215,6.01215
6.01225,4.2202259E-08,-9.99804306030273,6.01225,6.01225
6.01235,-1.614684E-08,-9.99779224395752,6.01235,6.01235
6.01245,-3.5903554E-08,-9.9981517791748,6.01245,6.01245
6.01255,-2.4738551E-08,-9.99834728240967,6.01255,6.01255
6.01265,-3.5080944E-08,-9.99848079681396,6.01265,6.01265
6.01275,-4.3672653E-08,-9.99837017059326,6.01275,6.01275
6.01285,-4.0775941E-08,-9.99834060668945,6.01285,6.01285
6.01295,-6.3569985E-08,-9.99830341339111,6.01295,6.01295
6.01305,1.1499486391E-05,-0.138423651456833,6.01305,6.01305
6.01315,3.527309309E-05,-0.001957570202649,6.01315,6.01315
6.01325,3.681288581E-05,-0.001446349429898,6.01325,6.01325
6.01335,3.7237943616E-05,-0.001151931355707,6.01335,6.01335
6.01345,3.7307723687E-05,-0.000879397673998,6.01345,6.01345
6.01355,3.7299647374E-05,-0.000853361620102,6.01355,6.01355
6.01365,3.7248642911E-05,-0.000824721995741,6.01365,6.01365
6.01375,3.720978566E-05,-0.001160797663033,6.01375,6.01375
6.01385,3.7157737097E-05,-0.001068193931133,6.01385,6.01385
6.01395,3.711397585E-05,-0.001248546177521,6.01395,6.01395
6.01405,1.5075473129E-05,-9.85105514526367,6.01405,6.01405
6.01415,1.65305579E-07,-9.99743938446045,6.01415,6.01415
6.01425,-1.8938092E-08,-9.99780941009521,6.01425,6.01425
6.01435,-7.2534334E-08,-9.99801635742188,6.01435,6.01435
6.01445,-6.3218444E-08,-9.99806499481201,6.01445,6.01445
6.01455,-9.0934087E-08,-9.9981164932251,6.01455,6.01455
6.01465,-8.3593875E-08,-9.9980297088623,6.01465,6.01465
6.01475,-8.9014662E-08,-9.99828147888184,6.01475,6.01475
6.01485,-9.5940059E-08,-9.99812030792236,6.01485,6.01485
6.01495,-8.5977334E-08,-9.99799633026123,6.01495,6.01495
6.01505,1.1670674212E-05,-0.158021941781044,6.01505,6.01505
6.01515,3.5665401811E-05,-0.001982058165595,6.01515,6.01515
6.01525,3.7212725147E-05,-0.001417217310518,6.01525,6.01525
6.01535,3.7637029891E-05,-0.001381963142194,6.01535,6.01535
6.01545,3.7753277866E-05,-0.001284433645196,6.01545,6.01545
6.01555,3.7763198634E-05,-0.001244183280505,6.01555,6.01555
6.01565,3.7716556108E-05,-0.001035965629853,6.01565,6.01565
6.01575,3.7639707443E-05,-0.000964823935647,6.01575,6.01575
6.01585,3.7588120904E-05,-0.001007114886306,6.01585,6.01585
6.01595,3.7548616092E-05,-0.000937310222071,6.01595,6.01595
6.01605,1.5127803636E-05,-9.83084583282471,6.01605,6.01605
6.01615,1.27282689E-07,-9.99749851226807,6.01615,6.01615
6.01625,-1.5935914E-08,-9.99772357940674,6.01625,6.01625
6.01635,-4.4122629E-08,-9.99780178070068,6.01635,6.01635
6.01645,-5.002855E-08,-9.99801635742188,6.01645,6.01645
6.01655,-8.1182286E-08,-9.99823665618896,6.01655,6.01655
6.01665,-1.00418717E-07,-9.99820995330811,6.01665,6.01665
6.01675,-1.03195909E-07,-9.99832916259766,6.01675,6.01675
6.01685,-6.7436957E-08,-9.99862575531006,6.01685,6.01685
6.01695,-8.7692861E-08,-9.99859523773193,6.01695,6.01695
6.01705,1.1855698176E-05,-0.178426086902618,6.01705,6.01705
6.01715,3.6069050111E-05,-0.002023223089054,6.01715,6.01715
6.01725,3.7636593333E-05,-0.001816623844206,6.01725,6.01725
6.01735,3.8054247852E-05,-0.0014370608842,6.01735,6.01735
6.01745,3.8175101508E-05,-0.000979530741461,6.01745,6.01745
6.01755,3.8163027057E-05,-0.000925910659134,6.01755,6.01755
6.01765,3.8142985431E-05,-0.001223565661348,6.01765,6.01765
6.01775,3.8118439988E-05,-0.001164456829429,6.01775,6.01775
6.01785,3.8081230741E-05,-0.001192744588479,6.01785,6.01785
6.01795,3.8039790525E-05,-0.000844917551149,6.01795,6.01795
6.01805,1.532616443E-05,-9.81078052520752,6.01805,6.01805
6.01815,1.71134161E-07,-9.99700546264648,6.01815,6.01815
6.01825,2.4175138E-08,-9.9975757598877,6.01825,6.01825
6.01835,-4.3503913E-08,-9.99812698364258,6.01835,6.01835
6.01845,-5.5540745E-08,-9.99789333343506,6.01845,6.01845
6.01855,-8.1836156E-08,-9.99796676635742,6.01855,6.01855
6.01865,-9.6326758E-08,-9.99801254272461,6.01865,6.01865
6.01875,-1.0032732E-07,-9.99823093414307,6.01875,6.01875
6.01885,-1.02028785E-07,-9.99819183349609,6.01885,6.01885
6.01895,-9.3704251E-08,-9.99848365783691,6.01895,6.01895
6.01905,1.2054791114E-05,-0.198030576109886,6.01905,6.01905
6.01915,3.6436264054E-05,-0.001558796851896,6.01915,6.01915
6.01925,3.802473293E-05,-0.001123221358284,6.01925,6.01925
6.01935,3.8445836253E-05,-0.001304558711126,6.01935,6.01935
6.01945,3.8536254579E-05,-0.000985793420114,6.01945,6.01945
6.01955,3.8519723603E-05,-0.000966372026596,6.01955,6.01955
6.01965,3.8501733798E-05,-0.001033010194078,6.01965,6.01965
6.01975,3.8448284613E-05,-0.000862439046614,6.01975,6.01975
6.01985,3.8410122215E-05,-0.000686308951117,6.01985,6.01985
6.01995,3.8376823795E-05,-0.000793126993813,6.01995,6.01995
6.02005,1.5361474652E-05,-9.7909107208252,6.02005,6.02005
6.02015,1.42420134E-07,-9.99754428863525,6.02015,6.02015
6.02025,-3.5692629E-08,-9.99793338775635,6.02025,6.02025
6.02035,-8.9781025E-08,-9.99776268005371,6.02035,6.02035
6.02045,-6.5004279E-08,-9.99811840057373,6.02045,6.02045
6.02055,-8.534456E-08,-9.99804306030273,6.02055,6.02055
6.02065,-8.9998984E-08,-9.99778652191162,6.02065,6.02065
6.02075,-8.4107128E-08,-9.99835968017578,6.02075,6.02075
6.02085,-7.1149252E-08,-9.99844074249268,6.02085,6.02085
6.02095,-9.9230505E-08,-9.99857997894287,6.02095,6.02095
6.02105,1.2146353583E-05,-0.21848164498806,6.02105,6.02105
6.02115,3.6718152842E-05,-0.001966436393559,6.02115,6.02115
6.02125,3.8341851905E-05,-0.001570548280142,6.02125,6.02125
6.02135,3.8771759137E-05,-0.001261141966097,6.02135,6.02135
6.02145,3.887080311E-05,-0.000958561198786,6.02145,6.02145
6.02155,3.8898942876E-05,-0.00137654482387,6.02155,6.02155
6.02165,3.8818528992E-05,-0.001306177233346,6.02165,6.02165
6.02175,3.8758895244E-05,-0.000994096859358,6.02175,6.02175
6.02185,3.8726087951E-05,-0.000785879092291,6.02185,6.02185
6.02195,3.8692804083E-05,-0.000919296115171,6.02195,6.02195
6.02205,1.5453535525E-05,-9.77122592926025,6.02205,6.02205
6.02215,1.4167486E-07,-9.99760723114014,6.02215,6.02215
6.02225,-2.9357825E-08,-9.99864292144775,6.02225,6.02225
6.02235,-6.6607313E-08,-9.99849605560303,6.02235,6.02235
6.02245,-6.731743E-08,-9.99840450286865,6.02245,6.02245
6.02255,-8.8698279E-08,-9.99864673614502,6.02255,6.02255
6.02265,-8.534456E-08,-9.99864101409912,6.02265,6.02265
6.02275,-5.5217324E-08,-9.99874591827393,6.02275,6.02275
6.02285,-9.324021E-08,-9.99868106842041,6.02285,6.02285
6.02295,-7.6485676E-08,-9.99869537353516,6.02295,6.02295
6.02305,1.2322849216E-05,-0.238117516040802,6.02305,6.02305
6.02315,3.7053487176E-05,-0.001486388617195,6.02315,6.02315
6.02325,3.8661622966E-05,-0.001082267495804,6.02325,6.02325
6.02335,3.9111710066E-05,-0.001109921955504,6.02335,6.02335
6.02345,3.9226531953E-05,-0.001300266361795,6.02345,6.02345
6.02355,3.9202961489E-05,-0.001003737212159,6.02355,6.02355
6.02365,3.9203216147E-05,-0.001159953302704,6.02365,6.02365
6.02375,3.9161550376E-05,-0.000990015571006,6.02375,6.02375
6.02385,3.9087437472E-05,-0.000764628115576,6.02385,6.02385
6.02395,3.9074107917E-05,-0.000700030650478,6.02395,6.02395
6.02405,1.5608489775E-05,-9.75091361999512,6.02405,6.02405
6.02415,1.74333195E-07,-9.99749183654785,6.02415,6.02415
6.02425,1.28266E-09,-9.99806022644043,6.02425,6.02425
6.02435,-5.0323848E-08,-9.99801254272461,6.02435,6.02435
6.02445,-4.7673211E-08,-9.99829292297363,6.02445,6.02445
6.02455,-6.5180053E-08,-9.99840259552002,6.02455,6.02455
6.02465,-7.7505149E-08,-9.99862194061279,6.02465,6.02465
6.02475,-6.5419101E-08,-9.99852085113525,6.02475,6.02475
6.02485,-6.996104E-08,-9.99865818023682,6.02485,6.02485
6.02495,-8.0261245E-08,-9.99851226806641,6.02495,6.02495
6.02505,1.2402748325E-05,-0.257972359657288,6.02505,6.02505
6.02515,3.7332403735E-05,-0.001657733693719,6.02515,6.02515
6.02525,3.8978461816E-05,-0.001278663403355,6.02525,6.02525
6.02535,3.9439277316E-05,-0.00130997702945,6.02535,6.02535
6.02545,3.9555088733E-05,-0.001187678193673,6.02545,6.02545
6.02555,3.9537513658E-05,-0.001152916578576,6.02555,6.02555
6.02565,3.9504382585E-05,-0.001000078045763,6.02565,6.02565
6.02575,3.9465114241E-05,-0.000968975597061,6.02575,6.02575
6.02585,3.9419268433E-05,-0.001178952516057,6.02585,6.02585
6.02595,3.9374535845E-05,-0.000749710132368,6.02595,6.02595
6.02605,1.5666753825E-05,-9.73108196258545,6.02605,6.02605
6.02615,1.23675861E-07,-9.9970178604126,6.02615,6.02615
6.02625,-8.982394E-09,-9.99763679504395,6.02625,6.02625
6.02635,-6.8751731E-08,-9.99822616577148,6.02635,6.02635
6.02645,-8.5745313E-08,-9.99803638458252,6.02645,6.02645
6.02655,-6.930717E-08,-9.99818134307861,6.02655,6.02655
6.02665,-8.8360792E-08,-9.99839878082275,6.02665,6.02665
6.02675,-9.5841628E-08,-9.99822330474854,6.02675,6.02675
6.02685,-9.3985484E-08,-9.99869823455811,6.02685,6.02685
6.02695,-7.0087594E-08,-9.99886322021484,6.02695,6.02695
6.02705,1.2543632693E-05,-0.278533428907394,6.02705,6.02705
6.02715,3.7579538912E-05,-0.002044614870101,6.02715,6.02715
6.02725,3.9244558138E-05,-0.00148934405297,6.02725,6.02725
6.02735,3.9694812585E-05,-0.001364582334645,6.02735,6.02735
6.02745,3.9793645556E-05,-0.001069108722731,6.02745,6.02745
6.02755,3.9805832785E-05,-0.001024073455483,6.02755,6.02755
6.02765,3.9779231884E-05,-0.001468867063522,6.02765,6.02765
6.02775,3.9752732846E-05,-0.001143276225775,6.02775,6.02775
6.02785,3.9705879317E-05,-0.001278382027522,6.02785,6.02785
6.02795,3.9678307076E-05,-0.000869405455887,6.02795,6.02795
6.02805,1.5823366994E-05,-9.71147727966309,6.02805,6.02805
6.02815,1.72167688E-07,-9.99768161773682,6.02815,6.02815
6.02825,7.399508E-09,-9.99795818328857,6.02825,6.02825
6.02835,-1.3355589E-08,-9.99835777282715,6.02835,6.02835
6.02845,-3.2500619E-08,-9.99833297729492,6.02845,6.02845
6.02855,-5.6053995E-08,-9.99828147888184,6.02855,6.02855
6.02865,-5.7614848E-08,-9.99819278717041,6.02865,6.02865
6.02875,-4.159855E-08,-9.9982967376709,6.02875,6.02875
6.02885,-4.5451461E-08,-9.99849987030029,6.02885,6.02885
6.02895,-4.5324906E-08,-9.99867343902588,6.02895,6.02895
6.02905,1.2617850189E-05,-0.298359870910644,6.02905,6.02905
6.02915,3.7811121729E-05,-0.001920556765981,6.02915,6.02915
6.02925,3.9531289076E-05,-0.001110133016482,6.02925,6.02925
6.02935,3.9962196752E-05,-0.000975730887149,6.02935,6.02935
6.02945,4.0079892642E-05,-0.001005355617963,6.02945,6.02945
6.02955,4.0107785026E-05,-0.000886293652002,6.02955,6.02955
6.02965,4.0067745431E-05,-0.000822540605441,6.02965,6.02965
6.02975,4.0032795368E-05,-0.001075512147509,6.02975,6.02975
6.02985,3.9968235797E-05,-0.001011477666907,6.02985,6.02985
6.02995,3.9946273318E-05,-0.001245731371455,6.02995,6.02995
6.03005,1.5899418941E-05,-9.69134521484375,6.03005,6.03005
6.03015,1.65811798E-07,-9.99770927429199,6.03015,6.03015
6.03025,5.339466E-09,-9.99840068817139,6.03025,6.03025
6.03035,-4.0185348E-08,-9.99818420410156,6.03035,6.03035
6.03045,-5.379006E-08,-9.99843215942383,6.03045,6.03045
6.03055,-5.6813331E-08,-9.99862861633301,6.03055,6.03055
6.03065,-7.1746875E-08,-9.99864196777344,6.03065,6.03065
6.03075,-5.7523447E-08,-9.99866104125977,6.03075,6.03075
6.03085,-7.9712841E-08,-9.99856376647949,6.03085,6.03085
6.03095,-1.10852511E-07,-9.99869632720947,6.03095,6.03095
6.03105,1.2662882909E-05,-0.317996293306351,6.03105,6.03105
6.03115,3.8028858398E-05,-0.001532127615064,6.03115,6.03115
6.03125,3.9725178794E-05,-0.001118999323808,6.03125,6.03125
6.03135,4.0183142119E-05,-0.001083041541278,6.03135,6.03135
6.03145,4.0313938371E-05,-0.00104757619556,6.03145,6.03145
6.03155,4.0303053538E-05,-0.001086911768652,6.03155,6.03155
6.03165,4.0281076508E-05,-0.000905644788872,6.03165,6.03165
6.03175,4.0254060877E-05,-0.000772790750489,6.03175,6.03175
6.03185,4.0183487727E-05,-0.000729655381292,6.03185,6.03185
6.03195,4.0151433495E-05,-0.000946809828747,6.03195,6.03195
6.03205,1.5984414858E-05,-9.67166328430176,6.03205,6.03205
6.03215,1.57283367E-07,-9.99814701080322,6.03215,6.03215
6.03225,1.247506E-09,-9.99863529205322,6.03225,6.03225
6.03235,-1.867795E-08,-9.99893379211426,6.03235,6.03235
6.03245,-4.5191321E-08,-9.99911117553711,6.03245,6.03245
6.03255,-7.76528E-08,-9.99904155731201,6.03255,6.03255
6.03265,-8.7235854E-08,-9.99889755249023,6.03265,6.03265
6.03275,-7.2295279E-08,-9.9990119934082,6.03275,6.03275
6.03285,-6.2726279E-08,-9.99882793426514,6.03285,6.03285
6.03295,-5.361429E-08,-9.99905490875244,6.03295,6.03295
6.03305,1.2760675418E-05,-0.338350892066956,6.03305,6.03305
6.03315,3.828291301E-05,-0.00201182346791,6.03315,6.03315
6.03325,3.9991085941E-05,-0.001307514146902,6.03325,6.03325
6.03335,4.0426086343E-05,-0.00150581006892,6.03335,6.03335
6.03345,4.0529728722E-05,-0.001307373400778,6.03345,6.03345
6.03355,4.0523929783E-05,-0.000895160017535,6.03355,6.03355
6.03365,4.0510793042E-05,-0.001044128206559,6.03365,6.03365
6.03375,4.0456761781E-05,-0.001055598142557,6.03375,6.03375
6.03385,4.0452847315E-05,-0.000930414185859,6.03385,6.03385
6.03395,4.0382543375E-05,-0.000927810557187,6.03395,6.03395
6.03405,1.6052263163E-05,-9.65158939361572,6.03405,6.03405
6.03415,1.19422182E-07,-9.99800872802734,6.03415,6.03415
6.03425,-3.3716958E-08,-9.99860858917236,6.03425,6.03425
6.03435,-7.3849101E-08,-9.99858093261719,6.03435,6.03435
6.03445,-5.0401187E-08,-9.99892616271973,6.03445,6.03445
6.03455,-7.5438074E-08,-9.99896144866943,6.03455,6.03455
6.03465,-9.3971423E-08,-9.99883556365967,6.03465,6.03465
6.03475,-6.0743581E-08,-9.99862003326416,6.03475,6.03475
6.03485,-7.0657094E-08,-9.99867153167725,6.03485,6.03485
6.03495,-6.8034581E-08,-9.99890613555908,6.03495,6.03495
6.03505,1.2763444829E-05,-0.358013451099396,6.03505,6.03505
6.03515,3.8420272176E-05,-0.001678773667663,6.03515,6.03515
6.03525,4.0164031816E-05,-0.001035332214087,6.03525,6.03525
6.03535,4.061855725E-05,-0.001073471503332,6.03535,6.03535
6.03545,4.075144534E-05,-0.001027028891258,6.03545,6.03545
6.03555,4.0761304263E-05,-0.000970734807197,6.03555,6.03555
6.03565,4.0739003452E-05,-0.001284715021029,6.03565,6.03565
6.03575,4.0672031901E-05,-0.000804948736914,6.03575,6.03575
6.03585,4.0663344407E-05,-0.000769764941651,6.03585,6.03585
6.03595,4.0605085815E-05,-0.000673783535603,6.03595,6.03595
6.03605,1.617617454E-05,-9.63133239746094,6.03605,6.03605
6.03615,1.36647799E-07,-9.99800300598145,6.03615,6.03615
6.03625,2.154487E-09,-9.99842643737793,6.03625,6.03625
6.03635,-4.2238359E-08,-9.99860095977783,6.03635,6.03635
6.03645,-6.4863663E-08,-9.99832344055176,6.03645,6.03645
6.03655,-6.6389362E-08,-9.99832725524902,6.03655,6.03655
6.03665,-9.0835655E-08,-9.99842166900635,6.03665,6.03665
6.03675,-9.8506327E-08,-9.99839210510254,6.03675,6.03675
6.03685,-8.5035197E-08,-9.99882793426514,6.03685,6.03685
6.03695,-6.3752786E-08,-9.99867820739746,6.03695,6.03695
6.03705,1.2835581401E-05,-0.378472059965134,6.03705,6.03705
6.03715,3.8623446017E-05,-0.001828023348935,6.03715,6.03715
6.03725,4.0393202653E-05,-0.001468163449317,6.03725,6.03725
6.03735,4.0830178477E-05,-0.001123291789554,6.03735,6.03735
6.03745,4.0961127524E-05,-0.000903885578737,6.03745,6.03745
6.03755,4.0981136408E-05,-0.000729162828065,6.03755,6.03755
6.03765,4.0970866394E-05,-0.000632125884295,6.03765,6.03765
6.03775,4.0927450755E-05,-0.000798897119239,6.03775,6.03775
6.03785,4.0888142394E-05,-0.000846535956953,6.03785,6.03785
6.03795,4.0822549636E-05,-0.000651406589895,6.03795,6.03795
6.03805,1.6275576854E-05,-9.61121368408203,6.03805,6.03805
6.03815,1.74213667E-07,-9.99755382537842,6.03815,6.03815
6.03825,-1.3629792E-08,-9.99787330627441,6.03825,6.03825
6.03835,-3.5580136E-08,-9.99805068969727,6.03835,6.03835
6.03845,-1.7763938E-08,-9.99821662902832,6.03845,6.03845
6.03855,-3.7169109E-08,-9.9982967376709,6.03855,6.03855
6.03865,-7.6570046E-08,-9.99839878082275,6.03865,6.03865
6.03875,-5.4008016E-08,-9.99855422973633,6.03875,6.03875
6.03885,-2.931564E-08,-9.99844264984131,6.03885,6.03885
6.03895,-6.0624053E-08,-9.99831962585449,6.03895,6.03895
6.03905,1.2908013559E-05,-0.39787295460701,6.03905,6.03905
6.03915,3.8854519516E-05,-0.001560063567013,6.03915,6.03915
6.03925,4.0605191316E-05,-0.001308569684625,6.03925,6.03925
6.03935,4.1024806706E-05,-0.001071360427886,6.03935,6.03935
6.03945,4.1158196836E-05,-0.001186833716929,6.03945,6.03945
6.03955,4.1189552576E-05,-0.001116817933507,6.03955,6.03955
6.03965,4.1152114136E-05,-0.001070234575309,6.03965,6.03965
6.03975,4.1145442083E-05,-0.000614182150457,6.03975,6.03975
6.03985,4.1103074182E-05,-0.000803963572253,6.03985,6.03985
6.03995,4.1050476284E-05,-0.000545151531696,6.03995,6.03995
6.04005,1.6388254153E-05,-9.59101676940918,6.04005,6.04005
6.04015,1.96663208E-07,-9.99740505218506,6.04015,6.04015
6.04025,2.567271E-08,-9.9979248046875,6.04025,6.04025
6.04035,-4.4115598E-08,-9.99842357635498,6.04035,6.04035
6.04045,-3.3477907E-08,-9.99829387664795,6.04045,6.04045
6.04055,-5.3888492E-08,-9.99839782714844,6.04055,6.04055
6.04065,-5.6447725E-08,-9.99867916107178,6.04065,6.04065
6.04075,-4.6878725E-08,-9.99881267547607,6.04075,6.04075
6.04085,-5.3565074E-08,-9.99881839752197,6.04085,6.04085
6.04095,-3.006091E-08,-9.99859619140625,6.04095,6.04095
6.04105,1.2960801541E-05,-0.41816520690918,6.04105,6.04105
6.04115,3.9070859202E-05,-0.00196552160196,6.04115,6.04115
6.04125,4.0822669689E-05,-0.001738445367664,6.04125,6.04125
6.04135,4.1279301513E-05,-0.001431290758774,6.04135,6.04135
6.04145,4.1403025534E-05,-0.001465137582272,6.04145,6.04145
6.04155,4.1376391891E-05,-0.001231798669323,6.04155,6.04155
6.04165,4.1370323743E-05,-0.000971227360424,6.04165,6.04165
6.04175,4.1360304749E-05,-0.001211884547956,6.04175,6.04175
6.04185,4.1312599933E-05,-0.001198092591949,6.04185,6.04185
6.04195,4.1282197344E-05,-0.001223776722327,6.04195,6.04195
6.04205,1.6533504095E-05,-9.57124137878418,6.04205,6.04205
6.04215,2.16912085E-07,-9.99744415283203,6.04215,6.04215
6.04225,4.6645763E-08,-9.99798202514648,6.04225,6.04225
6.04235,-1.4255539E-08,-9.99806976318359,6.04235,6.04235
6.04245,-3.877991E-09,-9.99832248687744,6.04245,6.04245
6.04255,-2.2017607E-08,-9.99833202362061,6.04255,6.04255
6.04265,-3.390679E-08,-9.99857997894287,6.04265,6.04265
6.04275,-2.2847249E-08,-9.99837779998779,6.04275,6.04275
6.04285,-5.0794913E-08,-9.99874210357666,6.04285,6.04285
6.04295,-8.4718813E-08,-9.99864387512207,6.04295,6.04295
6.04305,1.2994697499E-05,-0.43797355890274,6.04305,6.04305
6.04315,3.9193084376E-05,-0.001786928623915,6.04315,6.04315
6.04325,4.0955044824E-05,-0.001511650625616,6.04325,6.04325
6.04335,4.1453717131E-05,-0.0013391795801,6.04335,6.04335
6.04345,4.1584913561E-05,-0.001290485262871,6.04345,6.04345
6.04355,4.1583843995E-05,-0.001230883877724,6.04355,6.04355
6.04365,4.1541024984E-05,-0.001407436211593,6.04365,6.04365
6.04375,4.1520539526E-05,-0.000984597252682,6.04375,6.04375
6.04385,4.1486615373E-05,-0.00111942156218,6.04385,6.04385
6.04395,4.1407867684E-05,-0.001270711887628,6.04395,6.04395
6.04405,1.6578593204E-05,-9.55167484283447,6.04405,6.04405
6.04415,1.96156989E-07,-9.99799823760986,6.04415,6.04415
6.04425,5.37389E-10,-9.99832439422607,6.04425,6.04425
6.04435,-3.6142605E-08,-9.99855899810791,6.04435,6.04435
6.04445,-6.0588903E-08,-9.99880886077881,6.04445,6.04445
6.04455,-7.4573279E-08,-9.99882888793945,6.04455,6.04455
6.04465,-6.0870136E-08,-9.99878025054932,6.04465,6.04465
6.04475,-7.3912382E-08,-9.9987096786499,6.04475,6.04475
6.04485,-6.165056E-08,-9.99887275695801,6.04485,6.04485
6.04495,-5.7284396E-08,-9.99866485595703,6.04495,6.04495
6.04505,1.3019762264E-05,-0.458387345075607,6.04505,6.04505
6.04515,3.9333674067E-05,-0.002170572755858,6.04515,6.04515
6.04525,4.1142186092E-05,-0.001662166905589,6.04525,6.04525
6.04535,4.1661765863E-05,-0.001670892466791,6.04535,6.04535
6.04545,4.1747563955E-05,-0.001459297141992,6.04545,6.04545
6.04555,4.1767019866E-05,-0.001503136125393,6.04555,6.04555
6.04565,4.178240124E-05,-0.001522839069366,6.04565,6.04565
6.04575,4.1699528083E-05,-0.001275567337871,6.04575,6.04575
6.04585,4.1674858949E-05,-0.001352197607048,6.04585,6.04585
6.04595,4.1629922634E-05,-0.001155027537607,6.04595,6.04595
6.04605,1.6705156668E-05,-9.53167247772217,6.04605,6.04605
6.04615,1.83466284E-07,-9.99800872802734,6.04615,6.04615
6.04625,-1.705455E-09,-9.99843311309814,6.04625,6.04625
6.04635,-3.3611496E-08,-9.99844360351563,6.04635,6.04635
6.04645,-7.9206615E-08,-9.9986572265625,6.04645,6.04645
6.04655,-7.7673889E-08,-9.99863433837891,6.04655,6.04655
6.04665,-9.8970361E-08,-9.99868679046631,6.04665,6.04665
6.04675,-7.4425635E-08,-9.99839305877686,6.04675,6.04675
6.04685,-7.7420779E-08,-9.99815082550049,6.04685,6.04685
6.04695,-5.3923646E-08,-9.99839115142822,6.04695,6.04695
6.04705,1.3051752831E-05,-0.478673338890076,6.04705,6.04705
6.04715,3.9531809307E-05,-0.002398986136541,6.04715,6.04715
6.04725,4.1306102503E-05,-0.002032933756709,6.04725,6.04725
6.04735,4.1767540097E-05,-0.001789180445485,6.04735,6.04735
6.04745,4.1887127736E-05,-0.001671033212915,6.04745,6.04745
6.04755,4.1895949835E-05,-0.001578640541993,6.04755,6.04755
6.04765,4.187175E-05,-0.001388788805343,6.04765,6.04765
6.04775,4.1881321522E-05,-0.001261986326426,6.04775,6.04775
6.04785,4.1847444663E-05,-0.001033221255057,6.04785,6.04785
6.04795,4.1797189624E-05,-0.000995926442556,6.04795,6.04795
6.04805,1.6823696569E-05,-9.51169395446777,6.04805,6.04805
6.04815,1.74523038E-07,-9.99791145324707,6.04815,6.04815
6.04825,1.2370325E-08,-9.99829196929932,6.04825,6.04825
6.04835,-3.1973304E-08,-9.99855518341064,6.04835,6.04835
6.04845,-3.5193437E-08,-9.99821472167969,6.04845,6.04845
6.04855,-4.5163198E-08,-9.9984827041626,6.04855,6.04855
6.04865,-7.0178992E-08,-9.99869060516357,6.04865,6.04865
6.04875,-6.5447225E-08,-9.99892616271973,6.04875,6.04875
6.04885,-4.3011752E-08,-9.99881362915039,6.04885,6.04885
6.04895,-1.5225798E-08,-9.99924278259277,6.04895,6.04895
6.04905,1.3089712411E-05,-0.498212933540344,6.04905,6.04905
6.04915,3.9677372115E-05,-0.001844207872637,6.04915,6.04915
6.04925,4.1499697545E-05,-0.001503487932496,6.04925,6.04925
6.04935,4.1963630792E-05,-0.001215684460476,6.04935,6.04935
6.04945,4.2070329073E-05,-0.001107740565203,6.04945,6.04945
6.04955,4.2106734327E-05,-0.001123925088905,6.04955,6.04955
6.04965,4.2055628001E-05,-0.000928303168621,6.04965,6.04965
6.04975,4.202650598E-05,-0.000810226309113,6.04975,6.04975
6.04985,4.1987739678E-05,-0.000740562391002,6.04985,6.04985
6.04995,4.1965155106E-05,-0.000687434803694,6.04995,6.04995
6.05005,1.6891704945E-05,-9.49152183532715,6.05005,6.05005
6.05015,1.81870277E-07,-9.99794101715088,6.05015,6.05015
6.05025,-1.4740668E-08,-9.99857711791992,6.05025,6.05025
6.05035,-4.8601287E-08,-9.99862384796143,6.05035,6.05035
6.05045,-4.9810595E-08,-9.99845600128174,6.05045,6.05045
6.05055,-6.6438574E-08,-9.99875164031982,6.05055,6.05055
6.05065,-6.1756026E-08,-9.9988489151001,6.05065,6.05065
6.05075,-6.5904231E-08,-9.99878978729248,6.05075,6.05075
6.05085,-5.9189759E-08,-9.99921321868896,6.05085,6.05085
6.05095,-5.7200026E-08,-9.99903392791748,6.05095,6.05095
6.05105,1.3091097571E-05,-0.518035709857941,6.05105,6.05105
6.05115,3.9827780711E-05,-0.001595951034687,6.05115,6.05115
6.05125,4.1615145165E-05,-0.001136169070378,6.05125,6.05125
6.05135,4.2091593059E-05,-0.001045254059136,6.05135,6.05135
6.05145,4.2219580791E-05,-0.000801148882601,6.05145,6.05145
6.05155,4.2245432269E-05,-0.000483509502374,6.05155,6.05155
6.05165,4.22809062E-05,-0.000407864310546,6.05165,6.05165
6.05175,4.2235013098E-05,-0.000483650248498,6.05175,6.05175
6.05185,4.2196752474E-05,-0.000882916036062,6.05185,6.05185
6.05195,4.2150397348E-05,-0.000908107613213,6.05195,6.05195
6.05205,1.701264955E-05,-9.47144985198975,6.05205,6.05205
6.05215,1.89934681E-07,-9.99765300750732,6.05215,6.05215
6.05225,3.0692743E-08,-9.99808502197266,6.05225,6.05225
6.05235,2.599613E-08,-9.99829006195068,6.05235,6.05235
6.05245,-6.43795E-10,-9.9981575012207,6.05245,6.05245
6.05255,-3.2317818E-08,-9.99827003479004,6.05255,6.05255
6.05265,-6.837206E-08,-9.99829769134521,6.05265,6.05265
6.05275,-6.3063766E-08,-9.99848747253418,6.05275,6.05275
6.05285,-5.9646766E-08,-9.99840927124023,6.05285,6.05285
6.05295,-5.9485057E-08,-9.9985408782959,6.05295,6.05295
6.05305,1.3155275155E-05,-0.537730872631073,6.05305,6.05305
6.05315,4.0015012928E-05,-0.001630642218515,6.05315,6.05315
6.05325,4.1794297431E-05,-0.00120991433505,6.05325,6.05325
6.05335,4.2277395551E-05,-0.001113229198381,6.05335,6.05335
6.05345,4.2429015593E-05,-0.000833166122902,6.05345,6.05345
6.05355,4.2435567593E-05,-0.0007924233214,6.05355,6.05355
6.05365,4.242963405E-05,-0.000589483126532,6.05365,6.05365
6.05375,4.2373030738E-05,-0.000542899768334,6.05375,6.05375
6.05385,4.2359341023E-05,-0.000570202362724,6.05385,6.05385
6.05395,4.2315503379E-05,-0.000719029863831,6.05395,6.05395
6.05405,1.7085420041E-05,-9.45104789733887,6.05405,6.05405
6.05415,1.65087613E-07,-9.99755191802979,6.05415,6.05415
6.05425,1.0507147E-08,-9.99798202514648,6.05425,6.05425
6.05435,-5.5393095E-08,-9.99792098999023,6.05435,6.05435
6.05445,-7.7666861E-08,-9.99805450439453,6.05445,6.05445
6.05455,-6.8604081E-08,-9.99807929992676,6.05455,6.05455
6.05465,-8.5442991E-08,-9.99803638458252,6.05465,6.05465
6.05475,-7.9002724E-08,-9.99808311462402,6.05475,6.05475
6.05485,-7.8116834E-08,-9.9980640411377,6.05485,6.05485
6.05495,-7.3476464E-08,-9.99818325042725,6.05495,6.05495
6.05505,1.3107451196E-05,-0.557775318622589,6.05505,6.05505
6.05515,4.0086961235E-05,-0.001316591631621,6.05515,6.05515
6.05525,4.1945793782E-05,-0.001079593552276,6.05525,6.05525
6.05535,4.2433613999E-05,-0.000799671164714,6.05535,6.05535
6.05545,4.2562471208E-05,-0.000606019515544,6.05545,6.05545
6.05555,4.2576502892E-05,-0.000463314005174,6.05555,6.05555
6.05565,4.259101479E-05,-0.000316738267429,6.05565,6.05565
6.05575,4.2533931264E-05,-0.000555988110136,6.05575,6.05575
6.05585,4.2482352001E-05,-0.000366558524547,6.05585,6.05585
6.05595,4.2476862291E-05,-0.000470491504529,6.05595,6.05595
6.05605,1.7203341486E-05,-9.43118476867676,6.05605,6.05605
6.05615,1.95404681E-07,-9.99728012084961,6.05615,6.05615
6.05625,1.1252419E-08,-9.99796485900879,6.05625,6.05625
6.05635,-5.3051821E-08,-9.99807643890381,6.05635,6.05635
6.05645,-5.9970183E-08,-9.99839115142822,6.05645,6.05645
6.05655,-7.2724163E-08,-9.99821662902832,6.05655,6.05655
6.05665,-7.3483498E-08,-9.99851036071777,6.05665,6.05665
6.05675,-7.7554361E-08,-9.99845504760742,6.05675,6.05675
6.05685,-9.0125539E-08,-9.99819850921631,6.05685,6.05685
6.05695,-1.11914176E-07,-9.99844932556152,6.05695,6.05695
6.05705,1.311934011E-05,-0.578003764152527,6.05705,6.05705
6.05715,4.0206708945E-05,-0.001658437424339,6.05715,6.05715
6.05725,4.2052884965E-05,-0.001221454585902,6.05725,6.05725
6.05735,4.2549982027E-05,-0.001228843233548,6.05735,6.05735
6.05745,4.2699277401E-05,-0.00101928843651,6.05745,6.05745
6.05755,4.2724735977E-05,-0.000989945139736,6.05755,6.05755
6.05765,4.2700499762E-05,-0.00091422960395,6.05765,6.05765
6.05775,4.2672349082E-05,-0.000977771589532,6.05775,6.05775
6.05785,4.2635532736E-05,-0.000755339569878,6.05785,6.05785
6.05795,4.25944163E-05,-0.000702563847881,6.05795,6.05795
6.05805,1.7280448446E-05,-9.4109525680542,6.05805,6.05805
6.05815,1.76217469E-07,-9.99747276306152,6.05815,6.05815
6.05825,-1.0311227E-08,-9.99785804748535,6.05825,6.05825
6.05835,-5.5111862E-08,-9.99807548522949,6.05835,6.05835
6.05845,-6.3084855E-08,-9.99842357635498,6.05845,6.05845
6.05855,-7.4629526E-08,-9.99832820892334,6.05855,6.05855
6.05865,-8.2349409E-08,-9.99814605712891,6.05865,6.05865
6.05875,-9.5708046E-08,-9.99804973602295,6.05875,6.05875
6.05885,-6.2445046E-08,-9.99803829193115,6.05885,6.05885
6.05895,-8.6321847E-08,-9.998291015625,6.05895,6.05895
6.05905,1.3135637346E-05,-0.597903847694397,6.05905,6.05905
6.05915,4.034639278E-05,-0.001465278328396,6.05915,6.05915
6.05925,4.2195901187E-05,-0.0012211027788,6.05925,6.05925
6.05935,4.2725921958E-05,-0.001087545068003,6.05935,6.05935
6.05945,4.2836370994E-05,-0.001008240738884,6.05945,6.05945
6.05955,4.2867719458E-05,-0.000702986086253,6.05955,6.05955
6.05965,4.2854138883E-05,-0.000501101429109,6.05965,6.05965
6.05975,4.282467853E-05,-0.000625792774372,6.05975,6.05975
6.05985,4.2769614083E-05,-0.000400123884901,6.05985,6.05985
6.05995,4.2776362534E-05,-0.000506167882122,6.05995,6.05995
6.06005,1.7383521481E-05,-9.391188621521,6.06005,6.06005
6.06015,1.61192517E-07,-9.99738693237305,6.06015,6.06015
6.06025,1.3671034E-08,-9.99784660339355,6.06025,6.06025
6.06035,3.764553E-09,-9.9981632232666,6.06035,6.06035
6.06045,-5.3825215E-08,-9.99853324890137,6.06045,6.06045
6.06055,-4.1711044E-08,-9.99855804443359,6.06055,6.06055
6.06065,-7.0101656E-08,-9.99878025054932,6.06065,6.06065
6.06075,-5.8268718E-08,-9.99876976013184,6.06075,6.06075
6.06085,-6.8386122E-08,-9.99864482879639,6.06085,6.06085
6.06095,-9.3999546E-08,-9.9987964630127,6.06095,6.06095
6.06105,1.3162650248E-05,-0.618280291557312,6.06105,6.06105
6.06115,4.0507300582E-05,-0.002005983144045,6.06115,6.06115
6.06125,4.2346335249E-05,-0.001533183036372,6.06125,6.06125
6.06135,4.2875217332E-05,-0.001257130992599,6.06135,6.06135
6.06145,4.3021991587E-05,-0.001147990813479,6.06145,6.06145
6.06155,4.3046409701E-05,-0.001247772132047,6.06155,6.06155
6.06165,4.301295121E-05,-0.00102146982681,6.06165,6.06165
6.06175,4.2961990403E-05,-0.000929569767322,6.06175,6.06175
6.06185,4.2961310101E-05,-0.00093442510115,6.06185,6.06185
6.06195,4.2940559069E-05,-0.001049053971656,6.06195,6.06195
6.06205,1.7512411432E-05,-9.37179946899414,6.06205,6.06205
6.06215,2.12651386E-07,-9.99792671203613,6.06215,6.06215
6.06225,3.1163811E-08,-9.99834156036377,6.06225,6.06225
6.06235,-4.2097742E-08,-9.99836158752441,6.06235,6.06235
6.06245,-5.2974482E-08,-9.9986572265625,6.06245,6.06245
6.06255,-4.9662948E-08,-9.99890327453613,6.06255,6.06255
6.06265,-4.2139927E-08,-9.99853134155273,6.06265,6.06265
6.06275,-7.0214149E-08,-9.99872589111328,6.06275,6.06275
6.06285,-7.3307724E-08,-9.99848461151123,6.06285,6.06285
6.06295,-6.9658711E-08,-9.99870204925537,6.06295,6.06295
6.06305,1.3169723388E-05,-0.638022422790527,6.06305,6.06305
6.06315,4.0644274122E-05,-0.001661674352363,6.06315,6.06315
6.06325,4.2495663365E-05,-0.001255653216504,6.06325,6.06325
6.06335,4.302529851E-05,-0.001193659380078,6.06335,6.06335
6.06345,4.3135394662E-05,-0.001090359757654,6.06345,6.06345
6.06355,4.3178730266E-05,-0.001246435102075,6.06355,6.06355
6.06365,4.3156655011E-05,-0.001118295709603,6.06365,6.06365
6.06375,4.3084812205E-05,-0.000930273439735,6.06375,6.06375
6.06385,4.3075193389E-05,-0.000677020405419,6.06385,6.06385
6.06395,4.3050178647E-05,-0.000827888550702,6.06395,6.06395
6.06405,1.7614231183E-05,-9.35139179229736,6.06405,6.06405
6.06415,1.78129866E-07,-9.99772834777832,6.06415,6.06415
6.06425,4.460608E-09,-9.9982852935791,6.06425,6.06425
6.06435,-1.7292869E-08,-9.99840354919434,6.06435,6.06435
6.06445,-7.695747E-09,-9.99857234954834,6.06445,6.06445
6.06455,-3.2634205E-08,-9.99868869781494,6.06455,6.06455
6.06465,-3.8828393E-08,-9.99860191345215,6.06465,6.06465
6.06475,-5.1659711E-08,-9.99892807006836,6.06475,6.06475
6.06485,-5.8275749E-08,-9.99874210357666,6.06485,6.06485
6.06495,-5.7910142E-08,-9.99881553649902,6.06495,6.06495
6.06505,1.3181338545E-05,-0.658448278903961,6.06505,6.06505
6.06515,4.0744231228E-05,-0.001984450500458,6.06515,6.06515
6.06525,4.2621282773E-05,-0.001473933574744,6.06525,6.06525
6.06535,4.3111587729E-05,-0.001305754994974,6.06535,6.06535
6.06545,4.3258110964E-05,-0.001177685917355,6.06545,6.06545
6.06555,4.3288357119E-05,-0.001022243872285,6.06555,6.06555
6.06565,4.327420902E-05,-0.001027591875754,6.06565,6.06565
6.06575,4.325050395E-05,-0.000925066240598,6.06575,6.06575
6.06585,4.3195224862E-05,-0.000991704408079,6.06585,6.06585
6.06595,4.3201489461E-05,-0.001014151610434,6.06595,6.06595
6.06605,1.7701786419E-05,-9.33119487762451,6.06605,6.06605
6.06615,1.84127188E-07,-9.99766159057617,6.06615,6.06615
6.06625,4.453578E-09,-9.99815654754639,6.06625,6.06625
6.06635,-5.142066E-08,-9.99830341339111,6.06635,6.06635
6.06645,-4.4277307E-08,-9.99856758117676,6.06645,6.06645
6.06655,-3.5291869E-08,-9.99851131439209,6.06655,6.06655
6.06665,-6.4856636E-08,-9.99866008758545,6.06665,6.06665
6.06675,-7.5318553E-08,-9.99861526489258,6.06675,6.06675
6.06685,-8.7137423E-08,-9.99858474731445,6.06685,6.06685
6.06695,-1.11513415E-07,-9.99853897094727,6.06695,6.06695
6.06705,1.3123825738E-05,-0.678632199764252,6.06705,6.06705
6.06715,4.0845301555E-05,-0.002510096644983,6.06715,6.06715
6.06725,4.2749525164E-05,-0.001459648949094,6.06725,6.06725
6.06735,4.324191832E-05,-0.001373800449073,6.06735,6.06735
6.06745,4.3372521759E-05,-0.001421861583367,6.06745,6.06745
6.06755,4.3383006414E-05,-0.001424465095624,6.06755,6.06755
6.06765,4.3356492824E-05,-0.0014094064245,6.06765,6.06765
6.06775,4.3361764256E-05,-0.001205903361551,6.06775,6.06775
6.06785,4.333936522E-05,-0.001351564307697,6.06785,6.06785
6.06795,4.3307656597E-05,-0.001470344839618,6.06795,6.06795
6.06805,1.782470099E-05,-9.31174945831299,6.06805,6.06805
6.06815,1.90384654E-07,-9.99787330627441,6.06815,6.06815
6.06825,1.4648323E-08,-9.99836826324463,6.06825,6.06825
6.06835,-3.4933297E-08,-9.99847507476807,6.06835,6.06835
6.06845,-6.8224416E-08,-9.99858665466309,6.06845,6.06845
6.06855,-7.2745259E-08,-9.99857521057129,6.06855,6.06855
6.06865,-7.6787998E-08,-9.99851989746094,6.06865,6.06865
6.06875,-8.3994628E-08,-9.99856853485107,6.06875,6.06875
6.06885,-7.5065444E-08,-9.99883460998535,6.06885,6.06885
6.06895,-7.3806916E-08,-9.9987907409668,6.06895,6.06895
6.06905,1.3116921764E-05,-0.698439061641693,6.06905,6.06905
6.06915,4.0964707296E-05,-0.002079517114908,6.06915,6.06915
6.06925,4.2863775889E-05,-0.001606435747817,6.06925,6.06925
6.06935,4.3394240492E-05,-0.001019006944261,6.06935,6.06935
6.06945,4.3507043301E-05,-0.000915636948775,6.06945,6.06945
6.06955,4.3492131226E-05,-0.000727122125681,6.06955,6.06955
6.06965,4.352272299E-05,-0.00094969489146,6.06965,6.06965
6.06975,4.3512191041E-05,-0.000981430639513,6.06975,6.06975
6.06985,4.3436502892E-05,-0.000720085401554,6.06985,6.06985
6.06995,4.339815132E-05,-0.000636277545709,6.06995,6.06995
6.07005,1.7890080926E-05,-9.29124450683594,6.07005,6.07005
6.07015,1.5836612E-07,-9.99743747711182,6.07015,6.07015
6.07025,-1.3742286E-08,-9.99815559387207,6.07025,6.07025
6.07035,-5.9056173E-08,-9.99819946289063,6.07035,6.07035
6.07045,-5.3248684E-08,-9.99840068817139,6.07045,6.07045
6.07055,-8.5365649E-08,-9.99833297729492,6.07055,6.07055
6.07065,-9.4126101E-08,-9.99846839904785,6.07065,6.07065
6.07075,-9.4519827E-08,-9.99836254119873,6.07075,6.07075
6.07085,-8.6399183E-08,-9.99850749969482,6.07085,6.07085
6.07095,-1.08469052E-07,-9.99864387512207,6.07095,6.07095
6.07105,1.3105025573E-05,-0.718262672424316,6.07105,6.07105
6.07115,4.1077481001E-05,-0.001931534148753,6.07115,6.07115
6.07125,4.2975989345E-05,-0.001525301951915,6.07125,6.07125
6.07135,4.3524578359E-05,-0.001323135802522,6.07135,6.07135
6.07145,4.3662406824E-05,-0.001162838423625,6.07145,6.07145
6.07155,4.36920418E-05,-0.000930414185859,6.07155,6.07155
6.07165,4.3647120037E-05,-0.000862016866449,6.07165,6.07165
6.07175,4.3642372475E-05,-0.001029773266055,6.07175,6.07175
6.07185,4.3598887714E-05,-0.001102322246879,6.07185,6.07185
6.07195,4.3519125029E-05,-0.000848787720315,6.07195,6.07195
6.07205,1.8005330276E-05,-9.27139472961426,6.07205,6.07205
6.07215,1.82650709E-07,-9.9976282119751,6.07215,6.07215
6.07225,1.127981E-09,-9.99787044525146,6.07225,6.07225
6.07235,-6.1383389E-08,-9.99793720245361,6.07235,6.07235
6.07245,-5.6960978E-08,-9.99857711791992,6.07245,6.07245
6.07255,-8.0444046E-08,-9.99837303161621,6.07255,6.07255
6.07265,-7.3314759E-08,-9.99853801727295,6.07265,6.07265
6.07275,-7.7898875E-08,-9.99826335906982,6.07275,6.07275
6.07285,-6.5988601E-08,-9.99822521209717,6.07285,6.07285
6.07295,-8.383995E-08,-9.99821281433105,6.07295,6.07295
6.07305,1.3082618352E-05,-0.737933337688446,6.07305,6.07305
6.07315,4.116004493E-05,-0.001633316162042,6.07315,6.07315
6.07325,4.3093721615E-05,-0.001408139825799,6.07325,6.07325
6.07335,4.3612570153E-05,-0.001370352460071,6.07335,6.07335
6.07345,4.3786920287E-05,-0.000935551011935,6.07345,6.07345
6.07355,4.380221435E-05,-0.001054683350958,6.07355,6.07355
6.07365,4.3776650273E-05,-0.001100633409806,6.07365,6.07365
6.07375,4.3742395064E-05,-0.000761954113841,6.07375,6.07375
6.07385,4.3694577471E-05,-0.000932243710849,6.07385,6.07385
6.07395,4.3708634621E-05,-0.000759209797252,6.07395,6.07395
6.07405,1.8103770344E-05,-9.25134944915771,6.07405,6.07405
6.07415,1.73594955E-07,-9.99770450592041,6.07415,6.07415
6.07425,-1.1288516E-08,-9.99820899963379,6.07425,6.07425
6.07435,-6.0617026E-08,-9.99809837341309,6.07435,6.07435
6.07445,-6.6283896E-08,-9.99809551239014,6.07445,6.07445
6.07455,-6.4603519E-08,-9.99807643890381,6.07455,6.07455
6.07465,-7.2175759E-08,-9.99833202362061,6.07465,6.07465
6.07475,-7.5431046E-08,-9.99825191497803,6.07475,6.07475
6.07485,-6.5587841E-08,-9.99824905395508,6.07485,6.07485
6.07495,-7.2963211E-08,-9.99852085113525,6.07495,6.07495
6.07505,1.310072912E-05,-0.758045315742493,6.07505,6.07505
6.07515,4.1274477553E-05,-0.002257969463244,6.07515,6.07515
6.07525,4.3199670472E-05,-0.001480618491769,6.07525,6.07525
6.07535,4.3708634621E-05,-0.001307092024945,6.07535,6.07535
6.07545,4.3869105866E-05,-0.001218569464982,6.07545,6.07545
6.07555,4.3885156629E-05,-0.000867294438649,6.07555,6.07555
6.07565,4.3851599912E-05,-0.000920070160646,6.07565,6.07565
6.07575,4.3873584218E-05,-0.000940476718824,6.07575,6.07575
6.07585,4.3852069211E-05,-0.000812759506516,6.07585,6.07585
6.07595,4.3803247536E-05,-0.000952579954173,6.07595,6.07595
6.07605,1.8175265723E-05,-9.23125267028809,6.07605,6.07605
6.07615,1.39994484E-07,-9.99763202667236,6.07615,6.07615
6.07625,-3.6915999E-08,-9.99800586700439,6.07625,6.07625
6.07635,-6.982745E-08,-9.99846458435059,6.07635,6.07635
6.07645,-5.412754E-08,-9.9984884262085,6.07645,6.07645
6.07655,-4.3004722E-08,-9.9983491897583,6.07655,6.07655
6.07665,-1.05881696E-07,-9.99867630004883,6.07665,6.07665
6.07675,-7.75403E-08,-9.99879932403564,6.07675,6.07675
6.07685,-7.6239594E-08,-9.99872207641602,6.07685,6.07685
6.07695,-7.4833423E-08,-9.99894523620605,6.07695,6.07695
6.07705,1.3097284864E-05,-0.77842253446579,6.07705,6.07705
6.07715,4.1356255679E-05,-0.002016467740759,6.07715,6.07715
6.07725,4.3305695726E-05,-0.001733871526085,6.07725,6.07725
6.07735,4.3779280531E-05,-0.001488077454269,6.07735,6.07735
6.07745,4.3962143536E-05,-0.001272963709198,6.07745,6.07745
6.07755,4.4000000344E-05,-0.00102154025808,6.07755,6.07755
6.07765,4.3960666517E-05,-0.000916270306334,6.07765,6.07765
6.07775,4.3937790906E-05,-0.00118437083438,6.07775,6.07775
6.07785,4.3916577852E-05,-0.000955957628321,6.07785,6.07785
6.07795,4.3887434003E-05,-0.000921758939512,6.07795,6.07795
6.07805,1.8256494513E-05,-9.21121120452881,6.07805,6.07805
6.07815,1.4478249E-07,-9.99738121032715,6.07815,6.07815
6.07825,-4.9072355E-08,-9.99770545959473,6.07825,6.07825
6.07835,-8.4782087E-08,-9.99794673919678,6.07835,6.07835
6.07845,-1.28767141E-07,-9.99814891815186,6.07845,6.07845
6.07855,-1.02127217E-07,-9.99837017059326,6.07855,6.07855
6.07865,-1.23304162E-07,-9.99838542938232,6.07865,6.07865
6.07875,-1.09889285E-07,-9.99808502197266,6.07875,6.07875
6.07885,-1.18881758E-07,-9.99833488464355,6.07885,6.07885
6.07895,-9.6924381E-08,-9.9985466003418,6.07895,6.07895
6.07905,1.3026420675E-05,-0.797773361206055,6.07905,6.07905
6.07915,4.1430717829E-05,-0.001514324569143,6.07915,6.07915
6.07925,4.3359086703E-05,-0.001509891357273,6.07925,6.07925
6.07935,4.3923610065E-05,-0.001292103668675,6.07935,6.07935
6.07945,4.4111162424E-05,-0.001147920498624,6.07945,6.07945
6.07955,4.4135926146E-05,-0.000844636058901,6.07955,6.07955
6.07965,4.4120319217E-05,-0.000889178772923,6.07965,6.07965
6.07975,4.4102445827E-05,-0.000989171094261,6.07975,6.07975
6.07985,4.4049389544E-05,-0.000830843986478,6.07985,6.07985
6.07995,4.4016302127E-05,-0.000865113048349,6.07995,6.07995
6.08005,1.8404613002E-05,-9.19120311737061,6.08005,6.08005
6.08015,1.35206463E-07,-9.99746990203857,6.08015,6.08015
6.08025,-3.7865163E-08,-9.99784564971924,6.08025,6.08025
6.08035,-7.5255272E-08,-9.99777126312256,6.08035,6.08035
6.08045,-1.11829806E-07,-9.99823570251465,6.08045,6.08045
6.08055,-1.21216004E-07,-9.99841976165771,6.08055,6.08055
6.08065,-1.06823833E-07,-9.99849414825439,6.08065,6.08065
6.08075,-8.8585786E-08,-9.99840641021729,6.08075,6.08075
6.08085,-1.04925498E-07,-9.99856662750244,6.08085,6.08085
6.08095,-1.25427491E-07,-9.99842071533203,6.08095,6.08095
6.08105,1.3012042473E-05,-0.817836940288544,6.08105,6.08105
6.08115,4.1547151341E-05,-0.001620650058612,6.08115,6.08115
6.08125,4.3499570893E-05,-0.001356067834422,6.08125,6.08125
6.08135,4.4038464694E-05,-0.001051024300978,6.08135,6.08135
6.08145,4.4198270189E-05,-0.001132087782025,6.08145,6.08145
6.08155,4.425978841E-05,-0.000823173962999,6.08155,6.08155
6.08165,4.4199063268E-05,-0.001082126749679,6.08165,6.08165
6.08175,4.4192995119E-05,-0.00081817782484,6.08175,6.08175
6.08185,4.414993964E-05,-0.000852376513649,6.08185,6.08185
6.08195,4.413350689E-05,-0.000691797642503,6.08195,6.08195
6.08205,1.8498312784E-05,-9.17117595672607,6.08205,6.08205
6.08215,1.79254798E-07,-9.99735736846924,6.08215,6.08215
6.08225,7.645587E-09,-9.99776840209961,6.08225,6.08225
6.08235,-1.7609258E-08,-9.99776077270508,6.08235,6.08235
6.08245,-3.7520653E-08,-9.99815940856934,6.08245,6.08245
6.08255,-3.0433547E-08,-9.99847316741943,6.08255,6.08255
6.08265,-6.7922088E-08,-9.99840450286865,6.08265,6.08265
6.08275,-6.4280101E-08,-9.99859714508057,6.08275,6.08275
6.08285,-4.373593E-08,-9.99860095977783,6.08285,6.08285
6.08295,-8.1259628E-08,-9.99847793579102,6.08295,6.08295
6.08305,1.3016507182E-05,-0.837884068489075,6.08305,6.08305
6.08315,4.1668390622E-05,-0.001719375723042,6.08315,6.08315
6.08325,4.3630450818E-05,-0.001420524553396,6.08325,6.08325
6.08335,4.4191201596E-05,-0.0011381393997,6.08335,6.08335
6.08345,4.4339405576E-05,-0.000814659462776,6.08345,6.08345
6.08355,4.4364645873E-05,-0.00076096894918,6.08355,6.08355
6.08365,4.4388081733E-05,-0.000751117535401,6.08365,6.08365
6.08375,4.4316569983E-05,-0.000508138153236,6.08375,6.08375
6.08385,4.4305270421E-05,-0.000644862418994,6.08385,6.08385
6.08395,4.4250577048E-05,-0.000814659462776,6.08395,6.08395
6.08405,1.8598419047E-05,-9.15151786804199,6.08405,6.08405
6.08415,1.45204353E-07,-9.9976692199707,6.08415,6.08415
6.08425,-4.4678067E-08,-9.99773406982422,6.08425,6.08425
6.08435,-6.8336909E-08,-9.99805736541748,6.08435,6.08435
6.08445,-8.0894026E-08,-9.9982271194458,6.08445,6.08445
6.08455,-9.0329436E-08,-9.99847030639648,6.08455,6.08455
6.08465,-7.6239594E-08,-9.9985818862915,6.08465,6.08465
6.08475,-5.2060468E-08,-9.998779296875,6.08475,6.08475
6.08485,-4.83763E-08,-9.99867153167725,6.08485,6.08485
6.08495,-7.6197409E-08,-9.99837589263916,6.08495,6.08495
6.08505,1.3019783182E-05,-0.857712507247925,6.08505,6.08505
6.08515,4.1806728404E-05,-0.001772151445039,6.08515,6.08515
6.08525,4.3779538828E-05,-0.001020414289087,6.08525,6.08525
6.08535,4.4312771934E-05,-0.000916481367312,6.08535,6.08535
6.08545,4.4454067393E-05,-0.001025410485454,6.08545,6.08545
6.08555,4.4481937948E-05,-0.000877708836924,6.08555,6.08555
6.08565,4.4490505388E-05,-0.000918240577448,6.08565,6.08565
6.08575,4.4467389671E-05,-0.000708052539267,6.08575,6.08575
6.08585,4.4467436965E-05,-0.000825496041216,6.08585,6.08585
6.08595,4.4402731874E-05,-0.000746332516428,6.08595,6.08595
6.08605,1.8725177142E-05,-9.13130760192871,6.08605,6.08605
6.08615,2.01458249E-07,-9.99758338928223,6.08615,6.08615
6.08625,5.2305605E-08,-9.99797058105469,6.08625,6.08625
6.08635,-3.4848927E-08,-9.99788856506348,6.08635,6.08635
6.08645,-5.142066E-08,-9.99798679351807,6.08645,6.08645
6.08655,-7.2660889E-08,-9.99842166900635,6.08655,6.08655
6.08665,-1.08982306E-07,-9.99831962585449,6.08665,6.08665
6.08675,-1.07407395E-07,-9.99837303161621,6.08675,6.08675
6.08685,-8.5133628E-08,-9.99839305877686,6.08685,6.08685
6.08695,-9.369019E-08,-9.99851417541504,6.08695,6.08695
6.08705,1.2953552869E-05,-0.87785804271698,6.08705,6.08705
6.08715,4.1852330469E-05,-0.00154993054457,6.08715,6.08715
6.08725,4.3872580136E-05,-0.001424817019142,6.08725,6.08725
6.08735,4.4391217671E-05,-0.001277537550777,6.08735,6.08735
6.08745,4.4554861233E-05,-0.00096834229771,6.08745,6.08745
6.08755,4.4572941988E-05,-0.000929710513446,6.08755,6.08755
6.08765,4.4583477575E-05,-0.000943995139096,6.08765,6.08765
6.08775,4.4534273911E-05,-0.000763642950915,6.08775,6.08775
6.08785,4.4522399548E-05,-0.000835699378513,6.08785,6.08785
6.08795,4.4499476644E-05,-0.000610874849372,6.08795,6.08795
6.08805,1.8821085177E-05,-9.11118602752686,6.08805,6.08805
6.08815,1.83367845E-07,-9.99761581420898,6.08815,6.08815
6.08825,-7.407482E-09,-9.99790287017822,6.08825,6.08825
6.08835,-2.3958124E-08,-9.99809646606445,6.08835,6.08835
6.08845,-4.7546656E-08,-9.99828338623047,6.08845,6.08845
6.08855,-6.1756026E-08,-9.99835300445557,6.08855,6.08855
6.08865,-8.0507327E-08,-9.9987211227417,6.08865,6.08865
6.08875,-3.3484937E-08,-9.99860191345215,6.08875,6.08875
6.08885,-7.9790176E-08,-9.99876308441162,6.08885,6.08885
6.08895,-9.5609607E-08,-9.99883270263672,6.08895,6.08895
6.08905,1.2952364159E-05,-0.898384392261505,6.08905,6.08905
6.08915,4.1923442041E-05,-0.001971221528947,6.08915,6.08915
6.08925,4.3927673687E-05,-0.001236935495399,6.08925,6.08925
6.08935,4.4479933422E-05,-0.001163823530078,6.08935,6.08935
6.08945,4.4636501116E-05,-0.000827466370538,6.08945,6.08945
6.08955,4.4696818804E-05,-0.000673361297231,6.08955,6.08955
6.08965,4.4677908591E-05,-0.000726840691641,6.08965,6.08965
6.08975,4.4635118684E-05,-0.000699819531292,6.08975,6.08975
6.08985,4.4643358706E-05,-0.000686027458869,6.08985,6.08985
6.08995,4.4612912461E-05,-0.00069447158603,6.08995,6.08995
6.09005,1.8919883587E-05,-9.09134674072266,6.09005,6.09005
6.09015,1.70677154E-07,-9.99757385253906,6.09015,6.09015
6.09025,1.2665621E-08,-9.99815654754639,6.09025,6.09025
6.09035,-5.713045E-09,-9.99792575836182,6.09035,6.09035
6.09045,-7.3863163E-08,-9.99816989898682,6.09045,6.09045
6.09055,-5.7214088E-08,-9.99832344055176,6.09055,6.09055
6.09065,-9.0603642E-08,-9.99825572967529,6.09065,6.09065
6.09075,-7.9403478E-08,-9.99823188781738,6.09075,6.09075
6.09085,-9.0477087E-08,-9.99819469451904,6.09085,6.09085
6.09095,-7.6731752E-08,-9.99858474731445,6.09095,6.09095
6.09105,1.2930154298E-05,-0.917703986167908,6.09105,6.09105
6.09115,4.2041196139E-05,-0.001401736401021,6.09115,6.09115
6.09125,4.4062995585E-05,-0.001205129316077,6.09125,6.09125
6.09135,4.4591786718E-05,-0.000892697134987,6.09135,6.09135
6.09145,4.4734351832E-05,-0.000759631977417,6.09145,6.09145
6.09155,4.4793923735E-05,-0.00071283755824,6.09155,6.09155
6.09165,4.4797587179E-05,-0.000837528903503,6.09165,6.09165
6.09175,4.4745938794E-05,-0.000797208282165,6.09175,6.09175
6.09185,4.4728327339E-05,-0.001017881091684,6.09185,6.09185
6.09195,4.4691194489E-05,-0.001022947602905,6.09195,6.09195
6.09205,1.9064002117E-05,-9.07144641876221,6.09205,6.09205
6.09215,1.81539832E-07,-9.99745559692383,6.09215,6.09215
6.09225,-7.259834E-09,-9.99771976470947,6.09225,6.09225
6.09235,-9.19332E-09,-9.99792098999023,6.09235,6.09235
6.09245,-3.1171787E-08,-9.99800395965576,6.09245,6.09245
6.09255,-2.866177E-08,-9.99805927276611,6.09255,6.09255
6.09265,-4.4551513E-08,-9.99818515777588,6.09265,6.09265
6.09275,-2.6222061E-08,-9.99813747406006,6.09275,6.09275
6.09285,-6.8730635E-08,-9.99824142456055,6.09285,6.09285
6.09295,-6.4948033E-08,-9.99811935424805,6.09295,6.09295
6.09305,1.2926863747E-05,-0.937752544879913,6.09305,6.09305
6.09315,4.2157076678E-05,-0.001652456237935,6.09315,6.09315
6.09325,4.4163669372E-05,-0.000983963953331,6.09325,6.09325
6.09335,4.4737276767E-05,-0.001149116666056,6.09335,6.09335
6.09345,4.4905820687E-05,-0.001197529607452,6.09345,6.09345
6.09355,4.4929212891E-05,-0.00087791995611,6.09355,6.09355
6.09365,4.4905278628E-05,-0.000758224632591,6.09365,6.09365
6.09375,4.4903146772E-05,-0.000623118830845,6.09375,6.09375
6.09385,4.4882646762E-05,-0.000682368350681,6.09385,6.09385
6.09395,4.4823671487E-05,-0.000744784425478,6.09395,6.09395
6.09405,1.9140596123E-05,-9.05124473571777,6.09405,6.09405
6.09415,1.77665825E-07,-9.9977331161499,6.09415,6.09415
6.09425,9.023636E-09,-9.99792861938477,6.09425,6.09425
6.09435,-7.1641409E-08,-9.9980936050415,6.09435,6.09435
6.09445,-7.7223916E-08,-9.99820995330811,6.09445,6.09445
6.09455,-8.6441368E-08,-9.99844837188721,6.09455,6.09455
6.09465,-8.5583608E-08,-9.99844551086426,6.09465,6.09465
6.09475,-8.2454875E-08,-9.99805545806885,6.09475,6.09475
6.09485,-7.7976217E-08,-9.99807453155518,6.09485,6.09485
6.09495,-5.6953947E-08,-9.99815368652344,6.09495,6.09495
6.09505,1.2890851394E-05,-0.957991003990173,6.09505,6.09505
6.09515,4.2204719648E-05,-0.001591799315065,6.09515,6.09515
6.09525,4.425471343E-05,-0.001257905038074,6.09525,6.09525
6.09535,4.4788783271E-05,-0.001217584358528,6.09535,6.09535
6.09545,4.4937318307E-05,-0.001282252254896,6.09545,6.09545
6.09555,4.5010488975E-05,-0.001201470149681,6.09555,6.09555
6.09565,4.5008928282E-05,-0.001218076911755,6.09565,6.09565
6.09575,4.4951560994E-05,-0.000700875010807,6.09575,6.09575
6.09585,4.4934295147E-05,-0.000597153208219,6.09585,6.09585
6.09595,4.4872853323E-05,-0.000795519445091,6.09595,6.09595
6.09605,1.9233768398E-05,-9.03094959259033,6.09605,6.09605
6.09615,2.0647829E-07,-9.99718189239502,6.09615,6.09615
6.09625,4.1928057E-08,-9.99788856506348,6.09625,6.09625
6.09635,-1.631558E-08,-9.99783706665039,6.09635,6.09635
6.09645,-6.2023197E-08,-9.99801826477051,6.09645,6.09645
6.09655,-5.4690009E-08,-9.99810028076172,6.09655,6.09655
6.09665,-7.5346676E-08,-9.99783229827881,6.09665,6.09665
6.09675,-6.677606E-08,-9.99803352355957,6.09675,6.09675
6.09685,-8.1301813E-08,-9.99793338775635,6.09685,6.09685
6.09695,-7.0790676E-08,-9.99792957305908,6.09695,6.09695
6.09705,1.2878476809E-05,-0.977501511573791,6.09705,6.09705
6.09715,4.2306477553E-05,-0.001149961142801,6.09715,6.09715
6.09725,4.4330801757E-05,-0.001080015674233,6.09725,6.09725
6.09735,4.4884916861E-05,-0.001291399938054,6.09735,6.09735
6.09745,4.5061686251E-05,-0.001165582682006,6.09745,6.09745
6.09755,4.5084572776E-05,-0.001074878848158,6.09755,6.09755
6.09765,4.5065025915E-05,-0.000857865146827,6.09765,6.09765
6.09775,4.5068434702E-05,-0.000739858718589,6.09775,6.09775
6.09785,4.5052151108E-05,-0.000514823070262,6.09785,6.09785
6.09795,4.5015120122E-05,-0.000664213497657,6.09795,6.09795
6.09805,1.9322724256E-05,-9.01089572906494,6.09805,6.09805
6.09815,1.99060736E-07,-9.99703407287598,6.09815,6.09815
6.09825,2.2459608E-08,-9.99747848510742,6.09825,6.09825
6.09835,-3.849091E-08,-9.9976978302002,6.09835,6.09835
6.09845,-3.0693688E-08,-9.99795913696289,6.09845,6.09845
6.09855,-5.8479642E-08,-9.99804210662842,6.09855,6.09855
6.09865,-5.0752728E-08,-9.99795722961426,6.09865,6.09865
6.09875,-8.546408E-08,-9.99807262420654,6.09875,6.09875
6.09885,-7.6098978E-08,-9.99810981750488,6.09885,6.09885
6.09895,-7.8672272E-08,-9.9981107711792,6.09895,6.09895
6.09905,1.2813364265E-05,-0.99772036075592,6.09905,6.09905
6.09915,4.2405230488E-05,-0.001579485018738,6.09915,6.09915
6.09925,4.4451000576E-05,-0.001091485610232,6.09925,6.09925
6.09935,4.4989155867E-05,-0.001059327623807,6.09935,6.09935
6.09945,4.51504784E-05,-0.001018514391035,6.09945,6.09945
6.09955,4.5177857828E-05,-0.00053966284031,6.09955,6.09955
6.09965,4.5181506721E-05,-0.000857583712786,6.09965,6.09965
6.09975,4.5162432798E-05,-0.000626989058219,6.09975,6.09975
6.09985,4.5124161261E-05,-0.000719452102203,6.09985,6.09985
6.09995,4.5080683776E-05,-0.000871797965374,6.09995,6.09995
6.10005,1.9449722458E-05,-8.99115180969238,6.10005,6.10005
6.10015,1.64265003E-07,-9.99727630615234,6.10015,6.10015
6.10025,-1.90935E-09,-9.99769973754883,6.10025,6.10025
6.10035,-1.7412395E-08,-9.99788475036621,6.10035,6.10035
6.10045,-8.1815067E-08,-9.99773979187012,6.10045,6.10045
6.10055,-7.065006E-08,-9.99780464172363,6.10055,6.10055
6.10065,-6.1945855E-08,-9.99807739257813,6.10065,6.10065
6.10075,-2.5139309E-08,-9.99827671051025,6.10075,6.10075
6.10085,-4.9831687E-08,-9.99834823608398,6.10085,6.10085
6.10095,-4.4277307E-08,-9.99839115142822,6.10095,6.10095
6.10105,1.2826842067E-05,-1.01811695098877,6.10105,6.10105
6.10115,4.247430843E-05,-0.001751955947839,6.10115,6.10115
6.10125,4.4547225116E-05,-0.001154112746008,6.10125,6.10125
6.10135,4.5119479182E-05,-0.00102745112963,6.10135,6.10135
6.10145,4.5258788305E-05,-0.000843369460199,6.10145,6.10145
6.10155,4.5261069317E-05,-0.000838021514937,6.10155,6.10155
6.10165,4.5261906052E-05,-0.000920562713873,6.10165,6.10165
6.10175,4.5224591304E-05,-0.000814518716652,6.10175,6.10175
6.10185,4.5203836635E-05,-0.001053276006132,6.10185,6.10185
6.10195,4.5189928642E-05,-0.000885730725713,6.10195,6.10195
6.10205,1.9574927137E-05,-8.97107219696045,6.10205,6.10205
6.10215,1.998974E-07,-9.99734497070313,6.10215,6.10215
6.10225,9.944679E-09,-9.99776554107666,6.10225,6.10225
6.10235,-4.0705633E-08,-9.99780559539795,6.10235,6.10235
6.10245,-7.4038937E-08,-9.99806976318359,6.10245,6.10245
6.10255,-6.1756026E-08,-9.99800777435303,6.10255,6.10255
6.10265,-6.7218998E-08,-9.99829578399658,6.10265,6.10265
6.10275,-5.6911762E-08,-9.99850177764893,6.10275,6.10275
6.10285,-3.8413571E-08,-9.99854469299316,6.10285,6.10285
6.10295,-3.2127982E-08,-9.99841117858887,6.10295,6.10295
6.10305,1.2771755792E-05,-1.03782832622528,6.10305,6.10305
6.10315,4.2574865802E-05,-0.001593488152139,6.10315,6.10315
6.10325,4.4635973609E-05,-0.001164879067801,6.10325,6.10325
6.10335,4.5170658268E-05,-0.000888897280674,6.10335,6.10335
6.10345,4.5341577788E-05,-0.000810296682175,6.10345,6.10345
6.10355,4.5378841605E-05,-0.000876653299201,6.10355,6.10355
6.10365,4.539069414E-05,-0.000632829556707,6.10365,6.10365
6.10375,4.5358297939E-05,-0.00032264913898,6.10375,6.10375
6.10385,4.5314678573E-05,-0.000353399809683,6.10385,6.10385
6.10395,4.5310556743E-05,-0.000344040890923,6.10395,6.10395
6.10405,1.9683639039E-05,-8.95109081268311,6.10405,6.10405
6.10415,1.91544743E-07,-9.9971227645874,6.10415,6.10415
6.10425,1.5787322E-08,-9.99764251708984,6.10425,6.10425
6.10435,2.667739E-09,-9.99763774871826,6.10435,6.10435
6.10445,-4.5831129E-08,-9.99810791015625,6.10445,6.10445
6.10455,-5.1680804E-08,-9.99793815612793,6.10455,6.10455
6.10465,-4.6027992E-08,-9.99831962585449,6.10465,6.10465
6.10475,-3.7309725E-08,-9.99829387664795,6.10475,6.10475
6.10485,-4.6189701E-08,-9.99834632873535,6.10485,6.10485
6.10495,-6.8807978E-08,-9.9982385635376,6.10495,6.10495
6.10505,1.2717934624E-05,-1.05765330791473,6.10505,6.10505
6.10515,4.2612500692E-05,-0.001725779264234,6.10515,6.10515
6.10525,4.468066254E-05,-0.000997263356112,6.10525,6.10525
6.10535,4.526403427E-05,-0.000948146800511,6.10535,6.10535
6.10545,4.5474705985E-05,-0.000776520231739,6.10545,6.10545
6.10555,4.5479897381E-05,-0.000820640707389,6.10555,6.10555
6.10565,4.5475044317E-05,-0.000477317138575,6.10565,6.10565
6.10575,4.5459197281E-05,-0.000717552145943,6.10575,6.10575
6.10585,4.542815077E-05,-0.000392805668525,6.10585,6.10585
6.10595,4.5378066716E-05,-0.000167840422364,6.10595,6.10595
6.10605,1.9748322302E-05,-8.9310131072998,6.10605,6.10605
6.10615,1.81047668E-07,-9.99700927734375,6.10615,6.10615
6.10625,3.5600284E-08,-9.99757766723633,6.10625,6.10625
6.10635,-2.2207441E-08,-9.99778270721436,6.10635,6.10635
6.10645,-2.1947299E-08,-9.99779891967773,6.10645,6.10645
6.10655,-5.6567249E-08,-9.99802875518799,6.10655,6.10655
6.10665,-6.2909088E-08,-9.99783515930176,6.10665,6.10665
6.10675,-7.9234738E-08,-9.99789142608643,6.10675,6.10675
6.10685,-5.3318992E-08,-9.99794387817383,6.10685,6.10685
6.10695,-4.2442252E-08,-9.99774646759033,6.10695,6.10695
6.10705,1.2723095097E-05,-1.07736957073212,6.10705,6.10705
6.10715,4.2723237129E-05,-0.001455567660742,6.10715,6.10715
6.10725,4.4795604481E-05,-0.001045254059136,6.10725,6.10725
6.10735,4.5347751438E-05,-0.001026184530929,6.10735,6.10735
6.10745,4.5515789679E-05,-0.000770398241002,6.10745,6.10745
6.10755,4.5574110118E-05,-0.000880734645762,6.10755,6.10755
6.10765,4.5592820243E-05,-0.000775957247242,6.10765,6.10765
6.10775,4.5528562623E-05,-0.000575620681047,6.10775,6.10775
6.10785,4.5512904762E-05,-0.000534877879545,6.10785,6.10785
6.10795,4.5524768211E-05,-0.000625089101959,6.10795,6.10795
6.10805,1.9893221179E-05,-8.91125774383545,6.10805,6.10805
6.10815,1.970499E-07,-9.99736404418945,6.10815,6.10815
6.10825,4.1534328E-08,-9.99763774871826,6.10825,6.10825
6.10835,-2.092152E-09,-9.99782943725586,6.10835,6.10835
6.10845,-1.1858016E-08,-9.99768447875977,6.10845,6.10845
6.10855,-2.9737491E-08,-9.99799346923828,6.10855,6.10855
6.10865,-5.0436341E-08,-9.99801921844482,6.10865,6.10865
6.10875,-2.9835924E-08,-9.99799728393555,6.10875,6.10875
6.10885,-3.6142605E-08,-9.99804210662842,6.10885,6.10885
6.10895,-7.8735546E-08,-9.99812889099121,6.10895,6.10895
6.10905,1.2688496099E-05,-1.0975946187973,6.10905,6.10905
6.10915,4.2800817027E-05,-0.00152009469457,6.10915,6.10915
6.10925,4.4918706408E-05,-0.001146653783508,6.10925,6.10925
6.10935,4.5498225518E-05,-0.001017247792333,6.10935,6.10935
6.10945,4.5676733862E-05,-0.000746895442717,6.10945,6.10945
6.10955,4.5674572902E-05,-0.000435307680164,6.10955,6.10955
6.10965,4.564541814E-05,-0.000634870200884,6.10965,6.10965
6.10975,4.5612843678E-05,-0.000985160120763,6.10975,6.10975
6.10985,4.560195157E-05,-0.000658935925458,6.10985,6.10985
6.10995,4.5577118726E-05,-0.000689686567057,6.10995,6.10995
6.11005,2.0003852114E-05,-8.89084720611572,6.11005,6.11005
6.11015,2.21032167E-07,-9.9970531463623,6.11015,6.11015
6.11025,2.3000984E-08,-9.997239112854,6.11025,6.11025
6.11035,-1.867165E-09,-9.99765205383301,6.11035,6.11035
6.11045,-3.2324849E-08,-9.99810218811035,6.11045,6.11045
6.11055,-4.0965773E-08,-9.99795627593994,6.11055,6.11055
6.11065,-4.1310287E-08,-9.99786758422852,6.11065,6.11065
6.11075,-6.5918293E-08,-9.9979829788208,6.11075,6.11075
6.11085,-4.2800828E-08,-9.99825859069824,6.11085,6.11085
6.11095,-2.8317258E-08,-9.99799823760986,6.11095,6.11095
6.11105,1.2659957974E-05,-1.11772072315216,6.11105,6.11105
6.11115,4.2885305447E-05,-0.001737038022839,6.11115,6.11115
6.11125,4.4987362344E-05,-0.001204214524478,6.11125,6.11125
6.11135,4.5581717131E-05,-0.001022173557431,6.11135,6.11135
6.11145,4.5732973376E-05,-0.000749710132368,6.11145,6.11145
6.11155,4.5759807108E-05,-0.000656684162095,6.11155,6.11155
6.11165,4.5740664063E-05,-0.000690460612532,6.11165,6.11165
6.11175,4.5699744078E-05,-0.000444525852799,6.11175,6.11175
6.11185,4.5671738917E-05,-0.000236519204918,6.11185,6.11185
6.11195,4.5656946895E-05,-0.000427285791375,6.11195,6.11195
6.11205,2.0082436095E-05,-8.87088871002197,6.11205,6.11205
6.11215,1.86341907E-07,-9.99716186523438,6.11215,6.11215
6.11225,1.8803561E-08,-9.99755764007568,6.11225,6.11225
6.11235,-4.3953889E-08,-9.99796295166016,6.11235,6.11235
6.11245,-4.985278E-08,-9.99825191497803,6.11245,6.11245
6.11255,-8.904982E-08,-9.99799919128418,6.11255,6.11255
6.11265,-6.8765793E-08,-9.99820709228516,6.11265,6.11265
6.11275,-3.6810537E-08,-9.99795627593994,6.11275,6.11275
6.11285,-5.3122129E-08,-9.99809265136719,6.11285,6.11285
6.11295,-8.5457053E-08,-9.998291015625,6.11295,6.11295
6.11305,1.2579595023E-05,-1.13756692409515,6.11305,6.11305
6.11315,4.2931442295E-05,-0.001463378430344,6.11315,6.11315
6.11325,4.5059234253E-05,-0.001083463663235,6.11325,6.11325
6.11335,4.5630717068E-05,-0.000973830989096,6.11335,6.11335
6.11345,4.5820695959E-05,-0.000769413076341,6.11345,6.11345
6.11355,4.5822958782E-05,-0.000685183040332,6.11355,6.11355
6.11365,4.5792960009E-05,-0.000511445454322,6.11365,6.11365
6.11375,4.5791686716E-05,-0.000223219729378,6.11375,6.11375
6.11385,4.5774151658E-05,-0.000228145450819,6.11385,6.11385
6.11395,4.5756252803E-05,-0.000312656949973,6.11395,6.11395
6.11405,2.0191724616E-05,-8.85088634490967,6.11405,6.11405
6.11415,2.26452954E-07,-9.99688720703125,6.11415,6.11415
6.11425,2.2958799E-08,-9.99719333648682,6.11425,6.11425
6.11435,-2.4176082E-08,-9.99775218963623,6.11435,6.11435
6.11445,-3.7119893E-08,-9.99776554107666,6.11445,6.11445
6.11455,-3.3358383E-08,-9.9980993270874,6.11455,6.11455
6.11465,-3.9475232E-08,-9.99843978881836,6.11465,6.11465
6.11475,-9.255119E-08,-9.99837207794189,6.11475,6.11475
6.11485,-6.0117834E-08,-9.99821758270264,6.11485,6.11485
6.11495,-6.9131396E-08,-9.99805545806885,6.11495,6.11495
6.11505,1.2561533367E-05,-1.15745103359222,6.11505,6.11505
6.11515,4.299428474E-05,-0.001411939738318,6.11515,6.11515
6.11525,4.5102446165E-05,-0.001170297386125,6.11525,6.11525
6.11535,4.5674445573E-05,-0.00105665368028,6.11535,6.11535
6.11545,4.5837070502E-05,-0.000713822664693,6.11545,6.11545
6.11555,4.5902506827E-05,-0.000772579631303,6.11555,6.11555
6.11565,4.5901622798E-05,-0.000912329705898,6.11565,6.11565
6.11575,4.5872413466E-05,-0.000895441451576,6.11575,6.11575
6.11585,4.5849930757E-05,-0.000615448749159,6.11585,6.11585
6.11595,4.5839158702E-05,-0.000715089321602,6.11595,6.11595
6.11605,2.0304527425E-05,-8.83151912689209,6.11605,6.11605
6.11615,1.88022284E-07,-9.9977855682373,6.11615,6.11615
6.11625,1.880283E-09,-9.99804782867432,6.11625,6.11625
6.11635,-5.352992E-08,-9.99801540374756,6.11635,6.11635
6.11645,-5.819841E-08,-9.99822902679443,6.11645,6.11645
6.11655,-7.7533272E-08,-9.99861717224121,6.11655,6.11655
6.11665,-6.7929115E-08,-9.99860668182373,6.11665,6.11665
6.11675,-9.8203998E-08,-9.99880695343018,6.11675,6.11675
6.11685,-7.9804238E-08,-9.99886226654053,6.11685,6.11685
6.11695,-1.07927676E-07,-9.99865913391113,6.11695,6.11695
6.11705,1.2504238839E-05,-1.17790734767914,6.11705,6.11705
6.11715,4.3061689212E-05,-0.001316099078394,6.11715,6.11715
6.11725,4.5183081966E-05,-0.000880945764948,6.11725,6.11725
6.11735,4.5768836571E-05,-0.000922251550946,6.11735,6.11735
6.11745,4.596481449E-05,-0.000819092616439,6.11745,6.11745
6.11755,4.5968605264E-05,-0.000850476557389,6.11755,6.11755
6.11765,4.5959983254E-05,-0.000656261981931,6.11765,6.11765
6.11775,4.5953565859E-05,-0.000494346139021,6.11775,6.11775
6.11785,4.5918746764E-05,-0.000394424103433,6.11785,6.11785
6.11795,4.5903681894E-05,-0.000375354487915,6.11795,6.11795
6.11805,2.0373752704E-05,-8.81127834320068,6.11805,6.11805
6.11815,1.82095263E-07,-9.99733257293701,6.11815,6.11815
6.11825,-1.703976E-08,-9.99779605865479,6.11825,6.11825
6.11835,-5.8092947E-08,-9.99776458740234,6.11835,6.11835
6.11845,-8.9872429E-08,-9.99772357940674,6.11845,6.11845
6.11855,-1.0354745E-07,-9.9979248046875,6.11855,6.11855
6.11865,-8.9260745E-08,-9.99818134307861,6.11865,6.11865
6.11875,-9.3099594E-08,-9.99819755554199,6.11875,6.11875
6.11885,-1.06472285E-07,-9.99818706512451,6.11885,6.11885
6.11895,-9.6291608E-08,-9.99821186065674,6.11895,6.11895
6.11905,1.2440932551E-05,-1.19752538204193,6.11905,6.11905
6.11915,4.3137784814E-05,-0.001324332086369,6.11915,6.11915
6.11925,4.5288979891E-05,-0.000996278249659,6.11925,6.11925
6.11935,4.5856188081E-05,-0.000719592848327,6.11935,6.11935
6.11945,4.6033837862E-05,-0.000768076104578,6.11945,6.11945
6.11955,4.6082372137E-05,-0.000711922766641,6.11955,6.11955
6.11965,4.6061039029E-05,-0.000604752858635,6.11965,6.11965
6.11975,4.6019562433E-05,-0.000395620358177,6.11975,6.11975
6.11985,4.5989465434E-05,-0.000674064969644,6.11985,6.11985
6.11995,4.5993478125E-05,-0.000748513906728,6.11995,6.11995
6.12005,2.0467270588E-05,-8.79164981842041,6.12005,6.12005
6.12015,1.61965914E-07,-9.99787902832031,6.12015,6.12015
6.12025,1.634203E-09,-9.99805450439453,6.12025,6.12025
6.12035,-3.6761318E-08,-9.99807167053223,6.12035,6.12035
6.12045,-4.5704571E-08,-9.99842643737793,6.12045,6.12045
6.12055,-5.0942564E-08,-9.9981803894043,6.12055,6.12055
6.12065,-6.6839334E-08,-9.99842166900635,6.12065,6.12065
6.12075,-3.8772146E-08,-9.99872016906738,6.12075,6.12075
6.12085,-3.8265924E-08,-9.99888515472412,6.12085,6.12085
6.12095,-6.3422334E-08,-9.99871349334717,6.12095,6.12095
6.12105,1.2445832908E-05,-1.2177232503891,6.12105,6.12105
6.12115,4.320592052E-05,-0.001667866716161,6.12115,6.12115
6.12125,4.5355591283E-05,-0.00108276004903,6.12125,6.12125
6.12135,4.595831706E-05,-0.001103448099457,6.12135,6.12135
6.12145,4.6116794692E-05,-0.00088657514425,6.12145,6.12145
6.12155,4.617102968E-05,-0.000730429426767,6.12155,6.12155
6.12165,4.612956036E-05,-0.000758083886467,6.12165,6.12165
6.12175,4.6130819101E-05,-0.000905152177438,6.12175,6.12175
6.12185,4.6076725994E-05,-0.001012955326587,6.12185,6.12185
6.12195,4.6074685088E-05,-0.000737677270081,6.12195,6.12195
6.12205,2.061991654E-05,-8.77168369293213,6.12205,6.12205
6.12215,2.22543804E-07,-9.99780082702637,6.12215,6.12215
6.12225,1.6483378E-08,-9.99809837341309,6.12225,6.12225
6.12235,-6.57784E-09,-9.99814605712891,6.12235,6.12235
6.12245,-2.4302636E-08,-9.99825859069824,6.12245,6.12245
6.12255,-6.2093505E-08,-9.99846649169922,6.12255,6.12255
6.12265,-9.084269E-08,-9.99864387512207,6.12265,6.12265
6.12275,-5.1807358E-08,-9.99854373931885,6.12275,6.12275
6.12285,-5.4936091E-08,-9.99848365783691,6.12285,6.12285
6.12295,-4.3651561E-08,-9.99879550933838,6.12295,6.12295
6.12305,1.2413659533E-05,-1.2379264831543,6.12305,6.12305
6.12315,4.3302658014E-05,-0.001696224790066,6.12315,6.12315
6.12325,4.5444128773E-05,-0.001163964276202,6.12325,6.12325
6.12335,4.6018551075E-05,-0.000942517421208,6.12335,6.12335
6.12345,4.6196018957E-05,-0.00083309574984,6.12345,6.12345
6.12355,4.6234454203E-05,-0.000476683839224,6.12355,6.12355
6.12365,4.6231776651E-05,-0.000508560391609,6.12365,6.12365
6.12375,4.6239543735E-05,-0.000646129017696,6.12375,6.12375
6.12385,4.6189452405E-05,-0.000438685325207,6.12385,6.12385
6.12395,4.6200195357E-05,-0.000582798209507,6.12395,6.12395
6.12405,2.0751120246E-05,-8.75133991241455,6.12405,6.12405
6.12415,2.25356146E-07,-9.99711132049561,6.12415,6.12415
6.12425,3.1030226E-08,-9.99786567687988,6.12425,6.12425
6.12435,-2.7789943E-08,-9.99802780151367,6.12435,6.12435
6.12445,-3.9468201E-08,-9.99822330474854,6.12445,6.12445
6.12455,-6.7162752E-08,-9.99799537658691,6.12455,6.12455
6.12465,-5.4169728E-08,-9.99825096130371,6.12465,6.12465
6.12475,-6.8463464E-08,-9.99803447723389,6.12475,6.12475
6.12485,-9.0737224E-08,-9.99833202362061,6.12485,6.12485
6.12495,-7.98183E-08,-9.9985523223877,6.12495,6.12495
6.12505,1.2371538105E-05,-1.25787901878357,6.12505,6.12505
6.12515,4.3361436838E-05,-0.001554011949338,6.12515,6.12515
6.12525,4.5501943532E-05,-0.000997404102236,6.12525,6.12525
6.12535,4.6074466809E-05,-0.000965457234997,6.12535,6.12535
6.12545,4.62654898E-05,-0.000830069941003,6.12545,6.12545
6.12555,4.6301640396E-05,-0.000549936492462,6.12555,6.12555
6.12565,4.6302422561E-05,-0.000621992978267,6.12565,6.12565
6.12575,4.6293189371E-05,-0.000700171338394,6.12575,6.12575
6.12585,4.627240196E-05,-0.000666394887958,6.12585,6.12585
6.12595,4.6244102123E-05,-0.001009788829833,6.12595,6.12595
6.12605,2.0823959858E-05,-8.73145008087158,6.12605,6.12605
6.12615,2.00115352E-07,-9.99747276306152,6.12615,6.12615
6.12625,-2.324171E-09,-9.99781227111816,6.12625,6.12625
6.12635,-3.3998191E-08,-9.99810123443604,6.12635,6.12635
6.12645,-4.5015547E-08,-9.99826908111572,6.12645,6.12645
6.12655,-5.8064824E-08,-9.99822235107422,6.12655,6.12655
6.12665,-7.8686334E-08,-9.99804496765137,6.12665,6.12665
6.12675,-6.9954005E-08,-9.99808692932129,6.12675,6.12675
6.12685,-6.9975101E-08,-9.99832916259766,6.12685,6.12685
6.12695,-4.8566132E-08,-9.99854850769043,6.12695,6.12695
6.12705,1.2315417734E-05,-1.27777290344238,6.12705,6.12705
6.12715,4.3398467824E-05,-0.00146105629392,6.12715,6.12715
6.12725,4.5597789722E-05,-0.000933791801799,6.12725,6.12725
6.12735,4.6138356993E-05,-0.000931399292313,6.12735,6.12735
6.12745,4.6351131459E-05,-0.000679694407154,6.12745,6.12745
6.12755,4.6398028644E-05,-0.000712063512765,6.12755,6.12755
6.12765,4.6360186388E-05,-0.000769905687775,6.12765,6.12765
6.12775,4.6347555326E-05,-0.000363462371752,6.12775,6.12775
6.12785,4.6327986638E-05,-0.000381546851713,6.12785,6.12785
6.12795,4.6324181312E-05,-0.000632266630419,6.12795,6.12795
6.12805,2.0920078896E-05,-8.7115364074707,6.12805,6.12805
6.12815,1.52474257E-07,-9.99788379669189,6.12815,6.12815
6.12825,-1.4002428E-08,-9.99802875518799,6.12825,6.12825
6.12835,-3.2845129E-08,-9.99830341339111,6.12835,6.12835
6.12845,-5.5090769E-08,-9.99825763702393,6.12845,6.12845
6.12855,-4.4087475E-08,-9.99831962585449,6.12855,6.12855
6.12865,-2.8605523E-08,-9.99816989898682,6.12865,6.12865
6.12875,-4.7265424E-08,-9.99823188781738,6.12875,6.12875
6.12885,-5.1540184E-08,-9.99846839904785,6.12885,6.12885
6.12895,-3.922915E-08,-9.99853229522705,6.12895,6.12895
6.12905,1.2267199963E-05,-1.29775929450989,6.12905,6.12905
6.12915,4.3493291741E-05,-0.001432627788745,6.12915,6.12915
6.12925,4.5666627557E-05,-0.001284926198423,6.12925,6.12925
6.12935,4.626925147E-05,-0.001088319113478,6.12935,6.12935
6.12945,4.6441549785E-05,-0.000844143505674,6.12945,6.12945
6.12955,4.6481891331E-05,-0.000813533551991,6.12955,6.12955
6.12965,4.6466557251E-05,-0.000417926901719,6.12965,6.12965
6.12975,4.6468427172E-05,-0.000348262954503,6.12975,6.12975
6.12985,4.6431356168E-05,-0.000311742158374,6.12985,6.12985
6.12995,4.6405053581E-05,-0.000351218390279,6.12995,6.12995
6.13005,2.1046613256E-05,-8.69162178039551,6.13005,6.13005
6.13015,1.99039633E-07,-9.99781894683838,6.13015,6.13015
6.13025,1.9914436E-08,-9.99797344207764,6.13025,6.13025
6.13035,-3.9833804E-08,-9.99795341491699,6.13035,6.13035
6.13045,-5.1406598E-08,-9.99827289581299,6.13045,6.13045
6.13055,-6.8561896E-08,-9.99826717376709,6.13055,6.13055
6.13065,-9.7381388E-08,-9.99827098846436,6.13065,6.13065
6.13075,-8.4423512E-08,-9.99850940704346,6.13075,6.13075
6.13085,-6.9061088E-08,-9.9984016418457,6.13085,6.13085
6.13095,-9.2769142E-08,-9.99868488311768,6.13095,6.13095
6.13105,1.2193741895E-05,-1.31764984130859,6.13105,6.13105
6.13115,4.3555199227E-05,-0.001651259954087,6.13115,6.13115
6.13125,4.5750268328E-05,-0.001182752428576,6.13125,6.13125
6.13135,4.6355893573E-05,-0.001167412265204,6.13135,6.13135
6.13145,4.6537999879E-05,-0.000950539309997,6.13145,6.13145
6.13155,4.6603232477E-05,-0.000956590927672,6.13155,6.13155
6.13165,4.6572647989E-05,-0.001000078045763,6.13165,6.13165
6.13175,4.6530087275E-05,-0.000934847339522,6.13175,6.13175
6.13185,4.6531087719E-05,-0.000436855771113,6.13185,6.13185
6.13195,4.6465109335E-05,-0.000475909793749,6.13195,6.13195
6.13205,2.1141768229E-05,-8.67147350311279,6.13205,6.13205
6.13215,2.10162455E-07,-9.99774265289307,6.13215,6.13215
6.13225,7.062026E-09,-9.99822521209717,6.13225,6.13225
6.13235,-6.676273E-09,-9.9982967376709,6.13235,6.13235
6.13245,-2.596895E-08,-9.99817943572998,6.13245,6.13245
6.13255,-4.8256773E-08,-9.99835968017578,6.13255,6.13255
6.13265,-5.6461786E-08,-9.99843883514404,6.13265,6.13265
6.13275,-7.540995E-08,-9.99828433990479,6.13275,6.13275
6.13285,-8.6877286E-08,-9.99822521209717,6.13285,6.13285
6.13295,-7.5107629E-08,-9.99827575683594,6.13295,6.13295
6.13305,1.2207648979E-05,-1.33760678768158,6.13305,6.13305
6.13315,4.361264655E-05,-0.001682503148913,6.13315,6.13315
6.13325,4.5808956202E-05,-0.001224198960699,6.13325,6.13325
6.13335,4.6399167331E-05,-0.000895652570762,6.13335,6.13335
6.13345,4.6599223424E-05,-0.000856457802001,6.13345,6.13345
6.13355,4.6640587243E-05,-0.000772016705014,6.13355,6.13355
6.13365,4.6612145525E-05,-0.000759843096603,6.13365,6.13365
6.13375,4.660986815E-05,-0.000833588361274,6.13375,6.13375
6.13385,4.6604462113E-05,-0.000864268629812,6.13385,6.13385
6.13395,4.6546774684E-05,-0.000565276655834,6.13395,6.13395
6.13405,2.1243315132E-05,-8.65136051177979,6.13405,6.13405
6.13415,1.93393859E-07,-9.99733734130859,6.13415,6.13415
6.13425,-1.2033787E-08,-9.99805164337158,6.13425,6.13425
6.13435,-7.3624115E-08,-9.99788570404053,6.13435,6.13435
6.13445,-9.1433279E-08,-9.99807834625244,6.13445,6.13445
6.13455,-6.4034019E-08,-9.99844455718994,6.13455,6.13455
6.13465,-8.5780471E-08,-9.99822616577148,6.13465,6.13465
6.13475,-9.7901669E-08,-9.99808883666992,6.13475,6.13475
6.13485,-8.8452197E-08,-9.99831104278564,6.13485,6.13485
6.13495,-9.1742635E-08,-9.99820804595947,6.13495,6.13495
6.13505,1.2098536899E-05,-1.35782074928284,6.13505,6.13505
6.13515,4.3652078602E-05,-0.001880095340312,6.13515,6.13515
6.13525,4.5881246479E-05,-0.001288444502279,6.13525,6.13525
6.13535,4.6479250159E-05,-0.001194644486532,6.13535,6.13535
6.13545,4.6673889301E-05,-0.000816488987766,6.13545,6.13545
6.13555,4.6749915782E-05,-0.000632829556707,6.13555,6.13555
6.13565,4.6707384172E-05,-0.000531289086211,6.13565,6.13565
6.13575,4.6663015382E-05,-0.000793760293163,6.13575,6.13575
6.13585,4.6631535952E-05,-0.00058877945412,6.13585,6.13585
6.13595,4.6625904361E-05,-0.000746754696593,6.13595,6.13595
6.13605,2.1359592211E-05,-8.63138008117676,6.13605,6.13605
6.13615,1.88999564E-07,-9.99717712402344,6.13615,6.13615
6.13625,3.7632201E-08,-9.99800777435303,6.13625,6.13625
6.13635,9.972802E-09,-9.9983491897583,6.13635,6.13635
6.13645,-3.9236181E-08,-9.99846935272217,6.13645,6.13645
6.13655,-2.5413513E-08,-9.99875640869141,6.13655,6.13655
6.13665,-6.1263862E-08,-9.99864673614502,6.13665,6.13665
6.13675,-4.0016609E-08,-9.99881649017334,6.13675,6.13675
6.13685,-4.8200526E-08,-9.99855041503906,6.13685,6.13685
6.13695,-4.772243E-08,-9.9985237121582,6.13695,6.13695
6.13705,1.2108464034E-05,-1.37792754173279,6.13705,6.13705
6.13715,4.3765146984E-05,-0.002021323191002,6.13715,6.13715
6.13725,4.5941247663E-05,-0.001363949035294,6.13725,6.13725
6.13735,4.6594610467E-05,-0.001168256625533,6.13735,6.13735
6.13745,4.675922537E-05,-0.001460141502321,6.13745,6.13745
6.13755,4.6768334869E-05,-0.000986497150734,6.13755,6.13755
6.13765,4.6775840019E-05,-0.000788412347902,6.13765,6.13765
6.13775,4.6782115533E-05,-0.000641132937744,6.13775,6.13775
6.13785,4.6758563258E-05,-0.000618052377831,6.13785,6.13785
6.13795,4.6731929615E-05,-0.000711993139703,6.13795,6.13795
6.13805,2.1476964321E-05,-8.61179351806641,6.13805,6.13805
6.13815,2.10021838E-07,-9.99781703948975,6.13815,6.13815
6.13825,1.3003103E-08,-9.99839305877686,6.13825,6.13825
6.13835,-4.6506091E-08,-9.99835109710693,6.13835,6.13835
6.13845,-3.3295105E-08,-9.99843215942383,6.13845,6.13845
6.13855,-5.2946358E-08,-9.99855613708496,6.13855,6.13855
6.13865,-6.4680862E-08,-9.99858474731445,6.13865,6.13865
6.13875,-6.5517533E-08,-9.99853897094727,6.13875,6.13875
6.13885,-6.6424512E-08,-9.99888610839844,6.13885,6.13885
6.13895,-7.9994074E-08,-9.99872589111328,6.13895,6.13895
6.13905,1.2011811123E-05,-1.39774978160858,6.13905,6.13905
6.13915,4.375451681E-05,-0.001684051239863,6.13915,6.13915
6.13925,4.6010052756E-05,-0.001417217310518,6.13925,6.13925
6.13935,4.6612090955E-05,-0.000924995867535,6.13935,6.13935
6.13945,4.6798872063E-05,-0.000677161151543,6.13945,6.13945
6.13955,4.6873625251E-05,-0.000806074589491,6.13955,6.13955
6.13965,4.6863569878E-05,-0.000855824502651,6.13965,6.13965
6.13975,4.6829161874E-05,-0.001025832607411,6.13975,6.13975
6.13985,4.6807785111E-05,-0.000850054377224,6.13985,6.13985
6.13995,4.6763561841E-05,-0.000830281060189,6.13995,6.13995
6.14005,2.1562796974E-05,-8.59169578552246,6.14005,6.14005
6.14015,1.97120215E-07,-9.99777126312256,6.14015,6.14015
6.14025,1.7249741E-08,-9.99810886383057,6.14025,6.14025
6.14035,-8.45508E-09,-9.99839496612549,6.14035,6.14035
6.14045,-4.2378975E-08,-9.99851703643799,6.14045,6.14045
6.14055,-5.2798708E-08,-9.99842834472656,6.14055,6.14055
6.14065,-7.7596546E-08,-9.99889659881592,6.14065,6.14065
6.14075,-8.2040053E-08,-9.99883270263672,6.14075,6.14075
6.14085,-7.5873992E-08,-9.9987850189209,6.14085,6.14085
6.14095,-9.9603142E-08,-9.99861335754395,6.14095,6.14095
6.14105,1.1977605936E-05,-1.4180154800415,6.14105,6.14105
6.14115,4.3851232476E-05,-0.001908242469653,6.14115,6.14115
6.14125,4.6089233365E-05,-0.001085926545784,6.14125,6.14125
6.14135,4.6714001655E-05,-0.000910922361072,6.14135,6.14135
6.14145,4.6919583838E-05,-0.000541633169632,6.14145,6.14145
6.14155,4.6944122005E-05,-0.000438403862063,6.14155,6.14155
6.14165,4.6922235924E-05,-0.000749147206079,6.14165,6.14165
6.14175,4.6926827054E-05,-0.000811000354588,6.14175,6.14175
6.14185,4.689661364E-05,-0.000741406751331,6.14185,6.14185
6.14195,4.6845205361E-05,-0.000432985572843,6.14195,6.14195
6.14205,2.1715057301E-05,-8.57119274139404,6.14205,6.14205
6.14215,2.10521037E-07,-9.99740409851074,6.14215,6.14215
6.14225,3.0784147E-08,-9.99771595001221,6.14225,6.14225
6.14235,-5.1280043E-08,-9.99808597564697,6.14235,6.14235
6.14245,-6.5833923E-08,-9.99850177764893,6.14245,6.14245
6.14255,-9.454795E-08,-9.99851608276367,6.14255,6.14255
6.14265,-6.4230889E-08,-9.99807834625244,6.14265,6.14265
6.14275,-1.05593429E-07,-9.99819183349609,6.14275,6.14275
6.14285,-5.7221119E-08,-9.99806785583496,6.14285,6.14285
6.14295,-1.36388593E-07,-9.99791622161865,6.14295,6.14295
6.14305,1.1909118257E-05,-1.43716835975647,6.14305,6.14305
6.14315,4.3922784243E-05,-0.001201610895805,6.14315,6.14315
6.14325,4.6133012802E-05,-0.000733173743356,6.14325,6.14325
6.14335,4.674028969E-05,-0.000391116831452,6.14335,6.14335
6.14345,4.6955672588E-05,-0.000356144126272,6.14345,6.14345
6.14355,4.7007364628E-05,-0.000423908146331,6.14355,6.14355
6.14365,4.7005607485E-05,-0.000419545336626,6.14365,6.14365
6.14375,4.6969362302E-05,-0.000336230092216,6.14375,6.14375
6.14385,4.6983317588E-05,-0.00070228241384,6.14385,6.14385
6.14395,4.6949302487E-05,-0.000726137019228,6.14395,6.14395
6.14405,2.1801311959E-05,-8.55124855041504,6.14405,6.14405
6.14415,2.0844692E-07,-9.99721622467041,6.14415,6.14415
6.14425,1.2848424E-08,-9.9976053237915,6.14425,6.14425
6.14435,-6.5770642E-08,-9.9977331161499,6.14435,6.14435
6.14445,-9.2122306E-08,-9.99771213531494,6.14445,6.14445
6.14455,-7.1029724E-08,-9.99786281585693,6.14455,6.14455
6.14465,-6.9004841E-08,-9.99776077270508,6.14465,6.14465
6.14475,-6.4814451E-08,-9.99776363372803,6.14475,6.14475
6.14485,-7.6865341E-08,-9.99769020080566,6.14485,6.14485
6.14495,-8.6926498E-08,-9.99753856658936,6.14495,6.14495
6.14505,1.189950035E-05,-1.45678162574768,6.14505,6.14505
6.14515,4.3984276999E-05,-0.000915214768611,6.14515,6.14515
6.14525,4.623944551E-05,-0.0004361520987,6.14525,6.14525
6.14535,4.6854645916E-05,-0.000330741429934,6.14535,6.14535
6.14545,4.7035755415E-05,-0.00013427506201,6.14545,6.14545
6.14555,4.7044966777E-05,-7.9880912381E-05,6.14555,6.14555
6.14565,4.7045759857E-05,-0.000143915429362,6.14565,6.14565
6.14575,4.7048186389E-05,-0.000110561188194,6.14575,6.14575
6.14585,4.7036224714E-05,-7.87718932E-07,6.14585,6.14585
6.14595,4.6996614401E-05,-8.5017745732E-05,6.14595,6.14595
6.14605,2.1913489036E-05,-8.53074550628662,6.14605,6.14605
6.14615,2.05810352E-07,-9.99723529815674,6.14615,6.14615
6.14625,2.3507205E-08,-9.99748420715332,6.14625,6.14625
6.14635,-2.3754229E-08,-9.99758720397949,6.14635,6.14635
6.14645,-4.8446609E-08,-9.99812126159668,6.14645,6.14645
6.14655,-7.7153608E-08,-9.99798679351807,6.14655,6.14655
6.14665,-8.8374854E-08,-9.99795055389404,6.14665,6.14665
6.14675,-8.7017902E-08,-9.99817848205566,6.14675,6.14675
6.14685,-7.7533272E-08,-9.99823093414307,6.14685,6.14685
6.14695,-8.3980567E-08,-9.99796390533447,6.14695,6.14695
6.14705,1.1823222849E-05,-1.47746825218201,6.14705,6.14705
6.14715,4.4001222705E-05,-0.001277396804653,6.14715,6.14715
6.14725,4.6238819777E-05,-0.000736621790566,6.14725,6.14725
6.14735,4.6873836254E-05,-0.000529037322849,6.14735,6.14735
6.14745,4.7076609917E-05,-0.000453392160125,6.14745,6.14745
6.14755,4.7122437536E-05,-0.000341929873684,6.14755,6.14755
6.14765,4.7089968575E-05,-0.000345448264852,6.14765,6.14765
6.14775,4.7078705393E-05,-0.000146378297359,6.14775,6.14775
6.14785,4.7087040002E-05,-0.000521085807122,6.14785,6.14785
6.14795,4.704350431E-05,-0.00019584671827,6.14795,6.14795
6.14805,2.2001649995E-05,-8.51115322113037,6.14805,6.14805
6.14815,2.04973688E-07,-9.99734210968018,6.14815,6.14815
6.14825,2.6115655E-08,-9.99784755706787,6.14825,6.14825
6.14835,-7.787149E-09,-9.99802875518799,6.14835,6.14835
6.14845,-6.2423958E-08,-9.99813842773438,6.14845,6.14845
6.14855,-5.2208115E-08,-9.99803352355957,6.14855,6.14855
6.14865,-6.8618142E-08,-9.99794006347656,6.14865,6.14865
6.14875,-8.9099032E-08,-9.99823474884033,6.14875,6.14875
6.14885,-9.2516032E-08,-9.9979076385498,6.14885,6.14885
6.14895,-4.9845749E-08,-9.99809455871582,6.14895,6.14895
6.14905,1.1787393305E-05,-1.49745655059815,6.14905,6.14905
6.14915,4.4075222831E-05,-0.001397584681399,6.14915,6.14915
6.14925,4.6358873078E-05,-0.000966653460637,6.14925,6.14925
6.14935,4.6996781748E-05,-0.000752243387979,6.14935,6.14935
6.14945,4.7184730647E-05,-0.000891571224201,6.14945,6.14945
6.14955,4.7225839808E-05,-0.0007924233214,6.14955,6.14955
6.14965,4.7246827307E-05,-0.000678287062328,6.14965,6.14965
6.14975,4.7222845751E-05,-0.000695104885381,6.14975,6.14975
6.14985,4.7183973948E-05,-0.000589905306697,6.14985,6.14985
6.14995,4.7175388318E-05,-0.000820218469016,6.14995,6.14995
6.15005,2.2132368031E-05,-8.49135303497314,6.15005,6.15005
6.15015,2.18156543E-07,-9.99742126464844,6.15015,6.15015
6.15025,3.722368E-09,-9.99791049957275,6.15025,6.15025
6.15035,-4.6548276E-08,-9.99800586700439,6.15035,6.15035
6.15045,-4.4860869E-08,-9.99832439422607,6.15045,6.15045
6.15055,-9.3310518E-08,-9.99798393249512,6.15055,6.15055
6.15065,-6.8815005E-08,-9.99841213226318,6.15065,6.15065
6.15075,-6.5622999E-08,-9.99827098846436,6.15075,6.15075
6.15085,-8.4423512E-08,-9.99849796295166,6.15085,6.15085
6.15095,-8.9148251E-08,-9.99824714660645,6.15095,6.15095
6.15105,1.1710784747E-05,-1.5172975063324,6.15105,6.15105
6.15115,4.411566988E-05,-0.0012658565538,6.15115,6.15115
6.15125,4.6414945245E-05,-0.001012040651403,6.15125,6.15125
6.15135,4.7078305215E-05,-0.000715230009519,6.15135,6.15135
6.15145,4.7245492169E-05,-0.000964753562585,6.15145,6.15145
6.15155,4.7276400437E-05,-0.000795941683464,6.15155,6.15155
6.15165,4.7275192628E-05,-0.000700875010807,6.15165,6.15165
6.15175,4.7229463235E-05,-0.000624737294856,6.15175,6.15175
6.15185,4.7230292694E-05,-0.000717481772881,6.15185,6.15185
6.15195,4.7168119636E-05,-0.000337848556228,6.15195,6.15195
6.15205,2.2193866243E-05,-8.47138500213623,6.15205,6.15205
6.15215,2.17319865E-07,-9.99750900268555,6.15215,6.15215
6.15225,-1.2265806E-08,-9.99804496765137,6.15225,6.15225
6.15235,-4.4825715E-08,-9.99823951721191,6.15235,6.15235
6.15245,-5.9049142E-08,-9.99838256835938,6.15245,6.15245
6.15255,-4.976841E-08,-9.99817085266113,6.15255,6.15255
6.15265,-7.2970245E-08,-9.99814510345459,6.15265,6.15265
6.15275,-8.5400806E-08,-9.99831676483154,6.15275,6.15275
6.15285,-7.6900491E-08,-9.9981164932251,6.15285,6.15285
6.15295,-7.147267E-08,-9.99840259552002,6.15295,6.15295
6.15305,1.1679539966E-05,-1.53752732276917,6.15305,6.15305
6.15315,4.41973134E-05,-0.00181986077223,6.15315,6.15315
6.15325,4.6503995691E-05,-0.001298155286349,6.15325,6.15325
6.15335,4.7123710829E-05,-0.001268811989576,6.15335,6.15335
6.15345,4.7323879699E-05,-0.000704534177203,6.15345,6.15345
6.15355,4.7374320275E-05,-0.000558591738809,6.15355,6.15355
6.15365,4.7394147259E-05,-0.000704041565768,6.15365,6.15365
6.15375,4.731613808E-05,-0.000592016323935,6.15375,6.15375
6.15385,4.7329231165E-05,-0.000438403862063,6.15385,6.15385
6.15395,4.7287656344E-05,-0.000348122237483,6.15395,6.15395
6.15405,2.230861719E-05,-8.45123672485352,6.15405,6.15405
6.15415,2.12018605E-07,-9.99733924865723,6.15415,6.15415
6.15425,2.2101034E-08,-9.99785327911377,6.15425,6.15425
6.15435,-2.4787767E-08,-9.99831771850586,6.15435,6.15435
6.15445,-7.0298519E-08,-9.99825191497803,6.15445,6.15445
6.15455,-6.714869E-08,-9.99842834472656,6.15455,6.15455
6.15465,-7.2499176E-08,-9.99843597412109,6.15465,6.15465
6.15475,-5.6750054E-08,-9.99832820892334,6.15475,6.15475
6.15485,-6.9461848E-08,-9.99870300292969,6.15485,6.15485
6.15495,-6.5116772E-08,-9.99855613708496,6.15495,6.15495
6.15505,1.1625134903E-05,-1.55789697170258,6.15505,6.15505
6.15515,4.4243577577E-05,-0.001975513761863,6.15515,6.15515
6.15525,4.6515913709E-05,-0.001362119452097,6.15525,6.15525
6.15535,4.7194975195E-05,-0.001102111185901,6.15535,6.15535
6.15545,4.7387966333E-05,-0.001107599819079,6.15545,6.15545
6.15555,4.7438206821E-05,-0.000788553094026,6.15555,6.15555
6.15565,4.7401346819E-05,-0.000802274735179,6.15565,6.15565
6.15575,4.7397599701E-05,-0.000974253169261,6.15575,6.15575
6.15585,4.7380828619E-05,-0.000860961328726,6.15585,6.15585
6.15595,4.7342084144E-05,-0.000981430639513,6.15595,6.15595
6.15605,2.2432261176E-05,-8.43168258666992,6.15605,6.15605
6.15615,2.11308489E-07,-9.99748229980469,6.15615,6.15615
6.15625,-9.347999E-09,-9.99777221679688,6.15625,6.15625
6.15635,-4.8017725E-08,-9.99764251708984,6.15635,6.15635
6.15645,-6.4041053E-08,-9.9981689453125,6.15645,6.15645
6.15655,-8.2862663E-08,-9.99817180633545,6.15655,6.15655
6.15665,-7.59443E-08,-9.99840259552002,6.15665,6.15665
6.15675,-6.4814451E-08,-9.99867725372314,6.15675,6.15675
6.15685,-7.1683594E-08,-9.99838829040527,6.15685,6.15685
6.15695,-6.5341759E-08,-9.99841690063477,6.15695,6.15695
6.15705,1.156964754E-05,-1.5776059627533,6.15705,6.15705
6.15715,4.431207708E-05,-0.001321798772551,6.15715,6.15715
6.15725,4.6627606935E-05,-0.000972423644271,6.15725,6.15725
6.15735,4.7243538575E-05,-0.000498005247209,6.15735,6.15735
6.15745,4.7419605835E-05,-0.000466621277155,6.15745,6.15745
6.15755,4.7461267968E-05,-0.000621078186668,6.15755,6.15755
6.15765,4.7477980843E-05,-0.000759843096603,6.15765,6.15765
6.15775,4.7425350203E-05,-0.000465565768536,6.15775,6.15775
6.15785,4.7446912504E-05,-0.000649506691843,6.15785,6.15785
6.15795,4.7476300097E-05,-0.000808326352853,6.15795,6.15795
6.15805,2.2586827981E-05,-8.41153907775879,6.15805,6.15805
6.15815,2.25440516E-07,-9.99762344360352,6.15815,6.15815
6.15825,3.1944236E-08,-9.99815654754639,6.15825,6.15825
6.15835,-2.0780176E-08,-9.99837493896484,6.15835,6.15835
6.15845,-6.1383389E-08,-9.99853992462158,6.15845,6.15845
6.15855,-6.4624615E-08,-9.99836540222168,6.15855,6.15855
6.15865,-5.6089153E-08,-9.99858951568604,6.15865,6.15865
6.15875,-4.142278E-08,-9.99850654602051,6.15875,6.15875
6.15885,-7.6830183E-08,-9.99818801879883,6.15885,6.15885
6.15895,-8.4528978E-08,-9.99841117858887,6.15895,6.15895
6.15905,1.153525227E-05,-1.59761250019074,6.15905,6.15905
6.15915,4.4359578169E-05,-0.001561048673466,6.15915,6.15915
6.15925,4.6697135986E-05,-0.001097959466279,6.15925,6.15925
6.15935,4.7330755478E-05,-0.000766809505876,6.15935,6.15935
6.15945,4.7527846618E-05,-0.000703408266418,6.15945,6.15945
6.15955,4.7568610171E-05,-0.000840625085402,6.15955,6.15955
6.15965,4.7554061894E-05,-0.000699538039044,6.15965,6.15965
6.15975,4.7541969252E-05,-0.000751258223318,6.15975,6.15975
6.15985,4.7520807129E-05,-0.000835699378513,6.15985,6.15985
6.15995,4.749040454E-05,-0.000418067618739,6.15995,6.15995
6.16005,2.2642456315E-05,-8.39139842987061,6.16005,6.16005
6.16015,2.2154542E-07,-9.99710464477539,6.16015,6.16015
6.16025,-6.943445E-09,-9.9975471496582,6.16025,6.16025
6.16035,-2.4112804E-08,-9.99777317047119,6.16035,6.16035
6.16045,-2.6222061E-08,-9.99833106994629,6.16045,6.16045
6.16055,-6.0188142E-08,-9.99801158905029,6.16055,6.16055
6.16065,-3.2901376E-08,-9.99814224243164,6.16065,6.16065
6.16075,-2.7670419E-08,-9.99810791015625,6.16075,6.16075
6.16085,-3.6803506E-08,-9.99827766418457,6.16085,6.16085
6.16095,-6.2761437E-08,-9.99795818328857,6.16095,6.16095
6.16105,1.14884906E-05,-1.61708879470825,6.16105,6.16105
6.16115,4.4409378461E-05,-0.001343894284219,6.16115,6.16115
6.16125,4.6734003263E-05,-0.000810367055237,6.16125,6.16125
6.16135,4.738129428E-05,-0.00048336875625,6.16135,6.16135
6.16145,4.7575824283E-05,-0.000307731213979,6.16145,6.16145
6.16155,4.7629961045E-05,-0.000212453480344,6.16155,6.16155
6.16165,4.7609704779E-05,-3.477527207E-05,6.16165,6.16165
6.16175,4.7575449571E-05,-0.000256503612036,6.16175,6.16175
6.16185,4.7586236178E-05,-0.000502297654748,6.16185,6.16185
6.16195,4.7586614528E-05,-0.000538959167898,6.16195,6.16195
6.16205,2.278759348E-05,-8.37130451202393,6.16205,6.16205
6.16215,2.2009003E-07,-9.99729156494141,6.16215,6.16215
6.16225,3.8138424E-08,-9.99798202514648,6.16225,6.16225
6.16235,-2.6285338E-08,-9.99803161621094,6.16235,6.16235
6.16245,-4.9444989E-08,-9.99788093566895,6.16245,6.16245
6.16255,-6.3492649E-08,-9.99793815612793,6.16255,6.16255
6.16265,-7.4938882E-08,-9.99806499481201,6.16265,6.16265
6.16275,-9.2994128E-08,-9.99808979034424,6.16275,6.16275
6.16285,-1.25842305E-07,-9.99792003631592,6.16285,6.16285
6.16295,-1.05832477E-07,-9.99809169769287,6.16295,6.16295
6.16305,1.1407220882E-05,-1.63707041740418,6.16305,6.16305
6.16315,4.4435608288E-05,-0.001029280712828,6.16315,6.16315
6.16325,4.6795510571E-05,-0.000869475828949,6.16325,6.16325
6.16335,4.7445661039E-05,-0.000374650815502,6.16335,6.16335
6.16345,4.7608089517E-05,-0.00055584742222,6.16345,6.16345
6.16355,4.76889727E-05,-0.000186698933248,6.16355,6.16355
6.16365,4.7659083066E-05,-0.000298020488117,6.16365,6.16365
6.16375,4.7634115617E-05,-0.000130264117615,6.16375,6.16375
6.16385,4.7611349146E-05,0.000173864682438,6.16385,6.16385
6.16395,4.7582227126E-05,-0.000258544256212,6.16395,6.16395
6.16405,2.286502604E-05,-8.3513822555542,6.16405,6.16405
6.16415,2.29223119E-07,-9.9972038269043,6.16415,6.16415
6.16425,2.991159E-09,-9.99762916564941,6.16425,6.16425
6.16435,-1.1527566E-08,-9.99755382537842,6.16435,6.16435
6.16445,-4.4755406E-08,-9.99784660339355,6.16445,6.16445
6.16455,-5.5421218E-08,-9.99789047241211,6.16455,6.16455
6.16465,-4.3321112E-08,-9.99800109863281,6.16465,6.16465
6.16475,-8.6469491E-08,-9.99815082550049,6.16475,6.16475
6.16485,-6.165056E-08,-9.99836921691895,6.16485,6.16485
6.16495,-5.689067E-08,-9.99802589416504,6.16495,6.16495
6.16505,1.1364648344E-05,-1.65713942050934,6.16505,6.16505
6.16515,4.4502085075E-05,-0.0013519161148,6.16515,6.16515
6.16525,4.6858218411E-05,-0.000982837984338,6.16525,6.16525
6.16535,4.750381413E-05,-0.000732962682378,6.16535,6.16535
6.16545,4.769539737E-05,-0.000625792774372,6.16545,6.16545
6.16555,4.7764016927E-05,-0.000610523042269,6.16555,6.16555
6.16565,4.7740246373E-05,-0.000597575388383,6.16565,6.16565
6.16575,4.7768215154E-05,-0.000501875474583,6.16575,6.16575
6.16585,4.7721445299E-05,-0.00035860700882,6.16585,6.16585
6.16595,4.7694589739E-05,-0.000254322192632,6.16595,6.16595
6.16605,2.2991391234E-05,-8.33137893676758,6.16605,6.16605
6.16615,2.42209126E-07,-9.99732303619385,6.16615,6.16615
6.16625,3.4601904E-08,-9.99783515930176,6.16625,6.16625
6.16635,-1.7602227E-08,-9.99783897399902,6.16635,6.16635
6.16645,-4.2779735E-08,-9.99822616577148,6.16645,6.16645
6.16655,-6.2634882E-08,-9.99826145172119,6.16655,6.16655
6.16665,-7.3427252E-08,-9.99813079833984,6.16665,6.16665
6.16675,-8.3614964E-08,-9.9984769821167,6.16675,6.16675
6.16685,-1.04011491E-07,-9.99820137023926,6.16685,6.16685
6.16695,-7.711845E-08,-9.99829387664795,6.16695,6.16695
6.16705,1.1302790881E-05,-1.67763602733612,6.16705,6.16705
6.16715,4.4537169742E-05,-0.001375700347126,6.16715,6.16715
6.16725,4.6883818868E-05,-0.001082830363885,6.16725,6.16725
6.16735,4.7532386816E-05,-0.001060171984136,6.16735,6.16735
6.16745,4.7737525165E-05,-0.000818951870315,6.16745,6.16745
6.16755,4.776134665E-05,-0.000563024892472,6.16755,6.16755
6.16765,4.7799101594E-05,-0.000659850717057,6.16765,6.16765
6.16775,4.7804423957E-05,-0.000510530662723,6.16775,6.16775
6.16785,4.7757275752E-05,-0.000126886472572,6.16785,6.16785
6.16795,4.7705048928E-05,-0.000515526742674,6.16795,6.16795
6.16805,2.3083790438E-05,-8.31168079376221,6.16805,6.16805
6.16815,1.83620969E-07,-9.99752140045166,6.16815,6.16815
6.16825,1.1484437E-08,-9.99803829193115,6.16825,6.16825
6.16835,-1.566171E-08,-9.99852848052979,6.16835,6.16835
6.16845,-7.7237978E-08,-9.99816989898682,6.16845,6.16845
6.16855,-7.1008635E-08,-9.99793148040771,6.16855,6.16855
6.16865,-5.5111862E-08,-9.99814701080322,6.16865,6.16865
6.16875,-5.7143779E-08,-9.99838733673096,6.16875,6.16875
6.16885,-6.8062704E-08,-9.99837589263916,6.16885,6.16885
6.16895,-5.5322786E-08,-9.99851989746094,6.16895,6.16895
6.16905,1.1264894965E-05,-1.69779098033905,6.16905,6.16905
6.16915,4.4612948841E-05,-0.001910986728035,6.16915,6.16915
6.16925,4.6981582273E-05,-0.001062846044078,6.16925,6.16925
6.16935,4.7649962653E-05,-0.001066082972102,6.16935,6.16935
6.16945,4.7841112973E-05,-0.000638529309072,6.16945,6.16945
6.16955,4.7906160034E-05,-0.000762376352213,6.16955,6.16955
6.16965,4.7907222324E-05,-0.000678990734741,6.16965,6.16965
6.16975,4.7871169954E-05,-0.000517919252161,6.16975,6.16975
6.16985,4.7829980758E-05,-0.000313430995448,6.16985,6.16985
6.16995,4.7787474614E-05,-0.000449733051937,6.16995,6.16995
6.17005,2.3194610549E-05,-8.29147243499756,6.17005,6.17005
6.17015,2.24020283E-07,-9.99739074707031,6.17015,6.17015
6.17025,2.1222176E-08,-9.9974308013916,6.17025,6.17025
6.17035,-1.9212294E-08,-9.99787902832031,6.17035,6.17035
6.17045,-3.7682362E-08,-9.99798679351807,6.17045,6.17045
6.17055,-6.4406656E-08,-9.99830436706543,6.17055,6.17055
6.17065,-6.9623553E-08,-9.99804210662842,6.17065,6.17065
6.17075,-1.18748169E-07,-9.99819564819336,6.17075,6.17075
6.17085,-9.2980066E-08,-9.99808025360107,6.17085,6.17085
6.17095,-1.05305169E-07,-9.99796867370605,6.17095,6.17095
6.17105,1.1169739082E-05,-1.71717357635498,6.17105,6.17105
6.17115,4.4650787459E-05,-0.0012935110135,6.17115,6.17115
6.17125,4.7040241043E-05,-0.000891782343388,6.17125,6.17125
6.17135,4.7678629926E-05,-0.000723111210391,6.17135,6.17135
6.17145,4.7874458687E-05,-0.000550429103896,6.17145,6.17145
6.17155,4.7936795454E-05,-0.000654784264043,6.17155,6.17155
6.17165,4.7938250646E-05,-0.000541422050446,6.17165,6.17165
6.17175,4.7904177336E-05,-0.00075723946793,6.17175,6.17175
6.17185,4.7837631428E-05,-0.000667661544867,6.17185,6.17185
6.17195,4.7833687859E-05,-0.000615589495283,6.17195,6.17195
6.17205,2.331412179E-05,-8.2714958190918,6.17205,6.17205
6.17215,2.40282645E-07,-9.99714374542236,6.17215,6.17215
6.17225,-3.765497E-09,-9.99772453308105,6.17225,6.17225
6.17235,-1.9381035E-08,-9.99814033508301,6.17235,6.17235
6.17245,-6.0799827E-08,-9.99808692932129,6.17245,6.17245
6.17255,-5.9759259E-08,-9.99809551239014,6.17255,6.17255
6.17265,-8.0212033E-08,-9.997878074646,6.17265,6.17265
6.17275,-6.8758759E-08,-9.99820041656494,6.17275,6.17275
6.17285,-8.053545E-08,-9.99830055236816,6.17285,6.17285
6.17295,-1.03188874E-07,-9.99831008911133,6.17295,6.17295
6.17305,1.1133221051E-05,-1.73709273338318,6.17305,6.17305
6.17315,4.4716402044E-05,-0.001081704511307,6.17315,6.17315
6.17325,4.7086567065E-05,-0.000935762131121,6.17325,6.17325
6.17335,4.777310096E-05,-0.00102146982681,6.17335,6.17335
6.17345,4.793926928E-05,-0.000709811749402,6.17345,6.17345
6.17355,4.7984522098E-05,-0.000443188851932,6.17355,6.17355
6.17365,4.797629299E-05,-0.000451773696113,6.17365,6.17365
6.17375,4.7972938773E-05,-0.000617982004769,6.17375,6.17375
6.17385,4.7903329687E-05,-0.000297739024973,6.17385,6.17385
6.17395,4.7874895245E-05,-0.000316879013553,6.17395,6.17395
6.17405,2.3403412342E-05,-8.25173377990723,6.17405,6.17405
6.17415,2.05564277E-07,-9.99761772155762,6.17415,6.17415
6.17425,-1.7714722E-08,-9.99789047241211,6.17425,6.17425
6.17435,-5.1568311E-08,-9.99789524078369,6.17435,6.17435
6.17445,-4.8833304E-08,-9.99803447723389,6.17445,6.17445
6.17455,-6.96798E-08,-9.99813079833984,6.17455,6.17455
6.17465,-6.8674389E-08,-9.99807453155518,6.17465,6.17465
6.17475,-6.6403423E-08,-9.99826908111572,6.17475,6.17475
6.17485,-8.0570601E-08,-9.99842929840088,6.17485,6.17485
6.17495,-7.5255272E-08,-9.99825286865234,6.17495,6.17495
6.17505,1.1062124941E-05,-1.75747406482697,6.17505,6.17505
6.17515,4.4760799938E-05,-0.001417076564394,6.17515,6.17515
6.17525,4.7120385716E-05,-0.000801289628725,6.17525,6.17525
6.17535,4.7784626076E-05,-0.000705026730429,6.17535,6.17535
6.17545,4.7993813496E-05,-0.000511726888362,6.17545,6.17545
6.17555,4.8008972954E-05,-0.00028802829911,6.17555,6.17555
6.17565,4.8008390877E-05,-0.00050018663751,6.17565,6.17565
6.17575,4.7987439757E-05,-0.000513626844622,6.17575,6.17575
6.17585,4.8011646868E-05,-0.000516160042025,6.17585,6.17585
6.17595,4.796765279E-05,-0.000566613627598,6.17595,6.17595
6.17605,2.3517903173E-05,-8.23138046264648,6.17605,6.17605
6.17615,2.19766605E-07,-9.99735450744629,6.17615,6.17615
6.17625,1.9267597E-08,-9.99765205383301,6.17625,6.17625
6.17635,-3.5200468E-08,-9.99777507781982,6.17635,6.17635
6.17645,-7.1641409E-08,-9.99788570404053,6.17645,6.17645
6.17655,-5.0689451E-08,-9.99820232391357,6.17655,6.17655
6.17665,-7.1191437E-08,-9.9982738494873,6.17665,6.17665
6.17675,-7.6387245E-08,-9.99808788299561,6.17675,6.17675
6.17685,-8.7031964E-08,-9.99789810180664,6.17685,6.17685
6.17695,-8.9865402E-08,-9.998122215271,6.17695,6.17695
6.17705,1.0993518117E-05,-1.77730596065521,6.17705,6.17705
6.17715,4.4746233471E-05,-0.001611502259038,6.17715,6.17715
6.17725,4.714653187E-05,-0.001411236007698,6.17725,6.17725
6.17735,4.7855650337E-05,-0.00087383860955,6.17735,6.17735
6.17745,4.8007488658E-05,-0.00060960825067,6.17745,6.17745
6.17755,4.8107460316E-05,-0.000450155261206,6.17755,6.17755
6.17765,4.8090216296E-05,-0.000416801020037,6.17765,6.17765
6.17775,4.8088717449E-05,-0.000400897930376,6.17775,6.17775
6.17785,4.8050744226E-05,-0.000545081158634,6.17785,6.17785
6.17795,4.8043824791E-05,-0.000547895848285,6.17795,6.17795
6.17805,2.3637821869E-05,-8.21145248413086,6.17805,6.17805
6.17815,2.16961297E-07,-9.9974889755249,6.17815,6.17815
6.17825,1.8501234E-08,-9.99794387817383,6.17825,6.17825
6.17835,-1.8931059E-08,-9.99773025512695,6.17835,6.17835
6.17845,-2.9779676E-08,-9.99792194366455,6.17845,6.17845
6.17855,-6.6705752E-08,-9.99811840057373,6.17855,6.17855
6.17865,-9.0385683E-08,-9.99810600280762,6.17865,6.17865
6.17875,-8.6139046E-08,-9.99817752838135,6.17875,6.17875
6.17885,-6.4919909E-08,-9.99848747253418,6.17885,6.17885
6.17895,-1.12849278E-07,-9.99874973297119,6.17895,6.17895
6.17905,1.0926809409E-05,-1.79746055603027,6.17905,6.17905
6.17915,4.4816617446E-05,-0.00141693581827,6.17915,6.17915
6.17925,4.7200952395E-05,-0.001155027537607,6.17925,6.17925
6.17935,4.7866204113E-05,-0.000661328434944,6.17935,6.17935
6.17945,4.8061712732E-05,-0.000602430780418,6.17945,6.17945
6.17955,4.8122183216E-05,-0.00074049201794,6.17955,6.17955
6.17965,4.8133329983E-05,-0.000666746753268,6.17965,6.17965
6.17975,4.8126592446E-05,-0.000666676380206,6.17975,6.17975
6.17985,4.811812687E-05,-0.000522282032762,6.17985,6.17985
6.17995,4.8087043979E-05,-0.000395479612052,6.17995,6.17995
6.18005,2.3738602977E-05,-8.1915979385376,6.18005,6.18005
6.18015,1.95228907E-07,-9.99759101867676,6.18015,6.18015
6.18025,2.5384445E-08,-9.99783802032471,6.18025,6.18025
6.18035,-2.4133897E-08,-9.99806308746338,6.18035,6.18035
6.18045,-3.9088533E-08,-9.99834442138672,6.18045,6.18045
6.18055,-4.3243773E-08,-9.99835968017578,6.18055,6.18055
6.18065,-7.2302313E-08,-9.99832344055176,6.18065,6.18065
6.18075,-7.5234183E-08,-9.99821376800537,6.18075,6.18075
6.18085,-6.7908026E-08,-9.99878883361816,6.18085,6.18085
6.18095,-9.551821E-08,-9.99870491027832,6.18095,6.18095
6.18105,1.0877894965E-05,-1.81740629673004,6.18105,6.18105
6.18115,4.4902382797E-05,-0.001688414020464,6.18115,6.18115
6.18125,4.7301557061E-05,-0.001474285381846,6.18125,6.18125
6.18135,4.7975085181E-05,-0.000867224065587,6.18135,6.18135
6.18145,4.8162921303E-05,-0.000766950193793,6.18145,6.18145
6.18155,4.8237237934E-05,-0.000638670055196,6.18155,6.18155
6.18165,4.8245554353E-05,-0.000749147206079,6.18165,6.18165
6.18175,4.8211921239E-05,-0.000708334031515,6.18175,6.18175
6.18185,4.8207821237E-05,-0.000580827880185,6.18185,6.18185
6.18195,4.8186277127E-05,-0.000717552145943,6.18195,6.18195
6.18205,2.3854443498E-05,-8.17167186737061,6.18205,6.18205
6.18215,2.19858009E-07,-9.99771118164063,6.18215,6.18215
6.18225,-1.0269042E-08,-9.99794960021973,6.18225,6.18225
6.18235,-2.2776939E-08,-9.99814987182617,6.18235,6.18235
6.18245,-5.2580752E-08,-9.99812698364258,6.18245,6.18245
6.18255,-8.6989779E-08,-9.99845218658447,6.18255,6.18255
6.18265,-5.9203821E-08,-9.9983081817627,6.18265,6.18265
6.18275,-9.1721546E-08,-9.99839305877686,6.18275,6.18275
6.18285,-9.7894642E-08,-9.99864387512207,6.18285,6.18285
6.18295,-9.0898936E-08,-9.99849224090576,6.18295,6.18295
6.18305,1.0844203644E-05,-1.8373064994812,6.18305,6.18305
6.18315,4.4919474021E-05,-0.001535645918921,6.18315,6.18315
6.18325,4.7359877499E-05,-0.00111639581155,6.18325,6.18325
6.18335,4.8034602514E-05,-0.000832462450489,6.18335,6.18335
6.18345,4.8215428251E-05,-0.000719522475265,6.18345,6.18345
6.18355,4.8274774599E-05,-0.000665480154566,6.18355,6.18355
6.18365,4.8297602916E-05,-0.000866872200277,6.18365,6.18365
6.18375,4.8278128816E-05,-0.00077898305608,6.18375,6.18375
6.18385,4.8254500143E-05,-0.0004743617028,6.18385,6.18385
6.18395,4.8201472964E-05,-0.00041701211012,6.18395,6.18395
6.18405,2.3923585104E-05,-8.15133666992188,6.18405,6.18405
6.18415,1.87558243E-07,-9.9968843460083,6.18415,6.18415
6.18425,-3.034287E-09,-9.99762439727783,6.18425,6.18425
6.18435,-8.0718252E-08,-9.99773597717285,6.18435,6.18435
6.18445,-5.7903112E-08,-9.99800872802734,6.18445,6.18445
6.18455,-8.144243E-08,-9.99813938140869,6.18455,6.18455
6.18465,-1.16596723E-07,-9.99830341339111,6.18465,6.18465
6.18475,-1.01199142E-07,-9.99837207794189,6.18475,6.18475
6.18485,-6.5517533E-08,-9.99868583679199,6.18485,6.18485
6.18495,-1.06683217E-07,-9.99853610992432,6.18495,6.18495
6.18505,1.0739731806E-05,-1.8572793006897,6.18505,6.18505
6.18515,4.4935270125E-05,-0.001169171417132,6.18515,6.18515
6.18525,4.7390727559E-05,-0.000853009813,6.18525,6.18525
6.18535,4.807544974E-05,-0.000741195690352,6.18535,6.18535
6.18545,4.8285728553E-05,-0.000543462694623,6.18545,6.18545
6.18555,4.8319161579E-05,-0.000575902173296,6.18555,6.18555
6.18565,4.8320180213E-05,-0.000362829043297,6.18565,6.18565
6.18575,4.8276175221E-05,-0.000713048619218,6.18575,6.18575
6.18585,4.8255496949E-05,-0.000450577470474,6.18585,6.18585
6.18595,4.8224475904E-05,-0.000522493151948,6.18595,6.18595
6.18605,2.4048171326E-05,-8.13168144226074,6.18605,6.18605
6.18615,1.91643167E-07,-9.99782752990723,6.18615,6.18615
6.18625,2.5820359E-08,-9.99799823760986,6.18625,6.18625
6.18635,-2.9456256E-08,-9.99829578399658,6.18635,6.18635
6.18645,-6.3703574E-08,-9.99852848052979,6.18645,6.18645
6.18655,-9.2192614E-08,-9.99831199645996,6.18655,6.18655
6.18665,-8.6968683E-08,-9.99823188781738,6.18665,6.18665
6.18675,-1.09460402E-07,-9.99852180480957,6.18675,6.18675
6.18685,-1.04088826E-07,-9.99833011627197,6.18685,6.18685
6.18695,-1.08440929E-07,-9.99866485595703,6.18695,6.18695
6.18705,1.0686430869E-05,-1.87758207321167,6.18705,6.18705
6.18715,4.4957003411E-05,-0.001479914761148,6.18715,6.18715
6.18725,4.7413366701E-05,-0.000965316488873,6.18725,6.18725
6.18735,4.8084519221E-05,-0.000768639030866,6.18735,6.18735
6.18745,4.8325269745E-05,-0.000747106561903,6.18745,6.18745
6.18755,4.8389512813E-05,-0.000272828881862,6.18755,6.18755
6.18765,4.841336704E-05,-0.000351077673258,6.18765,6.18765
6.18775,4.8372497986E-05,-0.000582868582569,6.18775,6.18775
6.18785,4.8310317652E-05,-0.000503071700223,6.18785,6.18785
6.18795,4.8308163969E-05,-0.000214705243707,6.18795,6.18795
6.18805,2.4169341486E-05,-8.11154365539551,6.18805,6.18805
6.18815,2.09909345E-07,-9.99749565124512,6.18815,6.18815
6.18825,-1.6196056E-08,-9.99787616729736,6.18825,6.18825
6.18835,-7.8637115E-08,-9.99775886535645,6.18835,6.18835
6.18845,-6.483554E-08,-9.99796962738037,6.18845,6.18845
6.18855,-9.2537128E-08,-9.99786281585693,6.18855,6.18855
6.18865,-6.5749553E-08,-9.998046875,6.18865,6.18865
6.18875,-4.2125865E-08,-9.99806880950928,6.18875,6.18875
6.18885,-6.4997252E-08,-9.99805736541748,6.18885,6.18885
6.18895,-9.1974655E-08,-9.99811935424805,6.18895,6.18895
6.18905,1.0630240467E-05,-1.89702260494232,6.18905,6.18905
6.18915,4.5060813136E-05,-0.001109147910029,6.18915,6.18915
6.18925,4.7490804718E-05,-0.000535511178896,6.18925,6.18925
6.18935,4.8181052989E-05,-0.000545784831047,6.18935,6.18935
6.18945,4.836705557E-05,-0.000520452507772,6.18945,6.18945
6.18955,4.8407848226E-05,-0.000364658626495,6.18955,6.18955
6.18965,4.8424510169E-05,-0.00034333721851,6.18965,6.18965
6.18975,4.8397971113E-05,-0.000440725998487,6.18975,6.18975
6.18985,4.8378264182E-05,-0.000404908874771,6.18985,6.18985
6.18995,4.8374993639E-05,-0.000400405348046,6.18995,6.18995
6.19005,2.4256629331E-05,-8.09164714813232,6.19005,6.19005
6.19015,2.23303132E-07,-9.99740791320801,6.19015,6.19015
6.19025,-9.481585E-09,-9.99788856506348,6.19025,6.19025
6.19035,-4.3792177E-08,-9.99812698364258,6.19035,6.19035
6.19045,-6.4132458E-08,-9.99838066101074,6.19045,6.19045
6.19055,-7.0129779E-08,-9.99849891662598,6.19055,6.19055
6.19065,-7.8391039E-08,-9.99859619140625,6.19065,6.19065
6.19075,-7.9213649E-08,-9.99850463867188,6.19075,6.19075
6.19085,-9.2129333E-08,-9.99848747253418,6.19085,6.19085
6.19095,-5.6461786E-08,-9.99838066101074,6.19095,6.19095
6.19105,1.0642361303E-05,-1.91729593276978,6.19105,6.19105
6.19115,4.5131313527E-05,-0.001349664409645,6.19115,6.19115
6.19125,4.7576188081E-05,-0.000885378918611,6.19125,6.19125
6.19135,4.8264875659E-05,-0.000705097103491,6.19135,6.19135
6.19145,4.8442532716E-05,-0.000564924848732,6.19145,6.19145
6.19155,4.8501857236E-05,-0.000821696245112,6.19155,6.19155
6.19165,4.8523357691E-05,-0.000908881658688,6.19165,6.19165
6.19175,4.8499630793E-05,-0.000809593009762,6.19175,6.19175
6.19185,4.8466561566E-05,-0.000675401941407,6.19185,6.19185
6.19195,4.8436759243E-05,-0.000480694783619,6.19195,6.19195
6.19205,2.4381271942E-05,-8.07159519195557,6.19205,6.19205
6.19215,2.25630345E-07,-9.99761962890625,6.19215,6.19215
6.19225,2.5743018E-08,-9.99754428863525,6.19225,6.19225
6.19235,-4.1050143E-08,-9.9979248046875,6.19235,6.19235
6.19245,-3.3653681E-08,-9.99821472167969,6.19245,6.19245
6.19255,-7.6091943E-08,-9.99801254272461,6.19255,6.19255
6.19265,-1.0753395E-07,-9.99814987182617,6.19265,6.19265
6.19275,-7.0235238E-08,-9.99833297729492,6.19275,6.19275
6.19285,-8.2848601E-08,-9.99864959716797,6.19285,6.19285
6.19295,-7.0720368E-08,-9.99864864349365,6.19295,6.19295
6.19305,1.0555874724E-05,-1.93729221820831,6.19305,6.19305
6.19315,4.5174980187E-05,-0.001452330732718,6.19315,6.19315
6.19325,4.7638048272E-05,-0.001038498827256,6.19325,6.19325
6.19335,4.8328187404E-05,-0.000704463804141,6.19335,6.19335
6.19345,4.8554400564E-05,-0.000841750996187,6.19345,6.19345
6.19355,4.8617359425E-05,-0.000337004137691,6.19355,6.19355
6.19365,4.8596062697E-05,-0.000135893526021,6.19365,6.19365
6.19375,4.8578043788E-05,-0.000239193162997,6.19375,6.19375
6.19385,4.8549871281E-05,-0.000531078025233,6.19385,6.19385
6.19395,4.8509937187E-05,-0.000479005975649,6.19395,6.19395
6.19405,2.4535500415E-05,-8.05164623260498,6.19405,6.19405
6.19415,2.5404205E-07,-9.99774837493896,6.19415,6.19415
6.19425,3.3019958E-08,-9.99805927276611,6.19425,6.19425
6.19435,-4.469916E-08,-9.99789524078369,6.19435,6.19435
6.19445,-5.8732756E-08,-9.99789810180664,6.19445,6.19445
6.19455,-5.3818184E-08,-9.99815082550049,6.19455,6.19455
6.19465,-5.4008016E-08,-9.99830055236816,6.19465,6.19465
6.19475,-8.0317491E-08,-9.99799919128418,6.19475,6.19475
6.19485,-5.2911204E-08,-9.99804973602295,6.19485,6.19485
6.19495,-4.5275691E-08,-9.99828720092773,6.19495,6.19495
6.19505,1.049115599E-05,-1.95728647708893,6.19505,6.19505
6.19515,4.5199711167E-05,-0.001176841557026,6.19515,6.19515
6.19525,4.7648136388E-05,-0.000610171176959,6.19525,6.19525
6.19535,4.8350786528E-05,-0.00047809118405,6.19535,6.19535
6.19545,4.8562844313E-05,-0.000242218971835,6.19545,6.19545
6.19555,4.8629110097E-05,-0.000195635628188,6.19555,6.19555
6.19565,4.8657449952E-05,-5.2859748394E-05,6.19565,6.19565
6.19575,4.8606503697E-05,2.2785428882E-05,6.19575,6.19575
6.19585,4.8621932365E-05,0.000106030311144,6.19585,6.19585
6.19595,4.8565016186E-05,-0.00012681609951,6.19595,6.19595
6.19605,2.4625735023E-05,-8.03129863739014,6.19605,6.19605
6.19615,2.08482078E-07,-9.9971809387207,6.19615,6.19615
6.19625,-1.311727E-09,-9.99759674072266,6.19625,6.19625
6.19635,-3.6079324E-08,-9.99783134460449,6.19635,6.19635
6.19645,-5.2341704E-08,-9.99788475036621,6.19645,6.19645
6.19655,-7.2991334E-08,-9.99817752838135,6.19655,6.19655
6.19665,-7.3806916E-08,-9.99793720245361,6.19665,6.19665
6.19675,-7.4172519E-08,-9.99820709228516,6.19675,6.19675
6.19685,-5.7600786E-08,-9.99835681915283,6.19685,6.19685
6.19695,-7.825745E-08,-9.99834823608398,6.19695,6.19695
6.19705,1.0427076631E-05,-1.97697389125824,6.19705,6.19705
6.19715,4.5233085984E-05,-0.001064464449883,6.19715,6.19715
6.19725,4.7706624173E-05,-0.000477668974781,6.19725,6.19725
6.19735,4.838627865E-05,-0.000315330922604,6.19735,6.19735
6.19745,4.8611167585E-05,-0.000128293817397,6.19745,6.19745
6.19755,4.8649602832E-05,-0.00032314172131,6.19755,6.19755
6.19765,4.8667567171E-05,-0.000328067457303,6.19765,6.19765
6.19775,4.8682268243E-05,-0.000480272603454,6.19775,6.19775
6.19785,4.8640613386E-05,-0.000462047377368,6.19785,6.19785
6.19795,4.8620349844E-05,-0.00028598762583,6.19795,6.19795
6.19805,2.470931031E-05,-8.01134777069092,6.19805,6.19805
6.19815,2.3222529E-07,-9.99716854095459,6.19815,6.19815
6.19825,-1.9606023E-08,-9.99763488769531,6.19825,6.19825
6.19835,-5.107615E-08,-9.9975528717041,6.19835,6.19835
6.19845,-4.3377359E-08,-9.99757766723633,6.19845,6.19845
6.19855,-6.5770642E-08,-9.99796009063721,6.19855,6.19855
6.19865,-7.5824772E-08,-9.9980640411377,6.19865,6.19865
6.19875,-7.6056793E-08,-9.99785041809082,6.19875,6.19875
6.19885,-8.8613909E-08,-9.99820995330811,6.19885,6.19885
6.19895,-8.734132E-08,-9.99803352355957,6.19895,6.19895
6.19905,1.032286491E-05,-1.99696004390717,6.19905,6.19905
6.19915,4.5287455578E-05,-0.000995152397081,6.19915,6.19915
6.19925,4.7785328206E-05,-0.000971297733486,6.19925,6.19925
6.19935,4.8433252232E-05,-0.000575479934923,6.19935,6.19935
6.19945,4.8663583584E-05,-0.000305831286823,6.19945,6.19945
6.19955,4.8724854423E-05,-0.000609537877608,6.19955,6.19955
6.19965,4.8743881052E-05,-0.000530866906047,6.19965,6.19965
6.19975,4.8716206948E-05,-0.000324056512909,6.19975,6.19975
6.19985,4.8701422202E-05,-0.000347559282091,6.19985,6.19985
6.19995,4.8676960432E-05,-0.000270154909231,6.19995,6.19995
6.20005,2.4844992367E-05,-7.99171352386475,6.20005,6.20005
6.20015,2.15133269E-07,-9.99739265441895,6.20015,6.20015
6.20025,9.818123E-09,-9.99756908416748,6.20025,6.20025
6.20035,-4.3496883E-08,-9.99774742126465,6.20035,6.20035
6.20045,-5.0415249E-08,-9.99782085418701,6.20045,6.20045
6.20055,-5.8367149E-08,-9.99766826629639,6.20055,6.20055
6.20065,-5.9759259E-08,-9.99796581268311,6.20065,6.20065
6.20075,-9.2769142E-08,-9.99807167053223,6.20075,6.20075
6.20085,-1.12216497E-07,-9.99832248687744,6.20085,6.20085
6.20095,-1.01142895E-07,-9.99851512908936,6.20095,6.20095
6.20105,1.027629969E-05,-2.01736521720886,6.20105,6.20105
6.20115,4.5306740503E-05,-0.001651541446336,6.20115,6.20115
6.20125,4.7809106036E-05,-0.001122658490203,6.20125,6.20125
6.20135,4.8476449592E-05,-0.00101035181433,6.20135,6.20135
6.20145,4.8672060075E-05,-0.000950750429183,6.20145,6.20145
6.20155,4.8733749281E-05,-0.000664354243781,6.20155,6.20155
6.20165,4.875589002E-05,-0.00060623063473,6.20165,6.20165
6.20175,4.8766782129E-05,-0.000510741781909,6.20175,6.20175
6.20185,4.8738300393E-05,-0.000967216445133,6.20185,6.20185
6.20195,4.8719830374E-05,-0.000535370432772,6.20195,6.20195
6.20205,2.4930748623E-05,-7.97135925292969,6.20205,6.20205
6.20215,2.13009955E-07,-9.99735450744629,6.20215,6.20215
6.20225,-6.57081E-09,-9.99791240692139,6.20225,6.20225
6.20235,-5.1610495E-08,-9.99786853790283,6.20235,6.20235
6.20245,-6.4026992E-08,-9.99813079833984,6.20245,6.20245
6.20255,-6.9405601E-08,-9.99825096130371,6.20255,6.20255
6.20265,-7.3146019E-08,-9.99801445007324,6.20265,6.20265
6.20275,-8.3917293E-08,-9.99810028076172,6.20275,6.20275
6.20285,-8.3446224E-08,-9.99807453155518,6.20285,6.20285
6.20295,-7.6098978E-08,-9.99815368652344,6.20295,6.20295
6.20305,1.021636217E-05,-2.03714489936829,6.20305,6.20305
6.20315,4.5378168579E-05,-0.001635638298467,6.20315,6.20315
6.20325,4.7887777328E-05,-0.001296818256378,6.20325,6.20325
6.20335,4.8535956012E-05,-0.00109324476216,6.20335,6.20335
6.20345,4.8765872634E-05,-0.000976645736955,6.20345,6.20345
6.20355,4.8813162721E-05,-0.000862368673552,6.20355,6.20355
6.20365,4.8759025958E-05,-0.000587020243984,6.20365,6.20365
6.20375,4.8797588533E-05,-0.000458951195469,6.20375,6.20375
6.20385,4.8808760766E-05,-0.000509404751938,6.20385,6.20385
6.20395,4.8769197747E-05,-0.000569709809497,6.20395,6.20395
6.20405,2.5051158445E-05,-7.95144176483154,6.20405,6.20405
6.20415,1.9998177E-07,-9.99725246429443,6.20415,6.20415
6.20425,6.633144E-09,-9.99793434143066,6.20425,6.20425
6.20435,-6.1123245E-08,-9.99800682067871,6.20435,6.20435
6.20445,-8.0922149E-08,-9.99812602996826,6.20445,6.20445
6.20455,-7.623256E-08,-9.99826335906982,6.20455,6.20455
6.20465,-6.5362855E-08,-9.99830436706543,6.20465,6.20465
6.20475,-5.1280043E-08,-9.99843692779541,6.20475,6.20475
6.20485,-9.2452758E-08,-9.99830436706543,6.20485,6.20485
6.20495,-4.7483379E-08,-9.99816989898682,6.20495,6.20495
6.20505,1.0152803043E-05,-2.05700087547302,6.20505,6.20505
6.20515,4.5368280553E-05,-0.001398640219122,6.20515,6.20515
6.20525,4.7931058361E-05,-0.001107388758101,6.20525,6.20525
6.20535,4.8652043915E-05,-0.000611508148722,6.20535,6.20535
6.20545,4.8836802307E-05,-0.000837106723338,6.20545,6.20545
6.20555,4.8891619372E-05,-0.001039132126607,6.20555,6.20555
6.20565,4.8871730542E-05,-0.000832251331303,6.20565,6.20565
6.20575,4.8888367019E-05,-0.000772157451138,6.20575,6.20575
6.20585,4.8833382607E-05,-0.000692219822668,6.20585,6.20585
6.20595,4.8812165915E-05,-0.000531922385562,6.20595,6.20595
6.20605,2.5188337531E-05,-7.93149566650391,6.20605,6.20605
6.20615,2.32260447E-07,-9.99718475341797,6.20615,6.20615
6.20625,1.5794354E-08,-9.99747371673584,6.20625,6.20625
6.20635,-3.3759143E-08,-9.99758148193359,6.20635,6.20635
6.20645,-7.3146019E-08,-9.9977855682373,6.20645,6.20645
6.20655,-6.5489409E-08,-9.99768733978271,6.20655,6.20655
6.20665,-7.3448341E-08,-9.99820995330811,6.20665,6.20665
6.20675,-7.2210909E-08,-9.99838638305664,6.20675,6.20675
6.20685,-8.5393772E-08,-9.99834632873535,6.20685,6.20685
6.20695,-9.0519272E-08,-9.9982385635376,6.20695,6.20695
6.20705,1.0077487786E-05,-2.07729339599609,6.20705,6.20705
6.20715,4.5417960791E-05,-0.001559993135743,6.20715,6.20715
6.20725,4.7938694479E-05,-0.001041313516907,6.20725,6.20725
6.20735,4.8641672038E-05,-0.00087200908456,6.20735,6.20735
6.20745,4.8867841542E-05,-0.000847239687573,6.20745,6.20745
6.20755,4.8922916903E-05,-0.000536144478247,6.20755,6.20755
6.20765,4.8908044846E-05,-0.000492164690513,6.20765,6.20765
6.20775,4.8914254876E-05,-0.000576746591832,6.20775,6.20775
6.20785,4.8891331971E-05,-0.000260092347162,6.20785,6.20785
6.20795,4.8875750508E-05,-0.000168121885508,6.20795,6.20795
6.20805,2.5270815968E-05,-7.91098117828369,6.20805,6.20805
6.20815,2.65959358E-07,-9.99727821350098,6.20815,6.20815
6.20825,3.3673828E-08,-9.99776744842529,6.20825,6.20825
6.20835,-3.9397893E-08,-9.99787616729736,6.20835,6.20835
6.20845,-7.0643033E-08,-9.99814414978027,6.20845,6.20845
6.20855,-4.1633704E-08,-9.99810886383057,6.20855,6.20855
6.20865,-4.3370328E-08,-9.99812602996826,6.20865,6.20865
6.20875,-6.6473731E-08,-9.99832916259766,6.20875,6.20875
6.20885,-5.5393095E-08,-9.9984245300293,6.20885,6.20885
6.20895,-6.1791177E-08,-9.99845886230469,6.20895,6.20895
6.20905,1.0064614798E-05,-2.09737944602966,6.20905,6.20905
6.20915,4.550470112E-05,-0.001601017429493,6.20915,6.20915
6.20925,4.8036261433E-05,-0.001205410808325,6.20925,6.20925
6.20935,4.870552948E-05,-0.000898889498785,6.20935,6.20935
6.20945,4.8921334383E-05,-0.000841469503939,6.20945,6.20945
6.20955,4.9001344451E-05,-0.00074267340824,6.20955,6.20955
6.20965,4.9008402129E-05,-0.000778560875915,6.20965,6.20965
6.20975,4.8963076551E-05,-0.000531218713149,6.20975,6.20975
6.20985,4.8942536523E-05,-0.000624948414043,6.20985,6.20985
6.20995,4.8954076192E-05,-0.000549514312297,6.20995,6.20995
6.21005,2.5381355954E-05,-7.8921217918396,6.21005,6.21005
6.21015,2.14113797E-07,-9.9976806640625,6.21015,6.21015
6.21025,2.2276806E-08,-9.998122215271,6.21025,6.21025
6.21035,-1.719517E-09,-9.99844741821289,6.21035,6.21035
6.21045,-5.7305488E-08,-9.99849319458008,6.21045,6.21045
6.21055,-5.7108625E-08,-9.998291015625,6.21055,6.21055
6.21065,-5.5793855E-08,-9.99849414825439,6.21065,6.21065
6.21075,-6.8308786E-08,-9.99886035919189,6.21075,6.21075
6.21085,-9.3570662E-08,-9.99884223937988,6.21085,6.21085
6.21095,-1.03364648E-07,-9.99877834320068,6.21095,6.21095
6.21105,9.962709555E-06,-2.11718940734863,6.21105,6.21105
6.21115,4.5480544941E-05,-0.001314410241321,6.21115,6.21115
6.21125,4.8037461966E-05,-0.00103118061088,6.21125,6.21125
6.21135,4.8769277782E-05,-0.000522633898072,6.21135,6.21135
6.21145,4.8992842494E-05,-0.000352062808815,6.21145,6.21145
6.21155,4.9054953706E-05,-0.000636277545709,6.21155,6.21155
6.21165,4.9077261792E-05,-0.000156933441758,6.21165,6.21165
6.21175,4.9037476856E-05,-0.000290280062472,6.21175,6.21175
6.21185,4.9004993343E-05,-0.000319904822391,6.21185,6.21185
6.21195,4.9003374443E-05,-1.162433E-05,6.21195,6.21195
6.21205,2.5512452339E-05,-7.87146472930908,6.21205,6.21205
6.21215,2.60686221E-07,-9.9977855682373,6.21215,6.21215
6.21225,3.8082177E-08,-9.99799156188965,6.21225,6.21225
6.21235,-4.6970126E-08,-9.99835681915283,6.21235,6.21235
6.21245,-5.0619143E-08,-9.99856281280518,6.21245,6.21245
6.21255,-4.8917673E-08,-9.99819564819336,6.21255,6.21255
6.21265,-5.2489352E-08,-9.99837112426758,6.21265,6.21265
6.21275,-3.6226975E-08,-9.99874973297119,6.21275,6.21275
6.21285,-2.056222E-08,-9.99873828887939,6.21285,6.21285
6.21295,-3.4652061E-08,-9.99865055084229,6.21295,6.21295
6.21305,9.92619789E-06,-2.13754010200501,6.21305,6.21305
6.21315,4.5560736908E-05,-0.001623464748263,6.21315,6.21315
6.21325,4.8122656153E-05,-0.000846747076139,6.21325,6.21325
6.21335,4.884973896E-05,-0.000655769428704,6.21335,6.21335
6.21345,4.9048885558E-05,-0.000499975518323,6.21345,6.21345
6.21355,4.9120291806E-05,-0.000600741943344,6.21355,6.21355
6.21365,4.9125046644E-05,-0.000450999679742,6.21365,6.21365
6.21375,4.9124249927E-05,-0.000577802071348,6.21375,6.21375
6.21385,4.906873437E-05,-0.00032687120256,6.21385,6.21385
6.21395,4.9074027629E-05,-0.000316738267429,6.21395,6.21395
6.21405,2.5624975024E-05,-7.85177135467529,6.21405,6.21405
6.21415,2.04291695E-07,-9.99765968322754,6.21415,6.21415
6.21425,2.698045E-08,-9.99783039093018,6.21425,6.21425
6.21435,-2.7241535E-08,-9.99791240692139,6.21435,6.21435
6.21445,-4.3553129E-08,-9.99809074401855,6.21445,6.21445
6.21455,-5.2292489E-08,-9.99790954589844,6.21455,6.21455
6.21465,-7.3174142E-08,-9.99817180633545,6.21465,6.21465
6.21475,-7.4671711E-08,-9.99802398681641,6.21475,6.21475
6.21485,-8.4950827E-08,-9.99824237823486,6.21485,6.21485
6.21495,-7.6197409E-08,-9.99812030792236,6.21495,6.21495
6.21505,9.853140909E-06,-2.15720248222351,6.21505,6.21505
6.21515,4.55963891E-05,-0.001330454018898,6.21515,6.21515
6.21525,4.8175406846E-05,-0.000798967492301,6.21525,6.21525
6.21535,4.8858175433E-05,-0.000511445454322,6.21535,6.21535
6.21545,4.9068596127E-05,-0.000624033622444,6.21545,6.21545
6.21555,4.9114532885E-05,-0.000551695702597,6.21555,6.21555
6.21565,4.9134010624E-05,-0.000467184203444,6.21565,6.21565
6.21575,4.9141392083E-05,-0.000210342448554,6.21575,6.21575
6.21585,4.9127731472E-05,-0.000198591063963,6.21585,6.21585
6.21595,4.9054990086E-05,-6.0177979321E-05,6.21595,6.21595
6.21605,2.5723533327E-05,-7.83125448226929,6.21605,6.21605
6.21615,2.39474105E-07,-9.99734115600586,6.21615,6.21615
6.21625,-1.262438E-08,-9.99764156341553,6.21625,6.21625
6.21635,-4.7905232E-08,-9.99782276153564,6.21635,6.21635
6.21645,-5.8268718E-08,-9.99810123443604,6.21645,6.21645
6.21655,-8.5435957E-08,-9.99767684936523,6.21655,6.21655
6.21665,-8.9035758E-08,-9.99823570251465,6.21665,6.21665
6.21675,-1.15985038E-07,-9.99796104431152,6.21675,6.21675
6.21685,-1.05818415E-07,-9.99801921844482,6.21685,6.21685
6.21695,-1.17897436E-07,-9.9984302520752,6.21695,6.21695
6.21705,9.718485671E-06,-2.17693471908569,6.21705,6.21705
6.21715,4.5627046347E-05,-0.001144753885455,6.21715,6.21715
6.21725,4.8225101636E-05,-0.000493079482112,6.21725,6.21725
6.21735,4.8894835345E-05,-0.000695597438607,6.21735,6.21735
6.21745,4.9127098464E-05,-0.000589975679759,6.21745,6.21745
6.21755,4.9180714996E-05,-0.000720226147678,6.21755,6.21755
6.21765,4.9186994147E-05,-0.000297387188766,6.21765,6.21765
6.21775,4.9167716497E-05,-0.000350162881659,6.21775,6.21775
6.21785,4.9129601393E-05,-0.000657036027405,6.21785,6.21785
6.21795,4.9110778491E-05,-0.000825284980237,6.21795,6.21795
6.21805,2.5798271963E-05,-7.81128072738647,6.21805,6.21805
6.21815,2.26811537E-07,-9.99721622467041,6.21815,6.21815
6.21825,-3.231152E-09,-9.99774074554443,6.21825,6.21825
6.21835,-3.4089592E-08,-9.9976692199707,6.21835,6.21835
6.21845,-7.2653854E-08,-9.99816036224365,6.21845,6.21845
6.21855,-6.4392594E-08,-9.99830627441406,6.21855,6.21855
6.21865,-7.3356944E-08,-9.99834251403809,6.21865,6.21865
6.21875,-7.1711717E-08,-9.99826240539551,6.21875,6.21875
6.21885,-1.00024991E-07,-9.9981107711792,6.21885,6.21885
6.21895,-1.04341936E-07,-9.99822235107422,6.21895,6.21895
6.21905,9.722732102E-06,-2.19723200798035,6.21905,6.21905
6.21915,4.5668231905E-05,-0.001458452665247,6.21915,6.21915
6.21925,4.8254962167E-05,-0.001059679430909,6.21925,6.21925
6.21935,4.8977839469E-05,-0.000884253007825,6.21935,6.21935
6.21945,4.9157843023E-05,-0.000578787236009,6.21945,6.21945
6.21955,4.9227139243E-05,-0.000334963493515,6.21955,6.21955
6.21965,4.924206587E-05,-0.000554791884497,6.21965,6.21965
6.21975,4.921163054E-05,-0.00076068751514,6.21975,6.21975
6.21985,4.9173107982E-05,-0.00061453395756,6.21985,6.21985
6.21995,4.91831197E-05,-0.000501945789438,6.21995,6.21995
6.22005,2.5945068046E-05,-7.79197645187378,6.22005,6.22005
6.22015,1.9345714E-07,-9.99761390686035,6.22015,6.22015
6.22025,-2.928825E-09,-9.99769306182861,6.22025,6.22025
6.22035,-4.4333554E-08,-9.9977445602417,6.22035,6.22035
6.22045,-7.4917793E-08,-9.99808406829834,6.22045,6.22045
6.22055,-8.1983806E-08,-9.997971534729,6.22055,6.22055
6.22065,-7.98183E-08,-9.99795913696289,6.22065,6.22065
6.22075,-1.00868697E-07,-9.99807643890381,6.22075,6.22075
6.22085,-1.05220792E-07,-9.99804878234863,6.22085,6.22085
6.22095,-8.7123361E-08,-9.9981517791748,6.22095,6.22095
6.22105,9.650314496E-06,-2.21717309951782,6.22105,6.22105
6.22115,4.5709792175E-05,-0.001276270952076,6.22115,6.22115
6.22125,4.8277124733E-05,-0.001123502850533,6.22125,6.22125
6.22135,4.8991143558E-05,-0.001003666897304,6.22135,6.22135
6.22145,4.9227943236E-05,-0.000906348461285,6.22145,6.22145
6.22155,4.9284477427E-05,-0.000794041727204,6.22155,6.22155
6.22165,4.928533599E-05,-0.000622978084721,6.22165,6.22165
6.22175,4.9268503062E-05,-0.000605738023296,6.22175,6.22175
6.22185,4.926861584E-05,-0.000528404023498,6.22185,6.22185
6.22195,4.9208923883E-05,-0.00046521393233,6.22195,6.22195
6.22205,2.6019877623E-05,-7.7716817855835,6.22205,6.22205
6.22215,2.27880221E-07,-9.99746513366699,6.22215,6.22215
6.22225,-1.7686599E-08,-9.99779224395752,6.22225,6.22225
6.22235,-7.9635498E-08,-9.99808597564697,6.22235,6.22235
6.22245,-6.7704129E-08,-9.99808216094971,6.22245,6.22245
6.22255,-6.4202766E-08,-9.99837684631348,6.22255,6.22255
6.22265,-7.4207676E-08,-9.99836444854736,6.22265,6.22265
6.22275,-9.6811888E-08,-9.9984712600708,6.22275,6.22275
6.22285,-1.19887162E-07,-9.99882316589355,6.22285,6.22285
6.22295,-9.039271E-08,-9.99840545654297,6.22295,6.22295
6.22305,9.558413694E-06,-2.23729014396668,6.22305,6.22305
6.22315,4.5699780458E-05,-0.001405536197126,6.22315,6.22315
6.22325,4.8306781537E-05,-0.001220539794303,6.22325,6.22325
6.22335,4.9015638069E-05,-0.001064886688255,6.22335,6.22335
6.22345,4.9238205975E-05,-0.000964120263234,6.22345,6.22345
6.22355,4.9346672313E-05,-0.000913314812351,6.22355,6.22355
6.22365,4.9327645684E-05,-0.000530655786861,6.22365,6.22365
6.22375,4.9312944611E-05,-0.000660976627842,6.22375,6.22375
6.22385,4.9280995881E-05,-0.000893822987564,6.22385,6.22385
6.22395,4.9249632866E-05,-0.000589694245718,6.22395,6.22395
6.22405,2.6163004804E-05,-7.75169324874878,6.22405,6.22405
6.22415,2.3245731E-07,-9.99741840362549,6.22415,6.22415
6.22425,2.06939E-10,-9.99806690216064,6.22425,6.22425
6.22435,-4.928328E-08,-9.99847316741943,6.22435,6.22435
6.22445,-8.2447841E-08,-9.99841117858887,6.22445,6.22445
6.22455,-1.15928792E-07,-9.99827003479004,6.22455,6.22455
6.22465,-8.4704752E-08,-9.99865436553955,6.22465,6.22465
6.22475,-9.2051998E-08,-9.99831771850586,6.22475,6.22475
6.22485,-1.24415038E-07,-9.99815273284912,6.22485,6.22485
6.22495,-1.3195212E-07,-9.99834060668945,6.22495,6.22495
6.22505,9.443487215E-06,-2.2572557926178,6.22505,6.22505
6.22515,4.5727789256E-05,-0.001424676273018,6.22515,6.22515
6.22525,4.8354308092E-05,-0.000903815205675,6.22525,6.22525
6.22535,4.9093723646E-05,-0.000761813367717,6.22535,6.22535
6.22545,4.9306632718E-05,-0.000530444667675,6.22545,6.22545
6.22555,4.9341291742E-05,-0.00060587876942,6.22555,6.22555
6.22565,4.9377467803E-05,-0.000637896009721,6.22565,6.22565
6.22575,4.9352234782E-05,-0.000429959764006,6.22575,6.22575
6.22585,4.9350765039E-05,-0.000432633707533,6.22585,6.22585
6.22595,4.9314112402E-05,-0.000390272412915,6.22595,6.22595
6.22605,2.6259080187E-05,-7.73163652420044,6.22605,6.22605
6.22615,2.46561228E-07,-9.99752235412598,6.22615,6.22615
6.22625,-1.3918058E-08,-9.9977970123291,6.22625,6.22625
6.22635,-6.7282279E-08,-9.99818229675293,6.22635,6.22635
6.22645,-8.4739902E-08,-9.99847888946533,6.22645,6.22645
6.22655,-8.9879464E-08,-9.99818229675293,6.22655,6.22655
6.22665,-1.04173196E-07,-9.99848937988281,6.22665,6.22665
6.22675,-8.2124423E-08,-9.99868297576904,6.22675,6.22675
6.22685,-8.4149313E-08,-9.99878406524658,6.22685,6.22685
6.22695,-1.00657765E-07,-9.9988956451416,6.22695,6.22695
6.22705,9.424933523E-06,-2.2771520614624,6.22705,6.22705
6.22715,4.5829561714E-05,-0.001205270062201,6.22715,6.22715
6.22725,4.8423484259E-05,-0.000840343651362,6.22725,6.22725
6.22735,4.9141286581E-05,-0.000623259576969,6.22735,6.22735
6.22745,4.9331232731E-05,-0.000590116425883,6.22745,6.22745
6.22755,4.9393434892E-05,-0.000684549740981,6.22755,6.22755
6.22765,4.9411490181E-05,-0.000575409620069,6.22765,6.22765
6.22775,4.9398418923E-05,-0.000306464615278,6.22775,6.22775
6.22785,4.9398910051E-05,-0.000453814369394,6.22785,6.22785
6.22795,4.9359336117E-05,-0.000670898414683,6.22795,6.22795
6.22805,2.638020851E-05,-7.71179866790771,6.22805,6.22805
6.22815,2.06499379E-07,-9.99743270874023,6.22815,6.22815
6.22825,-1.0240918E-08,-9.99774360656738,6.22825,6.22825
6.22835,-5.9105389E-08,-9.99795150756836,6.22835,6.22835
6.22845,-8.8438135E-08,-9.99821853637695,6.22845,6.22845
6.22855,-8.4676621E-08,-9.99849605560303,6.22855,6.22855
6.22865,-8.9549012E-08,-9.99862003326416,6.22865,6.22865
6.22875,-9.5110423E-08,-9.99887466430664,6.22875,6.22875
6.22885,-9.5321347E-08,-9.99903583526611,6.22885,6.22885
6.22895,-1.05045025E-07,-9.99912357330322,6.22895,6.22895
6.22905,9.383387805E-06,-2.29737138748169,6.22905,6.22905
6.22915,4.582985639E-05,-0.001521994592622,6.22915,6.22915
6.22925,4.8432470066E-05,-0.001029351027682,6.22925,6.22925
6.22935,4.9168116675E-05,-0.001214980729856,6.22935,6.22935
6.22945,4.9362941354E-05,-0.000760828261264,6.22945,6.22945
6.22955,4.9454385589E-05,-0.00059279036941,6.22955,6.22955
6.22965,4.944162356E-05,-0.000545925577171,6.22965,6.22965
6.22975,4.9439586292E-05,-0.000546066323295,6.22975,6.22975
6.22985,4.9437920097E-05,-0.000369443616364,6.22985,6.22985
6.22995,4.9393616791E-05,-0.000180506584002,6.22995,6.22995
6.23005,2.6499374144E-05,-7.69196605682373,6.23005,6.23005
6.23015,2.4949307E-07,-9.99730110168457,6.23015,6.23015
6.23025,-6.697365E-09,-9.9981746673584,6.23025,6.23025
6.23035,-9.0891902E-08,-9.99818134307861,6.23035,6.23035
6.23045,-8.9162313E-08,-9.9981517791748,6.23045,6.23045
6.23055,-8.3256388E-08,-9.99831008911133,6.23055,6.23055
6.23065,-8.2033019E-08,-9.99808979034424,6.23065,6.23065
6.23075,-5.8451519E-08,-9.9982271194458,6.23075,6.23075
6.23085,-5.6398509E-08,-9.99822807312012,6.23085,6.23085
6.23095,-8.2363471E-08,-9.99838924407959,6.23095,6.23095
6.23105,9.30319402E-06,-2.31696343421936,6.23105,6.23105
6.23115,4.589227683E-05,-0.001462393323891,6.23115,6.23115
6.23125,4.8543199227E-05,-0.000901000516023,6.23125,6.23125
6.23135,4.9258618674E-05,-0.000636629411019,6.23135,6.23135
6.23145,4.949369395E-05,-0.000532696431037,6.23145,6.23145
6.23155,4.9537909945E-05,-0.000673783535603,6.23155,6.23155
6.23165,4.9536236475E-05,-0.000677372270729,6.23165,6.23165
6.23175,4.9508416851E-05,-0.000501242117025,6.23175,6.23175
6.23185,4.949754657E-05,-0.000753017433453,6.23185,6.23185
6.23195,4.9509955716E-05,-0.000611226714682,6.23195,6.23195
6.23205,2.664857675E-05,-7.67180061340332,6.23205,6.23205
6.23215,2.50955509E-07,-9.99761199951172,6.23215,6.23215
6.23225,5.4759376E-08,-9.99772262573242,6.23225,6.23225
6.23235,2.5215705E-08,-9.99789047241211,6.23235,6.23235
6.23245,-5.4682978E-08,-9.99815082550049,6.23245,6.23245
6.23255,-5.9463964E-08,-9.99837970733643,6.23255,6.23255
6.23265,-6.2578636E-08,-9.99853420257568,6.23265,6.23265
6.23275,-5.4957184E-08,-9.99837303161621,6.23275,6.23275
6.23285,-8.2300197E-08,-9.99813175201416,6.23285,6.23285
6.23295,-7.2091389E-08,-9.99838352203369,6.23295,6.23295
6.23305,9.246286027E-06,-2.33707404136658,6.23305,6.23305
6.23315,4.593207268E-05,-0.001413487829268,6.23315,6.23315
6.23325,4.8541471187E-05,-0.000964261009358,6.23325,6.23325
6.23335,4.9283618864E-05,-0.000996770802885,6.23335,6.23335
6.23345,4.9524933274E-05,-0.000562250846997,6.23345,6.23345
6.23355,4.9596237659E-05,-0.000495964544825,6.23355,6.23355
6.23365,4.9605838285E-05,-0.000695878930856,6.23365,6.23365
6.23375,4.9570469855E-05,-0.000562602712307,6.23375,6.23375
6.23385,4.9536203733E-05,-0.00070347863948,6.23385,6.23385
6.23395,4.9475962442E-05,-0.000819866661914,6.23395,6.23395
6.23405,2.6709436497E-05,-7.65175437927246,6.23405,6.23405
6.23415,2.75549439E-07,-9.99795818328857,6.23415,6.23415
6.23425,1.3896021E-08,-9.99834060668945,6.23425,6.23425
6.23435,-3.3871636E-08,-9.99822521209717,6.23435,6.23435
6.23445,-4.5388184E-08,-9.99839687347412,6.23445,6.23445
6.23455,-8.8135806E-08,-9.99840450286865,6.23455,6.23455
6.23465,-6.6361238E-08,-9.99854564666748,6.23465,6.23465
6.23475,-5.8655417E-08,-9.99874591827393,6.23475,6.23475
6.23485,-8.4346176E-08,-9.99865055084229,6.23485,6.23485
6.23495,-8.6476525E-08,-9.99857234954834,6.23495,6.23495
6.23505,9.147326637E-06,-2.35718703269959,6.23505,6.23505
6.23515,4.5958451665E-05,-0.001475411234424,6.23515,6.23515
6.23525,4.8629306548E-05,-0.001118577201851,6.23525,6.23525
6.23535,4.931766307E-05,-0.000915214768611,6.23535,6.23535
6.23545,4.9526675866E-05,-0.001037513720803,6.23545,6.23545
6.23555,4.9646103434E-05,-0.001114918035455,6.23555,6.23555
6.23565,4.9642778322E-05,-0.000826129398774,6.23565,6.23565
6.23575,4.9595717428E-05,-0.000580194580834,6.23575,6.23575
6.23585,4.9579961342E-05,-0.000631140719634,6.23585,6.23585
6.23595,4.9589103583E-05,-0.00086300203111,6.23595,6.23595
6.23605,2.6842861189E-05,-7.63176012039185,6.23605,6.23605
6.23615,2.52973365E-07,-9.99757099151611,6.23615,6.23615
6.23625,4.3327198E-08,-9.9978609085083,6.23625,6.23625
6.23635,-4.208441E-09,-9.99839401245117,6.23635,6.23635
6.23645,-4.8987982E-08,-9.99842262268066,6.23645,6.23645
6.23655,-4.8523948E-08,-9.99837303161621,6.23655,6.23655
6.23665,-7.5986485E-08,-9.99864101409912,6.23665,6.23665
6.23675,-7.0382889E-08,-9.99880599975586,6.23675,6.23675
6.23685,-5.0126982E-08,-9.99871349334717,6.23685,6.23685
6.23695,-8.03878E-08,-9.99856662750244,6.23695,6.23695
6.23705,9.131528714E-06,-2.37724733352661,6.23705,6.23705
6.23715,4.6014425607E-05,-0.001256568008102,6.23715,6.23715
6.23725,4.8665242502E-05,-0.000977208605036,6.23725,6.23725
6.23735,4.9392816436E-05,-0.000789045647252,6.23735,6.23735
6.23745,4.9603495427E-05,-0.000662383972667,6.23745,6.23745
6.23755,4.966018605E-05,-0.000883971573785,6.23755,6.23755
6.23765,4.96729117E-05,-0.000499342218973,6.23765,6.23765
6.23775,4.9680744269E-05,-0.000474009866593,6.23775,6.23775
6.23785,4.9641657824E-05,-0.000544729293324,6.23785,6.23785
6.23795,4.9621528888E-05,-0.000236237727222,6.23795,6.23795
6.23805,2.6974794309E-05,-7.61176633834839,6.23805,6.23805
6.23815,2.55771653E-07,-9.99758148193359,6.23815,6.23815
6.23825,-6.268483E-09,-9.99829864501953,6.23825,6.23825
6.23835,-6.5784704E-08,-9.99860858917236,6.23835,6.23835
6.23845,-7.1985923E-08,-9.99844264984131,6.23845,6.23845
6.23855,-1.02513916E-07,-9.99867534637451,6.23855,6.23855
6.23865,-9.836571E-08,-9.99848556518555,6.23865,6.23865
6.23875,-8.7938943E-08,-9.99874782562256,6.23875,6.23875
6.23885,-9.2284012E-08,-9.99905014038086,6.23885,6.23885
6.23895,-1.30419394E-07,-9.99878883361816,6.23895,6.23895
6.23905,8.994855307E-06,-2.39717030525208,6.23905,6.23905
6.23915,4.5994744141E-05,-0.001450993702747,6.23915,6.23915
6.23925,4.8641195463E-05,-0.001201751641929,6.23925,6.23925
6.23935,4.9354490329E-05,-0.000935973192099,6.23935,6.23935
6.23945,4.9600817874E-05,-0.000710656109732,6.23945,6.23945
6.23955,4.9709731684E-05,-0.000620304141194,6.23955,6.23955
6.23965,4.9711889005E-05,-0.000607356487308,6.23965,6.23965
6.23975,4.968052599E-05,-0.000479568901937,6.23975,6.23975
6.23985,4.966101551E-05,-0.000513486098498,6.23985,6.23985
6.23995,4.963408719E-05,-0.000704393431079,6.23995,6.23995
6.24005,2.7067495466E-05,-7.59206914901733,6.24005,6.24005
6.24015,2.21784461E-07,-9.99779510498047,6.24015,6.24015
6.24025,1.4324904E-08,-9.99839401245117,6.24025,6.24025
6.24035,-3.6311345E-08,-9.99833011627197,6.24035,6.24035
6.24045,-7.5719313E-08,-9.99855136871338,6.24045,6.24045
6.24055,-7.0425074E-08,-9.99882221221924,6.24055,6.24055
6.24065,-5.9935033E-08,-9.99892711639404,6.24065,6.24065
6.24075,-7.6309902E-08,-9.9988374710083,6.24075,6.24075
6.24085,-8.6631204E-08,-9.99895191192627,6.24085,6.24085
6.24095,-6.2726279E-08,-9.99865245819092,6.24095,6.24095
6.24105,8.980737221E-06,-2.41725492477417,6.24105,6.24105
6.24115,4.6027114877E-05,-0.001608757884242,6.24115,6.24115
6.24125,4.8709942348E-05,-0.000926403212361,6.24125,6.24125
6.24135,4.9496535212E-05,-0.000680257333443,6.24135,6.24135
6.24145,4.9693582696E-05,-0.000939139747061,6.24145,6.24145
6.24155,4.9731926993E-05,-0.000819937034976,6.24155,6.24155
6.24165,4.9748170568E-05,-0.000731062726118,6.24165,6.24165
6.24175,4.9739570386E-05,-0.000637825636659,6.24175,6.24175
6.24185,4.9703714467E-05,-0.00055021798471,6.24185,6.24185
6.24195,4.9687576393E-05,-0.000228004719247,6.24195,6.24195
6.24205,2.7148189474E-05,-7.57208251953125,6.24205,6.24205
6.24215,2.49507139E-07,-9.99808025360107,6.24215,6.24215
6.24225,4.256713E-09,-9.99831771850586,6.24225,6.24225
6.24235,-5.4078324E-08,-9.99875736236572,6.24235,6.24235
6.24245,-6.2170841E-08,-9.99905014038086,6.24245,6.24245
6.24255,-7.472093E-08,-9.99893188476563,6.24255,6.24255
6.24265,-9.1559833E-08,-9.99879169464111,6.24265,6.24265
6.24275,-9.7318107E-08,-9.99881935119629,6.24275,6.24275
6.24285,-8.8859984E-08,-9.9987678527832,6.24285,6.24285
6.24295,-7.3856135E-08,-9.99866962432861,6.24295,6.24295
6.24305,8.90645606E-06,-2.43721055984497,6.24305,6.24305
6.24315,4.608384188E-05,-0.001565059646964,6.24315,6.24315
6.24325,4.8805210099E-05,-0.000984597252682,6.24325,6.24325
6.24335,4.9494290579E-05,-0.000675190880429,6.24335,6.24335
6.24345,4.9735681387E-05,-0.000547755102161,6.24345,6.24345
6.24355,4.9773254432E-05,-0.000233845232287,6.24355,6.24355
6.24365,4.9811944336E-05,-0.000257981329923,6.24365,6.24365
6.24375,4.9761922128E-05,-0.00033045996679,6.24375,6.24375
6.24385,4.9765367294E-05,-0.000537270330824,6.24385,6.24385
6.24395,4.9762700655E-05,-0.000376058160327,6.24395,6.24395
6.24405,2.7253272492E-05,-7.55166912078857,6.24405,6.24405
6.24415,2.27760694E-07,-9.99742031097412,6.24415,6.24415
6.24425,1.8346554E-08,-9.99754238128662,6.24425,6.24425
6.24435,-7.5051382E-08,-9.99832439422607,6.24435,6.24435
6.24445,-9.9378148E-08,-9.99796104431152,6.24445,6.24445
6.24455,-5.2658091E-08,-9.99798488616943,6.24455,6.24455
6.24465,-4.2850044E-08,-9.99830627441406,6.24465,6.24465
6.24475,-8.2166608E-08,-9.99851322174072,6.24475,6.24475
6.24485,-9.2417601E-08,-9.99850368499756,6.24485,6.24485
6.24495,-7.4763115E-08,-9.99855613708496,6.24495,6.24495
6.24505,8.863919902E-06,-2.45713543891907,6.24505,6.24505
6.24515,4.6127879614E-05,-0.001129202661104,6.24515,6.24515
6.24525,4.883794827E-05,-0.000905011489522,6.24525,6.24525
6.24535,4.9560825573E-05,-0.000735847745091,6.24535,6.24535
6.24545,4.9799502449E-05,-0.000683142396156,6.24545,6.24545
6.24555,4.9825626775E-05,-0.00057977240067,6.24555,6.24555
6.24565,4.9862897868E-05,-0.000689123640768,6.24565,6.24565
6.24575,4.9843874876E-05,-0.000277262035524,6.24575,6.24575
6.24585,4.982576138E-05,-0.000449662678875,6.24585,6.24585
6.24595,4.9804304581E-05,-0.000110068613139,6.24595,6.24595
6.24605,2.7401694751E-05,-7.53165197372437,6.24605,6.24605
6.24615,2.78425063E-07,-9.99770450592041,6.24615,6.24615
6.24625,3.1135688E-08,-9.99819469451904,6.24625,6.24625
6.24635,4.587164E-09,-9.998703956604,6.24635,6.24635
6.24645,-2.4766674E-08,-9.9987907409668,6.24645,6.24645
6.24655,-4.6358441E-08,-9.99890899658203,6.24655,6.24655
6.24665,-4.0557982E-08,-9.99899864196777,6.24665,6.24665
6.24675,-4.0698602E-08,-9.99882316589355,6.24675,6.24675
6.24685,-3.399116E-08,-9.99862575531006,6.24685,6.24685
6.24695,-2.7227474E-08,-9.99868106842041,6.24695,6.24695
6.24705,8.774803973E-06,-2.47696805000305,6.24705,6.24705
6.24715,4.6156517783E-05,-0.001066716271453,6.24715,6.24715
6.24725,4.8851023166E-05,-0.000597082835156,6.24725,6.24725
6.24735,4.9599249905E-05,-0.000687927415129,6.24735,6.24735
6.24745,4.9854665122E-05,-0.000265088456217,6.24745,6.24745
6.24755,4.9911082897E-05,-0.00035283685429,6.24755,6.24755
6.24765,4.9899397709E-05,-0.000276839826256,6.24765,6.24765
6.24775,4.9870781368E-05,-0.000265229173237,6.24775,6.24775
6.24785,4.9868100177E-05,-0.000216675529373,6.24785,6.24785
6.24795,4.9843394663E-05,-0.000404838501709,6.24795,6.24795
6.24805,2.7519510695E-05,-7.51206207275391,6.24805,6.24805
6.24815,2.42082564E-07,-9.99772262573242,6.24815,6.24815
6.24825,4.4902112E-08,-9.99815368652344,6.24825,6.24825
6.24835,8.524445E-09,-9.99836158752441,6.24835,6.24835
6.24845,-4.102905E-08,-9.99836826324463,6.24845,6.24845
6.24855,-4.1050143E-08,-9.99842548370361,6.24855,6.24855
6.24865,-3.6332438E-08,-9.99852657318115,6.24865,6.24865
6.24875,-4.7216208E-08,-9.99863243103027,6.24875,6.24875
6.24885,-3.8455756E-08,-9.99872779846191,6.24885,6.24885
6.24895,-1.4304755E-08,-9.99884605407715,6.24895,6.24895
6.24905,8.749858353E-06,-2.49724364280701,6.24905,6.24905
6.24915,4.6202520025E-05,-0.001608828315511,6.24915,6.24915
6.24925,4.8915244406E-05,-0.000997122609988,6.24925,6.24925
6.24935,4.9668036809E-05,-0.000502438400872,6.24935,6.24935
6.24945,4.9908310757E-05,-0.000407793966588,6.24945,6.24945
6.24955,4.9936777941E-05,-0.000387387350202,6.24955,6.24955
6.24965,4.9960675824E-05,-0.000423767400207,6.24965,6.24965
6.24975,4.9955135182E-05,-0.000474713539006,6.24975,6.24975
6.24985,4.9921403843E-05,-0.000209638776141,6.24985,6.24985
6.24995,4.9905589549E-05,-0.000518622924574,6.24995,6.24995
6.25005,2.7627342206E-05,-7.4920449256897,6.25005,6.25005
6.25015,2.92985987E-07,-9.99792003631592,6.25015,6.25015
6.25025,1.077432E-08,-9.99812889099121,6.25025,6.25025
6.25035,-2.4154989E-08,-9.99825954437256,6.25035,6.25035
6.25045,-5.8191379E-08,-9.99858093261719,6.25045,6.25045
6.25055,-7.4903731E-08,-9.9986400604248,6.25055,6.25055
6.25065,-8.1878341E-08,-9.99882411956787,6.25065,6.25065
6.25075,-6.9637615E-08,-9.9987621307373,6.25075,6.25075
6.25085,-6.8639238E-08,-9.99885749816895,6.25085,6.25085
6.25095,-6.9335293E-08,-9.9988431930542,6.25095,6.25095
6.25105,8.634108781E-06,-2.51733469963074,6.25105,6.25105
6.25115,4.6187215048E-05,-0.001623605494387,6.25115,6.25115
6.25125,4.8910616897E-05,-0.001021329080686,6.25125,6.25125
6.25135,4.9671463785E-05,-0.000712556065992,6.25135,6.25135
6.25145,4.9896352721E-05,-0.000685323786456,6.25145,6.25145
6.25155,4.9965972721E-05,-0.001008451799862,6.25155,6.25155
6.25165,4.9962145567E-05,-0.000787075376138,6.25165,6.25165
6.25175,4.9950587709E-05,-0.000618685677182,6.25175,6.25175
6.25185,4.9974449212E-05,-0.000732610817067,6.25185,6.25185
6.25195,4.9951158871E-05,-0.000761109695304,6.25195,6.25195
6.25205,2.7769063308E-05,-7.47172021865845,6.25205,6.25205
6.25215,2.39917057E-07,-9.99781322479248,6.25215,6.25215
6.25225,3.3926938E-08,-9.99825572967529,6.25225,6.25225
6.25235,-4.1162636E-08,-9.99814319610596,6.25235,6.25235
6.25245,-7.08188E-08,-9.99814605712891,6.25245,6.25245
6.25255,-7.3870197E-08,-9.99829387664795,6.25255,6.25255
6.25265,-8.3291546E-08,-9.99825191497803,6.25265,6.25265
6.25275,-1.00678861E-07,-9.9984130859375,6.25275,6.25275
6.25285,-9.6158018E-08,-9.99829006195068,6.25285,6.25285
6.25295,-5.2601845E-08,-9.99845027923584,6.25295,6.25295
6.25305,8.554076885E-06,-2.53750681877136,6.25305,6.25305
6.25315,4.6216366172E-05,-0.001502432394773,6.25315,6.25315
6.25325,4.894300946E-05,-0.001262760371901,6.25325,6.25325
6.25335,4.9718764785E-05,-0.001317928545177,6.25335,6.25335
6.25345,4.9938938901E-05,-0.001074034487829,6.25345,6.25345
6.25355,4.9984257203E-05,-0.00092358852271,6.25355,6.25355
6.25365,5.0017115427E-05,-0.000689405133016,6.25365,6.25365
6.25375,4.9990278058E-05,-0.000692993868142,6.25375,6.25375
6.25385,4.9965514336E-05,-0.00068701262353,6.25385,6.25385
6.25395,4.9927457439E-05,-0.000529248442035,6.25395,6.25395
6.25405,2.7844012948E-05,-7.45194244384766,6.25405,6.25405
6.25415,2.6526331E-07,-9.99768829345703,6.25415,6.25415
6.25425,1.396633E-08,-9.99811172485352,6.25425,6.25425
6.25435,-4.9698102E-08,-9.99812507629395,6.25435,6.25435
6.25445,-6.4427752E-08,-9.99805545806885,6.25445,6.25445
6.25455,-5.6068057E-08,-9.99828815460205,6.25455,6.25455
6.25465,-1.0167021E-07,-9.99810600280762,6.25465,6.25465
6.25475,-6.5742519E-08,-9.99797916412354,6.25475,6.25475
6.25485,-8.1048704E-08,-9.99836921691895,6.25485,6.25485
6.25495,-8.5794532E-08,-9.99844741821289,6.25495,6.25495
6.25505,8.468989108E-06,-2.5574197769165,6.25505,6.25505
6.25515,4.6271801693E-05,-0.001465208013542,6.25515,6.25515
6.25525,4.9016420235E-05,-0.000863987137564,6.25525,6.25525
6.25535,4.9754966312E-05,-0.00111639581155,6.25535,6.25535
6.25545,5.0003291108E-05,-0.000804526498541,6.25545,6.25545
6.25555,5.0075144827E-05,-0.000768498284742,6.25555,6.25555
6.25565,5.0102265959E-05,-0.000677794450894,6.25565,6.25565
6.25575,5.0071412261E-05,-0.000733173743356,6.25575,6.25575
6.25585,5.003271508E-05,-0.000581390864681,6.25585,6.25585
6.25595,5.0031092542E-05,-0.000426370999776,6.25595,6.25595
6.25605,2.7938767744E-05,-7.43196678161621,6.25605,6.25605
6.25615,2.55813831E-07,-9.99767684936523,6.25615,6.25615
6.25625,-7.4296E-11,-9.99813747406006,6.25625,6.25625
6.25635,-3.0173403E-08,-9.99843692779541,6.25635,6.25635
6.25645,-6.2719252E-08,-9.99884796142578,6.25645,6.25645
6.25655,-6.1221677E-08,-9.99883460998535,6.25655,6.25655
6.25665,-5.2102653E-08,-9.99883556365967,6.25665,6.25665
6.25675,-7.7090327E-08,-9.99899291992188,6.25675,6.25675
6.25685,-7.7716074E-08,-9.99909210205078,6.25685,6.25685
6.25695,-7.1212533E-08,-9.99873542785645,6.25695,6.25695
6.25705,8.456003343E-06,-2.57749366760254,6.25705,6.25705
6.25715,4.6295976063E-05,-0.001764551736414,6.25715,6.25715
6.25725,4.9061796744E-05,-0.001382596441545,6.25725,6.25725
6.25735,4.9800619308E-05,-0.001167060458101,6.25735,6.25735
6.25745,5.0052767619E-05,-0.001161712454632,6.25745,6.25745
6.25755,5.0123588153E-05,-0.000947794993408,6.25755,6.25755
6.25765,5.0149981689E-05,-0.000918381323572,6.25765,6.25765
6.25775,5.013405098E-05,-0.000716285547242,6.25775,6.25775
6.25785,5.0088863645E-05,-0.00075759133324,6.25785,6.25785
6.25795,5.0072354497E-05,-0.000619600468781,6.25795,6.25795
6.25805,2.8074982765E-05,-7.41191816329956,6.25805,6.25805
6.25815,2.85884823E-07,-9.99747753143311,6.25815,6.25815
6.25825,-4.911527E-09,-9.99755477905273,6.25825,6.25825
6.25835,-5.361429E-08,-9.99755477905273,6.25835,6.25835
6.25845,-7.5543539E-08,-9.99788570404053,6.25845,6.25845
6.25855,-8.3249361E-08,-9.99789714813232,6.25855,6.25855
6.25865,-7.1233622E-08,-9.99827003479004,6.25865,6.25865
6.25875,-6.3710601E-08,-9.99816989898682,6.25875,6.25875
6.25885,-4.9810595E-08,-9.99811840057373,6.25885,6.25885
6.25895,-5.6567249E-08,-9.99813175201416,6.25895,6.25895
6.25905,8.336809515E-06,-2.59689474105835,6.25905,6.25905
6.25915,4.6321623813E-05,-0.001485473825596,6.25915,6.25915
6.25925,4.9096815928E-05,-0.000989311840385,6.25925,6.25925
6.25935,4.9844828027E-05,-0.000796082429588,6.25935,6.25935
6.25945,5.0101942179E-05,-0.000872642383911,6.25945,6.25945
6.25955,5.0164115237E-05,-0.000744151126128,6.25955,6.25955
6.25965,5.0173555792E-05,-0.000876934791449,6.25965,6.25965
6.25975,5.0123460824E-05,-0.000856880040374,6.25975,6.25975
6.25985,5.0113016187E-05,-0.000563095265534,6.25985,6.25985
6.25995,5.011376561E-05,-0.000639655219857,6.25995,6.25995
6.26005,2.8182963433E-05,-7.3915638923645,6.26005,6.26005
6.26015,2.655797E-07,-9.9973611831665,6.26015,6.26015
6.26025,1.402185E-09,-9.99764823913574,6.26025,6.26025
6.26035,-5.3902554E-08,-9.99783992767334,6.26035,6.26035
6.26045,-6.4209793E-08,-9.99802398681641,6.26045,6.26045
6.26055,-6.6108129E-08,-9.99815368652344,6.26055,6.26055
6.26065,-6.2606759E-08,-9.99819946289063,6.26065,6.26065
6.26075,-6.165056E-08,-9.99821758270264,6.26075,6.26075
6.26085,-1.05944977E-07,-9.99836826324463,6.26085,6.26085
6.26095,-9.5539299E-08,-9.9982271194458,6.26095,6.26095
6.26105,8.258619346E-06,-2.61674737930298,6.26105,6.26105
6.26115,4.6344353905E-05,-0.00121955468785,6.26115,6.26115
6.26125,4.9112535635E-05,-0.001177826663479,6.26125,6.26125
6.26135,4.9898080761E-05,-0.000711782020517,6.26135,6.26135
6.26145,5.0111480959E-05,-0.000468310085125,6.26145,6.26145
6.26155,5.0180136896E-05,-0.000413001165725,6.26155,6.26155
6.26165,5.0178008678E-05,-0.00063881080132,6.26165,6.26165
6.26175,5.0186972658E-05,-0.000619107857347,6.26175,6.26175
6.26185,5.0160699175E-05,-0.000390131695895,6.26185,6.26185
6.26195,5.0136695791E-05,-0.00038731697714,6.26195,6.26195
6.26205,2.8301643397E-05,-7.37197923660278,6.26205,6.26205
6.26215,2.98069295E-07,-9.99781036376953,6.26215,6.26215
6.26225,1.430308E-09,-9.99820613861084,6.26225,6.26225
6.26235,-4.1394657E-08,-9.99828243255615,6.26235,6.26235
6.26245,-4.330002E-08,-9.99840927124023,6.26245,6.26245
6.26255,-5.8360119E-08,-9.99848937988281,6.26255,6.26255
6.26265,-7.3082738E-08,-9.99879360198975,6.26265,6.26265
6.26275,-8.0915115E-08,-9.99866485595703,6.26275,6.26275
6.26285,-9.3113655E-08,-9.99888038635254,6.26285,6.26285
6.26295,-1.06971477E-07,-9.99890995025635,6.26295,6.26295
6.26305,8.21033791E-06,-2.63749265670776,6.26305,6.26305
6.26315,4.6409564675E-05,-0.001870454987511,6.26315,6.26315
6.26325,4.9167942052E-05,-0.001129343407229,6.26325,6.26325
6.26335,4.9933158152E-05,-0.000574072590098,6.26335,6.26335
6.26345,5.0185011787E-05,-0.000465284276288,6.26345,6.26345
6.26355,5.0258582633E-05,-0.000737747643143,6.26355,6.26355
6.26365,5.0235099479E-05,-0.000539592467248,6.26365,6.26365
6.26375,5.0200880651E-05,-0.000239122804487,6.26375,6.26375
6.26385,5.0178325182E-05,-0.000112320376502,6.26385,6.26385
6.26395,5.0176946388E-05,-0.000260584929492,6.26395,6.26395
6.26405,2.8368423955E-05,-7.35188102722168,6.26405,6.26405
6.26415,2.41309152E-07,-9.99786376953125,6.26415,6.26415
6.26425,9.375179E-09,-9.99805641174316,6.26425,6.26425
6.26435,-3.6311345E-08,-9.99819660186768,6.26435,6.26435
6.26445,-5.6982071E-08,-9.99822330474854,6.26445,6.26445
6.26455,-6.6853396E-08,-9.99826908111572,6.26455,6.26455
6.26465,-8.9225594E-08,-9.99849796295166,6.26465,6.26465
6.26475,-1.23093244E-07,-9.99842834472656,6.26475,6.26475
6.26485,-1.28795264E-07,-9.99860763549805,6.26485,6.26485
6.26495,-1.32620059E-07,-9.99874210357666,6.26495,6.26495
6.26505,8.093731594E-06,-2.65731120109558,6.26505,6.26505
6.26515,4.640320185E-05,-0.001367819262668,6.26515,6.26515
6.26525,4.919613275E-05,-0.001018584822305,6.26525,6.26525
6.26535,4.9930957175E-05,-0.000919788668398,6.26535,6.26535
6.26545,5.0171667681E-05,-0.000647677108645,6.26545,6.26545
6.26555,5.0234986702E-05,-0.000669350323733,6.26555,6.26555
6.26565,5.0254369853E-05,-0.000729092455003,6.26565,6.26565
6.26575,5.02713483E-05,-0.000523548689671,6.26575,6.26575
6.26585,5.0237271353E-05,-0.000290491152555,6.26585,6.26585
6.26595,5.0248880143E-05,-0.000600460451096,6.26595,6.26595
6.26605,2.8526539609E-05,-7.33212614059448,6.26605,6.26605
6.26615,2.66423399E-07,-9.99795913696289,6.26615,6.26615
6.26625,-1.2694688E-08,-9.99849700927734,6.26625,6.26625
6.26635,-5.6475848E-08,-9.99875926971436,6.26635,6.26635
6.26645,-1.019866E-07,-9.99871921539307,6.26645,6.26645
6.26655,-1.12982868E-07,-9.99874210357666,6.26655,6.26655
6.26665,-1.12476641E-07,-9.99840831756592,6.26665,6.26665
6.26675,-9.2143395E-08,-9.998703956604,6.26675,6.26675
6.26685,-8.7320231E-08,-9.99851608276367,6.26685,6.26685
6.26695,-1.23325265E-07,-9.99868011474609,6.26695,6.26695
6.26705,8.029279343E-06,-2.67748332023621,6.26705,6.26705
6.26715,4.6431072406E-05,-0.001556545146741,6.26715,6.26715
6.26725,4.9227124691E-05,-0.001281407778151,6.26725,6.26725
6.26735,4.9971207773E-05,-0.001207169960253,6.26735,6.26735
6.26745,5.0220467529E-05,-0.000952087400947,6.26745,6.26745
6.26755,5.0303220632E-05,-0.001155309029855,6.26755,6.26755
6.26765,5.0309117796E-05,-0.000769272330217,6.26765,6.26765
6.26775,5.0287646445E-05,-0.000741758616641,6.26775,6.26775
6.26785,5.0282189477E-05,-0.000650139991194,6.26785,6.26785
6.26795,5.025972132E-05,-0.000644158746582,6.26795,6.26795
6.26805,2.8639862649E-05,-7.31203126907349,6.26805,6.26805
6.26815,3.02126097E-07,-9.99787902832031,6.26815,6.26815
6.26825,3.4383945E-08,-9.99791812896729,6.26825,6.26825
6.26835,-2.28975E-10,-9.99803638458252,6.26835,6.26835
6.26845,-5.8999927E-08,-9.99842643737793,6.26845,6.26845
6.26855,-5.2531536E-08,-9.99869728088379,6.26855,6.26855
6.26865,-7.3610053E-08,-9.99870681762695,6.26865,6.26865
6.26875,-7.2499176E-08,-9.99867725372314,6.26875,6.26875
6.26885,-8.563282E-08,-9.99864768981934,6.26885,6.26885
6.26895,-6.9011868E-08,-9.99885368347168,6.26895,6.26895
6.26905,7.971619198E-06,-2.69696092605591,6.26905,6.26905
6.26915,4.6468299843E-05,-0.001223424915224,6.26915,6.26915
6.26925,4.9293434131E-05,-0.00100809999276,6.26925,6.26925
6.26935,5.0068341807E-05,-0.000962501799222,6.26935,6.26935
6.26945,5.0276132242E-05,-0.00076997600263,6.26945,6.26945
6.26955,5.0351227401E-05,-0.000596027297433,6.26955,6.26955
6.26965,5.0393755373E-05,-0.000567106239032,6.26965,6.26965
6.26975,5.0361486501E-05,-0.000605034350883,6.26975,6.26975
6.26985,5.0351452956E-05,-0.000754284032155,6.26985,6.26985
6.26995,5.0311657105E-05,-0.000832040270325,6.26995,6.26995
6.27005,2.8741367714E-05,-7.2921314239502,6.27005,6.27005
6.27015,2.73088659E-07,-9.99784374237061,6.27015,6.27015
6.27025,1.1948473E-08,-9.99792766571045,6.27025,6.27025
6.27035,-3.4441136E-08,-9.99816417694092,6.27035,6.27035
6.27045,-3.8680742E-08,-9.99825859069824,6.27045,6.27045
6.27055,-5.0668358E-08,-9.99818134307861,6.27055,6.27055
6.27065,-8.2222854E-08,-9.99844837188721,6.27065,6.27065
6.27075,-5.763594E-08,-9.99854373931885,6.27075,6.27075
6.27085,-8.0570601E-08,-9.99886131286621,6.27085,6.27085
6.27095,-9.6312696E-08,-9.99893569946289,6.27095,6.27095
6.27105,7.894744158E-06,-2.7172064781189,6.27105,6.27105
6.27115,4.6484332415E-05,-0.001377740991302,6.27115,6.27115
6.27125,4.9303205742E-05,-0.00120456633158,6.27125,6.27125
6.27135,5.0057238695E-05,-0.000631774018984,6.27135,6.27135
6.27145,5.0283619203E-05,-0.000472391431686,6.27145,6.27145
6.27155,5.0347494835E-05,-0.000391679786844,6.27155,6.27155
6.27165,5.0371709222E-05,-0.00058906088816,6.27165,6.27165
6.27175,5.0368791563E-05,-0.00067427608883,6.27175,6.27175
6.27185,5.035070717E-05,-0.00070938951103,6.27185,6.27185
6.27195,5.0357652071E-05,-0.000628396403044,6.27195,6.27195
6.27205,2.8853792173E-05,-7.27235746383667,6.27205,6.27205
6.27215,2.46772146E-07,-9.99787712097168,6.27215,6.27215
6.27225,-1.817949E-09,-9.99839782714844,6.27225,6.27225
6.27235,-7.370145E-08,-9.99856185913086,6.27235,6.27235
6.27245,-9.8998484E-08,-9.99849700927734,6.27245,6.27245
6.27255,-8.346732E-08,-9.99873447418213,6.27255,6.27255
6.27265,-1.07801121E-07,-9.99882507324219,6.27265,6.27265
6.27275,-1.20885545E-07,-9.99879550933838,6.27275,6.27275
6.27285,-9.7437635E-08,-9.99866199493408,6.27285,6.27285
6.27295,-1.12589134E-07,-9.99857139587402,6.27295,6.27295
6.27305,7.812257536E-06,-2.73682546615601,6.27305,6.27305
6.27315,4.6475295676E-05,-0.001199710997753,6.27315,6.27315
6.27325,4.9299549573E-05,-0.001128358300775,6.27325,6.27325
6.27335,5.0109829317E-05,-0.000985582359135,6.27335,6.27335
6.27345,5.0320839364E-05,-0.000849280331749,6.27345,6.27345
6.27355,5.0365353673E-05,-0.00072740361793,6.27355,6.27355
6.27365,5.0389488024E-05,-0.000587794289459,6.27365,6.27365
6.27375,5.0394690334E-05,-0.000429537554737,6.27375,6.27375
6.27385,5.0381509936E-05,-0.000337496720022,6.27385,6.27385
6.27395,5.0371814723E-05,-0.000192609819351,6.27395,6.27395
6.27405,2.8912218113E-05,-7.25183057785034,6.27405,6.27405
6.27415,2.17783906E-07,-9.99748039245605,6.27415,6.27415
6.27425,-5.6208677E-08,-9.99772930145264,6.27425,6.27425
6.27435,-8.9359176E-08,-9.99797630310059,6.27435,6.27435
6.27445,-1.18185703E-07,-9.99820041656494,6.27445,6.27445
6.27455,-1.08061265E-07,-9.99823188781738,6.27455,6.27455
6.27465,-1.27916408E-07,-9.99831104278564,6.27465,6.27465
6.27475,-1.24492374E-07,-9.99855613708496,6.27475,6.27475
6.27485,-1.15738963E-07,-9.99847888946533,6.27485,6.27485
6.27495,-1.7119838E-07,-9.99850559234619,6.27495,6.27495
6.27505,7.681293937E-06,-2.75707769393921,6.27505,6.27505
6.27515,4.6486744395E-05,-0.001443675486371,6.27515,6.27515
6.27525,4.934536264E-05,-0.001084941439331,6.27525,6.27525
6.27535,5.0109731092E-05,-0.000567106239032,6.27535,6.27535
6.27545,5.0354923587E-05,-0.000702704594005,6.27545,6.27545
6.27555,5.0431532145E-05,-0.000621078186668,6.27555,6.27555
6.27565,5.0441700296E-05,-0.000512149126735,6.27565,6.27565
6.27575,5.0415874284E-05,-0.000400686840294,6.27575,6.27575
6.27585,5.0388975069E-05,-0.000448607170256,6.27585,6.27585
6.27595,5.0365859352E-05,-0.000261077482719,6.27595,6.27595
6.27605,2.9035672924E-05,-7.23182249069214,6.27605,6.27605
6.27615,2.49992269E-07,-9.99763488769531,6.27615,6.27615
6.27625,8.665062E-09,-9.99809265136719,6.27625,6.27625
6.27635,-3.2985749E-08,-9.99831676483154,6.27635,6.27635
6.27645,-7.0017286E-08,-9.99785327911377,6.27645,6.27645
6.27655,-8.534456E-08,-9.99824333190918,6.27655,6.27655
6.27665,-8.0676067E-08,-9.99824810028076,6.27665,6.27665
6.27675,-1.07301929E-07,-9.998291015625,6.27675,6.27675
6.27685,-1.22186265E-07,-9.99853801727295,6.27685,6.27685
6.27695,-9.699469E-08,-9.9984769821167,6.27695,6.27695
6.27705,7.670072591E-06,-2.77683830261231,6.27705,6.27705
6.27715,4.6537119488E-05,-0.001307373400778,6.27715,6.27715
6.27725,4.9407368351E-05,-0.001033573062159,6.27725,6.27725
6.27735,5.0222803111E-05,-0.000902618980035,6.27735,6.27735
6.27745,5.0400885812E-05,-0.00044839605107,6.27745,6.27745
6.27755,5.0456339522E-05,-0.000536918523721,6.27755,6.27755
6.27765,5.0503655075E-05,-0.000439600116806,6.27765,6.27765
6.27775,5.049115498E-05,-0.000195565255126,6.27775,6.27775
6.27785,5.0467031542E-05,-9.7261705378E-05,6.27785,6.27785
6.27795,5.0466893299E-05,-8.6636202468E-05,6.27795,6.27795
6.27805,2.9187123801E-05,-7.21195125579834,6.27805,6.27805
6.27815,2.34608748E-07,-9.99761009216309,6.27815,6.27815
6.27825,-3.9897081E-08,-9.99779415130615,6.27825,6.27825
6.27835,-5.845855E-08,-9.99772357940674,6.27835,6.27835
6.27845,-5.9463964E-08,-9.9979772567749,6.27845,6.27845
6.27855,-7.0917231E-08,-9.9979190826416,6.27855,6.27855
6.27865,-6.3225471E-08,-9.99831962585449,6.27865,6.27865
6.27875,-8.7038991E-08,-9.99841594696045,6.27875,6.27875
6.27885,-7.7898875E-08,-9.99851131439209,6.27885,6.27885
6.27895,-1.06472285E-07,-9.99821186065674,6.27895,6.27895
6.27905,7.595250281E-06,-2.79653477668762,6.27905,6.27905
6.27915,4.6581822971E-05,-0.001065379241481,6.27915,6.27915
6.27925,4.9449314247E-05,-0.00072803691728,6.27925,6.27925
6.27935,5.02098992E-05,-0.000596449535806,6.27935,6.27935
6.27945,5.0467453548E-05,-0.000504619791172,6.27945,6.27945
6.27955,5.0540049415E-05,-0.000679483287968,6.27955,6.27955
6.27965,5.0516388001E-05,-0.000348685163772,6.27965,6.27965
6.27975,5.0498903875E-05,-0.00047422098578,6.27975,6.27975
6.27985,5.049831816E-05,-0.000451070023701,6.27985,6.27985
6.27995,5.048692401E-05,-0.000194650478079,6.27995,6.27995
6.28005,2.9272789106E-05,-7.19172334671021,6.28005,6.28005
6.28015,2.60419029E-07,-9.99758625030518,6.28015,6.28015
6.28025,6.492527E-09,-9.99834156036377,6.28025,6.28025
6.28035,-2.3627674E-08,-9.99829769134521,6.28035,6.28035
6.28045,-5.0619143E-08,-9.998366355896,6.28045,6.28045
6.28055,-4.5247567E-08,-9.99813175201416,6.28055,6.28055
6.28065,-6.825254E-08,-9.99832153320313,6.28065,6.28065
6.28075,-8.6139046E-08,-9.99845600128174,6.28075,6.28075
6.28085,-1.07674566E-07,-9.99840068817139,6.28085,6.28085
6.28095,-7.6731752E-08,-9.99830436706543,6.28095,6.28095
6.28105,7.545303106E-06,-2.81697821617127,6.28105,6.28105
6.28115,4.6622910304E-05,-0.001320883980952,6.28115,6.28115
6.28125,4.9482634495E-05,-0.000889178772923,6.28125,6.28125
6.28135,5.0249833293E-05,-0.000617630139459,6.28135,6.28135
6.28145,5.0504979299E-05,-0.000478302303236,6.28145,6.28145
6.28155,5.0575159548E-05,-0.000180436225492,6.28155,6.28155
6.28165,5.0594015192E-05,-0.000207527744351,6.28165,6.28165
6.28175,5.0600126997E-05,-0.000325534230797,6.28175,6.28175
6.28185,5.0536524213E-05,-0.00036761406227,6.28185,6.28185
6.28195,5.0532686146E-05,-2.2460941182E-05,6.28195,6.28195
6.28205,2.9401355278E-05,-7.17218160629272,6.28205,6.28205
6.28215,2.37167981E-07,-9.99773979187012,6.28215,6.28215
6.28225,-2.1209059E-08,-9.99805545806885,6.28225,6.28225
6.28235,-5.558293E-08,-9.99819946289063,6.28235,6.28235
6.28245,-8.1765847E-08,-9.99826622009277,6.28245,6.28245
6.28255,-9.7810272E-08,-9.99832820892334,6.28255,6.28255
6.28265,-9.9364087E-08,-9.99841022491455,6.28265,6.28265
6.28275,-9.7746991E-08,-9.99844741821289,6.28275,6.28275
6.28285,-8.9556039E-08,-9.99835872650146,6.28285,6.28285
6.28295,-1.16561573E-07,-9.99835300445557,6.28295,6.28295
6.28305,7.427452147E-06,-2.83701848983765,6.28305,6.28305
6.28315,4.6627585107E-05,-0.001338898087852,6.28315,6.28315
6.28325,4.9511087127E-05,-0.000876090372913,6.28325,6.28325
6.28335,5.0271173677E-05,-0.00056731730001,6.28335,6.28335
6.28345,5.051962944E-05,-0.000355229363777,6.28345,6.28345
6.28355,5.0614238717E-05,-0.000398575793952,6.28355,6.28355
6.28365,5.0612830819E-05,-0.000320538121741,6.28365,6.28365
6.28375,5.0588518206E-05,-0.000275221391348,6.28375,6.28375
6.28385,5.0608414313E-05,-0.000457543850644,6.28385,6.28385
6.28395,5.0559559895E-05,-0.000291335571092,6.28395,6.28395
6.28405,2.95143127E-05,-7.15180063247681,6.28405,6.28405
6.28415,2.64321159E-07,-9.99771595001221,6.28415,6.28415
6.28425,2.8562393E-08,-9.99827671051025,6.28425,6.28425
6.28435,-3.7612054E-08,-9.99857521057129,6.28435,6.28435
6.28445,-5.820544E-08,-9.99868011474609,6.28445,6.28445
6.28455,-5.9449903E-08,-9.99865341186523,6.28455,6.28455
6.28465,-7.9656594E-08,-9.99869728088379,6.28465,6.28465
6.28475,-1.11084532E-07,-9.99863338470459,6.28475,6.28475
6.28485,-5.7579694E-08,-9.99878978729248,6.28485,6.28485
6.28495,-5.1526122E-08,-9.99859619140625,6.28495,6.28495
6.28505,7.386208836E-06,-2.85711741447449,6.28505,6.28505
6.28515,4.6649944125E-05,-0.001526568550617,6.28515,6.28515
6.28525,4.9566337111E-05,-0.001330665079877,6.28525,6.28525
6.28535,5.0336722779E-05,-0.00081634829985,6.28535,6.28535
6.28545,5.0555812777E-05,-0.000806707888842,6.28545,6.28545
6.28555,5.0637368986E-05,-0.000680609140545,6.28555,6.28555
6.28565,5.0678605476E-05,-0.000584979599807,6.28565,6.28565
6.28575,5.0660233683E-05,-0.000662172853481,6.28575,6.28575
6.28585,5.0665850722E-05,-0.000358818098903,6.28585,6.28585
6.28595,5.0629339967E-05,-0.000633111048955,6.28595,6.28595
6.28605,2.9640297726E-05,-7.13188934326172,6.28605,6.28605
6.28615,2.77286063E-07,-9.99782371520996,6.28615,6.28615
6.28625,-2.942886E-09,-9.99795913696289,6.28625,6.28625
6.28635,-4.5690509E-08,-9.9982271194458,6.28635,6.28635
6.28645,-5.6757084E-08,-9.99803829193115,6.28645,6.28645
6.28655,-7.623256E-08,-9.99817180633545,6.28655,6.28655
6.28665,-7.0221176E-08,-9.99845314025879,6.28665,6.28665
6.28675,-7.4903731E-08,-9.99867248535156,6.28675,6.28675
6.28685,-5.7200026E-08,-9.9984302520752,6.28685,6.28685
6.28695,-1.03287306E-07,-9.99836826324463,6.28695,6.28695
6.28705,7.344663572E-06,-2.87713861465454,6.28705,6.28705
6.28715,4.6680779633E-05,-0.001683769747615,6.28715,6.28715
6.28725,4.9589223636E-05,-0.001088811666705,6.28725,6.28725
6.28735,5.0373986596E-05,-0.000839006621391,6.28735,6.28735
6.28745,5.0628088502E-05,-0.000874964520335,6.28745,6.28745
6.28755,5.0709531934E-05,-0.000688279222231,6.28755,6.28755
6.28765,5.0709491916E-05,-0.000486183475005,6.28765,6.28765
6.28775,5.0676248065E-05,-0.000474572821986,6.28775,6.28775
6.28785,5.0682196161E-05,-0.000538044376299,6.28785,6.28785
6.28795,5.066554877E-05,-0.000608763832133,6.28795,6.28795
6.28805,2.9754683055E-05,-7.11211919784546,6.28805,6.28805
6.28815,2.86102761E-07,-9.99774265289307,6.28815,6.28815
6.28825,-9.699543E-09,-9.99810981750488,6.28825,6.28825
6.28835,-6.506756E-08,-9.99848937988281,6.28835,6.28835
6.28845,-8.5407834E-08,-9.99856185913086,6.28845,6.28845
6.28855,-5.5336848E-08,-9.99852466583252,6.28855,6.28855
6.28865,-4.6597492E-08,-9.99904251098633,6.28865,6.28865
6.28875,-8.4296957E-08,-9.99909782409668,6.28875,6.28875
6.28885,-8.4226649E-08,-9.99864387512207,6.28885,6.28885
6.28895,-9.8344614E-08,-9.9986400604248,6.28895,6.28895
6.28905,7.240754712E-06,-2.89715361595154,6.28905,6.28905
6.28915,4.6711324103E-05,-0.001807335298508,6.28915,6.28915
6.28925,4.9633599701E-05,-0.001236302196048,6.28925,6.28925
6.28935,5.0414841098E-05,-0.000967990490608,6.28935,6.28935
6.28945,5.0651739002E-05,-0.000764346623328,6.28945,6.28945
6.28955,5.0741713494E-05,-0.000762305979151,6.28955,6.28955
6.28965,5.0778358855E-05,-0.000809593009762,6.28965,6.28965
6.28975,5.0769696827E-05,-0.000794323219452,6.28975,6.28975
6.28985,5.0719510909E-05,-0.000830843986478,6.28985,6.28985
6.28995,5.0690985518E-05,-0.000686449697241,6.28995,6.28995
6.29005,2.9879116482E-05,-7.09185981750488,6.29005,6.29005
6.29015,2.74790125E-07,-9.99750423431396,6.29015,6.29015
6.29025,-9.748758E-09,-9.997802734375,6.29025,6.29025
6.29035,-7.2815567E-08,-9.99807643890381,6.29035,6.29035
6.29045,-1.00664799E-07,-9.99812698364258,6.29045,6.29045
6.29055,-1.2812734E-07,-9.9983606338501,6.29055,6.29055
6.29065,-1.148601E-07,-9.99844837188721,6.29065,6.29065
6.29075,-8.5597669E-08,-9.99841785430908,6.29075,6.29075
6.29085,-1.09291662E-07,-9.99850559234619,6.29085,6.29085
6.29095,-9.8154779E-08,-9.99803161621094,6.29095,6.29095
6.29105,7.164497674E-06,-2.91690897941589,6.29105,6.29105
6.29115,4.6763176215E-05,-0.001706357812509,6.29115,6.29115
6.29125,4.9643720558E-05,-0.00120766251348,6.29125,6.29125
6.29135,5.0431153795E-05,-0.000690038432367,6.29135,6.29135
6.29145,5.0686365284E-05,-0.000662524718791,6.29145,6.29145
6.29155,5.075412264E-05,-0.000671602087095,6.29155,6.29155
6.29165,5.073889406E-05,-0.000532274250872,6.29165,6.29165
6.29175,5.07610348E-05,-0.000578927982133,6.29175,6.29175
6.29185,5.0719652791E-05,-0.000313079159241,6.29185,6.29185
6.29195,5.0705730246E-05,-0.000367191853002,6.29195,6.29195
6.29205,2.9970848118E-05,-7.07161712646484,6.29205,6.29205
6.29215,2.56123172E-07,-9.99697780609131,6.29215,6.29215
6.29225,5.796472E-09,-9.99743938446045,6.29225,6.29225
6.29235,-7.3399129E-08,-9.99751853942871,6.29235,6.29235
6.29245,-5.854292E-08,-9.9976749420166,6.29245,6.29245
6.29255,-7.3202266E-08,-9.99795532226563,6.29255,6.29255
6.29265,-7.0143841E-08,-9.99792671203613,6.29265,6.29265
6.29275,-1.13165669E-07,-9.99793338775635,6.29275,6.29275
6.29285,-8.8937327E-08,-9.99811744689941,6.29285,6.29285
6.29295,-1.2291747E-07,-9.9979887008667,6.29295,6.29295
6.29305,7.089618975E-06,-2.93721389770508,6.29305,6.29305
6.29315,4.6799861593E-05,-0.001677155261859,6.29315,6.29315
6.29325,4.9702277465E-05,-0.001023088349029,6.29325,6.29325
6.29335,5.051172775E-05,-0.00054465897847,6.29335,6.29335
6.29345,5.0764218031E-05,-0.000610100803897,6.29345,6.29345
6.29355,5.0844722864E-05,-0.000360718026059,6.29355,6.29355
6.29365,5.0823637139E-05,-0.000318497448461,6.29365,6.29365
6.29375,5.0794551498E-05,-0.000392946385546,6.29375,6.29375
6.29385,5.0789720262E-05,-0.000363814207958,6.29385,6.29385
6.29395,5.0809405366E-05,-0.000483228039229,6.29395,6.29395
6.29405,3.0134251574E-05,-7.0518045425415,6.29405,6.29405
6.29415,2.78713344E-07,-9.99721050262451,6.29415,6.29415
6.29425,-7.941828E-09,-9.99770641326904,6.29425,6.29425
6.29435,-5.4050201E-08,-9.99816513061523,6.29435,6.29435
6.29445,-7.5888053E-08,-9.99822235107422,6.29445,6.29445
6.29455,-7.1317992E-08,-9.99807834625244,6.29455,6.29455
6.29465,-6.498319E-08,-9.99829387664795,6.29465,6.29465
6.29475,-8.1618204E-08,-9.99799633026123,6.29475,6.29475
6.29485,-1.09917409E-07,-9.99841499328613,6.29485,6.29485
6.29495,-6.161541E-08,-9.99831581115723,6.29495,6.29495
6.29505,7.024372735E-06,-2.95710325241089,6.29505,6.29505
6.29515,4.6813307563E-05,-0.001705794828013,6.29515,6.29515
6.29525,4.9720805691E-05,-0.001299210824072,6.29525,6.29525
6.29535,5.051271728E-05,-0.00095124298241,6.29535,6.29535
6.29545,5.0759692385E-05,-0.000695878930856,6.29545,6.29545
6.29555,5.084681834E-05,-0.000474643195048,6.29555,6.29555
6.29565,5.0835926231E-05,-0.000352555391146,6.29565,6.29565
6.29575,5.0833044952E-05,-0.000464439886855,6.29575,6.29575
6.29585,5.0820861361E-05,-0.000704815611243,6.29585,6.29585
6.29595,5.0799593737E-05,-0.000699115858879,6.29595,6.29595
6.29605,3.0192304621E-05,-7.03185319900513,6.29605,6.29605
6.29615,2.72870693E-07,-9.9972677230835,6.29615,6.29615
6.29625,-4.7413071E-08,-9.99756526947021,6.29625,6.29625
6.29635,-1.0850421E-07,-9.99779510498047,6.29635,6.29635
6.29645,-1.06078559E-07,-9.99822807312012,6.29645,6.29645
6.29655,-1.00819477E-07,-9.99834156036377,6.29655,6.29655
6.29665,-1.2748049E-07,-9.99811363220215,6.29665,6.29665
6.29675,-1.40079791E-07,-9.99818992614746,6.29675,6.29675
6.29685,-1.33266894E-07,-9.99834632873535,6.29685,6.29685
6.29695,-1.40508675E-07,-9.99824237823486,6.29695,6.29695
6.29705,6.88533737E-06,-2.97688341140747,6.29705,6.29705
6.29715,4.6822395234E-05,-0.001661111367866,6.29715,6.29715
6.29725,4.9764879805E-05,-0.001092822640203,6.29725,6.29725
6.29735,5.0570215535E-05,-0.000764487369452,6.29735,6.29735
6.29745,5.0804526836E-05,-0.00072402600199,6.29745,6.29745
6.29755,5.0908336561E-05,-0.000541914603673,6.29755,6.29755
6.29765,5.088898979E-05,-0.000747176934965,6.29765,6.29765
6.29775,5.0883299991E-05,-0.00051883404376,6.29775,6.29775
6.29785,5.0830625696E-05,-0.000564502610359,6.29785,6.29785
6.29795,5.0819144235E-05,-0.000451140396763,6.29795,6.29795
6.29805,3.0264456655E-05,-7.01165771484375,6.29805,6.29805
6.29815,2.12988866E-07,-9.99735641479492,6.29815,6.29815
6.29825,-5.7748434E-08,-9.9974193572998,6.29825,6.29825
6.29835,-6.4406656E-08,-9.99782180786133,6.29835,6.29835
6.29845,-1.01283511E-07,-9.99803352355957,6.29845,6.29845
6.29855,-9.5075265E-08,-9.99802684783936,6.29855,6.29855
6.29865,-8.2124423E-08,-9.99823093414307,6.29865,6.29865
6.29875,-7.6450519E-08,-9.99842834472656,6.29875,6.29875
6.29885,-7.9326142E-08,-9.99827289581299,6.29885,6.29885
6.29895,-8.7067114E-08,-9.99841976165771,6.29895,6.29895
6.29905,6.870242487E-06,-2.99700570106506,6.29905,6.29905
6.29915,4.6866840421E-05,-0.00109922606498,6.29915,6.29915
6.29925,4.9833895901E-05,-0.000828451535199,6.29925,6.29925
6.29935,5.0631751947E-05,-0.000828873715363,6.29935,6.29935
6.29945,5.0842219935E-05,-0.000692853122018,6.29945,6.29945
6.29955,5.0906750403E-05,-0.000471687730169,6.29955,6.29955
6.29965,5.0939597713E-05,-0.000550780910999,6.29965,6.29965
6.29975,5.0902010116E-05,-0.000441007461632,6.29975,6.29975
6.29985,5.0875878514E-05,-0.000229552810197,6.29985,6.29985
6.29995,5.0863229262E-05,-0.000407442130381,6.29995,6.29995
6.30005,3.0411345506E-05,-6.99156713485718,6.30005,6.30005
6.30015,2.1488016E-07,-9.99692535400391,6.30015,6.30015
6.30025,-7.4615464E-08,-9.99730777740479,6.30025,6.30025
6.30035,-8.3129834E-08,-9.99764347076416,6.30035,6.30035
6.30045,-1.04784881E-07,-9.99777698516846,6.30045,6.30045
6.30055,-9.9328936E-08,-9.99771881103516,6.30055,6.30055
6.30065,-1.12420395E-07,-9.99767589569092,6.30065,6.30065
6.30075,-9.6277546E-08,-9.99795532226563,6.30075,6.30075
6.30085,-1.00889785E-07,-9.99779224395752,6.30085,6.30085
6.30095,-1.52587688E-07,-9.99796676635742,6.30095,6.30095
6.30105,6.767844752E-06,-3.01670217514038,6.30105,6.30105
6.30115,4.6882832976E-05,-0.001185496686958,6.30115,6.30115
6.30125,4.9850572395E-05,-0.000815081642941,6.30125,6.30125
6.30135,5.0648381148E-05,-0.00064099219162,6.30135,6.30135
6.30145,5.0883962103E-05,-0.000680749886669,6.30145,6.30145
6.30155,5.0956237828E-05,-0.000528755888809,6.30155,6.30155
6.30165,5.0973252655E-05,-0.000591031217482,6.30165,6.30165
6.30175,5.097389294E-05,-0.000591312651522,6.30175,6.30175
6.30185,5.097524263E-05,-0.000673502043355,6.30185,6.30185
6.30195,5.0944447139E-05,-0.000466973113362,6.30195,6.30195
6.30205,3.0521165172E-05,-6.97186899185181,6.30205,6.30205
6.30215,2.44163687E-07,-9.9974365234375,6.30215,6.30215
6.30225,-2.9470318E-08,-9.99751758575439,6.30225,6.30225
6.30235,-9.0610669E-08,-9.99761390686035,6.30235,6.30235
6.30245,-1.06155902E-07,-9.99781513214111,6.30245,6.30245
6.30255,-7.1648444E-08,-9.99806880950928,6.30255,6.30255
6.30265,-7.8798827E-08,-9.99791240692139,6.30265,6.30265
6.30275,-1.02984984E-07,-9.99787712097168,6.30275,6.30275
6.30285,-1.00538244E-07,-9.99808311462402,6.30285,6.30285
6.30295,-7.8285574E-08,-9.99827003479004,6.30295,6.30295
6.30305,6.737935564E-06,-3.03677582740784,6.30305,6.30305
6.30315,4.6914894483E-05,-0.001282463315874,6.30315,6.30315
6.30325,4.9856080295E-05,-0.000918803503737,6.30325,6.30325
6.30335,5.0674687373E-05,-0.00062114855973,6.30335,6.30335
6.30345,5.0934591854E-05,-0.000460991868749,6.30345,6.30345
6.30355,5.1003957196E-05,-0.000739154987969,6.30355,6.30355
6.30365,5.1014081691E-05,-0.000584205554333,6.30365,6.30365
6.30375,5.1008893934E-05,-0.000580968626309,6.30375,6.30375
6.30385,5.1000246458E-05,-0.000588146154769,6.30385,6.30385
6.30395,5.0996492064E-05,-0.000615870987531,6.30395,6.30395
6.30405,3.0680344935E-05,-6.95157051086426,6.30405,6.30405
6.30415,2.60264358E-07,-9.99715328216553,6.30415,6.30415
6.30425,1.135012E-09,-9.99738788604736,6.30425,6.30425
6.30435,-2.5961919E-08,-9.99783134460449,6.30435,6.30435
6.30445,-7.5452135E-08,-9.99807548522949,6.30445,6.30445
6.30455,-1.04503648E-07,-9.99778461456299,6.30455,6.30455
6.30465,-9.1384067E-08,-9.99813652038574,6.30465,6.30465
6.30475,-9.3865957E-08,-9.99818992614746,6.30475,6.30475
6.30485,-1.08799505E-07,-9.99806022644043,6.30485,6.30485
6.30495,-1.17440429E-07,-9.99822425842285,6.30495,6.30495
6.30505,6.643532288E-06,-3.05710124969482,6.30505,6.30505
6.30515,4.6960558393E-05,-0.001789672998711,6.30515,6.30515
6.30525,4.993080438E-05,-0.001484066480771,6.30525,6.30525
6.30535,5.0726197514E-05,-0.000882704916876,6.30535,6.30535
6.30545,5.0964677939E-05,-0.00063508132007,6.30545,6.30545
6.30555,5.1041279221E-05,-0.000589272007346,6.30555,6.30555
6.30565,5.102052819E-05,-0.00053220387781,6.30565,6.30565
6.30575,5.1054073992E-05,-0.000766105833463,6.30575,6.30575
6.30585,5.1025217545E-05,-0.000537622196134,6.30585,6.30585
6.30595,5.1006012654E-05,-0.000652462127618,6.30595,6.30595
6.30605,3.0748447898E-05,-6.93162250518799,6.30605,6.30605
6.30615,2.579512E-07,-9.99703884124756,6.30615,6.30615
6.30625,-1.4459434E-08,-9.99763011932373,6.30625,6.30625
6.30635,-9.4421395E-08,-9.99781799316406,6.30635,6.30635
6.30645,-8.8452197E-08,-9.99811267852783,6.30645,6.30645
6.30655,-8.0275306E-08,-9.99779033660889,6.30655,6.30655
6.30665,-9.8267279E-08,-9.99803352355957,6.30665,6.30665
6.30675,-1.07442546E-07,-9.99816513061523,6.30675,6.30675
6.30685,-1.00376532E-07,-9.99826812744141,6.30685,6.30685
6.30695,-8.2644704E-08,-9.9984073638916,6.30695,6.30695
6.30705,6.579185992E-06,-3.07718396186829,6.30705,6.30705
6.30715,4.6960856707E-05,-0.001759274164215,6.30715,6.30715
6.30725,4.9983049394E-05,-0.001308569684625,6.30725,6.30725
6.30735,5.0812319387E-05,-0.001097255735658,6.30735,6.30735
6.30745,5.1041184634E-05,-0.000844213878736,6.30745,6.30745
6.30755,5.1105926104E-05,-0.000866098154802,6.30755,6.30755
6.30765,5.1147726481E-05,-0.000653376919217,6.30765,6.30765
6.30775,5.1100549172E-05,-0.000477387511637,6.30775,6.30775
6.30785,5.1123650337E-05,-0.000416308437707,6.30785,6.30785
6.30795,5.1061582781E-05,-0.000577379891183,6.30795,6.30795
6.30805,3.0894279917E-05,-6.91198205947876,6.30805,6.30805
6.30815,2.87980015E-07,-9.99752235412598,6.30815,6.30815
6.30825,-2.1785588E-08,-9.997727394104,6.30825,6.30825
6.30835,-6.2712218E-08,-9.9977970123291,6.30835,6.30835
6.30845,-9.8780525E-08,-9.99778366088867,6.30845,6.30845
6.30855,-1.06022313E-07,-9.99781894683838,6.30855,6.30855
6.30865,-9.1552806E-08,-9.99821376800537,6.30865,6.30865
6.30875,-7.5156841E-08,-9.99846172332764,6.30875,6.30875
6.30885,-9.1805916E-08,-9.99860191345215,6.30885,6.30885
6.30895,-9.3071471E-08,-9.99857330322266,6.30895,6.30895
6.30905,6.509657851E-06,-3.09707379341126,6.30905,6.30905
6.30915,4.6982262575E-05,-0.00171065016184,6.30915,6.30915
6.30925,4.9979236792E-05,-0.001285629812628,6.30925,6.30925
6.30935,5.0794009439E-05,-0.000925066240598,6.30935,6.30935
6.30945,5.1048267778E-05,-0.000844565685838,6.30945,6.30945
6.30955,5.1112656365E-05,-0.000690319924615,6.30955,6.30955
6.30965,5.1115031965E-05,-0.000759069051128,6.30965,6.30965
6.30975,5.1149589126E-05,-0.000686238578055,6.30975,6.30975
6.30985,5.1119652198E-05,-0.000926473585423,6.30985,6.30985
6.30995,5.111595965E-05,-0.000900789396837,6.30995,6.30995
6.31005,3.1004306948E-05,-6.89221000671387,6.31005,6.31005
6.31015,2.88908069E-07,-9.99768733978271,6.31015,6.31015
6.31025,-1.7173345E-08,-9.99802875518799,6.31025,6.31025
6.31035,-7.7111423E-08,-9.99828815460205,6.31035,6.31035
6.31045,-9.8527416E-08,-9.99885082244873,6.31045,6.31045
6.31055,-8.4768025E-08,-9.99912071228027,6.31055,6.31055
6.31065,-1.02190498E-07,-9.99913692474365,6.31065,6.31065
6.31075,-1.09882258E-07,-9.9989652633667,6.31075,6.31075
6.31085,-8.8916231E-08,-9.99873065948486,6.31085,6.31085
6.31095,-1.0041169E-07,-9.99901485443115,6.31095,6.31095
6.31105,6.405713521E-06,-3.11736536026001,6.31105,6.31105
6.31115,4.6994140575E-05,-0.002084091072902,6.31115,6.31115
6.31125,5.0008635299E-05,-0.001612205873244,6.31125,6.31125
6.31135,5.0833255955E-05,-0.001077904715203,6.31135,6.31135
6.31145,5.1090650231E-05,-0.001072486396879,6.31145,6.31145
6.31155,5.1139519201E-05,-0.001144402078353,6.31155,6.31155
6.31165,5.113793668E-05,-0.000848787720315,6.31165,6.31165
6.31175,5.1124479796E-05,-0.000597927253693,6.31175,6.31175
6.31185,5.1125203754E-05,-0.000998811447062,6.31185,6.31185
6.31195,5.1108389016E-05,-0.001170578761958,6.31195,6.31195
6.31205,3.1079613109E-05,-6.87252140045166,6.31205,6.31205
6.31215,2.71330919E-07,-9.99786472320557,6.31215,6.31215
6.31225,-2.5237741E-08,-9.99777317047119,6.31225,6.31225
6.31235,-7.6281779E-08,-9.99791240692139,6.31235,6.31235
6.31245,-1.10979066E-07,-9.9979887008667,6.31245,6.31245
6.31255,-8.5541423E-08,-9.99820613861084,6.31255,6.31255
6.31265,-9.3514416E-08,-9.99840641021729,6.31265,6.31265
6.31275,-1.06894142E-07,-9.99837017059326,6.31275,6.31275
6.31285,-1.16266278E-07,-9.9982328414917,6.31285,6.31285
6.31295,-1.02900614E-07,-9.99836826324463,6.31295,6.31295
6.31305,6.347842373E-06,-3.13705682754517,6.31305,6.31305
6.31315,4.69991719E-05,-0.001668711076491,6.31315,6.31315
6.31325,5.003406477E-05,-0.001319547067396,6.31325,6.31325
6.31335,5.0811799156E-05,-0.001273104455322,6.31335,6.31335
6.31345,5.1080729463E-05,-0.000954761344474,6.31345,6.31345
6.31355,5.1170285587E-05,-0.001114355050959,6.31355,6.31355
6.31365,5.1194023399E-05,-0.001099085318856,6.31365,6.31365
6.31375,5.1203725889E-05,-0.001247560954653,6.31375,6.31375
6.31385,5.1164435718E-05,-0.000875949626788,6.31385,6.31385
6.31395,5.1165723562E-05,-0.000953776238021,6.31395,6.31395
6.31405,3.1234256312E-05,-6.85228633880615,6.31405,6.31405
6.31415,2.53627235E-07,-9.99798488616943,6.31415,6.31415
6.31425,-5.4015047E-08,-9.99811267852783,6.31425,6.31425
6.31435,-7.9283957E-08,-9.99864292144775,6.31435,6.31435
6.31445,-9.6889224E-08,-9.9985237121582,6.31445,6.31445
6.31455,-1.07864402E-07,-9.99868774414063,6.31455,6.31455
6.31465,-1.10782203E-07,-9.99860858917236,6.31465,6.31465
6.31475,-1.14846038E-07,-9.99864196777344,6.31475,6.31475
6.31485,-1.14916354E-07,-9.9984769821167,6.31485,6.31485
6.31495,-1.22291723E-07,-9.99865913391113,6.31495,6.31495
6.31505,6.244094948E-06,-3.15713334083557,6.31505,6.31505
6.31515,4.7014080337E-05,-0.001822956837714,6.31515,6.31515
6.31525,5.0038346671E-05,-0.001705583767034,6.31525,6.31525
6.31535,5.0876242312E-05,-0.001107388758101,6.31535,6.31535
6.31545,5.1133050874E-05,-0.001083252602257,6.31545,6.31545
6.31555,5.1211241953E-05,-0.000824510934763,6.31555,6.31555
6.31565,5.1205868658E-05,-0.000782501476351,6.31565,6.31565
6.31575,5.1229697419E-05,-0.000915566633921,6.31575,6.31575
6.31585,5.1210459787E-05,-0.000876090372913,6.31585,6.31585
6.31595,5.1196435379E-05,-0.000947091320995,6.31595,6.31595
6.31605,3.133390419E-05,-6.83247900009155,6.31605,6.31605
6.31615,2.59730001E-07,-9.99789237976074,6.31615,6.31615
6.31625,-2.0850484E-08,-9.99806690216064,6.31625,6.31625
6.31635,-7.1866403E-08,-9.99855518341064,6.31635,6.31635
6.31645,-7.090317E-08,-9.99878883361816,6.31645,6.31645
6.31655,-1.0468645E-07,-9.99900245666504,6.31655,6.31655
6.31665,-1.03772436E-07,-9.99895286560059,6.31665,6.31665
6.31675,-1.1522571E-07,-9.99874687194824,6.31675,6.31675
6.31685,-9.0245067E-08,-9.99900341033936,6.31685,6.31685
6.31695,-1.11506381E-07,-9.99875068664551,6.31695,6.31695
6.31705,6.174391274E-06,-3.17724490165711,6.31705,6.31705
6.31715,4.7062632802E-05,-0.00164788227994,6.31715,6.31715
6.31725,5.0095386541E-05,-0.001509891357273,6.31725,6.31725
6.31735,5.0951683079E-05,-0.001090570818633,6.31735,6.31735
6.31745,5.1204526244E-05,-0.001125613925979,6.31745,6.31745
6.31755,5.1291590353E-05,-0.001192815019749,6.31755,6.31755
6.31765,5.1281895139E-05,-0.000937099102885,6.31765,6.31765
6.31775,5.1276587328E-05,-0.000858779938426,6.31775,6.31775
6.31785,5.12429433E-05,-0.000712274573743,6.31785,6.31785
6.31795,5.1235918363E-05,-0.000707700673956,6.31795,6.31795
6.31805,3.1446870707E-05,-6.81215572357178,6.31805,6.31805
6.31815,2.60974474E-07,-9.9979076385498,6.31815,6.31815
6.31825,-5.108318E-08,-9.99816036224365,6.31825,6.31825
6.31835,-7.3624115E-08,-9.99827194213867,6.31835,6.31835
6.31845,-8.677182E-08,-9.99854755401611,6.31845,6.31845
6.31855,-1.33716867E-07,-9.99864768981934,6.31855,6.31855
6.31865,-1.2430958E-07,-9.99861907958984,6.31865,6.31865
6.31875,-1.15633497E-07,-9.99855899810791,6.31875,6.31875
6.31885,-1.36037045E-07,-9.99853038787842,6.31885,6.31885
6.31895,-1.55828914E-07,-9.99851703643799,6.31895,6.31895
6.31905,6.078307251E-06,-3.19725203514099,6.31905,6.31905
6.31915,4.7086166887E-05,-0.001877491828054,6.31915,6.31915
6.31925,5.0105449191E-05,-0.001524668652564,6.31925,6.31925
6.31935,5.0971568271E-05,-0.001055809203535,6.31935,6.31935
6.31945,5.1214425184E-05,-0.001064605196007,6.31945,6.31945
6.31955,5.1299528423E-05,-0.000748936086893,6.31955,6.31955
6.31965,5.1322454965E-05,-0.000833869795315,6.31965,6.31965
6.31975,5.1285860536E-05,-0.000700030650478,6.31975,6.31975
6.31985,5.1293136494E-05,-0.000729655381292,6.31985,6.31985
6.31995,5.1278169849E-05,-0.000641555117909,6.31995,6.31995
6.32005,3.1553579902E-05,-6.79206085205078,6.32005,6.32005
6.32015,2.81124926E-07,-9.99758529663086,6.32015,6.32015
6.32025,-3.5622321E-08,-9.99789810180664,6.32025,6.32025
6.32035,-1.17995867E-07,-9.99828720092773,6.32035,6.32035
6.32045,-1.20526977E-07,-9.9984769821167,6.32045,6.32045
6.32055,-1.12054792E-07,-9.99873352050781,6.32055,6.32055
6.32065,-1.71746791E-07,-9.99856281280518,6.32065,6.32065
6.32075,-1.37794771E-07,-9.99856472015381,6.32075,6.32075
6.32085,-1.5376888E-07,-9.99885654449463,6.32085,6.32085
6.32095,-1.47462202E-07,-9.99887275695801,6.32095,6.32095
6.32105,6.014734481E-06,-3.2176251411438,6.32105,6.32105
6.32115,4.7114190238E-05,-0.00218007247895,6.32115,6.32115
6.32125,5.0172318879E-05,-0.001841322868131,6.32125,6.32125
6.32135,5.0995888159E-05,-0.001227717264555,6.32135,6.32135
6.32145,5.1243823691E-05,-0.000936536176596,6.32145,6.32145
6.32155,5.133024024E-05,-0.001024566008709,6.32155,6.32155
6.32165,5.1304414228E-05,-0.000723885255866,6.32165,6.32165
6.32175,5.128003977E-05,-0.000942376675084,6.32175,6.32175
6.32185,5.1275277656E-05,-0.000758435751777,6.32185,6.32185
6.32195,5.1281502238E-05,-0.000843369460199,6.32195,6.32195
6.32205,3.1650815799E-05,-6.77201414108276,6.32205,6.32205
6.32215,2.45590968E-07,-9.99756813049316,6.32215,6.32215
6.32225,-3.997442E-08,-9.99779319763184,6.32225,6.32225
6.32235,-9.0976272E-08,-9.99804306030273,6.32235,6.32235
6.32245,-1.04981744E-07,-9.99802303314209,6.32245,6.32245
6.32255,-9.6629087E-08,-9.99842929840088,6.32255,6.32255
6.32265,-1.04911436E-07,-9.99824905395508,6.32265,6.32265
6.32275,-1.05262984E-07,-9.99834632873535,6.32275,6.32275
6.32285,-1.3032799E-07,-9.9984769821167,6.32285,6.32285
6.32295,-1.21785504E-07,-9.99856948852539,6.32295,6.32295
6.32305,5.953516848E-06,-3.23724460601807,6.32305,6.32305
6.32315,4.7097219067E-05,-0.002039689105004,6.32315,6.32315
6.32325,5.0197391829E-05,-0.00165604497306,6.32325,6.32325
6.32335,5.1022299886E-05,-0.001346990349703,6.32335,6.32335
6.32345,5.1290662668E-05,-0.001137435669079,6.32345,6.32345
6.32355,5.1347858971E-05,-0.000961516634561,6.32355,6.32355
6.32365,5.1386625273E-05,-0.000860679894686,6.32365,6.32365
6.32375,5.1356415497E-05,-0.001039272872731,6.32375,6.32375
6.32385,5.134006642E-05,-0.000728107290342,6.32385,6.32385
6.32395,5.1338007324E-05,-0.000691164284945,6.32395,6.32395
6.32405,3.1774852687E-05,-6.75221681594849,6.32405,6.32405
6.32415,2.89161193E-07,-9.99777412414551,6.32415,6.32415
6.32425,6.689391E-09,-9.99795532226563,6.32425,6.32425
6.32435,-5.7101595E-08,-9.99823379516602,6.32435,6.32435
6.32445,-7.2534334E-08,-9.99829959869385,6.32445,6.32445
6.32455,-8.8867019E-08,-9.9983959197998,6.32455,6.32455
6.32465,-1.03083416E-07,-9.99836254119873,6.32465,6.32465
6.32475,-9.4175313E-08,-9.99831867218018,6.32475,6.32475
6.32485,-8.4451635E-08,-9.99846172332764,6.32485,6.32485
6.32495,-9.7803238E-08,-9.99829769134521,6.32495,6.32495
6.32505,5.877716831E-06,-3.25674819946289,6.32505,6.32505
6.32515,4.7146357247E-05,-0.001051868661307,6.32515,6.32515
6.32525,5.0230977649E-05,-0.001057005487382,6.32525,6.32525
6.32535,5.1068669563E-05,-0.000752876687329,6.32535,6.32535
6.32545,5.1328250265E-05,-0.000783205148764,6.32545,6.32545
6.32555,5.1431488828E-05,-0.000740984571166,6.32555,6.32555
6.32565,5.1430393796E-05,-0.0008424546686,6.32565,6.32565
6.32575,5.1426195569E-05,-0.000612282194197,6.32575,6.32575
6.32585,5.1385086408E-05,-0.000719803909305,6.32585,6.32585
6.32595,5.1396167692E-05,-0.000560491636861,6.32595,6.32595
6.32605,3.1903819036E-05,-6.7320237159729,6.32605,6.32605
6.32615,2.71724673E-07,-9.9975700378418,6.32615,6.32615
6.32625,-8.370709E-09,-9.99785804748535,6.32625,6.32625
6.32635,-1.04777854E-07,-9.99844264984131,6.32635,6.32635
6.32645,-1.33555162E-07,-9.9987325668335,6.32645,6.32645
6.32655,-1.16055347E-07,-9.99842262268066,6.32655,6.32655
6.32665,-1.29027285E-07,-9.99866676330566,6.32665,6.32665
6.32675,-1.33955922E-07,-9.99874687194824,6.32675,6.32675
6.32685,-1.45676353E-07,-9.99869728088379,6.32685,6.32685
6.32695,-1.37323696E-07,-9.99904632568359,6.32695,6.32695
6.32705,5.790667728E-06,-3.27711915969849,6.32705,6.32705
6.32715,4.7168996389E-05,-0.001559359836392,6.32715,6.32715
6.32725,5.0296188419E-05,-0.001346849719994,6.32725,6.32725
6.32735,5.1132003136E-05,-0.001147498260252,6.32735,6.32735
6.32745,5.1354258176E-05,-0.000789819692727,6.32745,6.32745
6.32755,5.1426166465E-05,-0.000487379729748,6.32755,6.32755
6.32765,5.1475009968E-05,-0.000448255334049,6.32765,6.32765
6.32775,5.1441824326E-05,-0.000467254576506,6.32775,6.32775
6.32785,5.144964598E-05,-0.000758365378715,6.32785,6.32785
6.32795,5.1403931138E-05,-0.000479076348711,6.32795,6.32795
6.32805,3.2044754334E-05,-6.7122392654419,6.32805,6.32805
6.32815,3.23837384E-07,-9.99756526947021,6.32815,6.32815
6.32825,2.4589959E-08,-9.99802207946777,6.32825,6.32825
6.32835,-4.4460108E-08,-9.99855327606201,6.32835,6.32835
6.32845,-5.5730577E-08,-9.9984016418457,6.32845,6.32845
6.32855,-6.4807416E-08,-9.99848079681396,6.32855,6.32855
6.32865,-1.01958477E-07,-9.99845695495605,6.32865,6.32865
6.32875,-8.3959478E-08,-9.99879837036133,6.32875,6.32875
6.32885,-1.11914176E-07,-9.99884510040283,6.32885,6.32885
6.32895,-1.04911436E-07,-9.99882316589355,6.32895,6.32895
6.32905,5.749115644E-06,-3.29709339141846,6.32905,6.32905
6.32915,4.7210858611E-05,-0.001605872879736,6.32915,6.32915
6.32925,5.0294158427E-05,-0.001276552444324,6.32925,6.32925
6.32935,5.109850099E-05,-0.000950680056121,6.32935,6.32935
6.32945,5.1406586863E-05,-0.000845339731313,6.32945,6.32945
6.32955,5.1492974308E-05,-0.000974112481344,6.32955,6.32955
6.32965,5.1494305808E-05,-0.000864972302224,6.32965,6.32965
6.32975,5.1492974308E-05,-0.000862016866449,6.32975,6.32975
6.32985,5.1478655223E-05,-0.000958490825724,6.32985,6.32985
6.32995,5.1465056458E-05,-0.000755198823754,6.32995,6.32995
6.33005,3.2159590774E-05,-6.69225168228149,6.33005,6.33005
6.33015,2.87691734E-07,-9.99768733978271,6.33015,6.33015
6.33025,-7.899642E-09,-9.99805927276611,6.33025,6.33025
6.33035,-7.7195793E-08,-9.99822330474854,6.33035,6.33035
6.33045,-1.00285135E-07,-9.99843692779541,6.33045,6.33045
6.33055,-1.06858984E-07,-9.99858093261719,6.33055,6.33055
6.33065,-1.1254695E-07,-9.99840927124023,6.33065,6.33065
6.33075,-1.31474025E-07,-9.99836349487305,6.33075,6.33075
6.33085,-1.12715689E-07,-9.99842357635498,6.33085,6.33085
6.33095,-1.0691523E-07,-9.99866962432861,6.33095,6.33095
6.33105,5.62987907E-06,-3.3172881603241,6.33105,6.33105
6.33115,4.7200770496E-05,-0.001470344839618,6.33115,6.33115
6.33125,5.0339345762E-05,-0.001400680863298,6.33125,6.33125
6.33135,5.1190207159E-05,-0.001117591978982,6.33135,6.33135
6.33145,5.1433544286E-05,-0.000920914520975,6.33145,6.33145
6.33155,5.1518407417E-05,-0.000683353515342,6.33155,6.33155
6.33165,5.1544870075E-05,-0.001081423019059,6.33165,6.33165
6.33175,5.1532304497E-05,-0.000639936712105,6.33175,6.33175
6.33185,5.1495560911E-05,-0.000447551661637,6.33185,6.33185
6.33195,5.1491562772E-05,-0.000524815288372,6.33195,6.33195
6.33205,3.2257972634E-05,-6.67198657989502,6.33205,6.33205
6.33215,2.73180035E-07,-9.99762725830078,6.33215,6.33215
6.33225,-2.3515181E-08,-9.99812889099121,6.33225,6.33225
6.33235,-7.9368327E-08,-9.99844646453857,6.33235,6.33235
6.33245,-8.5794532E-08,-9.99839687347412,6.33245,6.33245
6.33255,-9.4400306E-08,-9.99858856201172,6.33255,6.33255
6.33265,-1.14874162E-07,-9.99870204925537,6.33265,6.33265
6.33275,-1.05185642E-07,-9.9985408782959,6.33275,6.33275
6.33285,-1.18973155E-07,-9.99838829040527,6.33285,6.33285
6.33295,-1.49536305E-07,-9.99836444854736,6.33295,6.33295
6.33305,5.553608389E-06,-3.33663105964661,6.33305,6.33305
6.33315,4.7228048061E-05,-0.001221806393005,6.33315,6.33315
6.33325,5.0349863159E-05,-0.000597223581281,6.33325,6.33325
6.33335,5.1205039199E-05,-0.000789678946603,6.33335,6.33335
6.33345,5.1483679272E-05,-0.000555988110136,6.33345,6.33345
6.33355,5.1567454648E-05,-0.00055985833751,6.33355,6.33355
6.33365,5.156874613E-05,-0.000614604330622,6.33365,6.33365
6.33375,5.1565744798E-05,-0.000426370999776,6.33375,6.33375
6.33385,5.1519931731E-05,-0.00023609699565,6.33385,6.33385
6.33395,5.1529477787E-05,-0.000210272090044,6.33395,6.33395
6.33405,3.2364136132E-05,-6.65176439285278,6.33405,6.33405
6.33415,2.87874542E-07,-9.99746608734131,6.33415,6.33415
6.33425,-1.9732578E-08,-9.99747753143311,6.33425,6.33425
6.33435,-6.9820416E-08,-9.99769020080566,6.33435,6.33435
6.33445,-8.4543039E-08,-9.99805641174316,6.33445,6.33445
6.33455,-7.2316375E-08,-9.99794864654541,6.33455,6.33455
6.33465,-6.6354204E-08,-9.99791431427002,6.33465,6.33465
6.33475,-1.05994189E-07,-9.99800682067871,6.33475,6.33475
6.33485,-1.10894696E-07,-9.9981575012207,6.33485,6.33485
6.33495,-1.3579097E-07,-9.99829959869385,6.33495,6.33495
6.33505,5.481977951E-06,-3.35662841796875,6.33505,6.33505
6.33515,4.7263223678E-05,-0.001337349996902,6.33515,6.33515
6.33525,5.0414491852E-05,-0.000728529528715,6.33525,6.33525
6.33535,5.125161988E-05,-0.000655769428704,6.33535,6.33535
6.33545,5.1493909268E-05,-0.000621500366833,6.33545,6.33545
6.33555,5.1602186431E-05,-0.000546629249584,6.33555,6.33555
6.33565,5.1592222007E-05,-0.000316667894367,6.33565,6.33565
6.33575,5.1580664149E-05,-0.000152218810399,6.33575,6.33575
6.33585,5.1554488891E-05,3.6999685108E-05,6.33585,6.33585
6.33595,5.1565795729E-05,-0.000252070429269,6.33595,6.33595
6.33605,3.2500833186E-05,-6.63180112838745,6.33605,6.33605
6.33615,2.6005344E-07,-9.99729156494141,6.33615,6.33615
6.33625,-2.7543862E-08,-9.99765396118164,6.33625,6.33625
6.33635,-6.3422334E-08,-9.99780559539795,6.33635,6.33635
6.33645,-9.4519827E-08,-9.99828624725342,6.33645,6.33645
6.33655,-1.17482614E-07,-9.997878074646,6.33655,6.33655
6.33665,-9.7669655E-08,-9.99808025360107,6.33665,6.33665
6.33675,-1.2707271E-07,-9.9982328414917,6.33675,6.33675
6.33685,-1.30960771E-07,-9.99806594848633,6.33685,6.33685
6.33695,-1.26693038E-07,-9.99818134307861,6.33695,6.33695
6.33705,5.405011052E-06,-3.37675714492798,6.33705,6.33705
6.33715,4.7276069381E-05,-0.0012764116982,6.33715,6.33715
6.33725,5.0394373829E-05,-0.000832040270325,6.33725,6.33725
6.33735,5.1263803471E-05,-0.000737536582164,6.33735,6.33735
6.33745,5.1504139265E-05,-0.000482524366817,6.33745,6.33745
6.33755,5.1623814215E-05,-0.000311179232085,6.33755,6.33755
6.33765,5.1636321587E-05,-0.000448184960987,6.33765,6.33765
6.33775,5.1658269513E-05,-0.000686449697241,6.33775,6.33775
6.33785,5.1600211009E-05,-0.000556199229322,6.33785,6.33785
6.33795,5.1571340009E-05,-0.000648310407996,6.33795,6.33795
6.33805,3.2595180528E-05,-6.61204719543457,6.33805,6.33805
6.33815,2.90736097E-07,-9.99735832214355,6.33815,6.33815
6.33825,-2.4787767E-08,-9.99774169921875,6.33825,6.33825
6.33835,-8.0141717E-08,-9.9977331161499,6.33835,6.33835
6.33845,-7.0031348E-08,-9.99800968170166,6.33845,6.33845
6.33855,-1.08363587E-07,-9.99819183349609,6.33855,6.33855
6.33865,-1.40318846E-07,-9.99832057952881,6.33865,6.33865
6.33875,-1.08532333E-07,-9.99848937988281,6.33875,6.33875
6.33885,-1.12420395E-07,-9.99846458435059,6.33885,6.33885
6.33895,-1.144031E-07,-9.99854183197021,6.33895,6.33895
6.33905,5.326427527E-06,-3.39704656600952,6.33905,6.33905
6.33915,4.7290988732E-05,-0.001777429017238,6.33915,6.33915
6.33925,5.0453414588E-05,-0.0013540975051,6.33925,6.33925
6.33935,5.1303697546E-05,-0.001076145446859,6.33935,6.33935
6.33945,5.1577262639E-05,-0.000958209391683,6.33945,6.33945
6.33955,5.1651852118E-05,-0.000813392864075,6.33955,6.33955
6.33965,5.1684670325E-05,-0.000958420452662,6.33965,6.33965
6.33975,5.1649811212E-05,-0.000817685271613,6.33975,6.33975
6.33985,5.1637271099E-05,-0.001014503417537,6.33985,6.33985
6.33995,5.1620085287E-05,-0.000816700106952,6.33995,6.33995
6.34005,3.2732637919E-05,-6.59220695495605,6.34005,6.34005
6.34015,2.97443535E-07,-9.99752140045166,6.34015,6.34015
6.34025,9.396271E-09,-9.99796867370605,6.34025,6.34025
6.34035,-5.4647824E-08,-9.99819087982178,6.34035,6.34035
6.34045,-6.2923149E-08,-9.99797534942627,6.34045,6.34045
6.34055,-1.05234854E-07,-9.99822235107422,6.34055,6.34055
6.34065,-7.8707423E-08,-9.99842357635498,6.34065,6.34065
6.34075,-7.75403E-08,-9.99827671051025,6.34075,6.34075
6.34085,-1.09340881E-07,-9.99848079681396,6.34085,6.34085
6.34095,-1.00685888E-07,-9.99845218658447,6.34095,6.34095
6.34105,5.272802809E-06,-3.41692924499512,6.34105,6.34105
6.34115,4.7293597163E-05,-0.001682573463768,6.34115,6.34115
6.34125,5.0490281865E-05,-0.00096651277272,6.34125,6.34125
6.34135,5.1392609748E-05,-0.001025410485454,6.34135,6.34135
6.34145,5.1632585382E-05,-0.000843158341013,6.34145,6.34145
6.34155,5.1715473091E-05,-0.000991352484562,6.34155,6.34155
6.34165,5.1711689594E-05,-0.000947020947933,6.34165,6.34165
6.34175,5.170273289E-05,-0.000954268791247,6.34175,6.34175
6.34185,5.1686365623E-05,-0.00062642613193,6.34185,6.34185
6.34195,5.1699324104E-05,-0.000860187283251,6.34195,6.34195
6.34205,3.2847896364E-05,-6.57218980789185,6.34205,6.34205
6.34215,2.90236926E-07,-9.9976749420166,6.34215,6.34215
6.34225,-1.1133837E-08,-9.99774169921875,6.34225,6.34225
6.34235,-8.3706368E-08,-9.99816226959229,6.34235,6.34235
6.34245,-8.466256E-08,-9.99823951721191,6.34245,6.34245
6.34255,-9.7648559E-08,-9.99848079681396,6.34255,6.34255
6.34265,-1.29456168E-07,-9.99855422973633,6.34265,6.34265
6.34275,-7.4699834E-08,-9.99865341186523,6.34275,6.34275
6.34285,-9.6186142E-08,-9.99850654602051,6.34285,6.34285
6.34295,-1.02387361E-07,-9.99842262268066,6.34295,6.34295
6.34305,5.175875685E-06,-3.43721008300781,6.34305,6.34305
6.34315,4.7312994866E-05,-0.00182724930346,6.34315,6.34315
6.34325,5.0436308811E-05,-0.001331017003395,6.34325,6.34325
6.34335,5.1326300309E-05,-0.000833729107399,6.34335,6.34335
6.34345,5.1633218391E-05,-0.000691586523317,6.34345,6.34345
6.34355,5.1695984439E-05,-0.000563869311009,6.34355,6.34355
6.34365,5.1724269724E-05,-0.000516863772646,6.34365,6.34365
6.34375,5.1715003792E-05,-0.000342492829077,6.34375,6.34375
6.34385,5.1685809012E-05,-0.000559647276532,6.34385,6.34385
6.34395,5.1641018217E-05,-0.000391890876926,6.34395,6.34395
6.34405,3.2934938645E-05,-6.55184745788574,6.34405,6.34405
6.34415,2.47812721E-07,-9.99739837646484,6.34415,6.34415
6.34425,-2.7564955E-08,-9.99772548675537,6.34425,6.34425
6.34435,-8.5414868E-08,-9.99793815612793,6.34435,6.34435
6.34445,-1.00924943E-07,-9.99823379516602,6.34445,6.34445
6.34455,-6.3176259E-08,-9.99805736541748,6.34455,6.34455
6.34465,-7.1247683E-08,-9.99831676483154,6.34465,6.34465
6.34475,-8.6968683E-08,-9.99813938140869,6.34475,6.34475
6.34485,-1.24801744E-07,-9.99828624725342,6.34485,6.34485
6.34495,-1.216941E-07,-9.9983549118042,6.34495,6.34495
6.34505,5.106445769E-06,-3.45705580711365,6.34505,6.34505
6.34515,4.7344303312E-05,-0.00171283155214,6.34515,6.34515
6.34525,5.0536320487E-05,-0.001257834606804,6.34525,6.34525
6.34535,5.1396975323E-05,-0.001159671810456,6.34535,6.34535
6.34545,5.1642549806E-05,-0.001103940652683,6.34545,6.34545
6.34555,5.1743449148E-05,-0.000999444746412,6.34555,6.34555
6.34565,5.1747480029E-05,-0.000956731673796,6.34565,6.34565
6.34575,5.176961713E-05,-0.000854135665577,6.34575,6.34575
6.34585,5.1771592553E-05,-0.000616363540757,6.34585,6.34585
6.34595,5.1714250731E-05,-0.000351781345671,6.34595,6.34595
6.34605,3.3079471905E-05,-6.53234577178955,6.34605,6.34605
6.34615,2.8108272E-07,-9.99778079986572,6.34615,6.34615
6.34625,-1.573202E-08,-9.99822998046875,6.34625,6.34625
6.34635,-6.9785266E-08,-9.9984302520752,6.34635,6.34635
6.34645,-1.16512354E-07,-9.99841976165771,6.34645,6.34645
6.34655,-1.23149491E-07,-9.99829483032227,6.34655,6.34655
6.34665,-1.10641587E-07,-9.99840354919434,6.34665,6.34665
6.34675,-1.02963888E-07,-9.99850082397461,6.34675,6.34675
6.34685,-1.03554484E-07,-9.99827003479004,6.34685,6.34685
6.34695,-1.23929908E-07,-9.99843978881836,6.34695,6.34695
6.34705,5.05740536E-06,-3.476731300354,6.34705,6.34705
6.34715,4.7372821427E-05,-0.001358108478598,6.34715,6.34715
6.34725,5.0583556003E-05,-0.000963275844697,6.34725,6.34725
6.34735,5.1457118388E-05,-0.000872923817951,6.34735,6.34735
6.34745,5.1733612054E-05,-0.000630507420283,6.34745,6.34745
6.34755,5.1791001169E-05,-0.000546347757336,6.34755,6.34755
6.34765,5.1821036323E-05,-0.000402516394388,6.34765,6.34765
6.34775,5.179398795E-05,-0.000484705757117,6.34775,6.34775
6.34785,5.1783630624E-05,-0.000465425022412,6.34785,6.34785
6.34795,5.1744573284E-05,-0.000474572821986,6.34795,6.34795
6.34805,3.3180560422E-05,-6.51199340820312,6.34805,6.34805
6.34815,3.15182405E-07,-9.99722671508789,6.34815,6.34815
6.34825,-4.876373E-09,-9.99761486053467,6.34825,6.34825
6.34835,-9.6383005E-08,-9.99801445007324,6.34835,6.34835
6.34845,-1.16427984E-07,-9.99810695648193,6.34845,6.34845
6.34855,-6.9377478E-08,-9.9982271194458,6.34855,6.34855
6.34865,-1.14438251E-07,-9.99803924560547,6.34865,6.34865
6.34875,-1.19282518E-07,-9.99813556671143,6.34875,6.34875
6.34885,-1.10339258E-07,-9.99826908111572,6.34885,6.34885
6.34895,-7.4411574E-08,-9.99866771697998,6.34895,6.34895
6.34905,4.984966381E-06,-3.49718070030212,6.34905,6.34905
6.34915,4.7422552598E-05,-0.002039970597252,6.34915,6.34915
6.34925,5.0622504205E-05,-0.001606224686839,6.34925,6.34925
6.34935,5.1514034567E-05,-0.000951524474658,6.34935,6.34935
6.34945,5.180215885E-05,-0.000711078348104,6.34945,6.34945
6.34955,5.1900715334E-05,-0.000881579064298,6.34955,6.34955
6.34965,5.186843191E-05,-0.000695104885381,6.34965,6.34965
6.34975,5.1843177062E-05,-0.000605949142482,6.34975,6.34975
6.34985,5.1828115829E-05,-0.000978827127255,6.34985,6.34985
6.34995,5.183351459E-05,-0.000948498665821,6.34995,6.34995
6.35005,3.3358814107E-05,-6.49218845367432,6.35005,6.35005
6.35015,3.38278767E-07,-9.9972505569458,6.35015,6.35015
6.35025,1.642713E-08,-9.99792671203613,6.35025,6.35025
6.35035,-5.3979893E-08,-9.99796485900879,6.35035,6.35035
6.35045,-5.7129718E-08,-9.99829006195068,6.35045,6.35045
6.35055,-4.1282163E-08,-9.99819564819336,6.35055,6.35055
6.35065,-4.5964715E-08,-9.99843406677246,6.35065,6.35065
6.35075,-5.9695985E-08,-9.9982852935791,6.35075,6.35075
6.35085,-6.8125985E-08,-9.99822807312012,6.35085,6.35085
6.35095,-4.8608317E-08,-9.99838638305664,6.35095,6.35095
6.35105,4.925555913E-06,-3.51698780059815,6.35105,6.35105
6.35115,4.7421799536E-05,-0.001534942304716,6.35115,6.35115
6.35125,5.0639751862E-05,-0.001364723080769,6.35125,6.35125
6.35135,5.155429244E-05,-0.000859694730025,6.35135,6.35135
6.35145,5.1823721151E-05,-0.000663932063617,6.35145,6.35145
6.35155,5.1899529353E-05,-0.000706785940565,6.35155,6.35155
6.35165,5.1904491556E-05,-0.000746191770304,6.35165,6.35165
6.35175,5.1909231843E-05,-0.000384572631447,6.35175,6.35175
6.35185,5.1884115237E-05,-0.000429678271757,6.35185,6.35185
6.35195,5.1865328714E-05,-0.000625792774372,6.35195,6.35195
6.35205,3.3475342207E-05,-6.47196388244629,6.35205,6.35205
6.35215,3.52628746E-07,-9.99765872955322,6.35215,6.35215
6.35225,3.7477523E-08,-9.99802398681641,6.35225,6.35225
6.35235,4.734812E-09,-9.99837684631348,6.35235,6.35235
6.35245,-3.1874873E-08,-9.9983377456665,6.35245,6.35245
6.35255,-1.9669301E-08,-9.99836921691895,6.35255,6.35255
6.35265,-3.6226975E-08,-9.99859809875488,6.35265,6.35265
6.35275,-5.8838218E-08,-9.99886703491211,6.35275,6.35275
6.35285,-2.7881343E-08,-9.99895000457764,6.35285,6.35285
6.35295,-5.632117E-08,-9.99875640869141,6.35295,6.35295
6.35305,4.852666734E-06,-3.53723669052124,6.35305,6.35305
6.35315,4.7499357606E-05,-0.001418272731826,6.35315,6.35315
6.35325,5.0707654736E-05,-0.001015840447508,6.35325,6.35325
6.35335,5.157328269E-05,-0.000961305573583,6.35335,6.35335
6.35345,5.1863353292E-05,-0.000744925171603,6.35345,6.35345
6.35355,5.1910861657E-05,-0.000669561442919,6.35355,6.35355
6.35365,5.1927061577E-05,-0.000731273845304,6.35365,6.35365
6.35375,5.1933689974E-05,-0.00068328314228,6.35375,6.35375
6.35385,5.187982606E-05,-0.000562391593121,6.35385,6.35385
6.35395,5.1883889682E-05,-0.000522493151948,6.35395,6.35395
6.35405,3.3497555705E-05,-6.45224618911743,6.35405,6.35405
6.35415,2.88774487E-07,-9.99762916564941,6.35415,6.35415
6.35425,1.359999E-09,-9.99812030792236,6.35425,6.35425
6.35435,-4.8123187E-08,-9.99826335906982,6.35435,6.35435
6.35445,-1.04953621E-07,-9.99832248687744,6.35445,6.35445
6.35455,-7.3778793E-08,-9.99826145172119,6.35455,6.35455
6.35465,-7.8299635E-08,-9.99843597412109,6.35465,6.35465
6.35475,-7.2984307E-08,-9.99871921539307,6.35475,6.35475
6.35485,-8.2743135E-08,-9.99845123291016,6.35485,6.35485
6.35495,-4.994418E-08,-9.99870872497559,6.35495,6.35495
6.35505,4.745854312E-06,-3.55677604675293,6.35505,6.35505
6.35515,4.7498484491E-05,-0.001583144068718,6.35515,6.35515
6.35525,5.0705104513E-05,-0.001245168503374,6.35525,6.35525
6.35535,5.1587841881E-05,-0.001169664086774,6.35535,6.35535
6.35545,5.1855346101E-05,-0.001159671810456,6.35545,6.35545
6.35555,5.1951512432E-05,-0.000961305573583,6.35555,6.35555
6.35565,5.1960963901E-05,-0.000919084995985,6.35565,6.35565
6.35575,5.1977887779E-05,-0.000697778887115,6.35575,6.35575
6.35585,5.1966791943E-05,-0.000975942006335,6.35585,6.35585
6.35595,5.1932805945E-05,-0.001033432316035,6.35595,6.35595
6.35605,3.3686748793E-05,-6.43271684646607,6.35605,6.35605
6.35615,3.18620494E-07,-9.997633934021,6.35615,6.35615
6.35625,4.7616023E-08,-9.9979076385498,6.35625,6.35625
6.35635,-1.6737433E-08,-9.99826145172119,6.35635,6.35635
6.35645,-2.3712044E-08,-9.99821472167969,6.35645,6.35645
6.35655,-4.6562338E-08,-9.99821281433105,6.35655,6.35655
6.35665,-5.6278985E-08,-9.99843692779541,6.35665,6.35665
6.35675,-3.6381653E-08,-9.9987268447876,6.35675,6.35675
6.35685,-3.6023078E-08,-9.99868869781494,6.35685,6.35685
6.35695,-4.0206441E-08,-9.9984016418457,6.35695,6.35695
6.35705,4.700111276E-06,-3.57672548294067,6.35705,6.35705
6.35715,4.7541314416E-05,-0.001653019106016,6.35715,6.35715
6.35725,5.0771046517E-05,-0.001343049807474,6.35725,6.35725
6.35735,5.1613245887E-05,-0.000920492340811,6.35735,6.35735
6.35745,5.1885239372E-05,-0.000919577549212,6.35745,6.35745
6.35755,5.1996419643E-05,-0.000662313599605,6.35755,6.35755
6.35765,5.1999519201E-05,-0.000565206282772,6.35765,6.35765
6.35775,5.2033254178E-05,-0.000629029702395,6.35775,6.35775
6.35785,5.2011197113E-05,-0.000664706109092,6.35785,6.35785
6.35795,5.1987197367E-05,-0.000669068889692,6.35795,6.35795
6.35805,3.3826927393E-05,-6.41212224960327,6.35805,6.35805
6.35815,3.80632656E-07,-9.99739456176758,6.35815,6.35815
6.35825,5.208765E-08,-9.9976634979248,6.35825,6.35825
6.35835,-8.504296E-09,-9.99824237823486,6.35835,6.35835
6.35845,-1.0894788E-08,-9.99810028076172,6.35845,6.35845
6.35855,-3.9946297E-08,-9.99814414978027,6.35855,6.35855
6.35865,-5.6672711E-08,-9.99803066253662,6.35865,6.35865
6.35875,-3.1741287E-08,-9.99819755554199,6.35875,6.35875
6.35885,-3.356228E-08,-9.99844264984131,6.35885,6.35885
6.35895,-3.8174523E-08,-9.99827671051025,6.35895,6.35895
6.35905,4.634780453E-06,-3.59675884246826,6.35905,6.35905
6.35915,4.7548001021E-05,-0.00130033667665,6.35915,6.35915
6.35925,5.0806720537E-05,-0.001200555358082,6.35925,6.35925
6.35935,5.1682225603E-05,-0.000763783697039,6.35935,6.35935
6.35945,5.1942690334E-05,-0.000893189688213,6.35945,6.35945
6.35955,5.2018793212E-05,-0.000720507581718,6.35955,6.35955
6.35965,5.2049912483E-05,-0.000749147206079,6.35965,6.35965
6.35975,5.2010051149E-05,-0.000400123884901,6.35975,6.35975
6.35985,5.2011844673E-05,-0.000294572470011,6.35985,6.35985
6.35995,5.2010884247E-05,-0.000586035079323,6.35995,6.35995
6.36005,3.3911532228E-05,-6.39198303222656,6.36005,6.36005
6.36015,3.3448913E-07,-9.9972038269043,6.36015,6.36015
6.36025,4.3650619E-08,-9.99754047393799,6.36025,6.36025
6.36035,1.61311E-09,-9.99763965606689,6.36035,6.36035
6.36045,-2.2446489E-08,-9.99770259857178,6.36045,6.36045
6.36055,-7.6366149E-08,-9.9976863861084,6.36055,6.36055
6.36065,-7.8159019E-08,-9.99764347076416,6.36065,6.36065
6.36075,-7.0938327E-08,-9.99771595001221,6.36075,6.36075
6.36085,-8.3052498E-08,-9.99799060821533,6.36085,6.36085
6.36095,-7.0326642E-08,-9.99765396118164,6.36095,6.36095
6.36105,4.528656973E-06,-3.61651635169983,6.36105,6.36105
6.36115,4.752656605E-05,-0.00151552085299,6.36115,6.36115
6.36125,5.0788952649E-05,-0.001429179799743,6.36125,6.36125
6.36135,5.168442658E-05,-0.001137435669079,6.36135,6.36135
6.36145,5.1975333918E-05,-0.000666606007144,6.36145,6.36145
6.36155,5.2039787988E-05,-0.000312094023684,6.36155,6.36155
6.36165,5.2063394833E-05,-0.000523548689671,6.36165,6.36165
6.36175,5.2062503528E-05,-0.000757661706302,6.36175,6.36175
6.36185,5.2056835557E-05,-0.000389005814213,6.36185,6.36185
6.36195,5.2007282648E-05,-0.000168614467839,6.36195,6.36195
6.36205,3.4009746742E-05,-6.37164545059204,6.36205,6.36205
6.36215,3.31508062E-07,-9.9971752166748,6.36215,6.36215
6.36225,-6.4091E-09,-9.99746036529541,6.36225,6.36225
6.36235,-8.1294779E-08,-9.99765872955322,6.36235,6.36235
6.36245,-8.7453813E-08,-9.99769115447998,6.36245,6.36245
6.36255,-7.1064882E-08,-9.99769306182861,6.36255,6.36255
6.36265,-1.16526415E-07,-9.99802589416504,6.36265,6.36265
6.36275,-1.16603758E-07,-9.99789142608643,6.36275,6.36275
6.36285,-9.4435457E-08,-9.99818801879883,6.36285,6.36285
6.36295,-7.9347231E-08,-9.99826431274414,6.36295,6.36295
6.36305,4.414236628E-06,-3.63692212104797,6.36305,6.36305
6.36315,4.7530396841E-05,-0.001630290411413,6.36315,6.36315
6.36325,5.0819853641E-05,-0.001440086751245,6.36325,6.36325
6.36335,5.1698480092E-05,-0.001178108155727,6.36335,6.36335
6.36345,5.1961196732E-05,-0.000827325624414,6.36345,6.36345
6.36355,5.2090006648E-05,-0.000832884688862,6.36355,6.36355
6.36365,5.2118048188E-05,-0.00044297776185,6.36365,6.36365
6.36375,5.206170681E-05,-0.000266003218712,6.36375,6.36375
6.36385,5.2076873544E-05,-0.000538396241609,6.36385,6.36385
6.36395,5.2046274504E-05,-0.000505956762936,6.36395,6.36395
6.36405,3.4131455322E-05,-6.35188007354736,6.36405,6.36405
6.36415,3.19935253E-07,-9.99695014953613,6.36415,6.36415
6.36425,3.9600842E-08,-9.9973201751709,6.36425,6.36425
6.36435,-8.736315E-09,-9.9975471496582,6.36435,6.36435
6.36445,-5.0984749E-08,-9.9978141784668,6.36445,6.36445
6.36455,-4.5345999E-08,-9.99764633178711,6.36455,6.36455
6.36465,-4.9325465E-08,-9.99804973602295,6.36465,6.36465
6.36475,-6.7451019E-08,-9.99781322479248,6.36475,6.36475
6.36485,-6.5454259E-08,-9.99766159057617,6.36485,6.36485
6.36495,-7.1325026E-08,-9.99782180786133,6.36495,6.36495
6.36505,4.365646419E-06,-3.65621399879456,6.36505,6.36505
6.36515,4.7542383982E-05,-0.000683775695506,6.36515,6.36515
6.36525,5.0832080888E-05,-0.000600671570282,6.36525,6.36525
6.36535,5.1720493502E-05,-0.000192891282495,6.36535,6.36535
6.36545,5.1990133215E-05,-0.000400616467232,6.36545,6.36545
6.36555,5.2069237427E-05,-0.000270014192211,6.36555,6.36555
6.36565,5.2107345255E-05,-8.6917672888E-05,6.36565,6.36565
6.36575,5.2096314903E-05,-0.000153977991431,6.36575,6.36575
6.36585,5.2068578952E-05,-3.6534464016E-05,6.36585,6.36585
6.36595,5.2043484175E-05,9.1745685495E-05,6.36595,6.36595
6.36605,3.4254215279E-05,-6.33145380020142,6.36605,6.36605
6.36615,3.64841355E-07,-9.99705123901367,6.36615,6.36615
6.36625,1.4859249E-08,-9.99706268310547,6.36625,6.36625
6.36635,-4.2603965E-08,-9.99767589569092,6.36635,6.36635
6.36645,-7.8946478E-08,-9.99771213531494,6.36645,6.36645
6.36655,-6.7493204E-08,-9.9974479675293,6.36655,6.36655
6.36665,-8.412119E-08,-9.99762344360352,6.36665,6.36665
6.36675,-5.868354E-08,-9.99759006500244,6.36675,6.36675
6.36685,-7.8208231E-08,-9.99758720397949,6.36685,6.36685
6.36695,-9.3957361E-08,-9.99762725830078,6.36695,6.36695
6.36705,4.262384209E-06,-3.67603826522827,6.36705,6.36705
6.36715,4.7573150368E-05,-0.000969257089309,6.36715,6.36715
6.36725,5.0913753512E-05,-0.000643595820293,6.36725,6.36725
6.36735,5.182699897E-05,-0.000502579146996,6.36735,6.36735
6.36745,5.2099105233E-05,-0.000716637354344,6.36745,6.36745
6.36755,5.2168205002E-05,-0.00058687949786,6.36755,6.36755
6.36765,5.2189683629E-05,-0.000284087698674,6.36765,6.36765
6.36775,5.2176677855E-05,-0.000432281871326,6.36775,6.36775
6.36785,5.2159488405E-05,-0.000404064485338,6.36785,6.36785
6.36795,5.2143055655E-05,-0.00044839605107,6.36795,6.36795
6.36805,3.439350985E-05,-6.31183338165283,6.36805,6.36805
6.36815,3.75457944E-07,-9.99713134765625,6.36815,6.36815
6.36825,8.0414978E-08,-9.99725818634033,6.36825,6.36825
6.36835,-1.246267E-08,-9.99774742126465,6.36835,6.36835
6.36845,-4.5599108E-08,-9.99758338928223,6.36845,6.36845
6.36855,-6.4772266E-08,-9.99788284301758,6.36855,6.36855
6.36865,-5.3515858E-08,-9.99817848205566,6.36865,6.36865
6.36875,-5.5533715E-08,-9.997878074646,6.36875,6.36875
6.36885,-8.6314813E-08,-9.99801826477051,6.36885,6.36885
6.36895,-7.1381272E-08,-9.99819946289063,6.36895,6.36895
6.36905,4.215024092E-06,-3.69654154777527,6.36905,6.36905
6.36915,4.7586861911E-05,-0.001082408241928,6.36915,6.36915
6.36925,5.0889797421E-05,-0.001059397938661,6.36925,6.36925
6.36935,5.1812705351E-05,-0.000482665083837,6.36935,6.36935
6.36945,5.2098290325E-05,-0.000362266117008,6.36945,6.36945
6.36955,5.2168583352E-05,-0.000381546851713,6.36955,6.36955
6.36965,5.2219853387E-05,-0.000486887147417,6.36965,6.36965
6.36975,5.2209812566E-05,-0.000572876364458,6.36975,6.36975
6.36985,5.2172297728E-05,-0.000212805316551,6.36985,6.36985
6.36995,5.21514703E-05,-0.000239333909121,6.36995,6.36995
6.37005,3.4507131204E-05,-6.29191923141479,6.37005,6.37005
6.37015,3.47925123E-07,-9.99722480773926,6.37015,6.37015
6.37025,4.305929E-09,-9.99731636047363,6.37025,6.37025
6.37035,-4.4980393E-08,-9.99784660339355,6.37035,6.37035
6.37045,-3.3231828E-08,-9.99783325195313,6.37045,6.37045
6.37055,-3.9264304E-08,-9.99817180633545,6.37055,6.37055
6.37065,-1.00264039E-07,-9.99813079833984,6.37065,6.37065
6.37075,-6.1720868E-08,-9.99825477600098,6.37075,6.37075
6.37085,-6.0490471E-08,-9.99819087982178,6.37085,6.37085
6.37095,-6.173493E-08,-9.998122215271,6.37095,6.37095
6.37105,4.123784947E-06,-3.71666741371155,6.37105,6.37105
6.37115,4.7599271056E-05,-0.001533957081847,6.37115,6.37115
6.37125,5.0927632401E-05,-0.001105840667151,6.37125,6.37125
6.37135,5.1800601796E-05,-0.000628326029982,6.37135,6.37135
6.37145,5.208588118E-05,-0.000447059079306,6.37145,6.37145
6.37155,5.2186169341E-05,-0.000383657868952,6.37155,6.37155
6.37165,5.2191724535E-05,-0.000462188123493,6.37165,6.37165
6.37175,5.2172141295E-05,-0.000531640951522,6.37175,6.37175
6.37185,5.2159979532E-05,-0.00031723084976,6.37185,6.37185
6.37195,5.2181268984E-05,-0.000394072267227,6.37195,6.37195
6.37205,3.4617929487E-05,-6.2720251083374,6.37205,6.37205
6.37215,3.69341109E-07,-9.9972620010376,6.37215,6.37215
6.37225,6.8068793E-08,-9.99771881103516,6.37225,6.37225
6.37235,-1.6463229E-08,-9.9979944229126,6.37235,6.37235
6.37245,-5.0478526E-08,-9.99810886383057,6.37245,6.37245
6.37255,-5.5090769E-08,-9.99790859222412,6.37255,6.37255
6.37265,-4.0185348E-08,-9.99804496765137,6.37265,6.37265
6.37275,-8.8677183E-08,-9.99806880950928,6.37275,6.37275
6.37285,-9.1602018E-08,-9.99814987182617,6.37285,6.37285
6.37295,-7.3124923E-08,-9.99781799316406,6.37295,6.37295
6.37305,4.039519808E-06,-3.73663234710693,6.37305,6.37305
6.37315,4.7592773626E-05,-0.001459156395867,6.37315,6.37315
6.37325,5.0940518122E-05,-0.001080086105503,6.37325,6.37325
6.37335,5.1884151617E-05,-0.000574354082346,6.37335,6.37335
6.37345,5.2130344557E-05,-0.000508912198711,6.37345,6.37345
6.37355,5.2218940255E-05,-8.62139932E-05,6.37355,6.37355
6.37365,5.2275208873E-05,-0.000401249766583,6.37365,6.37365
6.37375,5.2242907259E-05,-0.000631070346572,6.37375,6.37375
6.37385,5.2198389312E-05,-0.000456980924355,6.37385,6.37385
6.37395,5.2206411056E-05,-0.000248340948019,6.37395,6.37395
6.37405,3.4717977542E-05,-6.25168514251709,6.37405,6.37405
6.37415,3.45745548E-07,-9.99706554412842,6.37415,6.37415
6.37425,1.8796531E-08,-9.99731731414795,6.37425,6.37425
6.37435,-3.5812153E-08,-9.99744892120361,6.37435,6.37435
6.37445,-4.4579636E-08,-9.99770259857178,6.37445,6.37445
6.37455,-5.9330379E-08,-9.99743461608887,6.37455,6.37455
6.37465,-7.8897259E-08,-9.99786567687988,6.37465,6.37465
6.37475,-4.7476348E-08,-9.99802589416504,6.37475,6.37475
6.37485,-4.928328E-08,-9.99795246124268,6.37485,6.37485
6.37495,-8.4395388E-08,-9.99810600280762,6.37495,6.37495
6.37505,3.954432486E-06,-3.75633049011231,6.37505,6.37505
6.37515,4.7634424845E-05,-0.0011605162872,6.37515,6.37515
6.37525,5.0995062338E-05,-0.000789890065789,6.37525,6.37525
6.37535,5.1887000154E-05,-0.000455503206467,6.37535,6.37535
6.37545,5.2180363127E-05,-0.000272899254924,6.37545,6.37545
6.37555,5.229045928E-05,-0.00067645747913,6.37555,6.37555
6.37565,5.230520037E-05,-0.000591734889895,6.37565,6.37565
6.37575,5.2274244808E-05,-0.000712485692929,6.37575,6.37575
6.37585,5.2251394663E-05,-0.000568232091609,6.37585,6.37585
6.37595,5.2257426432E-05,-0.000477739347843,6.37595,6.37595
6.37605,3.4832421079E-05,-6.23168516159058,6.37605,6.37605
6.37615,3.57817527E-07,-9.99688720703125,6.37615,6.37615
6.37625,3.3301191E-08,-9.99736022949219,6.37625,6.37625
6.37635,-3.5095006E-08,-9.99760818481445,6.37635,6.37635
6.37645,-5.2426074E-08,-9.99749660491943,6.37645,6.37645
6.37655,-6.2677067E-08,-9.99783229827881,6.37655,6.37655
6.37665,-5.5744639E-08,-9.99798107147217,6.37665,6.37665
6.37675,-7.956519E-08,-9.99811267852783,6.37675,6.37675
6.37685,-6.7183848E-08,-9.99830341339111,6.37685,6.37685
6.37695,-7.2766348E-08,-9.99814414978027,6.37695,6.37695
6.37705,3.886753348E-06,-3.77634024620056,6.37705,6.37705
6.37715,4.7645837185E-05,-0.001145809423178,6.37715,6.37715
6.37725,5.1019509556E-05,-0.001013799803331,6.37725,6.37725
6.37735,5.1911832998E-05,-0.000711852393579,6.37735,6.37735
6.37745,5.2217168559E-05,-0.000469013786642,6.37745,6.37745
6.37755,5.2282393881E-05,-0.000418067618739,6.37755,6.37755
6.37765,5.2330091421E-05,-0.000632688810583,6.37765,6.37765
6.37775,5.2321476687E-05,-0.000612282194197,6.37775,6.37775
6.37785,5.2266976127E-05,-0.000643455074169,6.37785,6.37785
6.37795,5.2266193961E-05,-0.00041919350042,6.37795,6.37795
6.37805,3.4930239053E-05,-6.21208715438843,6.37805,6.37805
6.37815,3.44831534E-07,-9.99741744995117,6.37815,6.37815
6.37825,1.3523386E-08,-9.99769115447998,6.37825,6.37825
6.37835,-4.740604E-08,-9.99778079986572,6.37835,6.37835
6.37845,-3.8786208E-08,-9.99804401397705,6.37845,6.37845
6.37855,-6.5053499E-08,-9.99827861785889,6.37855,6.37855
6.37865,-7.6323964E-08,-9.99838924407959,6.37865,6.37865
6.37875,-8.159008E-08,-9.99843788146973,6.37875,6.37875
6.37885,-6.6705752E-08,-9.9984712600708,6.37885,6.37885
6.37895,-8.5527361E-08,-9.9985523223877,6.37895,6.37895
6.37905,3.791850986E-06,-3.79678630828857,6.37905,6.37905
6.37915,4.7691588406E-05,-0.001565763261169,6.37915,6.37915
6.37925,5.1041060942E-05,-0.001501095481217,6.37925,6.37925
6.37935,5.1942592108E-05,-0.000988889602013,6.37935,6.37935
6.37945,5.2234892792E-05,-0.001133987680078,6.37945,6.37945
6.37955,5.2323932323E-05,-0.001258045784198,6.37955,6.37955
6.37965,5.2321898693E-05,-0.001065168180503,6.37965,6.37965
6.37975,5.229321323E-05,-0.000980586279184,6.37975,6.37975
6.37985,5.2327060985E-05,-0.000786653137766,6.37985,6.37985
6.37995,5.2332143241E-05,-0.000241163463215,6.37995,6.37995
6.38005,3.5085700802E-05,-6.19224691390991,6.38005,6.38005
6.38015,3.87290896E-07,-9.99736499786377,6.38015,6.38015
6.38025,4.5204438E-08,-9.99765586853027,6.38025,6.38025
6.38035,-1.5345321E-08,-9.99770450592041,6.38035,6.38035
6.38045,-5.1019903E-08,-9.99809074401855,6.38045,6.38045
6.38055,-6.5243327E-08,-9.99827671051025,6.38055,6.38055
6.38065,-5.8613228E-08,-9.99826717376709,6.38065,6.38065
6.38075,-4.9698102E-08,-9.99835968017578,6.38075,6.38075
6.38085,-6.0131896E-08,-9.99810123443604,6.38085,6.38085
6.38095,-7.2597608E-08,-9.99815273284912,6.38095,6.38095
6.38105,3.723693681E-06,-3.8166139125824,6.38105,6.38105
6.38115,4.7675450332E-05,-0.001410532393493,6.38115,6.38115
6.38125,5.1073213399E-05,-0.001266771345399,6.38125,6.38125
6.38135,5.1971503126E-05,-0.000661117315758,6.38135,6.38135
6.38145,5.2264858823E-05,-0.000872572010849,6.38145,6.38145
6.38155,5.2348750614E-05,-0.000835206825286,6.38155,6.38155
6.38165,5.2359147958E-05,-0.000770468614064,6.38165,6.38165
6.38175,5.2341627452E-05,-0.000544518232346,6.38175,6.38175
6.38185,5.2298662922E-05,-0.000799319299404,6.38185,6.38185
6.38195,5.2304392739E-05,-0.00055612885626,6.38195,6.38195
6.38205,3.5153982026E-05,-6.1722469329834,6.38205,6.38205
6.38215,3.38285815E-07,-9.99743556976318,6.38215,6.38215
6.38225,-2.2355088E-08,-9.99784564971924,6.38225,6.38225
6.38235,-6.9018903E-08,-9.99805164337158,6.38235,6.38235
6.38245,-8.6673388E-08,-9.99790954589844,6.38245,6.38245
6.38255,-1.01810826E-07,-9.99806022644043,6.38255,6.38255
6.38265,-9.7247799E-08,-9.99812030792236,6.38265,6.38265
6.38275,-1.2348697E-07,-9.99823951721191,6.38275,6.38275
6.38285,-9.2009813E-08,-9.99820041656494,6.38285,6.38285
6.38295,-9.7191553E-08,-9.9981164932251,6.38295,6.38295
6.38305,3.631723075E-06,-3.83674263954163,6.38305,6.38305
6.38315,4.7720448492E-05,-0.001591377076693,6.38315,6.38315
6.38325,5.1070306654E-05,-0.001145457616076,6.38325,6.38325
6.38335,5.1992497902E-05,-0.000857583712786,6.38335,6.38335
6.38345,5.2297600632E-05,-0.001044268952683,6.38345,6.38345
6.38355,5.2347702876E-05,-0.000552610494196,6.38355,6.38355
6.38365,5.2365314332E-05,-0.000812126207165,6.38365,6.38365
6.38375,5.236933066E-05,-0.000816277926788,6.38375,6.38375
6.38385,5.2356102969E-05,-0.000655699055642,6.38385,6.38385
6.38395,5.2356394008E-05,-0.00044297776185,6.38395,6.38395
6.38405,3.5301665775E-05,-6.15204286575317,6.38405,6.38405
6.38415,3.60411917E-07,-9.99723243713379,6.38415,6.38415
6.38425,3.3469934E-08,-9.99755096435547,6.38425,6.38425
6.38435,-5.0562896E-08,-9.99779605865479,6.38435,6.38435
6.38445,-7.048132E-08,-9.99793720245361,6.38445,6.38445
6.38455,-5.2426074E-08,-9.99803161621094,6.38455,6.38455
6.38465,-5.8535889E-08,-9.99818325042725,6.38465,6.38465
6.38475,-5.4000985E-08,-9.99834442138672,6.38475,6.38475
6.38485,-5.0640235E-08,-9.99783229827881,6.38485,6.38485
6.38495,-6.6628409E-08,-9.99793720245361,6.38495,6.38495
6.38505,3.586219236E-06,-3.85662388801575,6.38505,6.38505
6.38515,4.7701309086E-05,-0.001597639871761,6.38515,6.38515
6.38525,5.1113238442E-05,-0.001332142855972,6.38525,6.38525
6.38535,5.2052855608E-05,-0.001197318546474,6.38535,6.38535
6.38545,5.2323790442E-05,-0.000882353109773,6.38545,6.38545
6.38555,5.2409301134E-05,-0.000702915713191,6.38555,6.38555
6.38565,5.2452844102E-05,-0.000764065131079,6.38565,6.38565
6.38575,5.2424205933E-05,-0.000731203472242,6.38575,6.38575
6.38585,5.2404011512E-05,-0.000503071700223,6.38585,6.38585
6.38595,5.2405863244E-05,-0.000553103047423,6.38595,6.38595
6.38605,3.5410201235E-05,-6.13224649429321,6.38605,6.38605
6.38615,3.7973976E-07,-9.99742603302002,6.38615,6.38615
6.38625,-1.234388E-09,-9.99768829345703,6.38625,6.38625
6.38635,-4.6717016E-08,-9.99803352355957,6.38635,6.38635
6.38645,-4.6414687E-08,-9.99794483184814,6.38645,6.38645
6.38655,-7.5986485E-08,-9.99828147888184,6.38655,6.38655
6.38665,-7.9417539E-08,-9.99820041656494,6.38665,6.38665
6.38675,-8.677182E-08,-9.99804592132568,6.38675,6.38675
6.38685,-5.4057232E-08,-9.99797821044922,6.38685,6.38685
6.38695,-9.6903293E-08,-9.9983434677124,6.38695,6.38695
6.38705,3.475188123E-06,-3.8767580986023,6.38705,6.38705
6.38715,4.7724533943E-05,-0.001624309108593,6.38715,6.38715
6.38725,5.1143415476E-05,-0.001418343163095,6.38725,6.38725
6.38735,5.205188063E-05,-0.001233346760273,6.38735,6.38735
6.38745,5.2336614317E-05,-0.001146724214777,6.38745,6.38745
6.38755,5.2418454288E-05,-0.00112842861563,6.38755,6.38755
6.38765,5.2420586144E-05,-0.000670124369208,6.38765,6.38765
6.38775,5.2434836107E-05,-0.000868701783475,6.38775,6.38775
6.38785,5.2411120123E-05,-0.00080917077139,6.38785,6.38785
6.38795,5.2405546739E-05,-0.000778349756729,6.38795,6.38795
6.38805,3.5530920286E-05,-6.11208438873291,6.38805,6.38805
6.38815,3.47369678E-07,-9.9976110458374,6.38815,6.38815
6.38825,2.1897138E-08,-9.99796009063721,6.38825,6.38825
6.38835,-2.6383772E-08,-9.99802494049072,6.38835,6.38835
6.38845,-9.1180169E-08,-9.99822235107422,6.38845,6.38845
6.38855,-8.2785327E-08,-9.9982385635376,6.38855,6.38855
6.38865,-9.4301868E-08,-9.99810123443604,6.38865,6.38865
6.38875,-1.16132689E-07,-9.99839210510254,6.38875,6.38875
6.38885,-9.3943299E-08,-9.99840831756592,6.38885,6.38885
6.38895,-1.02626409E-07,-9.99862575531006,6.38895,6.38895
6.38905,3.386317985E-06,-3.89736270904541,6.38905,6.38905
6.38915,4.7721769079E-05,-0.002145381178707,6.38915,6.38915
6.38925,5.1159557188E-05,-0.001483925734647,6.38925,6.38925
6.38935,5.2101011534E-05,-0.001092048594728,6.38935,6.38935
6.38945,5.2381874411E-05,-0.000877005164512,6.38945,6.38945
6.38955,5.246143337E-05,-0.000996981980279,6.38955,6.38955
6.38965,5.2496256103E-05,-0.001211814233102,6.38965,6.38965
6.38975,5.2487132052E-05,-0.001035824883729,6.38975,6.38975
6.38985,5.2479903388E-05,-0.000898185826372,6.38985,6.38985
6.38995,5.2460287407E-05,-0.000789819692727,6.38995,6.38995
6.39005,3.5666857002E-05,-6.09254837036133,6.39005,6.39005
6.39015,3.38011603E-07,-9.99792671203613,6.39015,6.39015
6.39025,-1.6842895E-08,-9.99787139892578,6.39025,6.39025
6.39035,-8.8902169E-08,-9.99814605712891,6.39035,6.39035
6.39045,-7.8552745E-08,-9.99849414825439,6.39045,6.39045
6.39055,-9.8752402E-08,-9.99860954284668,6.39055,6.39055
6.39065,-1.01171018E-07,-9.99821186065674,6.39065,6.39065
6.39075,-8.8930292E-08,-9.99848747253418,6.39075,6.39075
6.39085,-1.05045025E-07,-9.99848556518555,6.39085,6.39085
6.39095,-9.4097977E-08,-9.99866104125977,6.39095,6.39095
6.39105,3.299177479E-06,-3.91671943664551,6.39105,6.39105
6.39115,4.7759334848E-05,-0.001752026379108,6.39115,6.39115
6.39125,5.1163799071E-05,-0.001183456042781,6.39125,6.39125
6.39135,5.2109666285E-05,-0.000881086452864,6.39135,6.39135
6.39145,5.236938523E-05,-0.000675542687532,6.39145,6.39145
6.39155,5.2477225836E-05,-0.000691305031069,6.39155,6.39155
6.39165,5.2504012274E-05,-0.000904378131963,6.39165,6.39165
6.39175,5.2474926633E-05,-0.00069974915823,6.39175,6.39175
6.39185,5.2471910749E-05,-0.000390272412915,6.39185,6.39185
6.39195,5.2468774811E-05,-0.000689334759954,6.39195,6.39195
6.39205,3.5711451346E-05,-6.07265663146973,6.39205,6.39205
6.39215,3.68441164E-07,-9.99764537811279,6.39215,6.39215
6.39225,3.8602462E-08,-9.99781036376953,6.39225,6.39225
6.39235,-2.0456756E-08,-9.99799156188965,6.39235,6.39235
6.39245,-5.2770584E-08,-9.99810600280762,6.39245,6.39245
6.39255,-8.6806978E-08,-9.99815559387207,6.39255,6.39255
6.39265,-1.16174874E-07,-9.99808692932129,6.39265,6.39265
6.39275,-8.7531156E-08,-9.99813175201416,6.39275,6.39275
6.39285,-8.0746375E-08,-9.99786567687988,6.39285,6.39285
6.39295,-7.5107629E-08,-9.99825668334961,6.39295,6.39295
6.39305,3.217380481E-06,-3.93644237518311,6.39305,6.39305
6.39315,4.7708719649E-05,-0.001276693190448,6.39315,6.39315
6.39325,5.1153510867E-05,-0.001462111831643,6.39325,6.39325
6.39335,5.2103514463E-05,-0.001000781776384,6.39335,6.39335
6.39345,5.2394309023E-05,-0.000954198418185,6.39345,6.39345
6.39355,5.250531467E-05,-0.000590046052821,6.39355,6.39355
6.39365,5.2538929594E-05,-0.000538396241609,6.39365,6.39365
6.39375,5.2518080338E-05,-0.000488153775223,6.39375,6.39375
6.39385,5.2477076679E-05,-0.00081226695329,6.39385,6.39385
6.39395,5.2423325542E-05,-0.000787356810179,6.39395,6.39395
6.39405,3.5824763472E-05,-6.05250406265259,6.39405,6.39405
6.39415,3.0483298E-07,-9.99765872955322,6.39415,6.39415
6.39425,-3.0672595E-08,-9.99795722961426,6.39425,6.39425
6.39435,-1.02499854E-07,-9.99836826324463,6.39435,6.39435
6.39445,-1.07716751E-07,-9.99867725372314,6.39445,6.39445
6.39455,-1.20590258E-07,-9.99863147735596,6.39455,6.39455
6.39465,-1.41197702E-07,-9.99857711791992,6.39465,6.39465
6.39475,-1.29111655E-07,-9.99868679046631,6.39475,6.39475
6.39485,-1.38455661E-07,-9.99851608276367,6.39485,6.39485
6.39495,-1.43215559E-07,-9.99874019622803,6.39495,6.39495
6.39505,3.092041425E-06,-3.95696616172791,6.39505,6.39505
6.39515,4.7746125347E-05,-0.001848007785156,6.39515,6.39515
6.39525,5.1223545597E-05,-0.001432909280993,6.39525,6.39525
6.39535,5.2146024245E-05,-0.001223213737831,6.39535,6.39535
6.39545,5.2451901865E-05,-0.000991141423583,6.39545,6.39545
6.39555,5.2563304052E-05,-0.000841610250063,6.39555,6.39555
6.39565,5.2561230405E-05,-0.000820499961264,6.39565,6.39565
6.39575,5.2572711866E-05,-0.0011455983622,6.39575,6.39575
6.39585,5.2546445659E-05,-0.001016473746859,6.39585,6.39585
6.39595,5.25650903E-05,-0.001229335786775,6.39595,6.39595
6.39605,3.6020937841E-05,-6.03267669677734,6.39605,6.39605
6.39615,3.66753767E-07,-9.99775409698486,6.39615,6.39615
6.39625,2.1285455E-08,-9.99830627441406,6.39625,6.39625
6.39635,-3.6304314E-08,-9.99842548370361,6.39635,6.39635
6.39645,-5.9168666E-08,-9.99855136871338,6.39645,6.39645
6.39655,-5.2974482E-08,-9.99869346618652,6.39655,6.39655
6.39665,-6.942669E-08,-9.99857902526855,6.39665,6.39665
6.39675,-9.4829183E-08,-9.99869251251221,6.39675,6.39675
6.39685,-8.6947594E-08,-9.99900436401367,6.39685,6.39685
6.39695,-7.6070855E-08,-9.99878883361816,6.39695,6.39695
6.39705,3.051557542E-06,-3.97710824012756,6.39705,6.39705
6.39715,4.7778874432E-05,-0.001797061646357,6.39715,6.39715
6.39725,5.126556789E-05,-0.001824645674787,6.39725,6.39725
6.39735,5.2218027122E-05,-0.001314410241321,6.39735,6.39735
6.39745,5.2507140936E-05,-0.000960672216024,6.39745,6.39745
6.39755,5.2610648709E-05,-0.001233065268025,6.39755,6.39755
6.39765,5.2599589253E-05,-0.001236724318005,6.39765,6.39765
6.39775,5.258784222E-05,-0.0013997660717,6.39775,6.39775
6.39785,5.2543855418E-05,-0.001115410588682,6.39785,6.39785
6.39795,5.2533872804E-05,-0.000762657786254,6.39795,6.39795
6.39805,3.6059380363E-05,-6.01248741149902,6.39805,6.39805
6.39815,3.11090446E-07,-9.99758625030518,6.39815,6.39815
6.39825,-4.7075591E-08,-9.99783611297607,6.39825,6.39825
6.39835,-8.0690128E-08,-9.99819469451904,6.39835,6.39835
6.39845,-8.2834539E-08,-9.99827194213867,6.39845,6.39845
6.39855,-6.8259567E-08,-9.99859809875488,6.39855,6.39855
6.39865,-7.2168724E-08,-9.99871444702148,6.39865,6.39865
6.39875,-8.888108E-08,-9.99881172180176,6.39875,6.39875
6.39885,-9.5869751E-08,-9.99898529052734,6.39885,6.39885
6.39895,-1.10191614E-07,-9.99901866912842,6.39895,6.39895
6.39905,2.972762786E-06,-3.99735116958618,6.39905,6.39905
6.39915,4.7799869208E-05,-0.002142707351595,6.39915,6.39915
6.39925,5.1284398069E-05,-0.00196706969291,6.39925,6.39925
6.39935,5.2203035011E-05,-0.001389984972775,6.39935,6.39935
6.39945,5.2527117077E-05,-0.001158053404652,6.39945,6.39945
6.39955,5.2601004427E-05,-0.001332987216301,6.39955,6.39955
6.39965,5.2621278883E-05,-0.001074667787179,6.39965,6.39965
6.39975,5.2584353398E-05,-0.000959264871199,6.39975,6.39975
6.39985,5.2616149333E-05,-0.000810929981526,6.39985,6.39985
6.39995,5.2602423239E-05,-0.000625511340331,6.39995,6.39995
6.40005,3.6194196582E-05,-5.99247932434082,6.40005,6.40005
6.40015,3.80935006E-07,-9.99759960174561,6.40015,6.40015
6.40025,9.747814E-09,-9.99757289886475,6.40025,6.40025
6.40035,-2.7248566E-08,-9.99760723114014,6.40035,6.40035
6.40045,-6.4322286E-08,-9.99764823913574,6.40045,6.40045
6.40055,-5.8746817E-08,-9.99819374084473,6.40055,6.40055
6.40065,-5.7811711E-08,-9.99829769134521,6.40065,6.40065
6.40075,-7.8573841E-08,-9.9979829788208,6.40075,6.40075
6.40085,-8.8459224E-08,-9.99815368652344,6.40085,6.40085
6.40095,-6.3070793E-08,-9.99844169616699,6.40095,6.40095
6.40105,2.949427426E-06,-4.01665449142456,6.40105,6.40105
6.40115,4.7834131692E-05,-0.001465348759666,6.40115,6.40115
6.40125,5.1297593018E-05,-0.001334042754024,6.40125,6.40125
6.40135,5.2304021665E-05,-0.001207240391523,6.40135,6.40135
6.40145,5.2587798564E-05,-0.001184511580504,6.40145,6.40145
6.40155,5.2679770306E-05,-0.000898467260413,6.40155,6.40155
6.40165,5.2664141549E-05,-0.00100134476088,6.40165,6.40165
6.40175,5.264027277E-05,-0.00074485479854,6.40175,6.40175
6.40185,5.2656738262E-05,-0.000708334031515,6.40185,6.40185
6.40195,5.2650044381E-05,-0.000687997788191,6.40195,6.40195
6.40205,3.6366483982E-05,-5.97236633300781,6.40205,6.40205
6.40215,3.91003198E-07,-9.99774932861328,6.40215,6.40215
6.40225,2.6010191E-08,-9.99832534790039,6.40225,6.40225
6.40235,-6.4244951E-08,-9.99863815307617,6.40235,6.40235
6.40245,-5.4169728E-08,-9.99849987030029,6.40245,6.40245
6.40255,-7.3940505E-08,-9.99870014190674,6.40255,6.40255
6.40265,-7.646458E-08,-9.99865913391113,6.40265,6.40265
6.40275,-7.6787998E-08,-9.99877166748047,6.40275,6.40275
6.40285,-1.13292224E-07,-9.99878025054932,6.40285,6.40285
6.40295,-1.16392833E-07,-9.99850940704346,6.40295,6.40295
6.40305,2.817275345E-06,-4.03694105148315,6.40305,6.40305
6.40315,4.7830508265E-05,-0.001974317710847,6.40315,6.40315
6.40325,5.1342267398E-05,-0.001661533606239,6.40325,6.40325
6.40335,5.2288727602E-05,-0.001124206581153,6.40335,6.40335
6.40345,5.2615374443E-05,-0.001109992270358,6.40345,6.40345
6.40355,5.2711417084E-05,-0.001287248334847,6.40355,6.40355
6.40365,5.2707167924E-05,-0.001082408241928,6.40365,6.40365
6.40375,5.2710445743E-05,-0.000660484016407,6.40375,6.40375
6.40385,5.2706018323E-05,-0.000732892309316,6.40385,6.40385
6.40395,5.2671664889E-05,-0.001056231441908,6.40395,6.40395
6.40405,3.6467608879E-05,-5.95264196395874,6.40405,6.40405
6.40415,3.94103807E-07,-9.99792861938477,6.40415,6.40415
6.40425,4.2279598E-08,-9.99796581268311,6.40425,6.40425
6.40435,-3.4884081E-08,-9.9983491897583,6.40435,6.40435
6.40445,-7.4608437E-08,-9.99834632873535,6.40445,6.40445
6.40455,-6.6972923E-08,-9.99853610992432,6.40455,6.40455
6.40465,-6.222006E-08,-9.99855613708496,6.40465,6.40465
6.40475,-6.8224416E-08,-9.99862766265869,6.40475,6.40475
6.40485,-7.6851279E-08,-9.99851226806641,6.40485,6.40485
6.40495,-4.5388184E-08,-9.99852180480957,6.40495,6.40495
6.40505,2.744196536E-06,-4.05685949325562,6.40505,6.40505
6.40515,4.7843677748E-05,-0.001867992104962,6.40515,6.40515
6.40525,5.1393832109E-05,-0.001682925387286,6.40525,6.40525
6.40535,5.2375791711E-05,-0.001107881311327,6.40535,6.40535
6.40545,5.2663148381E-05,-0.000840343651362,6.40545,6.40545
6.40555,5.2748004236E-05,-0.000954761344474,6.40555,6.40555
6.40565,5.2750598115E-05,-0.00093322887551,6.40565,6.40565
6.40575,5.2718340157E-05,-0.000959616736509,6.40575,6.40575
6.40585,5.2716484788E-05,-0.000606160261668,6.40585,6.40585
6.40595,5.2697909268E-05,-0.00065745820757,6.40595,6.40595
6.40605,3.6569061194E-05,-5.93256711959839,6.40605,6.40605
6.40615,3.59912718E-07,-9.99764156341553,6.40615,6.40615
6.40625,5.965212E-09,-9.99770832061768,6.40625,6.40625
6.40635,-6.2916115E-08,-9.9980640411377,6.40635,6.40635
6.40645,-6.3956684E-08,-9.99859046936035,6.40645,6.40645
6.40655,-8.0683094E-08,-9.99857616424561,6.40655,6.40655
6.40665,-8.5098478E-08,-9.99831771850586,6.40665,6.40665
6.40675,-8.8431101E-08,-9.99852561950684,6.40675,6.40675
6.40685,-7.0551629E-08,-9.99869537353516,6.40685,6.40685
6.40695,-9.5623676E-08,-9.99868583679199,6.40695,6.40695
6.40705,2.656627203E-06,-4.07712316513062,6.40705,6.40705
6.40715,4.782376709E-05,-0.001975161954761,6.40715,6.40715
6.40725,5.1379229262E-05,-0.001319547067396,6.40725,6.40725
6.40735,5.2334162319E-05,-0.001142924302258,6.40735,6.40735
6.40745,5.264916399E-05,-0.001125965733081,6.40745,6.40745
6.40755,5.2716379287E-05,-0.001072345650755,6.40755,6.40755
6.40765,5.2691597375E-05,-0.000978686381131,6.40765,6.40765
6.40775,5.2729505114E-05,-0.00063543318538,6.40775,6.40775
6.40785,5.2711493481E-05,-0.000943502527662,6.40785,6.40785
6.40795,5.2691506426E-05,-0.000955113209784,6.40795,6.40795
6.40805,3.6667854147E-05,-5.91239643096924,6.40805,6.40805
6.40815,3.76765684E-07,-9.99764823913574,6.40815,6.40815
6.40825,2.6530476E-08,-9.99825954437256,6.40825,6.40825
6.40835,-4.5950653E-08,-9.9985466003418,6.40835,6.40835
6.40845,-6.1784149E-08,-9.99855136871338,6.40845,6.40845
6.40855,-5.6426632E-08,-9.99871730804443,6.40855,6.40855
6.40865,-8.2968128E-08,-9.99848461151123,6.40865,6.40865
6.40875,-9.3479258E-08,-9.99842834472656,6.40875,6.40875
6.40885,-6.7394772E-08,-9.99856662750244,6.40885,6.40885
6.40895,-6.9672772E-08,-9.9985523223877,6.40895,6.40895
6.40905,2.604493375E-06,-4.09657716751099,6.40905,6.40905
6.40915,4.7849134717E-05,-0.001391744241118,6.40915,6.40915
6.40925,5.1393129979E-05,-0.00102526973933,6.40925,6.40925
6.40935,5.2356801461E-05,-0.000825566414278,6.40935,6.40935
6.40945,5.2644820244E-05,-0.000839639978949,6.40945,6.40945
6.40955,5.2759198297E-05,-0.000624103995506,6.40955,6.40955
6.40965,5.2803887229E-05,-0.000574565201532,6.40965,6.40965
6.40975,5.2802326536E-05,-0.00065591011662,6.40975,6.40975
6.40985,5.2791590861E-05,-0.000492446182761,6.40985,6.40985
6.40995,5.2769246395E-05,-0.00059314223472,6.40995,6.40995
6.41005,3.6830751924E-05,-5.89218282699585,6.41005,6.41005
6.41015,4.05627361E-07,-9.99746227264404,6.41015,6.41015
6.41025,2.9806856E-08,-9.99753570556641,6.41025,6.41025
6.41035,-2.40151E-09,-9.99841022491455,6.41035,6.41035
6.41045,-4.1218883E-08,-9.9984655380249,6.41045,6.41045
6.41055,-5.2426074E-08,-9.99852085113525,6.41055,6.41055
6.41065,-8.5541423E-08,-9.99860954284668,6.41065,6.41065
6.41075,-6.7261183E-08,-9.99895858764648,6.41075,6.41075
6.41085,-6.12498E-08,-9.99892997741699,6.41085,6.41085
6.41095,-8.2342382E-08,-9.99886131286621,6.41095,6.41095
6.41105,2.513239906E-06,-4.11703300476074,6.41105,6.41105
6.41115,4.7898778575E-05,-0.001746045076288,6.41115,6.41115
6.41125,5.1443294069E-05,-0.001519320649095,6.41125,6.41125
6.41135,5.2380917623E-05,-0.001057005487382,6.41135,6.41135
6.41145,5.2691222663E-05,-0.000950398563873,6.41145,6.41145
6.41155,5.2768991736E-05,-0.000911766779609,6.41155,6.41155
6.41165,5.2789564506E-05,-0.000561054621357,6.41165,6.41165
6.41175,5.2820065321E-05,-0.000494416453876,6.41175,6.41175
6.41185,5.2801937272E-05,-0.000255236984231,6.41185,6.41185
6.41195,5.2793260693E-05,-0.000308012677124,6.41195,6.41195
6.41205,3.6950241338E-05,-5.87219429016113,6.41205,6.41205
6.41215,4.07849114E-07,-9.99753761291504,6.41215,6.41215
6.41225,6.1333232E-08,-9.99814796447754,6.41225,6.41225
6.41235,-3.1551451E-08,-9.99834537506104,6.41235,6.41235
6.41245,-4.765915E-08,-9.99853992462158,6.41245,6.41245
6.41255,-6.7746313E-08,-9.99850082397461,6.41255,6.41255
6.41265,-1.05691861E-07,-9.99881362915039,6.41265,6.41265
6.41275,-1.00868697E-07,-9.99860763549805,6.41275,6.41275
6.41285,-1.18994251E-07,-9.99873065948486,6.41285,6.41285
6.41295,-1.14557778E-07,-9.99841499328613,6.41295,6.41295
6.41305,2.420889587E-06,-4.13714218139648,6.41305,6.41305
6.41315,4.7893026931E-05,-0.001606717240065,6.41315,6.41315
6.41325,5.1434948546E-05,-0.001510735834017,6.41325,6.41325
6.41335,5.2392089856E-05,-0.001040257979184,6.41335,6.41335
6.41345,5.2691095334E-05,-0.000981360324658,6.41345,6.41345
6.41355,5.2804203733E-05,-0.000892978627235,6.41355,6.41355
6.41365,5.2846648032E-05,-0.000906207715161,6.41365,6.41365
6.41375,5.2809686167E-05,-0.000821977679152,6.41375,6.41375
6.41385,5.2825525927E-05,-0.000515878607985,6.41385,6.41385
6.41395,5.2796080126E-05,-0.00065591011662,6.41395,6.41395
6.41405,3.7050591345E-05,-5.85230779647827,6.41405,6.41405
6.41415,3.69798101E-07,-9.99719524383545,6.41415,6.41415
6.41425,3.2127041E-08,-9.99781131744385,6.41425,6.41425
6.41435,-2.7220443E-08,-9.99798202514648,6.41435,6.41435
6.41445,-6.5763615E-08,-9.99826908111572,6.41445,6.41445
6.41455,-7.4959978E-08,-9.99822902679443,6.41455,6.41455
6.41465,-9.1925443E-08,-9.99825382232666,6.41465,6.41465
6.41475,-5.3543982E-08,-9.99849605560303,6.41475,6.41475
6.41485,-8.0422957E-08,-9.99836254119873,6.41485,6.41485
6.41495,-7.2224971E-08,-9.99853134155273,6.41495,6.41495
6.41505,2.338656714E-06,-4.15669393539429,6.41505,6.41505
6.41515,4.7918521886E-05,-0.001822253223509,6.41515,6.41515
6.41525,5.1474547945E-05,-0.001460282248445,6.41525,6.41525
6.41535,5.243466876E-05,-0.001051024300978,6.41535,6.41535
6.41545,5.2777817473E-05,-0.000802134047262,6.41545,6.41545
6.41555,5.2859621064E-05,-0.00063135183882,6.41555,6.41555
6.41565,5.2895513363E-05,-0.000626918685157,6.41565,6.41565
6.41575,5.2871964726E-05,-0.000878060644027,6.41575,6.41575
6.41585,5.2877985581E-05,-0.000844213878736,6.41585,6.41585
6.41595,5.2835624956E-05,-0.000748021353502,6.41595,6.41595
6.41605,3.7177778722E-05,-5.83244371414185,6.41605,6.41605
6.41615,4.21988176E-07,-9.99769115447998,6.41615,6.41615
6.41625,6.0587958E-08,-9.997802734375,6.41625,6.41625
6.41635,-4.6175639E-08,-9.99802494049072,6.41635,6.41635
6.41645,-6.2866903E-08,-9.99821281433105,6.41645,6.41645
6.41655,-6.8547834E-08,-9.99825572967529,6.41655,6.41655
6.41665,-4.1921972E-08,-9.99850273132324,6.41665,6.41665
6.41675,-6.8660327E-08,-9.99836349487305,6.41675,6.41675
6.41685,-4.3693746E-08,-9.9983959197998,6.41685,6.41685
6.41695,-3.8413571E-08,-9.99854373931885,6.41695,6.41695
6.41705,2.271652647E-06,-4.17663240432739,6.41705,6.41705
6.41715,4.7932746384E-05,-0.001725075533614,6.41715,6.41715
6.41725,5.1505750889E-05,-0.001541275414638,6.41725,6.41725
6.41735,5.2497001889E-05,-0.001198162906803,6.41735,6.41735
6.41745,5.2785635489E-05,-0.001131243305281,6.41745,6.41745
6.41755,5.2859064454E-05,-0.00078306440264,6.41755,6.41755
6.41765,5.2918599977E-05,-0.000528544769622,6.41765,6.41765
6.41775,5.2903083997E-05,-0.000431015272625,6.41775,6.41775
6.41785,5.2887393394E-05,-0.000472180312499,6.41785,6.41785
6.41795,5.286726082E-05,-0.000570624601096,6.41795,6.41795
6.41805,3.7275593058E-05,-5.81269931793213,6.41805,6.41805
6.41815,3.96002122E-07,-9.9975118637085,6.41815,6.41815
6.41825,2.1594813E-08,-9.9981107711792,6.41825,6.41825
6.41835,-4.159855E-08,-9.99844455718994,6.41835,6.41835
6.41845,-5.6623495E-08,-9.99867820739746,6.41845,6.41845
6.41855,-6.996104E-08,-9.99839210510254,6.41855,6.41855
6.41865,-6.0335793E-08,-9.99845600128174,6.41865,6.41865
6.41875,-6.6551067E-08,-9.99834537506104,6.41875,6.41875
6.41885,-9.4168286E-08,-9.99843788146973,6.41885,6.41885
6.41895,-8.9570101E-08,-9.99851989746094,6.41895,6.41895
6.41905,2.188695362E-06,-4.19684648513794,6.41905,6.41905
6.41915,4.7916291805E-05,-0.001637890120037,6.41915,6.41915
6.41925,5.1519909903E-05,-0.001451697433367,6.41925,6.41925
6.41935,5.2493825933E-05,-0.001130187767558,6.41935,6.41935
6.41945,5.2799401601E-05,-0.000906559522264,6.41945,6.41945
6.41955,5.2885850891E-05,-0.000838514068164,6.41955,6.41955
6.41965,5.2922954637E-05,-0.00070312677417,6.41965,6.41965
6.41975,5.291078196E-05,-0.000523267197423,6.41975,6.41975
6.41985,5.2932282415E-05,-0.000638951547444,6.41985,6.41985
6.41995,5.2850969951E-05,-0.000432563363574,6.41995,6.41995
6.42005,3.7382596929E-05,-5.79237747192383,6.42005,6.42005
6.42015,3.89814971E-07,-9.99776363372803,6.42015,6.42015
6.42025,2.4224354E-08,-9.99789619445801,6.42025,6.42025
6.42035,-3.9587725E-08,-9.99823188781738,6.42035,6.42035
6.42045,-8.6504649E-08,-9.99810791015625,6.42045,6.42045
6.42055,-7.4531094E-08,-9.99824333190918,6.42055,6.42055
6.42065,-4.5739725E-08,-9.99862575531006,6.42065,6.42065
6.42075,-6.8231444E-08,-9.99812698364258,6.42075,6.42075
6.42085,-8.7038991E-08,-9.99841594696045,6.42085,6.42085
6.42095,-7.680206E-08,-9.99829196929932,6.42095,6.42095
6.42105,2.098960522E-06,-4.21665573120117,6.42105,6.42105
6.42115,4.7909106797E-05,-0.001766451750882,6.42115,6.42115
6.42125,5.1560746215E-05,-0.001710439100862,6.42125,6.42125
6.42135,5.2521991165E-05,-0.001424042973667,6.42135,6.42135
6.42145,5.2822389989E-05,-0.001084800693206,6.42145,6.42145
6.42155,5.2924147894E-05,-0.000985230552033,6.42155,6.42155
6.42165,5.2922616305E-05,-0.000919929414522,6.42165,6.42165
6.42175,5.2903793403E-05,-0.000884534500074,6.42175,6.42175
6.42185,5.2919127484E-05,-0.000605245470069,6.42185,6.42185
6.42195,5.2938848967E-05,-0.000583713001106,6.42195,6.42195
6.42205,3.7514662836E-05,-5.77244567871094,6.42205,6.42205
6.42215,3.73826794E-07,-9.99756050109863,6.42215,6.42215
6.42225,8.531476E-09,-9.99766826629639,6.42225,6.42225
6.42235,-3.6226975E-08,-9.99807262420654,6.42235,6.42235
6.42245,-6.7092444E-08,-9.99855041503906,6.42245,6.42245
6.42255,-8.978806E-08,-9.99834728240967,6.42255,6.42255
6.42265,-1.04257566E-07,-9.99855422973633,6.42265,6.42265
6.42275,-9.1130957E-08,-9.9986457824707,6.42275,6.42275
6.42285,-1.00081238E-07,-9.99856472015381,6.42285,6.42285
6.42295,-1.0924245E-07,-9.99840831756592,6.42295,6.42295
6.42305,2.037370223E-06,-4.2368221282959,6.42305,6.42305
6.42315,4.7954054025E-05,-0.001795021002181,6.42315,6.42315
6.42325,5.1570666983E-05,-0.001476185279898,6.42325,6.42325
6.42335,5.2577212045E-05,-0.001041102455929,6.42335,6.42335
6.42345,5.2911058447E-05,-0.000622766965535,6.42345,6.42345
6.42355,5.2984170907E-05,-0.000658865552396,6.42355,6.42355
6.42365,5.2984109061E-05,-0.000966372026596,6.42365,6.42365
6.42375,5.2973497077E-05,-0.000658232253045,6.42375,6.42375
6.42385,5.2956616855E-05,-0.000898396887351,6.42385,6.42385
6.42395,5.296301606E-05,-0.000911485287361,6.42395,6.42395
6.42405,3.7600919313E-05,-5.75235748291016,6.42405,6.42405
6.42415,4.01542451E-07,-9.99740695953369,6.42415,6.42415
6.42425,5.1961091E-08,-9.99785232543945,6.42425,6.42425
6.42435,-2.3072236E-08,-9.99796676635742,6.42435,6.42435
6.42445,-2.6510326E-08,-9.99833202362061,6.42445,6.42445
6.42455,-5.2988543E-08,-9.998366355896,6.42455,6.42455
6.42465,-8.8438135E-08,-9.99798583984375,6.42465,6.42465
6.42475,-7.9944854E-08,-9.99835205078125,6.42475,6.42475
6.42485,-8.2904847E-08,-9.9985466003418,6.42485,6.42485
6.42495,-1.06338703E-07,-9.99875068664551,6.42495,6.42495
6.42505,1.899080303E-06,-4.25661611557007,6.42505,6.42505
6.42515,4.792927939E-05,-0.001892691245303,6.42515,6.42515
6.42525,5.1655508287E-05,-0.00151326903142,6.42525,6.42525
6.42535,5.2596315072E-05,-0.001148413051851,6.42535,6.42535
6.42545,5.2895364206E-05,-0.000819092616439,6.42545,6.42545
6.42555,5.2970895922E-05,-0.000754213659093,6.42555,6.42555
6.42565,5.3024901717E-05,-0.000716707727406,6.42565,6.42565
6.42575,5.3016789025E-05,-0.000646762375254,6.42575,6.42575
6.42585,5.3006689996E-05,-0.000367543689208,6.42585,6.42585
6.42595,5.29797544E-05,-0.000639514473733,6.42595,6.42595
6.42605,3.7766902096E-05,-5.73256254196167,6.42605,6.42605
6.42615,3.97478601E-07,-9.99753284454346,6.42615,6.42615
6.42625,5.944119E-09,-9.99763011932373,6.42625,6.42625
6.42635,-3.8561218E-08,-9.99794387817383,6.42635,6.42635
6.42645,-7.1493766E-08,-9.99820995330811,6.42645,6.42645
6.42655,-7.7020019E-08,-9.998459815979,6.42655,6.42655
6.42665,-1.07787059E-07,-9.99826812744141,6.42665,6.42665
6.42675,-1.12926614E-07,-9.99819374084473,6.42675,6.42675
6.42685,-9.3176936E-08,-9.99837398529053,6.42685,6.42685
6.42695,-8.5119567E-08,-9.99880504608154,6.42695,6.42695
6.42705,1.856360768E-06,-4.27668428421021,6.42705,6.42705
6.42715,4.8006560974E-05,-0.001778132747859,6.42715,6.42715
6.42725,5.1652394177E-05,-0.00147977413144,6.42725,6.42725
6.42735,5.2652208979E-05,-0.001322361757047,6.42735,6.42735
6.42745,5.2966595831E-05,-0.001220047241077,6.42745,6.42745
6.42755,5.3036023019E-05,-0.000816066807602,6.42755,6.42755
6.42765,5.3048723203E-05,-0.000612000760157,6.42765,6.42765
6.42775,5.30506004E-05,-0.000645214284305,6.42775,6.42775
6.42785,5.3030005802E-05,-0.000603767752182,6.42785,6.42785
6.42795,5.3027426475E-05,-0.000562813773286,6.42795,6.42795
6.42805,3.7874258851E-05,-5.71230602264404,6.42805,6.42805
6.42815,3.82889567E-07,-9.99742412567139,6.42815,6.42815
6.42825,2.1629967E-08,-9.99764060974121,6.42825,6.42825
6.42835,-4.2850044E-08,-9.99795818328857,6.42835,6.42835
6.42845,-4.9339526E-08,-9.9982442855835,6.42845,6.42845
6.42855,-4.8566132E-08,-9.99822998046875,6.42855,6.42855
6.42865,-8.1505711E-08,-9.99848747253418,6.42865,6.42865
6.42875,-7.9044909E-08,-9.99854469299316,6.42875,6.42875
6.42885,-7.6773937E-08,-9.99860191345215,6.42885,6.42885
6.42895,-8.7144457E-08,-9.99856662750244,6.42895,6.42895
6.42905,1.784610845E-06,-4.29651880264282,6.42905,6.42905
6.42915,4.7986068239E-05,-0.00137281534262,6.42915,6.42915
6.42925,5.1661772886E-05,-0.001179515500553,6.42925,6.42925
6.42935,5.2672428865E-05,-0.000744362245314,6.42935,6.42935
6.42945,5.2943552873E-05,-0.000466199067887,6.42945,6.42945
6.42955,5.3051771829E-05,-0.000345448264852,6.42955,6.42955
6.42965,5.3061306971E-05,-0.000355370080797,6.42965,6.42965
6.42975,5.3044117521E-05,-0.000410538283177,6.42975,6.42975
6.42985,5.303231228E-05,-0.000629240821581,6.42985,6.42985
6.42995,5.306463936E-05,-0.000417786155595,6.42995,6.42995
6.43005,3.7996072933E-05,-5.69240951538086,6.43005,6.43005
6.43015,3.83142691E-07,-9.99755001068115,6.43015,6.43015
6.43025,-7.576222E-09,-9.99754333496094,6.43025,6.43025
6.43035,-6.0483437E-08,-9.99806308746338,6.43035,6.43035
6.43045,-7.2977272E-08,-9.9981517791748,6.43045,6.43045
6.43055,-9.0638792E-08,-9.99851417541504,6.43055,6.43055
6.43065,-6.1207615E-08,-9.99842739105225,6.43065,6.43065
6.43075,-8.8677183E-08,-9.99842643737793,6.43075,6.43075
6.43085,-7.3427252E-08,-9.9986047744751,6.43085,6.43085
6.43095,-9.4372183E-08,-9.99831676483154,6.43095,6.43095
6.43105,1.708972945E-06,-4.31662607192993,6.43105,6.43105
6.43115,4.796146095E-05,-0.001338757341728,6.43115,6.43115
6.43125,5.1651240938E-05,-0.001428898307495,6.43125,6.43125
6.43135,5.2655737818E-05,-0.000841891742311,6.43135,6.43135
6.43145,5.2958879678E-05,-0.0009030411602,6.43145,6.43145
6.43155,5.3063660744E-05,-0.00070383050479,6.43155,6.43155
6.43165,5.3111860325E-05,-0.000561617547646,6.43165,6.43165
6.43175,5.3098880016E-05,-0.000590116425883,6.43175,6.43175
6.43185,5.3103169193E-05,-0.000301961088553,6.43185,6.43185
6.43195,5.3081970691E-05,-0.000336300465278,6.43195,6.43195
6.43205,3.8133246562E-05,-5.67205762863159,6.43205,6.43205
6.43215,4.47271162E-07,-9.9973087310791,6.43215,6.43215
6.43225,4.5527855E-08,-9.99763298034668,6.43225,6.43225
6.43235,-1.36087E-08,-9.99799156188965,6.43235,6.43235
6.43245,-2.6805623E-08,-9.99815368652344,6.43245,6.43245
6.43255,-8.346732E-08,-9.9981164932251,6.43255,6.43255
6.43265,-1.01445224E-07,-9.99822425842285,6.43265,6.43265
6.43275,-1.1058534E-07,-9.99806785583496,6.43275,6.43275
6.43285,-6.2346615E-08,-9.9980001449585,6.43285,6.43285
6.43295,-7.1718752E-08,-9.99796581268311,6.43295,6.43295
6.43305,1.615799988E-06,-4.33621883392334,6.43305,6.43305
6.43315,4.8041954869E-05,-0.000971649598796,6.43315,6.43315
6.43325,5.1726914535E-05,-0.000815363135189,6.43325,6.43325
6.43335,5.272684939E-05,-0.000747528742068,6.43335,6.43335
6.43345,5.3025603847E-05,-0.000591383024585,6.43345,6.43345
6.43355,5.3130814194E-05,-0.000408216146752,6.43355,6.43355
6.43365,5.3162380937E-05,-0.00034178912756,6.43365,6.43365
6.43375,5.309957487E-05,-0.000439037161414,6.43375,6.43375
6.43385,5.3111449233E-05,-0.000350936927134,6.43385,6.43385
6.43395,5.3104940889E-05,-0.000545432965737,6.43395,6.43395
6.43405,3.8228055928E-05,-5.65219211578369,6.43405,6.43405
6.43415,4.0906545E-07,-9.99758720397949,6.43415,6.43415
6.43425,4.087973E-09,-9.99800872802734,6.43425,6.43425
6.43435,-6.3647327E-08,-9.99813175201416,6.43435,6.43435
6.43445,-8.3263423E-08,-9.99833297729492,6.43445,6.43445
6.43455,-8.087293E-08,-9.99801731109619,6.43455,6.43455
6.43465,-8.9309964E-08,-9.9983606338501,6.43465,6.43465
6.43475,-1.00489025E-07,-9.99848556518555,6.43475,6.43475
6.43485,-9.4779971E-08,-9.99842834472656,6.43485,6.43485
6.43495,-9.6094738E-08,-9.99836730957031,6.43495,6.43495
6.43505,1.507187221E-06,-4.35656452178955,6.43505,6.43505
6.43515,4.8027297453E-05,-0.001706287381239,6.43515,6.43515
6.43525,5.1744045777E-05,-0.001212869770825,6.43525,6.43525
6.43535,5.2745886933E-05,-0.00131905451417,6.43535,6.43535
6.43545,5.3062271036E-05,-0.000961868499871,6.43545,6.43545
6.43555,5.3165091231E-05,-0.00069482345134,6.43555,6.43555
6.43565,5.3160350944E-05,-0.000933791801799,6.43565,6.43565
6.43575,5.3180534451E-05,-0.000700804695953,6.43575,6.43575
6.43585,5.3136904171E-05,-0.000508490018547,6.43585,6.43585
6.43595,5.3121377277E-05,-0.00057977240067,6.43595,6.43595
6.43605,3.8328267692E-05,-5.63263654708862,6.43605,6.43605
6.43615,4.18599313E-07,-9.99767398834229,6.43615,6.43615
6.43625,3.7491585E-08,-9.99788856506348,6.43625,6.43625
6.43635,-5.4148636E-08,-9.99810218811035,6.43635,6.43635
6.43645,-8.078856E-08,-9.99825572967529,6.43645,6.43645
6.43655,-9.8414922E-08,-9.99823570251465,6.43655,6.43655
6.43665,-9.6284573E-08,-9.99838733673096,6.43665,6.43665
6.43675,-9.9715635E-08,-9.99843311309814,6.43675,6.43675
6.43685,-1.08637792E-07,-9.99829769134521,6.43685,6.43685
6.43695,-1.07470669E-07,-9.9984245300293,6.43695,6.43695
6.43705,1.449393608E-06,-4.37637805938721,6.43705,6.43705
6.43715,4.8038593377E-05,-0.001290977816097,6.43715,6.43715
6.43725,5.1751296269E-05,-0.000798826746177,6.43725,6.43725
6.43735,5.275694275E-05,-0.00062016339507,6.43735,6.43735
6.43745,5.308906475E-05,-0.000739436480217,6.43745,6.43745
6.43755,5.3157968068E-05,-0.000671320653055,6.43755,6.43755
6.43765,5.31740734E-05,-0.000598560553044,6.43765,6.43765
6.43775,5.318201147E-05,-0.000717622519005,6.43775,6.43775
6.43785,5.3153446061E-05,-0.000685534905642,6.43785,6.43785
6.43795,5.3141655371E-05,-0.000388231768738,6.43795,6.43795
6.43805,3.8407644752E-05,-5.61233472824097,6.43805,6.43805
6.43815,3.77982047E-07,-9.99773597717285,6.43815,6.43815
6.43825,-9.418308E-09,-9.99788475036621,6.43825,6.43825
6.43835,-9.3317553E-08,-9.99812316894531,6.43835,6.43835
6.43845,-9.8457107E-08,-9.99810028076172,6.43845,6.43845
6.43855,-9.4322964E-08,-9.99844074249268,6.43855,6.43855
6.43865,-5.2777615E-08,-9.99854564666748,6.43865,6.43865
6.43875,-1.16343614E-07,-9.99808025360107,6.43875,6.43875
6.43885,-9.8154779E-08,-9.99825191497803,6.43885,6.43885
6.43895,-1.11597785E-07,-9.99842071533203,6.43895,6.43895
6.43905,1.368524636E-06,-4.39655733108521,6.43905,6.43905
6.43915,4.8022444389E-05,-0.001238694647327,6.43915,6.43915
6.43925,5.178437641E-05,-0.001212588278577,6.43925,6.43925
6.43935,5.2756742662E-05,-0.000909233523998,6.43935,6.43935
6.43945,5.306573803E-05,-0.000902478233911,6.43945,6.43945
6.43955,5.3181640396E-05,-0.000810085562989,6.43955,6.43955
6.43965,5.3180108807E-05,-0.000679764780216,6.43965,6.43965
6.43975,5.3182822739E-05,-0.000531218713149,6.43975,6.43975
6.43985,5.3172301705E-05,-0.000691164284945,6.43985,6.43985
6.43995,5.316550596E-05,-0.000586386944633,6.43995,6.43995
6.44005,3.853636008E-05,-5.59232807159424,6.44005,6.44005
6.44015,3.88633794E-07,-9.9977560043335,6.44015,6.44015
6.44025,2.5321167E-08,-9.99777126312256,6.44025,6.44025
6.44035,-4.0705633E-08,-9.99829769134521,6.44035,6.44035
6.44045,-7.4404539E-08,-9.99821281433105,6.44045,6.44045
6.44055,-1.02092066E-07,-9.99825954437256,6.44055,6.44055
6.44065,-1.01037436E-07,-9.99827575683594,6.44065,6.44065
6.44075,-1.09643203E-07,-9.99839687347412,6.44075,6.44075
6.44085,-1.23578374E-07,-9.99810218811035,6.44085,6.44085
6.44095,-1.08715135E-07,-9.99833297729492,6.44095,6.44095
6.44105,1.314176075E-06,-4.41635608673096,6.44105,6.44105
6.44115,4.8074347433E-05,-0.001468867063522,6.44115,6.44115
6.44125,5.1815775805E-05,-0.001101055648178,6.44125,6.44125
6.44135,5.2834806411E-05,-0.000932665949222,6.44135,6.44135
6.44145,5.313229849E-05,-0.001106896088459,6.44145,6.44145
6.44155,5.3213734645E-05,-0.000864268629812,6.44155,6.44155
6.44165,5.3261417634E-05,-0.000745980651118,6.44165,6.44165
6.44175,5.3274925449E-05,-0.000734932953492,6.44175,6.44175
6.44185,5.3228472098E-05,-0.000839710352011,6.44185,6.44185
6.44195,5.3192910855E-05,-0.001002752105705,6.44195,6.44195
6.44205,3.8670987124E-05,-5.57266330718994,6.44205,6.44205
6.44215,4.22016313E-07,-9.99739456176758,6.44215,6.44215
6.44225,1.5267039E-08,-9.99776554107666,6.44225,6.44225
6.44235,-3.2191259E-08,-9.99800395965576,6.44235,6.44235
6.44245,-5.8121071E-08,-9.99810791015625,6.44245,6.44245
6.44255,-6.3394211E-08,-9.99855613708496,6.44255,6.44255
6.44265,-5.9611615E-08,-9.99864482879639,6.44265,6.44265
6.44275,-8.144243E-08,-9.9985818862915,6.44275,6.44275
6.44285,-1.0647932E-07,-9.9984827041626,6.44285,6.44285
6.44295,-9.9919525E-08,-9.99856567382813,6.44295,6.44295
6.44305,1.210632604E-06,-4.43683052062988,6.44305,6.44305
6.44315,4.8072892241E-05,-0.001460774801672,6.44315,6.44315
6.44325,5.1841925597E-05,-0.001509117311798,6.44325,6.44325
6.44335,5.2861749282E-05,-0.001166145666502,6.44335,6.44335
6.44345,5.3136362112E-05,-0.001100633409806,6.44345,6.44345
6.44355,5.3278159612E-05,-0.001092541147955,6.44355,6.44355
6.44365,5.3297313571E-05,-0.000914159230888,6.44365,6.44365
6.44375,5.327920735E-05,-0.00063388509443,6.44375,6.44375
6.44385,5.3279462009E-05,-0.00067955366103,6.44385,6.44385
6.44395,5.3253599617E-05,-0.000577309518121,6.44395,6.44395
6.44405,3.8823134673E-05,-5.55269479751587,6.44405,6.44405
6.44415,4.26354347E-07,-9.99797534942627,6.44415,6.44415
6.44425,4.038757E-09,-9.99801826477051,6.44425,6.44425
6.44435,-5.444393E-08,-9.99838829040527,6.44435,6.44435
6.44445,-6.0131896E-08,-9.99827766418457,6.44445,6.44445
6.44455,-9.8921149E-08,-9.99844074249268,6.44455,6.44455
6.44465,-6.6234684E-08,-9.99859619140625,6.44465,6.44465
6.44475,-7.2288252E-08,-9.99848651885986,6.44475,6.44475
6.44485,-6.3197348E-08,-9.99869441986084,6.44485,6.44485
6.44495,-4.8706749E-08,-9.99868202209473,6.44495,6.44495
6.44505,1.179380433E-06,-4.45697736740112,6.44505,6.44505
6.44515,4.8101406719E-05,-0.001750478288159,6.44515,6.44515
6.44525,5.1871833421E-05,-0.001670399913564,6.44525,6.44525
6.44535,5.2883966418E-05,-0.001154957222752,6.44535,6.44535
6.44545,5.3204188589E-05,-0.000923658895772,6.44545,6.44545
6.44555,5.3312378441E-05,-0.001176560064778,6.44555,6.44555
6.44565,5.3325940826E-05,-0.00068919401383,6.44565,6.44565
6.44575,5.330122076E-05,-0.000575198500883,6.44575,6.44575
6.44585,5.3275602113E-05,-0.000715370755643,6.44585,6.44585
6.44595,5.3230545745E-05,-0.000447129452368,6.44595,6.44595
6.44605,3.8898764615E-05,-5.5324501991272,6.44605,6.44605
6.44615,4.12939471E-07,-9.99749183654785,6.44615,6.44615
6.44625,5.29025E-09,-9.99781513214111,6.44625,6.44625
6.44635,-7.4615464E-08,-9.9979362487793,6.44635,6.44635
6.44645,-7.9340204E-08,-9.99850749969482,6.44645,6.44645
6.44655,-8.0999484E-08,-9.99846458435059,6.44655,6.44655
6.44665,-1.19887162E-07,-9.9986047744751,6.44665,6.44665
6.44675,-1.07379272E-07,-9.9986047744751,6.44675,6.44675
6.44685,-1.1303208E-07,-9.99870109558105,6.44685,6.44685
6.44695,-8.7214765E-08,-9.99896907806396,6.44695,6.44695
6.44705,1.036457206E-06,-4.47707509994507,6.44705,6.44705
6.44715,4.8046018492E-05,-0.001698335865512,6.44715,6.44715
6.44725,5.1841234381E-05,-0.00132869486697,6.44725,6.44725
6.44735,5.2861742006E-05,-0.000967075699009,6.44735,6.44735
6.44745,5.3176241636E-05,-0.000910640868824,6.44745,6.44745
6.44755,5.3308955103E-05,-0.00073331448948,6.44755,6.44755
6.44765,5.3325056797E-05,-0.000551273522433,6.44765,6.44765
6.44775,5.3331241361E-05,-0.000629663001746,6.44775,6.44775
6.44785,5.332101864E-05,-0.000715792994015,6.44785,6.44785
6.44795,5.3348434449E-05,-0.000689968059305,6.44795,6.44795
6.44805,3.9047918108E-05,-5.5125789642334,6.44805,6.44805
6.44815,4.33968779E-07,-9.99778366088867,6.44815,6.44815
6.44825,2.9652178E-08,-9.99807262420654,6.44825,6.44825
6.44835,-1.1836923E-08,-9.99841403961182,6.44835,6.44835
6.44845,-6.951106E-08,-9.998459815979,6.44845,6.44845
6.44855,-8.6075765E-08,-9.99866580963135,6.44855,6.44855
6.44865,-8.9563073E-08,-9.99825572967529,6.44865,6.44865
6.44875,-1.05319231E-07,-9.99849224090576,6.44875,6.44875
6.44885,-9.3647998E-08,-9.9987850189209,6.44885,6.44885
6.44895,-9.1763731E-08,-9.99901103973389,6.44895,6.44895
6.44905,9.78424396E-07,-4.49674987792969,6.44905,6.44905
6.44915,4.8102461733E-05,-0.00164795271121,6.44915,6.44915
6.44925,5.1903705753E-05,-0.00153128313832,6.44925,6.44925
6.44935,5.2910123486E-05,-0.001094722538255,6.44935,6.44935
6.44945,5.3213243518E-05,-0.000909444643185,6.44945,6.44945
6.44955,5.3346520872E-05,-0.00074232154293,6.44955,6.44955
6.44965,5.3355626733E-05,-0.000675894552842,6.44965,6.44965
6.44975,5.3370244132E-05,-0.000845058239065,6.44975,6.44975
6.44985,5.3316929552E-05,-0.000304423941998,6.44985,6.44985
6.44995,5.3311901866E-05,-0.000276065809885,6.44995,6.44995
6.45005,3.9180991735E-05,-5.49265909194946,6.45005,6.45005
6.45015,4.41238683E-07,-9.9976749420166,6.45015,6.45015
6.45025,1.3621818E-08,-9.99794960021973,6.45025,6.45025
6.45035,-5.0155105E-08,-9.9982328414917,6.45035,6.45035
6.45045,-6.7338526E-08,-9.99831676483154,6.45045,6.45045
6.45055,-8.0106567E-08,-9.99832344055176,6.45055,6.45055
6.45065,-8.7053053E-08,-9.99835777282715,6.45065,6.45065
6.45075,-7.9670656E-08,-9.99854564666748,6.45075,6.45075
6.45085,-7.5452135E-08,-9.99850273132324,6.45085,6.45085
6.45095,-7.8327759E-08,-9.99850368499756,6.45095,6.45095
6.45105,9.02716124E-07,-4.51666164398193,6.45105,6.45105
6.45115,4.8118941777E-05,-0.001890580169857,6.45115,6.45115
6.45125,5.1922597777E-05,-0.001692143501714,6.45125,6.45125
6.45135,5.2977244195E-05,-0.001041876501404,6.45135,6.45135
6.45145,5.3316365666E-05,-0.001363878604025,6.45145,6.45145
6.45155,5.3405135986E-05,-0.001000922522508,6.45155,6.45155
6.45165,5.3411386034E-05,-0.000687716295943,6.45165,6.45165
6.45175,5.3403899074E-05,-0.00066118768882,6.45175,6.45175
6.45185,5.340446296E-05,-0.000795238011051,6.45185,6.45185
6.45195,5.339661584E-05,-0.000859413237777,6.45195,6.45195
6.45205,3.9262900827E-05,-5.47272443771362,6.45205,6.45205
6.45215,4.32576655E-07,-9.99769878387451,6.45215,6.45215
6.45225,3.1578633E-08,-9.99820709228516,6.45225,6.45225
6.45235,-5.2123745E-08,-9.99835014343262,6.45235,6.45235
6.45245,-5.1280043E-08,-9.99825954437256,6.45245,6.45245
6.45255,-4.8917673E-08,-9.99851131439209,6.45255,6.45255
6.45265,-8.6701512E-08,-9.99879169464111,6.45265,6.45265
6.45275,-9.3626909E-08,-9.99887752532959,6.45275,6.45275
6.45285,-8.0690128E-08,-9.99890518188477,6.45285,6.45285
6.45295,-8.2940005E-08,-9.99908924102783,6.45295,6.45295
6.45305,8.11539962E-07,-4.53692865371704,6.45305,6.45305
6.45315,4.8155194236E-05,-0.001675818231888,6.45315,6.45315
6.45325,5.1997452829E-05,-0.001535223796964,6.45325,6.45325
6.45335,5.2991799748E-05,-0.00122258043848,6.45335,6.45335
6.45345,5.3305811889E-05,-0.001012040651403,6.45345,6.45345
6.45355,5.3399489843E-05,-0.000874753401149,6.45355,6.45355
6.45365,5.3449530242E-05,-0.00087573856581,6.45365,6.45365
6.45375,5.3435651353E-05,-0.000742391915992,6.45375,6.45375
6.45385,5.3421721532E-05,-0.00081634829985,6.45385,6.45385
6.45395,5.3415093134E-05,-0.000876794045325,6.45395,6.45395
6.45405,3.9427366573E-05,-5.45261192321777,6.45405,6.45405
6.45415,4.51883409E-07,-9.99770069122314,6.45415,6.45415
6.45425,2.975764E-08,-9.99790287017822,6.45425,6.45425
6.45435,-3.863929E-09,-9.9984130859375,6.45435,6.45435
6.45445,-4.7054495E-08,-9.9984884262085,6.45445,6.45445
6.45455,-6.9314197E-08,-9.99875164031982,6.45455,6.45455
6.45465,-6.8765793E-08,-9.99860191345215,6.45465,6.45465
6.45475,-8.4071971E-08,-9.99864101409912,6.45475,6.45475
6.45485,-6.6804184E-08,-9.99863243103027,6.45485,6.45485
6.45495,-9.6305669E-08,-9.99879264831543,6.45495,6.45495
6.45505,7.65087066E-07,-4.55671072006226,6.45505,6.45505
6.45515,4.8127723858E-05,-0.001975161954761,6.45515,6.45515
6.45525,5.2001694712E-05,-0.001700235763565,6.45525,6.45525
6.45535,5.303886428E-05,-0.001095074345358,6.45535,6.45535
6.45545,5.3347295761E-05,-0.001044691191055,6.45545,6.45545
6.45555,5.3438168834E-05,-0.001162908738479,6.45555,6.45555
6.45565,5.3475978348E-05,-0.001098733511753,6.45565,6.45565
6.45575,5.3447849496E-05,-0.000727051810827,6.45575,6.45575
6.45585,5.3410818509E-05,-0.000570624601096,6.45585,6.45585
6.45595,5.3392199334E-05,-0.000476120912936,6.45595,6.45595
6.45605,3.9500650018E-05,-5.43295240402222,6.45605,6.45605
6.45615,4.42813587E-07,-9.99801635742188,6.45615,6.45615
6.45625,-1.1717399E-08,-9.99824714660645,6.45625,6.45625
6.45635,-5.8177317E-08,-9.9988374710083,6.45635,6.45635
6.45645,-1.15267895E-07,-9.99853897094727,6.45645,6.45645
6.45655,-8.7559279E-08,-9.99860191345215,6.45655,6.45655
6.45665,-1.15640532E-07,-9.99861431121826,6.45665,6.45665
6.45675,-1.14677299E-07,-9.99837779998779,6.45675,6.45675
6.45685,-7.1507827E-08,-9.99839496612549,6.45685,6.45685
6.45695,-9.813369E-08,-9.99846363067627,6.45695,6.45695
6.45705,6.51384028E-07,-4.57640409469604,6.45705,6.45705
6.45715,4.8145597248E-05,-0.001495184609666,6.45715,6.45715
6.45725,5.2007795603E-05,-0.001506513799541,6.45725,6.45725
6.45735,5.3025232774E-05,-0.001049546524882,6.45735,6.45735
6.45745,5.3340594604E-05,-0.000734229281079,6.45745,6.45745
6.45755,5.3456828027E-05,-0.000890445371624,6.45755,6.45755
6.45765,5.3497009503E-05,-0.000977138290182,6.45765,6.45765
6.45775,5.3456686146E-05,-0.000945332110859,6.45775,6.45775
6.45785,5.3475767345E-05,-0.000938787939958,6.45785,6.45785
6.45795,5.3464907978E-05,-0.000821836933028,6.45795,6.45795
6.45805,3.9640275645E-05,-5.41254425048828,6.45805,6.45805
6.45815,4.56931559E-07,-9.99769306182861,6.45815,6.45815
6.45825,4.8115215E-08,-9.99806022644043,6.45825,6.45825
6.45835,-2.1328583E-08,-9.99793815612793,6.45835,6.45835
6.45845,-4.6843571E-08,-9.99828720092773,6.45845,6.45845
6.45855,-8.1913498E-08,-9.99841594696045,6.45855,6.45855
6.45865,-5.9527242E-08,-9.99821662902832,6.45865,6.45865
6.45875,-4.487493E-08,-9.99857902526855,6.45875,6.45875
6.45885,-5.4071293E-08,-9.998610496521,6.45885,6.45885
6.45895,-6.4329321E-08,-9.99830532073975,6.45895,6.45895
6.45905,5.97499536E-07,-4.59632682800293,6.45905,6.45905
6.45915,4.8155790864E-05,-0.00152980547864,6.45915,6.45915
6.45925,5.2032355597E-05,-0.001308921491727,6.45925,6.45925
6.45935,5.3085128457E-05,-0.001114425482228,6.45935,6.45935
6.45945,5.3391588153E-05,-0.000930484558921,6.45945,6.45945
6.45955,5.3520401707E-05,-0.00082408869639,6.45955,6.45955
6.45965,5.3549854783E-05,-0.0009030411602,6.45965,6.45965
6.45975,5.3548530559E-05,-0.000365995598258,6.45975,6.45975
6.45985,5.3500622016E-05,-0.000384924496757,6.45985,6.45985
6.45995,5.3493353334E-05,-0.00050391611876,6.45995,6.45995
6.46005,3.9802147512E-05,-5.39251613616943,6.46005,6.46005
6.46015,4.69165258E-07,-9.99779987335205,6.46015,6.46015
6.46025,2.7247623E-08,-9.99786472320557,6.46025,6.46025
6.46035,-1.2104096E-08,-9.99812602996826,6.46035,6.46035
6.46045,-4.945905E-08,-9.99840641021729,6.46045,6.46045
6.46055,-5.3565074E-08,-9.99825668334961,6.46055,6.46055
6.46065,-8.8761553E-08,-9.99854946136475,6.46065,6.46065
6.46075,-5.1062088E-08,-9.99838066101074,6.46075,6.46075
6.46085,-5.6539125E-08,-9.99844074249268,6.46085,6.46085
6.46095,-7.0087594E-08,-9.99866008758545,6.46095,6.46095
6.46105,5.34615538E-07,-4.61675214767456,6.46105,6.46105
6.46115,4.8159483413E-05,-0.001816975651309,6.46115,6.46115
6.46125,5.2044117183E-05,-0.001605661702342,6.46125,6.46125
6.46135,5.3108920838E-05,-0.001204496016726,6.46135,6.46135
6.46145,5.3409614338E-05,-0.001049757585861,6.46145,6.46145
6.46155,5.355355097E-05,-0.00091458146926,6.46155,6.46155
6.46165,5.3541043599E-05,-0.000633040675893,6.46165,6.46165
6.46175,5.3518011555E-05,-0.000673853850458,6.46175,6.46175
6.46185,5.3544292314E-05,-0.00064472167287,6.46185,6.46185
6.46195,5.3503183153E-05,-0.000710515421815,6.46195,6.46195
6.46205,3.9872735215E-05,-5.37259721755982,6.46205,6.46205
6.46215,4.76702326E-07,-9.99748516082764,6.46215,6.46215
6.46225,6.3287807E-08,-9.99804210662842,6.46225,6.46225
6.46235,-4.3053937E-08,-9.99848175048828,6.46235,6.46235
6.46245,-5.0035581E-08,-9.99825382232666,6.46245,6.46245
6.46255,-5.1040995E-08,-9.99874019622803,6.46255,6.46255
6.46265,-8.2054115E-08,-9.99881553649902,6.46265,6.46265
6.46275,-9.2565251E-08,-9.99860668182373,6.46275,6.46275
6.46285,-1.07976895E-07,-9.99868679046631,6.46285,6.46285
6.46295,-8.3326697E-08,-9.99865627288818,6.46295,6.46295
6.46305,4.30017423E-07,-4.63646030426025,6.46305,6.46305
6.46315,4.8155594413E-05,-0.001436005462892,6.46315,6.46315
6.46325,5.2092898841E-05,-0.001347905141301,6.46325,6.46325
6.46335,5.3117597417E-05,-0.001129695214331,6.46335,6.46335
6.46345,5.343813973E-05,-0.00104919471778,6.46345,6.46345
6.46355,5.356078691E-05,-0.000792775128502,6.46355,6.46355
6.46365,5.3574996855E-05,-0.000908248359337,6.46365,6.46365
6.46375,5.3559837397E-05,-0.000894174852874,6.46375,6.46375
6.46385,5.3519888752E-05,-0.000615519122221,6.46385,6.46385
6.46395,5.3510895668E-05,-0.000611297087744,6.46395,6.46395
6.46405,3.9999271394E-05,-5.35255432128906,6.46405,6.46405
6.46415,4.48768731E-07,-9.99735260009766,6.46415,6.46415
6.46425,8.348674E-09,-9.99771499633789,6.46425,6.46425
6.46435,-4.1549335E-08,-9.99796867370605,6.46435,6.46435
6.46445,-9.275508E-08,-9.99872779846191,6.46445,6.46445
6.46455,-8.5731251E-08,-9.9985237121582,6.46455,6.46455
6.46465,-5.9892848E-08,-9.99859428405762,6.46465,6.46465
6.46475,-5.6250862E-08,-9.99847412109375,6.46475,6.46475
6.46485,-4.7293547E-08,-9.99851989746094,6.46485,6.46485
6.46495,-5.2883081E-08,-9.99841594696045,6.46495,6.46495
6.46505,3.53233418E-07,-4.65672063827515,6.46505,6.46505
6.46515,4.8184716434E-05,-0.002047007437795,6.46515,6.46515
6.46525,5.2095198043E-05,-0.00186764029786,6.46525,6.46525
6.46535,5.3129751905E-05,-0.001245590625331,6.46535,6.46535
6.46545,5.3452404245E-05,-0.001117732725106,6.46545,6.46545
6.46555,5.3539813962E-05,-0.0012658565538,6.46555,6.46555
6.46565,5.3571951867E-05,-0.00117691187188,6.46565,6.46565
6.46575,5.3594125347E-05,-0.000665972707793,6.46575,6.46575
6.46585,5.3575269703E-05,-0.000388372485759,6.46585,6.46585
6.46595,5.3542666137E-05,-0.000899241305888,6.46595,6.46595
6.46605,4.0116567106E-05,-5.3326735496521,6.46605,6.46605
6.46615,4.60791483E-07,-9.99755668640137,6.46615,6.46615
6.46625,2.6340642E-08,-9.99790382385254,6.46625,6.46625
6.46635,-5.1012872E-08,-9.99827480316162,6.46635,6.46635
6.46645,-6.8062704E-08,-9.99847030639648,6.46645,6.46645
6.46655,-5.7762495E-08,-9.99856472015381,6.46655,6.46655
6.46665,-7.9888608E-08,-9.99819850921631,6.46665,6.46665
6.46675,-7.1332053E-08,-9.99842262268066,6.46675,6.46675
6.46685,-7.418658E-08,-9.99906253814697,6.46685,6.46685
6.46695,-6.1263862E-08,-9.99883365631104,6.46695,6.46695
6.46705,2.83438084E-07,-4.67688179016113,6.46705,6.46705
6.46715,4.817575973E-05,-0.001837945193984,6.46715,6.46715
6.46725,5.212490214E-05,-0.001502925064415,6.46725,6.46725
6.46735,5.3148440202E-05,-0.001046309596859,6.46735,6.46735
6.46745,5.3475607274E-05,-0.000823173962999,6.46745,6.46745
6.46755,5.3582425608E-05,-0.000752595253289,6.46755,6.46755
6.46765,5.3606232541E-05,-0.000754143344238,6.46765,6.46765
6.46775,5.3609262977E-05,-0.000851532095112,6.46775,6.46775
6.46785,5.3581261454E-05,-0.000950398563873,6.46785,6.46785
6.46795,5.356589827E-05,-0.000878764374647,6.46795,6.46795
6.46805,4.023071233E-05,-5.31298685073853,6.46805,6.46805
6.46815,4.58745518E-07,-9.99773025512695,6.46815,6.46815
6.46825,-2.07882E-10,-9.9979772567749,6.46825,6.46825
6.46835,-4.6070177E-08,-9.99833679199219,6.46835,6.46835
6.46845,-7.8278546E-08,-9.99873828887939,6.46845,6.46845
6.46855,-1.03097477E-07,-9.99863147735596,6.46855,6.46855
6.46865,-1.14367943E-07,-9.99851894378662,6.46865,6.46865
6.46875,-1.14107799E-07,-9.99893474578857,6.46875,6.46875
6.46885,-9.6692361E-08,-9.9989595413208,6.46885,6.46885
6.46895,-9.0786443E-08,-9.99893283843994,6.46895,6.46895
6.46905,1.63358024E-07,-4.6965274810791,6.46905,6.46905
6.46915,4.8166079068E-05,-0.001692354562692,6.46915,6.46915
6.46925,5.2098312153E-05,-0.00123376888223,6.46925,6.46925
6.46935,5.313708607E-05,-0.000924995867535,6.46935,6.46935
6.46945,5.3527390264E-05,-0.00096025003586,6.46945,6.46945
6.46955,5.3625110013E-05,-0.000666535634082,6.46955,6.46955
6.46965,5.3624669818E-05,-0.000545221904758,6.46965,6.46965
6.46975,5.3644354921E-05,-0.00062762235757,6.46975,6.46975
6.46985,5.3655036027E-05,-0.000718678056728,6.46985,6.46985
6.46995,5.3606850997E-05,-0.000539944332559,6.46995,6.46995
6.47005,4.0358801925E-05,-5.29244947433472,6.47005,6.47005
6.47015,4.66345881E-07,-9.99752712249756,6.47015,6.47015
6.47025,1.7256772E-08,-9.99787044525146,6.47025,6.47025
6.47035,-6.6326081E-08,-9.99804401397705,6.47035,6.47035
6.47045,-1.23690867E-07,-9.99796485900879,6.47045,6.47045
6.47055,-1.2129334E-07,-9.99800491333008,6.47055,6.47055
6.47065,-9.6108799E-08,-9.99809265136719,6.47065,6.47065
6.47075,-7.8116834E-08,-9.99803733825684,6.47075,6.47075
6.47085,-7.4334231E-08,-9.99811553955078,6.47085,6.47085
6.47095,-1.03582607E-07,-9.99828147888184,6.47095,6.47095
6.47105,6.2198026E-08,-4.7161865234375,6.47105,6.47105
6.47115,4.8151079682E-05,-0.001150242518634,6.47115,6.47115
6.47125,5.2144925576E-05,-0.001059257308953,6.47125,6.47125
6.47135,5.3191568441E-05,-0.000951172609348,6.47135,6.47135
6.47145,5.3524690884E-05,-0.000656613789033,6.47145,6.47145
6.47155,5.3638090321E-05,-0.000497371947858,6.47155,6.47155
6.47165,5.3662741266E-05,-0.000437559443526,6.47165,6.47165
6.47175,5.3637857491E-05,-0.000336159719154,6.47175,6.47175
6.47185,5.3623669373E-05,-0.000629240821581,6.47185,6.47185
6.47195,5.3624273278E-05,-0.000720155774616,6.47195,6.47195
6.47205,4.0475202695E-05,-5.27291393280029,6.47205,6.47205
6.47215,4.66704449E-07,-9.99800682067871,6.47215,6.47215
6.47225,1.5351409E-08,-9.99802589416504,6.47225,6.47225
6.47235,-1.5317198E-08,-9.99829483032227,6.47235,6.47235
6.47245,-6.5622999E-08,-9.99846076965332,6.47245,6.47245
6.47255,-7.728719E-08,-9.99871921539307,6.47255,6.47255
6.47265,-7.446782E-08,-9.99837493896484,6.47265,6.47265
6.47275,-1.06535566E-07,-9.99839401245117,6.47275,6.47275
6.47285,-7.3293663E-08,-9.99830341339111,6.47285,6.47285
6.47295,-6.8343937E-08,-9.99829864501953,6.47295,6.47295
6.47305,1.8782469E-08,-4.73639488220215,6.47305,6.47305
6.47315,4.8185447667E-05,-0.001415809965692,6.47315,6.47315
6.47325,5.2143546782E-05,-0.001188452239148,6.47325,6.47325
6.47335,5.3234736697E-05,-0.001171915791929,6.47335,6.47335
6.47345,5.3567022405E-05,-0.001054613036104,6.47345,6.47345
6.47355,5.368391794E-05,-0.000760335649829,6.47355,6.47355
6.47365,5.3713702073E-05,-0.000743588199839,6.47365,6.47365
6.47375,5.3685758758E-05,-0.000560632382985,6.47375,6.47375
6.47385,5.3669362387E-05,-0.000663298764266,6.47385,6.47385
6.47395,5.3639399994E-05,-0.000536988896783,6.47395,6.47395
6.47405,4.0579991037E-05,-5.25243473052979,6.47405,6.47405
6.47415,4.64461607E-07,-9.99752235412598,6.47415,6.47415
6.47425,1.9373061E-08,-9.99782752990723,6.47425,6.47425
6.47435,-5.7607817E-08,-9.99845409393311,6.47435,6.47435
6.47445,-6.9103272E-08,-9.99849414825439,6.47445,6.47445
6.47455,-9.2846484E-08,-9.99834537506104,6.47455,6.47455
6.47465,-1.27213326E-07,-9.99863433837891,6.47465,6.47465
6.47475,-1.03723224E-07,-9.99850559234619,6.47475,6.47475
6.47485,-9.0463018E-08,-9.99850273132324,6.47485,6.47485
6.47495,-1.07562073E-07,-9.99870491027832,6.47495,6.47495
6.47505,-9.3317553E-08,-4.75645637512207,6.47505,6.47505
6.47515,4.8188190704E-05,-0.001912957057357,6.47515,6.47515
6.47525,5.2192153817E-05,-0.001542119774967,6.47525,6.47525
6.47535,5.3269857744E-05,-0.001141376211308,6.47535,6.47535
6.47545,5.3604617278E-05,-0.001306880847551,6.47545,6.47545
6.47555,5.3716765251E-05,-0.001213010516949,6.47555,6.47555
6.47565,5.372339001E-05,-0.000937239849009,6.47565,6.47565
6.47575,5.3718347772E-05,-0.001032939762808,6.47575,6.47575
6.47585,5.3735009715E-05,-0.001000992837362,6.47585,6.47585
6.47595,5.3718187701E-05,-0.000743728887755,6.47595,6.47595
6.47605,4.0700339014E-05,-5.23277521133423,6.47605,6.47605
6.47615,4.78663935E-07,-9.99748229980469,6.47615,6.47615
6.47625,3.2851219E-08,-9.99790954589844,6.47625,6.47625
6.47635,-4.66678E-08,-9.99859046936035,6.47635,6.47635
6.47645,-6.0659211E-08,-9.99874210357666,6.47645,6.47645
6.47655,-7.9902669E-08,-9.99857330322266,6.47655,6.47655
6.47665,-7.4931854E-08,-9.99886226654053,6.47665,6.47665
6.47675,-7.585993E-08,-9.99855995178223,6.47675,6.47675
6.47685,-9.6453313E-08,-9.99867534637451,6.47685,6.47685
6.47695,-8.1069793E-08,-9.9986047744751,6.47695,6.47695
6.47705,-1.63471469E-07,-4.77674293518066,6.47705,6.47705
6.47715,4.8215475545E-05,-0.001762722269632,6.47715,6.47715
6.47725,5.222206164E-05,-0.001686443691142,6.47725,6.47725
6.47735,5.3276260587E-05,-0.001150524010882,6.47735,6.47735
6.47745,5.3585357819E-05,-0.00103491009213,6.47745,6.47745
6.47755,5.3699095588E-05,-0.001030969433486,6.47755,6.47755
6.47765,5.3749099607E-05,-0.000849984004162,6.47765,6.47765
6.47775,5.3746760386E-05,-0.000927106884774,6.47775,6.47775
6.47785,5.3731389926E-05,-0.000581742671784,6.47785,6.47785
6.47795,5.3678384575E-05,-0.000545925577171,6.47795,6.47795
6.47805,4.0832092054E-05,-5.21250820159912,6.47805,6.47805
6.47815,4.76547655E-07,-9.9972972869873,6.47815,6.47815
6.47825,1.3136688E-08,-9.99746990203857,6.47825,6.47825
6.47835,-5.6194615E-08,-9.99788475036621,6.47835,6.47835
6.47845,-8.1561957E-08,-9.99823093414307,6.47845,6.47845
6.47855,-8.9281841E-08,-9.99853134155273,6.47855,6.47855
6.47865,-9.0463018E-08,-9.99844360351563,6.47865,6.47865
6.47875,-1.05846539E-07,-9.99842166900635,6.47875,6.47875
6.47885,-1.0135382E-07,-9.9985237121582,6.47885,6.47885
6.47895,-1.15584285E-07,-9.99870491027832,6.47895,6.47895
6.47905,-2.5627881E-07,-4.7967324256897,6.47905,6.47905
6.47915,4.819122114E-05,-0.001846107887104,6.47915,6.47915
6.47925,5.2215986216E-05,-0.001422705943696,6.47925,6.47925
6.47935,5.3305164329E-05,-0.000972001405898,6.47935,6.47935
6.47945,5.366482219E-05,-0.001074456609786,6.47945,6.47945
6.47955,5.3747084166E-05,-0.000904800370336,6.47955,6.47955
6.47965,5.3741958254E-05,-0.000982486177236,6.47965,6.47965
6.47975,5.3745003243E-05,-0.000868490664288,6.47975,6.47975
6.47985,5.3709642089E-05,-0.00062234478537,6.47985,6.47985
6.47995,5.3714222304E-05,-0.000362406863132,6.47995,6.47995
6.48005,4.0913964767E-05,-5.19241428375244,6.48005,6.48005
6.48015,4.78467086E-07,-9.99737167358398,6.48015,6.48015
6.48025,1.8395772E-08,-9.99770355224609,6.48025,6.48025
6.48035,-5.9534273E-08,-9.99805068969727,6.48035,6.48035
6.48045,-8.7777231E-08,-9.99824810028076,6.48045,6.48045
6.48055,-8.6863224E-08,-9.99847316741943,6.48055,6.48055
6.48065,-1.00053114E-07,-9.99851417541504,6.48065,6.48065
6.48075,-9.0364587E-08,-9.9983377456665,6.48075,6.48075
6.48085,-8.5302368E-08,-9.99820804595947,6.48085,6.48085
6.48095,-1.1254695E-07,-9.99812316894531,6.48095,6.48095
6.48105,-3.35207233E-07,-4.81619119644165,6.48105,6.48105
6.48115,4.8178964789E-05,-0.001481533283368,6.48115,6.48115
6.48125,5.2246297855E-05,-0.001284222467802,6.48125,6.48125
6.48135,5.3347252106E-05,-0.000985582359135,6.48135,6.48135
6.48145,5.3669791669E-05,-0.000379435805371,6.48145,6.48145
6.48155,5.3775711422E-05,-0.000699467665982,6.48155,6.48155
6.48165,5.3771858802E-05,-0.0004818206653,6.48165,6.48165
6.48175,5.3769581427E-05,-0.000278950872598,6.48175,6.48175
6.48185,5.3754429246E-05,-0.000509404751938,6.48185,6.48185
6.48195,5.3728330386E-05,-0.000499834772199,6.48195,6.48195
6.48205,4.1027778934E-05,-5.17269945144653,6.48205,6.48205
6.48215,4.38566957E-07,-9.99768161773682,6.48215,6.48215
6.48225,-8.708191E-09,-9.99791622161865,6.48225,6.48225
6.48235,-7.488967E-08,-9.99836730957031,6.48235,6.48235
6.48245,-1.16118628E-07,-9.99864768981934,6.48245,6.48245
6.48255,-1.16758436E-07,-9.99858093261719,6.48255,6.48255
6.48265,-1.13418778E-07,-9.99847793579102,6.48265,6.48265
6.48275,-1.15042909E-07,-9.99844932556152,6.48275,6.48275
6.48285,-1.04067738E-07,-9.99853229522705,6.48285,6.48285
6.48295,-1.22453429E-07,-9.99855899810791,6.48295,6.48295
6.48305,-4.1682847E-07,-4.83678293228149,6.48305,6.48305
6.48315,4.819195965E-05,-0.001570900087245,6.48315,6.48315
6.48325,5.2241142839E-05,-0.001233135582879,6.48325,6.48325
6.48335,5.3287116316E-05,-0.000912540825084,6.48335,6.48335
6.48345,5.3638970712E-05,-0.000611578521784,6.48345,6.48345
6.48355,5.3738771385E-05,-0.000573861529119,6.48355,6.48355
6.48365,5.3770138038E-05,-0.000735495879781,6.48365,6.48365
6.48375,5.380039147E-05,-0.000463384378236,6.48375,6.48375
6.48385,5.3793530242E-05,-0.000563798937947,6.48385,6.48385
6.48395,5.3767009376E-05,-0.00083126622485,6.48395,6.48395
6.48405,4.1177616367E-05,-5.15294218063355,6.48405,6.48405
6.48415,5.10668428E-07,-9.99773406982422,6.48415,6.48415
6.48425,3.3575397E-08,-9.99811458587646,6.48425,6.48425
6.48435,-3.9524448E-08,-9.99807739257813,6.48435,6.48435
6.48445,-5.7607817E-08,-9.99840259552002,6.48445,6.48445
6.48455,-6.2170841E-08,-9.9987096786499,6.48455,6.48455
6.48465,-1.02661559E-07,-9.99851417541504,6.48465,6.48465
6.48475,-1.03491203E-07,-9.99863719940186,6.48475,6.48475
6.48485,-1.25919641E-07,-9.99845123291016,6.48485,6.48485
6.48495,-1.22523744E-07,-9.99860858917236,6.48495,6.48495
6.48505,-4.84929387E-07,-4.85634183883667,6.48505,6.48505
6.48515,4.8206624342E-05,-0.001301462529227,6.48515,6.48515
6.48525,5.2282892284E-05,-0.001359445508569,6.48525,6.48525
6.48535,5.3365201893E-05,-0.000979249249212,6.48535,6.48535
6.48545,5.3723106248E-05,-0.000934073294047,6.48545,6.48545
6.48555,5.3834126447E-05,-0.000900719023775,6.48555,6.48555
6.48565,5.3866177041E-05,-0.001045676297508,6.48565,6.48565
6.48575,5.3837731684E-05,-0.00084428419359,6.48575,6.48575
6.48585,5.3834271966E-05,-0.000790804857388,6.48585,6.48585
6.48595,5.3814474086E-05,-0.000644018000457,6.48595,6.48595
6.48605,4.1309318476E-05,-5.13260507583618,6.48605,6.48605
6.48615,4.91382764E-07,-9.99741840362549,6.48615,6.48615
6.48625,4.5042729E-08,-9.99771404266357,6.48625,6.48625
6.48635,-5.2236242E-08,-9.99805164337158,6.48635,6.48635
6.48645,-6.2149752E-08,-9.99801635742188,6.48645,6.48645
6.48655,-7.3314759E-08,-9.99863147735596,6.48655,6.48655
6.48665,-5.7326581E-08,-9.99855136871338,6.48665,6.48665
6.48675,-5.9372564E-08,-9.99869441986084,6.48675,6.48675
6.48685,-9.9666416E-08,-9.99879264831543,6.48685,6.48685
6.48695,-7.2133574E-08,-9.99881076812744,6.48695,6.48695
6.48705,-5.14536339E-07,-4.87675952911377,6.48705,6.48705
6.48715,4.8223533668E-05,-0.001894942950457,6.48715,6.48715
6.48725,5.2312505431E-05,-0.001561893033795,6.48725,6.48725
6.48735,5.3387608205E-05,-0.001265012193471,6.48735,6.48735
6.48745,5.3738211136E-05,-0.000961235200521,6.48745,6.48745
6.48755,5.3817861044E-05,-0.0008328143158,6.48755,6.48755
6.48765,5.385325494E-05,-0.000612915551756,6.48765,6.48765
6.48775,5.3864223446E-05,-0.000664283870719,6.48775,6.48775
6.48785,5.3859908803E-05,-0.000718466937542,6.48785,6.48785
6.48795,5.3854564612E-05,-0.000894597033039,6.48795,6.48795
6.48805,4.1414583393E-05,-5.11299133300781,6.48805,6.48805
6.48815,4.96782491E-07,-9.99759960174561,6.48815,6.48815
6.48825,5.3367266E-08,-9.99791526794434,6.48825,6.48825
6.48835,-1.3292311E-08,-9.99834823608398,6.48835,6.48835
6.48845,-4.8678626E-08,-9.99818992614746,6.48845,6.48845
6.48855,-5.7994512E-08,-9.99826335906982,6.48855,6.48855
6.48865,-8.2440813E-08,-9.99822521209717,6.48865,6.48865
6.48875,-7.2499176E-08,-9.99827575683594,6.48875,6.48875
6.48885,-1.07681593E-07,-9.99851894378662,6.48885,6.48885
6.48895,-7.7462964E-08,-9.99839782714844,6.48895,6.48895
6.48905,-6.37006849E-07,-4.89630556106567,6.48905,6.48905
6.48915,4.8247060477E-05,-0.001304629142396,6.48915,6.48915
6.48925,5.2357525419E-05,-0.00118964840658,6.48925,6.48925
6.48935,5.3444488003E-05,-0.000689756940119,6.48935,6.48935
6.48945,5.3740339354E-05,-0.000609467504546,6.48945,6.48945
6.48955,5.3854852013E-05,-0.000441781507106,6.48955,6.48955
6.48965,5.3892446886E-05,-0.00033960773726,6.48965,6.48965
6.48975,5.3887171816E-05,-0.000550077238586,6.48975,6.48975
6.48985,5.3872696299E-05,-0.000564924848732,6.48985,6.48985
6.48995,5.3857580497E-05,-0.00057259487221,6.48995,6.48995
6.49005,4.1508803406E-05,-5.09272241592407,6.49005,6.49005
6.49015,4.70065203E-07,-9.99759006500244,6.49015,6.49015
6.49025,1.5288132E-08,-9.99776744842529,6.49025,6.49025
6.49035,-6.8639238E-08,-9.99805927276611,6.49035,6.49035
6.49045,-9.4351087E-08,-9.99803161621094,6.49045,6.49045
6.49055,-9.7838395E-08,-9.99802207946777,6.49055,6.49055
6.49065,-1.2217923E-07,-9.99818420410156,6.49065,6.49065
6.49075,-1.07294902E-07,-9.99814796447754,6.49075,6.49075
6.49085,-9.4048758E-08,-9.99834537506104,6.49085,6.49085
6.49095,-7.9058971E-08,-9.99849319458008,6.49095,6.49095
6.49105,-7.1190658E-07,-4.91619491577148,6.49105,6.49105
6.49115,4.8221249017E-05,-0.001230461639352,6.49115,6.49115
6.49125,5.2356394008E-05,-0.001029702834785,6.49125,6.49125
6.49135,5.3449501138E-05,-0.000936887983698,6.49135,6.49135
6.49145,5.3760362789E-05,-0.000871094292961,6.49145,6.49145
6.49155,5.3897303587E-05,-0.000811141100712,6.49155,6.49155
6.49165,5.3897761973E-05,-0.000766387267504,6.49165,6.49165
6.49175,5.3888066759E-05,-0.000762305979151,6.49175,6.49175
6.49185,5.3900814237E-05,-0.000726559199393,6.49185,6.49185
6.49195,5.3869658586E-05,-0.000737184716854,6.49195,6.49195
6.49205,4.1622774006E-05,-5.07283306121826,6.49205,6.49205
6.49215,4.77222613E-07,-9.99772357940674,6.49215,6.49215
6.49225,1.767789E-09,-9.99796867370605,6.49225,6.49225
6.49235,-5.3122129E-08,-9.99841594696045,6.49235,6.49235
6.49245,-5.4408776E-08,-9.9986400604248,6.49245,6.49245
6.49255,-1.03505265E-07,-9.99878025054932,6.49255,6.49255
6.49265,-1.03920087E-07,-9.99832820892334,6.49265,6.49265
6.49275,-1.24914237E-07,-9.99803352355957,6.49275,6.49275
6.49285,-1.14677299E-07,-9.99805355072021,6.49285,6.49285
6.49295,-1.0386384E-07,-9.99822616577148,6.49295,6.49295
6.49305,-7.96530003E-07,-4.93658781051636,6.49305,6.49305
6.49315,4.8245801736E-05,-0.001765044406056,6.49315,6.49315
6.49325,5.2376071835E-05,-0.00151179137174,6.49325,6.49325
6.49335,5.3473766457E-05,-0.000913314812351,6.49335,6.49335
6.49345,5.3804898926E-05,-0.000940969330259,6.49345,6.49345
6.49355,5.3906733228E-05,-0.000814729835838,6.49355,6.49355
6.49365,5.3923402447E-05,-0.00054156279657,6.49365,6.49365
6.49375,5.3958690842E-05,-0.000486535311211,6.49375,6.49375
6.49385,5.3947653214E-05,-0.000493079482112,6.49385,6.49385
6.49395,5.3912117437E-05,-0.000124493977637,6.49395,6.49395
6.49405,4.1777184379E-05,-5.05246877670288,6.49405,6.49405
6.49415,5.02653222E-07,-9.99745750427246,6.49415,6.49415
6.49425,-1.0437782E-08,-9.99793910980225,6.49425,6.49425
6.49435,-9.3050382E-08,-9.99817943572998,6.49435,6.49435
6.49445,-1.18938004E-07,-9.99836921691895,6.49445,6.49445
6.49455,-9.1102827E-08,-9.99822425842285,6.49455,6.49455
6.49465,-1.12202436E-07,-9.99865245819092,6.49465,6.49465
6.49475,-1.1046582E-07,-9.99867534637451,6.49475,6.49475
6.49485,-8.3973539E-08,-9.99885940551758,6.49485,6.49485
6.49495,-7.8348855E-08,-9.99862575531006,6.49495,6.49495
6.49505,-8.98027508E-07,-4.95637226104736,6.49505,6.49505
6.49515,4.8265093938E-05,-0.001446982729249,6.49515,6.49515
6.49525,5.2417028201E-05,-0.001170789939351,6.49525,6.49525
6.49535,5.347172555E-05,-0.000837951141875,6.49535,6.49535
6.49545,5.3812625993E-05,-0.000823596143164,6.49545,6.49545
6.49555,5.391436207E-05,-0.000618122750893,6.49555,6.49555
6.49565,5.3947554989E-05,-0.000806004216429,6.49565,6.49565
6.49575,5.3941843362E-05,-0.000676175986882,6.49575,6.49575
6.49585,5.3934498283E-05,-0.000907263252884,6.49585,6.49585
6.49595,5.3910647694E-05,-0.000901633815374,6.49595,6.49595
6.49605,4.185385842E-05,-5.03280258178711,6.49605,6.49605
6.49615,4.89892216E-07,-9.9975700378418,6.49615,6.49615
6.49625,8.32055E-09,-9.99770069122314,6.49625,6.49625
6.49635,-3.4455198E-08,-9.99821853637695,6.49635,6.49635
6.49645,-6.6572163E-08,-9.99834823608398,6.49645,6.49645
6.49655,-8.0465142E-08,-9.99843311309814,6.49655,6.49655
6.49665,-7.2625731E-08,-9.99876022338867,6.49665,6.49665
6.49675,-5.4015047E-08,-9.99861621856689,6.49675,6.49675
6.49685,-7.3546772E-08,-9.99878978729248,6.49685,6.49685
6.49695,-1.10824388E-07,-9.99876022338867,6.49695,6.49695
6.49705,-9.48769241E-07,-4.97672939300537,6.49705,6.49705
6.49715,4.8258127208E-05,-0.001675114501268,6.49715,6.49715
6.49725,5.2410818171E-05,-0.001239327946678,6.49725,6.49725
6.49735,5.3527655837E-05,-0.000840414024424,6.49735,6.49735
6.49745,5.3865776863E-05,-0.000617770885583,6.49745,6.49745
6.49755,5.3963041864E-05,-0.000622907711659,6.49755,6.49755
6.49765,5.4017706134E-05,-0.000266143964836,6.49765,6.49765
6.49775,5.401055023E-05,-0.000566191447433,6.49775,6.49775
6.49785,5.398101348E-05,-0.000576183665544,6.49785,6.49785
6.49795,5.3967949498E-05,-0.000974956841674,6.49795,6.49795
6.49805,4.2013260099E-05,-5.0129017829895,6.49805,6.49805
6.49815,5.36872449E-07,-9.99734878540039,6.49815,6.49815
6.49825,3.7407215E-08,-9.99739074707031,6.49825,6.49825
6.49835,-4.7511502E-08,-9.99795913696289,6.49835,6.49835
6.49845,-4.6646708E-08,-9.99826145172119,6.49845,6.49845
6.49855,-6.4976156E-08,-9.99822235107422,6.49855,6.49855
6.49865,-6.7155725E-08,-9.99807643890381,6.49865,6.49865
6.49875,-6.6874492E-08,-9.99817371368408,6.49875,6.49875
6.49885,-6.3766848E-08,-9.99806690216064,6.49885,6.49885
6.49895,-9.1974655E-08,-9.99838924407959,6.49895,6.49895
6.49905,-1.044445185E-06,-4.99615287780762,6.49905,6.49905
6.49915,4.8283382057E-05,-0.001312580658123,6.49915,6.49915
6.49925,5.2486640925E-05,-0.000970594061073,6.49925,6.49925
6.49935,5.3564119298E-05,-0.000491742510349,6.49935,6.49935
6.49945,5.391358718E-05,-0.000680961005855,6.49945,6.49945
6.49955,5.4021609685E-05,-0.000452055188362,6.49955,6.49955
6.49965,5.4058586102E-05,-0.000497512635775,6.49965,6.49965
6.49975,5.4043990531E-05,-0.000383094913559,6.49975,6.49975
6.49985,5.4039410315E-05,-0.000402305275202,6.49985,6.49985
6.49995,5.4025935242E-05,-0.000471758103231,6.49995,6.49995
6.50005,4.2141153244E-05,-4.99249076843262,6.50005,6.50005
6.50015,5.3380694E-07,-9.99743938446045,6.50015,6.50015
6.50025,7.3883314E-08,-9.99758529663086,6.50025,6.50025
6.50035,-2.2460551E-08,-9.99800395965576,6.50035,6.50035
6.50045,-4.0164256E-08,-9.99798583984375,6.50045,6.50045
6.50055,-6.4948033E-08,-9.99845504760742,6.50055,6.50055
6.50065,-6.1390416E-08,-9.99868392944336,6.50065,6.50065
6.50075,-4.9051263E-08,-9.99873447418213,6.50075,6.50075
6.50085,-6.2037259E-08,-9.99849891662598,6.50085,6.50085
6.50095,-9.6446286E-08,-9.99878120422363,6.50095,6.50095
6.50105,-1.107132334E-06,-5.01666069030762,6.50105,6.50105
6.50115,4.827495286E-05,-0.001640071510337,6.50115,6.50115
6.50125,5.2491865063E-05,-0.00133024295792,6.50125,6.50125
6.50135,5.3586180002E-05,-0.000947654247284,6.50135,6.50135
6.50145,5.3937907069E-05,-0.000556410348509,6.50145,6.50145
6.50155,5.4039981478E-05,-0.000612282194197,6.50155,6.50155
6.50165,5.4045682191E-05,-0.000587653543334,6.50165,6.50165
6.50175,5.4045740399E-05,-0.000815574254375,6.50175,6.50175
6.50185,5.4028139857E-05,-0.000438122398918,6.50185,6.50185
6.50195,5.4007035942E-05,-0.000568935764022,6.50195,6.50195
6.50205,4.227575846E-05,-4.97295999526978,6.50205,6.50205
6.50215,5.13860414E-07,-9.9975414276123,6.50215,6.50215
6.50225,3.05371E-10,-9.99771690368652,6.50225,6.50225
6.50235,-7.0952389E-08,-9.99784851074219,6.50235,6.50235
6.50245,-9.198169E-08,-9.99814224243164,6.50245,6.50245
6.50255,-7.3371005E-08,-9.99842739105225,6.50255,6.50255
6.50265,-9.9314875E-08,-9.9984302520752,6.50265,6.50265
6.50275,-7.1725779E-08,-9.99859237670898,6.50275,6.50275
6.50285,-6.9103272E-08,-9.99858474731445,6.50285,6.50285
6.50295,-7.4938882E-08,-9.99860572814941,6.50295,6.50295
6.50305,-1.190293347E-06,-5.03649616241455,6.50305,6.50305
6.50315,4.8309593694E-05,-0.001200485043228,6.50315,6.50315
6.50325,5.2482795581E-05,-0.001219202880748,6.50325,6.50325
6.50335,5.3588530136E-05,-0.000971368106548,6.50335,6.50335
6.50345,5.391738523E-05,-0.001113581005484,6.50345,6.50345
6.50355,5.4061678384E-05,-0.001159742241725,6.50355,6.50355
6.50365,5.4080726841E-05,-0.000683072023094,6.50365,6.50365
6.50375,5.4088923207E-05,-0.000559647276532,6.50375,6.50375
6.50385,5.4058731621E-05,-0.000891923089512,6.50385,6.50385
6.50395,5.4019354138E-05,-0.00089621549705,6.50395,6.50395
6.50405,4.2321993533E-05,-4.95304441452026,6.50405,6.50405
6.50415,5.08545099E-07,-9.99790287017822,6.50415,6.50415
6.50425,7.526063E-09,-9.99819374084473,6.50425,6.50425
6.50435,-4.7096684E-08,-9.99854755401611,6.50435,6.50435
6.50445,-7.3124923E-08,-9.99829864501953,6.50445,6.50445
6.50455,-8.6863224E-08,-9.99889087677002,6.50455,6.50455
6.50465,-6.5109745E-08,-9.99878692626953,6.50465,6.50465
6.50475,-7.7926998E-08,-9.9985294342041,6.50475,6.50475
6.50485,-7.8060587E-08,-9.99844360351563,6.50485,6.50485
6.50495,-5.3333054E-08,-9.9985876083374,6.50495,6.50495
6.50505,-1.264419666E-06,-5.05628681182861,6.50505,6.50505
6.50515,4.8298716138E-05,-0.001739993458614,6.50515,6.50515
6.50525,5.2512350521E-05,-0.001346920034848,6.50525,6.50525
6.50535,5.3642041166E-05,-0.001029773266055,6.50535,6.50535
6.50545,5.3945888794E-05,-0.000797700835392,6.50545,6.50545
6.50555,5.4075790104E-05,-0.00057632435346,6.50555,6.50555
6.50565,5.4104799347E-05,-0.000858005892951,6.50565,6.50565
6.50575,5.4118198022E-05,-0.000577098398935,6.50575,6.50575
6.50585,5.4102041759E-05,-0.000691093911882,6.50585,6.50585
6.50595,5.4081505368E-05,-0.000873908982612,6.50595,6.50595
6.50605,4.247895049E-05,-4.93278217315674,6.50605,6.50605
6.50615,5.05029675E-07,-9.99720573425293,6.50615,6.50615
6.50625,-3.561602E-09,-9.99757385253906,6.50625,6.50625
6.50635,-4.7743523E-08,-9.99797248840332,6.50635,6.50635
6.50645,-5.2890112E-08,-9.99837875366211,6.50645,6.50645
6.50655,-7.1824218E-08,-9.99840259552002,6.50655,6.50655
6.50665,-5.4725163E-08,-9.99858856201172,6.50665,6.50665
6.50675,-7.6752848E-08,-9.99873065948486,6.50675,6.50675
6.50685,-9.560258E-08,-9.99872779846191,6.50685,6.50685
6.50695,-1.17566984E-07,-9.99885177612305,6.50695,6.50695
6.50705,-1.370578616E-06,-5.07659149169922,6.50705,6.50705
6.50715,4.8298406909E-05,-0.001848852145486,6.50715,6.50715
6.50725,5.2510789828E-05,-0.00165752263274,6.50725,6.50725
6.50735,5.3646715969E-05,-0.001204425585456,6.50735,6.50735
6.50745,5.400219743E-05,-0.001154183177277,6.50745,6.50745
6.50755,5.4117350373E-05,-0.000968694163021,6.50755,6.50755
6.50765,5.4117033869E-05,-0.000920914520975,6.50765,6.50765
6.50775,5.4113508668E-05,-0.000715300382581,6.50775,6.50775
6.50785,5.4137337429E-05,-0.000532063131686,6.50785,6.50785
6.50795,5.4124386224E-05,-0.000457614223706,6.50795,6.50795
6.50805,4.2632033001E-05,-4.91272068023682,6.50805,6.50805
6.50815,5.43073668E-07,-9.99765491485596,6.50815,6.50815
6.50825,4.0704688E-08,-9.99792003631592,6.50825,6.50825
6.50835,-3.7190201E-08,-9.99816513061523,6.50835,6.50835
6.50845,-6.0631088E-08,-9.99868297576904,6.50845,6.50845
6.50855,-7.1992957E-08,-9.99880790710449,6.50855,6.50855
6.50865,-6.5243327E-08,-9.99894905090332,6.50865,6.50865
6.50875,-5.802967E-08,-9.99881458282471,6.50875,6.50875
6.50885,-7.2794471E-08,-9.99901485443115,6.50885,6.50885
6.50895,-6.3000485E-08,-9.99903583526611,6.50895,6.50895
6.50905,-1.440816845E-06,-5.09659385681152,6.50905,6.50905
6.50915,4.8291523854E-05,-0.001964888302609,6.50915,6.50915
6.50925,5.2566996601E-05,-0.001695028622635,6.50925,6.50925
6.50935,5.3683925216E-05,-0.001438116421923,6.50935,6.50935
6.50945,5.3993240726E-05,-0.001126599032432,6.50945,6.50945
6.50955,5.4149120842E-05,-0.00091204821365,6.50955,6.50955
6.50965,5.4182975873E-05,-0.001013729372062,6.50965,6.50965
6.50975,5.41810914E-05,-0.000741336436477,6.50975,6.50975
6.50985,5.4124015151E-05,-0.000869546202011,6.50985,6.50985
6.50995,5.41154659E-05,-0.000977771589532,6.50995,6.50995
6.51005,4.2709176341E-05,-4.89297151565552,6.51005,6.51005
6.51015,5.25918324E-07,-9.99809646606445,6.51015,6.51015
6.51025,3.9699273E-08,-9.9981107711792,6.51025,6.51025
6.51035,-1.7834246E-08,-9.99850749969482,6.51035,6.51035
6.51045,-6.1383389E-08,-9.99856281280518,6.51045,6.51045
6.51055,-1.01023375E-07,-9.99835586547852,6.51055,6.51055
6.51065,-5.5048584E-08,-9.9989070892334,6.51065,6.51065
6.51075,-6.2198971E-08,-9.99890804290771,6.51075,6.51075
6.51085,-4.4811653E-08,-9.99886703491211,6.51085,6.51085
6.51095,-5.1561276E-08,-9.99857902526855,6.51095,6.51095
6.51105,-1.513797201E-06,-5.11655616760254,6.51105,6.51105
6.51115,4.8277066526E-05,-0.001586943981238,6.51115,6.51115
6.51125,5.2546543884E-05,-0.001562807825394,6.51125,6.51125
6.51135,5.3691004723E-05,-0.001199992490001,6.51135,6.51135
6.51145,5.4016560171E-05,-0.001087333890609,6.51145,6.51145
6.51155,5.4152820667E-05,-0.001069460529834,6.51155,6.51155
6.51165,5.4152038501E-05,-0.001021751319058,6.51165,6.51165
6.51175,5.4125524912E-05,-0.001153338700533,6.51175,6.51175
6.51185,5.4135114624E-05,-0.001114214304835,6.51185,6.51185
6.51195,5.4091124184E-05,-0.001139405998401,6.51195,6.51195
6.51205,4.2798299546E-05,-4.87288999557495,6.51205,6.51205
6.51215,5.2678314E-07,-9.99808025360107,6.51215,6.51215
6.51225,1.4416305E-08,-9.99840831756592,6.51225,6.51225
6.51235,-7.2372622E-08,-9.9982385635376,6.51235,6.51235
6.51245,-1.02141279E-07,-9.99850082397461,6.51245,6.51245
6.51255,-6.0012368E-08,-9.9987735748291,6.51255,6.51255
6.51265,-9.3669094E-08,-9.99886512756348,6.51265,6.51265
6.51275,-9.8562573E-08,-9.99869441986084,6.51275,6.51275
6.51285,-7.2063266E-08,-9.99879169464111,6.51285,6.51285
6.51295,-7.5916176E-08,-9.99866199493408,6.51295,6.51295
6.51305,-1.594525543E-06,-5.13640117645264,6.51305,6.51305
6.51315,4.8298130423E-05,-0.00163296435494,6.51315,6.51315
6.51325,5.2581177442E-05,-0.001609672675841,6.51325,6.51325
6.51335,5.3716055845E-05,-0.001468656002544,6.51335,6.51335
6.51345,5.405066986E-05,-0.001112384838052,6.51345,6.51345
6.51355,5.4161369917E-05,-0.001285911304876,6.51355,6.51355
6.51365,5.4216921853E-05,-0.001079593552276,6.51365,6.51365
6.51375,5.4167143389E-05,-0.000908740970772,6.51375,6.51375
6.51385,5.4166375776E-05,-0.001116043888032,6.51385,6.51385
6.51395,5.4171225202E-05,-0.00101028138306,6.51395,6.51395
6.51405,4.2953884986E-05,-4.85323286056519,6.51405,6.51405
6.51415,5.42532291E-07,-9.99818134307861,6.51415,6.51415
6.51425,4.6392653E-08,-9.9982795715332,6.51425,6.51425
6.51435,-6.458316E-09,-9.99863719940186,6.51435,6.51435
6.51445,-2.9653121E-08,-9.99904251098633,6.51445,6.51445
6.51455,-2.5504914E-08,-9.99879169464111,6.51455,6.51455
6.51465,-2.6222061E-08,-9.9988842010498,6.51465,6.51465
6.51475,-4.2920352E-08,-9.99870300292969,6.51475,6.51475
6.51485,-4.6569369E-08,-9.99892330169678,6.51485,6.51485
6.51495,-7.1036759E-08,-9.99890232086182,6.51495,6.51495
6.51505,-1.691952093E-06,-5.15666770935059,6.51505,6.51505
6.51515,4.8268539103E-05,-0.002074521034956,6.51515,6.51515
6.51525,5.2621056966E-05,-0.002058477373794,6.51525,6.51525
6.51535,5.371358202E-05,-0.001537053263746,6.51535,6.51535
6.51545,5.41025438E-05,-0.001600876683369,6.51545,6.51545
6.51555,5.4211337556E-05,-0.001434949925169,6.51555,6.51555
6.51565,5.4221090977E-05,-0.001094581792131,6.51565,6.51565
6.51575,5.4211919633E-05,-0.001033221255057,6.51575,6.51575
6.51585,5.4212869145E-05,-0.001127654570155,6.51585,6.51585
6.51595,5.4195566918E-05,-0.001181345083751,6.51595,6.51595
6.51605,4.3094620196E-05,-4.83312749862671,6.51605,6.51605
6.51615,5.52804352E-07,-9.99781799316406,6.51615,6.51615
6.51625,4.7651177E-08,-9.99800777435303,6.51625,6.51625
6.51635,-5.6862547E-08,-9.99871730804443,6.51635,6.51635
6.51645,-7.2393711E-08,-9.99896335601807,6.51645,6.51645
6.51655,-7.4362354E-08,-9.99916076660156,6.51655,6.51655
6.51665,-6.845643E-08,-9.99876403808594,6.51665,6.51665
6.51675,-1.04665361E-07,-9.99893379211426,6.51675,6.51675
6.51685,-1.12905525E-07,-9.99912548065186,6.51685,6.51685
6.51695,-1.15872545E-07,-9.99892234802246,6.51695,6.51695
6.51705,-1.782797881E-06,-5.17644882202148,6.51705,6.51705
6.51715,4.8296689783E-05,-0.00169418414589,6.51715,6.51715
6.51725,5.2609804698E-05,-0.001492651295848,6.51725,6.51725
6.51735,5.3716321418E-05,-0.001256497693248,6.51735,6.51735
6.51745,5.4064970755E-05,-0.00110971077811,6.51745,6.51745
6.51755,5.4233471019E-05,-0.000879679108039,6.51755,6.51755
6.51765,5.424012852E-05,-0.000680609140545,6.51765,6.51765
6.51775,5.4237367294E-05,-0.001005989033729,6.51775,6.51775
6.51785,5.4215972341E-05,-0.000895863689948,6.51785,6.51785
6.51795,5.4232430557E-05,-0.000961516634561,6.51795,6.51795
6.51805,4.3207648559E-05,-4.81339502334595,6.51805,6.51805
6.51815,5.42377563E-07,-9.99820709228516,6.51815,6.51815
6.51825,3.9467256E-08,-9.99853897094727,6.51825,6.51825
6.51835,-3.8610434E-08,-9.99875450134277,6.51835,6.51835
6.51845,-7.2541361E-08,-9.99880886077881,6.51845,6.51845
6.51855,-7.0101656E-08,-9.99863529205322,6.51855,6.51855
6.51865,-5.8367149E-08,-9.99877166748047,6.51865,6.51865
6.51875,-7.1648444E-08,-9.99884128570557,6.51875,6.51875
6.51885,-7.5754464E-08,-9.99906921386719,6.51885,6.51885
6.51895,-7.2239033E-08,-9.99894428253174,6.51895,6.51895
6.51905,-1.834910563E-06,-5.19683074951172,6.51905,6.51905
6.51915,4.8317073379E-05,-0.002034270903096,6.51915,6.51915
6.51925,5.2638963098E-05,-0.001819016295485,6.51925,6.51925
6.51935,5.3764935728E-05,-0.001491032890044,6.51935,6.51935
6.51945,5.4134448874E-05,-0.001497577060945,6.51945,6.51945
6.51955,5.4245894717E-05,-0.001171845477074,6.51955,6.51955
6.51965,5.4258169257E-05,-0.000879749481101,6.51965,6.51965
6.51975,5.4258551245E-05,-0.000826903444249,6.51975,6.51975
6.51985,5.4267831729E-05,-0.000950398563873,6.51985,6.51985
6.51995,5.4200649174E-05,-0.001009225845337,6.51995,6.51995
6.52005,4.3288673623E-05,-4.79301071166992,6.52005,6.52005
6.52015,5.22184962E-07,-9.99802780151367,6.52015,6.52015
6.52025,6.323786E-09,-9.99859046936035,6.52025,6.52025
6.52035,-4.8861427E-08,-9.99866771697998,6.52035,6.52035
6.52045,-9.1377032E-08,-9.99885845184326,6.52045,6.52045
6.52055,-9.7268895E-08,-9.99888038635254,6.52055,6.52055
6.52065,-1.17665415E-07,-9.99911022186279,6.52065,6.52065
6.52075,-1.08651854E-07,-9.99913215637207,6.52075,6.52075
6.52085,-8.742569E-08,-9.99916744232178,6.52085,6.52085
6.52095,-1.09572895E-07,-9.99917697906494,6.52095,6.52095
6.52105,-1.961993348E-06,-5.21694898605347,6.52105,6.52105
6.52115,4.8285313824E-05,-0.002209556521848,6.52115,6.52115
6.52125,5.2658419008E-05,-0.002079517114908,6.52125,6.52125
6.52135,5.3806459618E-05,-0.001532760914415,6.52135,6.52135
6.52145,5.4148771596E-05,-0.001252345973626,6.52145,6.52145
6.52155,5.4289732361E-05,-0.001134198741056,6.52155,6.52155
6.52165,5.4306357924E-05,-0.001134902471676,6.52165,6.52165
6.52175,5.4306710808E-05,-0.000988397048786,6.52175,6.52175
6.52185,5.4302050557E-05,-0.001148272305727,6.52185,6.52185
6.52195,5.4276380979E-05,-0.001059960923158,6.52195,6.52195
6.52205,4.3447653297E-05,-4.77355098724365,6.52205,6.52205
6.52215,5.32583613E-07,-9.99817752838135,6.52215,6.52215
6.52225,4.8164431E-08,-9.99841594696045,6.52225,6.52225
6.52235,-3.7597992E-08,-9.99879741668701,6.52235,6.52235
6.52245,-5.7671095E-08,-9.99889945983887,6.52245,6.52245
6.52255,-6.3809033E-08,-9.99863910675049,6.52255,6.52255
6.52265,-8.0289368E-08,-9.99908351898193,6.52265,6.52265
6.52275,-7.8644149E-08,-9.99890613555908,6.52275,6.52275
6.52285,-6.0940444E-08,-9.99909496307373,6.52285,6.52285
6.52295,-4.6625615E-08,-9.99898433685303,6.52295,6.52295
6.52305,-1.954428171E-06,-5.23687887191772,6.52305,6.52305
6.52315,4.8361274821E-05,-0.00215846975334,6.52315,6.52315
6.52325,5.2715135098E-05,-0.00171290198341,6.52325,6.52325
6.52335,5.3842555644E-05,-0.001383792608976,6.52335,6.52335
6.52345,5.4215543059E-05,-0.001065519987606,6.52345,6.52345
6.52355,5.4345480748E-05,-0.001199148013256,6.52355,6.52355
6.52365,5.4363626987E-05,-0.001227435888723,6.52365,6.52365
6.52375,5.4375555919E-05,-0.001233135582879,6.52375,6.52375
6.52385,5.4335487221E-05,-0.00114489463158,6.52385,6.52385
6.52395,5.4316806199E-05,-0.001139054074883,6.52395,6.52395
6.52405,4.3572894356E-05,-4.7532811164856,6.52405,6.52405
6.52415,6.04242132E-07,-9.99808692932129,6.52415,6.52415
6.52425,6.9615581E-08,-9.99839019775391,6.52425,6.52425
6.52435,-2.6826715E-08,-9.99867725372314,6.52435,6.52435
6.52445,-6.5791738E-08,-9.99896049499512,6.52445,6.52445
6.52455,-4.9691071E-08,-9.99930095672607,6.52455,6.52455
6.52465,-1.17834155E-07,-9.99915599822998,6.52465,6.52465
6.52475,-7.6197409E-08,-9.99930286407471,6.52475,6.52475
6.52485,-5.6222738E-08,-9.99923133850098,6.52485,6.52485
6.52495,-7.5824772E-08,-9.99924659729004,6.52495,6.52495
6.52505,-2.059265398E-06,-5.25690984725952,6.52505,6.52505
6.52515,4.8339861678E-05,-0.002002464607358,6.52515,6.52515
6.52525,5.2732542827E-05,-0.001550352782942,6.52525,6.52525
6.52535,5.3891948482E-05,-0.001455145422369,6.52535,6.52535
6.52545,5.4239684687E-05,-0.001390899764374,6.52545,6.52545
6.52555,5.4349016864E-05,-0.001217584358528,6.52555,6.52555
6.52565,5.4382024246E-05,-0.000981571385637,6.52565,6.52565
6.52575,5.4368400015E-05,-0.000996278249659,6.52575,6.52575
6.52585,5.4342028307E-05,-0.000812055834103,6.52585,6.52585
6.52595,5.4319894844E-05,-0.001146724214777,6.52595,6.52595
6.52605,4.37094277E-05,-4.73325252532959,6.52605,6.52605
6.52615,5.97935411E-07,-9.9979944229126,6.52615,6.52615
6.52625,6.5122862E-08,-9.99813175201416,6.52625,6.52625
6.52635,-8.694129E-09,-9.99867630004883,6.52635,6.52635
6.52645,-4.0417365E-08,-9.99885272979736,6.52645,6.52645
6.52655,-7.3567868E-08,-9.99861335754395,6.52655,6.52655
6.52665,-8.4901615E-08,-9.99906063079834,6.52665,6.52665
6.52675,-8.1505711E-08,-9.99897480010986,6.52675,6.52675
6.52685,-6.6804184E-08,-9.99899768829346,6.52685,6.52685
6.52695,-8.175882E-08,-9.99889469146729,6.52695,6.52695
6.52705,-2.135310979E-06,-5.27677011489868,6.52705,6.52705
6.52715,4.8302223149E-05,-0.002074169227853,6.52715,6.52715
6.52725,5.2709157899E-05,-0.001691158395261,6.52725,6.52725
6.52735,5.3876519814E-05,-0.00102526973933,6.52735,6.52735
6.52745,5.422223694E-05,-0.001152424025349,6.52745,6.52745
6.52755,5.4343981901E-05,-0.001127443509176,6.52755,6.52755
6.52765,5.4366988479E-05,-0.001111681107432,6.52765,6.52765
6.52775,5.4375213949E-05,-0.001127302763052,6.52775,6.52775
6.52785,5.4379677749E-05,-0.001319265575148,6.52785,6.52785
6.52795,5.4334610468E-05,-0.000948709726799,6.52795,6.52795
6.52805,4.3774631195E-05,-4.71319246292114,6.52805,6.52805
6.52815,5.69615111E-07,-9.99814891815186,6.52815,6.52815
6.52825,4.0535948E-08,-9.99820709228516,6.52825,6.52825
6.52835,-4.4354646E-08,-9.99850368499756,6.52835,6.52835
6.52845,-1.3911027E-08,-9.99873638153076,6.52845,6.52845
6.52855,-1.7932678E-08,-9.99877071380615,6.52855,6.52855
6.52865,-6.506756E-08,-9.99895572662354,6.52865,6.52865
6.52875,-4.150715E-08,-9.99917411804199,6.52875,6.52875
6.52885,-5.6925824E-08,-9.99921417236328,6.52885,6.52885
6.52895,-5.5554807E-08,-9.99923801422119,6.52895,6.52895
6.52905,-2.25451231E-06,-5.29701900482178,6.52905,6.52905
6.52915,4.8318197514E-05,-0.002494263928384,6.52915,6.52915
6.52925,5.2751893236E-05,-0.002037015045062,6.52925,6.52925
6.52935,5.3886604292E-05,-0.001485333079472,6.52935,6.52935
6.52945,5.4254684073E-05,-0.001407647272572,6.52945,6.52945
6.52955,5.4364481912E-05,-0.001157138613053,6.52955,6.52955
6.52965,5.4373667808E-05,-0.001107529387809,6.52965,6.52965
6.52975,5.4371281294E-05,-0.000999233685434,6.52975,6.52975
6.52985,5.4352720326E-05,-0.000642329163384,6.52985,6.52985
6.52995,5.43819624E-05,-0.00070601189509,6.52995,6.52995
6.53005,4.3917061703E-05,-4.69328260421753,6.53005,6.53005
6.53015,5.77131118E-07,-9.99828433990479,6.53015,6.53015
6.53025,4.3193612E-08,-9.99835205078125,6.53025,6.53025
6.53035,-3.2901376E-08,-9.99900150299072,6.53035,6.53035
6.53045,-7.0713341E-08,-9.99914360046387,6.53045,6.53045
6.53055,-6.8210355E-08,-9.99918270111084,6.53055,6.53055
6.53065,-5.2679184E-08,-9.99952125549316,6.53065,6.53065
6.53075,-7.4974039E-08,-9.99923610687256,6.53075,6.53075
6.53085,-8.5288306E-08,-9.99898242950439,6.53085,6.53085
6.53095,-7.8960539E-08,-9.99898433685303,6.53095,6.53095
6.53105,-2.27976011E-06,-5.31677961349487,6.53105,6.53105
6.53115,4.835252912E-05,-0.001745130284689,6.53115,6.53115
6.53125,5.2787167078E-05,-0.001380907604471,6.53125,6.53125
6.53135,5.3928717534E-05,-0.001208506990224,6.53135,6.53135
6.53145,5.4294716392E-05,-0.000996770802885,6.53145,6.53145
6.53155,5.4395026382E-05,-0.000637333083432,6.53155,6.53155
6.53165,5.4416166677E-05,-0.000634307274595,6.53165,6.53165
6.53175,5.4458210798E-05,-0.000917325785849,6.53175,6.53175
6.53185,5.4434385675E-05,-0.000691375404131,6.53185,6.53185
6.53195,5.4399293731E-05,-0.000606019515544,6.53195,6.53195
6.53205,4.4026619435E-05,-4.67280435562134,6.53205,6.53205
6.53215,5.99208022E-07,-9.99813556671143,6.53215,6.53215
6.53225,6.2929232E-08,-9.99811363220215,6.53225,6.53225
6.53235,-1.6892111E-08,-9.99831008911133,6.53235,6.53235
6.53245,-3.3583373E-08,-9.99869918823242,6.53245,6.53245
6.53255,-4.3454698E-08,-9.99854278564453,6.53255,6.53255
6.53265,-2.6032229E-08,-9.99885272979736,6.53265,6.53265
6.53275,-4.8221619E-08,-9.99901103973389,6.53275,6.53275
6.53285,-4.3757023E-08,-9.99931526184082,6.53285,6.53285
6.53295,-6.3422334E-08,-9.99909782409668,6.53295,6.53295
6.53305,-2.350813929E-06,-5.3369927406311,6.53305,6.53305
6.53315,4.8325553507E-05,-0.002206600969657,6.53315,6.53315
6.53325,5.2781851991E-05,-0.002031033858657,6.53325,6.53325
6.53335,5.3963962273E-05,-0.001517631812021,6.53335,6.53335
6.53345,5.4307132814E-05,-0.001217865850776,6.53345,6.53345
6.53355,5.4414282204E-05,-0.001268319436349,6.53355,6.53355
6.53365,5.4473799537E-05,-0.00114489463158,6.53365,6.53365
6.53375,5.4466388974E-05,-0.001205832930282,6.53375,6.53375
6.53385,5.4466334404E-05,-0.000990296946838,6.53385,6.53385
6.53395,5.4442378314E-05,-0.001071149366908,6.53395,6.53395
6.53405,4.4164793508E-05,-4.65335941314697,6.53405,6.53405
6.53415,5.93098207E-07,-9.99814224243164,6.53415,6.53415
6.53425,3.9614903E-08,-9.99851894378662,6.53425,6.53425
6.53435,-2.8036023E-08,-9.99890232086182,6.53435,6.53435
6.53445,-7.3715512E-08,-9.99900913238525,6.53445,6.53445
6.53455,-6.2044286E-08,-9.99881649017334,6.53455,6.53455
6.53465,-6.1594314E-08,-9.99896812438965,6.53465,6.53465
6.53475,-9.816884E-08,-9.99894905090332,6.53475,6.53475
6.53485,-6.8421279E-08,-9.99868297576904,6.53485,6.53485
6.53495,-6.8639238E-08,-9.99895858764648,6.53495,6.53495
6.53505,-2.438390311E-06,-5.35668563842773,6.53505,6.53505
6.53515,4.8329005949E-05,-0.001883754506707,6.53515,6.53515
6.53525,5.2850900829E-05,-0.001523261307739,6.53525,6.53525
6.53535,5.3940348153E-05,-0.001237076241523,6.53535,6.53535
6.53545,5.4297262977E-05,-0.001078608329408,6.53545,6.53545
6.53555,5.4417945648E-05,-0.000949202338234,6.53555,6.53555
6.53565,5.4473017371E-05,-0.000883549335413,6.53565,6.53565
6.53575,5.4481413827E-05,-0.000833377242088,6.53575,6.53575
6.53585,5.4466290749E-05,-0.000728177663404,6.53585,6.53585
6.53595,5.4436281061E-05,-0.000680538825691,6.53595,6.53595
6.53605,4.4298161811E-05,-4.63327121734619,6.53605,6.53605
6.53615,6.05303796E-07,-9.99797630310059,6.53615,6.53615
6.53625,4.0472671E-08,-9.99822330474854,6.53625,6.53625
6.53635,-3.1495205E-08,-9.9985876083374,6.53635,6.53635
6.53645,-3.1460051E-08,-9.99868392944336,6.53645,6.53645
6.53655,-8.1899437E-08,-9.99859809875488,6.53655,6.53655
6.53665,-7.2590581E-08,-9.99872875213623,6.53665,6.53665
6.53675,-8.2904847E-08,-9.99891376495361,6.53675,6.53675
6.53685,-7.8116834E-08,-9.99917984008789,6.53685,6.53685
6.53695,-7.7132512E-08,-9.99913692474365,6.53695,6.53695
6.53705,-2.583261221E-06,-5.37665414810181,6.53705,6.53705
6.53715,4.8315934691E-05,-0.001987757859752,6.53715,6.53715
6.53725,5.2807386965E-05,-0.00207022856921,6.53725,6.53725
6.53735,5.3994477639E-05,-0.001391181256622,6.53735,6.53735
6.53745,5.4344312957E-05,-0.001349453232251,6.53745,6.53745
6.53755,5.4489388276E-05,-0.001146231661551,6.53755,6.53755
6.53765,5.4504052969E-05,-0.000763924384955,6.53765,6.53765
6.53775,5.4497944802E-05,-0.00090339302551,6.53775,6.53775
6.53785,5.4489562899E-05,-0.000892274954822,6.53785,6.53785
6.53795,5.4473854107E-05,-0.000915988814086,6.53795,6.53795
6.53805,4.4379910833E-05,-4.61314582824707,6.53805,6.53805
6.53815,5.98631516E-07,-9.99782943725586,6.53815,6.53815
6.53825,5.2699335E-08,-9.99785423278809,6.53825,6.53825
6.53835,-3.0496825E-08,-9.99873065948486,6.53835,6.53835
6.53845,-3.6149636E-08,-9.99878025054932,6.53845,6.53845
6.53855,-6.3120012E-08,-9.99892997741699,6.53855,6.53855
6.53865,-2.490729E-08,-9.99920654296875,6.53865,6.53865
6.53875,-6.0785766E-08,-9.99896621704102,6.53875,6.53875
6.53885,-8.8030347E-08,-9.99900722503662,6.53885,6.53885
6.53895,-7.5677121E-08,-9.99908924102783,6.53895,6.53895
6.53905,-2.590425538E-06,-5.3966760635376,6.53905,6.53905
6.53915,4.8344350944E-05,-0.001995146507397,6.53915,6.53915
6.53925,5.2845214668E-05,-0.00171445007436,6.53925,6.53925
6.53935,5.4003176047E-05,-0.001389492419548,6.53935,6.53935
6.53945,5.4364969401E-05,-0.001195770455524,6.53945,6.53945
6.53955,5.4486743466E-05,-0.001189296599478,6.53955,6.53955
6.53965,5.4521882703E-05,-0.001203721971251,6.53965,6.53965
6.53975,5.4547512264E-05,-0.001205621869303,6.53975,6.53975
6.53985,5.4541465943E-05,-0.001327639329247,6.53985,6.53985
6.53995,5.4508393077E-05,-0.001360993599519,6.53995,6.53995
6.54005,4.4515225454E-05,-4.59375905990601,6.54005,6.54005
6.54015,6.19710022E-07,-9.9983491897583,6.54015,6.54015
6.54025,6.2078499E-08,-9.99825668334961,6.54025,6.54025
6.54035,-1.7897523E-08,-9.99891567230225,6.54035,6.54035
6.54045,-6.7591635E-08,-9.99912929534912,6.54045,6.54045
6.54055,-5.8360119E-08,-9.99911308288574,6.54055,6.54055
6.54065,-6.8393156E-08,-9.99897193908691,6.54065,6.54065
6.54075,-5.7474232E-08,-9.9986743927002,6.54075,6.54075
6.54085,-3.7675331E-08,-9.99881267547607,6.54085,6.54085
6.54095,-5.4549393E-08,-9.99889659881592,6.54095,6.54095
6.54105,-2.723927537E-06,-5.41661977767944,6.54105,6.54105
6.54115,4.8313235311E-05,-0.001996764913201,6.54115,6.54115
6.54125,5.2860541473E-05,-0.001732815988362,6.54125,6.54125
6.54135,5.4014137277E-05,-0.001225465559401,6.54135,6.54135
6.54145,5.4377847846E-05,-0.00135634932667,6.54145,6.54145
6.54155,5.450415847E-05,-0.0014423384564,6.54155,6.54155
6.54165,5.4520856793E-05,-0.001201962819323,6.54165,6.54165
6.54175,5.450034223E-05,-0.001119562308304,6.54175,6.54175
6.54185,5.4542131693E-05,-0.000868701783475,6.54185,6.54185
6.54195,5.4500080296E-05,-0.000718044757377,6.54195,6.54195
6.54205,4.4593369239E-05,-4.57310247421265,6.54205,6.54205
6.54215,5.97724522E-07,-9.99782657623291,6.54215,6.54215
6.54225,5.7951386E-08,-9.99804401397705,6.54225,6.54225
6.54235,1.416246E-09,-9.99863719940186,6.54235,6.54235
6.54245,-4.8699718E-08,-9.9985933303833,6.54245,6.54245
6.54255,-9.5011991E-08,-9.99881172180176,6.54255,6.54255
6.54265,-4.5360061E-08,-9.99879932403564,6.54265,6.54265
6.54275,-5.7650002E-08,-9.998703956604,6.54275,6.54275
6.54285,-9.0884875E-08,-9.99853897094727,6.54285,6.54285
6.54295,-5.583604E-08,-9.99839687347412,6.54295,6.54295
6.54305,-2.785039896E-06,-5.43604516983032,6.54305,6.54305
6.54315,4.8304686061E-05,-0.001710509415716,6.54315,6.54315
6.54325,5.2853123634E-05,-0.001719164662063,6.54325,6.54325
6.54335,5.4025455029E-05,-0.001329609658569,6.54335,6.54335
6.54345,5.4398682551E-05,-0.00117627857253,6.54345,6.54345
6.54355,5.4523690778E-05,-0.001181133906357,6.54355,6.54355
6.54365,5.4556818213E-05,-0.00094906159211,6.54365,6.54365
6.54375,5.4584113968E-05,-0.000700734322891,6.54375,6.54375
6.54385,5.4534502851E-05,-0.000696301169228,6.54385,6.54385
6.54395,5.4508687754E-05,-0.000940124911722,6.54395,6.54395
6.54405,4.4754578994E-05,-4.553053855896,6.54405,6.54405
6.54415,6.21685672E-07,-9.99740219116211,6.54415,6.54415
6.54425,4.2300691E-08,-9.99781227111816,6.54425,6.54425
6.54435,-1.1281485E-08,-9.99806499481201,6.54435,6.54435
6.54445,-1.8741227E-08,-9.99834728240967,6.54445,6.54445
6.54455,-2.121609E-08,-9.99856281280518,6.54455,6.54455
6.54465,-3.9179934E-08,-9.99866199493408,6.54465,6.54465
6.54475,-6.6951827E-08,-9.99845314025879,6.54475,6.54475
6.54485,-5.4197852E-08,-9.99863147735596,6.54485,6.54485
6.54495,-6.2859868E-08,-9.99865436553955,6.54495,6.54495
6.54505,-2.865057922E-06,-5.45663976669312,6.54505,6.54505
6.54515,4.8338402848E-05,-0.002189783146605,6.54515,6.54515
6.54525,5.288954344E-05,-0.001786928623915,6.54525,6.54525
6.54535,5.4097978136E-05,-0.001388507313095,6.54535,6.54535
6.54545,5.4472548072E-05,-0.001130328513682,6.54545,6.54545
6.54555,5.4621828895E-05,-0.001087052514777,6.54555,6.54555
6.54565,5.4632353567E-05,-0.000701015756931,6.54565,6.54565
6.54575,5.4641350289E-05,-0.000810085562989,6.54575,6.54575
6.54585,5.4608208302E-05,-0.000802767346613,6.54585,6.54585
6.54595,5.4600426665E-05,-0.000840414024424,6.54595,6.54595
6.54605,4.4884247473E-05,-4.53304529190063,6.54605,6.54605
6.54615,6.17340618E-07,-9.99780082702637,6.54615,6.54615
6.54625,5.1897814E-08,-9.99798107147217,6.54625,6.54625
6.54635,-1.8129542E-08,-9.99844169616699,6.54635,6.54635
6.54645,-3.9095564E-08,-9.99850654602051,6.54645,6.54645
6.54655,-6.825254E-08,-9.99895095825195,6.54655,6.54655
6.54665,-3.9411955E-08,-9.99895000457764,6.54665,6.54665
6.54675,-7.2660889E-08,-9.99883842468262,6.54675,6.54675
6.54685,-6.0406101E-08,-9.99902629852295,6.54685,6.54685
6.54695,-3.4680184E-08,-9.99904918670654,6.54695,6.54695
6.54705,-2.912417813E-06,-5.4765830039978,6.54705,6.54705
6.54715,4.8334841267E-05,-0.001953136874363,6.54715,6.54715
6.54725,5.2896932175E-05,-0.001392307109199,6.54725,6.54725
6.54735,5.4103998991E-05,-0.0011328618275,6.54735,6.54735
6.54745,5.4475443903E-05,-0.000860116910189,6.54745,6.54745
6.54755,5.4568412452E-05,-0.001078749075532,6.54755,6.54755
6.54765,5.4587348131E-05,-0.000739858718589,6.54765,6.54765
6.54775,5.4608673963E-05,-0.00072367413668,6.54775,6.54775
6.54785,5.4590145737E-05,-0.000608412025031,6.54785,6.54785
6.54795,5.4571839428E-05,-0.000649647437967,6.54795,6.54795
6.54805,4.4987467845E-05,-4.5129656791687,6.54805,6.54805
6.54815,6.197522E-07,-9.99752712249756,6.54815,6.54815
6.54825,5.1342379E-08,-9.99760246276855,6.54825,6.54825
6.54835,-6.999692E-09,-9.99813842773438,6.54835,6.54835
6.54845,-6.4863663E-08,-9.99838066101074,6.54845,6.54845
6.54855,-6.4125423E-08,-9.99849224090576,6.54855,6.54855
6.54865,-8.8501409E-08,-9.99835014343262,6.54865,6.54865
6.54875,-9.4231559E-08,-9.9987325668335,6.54875,6.54875
6.54885,-7.8616026E-08,-9.99875354766846,6.54885,6.54885
6.54895,-6.161541E-08,-9.99890422821045,6.54895,6.54895
6.54905,-3.064382781E-06,-5.49651479721069,6.54905,6.54905
6.54915,4.8298763431E-05,-0.00217261351645,6.54915,6.54915
6.54925,5.2942450566E-05,-0.001708891009912,6.54925,6.54925
6.54935,5.4104722949E-05,-0.001286263111979,6.54935,6.54935
6.54945,5.4488860769E-05,-0.001051798346452,6.54945,6.54945
6.54955,5.4637421272E-05,-0.001048068865202,6.54955,6.54955
6.54965,5.4634798289E-05,-0.000935199146625,6.54965,6.54965
6.54975,5.4622909374E-05,-0.001108584925532,6.54975,6.54975
6.54985,5.4587988416E-05,-0.001077975030057,6.54985,6.54985
6.54995,5.4554948292E-05,-0.000760054215789,6.54995,6.54995
6.55005,4.5087905164E-05,-4.49267053604126,6.55005,6.55005
6.55015,6.0512798E-07,-9.99747276306152,6.55015,6.55015
6.55025,5.7353763E-08,-9.99797248840332,6.55025,6.55025
6.55035,-5.537273E-09,-9.99802494049072,6.55035,6.55035
6.55045,-7.8194169E-08,-9.99843502044678,6.55045,6.55045
6.55055,-7.6246621E-08,-9.99856662750244,6.55055,6.55055
6.55065,-8.3565752E-08,-9.99841499328613,6.55065,6.55065
6.55075,-9.2987101E-08,-9.99887657165527,6.55075,6.55075
6.55085,-1.02584224E-07,-9.99901485443115,6.55085,6.55085
6.55095,-7.349756E-08,-9.99892616271973,6.55095,6.55095
6.55105,-3.142038622E-06,-5.51683139801025,6.55105,6.55105
6.55115,4.8295951274E-05,-0.001774755073711,6.55115,6.55115
6.55125,5.2928571677E-05,-0.001362189766951,6.55125,6.55125
6.55135,5.4123036534E-05,-0.001189578091726,6.55135,6.55135
6.55145,5.4531599744E-05,-0.000953213253524,6.55145,6.55145
6.55155,5.4623105825E-05,-0.001013940549456,6.55155,6.55155
6.55165,5.4673470004E-05,-0.000815926061478,6.55165,6.55165
6.55175,5.4640422604E-05,-0.000818037078716,6.55175,6.55175
6.55185,5.4640066082E-05,-0.001057709218003,6.55185,6.55185
6.55195,5.4623746109E-05,-0.00070383050479,6.55195,6.55195
6.55205,4.5236818551E-05,-4.47331428527832,6.55205,6.55205
6.55215,5.96409734E-07,-9.99785709381104,6.55215,6.55215
6.55225,1.8684036E-08,-9.9982852935791,6.55225,6.55225
6.55235,-5.6180554E-08,-9.99883651733398,6.55235,6.55235
6.55245,-6.4631642E-08,-9.99864387512207,6.55245,6.55245
6.55255,-6.63753E-08,-9.99849224090576,6.55255,6.55255
6.55265,-8.7917854E-08,-9.99878406524658,6.55265,6.55265
6.55275,-7.9515971E-08,-9.99877738952637,6.55275,6.55275
6.55285,-7.2253094E-08,-9.99895668029785,6.55285,6.55285
6.55295,-7.8693361E-08,-9.99897480010986,6.55295,6.55295
6.55305,-3.210371688E-06,-5.53658580780029,6.55305,6.55305
6.55315,4.8308509577E-05,-0.001904231496155,6.55315,6.55315
6.55325,5.2954852436E-05,-0.001556545146741,6.55325,6.55325
6.55335,5.4162344895E-05,-0.001274441368878,6.55335,6.55335
6.55345,5.4499552789E-05,-0.001283659599721,6.55345,6.55345
6.55355,5.4632557294E-05,-0.001230180147104,6.55355,6.55355
6.55365,5.464181595E-05,-0.001165160560049,6.55365,6.55365
6.55375,5.4655294662E-05,-0.001303714350797,6.55375,6.55375
6.55385,5.4634376284E-05,-0.001111399615183,6.55385,6.55385
6.55395,5.4632135289E-05,-0.001025903038681,6.55395,6.55395
6.55405,4.5305037929E-05,-4.4534478187561,6.55405,6.55405
6.55415,5.68504277E-07,-9.9977912902832,6.55415,6.55415
6.55425,2.6333611E-08,-9.99811458587646,6.55425,6.55425
6.55435,-6.6037821E-08,-9.99875926971436,6.55435,6.55435
6.55445,-1.01403039E-07,-9.99851226806641,6.55445,6.55445
6.55455,-9.4906525E-08,-9.99905586242676,6.55455,6.55455
6.55465,-8.6912436E-08,-9.99890804290771,6.55465,6.55465
6.55475,-9.0526299E-08,-9.99917793273926,6.55475,6.55475
6.55485,-1.07794087E-07,-9.99906063079834,6.55485,6.55485
6.55495,-1.01114772E-07,-9.9989709854126,6.55495,6.55495
6.55505,-3.294334192E-06,-5.55652523040771,6.55505,6.55505
6.55515,4.8278790928E-05,-0.001945537282154,6.55515,6.55515
6.55525,5.2957595472E-05,-0.001290907384828,6.55525,6.55525
6.55535,5.4150099459E-05,-0.001223565661348,6.55535,6.55535
6.55545,5.4529202316E-05,-0.00112906191498,6.55545,6.55545
6.55555,5.4645246564E-05,-0.000862579792738,6.55555,6.55555
6.55565,5.4671232647E-05,-0.000941391510423,6.55565,6.55565
6.55575,5.4686708609E-05,-0.000868349918164,6.55575,6.55575
6.55585,5.4686151998E-05,-0.000803682138212,6.55585,6.55585
6.55595,5.4657390137E-05,-0.00075505807763,6.55595,6.55595
6.55605,4.5456919906E-05,-4.43308925628662,6.55605,6.55605
6.55615,6.07089589E-07,-9.99813175201416,6.55615,6.55615
6.55625,3.3940999E-08,-9.99850940704346,6.55625,6.55625
6.55635,-5.7087533E-08,-9.99878215789795,6.55635,6.55635
6.55645,-8.1716635E-08,-9.99887943267822,6.55645,6.55645
6.55655,-1.03772436E-07,-9.99896144866943,6.55655,6.55655
6.55665,-1.15970977E-07,-9.99885082244873,6.55665,6.55665
6.55675,-1.05101272E-07,-9.99882888793945,6.55675,6.55675
6.55685,-1.09565867E-07,-9.99880599975586,6.55685,6.55685
6.55695,-1.24154894E-07,-9.99899482727051,6.55695,6.55695
6.55705,-3.420889698E-06,-5.57634401321411,6.55705,6.55705
6.55715,4.8290530685E-05,-0.001503276871517,6.55715,6.55715
6.55725,5.2982566558E-05,-0.001397725427523,6.55725,6.55725
6.55735,5.4156258557E-05,-0.001027028891258,6.55735,6.55735
6.55745,5.45676412E-05,-0.000884464127012,6.55745,6.55745
6.55755,5.4726671806E-05,-0.000777294277214,6.55755,6.55755
6.55765,5.4765285313E-05,-0.000831406970974,6.55765,6.55765
6.55775,5.4731513956E-05,-0.000508841825649,6.55775,6.55775
6.55785,5.4725918744E-05,-0.000380561687052,6.55785,6.55785
6.55795,5.4703399655E-05,-0.000638599682134,6.55795,6.55795
6.55805,4.5578053687E-05,-4.41337823867798,6.55805,6.55805
6.55815,6.39459699E-07,-9.99781894683838,6.55815,6.55815
6.55825,5.920991E-08,-9.99826526641846,6.55825,6.55825
6.55835,-1.0740109E-08,-9.99877738952637,6.55835,6.55835
6.55845,-5.3262745E-08,-9.99882888793945,6.55845,6.55845
6.55855,-2.8914881E-08,-9.99903011322021,6.55855,6.55855
6.55865,-3.0721811E-08,-9.99898529052734,6.55865,6.55865
6.55875,-2.4035463E-08,-9.99926376342773,6.55875,6.55875
6.55885,-3.8441694E-08,-9.99947834014893,6.55885,6.55885
6.55895,-4.2962537E-08,-9.99925231933594,6.55895,6.55895
6.55905,-3.417142125E-06,-5.59663391113281,6.55905,6.55905
6.55915,4.8314224841E-05,-0.00183632678818,6.55915,6.55915
6.55925,5.3043870139E-05,-0.001504402724095,6.55925,6.55925
6.55935,5.4244432249E-05,-0.001210266142152,6.55935,6.55935
6.55945,5.4608692153E-05,-0.001131243305281,6.55945,6.55945
6.55955,5.4736417951E-05,-0.000706222956069,6.55955,6.55955
6.55965,5.4772568546E-05,-0.000441922253231,6.55965,6.55965
6.55975,5.4796721088E-05,-0.000468661921332,6.55975,6.55975
6.55985,5.4787418776E-05,-0.000135963884532,6.55985,6.55985
6.55995,5.4775140597E-05,-0.000226949210628,6.55995,6.55995
6.56005,4.5782384404E-05,-4.39276790618897,6.56005,6.56005
6.56015,6.90180286E-07,-9.99736499786377,6.56015,6.56015
6.56025,9.031443E-08,-9.99763202667236,6.56025,6.56025
6.56035,-1.410159E-09,-9.99821949005127,6.56035,6.56035
6.56045,7.722927E-09,-9.99830436706543,6.56045,6.56045
6.56055,-3.4926266E-08,-9.99850082397461,6.56055,6.56055
6.56065,-6.5383944E-08,-9.99836158752441,6.56065,6.56065
6.56075,-6.0778731E-08,-9.9985408782959,6.56075,6.56075
6.56085,-6.3112978E-08,-9.99864101409912,6.56085,6.56085
6.56095,-5.6904732E-08,-9.99859523773193,6.56095,6.56095
6.56105,-3.513528327E-06,-5.61652088165283,6.56105,6.56105
6.56115,4.8323166993E-05,-0.00148343318142,6.56115,6.56115
6.56125,5.3083931562E-05,-0.001241861144081,6.56125,6.56125
6.56135,5.4303785873E-05,-0.000651617709082,6.56135,6.56135
6.56145,5.4661799368E-05,-0.001137646730058,6.56145,6.56145
6.56155,5.4762578657E-05,-0.000702634220943,6.56155,6.56155
6.56165,5.4808635468E-05,-0.000511867634486,6.56165,6.56165
6.56175,5.480362961E-05,-0.00041328262887,6.56175,6.56175
6.56185,5.4792129959E-05,-0.000360577279935,6.56185,6.56185
6.56195,5.4749365518E-05,-0.000604963977821,6.56195,6.56195
6.56205,4.5824639528E-05,-4.37307739257813,6.56205,6.56205
6.56215,6.44655472E-07,-9.99771213531494,6.56215,6.56215
6.56225,4.8192554E-08,-9.99810600280762,6.56225,6.56225
6.56235,7.301075E-09,-9.99842166900635,6.56235,6.56235
6.56245,-3.3527122E-08,-9.99850273132324,6.56245,6.56245
6.56255,-3.4743461E-08,-9.99872207641602,6.56255,6.56255
6.56265,-3.8596372E-08,-9.99858474731445,6.56265,6.56265
6.56275,-6.9489971E-08,-9.99825000762939,6.56275,6.56275
6.56285,-4.0874372E-08,-9.99853324890137,6.56285,6.56285
6.56295,-6.8147074E-08,-9.99874687194824,6.56295,6.56295
6.56305,-3.560564664E-06,-5.63632917404175,6.56305,6.56305
6.56315,4.8325222451E-05,-0.001837171148509,6.56315,6.56315
6.56325,5.307012907E-05,-0.001554434071295,6.56325,6.56325
6.56335,5.4282820201E-05,-0.001131947035901,6.56335,6.56335
6.56345,5.4682841437E-05,-0.001132580335252,6.56345,6.56345
6.56355,5.4773252486E-05,-0.000831829151139,6.56355,6.56355
6.56365,5.4789765272E-05,-0.000895793316886,6.56365,6.56365
6.56375,5.4785476095E-05,-0.000863846391439,6.56375,6.56375
6.56385,5.4788604757E-05,-0.000702915713191,6.56385,6.56385
6.56395,5.4764448578E-05,-0.000728529528715,6.56395,6.56395
6.56405,4.593866106E-05,-4.35325145721436,6.56405,6.56405
6.56415,6.46504589E-07,-9.99808692932129,6.56415,6.56415
6.56425,5.177829E-08,-9.99852561950684,6.56425,6.56425
6.56435,-9.298783E-09,-9.99877262115479,6.56435,6.56435
6.56445,-3.2908407E-08,-9.99882888793945,6.56445,6.56445
6.56455,-3.4806739E-08,-9.99878025054932,6.56455,6.56455
6.56465,-7.7005957E-08,-9.99878120422363,6.56465,6.56465
6.56475,-7.5367765E-08,-9.99877166748047,6.56475,6.56475
6.56485,-4.8263804E-08,-9.99882125854492,6.56485,6.56485
6.56495,-5.3543982E-08,-9.99872493743896,6.56495,6.56495
6.56505,-3.649554174E-06,-5.65640163421631,6.56505,6.56505
6.56515,4.8309921112E-05,-0.001649008132517,6.56515,6.56515
6.56525,5.3078321798E-05,-0.00145423063077,6.56525,6.56525
6.56535,5.4277574236E-05,-0.000975308706984,6.56535,6.56535
6.56545,5.4653122788E-05,-0.00087419047486,6.56545,6.56545
6.56555,5.4816307966E-05,-0.001009999890812,6.56555,6.56555
6.56565,5.4831070884E-05,-0.00100134476088,6.56565,6.56565
6.56575,5.4851167079E-05,-0.000504056864884,6.56575,6.56575
6.56585,5.4858825024E-05,-0.000727333244868,6.56585,6.56585
6.56595,5.4829892179E-05,-0.000865324109327,6.56595,6.56595
6.56605,4.6065615606E-05,-4.33301734924316,6.56605,6.56605
6.56615,6.49246658E-07,-9.99771404266357,6.56615,6.56615
6.56625,6.2296458E-08,-9.99809169769287,6.56625,6.56625
6.56635,-1.1942387E-08,-9.99886035919189,6.56635,6.56635
6.56645,-6.7443992E-08,-9.99839782714844,6.56645,6.56645
6.56655,-6.5194115E-08,-9.99827480316162,6.56655,6.56655
6.56665,-7.8166046E-08,-9.99871826171875,6.56665,6.56665
6.56675,-7.9551128E-08,-9.99842643737793,6.56675,6.56675
6.56685,-1.03582607E-07,-9.99838542938232,6.56685,6.56685
6.56695,-9.1798888E-08,-9.99860382080078,6.56695,6.56695
6.56705,-3.757288141E-06,-5.67638349533081,6.56705,6.56705
6.56715,4.8286859965E-05,-0.001851737266406,6.56715,6.56715
6.56725,5.3078285418E-05,-0.001573433401063,6.56725,6.56725
6.56735,5.4327185353E-05,-0.001187678193673,6.56735,6.56735
6.56745,5.4687698139E-05,-0.000998037401587,6.56745,6.56745
6.56755,5.4785596149E-05,-0.000937591656111,6.56755,6.56755
6.56765,5.4829743021E-05,-0.00083091435954,6.56765,6.56765
6.56775,5.4820320656E-05,-0.000673642789479,6.56775,6.56775
6.56785,5.4819218349E-05,-0.000527911470272,6.56785,6.56785
6.56795,5.481424887E-05,-0.000793971354142,6.56795,6.56795
6.56805,4.616392107E-05,-4.31315326690674,6.56805,6.56805
6.56815,6.47988145E-07,-9.9977970123291,6.56815,6.56815
6.56825,3.4236297E-08,-9.99821662902832,6.56825,6.56825
6.56835,-6.5707368E-08,-9.99855422973633,6.56835,6.56835
6.56845,-5.56673E-08,-9.99856567382813,6.56845,6.56845
6.56855,-8.8262361E-08,-9.99853229522705,6.56855,6.56855
6.56865,-1.03589635E-07,-9.99873542785645,6.56865,6.56865
6.56875,-8.9309964E-08,-9.99878025054932,6.56875,6.56875
6.56885,-7.529043E-08,-9.99888801574707,6.56885,6.56885
6.56895,-1.10275984E-07,-9.99864959716797,6.56895,6.56895
6.56905,-3.856022431E-06,-5.69642448425293,6.56905,6.56905
6.56915,4.828253077E-05,-0.002250510500744,6.56915,6.56915
6.56925,5.3091862355E-05,-0.001560415374115,6.56925,6.56925
6.56935,5.4277723393E-05,-0.001087756128982,6.56935,6.56935
6.56945,5.4688480304E-05,-0.001213995623402,6.56945,6.56945
6.56955,5.482234701E-05,-0.001076567685232,6.56955,6.56955
6.56965,5.4814416217E-05,-0.000984949059784,6.56965,6.56965
6.56975,5.4820342484E-05,-0.000834503094666,6.56975,6.56975
6.56985,5.4842454119E-05,-0.000825707160402,6.56985,6.56985
6.56995,5.4818134231E-05,-0.000800374837127,6.56995,6.56995
6.57005,4.6285324061E-05,-4.29328393936157,6.57005,6.57005
6.57015,6.48374794E-07,-9.99750423431396,6.57015,6.57015
6.57025,4.562629E-08,-9.99783802032471,6.57025,6.57025
6.57035,-5.0190259E-08,-9.99849033355713,6.57035,6.57035
6.57045,-5.5962595E-08,-9.99828243255615,6.57045,6.57045
6.57055,-7.891132E-08,-9.9983024597168,6.57055,6.57055
6.57065,-5.8655417E-08,-9.99821281433105,6.57065,6.57065
6.57075,-8.045108E-08,-9.99850845336914,6.57075,6.57075
6.57085,-8.8620936E-08,-9.99836254119873,6.57085,6.57085
6.57095,-1.08272189E-07,-9.99867248535156,6.57095,6.57095
6.57105,-3.908768122E-06,-5.71617841720581,6.57105,6.57105
6.57115,4.8301568313E-05,-0.001800157828256,6.57115,6.57115
6.57125,5.3153271438E-05,-0.00165914115496,6.57125,6.57125
6.57135,5.4374180763E-05,-0.00119717780035,6.57135,6.57135
6.57145,5.4714699218E-05,-0.001100422348827,6.57145,6.57145
6.57155,5.4842646932E-05,-0.000934214040171,6.57155,6.57155
6.57165,5.4864685808E-05,-0.000834221660625,6.57165,6.57165
6.57175,5.488224997E-05,-0.001012110966258,6.57175,6.57175
6.57185,5.4873013141E-05,-0.000817826017737,6.57185,6.57185
6.57195,5.4848151194E-05,-0.000722688972019,6.57195,6.57195
6.57205,4.6405817557E-05,-4.27334594726563,6.57205,6.57205
6.57215,6.60524165E-07,-9.99816989898682,6.57215,6.57215
6.57225,3.567689E-09,-9.99821758270264,6.57225,6.57225
6.57235,-6.9932916E-08,-9.99848556518555,6.57235,6.57235
6.57245,-8.3080621E-08,-9.99891662597656,6.57245,6.57245
6.57255,-8.563282E-08,-9.99884986877441,6.57255,6.57255
6.57265,-8.3059525E-08,-9.99860000610352,6.57265,6.57265
6.57275,-5.8444488E-08,-9.99877071380615,6.57275,6.57275
6.57285,-9.1721546E-08,-9.99860286712646,6.57285,6.57285
6.57295,-9.4203436E-08,-9.99868869781494,6.57295,6.57295
6.57305,-3.998158263E-06,-5.73634624481201,6.57305,6.57305
6.57315,4.830960097E-05,-0.001961088506505,6.57315,6.57315
6.57325,5.3139792726E-05,-0.001297451555729,6.57325,6.57325
6.57335,5.4397358326E-05,-0.000746543635614,6.57335,6.57335
6.57345,5.475857688E-05,-0.000628466776107,6.57345,6.57345
6.57355,5.487695671E-05,-0.000550499476958,6.57355,6.57355
6.57365,5.4888558225E-05,-0.000721774238627,6.57365,6.57365
6.57375,5.4918000387E-05,-0.000558310246561,6.57375,6.57375
6.57385,5.4902302509E-05,-0.00048231324763,6.57385,6.57385
6.57395,5.488689203E-05,-0.000637896009721,6.57395,6.57395
6.57405,4.6531833505E-05,-4.25322437286377,6.57405,6.57405
6.57415,6.83261931E-07,-9.99793243408203,6.57415,6.57415
6.57425,4.2483496E-08,-9.99810600280762,6.57425,6.57425
6.57435,-4.1929002E-08,-9.99865913391113,6.57435,6.57435
6.57445,-6.2466142E-08,-9.99869155883789,6.57445,6.57445
6.57455,-7.0952389E-08,-9.99850940704346,6.57455,6.57455
6.57465,-7.4995128E-08,-9.99873065948486,6.57465,6.57465
6.57475,-8.2947032E-08,-9.998948097229,6.57475,6.57475
6.57485,-7.8644149E-08,-9.99892902374268,6.57485,6.57485
6.57495,-8.9014662E-08,-9.99885845184326,6.57495,6.57495
6.57505,-4.092154086E-06,-5.75621604919434,6.57505,6.57505
6.57515,4.8249294196E-05,-0.001569633488543,6.57515,6.57515
6.57525,5.3165189456E-05,-0.001246716594324,6.57525,6.57525
6.57535,5.4373911553E-05,-0.000826762698125,6.57535,6.57535
6.57545,5.4773456213E-05,-0.000745628844015,6.57545,6.57545
6.57555,5.4923177231E-05,-0.000647888227832,6.57555,6.57555
6.57565,5.4961368733E-05,-0.000842736160848,6.57565,6.57565
6.57575,5.4920848925E-05,-0.000767231686041,6.57575,6.57575
6.57585,5.4920357798E-05,-0.000739647599403,6.57585,6.57585
6.57595,5.4898893723E-05,-0.000873416429386,6.57595,6.57595
6.57605,4.6640037908E-05,-4.23323440551758,6.57605,6.57605
6.57615,6.85012651E-07,-9.99744415283203,6.57615,6.57615
6.57625,5.9666917E-08,-9.99782943725586,6.57625,6.57625
6.57635,-2.7016549E-08,-9.99802589416504,6.57635,6.57635
6.57645,-8.1660389E-08,-9.99820518493652,6.57645,6.57645
6.57655,-1.07006635E-07,-9.99842262268066,6.57655,6.57655
6.57665,-7.6858306E-08,-9.99832916259766,6.57665,6.57665
6.57675,-6.9799327E-08,-9.9982213973999,6.57675,6.57675
6.57685,-1.21834717E-07,-9.99825096130371,6.57685,6.57685
6.57695,-9.4126101E-08,-9.99845790863037,6.57695,6.57695
6.57705,-4.138557415E-06,-5.77634477615357,6.57705,6.57705
6.57715,4.8274319852E-05,-0.001792980241589,6.57715,6.57715
6.57725,5.3143805417E-05,-0.001445997622795,6.57725,6.57725
6.57735,5.4417061619E-05,-0.001292736968026,6.57735,6.57735
6.57745,5.4818305216E-05,-0.001084941439331,6.57745,6.57745
6.57755,5.4900432588E-05,-0.00109704467468,6.57755,6.57755
6.57765,5.4938594985E-05,-0.000791930709966,6.57765,6.57765
6.57775,5.4966487369E-05,-0.000580827880185,6.57775,6.57775
6.57785,5.494438301E-05,-0.000629663001746,6.57785,6.57785
6.57795,5.493370918E-05,-0.000513345352374,6.57795,6.57795
6.57805,4.6795561502E-05,-4.21305751800537,6.57805,6.57805
6.57815,7.17403793E-07,-9.99742126464844,6.57815,6.57815
6.57825,6.8286745E-08,-9.99727535247803,6.57825,6.57825
6.57835,-1.8270159E-08,-9.9980583190918,6.57835,6.57835
6.57845,-2.6397833E-08,-9.99817085266113,6.57845,6.57845
6.57855,-5.9660827E-08,-9.99827480316162,6.57855,6.57855
6.57865,-5.2369828E-08,-9.99831867218018,6.57865,6.57865
6.57875,-7.1915615E-08,-9.99849128723145,6.57875,6.57875
6.57885,-6.1390416E-08,-9.99841117858887,6.57885,6.57885
6.57895,-7.2604642E-08,-9.99850940704346,6.57895,6.57895
6.57905,-4.208746759E-06,-5.79605007171631,6.57905,6.57905
6.57915,4.8286648962E-05,-0.001853003865108,6.57915,6.57915
6.57925,5.3187031881E-05,-0.001674692379311,6.57925,6.57925
6.57935,5.4408406868E-05,-0.001093455939554,6.57935,6.57935
6.57945,5.4807274864E-05,-0.000911063048989,6.57945,6.57945
6.57955,5.4931846535E-05,-0.00071656703949,6.57955,6.57955
6.57965,5.4973115766E-05,-0.000783205148764,6.57965,6.57965
6.57975,5.4962740251E-05,-0.000789749319665,6.57975,6.57975
6.57985,5.4962409195E-05,-0.001066364347935,6.57985,6.57985
6.57995,5.4947067838E-05,-0.000915707321838,6.57995,6.57995
6.58005,4.6879664296E-05,-4.19292306900024,6.58005,6.58005
6.58015,6.85089958E-07,-9.99745082855225,6.58015,6.58015
6.58025,5.4935146E-08,-9.99794292449951,6.58025,6.58025
6.58035,-1.1232269E-08,-9.99838066101074,6.58035,6.58035
6.58045,-5.0858191E-08,-9.99829959869385,6.58045,6.58045
6.58055,-6.4526184E-08,-9.99849128723145,6.58055,6.58055
6.58065,-5.5540745E-08,-9.99821853637695,6.58065,6.58065
6.58075,-6.9700896E-08,-9.99839782714844,6.58075,6.58075
6.58085,-6.3281718E-08,-9.99829387664795,6.58085,6.58085
6.58095,-5.033791E-08,-9.99845123291016,6.58095,6.58095
6.58105,-4.280560006E-06,-5.81593132019043,6.58105,6.58105
6.58115,4.8302314099E-05,-0.001692636054941,6.58115,6.58115
6.58125,5.3263593145E-05,-0.001282181823626,6.58125,6.58125
6.58135,5.4491418268E-05,-0.00126142334193,6.58135,6.58135
6.58145,5.4887215811E-05,-0.001152283279225,6.58145,6.58145
6.58155,5.4985513998E-05,-0.000529811368324,6.58155,6.58155
6.58165,5.4986441683E-05,-0.000592720054556,6.58165,6.58165
6.58175,5.4989224736E-05,-0.000859694730025,6.58175,6.58175
6.58185,5.4997843108E-05,-0.000497160828672,6.58185,6.58185
6.58195,5.4955977248E-05,-0.000743025215343,6.58195,6.58195
6.58205,4.6972654673E-05,-4.17296934127808,6.58205,6.58205
6.58215,6.55328336E-07,-9.99750423431396,6.58215,6.58215
6.58225,1.6068556E-08,-9.99776172637939,6.58225,6.58225
6.58235,-3.3491968E-08,-9.99818420410156,6.58235,6.58235
6.58245,-9.6010368E-08,-9.99837112426758,6.58245,6.58245
6.58255,-9.8316491E-08,-9.99832916259766,6.58255,6.58255
6.58265,-8.3200142E-08,-9.99853324890137,6.58265,6.58265
6.58275,-8.8768587E-08,-9.99851322174072,6.58275,6.58275
6.58285,-6.8618142E-08,-9.99856662750244,6.58285,6.58285
6.58295,-4.6660769E-08,-9.99842834472656,6.58295,6.58295
6.58305,-4.366019766E-06,-5.83602571487427,6.58305,6.58305
6.58315,4.8253710702E-05,-0.001572448178194,6.58315,6.58315
6.58325,5.3220479458E-05,-0.001510313595645,6.58325,6.58325
6.58335,5.4453495977E-05,-0.000778560875915,6.58335,6.58335
6.58345,5.4813262977E-05,-0.000949343084358,6.58345,6.58345
6.58355,5.4960153648E-05,-0.000803822826128,6.58355,6.58355
6.58365,5.5003783928E-05,-0.000606300949585,6.58365,6.58365
6.58375,5.4999003623E-05,-0.000722407537978,6.58375,6.58375
6.58385,5.4994387028E-05,-0.000619811529759,6.58385,6.58385
6.58395,5.4971857026E-05,-0.000560702756047,6.58395,6.58395
6.58405,4.7115358029E-05,-4.15293264389038,6.58405,6.58405
6.58415,6.92598917E-07,-9.99747943878174,6.58415,6.58415
6.58425,2.7092945E-08,-9.99750995635986,6.58425,6.58425
6.58435,-6.1327142E-08,-9.99797344207764,6.58435,6.58435
6.58445,-7.2506211E-08,-9.99827194213867,6.58445,6.58445
6.58455,-7.0270396E-08,-9.99828910827637,6.58455,6.58455
6.58465,-7.4524067E-08,-9.9983549118042,6.58465,6.58465
6.58475,-7.0769588E-08,-9.99820423126221,6.58475,6.58475
6.58485,-6.527145E-08,-9.99831867218018,6.58485,6.58485
6.58495,-7.8088711E-08,-9.99811744689941,6.58495,6.58495
6.58505,-4.429079581E-06,-5.85575103759766,6.58505,6.58505
6.58515,4.8265039368E-05,-0.001651189522818,6.58515,6.58515
6.58525,5.3261959692E-05,-0.001257553230971,6.58525,6.58525
6.58535,5.4562358855E-05,-0.000922884850297,6.58535,6.58535
6.58545,5.4868000007E-05,-0.000937732402235,6.58545,6.58545
6.58555,5.502768181E-05,-0.00099226727616,6.58555,6.58555
6.58565,5.5050448282E-05,-0.001023440156132,6.58565,6.58565
6.58575,5.5069918744E-05,-0.000732751563191,6.58575,6.58575
6.58585,5.5033440731E-05,-0.000616363540757,6.58585,6.58585
6.58595,5.503877037E-05,-0.000573509663809,6.58595,6.58595
6.58605,4.7237266699E-05,-4.13317155838013,6.58605,6.58605
6.58615,6.87782801E-07,-9.99760913848877,6.58615,6.58615
6.58625,3.1367705E-08,-9.99772167205811,6.58625,6.58625
6.58635,-2.6918116E-08,-9.99792385101318,6.58635,6.58635
6.58645,-4.985278E-08,-9.99813270568848,6.58645,6.58645
6.58655,-4.9416865E-08,-9.99814701080322,6.58655,6.58655
6.58665,-5.1005841E-08,-9.998366355896,6.58665,6.58665
6.58675,-4.993715E-08,-9.99857902526855,6.58675,6.58675
6.58685,-8.8283457E-08,-9.99867534637451,6.58685,6.58685
6.58695,-7.5135752E-08,-9.99859046936035,6.58695,6.58695
6.58705,-4.548316156E-06,-5.87613296508789,6.58705,6.58705
6.58715,4.823929703E-05,-0.001593558466993,6.58715,6.58715
6.58725,5.3252806538E-05,-0.001155942329206,6.58725,6.58725
6.58735,5.4520915E-05,-0.000888615788426,6.58735,6.58735
6.58745,5.4904834542E-05,-0.000851602468174,6.58745,6.58745
6.58755,5.5007603805E-05,-0.000903111533262,6.58755,6.58755
6.58765,5.5055883422E-05,-0.000554932630621,6.58765,6.58765
6.58775,5.5049331422E-05,-0.000461977004306,6.58775,6.58775
6.58785,5.5069820519E-05,-0.000555636303034,6.58785,6.58785
6.58795,5.503736611E-05,-0.000616011675447,6.58795,6.58795
6.58805,4.7361067118E-05,-4.1127610206604,6.58805,6.58805
6.58815,7.11195526E-07,-9.99740600585938,6.58815,6.58815
6.58825,5.2122804E-08,-9.9974422454834,6.58825,6.58825
6.58835,-5.4303314E-08,-9.99794864654541,6.58835,6.58835
6.58845,-7.7012992E-08,-9.99792385101318,6.58845,6.58845
6.58855,-7.5388861E-08,-9.99819278717041,6.58855,6.58855
6.58865,-7.2773382E-08,-9.99803161621094,6.58865,6.58865
6.58875,-8.2040053E-08,-9.9981746673584,6.58875,6.58875
6.58885,-4.5978776E-08,-9.99845504760742,6.58885,6.58885
6.58895,-4.4361677E-08,-9.99848365783691,6.58895,6.58895
6.58905,-4.59803141E-06,-5.89571523666382,6.58905,6.58905
6.58915,4.8249716201E-05,-0.001625153585337,6.58915,6.58915
6.58925,5.3310628573E-05,-0.001359867630526,6.58925,6.58925
6.58935,5.4564250604E-05,-0.000753791478928,6.58935,6.58935
6.58945,5.4932403145E-05,-0.000964049890172,6.58945,6.58945
6.58955,5.5082644394E-05,-0.000596168043558,6.58955,6.58955
6.58965,5.5073018302E-05,-0.000743658514693,6.58965,6.58965
6.58975,5.5064469052E-05,-0.000713611545507,6.58975,6.58975
6.58985,5.5069580412E-05,-0.000709671003278,6.58985,6.58985
6.58995,5.5100314057E-05,-0.000828944088425,6.58995,6.58995
6.59005,4.7500332585E-05,-4.09334135055542,6.59005,6.59005
6.59015,7.40366602E-07,-9.99760246276855,6.59015,6.59015
6.59025,6.0123924E-08,-9.99754047393799,6.59025,6.59025
6.59035,-8.272278E-09,-9.99837303161621,6.59035,6.59035
6.59045,-4.4917115E-08,-9.99862957000732,6.59045,6.59045
6.59055,-5.5055615E-08,-9.99881362915039,6.59055,6.59055
6.59065,-7.7905909E-08,-9.99870109558105,6.59065,6.59065
6.59075,-7.6809094E-08,-9.99887466430664,6.59075,6.59075
6.59085,-7.5719313E-08,-9.99868583679199,6.59085,6.59085
6.59095,-8.973884E-08,-9.99863243103027,6.59095,6.59095
6.59105,-4.719798653E-06,-5.916015625,6.59105,6.59105
6.59115,4.8227928346E-05,-0.001608194899745,6.59115,6.59115
6.59125,5.3315710829E-05,-0.001577444258146,6.59125,6.59125
6.59135,5.4565502069E-05,-0.001141587388702,6.59135,6.59135
6.59145,5.4920237744E-05,-0.000995504204184,6.59145,6.59145
6.59155,5.5104905186E-05,-0.000783205148764,6.59155,6.59155
6.59165,5.5133343267E-05,-0.000646973436233,6.59165,6.59165
6.59175,5.5145632359E-05,-0.001059538684785,6.59175,6.59175
6.59185,5.5149543186E-05,-0.00080389319919,6.59185,6.59185
6.59195,5.5123677157E-05,-0.000654925010167,6.59195,6.59195
6.59205,4.7629109758E-05,-4.07319307327271,6.59205,6.59205
6.59215,7.09184746E-07,-9.99743556976318,6.59215,6.59215
6.59225,3.9305547E-08,-9.99799919128418,6.59225,6.59225
6.59235,-2.8725047E-08,-9.998215675354,6.59235,6.59235
6.59245,-4.3082061E-08,-9.99813842773438,6.59245,6.59245
6.59255,-3.4188023E-08,-9.99802875518799,6.59255,6.59255
6.59265,-5.2573721E-08,-9.99803829193115,6.59265,6.59265
6.59275,-7.3265539E-08,-9.99816226959229,6.59275,6.59275
6.59285,-6.9124361E-08,-9.99816226959229,6.59285,6.59285
6.59295,-8.1351025E-08,-9.99828720092773,6.59295,6.59295
6.59305,-4.766785878E-06,-5.93582630157471,6.59305,6.59305
6.59315,4.8227051593E-05,-0.001704317051917,6.59315,6.59315
6.59325,5.330494605E-05,-0.001399906817824,6.59325,6.59325
6.59335,5.4566473409E-05,-0.001000429969281,6.59335,6.59335
6.59345,5.4967556935E-05,-0.001047224388458,6.59345,6.59345
6.59355,5.5097407312E-05,-0.000799178611487,6.59355,6.59355
6.59365,5.5124743085E-05,-0.000922462611925,6.59365,6.59365
6.59375,5.5132859416E-05,-0.000796645355877,6.59375,6.59375
6.59385,5.5115477153E-05,-0.000530937279109,6.59385,6.59385
6.59395,5.5132175476E-05,-0.000656261981931,6.59395,6.59395
6.59405,4.772326065E-05,-4.05302333831787,6.59405,6.59405
6.59415,6.99538361E-07,-9.99733638763428,6.59415,6.59415
6.59425,4.9795588E-08,-9.99759006500244,6.59425,6.59425
6.59435,-3.438489E-08,-9.99822616577148,6.59435,6.59435
6.59445,-6.9939944E-08,-9.99831104278564,6.59445,6.59445
6.59455,-9.1440313E-08,-9.99814224243164,6.59455,6.59455
6.59465,-5.2179992E-08,-9.99807357788086,6.59465,6.59465
6.59475,-7.204217E-08,-9.99836730957031,6.59475,6.59475
6.59485,-5.6539125E-08,-9.99841022491455,6.59485,6.59485
6.59495,-6.6213588E-08,-9.99852180480957,6.59495,6.59495
6.59505,-4.835463187E-06,-5.95590305328369,6.59505,6.59505
6.59515,4.8207806685E-05,-0.00187509926036,6.59515,6.59515
6.59525,5.3316751291E-05,-0.001296325703152,6.59525,6.59525
6.59535,5.4600270232E-05,-0.000952157774009,6.59535,6.59535
6.59545,5.4962154536E-05,-0.000800726644229,6.59545,6.59545
6.59555,5.5099673773E-05,-0.000950609683059,6.59555,6.59555
6.59565,5.5133728893E-05,-0.000660835881718,6.59565,6.59565
6.59575,5.5155625887E-05,-0.00074267340824,6.59575,6.59575
6.59585,5.5113192502E-05,-0.000509615871124,6.59585,6.59585
6.59595,5.5093682022E-05,-0.000460569659481,6.59595,6.59595
6.59605,4.78142465E-05,-4.03264141082764,6.59605,6.59605
6.59615,7.15737485E-07,-9.99684715270996,6.59615,6.59615
6.59625,3.3666797E-08,-9.99744510650635,6.59625,6.59625
6.59635,-5.1062088E-08,-9.99795055389404,6.59635,6.59635
6.59645,-7.8587902E-08,-9.997878074646,6.59645,6.59645
6.59655,-1.09467436E-07,-9.99797058105469,6.59655,6.59655
6.59665,-1.03498238E-07,-9.99792194366455,6.59665,6.59665
6.59675,-7.1648444E-08,-9.9981050491333,6.59675,6.59675
6.59685,-8.3818861E-08,-9.99814128875732,6.59685,6.59685
6.59695,-1.159991E-07,-9.99826145172119,6.59695,6.59695
6.59705,-4.93655989E-06,-5.97600173950195,6.59705,6.59705
6.59715,4.8185196647E-05,-0.001810431480408,6.59715,6.59715
6.59725,5.3321946325E-05,-0.001599750830792,6.59725,6.59725
6.59735,5.4591895605E-05,-0.001128217554651,6.59735,6.59735
6.59745,5.5008997151E-05,-0.000962220306974,6.59745,6.59745
6.59755,5.5172422435E-05,-0.000656754535157,6.59755,6.59755
6.59765,5.5193690059E-05,-0.000349459209247,6.59765,6.59765
6.59775,5.5162719946E-05,-0.000446777616162,6.59775,6.59775
6.59785,5.514995064E-05,-0.000479498557979,6.59785,6.59785
6.59795,5.5158514442E-05,-0.000527981843334,6.59795,6.59795
6.59805,4.795046334E-05,-4.01292705535889,6.59805,6.59805
6.59815,7.18978697E-07,-9.99711227416992,6.59815,6.59815
6.59825,5.431643E-08,-9.9974479675293,6.59825,6.59825
6.59835,-2.9027374E-08,-9.99768352508545,6.59835,6.59835
6.59845,-5.0605081E-08,-9.99794006347656,6.59845,6.59845
6.59855,-4.4453078E-08,-9.9981803894043,6.59855,6.59855
6.59865,-3.2936534E-08,-9.99791622161865,6.59865,6.59865
6.59875,-6.9792293E-08,-9.99800872802734,6.59875,6.59875
6.59885,-6.1362293E-08,-9.99827671051025,6.59885,6.59885
6.59895,-6.18193E-08,-9.99840545654297,6.59895,6.59895
6.59905,-4.993756193E-06,-5.99580717086792,6.59905,6.59905
6.59915,4.8244943173E-05,-0.001790306298062,6.59915,6.59915
6.59925,5.3375508287E-05,-0.001468444941565,6.59925,6.59925
6.59935,5.4673251725E-05,-0.000952720700298,6.59935,6.59935
6.59945,5.5035325204E-05,-0.001153479446657,6.59945,6.59945
6.59955,5.5153381254E-05,-0.000918592384551,6.59955,6.59955
6.59965,5.5206772231E-05,-0.000515456369612,6.59965,6.59965
6.59975,5.5233511375E-05,-0.000601234496571,6.59975,6.59975
6.59985,5.5222208175E-05,-0.000640781072434,6.59985,6.59985
6.59995,5.5215146858E-05,-0.000643455074169,6.59995,6.59995
6.60005,4.8115125537E-05,-3.99303245544434,6.60005,6.60005
6.60015,7.36710547E-07,-9.99747848510742,6.60015,6.60015
6.60025,2.6790618E-08,-9.9978199005127,6.60025,6.60025
6.60035,-1.7243654E-08,-9.99805545806885,6.60035,6.60035
6.60045,-2.7818066E-08,-9.99800205230713,6.60045,6.60045
6.60055,-4.7370886E-08,-9.99813079833984,6.60055,6.60055
6.60065,-5.3586167E-08,-9.99810028076172,6.60065,6.60065
6.60075,-4.8495824E-08,-9.99822044372559,6.60075,6.60075
6.60085,-3.1973304E-08,-9.99838161468506,6.60085,6.60085
6.60095,-4.9353588E-08,-9.99884223937988,6.60095,6.60095
6.60105,-5.031926776E-06,-6.0161657333374,6.60105,6.60105
6.60115,4.8242636694E-05,-0.001892902306281,6.60115,6.60115
6.60125,5.3400293837E-05,-0.001662518712692,6.60125,6.60125
6.60135,5.4681280744E-05,-0.001264238147996,6.60135,6.60135
6.60145,5.507786409E-05,-0.001253331080079,6.60145,6.60145
6.60155,5.5189244449E-05,-0.001186692970805,6.60155,6.60155
6.60165,5.5223597883E-05,-0.000573791156057,6.60165,6.60165
6.60175,5.5249380239E-05,-0.000594268087298,6.60175,6.60175
6.60185,5.5212061852E-05,-0.000546277384274,6.60185,6.60185
6.60195,5.5195370805E-05,-0.000716285547242,6.60195,6.60195
6.60205,4.8193844123E-05,-3.97307538986206,6.60205,6.60205
6.60215,7.41850101E-07,-9.99738216400146,6.60215,6.60215
6.60225,4.8051934E-08,-9.99764347076416,6.60225,6.60225
6.60235,-3.4321612E-08,-9.9980354309082,6.60235,6.60235
6.60245,-5.2032345E-08,-9.99844837188721,6.60245,6.60245
6.60255,-7.6675505E-08,-9.99846839904785,6.60255,6.60255
6.60265,-9.4962772E-08,-9.99845695495605,6.60265,6.60265
6.60275,-7.0762553E-08,-9.99851703643799,6.60275,6.60275
6.60285,-1.04735669E-07,-9.99854278564453,6.60285,6.60285
6.60295,-9.1869197E-08,-9.99837779998779,6.60295,6.60295
6.60305,-5.131983016E-06,-6.03575372695923,6.60305,6.60305
6.60315,4.8223788326E-05,-0.001459156395867,6.60315,6.60315
6.60325,5.3396073781E-05,-0.001374433748424,6.60325,6.60325
6.60335,5.4682328482E-05,-0.000831829151139,6.60335,6.60335
6.60345,5.5071064708E-05,-0.000798545253929,6.60345,6.60345
6.60355,5.5205986428E-05,-0.000671320653055,6.60355,6.60355
6.60365,5.5257289205E-05,-0.000516019354109,6.60365,6.60365
6.60375,5.5242238886E-05,-0.000532344623934,6.60375,6.60375
6.60385,5.5236232583E-05,-0.00063761457568,6.60385,6.60385
6.60395,5.524307926E-05,-0.000398083211621,6.60395,6.60395
6.60405,4.8349240387E-05,-3.95274233818054,6.60405,6.60405
6.60415,7.70536019E-07,-9.99681568145752,6.60415,6.60415
6.60425,5.0822095E-08,-9.99730014801025,6.60425,6.60425
6.60435,-1.0578399E-08,-9.99788856506348,6.60435,6.60435
6.60445,-4.3771085E-08,-9.9977388381958,6.60445,6.60445
6.60455,-7.3560834E-08,-9.99773979187012,6.60455,6.60455
6.60465,-7.4959978E-08,-9.99810600280762,6.60465,6.60465
6.60475,-6.4716012E-08,-9.99831104278564,6.60475,6.60475
6.60485,-9.8829744E-08,-9.99836921691895,6.60485,6.60485
6.60495,-6.5967505E-08,-9.9979248046875,6.60495,6.60495
6.60505,-5.200456144E-06,-6.05570697784424,6.60505,6.60505
6.60515,4.8186404456E-05,-0.001422424451448,6.60515,6.60515
6.60525,5.3428979299E-05,-0.001201681327075,6.60525,6.60525
6.60535,5.475247599E-05,-0.000911203795113,6.60535,6.60535
6.60545,5.5094744312E-05,-0.000650280737318,6.60545,6.60545
6.60555,5.5241267546E-05,-0.000855824502651,6.60555,6.60555
6.60565,5.5236600019E-05,-0.000869616575073,6.60565,6.60565
6.60575,5.5273067119E-05,-0.000605667650234,6.60575,6.60575
6.60585,5.5261727539E-05,-0.000673431670293,6.60585,6.60585
6.60595,5.5224336393E-05,-0.000390061322832,6.60595,6.60595
6.60605,4.8450019676E-05,-3.93293499946594,6.60605,6.60605
6.60615,7.6726667E-07,-9.99674129486084,6.60615,6.60615
6.60625,6.6072026E-08,-9.99694347381592,6.60625,6.60625
6.60635,1.7376296E-08,-9.9975471496582,6.60635,6.60635
6.60645,-2.8626616E-08,-9.99781513214111,6.60645,6.60645
6.60655,-8.5766409E-08,-9.99818801879883,6.60655,6.60655
6.60665,-9.5729135E-08,-9.99803733825684,6.60665,6.60665
6.60675,-1.00341381E-07,-9.99814701080322,6.60675,6.60675
6.60685,-8.0029224E-08,-9.99846649169922,6.60685,6.60685
6.60695,-6.527145E-08,-9.99859523773193,6.60695,6.60695
6.60705,-5.316050647E-06,-6.07598114013672,6.60705,6.60705
6.60715,4.8135840188E-05,-0.001861588680185,6.60715,6.60715
6.60725,5.3416315495E-05,-0.001486388617195,6.60725,6.60725
6.60735,5.469602911E-05,-0.001308991922997,6.60735,6.60735
6.60745,5.5075634009E-05,-0.000904307758901,6.60745,6.60745
6.60755,5.5188211263E-05,-0.00090557441581,6.60755,6.60755
6.60765,5.5222782976E-05,-0.000829436641652,6.60765,6.60765
6.60775,5.5266107665E-05,-0.000744291872252,6.60775,6.60775
6.60785,5.5262051319E-05,-0.000928654975723,6.60785,6.60785
6.60795,5.5257198255E-05,-0.000603345513809,6.60795,6.60795
6.60805,4.8540576245E-05,-3.9130916595459,6.60805,6.60805
6.60815,7.59089744E-07,-9.99715995788574,6.60815,6.60815
6.60825,6.1347293E-08,-9.99776268005371,6.60825,6.60825
6.60835,-2.2101977E-08,-9.99812316894531,6.60835,6.60835
6.60845,-7.3216327E-08,-9.99798679351807,6.60845,6.60845
6.60855,-1.104166E-07,-9.99814414978027,6.60855,6.60855
6.60865,-8.9998984E-08,-9.99830436706543,6.60865,6.60865
6.60875,-1.23128387E-07,-9.99865436553955,6.60875,6.60875
6.60885,-1.18860662E-07,-9.99871635437012,6.60885,6.60885
6.60895,-1.08454991E-07,-9.99859809875488,6.60895,6.60895
6.60905,-5.346241323E-06,-6.09601163864136,6.60905,6.60905
6.60915,4.81627103E-05,-0.001940330024809,6.60915,6.60915
6.60925,5.3464478697E-05,-0.001602072967216,6.60925,6.60925
6.60935,5.4745520174E-05,-0.000948076427449,6.60935,6.60935
6.60945,5.5153846915E-05,-0.000931258604396,6.60945,6.60945
6.60955,5.5264306866E-05,-0.000791578902863,6.60955,6.60955
6.60965,5.5302240071E-05,-0.000885308545548,6.60965,6.60965
6.60975,5.5310254538E-05,-0.000952157774009,6.60975,6.60975
6.60985,5.5290271121E-05,-0.000754987704568,6.60985,6.60985
6.60995,5.5248678109E-05,-0.00059096084442,6.60995,6.60995
6.61005,4.8679550673E-05,-3.89312243461609,6.61005,6.61005
6.61015,7.6403245E-07,-9.99698638916016,6.61015,6.61015
6.61025,4.5907523E-08,-9.99724960327148,6.61025,6.61025
6.61035,-2.6053321E-08,-9.99814414978027,6.61035,6.61035
6.61045,-9.5743196E-08,-9.99806499481201,6.61045,6.61045
6.61055,-9.3113655E-08,-9.99795532226563,6.61055,6.61055
6.61065,-8.1618204E-08,-9.99808025360107,6.61065,6.61065
6.61075,-8.5478142E-08,-9.99845886230469,6.61075,6.61075
6.61085,-6.9349355E-08,-9.99853134155273,6.61085,6.61085
6.61095,-1.01431162E-07,-9.99839210510254,6.61095,6.61095
6.61105,-5.442149359E-06,-6.11589002609253,6.61105,6.61105
6.61115,4.8184701882E-05,-0.001632331055589,6.61115,6.61115
6.61125,5.3469266277E-05,-0.001568015082739,6.61125,6.61125
6.61135,5.4758107581E-05,-0.000759772723541,6.61135,6.61135
6.61145,5.5162156059E-05,-0.000648028973956,6.61145,6.61145
6.61155,5.5292493926E-05,-0.000668505963404,6.61155,6.61155
6.61165,5.5307828006E-05,-0.000446003570687,6.61165,6.61165
6.61175,5.5310520111E-05,-0.000303438806441,6.61175,6.61175
6.61185,5.5311120377E-05,-0.000502156908624,6.61185,6.61185
6.61195,5.5274529586E-05,-0.000785105046816,6.61195,6.61195
6.61205,4.8786521802E-05,-3.87324476242065,6.61205,6.61205
6.61215,7.63273135E-07,-9.99758529663086,6.61215,6.61215
6.61225,5.1848598E-08,-9.99792671203613,6.61225,6.61225
6.61235,-4.2238359E-08,-9.99797058105469,6.61235,6.61235
6.61245,-7.6127101E-08,-9.998291015625,6.61245,6.61245
6.61255,-6.6101094E-08,-9.99861907958984,6.61255,6.61255
6.61265,-8.0626847E-08,-9.99850368499756,6.61265,6.61265
6.61275,-9.0695039E-08,-9.99851417541504,6.61275,6.61275
6.61285,-9.0948149E-08,-9.99851608276367,6.61285,6.61285
6.61295,-7.6675505E-08,-9.99847984313965,6.61295,6.61295
6.61305,-5.491351203E-06,-6.13581418991089,6.61305,6.61305
6.61315,4.8168454668E-05,-0.001434668432921,6.61315,6.61315
6.61325,5.3520132496E-05,-0.001334324246272,6.61325,6.61325
6.61335,5.4818563513E-05,-0.000745628844015,6.61335,6.61335
6.61345,5.5188593251E-05,-0.000445229525212,6.61345,6.61345
6.61355,5.5288484873E-05,-0.000414619600633,6.61355,6.61355
6.61365,5.5343130953E-05,-0.000696441857144,6.61365,6.61365
6.61375,5.5339089158E-05,-0.00055549555691,6.61375,6.61375
6.61385,5.5333399359E-05,-0.000419756455813,6.61385,6.61385
6.61395,5.5317770602E-05,-0.000671179906931,6.61395,6.61395
6.61405,4.8943915317E-05,-3.85287833213806,6.61405,6.61405
6.61415,7.7703254E-07,-9.99721145629883,6.61415,6.61415
6.61425,4.0760934E-08,-9.99762439727783,6.61425,6.61425
6.61435,-2.8464905E-08,-9.99820232391357,6.61435,6.61435
6.61445,-6.2445046E-08,-9.99832630157471,6.61445,6.61445
6.61455,-8.7552245E-08,-9.99837398529053,6.61455,6.61455
6.61465,-1.00221854E-07,-9.99860000610352,6.61465,6.61465
6.61475,-8.4261806E-08,-9.99845790863037,6.61475,6.61475
6.61485,-1.15506943E-07,-9.99837875366211,6.61485,6.61485
6.61495,-1.15099155E-07,-9.99822425842285,6.61495,6.61495
6.61505,-5.581571259E-06,-6.15589094161987,6.61505,6.61505
6.61515,4.8131147196E-05,-0.001835060073063,6.61515,6.61515
6.61525,5.34815008E-05,-0.001386255491525,6.61525,6.61525
6.61535,5.4780091887E-05,-0.000836754858028,6.61535,6.61535
6.61545,5.5183474615E-05,-0.001084378454834,6.61545,6.61545
6.61555,5.5323871493E-05,-0.001008029677905,6.61555,6.61555
6.61565,5.5350370531E-05,-0.000618756050244,6.61565,6.61565
6.61575,5.5335411162E-05,-0.000403501529945,6.61575,6.61575
6.61585,5.5343574786E-05,-0.000455221714219,6.61585,6.61585
6.61595,5.5337703088E-05,-0.000628888956271,6.61595,6.61595
6.61605,4.9043635954E-05,-3.83324503898621,6.61605,6.61605
6.61615,7.80048765E-07,-9.99748992919922,6.61615,6.61615
6.61625,3.2225472E-08,-9.9979248046875,6.61625,6.61625
6.61635,-3.1635825E-08,-9.99820804595947,6.61635,6.61635
6.61645,-9.9996868E-08,-9.99844074249268,6.61645,6.61645
6.61655,-1.31178723E-07,-9.99837684631348,6.61655,6.61655
6.61665,-1.13763292E-07,-9.99825668334961,6.61665,6.61665
6.61675,-1.23979135E-07,-9.99849033355713,6.61675,6.61675
6.61685,-1.09256511E-07,-9.99844169616699,6.61685,6.61685
6.61695,-1.33618443E-07,-9.99829292297363,6.61695,6.61695
6.61705,-5.692672858E-06,-6.17602205276489,6.61705,6.61705
6.61715,4.8119603889E-05,-0.001967140007764,6.61715,6.61715
6.61725,5.3502611991E-05,-0.001771307084709,6.61725,6.61725
6.61735,5.478705134E-05,-0.001163190230727,6.61735,6.61735
6.61745,5.5199820054E-05,-0.001238061347976,6.61745,6.61745
6.61755,5.5351629271E-05,-0.001228772802278,6.61755,6.61755
6.61765,5.5401444115E-05,-0.001093596685678,6.61765,6.61765
6.61775,5.5377688113E-05,-0.000832603196613,6.61775,6.61775
6.61785,5.536559911E-05,-0.000720015028492,6.61785,6.61785
6.61795,5.5386328313E-05,-0.000632618437521,6.61795,6.61795
6.61805,4.9144106015E-05,-3.81335926055908,6.61805,6.61805
6.61815,7.83599319E-07,-9.99734401702881,6.61815,6.61815
6.61825,3.6788499E-08,-9.99766159057617,6.61825,6.61825
6.61835,-1.8973246E-08,-9.99809169769287,6.61835,6.61835
6.61845,-8.5724224E-08,-9.99815654754639,6.61845,6.61845
6.61855,-1.0839171E-07,-9.99803924560547,6.61855,6.61855
6.61865,-1.06169963E-07,-9.99815082550049,6.61865,6.61865
6.61875,-9.9209409E-08,-9.99815368652344,6.61875,6.61875
6.61885,-7.5550567E-08,-9.99834251403809,6.61885,6.61885
6.61895,-8.1498676E-08,-9.99834823608398,6.61895,6.61895
6.61905,-5.733648777E-06,-6.19571399688721,6.61905,6.61905
6.61915,4.8121011787E-05,-0.001807687105611,6.61915,6.61915
6.61925,5.3542702517E-05,-0.001584903337061,6.61925,6.61925
6.61935,5.4872652981E-05,-0.001246364670806,6.61935,6.61935
6.61945,5.5241413065E-05,-0.001089374651201,6.61945,6.61945
6.61955,5.5342017731E-05,-0.000712696812116,6.61955,6.61955
6.61965,5.5393429648E-05,-0.001095918822102,6.61965,6.61965
6.61975,5.5423170124E-05,-0.00058533140691,6.61975,6.61975
6.61985,5.5435248214E-05,-0.000467606412712,6.61985,6.61985
6.61995,5.5389722547E-05,-0.000681664678268,6.61995,6.61995
6.62005,4.927773989E-05,-3.79302215576172,6.62005,6.62005
6.62015,8.31092791E-07,-9.99709987640381,6.62015,6.62015
6.62025,4.9162811E-08,-9.9974308013916,6.62025,6.62025
6.62035,-1.7911585E-08,-9.99787712097168,6.62035,6.62035
6.62045,-4.8242711E-08,-9.99810028076172,6.62045,6.62045
6.62055,-3.8786208E-08,-9.99833488464355,6.62055,6.62055
6.62065,-7.463656E-08,-9.99838638305664,6.62065,6.62065
6.62075,-4.7912263E-08,-9.99850082397461,6.62075,6.62075
6.62085,-5.3649444E-08,-9.9983606338501,6.62085,6.62085
6.62095,-8.3179053E-08,-9.99840641021729,6.62095,6.62095
6.62105,-5.797938684E-06,-6.21582221984863,6.62105,6.62105
6.62115,4.8136458645E-05,-0.001823871629313,6.62115,6.62115
6.62125,5.357968621E-05,-0.001697280327789,6.62125,6.62125
6.62135,5.4877524235E-05,-0.001162345753983,6.62135,6.62135
6.62145,5.5246091506E-05,-0.000985793420114,6.62145,6.62145
6.62155,5.5403244914E-05,-0.001213010516949,6.62155,6.62155
6.62165,5.5428070482E-05,-0.000951102236286,6.62165,6.62165
6.62175,5.5418506236E-05,-0.001004863064736,6.62175,6.62175
6.62185,5.5428539781E-05,-0.000825496041216,6.62185,6.62185
6.62195,5.5411743233E-05,-0.000800304464065,6.62195,6.62195
6.62205,4.9412567023E-05,-3.77299022674561,6.62205,6.62205
6.62215,8.1499212E-07,-9.99732398986816,6.62215,6.62215
6.62225,6.4778348E-08,-9.99755477905273,6.62225,6.62225
6.62235,-1.3088417E-08,-9.99810028076172,6.62235,6.62235
6.62245,-6.3802005E-08,-9.99791431427002,6.62245,6.62245
6.62255,-5.8331995E-08,-9.99820613861084,6.62255,6.62255
6.62265,-7.4488909E-08,-9.99861907958984,6.62265,6.62265
6.62275,-7.6865341E-08,-9.99872207641602,6.62275,6.62275
6.62285,-9.6066614E-08,-9.99819183349609,6.62285,6.62285
6.62295,-8.0886991E-08,-9.99823570251465,6.62295,6.62295
6.62305,-5.886176041E-06,-6.23582029342651,6.62305,6.62305
6.62315,4.8055153457E-05,-0.001659000408836,6.62315,6.62315
6.62325,5.3538471548E-05,-0.00170910207089,6.62325,6.62325
6.62335,5.4873678891E-05,-0.00113215809688,6.62335,6.62335
6.62345,5.5266817071E-05,-0.001175293466076,6.62345,6.62345
6.62355,5.5374282965E-05,-0.000944980245549,6.62355,6.62355
6.62365,5.539929407E-05,-0.000816981599201,6.62365,6.62365
6.62375,5.5443004385E-05,-0.000752384134103,6.62375,6.62375
6.62385,5.5423119193E-05,-0.000631422211882,6.62385,6.62385
6.62395,5.5421798606E-05,-0.000835840124637,6.62395,6.62395
6.62405,4.9507601943E-05,-3.75343370437622,6.62405,6.62405
6.62415,8.03159196E-07,-9.99746227264404,6.62415,6.62415
6.62425,4.5162253E-08,-9.99756240844727,6.62425,6.62425
6.62435,-5.9126481E-08,-9.9977970123291,6.62435,6.62435
6.62445,-9.543384E-08,-9.99795913696289,6.62445,6.62445
6.62455,-1.109861E-07,-9.99796009063721,6.62455,6.62455
6.62465,-1.14986662E-07,-9.99774074554443,6.62465,6.62465
6.62475,-1.28148429E-07,-9.99806594848633,6.62475,6.62475
6.62485,-1.32936449E-07,-9.99810028076172,6.62485,6.62485
6.62495,-1.02345176E-07,-9.9979772567749,6.62495,6.62495
6.62505,-5.939357379E-06,-6.25588846206665,6.62505,6.62505
6.62515,4.8054371291E-05,-0.002162551041692,6.62515,6.62515
6.62525,5.3562362154E-05,-0.001790165551938,6.62525,6.62525
6.62535,5.4870088206E-05,-0.001390970195644,6.62535,6.62535
6.62545,5.5268414144E-05,-0.001081282272935,6.62545,6.62545
6.62555,5.5415850511E-05,-0.000926473585423,6.62555,6.62555
6.62565,5.5468110077E-05,-0.000818107451778,6.62565,6.62565
6.62575,5.5445765611E-05,-0.000842595414724,6.62575,6.62575
6.62585,5.5430198699E-05,-0.000865887093823,6.62585,6.62585
6.62595,5.5444150348E-05,-0.000674205715768,6.62595,6.62595
6.62605,4.9595324526E-05,-3.73312640190125,6.62605,6.62605
6.62615,7.71562497E-07,-9.99720191955566,6.62615,6.62615
6.62625,3.1740342E-08,-9.99742031097412,6.62625,6.62625
6.62635,-4.5142105E-08,-9.99804782867432,6.62635,6.62635
6.62645,-7.9424574E-08,-9.99804401397705,6.62645,6.62645
6.62655,-6.2142718E-08,-9.99820137023926,6.62655,6.62655
6.62665,-7.8116834E-08,-9.99796676635742,6.62665,6.62665
6.62675,-1.09066676E-07,-9.99782943725586,6.62675,6.62675
6.62685,-9.5468991E-08,-9.99799537658691,6.62685,6.62685
6.62695,-8.7053053E-08,-9.99787902832031,6.62695,6.62695
6.62705,-6.075024885E-06,-6.27542877197266,6.62705,6.62705
6.62715,4.8043388233E-05,-0.001668570330366,6.62715,6.62715
6.62725,5.3531228332E-05,-0.001321869203821,6.62725,6.62725
6.62735,5.4919120885E-05,-0.000876231119037,6.62735,6.62735
6.62745,5.5289401644E-05,-0.000801289628725,6.62745,6.62745
6.62755,5.5422762671E-05,-0.000839428859763,6.62755,6.62755
6.62765,5.5494983826E-05,-0.000980164040811,6.62765,6.62765
6.62775,5.5482567404E-05,-0.000893963733688,6.62775,6.62775
6.62785,5.5474705732E-05,-0.000888615788426,6.62785,6.62785
6.62795,5.5445310863E-05,-0.000861805747263,6.62795,6.62795
6.62805,4.9727652367E-05,-3.71281504631043,6.62805,6.62805
6.62815,8.05943387E-07,-9.99678039550781,6.62815,6.62815
6.62825,1.8325462E-08,-9.99715518951416,6.62825,6.62825
6.62835,-4.6927941E-08,-9.99779510498047,6.62835,6.62835
6.62845,-5.6925824E-08,-9.9977912902832,6.62845,6.62845
6.62855,-1.14508559E-07,-9.99830913543701,6.62855,6.62855
6.62865,-8.1751786E-08,-9.99835681915283,6.62865,6.62865
6.62875,-7.817308E-08,-9.99812698364258,6.62875,6.62875
6.62885,-9.1313758E-08,-9.99824523925781,6.62885,6.62885
6.62895,-9.5321347E-08,-9.99824142456055,6.62895,6.62895
6.62905,-6.085901532E-06,-6.29604578018188,6.62905,6.62905
6.62915,4.8038593377E-05,-0.001989235635847,6.62915,6.62915
6.62925,5.3566571296E-05,-0.001454160315916,6.62925,6.62925
6.62935,5.4896572692E-05,-0.00108430813998,6.62935,6.62935
6.62945,5.5311731558E-05,-0.00095497246366,6.62945,6.62945
6.62955,5.546004104E-05,-0.00062607426662,6.62955,6.62955
6.62965,5.5468615756E-05,-0.000666254200041,6.62965,6.62965
6.62975,5.5471413361E-05,-0.000648943765555,6.62975,6.62975
6.62985,5.5481799791E-05,-0.00067800557008,6.62985,6.62985
6.62995,5.5459098803E-05,-0.000611085968558,6.62995,6.62995
6.63005,4.9856444093E-05,-3.69312715530396,6.63005,6.63005
6.63015,7.93632353E-07,-9.99705791473389,6.63015,6.63015
6.63025,3.7238475E-08,-9.99730396270752,6.63025,6.63025
6.63035,-3.8258893E-08,-9.99772453308105,6.63035,6.63035
6.63045,-7.2794471E-08,-9.99794006347656,6.63045,6.63045
6.63055,-7.9227711E-08,-9.99809265136719,6.63055,6.63055
6.63065,-7.2998368E-08,-9.9981575012207,6.63065,6.63065
6.63075,-8.5077382E-08,-9.9982738494873,6.63075,6.63075
6.63085,-7.8489471E-08,-9.99849033355713,6.63085,6.63085
6.63095,-1.02535004E-07,-9.99802207946777,6.63095,6.63095
6.63105,-6.190323802E-06,-6.31591749191284,6.63105,6.63105
6.63115,4.8006870202E-05,-0.001880095340312,6.63115,6.63115
6.63125,5.3572795878E-05,-0.001625997945666,6.63125,6.63125
6.63135,5.4930158512E-05,-0.001059820177034,6.63135,6.63135
6.63145,5.5314492784E-05,-0.001089093158953,6.63145,6.63145
6.63155,5.5462478485E-05,-0.000872642383911,6.63155,6.63155
6.63165,5.549114212E-05,-0.001113651436754,6.63165,6.63165
6.63175,5.5528133089E-05,-0.000780953385402,6.63175,6.63175
6.63185,5.5490727391E-05,-0.000628607522231,6.63185,6.63185
6.63195,5.5492149841E-05,-0.000359310681233,6.63195,6.63195
6.63205,4.9963404308E-05,-3.67323279380798,6.63205,6.63205
6.63215,7.8615858E-07,-9.99720859527588,6.63215,6.63215
6.63225,2.75211E-09,-9.99734401702881,6.63225,6.63225
6.63235,-5.9274129E-08,-9.99805450439453,6.63235,6.63235
6.63245,-8.5098478E-08,-9.99790668487549,6.63245,6.63245
6.63255,-8.3664183E-08,-9.99799537658691,6.63255,6.63255
6.63265,-8.9338087E-08,-9.99787044525146,6.63265,6.63265
6.63275,-9.0603642E-08,-9.99790096282959,6.63275,6.63275
6.63285,-1.22369059E-07,-9.99817562103271,6.63285,6.63285
6.63295,-7.8461348E-08,-9.9983606338501,6.63295,6.63295
6.63305,-6.255099379E-06,-6.3360071182251,6.63305,6.63305
6.63315,4.7983590775E-05,-0.001979876542464,6.63315,6.63315
6.63325,5.3582454711E-05,-0.001826193765737,6.63325,6.63325
6.63335,5.4931184422E-05,-0.001376685569994,6.63335,6.63335
6.63345,5.5357908423E-05,-0.001344668213278,6.63345,6.63345
6.63355,5.5453296227E-05,-0.001164386514574,6.63355,6.63355
6.63365,5.5500971939E-05,-0.00098107883241,6.63365,6.63365
6.63375,5.5503347539E-05,-0.000876301492099,6.63375,6.63375
6.63385,5.5502427131E-05,-0.000950328190811,6.63385,6.63385
6.63395,5.5507462093E-05,-0.000864339002874,6.63395,6.63395
6.63405,5.0072481827E-05,-3.65327382087708,6.63405,6.63405
6.63415,8.35142544E-07,-9.9975471496582,6.63415,6.63415
6.63425,2.549694E-08,-9.9975700378418,6.63425,6.63425
6.63435,-8.4753964E-08,-9.99798965454102,6.63435,6.63435
6.63445,-8.0022197E-08,-9.99789047241211,6.63445,6.63445
6.63455,-8.8902169E-08,-9.99791717529297,6.63455,6.63455
6.63465,-7.9769087E-08,-9.99806594848633,6.63465,6.63465
6.63475,-7.7926998E-08,-9.99801540374756,6.63475,6.63475
6.63485,-5.7305488E-08,-9.99802684783936,6.63485,6.63485
6.63495,-8.201193E-08,-9.99826335906982,6.63495,6.63495
6.63505,-6.326645234E-06,-6.35583305358887,6.63505,6.63505
6.63515,4.8023244744E-05,-0.002076069125906,6.63515,6.63515
6.63525,5.3626565204E-05,-0.001808390836231,6.63525,6.63525
6.63535,5.495971709E-05,-0.001178319216706,6.63535,6.63535
6.63545,5.5356951634E-05,-0.000995011650957,6.63545,6.63545
6.63555,5.5523927585E-05,-0.001328483689576,6.63555,6.63555
6.63565,5.5532444094E-05,-0.001218991703354,6.63565,6.63565
6.63575,5.5528413213E-05,-0.001036880305037,6.63575,6.63575
6.63585,5.5553755374E-05,-0.000816207553726,6.63585,6.63585
6.63595,5.5528413213E-05,-0.001350579201244,6.63595,6.63595
6.63605,5.0187863962E-05,-3.63362741470337,6.63605,6.63605
6.63615,8.06604305E-07,-9.99743938446045,6.63615,6.63615
6.63625,3.5754962E-08,-9.99764156341553,6.63625,6.63625
6.63635,-5.7994512E-08,-9.998215675354,6.63635,6.63635
6.63645,-9.0069292E-08,-9.99833393096924,6.63645,6.63645
6.63655,-7.8763669E-08,-9.99828433990479,6.63655,6.63655
6.63665,-9.9497676E-08,-9.9982271194458,6.63665,6.63665
6.63675,-1.13411744E-07,-9.99835109710693,6.63675,6.63675
6.63685,-9.0125539E-08,-9.99837970733643,6.63685,6.63685
6.63695,-7.2140601E-08,-9.99844455718994,6.63695,6.63695
6.63705,-6.385430424E-06,-6.37566137313843,6.63705,6.63705
6.63715,4.8015408538E-05,-0.001958555309102,6.63715,6.63715
6.63725,5.3637057135E-05,-0.001823238329962,6.63725,6.63725
6.63735,5.4978194385E-05,-0.001389140612446,6.63735,6.63735
6.63745,5.5421602156E-05,-0.001177615602501,6.63745,6.63745
6.63755,5.5515989516E-05,-0.00094188406365,6.63755,6.63755
6.63765,5.558039993E-05,-0.001171423238702,6.63765,6.63765
6.63775,5.5567757954E-05,-0.001025973353535,6.63775,6.63775
6.63785,5.5575914303E-05,-0.000905715161934,6.63785,6.63785
6.63795,5.5568139942E-05,-0.000734721834306,6.63795,6.63795
6.63805,5.0323062169E-05,-3.61306977272034,6.63805,6.63805
6.63815,8.46602859E-07,-9.9972038269043,6.63815,6.63815
6.63825,2.5187582E-08,-9.99757385253906,6.63825,6.63825
6.63835,-4.879815E-08,-9.99786186218262,6.63835,6.63835
6.63845,-6.9939944E-08,-9.99803066253662,6.63845,6.63845
6.63855,-7.8004341E-08,-9.99801540374756,6.63855,6.63855
6.63865,-9.1377032E-08,-9.99819469451904,6.63865,6.63865
6.63875,-1.10163491E-07,-9.998366355896,6.63875,6.63875
6.63885,-1.11021251E-07,-9.99862670898438,6.63885,6.63885
6.63895,-1.09790854E-07,-9.99859046936035,6.63895,6.63895
6.63905,-6.457559721E-06,-6.3958683013916,6.63905,6.63905
6.63915,4.7967372666E-05,-0.002145310863853,6.63915,6.63915
6.63925,5.3642725106E-05,-0.001602143398486,6.63925,6.63925
6.63935,5.4969539633E-05,-0.000872923817951,6.63935,6.63935
6.63945,5.5381209677E-05,-0.000992830260657,6.63945,6.63945
6.63955,5.5551299738E-05,-0.000826833071187,6.63955,6.63955
6.63965,5.559496276E-05,-0.000997052295133,6.63965,6.63965
6.63975,5.5584056099E-05,-0.000816137180664,6.63975,6.63975
6.63985,5.559390047E-05,-0.000893400807399,6.63985,6.63985
6.63995,5.5572756537E-05,-0.000940124911722,6.63995,6.63995
6.64005,5.0444574299E-05,-3.59332919120789,6.64005,6.64005
6.64015,8.7589342E-07,-9.99699306488037,6.64015,6.64015
6.64025,6.5523622E-08,-9.99749088287354,6.64025,6.64025
6.64035,-2.4998691E-08,-9.99793243408203,6.64035,6.64035
6.64045,-5.8669478E-08,-9.99802684783936,6.64045,6.64045
6.64055,-5.9815505E-08,-9.99833488464355,6.64055,6.64055
6.64065,-5.5997749E-08,-9.99855899810791,6.64065,6.64065
6.64075,-5.9745197E-08,-9.99849224090576,6.64075,6.64075
6.64085,-8.4543039E-08,-9.99833393096924,6.64085,6.64085
6.64095,-7.6773937E-08,-9.99839782714844,6.64095,6.64095
6.64105,-6.505721103E-06,-6.41588973999023,6.64105,6.64105
6.64115,4.7973102483E-05,-0.001873762346804,6.64115,6.64115
6.64125,5.3685849707E-05,-0.001487936708145,6.64125,6.64125
6.64135,5.5043783505E-05,-0.001014503417537,6.64135,6.64135
6.64145,5.5424639868E-05,-0.000912470452022,6.64145,6.64145
6.64155,5.5561431509E-05,-0.000743095588405,6.64155,6.64155
6.64165,5.561546277E-05,-0.000765191041864,6.64165,6.64165
6.64175,5.561272701E-05,-0.000583361135796,6.64175,6.64175
6.64185,5.5618740589E-05,-0.000704674865119,6.64185,6.64185
6.64195,5.5607393733E-05,-0.000898608006537,6.64195,6.64195
6.64205,5.0569564337E-05,-3.57339453697205,6.64205,6.64205
6.64215,8.68117297E-07,-9.99737930297852,6.64215,6.64215
6.64225,5.9589574E-08,-9.99762153625488,6.64225,6.64225
6.64235,-1.0233888E-08,-9.99803829193115,6.64235,6.64235
6.64245,-5.6757084E-08,-9.99781227111816,6.64245,6.64245
6.64255,-8.0915115E-08,-9.99828910827637,6.64255,6.64255
6.64265,-6.5123807E-08,-9.99825859069824,6.64265,6.64265
6.64275,-8.3059525E-08,-9.99806976318359,6.64275,6.64275
6.64285,-9.3514416E-08,-9.99829196929932,6.64285,6.64285
6.64295,-8.9541977E-08,-9.99830627441406,6.64295,6.64295
6.64305,-6.612372545E-06,-6.43586778640747,6.64305,6.64305
6.64315,4.7956036724E-05,-0.001645982381888,6.64315,6.64315
6.64325,5.3706859035E-05,-0.00155520811677,6.64325,6.64325
6.64335,5.5074051488E-05,-0.001376263331622,6.64335,6.64335
6.64345,5.5483564211E-05,-0.001045605982654,6.64345,6.64345
6.64355,5.5613269069E-05,-0.000994307920337,6.64355,6.64355
6.64365,5.5654461903E-05,-0.000695175258443,6.64365,6.64365
6.64375,5.5639964557E-05,-0.000448677543318,6.64375,6.64375
6.64385,5.5638523918E-05,-0.000648943765555,6.64385,6.64385
6.64395,5.5641463405E-05,-0.000839851039927,6.64395,6.64395
6.64405,5.0699323765E-05,-3.55343842506409,6.64405,6.64405
6.64415,8.68574318E-07,-9.99763488769531,6.64415,6.64415
6.64425,6.5411129E-08,-9.99799251556396,6.64425,6.64425
6.64435,-2.5216648E-08,-9.99864387512207,6.64435,6.64435
6.64445,-5.6644588E-08,-9.99830436706543,6.64445,6.64445
6.64455,-7.8447286E-08,-9.9982271194458,6.64455,6.64455
6.64465,-9.4822155E-08,-9.99820423126221,6.64465,6.64465
6.64475,-8.9956799E-08,-9.99825668334961,6.64475,6.64475
6.64485,-6.6558101E-08,-9.99819660186768,6.64485,6.64485
6.64495,-8.8206114E-08,-9.99811458587646,6.64495,6.64495
6.64505,-6.678202226E-06,-6.45583248138428,6.64505,6.64505
6.64515,4.7901870857E-05,-0.00163514574524,6.64515,6.64515
6.64525,5.3684474551E-05,-0.001625786884688,6.64525,6.64525
6.64535,5.5043488828E-05,-0.001188804046251,6.64535,6.64535
6.64545,5.5475451518E-05,-0.001258467906155,6.64545,6.64545
6.64555,5.5636508478E-05,-0.000791438156739,6.64555,6.64555
6.64565,5.5648284615E-05,-0.000909655704163,6.64565,6.64565
6.64575,5.5678079661E-05,-0.000718889117707,6.64575,6.64575
6.64585,5.562995284E-05,-0.000589975679759,6.64585,6.64585
6.64595,5.5614913435E-05,-0.000646973436233,6.64595,6.64595
6.64605,5.0776852731E-05,-3.53307175636292,6.64605,6.64605
6.64615,8.52895482E-07,-9.99707698822021,6.64615,6.64615
6.64625,5.1061143E-08,-9.9975700378418,6.64625,6.64625
6.64635,-4.6688893E-08,-9.99801826477051,6.64635,6.64635
6.64645,-6.3295779E-08,-9.99789524078369,6.64645,6.64645
6.64655,-9.6966566E-08,-9.99794387817383,6.64655,6.64655
6.64665,-7.76528E-08,-9.99804019927979,6.64665,6.64665
6.64675,-8.6413245E-08,-9.99825668334961,6.64675,6.64675
6.64685,-1.03020135E-07,-9.99831008911133,6.64685,6.64685
6.64695,-8.1779909E-08,-9.99829959869385,6.64695,6.64695
6.64705,-6.736066098E-06,-6.47597932815552,6.64705,6.64705
6.64715,4.7909445129E-05,-0.001763144391589,6.64715,6.64715
6.64725,5.3727795603E-05,-0.001646123128012,6.64725,6.64725
6.64735,5.5084168707E-05,-0.001040680217557,6.64735,6.64735
6.64745,5.5495580455E-05,-0.000710445048753,6.64745,6.64745
6.64755,5.5617896578E-05,-0.000700171338394,6.64755,6.64755
6.64765,5.56471241E-05,-0.000827607116662,6.64765,6.64765
6.64775,5.5670858274E-05,-0.000829507014714,6.64775,6.64775
6.64785,5.5650925788E-05,-0.000439670489868,6.64785,6.64785
6.64795,5.5631640862E-05,-0.000420249009039,6.64795,6.64795
6.64805,5.0891751016E-05,-3.5133752822876,6.64805,6.64805
6.64815,8.85441352E-07,-9.99743175506592,6.64815,6.64815
6.64825,7.0367882E-08,-9.99772453308105,6.64825,6.64825
6.64835,5.58481E-10,-9.99849033355713,6.64835,6.64835
6.64845,-1.2455639E-08,-9.99853515625,6.64845,6.64845
6.64855,-5.216593E-08,-9.99838352203369,6.64855,6.64855
6.64865,-1.03266217E-07,-9.99823379516602,6.64865,6.64865
6.64875,-9.2382443E-08,-9.99835300445557,6.64875,6.64875
6.64885,-1.03765409E-07,-9.99801540374756,6.64885,6.64885
6.64895,-1.22924504E-07,-9.99820423126221,6.64895,6.64895
6.64905,-6.827172001E-06,-6.49564504623413,6.64905,6.64905
6.64915,4.7885510867E-05,-0.001691299141385,6.64915,6.64915
6.64925,5.3717420087E-05,-0.001351634622552,6.64925,6.64925
6.64935,5.5093219999E-05,-0.00094596541021,6.64935,6.64935
6.64945,5.5538370361E-05,-0.000969538581558,6.64945,6.64945
6.64955,5.5655720644E-05,-0.000643173581921,6.64955,6.64955
6.64965,5.5702985264E-05,-0.000704956357367,6.64965,6.64965
6.64975,5.5726010032E-05,-0.000657036027405,6.64975,6.64975
6.64985,5.5734588386E-05,-0.000468380458187,6.64985,6.64985
6.64995,5.5680688092E-05,-0.000229482437135,6.64995,6.64995
6.65005,5.1020640967E-05,-3.49317359924316,6.65005,6.65005
6.65015,8.99812392E-07,-9.99739170074463,6.65015,6.65015
6.65025,5.4028167E-08,-9.99799728393555,6.65025,6.65025
6.65035,1.7305988E-08,-9.99844551086426,6.65035,6.65035
6.65045,-5.1554245E-08,-9.99865055084229,6.65045,6.65045
6.65055,-6.4230889E-08,-9.99834632873535,6.65055,6.65055
6.65065,-6.4905848E-08,-9.99848651885986,6.65065,6.65065
6.65075,-6.8301752E-08,-9.99857711791992,6.65075,6.65075
6.65085,-7.5360738E-08,-9.99871063232422,6.65085,6.65085
6.65095,-6.7732252E-08,-9.99869251251221,6.65095,6.65095
6.65105,-6.876824045E-06,-6.51608467102051,6.65105,6.65105
6.65115,4.7895362513E-05,-0.001971854828298,6.65115,6.65115
6.65125,5.3773939726E-05,-0.001673144288361,6.65125,6.65125
6.65135,5.5182103097E-05,-0.000990508124232,6.65135,6.65135
6.65145,5.5574368162E-05,-0.000748373160604,6.65145,6.65145
6.65155,5.5678276112E-05,-0.000439318653662,6.65155,6.65155
6.65165,5.5726522987E-05,-0.00079798232764,6.65165,6.65165
6.65175,5.5725835409E-05,-0.000785105046816,6.65175,6.65175
6.65185,5.5677941418E-05,-0.000604893604759,6.65185,6.65185
6.65195,5.5689553847E-05,-0.000670335488394,6.65195,6.65195
6.65205,5.1127073675E-05,-3.47372269630432,6.65205,6.65205
6.65215,9.10302447E-07,-9.99786853790283,6.65215,6.65215
6.65225,4.0353143E-08,-9.99802589416504,6.65225,6.65225
6.65235,-3.3590403E-08,-9.99842929840088,6.65235,6.65235
6.65245,-7.1810149E-08,-9.99839878082275,6.65245,6.65245
6.65255,-8.9190436E-08,-9.9984302520752,6.65255,6.65255
6.65265,-8.888108E-08,-9.99844455718994,6.65265,6.65265
6.65275,-8.2869697E-08,-9.99851417541504,6.65275,6.65275
6.65285,-9.0631765E-08,-9.99853706359863,6.65285,6.65285
6.65295,-9.2396505E-08,-9.99851989746094,6.65295,6.65295
6.65305,-6.923431556E-06,-6.53591442108154,6.65305,6.65305
6.65315,4.7888788686E-05,-0.001550986082293,6.65315,6.65315
6.65325,5.3772666433E-05,-0.001161501393653,6.65325,6.65325
6.65335,5.5182441429E-05,-0.000685675651766,6.65335,6.65335
6.65345,5.5597603932E-05,-0.000708404346369,6.65345,6.65345
6.65355,5.5724820413E-05,-0.000553103047423,6.65355,6.65355
6.65365,5.5766380683E-05,-0.000494768319186,6.65365,6.65365
6.65375,5.5733715271E-05,-0.000447903497843,6.65375,6.65375
6.65385,5.5746313592E-05,-0.00055211794097,6.65385,6.65385
6.65395,5.5716103816E-05,-0.000559999083634,6.65395,6.65395
6.65405,5.1260063628E-05,-3.45329189300537,6.65405,6.65405
6.65415,8.73938859E-07,-9.99720001220703,6.65415,6.65415
6.65425,1.1702394E-08,-9.99759006500244,6.65425,6.65425
6.65435,-9.1088765E-08,-9.99808502197266,6.65435,6.65435
6.65445,-1.01571779E-07,-9.99837017059326,6.65445,6.65445
6.65455,-9.2452758E-08,-9.99854755401611,6.65455,6.65455
6.65465,-9.1848101E-08,-9.99869155883789,6.65465,6.65465
6.65475,-8.3460286E-08,-9.99895668029785,6.65475,6.65475
6.65485,-8.9865402E-08,-9.99919891357422,6.65485,6.65485
6.65495,-8.5899991E-08,-9.99912452697754,6.65495,6.65495
6.65505,-7.001150607E-06,-6.55648899078369,6.65505,6.65505
6.65515,4.7850680858E-05,-0.001949548255652,6.65515,6.65515
6.65525,5.3809093515E-05,-0.001628953381442,6.65525,6.65525
6.65535,5.5174008594E-05,-0.001268319436349,6.65535,6.65535
6.65545,5.5603031797E-05,-0.001029984327033,6.65545,6.65545
6.65555,5.5743559642E-05,-0.000981360324658,6.65555,6.65555
6.65565,5.5779888498E-05,-0.000656121235806,6.65565,6.65565
6.65575,5.5793920183E-05,-0.00062452617567,6.65575,6.65575
6.65585,5.580434663E-05,-0.000361562444596,6.65585,6.65585
6.65595,5.5777982197E-05,-0.00048336875625,6.65595,6.65595
6.65605,5.1413077017E-05,-3.43317604064941,6.65605,6.65605
6.65615,9.30846625E-07,-9.99711036682129,6.65615,6.65615
6.65625,3.8321225E-08,-9.9976978302002,6.65625,6.65625
6.65635,-3.0602287E-08,-9.99816226959229,6.65635,6.65635
6.65645,-6.6087033E-08,-9.99820613861084,6.65645,6.65645
6.65655,-6.7936149E-08,-9.99850559234619,6.65655,6.65655
6.65665,-1.05811388E-07,-9.99850463867188,6.65665,6.65665
6.65675,-1.15239772E-07,-9.99867916107178,6.65675,6.65675
6.65685,-1.29821771E-07,-9.99861526489258,6.65685,6.65685
6.65695,-1.08904963E-07,-9.99864768981934,6.65695,6.65695
6.65705,-7.080325304E-06,-6.57578754425049,6.65705,6.65705
6.65715,4.7796900617E-05,-0.001723105204292,6.65715,6.65715
6.65725,5.3745192417E-05,-0.001373167149723,6.65725,6.65725
6.65735,5.5145224906E-05,-0.000847450748552,6.65735,6.65735
6.65745,5.5578235333E-05,-0.001069671707228,6.65745,6.65745
6.65755,5.571336078E-05,-0.000849421077874,6.65755,6.65755
6.65765,5.5770000472E-05,-0.000677301897667,6.65765,6.65765
6.65775,5.5751355831E-05,-0.000989030348137,6.65775,6.65775
6.65785,5.577446791E-05,-0.001045183744282,6.65785,6.65785
6.65795,5.576417243E-05,-0.000886082591023,6.65795,6.65795
6.65805,5.1496201195E-05,-3.41358280181885,6.65805,6.65805
6.65815,9.13501481E-07,-9.99768924713135,6.65815,6.65815
6.65825,3.6598667E-08,-9.99781799316406,6.65825,6.65825
6.65835,-4.3018783E-08,-9.99810028076172,6.65835,6.65835
6.65845,-4.8826273E-08,-9.99828815460205,6.65845,6.65845
6.65855,-6.0103773E-08,-9.99828243255615,6.65855,6.65855
6.65865,-7.1226594E-08,-9.99835681915283,6.65865,6.65865
6.65875,-6.5461286E-08,-9.99875545501709,6.65875,6.65875
6.65885,-7.5852896E-08,-9.99880123138428,6.65885,6.65885
6.65895,-8.5569546E-08,-9.99869060516357,6.65895,6.65895
6.65905,-7.161222584E-06,-6.59599161148071,6.65905,6.65905
6.65915,4.7800200264E-05,-0.002012879122049,6.65915,6.65915
6.65925,5.3806372307E-05,-0.001577092451043,6.65925,6.65925
6.65935,5.52144229E-05,-0.001105347997509,6.65935,6.65935
6.65945,5.5607721151E-05,-0.000555003003683,6.65945,6.65945
6.65955,5.5760607211E-05,-0.000581883417908,6.65955,6.65955
6.65965,5.5789954786E-05,-0.000621500366833,6.65965,6.65965
6.65975,5.5809767218E-05,-0.000683564634528,6.65975,6.65975
6.65985,5.5794454966E-05,-0.000680468452629,6.65985,6.65985
6.65995,5.5781758419E-05,-0.000694401212968,6.65995,6.65995
6.66005,5.1644277846E-05,-3.39342761039734,6.66005,6.66005
6.66015,8.92050309E-07,-9.99760150909424,6.66015,6.66015
6.66025,4.024065E-08,-9.99790859222412,6.66025,6.66025
6.66035,-5.3094006E-08,-9.997971534729,6.66035,6.66035
6.66045,-5.5090769E-08,-9.99867534637451,6.66045,6.66045
6.66055,-5.7228149E-08,-9.99844932556152,6.66055,6.66055
6.66065,-8.0521389E-08,-9.99850654602051,6.66065,6.66065
6.66075,-7.2864779E-08,-9.99863243103027,6.66075,6.66075
6.66085,-6.6515916E-08,-9.9989709854126,6.66085,6.66085
6.66095,-7.8327759E-08,-9.99895668029785,6.66095,6.66095
6.66105,-7.209250271E-06,-6.6164288520813,6.66105,6.66105
6.66115,4.7788667871E-05,-0.002110478933901,6.66115,6.66115
6.66125,5.3840649343E-05,-0.001742808148265,6.66125,6.66125
6.66135,5.5251821323E-05,-0.0011477797525,6.66135,6.66135
6.66145,5.5629945564E-05,-0.000959335244261,6.66145,6.66145
6.66155,5.5758042436E-05,-0.000829577387776,6.66155,6.66155
6.66165,5.5791198974E-05,-0.000685886712745,6.66165,6.66165
6.66175,5.5812186474E-05,-0.000475065375213,6.66175,6.66175
6.66185,5.5801625422E-05,-0.000768639030866,6.66185,6.66185
6.66195,5.5776265071E-05,-0.000597997568548,6.66195,6.66195
6.66205,5.1740291383E-05,-3.37357187271118,6.66205,6.66205
6.66215,9.25756297E-07,-9.99806594848633,6.66215,6.66215
6.66225,5.5103886E-08,-9.99848651885986,6.66225,6.66225
6.66235,-5.059805E-08,-9.99913120269775,6.66235,6.66235
6.66245,-5.8064824E-08,-9.99881744384766,6.66245,6.66245
6.66255,-3.3203705E-08,-9.99877071380615,6.66255,6.66255
6.66265,-4.3946859E-08,-9.99898338317871,6.66265,6.66265
6.66275,-7.008056E-08,-9.99885845184326,6.66275,6.66275
6.66285,-5.4514238E-08,-9.99893093109131,6.66285,6.66285
6.66295,-8.6427306E-08,-9.99927234649658,6.66295,6.66295
6.66305,-7.280029877E-06,-6.63625717163086,6.66305,6.66305
6.66315,4.777057984E-05,-0.002048977650702,6.66315,6.66315
6.66325,5.3846655646E-05,-0.002113645430654,6.66325,6.66325
6.66335,5.526053792E-05,-0.001550634275191,6.66335,6.66335
6.66345,5.5686930864E-05,-0.001210336457007,6.66345,6.66345
6.66355,5.5813798099E-05,-0.000858428131323,6.66355,6.66355
6.66365,5.5867512856E-05,-0.000981289893389,6.66365,6.66365
6.66375,5.5841148423E-05,-0.001095074345358,6.66375,6.66375
6.66385,5.5833730585E-05,-0.00091641099425,6.66385,6.66385
6.66395,5.5826381868E-05,-0.000872572010849,6.66395,6.66395
6.66405,5.1891503972E-05,-3.35365509986877,6.66405,6.66405
6.66415,9.72047474E-07,-9.99761009216309,6.66415,6.66415
6.66425,7.6315992E-08,-9.99781036376953,6.66425,6.66425
6.66435,-2.4323729E-08,-9.99833297729492,6.66435,6.66435
6.66445,-5.1427691E-08,-9.99835300445557,6.66445,6.66445
6.66455,-4.7483379E-08,-9.99841022491455,6.66455,6.66455
6.66465,-5.6398509E-08,-9.99841213226318,6.66465,6.66465
6.66475,-3.4940328E-08,-9.99832248687744,6.66475,6.66475
6.66485,-5.2433105E-08,-9.99839878082275,6.66485,6.66485
6.66495,-6.4708985E-08,-9.99832630157471,6.66495,6.66495
6.66505,-7.326539162E-06,-6.65570592880249,6.66505,6.66505
6.66515,4.772056127E-05,-0.0019753028173,6.66515,6.66515
6.66525,5.3870819102E-05,-0.001441353349946,6.66525,6.66525
6.66535,5.5304706621E-05,-0.000918944249861,6.66535,6.66535
6.66545,5.5718741351E-05,-0.00085856881924,6.66545,6.66545
6.66555,5.584205428E-05,-0.000758083886467,6.66555,6.66555
6.66565,5.5880485888E-05,-0.000743165961467,6.66565,6.66565
6.66575,5.5903285102E-05,-0.000782290357165,6.66575,6.66575
6.66585,5.5891985539E-05,-0.000587372109294,6.66585,6.66585
6.66595,5.5873595556E-05,-0.000602993706707,6.66595,6.66595
6.66605,5.2020492149E-05,-3.33347773551941,6.66605,6.66605
6.66615,1.020405648E-06,-9.99726963043213,6.66615,6.66615
6.66625,8.0900108E-08,-9.99785804748535,6.66625,6.66625
6.66635,-1.0170609E-08,-9.99851989746094,6.66635,6.66635
6.66645,-4.4467139E-08,-9.9985818862915,6.66645,6.66645
6.66655,-6.7366649E-08,-9.99858570098877,6.66655,6.66655
6.66665,-5.7101595E-08,-9.99839687347412,6.66665,6.66665
6.66675,-7.4594375E-08,-9.99847316741943,6.66675,6.66675
6.66685,-6.9848539E-08,-9.9981861114502,6.66685,6.66685
6.66695,-5.3600228E-08,-9.99809074401855,6.66695,6.66695
6.66705,-7.410881153E-06,-6.67542362213135,6.66705,6.66705
6.66715,4.7750505473E-05,-0.001656256034039,6.66715,6.66715
6.66725,5.3886898968E-05,-0.001536982948892,6.66725,6.66725
6.66735,5.53133832E-05,-0.000958772317972,6.66735,6.66735
6.66745,5.5758177041E-05,-0.000821414752863,6.66745,6.66745
6.66755,5.588987915E-05,-0.000555073376745,6.66755,6.66755
6.66765,5.5927233916E-05,-0.000427285791375,6.66765,6.66765
6.66775,5.5931795941E-05,-0.00064626976382,6.66775,6.66775
6.66785,5.5928863731E-05,-0.000631562958006,6.66785,6.66785
6.66795,5.5917946156E-05,-0.000590890471358,6.66795,6.66795
6.66805,5.2147399401E-05,-3.31289911270142,6.66805,6.66805
6.66815,9.84885787E-07,-9.99686431884766,6.66815,6.66815
6.66825,7.6913615E-08,-9.99750804901123,6.66825,6.66825
6.66835,-8.307432E-09,-9.99779987335205,6.66835,6.66835
6.66845,-8.3678245E-08,-9.99785232543945,6.66845,6.66845
6.66855,-4.700528E-08,-9.9981632232666,6.66855,6.66855
6.66865,-2.5779118E-08,-9.99870204925537,6.66865,6.66865
6.66875,-5.1638619E-08,-9.9982738494873,6.66875,6.66875
6.66885,-3.9292427E-08,-9.99848651885986,6.66885,6.66885
6.66895,-3.3386506E-08,-9.99852848052979,6.66895,6.66895
6.66905,-7.440213722E-06,-6.69586944580078,6.66905,6.66905
6.66915,4.7733799875E-05,-0.001680110697635,6.66915,6.66915
6.66925,5.3927298723E-05,-0.001203721971251,6.66925,6.66925
6.66935,5.5336844525E-05,-0.00056886539096,6.66935,6.66935
6.66945,5.5730637541E-05,-0.000414971465943,6.66945,6.66945
6.66955,5.5852768128E-05,-0.000364588253433,6.66955,6.66955
6.66965,5.5927128415E-05,-0.000593353353906,6.66965,6.66965
6.66975,5.5921362218E-05,-0.000161718431627,6.66975,6.66975
6.66985,5.5935790442E-05,-0.000365925225196,6.66985,6.66985
6.66995,5.5925291235E-05,-0.000591101590544,6.66995,6.66995
6.67005,5.2265688282E-05,-3.29319667816162,6.67005,6.67005
6.67015,1.016834062E-06,-9.99733924865723,6.67015,6.67015
6.67025,4.9879958E-08,-9.99731159210205,6.67025,6.67025
6.67035,-3.2922472E-08,-9.99789714813232,6.67035,6.67035
6.67045,-3.3309167E-08,-9.99809741973877,6.67045,6.67045
6.67055,-4.6934971E-08,-9.99852466583252,6.67055,6.67055
6.67065,-8.372043E-08,-9.99866962432861,6.67065,6.67065
6.67075,-6.6326081E-08,-9.99868106842041,6.67075,6.67075
6.67085,-5.6728961E-08,-9.99837684631348,6.67085,6.67085
6.67095,-5.5238417E-08,-9.99833965301514,6.67095,6.67095
6.67105,-7.505966551E-06,-6.71548271179199,6.67105,6.67105
6.67115,4.7737117711E-05,-0.00139082944952,6.67115,6.67115
6.67125,5.3930700233E-05,-0.001466404180974,6.67125,6.67125
6.67135,5.533780859E-05,-0.000918240577448,6.67135,6.67135
6.67145,5.5783657444E-05,-0.000632477749605,6.67145,6.67145
6.67155,5.5930973758E-05,-0.000809452263638,6.67155,6.67155
6.67165,5.5944303313E-05,-0.000674557581078,6.67165,6.67165
6.67175,5.5954602431E-05,-0.00058533140691,6.67175,6.67175
6.67185,5.5977903685E-05,-0.000532133504748,6.67185,6.67185
6.67195,5.5926586356E-05,-0.000776520231739,6.67195,6.67195
6.67205,5.2334795328E-05,-3.27342700958252,6.67205,6.67205
6.67215,1.00596435E-06,-9.99706363677979,6.67215,6.67215
6.67225,7.8390094E-08,-9.99760627746582,6.67225,6.67225
6.67235,-6.718458E-09,-9.99789714813232,6.67235,6.67235
6.67245,-2.4197174E-08,-9.99802684783936,6.67245,6.67245
6.67255,-4.8017725E-08,-9.99812316894531,6.67255,6.67255
6.67265,-2.1884022E-08,-9.99843692779541,6.67265,6.67265
6.67275,-4.2118835E-08,-9.99824142456055,6.67275,6.67275
6.67285,-4.4790561E-08,-9.99828338623047,6.67285,6.67285
6.67295,-2.3733136E-08,-9.99836730957031,6.67295,6.67295
6.67305,-7.562761766E-06,-6.73556184768677,6.67305,6.67305
6.67315,4.7671779612E-05,-0.001765748020262,6.67315,6.67315
6.67325,5.3929034038E-05,-0.001396247767843,6.67325,6.67325
6.67335,5.5382974097E-05,-0.001135676517151,6.67335,6.67335
6.67345,5.579198114E-05,-0.000763291085605,6.67345,6.67345
6.67355,5.5928441725E-05,-0.000482383620692,6.67355,6.67355
6.67365,5.5948705267E-05,-0.000570835720282,6.67365,6.67365
6.67375,5.5982418417E-05,-0.000520030269399,6.67375,6.67375
6.67385,5.5972126574E-05,-0.000602712214459,6.67385,6.67385
6.67395,5.5944266933E-05,-0.000557395513169,6.67395,6.67395
6.67405,5.2487390349E-05,-3.25342583656311,6.67405,6.67405
6.67415,1.006597131E-06,-9.99742221832275,6.67415,6.67415
6.67425,6.5980629E-08,-9.99778652191162,6.67425,6.67425
6.67435,-7.709809E-09,-9.99823665618896,6.67435,6.67435
6.67445,-5.3902554E-08,-9.99828720092773,6.67445,6.67445
6.67455,-4.0100979E-08,-9.99833488464355,6.67455,6.67455
6.67465,-6.9250916E-08,-9.99826717376709,6.67465,6.67465
6.67475,-6.7879903E-08,-9.99849891662598,6.67475,6.67475
6.67485,-6.2852841E-08,-9.99852848052979,6.67485,6.67485
6.67495,-5.5470437E-08,-9.99849987030029,6.67495,6.67495
6.67505,-7.681927855E-06,-6.75565147399902,6.67505,6.67505
6.67515,4.7642392019E-05,-0.001968617783859,6.67515,6.67515
6.67525,5.3916421166E-05,-0.00177123665344,6.67525,6.67525
6.67535,5.5358610553E-05,-0.001290414831601,6.67535,6.67535
6.67545,5.5773314671E-05,-0.001155379461125,6.67545,6.67545
6.67555,5.5914690165E-05,-0.001048350241035,6.67555,6.67555
6.67565,5.5949076341E-05,-0.000794956518803,6.67565,6.67565
6.67575,5.5968208471E-05,-0.000438192771981,6.67575,6.67575
6.67585,5.5962653278E-05,-0.000744643679354,6.67585,6.67585
6.67595,5.5964188505E-05,-0.000813322491013,6.67595,6.67595
6.67605,5.2559127653E-05,-3.23369812965393,6.67605,6.67605
6.67615,9.76097226E-07,-9.99742317199707,6.67615,6.67615
6.67625,6.279565E-08,-9.99783515930176,6.67625,6.67625
6.67635,-2.4063587E-08,-9.99816417694092,6.67635,6.67635
6.67645,-4.4628852E-08,-9.99799156188965,6.67645,6.67645
6.67655,-5.4844691E-08,-9.99851989746094,6.67655,6.67655
6.67665,-6.3935587E-08,-9.99850749969482,6.67665,6.67665
6.67675,-7.1465642E-08,-9.99863338470459,6.67675,6.67675
6.67685,-8.5203936E-08,-9.99855995178223,6.67685,6.67685
6.67695,-9.3872991E-08,-9.99843788146973,6.67695,6.67695
6.67705,-7.736318366E-06,-6.77567481994629,6.67705,6.67705
6.67715,4.7610606998E-05,-0.001792769180611,6.67715,6.67715
6.67725,5.3946387197E-05,-0.001432909280993,6.67725,6.67725
6.67735,5.53556456E-05,-0.000959827855695,6.67735,6.67735
6.67745,5.5779473769E-05,-0.000817192718387,6.67745,6.67745
6.67755,5.5915737903E-05,-0.000573017110582,6.67755,6.67755
6.67765,5.6003755162E-05,-0.000880523526575,6.67765,6.67765
6.67775,5.5986150983E-05,-0.000843721267302,6.67775,6.67775
6.67785,5.5991120462E-05,-0.000902126368601,6.67785,6.67785
6.67795,5.5981650803E-05,-0.000683564634528,6.67795,6.67795
6.67805,5.2693045291E-05,-3.21344184875488,6.67805,6.67805
6.67815,1.015470048E-06,-9.99710845947266,6.67815,6.67815
6.67825,4.8494879E-08,-9.99777221679688,6.67825,6.67825
6.67835,-3.1221003E-08,-9.99807453155518,6.67835,6.67835
6.67845,-4.8158341E-08,-9.99812316894531,6.67845,6.67845
6.67855,-7.2787444E-08,-9.9985523223877,6.67855,6.67855
6.67865,-7.9586286E-08,-9.99869441986084,6.67865,6.67865
6.67875,-4.4896023E-08,-9.99886989593506,6.67875,6.67875
6.67885,-5.4387684E-08,-9.99867725372314,6.67885,6.67885
6.67895,-7.8440252E-08,-9.99842643737793,6.67895,6.67895
6.67905,-7.813650882E-06,-6.79592752456665,6.67905,6.67905
6.67915,4.7591263865E-05,-0.002051581162959,6.67915,6.67915
6.67925,5.3984556871E-05,-0.001477944548242,6.67925,6.67925
6.67935,5.5401822465E-05,-0.000926192093175,6.67935,6.67935
6.67945,5.5845539464E-05,-0.001091133803129,6.67945,6.67945
6.67955,5.5987802625E-05,-0.001306388294324,6.67955,6.67955
6.67965,5.6045591919E-05,-0.000824721995741,6.67965,6.67965
6.67975,5.6061486248E-05,-0.000786230957601,6.67975,6.67975
6.67985,5.6053224398E-05,-0.000878764374647,6.67985,6.67985
6.67995,5.603808313E-05,-0.000585190718994,6.67995,6.67995
6.68005,5.284355575E-05,-3.19345259666443,6.68005,6.68005
6.68015,1.046778493E-06,-9.99692535400391,6.68015,6.68015
6.68025,8.4092122E-08,-9.99722480773926,6.68025,6.68025
6.68035,2.787264E-09,-9.99774551391602,6.68035,6.68035
6.68045,-5.5885256E-08,-9.99785137176514,6.68045,6.68045
6.68055,-4.9234064E-08,-9.99804210662842,6.68055,6.68055
6.68065,-3.64379E-08,-9.99812889099121,6.68065,6.68065
6.68075,-3.8729961E-08,-9.99828624725342,6.68075,6.68075
6.68085,-2.7719635E-08,-9.99840259552002,6.68085,6.68085
6.68095,-3.4349736E-08,-9.9982271194458,6.68095,6.68095
6.68105,-7.836726581E-06,-6.81574487686157,6.68105,6.68105
6.68115,4.7579971579E-05,-0.002061643870547,6.68115,6.68115
6.68125,5.3973060858E-05,-0.001473089097999,6.68125,6.68125
6.68135,5.5437471019E-05,-0.001088881981559,6.68135,6.68135
6.68145,5.5843993323E-05,-0.000732962682378,6.68145,6.68145
6.68155,5.5982698541E-05,-0.000719100236893,6.68155,6.68155
6.68165,5.6038115872E-05,-0.000654502771795,6.68165,6.68165
6.68175,5.6045020756E-05,-0.000635292439256,6.68175,6.68175
6.68185,5.5995860748E-05,-0.000705730402842,6.68185,6.68185
6.68195,5.6006709201E-05,-0.000574776262511,6.68195,6.68195
6.68205,5.2973999118E-05,-3.17326545715332,6.68205,6.68205
6.68215,1.06801167E-06,-9.99717712402344,6.68215,6.68215
6.68225,6.7400862E-08,-9.99750328063965,6.68225,6.68225
6.68235,9.761876E-09,-9.99821090698242,6.68235,6.68235
6.68245,-1.1822862E-08,-9.99813556671143,6.68245,6.68245
6.68255,-4.2062588E-08,-9.9981746673584,6.68255,6.68255
6.68265,-4.0691571E-08,-9.9983491897583,6.68265,6.68265
6.68275,-7.1683594E-08,-9.99820137023926,6.68275,6.68275
6.68285,-5.1680804E-08,-9.998459815979,6.68285,6.68285
6.68295,-9.1271573E-08,-9.99826145172119,6.68295,6.68295
6.68305,-7.91680759E-06,-6.83545970916748,6.68305,6.68305
6.68315,4.7547651775E-05,-0.001838297001086,6.68315,6.68315
6.68325,5.4000713135E-05,-0.001285981736146,6.68325,6.68325
6.68335,5.5426859035E-05,-0.001083182287402,6.68335,6.68335
6.68345,5.5863863963E-05,-0.001170226954855,6.68345,6.68345
6.68355,5.6025248341E-05,-0.000953002192546,6.68355,6.68355
6.68365,5.6053380831E-05,-0.000761954113841,6.68365,6.68365
6.68375,5.6060987845E-05,-0.000838936306536,6.68375,6.68375
6.68385,5.6051911088E-05,-0.000435800262494,6.68385,6.68385
6.68395,5.6030283304E-05,-0.000470280385343,6.68395,6.68395
6.68405,5.3060040955E-05,-3.15329432487488,6.68405,6.68405
6.68415,1.030284011E-06,-9.9972095489502,6.68415,6.68415
6.68425,4.2490527E-08,-9.99769115447998,6.68425,6.68425
6.68435,-4.7813831E-08,-9.99806976318359,6.68435,6.68435
6.68445,-6.0216266E-08,-9.99808311462402,6.68445,6.68445
6.68455,-9.3472231E-08,-9.99817752838135,6.68455,6.68455
6.68465,-8.5330498E-08,-9.99814319610596,6.68465,6.68465
6.68475,-9.5890847E-08,-9.9984245300293,6.68475,6.68475
6.68485,-6.4765231E-08,-9.99855041503906,6.68485,6.68485
6.68495,-6.6769026E-08,-9.99842739105225,6.68495,6.68495
6.68505,-8.010261809E-06,-6.8557825088501,6.68505,6.68505
6.68515,4.7502380767E-05,-0.001757655758411,6.68515,6.68515
6.68525,5.3988347645E-05,-0.001402580761351,6.68525,6.68525
6.68535,5.5434575188E-05,-0.00100134476088,6.68535,6.68535
6.68545,5.5889708165E-05,-0.000841962115373,6.68545,6.68545
6.68555,5.6008488173E-05,-0.000857513339724,6.68555,6.68555
6.68565,5.6037355534E-05,-0.000787497556303,6.68565,6.68565
6.68575,5.6048389524E-05,-0.000580687192269,6.68575,6.68575
6.68585,5.6059961935E-05,-0.000936254684348,6.68585,6.68585
6.68595,5.604537364E-05,-0.000985582359135,6.68595,6.68595
6.68605,5.3148469306E-05,-3.13336443901062,6.68605,6.68605
6.68615,1.037764946E-06,-9.99717044830322,6.68615,6.68615
6.68625,7.2512293E-08,-9.99764919281006,6.68625,6.68625
6.68635,-3.0637441E-08,-9.99803256988525,6.68635,6.68635
6.68645,-5.6039934E-08,-9.99799823760986,6.68645,6.68645
6.68655,-8.6863224E-08,-9.99802303314209,6.68655,6.68655
6.68665,-4.6871694E-08,-9.99845123291016,6.68665,6.68665
6.68675,-6.7479142E-08,-9.99817180633545,6.68675,6.68675
6.68685,-8.6307786E-08,-9.99838733673096,6.68685,6.68685
6.68695,-7.9199587E-08,-9.99854755401611,6.68695,6.68695
6.68705,-8.056475963E-06,-6.87583208084107,6.68705,6.68705
6.68715,4.7498822823E-05,-0.001878617680632,6.68715,6.68715
6.68725,5.3974243201E-05,-0.001261212280951,6.68725,6.68725
6.68735,5.5432021327E-05,-0.000719522475265,6.68735,6.68735
6.68745,5.5873151723E-05,-0.000755269196816,6.68745,6.68745
6.68755,5.6004297221E-05,-0.000597293896135,6.68755,6.68755
6.68765,5.6065178796E-05,-0.000434392917668,6.68765,6.68765
6.68775,5.607316416E-05,-0.000479709648062,6.68775,6.68775
6.68785,5.6065826357E-05,-0.000426300626714,6.68785,6.68785
6.68795,5.6079865317E-05,-0.00061453395756,6.68795,6.68795
6.68805,5.328919724E-05,-3.11329007148743,6.68805,6.68805
6.68815,1.079064191E-06,-9.99687767028809,6.68815,6.68815
6.68825,7.9641588E-08,-9.99724388122559,6.68825,6.68825
6.68835,-1.7335056E-08,-9.99784755706787,6.68835,6.68835
6.68845,-4.9930119E-08,-9.99776077270508,6.68845,6.68845
6.68855,-7.654895E-08,-9.99782085418701,6.68855,6.68855
6.68865,-6.7443992E-08,-9.99778461456299,6.68865,6.68865
6.68875,-7.2372622E-08,-9.99776458740234,6.68875,6.68875
6.68885,-7.6696601E-08,-9.99806976318359,6.68885,6.68885
6.68895,-8.5386745E-08,-9.99798679351807,6.68895,6.68895
6.68905,-8.117960533E-06,-6.89560747146607,6.68905,6.68905
6.68915,4.7455912863E-05,-0.002229259349406,6.68915,6.68915
6.68925,5.3977779316E-05,-0.001451064134017,6.68925,6.68925
6.68935,5.5423282902E-05,-0.001001907628961,6.68935,6.68935
6.68945,5.5907272326E-05,-0.001052994513884,6.68945,6.68945
6.68955,5.6052740547E-05,-0.000953283626586,6.68955,6.68955
6.68965,5.611407687E-05,-0.000748373160604,6.68965,6.68965
6.68975,5.6093162129E-05,-0.000649436318781,6.68975,6.68975
6.68985,5.6068784033E-05,-0.000677864823956,6.68985,6.68985
6.68995,5.6049892009E-05,-0.000498427427374,6.68995,6.68995
6.69005,5.3351068345E-05,-3.09315419197083,6.69005,6.69005
6.69015,1.060362024E-06,-9.99704647064209,6.69015,6.69015
6.69025,6.2444101E-08,-9.99717617034912,6.69025,6.69025
6.69035,-2.3058174E-08,-9.99759674072266,6.69035,6.69035
6.69045,-5.1343321E-08,-9.99777317047119,6.69045,6.69045
6.69055,-5.6848485E-08,-9.99814796447754,6.69055,6.69055
6.69065,-7.5515416E-08,-9.99787521362305,6.69065,6.69065
6.69075,-8.289782E-08,-9.99802589416504,6.69075,6.69075
6.69085,-7.1465642E-08,-9.99797058105469,6.69085,6.69085
6.69095,-7.6787998E-08,-9.99826717376709,6.69095,6.69095
6.69105,-8.193253962E-06,-6.91565942764282,6.69105,6.69105
6.69115,4.7395016736E-05,-0.001782706589438,6.69115,6.69115
6.69125,5.4000567616E-05,-0.001285559497774,6.69125,6.69125
6.69135,5.5471948144E-05,-0.000947091320995,6.69135,6.69135
6.69145,5.5896409322E-05,-0.001033854554407,6.69145,6.69145
6.69155,5.6058259361E-05,-0.000552469748072,6.69155,6.69155
6.69165,5.6098011555E-05,-0.000705589656718,6.69165,6.69165
6.69175,5.612127643E-05,-0.000730499799829,6.69175,6.69175
6.69185,5.6116216001E-05,-0.000417152856244,6.69185,6.69185
6.69195,5.6094031606E-05,-0.000496527529322,6.69195,6.69195
6.69205,5.353051165E-05,-3.07321572303772,6.69205,6.69205
6.69215,1.102033934E-06,-9.99715614318848,6.69215,6.69215
6.69225,5.8738841E-08,-9.99751377105713,6.69225,6.69225
6.69235,-4.3363297E-08,-9.99787139892578,6.69235,6.69235
6.69245,-5.2524506E-08,-9.99795436859131,6.69245,6.69245
6.69255,-3.8933855E-08,-9.99821376800537,6.69255,6.69255
6.69265,-9.4969799E-08,-9.99826622009277,6.69265,6.69265
6.69275,-8.3614964E-08,-9.99817276000977,6.69275,6.69275
6.69285,-7.5733375E-08,-9.99843406677246,6.69285,6.69285
6.69295,-6.8069738E-08,-9.99861526489258,6.69295,6.69295
6.69305,-8.25013376E-06,-6.93501806259155,6.69305,6.69305
6.69315,4.7386776714E-05,-0.001490258844569,6.69315,6.69315
6.69325,5.4024872952E-05,-0.0011732528219,6.69325,6.69325
6.69335,5.5490643717E-05,-0.000964753562585,6.69335,6.69335
6.69345,5.5919212173E-05,-0.000888193608262,6.69345,6.69345
6.69355,5.6032091379E-05,-0.000597434642259,6.69355,6.69355
6.69365,5.6097429479E-05,-0.000540014705621,6.69365,6.69365
6.69375,5.611398592E-05,-0.000519959896337,6.69375,6.69375
6.69385,5.6121691159E-05,-0.000258966465481,6.69385,6.69385
6.69395,5.6115568441E-05,-0.000380772806238,6.69395,6.69395
6.69405,5.3588031733E-05,-3.05359721183777,6.69405,6.69405
6.69415,1.081356231E-06,-9.99717140197754,6.69415,6.69415
6.69425,5.3254773E-08,-9.99752807617188,6.69425,6.69425
6.69435,-9.854221E-09,-9.99796962738037,6.69435,6.69435
6.69445,-6.2177875E-08,-9.99799060821533,6.69445,6.69445
6.69455,-7.113519E-08,-9.99820423126221,6.69455,6.69455
6.69465,-9.0153662E-08,-9.99835109710693,6.69465,6.69465
6.69475,-6.6487793E-08,-9.99839973449707,6.69475,6.69475
6.69485,-8.8775614E-08,-9.99841690063477,6.69485,6.69485
6.69495,-8.3657149E-08,-9.99837398529053,6.69495,6.69495
6.69505,-8.298196917E-06,-6.95571184158325,6.69505,6.69505
6.69515,4.7382582125E-05,-0.002113152993843,6.69515,6.69515
6.69525,5.4054009524E-05,-0.001719235093333,6.69525,6.69525
6.69535,5.5514516134E-05,-0.001310751074925,6.69535,6.69535
6.69545,5.5959440942E-05,-0.001102111185901,6.69545,6.69545
6.69555,5.6103326642E-05,-0.00105440185871,6.69555,6.69555
6.69565,5.613808753E-05,-0.00081817782484,6.69565,6.69565
6.69575,5.6158653024E-05,-0.000552329001948,6.69575,6.69575
6.69585,5.6183795095E-05,-0.00087383860955,6.69585,6.69585
6.69595,5.6176759244E-05,-0.000542055349797,6.69595,6.69595
6.69605,5.3765568737E-05,-3.03329944610596,6.69605,6.69605
6.69615,1.137511731E-06,-9.99703979492188,6.69615,6.69615
6.69625,5.6010869E-08,-9.9975471496582,6.69625,6.69625
6.69635,-2.3937032E-08,-9.99816989898682,6.69635,6.69635
6.69645,-2.1166873E-08,-9.9983491897583,6.69645,6.69645
6.69655,-5.2693245E-08,-9.99825096130371,6.69655,6.69655
6.69665,-6.1791177E-08,-9.99852180480957,6.69665,6.69665
6.69675,-4.4446047E-08,-9.99860858917236,6.69675,6.69675
6.69685,-3.5305931E-08,-9.99839687347412,6.69685,6.69685
6.69695,-6.9018903E-08,-9.99842357635498,6.69695,6.69695
6.69705,-8.364364476E-06,-6.97545480728149,6.69705,6.69705
6.69715,4.7371206165E-05,-0.002098023891449,6.69715,6.69715
6.69725,5.4080410337E-05,-0.001619031536393,6.69725,6.69725
6.69735,5.5529180827E-05,-0.001076426939107,6.69735,6.69735
6.69745,5.5979162426E-05,-0.000959194498137,6.69745,6.69745
6.69755,5.612437235E-05,-0.001007396378554,6.69755,6.69755
6.69765,5.6141281675E-05,-0.000774127722252,6.69765,6.69765
6.69775,5.616409544E-05,-0.000736340298317,6.69775,6.69775
6.69785,5.6159482483E-05,-0.000556973274797,6.69785,6.69785
6.69795,5.6177530496E-05,-0.000639514473733,6.69795,6.69795
6.69805,5.3876388847E-05,-3.01323461532593,6.69805,6.69805
6.69815,1.102448778E-06,-9.99681568145752,6.69815,6.69815
6.69825,8.7473964E-08,-9.99741458892822,6.69825,6.69825
6.69835,-4.763879E-09,-9.99801921844482,6.69835,6.69835
6.69845,-3.4047407E-08,-9.99810600280762,6.69845,6.69845
6.69855,-3.5151253E-08,-9.99814510345459,6.69855,6.69855
6.69865,-5.6412571E-08,-9.99826526641846,6.69865,6.69865
6.69875,-4.7701334E-08,-9.99822616577148,6.69875,6.69875
6.69885,-8.5182847E-08,-9.99783134460449,6.69885,6.69885
6.69895,-9.3760498E-08,-9.99823951721191,6.69895,6.69895
6.69905,-8.418473953E-06,-6.99546527862549,6.69905,6.69905
6.69915,4.7352157708E-05,-0.001690947217867,6.69915,6.69915
6.69925,5.4109397752E-05,-0.001362612005323,6.69925,6.69925
6.69935,5.5578249885E-05,-0.001012110966258,6.69935,6.69935
6.69945,5.6009957916E-05,-0.00088164943736,6.69945,6.69945
6.69955,5.6154280173E-05,-0.000780460773967,6.69955,6.69955
6.69965,5.6172291806E-05,-0.000964542443398,6.69965,6.69965
6.69975,5.6198005041E-05,-0.000667168933433,6.69975,6.69975
6.69985,5.6191067415E-05,-0.000591594143771,6.69985,6.69985
6.69995,5.6184246205E-05,-0.000605456589255,6.69995,6.69995
6.70005,5.3994182963E-05,-2.99364137649536,6.70005,6.70005
6.70015,1.107215667E-06,-9.99702548980713,6.70015,6.70015
6.70025,5.2931352E-08,-9.9971809387207,6.70025,6.70025
6.70035,-2.9512503E-08,-9.99756050109863,6.70035,6.70035
6.70045,-5.5575899E-08,-9.99780082702637,6.70045,6.70045
6.70055,-7.0889108E-08,-9.99784278869629,6.70055,6.70055
6.70065,-1.16287367E-07,-9.99765014648438,6.70065,6.70065
6.70075,-1.14417162E-07,-9.9980583190918,6.70075,6.70075
6.70085,-1.09994751E-07,-9.99770355224609,6.70085,6.70085
6.70095,-9.3563628E-08,-9.99796104431152,6.70095,6.70095
6.70105,-8.525532394E-06,-7.01525497436523,6.70105,6.70105
6.70115,4.726761108E-05,-0.001468374510296,6.70115,6.70115
6.70125,5.4106203606E-05,-0.001265504746698,6.70125,6.70125
6.70135,5.5562079069E-05,-0.000827325624414,6.70135,6.70135
6.70145,5.6043754739E-05,-0.000718537310604,6.70145,6.70145
6.70155,5.617885472E-05,-0.000738732807804,6.70155,6.70155
6.70165,5.6247128668E-05,-0.000547755102161,6.70165,6.70165
6.70175,5.6210428738E-05,-0.000297527905786,6.70175,6.70175
6.70185,5.6206499721E-05,-0.000388513231883,6.70185,6.70185
6.70195,5.6183220295E-05,-0.000480765156681,6.70195,6.70195
6.70205,5.4092073697E-05,-2.97288727760315,6.70205,6.70205
6.70215,1.119266585E-06,-9.99657917022705,6.70215,6.70215
6.70225,5.2481376E-08,-9.99691009521484,6.70225,6.70225
6.70235,-3.2324849E-08,-9.99738216400146,6.70235,6.70235
6.70245,-6.7865841E-08,-9.99798583984375,6.70245,6.70245
6.70255,-3.9362739E-08,-9.99792766571045,6.70255,6.70255
6.70265,-7.1760937E-08,-9.99796676635742,6.70265,6.70265
6.70275,-8.7432724E-08,-9.9981803894043,6.70275,6.70275
6.70285,-7.5023252E-08,-9.99816417694092,6.70285,6.70285
6.70295,-8.3776676E-08,-9.99826622009277,6.70295,6.70295
6.70305,-8.588015589E-06,-7.03559350967407,6.70305,6.70305
6.70315,4.7248606279E-05,-0.001938500558026,6.70315,6.70315
6.70325,5.4111718782E-05,-0.001369930221699,6.70325,6.70325
6.70335,5.5600852647E-05,-0.000885519664735,6.70335,6.70335
6.70345,5.6015927839E-05,-0.001143909525126,6.70345,6.70345
6.70355,5.6192147895E-05,-0.000791508529801,6.70355,6.70355
6.70365,5.625540507E-05,-0.000659498909954,6.70365,6.70365
6.70375,5.6211491028E-05,-0.00029175778036,6.70375,6.70375
6.70385,5.6221517298E-05,-0.000440796371549,6.70385,6.70385
6.70395,5.6211512856E-05,-0.00041173453792,6.70395,6.70395
6.70405,5.4196356359E-05,-2.95348572731018,6.70405,6.70405
6.70415,1.134418085E-06,-9.99704170227051,6.70415,6.70415
6.70425,5.4435954E-08,-9.99739646911621,6.70425,6.70425
6.70435,-2.7136073E-08,-9.99775314331055,6.70435,6.70435
6.70445,-7.0868019E-08,-9.99809837341309,6.70445,6.70445
6.70455,-6.6551067E-08,-9.99812412261963,6.70455,6.70455
6.70465,-5.5273571E-08,-9.99810409545898,6.70465,6.70465
6.70475,-5.4050201E-08,-9.99818134307861,6.70475,6.70475
6.70485,-7.6267717E-08,-9.99819278717041,6.70485,6.70485
6.70495,-7.096645E-08,-9.99801635742188,6.70495,6.70495
6.70505,-8.641653949E-06,-7.0553731918335,6.70505,6.70505
6.70515,4.7208734031E-05,-0.001662377966568,6.70515,6.70515
6.70525,5.4117306718E-05,-0.001432205550373,6.70525,6.70525
6.70535,5.560412319E-05,-0.001084659947082,6.70535,6.70535
6.70545,5.6087937992E-05,-0.000914018542971,6.70545,6.70545
6.70555,5.6226359447E-05,-0.000675050134305,6.70555,6.70555
6.70565,5.6246637541E-05,-0.000545503338799,6.70565,6.70565
6.70575,5.6271484937E-05,-0.000282047054498,6.70575,6.70575
6.70585,5.6256361859E-05,-0.00073486258043,6.70585,6.70585
6.70595,5.626166967E-05,-0.000573017110582,6.70595,6.70595
6.70605,5.4369389545E-05,-2.93329524993897,6.70605,6.70605
6.70615,1.158294936E-06,-9.99709606170654,6.70615,6.70615
6.70625,7.3869252E-08,-9.99748229980469,6.70625,6.70625
6.70635,-4.8516917E-08,-9.99773693084717,6.70635,6.70635
6.70645,-1.08061265E-07,-9.99781608581543,6.70645,6.70645
6.70655,-6.9145457E-08,-9.99802112579346,6.70655,6.70655
6.70665,-4.0185348E-08,-9.99803161621094,6.70665,6.70665
6.70675,-6.2381773E-08,-9.99834156036377,6.70675,6.70675
6.70685,-7.9002724E-08,-9.99825096130371,6.70685,6.70685
6.70695,-6.9349355E-08,-9.99839973449707,6.70695,6.70695
6.70705,-8.63848345E-06,-7.07543420791626,6.70705,6.70705
6.70715,4.7215984523E-05,-0.001898179878481,6.70715,6.70715
6.70725,5.4117048421E-05,-0.001686936360784,6.70725,6.70725
6.70735,5.5604454246E-05,-0.001241790829226,6.70735,6.70735
6.70745,5.6058153859E-05,-0.000923518149648,6.70745,6.70745
6.70755,5.6237320678E-05,-0.000831829151139,6.70755,6.70755
6.70765,5.6253556977E-05,-0.000895652570762,6.70765,6.70765
6.70775,5.6237611716E-05,-0.000793830666225,6.70775,6.70775
6.70785,5.6238615798E-05,-0.000577379891183,6.70785,6.70785
6.70795,5.6234643125E-05,-0.000556410348509,6.70795,6.70795
6.70805,5.446063733E-05,-2.9135627746582,6.70805,6.70805
6.70815,1.137132017E-06,-9.99703216552734,6.70815,6.70815
6.70825,5.6770201E-08,-9.99747753143311,6.70825,6.70825
6.70835,-3.7485499E-08,-9.99797344207764,6.70835,6.70835
6.70845,-5.4957184E-08,-9.99814224243164,6.70845,6.70845
6.70855,-8.1906464E-08,-9.99813747406006,6.70855,6.70855
6.70865,-9.0399745E-08,-9.99839305877686,6.70865,6.70865
6.70875,-8.1864279E-08,-9.99845027923584,6.70875,6.70875
6.70885,-1.04334909E-07,-9.99847888946533,6.70885,6.70885
6.70895,-5.8873372E-08,-9.99863624572754,6.70895,6.70895
6.70905,-8.690715731E-06,-7.09560966491699,6.70905,6.70905
6.70915,4.7153782361E-05,-0.001748226466589,6.70915,6.70915
6.70925,5.4112562793E-05,-0.001101900008507,6.70925,6.70925
6.70935,5.5605625676E-05,-0.000783908821177,6.70935,6.70935
6.70945,5.6060398492E-05,-0.000625370594207,6.70945,6.70945
6.70955,5.6209268223E-05,-0.000496175664011,6.70955,6.70955
6.70965,5.6256383687E-05,-0.000425737700425,6.70965,6.70965
6.70975,5.6249948102E-05,-0.000422571145464,6.70975,6.70975
6.70985,5.6259632402E-05,-0.000539944332559,6.70985,6.70985
6.70995,5.6247481552E-05,-0.000319201149978,6.70995,6.70995
6.71005,5.4540127167E-05,-2.89350771903992,6.71005,6.71005
6.71015,1.159194881E-06,-9.99712467193604,6.71015,6.71015
6.71025,5.0104948E-08,-9.99730968475342,6.71025,6.71025
6.71035,-5.059805E-08,-9.99796581268311,6.71035,6.71035
6.71045,-8.8515471E-08,-9.99798965454102,6.71045,6.71045
6.71055,-8.7235854E-08,-9.99808788299561,6.71055,6.71055
6.71065,-8.7067114E-08,-9.99860858917236,6.71065,6.71065
6.71075,-1.20991018E-07,-9.99852275848389,6.71075,6.71075
6.71085,-1.28858545E-07,-9.99876308441162,6.71085,6.71085
6.71095,-9.5082299E-08,-9.99891757965088,6.71095,6.71095
6.71105,-8.800453543E-06,-7.11559200286865,6.71105,6.71105
6.71115,4.7129055019E-05,-0.001965732779354,6.71115,6.71115
6.71125,5.4142808949E-05,-0.001601087860763,6.71125,6.71125
6.71135,5.5648331909E-05,-0.001091133803129,6.71135,6.71135
6.71145,5.6102751842E-05,-0.001013940549456,6.71145,6.71145
6.71155,5.6230932387E-05,-0.000823103589937,6.71155,6.71155
6.71165,5.6277032854E-05,-0.000998037401587,6.71165,6.71165
6.71175,5.6261858845E-05,-0.000764768803492,6.71175,6.71175
6.71185,5.6255714298E-05,-0.000725433346815,6.71185,6.71185
6.71195,5.6241849961E-05,-0.000854065292515,6.71195,6.71195
6.71205,5.4672731494E-05,-2.87368488311768,6.71205,6.71205
6.71215,1.134945478E-06,-9.99721908569336,6.71215,6.71215
6.71225,2.395015E-08,-9.99780178070068,6.71225,6.71225
6.71235,-3.5776999E-08,-9.99796581268311,6.71235,6.71235
6.71245,-5.5076708E-08,-9.99831771850586,6.71245,6.71245
6.71255,-7.7680923E-08,-9.99853515625,6.71255,6.71255
6.71265,-7.5592752E-08,-9.99877071380615,6.71265,6.71265
6.71275,-9.6094738E-08,-9.99860095977783,6.71275,6.71275
6.71285,-7.6499738E-08,-9.99866199493408,6.71285,6.71285
6.71295,-8.7383505E-08,-9.99860954284668,6.71295,6.71295
6.71305,-8.814781722E-06,-7.13552474975586,6.71305,6.71305
6.71315,4.7108438594E-05,-0.00189008761663,6.71315,6.71315
6.71325,5.417486318E-05,-0.001513620838523,6.71325,6.71325
6.71335,5.5641077779E-05,-0.001170789939351,6.71335,6.71335
6.71345,5.6127435528E-05,-0.00101408129558,6.71345,6.71345
6.71355,5.6259399571E-05,-0.000990226631984,6.71355,6.71355
6.71365,5.6299846619E-05,-0.000854276411701,6.71365,6.71365
6.71375,5.6295881222E-05,-0.000852798693813,6.71375,6.71375
6.71385,5.6305936596E-05,-0.000740280898754,6.71385,6.71385
6.71395,5.6269149354E-05,-0.000938084267545,6.71395,6.71395
6.71405,5.4809170251E-05,-2.85383319854736,6.71405,6.71405
6.71415,1.199966846E-06,-9.99745082855225,6.71415,6.71415
6.71425,5.880915E-08,-9.99746322631836,6.71425,6.71425
6.71435,-4.0065824E-08,-9.99819278717041,6.71435,6.71435
6.71445,-3.9074472E-08,-9.99835681915283,6.71445,6.71445
6.71455,-5.1807358E-08,-9.99852180480957,6.71455,6.71455
6.71465,-7.8123861E-08,-9.99859046936035,6.71465,6.71465
6.71475,-7.6696601E-08,-9.99856090545654,6.71475,6.71475
6.71485,-3.5270777E-08,-9.99852848052979,6.71485,6.71485
6.71495,-6.7577574E-08,-9.99869441986084,6.71495,6.71495
6.71505,-8.856299246E-06,-7.15560865402222,6.71505,6.71505
6.71515,4.7079578508E-05,-0.001875380752608,6.71515,6.71515
6.71525,5.4190019E-05,-0.001835834118538,6.71525,6.71525
6.71535,5.5709242588E-05,-0.001306388294324,6.71535,6.71535
6.71545,5.6178305385E-05,-0.001136802369729,6.71545,6.71545
6.71555,5.6321088778E-05,-0.000771313032601,6.71555,6.71555
6.71565,5.6340079027E-05,-0.000874823774211,6.71565,6.71565
6.71575,5.6348522776E-05,-0.000981993624009,6.71575,6.71575
6.71585,5.6344368204E-05,-0.000905855849851,6.71585,6.71585
6.71595,5.6322085584E-05,-0.000839569605887,6.71595,6.71595
6.71605,5.4925272707E-05,-2.83329486846924,6.71605,6.71605
6.71615,1.218050215E-06,-9.99722385406494,6.71615,6.71615
6.71625,9.0047259E-08,-9.99772262573242,6.71625,6.71625
6.71635,4.095003E-09,-9.99808025360107,6.71635,6.71635
6.71645,-2.1173904E-08,-9.99823379516602,6.71645,6.71645
6.71655,-4.176729E-08,-9.99841594696045,6.71655,6.71655
6.71665,-4.7567749E-08,-9.99815559387207,6.71665,6.71665
6.71675,-6.3464526E-08,-9.99810981750488,6.71675,6.71675
6.71685,-7.19578E-08,-9.99802112579346,6.71685,6.71685
6.71695,-7.3195231E-08,-9.99826335906982,6.71695,6.71695
6.71705,-8.91774198E-06,-7.17545318603516,6.71705,6.71705
6.71715,4.7063786042E-05,-0.002214763779193,6.71715,6.71715
6.71725,5.4206248024E-05,-0.001637467881665,6.71725,6.71725
6.71735,5.5678818171E-05,-0.001233698567376,6.71735,6.71735
6.71745,5.614940892E-05,-0.001375981839374,6.71745,6.71745
6.71755,5.6279281125E-05,-0.001064886688255,6.71755,6.71755
6.71765,5.6327346101E-05,-0.000851813529152,6.71765,6.71765
6.71775,5.6356522691E-05,-0.000958490825724,6.71775,6.71775
6.71785,5.637326467E-05,-0.001148553797975,6.71785,6.71785
6.71795,5.6319462601E-05,-0.000978123396635,6.71795,6.71795
6.71805,5.5020977015E-05,-2.81378960609436,6.71805,6.71805
6.71815,1.200564384E-06,-9.99725914001465,6.71815,6.71815
6.71825,6.2753465E-08,-9.99735927581787,6.71825,6.71825
6.71835,-1.884669E-08,-9.99805545806885,6.71835,6.71835
6.71845,-4.0311903E-08,-9.99778938293457,6.71845,6.71845
6.71855,-7.284369E-08,-9.998122215271,6.71855,6.71855
6.71865,-5.3058852E-08,-9.99778652191162,6.71865,6.71865
6.71875,-9.1419217E-08,-9.99803161621094,6.71875,6.71875
6.71885,-1.03835717E-07,-9.99803161621094,6.71885,6.71885
6.71895,-9.1285635E-08,-9.99820804595947,6.71895,6.71895
6.71905,-9.002505976E-06,-7.19567012786865,6.71905,6.71905
6.71915,4.7009798436E-05,-0.002208923222497,6.71915,6.71915
6.71925,5.4238891607E-05,-0.002095490694046,6.71925,6.71925
6.71935,5.57514104E-05,-0.001366552547552,6.71935,6.71935
6.71945,5.6177748775E-05,-0.001359797315672,6.71945,6.71945
6.71955,5.6331184169E-05,-0.00120681815315,6.71955,6.71955
6.71965,5.6350007071E-05,-0.001085996977054,6.71965,6.71965
6.71975,5.6371743995E-05,-0.001030969433486,6.71975,6.71975
6.71985,5.6357930589E-05,-0.000875668192748,6.71985,6.71985
6.71995,5.6351684179E-05,-0.000969397835433,6.71995,6.71995
6.72005,5.5147371313E-05,-2.79404497146607,6.72005,6.72005
6.72015,1.204368118E-06,-9.99725341796875,6.72015,6.72015
6.72025,6.2570656E-08,-9.99746608734131,6.72025,6.72025
6.72035,6.387064E-09,-9.99795532226563,6.72035,6.72035
6.72045,-6.1088095E-08,-9.99795055389404,6.72045,6.72045
6.72055,-7.9980012E-08,-9.99795913696289,6.72055,6.72055
6.72065,-7.5620875E-08,-9.99813747406006,6.72065,6.72065
6.72075,-6.4589457E-08,-9.99826335906982,6.72075,6.72075
6.72085,-6.6853396E-08,-9.99828338623047,6.72085,6.72085
6.72095,-6.9757142E-08,-9.9983491897583,6.72095,6.72095
6.72105,-9.014922398E-06,-7.21549558639526,6.72105,6.72105
6.72115,4.694216841E-05,-0.001944340998307,6.72115,6.72115
6.72125,5.4173589888E-05,-0.001753363292664,6.72125,6.72125
6.72135,5.5729004089E-05,-0.0013488199329,6.72135,6.72135
6.72145,5.6198048696E-05,-0.001433120341972,6.72145,6.72145
6.72155,5.6325123296E-05,-0.001155449775979,6.72155,6.72155
6.72165,5.6357697758E-05,-0.001203158986755,6.72165,6.72165
6.72175,5.6368797232E-05,-0.001009929575957,6.72175,6.72175
6.72185,5.6351058447E-05,-0.001055527827702,6.72185,6.72185
6.72195,5.6345394114E-05,-0.000866801827215,6.72195,6.72195
6.72205,5.5228061683E-05,-2.7738094329834,6.72205,6.72205
6.72215,1.242032454E-06,-9.99721050262451,6.72215,6.72215
6.72225,4.5352085E-08,-9.99750423431396,6.72225,6.72225
6.72235,-5.6989101E-08,-9.99780464172363,6.72235,6.72235
6.72245,-8.5724224E-08,-9.99786472320557,6.72245,6.72245
6.72255,-1.08180785E-07,-9.9982271194458,6.72255,6.72255
6.72265,-1.15682717E-07,-9.99813938140869,6.72265,6.72265
6.72275,-1.23726011E-07,-9.99836254119873,6.72275,6.72275
6.72285,-1.04278662E-07,-9.99847221374512,6.72285,6.72285
6.72295,-7.9051937E-08,-9.99840450286865,6.72295,6.72295
6.72305,-9.098455848E-06,-7.23551082611084,6.72305,6.72305
6.72315,4.6916546125E-05,-0.002150377258658,6.72315,6.72315
6.72325,5.4236537835E-05,-0.001965451287106,6.72325,6.72325
6.72335,5.5742511904E-05,-0.00120991433505,6.72335,6.72335
6.72345,5.6187353039E-05,-0.000937943521421,6.72345,6.72345
6.72355,5.6339402363E-05,-0.000913174124435,6.72355,6.72355
6.72365,5.6389759266E-05,-0.000941532256547,6.72365,6.72365
6.72375,5.6413900893E-05,-0.000826340459753,6.72375,6.72375
6.72385,5.6389249949E-05,-0.000610734161455,6.72385,6.72385
6.72395,5.6390545069E-05,-0.000559365784284,6.72395,6.72395
6.72405,5.5395663367E-05,-2.7537157535553,6.72405,6.72405
6.72415,1.254427843E-06,-9.99699592590332,6.72415,6.72415
6.72425,5.0969742E-08,-9.99726009368896,6.72425,6.72425
6.72435,-5.973187E-09,-9.99808120727539,6.72435,6.72435
6.72445,-3.3527122E-08,-9.99798774719238,6.72445,6.72445
6.72455,-7.4038937E-08,-9.99789142608643,6.72455,6.72455
6.72465,-6.2107567E-08,-9.99829292297363,6.72465,6.72465
6.72475,-6.6319053E-08,-9.99850273132324,6.72475,6.72475
6.72485,-6.2072409E-08,-9.99848461151123,6.72485,6.72485
6.72495,-5.9555365E-08,-9.99827289581299,6.72495,6.72495
6.72505,-9.138714631E-06,-7.25542020797729,6.72505,6.72505
6.72515,4.6912995458E-05,-0.001988391159102,6.72515,6.72515
6.72525,5.4240819736E-05,-0.001707413233817,6.72525,6.72525
6.72535,5.5764216086E-05,-0.001545708510093,6.72535,6.72535
6.72545,5.6219956605E-05,-0.001251431182027,6.72545,6.72545
6.72555,5.636296919E-05,-0.001321869203821,6.72555,6.72555
6.72565,5.6401582697E-05,-0.001074386294931,6.72565,6.72565
6.72575,5.6424370996E-05,-0.001194222364575,6.72575,6.72575
6.72585,5.6447017414E-05,-0.001173674943857,6.72585,6.72585
6.72595,5.6419281464E-05,-0.000983119476587,6.72595,6.72595
6.72605,5.547166802E-05,-2.73391151428223,6.72605,6.72605
6.72615,1.257155873E-06,-9.99707508087158,6.72615,6.72615
6.72625,5.6299132E-08,-9.99708461761475,6.72625,6.72625
6.72635,-2.1328583E-08,-9.99767398834229,6.72635,6.72635
6.72645,-3.669804E-08,-9.99801731109619,6.72645,6.72645
6.72655,-5.7797649E-08,-9.99819469451904,6.72655,6.72655
6.72665,-6.2740341E-08,-9.99827861785889,6.72665,6.72665
6.72675,-4.1689951E-08,-9.99835205078125,6.72675,6.72675
6.72685,-4.3602345E-08,-9.99873542785645,6.72685,6.72685
6.72695,-9.5229943E-08,-9.99876403808594,6.72695,6.72695
6.72705,-9.194152881E-06,-7.27590847015381,6.72705,6.72705
6.72715,4.6839326387E-05,-0.002361621009186,6.72715,6.72715
6.72725,5.4281816119E-05,-0.001773981028236,6.72725,6.72725
6.72735,5.580159268E-05,-0.001352760591544,6.72735,6.72735
6.72745,5.6279881392E-05,-0.001168608549051,6.72745,6.72745
6.72755,5.6427252275E-05,-0.000794182473328,6.72755,6.72755
6.72765,5.6460004998E-05,-0.00076624652138,6.72765,6.72765
6.72775,5.6459033658E-05,-0.000543673813809,6.72775,6.72775
6.72785,5.6447959651E-05,-0.000717692892067,6.72785,6.72785
6.72795,5.6467182731E-05,-0.000800022971816,6.72795,6.72795
6.72805,5.5621705542E-05,-2.71407008171082,6.72805,6.72805
6.72815,1.328448775E-06,-9.99728679656982,6.72815,6.72815
6.72825,9.3625964E-08,-9.99755382537842,6.72825,6.72825
6.72835,7.526063E-09,-9.99796390533447,6.72835,6.72835
6.72845,-3.2817006E-08,-9.99820899963379,6.72845,6.72845
6.72855,-5.6982071E-08,-9.99825000762939,6.72855,6.72855
6.72865,-4.2786766E-08,-9.99833488464355,6.72865,6.72865
6.72875,-4.3778115E-08,-9.99851226806641,6.72875,6.72875
6.72885,-7.891132E-08,-9.99869537353516,6.72885,6.72885
6.72895,-4.7870078E-08,-9.99853992462158,6.72895,6.72895
6.72905,-9.226389921E-06,-7.29548978805542,6.72905,6.72905
6.72915,4.6869692596E-05,-0.001862151664682,6.72915,6.72915
6.72925,5.4285490478E-05,-0.00134516088292,6.72925,6.72925
6.72935,5.5841308495E-05,-0.001145316869952,6.72935,6.72935
6.72945,5.6322944147E-05,-0.000890374998562,6.72945,6.72945
6.72955,5.6429413235E-05,-0.000926755077671,6.72955,6.72955
6.72965,5.6457065511E-05,-0.001153831370175,6.72965,6.72965
6.72975,5.6499360653E-05,-0.001218780642375,6.72975,6.72975
6.72985,5.6486635003E-05,-0.001099085318856,6.72985,6.72985
6.72995,5.6448705436E-05,-0.000856035621837,6.72995,6.72995
6.73005,5.5719370721E-05,-2.69389629364014,6.73005,6.73005
6.73015,1.288154863E-06,-9.99738597869873,6.73015,6.73015
6.73025,8.7811443E-08,-9.99746131896973,6.73025,6.73025
6.73035,-1.5626556E-08,-9.99786758422852,6.73035,6.73035
6.73045,-3.3576342E-08,-9.99808692932129,6.73045,6.73045
6.73055,-5.3431485E-08,-9.99813461303711,6.73055,6.73055
6.73065,-7.5599786E-08,-9.99828338623047,6.73065,6.73065
6.73075,-8.1168224E-08,-9.99837875366211,6.73075,6.73075
6.73085,-4.6084239E-08,-9.99838161468506,6.73085,6.73085
6.73095,-4.0417365E-08,-9.99872589111328,6.73095,6.73095
6.73105,-9.278594007E-06,-7.3155951499939,6.73105,6.73105
6.73115,4.6750104957E-05,-0.002032793127,6.73115,6.73115
6.73125,5.4251006077E-05,-0.001838578493334,6.73125,6.73125
6.73135,5.5819680711E-05,-0.001218639896251,6.73135,6.73135
6.73145,5.6265213061E-05,-0.001204073778354,6.73145,6.73145
6.73155,5.6436394516E-05,-0.001083956332877,6.73155,6.73155
6.73165,5.6497257901E-05,-0.000948287546635,6.73165,6.73165
6.73175,5.6511758885E-05,-0.000565909955185,6.73175,6.73175
6.73185,5.6479308114E-05,-0.00029766865191,6.73185,6.73185
6.73195,5.6490131101E-05,-0.00053966284031,6.73195,6.73195
6.73205,5.5850861827E-05,-2.67362666130066,6.73205,6.73205
6.73215,1.311096526E-06,-9.99679565429688,6.73215,6.73215
6.73225,9.4413423E-08,-9.99764919281006,6.73225,6.73225
6.73235,6.429249E-09,-9.99805927276611,6.73235,6.73235
6.73245,-4.131102E-09,-9.99823379516602,6.73245,6.73245
6.73255,-4.8516917E-08,-9.99835205078125,6.73255,6.73255
6.73265,-6.0223293E-08,-9.99818515777588,6.73265,6.73265
6.73275,-5.1814389E-08,-9.99851036071777,6.73275,6.73275
6.73285,-6.7936149E-08,-9.99875068664551,6.73285,6.73285
6.73295,-5.0049643E-08,-9.99843406677246,6.73295,6.73295
6.73305,-9.341288205E-06,-7.33555030822754,6.73305,6.73305
6.73315,4.673145304E-05,-0.00199908693321,6.73315,6.73315
6.73325,5.4309810366E-05,-0.001472103991546,6.73325,6.73325
6.73335,5.5875745602E-05,-0.001108444179408,6.73335,6.73335
6.73345,5.6343207689E-05,-0.001218780642375,6.73345,6.73345
6.73355,5.6472596043E-05,-0.001067630946636,6.73355,6.73355
6.73365,5.6523203966E-05,-0.0007924233214,6.73365,6.73365
6.73375,5.6500310166E-05,-0.000627200177405,6.73375,6.73375
6.73385,5.6531986047E-05,-0.000597223581281,6.73385,6.73385
6.73395,5.6495966419E-05,-0.00068293127697,6.73395,6.73395
6.73405,5.595922994E-05,-2.65351724624634,6.73405,6.73405
6.73415,1.325066933E-06,-9.99714183807373,6.73415,6.73415
6.73425,7.1014725E-08,-9.99746227264404,6.73425,6.73425
6.73435,-8.820685E-09,-9.99798965454102,6.73435,6.73435
6.73445,-1.2568132E-08,-9.99804210662842,6.73445,6.73445
6.73455,-2.0534095E-08,-9.99828815460205,6.73455,6.73455
6.73465,-3.5917616E-08,-9.99826335906982,6.73465,6.73465
6.73475,-5.3079944E-08,-9.99824714660645,6.73475,6.73475
6.73485,-4.1296225E-08,-9.99833011627197,6.73485,6.73485
6.73495,-3.931352E-08,-9.99855136871338,6.73495,6.73495
6.73505,-9.374304682E-06,-7.35551977157593,6.73505,6.73505
6.73515,4.6684381232E-05,-0.00225635105744,6.73515,6.73515
6.73525,5.4318032198E-05,-0.001930337864906,6.73525,6.73525
6.73535,5.5867454648E-05,-0.001074878848158,6.73535,6.73535
6.73545,5.6306293118E-05,-0.001067279139534,6.73545,6.73545
6.73555,5.643611803E-05,-0.000971016299445,6.73555,6.73555
6.73565,5.650634921E-05,-0.000864479748998,6.73565,6.73565
6.73575,5.6546061387E-05,-0.001051516854204,6.73575,6.73575
6.73585,5.6503926317E-05,-0.001127373077907,6.73585,6.73585
6.73595,5.6493208831E-05,-0.00100655190181,6.73595,6.73595
6.73605,5.6044387748E-05,-2.63385224342346,6.73605,6.73605
6.73615,1.303503268E-06,-9.9969425201416,6.73615,6.73615
6.73625,6.4040108E-08,-9.99742317199707,6.73625,6.73625
6.73635,-1.222362E-08,-9.9979944229126,6.73635,6.73635
6.73645,-4.71459E-08,-9.99833297729492,6.73645,6.73645
6.73655,-8.5358622E-08,-9.99835968017578,6.73655,6.73655
6.73665,-5.9456934E-08,-9.99816989898682,6.73665,6.73665
6.73675,-6.5538629E-08,-9.99827480316162,6.73675,6.73675
6.73685,-6.8547834E-08,-9.99837303161621,6.73685,6.73685
6.73695,-7.0558663E-08,-9.99829769134521,6.73695,6.73695
6.73705,-9.45937154E-06,-7.37554836273193,6.73705,6.73705
6.73715,4.6649023716E-05,-0.002037859521806,6.73715,6.73715
6.73725,5.4300995544E-05,-0.001622761017643,6.73725,6.73725
6.73735,5.5850090575E-05,-0.001066716271453,6.73735,6.73735
6.73745,5.6341428717E-05,-0.000844354566652,6.73745,6.73745
6.73755,5.6491833675E-05,-0.001029914012179,6.73755,6.73755
6.73765,5.6548738939E-05,-0.000988256302662,6.73765,6.73765
6.73775,5.6532237068E-05,-0.000862227985635,6.73775,6.73775
6.73785,5.6499411585E-05,-0.000847521121614,6.73785,6.73785
6.73795,5.6505858083E-05,-0.000632548064459,6.73795,6.73795
6.73805,5.6141245295E-05,-2.61385107040405,6.73805,6.73805
6.73815,1.373797772E-06,-9.9971399307251,6.73815,6.73815
6.73825,7.0297574E-08,-9.99746799468994,6.73825,6.73825
6.73835,-3.8835424E-08,-9.99806213378906,6.73835,6.73835
6.73845,-5.8142163E-08,-9.99806118011475,6.73845,6.73845
6.73855,-6.4772266E-08,-9.9982328414917,6.73855,6.73855
6.73865,-8.8002224E-08,-9.9981050491333,6.73865,6.73865
6.73875,-8.8002224E-08,-9.99846363067627,6.73875,6.73875
6.73885,-6.0370944E-08,-9.99821853637695,6.73885,6.73885
6.73895,-4.7188085E-08,-9.99862575531006,6.73895,6.73895
6.73905,-9.491375749E-06,-7.39547204971313,6.73905,6.73905
6.73915,4.6604258387E-05,-0.001879321294837,6.73915,6.73915
6.73925,5.4332071159E-05,-0.001684684539214,6.73925,6.73925
6.73935,5.588710701E-05,-0.001114003243856,6.73935,6.73935
6.73945,5.6342207245E-05,-0.001060031354427,6.73945,6.73945
6.73955,5.6499036873E-05,-0.000926332839299,6.73955,6.73955
6.73965,5.6552366004E-05,-0.000992619083263,6.73965,6.73965
6.73975,5.6548156863E-05,-0.000801289628725,6.73975,6.73975
6.73985,5.6521206716E-05,-0.000895371078514,6.73985,6.73985
6.73995,5.6551314628E-05,-0.000643314328045,6.73995,6.73995
6.74005,5.6277644035E-05,-2.59385704994202,6.74005,6.74005
6.74015,1.375246143E-06,-9.9971342086792,6.74015,6.74015
6.74025,7.1767026E-08,-9.99712371826172,6.74025,6.74025
6.74035,4.362176E-09,-9.99810409545898,6.74035,6.74035
6.74045,-3.922915E-08,-9.99831771850586,6.74045,6.74045
6.74055,-7.6830183E-08,-9.99828338623047,6.74055,6.74055
6.74065,-7.0129779E-08,-9.99837589263916,6.74065,6.74065
6.74075,-7.1648444E-08,-9.99797344207764,6.74075,6.74075
6.74085,-7.0614909E-08,-9.99785804748535,6.74085,6.74085
6.74095,-7.597945E-08,-9.99817752838135,6.74095,6.74095
6.74105,-9.521003449E-06,-7.41516971588135,6.74105,6.74105
6.74115,4.6559394832E-05,-0.002019212115556,6.74115,6.74115
6.74125,5.4353233281E-05,-0.001655059750192,6.74125,6.74125
6.74135,5.592063826E-05,-0.001114566228352,6.74135,6.74135
6.74145,5.6368488003E-05,-0.000890445371624,6.74145,6.74145
6.74155,5.6536908232E-05,-0.000701508368365,6.74155,6.74155
6.74165,5.6581637182E-05,-0.000296190934023,6.74165,6.74165
6.74175,5.6592711189E-05,-0.000550499476958,6.74175,6.74175
6.74185,5.6586952269E-05,-0.000481609575218,6.74185,6.74185
6.74195,5.6580287492E-05,-0.000319341866998,6.74195,6.74195
6.74205,5.640029849E-05,-2.57328152656555,6.74205,6.74205
6.74215,1.361233672E-06,-9.99682998657227,6.74215,6.74215
6.74225,6.7562567E-08,-9.9971342086792,6.74225,6.74225
6.74235,-8.110568E-09,-9.99765682220459,6.74235,6.74235
6.74245,-3.0124188E-08,-9.9981517791748,6.74245,6.74245
6.74255,-5.9759259E-08,-9.99815082550049,6.74255,6.74255
6.74265,-9.3134751E-08,-9.99809074401855,6.74265,6.74265
6.74275,-6.6185464E-08,-9.9982967376709,6.74275,6.74275
6.74285,-6.5967505E-08,-9.99820995330811,6.74285,6.74285
6.74295,-5.4886875E-08,-9.99820423126221,6.74295,6.74295
6.74305,-9.579662219E-06,-7.43523502349854,6.74305,6.74305
6.74315,4.6526420192E-05,-0.001678140368313,6.74315,6.74315
6.74325,5.437992877E-05,-0.001269304542802,6.74325,6.74325
6.74335,5.5923548643E-05,-0.001053838990629,6.74335,6.74335
6.74345,5.6388056692E-05,-0.000898256199434,6.74345,6.74345
6.74355,5.6584758568E-05,-0.000799108238425,6.74355,6.74355
6.74365,5.6614437199E-05,-0.000680890632793,6.74365,6.74365
6.74375,5.659053204E-05,-0.000699538039044,6.74375,6.74375
6.74385,5.656963549E-05,-0.000728318409529,6.74385,6.74385
6.74395,5.6602875702E-05,-0.000717763265129,6.74395,6.74395
6.74405,5.6522902014E-05,-2.55351519584656,6.74405,6.74405
6.74415,1.348620231E-06,-9.99694347381592,6.74415,6.74415
6.74425,5.5842129E-08,-9.99719619750977,6.74425,6.74425
6.74435,-2.6608758E-08,-9.99759006500244,6.74435,6.74435
6.74445,-8.6110923E-08,-9.99772548675537,6.74445,6.74445
6.74455,-9.4730751E-08,-9.99796676635742,6.74455,6.74455
6.74465,-7.5079505E-08,-9.99817371368408,6.74465,6.74465
6.74475,-8.6589019E-08,-9.99832248687744,6.74475,6.74475
6.74485,-8.9106067E-08,-9.99782371520996,6.74485,6.74485
6.74495,-9.7859484E-08,-9.99810028076172,6.74495,6.74495
6.74505,-9.62395643E-06,-7.45540142059326,6.74505,6.74505
6.74515,4.6443685278E-05,-0.001957851694897,6.74515,6.74515
6.74525,5.4333366279E-05,-0.001694606384262,6.74525,6.74525
6.74535,5.5901458836E-05,-0.001350016216747,6.74535,6.74535
6.74545,5.6401549955E-05,-0.001057779532857,6.74545,6.74545
6.74555,5.6548698922E-05,-0.00107832683716,6.74555,6.74555
6.74565,5.6590051827E-05,-0.001086771022528,6.74565,6.74565
6.74575,5.661385876E-05,-0.000639514473733,6.74575,6.74575
6.74585,5.6619785028E-05,-0.000656613789033,6.74585,6.74585
6.74595,5.6553624745E-05,-0.000586949870922,6.74595,6.74595
6.74605,5.6602104451E-05,-2.53363704681397,6.74605,6.74605
6.74615,1.389033628E-06,-9.99684429168701,6.74615,6.74615
6.74625,6.0306725E-08,-9.99724769592285,6.74625,6.74625
6.74635,-4.0178318E-08,-9.99764728546143,6.74635,6.74635
6.74645,-8.3537628E-08,-9.99765968322754,6.74645,6.74645
6.74655,-7.0917231E-08,-9.99825096130371,6.74655,6.74655
6.74665,-1.05586402E-07,-9.99847507476807,6.74665,6.74665
6.74675,-8.1322902E-08,-9.99820995330811,6.74675,6.74675
6.74685,-8.0886991E-08,-9.99840450286865,6.74685,6.74685
6.74695,-7.8032464E-08,-9.99848461151123,6.74695,6.74695
6.74705,-9.696831512E-06,-7.4757022857666,6.74705,6.74705
6.74715,4.6383102017E-05,-0.002567938761786,6.74715,6.74715
6.74725,5.4341577197E-05,-0.001881362055428,6.74725,6.74725
6.74735,5.5898006394E-05,-0.001455708406866,6.74735,6.74735
6.74745,5.6386023061E-05,-0.001170508447103,6.74745,6.74745
6.74755,5.6535198382E-05,-0.001240172423422,6.74755,6.74755
6.74765,5.658641021E-05,-0.00123595027253,6.74765,6.74765
6.74775,5.6583274272E-05,-0.001065449556336,6.74775,6.74775
6.74785,5.6582888647E-05,-0.001388648059219,6.74785,6.74785
6.74795,5.6591467001E-05,-0.000997967086732,6.74795,6.74795
6.74805,5.671035251E-05,-2.51405668258667,6.74805,6.74805
6.74815,1.409964511E-06,-9.99732208251953,6.74815,6.74815
6.74825,7.8165108E-08,-9.99766254425049,6.74825,6.74825
6.74835,-3.9735372E-08,-9.99837684631348,6.74835,6.74835
6.74845,-5.9920971E-08,-9.9986400604248,6.74845,6.74845
6.74855,-8.1351025E-08,-9.99848079681396,6.74855,6.74855
6.74865,-9.1679361E-08,-9.99872016906738,6.74865,6.74865
6.74875,-8.8874046E-08,-9.99894237518311,6.74875,6.74875
6.74885,-8.8916231E-08,-9.99885082244873,6.74885,6.74885
6.74895,-9.1201265E-08,-9.99895000457764,6.74895,6.74895
6.74905,-9.72127782E-06,-7.4957447052002,6.74905,6.74905
6.74915,4.6378216211E-05,-0.002361550461501,6.74915,6.74915
6.74925,5.4387117416E-05,-0.001862573903054,6.74925,6.74925
6.74935,5.5948832596E-05,-0.001574277761392,6.74935,6.74935
6.74945,5.6446911913E-05,-0.001536771887913,6.74945,6.74945
6.74955,5.6583041442E-05,-0.001334113185294,6.74955,6.74955
6.74965,5.660354509E-05,-0.001073401188478,6.74965,6.74965
6.74975,5.664645505E-05,-0.001228843233548,6.74975,6.74975
6.74985,5.6647179008E-05,-0.001161923632026,6.74985,6.74985
6.74995,5.6639586546E-05,-0.00101781077683,6.74995,6.74995
6.75005,5.6837292504E-05,-2.49420046806336,6.75005,6.75005
6.75015,1.411405833E-06,-9.99746227264404,6.75015,6.75015
6.75025,8.4682711E-08,-9.9978723526001,6.75025,6.75025
6.75035,-3.4272396E-08,-9.99827289581299,6.75035,6.75035
6.75045,-5.273543E-08,-9.99841022491455,6.75045,6.75045
6.75055,-6.9989163E-08,-9.99867248535156,6.75055,6.75055
6.75065,-1.09214326E-07,-9.99853229522705,6.75065,6.75065
6.75075,-1.04257566E-07,-9.99860668182373,6.75075,6.75075
6.75085,-1.12469614E-07,-9.99886322021484,6.75085,6.75085
6.75095,-9.8590696E-08,-9.99888706207275,6.75095,6.75095
6.75105,-9.791473531E-06,-7.51563835144043,6.75105,6.75105
6.75115,4.6313965868E-05,-0.002370557514951,6.75115,6.75115
6.75125,5.4365194956E-05,-0.001828656648286,6.75125,6.75125
6.75135,5.5947009969E-05,-0.001576881390065,6.75135,6.75135
6.75145,5.642233009E-05,-0.001303432858549,6.75145,6.75145
6.75155,5.6608227169E-05,-0.0011807117844,6.75155,6.75155
6.75165,5.6636225054E-05,-0.001162345753983,6.75165,6.75165
6.75175,5.6650202168E-05,-0.001012040651403,6.75175,6.75175
6.75185,5.6673325162E-05,-0.001039413618855,6.75185,6.75185
6.75195,5.6681321439E-05,-0.000883690081537,6.75195,6.75195
6.75205,5.6968638091E-05,-2.47375249862671,6.75205,6.75205
6.75215,1.401689246E-06,-9.99715518951416,6.75215,6.75215
6.75225,5.3078999E-08,-9.99750423431396,6.75225,6.75225
6.75235,-1.917714E-08,-9.99819755554199,6.75235,6.75235
6.75245,-4.5149136E-08,-9.9983081817627,6.75245,6.75245
6.75255,-8.9274806E-08,-9.99862766265869,6.75255,6.75255
6.75265,-1.13200819E-07,-9.99853706359863,6.75265,6.75265
6.75275,-8.0120628E-08,-9.99868965148926,6.75275,6.75275
6.75285,-1.11682155E-07,-9.99862003326416,6.75285,6.75285
6.75295,-9.7739964E-08,-9.99862670898438,6.75295,6.75295
6.75305,-9.852199582E-06,-7.53570079803467,6.75305,6.75305
6.75315,4.6246161219E-05,-0.002472942462191,6.75315,6.75315
6.75325,5.437398795E-05,-0.001752729993314,6.75325,6.75325
6.75335,5.6008939282E-05,-0.001224902574904,6.75335,6.75335
6.75345,5.6475033489E-05,-0.001299351570196,6.75345,6.75345
6.75355,5.6624863646E-05,-0.00105067237746,6.75355,6.75355
6.75365,5.6658216636E-05,-0.000757872825488,6.75365,6.75365
6.75375,5.6693443184E-05,-0.000738310627639,6.75375,6.75375
6.75385,5.6676966778E-05,-0.000654925010167,6.75385,6.75385
6.75395,5.6650376791E-05,-0.000328489666572,6.75395,6.75395
6.75405,5.7075201767E-05,-2.45353126525879,6.75405,6.75405
6.75415,1.439177709E-06,-9.99693870544434,6.75415,6.75415
6.75425,4.6343438E-08,-9.99752235412598,6.75425,6.75425
6.75435,-5.6300077E-08,-9.99799251556396,6.75435,6.75435
6.75445,-6.3872314E-08,-9.99800395965576,6.75445,6.75445
6.75455,-7.204217E-08,-9.99841499328613,6.75455,6.75455
6.75465,-7.9241772E-08,-9.99810314178467,6.75465,6.75465
6.75475,-7.9980012E-08,-9.99808311462402,6.75475,6.75475
6.75485,-8.5773436E-08,-9.99841213226318,6.75485,6.75485
6.75495,-9.68611E-08,-9.99849224090576,6.75495,6.75495
6.75505,-9.881504411E-06,-7.55506658554077,6.75505,6.75505
6.75515,4.620753316E-05,-0.001844700425863,6.75515,6.75515
6.75525,5.4414529586E-05,-0.001397795858793,6.75525,6.75525
6.75535,5.6005086662E-05,-0.000813815044239,6.75535,6.75535
6.75545,5.6507531554E-05,-0.000754987704568,6.75545,6.75545
6.75555,5.6633420172E-05,-0.000500397698488,6.75555,6.75555
6.75565,5.668877202E-05,-0.000638107128907,6.75565,6.75565
6.75575,5.6730663346E-05,-0.000501875474583,6.75575,6.75575
6.75585,5.6733941165E-05,-0.000393650057958,6.75585,6.75585
6.75595,5.6702821894E-05,-0.000421726756031,6.75595,6.75595
6.75605,5.7207424106E-05,-2.43355917930603,6.75605,6.75605
6.75615,1.436801313E-06,-9.99684429168701,6.75615,6.75615
6.75625,6.7506321E-08,-9.99744415283203,6.75625,6.75625
6.75635,-4.651385E-09,-9.99790859222412,6.75635,6.75635
6.75645,-5.4345499E-08,-9.99783897399902,6.75645,6.75645
6.75655,-5.8704632E-08,-9.99788379669189,6.75655,6.75655
6.75665,-4.4600728E-08,-9.99787712097168,6.75665,6.75665
6.75675,-6.4687889E-08,-9.99806785583496,6.75675,6.75675
6.75685,-7.2745259E-08,-9.99796485900879,6.75685,6.75685
6.75695,-6.1559163E-08,-9.99845600128174,6.75695,6.75695
6.75705,-9.891276932E-06,-7.57546472549438,6.75705,6.75705
6.75715,4.6180626669E-05,-0.001934559899382,6.75715,6.75715
6.75725,5.4387826822E-05,-0.001558374729939,6.75725,6.75725
6.75735,5.6018016039E-05,-0.001157842227258,6.75735,6.75735
6.75745,5.6530501752E-05,-0.001031532417983,6.75745,6.75745
6.75755,5.6647593738E-05,-0.000809593009762,6.75755,6.75755
6.75765,5.6718479755E-05,-0.000698904739693,6.75765,6.75765
6.75775,5.6694807427E-05,-0.000333907955792,6.75775,6.75775
6.75785,5.671589679E-05,-0.000308997841785,6.75785,6.75785
6.75795,5.6695607782E-05,-0.000331937684678,6.75795,6.75795
6.75805,5.7294411818E-05,-2.41360998153687,6.75805,6.75805
6.75815,1.476919351E-06,-9.997314453125,6.75815,6.75815
6.75825,6.3027663E-08,-9.9976921081543,6.75825,6.75825
6.75835,-2.1687157E-08,-9.99814605712891,6.75835,6.75835
6.75845,-5.0837098E-08,-9.99818515777588,6.75845,6.75845
6.75855,-6.4870697E-08,-9.99830150604248,6.75855,6.75855
6.75865,-9.4590135E-08,-9.99854278564453,6.75865,6.75865
6.75875,-9.6291608E-08,-9.99873542785645,6.75875,6.75875
6.75885,-6.3380149E-08,-9.99862766265869,6.75885,6.75885
6.75895,-6.5229266E-08,-9.99845790863037,6.75895,6.75895
6.75905,-9.938228686E-06,-7.59555721282959,6.75905,6.75905
6.75915,4.6106091759E-05,-0.002216945169494,6.75915,6.75915
6.75925,5.4436888604E-05,-0.001773558789864,6.75925,6.75925
6.75935,5.6059579947E-05,-0.001223987783305,6.75935,6.75935
6.75945,5.6529192079E-05,-0.001172056538053,6.75945,6.75945
6.75955,5.6678345572E-05,-0.00067237613257,6.75955,6.75955
6.75965,5.67185416E-05,-0.000695808557793,6.75965,6.75965
6.75975,5.6724347814E-05,-0.000740210525692,6.75975,6.75975
6.75985,5.6724609749E-05,-0.000608200905845,6.75985,6.75985
6.75995,5.6711189245E-05,-0.000679764780216,6.75995,6.75995
6.76005,5.7411452872E-05,-2.39389777183533,6.76005,6.76005
6.76015,1.477467777E-06,-9.99730205535889,6.76015,6.76015
6.76025,8.4626464E-08,-9.99778366088867,6.76025,6.76025
6.76035,-2.7424338E-08,-9.99843502044678,6.76035,6.76035
6.76045,-3.7872194E-08,-9.99847793579102,6.76045,6.76045
6.76055,-7.9290984E-08,-9.99848747253418,6.76055,6.76055
6.76065,-9.5138546E-08,-9.99858379364014,6.76065,6.76065
6.76075,-8.2187704E-08,-9.99871444702148,6.76075,6.76075
6.76085,-7.3729574E-08,-9.99889183044434,6.76085,6.76085
6.76095,-7.5149813E-08,-9.99896144866943,6.76095,6.76095
6.76105,-9.912833775E-06,-7.61566734313965,6.76105,6.76105
6.76115,4.6105444198E-05,-0.001937233842909,6.76115,6.76115
6.76125,5.4463631386E-05,-0.001641830662265,6.76125,6.76125
6.76135,5.606767445E-05,-0.001225043321028,6.76135,6.76135
6.76145,5.6546537962E-05,-0.001218991703354,6.76145,6.76145
6.76155,5.6703363953E-05,-0.000860398402438,6.76155,6.76155
6.76165,5.6772947573E-05,-0.000881227198988,6.76165,6.76165
6.76175,5.6776083511E-05,-0.000989874824882,6.76175,6.76175
6.76185,5.6753135141E-05,-0.001037654350512,6.76185,6.76185
6.76195,5.6708369812E-05,-0.001074738102034,6.76195,6.76195
6.76205,5.7517881942E-05,-2.3741021156311,6.76205,6.76205
6.76215,1.522120783E-06,-9.99764060974121,6.76215,6.76215
6.76225,6.3794026E-08,-9.99776554107666,6.76225,6.76225
6.76235,-3.2831068E-08,-9.99842357635498,6.76235,6.76235
6.76245,-4.8615348E-08,-9.9984712600708,6.76245,6.76245
6.76255,-5.9386625E-08,-9.99843978881836,6.76255,6.76255
6.76265,-8.0767464E-08,-9.99830436706543,6.76265,6.76265
6.76275,-7.3560834E-08,-9.99814414978027,6.76275,6.76275
6.76285,-7.2070293E-08,-9.9986515045166,6.76285,6.76285
6.76295,-7.3842074E-08,-9.99897003173828,6.76295,6.76295
6.76305,-1.0020433365E-05,-7.6356143951416,6.76305,6.76305
6.76315,4.6015338739E-05,-0.002382097998634,6.76315,6.76315
6.76325,5.4461677792E-05,-0.001850822474808,6.76325,6.76325
6.76335,5.6085413235E-05,-0.001612839172594,6.76335,6.76335
6.76345,5.6547254644E-05,-0.001383440801874,6.76345,6.76345
6.76355,5.6719363783E-05,-0.001177193364128,6.76355,6.76355
6.76365,5.675495413E-05,-0.001121180714108,6.76365,6.76365
6.76375,5.6738601415E-05,-0.001151086995378,6.76375,6.76375
6.76385,5.6732489611E-05,-0.001308006700128,6.76385,6.76385
6.76395,5.6723623857E-05,-0.001117310486734,6.76395,6.76395
6.76405,5.7637033024E-05,-2.35397624969482,6.76405,6.76405
6.76415,1.491937269E-06,-9.99737644195557,6.76415,6.76415
6.76425,5.3760992E-08,-9.99792861938477,6.76425,6.76425
6.76435,-1.5598433E-08,-9.99839210510254,6.76435,6.76435
6.76445,-8.1625231E-08,-9.99819564819336,6.76445,6.76445
6.76455,-6.7296341E-08,-9.99845790863037,6.76455,6.76455
6.76465,-5.426816E-08,-9.99843406677246,6.76465,6.76465
6.76475,-7.2337464E-08,-9.99831867218018,6.76475,6.76475
6.76485,-6.8154108E-08,-9.99835777282715,6.76485,6.76485
6.76495,-7.8545717E-08,-9.99839305877686,6.76495,6.76495
6.76505,-1.0042271242E-05,-7.65533590316772,6.76505,6.76505
6.76515,4.595784776E-05,-0.002094294410199,6.76515,6.76515
6.76525,5.4479172832E-05,-0.001674762694165,6.76525,6.76525
6.76535,5.6105065596E-05,-0.001121743698604,6.76535,6.76535
6.76545,5.6574084738E-05,-0.000980656594038,6.76545,6.76545
6.76555,5.6697710534E-05,-0.0008850270533,6.76555,6.76555
6.76565,5.6753913668E-05,-0.000799600791652,6.76565,6.76565
6.76575,5.6784294429E-05,-0.00086673151236,6.76575,6.76575
6.76585,5.6763405155E-05,-0.000658161879983,6.76585,6.76585
6.76595,5.6740387663E-05,-0.000649577064905,6.76595,6.76595
6.76605,5.771553333E-05,-2.33380794525147,6.76605,6.76605
6.76615,1.538868332E-06,-9.99730491638184,6.76615,6.76615
6.76625,6.5615019E-08,-9.99737644195557,6.76625,6.76625
6.76635,-4.5374122E-08,-9.99791812896729,6.76635,6.76635
6.76645,-9.3830806E-08,-9.99839210510254,6.76645,6.76645
6.76655,-7.3884259E-08,-9.99846363067627,6.76655,6.76655
6.76665,-1.19261415E-07,-9.99840354919434,6.76665,6.76665
6.76675,-1.40452428E-07,-9.9984769821167,6.76675,6.76675
6.76685,-1.14283573E-07,-9.99837398529053,6.76685,6.76685
6.76695,-8.6567923E-08,-9.99861621856689,6.76695,6.76695
6.76705,-1.0095283869E-05,-7.67568111419678,6.76705,6.76705
6.76715,4.5903576392E-05,-0.002218563575298,6.76715,6.76715
6.76725,5.4455700592E-05,-0.00160903937649,6.76725,6.76725
6.76735,5.6069107814E-05,-0.001190422452055,6.76735,6.76735
6.76745,5.6578999647E-05,-0.001145246438682,6.76745,6.76745
6.76755,5.6727149058E-05,-0.00105503515806,6.76755,6.76755
6.76765,5.6781897001E-05,-0.000784119940363,6.76765,6.76765
6.76775,5.6755572587E-05,-0.00076096894918,6.76775,6.76775
6.76785,5.6795925047E-05,-0.000545221904758,6.76785,6.76785
6.76795,5.6781427702E-05,-0.000831969897263,6.76795,6.76795
6.76805,5.7864901464E-05,-2.3139796257019,6.76805,6.76805
6.76815,1.527225209E-06,-9.99716758728027,6.76815,6.76815
6.76825,3.0608373E-08,-9.997483253479,6.76825,6.76825
6.76835,-5.7685156E-08,-9.99812126159668,6.76835,6.76835
6.76845,-1.07808148E-07,-9.99833011627197,6.76845,6.76845
6.76855,-1.18558333E-07,-9.99806022644043,6.76855,6.76855
6.76865,-1.05248915E-07,-9.9984188079834,6.76865,6.76865
6.76875,-9.7536066E-08,-9.99844264984131,6.76875,6.76875
6.76885,-1.10346292E-07,-9.99829864501953,6.76885,6.76885
6.76895,-1.0346308E-07,-9.99855327606201,6.76895,6.76895
6.76905,-1.0139430742E-05,-7.69545269012451,6.76905,6.76905
6.76915,4.5849643357E-05,-0.001787350862287,6.76915,6.76915
6.76925,5.4471704061E-05,-0.001308006700128,6.76925,6.76925
6.76935,5.6102828239E-05,-0.000999304000288,6.76935,6.76935
6.76945,5.6607044826E-05,-0.001263182610273,6.76945,6.76945
6.76955,5.6777571444E-05,-0.000975097587798,6.76955,6.76955
6.76965,5.6814689742E-05,-0.000582657463383,6.76965,6.76965
6.76975,5.6824679632E-05,-0.000741266063415,6.76975,6.76975
6.76985,5.6818036683E-05,-0.00060060119722,6.76985,6.76985
6.76995,5.6782784668E-05,-0.00021379046666,6.76995,6.76995
6.77005,5.7958040998E-05,-2.29353666305542,6.77005,6.77005
6.77015,1.558048439E-06,-9.99672412872314,6.77015,6.77015
6.77025,6.7534444E-08,-9.99725532531738,6.77025,6.77025
6.77035,-2.7656357E-08,-9.99761390686035,6.77035,6.77035
6.77045,-3.849091E-08,-9.99764633178711,6.77045,6.77045
6.77055,-5.2327643E-08,-9.99779796600342,6.77055,6.77055
6.77065,-6.8449403E-08,-9.99792575836182,6.77065,6.77065
6.77075,-9.0688012E-08,-9.997727394104,6.77075,6.77075
6.77085,-7.7842628E-08,-9.99818134307861,6.77085,6.77085
6.77095,-1.09903347E-07,-9.99841022491455,6.77095,6.77095
6.77105,-1.0170584574E-05,-7.71499395370483,6.77105,6.77105
6.77115,4.5806886192E-05,-0.002163817640394,6.77115,6.77115
6.77125,5.4488107708E-05,-0.001491806935519,6.77125,6.77125
6.77135,5.6148492149E-05,-0.001089867204428,6.77135,6.77135
6.77145,5.6630535255E-05,-0.001011125859804,6.77145,6.77145
6.77155,5.6786404457E-05,-0.000858357758261,6.77155,6.77155
6.77165,5.6866378145E-05,-0.000645003165118,6.77165,6.77165
6.77175,5.6830445828E-05,-0.000756183988415,6.77175,6.77175
6.77185,5.6806264183E-05,-0.000600038270932,6.77185,6.77185
6.77195,5.6786713685E-05,-0.000451140396763,6.77195,6.77195
6.77205,5.8050227381E-05,-2.27364230155945,6.77205,6.77205
6.77215,1.589863132E-06,-9.99689960479736,6.77215,6.77215
6.77225,1.10528148E-07,-9.9976110458374,6.77225,6.77225
6.77235,-8.469142E-09,-9.99788665771484,6.77235,6.77235
6.77245,-3.6304314E-08,-9.99828052520752,6.77245,6.77245
6.77255,-4.6520153E-08,-9.99839019775391,6.77255,6.77255
6.77265,-5.2721369E-08,-9.99818325042725,6.77265,6.77265
6.77275,-4.0129102E-08,-9.99823188781738,6.77275,6.77275
6.77285,-5.0619143E-08,-9.99844932556152,6.77285,6.77285
6.77295,-5.6363355E-08,-9.9986686706543,6.77295,6.77295
6.77305,-1.0161606042E-05,-7.73542547225952,6.77305,6.77305
6.77315,4.5748354751E-05,-0.001731478958391,6.77315,6.77315
6.77325,5.4549935157E-05,-0.00117100100033,6.77325,6.77325
6.77335,5.6167005823E-05,-0.0009030411602,6.77335,6.77335
6.77345,5.6651151681E-05,-0.000995715265162,6.77345,6.77345
6.77355,5.6855693401E-05,-0.00072585552698,6.77355,6.77355
6.77365,5.6887358369E-05,-0.00042278226465,6.77365,6.77365
6.77375,5.6889421103E-05,-0.000446918333182,6.77375,6.77375
6.77385,5.6891880376E-05,-0.000447129452368,6.77385,6.77385
6.77395,5.6848268287E-05,-0.000526011514012,6.77395,6.77395
6.77405,5.8207173424E-05,-2.25375556945801,6.77405,6.77405
6.77415,1.622240234E-06,-9.99714946746826,6.77415,6.77415
6.77425,8.2264094E-08,-9.99754047393799,6.77425,6.77425
6.77435,-3.090534E-09,-9.99803638458252,6.77435,6.77435
6.77445,-3.0771027E-08,-9.99819087982178,6.77445,6.77445
6.77455,-7.8749608E-08,-9.99817657470703,6.77455,6.77455
6.77465,-7.349756E-08,-9.99819374084473,6.77465,6.77465
6.77475,-8.0458108E-08,-9.99847602844238,6.77475,6.77475
6.77485,-6.1720868E-08,-9.99879932403564,6.77485,6.77485
6.77495,-6.2691129E-08,-9.9987850189209,6.77495,6.77495
6.77505,-1.0233953617E-05,-7.75546598434448,6.77505,6.77505
6.77515,4.5667227823E-05,-0.002144818427041,6.77515,6.77515
6.77525,5.4519055993E-05,-0.001657452317886,6.77525,6.77525
6.77535,5.6175660575E-05,-0.000787427183241,6.77535,6.77535
6.77545,5.6649871112E-05,-0.000817122345325,6.77545,6.77545
6.77555,5.6831169786E-05,-0.000916762859561,6.77555,6.77555
6.77565,5.6918859627E-05,-0.000885660352651,6.77565,6.77565
6.77575,5.6910033891E-05,-0.000757872825488,6.77575,6.77575
6.77585,5.6864158978E-05,-0.000635996111669,6.77585,6.77585
6.77595,5.6830303947E-05,-0.000894526718184,6.77595,6.77595
6.77605,5.8288260334E-05,-2.23409628868103,6.77605,6.77605
6.77615,1.614914027E-06,-9.99724388122559,6.77615,6.77615
6.77625,8.5934204E-08,-9.99781608581543,6.77625,6.77625
6.77635,-8.954271E-09,-9.99835109710693,6.77635,6.77635
6.77645,-4.5803006E-08,-9.99833297729492,6.77645,6.77645
6.77655,-4.9016109E-08,-9.99836254119873,6.77655,6.77655
6.77665,-6.0469375E-08,-9.99826526641846,6.77665,6.77665
6.77675,-7.3272574E-08,-9.99837017059326,6.77675,6.77675
6.77685,-7.5782587E-08,-9.99842548370361,6.77685,6.77685
6.77695,-7.3806916E-08,-9.99872016906738,6.77695,6.77695
6.77705,-1.0236963135E-05,-7.77539539337158,6.77705,6.77705
6.77715,4.5637909352E-05,-0.002386038424447,6.77715,6.77715
6.77725,5.4554780945E-05,-0.001959540415555,6.77725,6.77725
6.77735,5.6193104683E-05,-0.001545004895888,6.77735,6.77735
6.77745,5.6697906984E-05,-0.001617342699319,6.77745,6.77745
6.77755,5.6885237427E-05,-0.001035684137605,6.77755,6.77755
6.77765,5.6920947827E-05,-0.000982767669484,6.77765,6.77765
6.77775,5.6914963352E-05,-0.001036598929204,6.77775,6.77775
6.77785,5.6893975852E-05,-0.000634096155409,6.77785,6.77785
6.77795,5.6866851082E-05,-0.000713611545507,6.77795,6.77795
6.77805,5.8419784182E-05,-2.21399235725403,6.77805,6.77805
6.77815,1.659848294E-06,-9.99709796905518,6.77815,6.77815
6.77825,6.4813506E-08,-9.99772357940674,6.77825,6.77825
6.77835,-2.1286398E-08,-9.99810600280762,6.77835,6.77835
6.77845,-5.0436341E-08,-9.99834632873535,6.77845,6.77845
6.77855,-8.457819E-08,-9.99843692779541,6.77855,6.77855
6.77865,-9.5426806E-08,-9.99865627288818,6.77865,6.77865
6.77875,-1.00067176E-07,-9.99857616424561,6.77875,6.77875
6.77885,-6.7704129E-08,-9.99851036071777,6.77885,6.77885
6.77895,-8.8283457E-08,-9.99858379364014,6.77895,6.77895
6.77905,-1.0300733265E-05,-7.79531192779541,6.77905,6.77905
6.77915,4.5578730351E-05,-0.001848218846135,6.77915,6.77915
6.77925,5.4536183598E-05,-0.001321376534179,6.77925,6.77925
6.77935,5.6184238929E-05,-0.000805933901574,6.77935,6.77935
6.77945,5.6711207435E-05,-0.000889600953087,6.77945,6.77945
6.77955,5.6848330132E-05,-0.000806778261904,6.77955,6.77955
6.77965,5.6866338127E-05,-0.000721352000255,6.77965,6.77965
6.77975,5.6888682593E-05,-0.000671391026117,6.77975,6.77975
6.77985,5.6903558288E-05,-0.000639092293568,6.77985,6.77985
6.77995,5.6909851992E-05,-0.000500960682984,6.77995,6.77995
6.78005,5.8553974668E-05,-2.19379258155823,6.78005,6.78005
6.78015,1.664432375E-06,-9.99708366394043,6.78015,6.78015
6.78025,1.03855868E-07,-9.99746513366699,6.78025,6.78025
6.78035,1.559749E-08,-9.99825763702393,6.78035,6.78035
6.78045,-7.864488E-09,-9.99819755554199,6.78045,6.78045
6.78055,-2.7185289E-08,-9.99852657318115,6.78055,6.78055
6.78065,-1.6814772E-08,-9.99854183197021,6.78065,6.78065
6.78075,-4.1275129E-08,-9.99862289428711,6.78075,6.78075
6.78085,-2.6489234E-08,-9.99828720092773,6.78085,6.78085
6.78095,-2.5786148E-08,-9.99838829040527,6.78095,6.78095
6.78105,-1.0267371181E-05,-7.81491899490357,6.78105,6.78105
6.78115,4.5502431021E-05,-0.001533675706014,6.78115,6.78115
6.78125,5.4541505961E-05,-0.001210758695379,6.78125,6.78125
6.78135,5.6227479945E-05,-0.000761109695304,6.78135,6.78135
6.78145,5.6738277635E-05,-0.000650139991194,6.78145,6.78145
6.78155,5.6893968576E-05,-0.000709952437319,6.78155,6.78155
6.78165,5.6980024965E-05,-0.000595393998083,6.78165,6.78165
6.78175,5.6957287597E-05,-0.000871375727002,6.78175,6.78175
6.78185,5.6952281739E-05,-0.000669139262754,6.78185,6.78185
6.78195,5.6914162997E-05,-0.000726137019228,6.78195,6.78195
6.78205,5.8631841966E-05,-2.17388439178467,6.78205,6.78205
6.78215,1.686938162E-06,-9.99724960327148,6.78215,6.78215
6.78225,8.3536683E-08,-9.99767208099365,6.78225,6.78225
6.78235,8.918173E-09,-9.9979887008667,6.78235,6.78235
6.78245,-2.1279368E-08,-9.99816703796387,6.78245,6.78245
6.78255,-1.6624938E-08,-9.99806308746338,6.78255,6.78255
6.78265,-5.5730577E-08,-9.99802398681641,6.78265,6.78265
6.78275,-6.7155725E-08,-9.99855136871338,6.78275,6.78275
6.78285,-6.85408E-08,-9.9986400604248,6.78285,6.78285
6.78295,-8.4585224E-08,-9.99873924255371,6.78295,6.78295
6.78305,-1.0325010408E-05,-7.83511304855347,6.78305,6.78305
6.78315,4.5452798076E-05,-0.001859548036009,6.78315,6.78315
6.78325,5.4592415836E-05,-0.001470344839618,6.78325,6.78325
6.78335,5.6262197177E-05,-0.0008200777811,6.78335,6.78335
6.78345,5.6759530707E-05,-0.000682579469867,6.78345,6.78345
6.78355,5.6929016864E-05,-0.000519045162946,6.78355,6.78355
6.78365,5.6987177231E-05,-0.000605315843131,6.78365,6.78365
6.78375,5.6926928664E-05,-0.000457121641375,6.78375,6.78375
6.78385,5.695038999E-05,-0.000643384701107,6.78385,6.78385
6.78395,5.693723142E-05,-0.000804878363851,6.78395,6.78395
6.78405,5.8734745835E-05,-2.1538097858429,6.78405,6.78405
6.78415,1.688871635E-06,-9.99697494506836,6.78415,6.78415
6.78425,7.8165108E-08,-9.99768352508545,6.78425,6.78425
6.78435,-1.7096006E-08,-9.99826049804688,6.78435,6.78435
6.78445,-4.1725105E-08,-9.9982328414917,6.78445,6.78445
6.78455,-7.2653854E-08,-9.99861907958984,6.78455,6.78455
6.78465,-6.6874492E-08,-9.99888324737549,6.78465,6.78465
6.78475,-4.1007958E-08,-9.99869155883789,6.78475,6.78475
6.78485,-5.56673E-08,-9.99840927124023,6.78485,6.78485
6.78495,-5.7945297E-08,-9.99864673614502,6.78495,6.78495
6.78505,-1.0363996807E-05,-7.85542821884155,6.78505,6.78505
6.78515,4.5367585699E-05,-0.001906764693558,6.78515,6.78515
6.78525,5.4568623455E-05,-0.001650204416364,6.78525,6.78525
6.78535,5.6264812883E-05,-0.001002611359581,6.78535,6.78535
6.78545,5.6765740737E-05,-0.000979108503088,6.78545,6.78545
6.78555,5.691122351E-05,-0.000705730402842,6.78555,6.78555
6.78565,5.6945442338E-05,-0.000869405455887,6.78565,6.78565
6.78575,5.6999579101E-05,-0.000740351271816,6.78575,6.78575
6.78585,5.6949476857E-05,-0.000333556119585,6.78585,6.78585
6.78595,5.6941320508E-05,-0.000700734322891,6.78595,6.78595
6.78605,5.8842204453E-05,-2.134108543396,6.78605,6.78605
6.78615,1.69980467E-06,-9.99734401702881,6.78615,6.78615
6.78625,7.556369E-08,-9.99771976470947,6.78625,6.78625
6.78635,-1.5703895E-08,-9.99833869934082,6.78635,6.78635
6.78645,-6.0834978E-08,-9.99825477600098,6.78645,6.78645
6.78655,-5.9463964E-08,-9.99849224090576,6.78655,6.78655
6.78665,-7.646458E-08,-9.99819850921631,6.78665,6.78665
6.78675,-5.0717574E-08,-9.998291015625,6.78675,6.78675
6.78685,-5.7474232E-08,-9.99846076965332,6.78685,6.78685
6.78695,-6.8597046E-08,-9.99841690063477,6.78695,6.78695
6.78705,-1.0396978723E-05,-7.87528324127197,6.78705,6.78705
6.78715,4.5322038204E-05,-0.001865740399808,6.78715,6.78715
6.78725,5.4603158787E-05,-0.001827178988606,6.78725,6.78725
6.78735,5.6270375353E-05,-0.001008874038234,6.78735,6.78735
6.78745,5.679062815E-05,-0.001173323136754,6.78745,6.78745
6.78755,5.695316213E-05,-0.001075019594282,6.78755,6.78755
6.78765,5.7000994275E-05,-0.000879890227225,6.78765,6.78765
6.78775,5.701005648E-05,-0.000790241872892,6.78775,6.78775
6.78785,5.6990946177E-05,-0.000734158908017,6.78785,6.78785
6.78795,5.6977482018E-05,-0.000898819125723,6.78795,6.78795
6.78805,5.895706272E-05,-2.11404490470886,6.78805,6.78805
6.78815,1.75482819E-06,-9.99735736846924,6.78815,6.78815
6.78825,1.07997039E-07,-9.99784755706787,6.78825,6.78825
6.78835,-7.998074E-09,-9.99850559234619,6.78835,6.78835
6.78845,-7.0066498E-08,-9.99826431274414,6.78845,6.78845
6.78855,-4.3468759E-08,-9.99808025360107,6.78855,6.78855
6.78865,-3.2760759E-08,-9.99824142456055,6.78865,6.78865
6.78875,-6.5531594E-08,-9.99819374084473,6.78875,6.78875
6.78885,-8.7348354E-08,-9.99816989898682,6.78885,6.78885
6.78895,-8.7882697E-08,-9.99830627441406,6.78895,6.78895
6.78905,-1.0435127479E-05,-7.89547443389893,6.78905,6.78905
6.78915,4.5223965571E-05,-0.002075647003949,6.78915,6.78915
6.78925,5.461604087E-05,-0.001674973871559,6.78925,6.78925
6.78935,5.627612336E-05,-0.001005566795357,6.78935,6.78935
6.78945,5.6779008446E-05,-0.000837317842524,6.78945,6.78945
6.78955,5.6949655118E-05,-0.000557465828024,6.78955,6.78955
6.78965,5.6996850617E-05,-0.000684268306941,6.78965,6.78965
6.78975,5.7037348597E-05,-0.000599193852395,6.78975,6.78975
6.78985,5.7002249378E-05,-0.000457543850644,6.78985,6.78985
6.78995,5.7008594013E-05,-0.000279795291135,6.78995,6.78995
6.79005,5.910769687E-05,-2.09375858306885,6.79005,6.79005
6.79015,1.763553428E-06,-9.99701309204102,6.79015,6.79015
6.79025,9.5847717E-08,-9.99742221832275,6.79025,6.79025
6.79035,-2.2551953E-08,-9.99825954437256,6.79035,6.79035
6.79045,-4.102202E-08,-9.99838733673096,6.79045,6.79045
6.79055,-3.0468701E-08,-9.99842262268066,6.79055,6.79055
6.79065,-5.6834423E-08,-9.9985818862915,6.79065,6.79065
6.79075,-7.5466197E-08,-9.99864387512207,6.79075,6.79075
6.79085,-6.4870697E-08,-9.99836444854736,6.79085,6.79085
6.79095,-6.7809594E-08,-9.99852657318115,6.79095,6.79095
6.79105,-1.0463195395E-05,-7.91512584686279,6.79105,6.79105
6.79115,4.5159857109E-05,-0.001976499101147,6.79115,6.79115
6.79125,5.4599186115E-05,-0.001367115532048,6.79125,6.79125
6.79135,5.6287211919E-05,-0.001024636439979,6.79135,6.79135
6.79145,5.6783923355E-05,-0.000813744671177,6.79145,6.79145
6.79155,5.6970759033E-05,-0.000596590223722,6.79155,6.79155
6.79165,5.6999735534E-05,-0.000424611818744,6.79165,6.79165
6.79175,5.7000746892E-05,-0.000460640032543,6.79175,6.79175
6.79185,5.7005225244E-05,-0.000270014192211,6.79185,6.79185
6.79195,5.7035642385E-05,-0.000439107534476,6.79195,6.79195
6.79205,5.9218840761E-05,-2.07364201545715,6.79205,6.79205
6.79215,1.818056717E-06,-9.9967622756958,6.79215,6.79215
6.79225,1.20687744E-07,-9.99724864959717,6.79225,6.79225
6.79235,2.0062085E-08,-9.99772930145264,6.79235,6.79235
6.79245,-7.908006E-08,-9.99796581268311,6.79245,6.79245
6.79255,-5.9576458E-08,-9.99822330474854,6.79255,6.79255
6.79265,-5.3579136E-08,-9.99844837188721,6.79265,6.79265
6.79275,-5.5688393E-08,-9.99888038635254,6.79275,6.79275
6.79285,-7.5670094E-08,-9.99842166900635,6.79285,6.79285
6.79295,-8.3614964E-08,-9.99851989746094,6.79295,6.79295
6.79305,-1.0493343325E-05,-7.93501091003418,6.79305,6.79305
6.79315,4.5110995416E-05,-0.001774895819835,6.79315,6.79315
6.79325,5.4643227486E-05,-0.001371056074277,6.79325,6.79325
6.79335,5.6320357544E-05,-0.000740914198104,6.79335,6.79335
6.79345,5.6838627643E-05,-0.00039308713167,6.79345,6.79345
6.79355,5.6983808463E-05,-0.000380632060114,6.79355,6.79355
6.79365,5.7049674069E-05,-0.000412790046539,6.79365,6.79365
6.79375,5.7064669818E-05,-0.000290702271741,6.79375,6.79375
6.79385,5.7050652686E-05,-0.000256925821304,6.79385,6.79385
6.79395,5.7029319578E-05,-0.00033742634696,6.79395,6.79395
6.79405,5.9314235841E-05,-2.0536687374115,6.79405,6.79405
6.79415,1.763715204E-06,-9.99712657928467,6.79415,6.79415
6.79425,4.9190934E-08,-9.99764537811279,6.79425,6.79425
6.79435,-6.2311464E-08,-9.99789619445801,6.79435,6.79435
6.79445,-8.4606313E-08,-9.99786853790283,6.79445,6.79445
6.79455,-1.15296018E-07,-9.99779891967773,6.79455,6.79455
6.79465,-8.6863224E-08,-9.99803256988525,6.79465,6.79465
6.79475,-1.02035813E-07,-9.99795818328857,6.79475,6.79475
6.79485,-1.092776E-07,-9.99799537658691,6.79485,6.79485
6.79495,-9.503308E-08,-9.99802207946777,6.79495,6.79495
6.79505,-1.0511988876E-05,-7.95505380630493,6.79505,6.79505
6.79515,4.5052369387E-05,-0.001908312784508,6.79515,6.79515
6.79525,5.4623611504E-05,-0.001419750507921,6.79525,6.79525
6.79535,5.6321838201E-05,-0.001034628599882,6.79535,6.79535
6.79545,5.6835928262E-05,-0.000774549902417,6.79545,6.79545
6.79555,5.6995144405E-05,-0.000295979814837,6.79555,6.79555
6.79565,5.7049612224E-05,-0.000454940251075,6.79565,6.79565
6.79575,5.7045355788E-05,-0.000391820503864,6.79575,6.79575
6.79585,5.7025987189E-05,-1.5635283489E-05,6.79585,6.79585
6.79595,5.7028784795E-05,-0.000541351677384,6.79595,6.79595
6.79605,5.9396963479E-05,-2.03358459472656,6.79605,6.79605
6.79615,1.830135716E-06,-9.9968433380127,6.79615,6.79615
6.79625,1.02674683E-07,-9.99725532531738,6.79625,6.79625
6.79635,-1.9289635E-08,-9.99797439575195,6.79635,6.79635
6.79645,-4.2625057E-08,-9.99839687347412,6.79645,6.79645
6.79655,-4.4249184E-08,-9.99844932556152,6.79655,6.79655
6.79665,-6.2445046E-08,-9.99874019622803,6.79665,6.79665
6.79675,-2.4520594E-08,-9.99863910675049,6.79675,6.79675
6.79685,-3.7830009E-08,-9.99880313873291,6.79685,6.79685
6.79695,-2.8886756E-08,-9.99869060516357,6.79695,6.79695
6.79705,-1.0495009519E-05,-7.97513771057129,6.79705,6.79705
6.79715,4.5012864575E-05,-0.00186236272566,6.79715,6.79715
6.79725,5.4686763178E-05,-0.001382948248647,6.79725,6.79725
6.79735,5.6401851907E-05,-0.00053783331532,6.79735,6.79735
6.79745,5.6875429436E-05,-0.000378521042876,6.79745,6.79745
6.79755,5.7044246205E-05,-0.000656824908219,6.79755,6.79755
6.79765,5.7105251472E-05,-0.000736903224606,6.79765,6.79765
6.79775,5.7127603213E-05,-0.000666535634082,6.79775,6.79775
6.79785,5.7091881899E-05,-0.000425174745033,6.79785,6.79785
6.79795,5.7063371059E-05,-0.000397238822188,6.79795,6.79795
6.79805,5.9516318288E-05,-2.01376247406006,6.79805,6.79805
6.79815,1.848964303E-06,-9.99699401855469,6.79815,6.79815
6.79825,7.7743252E-08,-9.99758815765381,6.79825,6.79825
6.79835,-2.424639E-08,-9.99827766418457,6.79835,6.79835
6.79845,-3.2282664E-08,-9.99804973602295,6.79845,6.79845
6.79855,-5.994206E-08,-9.99851989746094,6.79855,6.79855
6.79865,-6.69448E-08,-9.9985294342041,6.79865,6.79865
6.79875,-6.7753348E-08,-9.99848175048828,6.79875,6.79875
6.79885,-6.8393156E-08,-9.99843692779541,6.79885,6.79885
6.79895,-8.8009251E-08,-9.99826431274414,6.79895,6.79895
6.79905,-1.0558632312E-05,-7.99479579925537,6.79905,6.79905
6.79915,4.4882890506E-05,-0.001304840203375,6.79915,6.79915
6.79925,5.4638112488E-05,-0.001029914012179,6.79925,6.79925
6.79935,5.6373923144E-05,-0.000622555904556,6.79935,6.79935
6.79945,5.6883487559E-05,-0.000441851880169,6.79945,6.79945
6.79955,5.7056178775E-05,-0.000273321464192,6.79955,6.79955
6.79965,5.7082052081E-05,0.000182801362826,6.79965,6.79965
6.79975,5.7072720665E-05,-0.000248903903412,6.79975,6.79975
6.79985,5.7046709117E-05,-0.000259459047811,6.79985,6.79985
6.79995,5.7058026869E-05,-0.000170795858139,6.79995,6.79995
6.80005,5.9576472268E-05,-1.99366629123688,6.80005,6.80005
6.80015,1.844260737E-06,-9.99690818786621,6.80015,6.80015
6.80025,7.781356E-08,-9.9973316192627,6.80025,6.80025
6.80035,-5.3621321E-08,-9.99780178070068,6.80035,6.80035
6.80045,-6.9939944E-08,-9.9980297088623,6.80045,6.80045
6.80055,-7.3068676E-08,-9.99835586547852,6.80055,6.80055
6.80065,-1.0146632E-07,-9.99831962585449,6.80065,6.80065
6.80075,-8.5154724E-08,-9.99828624725342,6.80075,6.80075
6.80085,-8.580156E-08,-9.99882030487061,6.80085,6.80085
6.80095,-9.0912998E-08,-9.99871063232422,6.80095,6.80095
6.80105,-1.0592949366E-05,-8.01510429382324,6.80105,6.80105
6.80115,4.483349403E-05,-0.001446701353416,6.80115,6.80115
6.80125,5.467041774E-05,-0.000991845037788,6.80125,6.80125
6.80135,5.6389519159E-05,-0.000552188255824,6.80135,6.80135
6.80145,5.691183469E-05,-0.000393438967876,6.80145,6.80145
6.80155,5.7066576119E-05,-0.00053938140627,6.80155,6.80155
6.80165,5.7118908444E-05,-0.000817544525489,6.80165,6.80165
6.80175,5.7107517932E-05,-0.00036606597132,6.80175,6.80175
6.80185,5.7120600104E-05,-0.000268958654488,6.80185,6.80185
6.80195,5.70821976E-05,-0.000375354487915,6.80195,6.80195
6.80205,5.9702200815E-05,-1.97378718852997,6.80205,6.80205
6.80215,1.857352117E-06,-9.99720668792725,6.80215,6.80215
6.80225,8.786769E-08,-9.99792385101318,6.80225,6.80225
6.80235,-1.9317758E-08,-9.99826622009277,6.80235,6.80235
6.80245,-2.9336732E-08,-9.99841499328613,6.80245,6.80245
6.80255,-7.0720368E-08,-9.99836349487305,6.80255,6.80255
6.80265,-6.8470491E-08,-9.99844932556152,6.80265,6.80265
6.80275,-5.8964773E-08,-9.99840545654297,6.80275,6.80275
6.80285,-4.897392E-08,-9.99825954437256,6.80285,6.80285
6.80295,-6.9567307E-08,-9.99834060668945,6.80295,6.80295
6.80305,-1.058536327E-05,-8.03493881225586,6.80305,6.80305
6.80315,4.4736087148E-05,-0.001744426670484,6.80315,6.80315
6.80325,5.4651329265E-05,-0.00132869486697,6.80325,6.80325
6.80335,5.6403277995E-05,-0.000760476395953,6.80335,6.80335
6.80345,5.6956036133E-05,-0.000542125722859,6.80345,6.80345
6.80355,5.7095214288E-05,-0.000426019163569,6.80355,6.80355
6.80365,5.7152767113E-05,-0.000600953062531,6.80365,6.80365
6.80375,5.7177552662E-05,-0.000478865229525,6.80375,6.80375
6.80385,5.7183930039E-05,-0.000561476801522,6.80385,6.80385
6.80395,5.7157696574E-05,-0.000493642408401,6.80395,6.80395
6.80405,5.9868983953E-05,-1.95370948314667,6.80405,6.80405
6.80415,1.937180514E-06,-9.99695777893066,6.80415,6.80415
6.80425,1.0199269E-07,-9.99747943878174,6.80425,6.80425
6.80435,-1.7320993E-08,-9.99804401397705,6.80435,6.80435
6.80445,-7.3757704E-08,-9.99811553955078,6.80445,6.80445
6.80455,-7.2485115E-08,-9.99824333190918,6.80455,6.80455
6.80465,-8.5302368E-08,-9.99838066101074,6.80465,6.80465
6.80475,-7.0699279E-08,-9.9983549118042,6.80475,6.80475
6.80485,-8.3460286E-08,-9.99837112426758,6.80485,6.80485
6.80495,-7.9691745E-08,-9.99830055236816,6.80495,6.80495
6.80505,-1.0613957784E-05,-8.05501461029053,6.80505,6.80505
6.80515,4.4686217734E-05,-0.002102105179802,6.80515,6.80515
6.80525,5.4708361859E-05,-0.001689469558187,6.80525,6.80525
6.80535,5.6423490605E-05,-0.001184230088256,6.80535,6.80535
6.80545,5.6926521211E-05,-0.001003314973786,6.80545,6.80545
6.80555,5.7077431848E-05,-0.000861805747263,6.80555,6.80555
6.80565,5.7145498431E-05,-0.000839428859763,6.80565,6.80565
6.80575,5.7143824961E-05,-0.000632759183645,6.80575,6.80575
6.80585,5.7152050431E-05,-0.000726137019228,6.80585,6.80585
6.80595,5.7133165683E-05,-0.000506590062287,6.80595,6.80595
6.80605,5.9965554101E-05,-1.93389189243317,6.80605,6.80605
6.80615,1.932399528E-06,-9.99738121032715,6.80615,6.80615
6.80625,8.8078615E-08,-9.99802494049072,6.80625,6.80625
6.80635,-1.6779618E-08,-9.99842643737793,6.80635,6.80635
6.80645,-7.7484053E-08,-9.99845790863037,6.80645,6.80645
6.80655,-9.6214265E-08,-9.99837398529053,6.80655,6.80655
6.80665,-9.5047142E-08,-9.99830913543701,6.80665,6.80665
6.80675,-5.8620259E-08,-9.998610496521,6.80675,6.80675
6.80685,-8.2265039E-08,-9.99843215942383,6.80685,6.80685
6.80695,-6.7570546E-08,-9.99890422821045,6.80695,6.80695
6.80705,-1.061444982E-05,-8.07539463043213,6.80705,6.80705
6.80715,4.4582433475E-05,-0.001893183798529,6.80715,6.80715
6.80725,5.4696465668E-05,-0.001322150579654,6.80725,6.80725
6.80735,5.6386430515E-05,-0.001159460749477,6.80735,6.80735
6.80745,5.693825733E-05,-0.001171352807432,6.80745,6.80745
6.80755,5.7087298046E-05,-0.000881227198988,6.80755,6.80755
6.80765,5.7184202888E-05,-0.00097516796086,6.80765,6.80765
6.80775,5.7182372984E-05,-0.000791860336903,6.80775,6.80775
6.80785,5.7163153542E-05,-0.000729725754354,6.80785,6.80785
6.80795,5.7165718317E-05,-0.000895089644473,6.80795,6.80795
6.80805,6.0071753978E-05,-1.91406357288361,6.80805,6.80805
6.80815,1.961141606E-06,-9.99725914001465,6.80815,6.80815
6.80825,6.2050376E-08,-9.99786853790283,6.80825,6.80825
6.80835,-5.4085355E-08,-9.99843883514404,6.80835,6.80835
6.80845,-5.3030728E-08,-9.9982852935791,6.80845,6.80845
6.80855,-6.9412629E-08,-9.99862289428711,6.80855,6.80855
6.80865,-4.7827893E-08,-9.99829292297363,6.80865,6.80865
6.80875,-6.2037259E-08,-9.99844646453857,6.80875,6.80875
6.80885,-6.9721985E-08,-9.99840545654297,6.80885,6.80885
6.80895,-5.0035581E-08,-9.99857711791992,6.80895,6.80895
6.80905,-1.0638164895E-05,-8.09505748748779,6.80905,6.80905
6.80915,4.4515261834E-05,-0.00173900835216,6.80915,6.80915
6.80925,5.4719421314E-05,-0.001297381240875,6.80925,6.80925
6.80935,5.6446941016E-05,-0.000660132209305,6.80935,6.80935
6.80945,5.6961267546E-05,-0.000488013029099,6.80945,6.80945
6.80955,5.7149183704E-05,-0.000295839097816,6.80955,6.80955
6.80965,5.7170422224E-05,-0.000404908874771,6.80965,6.80965
6.80975,5.7207733335E-05,-0.000380772806238,6.80975,6.80975
6.80985,5.7179295254E-05,-0.000429115345469,6.80985,6.80985
6.80995,5.7147361076E-05,-0.000480835529743,6.80995,6.80995
6.81005,6.0147569457E-05,-1.89380025863648,6.81005,6.81005
6.81015,1.924433491E-06,-9.99726676940918,6.81015,6.81015
6.81025,7.1942793E-08,-9.99806785583496,6.81025,6.81025
6.81035,-2.7325907E-08,-9.99827861785889,6.81035,6.81035
6.81045,-6.919467E-08,-9.99853229522705,6.81045,6.81045
6.81055,-6.8604081E-08,-9.99856853485107,6.81055,6.81055
6.81065,-5.5224355E-08,-9.99860382080078,6.81065,6.81065
6.81075,-9.6094738E-08,-9.99872779846191,6.81075,6.81075
6.81085,-1.02099094E-07,-9.99887561798096,6.81085,6.81085
6.81095,-9.6284573E-08,-9.99874019622803,6.81095,6.81095
6.81105,-1.0678465515E-05,-8.11527347564697,6.81105,6.81105
6.81115,4.4436834287E-05,-0.001882276730612,6.81115,6.81115
6.81125,5.4705269577E-05,-0.001129484153353,6.81125,6.81125
6.81135,5.6442509958E-05,-0.000934706593398,6.81135,6.81135
6.81145,5.6963755924E-05,-0.000819374108687,6.81145,6.81145
6.81155,5.7160697907E-05,-0.000253900012467,6.81155,6.81155
6.81165,5.7201687014E-05,-0.000625159475021,6.81165,6.81165
6.81175,5.7218323491E-05,-0.000662665406708,6.81175,6.81175
6.81185,5.7197703427E-05,-0.00045465878793,6.81185,6.81185
6.81195,5.719894034E-05,-0.000210412821616,6.81195,6.81195
6.81205,6.0292051785E-05,-1.87378036975861,6.81205,6.81205
6.81215,2.01167245E-06,-9.99711513519287,6.81215,6.81215
6.81225,6.4166663E-08,-9.99792098999023,6.81225,6.81225
6.81235,-3.8139369E-08,-9.99810028076172,6.81235,6.81235
6.81245,-7.5177937E-08,-9.99842548370361,6.81245,6.81245
6.81255,-1.01459285E-07,-9.99828910827637,6.81255,6.81255
6.81265,-8.8002224E-08,-9.99844264984131,6.81265,6.81265
6.81275,-6.1200588E-08,-9.99819374084473,6.81275,6.81275
6.81285,-4.1584489E-08,-9.99847030639648,6.81285,6.81285
6.81295,-6.8133012E-08,-9.99826526641846,6.81295,6.81295
6.81305,-1.063720174E-05,-8.13498497009277,6.81305,6.81305
6.81315,4.4385924411E-05,-0.001526709296741,6.81315,6.81315
6.81325,5.4766769608E-05,-0.001341572147794,6.81325,6.81325
6.81335,5.6486158428E-05,-0.000844073132612,6.81335,6.81335
6.81345,5.6991142628E-05,-0.000379013596103,6.81345,6.81345
6.81355,5.7201097661E-05,-0.000451140396763,6.81355,6.81355
6.81365,5.7231944083E-05,-0.000392313086195,6.81365,6.81365
6.81375,5.7238165027E-05,-0.000254462938756,6.81375,6.81375
6.81385,5.726344898E-05,-0.000363743834896,6.81385,6.81385
6.81395,5.7235480199E-05,-0.000198098481633,6.81395,6.81395
6.81405,6.0408998252E-05,-1.85377967357636,6.81405,6.81405
6.81415,2.06895993E-06,-9.99720859527588,6.81415,6.81415
6.81425,1.28906819E-07,-9.99747467041016,6.81425,6.81425
6.81435,-1.719517E-09,-9.99802494049072,6.81435,6.81435
6.81445,-4.9079386E-08,-9.99842166900635,6.81445,6.81445
6.81455,-7.9726902E-08,-9.99822044372559,6.81455,6.81455
6.81465,-6.4280101E-08,-9.99837398529053,6.81465,6.81465
6.81475,-8.9612286E-08,-9.9981575012207,6.81475,6.81475
6.81485,-9.1524683E-08,-9.99827289581299,6.81485,6.81485
6.81495,-1.0785034E-07,-9.99833869934082,6.81495,6.81495
6.81505,-1.0704515262E-05,-8.15512275695801,6.81505,6.81505
6.81515,4.4247928599E-05,-0.00190493511036,6.81515,6.81515
6.81525,5.4724281654E-05,-0.001309414044954,6.81525,6.81525
6.81535,5.6469620176E-05,-0.000857724458911,6.81535,6.81535
6.81545,5.693005005E-05,-0.000747106561903,6.81545,6.81545
6.81555,5.7112207287E-05,-0.000590186798945,6.81555,6.81555
6.81565,5.7199904404E-05,-0.000489912927151,6.81565,6.81565
6.81575,5.7189841755E-05,-0.00022181237,6.81575,6.81575
6.81585,5.718821194E-05,-0.000122031102364,6.81585,6.81585
6.81595,5.7175155234E-05,-0.000149967047037,6.81595,6.81595
6.81605,6.0461130488E-05,-1.83359408378601,6.81605,6.81605
6.81615,2.03360878E-06,-9.99705982208252,6.81615,6.81615
6.81625,7.613319E-08,-9.99778175354004,6.81625,6.81625
6.81635,-4.2210235E-08,-9.99799537658691,6.81635,6.81635
6.81645,-9.7079059E-08,-9.99805545806885,6.81645,6.81645
6.81655,-1.13981244E-07,-9.99828910827637,6.81655,6.81655
6.81665,-1.04988779E-07,-9.99845123291016,6.81665,6.81665
6.81675,-1.09249477E-07,-9.99857997894287,6.81675,6.81675
6.81685,-1.03990395E-07,-9.99835777282715,6.81685,6.81685
6.81695,-1.12814121E-07,-9.99818325042725,6.81695,6.81695
6.81705,-1.0723569176E-05,-8.17483901977539,6.81705,6.81705
6.81715,4.4186654122E-05,-0.00193266000133,6.81715,6.81715
6.81725,5.4715113947E-05,-0.00155520811677,6.81725,6.81725
6.81735,5.6445005612E-05,-0.000690319924615,6.81735,6.81735
6.81745,5.6977918575E-05,-0.000595323625021,6.81745,6.81745
6.81755,5.7146826293E-05,-0.000630366674159,6.81755,6.81755
6.81765,5.7228808146E-05,-0.000419263873482,6.81765,6.81765
6.81775,5.7236364228E-05,-0.000322860258166,6.81775,6.81775
6.81785,5.7211502281E-05,-0.000467606412712,6.81785,6.81785
6.81795,5.7200395531E-05,-0.000332289520884,6.81795,6.81795
6.81805,6.0527461756E-05,-1.81411290168762,6.81805,6.81805
6.81815,2.027034952E-06,-9.99716949462891,6.81815,6.81815
6.81825,4.1717133E-08,-9.99766540527344,6.81825,6.81825
6.81835,-8.2208793E-08,-9.99796676635742,6.81835,6.81835
6.81845,-9.2769142E-08,-9.99806499481201,6.81845,6.81845
6.81855,-1.17644326E-07,-9.99826526641846,6.81855,6.81855
6.81865,-1.16681093E-07,-9.99827480316162,6.81865,6.81865
6.81875,-9.7233738E-08,-9.99839115142822,6.81875,6.81875
6.81885,-1.26678984E-07,-9.99841594696045,6.81885,6.81885
6.81895,-1.34532442E-07,-9.99841213226318,6.81895,6.81895
6.81905,-1.075567161E-05,-8.19475650787354,6.81905,6.81905
6.81915,4.4090800657E-05,-0.001413065590896,6.81915,6.81915
6.81925,5.4730771808E-05,-0.001029280712828,6.81925,6.81925
6.81935,5.6493088778E-05,-0.000815292762127,6.81935,6.81935
6.81945,5.7000892411E-05,-0.000623822503258,6.81945,6.81945
6.81955,5.7191562519E-05,-0.000506027135998,6.81955,6.81955
6.81965,5.7235632994E-05,-0.000540014705621,6.81965,6.81965
6.81975,5.7264904171E-05,-0.000495964544825,6.81975,6.81975
6.81985,5.7260549511E-05,-0.000460288196336,6.81985,6.81985
6.81995,5.7219920564E-05,-0.000525378214661,6.81995,6.81995
6.82005,6.0643546021E-05,-1.79428017139435,6.82005,6.82005
6.82015,2.079133537E-06,-9.99731922149658,6.82015,6.82015
6.82025,5.6179609E-08,-9.99779033660889,6.82025,6.82025
6.82035,-5.5800886E-08,-9.99808979034424,6.82035,6.82035
6.82045,-7.5283396E-08,-9.99838447570801,6.82045,6.82045
6.82055,-9.816884E-08,-9.9986743927002,6.82055,6.82055
6.82065,-1.25575127E-07,-9.99847793579102,6.82065,6.82065
6.82075,-7.589508E-08,-9.9986400604248,6.82075,6.82075
6.82085,-1.06071532E-07,-9.99855995178223,6.82085,6.82085
6.82095,-1.09010429E-07,-9.9985237121582,6.82095,6.82095
6.82105,-1.0755215044E-05,-8.21503162384033,6.82105,6.82105
6.82115,4.4000626076E-05,-0.001886498881504,6.82115,6.82115
6.82125,5.4729545809E-05,-0.001129765645601,6.82125,6.82125
6.82135,5.6488752307E-05,-0.000813603925053,6.82135,6.82135
6.82145,5.7016579376E-05,-0.000965105427895,6.82145,6.82145
6.82155,5.7190627558E-05,-0.000718466937542,6.82155,6.82155
6.82165,5.7221972384E-05,-0.000687575549819,6.82165,6.82165
6.82175,5.7214507251E-05,-0.000839851039927,6.82175,6.82175
6.82185,5.7251501858E-05,-0.001068616169505,6.82185,6.82185
6.82195,5.7209766965E-05,-0.000685957085807,6.82195,6.82195
6.82205,6.073089753E-05,-1.77412235736847,6.82205,6.82205
6.82215,2.090713451E-06,-9.99747753143311,6.82215,6.82215
6.82225,5.9097417E-08,-9.99817752838135,6.82225,6.82225
6.82235,-5.9695985E-08,-9.9983959197998,6.82235,6.82235
6.82245,-8.5991395E-08,-9.99862575531006,6.82245,6.82245
6.82255,-1.20934772E-07,-9.9987325668335,6.82255,6.82255
6.82265,-1.05628587E-07,-9.99871349334717,6.82265,6.82265
6.82275,-1.27410189E-07,-9.99877834320068,6.82275,6.82275
6.82285,-1.16055347E-07,-9.99888324737549,6.82285,6.82285
6.82295,-1.15232737E-07,-9.99882316589355,6.82295,6.82295
6.82305,-1.0729383575E-05,-8.23539161682129,6.82305,6.82305
6.82315,4.3894058763E-05,-0.002317992970347,6.82315,6.82315
6.82325,5.4731179262E-05,-0.00206945464015,6.82325,6.82325
6.82335,5.6497377955E-05,-0.001316732377745,6.82335,6.82335
6.82345,5.705427975E-05,-0.001242564874701,6.82345,6.82345
6.82355,5.7201785239E-05,-0.001068193931133,6.82355,6.82355
6.82365,5.7274057326E-05,-0.000956872361712,6.82365,6.82365
6.82375,5.7263336203E-05,-0.000999866984785,6.82375,6.82375
6.82385,5.7252655097E-05,-0.001097326166928,6.82385,6.82385
6.82395,5.7264995121E-05,-0.00090867059771,6.82395,6.82395
6.82405,6.0835594923E-05,-1.75444912910461,6.82405,6.82405
6.82415,2.119202463E-06,-9.99730777740479,6.82415,6.82415
6.82425,4.6645763E-08,-9.99769020080566,6.82425,6.82425
6.82435,-3.6121509E-08,-9.99831199645996,6.82435,6.82435
6.82445,-4.2139927E-08,-9.99841785430908,6.82445,6.82445
6.82455,-7.9572224E-08,-9.99838066101074,6.82455,6.82455
6.82465,-9.030834E-08,-9.99837017059326,6.82465,6.82465
6.82475,-8.9042786E-08,-9.99812984466553,6.82475,6.82475
6.82485,-8.2686888E-08,-9.99804782867432,6.82485,6.82485
6.82495,-9.2241827E-08,-9.99815940856934,6.82495,6.82495
6.82505,-1.065372453E-05,-8.2547779083252,6.82505,6.82505
6.82515,4.3854284741E-05,-0.001731197582558,6.82515,6.82515
6.82525,5.4775635363E-05,-0.001277819043025,6.82525,6.82525
6.82535,5.6576194766E-05,-0.000820711080451,6.82535,6.82535
6.82545,5.7101697166E-05,-0.000993252499029,6.82545,6.82545
6.82555,5.7267188822E-05,-0.000923447776586,6.82555,6.82555
6.82565,5.7323843066E-05,-0.00092576991301,6.82565,6.82565
6.82575,5.7334640587E-05,-0.000914299977012,6.82575,6.82575
6.82585,5.729782788E-05,-0.000787638302427,6.82585,6.82585
6.82595,5.7270128309E-05,-0.000862579792738,6.82595,6.82595
6.82605,6.0937098169E-05,-1.73419284820557,6.82605,6.82605
6.82615,2.172285349E-06,-9.99692916870117,6.82615,6.82615
6.82625,7.3208348E-08,-9.99744319915771,6.82625,6.82625
6.82635,-1.7834246E-08,-9.99782276153564,6.82635,6.82635
6.82645,-7.3174142E-08,-9.99822044372559,6.82645,6.82645
6.82655,-8.3361854E-08,-9.9985818862915,6.82655,6.82655
6.82665,-8.2208793E-08,-9.99835872650146,6.82665,6.82665
6.82675,-1.04419279E-07,-9.99848651885986,6.82675,6.82675
6.82685,-9.3106628E-08,-9.99857139587402,6.82685,6.82685
6.82695,-8.6209354E-08,-9.99860286712646,6.82695,6.82695
6.82705,-1.0718113117E-05,-8.27524948120117,6.82705,6.82705
6.82715,4.3733627535E-05,-0.00193638948258,6.82715,6.82715
6.82725,5.4787658883E-05,-0.001161079155281,6.82725,6.82725
6.82735,5.6562934333E-05,-0.001009999890812,6.82735,6.82735
6.82745,5.7079247199E-05,-0.000826340459753,6.82745,6.82745
6.82755,5.7256409491E-05,-0.000712556065992,6.82755,6.82755
6.82765,5.7338700572E-05,-0.000527981843334,6.82765,6.82765
6.82775,5.7326225942E-05,-0.00028071005363,6.82775,6.82775
6.82785,5.7355708122E-05,-0.000519608089235,6.82785,6.82785
6.82795,5.7311011915E-05,-0.000495401618537,6.82795,6.82795
6.82805,6.1099635786E-05,-1.71426284313202,6.82805,6.82805
6.82815,2.224081754E-06,-9.9976282119751,6.82815,6.82815
6.82825,8.2292217E-08,-9.99813652038574,6.82825,6.82825
6.82835,-4.890434E-09,-9.9987325668335,6.82835,6.82835
6.82845,-3.7246448E-08,-9.99895668029785,6.82845,6.82845
6.82855,-4.2561776E-08,-9.99903869628906,6.82855,6.82855
6.82865,-3.9946297E-08,-9.99898338317871,6.82865,6.82865
6.82875,-5.9013988E-08,-9.99898433685303,6.82875,6.82875
6.82885,-9.5799443E-08,-9.99900531768799,6.82885,6.82885
6.82895,-7.8749608E-08,-9.99919128417969,6.82895,6.82895
6.82905,-1.0687163012E-05,-8.29576873779297,6.82905,6.82905
6.82915,4.3664444092E-05,-0.002447399077937,6.82915,6.82915
6.82925,5.4806845583E-05,-0.002027585869655,6.82925,6.82925
6.82935,5.6597436924E-05,-0.001244605518878,6.82935,6.82935
6.82945,5.7103192376E-05,-0.000908177986275,6.82945,6.82945
6.82955,5.7300494518E-05,-0.000543040514458,6.82955,6.82955
6.82965,5.7347922848E-05,-0.000834151287563,6.82965,6.82965
6.82975,5.7343677327E-05,-0.000617911631707,6.82975,6.82975
6.82985,5.734899969E-05,-0.00051763781812,6.82985,6.82985
6.82995,5.7321085478E-05,-0.000874823774211,6.82995,6.82995
6.83005,6.1168488173E-05,-1.69435882568359,6.83005,6.83005
6.83015,2.200816652E-06,-9.99737739562988,6.83015,6.83015
6.83025,7.5479321E-08,-9.99790668487549,6.83025,6.83025
6.83035,-5.151206E-08,-9.9984245300293,6.83035,6.83035
6.83045,-5.7481262E-08,-9.99845123291016,6.83045,6.83045
6.83055,-9.0477087E-08,-9.99849033355713,6.83055,6.83055
6.83065,-7.6900491E-08,-9.99849224090576,6.83065,6.83065
6.83075,-6.677606E-08,-9.9986572265625,6.83075,6.83075
6.83085,-5.2531536E-08,-9.99864673614502,6.83085,6.83085
6.83095,-8.7896758E-08,-9.99897289276123,6.83095,6.83095
6.83105,-1.0728019333E-05,-8.31515216827393,6.83105,6.83105
6.83115,4.3606894906E-05,-0.002074661897495,6.83115,6.83115
6.83125,5.4826778069E-05,-0.001321024727076,6.83125,6.83125
6.83135,5.6595494243E-05,-0.00074077345198,6.83135,6.83135
6.83145,5.7119552366E-05,-0.000688279222231,6.83145,6.83145
6.83155,5.7294848375E-05,-0.000603134452831,6.83155,6.83155
6.83165,5.734923252E-05,-0.000476472749142,6.83165,6.83165
6.83175,5.7323428337E-05,-0.000264103291556,6.83175,6.83175
6.83185,5.7353110606E-05,-0.00021751994791,6.83185,6.83185
6.83195,5.7346165704E-05,-0.000641836610157,6.83195,6.83195
6.83205,6.1239690694E-05,-1.67384469509125,6.83205,6.83205
6.83215,2.238291245E-06,-9.99685668945313,6.83215,6.83215
6.83225,9.136906E-08,-9.99729633331299,6.83225,6.83225
6.83235,-1.1597874E-08,-9.99770832061768,6.83235,6.83235
6.83245,-4.5472554E-08,-9.99787902832031,6.83245,6.83245
6.83255,-4.0747818E-08,-9.99802017211914,6.83255,6.83255
6.83265,-4.5254598E-08,-9.99823188781738,6.83265,6.83265
6.83275,-4.4347615E-08,-9.99802017211914,6.83275,6.83275
6.83285,-8.3453259E-08,-9.99808406829834,6.83285,6.83285
6.83295,-6.5559718E-08,-9.99783802032471,6.83295,6.83295
6.83305,-1.0705267414E-05,-8.33456611633301,6.83305,6.83305
6.83315,4.3488707888E-05,-0.001789602683857,6.83315,6.83315
6.83325,5.4839278164E-05,-0.001238765078597,6.83325,6.83325
6.83335,5.6631619373E-05,-0.001061649760231,6.83335,6.83335
6.83345,5.7147412008E-05,-0.001095637329854,6.83345,6.83345
6.83355,5.7325585658E-05,-0.000670616980642,6.83355,6.83355
6.83365,5.7363580709E-05,-0.000378872879082,6.83365,6.83365
6.83375,5.7395907788E-05,-0.000618193123955,6.83375,6.83375
6.83385,5.7367946283E-05,-0.000720507581718,6.83385,6.83385
6.83395,5.736813182E-05,-0.000671813206282,6.83395,6.83395
6.83405,6.1374186771E-05,-1.65416562557221,6.83405,6.83405
6.83415,2.306195256E-06,-9.9972038269043,6.83415,6.83415
6.83425,6.8638293E-08,-9.99740314483643,6.83425,6.83425
6.83435,-5.2847923E-08,-9.99810409545898,6.83435,6.83435
6.83445,-7.4179553E-08,-9.99806785583496,6.83445,6.83445
6.83455,-8.0212033E-08,-9.9982852935791,6.83455,6.83455
6.83465,-7.6970807E-08,-9.99835014343262,6.83465,6.83465
6.83475,-6.6241711E-08,-9.99824237823486,6.83475,6.83475
6.83485,-6.7352588E-08,-9.99862670898438,6.83485,6.83485
6.83495,-7.988158E-08,-9.99878215789795,6.83495,6.83495
6.83505,-1.0710815332E-05,-8.3550968170166,6.83505,6.83505
6.83515,4.3383141019E-05,-0.001990924356505,6.83515,6.83515
6.83525,5.4853375332E-05,-0.001640915870667,6.83525,6.83525
6.83535,5.6610082538E-05,-0.000873486802448,6.83535,6.83535
6.83545,5.7153181842E-05,-0.00097960117273,6.83545,6.83545
6.83555,5.7355853642E-05,-0.001019429182634,6.83555,6.83555
6.83565,5.7369597926E-05,-0.000695386377629,6.83565,6.83565
6.83575,5.7390530856E-05,-0.000680749886669,6.83575,6.83575
6.83585,5.7376306358E-05,-0.00056175829377,6.83585,6.83585
6.83595,5.7375702454E-05,-0.000807974545751,6.83595,6.83595
6.83605,6.1467522755E-05,-1.63378894329071,6.83605,6.83605
6.83615,2.304353075E-06,-9.99688053131104,6.83615,6.83615
6.83625,8.3459341E-08,-9.99752235412598,6.83625,6.83625
6.83635,-1.782795E-09,-9.99802684783936,6.83635,6.83635
6.83645,-6.8639238E-08,-9.9982213973999,6.83645,6.83645
6.83655,-6.8512676E-08,-9.99829959869385,6.83655,6.83655
6.83665,-5.0478526E-08,-9.99837303161621,6.83665,6.83665
6.83675,-7.4812327E-08,-9.99841785430908,6.83675,6.83675
6.83685,-5.3747875E-08,-9.99831581115723,6.83685,6.83685
6.83695,-6.4230889E-08,-9.9984188079834,6.83695,6.83695
6.83705,-1.0684168046E-05,-8.37490844726563,6.83705,6.83705
6.83715,4.3305342842E-05,-0.001930126803927,6.83715,6.83715
6.83725,5.4860356613E-05,-0.001534942304716,6.83725,6.83725
6.83735,5.6649816543E-05,-0.001226028427482,6.83735,6.83735
6.83745,5.7168483181E-05,-0.000987623003311,6.83745,6.83745
6.83755,5.7343171648E-05,-0.000628959329333,6.83755,6.83755
6.83765,5.743060683E-05,-0.000689475506078,6.83765,6.83765
6.83775,5.7440014643E-05,-0.000570061674807,6.83775,6.83775
6.83785,5.7441175159E-05,-0.000731977517717,6.83785,6.83785
6.83795,5.742610665E-05,-0.000765683595091,6.83795,6.83795
6.83805,6.1599414039E-05,-1.61430251598358,6.83805,6.83805
6.83815,2.380469141E-06,-9.99761295318604,6.83815,6.83815
6.83825,1.18775347E-07,-9.99781703948975,6.83825,6.83825
6.83835,-6.704396E-09,-9.99847888946533,6.83835,6.83835
6.83845,-3.9067441E-08,-9.99857139587402,6.83845,6.83845
6.83855,-4.9662948E-08,-9.99853038787842,6.83855,6.83855
6.83865,-5.1603465E-08,-9.99853610992432,6.83865,6.83865
6.83875,-5.1617526E-08,-9.99860000610352,6.83875,6.83875
6.83885,-1.7728784E-08,-9.99840354919434,6.83885,6.83885
6.83895,-5.39588E-08,-9.99867153167725,6.83895,6.83895
6.83905,-1.0698553524E-05,-8.39493656158447,6.83905,6.83905
6.83915,4.3236348574E-05,-0.001875943737105,6.83915,6.83915
6.83925,5.4870382883E-05,-0.00127486360725,6.83925,6.83925
6.83935,5.6674754887E-05,-0.00053410383407,6.83935,6.83935
6.83945,5.7206365454E-05,-0.000735847745091,6.83945,6.83945
6.83955,5.738704931E-05,-0.000510038109496,6.83955,6.83955
6.83965,5.7440520322E-05,-0.000247496558586,6.83965,6.83965
6.83975,5.7468474552E-05,-0.000625159475021,6.83975,6.83975
6.83985,5.7443416154E-05,-0.000570061674807,6.83985,6.83985
6.83995,5.7441779063E-05,-0.000543181202374,6.83995,6.83995
6.84005,6.1709877627E-05,-1.59402525424957,6.84005,6.84005
6.84015,2.429910182E-06,-9.99693489074707,6.84015,6.84015
6.84025,1.24378943E-07,-9.9975643157959,6.84025,6.84025
6.84035,-3.259275E-09,-9.99820232391357,6.84035,6.84035
6.84045,-4.3855458E-08,-9.99814796447754,6.84045,6.84045
6.84055,-3.6972246E-08,-9.99831867218018,6.84055,6.84055
6.84065,-3.6887876E-08,-9.99800109863281,6.84065,6.84065
6.84075,-5.2433105E-08,-9.99815654754639,6.84075,6.84075
6.84085,-7.1845307E-08,-9.99802494049072,6.84085,6.84085
6.84095,-6.4223855E-08,-9.99808502197266,6.84095,6.84095
6.84105,-1.0706441572E-05,-8.41476821899414,6.84105,6.84105
6.84115,4.3091928092E-05,-0.001618820475414,6.84115,6.84115
6.84125,5.4860567616E-05,-0.001323769101873,6.84125,6.84125
6.84135,5.6676355598E-05,-0.000518059998285,6.84135,6.84135
6.84145,5.7178851421E-05,-0.000506871554535,6.84145,6.84145
6.84155,5.7356781326E-05,-0.000526504125446,6.84155,6.84155
6.84165,5.7433237089E-05,-0.000552962301299,6.84165,6.84165
6.84175,5.7448902226E-05,-0.000516652653459,6.84175,6.84175
6.84185,5.7436005591E-05,-0.000520241388585,6.84185,6.84185
6.84195,5.7432447647E-05,-0.000645354972221,6.84195,6.84195
6.84205,6.1763683334E-05,-1.57402503490448,6.84205,6.84205
6.84215,2.420664487E-06,-9.99696159362793,6.84215,6.84215
6.84225,7.0986601E-08,-9.99735927581787,6.84225,6.84225
6.84235,-2.89367E-09,-9.9979829788208,6.84235,6.84235
6.84245,-4.3503913E-08,-9.99807929992676,6.84245,6.84245
6.84255,-7.9213649E-08,-9.99825477600098,6.84255,6.84255
6.84265,-7.3764731E-08,-9.99831962585449,6.84265,6.84265
6.84275,-7.1409396E-08,-9.99832057952881,6.84275,6.84275
6.84285,-8.4444608E-08,-9.99821758270264,6.84285,6.84285
6.84295,-1.29519449E-07,-9.99855136871338,6.84295,6.84295
6.84305,-1.0731977454E-05,-8.43490409851074,6.84305,6.84305
6.84315,4.2982577725E-05,-0.001939767156728,6.84315,6.84315
6.84325,5.4848762375E-05,-0.001592854852788,6.84325,6.84325
6.84335,5.6684075389E-05,-0.001036809990183,6.84335,6.84335
6.84345,5.7226796343E-05,-0.00104694289621,6.84345,6.84345
6.84355,5.7374520111E-05,-0.000657669326756,6.84355,6.84355
6.84365,5.7425753766E-05,-0.00062016339507,6.84365,6.84365
6.84375,5.7419365476E-05,-0.000511515827384,6.84375,6.84375
6.84385,5.7427456341E-05,-0.000438052025856,6.84385,6.84385
6.84395,5.7408178691E-05,-0.000198802168597,6.84395,6.84395
6.84405,6.1863080191E-05,-1.55396687984467,6.84405,6.84405
6.84415,2.441279094E-06,-9.99718189239502,6.84415,6.84415
6.84425,7.846743E-08,-9.99758529663086,6.84425,6.84425
6.84435,-8.342586E-09,-9.99790859222412,6.84435,6.84435
6.84445,-8.1463519E-08,-9.99785137176514,6.84445,6.84445
6.84455,-6.9637615E-08,-9.99802494049072,6.84455,6.84455
6.84465,-6.8632204E-08,-9.99824810028076,6.84465,6.84465
6.84475,-1.07140217E-07,-9.99807548522949,6.84475,6.84475
6.84485,-9.1862162E-08,-9.99830532073975,6.84485,6.84485
6.84495,-6.4329321E-08,-9.99836921691895,6.84495,6.84495
6.84505,-1.0683071196E-05,-8.45483589172363,6.84505,6.84505
6.84515,4.2885811126E-05,-0.001909368322231,6.84515,6.84515
6.84525,5.4849373555E-05,-0.001414965488948,6.84525,6.84525
6.84535,5.6654553191E-05,-0.001254808856174,6.84535,6.84535
6.84545,5.7199085859E-05,-0.001106122042984,6.84545,6.84545
6.84555,5.7405421103E-05,-0.000983189907856,6.84555,6.84555
6.84565,5.7462693803E-05,-0.000640921818558,6.84565,6.84565
6.84575,5.7485129219E-05,-0.000793689920101,6.84575,6.84575
6.84585,5.7450772147E-05,-0.000530233606696,6.84585,6.84585
6.84595,5.7465451391E-05,-0.000387739186408,6.84595,6.84595
6.84605,6.1972379626E-05,-1.53426790237427,6.84605,6.84605
6.84615,2.463116971E-06,-9.99656391143799,6.84615,6.84615
6.84625,8.8500471E-08,-9.99710845947266,6.84625,6.84625
6.84635,-1.090885E-08,-9.99753284454346,6.84635,6.84635
6.84645,-3.3667742E-08,-9.99801445007324,6.84645,6.84645
6.84655,-8.0422957E-08,-9.99796962738037,6.84655,6.84655
6.84665,-7.6211471E-08,-9.99805164337158,6.84665,6.84665
6.84675,-6.5102711E-08,-9.99832344055176,6.84675,6.84675
6.84685,-7.5234183E-08,-9.99845314025879,6.84685,6.84685
6.84695,-7.3265539E-08,-9.99825382232666,6.84695,6.84695
6.84705,-1.0672581084E-05,-8.47491073608398,6.84705,6.84705
6.84715,4.2791962187E-05,-0.00192294921726,6.84715,6.84715
6.84725,5.4871907196E-05,-0.001434598118067,6.84725,6.84725
6.84735,5.6720229622E-05,-0.000978053081781,6.84735,6.84735
6.84745,5.7260564063E-05,-0.000828592223115,6.84745,6.84745
6.84755,5.7449527958E-05,-0.000851532095112,6.84755,6.84755
6.84765,5.7504938013E-05,-0.000518552551512,6.84765,6.84765
6.84775,5.7496436057E-05,-0.000849421077874,6.84775,6.84775
6.84785,5.7496603404E-05,-0.000717129965778,6.84785,6.84785
6.84795,5.7465895225E-05,-0.000764276250266,6.84795,6.84795
6.84805,6.2048078689E-05,-1.51448571681976,6.84805,6.84805
6.84815,2.536512056E-06,-9.9971981048584,6.84815,6.84815
6.84825,7.2863841E-08,-9.99786376953125,6.84825,6.84825
6.84835,-4.6892787E-08,-9.99814224243164,6.84835,6.84835
6.84845,-6.0666238E-08,-9.99829769134521,6.84845,6.84845
6.84855,-8.8023313E-08,-9.99856948852539,6.84855,6.84855
6.84865,-1.03906025E-07,-9.99837589263916,6.84865,6.84865
6.84875,-9.275508E-08,-9.99856090545654,6.84875,6.84875
6.84885,-6.0884197E-08,-9.99877071380615,6.84885,6.84885
6.84895,-6.9215766E-08,-9.99872016906738,6.84895,6.84895
6.84905,-1.0648999705E-05,-8.49523258209229,6.84905,6.84905
6.84915,4.2661940824E-05,-0.002236014697701,6.84915,6.84915
6.84925,5.4881911637E-05,-0.001816483098082,6.84925,6.84925
6.84935,5.6715954997E-05,-0.0012816892704,6.84935,6.84935
6.84945,5.7249253587E-05,-0.001118366024457,6.84945,6.84945
6.84955,5.746669558E-05,-0.001034698914737,6.84955,6.84955
6.84965,5.7525958255E-05,-0.001094441046007,6.84965,6.84965
6.84975,5.7514851505E-05,-0.001283589168452,6.84975,6.84975
6.84985,5.7528715843E-05,-0.0009508911171,6.84985,6.84985
6.84995,5.7524455769E-05,-0.000847661867738,6.84995,6.84995
6.85005,6.2185674324E-05,-1.49438655376434,6.85005,6.85005
6.85015,2.575090321E-06,-9.99716663360596,6.85015,6.85015
6.85025,1.17263717E-07,-9.9976978302002,6.85025,6.85025
6.85035,8.749432E-09,-9.99821662902832,6.85035,6.85035
6.85045,-4.3229711E-08,-9.99832439422607,6.85045,6.85045
6.85055,-7.8376978E-08,-9.99845695495605,6.85055,6.85055
6.85065,-7.2569485E-08,-9.99852466583252,6.85065,6.85065
6.85075,-4.8784088E-08,-9.99834823608398,6.85075,6.85075
6.85085,-5.4282221E-08,-9.99835395812988,6.85085,6.85085
6.85095,-6.5011314E-08,-9.99846267700195,6.85095,6.85095
6.85105,-1.0625741197E-05,-8.51492309570313,6.85105,6.85105
6.85115,4.2599211156E-05,-0.002203012350947,6.85115,6.85115
6.85125,5.4884225392E-05,-0.0014146839967,6.85125,6.85125
6.85135,5.6746466726E-05,-0.001024425262585,6.85135,6.85135
6.85145,5.7284934883E-05,-0.001136450562626,6.85145,6.85145
6.85155,5.7486893638E-05,-0.00062980374787,6.85155,6.85155
6.85165,5.7539422414E-05,-0.000591664516833,6.85165,6.85165
6.85175,5.75525155E-05,-0.000308083050186,6.85175,6.85175
6.85185,5.7565612224E-05,-0.000569569063373,6.85185,6.85185
6.85195,5.7526245655E-05,-0.00027325109113,6.85195,6.85195
6.85205,6.2254533987E-05,-1.47389876842499,6.85205,6.85205
6.85215,2.568685204E-06,-9.99719715118408,6.85215,6.85215
6.85225,1.10556272E-07,-9.99771976470947,6.85225,6.85225
6.85235,-2.9477349E-08,-9.99791049957275,6.85235,6.85235
6.85245,-4.3342204E-08,-9.99825382232666,6.85245,6.85245
6.85255,-4.5753787E-08,-9.99829006195068,6.85255,6.85255
6.85265,-8.2672827E-08,-9.99852657318115,6.85265,6.85265
6.85275,-7.3659265E-08,-9.99860000610352,6.85275,6.85275
6.85285,-5.2482321E-08,-9.99845695495605,6.85285,6.85285
6.85295,-7.0741464E-08,-9.99837970733643,6.85295,6.85295
6.85305,-1.0623231901E-05,-8.53464984893799,6.85305,6.85305
6.85315,4.2478983232E-05,-0.002069173147902,6.85315,6.85315
6.85325,5.4918727983E-05,-0.001701220986433,6.85325,6.85325
6.85335,5.6743163441E-05,-0.001368663622998,6.85335,6.85335
6.85345,5.7293604186E-05,-0.001271837740205,6.85345,6.85345
6.85355,5.7490971813E-05,-0.000917114666663,6.85355,6.85355
6.85365,5.7536159147E-05,-0.000814729835838,6.85365,6.85365
6.85375,5.7532102801E-05,-0.000963557336945,6.85375,6.85375
6.85385,5.7516030211E-05,-0.000960038916674,6.85385,6.85385
6.85395,5.7543289586E-05,-0.000911696406547,6.85395,6.85395
6.85405,6.2373816036E-05,-1.45421385765076,6.85405,6.85405
6.85415,2.652120429E-06,-9.99707984924316,6.85415,6.85415
6.85425,1.36697011E-07,-9.99781894683838,6.85425,6.85425
6.85435,-1.114863E-09,-9.99799346923828,6.85435,6.85435
6.85445,-1.2666565E-08,-9.99858665466309,6.85445,6.85445
6.85455,-3.3527122E-08,-9.99891090393066,6.85455,6.85455
6.85465,-3.8336232E-08,-9.99901866912842,6.85465,6.85465
6.85475,-8.0858868E-08,-9.99859142303467,6.85475,6.85475
6.85485,-8.4198525E-08,-9.99844074249268,6.85485,6.85485
6.85495,-6.7415868E-08,-9.99859523773193,6.85495,6.85495
6.85505,-1.0595572348E-05,-8.55475521087646,6.85505,6.85505
6.85515,4.2344385292E-05,-0.001932167448103,6.85515,6.85515
6.85525,5.494814468E-05,-0.001419046777301,6.85525,6.85525
6.85535,5.6803608459E-05,-0.000801782181952,6.85535,6.85535
6.85545,5.7331293647E-05,-0.000722900091205,6.85545,6.85545
6.85555,5.7492034102E-05,-0.000794393592514,6.85555,6.85555
6.85565,5.7533314248E-05,-0.000655839743558,6.85565,6.85565
6.85575,5.7546531025E-05,-0.000802556227427,6.85575,6.85575
6.85585,5.7540000853E-05,-0.000704815611243,6.85585,6.85585
6.85595,5.7521134295E-05,-0.000704956357367,6.85595,6.85595
6.85605,6.2454550061E-05,-1.43416464328766,6.85605,6.85605
6.85615,2.670843742E-06,-9.9968786239624,6.85615,6.85615
6.85625,1.23893813E-07,-9.99757766723633,6.85625,6.85625
6.85635,-2.949917E-09,-9.99812984466553,6.85635,6.85635
6.85645,-3.6494146E-08,-9.99831867218018,6.85645,6.85645
6.85655,-5.0893345E-08,-9.99851989746094,6.85655,6.85655
6.85665,-6.0785766E-08,-9.99819564819336,6.85665,6.85665
6.85675,-4.9409834E-08,-9.9985523223877,6.85675,6.85675
6.85685,-5.2918235E-08,-9.99883842468262,6.85685,6.85685
6.85695,-6.9208731E-08,-9.99887657165527,6.85695,6.85695
6.85705,-1.0576476598E-05,-8.57505130767822,6.85705,6.85705
6.85715,4.2240673793E-05,-0.001915560686029,6.85715,6.85715
6.85725,5.4954525694E-05,-0.0013286244357,6.85725,6.85725
6.85735,5.6809738453E-05,-0.001062705297954,6.85735,6.85735
6.85745,5.7357814512E-05,-0.000788904901128,6.85745,6.85745
6.85755,5.7535224187E-05,-0.00072430743603,6.85755,6.85755
6.85765,5.758372572E-05,-0.000561969354749,6.85765,6.85765
6.85775,5.759753185E-05,-0.000825566414278,6.85775,6.85775
6.85785,5.7620545704E-05,-0.000731273845304,6.85785,6.85785
6.85795,5.7592118537E-05,-0.000701437995303,6.85795,6.85795
6.85805,6.2566265115E-05,-1.41445636749268,6.85805,6.85805
6.85815,2.717802772E-06,-9.99751472473145,6.85815,6.85815
6.85825,1.00762286E-07,-9.99789333343506,6.85825,6.85825
6.85835,-1.0072178E-08,-9.99817276000977,6.85835,6.85835
6.85845,-3.3611496E-08,-9.99842548370361,6.85845,6.85845
6.85855,-4.5233506E-08,-9.99851322174072,6.85855,6.85855
6.85865,-8.7109299E-08,-9.99845504760742,6.85865,6.85865
6.85875,-6.0349855E-08,-9.99889755249023,6.85875,6.85875
6.85885,-6.4969129E-08,-9.99872493743896,6.85885,6.85885
6.85895,-6.8695485E-08,-9.99847030639648,6.85895,6.85895
6.85905,-1.0571182429E-05,-8.59481239318848,6.85905,6.85905
6.85915,4.2124291213E-05,-0.001843222766183,6.85915,6.85915
6.85925,5.4977292166E-05,-0.001362541690469,6.85925,6.85925
6.85935,5.6833770941E-05,-0.001072064158507,6.85935,6.85935
6.85945,5.7355271565E-05,-0.001051164930686,6.85945,6.85945
6.85955,5.7538847614E-05,-0.000702634220943,6.85955,6.85955
6.85965,5.7589186326E-05,-0.000703408266418,6.85965,6.85965
6.85975,5.7614230172E-05,-0.000743517826777,6.85975,6.85975
6.85985,5.7596596889E-05,-0.000962572172284,6.85985,6.85985
6.85995,5.7572946389E-05,-0.000865464855451,6.85995,6.85995
6.86005,6.2608880398E-05,-1.39434146881104,6.86005,6.86005
6.86015,2.742804554E-06,-9.99712085723877,6.86015,6.86015
6.86025,9.0806587E-08,-9.99739074707031,6.86025,6.86025
6.86035,-1.9015431E-08,-9.99820327758789,6.86035,6.86035
6.86045,-6.418167E-08,-9.99805164337158,6.86045,6.86045
6.86055,-5.5111862E-08,-9.99836158752441,6.86055,6.86055
6.86065,-6.0926382E-08,-9.9984712600708,6.86065,6.86065
6.86075,-5.4225975E-08,-9.99852848052979,6.86075,6.86075
6.86085,-5.7811711E-08,-9.99842548370361,6.86085,6.86085
6.86095,-7.1774998E-08,-9.99851512908936,6.86095,6.86095
6.86105,-1.0594144442E-05,-8.6148624420166,6.86105,6.86105
6.86115,4.2020135879E-05,-0.002214482286945,6.86115,6.86115
6.86125,5.4948242905E-05,-0.00191239407286,6.86125,6.86125
6.86135,5.6813543779E-05,-0.001468233764172,6.86135,6.86135
6.86145,5.7376179029E-05,-0.001228983979672,6.86145,6.86145
6.86155,5.7549230405E-05,-0.001211532740854,6.86155,6.86155
6.86165,5.7597939303E-05,-0.00100289285183,6.86165,6.86165
6.86175,5.7610188378E-05,-0.000804596871603,6.86175,6.86175
6.86185,5.7602574088E-05,-0.000567598792259,6.86185,6.86185
6.86195,5.7590157667E-05,-0.00062114855973,6.86195,6.86195
6.86205,6.269057485E-05,-1.37431514263153,6.86205,6.86205
6.86215,2.765317276E-06,-9.99716854095459,6.86215,6.86215
6.86225,9.7893697E-08,-9.99746990203857,6.86225,6.86225
6.86235,-2.6053321E-08,-9.9982852935791,6.86235,6.86235
6.86245,-8.49438E-08,-9.99764728546143,6.86245,6.86245
6.86255,-5.6743023E-08,-9.9981746673584,6.86255,6.86255
6.86265,-4.2196174E-08,-9.99838352203369,6.86265,6.86265
6.86275,-5.9808478E-08,-9.99822998046875,6.86275,6.86275
6.86285,-5.2172961E-08,-9.99810314178467,6.86285,6.86285
6.86295,-7.244293E-08,-9.99841499328613,6.86295,6.86295
6.86305,-1.0531668522E-05,-8.63473510742188,6.86305,6.86305
6.86315,4.1903353122E-05,-0.001730142044835,6.86315,6.86315
6.86325,5.5004235037E-05,-0.001490047783591,6.86325,6.86325
6.86335,5.6835360738E-05,-0.001050390885212,6.86335,6.86335
6.86345,5.7389355788E-05,-0.000847450748552,6.86345,6.86345
6.86355,5.7553785155E-05,-0.000541984976735,6.86355,6.86355
6.86365,5.7626071793E-05,-0.000654502771795,6.86365,6.86365
6.86375,5.7658038713E-05,-0.00035114804632,6.86375,6.86375
6.86385,5.7668403315E-05,-0.000379083969165,6.86385,6.86385
6.86395,5.7658737205E-05,-0.000363603088772,6.86395,6.86395
6.86405,6.2821243773E-05,-1.35430061817169,6.86405,6.86405
6.86415,2.839253739E-06,-9.99693584442139,6.86415,6.86415
6.86425,1.34397922E-07,-9.99762058258057,6.86425,6.86425
6.86435,3.9024311E-08,-9.99819278717041,6.86435,6.86435
6.86445,-3.5010636E-08,-9.99848079681396,6.86445,6.86445
6.86455,-4.6913879E-08,-9.99844264984131,6.86455,6.86455
6.86465,-3.6747256E-08,-9.99815273284912,6.86465,6.86465
6.86475,-4.1085297E-08,-9.99856185913086,6.86475,6.86475
6.86485,-5.9435841E-08,-9.9984302520752,6.86485,6.86485
6.86495,-7.0270396E-08,-9.99850749969482,6.86495,6.86495
6.86505,-1.0502863006E-05,-8.65486812591553,6.86505,6.86505
6.86515,4.1791459807E-05,-0.002322285436094,6.86515,6.86515
6.86525,5.4958472901E-05,-0.001648797071539,6.86525,6.86525
6.86535,5.6835873693E-05,-0.001186481909826,6.86535,6.86535
6.86545,5.7407192799E-05,-0.000905644788872,6.86545,6.86545
6.86555,5.7603207097E-05,-0.000914018542971,6.86555,6.86555
6.86565,5.7656008721E-05,-0.000713681918569,6.86565,6.86565
6.86575,5.7655743149E-05,-0.000724448182154,6.86575,6.86575
6.86585,5.7634733821E-05,-0.00040596438339,6.86585,6.86585
6.86595,5.7619210565E-05,-0.000269732699962,6.86595,6.86595
6.86605,6.2891514972E-05,-1.3340402841568,6.86605,6.86605
6.86615,2.872875484E-06,-9.99703788757324,6.86615,6.86615
6.86625,1.07786114E-07,-9.99775505065918,6.86625,6.86625
6.86635,-1.917714E-08,-9.99822521209717,6.86635,6.86635
6.86645,-4.5500677E-08,-9.99811363220215,6.86645,6.86645
6.86655,-6.5144896E-08,-9.99823379516602,6.86655,6.86655
6.86665,-7.3089765E-08,-9.99816799163818,6.86665,6.86665
6.86675,-6.2079444E-08,-9.99828338623047,6.86675,6.86675
6.86685,-4.675217E-08,-9.99863338470459,6.86685,6.86685
6.86695,-4.321565E-08,-9.99851608276367,6.86695,6.86695
6.86705,-1.0463370927E-05,-8.67453956604004,6.86705,6.86705
6.86715,4.169173917E-05,-0.002066147280857,6.86715,6.86715
6.86725,5.5021031585E-05,-0.001487655215897,6.86725,6.86725
6.86735,5.6883578509E-05,-0.001096059568226,6.86735,6.86735
6.86745,5.7476165239E-05,-0.001142924302258,6.86745,6.86745
6.86755,5.7651825045E-05,-0.000919929414522,6.86755,6.86755
6.86765,5.7684890635E-05,-0.00098487874493,6.86765,6.86765
6.86775,5.7661905885E-05,-0.000702915713191,6.86775,6.86775
6.86785,5.7633813412E-05,-0.000808044918813,6.86785,6.86785
6.86795,5.7675006246E-05,-0.000531992758624,6.86795,6.86795
6.86805,6.3015344494E-05,-1.31418645381928,6.86805,6.86805
6.86815,2.923413149E-06,-9.99723243713379,6.86815,6.86815
6.86825,1.32534737E-07,-9.99767875671387,6.86825,6.86825
6.86835,1.8276246E-08,-9.99841117858887,6.86835,6.86835
6.86845,-3.273337E-09,-9.99825000762939,6.86845,6.86845
6.86855,-5.706644E-08,-9.99822998046875,6.86855,6.86855
6.86865,-2.973046E-08,-9.99852466583252,6.86865,6.86865
6.86875,-2.7586047E-08,-9.99850463867188,6.86875,6.86875
6.86885,-3.014528E-08,-9.99862003326416,6.86885,6.86885
6.86895,-4.846067E-08,-9.99855041503906,6.86895,6.86895
6.86905,-1.039460949E-05,-8.69482517242432,6.86905,6.86905
6.86915,4.1584749852E-05,-0.00224143313244,6.86915,6.86915
6.86925,5.4999771237E-05,-0.001489836606197,6.86925,6.86925
6.86935,5.6887562096E-05,-0.001060453476384,6.86935,6.86935
6.86945,5.7463537814E-05,-0.000707911793143,6.86945,6.86945
6.86955,5.763871377E-05,-0.000777223904151,6.86955,6.86955
6.86965,5.7666788052E-05,-0.000865113048349,6.86965,6.86965
6.86975,5.7678949815E-05,-0.000970805180259,6.86975,6.86975
6.86985,5.7683690102E-05,-0.00082190730609,6.86985,6.86985
6.86995,5.7668894442E-05,-0.000829999567941,6.86995,6.86995
6.87005,6.3110390329E-05,-1.2943526506424,6.87005,6.87005
6.87015,2.97889369E-06,-9.9969596862793,6.87015,6.87015
6.87025,1.08011101E-07,-9.9976053237915,6.87025,6.87025
6.87035,5.58481E-10,-9.99798393249512,6.87035,6.87035
6.87045,-2.5251802E-08,-9.9983434677124,6.87045,6.87045
6.87055,-4.4586667E-08,-9.99825763702393,6.87055,6.87055
6.87065,-3.6859753E-08,-9.99814796447754,6.87065,6.87065
6.87075,-3.7337848E-08,-9.99826431274414,6.87075,6.87075
6.87085,1.1990658E-08,-9.99840259552002,6.87085,6.87085
6.87095,-3.0693688E-08,-9.99851608276367,6.87095,6.87095
6.87105,-1.0387310795E-05,-8.71479034423828,6.87105,6.87105
6.87115,4.1460338252E-05,-0.002252973383293,6.87115,6.87115
6.87125,5.5023570894E-05,-0.001533323782496,6.87125,6.87125
6.87135,5.6910281273E-05,-0.000913525931537,6.87135,6.87135
6.87145,5.7486671722E-05,-0.00077778683044,6.87145,6.87145
6.87155,5.7651650422E-05,-0.000658865552396,6.87155,6.87155
6.87165,5.7733122958E-05,-0.000769764941651,6.87165,6.87165
6.87175,5.7728448155E-05,-0.000484142801724,6.87175,6.87175
6.87185,5.7727265812E-05,-0.000544870039448,6.87185,6.87185
6.87195,5.7701843616E-05,-0.00071128946729,6.87195,6.87195
6.87205,6.3181367295E-05,-1.27443504333496,6.87205,6.87205
6.87215,3.004696964E-06,-9.99639511108398,6.87215,6.87215
6.87225,1.34672121E-07,-9.99715137481689,6.87225,6.87225
6.87235,-9.39092E-10,-9.99753093719482,6.87235,6.87235
6.87245,-4.0775941E-08,-9.99788761138916,6.87245,6.87245
6.87255,-7.0678183E-08,-9.99779891967773,6.87255,6.87255
6.87265,-4.43898E-08,-9.998122215271,6.87265,6.87265
6.87275,-4.2660211E-08,-9.998122215271,6.87275,6.87275
6.87285,-2.4422162E-08,-9.99795436859131,6.87285,6.87285
6.87295,-3.4898143E-08,-9.99784660339355,6.87295,6.87295
6.87305,-1.0332990314E-05,-8.73437309265137,6.87305,6.87305
6.87315,4.1321080062E-05,-0.00199922779575,6.87315,6.87315
6.87325,5.5025033362E-05,-0.001267686136998,6.87325,6.87325
6.87335,5.6952612795E-05,-0.001075723324902,6.87335,6.87335
6.87345,5.7489076426E-05,-0.000697215902619,6.87345,6.87345
6.87355,5.7656296121E-05,-0.000438052025856,6.87355,6.87355
6.87365,5.7693152485E-05,-0.000646692002192,6.87365,6.87365
6.87375,5.7736517192E-05,-0.000670616980642,6.87375,6.87375
6.87385,5.7723511418E-05,-0.000825144234113,6.87385,6.87385
6.87395,5.7672939874E-05,-0.000521648733411,6.87395,6.87395
6.87405,6.325499271E-05,-1.25411248207092,6.87405,6.87405
6.87415,3.057800996E-06,-9.99660587310791,6.87415,6.87415
6.87425,1.17516826E-07,-9.99743556976318,6.87425,6.87425
6.87435,-2.4506532E-08,-9.9978084564209,6.87435,6.87435
6.87445,-7.1838279E-08,-9.99794292449951,6.87445,6.87445
6.87455,-6.0082677E-08,-9.99834632873535,6.87455,6.87455
6.87465,-5.3164314E-08,-9.99833106994629,6.87465,6.87465
6.87475,-4.0754848E-08,-9.99819374084473,6.87475,6.87475
6.87485,-2.9463287E-08,-9.99854373931885,6.87485,6.87485
6.87495,-3.0377301E-08,-9.99855136871338,6.87495,6.87495
6.87505,-1.0346995623E-05,-8.75496292114258,6.87505,6.87505
6.87515,4.1178100219E-05,-0.002350714057684,6.87515,6.87515
6.87525,5.5020886066E-05,-0.001718672108836,6.87525,6.87525
6.87535,5.6926866819E-05,-0.00115453498438,6.87535,6.87535
6.87545,5.747123214E-05,-0.001024073455483,6.87545,6.87545
6.87555,5.7664270571E-05,-0.001111470046453,6.87555,6.87555
6.87565,5.773554949E-05,-0.001103025861084,6.87565,6.87565
6.87575,5.7737215684E-05,-0.000979741918854,6.87575,6.87575
6.87585,5.7726487285E-05,-0.000813181744888,6.87585,6.87585
6.87595,5.7734563597E-05,-0.000924081075937,6.87595,6.87595
6.87605,6.3345629314E-05,-1.23462617397308,6.87605,6.87605
6.87615,3.093236501E-06,-9.9973030090332,6.87615,6.87615
6.87625,1.12145251E-07,-9.99801445007324,6.87625,6.87625
6.87635,2.7500734E-08,-9.9984302520752,6.87635,6.87635
6.87645,-1.213925E-08,-9.99860286712646,6.87645,6.87645
6.87655,-3.2950595E-08,-9.9987907409668,6.87655,6.87655
6.87665,-1.6934296E-08,-9.99892902374268,6.87665,6.87665
6.87675,-1.696945E-08,-9.99882221221924,6.87675,6.87675
6.87685,-1.6920234E-08,-9.99921798706055,6.87685,6.87685
6.87695,-2.106141E-08,-9.99917507171631,6.87695,6.87695
6.87705,-1.0288576959E-05,-8.77524757385254,6.87705,6.87705
6.87715,4.1051651351E-05,-0.002320877974853,6.87715,6.87715
6.87725,5.5062930187E-05,-0.001435864716768,6.87725,6.87725
6.87735,5.6969507568E-05,-0.000733525608666,6.87735,6.87735
6.87745,5.7524299336E-05,-0.00089931167895,6.87745,6.87745
6.87755,5.7721044868E-05,-0.000774972140789,6.87755,6.87755
6.87765,5.7756387832E-05,-0.00087573856581,6.87765,6.87765
6.87775,5.7775541791E-05,-0.000821414752863,6.87775,6.87775
6.87785,5.7764809753E-05,-0.000646832690109,6.87785,6.87785
6.87795,5.7747747633E-05,-0.000320256658597,6.87795,6.87795
6.87805,6.3437102654E-05,-1.21418333053589,6.87805,6.87805
6.87815,3.161077302E-06,-9.99695491790771,6.87815,6.87815
6.87825,1.57656004E-07,-9.99727630615234,6.87825,6.87825
6.87835,2.722653E-08,-9.99790573120117,6.87835,6.87835
6.87845,4.755905E-09,-9.99803447723389,6.87845,6.87845
6.87855,-2.1736373E-08,-9.99826145172119,6.87855,6.87855
6.87865,-2.4619025E-08,-9.99843502044678,6.87865,6.87865
6.87875,-2.3669859E-08,-9.99868488311768,6.87875,6.87875
6.87885,3.65206E-09,-9.99863529205322,6.87885,6.87885
6.87895,-5.945063E-09,-9.99849891662598,6.87895,6.87895
6.87905,-1.0226465747E-05,-8.79502582550049,6.87905,6.87905
6.87915,4.0954484575E-05,-0.002061854815111,6.87915,6.87915
6.87925,5.5105247156E-05,-0.001524598221295,6.87925,6.87925
6.87935,5.6974909967E-05,-0.000919084995985,6.87935,6.87935
6.87945,5.7544639276E-05,-0.000798123073764,6.87945,6.87945
6.87955,5.7725024817E-05,-0.000673642789479,6.87955,6.87955
6.87965,5.7774097513E-05,-0.000612493313383,6.87965,6.87965
6.87975,5.7786641264E-05,-0.000661469181068,6.87975,6.87975
6.87985,5.7789588027E-05,-0.000539170287084,6.87985,6.87985
6.87995,5.7805442339E-05,-0.000637684948742,6.87995,6.87995
6.88005,6.3531741034E-05,-1.19448006153107,6.88005,6.88005
6.88015,3.187632956E-06,-9.996901512146,6.88015,6.88015
6.88025,1.17369176E-07,-9.99777126312256,6.88025,6.88025
6.88035,3.427072E-09,-9.99802494049072,6.88035,6.88035
6.88045,-5.0260567E-08,-9.99812316894531,6.88045,6.88045
6.88055,-4.5655355E-08,-9.99838447570801,6.88055,6.88055
6.88065,-5.4493146E-08,-9.99838638305664,6.88065,6.88065
6.88075,-3.8758085E-08,-9.99836540222168,6.88075,6.88075
6.88085,-4.0663448E-08,-9.99870491027832,6.88085,6.88085
6.88095,-5.8894464E-08,-9.99843978881836,6.88095,6.88095
6.88105,-1.0232673958E-05,-8.81498241424561,6.88105,6.88105
6.88115,4.076834739E-05,-0.00208205031231,6.88115,6.88115
6.88125,5.5060412706E-05,-0.001486177556217,6.88125,6.88125
6.88135,5.699671965E-05,-0.001245590625331,6.88135,6.88135
6.88145,5.7591485529E-05,-0.001121321460232,6.88145,6.88145
6.88155,5.7725817896E-05,-0.00082380726235,6.88155,6.88155
6.88165,5.7779645431E-05,-0.000879960600287,6.88165,6.88165
6.88175,5.7806559198E-05,-0.000660554389469,6.88175,6.88175
6.88185,5.7799683418E-05,-0.000898608006537,6.88185,6.88185
6.88195,5.777662227E-05,-0.001030054758303,6.88195,6.88195
6.88205,6.3632134697E-05,-1.17456138134003,6.88205,6.88205
6.88215,3.284940021E-06,-9.9971284866333,6.88215,6.88215
6.88225,1.30910607E-07,-9.99737930297852,6.88225,6.88225
6.88235,2.8991277E-08,-9.99811363220215,6.88235,6.88235
6.88245,1.4064762E-08,-9.99828052520752,6.88245,6.88245
6.88255,-2.2158225E-08,-9.99827575683594,6.88255,6.88255
6.88265,-2.6482203E-08,-9.99811458587646,6.88265,6.88265
6.88275,-1.0486998E-08,-9.99835014343262,6.88275,6.88275
6.88285,-2.4070617E-08,-9.99857902526855,6.88285,6.88285
6.88295,7.596372E-09,-9.99847793579102,6.88295,6.88295
6.88305,-1.0130551345E-05,-8.8346118927002,6.88305,6.88305
6.88315,4.0685714339E-05,-0.002225600415841,6.88315,6.88315
6.88325,5.5093871197E-05,-0.00154099392239,6.88325,6.88325
6.88335,5.702924318E-05,-0.001176349003799,6.88335,6.88335
6.88345,5.7582921727E-05,-0.000972353271209,6.88345,6.88345
6.88355,5.7756915339E-05,-0.000975590199232,6.88355,6.88355
6.88365,5.7808028942E-05,-0.001163471722975,6.88365,6.88365
6.88375,5.7821485825E-05,-0.001020695781335,6.88375,6.88375
6.88385,5.7826542616E-05,-0.000782994029578,6.88385,6.88385
6.88395,5.7825003751E-05,-0.000687927415129,6.88395,6.88395
6.88405,6.3726489316E-05,-1.15438032150269,6.88405,6.88405
6.88415,3.309533895E-06,-9.9969596862793,6.88415,6.88415
6.88425,1.34967422E-07,-9.9976224899292,6.88425,6.88425
6.88435,4.3383444E-08,-9.99820423126221,6.88435,6.88435
6.88445,-2.4963537E-08,-9.99846076965332,6.88445,6.88445
6.88455,-1.680071E-08,-9.99861621856689,6.88455,6.88455
6.88465,-6.992661E-09,-9.99882411956787,6.88465,6.88465
6.88475,9.839216E-09,-9.99865531921387,6.88475,6.88475
6.88485,-1.930443E-09,-9.99831008911133,6.88485,6.88485
6.88495,-3.0482763E-08,-9.99843502044678,6.88495,6.88495
6.88505,-1.0145090528E-05,-8.85502529144287,6.88505,6.88505
6.88515,4.0503575292E-05,-0.002315952442586,6.88515,6.88515
6.88525,5.5045864428E-05,-0.001751815201715,6.88525,6.88525
6.88535,5.7000368543E-05,-0.001347483019345,6.88535,6.88535
6.88545,5.7537778048E-05,-0.001187748508528,6.88545,6.88545
6.88555,5.7726752857E-05,-0.001177474856377,6.88555,6.88555
6.88565,5.7780405768E-05,-0.000945895037148,6.88565,6.88565
6.88575,5.780592619E-05,-0.000931188231334,6.88575,6.88575
6.88585,5.7824643591E-05,-0.000712626439054,6.88585,6.88585
6.88595,5.7813740568E-05,-0.000564643356483,6.88595,6.88595
6.88605,6.3769934059E-05,-1.1343799829483,6.88605,6.88605
6.88615,3.358904678E-06,-9.99678611755371,6.88615,6.88615
6.88625,1.25145306E-07,-9.99748802185059,6.88625,6.88625
6.88635,9.05879E-09,-9.99790382385254,6.88635,6.88635
6.88645,-2.2432427E-08,-9.99810028076172,6.88645,6.88645
6.88655,-8.750376E-09,-9.9981689453125,6.88655,6.88655
6.88665,-3.5116098E-08,-9.99859428405762,6.88665,6.88665
6.88675,-2.8169609E-08,-9.99839210510254,6.88675,6.88675
6.88685,-6.465347E-09,-9.99829196929932,6.88685,6.88685
6.88695,-2.5736933E-08,-9.99849700927734,6.88695,6.88695
6.88705,-1.0111827578E-05,-8.87508583068848,6.88705,6.88705
6.88715,4.0375471144E-05,-0.002393356757239,6.88715,6.88715
6.88725,5.5097618315E-05,-0.001912183011882,6.88725,6.88725
6.88735,5.7026070863E-05,-0.001507076667622,6.88735,6.88735
6.88745,5.7585581089E-05,-0.001226732158102,6.88745,6.88745
6.88755,5.7764380472E-05,-0.000870531308465,6.88755,6.88755
6.88765,5.7821325754E-05,-0.001049616839737,6.88765,6.88765
6.88775,5.7837707573E-05,-0.000799037865363,6.88775,6.88775
6.88785,5.7825262047E-05,-0.001071079052053,6.88785,6.88785
6.88795,5.7800585637E-05,-0.001043072668836,6.88795,6.88795
6.88805,6.3826271798E-05,-1.11454141139984,6.88805,6.88805
6.88815,3.398776698E-06,-9.99733829498291,6.88815,6.88815
6.88825,1.39347648E-07,-9.99800395965576,6.88825,6.88825
6.88835,2.2213527E-08,-9.99830055236816,6.88835,6.88835
6.88845,-3.0166373E-08,-9.99838638305664,6.88845,6.88845
6.88855,-6.4244951E-08,-9.99820327758789,6.88855,6.88855
6.88865,-7.2660889E-08,-9.99851322174072,6.88865,6.88865
6.88875,-6.7830683E-08,-9.99857807159424,6.88875,6.88875
6.88885,-7.6485676E-08,-9.99883460998535,6.88885,6.88885
6.88895,-4.0832187E-08,-9.99872589111328,6.88895,6.88895
6.88905,-1.0071140423E-05,-8.89494514465332,6.88905,6.88905
6.88915,4.0241837269E-05,-0.002288016490638,6.88915,6.88915
6.88925,5.5110416724E-05,-0.001793895033188,6.88925,6.88925
6.88935,5.7033841586E-05,-0.001246716594324,6.88935,6.88935
6.88945,5.7611741795E-05,-0.001266278792173,6.88945,6.88945
6.88955,5.7781580836E-05,-0.001145246438682,6.88955,6.88955
6.88965,5.784804307E-05,-0.000977841904387,6.88965,6.88965
6.88975,5.786253314E-05,-0.001154112746008,6.88975,6.88975
6.88985,5.7855395426E-05,-0.001218499150127,6.88985,6.88985
6.88995,5.7791789004E-05,-0.000930554931983,6.88995,6.88995
6.89005,6.390397175E-05,-1.0947870016098,6.89005,6.89005
6.89015,3.474998266E-06,-9.99722957611084,6.89015,6.89015
6.89025,1.60840983E-07,-9.99741554260254,6.89025,6.89025
6.89035,-5.959125E-09,-9.99816608428955,6.89035,6.89035
6.89045,9.66271E-10,-9.9981632232666,6.89045,6.89045
6.89055,-3.8153431E-08,-9.9982442855835,6.89055,6.89055
6.89065,-4.8833304E-08,-9.99818134307861,6.89065,6.89065
6.89075,-6.934232E-08,-9.99844074249268,6.89075,6.89075
6.89085,-4.3377359E-08,-9.99823570251465,6.89085,6.89085
6.89095,-5.0485557E-08,-9.99814701080322,6.89095,6.89095
6.89105,-1.003223133E-05,-8.91475391387939,6.89105,6.89105
6.89115,4.0070171963E-05,-0.002340510720387,6.89115,6.89115
6.89125,5.5077678553E-05,-0.001989305950701,6.89125,6.89125
6.89135,5.7024910348E-05,-0.00121512147598,6.89135,6.89135
6.89145,5.7578563428E-05,-0.001252838526852,6.89145,6.89145
6.89155,5.7814253523E-05,-0.000915566633921,6.89155,6.89155
6.89165,5.7853492763E-05,-0.001176208257675,6.89165,6.89165
6.89175,5.7841349189E-05,-0.001013025757857,6.89175,6.89175
6.89185,5.7826036937E-05,-0.000944698811509,6.89185,6.89185
6.89195,5.7875589846E-05,-0.000925066240598,6.89195,6.89195
6.89205,6.3963700086E-05,-1.07450902462006,6.89205,6.89205
6.89215,3.513217962E-06,-9.99684906005859,6.89215,6.89215
6.89225,1.46737079E-07,-9.99777412414551,6.89225,6.89225
6.89235,-1.5415631E-08,-9.9981164932251,6.89235,6.89235
6.89245,-4.1711044E-08,-9.99827003479004,6.89245,6.89245
6.89255,-3.6634763E-08,-9.99828243255615,6.89255,6.89255
6.89265,-5.1673773E-08,-9.99862957000732,6.89265,6.89265
6.89275,-4.6745139E-08,-9.99864196777344,6.89275,6.89275
6.89285,-7.2014046E-08,-9.99879360198975,6.89285,6.89285
6.89295,-8.3917293E-08,-9.99880504608154,6.89295,6.89295
6.89305,-9.971217878E-06,-8.93515300750732,6.89305,6.89305
6.89315,3.9927410398E-05,-0.002574131125584,6.89315,6.89315
6.89325,5.5084641644E-05,-0.001957640517503,6.89325,6.89325
6.89335,5.705877993E-05,-0.001579344272614,6.89335,6.89335
6.89345,5.7634810219E-05,-0.001251290435903,6.89345,6.89345
6.89355,5.77983119E-05,-0.00111569208093,6.89355,6.89355
6.89365,5.7864461269E-05,-0.000987482257187,6.89365,6.89365
6.89375,5.7885346905E-05,-0.00097741978243,6.89375,6.89375
6.89385,5.7903129346E-05,-0.00096806086367,6.89385,6.89385
6.89395,5.7873403421E-05,-0.000995715265162,6.89395,6.89395
6.89405,6.4037987613E-05,-1.05474841594696,6.89405,6.89405
6.89415,3.569921773E-06,-9.99736976623535,6.89415,6.89415
6.89425,1.20378388E-07,-9.99771785736084,6.89425,6.89425
6.89435,-1.5422662E-08,-9.99825000762939,6.89435,6.89435
6.89445,-6.1369327E-08,-9.99843120574951,6.89445,6.89445
6.89455,-8.3432163E-08,-9.99850749969482,6.89455,6.89455
6.89465,-8.7875662E-08,-9.99867248535156,6.89465,6.89465
6.89475,-5.4240036E-08,-9.99857425689697,6.89475,6.89475
6.89485,-3.8561218E-08,-9.99869346618652,6.89485,6.89485
6.89495,-4.8453639E-08,-9.99872303009033,6.89495,6.89495
6.89505,-9.930136002E-06,-8.95500087738037,6.89505,6.89505
6.89515,3.9769602154E-05,-0.002374498173594,6.89515,6.89515
6.89525,5.5087461078E-05,-0.001845755963586,6.89525,6.89525
6.89535,5.7081178966E-05,-0.001373167149723,6.89535,6.89535
6.89545,5.7633958932E-05,-0.001188241061755,6.89545,6.89545
6.89555,5.7833010942E-05,-0.000849772884976,6.89555,6.89555
6.89565,5.7850433222E-05,-0.001000781776384,6.89565,6.89565
6.89575,5.7883877162E-05,-0.000878553255461,6.89575,6.89575
6.89585,5.787828195E-05,-0.000913666677661,6.89585,6.89585
6.89595,5.787279224E-05,-0.000728529528715,6.89595,6.89595
6.89605,6.4092448156E-05,-1.03476667404175,6.89605,6.89605
6.89615,3.601659046E-06,-9.99728012084961,6.89615,6.89615
6.89625,1.19478429E-07,-9.99761295318604,6.89625,6.89625
6.89635,-1.5113304E-08,-9.99826431274414,6.89635,6.89635
6.89645,-8.916934E-08,-9.99836254119873,6.89645,6.89645
6.89655,-8.8473286E-08,-9.99859428405762,6.89655,6.89655
6.89665,-8.8874046E-08,-9.99861240386963,6.89665,6.89665
6.89675,-6.4216827E-08,-9.99879932403564,6.89675,6.89675
6.89685,-1.12286806E-07,-9.99876689910889,6.89685,6.89685
6.89695,-6.3970745E-08,-9.99879455566406,6.89695,6.89695
6.89705,-9.872806913E-06,-8.97494697570801,6.89705,6.89705
6.89715,3.9607974031E-05,-0.002334107179195,6.89715,6.89715
6.89725,5.5082735344E-05,-0.001544230850413,6.89725,6.89725
6.89735,5.7014633057E-05,-0.00098706013523,6.89735,6.89735
6.89745,5.7627217757E-05,-0.001027099206112,6.89745,6.89745
6.89755,5.7789489802E-05,-0.000780601520091,6.89755,6.89755
6.89765,5.7856457715E-05,-0.000580124207772,6.89765,6.89765
6.89775,5.7879977248E-05,-0.00052038213471,6.89775,6.89775
6.89785,5.7899254898E-05,-0.000627270492259,6.89785,6.89785
6.89795,5.7851615566E-05,-0.000899100559764,6.89795,6.89795
6.89805,6.4156920416E-05,-1.01462233066559,6.89805,6.89805
6.89815,3.627996648E-06,-9.99715232849121,6.89815,6.89815
6.89825,6.6198581E-08,-9.9978199005127,6.89825,6.89825
6.89835,-1.8755289E-08,-9.99820613861084,6.89835,6.89835
6.89845,-5.6848485E-08,-9.99852466583252,6.89845,6.89845
6.89855,-8.9267779E-08,-9.99854278564453,6.89855,6.89855
6.89865,-9.6762669E-08,-9.99877071380615,6.89865,6.89865
6.89875,-1.04145073E-07,-9.99891090393066,6.89875,6.89875
6.89885,-1.01656148E-07,-9.99883270263672,6.89885,6.89885
6.89895,-8.4346176E-08,-9.99865055084229,6.89895,6.89895
6.89905,-9.85783845E-06,-8.99469470977783,6.89905,6.89905
6.89915,3.9441689296E-05,-0.002429947955534,6.89915,6.89915
6.89925,5.5032414821E-05,-0.00173675653059,6.89925,6.89925
6.89935,5.7026452851E-05,-0.001080860150978,6.89935,6.89935
6.89945,5.7590852521E-05,-0.00106559030246,6.89945,6.89945
6.89955,5.7785488025E-05,-0.000844073132612,6.89955,6.89955
6.89965,5.7862147514E-05,-0.000718326191418,6.89965,6.89965
6.89975,5.7868917793E-05,-0.000832884688862,6.89975,6.89975
6.89985,5.7861667301E-05,-0.000895230390597,6.89985,6.89985
6.89995,5.7850447774E-05,-0.000912892632186,6.89995,6.89995
6.90005,6.4197702159E-05,-0.994635224342346,6.90005,6.90005
6.90015,3.660317589E-06,-9.99674510955811,6.90015,6.90015
6.90025,5.1356441E-08,-9.99739646911621,6.90025,6.90025
6.90035,-6.3204382E-08,-9.99817085266113,6.90035,6.90035
6.90045,-1.00953066E-07,-9.99825859069824,6.90045,6.90045
6.90055,-5.8057793E-08,-9.99852752685547,6.90055,6.90055
6.90065,-9.7550128E-08,-9.99878978729248,6.90065,6.90065
6.90075,-1.01895196E-07,-9.99853801727295,6.90075,6.90075
6.90085,-9.9785943E-08,-9.99852180480957,6.90085,6.90085
6.90095,-7.6527861E-08,-9.99834537506104,6.90095,6.90095
6.90105,-9.774817954E-06,-9.01488018035889,6.90105,6.90105
6.90115,3.9288170228E-05,-0.002083387458697,6.90115,6.90115
6.90125,5.5090509704E-05,-0.001782988081686,6.90125,6.90125
6.90135,5.709724428E-05,-0.00107157160528,6.90135,6.90135
6.90145,5.7660909079E-05,-0.000870812800713,6.90145,6.90145
6.90155,5.7850884332E-05,-0.000792001083028,6.90155,6.90155
6.90165,5.7910383475E-05,-0.000714455964044,6.90165,6.90165
6.90175,5.7936889789E-05,-0.000994941219687,6.90175,6.90175
6.90185,5.7927962189E-05,-0.000968483043835,6.90185,6.90185
6.90195,5.7910245232E-05,-0.000987341511063,6.90195,6.90195
6.90205,6.4326100983E-05,-0.974913835525513,6.90205,6.90205
6.90215,3.793123369E-06,-9.99717998504639,6.90215,6.90215
6.90225,1.1216634E-07,-9.99827003479004,6.90225,6.90225
6.90235,-4.398274E-09,-9.99856662750244,6.90235,6.90235
6.90245,-3.3808359E-08,-9.99868106842041,6.90245,6.90245
6.90255,-4.9304372E-08,-9.99853706359863,6.90255,6.90255
6.90265,-8.5225032E-08,-9.99870491027832,6.90265,6.90265
6.90275,-1.01388977E-07,-9.99862670898438,6.90275,6.90275
6.90285,-6.042719E-08,-9.99863243103027,6.90285,6.90285
6.90295,-7.7575457E-08,-9.9988431930542,6.90295,6.90295
6.90305,-9.721038623E-06,-9.0349235534668,6.90305,6.90305
6.90315,3.9160306187E-05,-0.002486030803993,6.90315,6.90315
6.90325,5.5104545027E-05,-0.001423691050149,6.90325,6.90325
6.90335,5.7111195929E-05,-0.000926192093175,6.90335,6.90335
6.90345,5.7677818404E-05,-0.000902196741663,6.90345,6.90345
6.90355,5.7920016843E-05,-0.000826481205877,6.90355,6.90355
6.90365,5.7973986259E-05,-0.000666676380206,6.90365,6.90365
6.90375,5.7943016145E-05,-0.000747106561903,6.90375,6.90375
6.90385,5.7936798839E-05,-0.000730077619664,6.90385,6.90385
6.90395,5.7952001953E-05,-0.000758928305004,6.90395,6.90395
6.90405,6.438735727E-05,-0.954247117042541,6.90405,6.90405
6.90415,3.854587248E-06,-9.99689865112305,6.90415,6.90415
6.90425,1.24913285E-07,-9.99755954742432,6.90425,6.90425
6.90435,-2.837424E-09,-9.99800109863281,6.90435,6.90435
6.90445,-4.8045848E-08,-9.99821662902832,6.90445,6.90445
6.90455,-7.0945354E-08,-9.9982738494873,6.90455,6.90455
6.90465,-6.8533772E-08,-9.99837207794189,6.90465,6.90465
6.90475,-7.332882E-08,-9.99831008911133,6.90475,6.90475
6.90485,-7.5395889E-08,-9.99816131591797,6.90485,6.90485
6.90495,-6.799943E-08,-9.99849891662598,6.90495,6.90495
6.90505,-9.661529475E-06,-9.05455017089844,6.90505,6.90505
6.90515,3.8980324462E-05,-0.002321581821889,6.90515,6.90515
6.90525,5.5119864555E-05,-0.00153726444114,6.90525,6.90525
6.90535,5.7111461501E-05,-0.000578294682782,6.90535,6.90535
6.90545,5.7696237491E-05,-0.000484142801724,6.90545,6.90545
6.90555,5.7909641328E-05,-0.000513486098498,6.90555,6.90555
6.90565,5.7960591221E-05,-0.000400194257963,6.90565,6.90565
6.90575,5.7966772147E-05,-0.000255870283581,6.90575,6.90575
6.90585,5.7950066548E-05,-0.000241796777118,6.90585,6.90585
6.90595,5.7967481553E-05,-0.000349670299329,6.90595,6.90595
6.90605,6.4444699092E-05,-0.934005796909332,6.90605,6.90605
6.90615,3.932545496E-06,-9.99684906005859,6.90615,6.90615
6.90625,1.03891018E-07,-9.99756813049316,6.90625,6.90625
6.90635,-5.31302E-10,-9.99811840057373,6.90635,6.90635
6.90645,-3.0215588E-08,-9.99817085266113,6.90645,6.90645
6.90655,-4.7469317E-08,-9.99831485748291,6.90655,6.90655
6.90665,-4.954342E-08,-9.99845409393311,6.90665,6.90665
6.90675,-5.6018841E-08,-9.99834060668945,6.90675,6.90675
6.90685,-5.7129718E-08,-9.99833393096924,6.90685,6.90685
6.90695,-6.7043231E-08,-9.99848747253418,6.90695,6.90695
6.90705,-9.573067473E-06,-9.07463359832764,6.90705,6.90705
6.90715,3.8854421291E-05,-0.002294067991897,6.90715,6.90715
6.90725,5.5151554989E-05,-0.001537053263746,6.90725,6.90725
6.90735,5.7114226365E-05,-0.0008604687755,6.90735,6.90735
6.90745,5.7722540078E-05,-0.000786090211477,6.90745,6.90745
6.90755,5.7891345932E-05,-0.000652532500681,6.90755,6.90755
6.90765,5.7934586948E-05,-0.000641977356281,6.90765,6.90765
6.90775,5.7948436734E-05,-0.000725714780856,6.90775,6.90775
6.90785,5.7972989453E-05,-0.000602571468335,6.90785,6.90785
6.90795,5.7968762121E-05,-0.000658161879983,6.90795,6.90795
6.90805,6.4520812884E-05,-0.914336562156677,6.90805,6.90805
6.90815,3.996385658E-06,-9.99671649932861,6.90815,6.90815
6.90825,1.23781319E-07,-9.99715423583984,6.90825,6.90825
6.90835,-2.028875E-09,-9.9976282119751,6.90835,6.90835
6.90845,-3.8090153E-08,-9.99798011779785,6.90845,6.90845
6.90855,-9.4512799E-08,-9.99808120727539,6.90855,6.90855
6.90865,-3.7858133E-08,-9.99839305877686,6.90865,6.90865
6.90875,-7.3103827E-08,-9.99863719940186,6.90875,6.90875
6.90885,-6.2634882E-08,-9.99859619140625,6.90885,6.90885
6.90895,-4.6161578E-08,-9.99869823455811,6.90895,6.90895
6.90905,-9.477595086E-06,-9.09500789642334,6.90905,6.90905
6.90915,3.8709607907E-05,-0.0023901197128,6.90915,6.90915
6.90925,5.512597636E-05,-0.001628671889193,6.90925,6.90925
6.90935,5.713468272E-05,-0.000870249874424,6.90935,6.90935
6.90945,5.7748020481E-05,-0.001027028891258,6.90945,6.90945
6.90955,5.7892364566E-05,-0.000823525770102,6.90955,6.90955
6.90965,5.797758422E-05,-0.000950961490162,6.90965,6.90965
6.90975,5.7980621932E-05,-0.000923799641896,6.90975,6.90975
6.90985,5.796457117E-05,-0.000824581307825,6.90985,6.90985
6.90995,5.7966040913E-05,-0.000738451315556,6.90995,6.90995
6.91005,6.4564752392E-05,-0.894702732563019,6.91005,6.91005
6.91015,4.030344826E-06,-9.99694442749023,6.91015,6.91015
6.91025,1.06541655E-07,-9.99740409851074,6.91025,6.91025
6.91035,-2.4070617E-08,-9.9980411529541,6.91035,6.91035
6.91045,-3.3020903E-08,-9.99808406829834,6.91045,6.91045
6.91055,-4.1535273E-08,-9.99846649169922,6.91055,6.91055
6.91065,-5.8275749E-08,-9.99829769134521,6.91065,6.91065
6.91075,-7.0635998E-08,-9.99841213226318,6.91075,6.91075
6.91085,-4.9620759E-08,-9.99843311309814,6.91085,6.91085
6.91095,-6.7893964E-08,-9.99832820892334,6.91095,6.91095
6.91105,-9.451806363E-06,-9.11465358734131,6.91105,6.91105
6.91115,3.851067595E-05,-0.002075365511701,6.91115,6.91115
6.91125,5.5094271374E-05,-0.001608546823263,6.91125,6.91125
6.91135,5.710421101E-05,-0.000789327139501,6.91135,6.91135
6.91145,5.7696033764E-05,-0.000630929658655,6.91145,6.91145
6.91155,5.7891295E-05,-0.000843580521178,6.91155,6.91155
6.91165,5.7954312069E-05,-0.000661750673316,6.91165,6.91165
6.91175,5.7959761762E-05,-0.000728951708879,6.91175,6.91175
6.91185,5.7976420067E-05,-0.001022314303555,6.91185,6.91185
6.91195,5.7971406932E-05,-0.000908107613213,6.91195,6.91195
6.91205,6.461454177E-05,-0.8747398853302,6.91205,6.91205
6.91215,4.133853054E-06,-9.99729061126709,6.91215,6.91215
6.91225,1.22417333E-07,-9.9982967376709,6.91225,6.91225
6.91235,1.437339E-09,-9.99844360351563,6.91235,6.91235
6.91245,-5.8915557E-08,-9.99858093261719,6.91245,6.91245
6.91255,-3.5080944E-08,-9.9986572265625,6.91255,6.91255
6.91265,-2.0534095E-08,-9.99868011474609,6.91265,6.91265
6.91275,-5.7727341E-08,-9.99839019775391,6.91275,6.91275
6.91285,-8.2862663E-08,-9.99846649169922,6.91285,6.91285
6.91295,-5.9372564E-08,-9.9986686706543,6.91295,6.91295
6.91305,-9.376147318E-06,-9.13492965698242,6.91305,6.91305
6.91315,3.8357487938E-05,-0.002132433699444,6.91315,6.91315
6.91325,5.5147276726E-05,-0.001606154255569,6.91325,6.91325
6.91335,5.7164135796E-05,-0.000811281788629,6.91335,6.91335
6.91345,5.7716402807E-05,-0.000483790965518,6.91345,6.91345
6.91355,5.792356751E-05,-0.000325112021528,6.91355,6.91355
6.91365,5.7978548284E-05,-0.000386331841582,6.91365,6.91365
6.91375,5.7992510847E-05,-0.000758717185818,6.91375,6.91375
6.91385,5.7995108364E-05,-0.000652462127618,6.91385,6.91385
6.91395,5.7999593992E-05,-0.000631914765108,6.91395,6.91395
6.91405,6.4658524934E-05,-0.854292452335358,6.91405,6.91405
6.91415,4.175749837E-06,-9.99686050415039,6.91415,6.91415
6.91425,1.1282021E-07,-9.99739551544189,6.91425,6.91425
6.91435,-1.8319376E-08,-9.99800109863281,6.91435,6.91435
6.91445,-4.5662386E-08,-9.99853706359863,6.91445,6.91445
6.91455,-7.3673327E-08,-9.99843311309814,6.91455,6.91455
6.91465,-7.113519E-08,-9.99836158752441,6.91465,6.91465
6.91475,-8.2229889E-08,-9.9987850189209,6.91475,6.91475
6.91485,-8.3368882E-08,-9.99902629852295,6.91485,6.91485
6.91495,-6.649482E-08,-9.99878787994385,6.91495,6.91495
6.91505,-9.308861991E-06,-9.15494346618652,6.91505,6.91505
6.91515,3.8205347664E-05,-0.002253395505249,6.91515,6.91515
6.91525,5.5161242926E-05,-0.001493425341323,6.91525,6.91525
6.91535,5.7145181927E-05,-0.00088875653455,6.91535,6.91535
6.91545,5.7735076552E-05,-0.000988185987808,6.91545,6.91545
6.91555,5.7956505771E-05,-0.001023299410008,6.91555,6.91555
6.91565,5.7996163378E-05,-0.000871586846188,6.91565,6.91565
6.91575,5.8013880334E-05,-0.000875316327438,6.91575,6.91575
6.91585,5.8057757997E-05,-0.000845128612127,6.91585,6.91585
6.91595,5.8021367295E-05,-0.000660976627842,6.91595,6.91595
6.91605,6.4729443693E-05,-0.834652721881866,6.91605,6.91605
6.91615,4.276614618E-06,-9.99717903137207,6.91615,6.91615
6.91625,1.16968415E-07,-9.9979076385498,6.91625,6.91625
6.91635,-1.9676332E-08,-9.99843788146973,6.91635,6.91635
6.91645,-6.8618142E-08,-9.99828338623047,6.91645,6.91645
6.91655,-7.5220122E-08,-9.99847888946533,6.91655,6.91655
6.91665,-5.2053437E-08,-9.99870109558105,6.91665,6.91665
6.91675,-8.8550628E-08,-9.99848461151123,6.91675,6.91675
6.91685,-9.5574457E-08,-9.9988431930542,6.91685,6.91685
6.91695,-5.9133512E-08,-9.99889659881592,6.91695,6.91695
6.91705,-9.205198694E-06,-9.17496204376221,6.91705,6.91705
6.91715,3.8030651922E-05,-0.002165224868804,6.91715,6.91715
6.91725,5.5169271945E-05,-0.001694535952993,6.91725,6.91725
6.91735,5.7207747886E-05,-0.000829014461488,6.91735,6.91735
6.91745,5.7790599385E-05,-0.000715933681931,6.91745,6.91745
6.91755,5.7944427681E-05,-0.000841469503939,6.91755,6.91755
6.91765,5.7990942878E-05,-0.000844213878736,6.91765,6.91765
6.91775,5.8016819821E-05,-0.000704604492057,6.91775,6.91775
6.91785,5.8021541918E-05,-0.00065527681727,6.91785,6.91785
6.91795,5.8002104197E-05,-0.000119990443636,6.91795,6.91795
6.91805,6.4769214077E-05,-0.814297199249268,6.91805,6.91805
6.91815,4.342296961E-06,-9.997145652771,6.91815,6.91815
6.91825,1.09037607E-07,-9.9978084564209,6.91825,6.91825
6.91835,7.519033E-09,-9.99824714660645,6.91835,6.91835
6.91845,-2.6974364E-08,-9.99837493896484,6.91845,6.91845
6.91855,-7.1683594E-08,-9.99823474884033,6.91855,6.91855
6.91865,-9.3760498E-08,-9.99838733673096,6.91865,6.91865
6.91875,-6.6297957E-08,-9.9982271194458,6.91875,6.91875
6.91885,-5.2777615E-08,-9.99824523925781,6.91885,6.91885
6.91895,-6.7542423E-08,-9.99828815460205,6.91895,6.91895
6.91905,-9.171289094E-06,-9.1949987411499,6.91905,6.91905
6.91915,3.7825862819E-05,-0.002189361024648,6.91915,6.91915
6.91925,5.5170916312E-05,-0.001416091341525,6.91925,6.91925
6.91935,5.7227134675E-05,-0.001011759159155,6.91935,6.91935
6.91945,5.779287676E-05,-0.000885449291673,6.91945,6.91945
6.91955,5.7964924054E-05,-0.000728740589693,6.91955,6.91955
6.91965,5.8033881942E-05,-0.000629381567705,6.91965,6.91965
6.91975,5.8060522861E-05,-0.00060552690411,6.91975,6.91975
6.91985,5.8044519392E-05,-0.000556199229322,6.91985,6.91985
6.91995,5.8031280787E-05,-0.000830421806313,6.91995,6.91995
6.92005,6.4809748437E-05,-0.794596374034882,6.92005,6.92005
6.92015,4.397046268E-06,-9.99713325500488,6.92015,6.92015
6.92025,1.19647169E-07,-9.9978666305542,6.92025,6.92025
6.92035,-2.5399451E-08,-9.99834442138672,6.92035,6.92035
6.92045,-4.0804064E-08,-9.99824714660645,6.92045,6.92045
6.92055,-5.3551013E-08,-9.99824047088623,6.92055,6.92055
6.92065,-6.8245505E-08,-9.99853706359863,6.92065,6.92065
6.92075,-9.8970361E-08,-9.99854946136475,6.92075,6.92075
6.92085,-8.3614964E-08,-9.9986629486084,6.92085,6.92085
6.92095,-6.982745E-08,-9.99880599975586,6.92095,6.92095
6.92105,-9.080204109E-06,-9.2146167755127,6.92105,6.92105
6.92115,3.7641599192E-05,-0.001916686538607,6.92115,6.92115
6.92125,5.517023601E-05,-0.001236161449924,6.92125,6.92125
6.92135,5.7215329434E-05,-0.001061579445377,6.92135,6.92135
6.92145,5.7795401517E-05,-0.001038428395987,6.92145,6.92145
6.92155,5.7971567003E-05,-0.001039272872731,6.92155,6.92155
6.92165,5.8026358602E-05,-0.000810155936051,6.92165,6.92165
6.92175,5.804270404E-05,-0.000577028025873,6.92175,6.92175
6.92185,5.8025310864E-05,-0.000761813367717,6.92185,6.92185
6.92195,5.8006946347E-05,-0.000669280008879,6.92195,6.92195
6.92205,6.4826883317E-05,-0.774805843830109,6.92205,6.92205
6.92215,4.501440344E-06,-9.99718284606934,6.92215,6.92215
6.92225,5.4984362E-08,-9.99782180786133,6.92225,6.92225
6.92235,-2.2073854E-08,-9.99828624725342,6.92235,6.92235
6.92245,-5.322056E-08,-9.99813461303711,6.92245,6.92245
6.92255,-1.1474058E-07,-9.99817085266113,6.92255,6.92255
6.92265,-1.0590982E-07,-9.99837207794189,6.92265,6.92265
6.92275,-9.3507381E-08,-9.99841403961182,6.92275,6.92275
6.92285,-7.6197409E-08,-9.99830341339111,6.92285,6.92285
6.92295,-9.6277546E-08,-9.99829196929932,6.92295,6.92295
6.92305,-9.02013926E-06,-9.2345495223999,6.92305,6.92305
6.92315,3.7460169551E-05,-0.002601011423394,6.92315,6.92315
6.92325,5.5152642744E-05,-0.001928789773956,6.92325,6.92325
6.92335,5.7220186136E-05,-0.001135043217801,6.92335,6.92335
6.92345,5.7826240663E-05,-0.001143276225775,6.92345,6.92345
6.92355,5.8053014072E-05,-0.001180852530524,6.92355,6.92355
6.92365,5.8077333961E-05,-0.001025973353535,6.92365,6.92365
6.92375,5.8057907154E-05,-0.000921618193388,6.92375,6.92375
6.92385,5.8076424466E-05,-0.000613900658209,6.92385,6.92385
6.92395,5.8044584875E-05,-0.000546910741832,6.92395,6.92395
6.92405,6.4904466853E-05,-0.75418496131897,6.92405,6.92405
6.92415,4.608401014E-06,-9.99668502807617,6.92415,6.92415
6.92425,1.30291895E-07,-9.99755382537842,6.92425,6.92425
6.92435,1.69045E-09,-9.99792766571045,6.92435,6.92435
6.92445,-3.0588225E-08,-9.99799823760986,6.92445,6.92445
6.92455,-3.4595814E-08,-9.9984769821167,6.92455,6.92455
6.92465,-5.4106447E-08,-9.99827289581299,6.92465,6.92465
6.92475,-6.4441814E-08,-9.99815464019775,6.92475,6.92475
6.92485,-8.0894026E-08,-9.99838829040527,6.92485,6.92485
6.92495,-5.9815505E-08,-9.99872493743896,6.92495,6.92495
6.92505,-8.932239325E-06,-9.25496768951416,6.92505,6.92505
6.92515,3.7319648982E-05,-0.002483638236299,6.92515,6.92515
6.92525,5.5162079661E-05,-0.001967492047697,6.92525,6.92525
6.92535,5.7254637795E-05,-0.001146090915427,6.92535,6.92535
6.92545,5.7826640841E-05,-0.001198585145175,6.92545,6.92545
6.92555,5.8010158682E-05,-0.001019851421006,6.92555,6.92555
6.92565,5.8105633798E-05,-0.001151438802481,6.92565,6.92565
6.92575,5.8151079429E-05,-0.001061016460881,6.92575,6.92575
6.92585,5.8103312767E-05,-0.000795941683464,6.92585,6.92585
6.92595,5.8092278778E-05,-0.000572031945921,6.92595,6.92595
6.92605,6.4996747824E-05,-0.734720647335052,6.92605,6.92605
6.92615,4.737445124E-06,-9.99711322784424,6.92615,6.92615
6.92625,1.33153449E-07,-9.99766826629639,6.92625,6.92625
6.92635,-8.61679E-09,-9.9983549118042,6.92635,6.92635
6.92645,-3.2085797E-08,-9.998366355896,6.92645,6.92645
6.92655,-5.0823036E-08,-9.99839973449707,6.92655,6.92655
6.92665,-6.4912882E-08,-9.9985523223877,6.92665,6.92665
6.92675,-7.0987539E-08,-9.99860763549805,6.92675,6.92675
6.92685,-5.1772204E-08,-9.99889278411865,6.92685,6.92685
6.92695,-8.3404039E-08,-9.99896049499512,6.92695,6.92695
6.92705,-8.822037671E-06,-9.27500152587891,6.92705,6.92705
6.92715,3.7126173993E-05,-0.002440573414788,6.92715,6.92715
6.92725,5.5218457419E-05,-0.001892761560157,6.92725,6.92725
6.92735,5.7282471971E-05,-0.001240876037627,6.92735,6.92735
6.92745,5.7861816458E-05,-0.000999163370579,6.92745,6.92745
6.92755,5.8058911236E-05,-0.000830281060189,6.92755,6.92755
6.92765,5.8129240642E-05,-0.000674346461892,6.92765,6.92765
6.92775,5.8145080402E-05,-0.00093259557616,6.92775,6.92775
6.92785,5.8178913605E-05,-0.001115129096434,6.92785,6.92785
6.92795,5.8143759816E-05,-0.000610452669207,6.92795,6.92795
6.92805,6.5047162934E-05,-0.714676201343536,6.92805,6.92805
6.92815,4.800209808E-06,-9.99744129180908,6.92815,6.92815
6.92825,1.43320079E-07,-9.99802684783936,6.92825,6.92825
6.92835,-1.5099243E-08,-9.99826908111572,6.92835,6.92835
6.92845,-4.4136691E-08,-9.99859142303467,6.92845,6.92845
6.92855,-5.4204882E-08,-9.99859714508057,6.92855,6.92855
6.92865,-7.6169286E-08,-9.99850177764893,6.92865,6.92865
6.92875,-7.9340204E-08,-9.99851512908936,6.92875,6.92875
6.92885,-8.2743135E-08,-9.99854373931885,6.92885,6.92885
6.92895,-8.1224471E-08,-9.99862957000732,6.92895,6.92895
6.92905,-8.747299944E-06,-9.29499340057373,6.92905,6.92905
6.92915,3.6925634049E-05,-0.00219203508459,6.92915,6.92915
6.92925,5.5186967074E-05,-0.001743230386637,6.92925,6.92925
6.92935,5.7253968407E-05,-0.001099718618207,6.92935,6.92935
6.92945,5.7855500927E-05,-0.000867716618814,6.92945,6.92945
6.92955,5.8041467128E-05,-0.00084400275955,6.92955,6.92955
6.92965,5.8115518186E-05,-0.00084618414985,6.92965,6.92965
6.92975,5.8144956711E-05,-0.000718326191418,6.92975,6.92975
6.92985,5.812067684E-05,-0.000679483287968,6.92985,6.92985
6.92995,5.810492803E-05,-0.000585190718994,6.92995,6.92995
6.93005,6.505685451E-05,-0.694351017475128,6.93005,6.93005
6.93015,4.887982868E-06,-9.99706077575684,6.93015,6.93015
6.93025,1.10127388E-07,-9.9976053237915,6.93025,6.93025
6.93035,-2.400734E-08,-9.99831199645996,6.93035,6.93035
6.93045,-7.7498115E-08,-9.99862670898438,6.93045,6.93045
6.93055,-7.7990279E-08,-9.99880790710449,6.93055,6.93055
6.93065,-6.8498615E-08,-9.99876022338867,6.93065,6.93065
6.93075,-8.7327258E-08,-9.99852848052979,6.93075,6.93075
6.93085,-7.8524621E-08,-9.99861621856689,6.93085,6.93085
6.93095,-9.0406772E-08,-9.99834823608398,6.93095,6.93095
6.93105,-8.633350262E-06,-9.31447696685791,6.93105,6.93105
6.93115,3.6742603697E-05,-0.001702909707092,6.93115,6.93115
6.93125,5.5203407101E-05,-0.001366763724945,6.93125,6.93125
6.93135,5.7274290157E-05,-0.000885589979589,6.93135,6.93135
6.93145,5.7885532442E-05,-0.000926192093175,6.93145,6.93145
6.93155,5.8068846556E-05,-0.000858779938426,6.93155,6.93155
6.93165,5.8155579609E-05,-0.000534033461008,6.93165,6.93165
6.93175,5.8158209868E-05,-0.000356707081664,6.93175,6.93175
6.93185,5.8192963479E-05,-0.000512289872859,6.93185,6.93185
6.93195,5.8169549447E-05,-0.000539873959497,6.93195,6.93195
6.93205,6.5106905822E-05,-0.674581587314606,6.93205,6.93205
6.93215,5.005841103E-06,-9.99703025817871,6.93215,6.93215
6.93225,1.469691E-07,-9.99770545959473,6.93225,6.93225
6.93235,-1.5471878E-08,-9.99849796295166,6.93235,6.93235
6.93245,-6.5693307E-08,-9.99850463867188,6.93245,6.93245
6.93255,-6.4744135E-08,-9.99859619140625,6.93255,6.93255
6.93265,-5.2840893E-08,-9.99876499176025,6.93265,6.93265
6.93275,-7.7216882E-08,-9.99858474731445,6.93275,6.93275
6.93285,-5.9660827E-08,-9.99873924255371,6.93285,6.93285
6.93295,-4.5880345E-08,-9.99882411956787,6.93295,6.93295
6.93305,-8.50978995E-06,-9.33452892303467,6.93305,6.93305
6.93315,3.6564913898E-05,-0.002053551608697,6.93315,6.93315
6.93325,5.5202555814E-05,-0.001411798992194,6.93325,6.93325
6.93335,5.7318353356E-05,-0.001005777856335,6.93335,6.93335
6.93345,5.7903158449E-05,-0.000668505963404,6.93345,6.93345
6.93355,5.809943832E-05,-0.000654362025671,6.93355,6.93355
6.93365,5.816979683E-05,-0.000677583331708,6.93365,6.93365
6.93375,5.8176588936E-05,-0.000443751807325,6.93375,6.93375
6.93385,5.8169083786E-05,-0.000295065052342,6.93385,6.93385
6.93395,5.8166187955E-05,-0.000319552986184,6.93395,6.93395
6.93405,6.5116131736E-05,-0.65442281961441,6.93405,6.93405
6.93415,5.049840183E-06,-9.99726676940918,6.93415,6.93415
6.93425,1.05712012E-07,-9.99765014648438,6.93425,6.93425
6.93435,-1.895288E-09,-9.99852752685547,6.93435,6.93435
6.93445,-3.210689E-08,-9.99876499176025,6.93445,6.93445
6.93455,-5.4085355E-08,-9.99885177612305,6.93455,6.93455
6.93465,-6.1692745E-08,-9.99865627288818,6.93465,6.93465
6.93475,-7.2049204E-08,-9.99849224090576,6.93475,6.93475
6.93485,-7.1753902E-08,-9.99852275848389,6.93485,6.93485
6.93495,-7.1395334E-08,-9.99851703643799,6.93495,6.93495
6.93505,-8.479775715E-06,-9.35421276092529,6.93505,6.93505
6.93515,3.6360273953E-05,-0.002015904756263,6.93515,6.93515
6.93525,5.5194770539E-05,-0.001189859583974,6.93525,6.93525
6.93535,5.7294440921E-05,-0.000847239687573,6.93535,6.93535
6.93545,5.7901012042E-05,-0.000969327462371,6.93545,6.93545
6.93555,5.8082823671E-05,-0.000857583712786,6.93555,6.93555
6.93565,5.8142471971E-05,-0.000800867390353,6.93565,6.93565
6.93575,5.814848555E-05,-0.000621429993771,6.93575,6.93575
6.93585,5.8149984397E-05,-0.000418700947193,6.93585,6.93585
6.93595,5.8141755289E-05,-0.000357410754077,6.93595,6.93595
6.93605,6.5118059865E-05,-0.634401977062225,6.93605,6.93605
6.93615,5.171368684E-06,-9.99742126464844,6.93615,6.93615
6.93625,1.04446457E-07,-9.9981164932251,6.93625,6.93625
6.93635,-1.2293929E-08,-9.9981632232666,6.93635,6.93635
6.93645,-6.1748992E-08,-9.99818134307861,6.93645,6.93645
6.93655,-4.8193495E-08,-9.9984655380249,6.93655,6.93655
6.93665,-5.7530478E-08,-9.99885654449463,6.93665,6.93665
6.93675,-5.7228149E-08,-9.99878978729248,6.93675,6.93675
6.93685,-5.3248684E-08,-9.99910068511963,6.93685,6.93685
6.93695,-4.4839776E-08,-9.99895668029785,6.93695,6.93695
6.93705,-8.33870854E-06,-9.37500381469727,6.93705,6.93705
6.93715,3.617297989E-05,-0.00205439585261,6.93715,6.93715
6.93725,5.5239852372E-05,-0.001816553412937,6.93725,6.93725
6.93735,5.7333108998E-05,-0.00091831095051,6.93735,6.93735
6.93745,5.7932109485E-05,-0.000807200500276,6.93745,6.93745
6.93755,5.8112924307E-05,-0.000850195123348,6.93755,6.93755
6.93765,5.8159523178E-05,-0.000821696245112,6.93765,6.93765
6.93775,5.8182802604E-05,-0.000852517201565,6.93775,6.93775
6.93785,5.8152603742E-05,-0.000498427427374,6.93785,6.93785
6.93795,5.8162644564E-05,-0.00069229019573,6.93795,6.93795
6.93805,6.5156287747E-05,-0.614628076553345,6.93805,6.93805
6.93815,5.2907385E-06,-9.99756145477295,6.93815,6.93815
6.93825,9.8118683E-08,-9.99832534790039,6.93825,6.93825
6.93835,-3.9559602E-08,-9.99854850769043,6.93835,6.93835
6.93845,-7.8166046E-08,-9.99857807159424,6.93845,6.93845
6.93855,-9.0090388E-08,-9.99876689910889,6.93855,6.93855
6.93865,-7.2871813E-08,-9.9987735748291,6.93865,6.93865
6.93875,-6.6037821E-08,-9.99892520904541,6.93875,6.93875
6.93885,-8.2180669E-08,-9.99905967712402,6.93885,6.93885
6.93895,-9.7001724E-08,-9.99904155731201,6.93895,6.93895
6.93905,-8.277343113E-06,-9.39494228363037,6.93905,6.93905
6.93915,3.594295049E-05,-0.002338047837839,6.93915,6.93915
6.93925,5.5195756431E-05,-0.001839071046561,6.93925,6.93925
6.93935,5.7254568674E-05,-0.001337420428172,6.93935,6.93935
6.93945,5.7864774135E-05,-0.001062775612809,6.93945,6.93945
6.93955,5.8114244894E-05,-0.001094933599234,6.93955,6.93955
6.93965,5.8178007748E-05,-0.0008924860158,6.93965,6.93965
6.93975,5.8193425502E-05,-0.000910640868824,6.93975,6.93975
6.93985,5.8168508986E-05,-0.000890937924851,6.93985,6.93985
6.93995,5.8142861235E-05,-0.000604471424595,6.93995,6.93995
6.94005,6.510494859E-05,-0.59456342458725,6.94005,6.94005
6.94015,5.356442216E-06,-9.99697399139404,6.94015,6.94015
6.94025,6.877891E-08,-9.9977388381958,6.94025,6.94025
6.94035,-2.8394597E-08,-9.99824333190918,6.94035,6.94035
6.94045,-6.9208731E-08,-9.99850368499756,6.94045,6.94045
6.94055,-7.9326142E-08,-9.99858093261719,6.94055,6.94055
6.94065,-7.7406717E-08,-9.99856662750244,6.94065,6.94065
6.94075,-9.1848101E-08,-9.99833106994629,6.94075,6.94075
6.94085,-7.3652238E-08,-9.99860191345215,6.94085,6.94085
6.94095,-7.1521889E-08,-9.99876308441162,6.94095,6.94095
6.94105,-8.133484698E-06,-9.41466999053955,6.94105,6.94105
6.94115,3.5729903175E-05,-0.00220631971024,6.94115,6.94115
6.94125,5.5194363085E-05,-0.001635216060095,6.94125,6.94125
6.94135,5.7306602685E-05,-0.001115903141908,6.94135,6.94135
6.94145,5.7906348957E-05,-0.000814307597466,6.94145,6.94145
6.94155,5.8089994127E-05,-0.000820148154162,6.94155,6.94155
6.94165,5.818387217E-05,-0.000627411238384,6.94165,6.94165
6.94175,5.8204575907E-05,-0.000502579146996,6.94175,6.94175
6.94185,5.8190234995E-05,-0.000544588605408,6.94185,6.94185
6.94195,5.819042417E-05,-0.000547121802811,6.94195,6.94195
6.94205,6.5187639848E-05,-0.574734926223755,6.94205,6.94205
6.94215,5.507879905E-06,-9.99680805206299,6.94215,6.94215
6.94225,1.08700128E-07,-9.99770736694336,6.94225,6.94225
6.94235,-2.3402686E-08,-9.99818992614746,6.94235,6.94235
6.94245,-5.5280601E-08,-9.99831771850586,6.94245,6.94245
6.94255,-7.1177375E-08,-9.99849414825439,6.94255,6.94255
6.94265,-8.9070909E-08,-9.99845314025879,6.94265,6.94265
6.94275,-8.9457608E-08,-9.99857139587402,6.94275,6.94275
6.94285,-6.9349355E-08,-9.99843311309814,6.94285,6.94285
6.94295,-8.2743135E-08,-9.99857521057129,6.94295,6.94295
6.94305,-8.050183169E-06,-9.43464946746826,6.94305,6.94305
6.94315,3.5550227039E-05,-0.002084865234792,6.94315,6.94315
6.94325,5.5251039157E-05,-0.001761033432558,6.94325,6.94325
6.94335,5.7355679019E-05,-0.001095004030503,6.94335,6.94335
6.94345,5.7970886701E-05,-0.001059609116055,6.94345,6.94345
6.94355,5.8134832216E-05,-0.000850335811265,6.94355,6.94355
6.94365,5.820626393E-05,-0.000667450425681,6.94365,6.94365
6.94375,5.8221605286E-05,-0.000726911064703,6.94375,6.94375
6.94385,5.8228230046E-05,-0.000867153692525,6.94385,6.94385
6.94395,5.8221070503E-05,-0.000841328757815,6.94395,6.94395
6.94405,6.5209351305E-05,-0.554491996765137,6.94405,6.94405
6.94415,5.650528692E-06,-9.99666881561279,6.94415,6.94415
6.94425,1.07378327E-07,-9.99715614318848,6.94425,6.94425
6.94435,-4.1120451E-08,-9.99779224395752,6.94435,6.94435
6.94445,-4.8327081E-08,-9.99808597564697,6.94445,6.94445
6.94455,-5.2904173E-08,-9.99822616577148,6.94455,6.94455
6.94465,-6.1376355E-08,-9.99853706359863,6.94465,6.94465
6.94475,-6.4223855E-08,-9.99857997894287,6.94475,6.94475
6.94485,-3.962991E-08,-9.99876689910889,6.94485,6.94485
6.94495,-4.5135071E-08,-9.99875926971436,6.94495,6.94495
6.94505,-7.884656043E-06,-9.45452880859375,6.94505,6.94505
6.94515,3.5348799429E-05,-0.002598548540846,6.94515,6.94515
6.94525,5.5226053519E-05,-0.002125256229192,6.94525,6.94525
6.94535,5.7337383623E-05,-0.001579696079716,6.94535,6.94535
6.94545,5.7923702116E-05,-0.001155801583081,6.94545,6.94545
6.94555,5.817984129E-05,-0.001130187767558,6.94555,6.94555
6.94565,5.8209436247E-05,-0.001125262118876,6.94565,6.94565
6.94575,5.8241213992E-05,-0.000959335244261,6.94575,6.94575
6.94585,5.8236604673E-05,-0.0009328770102,6.94585,6.94585
6.94595,5.8239133068E-05,-0.000850406184327,6.94595,6.94595
6.94605,6.5169129812E-05,-0.534836769104004,6.94605,6.94605
6.94615,5.745909675E-06,-9.99675464630127,6.94615,6.94615
6.94625,1.10359409E-07,-9.99768924713135,6.94625,6.94625
6.94635,-1.290634E-09,-9.99833869934082,6.94635,6.94635
6.94645,-5.1048026E-08,-9.99854278564453,6.94645,6.94645
6.94655,-4.8966889E-08,-9.99864101409912,6.94655,6.94655
6.94665,-4.5669417E-08,-9.99900531768799,6.94665,6.94665
6.94675,-6.2121629E-08,-9.99880313873291,6.94675,6.94675
6.94685,-7.3462402E-08,-9.99886226654053,6.94685,6.94685
6.94695,-6.6030786E-08,-9.99880409240723,6.94695,6.94695
6.94705,-7.786490642E-06,-9.47485637664795,6.94705,6.94705
6.94715,3.512476178E-05,-0.002157625276595,6.94715,6.94715
6.94725,5.5222211813E-05,-0.001689962111413,6.94725,6.94725
6.94735,5.7355024182E-05,-0.001312580658123,6.94735,6.94735
6.94745,5.7981909777E-05,-0.001002540928312,6.94745,6.94745
6.94755,5.8171426645E-05,-0.000882141990587,6.94755,6.94755
6.94765,5.8222893131E-05,-0.000945472856984,6.94765,6.94765
6.94775,5.8271911257E-05,-0.000747176934965,6.94775,6.94775
6.94785,5.8243887906E-05,-0.000571609765757,6.94785,6.94785
6.94795,5.8221794461E-05,-0.000594831071794,6.94795,6.94795
6.94805,6.5150357841E-05,-0.514668464660644,6.94805,6.94805
6.94815,5.873399914E-06,-9.99682426452637,6.94815,6.94815
6.94825,1.09325875E-07,-9.99766731262207,6.94825,6.94825
6.94835,-2.7979777E-08,-9.99805355072021,6.94835,6.94835
6.94845,-5.8760879E-08,-9.99845790863037,6.94845,6.94845
6.94855,-5.5435283E-08,-9.99835014343262,6.94855,6.94855
6.94865,-1.02457669E-07,-9.99839115142822,6.94865,6.94865
6.94875,-1.15049936E-07,-9.99852275848389,6.94875,6.94875
6.94885,-1.14937443E-07,-9.99883270263672,6.94885,6.94885
6.94895,-9.8147751E-08,-9.99887657165527,6.94895,6.94895
6.94905,-7.682911928E-06,-9.49497222900391,6.94905,6.94905
6.94915,3.4886339563E-05,-0.002300190040842,6.94915,6.94915
6.94925,5.5215878092E-05,-0.001541556790471,6.94925,6.94925
6.94935,5.73355901E-05,-0.000972775451373,6.94935,6.94935
6.94945,5.7952471252E-05,-0.001022243872285,6.94945,6.94945
6.94955,5.8177571191E-05,-0.001255934708752,6.94955,6.94955
6.94965,5.8258839999E-05,-0.001140250358731,6.94965,6.94965
6.94975,5.82559951E-05,-0.001000218791887,6.94975,6.94975
6.94985,5.8260247897E-05,-0.001082478556782,6.94985,6.94985
6.94995,5.8251163864E-05,-0.000919155369047,6.94995,6.94995
6.95005,6.51758819E-05,-0.495105922222137,6.95005,6.95005
6.95015,6.010586276E-06,-9.99762535095215,6.95015,6.95015
6.95025,9.5165724E-08,-9.99827575683594,6.95025,6.95025
6.95035,-6.759867E-08,-9.9987154006958,6.95035,6.95035
6.95045,-7.1360176E-08,-9.99843692779541,6.95045,6.95045
6.95055,-6.3422334E-08,-9.99875068664551,6.95055,6.95055
6.95065,-6.3534834E-08,-9.99864292144775,6.95065,6.95065
6.95075,-9.9005518E-08,-9.9987211227417,6.95075,6.95075
6.95085,-1.01902231E-07,-9.99889755249023,6.95085,6.95085
6.95095,-9.6214265E-08,-9.9991340637207,6.95095,6.95095
6.95105,-7.515514426E-06,-9.51504421234131,6.95105,6.95105
6.95115,3.4670814784E-05,-0.002668353263289,6.95115,6.95115
6.95125,5.5225729739E-05,-0.001930619357154,6.95125,6.95125
6.95135,5.7372726587E-05,-0.00159250292927,6.95135,6.95135
6.95145,5.7993300288E-05,-0.001171352807432,6.95145,6.95145
6.95155,5.8163037465E-05,-0.000944909872487,6.95155,6.95155
6.95165,5.8247922425E-05,-0.000752524880227,6.95165,6.95165
6.95175,5.8255514887E-05,-0.001036247005686,6.95175,6.95175
6.95185,5.8274097682E-05,-0.001104714698158,6.95185,6.95185
6.95195,5.8261957747E-05,-0.001051094615832,6.95195,6.95195
6.95205,6.517964357E-05,-0.474915832281113,6.95205,6.95205
6.95215,6.175129329E-06,-9.99709510803223,6.95215,6.95215
6.95225,1.03377765E-07,-9.99773693084717,6.95225,6.95225
6.95235,-5.4964215E-08,-9.99835968017578,6.95235,6.95235
6.95245,-4.8158341E-08,-9.99857330322266,6.95245,6.95245
6.95255,-7.8644149E-08,-9.99838447570801,6.95255,6.95255
6.95265,-1.20766032E-07,-9.99832153320313,6.95265,6.95265
6.95275,-1.09734607E-07,-9.99827003479004,6.95275,6.95275
6.95285,-8.315093E-08,-9.99850749969482,6.95285,6.95285
6.95295,-9.1187204E-08,-9.99867343902588,6.95295,6.95295
6.95305,-7.44791987E-06,-9.53495693206787,6.95305,6.95305
6.95315,3.4425247577E-05,-0.002578071784228,6.95315,6.95315
6.95325,5.5236927437E-05,-0.001764551736414,6.95325,6.95325
6.95335,5.7411012676E-05,-0.001361134345643,6.95335,6.95335
6.95345,5.801054067E-05,-0.000937169475947,6.95345,6.95345
6.95355,5.8225923567E-05,-0.00094751350116,6.95355,6.95355
6.95365,5.8308985899E-05,-0.000808748591226,6.95365,6.95365
6.95375,5.8323981648E-05,-0.001000922522508,6.95375,6.95375
6.95385,5.8338879171E-05,-0.000756887660827,6.95385,6.95385
6.95395,5.8311361499E-05,-0.000625722459517,6.95395,6.95395
6.95405,6.5166255808E-05,-0.454475313425064,6.95405,6.95405
6.95415,6.324464721E-06,-9.9965648651123,6.95415,6.95415
6.95425,1.20441655E-07,-9.99759387969971,6.95425,6.95425
6.95435,-1.2694688E-08,-9.99814033508301,6.95435,6.95435
6.95445,-6.0968567E-08,-9.99820613861084,6.95445,6.95445
6.95455,-5.28198E-08,-9.99810409545898,6.95455,6.95455
6.95465,-7.7378594E-08,-9.99834823608398,6.95465,6.95465
6.95475,-7.9459724E-08,-9.99862575531006,6.95475,6.95475
6.95485,-4.7954448E-08,-9.99854755401611,6.95485,6.95485
6.95495,-7.5677121E-08,-9.99844455718994,6.95495,6.95495
6.95505,-7.271079539E-06,-9.5546875,6.95505,6.95505
6.95515,3.4191471059E-05,-0.002323411405087,6.95515,6.95515
6.95525,5.5261654779E-05,-0.001547608408146,6.95525,6.95525
6.95535,5.7435372582E-05,-0.001197459292598,6.95535,6.95535
6.95545,5.8067264035E-05,-0.0011275842553,6.95545,6.95545
6.95555,5.8256311604E-05,-0.000946387590375,6.95555,6.95555
6.95565,5.8335535869E-05,-0.000700030650478,6.95565,6.95565
6.95575,5.8391557104E-05,-0.000816911226138,6.95575,6.95575
6.95585,5.8326175349E-05,-0.000665480154566,6.95585,6.95585
6.95595,5.8303052356E-05,-0.000447270169389,6.95595,6.95595
6.95605,6.5090571297E-05,-0.434500366449356,6.95605,6.95605
6.95615,6.453734386E-06,-9.99668407440186,6.95615,6.95615
6.95625,1.07286922E-07,-9.99734497070313,6.95625,6.95625
6.95635,-3.1495205E-08,-9.99778270721436,6.95635,6.95635
6.95645,-3.9967389E-08,-9.99784851074219,6.95645,6.95645
6.95655,-6.7605697E-08,-9.99828338623047,6.95655,6.95655
6.95665,-6.6677622E-08,-9.99865818023682,6.95665,6.95665
6.95675,-5.7980451E-08,-9.99849414825439,6.95675,6.95675
6.95685,-3.5889492E-08,-9.99857997894287,6.95685,6.95685
6.95695,-5.8085917E-08,-9.99817848205566,6.95695,6.95695
6.95705,-7.110431397E-06,-9.57407093048096,6.95705,6.95705
6.95715,3.3974170947E-05,-0.002346562221646,6.95715,6.95715
6.95725,5.528246038E-05,-0.001821549492888,6.95725,6.95725
6.95735,5.7431701862E-05,-0.001208858797327,6.95735,6.95735
6.95745,5.803354361E-05,-0.001232009730302,6.95745,6.95745
6.95755,5.8276320487E-05,-0.001193659380078,6.95755,6.95755
6.95765,5.8332931076E-05,-0.000687223742716,6.95765,6.95765
6.95775,5.8350051404E-05,-0.000784964300692,6.95775,6.95775
6.95785,5.8378780523E-05,-0.000942658109125,6.95785,6.95785
6.95795,5.8346144215E-05,-0.00088129757205,6.95795,6.95795
6.95805,6.5092710429E-05,-0.414820641279221,6.95805,6.95805
6.95815,6.686962024E-06,-9.99674510955811,6.95815,6.95815
6.95825,1.5967386E-07,-9.9976921081543,6.95825,6.95825
6.95835,7.589341E-09,-9.99810695648193,6.95835,6.95835
6.95845,-3.3154489E-08,-9.99819278717041,6.95845,6.95845
6.95855,-4.2414129E-08,-9.99838161468506,6.95855,6.95855
6.95865,-7.4791238E-08,-9.99845314025879,6.95865,6.95865
6.95875,-5.7657033E-08,-9.99863529205322,6.95875,6.95875
6.95885,-6.9236854E-08,-9.99875068664551,6.95885,6.95885
6.95895,-4.3131276E-08,-9.99863719940186,6.95895,6.95895
6.95905,-6.969652532E-06,-9.59446811676025,6.95905,6.95905
6.95915,3.3725333196E-05,-0.002744561526924,6.95915,6.95915
6.95925,5.5305903516E-05,-0.002073676558211,6.95925,6.95925
6.95935,5.7455778006E-05,-0.001493355026469,6.95935,6.95935
6.95945,5.8109308156E-05,-0.001420032000169,6.95945,6.95945
6.95955,5.8273424656E-05,-0.001295340596698,6.95955,6.95955
6.95965,5.8364155848E-05,-0.001028436236084,6.95965,6.95965
6.95975,5.8424608142E-05,-0.000934073294047,6.95975,6.95975
6.95985,5.8359655668E-05,-0.000977490097284,6.95985,6.95985
6.95995,5.833355317E-05,-0.000878694001585,6.95995,6.95995
6.96005,6.5048996476E-05,-0.394986897706985,6.96005,6.96005
6.96015,6.835207387E-06,-9.99690055847168,6.96015,6.96015
6.96025,1.30629374E-07,-9.9976863861084,6.96025,6.96025
6.96035,1.170166E-09,-9.99773693084717,6.96035,6.96035
6.96045,-2.3430809E-08,-9.99799537658691,6.96045,6.96045
6.96055,-4.0705633E-08,-9.99829292297363,6.96055,6.96055
6.96065,-5.8500735E-08,-9.99842262268066,6.96065,6.96065
6.96075,-4.8861427E-08,-9.99850368499756,6.96075,6.96075
6.96085,-2.1553571E-08,-9.99836826324463,6.96085,6.96085
6.96095,-7.1683594E-08,-9.99873161315918,6.96095,6.96095
6.96105,-6.8137997E-06,-9.61456203460693,6.96105,6.96105
6.96115,3.3509491914E-05,-0.002692841226235,6.96115,6.96115
6.96125,5.5306372815E-05,-0.001919641974382,6.96125,6.96125
6.96135,5.7471272157E-05,-0.001380766858347,6.96135,6.96135
6.96145,5.8127272496E-05,-0.001439453451894,6.96145,6.96145
6.96155,5.8280587837E-05,-0.001288725994527,6.96155,6.96155
6.96165,5.8326724684E-05,-0.000976153125521,6.96165,6.96165
6.96175,5.8352870838E-05,-0.000877638463862,6.96175,6.96175
6.96185,5.8364959841E-05,-0.000822470232379,6.96185,6.96185
6.96195,5.8372581407E-05,-0.000902126368601,6.96195,6.96195
6.96205,6.5022570197E-05,-0.374968737363815,6.96205,6.96205
6.96215,7.04227341E-06,-9.99692821502686,6.96215,6.96215
6.96225,1.56777148E-07,-9.99777603149414,6.96225,6.96225
6.96235,2.597431E-09,-9.99800300598145,6.96235,6.96235
6.96245,-5.9063204E-08,-9.997971534729,6.96245,6.96245
6.96255,-4.6738108E-08,-9.99824905395508,6.96255,6.96255
6.96265,-5.1483937E-08,-9.99831581115723,6.96265,6.96265
6.96275,-5.3016667E-08,-9.99826431274414,6.96275,6.96275
6.96285,-6.9714957E-08,-9.99830913543701,6.96285,6.96285
6.96295,-5.3719752E-08,-9.99801158905029,6.96295,6.96295
6.96305,-6.685549579E-06,-9.63391780853271,6.96305,6.96305
6.96315,3.3191641705E-05,-0.002285905415192,6.96315,6.96315
6.96325,5.5303989939E-05,-0.001810712972656,6.96325,6.96325
6.96335,5.7495290093E-05,-0.0014115878148,6.96335,6.96335
6.96345,5.8094672568E-05,-0.001083393348381,6.96345,6.96345
6.96355,5.8285186242E-05,-0.001041313516907,6.96355,6.96355
6.96365,5.8404282754E-05,-0.001386748044752,6.96365,6.96365
6.96375,5.8386198361E-05,-0.001141516957432,6.96375,6.96375
6.96385,5.8380966948E-05,-0.001078889821656,6.96385,6.96385
6.96395,5.839878213E-05,-0.001326654106379,6.96395,6.96395
6.96405,6.49492722E-05,-0.354993402957916,6.96405,6.96405
6.96415,7.219275176E-06,-9.99654483795166,6.96415,6.96415
6.96425,1.25517943E-07,-9.99735927581787,6.96425,6.96425
6.96435,-2.014813E-09,-9.99801921844482,6.96435,6.96435
6.96445,-5.3670536E-08,-9.99788093566895,6.96445,6.96445
6.96455,-2.5568191E-08,-9.99808692932129,6.96455,6.96455
6.96465,-4.7174023E-08,-9.99812984466553,6.96465,6.96465
6.96475,-1.492347E-08,-9.99810123443604,6.96475,6.96475
6.96485,-5.5168108E-08,-9.99814987182617,6.96485,6.96485
6.96495,-5.4387684E-08,-9.99823093414307,6.96495,6.96495
6.96505,-6.444953669E-06,-9.6544771194458,6.96505,6.96505
6.96515,3.2988140447E-05,-0.002605866873637,6.96515,6.96515
6.96525,5.5306532886E-05,-0.001766944304109,6.96525,6.96525
6.96535,5.7512403146E-05,-0.001273174770176,6.96535,6.96535
6.96545,5.8148099924E-05,-0.001272893277928,6.96545,6.96545
6.96555,5.8346173319E-05,-0.001182330190204,6.96555,6.96555
6.96565,5.841006714E-05,-0.001184793072753,6.96565,6.96565
6.96575,5.8426499891E-05,-0.001272330409847,6.96575,6.96575
6.96585,5.8403249568E-05,-0.000989593332633,6.96585,6.96585
6.96595,5.8402518334E-05,-0.000967497879174,6.96595,6.96595
6.96605,6.4865795139E-05,-0.334947347640991,6.96605,6.96605
6.96615,7.450534213E-06,-9.9972448348999,6.96615,6.96615
6.96625,1.51848511E-07,-9.99763870239258,6.96625,6.96625
6.96635,8.292426E-09,-9.99787521362305,6.96635,6.96635
6.96645,-4.7103715E-08,-9.99825668334961,6.96645,6.96645
6.96655,-5.7312519E-08,-9.99845504760742,6.96655,6.96655
6.96665,-7.4439697E-08,-9.99833393096924,6.96665,6.96665
6.96675,-7.817308E-08,-9.99831771850586,6.96675,6.96675
6.96685,-7.1121129E-08,-9.99834728240967,6.96685,6.96685
6.96695,-1.00861662E-07,-9.99809551239014,6.96695,6.96695
6.96705,-6.331363238E-06,-9.67446899414063,6.96705,6.96705
6.96715,3.2670548535E-05,-0.002646820852533,6.96715,6.96715
6.96725,5.5304088164E-05,-0.001875240006484,6.96725,6.96725
6.96735,5.750407945E-05,-0.001378937275149,6.96735,6.96735
6.96745,5.8119101595E-05,-0.001399977249093,6.96745,6.96745
6.96755,5.8346817241E-05,-0.00141313590575,6.96755,6.96755
6.96765,5.8429621276E-05,-0.001248194254003,6.96765,6.96765
6.96775,5.8445741161E-05,-0.001033150823787,6.96775,6.96775
6.96785,5.8403053117E-05,-0.001147498260252,6.96785,6.96785
6.96795,5.8445693867E-05,-0.001195770455524,6.96795,6.96795
6.96805,6.4802203269E-05,-0.31494790315628,6.96805,6.96805
6.96815,7.661221389E-06,-9.99685573577881,6.96815,6.96815
6.96825,1.6537588E-07,-9.99725246429443,6.96825,6.96825
6.96835,6.801884E-09,-9.99802303314209,6.96835,6.96835
6.96845,-4.1823537E-08,-9.99809741973877,6.96845,6.96845
6.96855,-2.5427575E-08,-9.9981575012207,6.96855,6.96855
6.96865,-7.6443492E-08,-9.99810600280762,6.96865,6.96865
6.96875,-4.7117776E-08,-9.99825859069824,6.96875,6.96875
6.96885,-5.3283838E-08,-9.99842262268066,6.96885,6.96885
6.96895,-3.3084181E-08,-9.99865627288818,6.96895,6.96895
6.96905,-6.088179816E-06,-9.6947717666626,6.96905,6.96905
6.96915,3.2420048228E-05,-0.002794100204483,6.96915,6.96915
6.96925,5.5303265981E-05,-0.002191894222051,6.96925,6.96925
6.96935,5.752846846E-05,-0.001687288167886,6.96935,6.96935
6.96945,5.8151930716E-05,-0.00152009469457,6.96945,6.96945
6.96955,5.8335943322E-05,-0.001360712107271,6.96955,6.96955
6.96965,5.8418863773E-05,-0.001132228411734,6.96965,6.96965
6.96975,5.8450201323E-05,-0.000893471180461,6.96975,6.96975
6.96985,5.8455141698E-05,-0.000907966925297,6.96985,6.96985
6.96995,5.8425957832E-05,-0.001033362001181,6.96995,6.96995
6.97005,6.4703199314E-05,-0.295064121484757,6.97005,6.97005
6.97015,7.911238754E-06,-9.99729061126709,6.97015,6.97015
6.97025,1.37161038E-07,-9.99797630310059,6.97025,6.97025
6.97035,1.9576955E-08,-9.99837303161621,6.97035,6.97035
6.97045,-2.8282104E-08,-9.99834728240967,6.97045,6.97045
6.97055,-3.3871636E-08,-9.99828720092773,6.97055,6.97055
6.97065,-5.2137807E-08,-9.99837684631348,6.97065,6.97065
6.97075,-4.7708365E-08,-9.99835300445557,6.97075,6.97075
6.97085,-9.551821E-08,-9.9985818862915,6.97085,6.97085
6.97095,-8.4648498E-08,-9.9985818862915,6.97095,6.97095
6.97105,-5.969653557E-06,-9.71461772918701,6.97105,6.97105
6.97115,3.2126059523E-05,-0.002440643729642,6.97115,6.97115
6.97125,5.5339649407E-05,-0.001796146854758,6.97125,6.97125
6.97135,5.7539189584E-05,-0.00123756879475,6.97135,6.97135
6.97145,5.8171681303E-05,-0.001221454585902,6.97145,6.97145
6.97155,5.836966011E-05,-0.001271134126,6.97155,6.97155
6.97165,5.8434372477E-05,-0.000784753239714,6.97165,6.97165
6.97175,5.8426358009E-05,-0.00082598865265,6.97175,6.97175
6.97185,5.8482015447E-05,-0.000727192498744,6.97185,6.97185
6.97195,5.8455312683E-05,-0.000898959871847,6.97195,6.97195
6.97205,6.4583648054E-05,-0.275106877088547,6.97205,6.97205
6.97215,8.123070984E-06,-9.99751281738281,6.97215,6.97215
6.97225,1.638291E-07,-9.9981107711792,6.97225,6.97225
6.97235,-2.1553571E-08,-9.99845123291016,6.97235,6.97235
6.97245,-5.3979893E-08,-9.99878120422363,6.97245,6.97245
6.97255,-4.8861427E-08,-9.99868869781494,6.97255,6.97255
6.97265,-3.1593636E-08,-9.99883937835693,6.97265,6.97265
6.97275,-4.3567191E-08,-9.9989070892334,6.97275,6.97275
6.97285,-7.891132E-08,-9.99894523620605,6.97285,6.97285
6.97295,-6.4378533E-08,-9.99907302856445,6.97295,6.97295
6.97305,-5.727651114E-06,-9.73458385467529,6.97305,6.97305
6.97315,3.1824689358E-05,-0.002088665030897,6.97315,6.97315
6.97325,5.5308188166E-05,-0.001943989191204,6.97325,6.97325
6.97335,5.7535744418E-05,-0.001309343730099,6.97335,6.97335
6.97345,5.817328929E-05,-0.001123362104408,6.97345,6.97345
6.97355,5.8385187003E-05,-0.00107086787466,6.97355,6.97355
6.97365,5.8449102653E-05,-0.001098311273381,6.97365,6.97365
6.97375,5.846982458E-05,-0.000889249145985,6.97375,6.97375
6.97385,5.8459037973E-05,-0.000823736889288,6.97385,6.97385
6.97395,5.8467172494E-05,-0.000501171743963,6.97395,6.97395
6.97405,6.4438194386E-05,-0.254619061946869,6.97405,6.97405
6.97415,8.411434465E-06,-9.99738311767578,6.97415,6.97415
6.97425,1.47236264E-07,-9.998046875,6.97425,6.97425
6.97435,2.3190818E-08,-9.99860191345215,6.97435,6.97435
6.97445,-2.3634705E-08,-9.99846839904785,6.97445,6.97445
6.97455,5.473052E-09,-9.99845027923584,6.97455,6.97455
6.97465,-4.9930119E-08,-9.99855899810791,6.97465,6.97465
6.97475,-5.1933913E-08,-9.99856376647949,6.97475,6.97475
6.97485,-3.9517417E-08,-9.99865055084229,6.97485,6.97485
6.97495,-3.2809975E-08,-9.99860954284668,6.97495,6.97495
6.97505,-5.527447684E-06,-9.75469779968262,6.97505,6.97505
6.97515,3.15518555E-05,-0.002559565007687,6.97515,6.97515
6.97525,5.5334538047E-05,-0.001754348515533,6.97525,6.97525
6.97535,5.7533721701E-05,-0.001141446642578,6.97535,6.97535
6.97545,5.8168454416E-05,-0.001078186091036,6.97545,6.97545
6.97555,5.8405112213E-05,-0.001000641030259,6.97555,6.97555
6.97565,5.8442001318E-05,-0.00071839656448,6.97565,6.97565
6.97575,5.8441586589E-05,-0.00051102321595,6.97575,6.97575
6.97585,5.8468718635E-05,-0.000424752535764,6.97585,6.97585
6.97595,5.8437904954E-05,-0.000421797099989,6.97595,6.97595
6.97605,6.426825712E-05,-0.23469090461731,6.97605,6.97605
6.97615,8.620089829E-06,-9.99727535247803,6.97615,6.97615
6.97625,1.24146922E-07,-9.99757957458496,6.97625,6.97625
6.97635,-2.007709E-08,-9.99823379516602,6.97635,6.97635
6.97645,-4.330002E-08,-9.99860191345215,6.97645,6.97645
6.97655,-4.9332495E-08,-9.99845504760742,6.97655,6.97655
6.97665,-5.4851721E-08,-9.9985466003418,6.97665,6.97665
6.97675,-5.2805738E-08,-9.99845314025879,6.97675,6.97675
6.97685,-7.0136807E-08,-9.99855422973633,6.97685,6.97685
6.97695,-4.2393037E-08,-9.99862289428711,6.97695,6.97695
6.97705,-5.29042336E-06,-9.77436542510986,6.97705,6.97705
6.97715,3.1199735531E-05,-0.002196397865191,6.97715,6.97715
6.97725,5.5362288549E-05,-0.00183323060628,6.97725,6.97725
6.97735,5.758410407E-05,-0.001162908738479,6.97735,6.97735
6.97745,5.8216712205E-05,-0.000825777533464,6.97745,6.97745
6.97755,5.8436820837E-05,-0.000506660435349,6.97755,6.97755
6.97765,5.849694935E-05,-0.000555073376745,6.97765,6.97765
6.97775,5.8496701968E-05,-0.000426863582106,6.97775,6.97775
6.97785,5.8466419432E-05,-0.000459514150862,6.97785,6.97785
6.97795,5.8476627601E-05,-0.000382672733394,6.97795,6.97795
6.97805,6.4097650466E-05,-0.214754283428192,6.97805,6.97805
6.97815,8.954969417E-06,-9.99715709686279,6.97815,6.97815
6.97825,1.33990127E-07,-9.99772071838379,6.97825,6.97825
6.97835,1.8916055E-08,-9.99813461303711,6.97835,6.97835
6.97845,-2.9442194E-08,-9.99828910827637,6.97845,6.97845
6.97855,-4.7701334E-08,-9.99842262268066,6.97855,6.97855
6.97865,-5.4324406E-08,-9.99832057952881,6.97865,6.97865
6.97875,-6.1137307E-08,-9.998366355896,6.97875,6.97875
6.97885,-7.2780409E-08,-9.99862957000732,6.97885,6.97885
6.97895,-6.3105951E-08,-9.99839210510254,6.97895,6.97895
6.97905,-5.067292022E-06,-9.79448795318604,6.97905,6.97905
6.97915,3.0874391086E-05,-0.002084513194859,6.97915,6.97915
6.97925,5.5344007706E-05,-0.001557811745442,6.97925,6.97925
6.97935,5.7570661738E-05,-0.000983541714959,6.97935,6.97935
6.97945,5.8209050621E-05,-0.000991211738437,6.97945,6.97945
6.97955,5.8408648329E-05,-0.00094188406365,6.97955,6.97955
6.97965,5.8463101595E-05,-0.000656261981931,6.97965,6.97965
6.97975,5.849081208E-05,-0.000656824908219,6.97975,6.97975
6.97985,5.8513294789E-05,-0.00105658324901,6.97985,6.97985
6.97995,5.8518518927E-05,-0.000798474880867,6.97995,6.97995
6.98005,6.3909770688E-05,-0.194832921028137,6.98005,6.98005
6.98015,9.343129022E-06,-9.99715900421143,6.98015,6.98015
6.98025,1.74234771E-07,-9.99802589416504,6.98025,6.98025
6.98035,1.9956621E-08,-9.99841117858887,6.98035,6.98035
6.98045,-4.0002547E-08,-9.99836826324463,6.98045,6.98045
6.98055,-6.882204E-08,-9.99847602844238,6.98055,6.98055
6.98065,-8.1147135E-08,-9.99853897094727,6.98065,6.98065
6.98075,-9.6439251E-08,-9.99850463867188,6.98075,6.98075
6.98085,-1.05305169E-07,-9.99807929992676,6.98085,6.98085
6.98095,-9.9420333E-08,-9.99826622009277,6.98095,6.98095
6.98105,-4.831287242E-06,-9.81429004669189,6.98105,6.98105
6.98115,3.0506367693E-05,-0.002443176927045,6.98115,6.98115
6.98125,5.5370506743E-05,-0.001831330591813,6.98125,6.98125
6.98135,5.755827442E-05,-0.00113659130875,6.98135,6.98135
6.98145,5.822024832E-05,-0.000919225742109,6.98145,6.98145
6.98155,5.8454297687E-05,-0.000890163879376,6.98155,6.98155
6.98165,5.8527799411E-05,-0.000674698268995,6.98165,6.98165
6.98175,5.8519348386E-05,-0.000775112886913,6.98175,6.98175
6.98185,5.8510715462E-05,-0.000820640707389,6.98185,6.98185
6.98195,5.849806621E-05,-0.000959264871199,6.98195,6.98195
6.98205,6.3688108639E-05,-0.175142660737038,6.98205,6.98205
6.98215,9.626901374E-06,-9.99696922302246,6.98215,6.98215
6.98225,1.19794819E-07,-9.99796390533447,6.98225,6.98225
6.98235,4.96683E-09,-9.99846458435059,6.98235,6.98235
6.98245,-4.8601287E-08,-9.99858093261719,6.98245,6.98245
6.98255,-8.7474909E-08,-9.99817657470703,6.98255,6.98255
6.98265,-7.1374238E-08,-9.99832820892334,6.98265,6.98265
6.98275,-7.5452135E-08,-9.99834060668945,6.98275,6.98275
6.98285,-6.5946416E-08,-9.99839019775391,6.98285,6.98285
6.98295,-6.9954005E-08,-9.99838733673096,6.98295,6.98295
6.98305,-4.57424585E-06,-9.83432960510254,6.98305,6.98305
6.98315,3.0119683288E-05,-0.002429666463286,6.98315,6.98315
6.98325,5.531775605E-05,-0.00190655363258,6.98325,6.98325
6.98335,5.7585715695E-05,-0.001580751617439,6.98335,6.98335
6.98345,5.8228059061E-05,-0.001640493632294,6.98345,6.98345
6.98355,5.8433623053E-05,-0.001197248115204,6.98355,6.98355
6.98365,5.8525572967E-05,-0.001015066402033,6.98365,6.98365
6.98375,5.8542158513E-05,-0.001110696000978,6.98375,6.98375
6.98385,5.8541747421E-05,-0.001041313516907,6.98385,6.98385
6.98395,5.8515790442E-05,-0.000777364650276,6.98395,6.98395
6.98405,6.3388804847E-05,-0.154822960495949,6.98405,6.98405
6.98415,1.003367197E-05,-9.99717330932617,6.98415,6.98415
6.98425,1.17116066E-07,-9.99738216400146,6.98425,6.98425
6.98435,-3.3555246E-08,-9.99813175201416,6.98435,6.98435
6.98445,-7.2773382E-08,-9.99846935272217,6.98445,6.98445
6.98455,-8.5984368E-08,-9.99868202209473,6.98455,6.98455
6.98465,-1.10662683E-07,-9.99866390228271,6.98465,6.98465
6.98475,-9.2860546E-08,-9.99895286560059,6.98475,6.98475
6.98485,-1.01149929E-07,-9.99934005737305,6.98485,6.98485
6.98495,-7.2569485E-08,-9.9989652633667,6.98495,6.98495
6.98505,-4.333973266E-06,-9.85453796386719,6.98505,6.98505
6.98515,2.976802898E-05,-0.00246485020034,6.98515,6.98515
6.98525,5.5376338423E-05,-0.002038633683696,6.98525,6.98525
6.98535,5.7627963542E-05,-0.00128014117945,6.98535,6.98535
6.98545,5.8270434238E-05,-0.001301814452745,6.98545,6.98545
6.98555,5.8464458562E-05,-0.001212166040204,6.98555,6.98555
6.98565,5.8534245909E-05,-0.001109640463255,6.98565,6.98565
6.98575,5.856216012E-05,-0.00110971077811,6.98575,6.98575
6.98585,5.8519595768E-05,-0.001112595899031,6.98585,6.98585
6.98595,5.8518267906E-05,-0.001100070425309,6.98595,6.98595
6.98605,6.3104293076E-05,-0.135015890002251,6.98605,6.98605
6.98615,1.0472629583E-05,-9.997633934021,6.98615,6.98615
6.98625,1.26389764E-07,-9.99807262420654,6.98625,6.98625
6.98635,-1.2195497E-08,-9.99856853485107,6.98635,6.98635
6.98645,-4.6949033E-08,-9.99868488311768,6.98645,6.98645
6.98655,-5.7045348E-08,-9.99866771697998,6.98655,6.98655
6.98665,-7.6098978E-08,-9.99900436401367,6.98665,6.98665
6.98675,-5.1005841E-08,-9.99876880645752,6.98675,6.98675
6.98685,-4.8348173E-08,-9.99885559082031,6.98685,6.98685
6.98695,-6.771819E-08,-9.9991512298584,6.98695,6.98695
6.98705,-3.973972071E-06,-9.87504196166992,6.98705,6.98705
6.98715,2.9368084142E-05,-0.002830691402778,6.98715,6.98715
6.98725,5.5383578001E-05,-0.001897757640108,6.98725,6.98725
6.98735,5.7628272771E-05,-0.001547327032313,6.98735,6.98735
6.98745,5.8263467508E-05,-0.001470344839618,6.98745,6.98745
6.98755,5.8471418015E-05,-0.001269797096029,6.98755,6.98755
6.98765,5.8559904573E-05,-0.00090184493456,6.98765,6.98765
6.98775,5.8590227127E-05,-0.000807552307379,6.98775,6.98775
6.98785,5.8569534303E-05,-0.000810226309113,6.98785,6.98785
6.98795,5.8525845816E-05,-0.000934706593398,6.98795,6.98795
6.98805,6.2802777393E-05,-0.11517933011055,6.98805,6.98805
6.98815,1.0966294212E-05,-9.99715328216553,6.98815,6.98815
6.98825,1.43615381E-07,-9.99801826477051,6.98825,6.98825
6.98835,-1.6414013E-08,-9.99842929840088,6.98835,6.98835
6.98845,-2.2678508E-08,-9.99869346618652,6.98845,6.98845
6.98855,-4.216102E-08,-9.99880409240723,6.98855,6.98855
6.98865,-5.369866E-08,-9.99870109558105,6.98865,6.98865
6.98875,-4.8495824E-08,-9.9983491897583,6.98875,6.98875
6.98885,-3.3210735E-08,-9.99857711791992,6.98885,6.98885
6.98895,-5.6278985E-08,-9.99898815155029,6.98895,6.98895
6.98905,-3.637165946E-06,-9.89468193054199,6.98905,6.98905
6.98915,2.8981472497E-05,-0.002633521333337,6.98915,6.98915
6.98925,5.5417334806E-05,-0.002197453286499,6.98925,6.98925
6.98935,5.765386959E-05,-0.001485192333348,6.98935,6.98935
6.98945,5.8308502048E-05,-0.001198936952278,6.98945,6.98945
6.98955,5.8524346969E-05,-0.000845550850499,6.98955,6.98955
6.98965,5.8583154896E-05,-0.000872220145538,6.98965,6.98965
6.98975,5.8629066189E-05,-0.001019499613903,6.98975,6.98975
6.98985,5.8617690229E-05,-0.001094229985029,6.98985,6.98985
6.98995,5.8587302192E-05,-0.000938365701586,6.98995,6.98995
6.99005,6.2418119342E-05,-0.095197111368179,6.99005,6.99005
6.99015,1.1490100405E-05,-9.9971809387207,6.99015,6.99015
6.99025,1.65263387E-07,-9.99785041809082,6.99025,6.99025
6.99035,1.4767848E-08,-9.99811172485352,6.99035,6.99035
6.99045,-3.3041996E-08,-9.99842643737793,6.99045,6.99045
6.99055,-5.9766293E-08,-9.99864292144775,6.99055,6.99055
6.99065,-4.9170787E-08,-9.99851322174072,6.99065,6.99065
6.99075,-6.1095122E-08,-9.99861145019531,6.99075,6.99075
6.99085,-5.5575899E-08,-9.99855804443359,6.99085,6.99085
6.99095,-8.5562512E-08,-9.99845314025879,6.99095,6.99095
6.99105,-3.262920245E-06,-9.91410541534424,6.99105,6.99105
6.99115,2.8475840736E-05,-0.002231018617749,6.99115,6.99115
6.99125,5.5385440646E-05,-0.001456060213968,6.99125,6.99125
6.99135,5.7666398789E-05,-0.001028506667353,6.99135,6.99135
6.99145,5.8303732658E-05,-0.001106051728129,6.99145,6.99145
6.99155,5.852169852E-05,-0.000915003649425,6.99155,6.99155
6.99165,5.8631503634E-05,-0.001060875714757,6.99165,6.99165
6.99175,5.8606165112E-05,-0.000875808880664,6.99175,6.99175
6.99185,5.8568839449E-05,-0.000740140152629,6.99185,6.99185
6.99195,5.8570323745E-05,-0.000872079399414,6.99195,6.99195
6.99205,6.1952188844E-05,-0.075115323066711,6.99205,6.99205
6.99215,1.2046621123E-05,-9.99708271026611,6.99215,6.99215
6.99225,1.44592661E-07,-9.99803638458252,6.99225,6.99225
6.99235,2.470875E-09,-9.99824333190918,6.99235,6.99235
6.99245,-1.1914262E-08,-9.99842834472656,6.99245,6.99245
6.99255,-1.1506473E-08,-9.9984884262085,6.99255,6.99255
6.99265,-4.4347615E-08,-9.9987735748291,6.99265,6.99265
6.99275,-6.6403423E-08,-9.99869155883789,6.99275,6.99275
6.99285,-5.5421218E-08,-9.99859714508057,6.99285,6.99285
6.99295,-4.4727283E-08,-9.9985876083374,6.99295,6.99295
6.99305,-2.831619213E-06,-9.9344367980957,6.99305,6.99305
6.99315,2.7988131478E-05,-0.002811551326886,6.99315,6.99315
6.99325,5.5433520174E-05,-0.002046022098511,6.99325,6.99325
6.99335,5.7650846429E-05,-0.001254316302948,6.99335,6.99335
6.99345,5.8296569478E-05,-0.001167623326182,6.99345,6.99345
6.99355,5.8507073845E-05,-0.000977912335657,6.99355,6.99355
6.99365,5.8570694819E-05,-0.001246716594324,6.99365,6.99365
6.99375,5.860856254E-05,-0.00123447261285,6.99375,6.99375
6.99385,5.861342288E-05,-0.001015207148157,6.99385,6.99385
6.99395,5.8611502027E-05,-0.000961516634561,6.99395,6.99395
6.99405,6.1433995143E-05,-0.054858598858118,6.99405,6.99405
6.99415,1.2742183571E-05,-9.99686050415039,6.99415,6.99415
6.99425,1.53774963E-07,-9.99760723114014,6.99425,6.99425
6.99435,2.4013428E-08,-9.99808025360107,6.99435,6.99435
6.99445,-1.6435106E-08,-9.9981050491333,6.99445,6.99445
6.99455,-2.9744522E-08,-9.99849224090576,6.99455,6.99455
6.99465,-5.5238417E-08,-9.99844837188721,6.99465,6.99465
6.99475,-6.3837156E-08,-9.99836254119873,6.99475,6.99475
6.99485,-6.2930177E-08,-9.99853134155273,6.99485,6.99485
6.99495,-4.299066E-08,-9.99827575683594,6.99495,6.99495
6.99505,-2.35202333E-06,-9.95412254333496,6.99505,6.99505
6.99515,2.7350304663E-05,-0.002003660891205,6.99515,6.99515
6.99525,5.5391803471E-05,-0.001644012052566,6.99525,6.99525
6.99535,5.7678127632E-05,-0.001249812776223,6.99535,6.99535
6.99545,5.8288278524E-05,-0.000982415862381,6.99545,6.99545
6.99555,5.8500318119E-05,-0.000735847745091,6.99555,6.99555
6.99565,5.8595640439E-05,-0.00088657514425,6.99565,6.99565
6.99575,5.8637117036E-05,-0.000805089483038,6.99575,6.99575
6.99585,5.8620200434E-05,-0.000874964520335,6.99585,6.99585
6.99595,5.861068712E-05,-0.001110625569709,6.99595,6.99595
6.99605,6.0788039264E-05,-0.035214848816395,6.99605,6.99605
6.99615,1.3441522242E-05,-9.99723148345947,6.99615,6.99615
6.99625,1.39361703E-07,-9.99796581268311,6.99625,6.99625
6.99635,-6.338791E-09,-9.99836826324463,6.99635,6.99635
6.99645,-3.0911643E-08,-9.99846458435059,6.99645,6.99645
6.99655,-7.0853957E-08,-9.9986400604248,6.99655,6.99655
6.99665,-7.3195231E-08,-9.99866485595703,6.99665,6.99665
6.99675,-9.0470053E-08,-9.99881362915039,6.99675,6.99675
6.99685,-7.9213649E-08,-9.99901390075684,6.99685,6.99685
6.99695,-7.1718752E-08,-9.99885082244873,6.99695,6.99695
6.99705,-1.748944328E-06,-9.97457981109619,6.99705,6.99705
6.99715,2.6662259188E-05,-0.002670957008377,6.99715,6.99715
6.99725,5.5397267715E-05,-0.001631768071093,6.99725,6.99725
6.99735,5.7657005527E-05,-0.001112455152906,6.99735,6.99735
6.99745,5.8321649703E-05,-0.001109288656153,6.99745,6.99745
6.99755,5.8538826124E-05,-0.001028576982208,6.99755,6.99755
6.99765,5.8596069721E-05,-0.001082830363885,6.99765,6.99765
6.99775,5.8645509853E-05,-0.00081071886234,6.99775,6.99775
6.99785,5.8629157138E-05,-0.000817192718387,6.99785,6.99785
6.99795,5.8591027482E-05,-0.000947091320995,6.99795,6.99795
6.99805,5.9977246565E-05,-0.015066703781486,6.99805,6.99805
6.99815,1.4404321519E-05,-9.99739265441895,6.99815,6.99815
6.99825,1.11758553E-07,-9.99852085113525,6.99825,6.99825
6.99835,-3.4293489E-08,-9.99853897094727,6.99835,6.99835
6.99845,-6.0096738E-08,-9.99882698059082,6.99845,6.99845
6.99855,-6.0237355E-08,-9.99880027770996,6.99855,6.99855
6.99865,-8.5471115E-08,-9.99877071380615,6.99865,6.99865
6.99875,-8.7320231E-08,-9.99904155731201,6.99875,6.99875
6.99885,-7.3588957E-08,-9.99930286407471,6.99885,6.99885
6.99895,-6.7176813E-08,-9.99889850616455,6.99895,6.99895
6.99905,-6.57206499E-07,-9.99452209472656,6.99905,6.99905
6.99915,2.5449891837E-05,-0.002515092724934,6.99915,6.99915
6.99925,5.5406970205E-05,-0.00184596714098,6.99925,6.99925
6.99935,5.7682915212E-05,-0.001144120586105,6.99935,6.99935
6.99945,5.8357640228E-05,-0.000915918441024,6.99945,6.99945
6.99955,5.8579236793E-05,-0.000867435184773,6.99955,6.99955
6.99965,5.8643738157E-05,-0.00091950717615,6.99965,6.99965
6.99975,5.8655263274E-05,-0.000728881335817,6.99975,6.99975
6.99985,5.8658974012E-05,-0.00054529227782,6.99985,6.99985
6.99995,5.8654350141E-05,-0.000409271684475,6.99995,6.99995
7.00005,5.864042032E-05,-0.000640288519207,7.00005,7.00005
7.00015,1.5907293346E-05,-9.9911527633667,7.00015,7.00015
7.00025,1.58668442E-07,-9.99799728393555,7.00025,7.00025
7.00035,1.7298957E-08,-9.9983377456665,7.00035,7.00035
7.00045,-2.7818066E-08,-9.99833106994629,7.00045,7.00045
7.00055,-5.1343321E-08,-9.99835777282715,7.00055,7.00055
7.00065,-6.6846368E-08,-9.99864864349365,7.00065,7.00065
7.00075,-4.5620201E-08,-9.99855327606201,7.00075,7.00075
7.00085,-3.259202E-08,-9.9986572265625,7.00085,7.00085
7.00095,-4.6520153E-08,-9.99868583679199,7.00095,7.00095
7.00105,-3.031402E-08,-9.99872303009033,7.00105,7.00105
7.00115,2.4825341825E-05,-0.018300868570805,7.00115,7.00115
7.00125,5.5446886108E-05,-0.001881784177385,7.00125,7.00125
7.00135,5.7744338847E-05,-0.001331298379228,7.00135,7.00135
7.00145,5.8381185227E-05,-0.001516576390713,7.00145,7.00145
7.00155,5.8567278757E-05,-0.0012009072816,7.00155,7.00155
7.00165,5.8612284192E-05,-0.001000078045763,7.00165,7.00165
7.00175,5.863424667E-05,-0.001197248115204,7.00175,7.00175
7.00185,5.8637404436E-05,-0.000739999406505,7.00185,7.00185
7.00195,5.8622386859E-05,-0.000523548689671,7.00195,7.00195
7.00205,5.86199385E-05,-0.000502649461851,7.00205,7.00205
7.00215,1.6017396774E-05,-9.97128677368164,7.00215,7.00215
7.00225,1.6147375E-07,-9.99796295166016,7.00225,7.00225
7.00235,-3.87096E-09,-9.99863910675049,7.00235,7.00235
7.00245,-4.6386564E-08,-9.99857425689697,7.00245,7.00245
7.00255,-4.9761379E-08,-9.99862194061279,7.00255,7.00255
7.00265,-5.8465581E-08,-9.99856376647949,7.00265,7.00265
7.00275,-5.9182728E-08,-9.99874210357666,7.00275,7.00275
7.00285,-5.8170286E-08,-9.9987907409668,7.00285,7.00285
7.00295,-5.9407718E-08,-9.99907398223877,7.00295,7.00295
7.00305,-6.9841512E-08,-9.99895286560059,7.00305,7.00305
7.00315,2.4697006666E-05,-0.038360845297575,7.00315,7.00315
7.00325,5.5373602663E-05,-0.002032300457358,7.00325,7.00325
7.00335,5.7696357544E-05,-0.001308991922997,7.00335,7.00335
7.00345,5.8366145822E-05,-0.001187326270156,7.00345,7.00345
7.00355,5.8587054809E-05,-0.001034487853758,7.00355,7.00355
7.00365,5.8656100009E-05,-0.001043002353981,7.00365,7.00365
7.00375,5.868136941E-05,-0.001055809203535,7.00375,7.00375
7.00385,5.8655830799E-05,-0.001240594545379,7.00385,7.00385
7.00395,5.8675264881E-05,-0.00079580093734,7.00395,7.00395
7.00405,5.8636418544E-05,-0.000741054944228,7.00405,7.00405
7.00415,1.6121382941E-05,-9.95142269134521,7.00415,7.00415
7.00425,1.76583072E-07,-9.99804592132568,7.00425,7.00425
7.00435,1.4514737E-08,-9.99851894378662,7.00435,7.00435
7.00445,-4.5739725E-08,-9.9986572265625,7.00445,7.00445
7.00455,-4.8559102E-08,-9.99892330169678,7.00455,7.00455
7.00465,-6.7528362E-08,-9.99869155883789,7.00465,7.00465
7.00475,-5.1097242E-08,-9.99875926971436,7.00475,7.00475
7.00485,-6.2803622E-08,-9.99869441986084,7.00485,7.00485
7.00495,-6.0399067E-08,-9.99887084960938,7.00495,7.00495
7.00505,-5.746017E-08,-9.99890518188477,7.00505,7.00505
7.00515,2.4615708753E-05,-0.058094173669815,7.00515,7.00515
7.00525,5.5423199228E-05,-0.001546834362671,7.00525,7.00525
7.00535,5.7730150729E-05,-0.001340938732028,7.00535,7.00535
7.00545,5.8375720982E-05,-0.00118964840658,7.00545,7.00545
7.00555,5.858253644E-05,-0.001249812776223,7.00555,7.00555
7.00565,5.8670673752E-05,-0.001002963166684,7.00565,7.00565
7.00575,5.868788503E-05,-0.001041876501404,7.00575,7.00575
7.00585,5.8686338889E-05,-0.00107002351433,7.00585,7.00585
7.00595,5.8686677221E-05,-0.000938295328524,7.00595,7.00595
7.00605,5.8672987507E-05,-0.0009232366574,7.00605,7.00605
7.00615,1.6249436158E-05,-9.93187141418457,7.00615,7.00615
7.00625,1.48072942E-07,-9.99807453155518,7.00625,7.00625
7.00635,1.2194554E-08,-9.99860286712646,7.00635,7.00635
7.00645,3.602844E-09,-9.99853134155273,7.00645,7.00645
7.00655,-7.0509444E-08,-9.99899196624756,7.00655,7.00655
7.00665,-6.8386122E-08,-9.99881267547607,7.00665,7.00665
7.00675,-6.6431546E-08,-9.99906158447266,7.00675,7.00675
7.00685,-4.2055557E-08,-9.99924373626709,7.00685,7.00685
7.00695,-6.002643E-08,-9.99903869628906,7.00695,7.00695
7.00705,-5.6503971E-08,-9.99933433532715,7.00705,7.00705
7.00715,2.4458668122E-05,-0.07879688590765,7.00715,7.00715
7.00725,5.5410935602E-05,-0.002150166314095,7.00725,7.00725
7.00735,5.7757690229E-05,-0.001624098047614,7.00735,7.00735
7.00745,5.8399626141E-05,-0.001400610548444,7.00745,7.00745
7.00755,5.8633166191E-05,-0.001420172746293,7.00755,7.00755
7.00765,5.87147224E-05,-0.001008874038234,7.00765,7.00765
7.00775,5.8723398979E-05,-0.001173112075776,7.00775,7.00775
7.00785,5.8708126744E-05,-0.001582018216141,7.00785,7.00785
7.00795,5.8712346799E-05,-0.001299562631175,7.00795,7.00795
7.00805,5.8667974372E-05,-0.001547467662022,7.00805,7.00805
7.00815,1.6393225451E-05,-9.9120979309082,7.00815,7.00815
7.00825,1.81694503E-07,-9.99807357788086,7.00825,7.00825
7.00835,3.9839893E-08,-9.99879741668701,7.00835,7.00835
7.00845,-3.892052E-09,-9.99874496459961,7.00845,7.00845
7.00855,-4.4319492E-08,-9.99891090393066,7.00855,7.00855
7.00865,-4.2371944E-08,-9.9990701675415,7.00865,7.00865
7.00875,-1.9437282E-08,-9.99905967712402,7.00875,7.00875
7.00885,-6.1425574E-08,-9.99873542785645,7.00885,7.00885
7.00895,-8.2785327E-08,-9.99890518188477,7.00895,7.00895
7.00905,-5.885931E-08,-9.99897861480713,7.00905,7.00905
7.00915,2.4397273592E-05,-0.09823889285326,7.00915,7.00915
7.00925,5.5474964029E-05,-0.001884247059934,7.00925,7.00925
7.00935,5.7772002037E-05,-0.001167904818431,7.00935,7.00935
7.00945,5.8425815951E-05,-0.001025410485454,7.00945,7.00945
7.00955,5.8636833273E-05,-0.000910429749638,7.00955,7.00955
7.00965,5.8724650444E-05,-0.00079798232764,7.00965,7.00965
7.00975,5.8718054788E-05,-0.00056175829377,7.00975,7.00975
7.00985,5.8707362768E-05,-0.000638951547444,7.00985,7.00985
7.00995,5.8710236772E-05,-0.000573509663809,7.00995,7.00995
7.01005,5.8724130213E-05,-0.000604612170719,7.01005,7.01005
7.01015,1.6499481717E-05,-9.89160060882568,7.01015,7.01015
7.01025,1.55645168E-07,-9.9981689453125,7.01025,7.01025
7.01035,-3.8786208E-08,-9.99854469299316,7.01035,7.01035
7.01045,-4.2786766E-08,-9.99867630004883,7.01045,7.01045
7.01055,-4.3363297E-08,-9.99901008605957,7.01055,7.01055
7.01065,-8.9190436E-08,-9.99890804290771,7.01065,7.01065
7.01075,-8.0563574E-08,-9.99895477294922,7.01075,7.01075
7.01085,-6.9349355E-08,-9.99885082244873,7.01085,7.01085
7.01095,-8.953495E-08,-9.99903678894043,7.01095,7.01095
7.01105,-7.4179553E-08,-9.99899101257324,7.01105,7.01105
7.01115,2.4304959879E-05,-0.118390627205372,7.01115,7.01115
7.01125,5.5420110584E-05,-0.001719727646559,7.01125,7.01125
7.01135,5.7764904341E-05,-0.001128358300775,7.01135,7.01135
7.01145,5.8438690758E-05,-0.001143979839981,7.01145,7.01145
7.01155,5.8616740716E-05,-0.000874049728736,7.01155,7.01155
7.01165,5.8694426116E-05,-0.000814659462776,7.01165,7.01165
7.01175,5.871977919E-05,-0.000861946493387,7.01175,7.01175
7.01185,5.8745237766E-05,-0.00085483933799,7.01185,7.01185
7.01195,5.8737103245E-05,-0.000999163370579,7.01195,7.01195
7.01205,5.8696878114E-05,-0.000877216283698,7.01205,7.01205
7.01215,1.6606794816E-05,-9.87125205993652,7.01215,7.01215
7.01225,1.33033936E-07,-9.99772453308105,7.01225,7.01225
7.01235,-2.7424338E-08,-9.99822044372559,7.01235,7.01235
7.01245,-3.7914379E-08,-9.99823570251465,7.01245,7.01245
7.01255,-4.8467701E-08,-9.99832153320313,7.01255,7.01255
7.01265,-6.3091889E-08,-9.99875259399414,7.01265,7.01265
7.01275,-5.6911762E-08,-9.99859046936035,7.01275,7.01275
7.01285,-6.1509944E-08,-9.99872589111328,7.01285,7.01285
7.01295,-5.0302756E-08,-9.99863624572754,7.01295,7.01295
7.01305,-7.2604642E-08,-9.99838161468506,7.01305,7.01305
7.01315,2.4216806196E-05,-0.13794718682766,7.01315,7.01315
7.01325,5.5449836509E-05,-0.001680110697635,7.01325,7.01325
7.01335,5.7796562032E-05,-0.001368241384625,7.01335,7.01335
7.01345,5.8435209212E-05,-0.001164738321677,7.01345,7.01345
7.01355,5.8661265939E-05,-0.001128780422732,7.01355,7.01355
7.01365,5.8741959947E-05,-0.001040257979184,7.01365,7.01365
7.01375,5.8777499362E-05,-0.001116747618653,7.01375,7.01375
7.01385,5.8761830587E-05,-0.001017036731355,7.01385,7.01385
7.01395,5.8740875829E-05,-0.000849843258038,7.01395,7.01395
7.01405,5.8776156948E-05,-0.000902618980035,7.01405,7.01405
7.01415,1.6745814719E-05,-9.8516206741333,7.01415,7.01415
7.01425,1.66669565E-07,-9.99789047241211,7.01425,7.01425
7.01435,2.8414746E-08,-9.99877834320068,7.01435,7.01435
7.01445,6.977656E-09,-9.9987907409668,7.01445,7.01445
7.01455,-1.3348558E-08,-9.9986400604248,7.01455,7.01455
7.01465,-3.0953828E-08,-9.99861621856689,7.01465,7.01465
7.01475,-9.769851E-09,-9.99897193908691,7.01475,7.01475
7.01485,-3.2388126E-08,-9.99901294708252,7.01485,7.01485
7.01495,-6.9082176E-08,-9.99887371063232,7.01495,7.01495
7.01505,-5.6743023E-08,-9.99889087677002,7.01505,7.01505
7.01515,2.4111708626E-05,-0.158380046486855,7.01515,7.01515
7.01525,5.5467324273E-05,-0.001995075959712,7.01525,7.01525
7.01535,5.782239532E-05,-0.001592925167643,7.01535,7.01535
7.01545,5.8480898588E-05,-0.001348397810943,7.01545,7.01545
7.01555,5.8711397287E-05,-0.001050953869708,7.01555,7.01555
7.01565,5.8770216128E-05,-0.001204777508974,7.01565,7.01565
7.01575,5.8809302573E-05,-0.001153479446657,7.01575,7.01575
7.01585,5.8827383327E-05,-0.000899170932826,7.01585,7.01585
7.01595,5.8790148614E-05,-0.000910289061721,7.01595,7.01595
7.01605,5.8771573094E-05,-0.000795660191216,7.01605,7.01605
7.01615,1.6879303075E-05,-9.83160400390625,7.01615,7.01615
7.01625,1.87052024E-07,-9.99819469451904,7.01625,7.01625
7.01635,3.7604078E-08,-9.99846744537354,7.01635,7.01635
7.01645,1.3839775E-08,-9.99857234954834,7.01645,7.01645
7.01655,5.908965E-09,-9.99825096130371,7.01655,7.01655
7.01665,-3.7056616E-08,-9.99850273132324,7.01665,7.01665
7.01675,-3.4743461E-08,-9.9989538192749,7.01675,7.01675
7.01685,-2.1989484E-08,-9.99886703491211,7.01685,7.01685
7.01695,-2.2432427E-08,-9.99872493743896,7.01695,7.01695
7.01705,-3.857528E-08,-9.99897480010986,7.01705,7.01705
7.01715,2.4050399588E-05,-0.178079664707184,7.01715,7.01715
7.01725,5.5484160839E-05,-0.001974810147658,7.01725,7.01725
7.01735,5.7836161432E-05,-0.001320813666098,7.01735,7.01735
7.01745,5.844860425E-05,-0.00114552793093,7.01745,7.01745
7.01755,5.867490836E-05,-0.001204144209623,7.01755,7.01755
7.01765,5.8774134231E-05,-0.000887278816663,7.01765,7.01765
7.01775,5.8775327489E-05,-0.001017670030706,7.01775,7.01775
7.01785,5.8771489421E-05,-0.000773424049839,7.01785,7.01785
7.01795,5.8774377976E-05,-0.000737747643143,7.01795,7.01795
7.01805,5.8780115069E-05,-0.000779123802204,7.01805,7.01805
7.01815,1.6970430806E-05,-9.81143379211426,7.01815,7.01815
7.01825,1.68413209E-07,-9.99812602996826,7.01825,7.01825
7.01835,3.9720366E-08,-9.9984769821167,7.01835,7.01835
7.01845,-5.1708927E-08,-9.99861335754395,7.01845,7.01845
7.01855,-5.7959358E-08,-9.99862575531006,7.01855,7.01855
7.01865,-7.2576519E-08,-9.99867248535156,7.01865,7.01865
7.01875,-6.9398567E-08,-9.99872779846191,7.01875,7.01875
7.01885,-7.7273128E-08,-9.99881553649902,7.01885,7.01885
7.01895,-7.7694985E-08,-9.99860572814941,7.01895,7.01895
7.01905,-5.6925824E-08,-9.9988374710083,7.01905,7.01905
7.01915,2.3907983632E-05,-0.198140621185303,7.01915,7.01915
7.01925,5.5462471209E-05,-0.00154845288489,7.01925,7.01925
7.01935,5.785430767E-05,-0.001162556931376,7.01935,7.01935
7.01945,5.8530113165E-05,-0.00119710736908,7.01945,7.01945
7.01955,5.8745827118E-05,-0.001152564655058,7.01955,7.01955
7.01965,5.8823272411E-05,-0.000741266063415,7.01965,7.01965
7.01975,5.8854024246E-05,-0.00057294673752,7.01975,7.01975
7.01985,5.8825964516E-05,-0.000633322109934,7.01985,7.01985
7.01995,5.8806093875E-05,-0.000760476395953,7.01995,7.01995
7.02005,5.8779165556E-05,-0.000776731292717,7.02005,7.02005
7.02015,1.7097991076E-05,-9.79157066345215,7.02015,7.02015
7.02025,1.48459634E-07,-9.99772548675537,7.02025,7.02025
7.02035,2.4301693E-08,-9.99829006195068,7.02035,7.02035
7.02045,-6.704396E-09,-9.99821472167969,7.02045,7.02045
7.02055,-2.9252362E-08,-9.99852085113525,7.02055,7.02055
7.02065,-2.7804004E-08,-9.99892330169678,7.02065,7.02065
7.02075,-4.1176698E-08,-9.9986686706543,7.02075,7.02075
7.02085,-4.4607759E-08,-9.99871444702148,7.02085,7.02085
7.02095,-2.2706631E-08,-9.99893283843994,7.02095,7.02095
7.02105,-4.6688893E-08,-9.99884510040283,7.02105,7.02105
7.02115,2.383391984E-05,-0.21808098256588,7.02115,7.02115
7.02125,5.5508804508E-05,-0.001822534715757,7.02125,7.02125
7.02135,5.7849210862E-05,-0.001466122805141,7.02135,7.02135
7.02145,5.8516023273E-05,-0.001293862820603,7.02145,7.02145
7.02155,5.8754430938E-05,-0.001140672597103,7.02155,7.02155
7.02165,5.8828481997E-05,-0.001030969433486,7.02165,7.02165
7.02175,5.8870813518E-05,-0.001041946816258,7.02175,7.02175
7.02185,5.8846930187E-05,-0.001282955869101,7.02185,7.02185
7.02195,5.8839421399E-05,-0.001383088994771,7.02195,7.02195
7.02205,5.8820711274E-05,-0.000933088129386,7.02205,7.02205
7.02215,5.8785735746E-05,-0.000630296301097,7.02215,7.02215
7.02225,5.8781388361E-05,-0.000715581874829,7.02225,7.02225
7.02235,5.8796274971E-05,-0.000589131261222,7.02235,7.02235
7.02245,5.8784011344E-05,-0.000635222066194,7.02245,7.02245
7.02255,5.875480565E-05,-0.000739014300052,7.02255,7.02255
7.02265,5.8754278143E-05,-0.000552329001948,7.02265,7.02265
7.02275,5.8757639636E-05,-0.000455643923488,7.02275,7.02275
7.02285,5.8749919845E-05,-0.000537199957762,7.02285,7.02285
7.02295,5.8720488596E-05,-0.000299709325191,7.02295,7.02295
7.02305,5.8727793657E-05,-0.000813815044239,7.02305,7.02305
7.02315,5.8727575379E-05,-0.000662665406708,7.02315,7.02315
7.02325,5.8714442275E-05,-0.000648028973956,7.02325,7.02325
7.02335,5.8697969507E-05,-0.000998389325105,7.02335,7.02335
7.02345,5.8682049712E-05,-0.001124558388256,7.02345,7.02345
7.02355,5.8682839153E-05,-0.000686801504344,7.02355,7.02355
7.02365,5.8649398852E-05,-0.000784753239714,7.02365,7.02365
7.02375,5.8606292441E-05,-0.00069229019573,7.02375,7.02375
7.02385,5.8632413129E-05,-0.00073303305544,7.02385,7.02385
7.02395,5.8644440287E-05,-0.000557888066396,7.02395,7.02395
7.02405,5.862913531E-05,-0.000830210687127,7.02405,7.02405
7.02415,5.8661189541E-05,-0.000940617464948,7.02415,7.02415
7.02425,5.8649144194E-05,-0.000946106156334,7.02425,7.02425
7.02435,5.8628262195E-05,-0.000949131965172,7.02435,7.02435
7.02445,5.8598994656E-05,-0.000920773833059,7.02445,7.02445
7.02455,5.8630666899E-05,-0.001108303433284,7.02455,7.02455
7.02465,5.8633369918E-05,-0.000643806881271,7.02465,7.02465
7.02475,5.8600238845E-05,-0.000609889742918,7.02475,7.02475
7.02485,5.8621077187E-05,-0.000686590385158,7.02485,7.02485
7.02495,5.8591773268E-05,-0.000615730241407,7.02495,7.02495
7.02505,5.8585741499E-05,-0.00064444023883,7.02505,7.02505
7.02515,5.8580426412E-05,-0.000494979438372,7.02515,7.02515
7.02525,5.857809083E-05,-0.000730640545953,7.02525,7.02525
7.02535,5.8589081164E-05,-0.000623329950031,7.02535,7.02535
7.02545,5.8554713178E-05,-0.000586527690757,7.02545,7.02545
7.02555,5.8614055888E-05,-0.000593845907133,7.02555,7.02555
7.02565,5.8591485868E-05,-0.000615519122221,7.02565,7.02565
7.02575,5.8562371123E-05,-0.000654854637105,7.02575,7.02575
7.02585,5.85393027E-05,-0.000581461237743,7.02585,7.02585
7.02595,5.8510911913E-05,-0.000641906983219,7.02595,7.02595
7.02605,5.8500576415E-05,-0.000579139101319,7.02605,7.02605
7.02615,5.8484609326E-05,-0.000612845178694,7.02615,7.02615
7.02625,5.8496458223E-05,-0.001000781776384,7.02625,7.02625
7.02635,5.8528461523E-05,-0.001164034591056,7.02635,7.02635
7.02645,5.8487286879E-05,-0.000936747237574,7.02645,7.02645
7.02655,5.8502409956E-05,-0.000840976950713,7.02655,7.02655
7.02665,5.8512978285E-05,-0.000855331949424,7.02665,7.02665
7.02675,5.8521407482E-05,-0.001074949279428,7.02675,7.02675
7.02685,5.8494882978E-05,-0.000907544686925,7.02685,7.02685
7.02695,5.8501984313E-05,-0.00060742686037,7.02695,7.02695
7.02705,5.8507564972E-05,-0.000717411399819,7.02705,7.02705
7.02715,5.8501351305E-05,-0.000964401697274,7.02715,7.02715
7.02725,5.8500281739E-05,-0.000930484558921,7.02725,7.02725
7.02735,5.8501806052E-05,-0.000887912116013,7.02735,7.02735
7.02745,5.8498841099E-05,-0.00106031273026,7.02745,7.02745
7.02755,5.846505519E-05,-0.000617348705418,7.02755,7.02755
7.02765,5.8466914197E-05,-0.000773564795963,7.02765,7.02765
7.02775,5.8477664425E-05,-0.000918381323572,7.02775,7.02775
7.02785,5.8506797359E-05,-0.000937802775297,7.02785,7.02785
7.02795,5.8482128225E-05,-0.000737536582164,7.02795,7.02795
7.02805,5.8490197262E-05,-0.000698130694218,7.02805,7.02805
7.02815,5.847878856E-05,-0.000539451721124,7.02815,7.02815
7.02825,5.8453519159E-05,-0.000936184311286,7.02825,7.02825
7.02835,5.8458012063E-05,-0.000904448505025,7.02835,7.02835
7.02845,5.8479054132E-05,-0.000677231524605,7.02845,7.02845
7.02855,5.8495210396E-05,-0.000565417401958,7.02855,7.02855
7.02865,5.8477839048E-05,-0.000739858718589,7.02865,7.02865
7.02875,5.8447225456E-05,-0.000635573873296,7.02875,7.02875
7.02885,5.8440899011E-05,-0.000693345675245,7.02885,7.02885
7.02895,5.8436136896E-05,-0.000834432779811,7.02895,7.02895
7.02905,5.8401328715E-05,-0.000972494017333,7.02905,7.02905
7.02915,5.841559323E-05,-0.000893893360626,7.02915,7.02915
7.02925,5.8435613028E-05,-0.001031039864756,7.02925,7.02925
7.02935,5.8423054725E-05,-0.000858005892951,7.02935,7.02935
7.02945,5.8419438574E-05,-0.000846747076139,7.02945,7.02945
7.02955,5.8427180193E-05,-0.001316873007454,7.02955,7.02955
7.02965,5.8450539655E-05,-0.0013339020079,7.02965,7.02965
7.02975,5.8401208662E-05,-0.001283448422328,7.02975,7.02975
7.02985,5.8395424276E-05,-0.000939984165598,7.02985,7.02985
7.02995,5.8431429352E-05,-0.000848506286275,7.02995,7.02995
7.03005,5.8375182562E-05,-0.001317365677096,7.03005,7.03005
7.03015,5.8373199863E-05,-0.001085856230929,7.03015,7.03015
7.03025,5.8366633311E-05,-0.00103047688026,7.03025,7.03025
7.03035,5.8387548052E-05,-0.000961798126809,7.03035,7.03035
7.03045,5.8374043874E-05,-0.000793689920101,7.03045,7.03045
7.03055,5.8392863139E-05,-0.000730570172891,7.03055,7.03055
7.03065,5.8392826759E-05,-0.000885238172486,7.03065,7.03065
7.03075,5.8373494539E-05,-0.000993463560008,7.03075,7.03075
7.03085,5.8341811382E-05,-0.000970875553321,7.03085,7.03085
7.03095,5.8352950873E-05,-0.000738662434742,7.03095,7.03095
7.03105,5.8367797465E-05,-0.000912118586712,7.03105,7.03105
7.03115,5.8335117501E-05,-0.001001133583486,7.03115,7.03115
7.03125,5.8348596212E-05,-0.000842032430228,7.03125,7.03125
7.03135,5.8375590015E-05,-0.000999374431558,7.03135,7.03135
7.03145,5.8376692323E-05,-0.000982767669484,7.03145,7.03145
7.03155,5.8320136304E-05,-0.000919225742109,7.03155,7.03155
7.03165,5.8311979956E-05,-0.000795097264927,7.03165,7.03165
7.03175,5.8314897615E-05,-0.000906348461285,7.03175,7.03175
7.03185,5.8311776229E-05,-0.000729022081941,7.03185,7.03185
7.03195,5.8319368691E-05,-0.000666957872454,7.03195,7.03195
7.03205,5.8329176682E-05,-0.000772087078076,7.03205,7.03205
7.03215,5.8322901168E-05,-0.000684127560817,7.03215,7.03215
7.03225,5.835376578E-05,-0.000888052862138,7.03225,7.03225
7.03235,5.8342284319E-05,-0.000753158179577,7.03235,7.03235
7.03245,5.8335441281E-05,-0.000894315598998,7.03245,7.03245
7.03255,5.8299523516E-05,-0.000919647922274,7.03255,7.03255
7.03265,5.8303205151E-05,-0.000833377242088,7.03265,7.03265
7.03275,5.8303467085E-05,-0.000738732807804,7.03275,7.03275
7.03285,5.8321773395E-05,-0.000951735535637,7.03285,7.03285
7.03295,5.8322795667E-05,-0.000824229442514,7.03295,7.03295
7.03305,5.8293982875E-05,-0.000810437428299,7.03305,7.03305
7.03315,5.8292069298E-05,-0.00087130535394,7.03315,7.03315
7.03325,5.8294150222E-05,-0.000929640140384,7.03325,7.03325
7.03335,5.8296111092E-05,-0.00091240007896,7.03335,7.03335
7.03345,5.8283800172E-05,-0.000899733917322,7.03345,7.03345
7.03355,5.8306603023E-05,-0.000717341084965,7.03355,7.03355
7.03365,5.8320994867E-05,-0.000422078592237,7.03365,7.03365
7.03375,5.8311241446E-05,-0.000458317896118,7.03375,7.03375
7.03385,5.8295365307E-05,-0.000668857770506,7.03385,7.03385
7.03395,5.8291239839E-05,-0.000438403862063,7.03395,7.03395
7.03405,5.8292363974E-05,-0.000586175825447,7.03405,7.03405
7.03415,5.8296795032E-05,-0.000563869311009,7.03415,7.03415
7.03425,5.8289082517E-05,-0.000603204825893,7.03425,7.03425
7.03435,5.8294932387E-05,-0.000822329544462,7.03435,7.03435
7.03445,5.8291690948E-05,-0.000671531772241,7.03445,7.03445
7.03455,5.8298606746E-05,-0.00055176607566,7.03455,7.03455
7.03465,5.8292829635E-05,-0.00058941275347,7.03465,7.03465
7.03475,5.8287318097E-05,-0.000686731131282,7.03475,7.03475
7.03485,5.8293178881E-05,-0.000760617142078,7.03485,7.03485
7.03495,5.8277571952E-05,-0.00061896716943,7.03495,7.03495
7.03505,5.8269739384E-05,-0.000709108018782,7.03505,7.03505
7.03515,5.8298115619E-05,-0.000687786669005,7.03515,7.03515
7.03525,5.8261055528E-05,-0.000444314733613,7.03525,7.03525
7.03535,5.8258938225E-05,-0.000479780021124,7.03535,7.03535
7.03545,5.8283549151E-05,-0.000475909793749,7.03545,7.03545
7.03555,5.8265675762E-05,-0.000541633169632,7.03555,7.03555
7.03565,5.8271969465E-05,-0.000380843150197,7.03565,7.03565
7.03575,5.8268691646E-05,-0.000386965140933,7.03575,7.03575
7.03585,5.8251291193E-05,-0.000764839176554,7.03585,7.03585
7.03595,5.8236095356E-05,-0.00075386185199,7.03595,7.03595
7.03605,5.8255809563E-05,-0.000659709970932,7.03605,7.03605
7.03615,5.8275196352E-05,-0.000592157070059,7.03615,7.03615
7.03625,5.8248955611E-05,-0.000532063131686,7.03625,7.03625
7.03635,5.8259713114E-05,-0.000617841258645,7.03635,7.03635
7.03645,5.8259607613E-05,-0.000810578116216,7.03645,7.03645
7.03655,5.82751818E-05,-0.000839569605887,7.03655,7.03655
7.03665,5.8254157921E-05,-0.000874612655025,7.03665,7.03665
7.03675,5.8232250012E-05,-0.000708756211679,7.03675,7.03675
7.03685,5.8223293308E-05,-0.000618544931058,7.03685,7.03685
7.03695,5.8227560658E-05,-0.000715792994015,7.03695,7.03695
7.03705,5.8199872001E-05,-0.000698341813404,7.03705,7.03705
7.03715,5.8189121773E-05,-0.000442133343313,7.03715,7.03715
7.03725,5.8182260545E-05,-0.000405190367019,7.03725,7.03725
7.03735,5.8215347963E-05,-0.000233634127653,7.03735,7.03735
7.03745,5.8183708461E-05,-0.000398716540076,7.03745,7.03745
7.03755,5.8180172346E-05,-0.000309842260322,7.03755,7.03755
7.03765,5.8202153014E-05,-0.000332430237904,7.03765,7.03765
7.03775,5.8186051319E-05,-0.000452829233836,7.03775,7.03775
7.03785,5.822163439E-05,-0.000536355597433,7.03785,7.03785
7.03795,5.821132072E-05,-0.000640499638394,7.03795,7.03795
7.03805,5.8211615396E-05,-0.000514823070262,7.03805,7.03805
7.03815,5.8210040152E-05,-0.000700734322891,7.03815,7.03815
7.03825,5.8176206949E-05,-0.000668576278258,7.03825,7.03825
7.03835,5.81911263E-05,-0.000711219094228,7.03835,7.03835
7.03845,5.8212204749E-05,-0.000549092132133,7.03845,7.03845
7.03855,5.8212488511E-05,-0.00075723946793,7.03855,7.03855
7.03865,5.8167446696E-05,-0.000625159475021,7.03865,7.03865
7.03875,5.8194698795E-05,-0.000605034350883,7.03875,7.03875
7.03885,5.8190671552E-05,-0.000373102724552,7.03885,7.03885
7.03895,5.8178415202E-05,-0.000539311033208,7.03895,7.03895
7.03905,5.8189663832E-05,-0.000763080024626,7.03905,7.03905
7.03915,5.8148943936E-05,-0.000662806152832,7.03915,7.03915
7.03925,5.8180368796E-05,-0.000481187365949,7.03925,7.03925
7.03935,5.8169338445E-05,-0.000725222227629,7.03935,7.03935
7.03945,5.818448335E-05,-0.000618052377831,7.03945,7.03945
7.03955,5.8155888837E-05,-0.000710867228918,7.03955,7.03955
7.03965,5.8139965404E-05,-0.00053410383407,7.03965,7.03965
7.03975,5.817741112E-05,-0.000440022326075,7.03975,7.03975
7.03985,5.817775309E-05,-0.00045620687888,7.03985,7.03985
7.03995,5.8194247686E-05,-0.000450999679742,7.03995,7.03995
7.04005,5.8219931816E-05,-0.000564784102608,7.04005,7.04005
7.04015,5.8204794186E-05,-0.000748302787542,7.04015,7.04015
7.04025,5.8172467106E-05,-0.000703337893356,7.04025,7.04025
7.04035,5.8143810747E-05,-0.000799600791652,7.04035,7.04035
7.04045,5.8147008531E-05,-0.00063916266663,7.04045,7.04045
7.04055,5.8134613937E-05,-0.000644862418994,7.04055,7.04055
7.04065,5.816256089E-05,-0.000493431347422,7.04065,7.04065
7.04075,5.81866625E-05,-0.000602290034294,7.04075,7.04075
7.04085,5.8191049902E-05,-0.000584486988373,7.04085,7.04085
7.04095,5.8149420511E-05,-0.000639936712105,7.04095,7.04095
7.04105,5.8168116084E-05,-0.000822470232379,7.04105,7.04105
7.04115,5.8122219343E-05,-0.000987200881355,7.04115,7.04115
7.04125,5.8154902945E-05,-0.000908107613213,7.04125,7.04125
7.04135,5.8138670283E-05,-0.000497371947858,7.04135,7.04135
7.04145,5.814612814E-05,-0.000725574092939,7.04145,7.04145
7.04155,5.8127927332E-05,-0.000604682543781,7.04155,7.04155
7.04165,5.813896496E-05,-0.000539522094186,7.04165,7.04165
7.04175,5.8139416069E-05,-0.000179521433893,7.04175,7.04175
7.04185,5.8154222643E-05,-0.000199154004804,7.04185,7.04185
7.04195,5.8141104091E-05,-0.000298090861179,7.04195,7.04195
7.04205,5.814166434E-05,-0.000340241065715,7.04205,7.04205
7.04215,5.8137946326E-05,-0.000227934346185,7.04215,7.04215
7.04225,5.8166886447E-05,-0.000336159719154,7.04225,7.04225
7.04235,5.8188292314E-05,-0.000236941399635,7.04235,7.04235
7.04245,5.8145720686E-05,-0.000472039566375,7.04245,7.04245
7.04255,5.8158006141E-05,-0.000371273170458,7.04255,7.04255
7.04265,5.8143556089E-05,-0.000301116670016,7.04265,7.04265
7.04275,5.81104905E-05,-0.000293516961392,7.04275,7.04275
7.04285,5.8115558204E-05,-0.000340522528859,7.04285,7.04285
7.04295,5.8152178099E-05,-0.000425878417445,7.04295,7.04295
7.04305,5.8134432038E-05,-0.000162633208674,7.04305,7.04305
7.04315,5.8107318182E-05,-0.000263540365268,7.04315,7.04315
7.04325,5.8156998421E-05,-0.000215831125388,7.04325,7.04325
7.04335,5.8155805164E-05,-0.000375354487915,7.04335,7.04335
7.04345,5.8113357227E-05,-0.000336652301485,7.04345,7.04345
7.04355,5.809294089E-05,-0.000292672542855,7.04355,7.04355
7.04365,5.8149569668E-05,-0.00041328262887,7.04365,7.04365
7.04375,5.8143381466E-05,-0.000500608817674,7.04375,7.04375
7.04385,5.8118475863E-05,-0.000258685002336,7.04385,7.04385
7.04395,5.8103509218E-05,-0.00047795046703,7.04395,7.04395
7.04405,5.812614836E-05,-0.000409482774558,7.04405,7.04405
7.04415,5.8152760175E-05,-0.000480061484268,7.04415,7.04415
7.04425,5.8105229982E-05,-0.000246089184657,7.04425,7.04425
7.04435,5.8098965383E-05,-0.000265581009444,7.04435,7.04435
7.04445,5.8109078964E-05,-0.000477809720905,7.04445,7.04445
7.04455,5.8095934946E-05,-0.000361914280802,7.04455,7.04455
7.04465,5.8088244259E-05,-0.000473798776511,7.04465,7.04465
7.04475,5.8113120758E-05,-0.00045838826918,7.04475,7.04475
7.04485,5.8102923504E-05,-0.000333274656441,7.04485,7.04485
7.04495,5.8122303017E-05,-0.000395198148908,7.04495,7.04495
7.04505,5.8112480474E-05,-0.00021970133821,7.04505,7.04505
7.04515,5.8103283664E-05,-0.000423978519393,7.04515,7.04515
7.04525,5.8104142227E-05,-0.000393016758608,7.04525,7.04525
7.04535,5.806363697E-05,-0.000481257739011,7.04535,7.04535
7.04545,5.8061443269E-05,-0.000491812883411,7.04545,7.04545
7.04555,5.8093104599E-05,-0.000601867795922,7.04555,7.04555
7.04565,5.8081110183E-05,-0.000575339247007,7.04565,7.04565
7.04575,5.8106095821E-05,-0.000623541011009,7.04575,7.04575
7.04585,5.8079236624E-05,-0.000614041404333,7.04585,7.04585
7.04595,5.8088829974E-05,-0.000543040514458,7.04595,7.04595
7.04605,5.8093581174E-05,-0.00071874842979,7.04605,7.04605
7.04615,5.8055255067E-05,-0.000777083158027,7.04615,7.04615
7.04625,5.8070301748E-05,-0.000614322896581,7.04625,7.04625
7.04635,5.8071062085E-05,-0.000575902173296,7.04635,7.04635
7.04645,5.8054327383E-05,-0.000364588253433,7.04645,7.04645
7.04655,5.8051733504E-05,-0.000712204200681,7.04655,7.04655
7.04665,5.8075693232E-05,-0.000620093022007,7.04665,7.04665
7.04675,5.8058245486E-05,-0.000466339814011,7.04675,7.04675
7.04685,5.8072804677E-05,-0.000496386783198,7.04685,7.04685
7.04695,5.8076566347E-05,-0.000657598953694,7.04695,7.04695
7.04705,5.8052526583E-05,-0.000769342703279,7.04705,7.04705
7.04715,5.804511602E-05,-0.000584486988373,7.04715,7.04715
7.04725,5.8034282119E-05,-0.000502297654748,7.04725,7.04725
7.04735,5.8064586483E-05,-0.000632125884295,7.04735,7.04735
7.04745,5.8079309383E-05,-0.000332711730152,7.04745,7.04745
7.04755,5.8073059336E-05,-0.000250522367423,7.04755,7.04755
7.04765,5.8043395256E-05,-0.000233071186813,7.04765,7.04765
7.04775,5.8077326685E-05,-0.000132445507916,7.04775,7.04775
7.04785,5.8055647969E-05,-0.000283172936179,7.04785,7.04785
7.04795,5.8034536778E-05,-0.000613830285147,7.04795,7.04795
7.04805,5.8062454627E-05,-0.000583642628044,7.04805,7.04805
7.04815,5.8051802625E-05,-0.000492586928885,7.04815,7.04815
7.04825,5.8047142375E-05,-0.000364869716577,7.04825,7.04825
7.04835,5.804756438E-05,-0.000286761671305,7.04835,7.04835
7.04845,5.8020690631E-05,-0.000266073591774,7.04845,7.04845
7.04855,5.8011075453E-05,-0.000169036662555,7.04855,7.04855
7.04865,5.8026169427E-05,-0.000352203554939,7.04865,7.04865
7.04875,5.8063546021E-05,-0.000297387188766,7.04875,7.04875
7.04885,5.8062552853E-05,-0.000243767062784,7.04885,7.04885
7.04895,5.8056175476E-05,-0.000356214499334,7.04895,7.04895
7.04905,5.8060915762E-05,-0.000382320868084,7.04905,7.04905
7.04915,5.8074863773E-05,-0.000256925821304,7.04915,7.04915
7.04925,5.8067889768E-05,-0.000553243793547,7.04925,7.04925
7.04935,5.8043780882E-05,-0.000480765156681,7.04935,7.04935
7.04945,5.8065386838E-05,-0.000547121802811,7.04945,7.04945
7.04955,5.8046796767E-05,-0.000559013918974,7.04955,7.04955
7.04965,5.8036468545E-05,-0.000389779859688,7.04965,7.04965
7.04975,5.8003446611E-05,-0.000459021568531,7.04975,7.04975
7.04985,5.8000176068E-05,-0.000589694245718,7.04985,7.04985
7.04995,5.8037396229E-05,-0.000242289344897,7.04995,7.04995
7.05005,5.8038556745E-05,-0.000797137909103,7.05005,7.05005
7.05015,5.8023953898E-05,-0.0004541662056,7.05015,7.05015
7.05025,5.8034951508E-05,-0.000324408349115,7.05025,7.05025
7.05035,5.8021985751E-05,-0.000501875474583,7.05035,7.05035
7.05045,5.8005905885E-05,-0.000245878094574,7.05045,7.05045
7.05055,5.8011391957E-05,-0.000276769482298,7.05055,7.05055
7.05065,5.8013261878E-05,-0.000530092860572,7.05065,7.05065
7.05075,5.8011046349E-05,-0.00028429881786,7.05075,7.05075
7.05085,5.8017951233E-05,-0.000350725837052,7.05085,7.05085
7.05095,5.8026162151E-05,-0.000469013786642,7.05095,7.05095
7.05105,5.8019180869E-05,-0.000675120507367,7.05105,7.05105
7.05115,5.8015961258E-05,-0.000777927576564,7.05115,7.05115
7.05125,5.7992077927E-05,-0.000825847906526,7.05125,7.05125
7.05135,5.8042816818E-05,-0.000647677108645,7.05135,7.05135
7.05145,5.8027049818E-05,-0.00050827889936,7.05145,7.05145
7.05155,5.7996036048E-05,-0.000244541093707,7.05155,7.05155
7.05165,5.8009922213E-05,-0.000432281871326,7.05165,7.05165
7.05175,5.8019748394E-05,-0.000654925010167,7.05175,7.05175
7.05185,5.799057908E-05,-0.000297246442642,7.05185,7.05185
7.05195,5.7993995142E-05,-0.000388161395676,7.05195,7.05195
7.05205,5.7997884142E-05,-0.00048167994828,7.05205,7.05205
7.05215,5.7979465055E-05,-0.000556902901735,7.05215,7.05215
7.05225,5.8007812186E-05,-0.000583290762734,7.05225,7.05225
7.05235,5.7983772422E-05,-0.000497301574796,7.05235,7.05235
7.05245,5.800334111E-05,-0.000361562444596,7.05245,7.05245
7.05255,5.8028806961E-05,-0.000146026461152,7.05255,7.05255
7.05265,5.8014215028E-05,-0.000285283953417,7.05265,7.05265
7.05275,5.8001736761E-05,-0.000537622196134,7.05275,7.05275
7.05285,5.8016943512E-05,-0.000203164949198,7.05285,7.05285
7.05295,5.800845247E-05,-0.000505182717461,7.05295,7.05295
7.05305,5.7987632317E-05,-0.000509123317897,7.05305,7.05305
7.05315,5.8034373069E-05,-0.000562180473935,7.05315,7.05315
7.05325,5.8009725763E-05,-0.000462539959699,7.05325,7.05325
7.05335,5.7977689721E-05,-0.000529600307345,7.05335,7.05335
7.05345,5.8018878917E-05,-0.000680257333443,7.05345,7.05345
7.05355,5.8021607401E-05,-0.000783134775702,7.05355,7.05355
7.05365,5.7977733377E-05,-0.00082035921514,7.05365,7.05365
7.05375,5.7998087868E-05,-0.000970031134784,7.05375,7.05375
7.05385,5.7999204728E-05,-0.000695245631505,7.05385,7.05385
7.05395,5.7990080677E-05,-0.000783627328929,7.05395,7.05395
7.05405,5.7978963014E-05,-0.000823173962999,7.05405,7.05405
7.05415,5.7999717683E-05,-0.000752313761041,7.05415,7.05415
7.05425,5.7991845097E-05,-0.000940617464948,7.05425,7.05425
7.05435,5.7972931245E-05,-0.000726418453269,7.05435,7.05435
7.05445,5.7998131524E-05,-0.000717904011253,7.05445,7.05445
7.05455,5.7965167798E-05,-0.000721281627193,7.05455,7.05455
7.05465,5.7972683862E-05,-0.000539592467248,7.05465,7.05465
7.05475,5.7989214838E-05,-0.000505604955833,7.05475,7.05475
7.05485,5.7970908529E-05,-0.000512782426085,7.05485,7.05485
7.05495,5.7977100369E-05,-0.000740210525692,7.05495,7.05495
7.05505,5.7943212596E-05,-0.000887349189725,7.05505,7.05505
7.05515,5.7936376834E-05,-0.000623681757133,7.05515,7.05515
7.05525,5.7942957937E-05,-0.000618404184934,7.05525,7.05525
7.05535,5.7956927776E-05,-0.000408708729083,7.05535,7.05535
7.05545,5.7965466112E-05,-0.000862790911924,7.05545,7.05545
7.05555,5.7953020587E-05,-0.000528122589458,7.05555,7.05555
7.05565,5.7964727603E-05,-0.000324900902342,7.05565,7.05565
7.05575,5.7972185459E-05,-0.000232508245972,7.05575,7.05575
7.05585,5.7967987232E-05,-0.00033264135709,7.05585,7.05585
7.05595,5.7935634686E-05,-0.000524604169186,7.05595,7.05595
7.05605,5.7945129811E-05,-0.000378661759896,7.05605,7.05605
7.05615,5.7973895309E-05,-0.000587160990108,7.05615,7.05615
7.05625,5.7950306655E-05,-0.000784190255217,7.05625,7.05625
7.05635,5.7962315623E-05,-0.000831406970974,7.05635,7.05635
7.05645,5.7941364503E-05,-0.000478654139442,7.05645,7.05645
7.05655,5.7940371335E-05,-0.000485761265736,7.05655,7.05655
7.05665,5.7923090935E-05,-0.000531711324584,7.05665,7.05665
7.05675,5.793838136E-05,-0.000616926467046,7.05675,7.05675
7.05685,5.7948484027E-05,-0.000647254928481,7.05685,7.05685
7.05695,5.7946599554E-05,-0.000766387267504,7.05695,7.05695
7.05705,5.7944034779E-05,-0.000502297654748,7.05705,7.05705
7.05715,5.7979152189E-05,-0.000614674703684,7.05715,7.05715
7.05725,5.79369771E-05,-0.000630366674159,7.05725,7.05725
7.05735,5.7937257225E-05,-0.000615378376096,7.05735,7.05735
7.05745,5.7957753597E-05,-0.000544518232346,7.05745,7.05745
7.05755,5.795722609E-05,-0.000595253251959,7.05755,7.05755
7.05765,5.7941666455E-05,-0.000787567929365,7.05765,7.05765
7.05775,5.7939556427E-05,-0.000558239873499,7.05775,7.05775
7.05785,5.7944296714E-05,-0.000389779859688,7.05785,7.05785
7.05795,5.7921832195E-05,-0.000417856528657,7.05795,7.05795
7.05805,5.7940644183E-05,-0.00054866989376,7.05805,7.05805
7.05815,5.7920355175E-05,-0.00057449482847,7.05815,7.05815
7.05825,5.7921042753E-05,-0.000441711134044,7.05825,7.05825
7.05835,5.7909008319E-05,-0.000535370432772,7.05835,7.05835
7.05845,5.7945286244E-05,-0.000620515202172,7.05845,7.05845
7.05855,5.7939050748E-05,-0.000408779102145,7.05855,7.05855
7.05865,5.7955025113E-05,-0.000823033216875,7.05865,7.05865
7.05875,5.7932305936E-05,-0.001021751319058,7.05875,7.05875
7.05885,5.7946137531E-05,-0.000791086291429,7.05885,7.05885
7.05895,5.7935598306E-05,-0.00065408059163,7.05895,7.05895
7.05905,5.7928460592E-05,-0.001057568471879,7.05905,7.05905
7.05915,5.792356751E-05,-0.000859694730025,7.05915,7.05915
7.05925,5.7905563153E-05,-0.000773424049839,7.05925,7.05925
7.05935,5.7929664763E-05,-0.001112736645155,7.05935,7.05935
7.05945,5.7915967773E-05,-0.000954268791247,7.05945,7.05945
7.05955,5.7902572735E-05,-0.000682368350681,7.05955,7.05955
7.05965,5.7903936977E-05,-0.000754495151341,7.05965,7.05965
7.05975,5.7923953136E-05,-0.000963838770986,7.05975,7.05975
7.05985,5.7910427131E-05,-0.000748584279791,7.05985,7.05985
7.05995,5.7912853663E-05,-0.000721633492503,7.05995,7.05995
7.06005,5.7885023125E-05,-0.000755269196816,7.06005,7.06005
7.06015,5.7932709751E-05,-0.000797560147475,7.06015,7.06015
7.06025,5.7893885241E-05,-0.00053938140627,7.06025,7.06025
7.06035,5.7905224821E-05,-0.000813392864075,7.06035,7.06035
7.06045,5.7915996877E-05,-0.000755128450692,7.06045,7.06045
7.06055,5.7878522057E-05,-0.000535159313586,7.06055,7.06055
7.06065,5.7904118876E-05,-0.000533189042471,7.06065,7.06065
7.06075,5.7903045672E-05,-0.000422148936195,7.06075,7.06075
7.06085,5.7909652242E-05,-0.000509193690959,7.06085,7.06085
7.06095,5.7893481426E-05,-0.000490546284709,7.06095,7.06095
7.06105,5.7875418861E-05,-0.000487309356686,7.06105,7.06105
7.06115,5.7883240515E-05,-0.0004989199806,7.06115,7.06115
7.06125,5.7903853303E-05,-0.000713752291631,7.06125,7.06125
7.06135,5.7872024627E-05,-0.000438544608187,7.06135,7.06135
7.06145,5.7888420997E-05,-0.000438896444393,7.06145,7.06145
7.06155,5.7881159591E-05,-0.00034115582821,7.06155,7.06155
7.06165,5.7901386754E-05,-0.000397379539208,7.06165,7.06165
7.06175,5.7908513554E-05,-0.000181139897904,7.06175,7.06175
7.06185,5.7882331021E-05,-0.00016453313583,7.06185,7.06185
7.06195,5.7869365264E-05,-0.000138989693369,7.06195,7.06195
7.06205,5.7892189943E-05,-0.00024559663143,7.06205,7.06205
7.06215,5.7874767663E-05,-0.000354807154508,7.06215,7.06215
7.06225,5.7904464484E-05,-0.00055612885626,7.06225,7.06225
7.06235,5.7925066358E-05,-0.000432352244388,7.06235,7.06235
7.06245,5.7884561102E-05,-0.000529107695911,7.06245,7.06245
7.06255,5.7901615946E-05,-0.000200913185836,7.06255,7.06255
7.06265,5.7896217186E-05,-0.000476683839224,7.06265,7.06265
7.06275,5.7903416746E-05,-0.000370288034901,7.06275,7.06275
7.06285,5.792164302E-05,-0.000592860742472,7.06285,7.06285
7.06295,5.7901583205E-05,-0.000561054621357,7.06295,7.06295
7.06305,5.790819705E-05,-0.000617559766397,7.06305,7.06305
7.06315,5.7928271417E-05,-0.000349881418515,7.06315,7.06315
7.06325,5.7905232097E-05,-0.000344955682522,7.06325,7.06325
7.06335,5.7900513639E-05,-0.000420249009039,7.06335,7.06335
7.06345,5.7893194025E-05,-0.000422008219175,7.06345,7.06345
7.06355,5.7867342548E-05,-0.000157566741109,7.06355,7.06355
7.06365,5.786352267E-05,-0.000232508245972,7.06365,7.06365
7.06375,5.7913373894E-05,-0.000268466101261,7.06375,7.06375
7.06385,5.790891737E-05,-6.5385182097E-05,7.06385,7.06385
7.06395,5.7900353568E-05,-0.000136597198434,7.06395,7.06395
7.06405,5.7871231547E-05,-0.000306605332298,7.06405,7.06405
7.06415,5.7904999267E-05,-0.000492375809699,7.06415,7.06415
7.06425,5.7884706621E-05,-0.00040427557542,7.06425,7.06425
7.06435,5.7896744693E-05,2.0885503545E-05,7.06435,7.06435
7.06445,5.7876306528E-05,-6.6229593358E-05,7.06445,7.06445
7.06455,5.7903809648E-05,-0.000233141559875,7.06455,7.06455
7.06465,5.7895198552E-05,-0.000368528824765,7.06465,7.06465
7.06475,5.7898123487E-05,-0.000286057998892,7.06475,7.06475
7.06485,5.7908080635E-05,-0.000475769076729,7.06485,7.06485
7.06495,5.7889068557E-05,-0.00031568275881,7.06495,7.06495
7.06505,5.7869507145E-05,-0.00051728595281,7.06505,7.06505
7.06515,5.7904780988E-05,-0.000504479045048,7.06515,7.06515
7.06525,5.7919012761E-05,-0.000496597902384,7.06525,7.06525
7.06535,5.7898094383E-05,-0.000445722107543,7.06535,7.06535
7.06545,5.7911536715E-05,-0.000200490991119,7.06545,7.06545
7.06555,5.7896850194E-05,-0.000538255495485,7.06555,7.06555
7.06565,5.7888890296E-05,-0.000446355406893,7.06565,7.06565
7.06575,5.7877059589E-05,-0.000469154503662,7.06575,7.06575
7.06585,5.7885437855E-05,-0.000357481127139,7.06585,7.06585
7.06595,5.7862969697E-05,-0.00061741907848,7.06595,7.06595
7.06605,5.7867848227E-05,-0.000700523203705,7.06605,7.06605
7.06615,5.7878711232E-05,-0.000761531933676,7.06615,7.06615
7.06625,5.7864221162E-05,-0.000895089644473,7.06625,7.06625
7.06635,5.7893441408E-05,-0.000591664516833,7.06635,7.06635
7.06645,5.7870591263E-05,-0.000510530662723,7.06645,7.06645
7.06655,5.7885332353E-05,-0.000681523932144,7.06655,7.06655
7.06665,5.7894354541E-05,-0.000585120345932,7.06665,7.06665
7.06675,5.7896984799E-05,-0.000555143749807,7.06675,7.06675
7.06685,5.7876150095E-05,-0.000529248442035,7.06685,7.06685
7.06695,5.7888511947E-05,-0.00060960825067,7.06695,7.06695
7.06705,5.7901728724E-05,-0.000752595253289,7.06705,7.06705
7.06715,5.787907503E-05,-0.000610874849372,7.06715,7.06715
7.06725,5.787795817E-05,-0.000669772562105,7.06725,7.06725
7.06735,5.7869499869E-05,-0.000763713323977,7.06735,7.06735
7.06745,5.7876277424E-05,-0.000531640951522,7.06745,7.06745
7.06755,5.7849061704E-05,-0.000408145802794,7.06755,7.06755
7.06765,5.7856857893E-05,-0.000568654329982,7.06765,7.06765
7.06775,5.7854700572E-05,-0.000410679029301,7.06775,7.06775
7.06785,5.7874098275E-05,-0.000680186960381,7.06785,7.06785
7.06795,5.7853209E-05,-0.000660413643345,7.06795,7.06795
7.06805,5.785873509E-05,-0.000544447859284,7.06805,7.06805
7.06815,5.7854602346E-05,-0.000467958248919,7.06815,7.06815
7.06825,5.7829285652E-05,-0.000163055417943,7.06825,7.06825
7.06835,5.7836245105E-05,-0.000375706324121,7.06835,7.06835
7.06845,5.7849392761E-05,-0.000417926901719,7.06845,7.06845
7.06855,5.7812278101E-05,-0.000219349502004,7.06855,7.06855
7.06865,5.7847766584E-05,-0.000381124642445,7.06865,7.06865
7.06875,5.7850396843E-05,-0.000449170096545,7.06875,7.06875
7.06885,5.7858695072E-05,-0.000346151937265,7.06885,7.06885
7.06895,5.7859524532E-05,-0.000331585848471,7.06895,7.06895
7.06905,5.7883768022E-05,-0.000129701176775,7.06905,7.06905
7.06915,5.7839712099E-05,-0.00026424403768,7.06915,7.06915
7.06925,5.7861190726E-05,-0.000452969950857,7.06925,7.06925
7.06935,5.7861536334E-05,-0.000408638356021,7.06935,7.06935
7.06945,5.787461123E-05,-0.00027170300018,7.06945,7.06945
7.06955,5.7880792156E-05,-0.000496597902384,7.06955,7.06955
7.06965,5.7868579461E-05,-0.000355581199983,7.06965,7.06965
7.06975,5.7850953453E-05,-0.000509686244186,7.06975,7.06975
7.06985,5.7866407587E-05,-0.000695949303918,7.06985,7.06985
7.06995,5.7865177951E-05,-0.000496105290949,7.06995,7.06995
7.07005,5.7853743783E-05,-0.000597434642259,7.07005,7.07005
7.07015,5.7869565353E-05,-0.000241022731643,7.07015,7.07015
7.07025,5.7848374126E-05,-0.00056668400066,7.07025,7.07025
7.07035,5.78358231E-05,-0.000443048134912,7.07035,7.07035
7.07045,5.7834284235E-05,-0.000279443454929,7.07045,7.07045
7.07055,5.7880919485E-05,-0.000505604955833,7.07055,7.07055
7.07065,5.7900175307E-05,-0.000431859691162,7.07065,7.07065
7.07075,5.7868579461E-05,-0.000391679786844,7.07075,7.07075
7.07085,5.7871926401E-05,-0.00028648020816,7.07085,7.07085
7.07095,5.7866862335E-05,-0.000142789547681,7.07095,7.07095
7.07105,5.7849723817E-05,-0.000260162720224,7.07105,7.07105
7.07115,5.7845525589E-05,-0.00031786414911,7.07115,7.07115
7.07125,5.785254325E-05,-0.000222093847697,7.07125,7.07125
7.07135,5.7861365349E-05,-0.000408708729083,7.07135,7.07135
7.07145,5.7847137214E-05,-7.5166281022E-05,7.07145,7.07145
7.07155,5.7849869336E-05,-0.000233915605349,7.07155,7.07155
7.07165,5.7864290284E-05,-8.0584584794E-05,7.07165,7.07165
7.07175,5.7882374676E-05,-0.00056858395692,7.07175,7.07175
7.07185,5.7872719481E-05,-0.000401109020459,7.07185,7.07185
7.07195,5.7836034102E-05,-0.000295909470879,7.07195,7.07195
7.07205,5.78363979E-05,-0.000133782494231,7.07205,7.07205
7.07215,5.7812409068E-05,-0.000455995759694,7.07215,7.07215
7.07225,5.780066931E-05,-0.000496316410135,7.07225,7.07225
7.07235,5.7775130699E-05,-0.000275713944575,7.07235,7.07235
7.07245,5.7809800637E-05,-0.00048963149311,7.07245,7.07245
7.07255,5.7789315179E-05,-0.000411664164858,7.07255,7.07255
7.07265,5.7776869653E-05,-0.000275221391348,7.07265,7.07265
7.07275,5.7789166021E-05,-0.000556339975446,7.07275,7.07275
7.07285,5.7794699387E-05,-0.000694190093782,7.07285,7.07285
7.07295,5.7769128034E-05,-0.000591805262957,7.07295,7.07295
7.07305,5.7828088757E-05,-0.000717411399819,7.07305,7.07305
7.07315,5.7811157603E-05,-0.000847450748552,7.07315,7.07315
7.07325,5.7820194343E-05,-0.000583713001106,7.07325,7.07325
7.07335,5.7813456806E-05,-0.000413564092014,7.07335,7.07335
7.07345,5.7777531765E-05,-0.000457966059912,7.07345,7.07345
7.07355,5.7846678828E-05,-0.000682157231495,7.07355,7.07355
7.07365,5.7828638091E-05,-0.000652532500681,7.07365,7.07365
7.07375,5.7817564084E-05,-0.000574565201532,7.07375,7.07375
7.07385,5.7805449615E-05,-0.00057231343817,7.07385,7.07385
7.07395,5.7834502513E-05,-0.000343900173903,7.07395,7.07395
7.07405,5.7813191233E-05,-0.000181139897904,7.07405,7.07405
7.07415,5.7797773479E-05,-8.3610393631E-05,7.07415,7.07415
7.07425,5.7784491219E-05,-0.000391257577576,7.07425,7.07425
7.07435,5.7795346947E-05,-0.000554017839022,7.07435,7.07435
7.07445,5.7803037635E-05,-0.000617911631707,7.07445,7.07445
7.07455,5.7777186157E-05,-0.000410116073908,7.07455,7.07455
7.07465,5.7804205426E-05,-0.000324197229929,7.07465,7.07465
7.07475,5.780992069E-05,-0.000315401295666,7.07475,7.07475
7.07485,5.779393905E-05,-0.000473095104098,7.07485,7.07485
7.07495,5.782342123E-05,-0.000754565524403,7.07495,7.07495
7.07505,5.7794397435E-05,-0.000630648166407,7.07505,7.07505
7.07515,5.7750898122E-05,-0.000552258628886,7.07515,7.07515
7.07525,5.7754608861E-05,-0.000706785940565,7.07525,7.07525
7.07535,5.7759742049E-05,-0.000918381323572,7.07535,7.07535
7.07545,5.7773802837E-05,-0.000625792774372,7.07545,7.07545
7.07555,5.7772467699E-05,-0.000598771614023,7.07555,7.07555
7.07565,5.7791345171E-05,-0.001091344864108,7.07565,7.07565
7.07575,5.7775210735E-05,-0.00108057865873,7.07575,7.07575
7.07585,5.7741250203E-05,-0.001015277463011,7.07585,7.07585
7.07595,5.7759305491E-05,-0.001153409131803,7.07595,7.07595
7.07605,5.774345118E-05,-0.000982556608506,7.07605,7.07605
7.07615,5.7730987464E-05,-0.000795589818154,7.07615,7.07615
7.07625,5.7737102907E-05,-0.000905504042748,7.07625,7.07625
7.07635,5.7735640439E-05,-0.00072620739229,7.07635,7.07635
7.07645,5.7768931583E-05,-0.000799108238425,7.07645,7.07645
7.07655,5.7726738305E-05,-0.000704393431079,7.07655,7.07655
7.07665,5.7726578234E-05,-0.000891149044037,7.07665,7.07665
7.07675,5.7761542848E-05,-0.00063198513817,7.07675,7.07675
7.07685,5.7767341787E-05,-0.001009929575957,7.07685,7.07685
7.07695,5.7737488532E-05,-0.000936043565162,7.07695,7.07695
7.07705,5.7760240452E-05,-0.000940195284784,7.07705,7.07705
7.07715,5.7719102188E-05,-0.000994589412585,7.07715,7.07715
7.07725,5.7726632804E-05,-0.000811211415567,7.07725,7.07725
7.07735,5.771209544E-05,-0.000529740995262,7.07735,7.07735
7.07745,5.7755609305E-05,-0.000492586928885,7.07745,7.07745
7.07755,5.7803557866E-05,-0.000580476073083,7.07755,7.07755
7.07765,5.7808094425E-05,-0.000321241794154,7.07765,7.07765
7.07775,5.7788187405E-05,-0.000341226201272,7.07775,7.07775
7.07785,5.7772616856E-05,-0.000516793399584,7.07785,7.07785
7.07795,5.7742199715E-05,-0.000645214284305,7.07795,7.07795
7.07805,5.7756569731E-05,-0.000497160828672,7.07805,7.07805
7.07815,5.7780765928E-05,-0.000479428184917,7.07815,7.07815
7.07825,5.777080878E-05,-0.000360506935976,7.07825,7.07825
7.07835,5.7764566009E-05,-0.000543181202374,7.07835,7.07835
7.07845,5.7725916122E-05,-0.000653587980196,7.07845,7.07845
7.07855,5.7742472563E-05,-0.000519326596987,7.07855,7.07855
7.07865,5.7708253735E-05,-0.00050827889936,7.07865,7.07865
7.07875,5.7732173445E-05,-0.000501805101521,7.07875,7.07875
7.07885,5.773612429E-05,-0.000772438885178,7.07885,7.07885
7.07895,5.7756245951E-05,-0.000640147773083,7.07895,7.07895
7.07905,5.77069477E-05,-0.000455784669612,7.07905,7.07905
7.07915,5.7730627304E-05,-0.000794182473328,7.07915,7.07915
7.07925,5.7747649407E-05,-0.000357410754077,7.07925,7.07925
7.07935,5.7767643739E-05,-0.000661820988171,7.07935,7.07935
7.07945,5.7753317378E-05,-0.000554369704332,7.07945,7.07945
7.07955,5.7748697145E-05,-0.000561969354749,7.07955,7.07955
7.07965,5.7746707171E-05,-0.000827747804578,7.07965,7.07965
7.07975,5.7738972828E-05,-0.000897904334124,7.07975,7.07975
7.07985,5.7715617004E-05,-0.000713752291631,7.07985,7.07985
7.07995,5.7726698287E-05,-0.000561687920708,7.07995,7.07995
7.08005,5.7734534494E-05,-0.000587090617046,7.08005,7.08005
7.08015,5.7739951444E-05,-0.000239756103838,7.08015,7.08015
7.08025,5.7713346905E-05,-0.000318145612255,7.08025,7.08025
7.08035,5.7734781876E-05,-0.000438263115939,7.08035,7.08035
7.08045,5.77807441E-05,-0.00040427557542,7.08045,7.08045
7.08055,5.7746965467E-05,-0.000449310842669,7.08055,7.08055
7.08065,5.7735127484E-05,-0.000533329788595,7.08065,7.08065
7.08075,5.7730991102E-05,-0.000336230092216,7.08075,7.08075
7.08085,5.7714794821E-05,-0.000530515040737,7.08085,7.08085
7.08095,5.7702440245E-05,-0.000681101751979,7.08095,7.08095
7.08105,5.7720222685E-05,-0.000517708132975,7.08105,7.08105
7.08115,5.7737164752E-05,-0.000638881174382,7.08115,7.08115
7.08125,5.7711931731E-05,-0.000689616193995,7.08125,7.08125
7.08135,5.7750712585E-05,-0.000358888471965,7.08135,7.08135
7.08145,5.7749981352E-05,-0.000547121802811,7.08145,7.08145
7.08155,5.7733279391E-05,-0.000324056512909,7.08155,7.08155
7.08165,5.7751374698E-05,-0.000542688649148,7.08165,7.08165
7.08175,5.774098463E-05,-0.000514471263159,7.08175,7.08175
7.08185,5.7779314375E-05,-0.000478794856463,7.08185,7.08185
7.08195,5.7762590586E-05,-0.00071093760198,7.08195,7.08195
7.08205,5.7737735915E-05,-0.000523689377587,7.08205,7.08205
7.08215,5.773661178E-05,-0.000579068728257,7.08215,7.08215
7.08225,5.7735865994E-05,-0.000735144072678,7.08225,7.08225
7.08235,5.7761204516E-05,-0.000464862096123,7.08235,7.08235
7.08245,5.7759789343E-05,-0.000484002084704,7.08245,7.08245
7.08255,5.7761055359E-05,-0.000536425912287,7.08255,7.08255
7.08265,5.773580051E-05,-0.00056886539096,7.08265,7.08265
7.08275,5.7709043176E-05,-0.000843580521178,7.08275,7.08275
7.08285,5.7735669543E-05,-0.000635573873296,7.08285,7.08285
7.08295,5.7751345594E-05,-0.000723533390556,7.08295,7.08295
7.08305,5.7711567933E-05,-0.000628677895293,7.08305,7.08305
7.08315,5.7712859416E-05,-0.000525659706909,7.08315,7.08315
7.08325,5.7700923207E-05,-0.000545432965737,7.08325,7.08325
7.08335,5.7718880271E-05,-0.000560632382985,7.08335,7.08335
7.08345,5.7704353821E-05,-0.000663228391204,7.08345,7.08345
7.08355,5.7718189055E-05,-0.000386683677789,7.08355,7.08355
7.08365,5.7695080613E-05,-0.000330530310748,7.08365,7.08365
7.08375,5.7695000578E-05,-0.000420319382101,7.08375,7.08375
7.08385,5.7682591432E-05,-0.000449803424999,7.08385,7.08385
7.08395,5.7704051869E-05,-0.000305760913761,7.08395,7.08395
7.08405,5.7716944866E-05,-0.000615941360593,7.08405,7.08405
7.08415,5.7731253037E-05,-0.000495542364661,7.08415,7.08415
7.08425,5.7708683016E-05,-0.000433196662925,7.08425,7.08425
7.08435,5.7738699979E-05,-0.000668294844218,7.08435,7.08435
7.08445,5.7704255596E-05,-0.000724659301341,7.08445,7.08445
7.08455,5.772831355E-05,-0.000686379324179,7.08455,7.08455
7.08465,5.7725861552E-05,-0.000754776643589,7.08465,7.08465
7.08475,5.773110388E-05,-0.000673431670293,7.08475,7.08475
7.08485,5.7728480897E-05,-0.000608200905845,7.08485,7.08485
7.08495,5.7690740505E-05,-0.000534455641173,7.08495,7.08495
7.08505,5.7725683291E-05,-0.000430663436418,7.08505,7.08505
7.08515,5.7715475123E-05,-0.000361140235327,7.08515,7.08515
7.08525,5.7687255321E-05,-0.000490405538585,7.08525,7.08525
7.08535,5.7697419834E-05,-0.000650280737318,7.08535,7.08535
7.08545,5.7715784351E-05,-0.00063508132007,7.08545,7.08545
7.08555,5.7717548771E-05,-0.000659498909954,7.08555,7.08555
7.08565,5.7735287555E-05,-0.000646551256068,7.08565,7.08565
7.08575,5.7744877267E-05,-0.000594057026319,7.08575,7.08575
7.08585,5.7737044699E-05,-0.000436363217887,7.08585,7.08585
7.08595,5.7723264035E-05,-0.00041764540947,7.08595,7.08595
7.08605,5.772860095E-05,-0.000394283386413,7.08605,7.08605
7.08615,5.7734734582E-05,-0.000492586928885,7.08615,7.08615
7.08625,5.7740919146E-05,-0.00042447107262,7.08625,7.08625
7.08635,5.7734570873E-05,-0.000324619439198,7.08635,7.08635
7.08645,5.7779117924E-05,-0.000540436885785,7.08645,7.08645
7.08655,5.778009654E-05,-0.000661046942696,7.08655,7.08655
7.08665,5.7765493693E-05,-0.00059060897911,7.08665,7.08665
7.08675,5.7751847635E-05,-0.000442766642664,7.08675,7.08675
7.08685,5.7742690842E-05,-0.000541633169632,7.08685,7.08685
7.08695,5.7740202465E-05,-0.000681805424392,7.08695,7.08695
7.08705,5.7742268837E-05,-0.000658584118355,7.08705,7.08705
7.08715,5.7712950365E-05,-0.000411101238569,7.08715,7.08715
7.08725,5.7761681092E-05,-0.000210412821616,7.08725,7.08725
7.08735,5.7742672652E-05,-0.000296542770229,7.08735,7.08735
7.08745,5.7747907704E-05,1.3356169802E-05,7.08745,7.08745
7.08755,5.7730430854E-05,-0.000127027204144,7.08755,7.08755
7.08765,5.7708839449E-05,-0.000232156409766,7.08765,7.08765
7.08775,5.7678007579E-05,-0.000302312924759,7.08775,7.08775
7.08785,5.7688870584E-05,-0.00050574564375,7.08785,7.08785
7.08795,5.7712739363E-05,-0.000421163800638,7.08795,7.08795
7.08805,5.7746314269E-05,-0.000519959896337,7.08805,7.08805
7.08815,5.7750981796E-05,-0.000601586361881,7.08815,7.08815
7.08825,5.7706020016E-05,-0.000523759750649,7.08825,7.08825
7.08835,5.7722183556E-05,-0.000630437047221,7.08835,7.08835
7.08845,5.773245357E-05,-0.000553384539671,7.08845,7.08845
7.08855,5.7736913732E-05,-0.000582727836445,7.08855,7.08855
7.08865,5.7743705838E-05,-0.000468732294394,7.08865,7.08865
7.08875,5.7743098296E-05,-0.00066153955413,7.08875,7.08875
7.08885,5.7722118072E-05,-0.000791367783677,7.08885,7.08885
7.08895,5.771805445E-05,-0.000591101590544,7.08895,7.08895
7.08905,5.7738474425E-05,-0.000612282194197,7.08905,7.08905
7.08915,5.7712262787E-05,-0.000161999909324,7.08915,7.08915
7.08925,5.7688161178E-05,-0.000280006381217,7.08925,7.08925
7.08935,5.7648227084E-05,-0.00022554185125,7.08935,7.08935
7.08945,5.7726036175E-05,-0.000256714702118,7.08945,7.08945
7.08955,5.7697736338E-05,-0.000361210608389,7.08955,7.08955
7.08965,5.7703367929E-05,-0.000208301789826,7.08965,7.08965
7.08975,5.7690489484E-05,-0.000250311248237,7.08975,7.08975
7.08985,5.7711684349E-05,-0.000234408173128,7.08985,7.08985
7.08995,5.7716777519E-05,-0.000144407997141,7.08995,7.08995
7.09005,5.7708653912E-05,-0.000147222701344,7.09005,7.09005
7.09015,5.7735331211E-05,-0.000525378214661,7.09015,7.09015
7.09025,5.7727167587E-05,-0.00032145291334,7.09025,7.09025
7.09035,5.7729073887E-05,-0.000430100481026,7.09035,7.09035
7.09045,5.7727855165E-05,-0.000555143749807,7.09045,7.09045
7.09055,5.7687444496E-05,-0.000473235821119,7.09055,7.09055
7.09065,5.7704761275E-05,-0.000507575226948,7.09065,7.09065
7.09075,5.7688539528E-05,-0.000358325516572,7.09075,7.09075
7.09085,5.7694291172E-05,-0.000349740672391,7.09085,7.09085
7.09095,5.7696055592E-05,-0.000427074672189,7.09095,7.09095
7.09105,5.7695255236E-05,-0.000525448587723,7.09105,7.09105
7.09115,5.7667504734E-05,-0.000478513393318,7.09115,7.09115
7.09125,5.7664514316E-05,-0.000466058321763,7.09125,7.09125
7.09135,5.7673725678E-05,-0.000446144287707,7.09135,7.09135
7.09145,5.7665227359E-05,-0.00026206264738,7.09145,7.09145
7.09155,5.7667308283E-05,-0.000568161718547,7.09155,7.09155
7.09165,5.766718823E-05,-0.000226878837566,7.09165,7.09165
7.09175,5.7658369769E-05,-0.000271421537036,7.09175,7.09175
7.09185,5.768743722E-05,-0.000414549256675,7.09185,7.09185
7.09195,5.7692301198E-05,-0.000308294169372,7.09195,7.09195
7.09205,5.7670844399E-05,-0.000590890471358,7.09205,7.09205
7.09215,5.7649609516E-05,-0.000393931550207,7.09215,7.09215
7.09225,5.7667617511E-05,-0.000638529309072,7.09225,7.09225
7.09235,5.7648689108E-05,-0.000516441534273,7.09235,7.09235
7.09245,5.7657092839E-05,-0.000536425912287,7.09245,7.09245
7.09255,5.7631350501E-05,-0.000663720944431,7.09255,7.09255
7.09265,5.76370403E-05,-0.000612634059507,7.09265,7.09265
7.09275,5.7646448113E-05,-0.000240600522375,7.09275,7.09275
7.09285,5.7670098613E-05,-0.000441851880169,7.09285,7.09285
7.09295,5.7620651205E-05,-0.000550077238586,7.09295,7.09295
7.09305,5.7640900195E-05,-0.00084055471234,7.09305,7.09305
7.09315,5.7656565332E-05,-0.000658302626107,7.09315,7.09315
7.09325,5.7617951825E-05,-0.000791578902863,7.09325,7.09325
7.09335,5.7602370362E-05,-0.000580757507123,7.09335,7.09335
7.09345,5.764391608E-05,-0.000696301169228,7.09345,7.09345
7.09355,5.7651868701E-05,-0.000397590658395,7.09355,7.09355
7.09365,5.7648951042E-05,-0.000375987787265,7.09365,7.09365
7.09375,5.7646102505E-05,-0.0004989199806,7.09375,7.09375
7.09385,5.7673452829E-05,-0.000202320545213,7.09385,7.09385
7.09395,5.7645989727E-05,-7.2633047239E-05,7.09395,7.09395
7.09405,5.7651050156E-05,-0.000343759427778,7.09405,7.09405
7.09415,5.7661887695E-05,-0.000395549985114,7.09415,7.09415
7.09425,5.7679830206E-05,-0.000493220228236,7.09425,7.09425
7.09435,5.7639575971E-05,-0.000865253794473,7.09435,7.09435
7.09445,5.7624376495E-05,-0.0008999449783,7.09445,7.09445
7.09455,5.7670084061E-05,-0.000556339975446,7.09455,7.09455
7.09465,5.7638502767E-05,-0.000833729107399,7.09465,7.09465
7.09475,5.7645898778E-05,-0.000505112344399,7.09475,7.09475
7.09485,5.7656598074E-05,-0.000530515040737,7.09485,7.09485
7.09495,5.7661676692E-05,-0.000866238900926,7.09495,7.09495
7.09505,5.7649504015E-05,-0.000635362812318,7.09505,7.09505
7.09515,5.7654688135E-05,-0.000590327545069,7.09515,7.09515
7.09525,5.7652388932E-05,-0.000843862013426,7.09525,7.09525
7.09535,5.7652407122E-05,-0.000736129179131,7.09535,7.09535
7.09545,5.764629168E-05,-0.000332359893946,7.09545,7.09545
7.09555,5.7645018387E-05,-0.000411875284044,7.09555,7.09555
7.09565,5.7650806411E-05,-0.000692712375894,7.09565,7.09565
7.09575,5.7638051658E-05,-0.000512219499797,7.09575,7.09575
7.09585,5.761707871E-05,-0.000507012300659,7.09585,7.09585
7.09595,5.7646368077E-05,-0.000503775372636,7.09595,7.09595
7.09605,5.7625897171E-05,-0.0004989199806,7.09605,7.09605
7.09615,5.7633958932E-05,-0.000495401618537,7.09615,7.09615
7.09625,5.7597499108E-05,-0.00039322784869,7.09625,7.09625
7.09635,5.7596316765E-05,-0.000580687192269,7.09635,7.09635
7.09645,5.76307757E-05,-0.000596801342908,7.09645,7.09645
7.09655,5.7602377638E-05,-0.000782219984103,7.09655,7.09655
7.09665,5.7617802668E-05,-0.000804385810625,7.09665,7.09665
7.09675,5.7639212173E-05,-0.000742743781302,7.09675,7.09675
7.09685,5.7629149524E-05,-0.000771805585828,7.09685,7.09685
7.09695,5.7608362113E-05,-0.000582516717259,7.09695,7.09695
7.09705,5.7623736211E-05,-0.000796786102001,7.09705,7.09705
7.09715,5.7628425566E-05,-0.000787919794675,7.09715,7.09715
7.09725,5.7601999288E-05,-0.000572524499148,7.09725,7.09725
7.09735,5.7614997786E-05,-0.000687645922881,7.09735,7.09735
7.09745,5.7620796724E-05,-0.000520945060998,7.09745,7.09745
7.09755,5.7631907111E-05,-0.000815926061478,7.09755,7.09755
7.09765,5.7633988035E-05,-0.000526363379322,7.09765,7.09765
7.09775,5.7611396187E-05,-0.000641062564682,7.09775,7.09775
7.09785,5.7631936215E-05,-0.000687997788191,7.09785,7.09785
7.09795,5.7640736486E-05,-0.000859835476149,7.09795,7.09795
7.09805,5.7647845097E-05,-0.000571680138819,7.09805,7.09805
7.09815,5.7657442085E-05,-0.000677372270729,7.09815,7.09815
7.09825,5.7618141E-05,-0.000744573306292,7.09825,7.09825
7.09835,5.7630677475E-05,-0.000929569767322,7.09835,7.09835
7.09845,5.7614099205E-05,-0.00063170370413,7.09845,7.09845
7.09855,5.7613069657E-05,-0.000473728403449,7.09855,7.09855
7.09865,5.75840495E-05,-0.000517567445058,7.09865,7.09865
7.09875,5.7574430684E-05,-0.000403994112276,7.09875,7.09875
7.09885,5.7561541325E-05,-0.000601515988819,7.09885,7.09885
7.09895,5.7583554735E-05,-0.000708685838617,7.09895,7.09895
7.09905,5.758683983E-05,-0.000602290034294,7.09905,7.09905
7.09915,5.7588960772E-05,-0.000729444262106,7.09915,7.09915
7.09925,5.7633355027E-05,-0.000642469909508,7.09925,7.09925
7.09935,5.7609027863E-05,-0.000745558470953,7.09935,7.09935
7.09945,5.7622597524E-05,-0.000441851880169,7.09945,7.09945
7.09955,5.7608642237E-05,-6.447040505E-05,7.09955,7.09955
7.09965,5.7635625126E-05,-0.000257348001469,7.09965,7.09965
7.09975,5.7630444644E-05,-0.000471547013149,7.09975,7.09975
7.09985,5.7616860431E-05,-0.000505675270688,7.09985,7.09985
7.09995,5.761328066E-05,-0.000494135019835,7.09995,7.09995
