Device ID,
Remarks,LTD_512_A4_229
Time,MeasResult1_value,MeasResult2_value,MeasResult1_time,MeasResult2_time
5.90005,7.3941766459E-05,-0.000429360050475,5.90005,5.90005
5.90015,7.3935101682E-05,-0.000507186632603,5.90015,5.90015
5.90025,7.3907496699E-05,-0.000429993349826,5.90025,5.90025
5.90035,7.3934628745E-05,-0.000394176226109,5.90035,5.90035
5.90045,7.3922310548E-05,-0.00052414520178,5.90045,5.90045
5.90055,7.3920149589E-05,-0.000397272408009,5.90055,5.90055
5.90065,7.3933486419E-05,-0.000674098555464,5.90065,5.90065
5.90075,7.3942501331E-05,-0.000400016753701,5.90075,5.90075
5.90085,7.3930721555E-05,-0.000302276137518,5.90085,5.90085
5.90095,7.3918228736E-05,-0.000389954191633,5.90095,5.90095
5.90105,7.3949391663E-05,-0.000517952837981,5.90105,5.90105
5.90115,7.3966599302E-05,-0.000545114744455,5.90115,5.90115
5.90125,7.3943112511E-05,-0.000452933192719,5.90125,5.90125
5.90135,7.3961724411E-05,-0.000634903844912,5.90135,5.90135
5.90145,7.3959607107E-05,-0.000766772718634,5.90145,5.90145
5.90155,7.3978975706E-05,-0.000454692373751,5.90155,5.90155
5.90165,7.3983079346E-05,-0.00046306612785,5.90165,5.90165
5.90175,7.3992603575E-05,-0.000687609135639,5.90175,5.90175
5.90185,7.397079753E-05,-0.000731588923372,5.90185,5.90185
5.90195,7.3980350862E-05,-0.000541807501577,5.90195,5.90195
5.90205,7.399203605E-05,-0.000545677670743,5.90205,5.90205
5.90215,7.3974129918E-05,-0.000754739856347,5.90215,5.90215
5.90225,7.3969677032E-05,-0.000493464933243,5.90225,5.90225
5.90235,7.3951217928E-05,-0.000507749558892,5.90235,5.90235
5.90245,7.397216541E-05,-0.000769165228121,5.90245,5.90245
5.90255,7.3949202488E-05,-0.00063919625245,5.90255,5.90255
5.90265,7.3948540376E-05,-0.000361314567272,5.90265,5.90265
5.90275,7.3946532211E-05,-0.000400509306928,5.90275,5.90275
5.90285,7.3947179771E-05,-0.000409305270296,5.90285,5.90285
5.90295,7.3955103289E-05,-0.000654254923575,5.90295,5.90295
5.90305,7.3952927778E-05,-0.00056516949553,5.90305,5.90305
5.90315,7.3957540735E-05,-0.000459688482806,5.90315,5.90315
5.90325,7.3953393439E-05,-0.000332604569849,5.90325,5.90325
5.90335,7.3926967161E-05,-0.000710337888449,5.90335,5.90335
5.90345,7.3906994658E-05,-0.000651299487799,5.90345,5.90345
5.90355,7.3914488894E-05,-0.000753332511522,5.90355,5.90355
5.90365,7.3925810284E-05,-0.000914685428143,5.90365,5.90365
5.90375,7.3909679486E-05,-0.000672339403536,5.90375,5.90375
5.90385,7.3968083598E-05,-0.000631033617537,5.90385,5.90385
5.90395,7.3961782618E-05,-0.000634974159766,5.90395,5.90395
5.90405,7.3927716585E-05,-0.000583816959988,5.90405,5.90405
5.90415,7.395427383E-05,-0.000300235493341,5.90415,5.90415
5.90425,7.3988019722E-05,-0.000450681429356,5.90425,5.90425
5.90435,7.3972893006E-05,-0.00031726443558,5.90435,5.90435
5.90445,7.3935523687E-05,-0.000349352078047,5.90445,5.90445
5.90455,7.3968141805E-05,-0.000397202034947,5.90455,5.90455
5.90465,7.3955838161E-05,-0.000704286270775,5.90465,5.90465
5.90475,7.3919720307E-05,-0.00048016544315,5.90475,5.90475
5.90485,7.393945998E-05,-0.000577272730879,5.90485,5.90485
5.90495,7.3927614721E-05,-0.000575865386054,5.90495,5.90495
5.90505,7.3938746937E-05,-0.000720893032849,5.90505,5.90505
5.90515,7.3939678259E-05,-0.000767335644923,5.90515,5.90515
5.90525,7.3924391472E-05,-0.000765224627685,5.90525,5.90525
5.90535,7.3936345871E-05,-0.000842206762172,5.90535,5.90535
5.90545,7.3907140177E-05,-0.000583816959988,5.90545,5.90545
5.90555,7.3913208325E-05,-0.000633707561065,5.90555,5.90555
5.90565,7.394374552E-05,-0.000695560709573,5.90565,5.90565
5.90575,7.3921080912E-05,-0.000909689348191,5.90575,5.90575
5.90585,7.3924129538E-05,-0.000796327134594,5.90585,5.90585
5.90595,7.394370914E-05,-0.000804419396445,5.90595,5.90595
5.90605,7.3965733463E-05,-0.000886467983946,5.90605,5.90605
5.90615,7.3919378337E-05,-0.00097302015638,5.90615,5.90615
5.90625,7.3930539656E-05,-0.000758680456784,5.90625,5.90625
5.90635,7.3927214544E-05,-0.000742003321648,5.90635,5.90635
5.90645,7.3906587204E-05,-0.000554544036277,5.90645,5.90645
5.90655,7.3893876106E-05,-0.000741440395359,5.90655,5.90655
5.90665,7.3900642747E-05,-0.001044232165441,5.90665,5.90665
5.90675,7.390115934E-05,-0.000859306135681,5.90675,5.90675
5.90685,7.391008694E-05,-0.000742425501812,5.90685,5.90685
5.90695,7.3873823567E-05,-0.000842769746669,5.90695,5.90695
5.90705,7.3922128649E-05,-0.000790697697084,5.90705,5.90705
5.90715,7.3910021456E-05,-0.000894630677067,5.90715,5.90715
5.90725,7.3877527029E-05,-0.000618297082838,5.90725,5.90725
5.90735,7.3877548857E-05,-0.000457155256299,5.90735,5.90735
5.90745,7.3929833889E-05,-0.000787671888247,5.90745,5.90745
5.90755,7.3919312854E-05,-0.000803152739536,5.90755,5.90755
5.90765,7.3900322604E-05,-0.000780846225098,5.90765,5.90765
5.90775,7.3906070611E-05,-0.000703160418198,5.90775,5.90775
5.90785,7.3929972132E-05,-0.000590501877014,5.90785,5.90785
5.90795,7.3891089414E-05,-0.00078309798846,5.90795,5.90795
5.90805,7.3911767686E-05,-0.000930658890866,5.90805,5.90805
5.90815,7.3912662629E-05,-0.000695842143614,5.90815,5.90815
5.90825,7.3895833339E-05,-0.000746154983062,5.90825,5.90825
5.90835,7.3924158642E-05,-0.000729196413886,5.90835,5.90835
5.90845,7.3933180829E-05,-0.000823911221232,5.90845,5.90845
5.90855,7.3909104685E-05,-0.000731166685,5.90855,5.90855
5.90865,7.3926967161E-05,-0.000598805258051,5.90865,5.90865
5.90875,7.388627273E-05,-0.000633777934127,5.90875,5.90875
5.90885,7.392030966E-05,-0.000865357753355,5.90885,5.90885
5.90895,7.3925642937E-05,-0.00079618638847,5.90895,5.90895
5.90905,7.3919436545E-05,-0.000886538357008,5.90905,5.90905
5.90915,7.3929397331E-05,-0.000950432149693,5.90915,5.90915
5.90925,7.3958952271E-05,-0.000920596299693,5.90925,5.90925
5.90935,7.3962037277E-05,-0.000665091502015,5.90935,5.90935
5.90945,7.3927425547E-05,-0.000572769204155,5.90945,5.90945
5.90955,7.3952644016E-05,-0.000624489388429,5.90955,5.90955
5.90965,7.3916387919E-05,-0.00077599089127,5.90965,5.90965
5.90975,7.3945237091E-05,-0.000947265594732,5.90975,5.90975
5.90985,7.3929426435E-05,-0.000838477280922,5.90985,5.90985
5.90995,7.3922157753E-05,-0.001366656506434,5.90995,5.90995
5.91005,7.3949006037E-05,-0.001235420932062,5.91005,5.91005
5.91015,7.3905794125E-05,-0.001231058151461,5.91015,5.91015
5.91025,7.3901639553E-05,-0.000790205143858,5.91025,5.91025
5.91035,7.3904593592E-05,-0.000783590541687,5.91035,5.91035
5.91045,7.3897586844E-05,-0.000797804852482,5.91045,5.91045
5.91055,7.3897346738E-05,-0.000790768070146,5.91055,5.91055
5.91065,7.3929004429E-05,-0.000708367617335,5.91065,5.91065
5.91075,7.3952120147E-05,-0.00089378625853,5.91075,5.91075
5.91085,7.3945404438E-05,-0.000836295890622,5.91085,5.91085
5.91095,7.3946263001E-05,-0.000772331724875,5.91095,5.91095
5.91105,7.3953939136E-05,-0.000650314323138,5.91105,5.91105
5.91115,7.3941715527E-05,-0.000903778418433,5.91115,5.91115
5.91125,7.3980983871E-05,-0.000624700507615,5.91125,5.91125
5.91135,7.3964481999E-05,-0.000843262299895,5.91135,5.91135
5.91145,7.3962670285E-05,-0.000913418829441,5.91145,5.91145
5.91155,7.3956223787E-05,-0.001025303266943,5.91155,5.91155
5.91165,7.393470878E-05,-0.000689509091899,5.91165,5.91165
5.91175,7.3956165579E-05,-0.000922777689993,5.91175,5.91175
5.91185,7.3891147622E-05,-0.000544833252206,5.91185,5.91185
5.91195,7.3899362178E-05,-0.000584802066442,5.91195,5.91195
5.91205,7.3917115515E-05,-0.000931714370381,5.91205,5.91205
5.91215,7.3924777098E-05,-0.001044232165441,5.91215,5.91215
5.91225,7.3939270806E-05,-0.000876405450981,5.91225,5.91225
5.91235,7.3929179052E-05,-0.000726944650523,5.91235,5.91235
5.91245,7.397938316E-05,-0.00080737483222,5.91245,5.91245
5.91255,7.3955503467E-05,-0.000762691372074,5.91255,5.91255
5.91265,7.3975083069E-05,-0.000844880763907,5.91265,5.91265
5.91275,7.392889529E-05,-0.00074545131065,5.91275,5.91275
5.91285,7.3953451647E-05,-0.000963027938269,5.91285,5.91285
5.91295,7.3930066719E-05,-0.00092889968073,5.91295,5.91295
5.91305,7.3924769822E-05,-0.00085459148977,5.91305,5.91305
5.91315,7.3924857134E-05,-0.001002856064588,5.91315,5.91315
5.91325,7.3936011177E-05,-0.00102495145984,5.91325,5.91325
5.91335,7.3934090324E-05,-0.000900752609596,5.91335,5.91335
5.91345,7.3914743552E-05,-0.001145139336586,5.91345,5.91345
5.91355,7.3930154031E-05,-0.001144365291111,5.91355,5.91355
5.91365,7.3890929343E-05,-0.001203755498864,5.91365,5.91365
5.91375,7.3935210821E-05,-0.001377141335979,5.91375,5.91375
5.91385,7.3957104178E-05,-0.001469322945923,5.91385,5.91385
5.91395,7.3937742854E-05,-0.001026921789162,5.91395,5.91395
5.91405,7.3919058195E-05,-0.00109524873551,5.91405,5.91405
5.91415,7.3938870628E-05,-0.000929884845391,5.91415,5.91415
5.91425,7.3933151725E-05,-0.000844669644721,5.91425,5.91425
5.91435,7.3934272223E-05,-0.000810330267996,5.91435,5.91435
5.91445,7.3895062087E-05,-0.000772965082433,5.91445,5.91445
5.91455,7.3875642556E-05,-0.000781409151386,5.91455,5.91455
5.91465,7.3907271144E-05,-0.000728140876163,5.91465,5.91465
5.91475,7.3899733252E-05,-0.00041486430564,5.91475,5.91475
5.91485,7.3911294749E-05,-0.000491283542942,5.91485,5.91485
5.91495,7.3938448622E-05,-0.000754176930059,5.91495,5.91495
5.91505,7.3915201938E-05,-0.000675576273352,5.91505,5.91505
5.91515,7.3942945164E-05,-0.000634974159766,5.91515,5.91515
5.91525,7.3940645962E-05,-0.000617030425929,5.91525,5.91525
5.91535,7.3942246672E-05,-0.000584872439504,5.91535,5.91535
5.91545,7.3914234235E-05,-0.00064785144059,5.91545,5.91545
5.91555,7.393573469E-05,-0.000687468447722,5.91555,5.91555
5.91565,7.396077126E-05,-0.00034323008731,5.91565,5.91565
5.91575,7.3975388659E-05,-0.000714630295988,5.91575,5.91575
5.91585,7.3961513408E-05,-0.000445333484095,5.91585,5.91585
5.91595,7.3902789154E-05,-0.000234160295804,5.91595,5.91595
5.91605,7.3959876318E-05,-0.000380032346584,5.91605,5.91605
5.91615,7.391996769E-05,-0.000664598948788,5.91615,5.91615
5.91625,7.392513362E-05,-0.000853887817357,5.91625,5.91625
5.91635,7.3939656431E-05,-0.001004404155537,5.91635,5.91635
5.91645,7.3931296356E-05,-0.000919048208743,5.91645,5.91645
5.91655,7.3929732025E-05,-0.000850862008519,5.91655,5.91655
5.91665,7.3899522249E-05,-0.000896530575119,5.91665,5.91665
5.91675,7.3927898484E-05,-0.000963661295827,5.91675,5.91675
5.91685,7.3916533438E-05,-0.001006374368444,5.91685,5.91685
5.91695,7.3931012594E-05,-0.000563058478292,5.91695,5.91695
5.91705,7.3912633525E-05,-0.000543777772691,5.91705,5.91705
5.91715,7.3949631769E-05,-0.000779931433499,5.91715,5.91715
5.91725,7.3903298471E-05,-0.000852269353345,5.91725,5.91725
5.91735,7.3915296525E-05,-0.00067620963091,5.91735,5.91735
5.91745,7.3915027315E-05,-0.000708508305252,5.91745,5.91745
5.91755,7.3935261753E-05,-0.000805052695796,5.91755,5.91755
5.91765,7.3906870966E-05,-0.00089596764883,5.91765,5.91765
5.91775,7.3929128121E-05,-0.000921722210478,5.91775,5.91775
5.91785,7.3896917456E-05,-0.000416693859734,5.91785,5.91785
5.91795,7.3918410635E-05,-0.000662276812363,5.91795,5.91795
5.91805,7.3937029811E-05,-0.000493183440994,5.91805,5.91805
5.91815,7.3913193773E-05,-0.000295169011224,5.91815,5.91815
5.91825,7.3928946222E-05,-0.000584239140153,5.91825,5.91825
5.91835,7.396570436E-05,-0.00041908636922,5.91835,5.91835
5.91845,7.3934104876E-05,-0.000674168928526,5.91845,5.91845
5.91855,7.3890361818E-05,-0.000695631082635,5.91855,5.91855
5.91865,7.3906121543E-05,-0.000684020400513,5.91865,5.91865
5.91875,7.3934541433E-05,-0.00058726494899,5.91875,5.91875
5.91885,7.3900941061E-05,-0.00082911842037,5.91885,5.91885
5.91895,7.391202962E-05,-0.000565873167943,5.91895,5.91895
5.91905,7.39422685E-05,-0.000549688644242,5.91905,5.91905
5.91915,7.3889677878E-05,-0.000652566086501,5.91915,5.91915
5.91925,7.3922601587E-05,-0.000626178225502,5.91925,5.91925
5.91935,7.3929812061E-05,-0.000463840173325,5.91935,5.91935
5.91945,7.390526298E-05,-0.000348366913386,5.91945,5.91945
5.91955,7.3910690844E-05,-0.000367225438822,5.91955,5.91955
5.91965,7.3929390055E-05,-0.000467428908451,5.91965,5.91965
5.91975,7.3958261055E-05,-0.000571221113205,5.91975,5.91975
5.91985,7.3959032306E-05,-0.000333378615323,5.91985,5.91985
5.91995,7.3942719609E-05,-0.000357233249815,5.91995,5.91995
5.92005,7.3941380833E-05,-0.000648625486065,5.92005,5.92005
5.92015,7.3943338066E-05,-0.000677265110426,5.92015,5.92015
5.92025,7.3911105574E-05,-0.000641870195977,5.92025,5.92025
5.92035,7.392201951E-05,-0.000519430555869,5.92035,5.92035
5.92045,7.3927403719E-05,-0.000740736722946,5.92045,5.92045
5.92055,7.391989493E-05,-0.00049803883303,5.92055,5.92055
5.92065,7.3932853411E-05,-0.000822222384159,5.92065,5.92065
5.92075,7.3955896369E-05,-0.00088632729603,5.92075,5.92075
5.92085,7.3939663707E-05,-0.000847062154207,5.92085,5.92085
5.92095,7.3908275226E-05,-0.000798227032647,5.92095,5.92095
5.92105,7.3895287642E-05,-0.000684935192112,5.92105,5.92105
5.92115,7.3935436376E-05,-0.000868031696882,5.92115,5.92115
5.92125,7.3954506661E-05,-0.00100250414107,5.92125,5.92125
5.92135,7.3898503615E-05,-0.000940299243666,5.92135,5.92135
5.92145,7.3934192187E-05,-0.00080674153287,5.92145,5.92145
5.92155,7.3972682003E-05,-0.000496068503708,5.92155,5.92155
5.92165,7.3947645433E-05,-0.000783238734584,5.92165,5.92165
5.92175,7.3942559538E-05,-0.000644684943836,5.92175,5.92175
5.92185,7.3936746048E-05,-0.000177514375537,5.92185,5.92185
5.92195,7.3925351899E-05,-0.000415216141846,5.92195,5.92195
5.92205,7.3913950473E-05,-0.00057417654898,5.92205,5.92205
5.92215,7.3920622526E-05,-0.000287287839456,5.92215,5.92215
5.92225,7.3916446127E-05,-0.000473480526125,5.92225,5.92225
5.92235,7.3953568062E-05,-0.000442659511464,5.92235,5.92235
5.92245,7.3950759543E-05,-0.000286302703898,5.92245,5.92245
5.92255,7.3953429819E-05,-0.000378132419428,5.92255,5.92255
5.92265,7.3959003203E-05,-0.000328804715537,5.92265,5.92265
5.92275,7.3954717664E-05,-0.000548703479581,5.92275,5.92275
5.92285,7.3940092989E-05,-0.000554614351131,5.92285,5.92285
5.92295,7.3953829997E-05,-0.00054997013649,5.92295,5.92295
5.92305,7.395571447E-05,-0.000594301731326,5.92305,5.92305
5.92315,7.3952687671E-05,-0.00066276936559,5.92315,5.92315
5.92325,7.3945549957E-05,-0.000900189683307,5.92325,5.92325
5.92335,7.3947841884E-05,-0.000938751152717,5.92335,5.92335
5.92345,7.397630543E-05,-0.00060865667183,5.92345,5.92345
5.92355,7.3930132203E-05,-0.000713152578101,5.92355,5.92355
5.92365,7.393652777E-05,-0.000746366102248,5.92365,5.92365
5.92375,7.3913855886E-05,-0.000522737856954,5.92375,5.92375
5.92385,7.3901494034E-05,-0.000453073909739,5.92385,5.92385
5.92395,7.3944291216E-05,-0.00067620963091,5.92395,5.92395
5.92405,7.3924995377E-05,-0.000440055911895,5.92405,5.92405
5.92415,7.3932715168E-05,-0.000643981213216,5.92415,5.92415
5.92425,7.3950090155E-05,-0.000654536357615,5.92425,5.92425
5.92435,7.3907540354E-05,-0.000604505010415,5.92435,5.92435
5.92445,7.3901399446E-05,-0.000813004211523,5.92445,5.92445
5.92455,7.3939903814E-05,-0.000578961567953,5.92455,5.92455
5.92465,7.3919101851E-05,-0.000630681752227,5.92465,5.92465
5.92475,7.3937873822E-05,-0.000827359210234,5.92475,5.92475
5.92485,7.3917886766E-05,-0.000665161875077,5.92485,5.92485
5.92495,7.3876210081E-05,-0.000701471581124,5.92495,5.92495
5.92505,7.3875176895E-05,-0.000916444638278,5.92505,5.92505
5.92515,7.3936374974E-05,-0.00111319241114,5.92515,5.92515
5.92525,7.3917974078E-05,-0.001083215815015,5.92525,5.92525
5.92535,7.389691018E-05,-0.000912785471883,5.92535,5.92535
5.92545,7.3947208875E-05,-0.000548844225705,5.92545,5.92545
5.92555,7.3935480032E-05,-0.000742003321648,5.92555,5.92555
5.92565,7.3908537161E-05,-0.000663543411065,5.92565,5.92565
5.92575,7.3965282354E-05,-0.000802941678558,5.92575,5.92575
5.92585,7.3953749961E-05,-0.000644262705464,5.92585,5.92585
5.92595,7.393064152E-05,-0.000507960678078,5.92595,5.92595
5.92605,7.3926064942E-05,-0.000286865630187,5.92605,5.92605
5.92615,7.3937320849E-05,-0.000567350944038,5.92615,5.92615
5.92625,7.3930430517E-05,-0.000815396721009,5.92625,5.92625
5.92635,7.3944225733E-05,-0.000826585164759,5.92635,5.92635
5.92645,7.3921655712E-05,-0.000689297972713,5.92645,5.92645
5.92655,7.3969975347E-05,-0.000776131579187,5.92655,5.92655
5.92665,7.3971292295E-05,-0.000790838443208,5.92665,5.92665
5.92675,7.391753752E-05,-0.00070506031625,5.92675,5.92675
5.92685,7.3943585448E-05,-0.000811526493635,5.92685,5.92685
5.92695,7.3967166827E-05,-0.00087140937103,5.92695,5.92695
5.92705,7.3927934864E-05,-0.000739892304409,5.92705,5.92705
5.92715,7.3927039921E-05,-0.000701401208062,5.92715,5.92715
5.92725,7.3929455539E-05,-0.000517319538631,5.92725,5.92725
5.92735,7.3903800512E-05,-0.000550744181965,5.92735,5.92735
5.92745,7.3919094575E-05,-0.000409657106502,5.92745,5.92745
5.92755,7.3930423241E-05,-0.000572839577217,5.92755,5.92755
5.92765,7.3952003731E-05,-0.000867679831572,5.92765,5.92765
5.92775,7.3941948358E-05,-0.000771276245359,5.92775,5.92775
5.92785,7.3949973739E-05,-0.000448640756076,5.92785,5.92785
5.92795,7.3943119787E-05,-0.000700486416463,5.92795,5.92795
5.92805,7.3934119428E-05,-0.000677898409776,5.92805,5.92805
5.92815,7.394469867E-05,-0.000385521008866,5.92815,5.92815
5.92825,7.3952847742E-05,-0.000447163038189,5.92825,5.92825
5.92835,7.3961586168E-05,-0.000545325863641,5.92835,5.92835
5.92845,7.3957773566E-05,-0.000645810796414,5.92845,5.92845
5.92855,7.399579772E-05,-0.000551166362129,5.92855,5.92855
5.92865,7.3947499914E-05,-0.000452440610388,5.92865,5.92865
5.92875,7.3972114478E-05,-0.000802449067123,5.92875,5.92875
5.92885,7.3967392382E-05,-0.000617593410425,5.92885,5.92885
5.92895,7.3926144978E-05,-0.00077380950097,5.92895,5.92895
5.92905,7.3955830885E-05,-0.000870987132657,5.92905,5.92905
5.92915,7.3925359175E-05,-0.000765787553973,5.92915,5.92915
5.92925,7.3918374255E-05,-0.000810400641058,5.92925,5.92925
5.92935,7.3885508755E-05,-0.000840729044285,5.92935,5.92935
5.92945,7.3889641499E-05,-0.000777679670136,5.92945,5.92945
5.92955,7.3893577792E-05,-0.000715896952897,5.92955,5.92955
5.92965,7.3900882853E-05,-0.00066466932185,5.92965,5.92965
5.92975,7.3919720307E-05,-0.000940862169955,5.92975,5.92975
5.92985,7.389660459E-05,-0.001122129149735,5.92985,5.92985
5.92995,7.388497761E-05,-0.001049087499268,5.92995,5.92995
5.93005,7.3932256782E-05,-0.000800478796009,5.93005,5.93005
5.93015,7.3934737884E-05,-0.000896460202057,5.93015,5.93015
5.93025,7.3972376413E-05,-0.000815185601823,5.93025,5.93025
5.93035,7.3959898145E-05,-0.001052465173416,5.93035,5.93035
5.93045,7.3947267083E-05,-0.000978860654868,5.93045,5.93045
5.93055,7.3922616139E-05,-0.001021996024065,5.93055,5.93055
5.93065,7.3924958997E-05,-0.000967953703366,5.93065,5.93065
5.93075,7.3934854299E-05,-0.000918063044082,5.93075,5.93075
5.93085,7.3942763265E-05,-0.001209736801684,5.93085,5.93085
5.93095,7.3991155659E-05,-0.001349064637907,5.93095,5.93095
5.93105,7.3967676144E-05,-0.001046272809617,5.93105,5.93105
5.93115,7.3915085522E-05,-0.001031847437844,5.93115,5.93115
5.93125,7.3955401604E-05,-0.00082721846411,5.93125,5.93125
5.93135,7.3939387221E-05,-0.001045569195412,5.93135,5.93135
5.93145,7.3944705946E-05,-0.001155272242613,5.93145,5.93145
5.93155,7.3949267971E-05,-0.001108759315684,5.93155,5.93155
5.93165,7.3946401244E-05,-0.001159705454484,5.93165,5.93165
5.93175,7.3934847023E-05,-0.00106013531331,5.93175,5.93175
5.93185,7.3938572314E-05,-0.001203051884659,5.93185,5.93185
5.93195,7.3936251283E-05,-0.001243653940037,5.93195,5.93195
5.93205,7.3923358286E-05,-0.001101229921915,5.93205,5.93205
5.93215,7.3945106124E-05,-0.001108900061809,5.93215,5.93215
5.93225,7.3923285527E-05,-0.001012285239995,5.93225,5.93225
5.93235,7.3923183663E-05,-0.001106226001866,5.93235,5.93235
5.93245,7.3928145866E-05,-0.000871268624905,5.93245,5.93245
5.93255,7.3946386692E-05,-0.001123114256188,5.93255,5.93255
5.93265,7.3961993621E-05,-0.001371230464429,5.93265,5.93265
5.93275,7.3959337897E-05,-0.001038532354869,5.93275,5.93275
5.93285,7.3945753684E-05,-0.000818915083073,5.93285,5.93285
5.93295,7.3972783866E-05,-0.000886960595381,5.93295,5.93295
5.93305,7.3961120506E-05,-0.000721385586075,5.93305,5.93305
5.93315,7.39559473E-05,-0.00080519344192,5.93315,5.93315
5.93325,7.3958581197E-05,-0.001082371454686,5.93325,5.93325
5.93335,7.39690513E-05,-0.000994482310489,5.93335,5.93335
5.93345,7.397041918E-05,-0.000986178871244,5.93345,5.93345
5.93355,7.3934606917E-05,-0.000891675241292,5.93355,5.93355
5.93365,7.390792598E-05,-0.000740103365388,5.93365,5.93365
5.93375,7.3978531873E-05,-0.000731448177248,5.93375,5.93375
5.93385,7.3934701504E-05,-0.000628500361927,5.93385,5.93385
5.93395,7.3950031947E-05,-0.000654958595987,5.93395,5.93395
5.93405,7.3939052527E-05,-0.000739188631997,5.93405,5.93405
5.93415,7.395947614E-05,-0.000602534739301,5.93415,5.93415
5.93425,7.39519528E-05,-0.000573050696403,5.93425,5.93425
5.93435,7.396624278E-05,-0.000796819687821,5.93435,5.93435
5.93445,7.3982198955E-05,-0.000899134203792,5.93445,5.93445
5.93455,7.3966504715E-05,-0.000820392800961,5.93455,5.93455
5.93465,7.3959228757E-05,-0.000906593166292,5.93465,5.93465
5.93475,7.3967661592E-05,-0.000760509981774,5.93475,5.93475
5.93485,7.3990311648E-05,-0.000929744099267,5.93485,5.93485
5.93495,7.3963026807E-05,-0.000849173171446,5.93495,5.93495
5.93505,7.393398846E-05,-0.00059782009339,5.93505,5.93505
5.93515,7.3931318184E-05,-0.000764661701396,5.93515,5.93515
5.93525,7.3938266723E-05,-0.000737851602025,5.93525,5.93525
5.93535,7.3927629273E-05,-0.000601338455454,5.93535,5.93535
5.93545,7.3947623605E-05,-0.000640955404378,5.93545,5.93545
5.93555,7.3941606388E-05,-0.000643277540803,5.93555,5.93555
5.93565,7.3925832112E-05,-0.000607952999417,5.93565,5.93565
5.93575,7.3912902735E-05,-0.00066431745654,5.93575,5.93575
5.93585,7.3914503446E-05,-0.000489876198117,5.93585,5.93585
5.93595,7.3939896538E-05,-0.000862261571456,5.93595,5.93595
5.93605,7.3936047556E-05,-0.00074608461,5.93605,5.93605
5.93615,7.3933457315E-05,-0.0006460219156,5.93615,5.93615
5.93625,7.3941293522E-05,-0.000856350699905,5.93625,5.93625
5.93635,7.3952789535E-05,-0.000881120096892,5.93635,5.93635
5.93645,7.3923583841E-05,-0.000714067369699,5.93645,5.93645
5.93655,7.3955343396E-05,-0.000628570734989,5.93655,5.93655
5.93665,7.3947667261E-05,-0.000621956191026,5.93665,5.93665
5.93675,7.3954455729E-05,-0.000708015752025,5.93675,5.93675
5.93685,7.3920658906E-05,-0.00070168270031,5.93685,5.93685
5.93695,7.3959956353E-05,-0.000937414180953,5.93695,5.93695
5.93705,7.3954186519E-05,-0.00100623362232,5.93705,5.93705
5.93715,7.3949770012E-05,-0.000951698806603,5.93715,5.93715
5.93725,7.3953582614E-05,-0.000923692481592,5.93725,5.93725
5.93735,7.396149158E-05,-0.000936288270168,5.93735,5.93735
5.93745,7.3937728303E-05,-0.000827148091048,5.93745,5.93745
5.93755,7.3934948887E-05,-0.000578680075705,5.93755,5.93755
5.93765,7.3911163781E-05,-0.000921229599044,5.93765,5.93765
5.93775,7.3928320489E-05,-0.000629907706752,5.93775,5.93775
5.93785,7.3917290138E-05,-0.000887171714567,5.93785,5.93785
5.93795,7.3900613643E-05,-0.001105100149289,5.93795,5.93795
5.93805,7.391244435E-05,-0.001094263512641,5.93805,5.93805
5.93815,7.3931732913E-05,-0.001035436289385,5.93815,5.93815
5.93825,7.3944916949E-05,-0.000675154093187,5.93825,5.93825
5.93835,7.3924704338E-05,-0.000776272325311,5.93835,5.93835
5.93845,7.391274994E-05,-0.000833270081785,5.93845,5.93845
5.93855,7.3929812061E-05,-0.000612526899204,5.93855,5.93855
5.93865,7.3947274359E-05,-0.000636522250716,5.93865,5.93865
5.93875,7.395051216E-05,-0.000570095260628,5.93875,5.93875
5.93885,7.3914001405E-05,-0.000656999240164,5.93885,5.93885
5.93895,7.3904819146E-05,-0.000642503495328,5.93895,5.93895
5.93905,7.3943323514E-05,-0.000607882684562,5.93905,5.93905
5.93915,7.3963594332E-05,-0.000796256761532,5.93915,5.93915
5.93925,7.3922688898E-05,-0.000777890789323,5.93925,5.93925
5.93935,7.3932809755E-05,-0.001009752042592,5.93935,5.93935
5.93945,7.3924806202E-05,-0.001053802203387,5.93945,5.93945
5.93955,7.3908420745E-05,-0.000800689915195,5.93955,5.93955
5.93965,7.3905372119E-05,-0.000472143554362,5.93965,5.93965
5.93975,7.3940493166E-05,-0.000294113502605,5.93975,5.93975
5.93985,7.3939627327E-05,-0.000585927977227,5.93985,5.93985
5.93995,7.3925344623E-05,-0.000382847036235,5.93995,5.93995
5.94005,7.3906805483E-05,-0.000190250910237,5.94005,5.94005
5.94015,7.392482803E-05,-0.000479250680655,5.94015,5.94015
5.94025,7.3940893344E-05,-0.000282784312731,5.94025,5.94025
5.94035,7.3937000707E-05,-7.0274145401E-05,5.94035,5.94035
5.94045,7.3904964665E-05,-0.00064939953154,5.94045,5.94045
5.94055,7.3911156505E-05,-0.000615623081103,5.94055,5.94055
5.94065,7.3897950642E-05,-0.000628500361927,5.94065,5.94065
5.94075,7.3892952059E-05,-0.000727929815184,5.94075,5.94075
5.94085,7.3908784543E-05,-0.00062955589965,5.94085,5.94085
5.94095,7.3927731137E-05,-0.00096992397448,5.94095,5.94095
5.94105,7.3929382779E-05,-0.000823348294944,5.94105,5.94105
5.94115,7.3921975854E-05,-0.000516967731528,5.94115,5.94115
5.94125,7.3973751569E-05,-0.000310157309286,5.94125,5.94125
5.94135,7.3947012424E-05,-0.000588179740589,5.94135,5.94135
5.94145,7.3948314821E-05,-0.000705834361725,5.94145,5.94145
5.94155,7.3952011007E-05,-0.000837632920593,5.94155,5.94155
5.94165,7.3950519436E-05,-0.000562214059755,5.94165,5.94165
5.94175,7.3939641879E-05,-0.000705904734787,5.94175,5.94175
5.94185,7.3949355283E-05,-0.000592683267314,5.94185,5.94185
5.94195,7.3910901847E-05,-0.000719344941899,5.94195,5.94195
5.94205,7.3947303463E-05,-0.000505779287778,5.94205,5.94205
5.94215,7.3953058745E-05,-0.0004742545716,5.94215,5.94215
5.94225,7.396570436E-05,-0.000588038994465,5.94225,5.94225
5.94235,7.3949748185E-05,-0.000413597706938,5.94235,5.94235
5.94245,7.3892675573E-05,-0.000479813606944,5.94245,5.94245
5.94255,7.3909075581E-05,-0.000471580598969,5.94255,5.94255
5.94265,7.3935712862E-05,-0.000640462851152,5.94265,5.94265
5.94275,7.3894574598E-05,-0.000717374670785,5.94275,5.94275
5.94285,7.3878924013E-05,-0.000831651617773,5.94285,5.94285
5.94295,7.3884933954E-05,-0.00086268375162,5.94295,5.94295
5.94305,7.3918199632E-05,-0.000691620109137,5.94305,5.94305
5.94315,7.3905634054E-05,-0.000420212250901,5.94315,5.94315
5.94325,7.3887516919E-05,-0.001028469880112,5.94325,5.94325
5.94335,7.393778651E-05,-0.001091026701033,5.94335,5.94335
5.94345,7.3913106462E-05,-0.000876616570167,5.94345,5.94345
5.94355,7.3900555435E-05,-0.000638211087789,5.94355,5.94355
5.94365,7.392646512E-05,-0.000625052372925,5.94365,5.94365
5.94375,7.3939634603E-05,-0.000550392316654,5.94375,5.94375
5.94385,7.3918512498E-05,-0.000702738179825,5.94385,5.94385
5.94395,7.3893061199E-05,-0.000551377481315,5.94395,5.94395
5.94405,7.395161083E-05,-0.000471650972031,5.94405,5.94405
5.94415,7.3954128311E-05,-0.000560032669455,5.94415,5.94415
5.94425,7.3936738772E-05,-0.000825248192996,5.94425,5.94425
5.94435,7.3937713751E-05,-0.000792738341261,5.94435,5.94435
5.94445,7.3960363807E-05,-0.000854872982018,5.94445,5.94445
5.94455,7.3967174103E-05,-0.000486498523969,5.94455,5.94455
5.94465,7.3922070442E-05,-0.000677616975736,5.94465,5.94465
5.94475,7.3889917985E-05,-0.000796608568635,5.94475,5.94475
5.94485,7.3932664236E-05,-0.001000182121061,5.94485,5.94485
5.94495,7.3932591476E-05,-0.001008555758744,5.94495,5.94495
5.94505,7.3902330769E-05,-0.000887734640855,5.94505,5.94505
5.94515,7.3928771599E-05,-0.000962253951002,5.94515,5.94515
5.94525,7.3913761298E-05,-0.00097710150294,5.94525,5.94525
5.94535,7.3879797128E-05,-0.000855506281368,5.94535,5.94535
5.94545,7.3920396972E-05,-0.000979071832262,5.94545,5.94545
5.94555,7.3934133979E-05,-0.00087513885228,5.94555,5.94555
5.94565,7.3953764513E-05,-0.000842277135234,5.94565,5.94565
5.94575,7.394131535E-05,-0.000943606486544,5.94575,5.94575
5.94585,7.3920644354E-05,-0.000913207710255,5.94585,5.94585
5.94595,7.3916344263E-05,-0.001101300353184,5.94595,5.94595
5.94605,7.3928793427E-05,-0.00103466224391,5.94605,5.94605
5.94615,7.391271356E-05,-0.001011018641293,5.94615,5.94615
5.94625,7.395184366E-05,-0.000934951298404,5.94625,5.94625
5.94635,7.3931769293E-05,-0.000877038750332,5.94635,5.94635
5.94645,7.3913004599E-05,-0.00098758621607,5.94645,5.94645
5.94655,7.3927105404E-05,-0.000732433341909,5.94655,5.94655
5.94665,7.3909512139E-05,-0.000663050857838,5.94665,5.94665
5.94675,7.3898554547E-05,-0.000536670617294,5.94675,5.94675
5.94685,7.3920855357E-05,-0.000519008375704,5.94685,5.94685
5.94695,7.3912073276E-05,-0.000495153770316,5.94695,5.94695
5.94705,7.3931827501E-05,-0.00063666299684,5.94705,5.94705
5.94715,7.3939510912E-05,-0.000725326186512,5.94715,5.94715
5.94725,7.3955583503E-05,-0.000503105286043,5.94725,5.94725
5.94735,7.3928866186E-05,-0.000744888384361,5.94735,5.94735
5.94745,7.388740778E-05,-0.000992863788269,5.94745,5.94745
5.94755,7.3906798207E-05,-0.001097852247767,5.94755,5.94755
5.94765,7.3884846643E-05,-0.000732222222723,5.94765,5.94765
5.94775,7.3902658187E-05,-0.000763395044487,5.94775,5.94775
5.94785,7.3916402471E-05,-0.000515841820743,5.94785,5.94785
5.94795,7.3896793765E-05,-0.000477632216644,5.94795,5.94795
5.94805,7.3918927228E-05,-0.000589164847042,5.94805,5.94805
5.94815,7.390009705E-05,-0.000550744181965,5.94815,5.94815
5.94825,7.3914015957E-05,-0.000854802608956,5.94825,5.94825
5.94835,7.3931048973E-05,-0.000639688805677,5.94835,5.94835
5.94845,7.3928647907E-05,-0.000523511902429,5.94845,5.94845
5.94855,7.3941591836E-05,-0.000596483121626,5.94855,5.94855
5.94865,7.3915158282E-05,-0.00065376231214,5.94865,5.94865
5.94875,7.3948845966E-05,-0.000687468447722,5.94875,5.94875
5.94885,7.3943541793E-05,-0.000599438557401,5.94885,5.94885
5.94895,7.3940049333E-05,-0.000478617352201,5.94895,5.94895
5.94905,7.3949267971E-05,-0.000699853117112,5.94905,5.94905
5.94915,7.3934752436E-05,-0.000753402884584,5.94915,5.94915
5.94925,7.3938659625E-05,-0.000807656266261,5.94925,5.94925
5.94935,7.3900235293E-05,-0.000904482090846,5.94935,5.94935
5.94945,7.3908217018E-05,-0.000928758934606,5.94945,5.94945
5.94955,7.3868752224E-05,-0.000908000511117,5.94955,5.94955
5.94965,7.3896706454E-05,-0.000771839171648,5.94965,5.94965
5.94975,7.3895142123E-05,-0.00071660062531,5.94975,5.94975
5.94985,7.3922165029E-05,-0.000840166117996,5.94985,5.94985
5.94995,7.3892530054E-05,-0.000851002754644,5.94995,5.94995
5.95005,7.3883733421E-05,-0.00088287924882,5.95005,5.95005
5.95015,7.390150131E-05,-0.00103986938484,5.95015,5.95015
5.95025,7.3901836004E-05,-0.000889353104867,5.95025,5.95025
5.95035,7.3854658694E-05,-0.000642433122266,5.95035,5.95035
5.95045,7.3891598731E-05,-0.000725185440388,5.95045,5.95045
5.95055,7.3889561463E-05,-0.00075917301001,5.95055,5.95055
5.95065,7.3875547969E-05,-0.001050846767612,5.95065,5.95065
5.95075,7.3894232628E-05,-0.000985545571893,5.95075,5.95075
5.95085,7.3908508057E-05,-0.000649681023788,5.95085,5.95085
5.95095,7.3901515862E-05,-0.000722722616047,5.95095,5.95095
5.95105,7.3902534496E-05,-0.000909900409169,5.95105,5.95105
5.95115,7.3890085332E-05,-0.000689720211085,5.95115,5.95115
5.95125,7.391373947E-05,-0.0007035122253,5.95125,5.95125
5.95135,7.3949391663E-05,-0.000726240978111,5.95135,5.95135
5.95145,7.3950141086E-05,-0.000692534900736,5.95145,5.95145
5.95155,7.395024295E-05,-0.000711604487151,5.95155,5.95155
5.95165,7.3940755101E-05,-0.000761776638683,5.95165,5.95165
5.95175,7.3926508776E-05,-0.000944873143453,5.95175,5.95175
5.95185,7.3919851275E-05,-0.000630048452877,5.95185,5.95185
5.95195,7.3949908256E-05,-0.000619774800725,5.95195,5.95195
5.95205,7.3947005149E-05,-0.00081603002036,5.95205,5.95205
5.95215,7.390724204E-05,-0.000931995862629,5.95215,5.95215
5.95225,7.3927854828E-05,-0.000955568975769,5.95225,5.95225
5.95235,7.3928735219E-05,-0.001088211894967,5.95235,5.95235
5.95245,7.3892959335E-05,-0.000793864252046,5.95245,5.95245
5.95255,7.3898838309E-05,-0.000878446095157,5.95255,5.95255
5.95265,7.389075472E-05,-0.000617382291239,5.95265,5.95265
5.95275,7.3912618973E-05,-0.000701823388226,5.95275,5.95275
5.95285,7.3896284448E-05,-0.000668258056976,5.95285,5.95285
5.95295,7.3920018622E-05,-0.000716670998372,5.95295,5.95295
5.95305,7.3953422543E-05,-0.000654184550513,5.95305,5.95305
5.95315,7.3927658377E-05,-0.000588883413002,5.95315,5.95315
5.95325,7.3925679317E-05,-0.000671565358061,5.95325,5.95325
5.95335,7.394405111E-05,-0.000647921813652,5.95335,5.95335
5.95345,7.3945906479E-05,-0.000393824389903,5.95345,5.95345
5.95355,7.3936091212E-05,-0.000653551251162,5.95355,5.95355
5.95365,7.3958610301E-05,-0.000635396398138,5.95365,5.95365
5.95375,7.3990115197E-05,-0.000715263595339,5.95375,5.95375
5.95385,7.3943090683E-05,-0.000681064964738,5.95385,5.95385
5.95395,7.3933333624E-05,-0.000379961973522,5.95395,5.95395
5.95405,7.3970564699E-05,-0.000454481283668,5.95405,5.95405
5.95415,7.3985363997E-05,-0.000768883735873,5.95415,5.95415
5.95425,7.3969225923E-05,-0.000655732641462,5.95425,5.95425
5.95435,7.3930343206E-05,-0.000611752853729,5.95435,5.95435
5.95445,7.3948162026E-05,-0.000375247356715,5.95445,5.95445
5.95455,7.3906725447E-05,-0.0006833167281,5.95455,5.95455
5.95465,7.3923940363E-05,-0.000548351672478,5.95465,5.95465
5.95475,7.3921597505E-05,-0.000418382696807,5.95475,5.95475
5.95485,7.3903633165E-05,-0.000631596543826,5.95485,5.95485
5.95495,7.3894319939E-05,-0.000564395450056,5.95495,5.95495
5.95505,7.3924660683E-05,-0.000623504281975,5.95505,5.95505
5.95515,7.3957773566E-05,-0.000702104880475,5.95515,5.95515
5.95525,7.3946248449E-05,-0.000374825147446,5.95525,5.95525
5.95535,7.3952498497E-05,-0.000255481689237,5.95535,5.95535
5.95545,7.3943803727E-05,-0.000363707047654,5.95545,5.95545
5.95555,7.3964649346E-05,-0.000286373047857,5.95555,5.95555
5.95565,7.3975803389E-05,-0.000338304351317,5.95565,5.95565
5.95575,7.3941628216E-05,-0.0002897506929,5.95575,5.95575
5.95585,7.3941286246E-05,-0.000360470148735,5.95585,5.95585
5.95595,7.3940165748E-05,-0.000564817688428,5.95595,5.95595
5.95605,7.3949813668E-05,-0.000501064641867,5.95605,5.95605
5.95615,7.394264685E-05,-0.00055369961774,5.95615,5.95615
5.95625,7.3893919762E-05,-0.000582198495977,5.95625,5.95625
5.95635,7.3925955803E-05,-0.00073489616625,5.95635,5.95635
5.95645,7.3913921369E-05,-0.000727648322936,5.95645,5.95645
5.95655,7.3909970524E-05,-0.000713152578101,5.95655,5.95655
5.95665,7.3917064583E-05,-0.000732785149012,5.95665,5.95665
5.95675,7.3887720646E-05,-0.000946350861341,5.95675,5.95675
5.95685,7.3898416304E-05,-0.000438226357801,5.95685,5.95685
5.95695,7.3933995736E-05,-0.000569743395317,5.95695,5.95695
5.95705,7.3915551184E-05,-0.00020263560873,5.95705,5.95705
5.95715,7.3898991104E-05,-0.000579594867304,5.95715,5.95715
5.95725,7.3893839726E-05,-0.000414723588619,5.95725,5.95725
5.95735,7.390214887E-05,-0.000604364264291,5.95735,5.95735
5.95745,7.3918432463E-05,-0.000539555738214,5.95745,5.95745
5.95755,7.3906878242E-05,-0.000743762531783,5.95755,5.95755
5.95765,7.3906092439E-05,-0.000743340293411,5.95765,5.95765
5.95775,7.3888404586E-05,-0.000522878603078,5.95775,5.95775
5.95785,7.388832455E-05,-0.000566295406315,5.95785,5.95785
5.95795,7.3897499533E-05,-0.000473269436043,5.95795,5.95795
5.95805,7.3909250204E-05,-0.000746647594497,5.95805,5.95805
5.95815,7.3901239375E-05,-0.000791260623373,5.95815,5.95815
5.95825,7.3902345321E-05,-0.000628641108051,5.95825,5.95825
5.95835,7.3906849138E-05,-0.000438437447883,5.95835,5.95835
5.95845,7.3914685345E-05,-0.000506271841004,5.95845,5.95845
5.95855,7.3898059782E-05,-0.000423730642069,5.95855,5.95855
5.95865,7.3886054452E-05,-0.00053378555458,5.95865,5.95865
5.95875,7.3885188613E-05,-0.00056516949553,5.95875,5.95875
5.95885,7.3891838838E-05,-0.000340274651535,5.95885,5.95885
5.95895,7.3924893513E-05,-0.000399876007577,5.95895,5.95895
5.95905,7.3905372119E-05,-0.000771135499235,5.95905,5.95905
5.95915,7.3921466537E-05,-0.00055060343584,5.95915,5.95915
5.95925,7.3885530583E-05,-0.000290524738375,5.95925,5.95925
5.95935,7.3910981882E-05,-0.000640462851152,5.95935,5.95935
5.95945,7.3917399277E-05,-0.000573472876567,5.95945,5.95945
5.95955,7.3909475759E-05,-0.000135504917125,5.95955,5.95955
5.95965,7.3919458373E-05,-0.000506623648107,5.95965,5.95965
5.95975,7.3913150118E-05,-0.000646162661724,5.95975,5.95975
5.95985,7.3952847742E-05,-0.000881964457221,5.95985,5.95985
5.95995,7.3938528658E-05,-0.000858391344082,5.95995,5.95995
5.96005,7.3945477197E-05,-0.000877601676621,5.96005,5.96005
5.96015,7.3943730968E-05,-0.000669032102451,5.96015,5.96015
5.96025,7.3906230682E-05,-0.000766491226386,5.96025,5.96025
5.96035,7.388148515E-05,-0.000644684943836,5.96035,5.96035
5.96045,7.3886927566E-05,-0.000933543953579,5.96045,5.96045
5.96055,7.3904026067E-05,-0.000545888789929,5.96055,5.96055
5.96065,7.3921284638E-05,-0.000372995593352,5.96065,5.96065
5.96075,7.389862003E-05,-0.000504020077642,5.96075,5.96075
5.96085,7.3911804066E-05,-0.000371799338609,5.96085,5.96085
5.96095,7.3927607446E-05,-0.00036124419421,5.96095,5.96095
5.96105,7.3906543548E-05,-0.000516123312991,5.96105,5.96105
5.96115,7.3899842391E-05,-0.000353222276317,5.96115,5.96115
5.96125,7.3912837252E-05,-0.000491916842293,5.96125,5.96125
5.96135,7.3888753832E-05,-0.000823137175757,5.96135,5.96135
5.96145,7.3884883022E-05,-0.000623996835202,5.96145,5.96145
5.96155,7.3898176197E-05,-0.000865991052706,5.96155,5.96155
5.96165,7.3892006185E-05,-0.001216632779688,5.96165,5.96165
5.96175,7.3881186836E-05,-0.00076599867316,5.96175,5.96175
5.96185,7.3869850894E-05,-0.000381228601327,5.96185,5.96185
5.96195,7.3874245572E-05,-0.000640885089524,5.96195,5.96195
5.96205,7.3889779742E-05,-0.000625333806966,5.96205,5.96205
5.96215,7.3888637417E-05,-0.000474043481518,5.96215,5.96215
5.96225,7.3898976552E-05,-0.000647640379611,5.96225,5.96225
5.96235,7.3901799624E-05,-0.000634763098788,5.96235,5.96235
5.96245,7.3918476119E-05,-0.000805545249023,5.96245,5.96245
5.96255,7.3894269008E-05,-0.000677265110426,5.96255,5.96255
5.96265,7.3900635471E-05,-0.000776694563683,5.96265,5.96265
5.96275,7.3904964665E-05,-0.000921511091292,5.96275,5.96275
5.96285,7.3903160228E-05,-0.000809063669294,5.96285,5.96285
5.96295,7.391350664E-05,-0.000806248921435,5.96295,5.96295
5.96305,7.3953458923E-05,-0.001252449932508,5.96305,5.96305
5.96315,7.3920935392E-05,-0.000583676213864,5.96315,5.96315
5.96325,7.3930954386E-05,-0.000690705317538,5.96325,5.96325
5.96335,7.3932671512E-05,-0.00051921949489,5.96335,5.96335
5.96345,7.3933573731E-05,-0.000473480526125,5.96345,5.96345
5.96355,7.3913717642E-05,-0.000521119392943,5.96355,5.96355
5.96365,7.390321116E-05,-0.000504583003931,5.96365,5.96365
5.96375,7.3908318882E-05,-0.000621604325715,5.96375,5.96375
5.96385,7.3902810982E-05,-0.000720048614312,5.96385,5.96385
5.96395,7.3915289249E-05,-0.000547929434106,5.96395,5.96395
5.96405,7.3927643825E-05,-0.00074545131065,5.96405,5.96405
5.96415,7.3905175668E-05,-0.000775779772084,5.96415,5.96415
5.96425,7.3910618084E-05,-0.000769235601183,5.96425,5.96425
5.96435,7.3915245594E-05,-0.000662910111714,5.96435,5.96435
5.96445,7.3942275776E-05,-0.00090124522103,5.96445,5.96445
5.96455,7.3887014878E-05,-0.000916937191505,5.96455,5.96455
5.96465,7.3899595009E-05,-0.00071779685095,5.96465,5.96465
5.96475,7.3931798397E-05,-0.001011792686768,5.96475,5.96475
5.96485,7.3902432632E-05,-0.001060979673639,5.96485,5.96485
5.96495,7.3917326517E-05,-0.000792667968199,5.96495,5.96495
5.96505,7.3885865277E-05,-0.000863528170157,5.96505,5.96505
5.96515,7.3905583122E-05,-0.001117836683989,5.96515,5.96515
5.96525,7.3901654105E-05,-0.000937695614994,5.96525,5.96525
5.96535,7.3928371421E-05,-0.000976749695837,5.96535,5.96535
5.96545,7.3920506111E-05,-0.000930166279431,5.96545,5.96545
5.96555,7.3960902228E-05,-0.000916585326195,5.96555,5.96555
5.96565,7.3952949606E-05,-0.001048594946042,5.96565,5.96565
5.96575,7.3937299021E-05,-0.000760017428547,5.96575,5.96575
5.96585,7.3934184911E-05,-0.0007491807919,5.96585,5.96585
5.96595,7.395472494E-05,-0.000683809281327,5.96595,5.96595
5.96605,7.3964125477E-05,-0.000747703074012,5.96605,5.96605
5.96615,7.3915660323E-05,-0.000685498118401,5.96615,5.96615
5.96625,7.391715917E-05,-0.000873309269082,5.96625,5.96625
5.96635,7.3970979429E-05,-0.000884286593646,5.96635,5.96635
5.96645,7.3943221651E-05,-0.000775076099671,5.96645,5.96645
5.96655,7.3946845077E-05,-0.000813144957647,5.96655,5.96655
5.96665,7.3965995398E-05,-0.001007078099065,5.96665,5.96665
5.96675,7.395609282E-05,-0.000802308379207,5.96675,5.96675
5.96685,7.3946554039E-05,-0.000820815039333,5.96685,5.96685
5.96695,7.3922747106E-05,-0.001011229818687,5.96695,5.96695
5.96705,7.3926552432E-05,-0.001081386231817,5.96705,5.96705
5.96715,7.3940114817E-05,-0.00096218357794,5.96715,5.96715
5.96725,7.3937357229E-05,-0.001016225898638,5.96725,5.96725
5.96735,7.3946306657E-05,-0.000895545410458,5.96735,5.96735
5.96745,7.3972827522E-05,-0.000891464122105,5.96745,5.96745
5.96755,7.3937204434E-05,-0.001067805336788,5.96755,5.96755
5.96765,7.3937080742E-05,-0.001023755175993,5.96765,5.96765
5.96775,7.3927272751E-05,-0.000916585326195,5.96775,5.96775
5.96785,7.3921444709E-05,-0.000992863788269,5.96785,5.96785
5.96795,7.3925344623E-05,-0.000860080181155,5.96795,5.96795
5.96805,7.3956573033E-05,-0.000923833227716,5.96805,5.96805
5.96815,7.3896699178E-05,-0.00108026037924,5.96815,5.96815
5.96825,7.3890259955E-05,-0.001086804550141,5.96825,5.96825
5.96835,7.3887415056E-05,-0.001271308399737,5.96835,5.96835
5.96845,7.3927745689E-05,-0.001406484632753,5.96845,5.96845
5.96855,7.3913186498E-05,-0.001190456096083,5.96855,5.96855
5.96865,7.3894065281E-05,-0.001053731772117,5.96865,5.96865
5.96875,7.3918512498E-05,-0.00108997116331,5.96875,5.96875
5.96885,7.3925359175E-05,-0.000908493064344,5.96885,5.96885
5.96895,7.3901021096E-05,-0.000977664371021,5.96895,5.96895
5.96905,7.3877323302E-05,-0.001178845413961,5.96905,5.96905
5.96915,7.3905241152E-05,-0.000888016074896,5.96915,5.96915
5.96925,7.3910370702E-05,-0.001132825040258,5.96925,5.96925
5.96935,7.3923329182E-05,-0.001258431235328,5.96935,5.96935
5.96945,7.3917981354E-05,-0.000960142875556,5.96945,5.96945
5.96955,7.3937881098E-05,-0.000869931594934,5.96955,5.96955
5.96965,7.3942734161E-05,-0.001127899275161,5.96965,5.96965
5.96975,7.3909424827E-05,-0.001102215144783,5.96975,5.96975
5.96985,7.3978451837E-05,-0.001093770959415,5.96985,5.96985
5.96995,7.3941781011E-05,-0.00119531142991,5.96995,5.96995
5.97005,7.3948474892E-05,-0.000999689451419,5.97005,5.97005
5.97015,7.3917857662E-05,-0.000937695614994,5.97015,5.97015
5.97025,7.3916977271E-05,-0.001002011587843,5.97025,5.97025
5.97035,7.3928851634E-05,-0.001060416689143,5.97035,5.97035
5.97045,7.3911629443E-05,-0.000977594056167,5.97045,5.97045
5.97055,7.3932911619E-05,-0.001133387908339,5.97055,5.97055
5.97065,7.3940922448E-05,-0.000940651050769,5.97065,5.97065
5.97075,7.3935705586E-05,-0.000782464689109,5.97075,5.97075
5.97085,7.3964962212E-05,-0.000622589490376,5.97085,5.97085
5.97095,7.3944640462E-05,-0.000714137742762,5.97095,5.97095
5.97105,7.3925599281E-05,-0.000753895437811,5.97105,5.97105
5.97115,7.3917530244E-05,-0.001101933652535,5.97115,5.97115
5.97125,7.3961236922E-05,-0.001079978886992,5.97125,5.97125
5.97135,7.3902650911E-05,-0.001153442659415,5.97135,5.97135
5.97145,7.3916504334E-05,-0.001293755718507,5.97145,5.97145
5.97155,7.3903589509E-05,-0.001080893678591,5.97155,5.97155
5.97165,7.3912866355E-05,-0.001061753719114,5.97165,5.97165
5.97175,7.3918068665E-05,-0.001146335620433,5.97175,5.97175
5.97185,7.3908588092E-05,-0.001021784963086,5.97185,5.97185
5.97195,7.390959945E-05,-0.001186515437439,5.97195,5.97195
5.97205,7.3878036346E-05,-0.001399025670253,5.97205,5.97205
5.97215,7.3917108239E-05,-0.001159705454484,5.97215,5.97215
5.97225,7.392201951E-05,-0.00097864959389,5.97225,5.97225
5.97235,7.3958064604E-05,-0.001167234731838,5.97235,5.97235
5.97245,7.3951290688E-05,-0.001033465960063,5.97245,5.97245
5.97255,7.395643479E-05,-0.001133387908339,5.97255,5.97255
5.97265,7.3944385804E-05,-0.001158931409009,5.97265,5.97265
5.97275,7.396658475E-05,-0.001254490576684,5.97275,5.97275
5.97285,7.3945913755E-05,-0.001093137660064,5.97285,5.97285
5.97295,7.3918607086E-05,-0.000911659619305,5.97295,5.97295
5.97305,7.3940063885E-05,-0.001063653617166,5.97305,5.97305
5.97315,7.3933668318E-05,-0.001041276729666,5.97315,5.97315
5.97325,7.3906026955E-05,-0.000738836766686,5.97325,5.97325
5.97335,7.3943148891E-05,-0.000839321699459,5.97335,5.97335
5.97345,7.3949515354E-05,-0.000843754853122,5.97345,5.97345
5.97355,7.3910261563E-05,-0.000674239301588,5.97355,5.97355
5.97365,7.3867224273E-05,-0.000645458931103,5.97365,5.97365
5.97375,7.3883529694E-05,-0.000452299864264,5.97375,5.97375
5.97385,7.3897790571E-05,-0.000682050129399,5.97385,5.97385
5.97395,7.3919705756E-05,-0.000641799822915,5.97395,5.97395
5.97405,7.3952018283E-05,-0.000709634216037,5.97405,5.97405
5.97415,7.3927381891E-05,-0.000660658348352,5.97415,5.97415
5.97425,7.3934301327E-05,-0.000599790364504,5.97425,5.97425
5.97435,7.3922965385E-05,-0.000599860737566,5.97435,5.97435
5.97445,7.3938565038E-05,-0.000596060883254,5.97445,5.97445
5.97455,7.3957788118E-05,-0.0006960532628,5.97455,5.97455
5.97465,7.3933093518E-05,-0.000512253085617,5.97465,5.97465
5.97475,7.393101987E-05,-0.000519782421179,5.97475,5.97475
5.97485,7.3952891398E-05,-0.000713715562597,5.97485,5.97485
5.97495,7.3975759733E-05,-0.000701260461938,5.97495,5.97495
5.97505,7.3912422522E-05,-0.000890830822755,5.97505,5.97505
5.97515,7.3930954386E-05,-0.001082371454686,5.97515,5.97515
5.97525,7.3961891758E-05,-0.00082130759256,5.97525,5.97525
5.97535,7.3936535046E-05,-0.000865920679644,5.97535,5.97535
5.97545,7.393686974E-05,-0.000693238573149,5.97545,5.97545
5.97555,7.3945666372E-05,-0.000726029858924,5.97555,5.97555
5.97565,7.3938950663E-05,-0.001073856954463,5.97565,5.97565
5.97575,7.3959992733E-05,-0.001148024457507,5.97575,5.97575
5.97585,7.3981427704E-05,-0.001347305485979,5.97585,5.97585
5.97595,7.3989845987E-05,-0.001262653269805,5.97595,5.97595
5.97605,7.3989023804E-05,-0.001169627299532,5.97605,5.97605
5.97615,7.3971503298E-05,-0.001159212901257,5.97615,5.97615
5.97625,7.3970448284E-05,-0.001205655513331,5.97625,5.97625
5.97635,7.3971328675E-05,-0.001087086042389,5.97635,5.97635
5.97645,7.3944596807E-05,-0.001264623482712,5.97645,5.97645
5.97655,7.3939700087E-05,-0.001279048854485,5.97655,5.97655
5.97665,7.3938143032E-05,-0.00127989333123,5.97665,5.97665
5.97675,7.3948554927E-05,-0.001238024560735,5.97675,5.97675
5.97685,7.3947179771E-05,-0.001088774879463,5.97685,5.97685
5.97695,7.394640852E-05,-0.001243653940037,5.97695,5.97695
5.97705,7.393686974E-05,-0.001265890197828,5.97705,5.97705
5.97715,7.3943825555E-05,-0.001124451286159,5.97715,5.97715
5.97725,7.3976429121E-05,-0.000953809823841,5.97725,5.97725
5.97735,7.3960858572E-05,-0.001314091961831,5.97735,5.97735
5.97745,7.3948220233E-05,-0.001310784718953,5.97745,5.97745
5.97755,7.3910843639E-05,-0.001425765338354,5.97755,5.97755
5.97765,7.3904535384E-05,-0.001252942485735,5.97765,5.97765
5.97775,7.3959497968E-05,-0.001153161283582,5.97775,5.97775
5.97785,7.3928102211E-05,-0.001381785608828,5.97785,5.97785
5.97795,7.3930918006E-05,-0.00127834524028,5.97795,5.97795
5.97805,7.391798863E-05,-0.001463552704081,5.97805,5.97805
5.97815,7.3939037975E-05,-0.001441386993974,5.97815,5.97815
5.97825,7.3925672041E-05,-0.001559815602377,5.97825,5.97825
5.97835,7.392999396E-05,-0.001419502659701,5.97835,5.97835
5.97845,7.3934548709E-05,-0.001384811359458,5.97845,5.97845
5.97855,7.3936564149E-05,-0.001375171006657,5.97855,5.97855
5.97865,7.3914896348E-05,-0.001448634779081,5.97865,5.97865
5.97875,7.394261047E-05,-0.001403810689226,5.97875,5.97875
5.97885,7.3916700785E-05,-0.001520620891824,5.97885,5.97885
5.97895,7.3908617196E-05,-0.001281019183807,5.97895,5.97895
5.97905,7.3920564319E-05,-0.001325984136201,5.97905,5.97905
5.97915,7.3899223935E-05,-0.001566500519402,5.97915,5.97915
5.97925,7.3878349212E-05,-0.001447157119401,5.97925,5.97925
5.97935,7.3876202805E-05,-0.00135230156593,5.97935,5.97935
5.97945,7.3887393228E-05,-0.00123204337433,5.97945,5.97945
5.97955,7.3930481449E-05,-0.001390651916154,5.97955,5.97955
5.97965,7.3910654464E-05,-0.001255827606656,5.97965,5.97965
5.97975,7.3920928116E-05,-0.001266242004931,5.97975,5.97975
5.97985,7.3930736107E-05,-0.001231058151461,5.97985,5.97985
5.97995,7.3906092439E-05,-0.001016085152514,5.97995,5.97995
5.98005,7.3915049143E-05,-0.000889564165846,5.98005,5.98005
5.98015,7.3876675742E-05,-0.001002082019113,5.98015,5.98015
5.98025,7.3895775131E-05,-0.00100996310357,5.98025,5.98025
5.98035,7.38755989E-05,-0.000900611921679,5.98035,5.98035
5.98045,7.3880430136E-05,-0.000761917326599,5.98045,5.98045
5.98055,7.3912662629E-05,-0.000932206981815,5.98055,5.98055
5.98065,7.3911425716E-05,-0.001109744422138,5.98065,5.98065
5.98075,7.3909410276E-05,-0.001175256678835,5.98075,5.98075
5.98085,7.3916140536E-05,-0.000876335077919,5.98085,5.98085
5.98095,7.3968287325E-05,-0.000850721262395,5.98095,5.98095
5.98105,7.3963870818E-05,-0.00087914976757,5.98105,5.98105
5.98115,7.3907060141E-05,-0.001098696724512,5.98115,5.98115
5.98125,7.3937029811E-05,-0.001333020860329,5.98125,5.98125
5.98135,7.3919218266E-05,-0.00120277039241,5.98135,5.98135
5.98145,7.3940755101E-05,-0.001077938242815,5.98145,5.98145
5.98155,7.392444968E-05,-0.001148024457507,5.98155,5.98155
5.98165,7.3949202488E-05,-0.001072590355761,5.98165,5.98165
5.98175,7.3949340731E-05,-0.001185460016131,5.98175,5.98175
5.98185,7.3914903624E-05,-0.000969079555944,5.98185,5.98185
5.98195,7.3931965744E-05,-0.001174764125608,5.98195,5.98195
5.98205,7.3951006925E-05,-0.00116702367086,5.98205,5.98205
5.98215,7.3940856964E-05,-0.001074208761565,5.98215,5.98215
5.98225,7.3906943726E-05,-0.000914122501854,5.98225,5.98225
5.98235,7.3929259088E-05,-0.001138735911809,5.98235,5.98235
5.98245,7.3934039392E-05,-0.001056476146914,5.98245,5.98245
5.98255,7.3923103628E-05,-0.000967390777078,5.98255,5.98255
5.98265,7.3941766459E-05,-0.000937977107242,5.98265,5.98265
5.98275,7.3941439041E-05,-0.001012637163512,5.98275,5.98275
5.98285,7.3919036367E-05,-0.000971753557678,5.98285,5.98285
5.98295,7.3898401752E-05,-0.001092574675567,5.98295,5.98295
5.98305,7.3922827141E-05,-0.001148657756858,5.98305,5.98305
5.98315,7.3922521551E-05,-0.000990612083115,5.98315,5.98315
5.98325,7.3916875408E-05,-0.000757976784371,5.98325,5.98325
5.98335,7.3925213655E-05,-0.000639266625512,5.98335,5.98335
5.98345,7.3912924563E-05,-0.000992863788269,5.98345,5.98345
5.98355,7.3930932558E-05,-0.000726240978111,5.98355,5.98355
5.98365,7.391969848E-05,-0.001026218058541,5.98365,5.98365
5.98375,7.3924173194E-05,-0.000840025371872,5.98375,5.98375
5.98385,7.391035615E-05,-0.000852832279634,5.98385,5.98385
5.98395,7.3896102549E-05,-0.000597679347266,5.98395,5.98395
5.98405,7.3927287303E-05,-0.000654465984553,5.98405,5.98405
5.98415,7.3947099736E-05,-0.000581846630666,5.98415,5.98415
5.98425,7.3950439401E-05,-0.000702104880475,5.98425,5.98425
5.98435,7.3943971074E-05,-0.000648766232189,5.98435,5.98435
5.98445,7.3924464232E-05,-0.000600423663855,5.98445,5.98445
5.98455,7.3936680565E-05,-0.000812793150544,5.98455,5.98455
5.98465,7.3926545156E-05,-0.001088352641091,5.98465,5.98465
5.98475,7.3932918895E-05,-0.000745380937587,5.98475,5.98475
5.98485,7.3936906119E-05,-0.000723074423149,5.98485,5.98485
5.98495,7.3947259807E-05,-0.000664247083478,5.98495,5.98495
5.98505,7.3923314631E-05,-0.000563410343602,5.98505,5.98505
5.98515,7.3915274697E-05,-0.00055742909899,5.98515,5.98515
5.98525,7.3919800343E-05,-0.000786897842772,5.98525,5.98525
5.98535,7.3908639024E-05,-0.00033218236058,5.98535,5.98535
5.98545,7.3909177445E-05,-0.000327678833855,5.98545,5.98545
5.98555,7.3912196967E-05,-0.000408320134738,5.98555,5.98555
5.98565,7.3926647019E-05,-0.000631807663012,5.98565,5.98565
5.98575,7.3902599979E-05,-0.000572839577217,5.98575,5.98575
5.98585,7.3914336099E-05,-0.000630470633041,5.98585,5.98585
5.98595,7.3924536991E-05,-0.000566928705666,5.98595,5.98595
5.98605,7.3914299719E-05,-0.000734403613023,5.98605,5.98605
5.98615,7.3921059084E-05,-0.000422464014264,5.98615,5.98615
5.98625,7.3924507888E-05,-0.000506694021169,5.98625,5.98625
5.98635,7.3930939834E-05,-0.00030607599183,5.98635,5.98635
5.98645,7.3933151725E-05,-0.000391009700252,5.98645,5.98645
5.98655,7.3942552262E-05,-0.000267584924586,5.98655,5.98655
5.98665,7.3920826253E-05,-0.000485865224618,5.98665,5.98665
5.98675,7.3931492807E-05,-0.000853887817357,5.98675,5.98675
5.98685,7.3898605478E-05,-0.000756428693421,5.98685,5.98685
5.98695,7.3913921369E-05,-0.000870072341058,5.98695,5.98695
5.98705,7.389773964E-05,-0.000834325619508,5.98705,5.98705
5.98715,7.392133557E-05,-0.000823207548819,5.98715,5.98715
5.98725,7.3883296864E-05,-0.000841362401843,5.98725,5.98725
5.98735,7.3898248957E-05,-0.000591064803302,5.98735,5.98735
5.98745,7.3920586146E-05,-0.000393191090552,5.98745,5.98745
5.98755,7.3916315159E-05,-0.000524989620317,5.98755,5.98755
5.98765,7.3922907177E-05,-0.000262307352386,5.98765,5.98765
5.98775,7.3921619332E-05,-0.000592401775066,5.98775,5.98775
5.98785,7.3928218626E-05,-0.000622800609563,5.98785,5.98785
5.98795,7.3908006016E-05,-0.000454551627627,5.98795,5.98795
5.98805,7.3934206739E-05,-0.000416412396589,5.98805,5.98805
5.98815,7.3961942689E-05,-0.00049276126083,5.98815,5.98815
5.98825,7.3942312156E-05,-0.000535966944881,5.98825,5.98825
5.98835,7.3944742326E-05,-0.000686764717102,5.98835,5.98835
5.98845,7.395085413E-05,-0.000345622596797,5.98845,5.98845
5.98855,7.3917137343E-05,-0.000806460040621,5.98855,5.98855
5.98865,7.391932013E-05,-0.000839040265419,5.98865,5.98865
5.98875,7.3926581535E-05,-0.000807304459158,5.98875,5.98875
5.98885,7.3887415056E-05,-0.00070506031625,5.98885,5.98885
5.98895,7.3938324931E-05,-0.000820040993858,5.98895,5.98895
5.98905,7.3908748163E-05,-0.000725466932636,5.98905,5.98905
5.98915,7.389732491E-05,-0.00074953265721,5.98915,5.98915
5.98925,7.3912473454E-05,-0.000486780016217,5.98925,5.98925
5.98935,7.3906870966E-05,-0.000560736341868,5.98935,5.98935
5.98945,7.3891940701E-05,-0.000746858655475,5.98945,5.98945
5.98955,7.3951079685E-05,-0.000836929189973,5.98955,5.98955
5.98965,7.3908238846E-05,-0.000606616027653,5.98965,5.98965
5.98975,7.3923474702E-05,-0.000393824389903,5.98975,5.98975
5.98985,7.3869225162E-05,-0.000133464258397,5.98985,5.98985
5.98995,7.3874580266E-05,-0.000462292082375,5.98995,5.98995
5.99005,7.3918119597E-05,-0.000331619434291,5.99005,5.99005
5.99015,7.39133975E-05,-0.000423871359089,5.99015,5.99015
5.99025,7.3929673817E-05,-0.000622870982625,5.99025,5.99025
5.99035,7.3919669376E-05,-0.000701330835,5.99035,5.99035
5.99045,7.3889212217E-05,-0.000459547736682,5.99045,5.99045
5.99055,7.3887102189E-05,-0.000758469337597,5.99055,5.99055
5.99065,7.3896837421E-05,-0.000681557517964,5.99065,5.99065
5.99075,7.3889183113E-05,-0.000387561682146,5.99075,5.99075
5.99085,7.389113307E-05,-0.000488609541208,5.99085,5.99085
5.99095,7.3896073445E-05,-0.00058100221213,5.99095,5.99095
5.99105,7.3904280725E-05,-0.000440196658019,5.99105,5.99105
5.99115,7.3888870247E-05,-0.000612175092101,5.99115,5.99115
5.99125,7.3898285336E-05,-0.000611401046626,5.99125,5.99125
5.99135,7.3890812928E-05,-0.000532096717507,5.99135,5.99135
5.99145,7.3896269896E-05,-0.00058163551148,5.99145,5.99145
5.99155,7.390454266E-05,-0.000613652809989,5.99155,5.99155
5.99165,7.3908384365E-05,-0.00081483379472,5.99165,5.99165
5.99175,7.3931943916E-05,-0.00077345763566,5.99175,5.99175
5.99185,7.3934665124E-05,-0.000827429583296,5.99185,5.99185
5.99195,7.3930510553E-05,-0.000850791635457,5.99195,5.99195
5.99205,7.3916344263E-05,-0.000904693210032,5.99205,5.99205
5.99215,7.3953924584E-05,-0.000775357533712,5.99215,5.99215
5.99225,7.3906674515E-05,-0.000827148091048,5.99225,5.99225
5.99235,7.3904899182E-05,-0.000610627001151,5.99235,5.99235
5.99245,7.3914095992E-05,-0.000842699373607,5.99245,5.99245
5.99255,7.3922150477E-05,-0.000827640702482,5.99255,5.99255
5.99265,7.3944916949E-05,-0.000967179657891,5.99265,5.99265
5.99275,7.3917530244E-05,-0.000884356966708,5.99275,5.99275
5.99285,7.3914387031E-05,-0.000826303730719,5.99285,5.99285
5.99295,7.3884082667E-05,-0.000833692320157,5.99295,5.99295
5.99305,7.388042286E-05,-0.001046906108968,5.99305,5.99305
5.99315,7.3865696322E-05,-0.001096796826459,5.99315,5.99315
5.99325,7.3880481068E-05,-0.001002996810712,5.99325,5.99325
5.99335,7.3877978139E-05,-0.001014326000586,5.99335,5.99335
5.99345,7.388155791E-05,-0.001122129149735,5.99345,5.99345
5.99355,7.3887094914E-05,-0.001090463716537,5.99355,5.99355
5.99365,7.3851886555E-05,-0.001042965566739,5.99365,5.99365
5.99375,7.3852905189E-05,-0.000794356805272,5.99375,5.99375
5.99385,7.3913535743E-05,-0.000927773769945,5.99385,5.99385
5.99395,7.3897499533E-05,-0.00092327024322,5.99395,5.99395
5.99405,7.3888106272E-05,-0.001093137660064,5.99405,5.99405
5.99415,7.384861965E-05,-0.000901315594092,5.99415,5.99415
5.99425,7.3907605838E-05,-0.000804419396445,5.99425,5.99425
5.99435,7.3869363405E-05,-0.001133458339609,5.99435,5.99435
5.99445,7.3856695963E-05,-0.001070901518688,5.99445,5.99445
5.99455,7.3897339462E-05,-0.001139580272138,5.99455,5.99455
5.99465,7.3907162005E-05,-0.001182997133583,5.99465,5.99465
5.99475,7.3896524555E-05,-0.001051761559211,5.99475,5.99475
5.99485,7.3847491876E-05,-0.000985827064142,5.99485,5.99485
5.99495,7.3908777267E-05,-0.001011792686768,5.99495,5.99495
5.99505,7.3917224654E-05,-0.001049017184414,5.99505,5.99505
5.99515,7.3900293501E-05,-0.001044021104462,5.99515,5.99515
5.99525,7.3910574429E-05,-0.000957539305091,5.99525,5.99525
5.99535,7.3935283581E-05,-0.000707312079612,5.99535,5.99535
5.99545,7.3904928286E-05,-0.00083439599257,5.99545,5.99545
5.99555,7.3906237958E-05,-0.000835592218209,5.99555,5.99555
5.99565,7.3909053754E-05,-0.000829610973597,5.99565,5.99565
5.99575,7.3898321716E-05,-0.001064005540684,5.99575,5.99575
5.99585,7.3884133599E-05,-0.000933403207455,5.99585,5.99585
5.99595,7.3912699008E-05,-0.000915389100555,5.99595,5.99595
5.99605,7.3877912655E-05,-0.001231198897585,5.99605,5.99605
5.99615,7.3884104495E-05,-0.001213677343912,5.99615,5.99615
5.99625,7.3876930401E-05,-0.00121402926743,5.99625,5.99625
5.99635,7.3886621976E-05,-0.001073293969966,5.99635,5.99635
5.99645,7.3905823228E-05,-0.000973934947979,5.99645,5.99645
5.99655,7.389793609E-05,-0.001051831874065,5.99655,5.99655
5.99665,7.3896451795E-05,-0.000884990266059,5.99665,5.99665
5.99675,7.389390521E-05,-0.000867328024469,5.99675,5.99675
5.99685,7.3884017183E-05,-0.000975764531177,5.99685,5.99685
5.99695,7.3899464041E-05,-0.000991667620838,5.99695,5.99695
5.99705,7.3903524026E-05,-0.001092293299735,5.99705,5.99705
5.99715,7.3903618613E-05,-0.001234646886587,5.99715,5.99715
5.99725,7.391613326E-05,-0.001188978319988,5.99725,5.99725
5.99735,7.3909082857E-05,-0.000879712693859,5.99735,5.99735
5.99745,7.3925693869E-05,-0.00098758621607,5.99745,5.99745
5.99755,7.3950344813E-05,-0.000860572734382,5.99755,5.99755
5.99765,7.3933493695E-05,-0.001018899842165,5.99765,5.99765
5.99775,7.391798863E-05,-0.000938047480304,5.99775,5.99775
5.99785,7.3940871516E-05,-0.001149431802332,5.99785,5.99785
5.99795,7.3915296525E-05,-0.001093208091334,5.99795,5.99795
5.99805,7.3916351539E-05,-0.000695982889738,5.99805,5.99805
5.99815,7.3899806011E-05,-0.000746506848373,5.99815,5.99815
5.99825,7.3914990935E-05,-0.001181097235531,5.99825,5.99825
5.99835,7.3950744991E-05,-0.000867398397531,5.99835,5.99835
5.99845,7.3913499364E-05,-0.000529141281731,5.99845,5.99845
5.99855,7.3953364335E-05,-0.000765857927036,5.99855,5.99855
5.99865,7.3966170021E-05,-0.000674591166899,5.99865,5.99865
5.99875,7.3949173384E-05,-0.000823137175757,5.99875,5.99875
5.99885,7.3928844358E-05,-0.000624841253739,5.99885,5.99885
5.99895,7.3930365033E-05,-0.000840166117996,5.99895,5.99895
5.99905,7.390720566E-05,-0.000740947783925,5.99905,5.99905
5.99915,7.3874536611E-05,-0.000806882220786,5.99915,5.99915
5.99925,7.3884337326E-05,-0.001095389481634,5.99925,5.99925
5.99935,7.3903844168E-05,-0.000995819224045,5.99935,5.99935
5.99945,7.3896560934E-05,-0.000973231275566,5.99945,5.99945
5.99955,7.3882598372E-05,-0.001055561355315,5.99955,5.99955
5.99965,7.3915471148E-05,-0.000798156659584,5.99965,5.99965
5.99975,7.3939372669E-05,-0.00124316138681,5.99975,5.99975
5.99985,7.391309191E-05,-0.001137539627962,5.99985,5.99985
5.99995,7.3933981184E-05,-0.001116429339163,5.99995,5.99995
6.00005,7.7029762906E-05,9.98886299133301,6.00005,6.00005
6.00015,0.000101606936369,9.99481773376465,6.00015,6.00015
6.00025,0.000101900019217,9.99475574493408,6.00025,6.00025
6.00035,0.000102032856375,9.99479007720947,6.00035,6.00035
6.00045,0.000102043974039,9.99484825134277,6.00045,6.00045
6.00055,0.000102061552752,9.9946756362915,6.00055,6.00055
6.00065,0.000102072182926,9.9951696395874,6.00065,6.00065
6.00075,0.000102082463854,9.99528884887695,6.00075,6.00075
6.00085,0.000102090838482,9.99495220184326,6.00085,6.00085
6.00095,0.000102070567664,9.9949426651001,6.00095,6.00095
6.00105,9.5185467217E-05,0.014897478744388,6.00105,6.00105
6.00115,4.4569253077E-05,-0.000987797393464,6.00115,6.00115
6.00125,4.3336600356E-05,-0.000875631405506,6.00125,6.00125
6.00135,4.3408908823E-05,-0.000832636782434,6.00135,6.00135
6.00145,4.3572847062E-05,-0.001138806226663,6.00145,6.00145
6.00155,4.3711734179E-05,-0.00095282465918,6.00155,6.00155
6.00165,4.3838310376E-05,-0.000886749476194,6.00165,6.00165
6.00175,4.3934211135E-05,-0.001026147743687,6.00175,6.00175
6.00185,4.4071523007E-05,-0.000971542438492,6.00185,6.00185
6.00195,4.4202486606E-05,-0.001086523174308,6.00195,6.00195
6.00205,7.4321615102E-05,9.96860790252686,6.00205,6.00205
6.00215,0.000101666104456,9.99469947814941,6.00215,6.00215
6.00225,0.000101963116322,9.9942569732666,6.00225,6.00225
6.00235,0.000102029465779,9.99450016021729,6.00235,6.00235
6.00245,0.000102044214145,9.99437713623047,6.00245,6.00245
6.00255,0.000102085396065,9.99427700042725,6.00255,6.00255
6.00265,0.000102109494037,9.99477672576904,6.00265,6.00265
6.00275,0.000102106700069,9.99466991424561,6.00275,6.00275
6.00285,0.000102118225186,9.99455261230469,6.00285,6.00285
6.00295,0.000102114769106,9.99459266662598,6.00295,6.00295
6.00305,9.2002293968E-05,0.034868016839027,6.00305,6.00305
6.00315,4.0713661292E-05,-0.001074279192835,6.00315,6.00315
6.00325,3.958794332E-05,-0.001124451286159,6.00325,6.00325
6.00335,3.9615366404E-05,-0.001241613295861,6.00335,6.00335
6.00345,3.9740669308E-05,-0.000829259166494,6.00345,6.00345
6.00355,3.9852769987E-05,-0.00103613990359,6.00355,6.00355
6.00365,4.0007278585E-05,-0.000961550220381,6.00365,6.00365
6.00375,4.0125763917E-05,-0.001122129149735,6.00375,6.00375
6.00385,4.023090878E-05,-0.00092699972447,6.00385,6.00385
6.00395,4.0329188778E-05,-0.001277360017411,6.00395,6.00395
6.00405,7.3560477176E-05,9.94847297668457,6.00405,6.00405
6.00415,0.000101696772617,9.99437713623047,6.00415,6.00415
6.00425,0.000101979268948,9.99466896057129,6.00425,6.00425
6.00435,0.000102066980617,9.99490928649902,6.00435,6.00435
6.00445,0.000102094731119,9.99486541748047,6.00445,6.00445
6.00455,0.000102077894553,9.99453067779541,6.00455,6.00455
6.00465,0.000102097030322,9.99487209320068,6.00465,6.00465
6.00475,0.000102085592516,9.99483013153076,6.00475,6.00475
6.00485,0.000102076330222,9.99501800537109,6.00485,6.00485
6.00495,0.000102101243101,9.99530792236328,6.00495,6.00495
6.00505,9.0194102086E-05,0.054851289838552,6.00505,6.00505
6.00515,3.8630623749E-05,-0.00128510047216,6.00515,6.00515
6.00525,3.7532612623E-05,-0.001268986263312,6.00525,6.00525
6.00535,3.7517173041E-05,-0.000787390395999,6.00535,6.00535
6.00545,3.763246059E-05,-0.000801534333732,6.00545,6.00545
6.00555,3.7736317609E-05,-0.00081230053911,6.00555,6.00555
6.00565,3.7843645259E-05,-0.000775216845796,6.00565,6.00565
6.00575,3.7931262341E-05,-0.000666006293613,6.00575,6.00575
6.00585,3.8044996472E-05,-0.000733559194487,6.00585,6.00585
6.00595,3.8144036807E-05,-0.001017211005092,6.00595,6.00595
6.00605,7.3013216024E-05,9.92873287200928,6.00605,6.00605
6.00615,0.000101717283542,9.99472141265869,6.00615,6.00615
6.00625,0.000101983678178,9.99482727050781,6.00625,6.00625
6.00635,0.000102036450699,9.99500942230225,6.00635,6.00635
6.00645,0.000102049896668,9.9946985244751,6.00645,6.00645
6.00655,0.000102060010249,9.99465465545654,6.00655,6.00655
6.00665,0.000102064179373,9.99458312988281,6.00665,6.00665
6.00675,0.000102075449831,9.9946813583374,6.00675,6.00675
6.00685,0.000102064805105,9.99471187591553,6.00685,6.00685
6.00695,0.000102064535895,9.99458980560303,6.00695,6.00695
6.00705,8.8947061158E-05,0.075328759849071,6.00705,6.00705
6.00715,3.7111909478E-05,-0.000616326753516,6.00715,6.00715
6.00725,3.6069392081E-05,-0.000753754691686,6.00725,6.00725
6.00735,3.6081099097E-05,-0.000699149444699,6.00735,6.00735
6.00745,3.6135348637E-05,-0.000846358481795,6.00745,6.00745
6.00755,3.6252244172E-05,-0.000830596138258,6.00755,6.00755
6.00765,3.6390218156E-05,-0.00082011136692,6.00765,6.00765
6.00775,3.6446956074E-05,-0.000837914354634,6.00775,6.00775
6.00785,3.6552497477E-05,-0.00101819622796,6.00785,6.00785
6.00795,3.6633227865E-05,-0.000951135822106,6.00795,6.00795
6.00805,7.2560746048E-05,9.90860366821289,6.00805,6.00805
6.00815,0.000101660494693,9.99462890625,6.00815,6.00815
6.00825,0.000101929537777,9.99480056762695,6.00825,6.00825
6.00835,0.000102011028503,9.99452781677246,6.00835,6.00835
6.00845,0.0001020615382,9.99445247650146,6.00845,6.00845
6.00855,0.000102046367829,9.99479866027832,6.00855,6.00855
6.00865,0.000102076548501,9.9944429397583,6.00865,6.00865
6.00875,0.000102093319583,9.99426746368408,6.00875,6.00875
6.00885,0.000102095626062,9.99429321289063,6.00885,6.00885
6.00895,0.000102055884781,9.99433994293213,6.00895,6.00895
6.00905,8.7968874141E-05,0.095078766345978,6.00905,6.00905
6.00915,3.6017729144E-05,-0.001064357347786,6.00915,6.00915
6.00925,3.5006862163E-05,-0.00090124522103,6.00925,6.00925
6.00935,3.4945340303E-05,-0.000978719908744,6.00935,6.00935
6.00945,3.5013330489E-05,-0.001181800849736,6.00945,6.00945
6.00955,3.5096956708E-05,-0.000981745775789,6.00955,6.00955
6.00965,3.5209730413E-05,-0.000633003888652,6.00965,6.00965
6.00975,3.528378511E-05,-0.000898641592357,6.00975,6.00975
6.00985,3.5382767237E-05,-0.000686201790813,6.00985,6.00985
6.00995,3.5452954762E-05,-0.000578117149416,6.00995,6.00995
6.01005,7.2183633165E-05,9.88901996612549,6.01005,6.01005
6.01015,0.000101691941381,9.99483585357666,6.01015,6.01015
6.01025,0.000101941783214,9.99513244628906,6.01025,6.01025
6.01035,0.000101998419268,9.99534893035889,6.01035,6.01035
6.01045,0.000102018588223,9.99495124816895,6.01045,6.01045
6.01055,0.000102045982203,9.99494934082031,6.01055,6.01055
6.01065,0.000102042678918,9.99462699890137,6.01065,6.01065
6.01075,0.000102058613265,9.9948787689209,6.01075,6.01075
6.01085,0.000102067140688,9.99489974975586,6.01085,6.01085
6.01095,0.000102073252492,9.99484825134277,6.01095,6.01095
6.01105,8.7215325038E-05,0.115222685039043,6.01105,6.01105
6.01115,3.5111581383E-05,-0.000929603353143,6.01115,6.01115
6.01125,3.4093151044E-05,-0.000860080181155,6.01125,6.01125
6.01135,3.4080116166E-05,-0.000904271029867,6.01135,6.01135
6.01145,3.4134332964E-05,-0.000895826902706,6.01145,6.01145
6.01155,3.4226788557E-05,-0.001118540414609,6.01155,6.01155
6.01165,3.4312430216E-05,-0.001023614429869,6.01165,6.01165
6.01175,3.4401004086E-05,-0.001164631103165,6.01175,6.01175
6.01185,3.4492863051E-05,-0.000854169251397,6.01185,6.01185
6.01195,3.4587497794E-05,-0.000872746342793,6.01195,6.01195
6.01205,7.1900809417E-05,9.86900901794434,6.01205,6.01205
6.01215,0.000101670215372,9.99491214752197,6.01215,6.01215
6.01225,0.000101953708509,9.99511051177979,6.01225,6.01225
6.01235,0.000102033416624,9.9951114654541,6.01235,6.01235
6.01245,0.000102072684967,9.99503612518311,6.01245,6.01245
6.01255,0.00010207296873,9.99481582641602,6.01255,6.01255
6.01265,0.000102085432445,9.99485111236572,6.01265,6.01265
6.01275,0.00010207669402,9.9948787689209,6.01275,6.01275
6.01285,0.000102067104308,9.99483489990234,6.01285,6.01285
6.01295,0.000102081605291,9.99478149414063,6.01295,6.01295
6.01305,8.6583058874E-05,0.134763985872269,6.01305,6.01305
6.01315,3.4373606468E-05,-0.001070549711585,6.01315,6.01315
6.01325,3.3379568777E-05,-0.000797664106358,6.01325,6.01325
6.01335,3.3336280467E-05,-0.000736866495572,6.01335,6.01335
6.01345,3.3395248465E-05,-0.000789712532423,6.01345,6.01345
6.01355,3.3475935197E-05,-0.000693731126375,6.01355,6.01355
6.01365,3.3572749089E-05,-0.000542581488844,6.01365,6.01365
6.01375,3.3655698644E-05,-0.000838477280922,6.01375,6.01375
6.01385,3.3748885471E-05,-0.000960494740866,6.01385,6.01385
6.01395,3.3821397665E-05,-0.000637366669253,6.01395,6.01395
6.01405,7.1567679697E-05,9.84903621673584,6.01405,6.01405
6.01415,0.000101669815194,9.99491405487061,6.01415,6.01415
6.01425,0.000101955767605,9.99477481842041,6.01425,6.01425
6.01435,0.000102008627437,9.99475193023682,6.01435,6.01435
6.01445,0.000102042962681,9.9948263168335,6.01445,6.01445
6.01455,0.000102069978311,9.99481296539307,6.01455,6.01455
6.01465,0.000102075769973,9.99506092071533,6.01465,6.01465
6.01475,0.000102084108221,9.99513053894043,6.01475,6.01475
6.01485,0.000102069650893,9.99506187438965,6.01485,6.01485
6.01495,0.000102106409031,9.99482250213623,6.01495,6.01495
6.01505,8.6089363322E-05,0.155319198966026,6.01505,6.01505
6.01515,3.3745694964E-05,-0.000602112500928,6.01515,6.01515
6.01525,3.2799362089E-05,-0.000862543005496,6.01525,6.01525
6.01535,3.2718522561E-05,-0.000958383723628,6.01535,6.01535
6.01545,3.2771138649E-05,-0.000872535223607,6.01545,6.01545
6.01555,3.2887066482E-05,-0.000700979027897,6.01555,6.01555
6.01565,3.297289004E-05,-0.000838618027046,6.01565,6.01565
6.01575,3.3057218388E-05,-0.000620689534117,6.01575,6.01575
6.01585,3.3132997487E-05,-0.000930658890866,6.01585,6.01585
6.01595,3.3215252188E-05,-0.00099511560984,6.01595,6.01595
6.01605,7.1344038588E-05,9.82851982116699,6.01605,6.01605
6.01615,0.000101675788756,9.99432754516602,6.01615,6.01615
6.01625,0.000101963058114,9.9947452545166,6.01625,6.01625
6.01635,0.000101995763544,9.99457454681396,6.01635,6.01635
6.01645,0.000102036472526,9.99455547332764,6.01645,6.01645
6.01655,0.000102067278931,9.9945182800293,6.01655,6.01655
6.01665,0.000102075158793,9.99458408355713,6.01665,6.01665
6.01675,0.000102066478576,9.99465656280518,6.01675,6.01675
6.01685,0.000102051068097,9.99438858032227,6.01685,6.01685
6.01695,0.000102071950096,9.99430465698242,6.01695,6.01695
6.01705,8.5625637439E-05,0.174748539924622,6.01705,6.01705
6.01715,3.3157641155E-05,-0.00098449003417,6.01715,6.01715
6.01725,3.2209907658E-05,-0.000933895760681,6.01725,6.01725
6.01735,3.2154948713E-05,-0.000820815039333,6.01735,6.01735
6.01745,3.2184612792E-05,-0.001066116499715,6.01745,6.01745
6.01755,3.2260271837E-05,-0.000846710288897,6.01755,6.01755
6.01765,3.2295341953E-05,-0.001065835007466,6.01765,6.01765
6.01775,3.2358035241E-05,-0.000684161146637,6.01775,6.01775
6.01785,3.2488471334E-05,-0.000763606163673,6.01785,6.01785
6.01795,3.2576695958E-05,-0.000749603030272,6.01795,6.01795
6.01805,7.103979442E-05,9.80876541137695,6.01805,6.01805
6.01815,0.000101670077129,9.99464321136475,6.01815,6.01815
6.01825,0.000101960315078,9.99463081359863,6.01825,6.01825
6.01835,0.00010201929399,9.99465751647949,6.01835,6.01835
6.01845,0.000102051148133,9.99432849884033,6.01845,6.01845
6.01855,0.000102062440419,9.99438285827637,6.01855,6.01855
6.01865,0.000102091966255,9.99473571777344,6.01865,6.01865
6.01875,0.000102076119219,9.99486637115479,6.01875,6.01875
6.01885,0.000102111247543,9.99485397338867,6.01885,6.01885
6.01895,0.000102107107523,9.9946985244751,6.01895,6.01895
6.01905,8.5214029241E-05,0.195100262761116,6.01905,6.01905
6.01915,3.2590229239E-05,-0.000932910654228,6.01915,6.01915
6.01925,3.1679584936E-05,-0.000936569762416,6.01925,6.01925
6.01935,3.1608298741E-05,-0.000731659296434,6.01935,6.01935
6.01945,3.1661100365E-05,-0.000780001806561,6.01945,6.01945
6.01955,3.172146171E-05,-0.000712378532626,6.01955,6.01955
6.01965,3.1828905776E-05,-0.001005178201012,6.01965,6.01965
6.01975,3.1900410249E-05,-0.001265256782062,6.01975,6.01975
6.01985,3.1972849683E-05,-0.001243724371307,6.01985,6.01985
6.01995,3.2010408177E-05,-0.001325069344603,6.01995,6.01995
6.02005,7.0781541581E-05,9.78843879699707,6.02005,6.02005
6.02015,0.000101681944216,9.99424076080322,6.02015,6.02015
6.02025,0.000101958801679,9.99472427368164,6.02025,6.02025
6.02035,0.000102037265606,9.9946985244751,6.02035,6.02035
6.02045,0.000102037964098,9.99467277526855,6.02045,6.02045
6.02055,0.000102056110336,9.99473285675049,6.02055,6.02055
6.02065,0.000102086232801,9.99498558044434,6.02065,6.02065
6.02075,0.000102072277514,9.99452495574951,6.02075,6.02075
6.02085,0.000102090387372,9.99497032165527,6.02085,6.02085
6.02095,0.000102101934317,9.99488353729248,6.02095,6.02095
6.02105,8.4882769443E-05,0.214517295360565,6.02105,6.02105
6.02115,3.2142404962E-05,-0.001200096448883,6.02115,6.02115
6.02125,3.118206223E-05,-0.001264412421733,6.02125,6.02125
6.02135,3.1099196349E-05,-0.001166531117633,6.02135,6.02135
6.02145,3.117649976E-05,-0.001123184687458,6.02145,6.02145
6.02155,3.1210121961E-05,-0.001009048428386,6.02155,6.02155
6.02165,3.1277864764E-05,-0.000718500523362,6.02165,6.02165
6.02175,3.140175977E-05,-0.000664810067974,6.02175,6.02175
6.02185,3.1452826079E-05,-0.000740455230698,6.02185,6.02185
6.02195,3.154220758E-05,-0.000581494823564,6.02195,6.02195
6.02205,7.0511377999E-05,9.76905250549316,6.02205,6.02205
6.02215,0.000101703204564,9.99463367462158,6.02215,6.02215
6.02225,0.000101993900898,9.9948787689209,6.02225,6.02225
6.02235,0.000102044243249,9.99483203887939,6.02235,6.02235
6.02245,0.000102065467217,9.99499607086182,6.02245,6.02245
6.02255,0.000102103396785,9.99497413635254,6.02255,6.02255
6.02265,0.000102093923488,9.99476432800293,6.02265,6.02265
6.02275,0.00010207737796,9.99459743499756,6.02275,6.02275
6.02285,0.000102096579212,9.99451446533203,6.02285,6.02285
6.02295,0.000102113976027,9.99449443817139,6.02295,6.02295
6.02305,8.4611194325E-05,0.234651580452919,6.02305,6.02305
6.02315,3.1732633943E-05,-0.00119756325148,6.02315,6.02315
6.02325,3.083770207E-05,-0.001237813499756,6.02325,6.02325
6.02335,3.0731833249E-05,-0.00090342661133,6.02335,6.02335
6.02345,3.0756793421E-05,-0.000826374103781,6.02345,6.02345
6.02355,3.0851060728E-05,-0.000750799255911,6.02355,6.02355
6.02365,3.0937764677E-05,-0.00113254354801,6.02365,6.02365
6.02375,3.1034735002E-05,-0.001046554301865,6.02375,6.02375
6.02385,3.1079689506E-05,-0.001149220624939,6.02385,6.02385
6.02395,3.111992919E-05,-0.001018407288939,6.02395,6.02395
6.02405,7.0313755714E-05,9.74848747253418,6.02405,6.02405
6.02415,0.00010166544962,9.99443626403809,6.02415,6.02415
6.02425,0.000101968522358,9.99438285827637,6.02425,6.02425
6.02435,0.000102019053884,9.9944953918457,6.02435,6.02435
6.02445,0.000102038029581,9.99432563781738,6.02445,6.02445
6.02455,0.000102056088508,9.99469470977783,6.02455,6.02455
6.02465,0.000102061239886,9.99464702606201,6.02465,6.02465
6.02475,0.00010208117601,9.99433422088623,6.02475,6.02475
6.02485,0.000102067897387,9.99446487426758,6.02485,6.02485
6.02495,0.000102069294371,9.99446201324463,6.02495,6.02495
6.02505,8.4387502284E-05,0.254801422357559,6.02505,6.02505
6.02515,3.1422197935E-05,-0.001068931189366,6.02515,6.02515
6.02525,3.0485591196E-05,-0.000940651050769,6.02525,6.02525
6.02535,3.0412033084E-05,-0.000847695453558,6.02535,6.02535
6.02545,3.0427298043E-05,-0.000739047885872,6.02545,6.02545
6.02555,3.048230792E-05,-0.000820463174023,6.02555,6.02555
6.02565,3.0557017453E-05,-0.000897304620594,6.02565,6.02565
6.02575,3.064023258E-05,-0.000721948570572,6.02575,6.02575
6.02585,3.0717765185E-05,-0.00064447382465,6.02585,6.02585
6.02595,3.0776329368E-05,-0.000729055667762,6.02595,6.02595
6.02605,7.0075402618E-05,9.72896671295166,6.02605,6.02605
6.02615,0.000101663135865,9.99469947814941,6.02615,6.02615
6.02625,0.000101959391031,9.99470615386963,6.02625,6.02625
6.02635,0.000102024401713,9.99477386474609,6.02635,6.02635
6.02645,0.00010205637227,9.99472045898438,6.02645,6.02645
6.02655,0.000102064790553,9.99463176727295,6.02655,6.02655
6.02665,0.000102074453025,9.99447250366211,6.02665,6.02665
6.02675,0.000102079720818,9.99429130554199,6.02675,6.02675
6.02685,0.000102070145658,9.99435901641846,6.02685,6.02685
6.02695,0.000102073936432,9.99475955963135,6.02695,6.02695
6.02705,8.408906433E-05,0.275361061096191,6.02705,6.02705
6.02715,3.1014438719E-05,-0.000801534333732,6.02715,6.02715
6.02725,3.0060835343E-05,-0.000487413315568,6.02725,6.02725
6.02735,3.0026110835E-05,-6.5348409407E-05,6.02735,6.02735
6.02745,3.0059120036E-05,0.000134495596285,6.02745,6.02745
6.02755,3.0128232538E-05,-0.000261744396994,6.02755,6.02755
6.02765,3.0257151593E-05,-0.000528719101567,6.02765,6.02765
6.02775,3.0283299566E-05,-0.000532589328941,6.02775,6.02775
6.02785,3.0343328035E-05,-0.000642362807412,6.02785,6.02785
6.02795,3.0410810723E-05,-0.000620408100076,6.02795,6.02795
6.02805,6.9852721936E-05,9.70883655548096,6.02805,6.02805
6.02815,0.000101730867755,9.99473094940186,6.02815,6.02815
6.02825,0.000101974546851,9.99472808837891,6.02825,6.02825
6.02835,0.000102065496321,9.99468231201172,6.02835,6.02835
6.02845,0.000102074118331,9.99482250213623,6.02845,6.02845
6.02855,0.000102069265267,9.99472999572754,6.02855,6.02855
6.02865,0.000102064754174,9.99465847015381,6.02865,6.02865
6.02875,0.000102088459244,9.99444675445557,6.02875,6.02875
6.02885,0.000102084923128,9.99476718902588,6.02885,6.02885
6.02895,0.000102061392681,9.99478721618652,6.02895,6.02895
6.02905,8.3971644926E-05,0.2952541410923,6.02905,6.02905
6.02915,3.073816697E-05,-0.000389320863178,6.02915,6.02915
6.02925,2.9798780815E-05,-0.000652214221191,6.02925,6.02925
6.02935,2.9750177418E-05,-0.000728703860659,6.02935,6.02935
6.02945,2.9757340599E-05,-0.000532730075065,6.02945,6.02945
6.02955,2.9817518225E-05,-0.000258014915744,6.02955,6.02955
6.02965,2.9911056117E-05,-0.000580580031965,6.02965,6.02965
6.02975,2.9975586585E-05,-0.000971261004452,6.02975,6.02975
6.02985,3.0081604564E-05,-0.000747280893847,6.02985,6.02985
6.02995,3.0103934478E-05,-0.000395583600039,6.02995,6.02995
6.03005,6.9654175604E-05,9.68865871429443,6.03005,6.03005
6.03015,0.000101696423371,9.99437046051025,6.03015,6.03015
6.03025,0.000102014651929,9.9944429397583,6.03025,6.03025
6.03035,0.000102063364466,9.99446296691895,6.03035,6.03035
6.03045,0.000102101301309,9.99458789825439,6.03045,6.03045
6.03055,0.000102121281088,9.99447917938232,6.03055,6.03055
6.03065,0.000102119447547,9.99464511871338,6.03065,6.03065
6.03075,0.000102115416666,9.99418258666992,6.03075,6.03075
6.03085,0.000102116100607,9.9942455291748,6.03085,6.03085
6.03095,0.000102126214188,9.9940357208252,6.03095,6.03095
6.03105,8.3769082266E-05,0.314817309379578,6.03105,6.03105
6.03115,3.0411401895E-05,-0.001016296213493,6.03115,6.03115
6.03125,2.9519536838E-05,-0.000937062315643,6.03125,6.03125
6.03135,2.945478991E-05,-0.00098821951542,6.03135,6.03135
6.03145,2.9499084121E-05,-0.001193481846713,6.03145,6.03145
6.03155,2.9525413993E-05,-0.000966687104665,6.03155,6.03155
6.03165,2.9597867979E-05,-0.000754317617975,6.03165,6.03165
6.03175,2.9626244213E-05,-0.000964435341302,6.03175,6.03175
6.03185,2.9689339499E-05,-0.000870213087182,6.03185,6.03185
6.03195,2.9785232982E-05,-0.001054646563716,6.03195,6.03195
6.03205,6.94311384E-05,9.66867733001709,6.03205,6.03205
6.03215,0.000101691184682,9.99444103240967,6.03215,6.03215
6.03225,0.000102016791061,9.99473476409912,6.03225,6.03225
6.03235,0.000102073725429,9.99456214904785,6.03235,6.03235
6.03245,0.000102112258901,9.99447631835938,6.03245,6.03245
6.03255,0.000102108358988,9.99492931365967,6.03255,6.03255
6.03265,0.000102140911622,9.99465560913086,6.03265,6.03265
6.03275,0.00010215601651,9.9945125579834,6.03275,6.03275
6.03285,0.000102154335764,9.99435043334961,6.03285,6.03285
6.03295,0.000102158192021,9.99438095092773,6.03295,6.03295
6.03305,8.3651328168E-05,0.334898591041565,6.03305,6.03305
6.03315,3.018564712E-05,-0.001093137660064,6.03315,6.03315
6.03325,2.9265145713E-05,-0.000775146472733,6.03325,6.03325
6.03335,2.9164028092E-05,-0.00101376301609,6.03335,6.03335
6.03345,2.9181788705E-05,-0.000782886869274,6.03345,6.03345
6.03355,2.9219683711E-05,-0.000844951136969,6.03355,6.03355
6.03365,2.9252736567E-05,-0.000617593410425,6.03365,6.03365
6.03375,2.9336755688E-05,-0.000739118258934,6.03375,6.03375
6.03385,2.9393488148E-05,-0.000956413394306,6.03385,6.03385
6.03395,2.9470347727E-05,-0.001170401345007,6.03395,6.03395
6.03405,6.9220179284E-05,9.64860057830811,6.03405,6.03405
6.03415,0.000101703852124,9.99439716339111,6.03415,6.03415
6.03425,0.000101971643744,9.99420833587646,6.03425,6.03425
6.03435,0.000102052843431,9.99416637420654,6.03435,6.03435
6.03445,0.000102128775325,9.99414920806885,6.03445,6.03445
6.03455,0.000102139667433,9.99436473846436,6.03455,6.03455
6.03465,0.000102086130937,9.99445629119873,6.03465,6.03465
6.03475,0.000102116158814,9.99420642852783,6.03475,6.03475
6.03485,0.00010212482448,9.99459838867188,6.03485,6.03485
6.03495,0.000102122598037,9.99445533752441,6.03495,6.03495
6.03505,8.3413659013E-05,0.354908406734467,6.03505,6.03505
6.03515,2.9854598324E-05,-0.000985967810266,6.03515,6.03515
6.03525,2.8952870707E-05,-0.000968938868027,6.03525,6.03525
6.03535,2.8842099709E-05,-0.000762339564972,6.03535,6.03535
6.03545,2.8834139812E-05,-0.000801675021648,6.03545,6.03545
6.03555,2.8919466786E-05,-0.000957257812843,6.03555,6.03555
6.03565,2.9009208447E-05,-0.001029595732689,6.03565,6.03565
6.03575,2.9113511118E-05,-0.00071624876,6.03575,6.03575
6.03585,2.9174130759E-05,-0.000874294433743,6.03585,6.03585
6.03595,2.9215740142E-05,-0.001051339320838,6.03595,6.03595
6.03605,6.9033303589E-05,9.62865829467773,6.03605,6.03605
6.03615,0.000101738231024,9.99470996856689,6.03615,6.03615
6.03625,0.000102010664705,9.99447727203369,6.03625,6.03625
6.03635,0.000102074976894,9.99475193023682,6.03635,6.03635
6.03645,0.000102088706626,9.99480724334717,6.03645,6.03645
6.03655,0.000102119571238,9.99438381195068,6.03655,6.03655
6.03665,0.000102140758827,9.99456691741943,6.03665,6.03665
6.03675,0.000102156605863,9.99460411071777,6.03675,6.03675
6.03685,0.000102139434603,9.99433326721191,6.03685,6.03685
6.03695,0.000102124977275,9.99387645721436,6.03695,6.03695
6.03705,8.3356964751E-05,0.3742635846138,6.03705,6.03705
6.03715,2.9602415452E-05,-0.001315077068284,6.03715,6.03715
6.03725,2.8708604077E-05,-0.001360675320029,6.03725,6.03725
6.03735,2.860580571E-05,-0.001251042587683,6.03735,6.03735
6.03745,2.8627144275E-05,-0.001468126662076,6.03745,6.03745
6.03755,2.8664408092E-05,-0.001011933432892,6.03755,6.03755
6.03765,2.8742177165E-05,-0.001006163307466,6.03765,6.03765
6.03775,2.882708759E-05,-0.000981112476438,6.03775,6.03775
6.03785,2.8856175049E-05,-0.001231902628206,6.03785,6.03785
6.03795,2.89301679E-05,-0.000945084204432,6.03795,6.03795
6.03805,6.8817280408E-05,9.60919952392578,6.03805,6.03805
6.03815,0.000101742494735,9.99454689025879,6.03815,6.03815
6.03825,0.000101995596197,9.99454021453857,6.03825,6.03825
6.03835,0.000102095356851,9.99440765380859,6.03835,6.03835
6.03845,0.000102103294921,9.99442386627197,6.03845,6.03845
6.03855,0.000102100013464,9.99436378479004,6.03855,6.03855
6.03865,0.000102105055703,9.99438190460205,6.03865,6.03865
6.03875,0.000102124315163,9.99474143981934,6.03875,6.03875
6.03885,0.000102143567347,9.99448490142822,6.03885,6.03885
6.03895,0.000102119483927,9.99456977844238,6.03895,6.03895
6.03905,8.3243656263E-05,0.394734501838684,6.03905,6.03905
6.03915,2.9414741221E-05,-0.00098983803764,6.03915,6.03915
6.03925,2.8481494155E-05,-0.000788234814536,6.03925,6.03925
6.03935,2.8360829674E-05,-0.000654958595987,6.03935,6.03935
6.03945,2.8405665944E-05,-0.000728633487597,6.03945,6.03945
6.03955,2.8475848012E-05,-0.001119947759435,6.03955,6.03955
6.03965,2.8530217605E-05,-0.00087950163288,6.03965,6.03965
6.03975,2.857459549E-05,-0.000874505494721,6.03975,6.03975
6.03985,2.8636002753E-05,-0.000955780094955,6.03985,6.03985
6.03995,2.867432886E-05,-0.000951417314354,6.03995,6.03995
6.04005,6.8545625254E-05,9.58863925933838,6.04005,6.04005
6.04015,0.000101679666841,9.99446392059326,6.04015,6.04015
6.04025,0.000101989637187,9.99442386627197,6.04025,6.04025
6.04035,0.000102042795334,9.99462795257568,6.04035,6.04035
6.04045,0.000102066318505,9.99440860748291,6.04045,6.04045
6.04055,0.000102098092611,9.9941873550415,6.04055,6.04055
6.04065,0.000102073354356,9.99435806274414,6.04065,6.04065
6.04075,0.000102058504126,9.99445915222168,6.04075,6.04075
6.04085,0.000102056939795,9.99463367462158,6.04085,6.04085
6.04095,0.000102051228168,9.99454498291016,6.04095,6.04095
6.04105,8.3101920609E-05,0.414865255355835,6.04105,6.04105
6.04115,2.9156350138E-05,-0.00077345763566,6.04115,6.04115
6.04125,2.821749149E-05,-0.00079928257037,6.04125,6.04125
6.04135,2.8132390071E-05,-0.000833199708723,6.04135,6.04135
6.04145,2.8105778256E-05,-0.000850439770147,6.04145,6.04145
6.04155,2.8171452868E-05,-0.000675083720125,6.04155,6.04155
6.04165,2.8234921047E-05,-0.000986671540886,6.04165,6.04165
6.04175,2.8309870686E-05,-0.000811033940408,6.04175,6.04175
6.04185,2.8358714189E-05,-0.000866835471243,6.04185,6.04185
6.04195,2.8432017643E-05,-0.000772331724875,6.04195,6.04195
6.04205,6.8352521339E-05,9.56883239746094,6.04205,6.04205
6.04215,0.000101676210761,9.99454784393311,6.04215,6.04215
6.04225,0.000101960642496,9.99452972412109,6.04225,6.04225
6.04235,0.000102062040241,9.99432182312012,6.04235,6.04235
6.04245,0.000102087076812,9.99427604675293,6.04245,6.04245
6.04255,0.000102093494206,9.99446392059326,6.04255,6.04255
6.04265,0.000102105419501,9.99467277526855,6.04265,6.04265
6.04275,0.000102107398561,9.99470615386963,6.04275,6.04275
6.04285,0.000102117162896,9.99492740631104,6.04285,6.04285
6.04295,0.000102140438685,9.99491882324219,6.04295,6.04295
6.04305,8.3056700532E-05,0.434869021177292,6.04305,6.04305
6.04315,2.89733307E-05,-0.000965701940004,6.04315,6.04315
6.04325,2.8044792998E-05,-0.000925099826418,6.04325,6.04325
6.04335,2.7928756026E-05,-0.000874786986969,6.04335,6.04335
6.04345,2.7990732633E-05,-0.000909900409169,6.04345,6.04345
6.04355,2.8050248147E-05,-0.000689086853527,6.04355,6.04355
6.04365,2.810184742E-05,-0.000773035455495,6.04365,6.04365
6.04375,2.8124557502E-05,-0.000721948570572,6.04375,6.04375
6.04385,2.8208794902E-05,-0.00061118992744,6.04385,6.04385
6.04395,2.8268612368E-05,-0.000806530413684,6.04395,6.04395
6.04405,6.8176472269E-05,9.54894065856934,6.04405,6.04405
6.04415,0.00010169971938,9.99469089508057,6.04415,6.04415
6.04425,0.000102003308712,9.99457454681396,6.04425,6.04425
6.04435,0.000102054837043,9.99474906921387,6.04435,6.04435
6.04445,0.000102085476101,9.99471282958984,6.04445,6.04445
6.04455,0.000102096550108,9.99468803405762,6.04455,6.04455
6.04465,0.000102105623228,9.99456119537354,6.04465,6.04465
6.04475,0.000102089361462,9.99445629119873,6.04475,6.04475
6.04485,0.000102075471659,9.99474906921387,6.04485,6.04485
6.04495,0.000102124831756,9.99444103240967,6.04495,6.04495
6.04505,8.2968683273E-05,0.454477995634079,6.04505,6.04505
6.04515,2.8720232876E-05,-0.000963098311331,6.04515,6.04515
6.04525,2.7815875001E-05,-0.001252098125406,6.04525,6.04525
6.04535,2.7720381695E-05,-0.000966616731603,6.04535,6.04535
6.04545,2.7709484129E-05,-0.000902371073607,6.04545,6.04545
6.04555,2.7771644454E-05,-0.001026218058541,6.04555,6.04555
6.04565,2.7837944799E-05,-0.000888790120371,6.04565,6.04565
6.04575,2.7913012673E-05,-0.000791964295786,6.04575,6.04575
6.04585,2.7974027034E-05,-0.000855295162182,6.04585,6.04585
6.04595,2.7985022825E-05,-0.000949517358094,6.04595,6.04595
6.04605,6.7959481385E-05,9.52879905700684,6.04605,6.04605
6.04615,0.000101654732134,9.99444961547852,6.04615,6.04615
6.04625,0.000101957986772,9.9943733215332,6.04625,6.04625
6.04635,0.000102009733382,9.99446392059326,6.04635,6.04635
6.04645,0.000102061123471,9.99446392059326,6.04645,6.04645
6.04655,0.000102043813968,9.99441719055176,6.04655,6.04655
6.04665,0.000102054240415,9.99432468414307,6.04665,6.04665
6.04675,0.000102082434751,9.99450397491455,6.04675,6.04675
6.04685,0.000102087753476,9.99459934234619,6.04685,6.04685
6.04695,0.000102108744613,9.99442768096924,6.04695,6.04695
6.04705,8.2916601968E-05,0.474509626626968,6.04705,6.04705
6.04715,2.8535454476E-05,-0.001093278406188,6.04715,6.04715
6.04725,2.762004442E-05,-0.000750447448809,6.04725,6.04725
6.04735,2.7531343221E-05,-0.000827007403132,6.04735,6.04735
6.04745,2.7516754926E-05,-0.001129728858359,6.04745,6.04745
6.04755,2.7593678169E-05,-0.000981323537417,6.04755,6.04755
6.04765,2.7622068956E-05,-0.000556303188205,6.04765,6.04765
6.04775,2.7692265576E-05,-0.000468343700049,6.04775,6.04775
6.04785,2.7767875508E-05,-0.000696475501172,6.04785,6.04785
6.04795,2.7829184546E-05,-0.000681909383275,6.04795,6.04795
6.04805,6.7728120484E-05,9.50916767120361,6.04805,6.04805
6.04815,0.000101673169411,9.99481391906738,6.04815,6.04815
6.04825,0.00010201693658,9.99452018737793,6.04825,6.04825
6.04835,0.000102018479083,9.99441528320313,6.04835,6.04835
6.04845,0.000102054575109,9.99456214904785,6.04845,6.04845
6.04855,0.00010209017637,9.99476718902588,6.04855,6.04855
6.04865,0.000102043493825,9.99472999572754,6.04865,6.04865
6.04875,0.000102041572973,9.99496364593506,6.04875,6.04875
6.04885,0.000102076854091,9.9948034286499,6.04885,6.04885
6.04895,0.000102057238109,9.99463844299316,6.04895,6.04895
6.04905,8.2793980255E-05,0.494605779647827,6.04905,6.04905
6.04915,2.8324227969E-05,-0.000974638620391,6.04915,6.04915
6.04925,2.7435899028E-05,-0.001059994567186,6.04925,6.04925
6.04935,2.7332813261E-05,-0.001221910351887,6.04935,6.04935
6.04945,2.7342535759E-05,-0.001019462826662,6.04945,6.04945
6.04955,2.7398178645E-05,-0.000670861685649,6.04955,6.04955
6.04965,2.7482992664E-05,-0.000818704022095,6.04965,6.04965
6.04975,2.74916747E-05,-0.001058024237864,6.04975,6.04975
6.04985,2.7579068046E-05,-0.000999126583338,6.04985,6.04985
6.04995,2.7625845178E-05,-0.001036913949065,6.04995,6.04995
6.05005,6.7537192081E-05,9.48910903930664,6.05005,6.05005
6.05015,0.00010165587446,9.99459457397461,6.05015,6.05015
6.05025,0.000101953424746,9.99467182159424,6.05025,6.05025
6.05035,0.000102037847682,9.99449443817139,6.05035,6.05035
6.05045,0.000102063720988,9.99453353881836,6.05045,6.05045
6.05055,0.000102067591797,9.99475955963135,6.05055,6.05055
6.05065,0.0001020670461,9.99474906921387,6.05065,6.05065
6.05075,0.000102067831904,9.99448108673096,6.05075,6.05075
6.05085,0.000102059362689,9.99477577209473,6.05085,6.05085
6.05095,0.000102055601019,9.99484825134277,6.05095,6.05095
6.05105,8.2785081759E-05,0.514574885368347,6.05105,6.05105
6.05115,2.8158719942E-05,-0.000862824497744,6.05115,6.05115
6.05125,2.72338184E-05,-0.000815185601823,6.05125,6.05125
6.05135,2.716995732E-05,-0.000879079394508,6.05135,6.05135
6.05145,2.718036194E-05,-0.001026710611768,6.05145,6.05145
6.05155,2.7210553526E-05,-0.001155553734861,6.05155,6.05155
6.05165,2.7244153898E-05,-0.000830596138258,6.05165,6.05165
6.05175,2.7362124456E-05,-0.001251746201888,6.05175,6.05175
6.05185,2.7389551178E-05,-0.001224443665706,6.05185,6.05185
6.05195,2.745310303E-05,-0.001358634675853,6.05195,6.05195
6.05205,6.7320775997E-05,9.46887874603271,6.05205,6.05205
6.05215,0.000101631936559,9.99429512023926,6.05215,6.05215
6.05225,0.000101930316305,9.99430847167969,6.05225,6.05225
6.05235,0.000102004814835,9.99444580078125,6.05235,6.05235
6.05245,0.000102056721516,9.99446868896484,6.05245,6.05245
6.05255,0.000102060788777,9.99474430084229,6.05255,6.05255
6.05265,0.000102069541754,9.99442386627197,6.05265,6.05265
6.05275,0.00010204895807,9.99442958831787,6.05275,6.05275
6.05285,0.000102070116554,9.99419975280762,6.05285,6.05285
6.05295,0.000102049925772,9.99451446533203,6.05295,6.05295
6.05305,8.2671736891E-05,0.534582436084747,6.05305,6.05305
6.05315,2.7996646168E-05,-0.001480018720031,6.05315,6.05315
6.05325,2.7087049602E-05,-0.001385515090078,6.05325,6.05325
6.05335,2.6954918212E-05,-0.001058868598193,6.05335,6.05335
6.05345,2.6977459129E-05,-0.001144857844338,6.05345,6.05345
6.05355,2.701934136E-05,-0.001176171470433,6.05355,6.05355
6.05365,2.70835626E-05,-0.00107132375706,6.05365,6.05365
6.05375,2.7143092666E-05,-0.001224373234436,6.05375,6.05375
6.05385,2.7199803299E-05,-0.00099877465982,6.05385,6.05385
6.05395,2.7271349609E-05,-0.001266945619136,6.05395,6.05395
6.05405,6.7132808908E-05,9.44863891601563,6.05405,6.05405
6.05415,0.000101610166894,9.99460506439209,6.05415,6.05415
6.05425,0.000101926714706,9.99453449249268,6.05425,6.05425
6.05435,0.000101991696283,9.99457263946533,6.05435,6.05435
6.05445,0.000102010977571,9.99433135986328,6.05445,6.05445
6.05455,0.000102029887785,9.99423217773438,6.05455,6.05455
6.05465,0.000102064790553,9.99411487579346,6.05465,6.05465
6.05475,0.000102033089206,9.99449062347412,6.05475,6.05475
6.05485,0.000102036508906,9.99429512023926,6.05485,6.05485
6.05495,0.000102050347778,9.99398040771484,6.05495,6.05495
6.05505,8.2645339717E-05,0.554375112056732,6.05505,6.05505
6.05515,2.7768508517E-05,-0.001172582735308,6.05515,6.05515
6.05525,2.6869183785E-05,-0.001070127473213,6.05525,6.05525
6.05535,2.6781221095E-05,-0.000948743370827,6.05535,6.05535
6.05545,2.6783378416E-05,-0.000725748424884,6.05545,6.05545
6.05555,2.6814772355E-05,-0.000896178768016,6.05555,6.05555
6.05565,2.6886964406E-05,-0.001361449365504,6.05565,6.05565
6.05575,2.6959796742E-05,-0.001272645429708,6.05575,6.05575
6.05585,2.7008583857E-05,-0.001125647453591,6.05585,6.05585
6.05595,2.7064143069E-05,-0.001000885735266,6.05595,6.05595
6.05605,6.6936270741E-05,9.4289493560791,6.05605,6.05605
6.05615,0.000101633559098,9.99444580078125,6.05615,6.05615
6.05625,0.000101940640889,9.99443054199219,6.05625,6.05625
6.05635,0.000102036203316,9.99443531036377,6.05635,6.05635
6.05645,0.00010205275612,9.99416542053223,6.05645,6.05645
6.05655,0.000102041281934,9.99443244934082,6.05655,6.05655
6.05665,0.000102030178823,9.99433898925781,6.05665,6.05665
6.05675,0.000102036356111,9.99458885192871,6.05675,6.05675
6.05685,0.000102051541035,9.99452304840088,6.05685,6.05685
6.05695,0.000102051919384,9.99420547485352,6.05695,6.05695
6.05705,8.2634716819E-05,0.57458233833313,6.05705,6.05705
6.05715,2.764193232E-05,-0.000944450905081,6.05715,6.05715
6.05725,2.6750742109E-05,-0.000983997480944,6.05725,6.05725
6.05735,2.6657842682E-05,-0.001101581729017,6.05735,6.05735
6.05745,2.665642387E-05,-0.001111362827942,6.05745,6.05745
6.05755,2.6703979529E-05,-0.00098983803764,6.05755,6.05755
6.05765,2.6750840334E-05,-0.001120158820413,6.05765,6.05765
6.05775,2.6826028261E-05,-0.000871901924256,6.05775,6.05775
6.05785,2.6898396754E-05,-0.000916655699257,6.05785,6.05785
6.05795,2.6942150726E-05,-0.001146616996266,6.05795,6.05795
6.05805,6.67359418E-05,9.40865993499756,6.05805,6.05805
6.05815,0.000101622616057,9.9943323135376,6.05815,6.05815
6.05825,0.000101967954834,9.99433708190918,6.05825,6.05825
6.05835,0.000102007463283,9.99458885192871,6.05835,6.05835
6.05845,0.000102026555396,9.99451446533203,6.05845,6.05845
6.05855,0.000102043624793,9.99416351318359,6.05855,6.05855
6.05865,0.000102068879642,9.99429512023926,6.05865,6.05865
6.05875,0.000102074358438,9.9944019317627,6.05875,6.05875
6.05885,0.000102067679109,9.99433898925781,6.05885,6.05885
6.05895,0.000102079255157,9.99429416656494,6.05895,6.05895
6.05905,8.2659520558E-05,0.594809949398041,6.05905,6.05905
6.05915,2.7533551474E-05,-0.001002293080091,6.05915,6.05915
6.05925,2.6617479307E-05,-0.000972668349277,6.05925,6.05925
6.05935,2.6437221095E-05,-0.000843965972308,6.05935,6.05935
6.05945,2.6496294595E-05,-0.000652847578749,6.05945,6.05945
6.05955,2.6516241633E-05,-0.000808641430922,6.05955,6.05955
6.05965,2.6590987545E-05,-0.000998493283987,6.05965,6.05965
6.05975,2.6665555197E-05,-0.000707875005901,6.05975,6.05975
6.05985,2.6721121685E-05,-0.001001589465886,6.05985,6.05985
6.05995,2.6795492886E-05,-0.001296711154282,6.05995,6.05995
6.06005,6.6542452259E-05,9.38868999481201,6.06005,6.06005
6.06015,0.000101641344372,9.99469661712646,6.06015,6.06015
6.06025,0.000101943522168,9.99477577209473,6.06025,6.06025
6.06035,0.000102009558759,9.99468231201172,6.06035,6.06035
6.06045,0.000102021826024,9.99455261230469,6.06045,6.06045
6.06055,0.000102053265437,9.99451923370361,6.06055,6.06055
6.06065,0.000102059158962,9.99458312988281,6.06065,6.06065
6.06075,0.000102072081063,9.99459838867188,6.06075,6.06075
6.06085,0.00010204964201,9.99455833435059,6.06085,6.06085
6.06095,0.00010204094724,9.99484157562256,6.06095,6.06095
6.06105,8.2608828961E-05,0.614451766014099,6.06105,6.06105
6.06115,2.7397391023E-05,-0.001092152553611,6.06115,6.06115
6.06125,2.6428713682E-05,-0.000741370022297,6.06125,6.06125
6.06135,2.6328771128E-05,-0.000807937758509,6.06135,6.06135
6.06145,2.6330120818E-05,-0.000904763583094,6.06145,6.06145
6.06155,2.637750913E-05,-0.000514997402206,6.06155,6.06155
6.06165,2.6432546292E-05,-0.000673817121424,6.06165,6.06165
6.06175,2.6501413231E-05,-0.000854028563481,6.06175,6.06175
6.06185,2.6565676308E-05,-0.001025866251439,6.06185,6.06185
6.06195,2.6603100196E-05,-0.00080329348566,6.06195,6.06195
6.06205,6.6340682679E-05,9.36887264251709,6.06205,6.06205
6.06215,0.000101637393527,9.99468612670898,6.06215,6.06215
6.06225,0.000101945646747,9.99491405487061,6.06225,6.06225
6.06235,0.000102002639323,9.99510955810547,6.06235,6.06235
6.06245,0.000102049438283,9.99491119384766,6.06245,6.06245
6.06255,0.000102059530036,9.99498462677002,6.06255,6.06255
6.06265,0.000102052159491,9.99489402770996,6.06265,6.06265
6.06275,0.000102079306089,9.9946870803833,6.06275,6.06275
6.06285,0.000102050820715,9.99450397491455,6.06285,6.06285
6.06295,0.000102075755422,9.99462413787842,6.06295,6.06295
6.06305,8.2618680608E-05,0.634847640991211,6.06305,6.06305
6.06315,2.7237867471E-05,-0.000838055100758,6.06315,6.06315
6.06325,2.6330191758E-05,-0.001062668510713,6.06325,6.06325
6.06335,2.6193778467E-05,-0.000878305349033,6.06335,6.06335
6.06345,2.6215784601E-05,-0.000867750204634,6.06345,6.06345
6.06355,2.6239984436E-05,-0.000733488821425,6.06355,6.06355
6.06365,2.6260107916E-05,-0.001196718774736,6.06365,6.06365
6.06375,2.6294903364E-05,-0.000553488498554,6.06375,6.06375
6.06385,2.6364685255E-05,-0.000680290919263,6.06385,6.06385
6.06395,2.6431815058E-05,-0.000857054372318,6.06395,6.06395
6.06405,6.6144006269E-05,9.34926414489746,6.06405,6.06405
6.06415,0.000101641511719,9.99494552612305,6.06415,6.06415
6.06425,0.000101932695543,9.99490165710449,6.06425,6.06425
6.06435,0.000102004916698,9.99473857879639,6.06435,6.06435
6.06445,0.000102037920442,9.99496936798096,6.06445,6.06445
6.06455,0.000102049962152,9.99480056762695,6.06455,6.06455
6.06465,0.00010207574087,9.99435806274414,6.06465,6.06465
6.06475,0.000102057099866,9.99452018737793,6.06475,6.06475
6.06485,0.000102052057628,9.99482822418213,6.06485,6.06485
6.06495,0.000102061254438,9.99451732635498,6.06495,6.06495
6.06505,8.2630300312E-05,0.65444803237915,6.06505,6.06505
6.06515,2.7085903639E-05,-0.001086945296265,6.06515,6.06515
6.06525,2.6155312298E-05,-0.001211707131006,6.06525,6.06525
6.06535,2.605829286E-05,-0.001310151419602,6.06535,6.06535
6.06545,2.6066385544E-05,-0.001161886844784,6.06545,6.06545
6.06555,2.611752825E-05,-0.00129255943466,6.06555,6.06555
6.06565,2.6155685191E-05,-0.000732011103537,6.06565,6.06565
6.06575,2.6208184863E-05,-0.001169979106635,6.06575,6.06575
6.06585,2.6296471333E-05,-0.001032551168464,6.06585,6.06585
6.06595,2.6326682928E-05,-0.000968375883531,6.06595,6.06595
6.06605,6.5982356318E-05,9.32920265197754,6.06605,6.06605
6.06615,0.000101640092907,9.99501895904541,6.06615,6.06615
6.06625,0.000101963531051,9.99519538879395,6.06625,6.06625
6.06635,0.000102046171378,9.99492645263672,6.06635,6.06635
6.06645,0.000102060424979,9.99492931365967,6.06645,6.06645
6.06655,0.000102076170151,9.99496364593506,6.06655,6.06655
6.06665,0.000102077050542,9.99487113952637,6.06665,6.06665
6.06675,0.00010206359002,9.9945650100708,6.06675,6.06675
6.06685,0.000102081568912,9.99451446533203,6.06685,6.06685
6.06695,0.000102061429061,9.9944896697998,6.06695,6.06695
6.06705,8.2599908637E-05,0.674183011054993,6.06705,6.06705
6.06715,2.6963516575E-05,-0.001333372667432,6.06715,6.06715
6.06725,2.6089004677E-05,-0.000996311893687,6.06725,6.06725
6.06735,2.595756996E-05,-0.000907859764993,6.06735,6.06735
6.06745,2.5955874662E-05,-0.001071394071914,6.06745,6.06745
6.06755,2.6009436624E-05,-0.001366937998682,6.06755,6.06755
6.06765,2.6021782105E-05,-0.001133106416091,6.06765,6.06765
6.06775,2.6095171052E-05,-0.000973160902504,6.06775,6.06775
6.06785,2.6152978535E-05,-0.001116992323659,6.06785,6.06785
6.06795,2.6197005354E-05,-0.001179971266538,6.06795,6.06795
6.06805,6.5777800046E-05,9.30911159515381,6.06805,6.06805
6.06815,0.000101648984128,9.99471664428711,6.06815,6.06815
6.06825,0.000101943856862,9.99473285675049,6.06825,6.06825
6.06835,0.000102028396213,9.99467277526855,6.06835,6.06835
6.06845,0.000102021447674,9.99493217468262,6.06845,6.06845
6.06855,0.000102063560917,9.99475765228271,6.06855,6.06855
6.06865,0.000102064965176,9.99457740783691,6.06865,6.06865
6.06875,0.00010206609295,9.99462604522705,6.06875,6.06875
6.06885,0.000102082114608,9.99477767944336,6.06885,6.06885
6.06895,0.000102074016468,9.99459934234619,6.06895,6.06895
6.06905,8.264581993E-05,0.694824635982513,6.06905,6.06905
6.06915,2.6837580663E-05,-0.000878516468219,6.06915,6.06915
6.06925,2.5896126317E-05,-0.000673606002238,6.06925,6.06925
6.06935,2.5785566322E-05,-0.000732292595785,6.06935,6.06935
6.06945,2.5796731279E-05,-0.000543848145753,6.06945,6.06945
6.06955,2.5806391932E-05,-0.000780775852036,6.06955,6.06955
6.06965,2.5875891879E-05,-0.000689720211085,6.06965,6.06965
6.06975,2.5902792913E-05,-0.000630400318187,6.06975,6.06975
6.06985,2.5985298635E-05,-0.000573472876567,6.06985,6.06985
6.06995,2.6028974389E-05,-0.000703652971424,6.06995,6.06995
6.07005,6.558620953E-05,9.28923892974854,6.07005,6.07005
6.07015,0.00010163449042,9.99519538879395,6.07015,6.07015
6.07025,0.000101966223156,9.99493026733398,6.07025,6.07025
6.07035,0.00010201002442,9.99475002288818,6.07035,6.07035
6.07045,0.000102033860458,9.9944896697998,6.07045,6.07045
6.07055,0.000102047728433,9.99434471130371,6.07055,6.07055
6.07065,0.000102053723822,9.99423503875732,6.07065,6.07065
6.07075,0.0001020376003,9.99434661865234,6.07075,6.07075
6.07085,0.000102033394796,9.99421977996826,6.07085,6.07085
6.07095,0.000102044155938,9.99435329437256,6.07095,6.07095
6.07105,8.2555307017E-05,0.714504480361938,6.07105,6.07105
6.07115,2.6628194973E-05,-0.00066994689405,6.07115,6.07115
6.07125,2.5760944482E-05,-0.000628922542091,6.07125,6.07125
6.07135,2.564658098E-05,-0.000757695292123,6.07135,6.07135
6.07145,2.5668559829E-05,-0.000593738746829,6.07145,6.07145
6.07155,2.5688603273E-05,-0.00049304269487,6.07155,6.07155
6.07165,2.5743367587E-05,-0.000448922219221,6.07165,6.07165
6.07175,2.5824243494E-05,-0.000679376127664,6.07175,6.07175
6.07185,2.5879366149E-05,-0.000844177091494,6.07185,6.07185
6.07195,2.5899515094E-05,-0.00072033010656,6.07195,6.07195
6.07205,6.5398133302E-05,9.26924133300781,6.07205,6.07205
6.07215,0.000101656660263,9.9945240020752,6.07215,6.07215
6.07225,0.00010195345385,9.99456691741943,6.07225,6.07225
6.07235,0.000102004494693,9.99429225921631,6.07235,6.07235
6.07245,0.000102035453892,9.99448585510254,6.07245,6.07245
6.07255,0.000102008896647,9.99427318572998,6.07255,6.07255
6.07265,0.000102031779534,9.99420166015625,6.07265,6.07265
6.07275,0.000102042089566,9.99427032470703,6.07275,6.07275
6.07285,0.000102084588434,9.9946403503418,6.07285,6.07285
6.07295,0.000102081037767,9.99437522888184,6.07295,6.07295
6.07305,8.2582322648E-05,0.734305143356323,6.07305,6.07305
6.07315,2.6496287319E-05,-0.001350964535959,6.07315,6.07315
6.07325,2.5633151381E-05,-0.001140706124716,6.07325,6.07325
6.07335,2.5486770028E-05,-0.000995678594336,6.07335,6.07335
6.07345,2.5492387067E-05,-0.000615200900938,6.07345,6.07345
6.07355,2.5556417313E-05,-0.00099356751889,6.07355,6.07355
6.07365,2.5612107493E-05,-0.000998493283987,6.07365,6.07365
6.07375,2.5669178285E-05,-0.00085304339882,6.07375,6.07375
6.07385,2.5731113055E-05,-0.000717937597074,6.07385,6.07385
6.07395,2.5787485356E-05,-0.000849384290632,6.07395,6.07395
6.07405,6.5218839154E-05,9.24912929534912,6.07405,6.07405
6.07415,0.000101622776128,9.99440002441406,6.07415,6.07415
6.07425,0.000101955010905,9.99448299407959,6.07425,6.07425
6.07435,0.000102002020867,9.99450397491455,6.07435,6.07435
6.07445,0.000102048390545,9.99445819854736,6.07445,6.07445
6.07455,0.000102048215922,9.99461364746094,6.07455,6.07455
6.07465,0.000102052828879,9.99461364746094,6.07465,6.07465
6.07475,0.000102031190181,9.9948844909668,6.07475,6.07475
6.07485,0.000102045574749,9.99498462677002,6.07485,6.07485
6.07495,0.000102054640593,9.99484825134277,6.07495,6.07495
6.07505,8.2633836428E-05,0.75498366355896,6.07505,6.07505
6.07515,2.64403443E-05,-0.000555810634978,6.07515,6.07515
6.07525,2.5521867428E-05,-0.000831792363897,6.07525,6.07525
6.07535,2.5375371479E-05,-0.000818422529846,6.07535,6.07535
6.07545,2.5404599E-05,-0.001203755498864,6.07545,6.07545
6.07555,2.5433602787E-05,-0.000957680051215,6.07555,6.07555
6.07565,2.550069803E-05,-0.000831510929856,6.07565,6.07565
6.07575,2.5575800464E-05,-0.000729900086299,6.07575,6.07575
6.07585,2.5600837034E-05,-0.000665935920551,6.07585,6.07585
6.07595,2.5664432542E-05,-0.000692745961715,6.07595,6.07595
6.07605,6.5048930992E-05,9.22911930084229,6.07605,6.07605
6.07615,0.000101643941889,9.99433326721191,6.07615,6.07615
6.07625,0.000101966914372,9.99433422088623,6.07625,6.07625
6.07635,0.000102015488665,9.99436950683594,6.07635,6.07635
6.07645,0.000102054837043,9.99420356750488,6.07645,6.07645
6.07655,0.000102091042208,9.99428367614746,6.07655,6.07655
6.07665,0.000102097568742,9.99439334869385,6.07665,6.07665
6.07675,0.000102093603346,9.99426651000977,6.07675,6.07675
6.07685,0.000102100289951,9.99442100524902,6.07685,6.07685
6.07695,0.000102117475762,9.99440956115723,6.07695,6.07695
6.07705,8.2660502812E-05,0.774580061435699,6.07705,6.07705
6.07715,2.6350031476E-05,-0.000990119529888,6.07715,6.07715
6.07725,2.5434628697E-05,-0.001096022780985,6.07725,6.07725
6.07735,2.5322971851E-05,-0.000783027615398,6.07735,6.07735
6.07745,2.5271730919E-05,-0.000740666349884,6.07745,6.07745
6.07755,2.5350722353E-05,-0.000786123797297,6.07755,6.07755
6.07765,2.5398074285E-05,-0.000775287218858,6.07765,6.07765
6.07775,2.5476680094E-05,-0.001034099259414,6.07775,6.07775
6.07785,2.5506778911E-05,-0.001020518247969,6.07785,6.07785
6.07795,2.5582347007E-05,-0.000722300377674,6.07795,6.07795
6.07805,6.487009523E-05,9.2090015411377,6.07805,6.07805
6.07815,0.000101686717244,9.99452877044678,6.07815,6.07815
6.07825,0.000102003417851,9.99427032470703,6.07825,6.07825
6.07835,0.000102058198536,9.99448299407959,6.07835,6.07835
6.07845,0.000102059791971,9.99452304840088,6.07845,6.07845
6.07855,0.000102087593405,9.99440956115723,6.07855,6.07855
6.07865,0.00010203832062,9.99449348449707,6.07865,6.07865
6.07875,0.000102054524177,9.99433422088623,6.07875,6.07875
6.07885,0.000102076242911,9.99439334869385,6.07885,6.07885
6.07895,0.000102074132883,9.99441814422607,6.07895,6.07895
6.07905,8.2719896454E-05,0.794607281684875,6.07905,6.07905
6.07915,2.6214358513E-05,-0.00084741396131,6.07915,6.07915
6.07925,2.5298772016E-05,-0.000928477500565,6.07925,6.07925
6.07935,2.5135388569E-05,-0.000898711965419,6.07935,6.07935
6.07945,2.5131887014E-05,-0.00074643647531,6.07945,6.07945
6.07955,2.5155910407E-05,-0.000911096693017,6.07955,6.07955
6.07965,2.5228744562E-05,-0.000921792525332,6.07965,6.07965
6.07975,2.5307819669E-05,-0.000966264866292,6.07975,6.07975
6.07985,2.5366134651E-05,-0.000930869951844,6.07985,6.07985
6.07995,2.5391205781E-05,-0.00079428643221,6.07995,6.07995
6.08005,6.4656618633E-05,9.18874740600586,6.08005,6.08005
6.08015,0.000101619458292,9.99415874481201,6.08015,6.08015
6.08025,0.000101951518445,9.99429416656494,6.08025,6.08025
6.08035,0.00010203038255,9.99441623687744,6.08035,6.08035
6.08045,0.000102066493127,9.99428272247314,6.08045,6.08045
6.08055,0.00010207095329,9.99424648284912,6.08055,6.08055
6.08065,0.000102064441307,9.99405574798584,6.08065,6.08065
6.08075,0.00010206157458,9.99389362335205,6.08075,6.08075
6.08085,0.000102088459244,9.99394226074219,6.08085,6.08085
6.08095,0.00010206024308,9.99423408508301,6.08095,6.08095
6.08105,8.2713486336E-05,0.814512610435486,6.08105,6.08105
6.08115,2.6113908461E-05,-0.001034169574268,6.08115,6.08115
6.08125,2.5195748094E-05,-0.001210933085531,6.08125,6.08125
6.08135,2.5083936634E-05,-0.001067664590664,6.08135,6.08135
6.08145,2.5080413252E-05,-0.000990401022136,6.08145,6.08145
6.08155,2.5103025109E-05,-0.000823629728984,6.08155,6.08155
6.08165,2.5165276384E-05,-0.001089619239792,6.08165,6.08165
6.08175,2.5203791665E-05,-0.00095317652449,6.08175,6.08175
6.08185,2.5268833269E-05,-0.000738555274438,6.08185,6.08185
6.08195,2.5305400413E-05,-0.000698938325513,6.08195,6.08195
6.08205,6.4442043367E-05,9.16921710968018,6.08205,6.08205
6.08215,0.000101641460788,9.9945011138916,6.08215,6.08215
6.08225,0.000101938450825,9.99446773529053,6.08225,6.08225
6.08235,0.000102034842712,9.99460411071777,6.08235,6.08235
6.08245,0.000102045545646,9.99441528320313,6.08245,6.08245
6.08255,0.000102082696685,9.99423313140869,6.08255,6.08255
6.08265,0.000102057172626,9.99435424804688,6.08265,6.08265
6.08275,0.000102050689748,9.9940881729126,6.08275,6.08275
6.08285,0.000102042809885,9.99444961547852,6.08285,6.08285
6.08295,0.000102066849649,9.99445915222168,6.08295,6.08295
6.08305,8.2731210568E-05,0.834473431110382,6.08305,6.08305
6.08315,2.6013029128E-05,-0.000839040265419,6.08315,6.08315
6.08325,2.5114337404E-05,-0.001020307186991,6.08325,6.08325
6.08335,2.4966064302E-05,-0.000921792525332,6.08335,6.08335
6.08345,2.4976343411E-05,-0.00119538186118,6.08345,6.08345
6.08355,2.4976581699E-05,-0.001132473116741,6.08355,6.08355
6.08365,2.5028892196E-05,-0.00094754708698,6.08365,6.08365
6.08375,2.5066119633E-05,-0.000836366263684,6.08375,6.08375
6.08385,2.5121529688E-05,-0.001128321513534,6.08385,6.08385
6.08395,2.5155664844E-05,-0.001076671644114,6.08395,6.08395
6.08405,6.4249776187E-05,9.14888095855713,6.08405,6.08405
6.08415,0.000101623452792,9.99428653717041,6.08415,6.08415
6.08425,0.000101923986222,9.99407768249512,6.08425,6.08425
6.08435,0.000101980338513,9.99405384063721,6.08435,6.08435
6.08445,0.000101999416074,9.99451637268066,6.08445,6.08445
6.08455,0.000102048004919,9.99447154998779,6.08455,6.08455
6.08465,0.000102045763924,9.99435806274414,6.08465,6.08465
6.08475,0.000102075573523,9.994309425354,6.08475,6.08475
6.08485,0.000102068457636,9.99440956115723,6.08485,6.08485
6.08495,0.000102063910163,9.99418926239014,6.08495,6.08495
6.08505,8.2749334979E-05,0.854248106479645,6.08505,6.08505
6.08515,2.5882563932E-05,-0.000996945193037,6.08515,6.08515
6.08525,2.498732465E-05,-0.001143943052739,6.08525,6.08525
6.08535,2.4862070859E-05,-0.00114155060146,6.08535,6.08535
6.08545,2.4872440918E-05,-0.000903215492144,6.08545,6.08545
6.08555,2.4913844754E-05,-0.000807867385447,6.08555,6.08555
6.08565,2.4952254535E-05,-0.000841080909595,6.08565,6.08565
6.08575,2.5030403776E-05,-0.000755232409574,6.08575,6.08575
6.08585,2.5083936634E-05,-0.000634974159766,6.08585,6.08585
6.08595,2.5140197977E-05,-0.000522385991644,6.08595,6.08595
6.08605,6.4113606641E-05,9.12913513183594,6.08605,6.08605
6.08615,0.000101662742964,9.99463272094727,6.08615,6.08615
6.08625,0.000101952791738,9.99479293823242,6.08625,6.08625
6.08635,0.000102026395325,9.99497222900391,6.08635,6.08635
6.08645,0.000102038902696,9.99453163146973,6.08645,6.08645
6.08655,0.00010204341379,9.99457454681396,6.08655,6.08655
6.08665,0.00010204881255,9.99470329284668,6.08665,6.08665
6.08675,0.00010205990111,9.99481868743896,6.08675,6.08675
6.08685,0.000102054567833,9.99466800689697,6.08685,6.08685
6.08695,0.000102089907159,9.99515056610107,6.08695,6.08695
6.08705,8.2780519733E-05,0.875034391880035,6.08705,6.08705
6.08715,2.5805569749E-05,-0.000686412909999,6.08715,6.08715
6.08725,2.492461681E-05,-0.000710900814738,6.08725,6.08725
6.08735,2.4738284992E-05,-0.000691760855261,6.08735,6.08735
6.08745,2.4757528081E-05,-0.000719344941899,6.08745,6.08745
6.08755,2.4824897991E-05,-0.000685779610649,6.08755,6.08755
6.08765,2.4822451451E-05,-0.000520978646819,6.08765,6.08765
6.08775,2.4905739338E-05,-0.000532096717507,6.08775,6.08775
6.08785,2.4987923098E-05,-0.000774302054197,6.08785,6.08785
6.08795,2.5019084205E-05,-0.00045574788237,6.08795,6.08795
6.08805,6.3912302721E-05,9.10952949523926,6.08805,6.08805
6.08815,0.000101603043731,9.99468517303467,6.08815,6.08815
6.08825,0.000101945872302,9.99447917938232,6.08825,6.08825
6.08835,0.000101994628494,9.99430656433105,6.08835,6.08835
6.08845,0.000102017635072,9.99465751647949,6.08845,6.08845
6.08855,0.000102035235614,9.99483776092529,6.08855,6.08855
6.08865,0.000102070727735,9.99468994140625,6.08865,6.08865
6.08875,0.000102057238109,9.99480056762695,6.08875,6.08875
6.08885,0.000102069927379,9.99485874176025,6.08885,6.08885
6.08895,0.000102058889752,9.99467277526855,6.08895,6.08895
6.08905,8.2806851424E-05,0.894738495349884,6.08905,6.08905
6.08915,2.5686571462E-05,-0.00079956400441,6.08915,6.08915
6.08925,2.4810464311E-05,-0.000738203467336,6.08925,6.08925
6.08935,2.4701816074E-05,-0.000941354723182,6.08935,6.08935
6.08945,2.4672512154E-05,-0.000888297567144,6.08945,6.08945
6.08955,2.4702954761E-05,-0.001005530008115,6.08955,6.08955
6.08965,2.4769326046E-05,-0.000861839333083,6.08965,6.08965
6.08975,2.4823499189E-05,-0.000832988647744,6.08975,6.08975
6.08985,2.482913078E-05,-0.000951135822106,6.08985,6.08985
6.08995,2.4866914828E-05,-0.000954794930294,6.08995,6.08995
6.09005,6.3724204665E-05,9.08864212036133,6.09005,6.09005
6.09015,0.000101601064671,9.99416637420654,6.09015,6.09015
6.09025,0.000101946774521,9.99462795257568,6.09025,6.09025
6.09035,0.000102005149529,9.99428558349609,6.09035,6.09035
6.09045,0.000102046346001,9.99415016174316,6.09045,6.09045
6.09055,0.000102043952211,9.99446868896484,6.09055,6.09055
6.09065,0.00010203885904,9.99452686309814,6.09065,6.09065
6.09075,0.000102059922938,9.99417209625244,6.09075,6.09075
6.09085,0.000102064208477,9.99426555633545,6.09085,6.09085
6.09095,0.000102058307675,9.99411201477051,6.09095,6.09095
6.09105,8.2887883764E-05,0.914098680019379,6.09105,6.09105
6.09115,2.5577304768E-05,-0.001218743855134,6.09115,6.09115
6.09125,2.4661290809E-05,-0.001439768471755,6.09125,6.09125
6.09135,2.4554730771E-05,-0.001246679807082,6.09135,6.09135
6.09145,2.4558139557E-05,-0.001211073831655,6.09145,6.09145
6.09155,2.4580569516E-05,-0.00081075244816,6.09155,6.09155
6.09165,2.4608116291E-05,-0.000740033050533,6.09165,6.09165
6.09175,2.4688442863E-05,-0.00081047101412,6.09175,6.09175
6.09185,2.473528366E-05,-0.001049439422786,6.09185,6.09185
6.09195,2.4777862563E-05,-0.001069845980965,6.09195,6.09195
6.09205,6.3482570113E-05,9.06847095489502,6.09205,6.09205
6.09215,0.000101607278339,9.99374961853027,6.09215,6.09215
6.09225,0.000101928118966,9.99394607543945,6.09225,6.09225
6.09235,0.00010200181714,9.99406623840332,6.09235,6.09235
6.09245,0.000102017533209,9.99394416809082,6.09245,6.09245
6.09255,0.000102020079794,9.99389934539795,6.09255,6.09255
6.09265,0.000102044541563,9.99389743804932,6.09265,6.09265
6.09275,0.000102040736238,9.99406051635742,6.09275,6.09275
6.09285,0.000102033205621,9.99404811859131,6.09285,6.09285
6.09295,0.000102034682641,9.99436664581299,6.09295,6.09295
6.09305,8.2885104348E-05,0.934743523597717,6.09305,6.09305
6.09315,2.5484632715E-05,-0.001148165087216,6.09315,6.09315
6.09325,2.4596880394E-05,-0.000733981432859,6.09325,6.09325
6.09335,2.4429968107E-05,-0.000787038588896,6.09335,6.09335
6.09345,2.4441638743E-05,-0.000767617137171,6.09345,6.09345
6.09355,2.4519265935E-05,-0.000505568168592,6.09355,6.09355
6.09365,2.4555658456E-05,-0.000781479524449,6.09365,6.09365
6.09375,2.4595579816E-05,-0.0007184301503,6.09375,6.09375
6.09385,2.4668524929E-05,-0.000400016753701,6.09385,6.09385
6.09395,2.474383291E-05,-0.000673957867548,6.09395,6.09395
6.09405,6.3364874222E-05,9.04898834228516,6.09405,6.09405
6.09415,0.000101610756246,9.99463081359863,6.09415,6.09415
6.09425,0.00010191196634,9.99468231201172,6.09425,6.09425
6.09435,0.000102024430817,9.99428939819336,6.09435,6.09435
6.09445,0.000102054611489,9.99433612823486,6.09445,6.09445
6.09455,0.000102063946542,9.99435520172119,6.09455,6.09455
6.09465,0.000102071280708,9.99436187744141,6.09465,6.09465
6.09475,0.000102099198557,9.99409770965576,6.09475,6.09475
6.09485,0.000102074998722,9.99403667449951,6.09485,6.09485
6.09495,0.00010206472507,9.99400901794434,6.09495,6.09495
6.09505,8.2958067651E-05,0.9544517993927,6.09505,6.09505
6.09515,2.5447214284E-05,-0.000835099664982,6.09515,6.09515
6.09525,2.4552613468E-05,-0.000871831551194,6.09525,6.09525
6.09535,2.4406723242E-05,-0.000753402884584,6.09535,6.09535
6.09545,2.4401499104E-05,-0.00085149530787,6.09545,6.09545
6.09555,2.4413628125E-05,-0.000872464850545,6.09555,6.09555
6.09565,2.4454104278E-05,-0.00081420049537,6.09565,6.09565
6.09575,2.4491284421E-05,-0.000482557952637,6.09575,6.09575
6.09585,2.4596423827E-05,-0.000870213087182,6.09585,6.09585
6.09595,2.4613345886E-05,-0.000724974379409,6.09595,6.09595
6.09605,6.3204759499E-05,9.02871513366699,6.09605,6.09605
6.09615,0.000101622157672,9.993896484375,6.09615,6.09615
6.09625,0.000101940313471,9.99421501159668,6.09625,6.09625
6.09635,0.000102002282802,9.99413204193115,6.09635,6.09635
6.09645,0.000102028425317,9.9942569732666,6.09645,6.09645
6.09655,0.000102042613435,9.99427032470703,6.09655,6.09655
6.09665,0.000102037512988,9.9942569732666,6.09665,6.09665
6.09675,0.000102018384496,9.99429798126221,6.09675,6.09675
6.09685,0.000102045647509,9.99417591094971,6.09685,6.09685
6.09695,0.000102043712104,9.9946117401123,6.09695,6.09695
6.09705,8.3007624198E-05,0.974860727787018,6.09705,6.09705
6.09715,2.5333623853E-05,-0.000496701861266,6.09715,6.09715
6.09725,2.4383809432E-05,-0.000706608407199,6.09725,6.09725
6.09735,2.4248163754E-05,-0.000320290244417,6.09735,6.09735
6.09745,2.4240493076E-05,-0.000428304512752,6.09745,6.09745
6.09755,2.4289034627E-05,-0.000577483850066,6.09755,6.09755
6.09765,2.4367140213E-05,-0.000349633541191,6.09765,6.09765
6.09775,2.4420722184E-05,-0.000410782988183,6.09775,6.09775
6.09785,2.4486798793E-05,-0.000547436880879,6.09785,6.09785
6.09795,2.4557668439E-05,-0.000544059264939,6.09795,6.09795
6.09805,6.2967912527E-05,9.00916957855225,6.09805,6.09805
6.09815,0.000101595025626,9.99444484710693,6.09815,6.09815
6.09825,0.000101929217635,9.99446392059326,6.09825,6.09825
6.09835,0.000101999365143,9.9944372177124,6.09835,6.09835
6.09845,0.00010201522673,9.99446773529053,6.09845,6.09845
6.09855,0.000102039091871,9.9946870803833,6.09855,6.09855
6.09865,0.00010205534636,9.99452018737793,6.09865,6.09865
6.09875,0.000102069592685,9.99442958831787,6.09875,6.09875
6.09885,0.000102075617178,9.99412536621094,6.09885,6.09885
6.09895,0.000102089514257,9.99432182312012,6.09895,6.09895
6.09905,8.3113773144E-05,0.994510352611542,6.09905,6.09905
6.09915,2.5230881874E-05,-0.000647077395115,6.09915,6.09915
6.09925,2.4314309485E-05,-0.000803786097094,6.09925,6.09925
6.09935,2.418103395E-05,-0.000682190875523,6.09935,6.09935
6.09945,2.4150265745E-05,-0.000649188470561,6.09945,6.09945
6.09955,2.4172273697E-05,-0.000801675021648,6.09955,6.09955
6.09965,2.427545769E-05,-0.000642855360638,6.09965,6.09965
6.09975,2.4305436455E-05,-0.000624559761491,6.09975,6.09975
6.09985,2.4363336706E-05,-0.00029552084743,6.09985,6.09985
6.09995,2.4411834602E-05,-0.000422393641202,6.09995,6.09995
6.10005,6.2803577748E-05,8.98905086517334,6.10005,6.10005
6.10015,0.000101623576484,9.99456787109375,6.10015,6.10015
6.10025,0.000101952609839,9.99474239349365,6.10025,6.10025
6.10035,0.000102030149719,9.99445343017578,6.10035,6.10035
6.10045,0.000102029596746,9.99435043334961,6.10045,6.10045
6.10055,0.000102057412732,9.99423789978027,6.10055,6.10055
6.10065,0.000102051220892,9.99430656433105,6.10065,6.10065
6.10075,0.00010204485443,9.99429607391357,6.10075,6.10075
6.10085,0.000102083067759,9.99429035186768,6.10085,6.10085
6.10095,0.000102110774606,9.99435710906982,6.10095,6.10095
6.10105,8.3158694906E-05,1.01469874382019,6.10105,6.10105
6.10115,2.5215174901E-05,-0.000643559033051,6.10115,6.10115
6.10125,2.4249022317E-05,-0.000663895276375,6.10125,6.10125
6.10135,2.4107645004E-05,-0.000823559355922,6.10135,6.10135
6.10145,2.4096205379E-05,-0.000810822821222,6.10145,6.10145
6.10155,2.413898801E-05,-0.000804560142569,6.10155,6.10155
6.10165,2.4225377274E-05,-0.000534911465365,6.10165,6.10165
6.10175,2.4251559807E-05,-0.000790838443208,6.10175,6.10175
6.10185,2.4307764761E-05,-0.000848821364343,6.10185,6.10185
6.10195,2.4358821975E-05,-0.000893293647096,6.10195,6.10195
6.10205,6.2641462137E-05,8.96885395050049,6.10205,6.10205
6.10215,0.000101605066448,9.99451732635498,6.10215,6.10215
6.10225,0.000101961588371,9.99460315704346,6.10225,6.10225
6.10235,0.000102010933915,9.9945011138916,6.10235,6.10235
6.10245,0.000102041027276,9.99476051330566,6.10245,6.10245
6.10255,0.00010206328443,9.9946403503418,6.10255,6.10255
6.10265,0.000102096593764,9.9944896697998,6.10265,6.10265
6.10275,0.000102091893496,9.99466133117676,6.10275,6.10275
6.10285,0.000102091675217,9.99464321136475,6.10285,6.10285
6.10295,0.000102053047158,9.99450206756592,6.10295,6.10295
6.10305,8.3173523308E-05,1.03464281558991,6.10305,6.10305
6.10315,2.5064340662E-05,-0.000652495713439,6.10315,6.10315
6.10325,2.4187656891E-05,-0.00082503707381,6.10325,6.10325
6.10335,2.4050063075E-05,-0.000861065287609,6.10335,6.10335
6.10345,2.4053901143E-05,-0.000894208438694,6.10345,6.10345
6.10355,2.4092472813E-05,-0.001114318263717,6.10355,6.10355
6.10365,2.413943912E-05,-0.001313177170232,6.10365,6.10365
6.10375,2.4189335818E-05,-0.001064849901013,6.10375,6.10375
6.10385,2.4217073587E-05,-0.000730744504835,6.10385,6.10385
6.10395,2.4284801839E-05,-0.000658547331113,6.10395,6.10395
6.10405,6.2456711021E-05,8.94901466369629,6.10405,6.10405
6.10415,0.000101626472315,9.99476432800293,6.10415,6.10415
6.10425,0.000101940902823,9.99481010437012,6.10425,6.10425
6.10435,0.000102026038803,9.99494361877441,6.10435,6.10435
6.10445,0.000102038364275,9.99479579925537,6.10445,6.10445
6.10455,0.000102049176348,9.99456214904785,6.10455,6.10455
6.10465,0.000102042002254,9.9942741394043,6.10465,6.10465
6.10475,0.000102068821434,9.99430370330811,6.10475,6.10475
6.10485,0.000102063997474,9.99448680877686,6.10485,6.10485
6.10495,0.0001020526106,9.99450969696045,6.10495,6.10495
6.10505,8.3278122474E-05,1.0543417930603,6.10505,6.10505
6.10515,2.5042088964E-05,-0.001031566062011,6.10515,6.10515
6.10525,2.4118964575E-05,-0.000637929595541,6.10525,6.10525
6.10535,2.3992261049E-05,-0.000680924218614,6.10535,6.10535
6.10545,2.3969889298E-05,-0.00077226141002,6.10545,6.10545
6.10555,2.4015464078E-05,-0.000527100637555,6.10555,6.10555
6.10565,2.4028990083E-05,-0.000673394883052,6.10565,6.10565
6.10575,2.4118086003E-05,-0.000881260784809,6.10575,6.10575
6.10585,2.4163560738E-05,-0.000662347185425,6.10585,6.10585
6.10595,2.419520024E-05,-0.000603449472692,6.10595,6.10595
6.10605,6.2263330619E-05,8.92935848236084,6.10605,6.10605
6.10615,0.000101614576124,9.99464416503906,6.10615,6.10615
6.10625,0.000101960962638,9.99447917938232,6.10625,6.10625
6.10635,0.000101997400634,9.99447441101074,6.10635,6.10635
6.10645,0.000102044694358,9.99434947967529,6.10645,6.10645
6.10655,0.000102078760392,9.99454307556152,6.10655,6.10655
6.10665,0.000102073259768,9.99448680877686,6.10665,6.10665
6.10675,0.000102070705907,9.99455261230469,6.10675,6.10675
6.10685,0.000102070342109,9.99427127838135,6.10685,6.10685
6.10695,0.00010208018648,9.99433517456055,6.10695,6.10695
6.10705,8.3337443357E-05,1.07447969913483,6.10705,6.10705
6.10715,2.4961704185E-05,-0.000738484959584,6.10715,6.10715
6.10725,2.4039114578E-05,-0.000997085939161,6.10725,6.10725
6.10735,2.38768298E-05,-0.000799141824245,6.10735,6.10735
6.10745,2.3839487767E-05,-0.000807867385447,6.10745,6.10745
6.10755,2.3871401936E-05,-0.000800900976174,6.10755,6.10755
6.10765,2.3946722649E-05,-0.000923762854654,6.10765,6.10765
6.10775,2.402665632E-05,-0.001023825607263,6.10775,6.10775
6.10785,2.4029814085E-05,-0.001121777342632,6.10785,6.10785
6.10795,2.4127506549E-05,-0.001282848767005,6.10795,6.10795
6.10805,6.2122031522E-05,8.90877342224121,6.10805,6.10805
6.10815,0.000101639074273,9.99441242218018,6.10815,6.10815
6.10825,0.000101964564237,9.99457359313965,6.10825,6.10825
6.10835,0.000102040648926,9.99473285675049,6.10835,6.10835
6.10845,0.000102038087789,9.99472618103027,6.10845,6.10845
6.10855,0.000102053847513,9.99466705322266,6.10855,6.10855
6.10865,0.000102089645225,9.99446487426758,6.10865,6.10865
6.10875,0.000102079102362,9.99420166015625,6.10875,6.10875
6.10885,0.00010209420725,9.99471759796143,6.10885,6.10885
6.10895,0.000102103076642,9.99461269378662,6.10895,6.10895
6.10905,8.3440747403E-05,1.0947288274765,6.10905,6.10905
6.10915,2.4932773158E-05,-0.000730322266463,6.10915,6.10915
6.10925,2.3961261832E-05,-0.000855084042996,6.10925,6.10925
6.10935,2.3840155336E-05,-0.000770220707636,6.10935,6.10935
6.10945,2.3816581233E-05,-0.000876827631146,6.10945,6.10945
6.10955,2.3821461582E-05,-0.000939454825129,6.10955,6.10955
6.10965,2.389758447E-05,-0.000815185601823,6.10965,6.10965
6.10975,2.3962204068E-05,-0.000913770636544,6.10975,6.10975
6.10985,2.4024435334E-05,-0.000708086125087,6.10985,6.10985
6.10995,2.406792737E-05,-0.000572135904804,6.10995,6.10995
6.11005,6.1941740569E-05,8.88946151733398,6.11005,6.11005
6.11015,0.000101651632576,9.9948148727417,6.11015,6.11015
6.11025,0.000101950630778,9.99471187591553,6.11025,6.11025
6.11035,0.000102028519905,9.99482345581055,6.11035,6.11035
6.11045,0.000102066522231,9.99486637115479,6.11045,6.11045
6.11055,0.000102079415228,9.99483394622803,6.11055,6.11055
6.11065,0.000102076221083,9.99474620819092,6.11065,6.11065
6.11075,0.000102084348327,9.99459743499756,6.11075,6.11075
6.11085,0.000102090096334,9.99450206756592,6.11085,6.11085
6.11095,0.000102062171209,9.99460315704346,6.11095,6.11095
6.11105,8.3501436166E-05,1.11476480960846,6.11105,6.11105
6.11115,2.4851291528E-05,-0.000716882059351,6.11115,6.11115
6.11125,2.3861248337E-05,-0.000679024320561,6.11125,6.11125
6.11135,2.3724223865E-05,-0.00075509166345,6.11135,6.11135
6.11145,2.3695889467E-05,-0.000774231681135,6.11145,6.11145
6.11155,2.3726888685E-05,-0.000570517440792,6.11155,6.11155
6.11165,2.3763666832E-05,-0.000497264787555,6.11165,6.11165
6.11175,2.3832280931E-05,-0.00085832097102,6.11175,6.11175
6.11185,2.391218004E-05,-0.000981112476438,6.11185,6.11185
6.11195,2.397559183E-05,-0.000490016944241,6.11195,6.11195
6.11205,6.1746293795E-05,8.86936378479004,6.11205,6.11205
6.11215,0.000101638346678,9.994553565979,6.11215,6.11215
6.11225,0.000101980338513,9.99473857879639,6.11225,6.11225
6.11235,0.000102053767478,9.99483966827393,6.11235,6.11235
6.11245,0.00010205891158,9.99480247497559,6.11245,6.11245
6.11255,0.000102078418422,9.99500846862793,6.11255,6.11255
6.11265,0.000102096164483,9.9948787689209,6.11265,6.11265
6.11275,0.000102086756669,9.99501323699951,6.11275,6.11275
6.11285,0.000102071477158,9.99508094787598,6.11285,6.11285
6.11295,0.00010209006723,9.99497318267822,6.11295,6.11295
6.11305,8.3571874711E-05,1.13480424880982,6.11305,6.11305
6.11315,2.4803910492E-05,-0.000516897358466,6.11315,6.11315
6.11325,2.3799602786E-05,-0.000628781854175,6.11325,6.11325
6.11335,2.3695418349E-05,-0.000833762693219,6.11335,6.11335
6.11345,2.3672435418E-05,-0.0006503846962,6.11345,6.11345
6.11355,2.3677785066E-05,-0.000802308379207,6.11355,6.11355
6.11365,2.372869676E-05,-0.000719344941899,6.11365,6.11365
6.11375,2.3768532628E-05,-0.000631878036074,6.11375,6.11375
6.11385,2.3789905754E-05,-0.000566928705666,6.11385,6.11385
6.11395,2.3880351364E-05,-0.000613230571616,6.11395,6.11395
6.11405,6.1561244365E-05,8.84961700439453,6.11405,6.11405
6.11415,0.000101652505691,9.99487018585205,6.11415,6.11415
6.11425,0.000101964280475,9.99492931365967,6.11425,6.11425
6.11435,0.000102019490441,9.9946928024292,6.11435,6.11435
6.11445,0.000102024918306,9.99500370025635,6.11445,6.11445
6.11455,0.000102070705907,9.99483776092529,6.11455,6.11455
6.11465,0.000102073914604,9.99476623535156,6.11465,6.11465
6.11475,0.000102105448605,9.99484825134277,6.11475,6.11475
6.11485,0.000102109122963,9.99466228485107,6.11485,6.11485
6.11495,0.000102112309833,9.99467945098877,6.11495,6.11495
6.11505,8.3669016021E-05,1.15458345413208,6.11505,6.11505
6.11515,2.4764074624E-05,-0.001208329456858,6.11515,6.11515
6.11525,2.3812468498E-05,-0.0007640987169,6.11525,6.11525
6.11535,2.3629412681E-05,-0.000754106556997,6.11535,6.11535
6.11545,2.3627275368E-05,-0.000907648645807,6.11545,6.11545
6.11555,2.3657628844E-05,-0.000871831551194,6.11555,6.11555
6.11565,2.3668941139E-05,-0.00067430967465,6.11565,6.11565
6.11575,2.3736654839E-05,-0.000345904059941,6.11575,6.11575
6.11585,2.3790609703E-05,-0.000751080748159,6.11585,6.11585
6.11595,2.3846709155E-05,-0.000582761422265,6.11595,6.11595
6.11605,6.1370599724E-05,8.82938194274902,6.11605,6.11605
6.11615,0.000101640493085,9.99456405639648,6.11615,6.11615
6.11625,0.000102015612356,9.99460220336914,6.11625,6.11625
6.11635,0.000102052079455,9.99447345733643,6.11635,6.11635
6.11645,0.000102065576357,9.99462413787842,6.11645,6.11645
6.11655,0.000102087389678,9.99470043182373,6.11655,6.11655
6.11665,0.000102079873614,9.99469757080078,6.11665,6.11665
6.11675,0.000102100246295,9.99482154846191,6.11675,6.11675
6.11685,0.000102114317997,9.99464130401611,6.11685,6.11685
6.11695,0.000102115009213,9.99462604522705,6.11695,6.11695
6.11705,8.3719911345E-05,1.17468345165253,6.11705,6.11705
6.11715,2.466872138E-05,-0.000786405289546,6.11715,6.11715
6.11725,2.3684486223E-05,-0.000908985617571,6.11725,6.11725
6.11735,2.3507589503E-05,-0.000851284188684,6.11735,6.11735
6.11745,2.3542848794E-05,-0.001167093985714,6.11745,6.11745
6.11755,2.3584507289E-05,-0.001016859197989,6.11755,6.11755
6.11765,2.3585724193E-05,-0.000778383342549,6.11765,6.11765
6.11775,2.3647200578E-05,-0.000910674454644,6.11775,6.11775
6.11785,2.3701781174E-05,-0.000611471419688,6.11785,6.11785
6.11795,2.374446558E-05,-0.000856843253132,6.11795,6.11795
6.11805,6.12064905E-05,8.80942726135254,6.11805,6.11805
6.11815,0.000101630299469,9.99461936950684,6.11815,6.11815
6.11825,0.000101991136034,9.99442386627197,6.11825,6.11825
6.11835,0.000102054043964,9.99432468414307,6.11835,6.11835
6.11845,0.000102081947261,9.99451541900635,6.11845,6.11845
6.11855,0.000102112593595,9.99435043334961,6.11855,6.11855
6.11865,0.000102122510725,9.99462509155273,6.11865,6.11865
6.11875,0.000102119520307,9.99432849884033,6.11875,6.11875
6.11885,0.000102105288533,9.99440097808838,6.11885,6.11885
6.11895,0.000102092337329,9.99454689025879,6.11895,6.11895
6.11905,8.3772472863E-05,1.19410836696625,6.11905,6.11905
6.11915,2.4557113647E-05,-0.000883442175109,6.11915,6.11915
6.11925,2.3609642085E-05,-0.000877460930496,6.11925,6.11925
6.11935,2.34533818E-05,-0.000734473986086,6.11935,6.11935
6.11945,2.3432887247E-05,-0.000878727587406,6.11945,6.11945
6.11955,2.3473314286E-05,-0.000829892465845,6.11955,6.11955
6.11965,2.3505803256E-05,-0.001221910351887,6.11965,6.11965
6.11975,2.3555961889E-05,-0.00102340336889,6.11975,6.11975
6.11985,2.361375482E-05,-0.000784364587162,6.11985,6.11985
6.11995,2.368272726E-05,-0.000824755639769,6.11995,6.11995
6.12005,6.103350097E-05,8.78945350646973,6.12005,6.12005
6.12015,0.00010161454702,9.99441719055176,6.12015,6.12015
6.12025,0.000101974976133,9.99440956115723,6.12025,6.12025
6.12035,0.000102080361103,9.99446868896484,6.12035,6.12035
6.12045,0.000102078010968,9.99444007873535,6.12045,6.12045
6.12055,0.0001021234566,9.99441719055176,6.12055,6.12055
6.12065,0.000102109865111,9.99441623687744,6.12065,6.12065
6.12075,0.000102104371763,9.99441242218018,6.12075,6.12075
6.12085,0.000102120982774,9.99423408508301,6.12085,6.12085
6.12095,0.000102123594843,9.99431228637695,6.12095,6.12095
6.12105,8.3802311565E-05,1.21428894996643,6.12105,6.12105
6.12115,2.4463131922E-05,-0.000770502199885,6.12115,6.12115
6.12125,2.3512300686E-05,-0.000849665724672,6.12125,6.12125
6.12135,2.3373440854E-05,-0.000817789230496,6.12135,6.12135
6.12145,2.3315957151E-05,-0.000727648322936,6.12145,6.12145
6.12155,2.3410704671E-05,-0.000582268869039,6.12155,6.12155
6.12165,2.3436015908E-05,-0.000643559033051,6.12165,6.12165
6.12175,2.3493092158E-05,-0.000681064964738,6.12175,6.12175
6.12185,2.3534257707E-05,-0.000700275297277,6.12185,6.12185
6.12195,2.3609516575E-05,-0.000937554868869,6.12195,6.12195
6.12205,6.0887250584E-05,8.7691535949707,6.12205,6.12205
6.12215,0.000101652949525,9.99468994140625,6.12215,6.12215
6.12225,0.000102005535155,9.99469089508057,6.12225,6.12225
6.12235,0.000102073092421,9.99470710754395,6.12235,6.12235
6.12245,0.00010208706226,9.99467658996582,6.12245,6.12245
6.12255,0.000102097277704,9.99448776245117,6.12255,6.12255
6.12265,0.000102113583125,9.99481105804443,6.12265,6.12265
6.12275,0.000102117468487,9.99494934082031,6.12275,6.12275
6.12285,0.000102095131297,9.9949369430542,6.12285,6.12285
6.12295,0.000102091609733,9.9949893951416,6.12295,6.12295
6.12305,8.3880375314E-05,1.23452591896057,6.12305,6.12305
6.12315,2.4414641302E-05,-0.000732362968847,6.12315,6.12315
6.12325,2.3415092073E-05,-0.001093770959415,6.12325,6.12325
6.12335,2.325153946E-05,-0.000927421962842,6.12335,6.12335
6.12345,2.3287684598E-05,-0.000883653294295,6.12345,6.12345
6.12355,2.3272448743E-05,-0.001229861984029,6.12355,6.12355
6.12365,2.333896191E-05,-0.000807867385447,6.12365,6.12365
6.12375,2.3396938559E-05,-0.000802026886959,6.12375,6.12375
6.12385,2.3457565476E-05,-0.000783309107646,6.12385,6.12385
6.12395,2.350586692E-05,-0.000646584841888,6.12395,6.12395
6.12405,6.0646303609E-05,8.74971389770508,6.12405,6.12405
6.12415,0.000101626355899,9.99518203735352,6.12415,6.12415
6.12425,0.000101997342426,9.99510097503662,6.12425,6.12425
6.12435,0.000102048943518,9.99513339996338,6.12435,6.12435
6.12445,0.000102070342109,9.99489784240723,6.12445,6.12445
6.12455,0.00010211411427,9.99433040618896,6.12455,6.12455
6.12465,0.0001021056014,9.99468994140625,6.12465,6.12465
6.12475,0.000102080310171,9.99524211883545,6.12475,6.12475
6.12485,0.0001021124408,9.99458026885986,6.12485,6.12485
6.12495,0.000102103629615,9.99476051330566,6.12495,6.12495
6.12505,8.3996346802E-05,1.25451862812042,6.12505,6.12505
6.12515,2.4354019843E-05,-0.000707171333488,6.12515,6.12515
6.12525,2.3385940949E-05,-0.00065903988434,6.12525,6.12525
6.12535,2.3243959731E-05,-0.000408883061027,6.12535,6.12535
6.12545,2.3224949473E-05,-0.000592261028942,6.12545,6.12545
6.12555,2.3293036065E-05,-0.000640603597276,6.12555,6.12555
6.12565,2.3375627279E-05,-0.000891534495167,6.12565,6.12565
6.12575,2.3396136385E-05,-0.00062237837119,6.12575,6.12575
6.12585,2.3420743673E-05,-0.000722511496861,6.12585,6.12585
6.12595,2.3488275474E-05,-0.000664176768623,6.12595,6.12595
6.12605,6.0485956055E-05,8.72936820983887,6.12605,6.12605
6.12615,0.00010161910177,9.99467277526855,6.12615,6.12615
6.12625,0.000101971498225,9.99478626251221,6.12625,6.12625
6.12635,0.000102044425148,9.99476146697998,6.12635,6.12635
6.12645,0.0001020636264,9.9948902130127,6.12645,6.12645
6.12655,0.000102065125247,9.99464511871338,6.12655,6.12655
6.12665,0.000102090591099,9.99466896057129,6.12665,6.12665
6.12675,0.00010210074106,9.9951229095459,6.12675,6.12675
6.12685,0.000102085774415,9.99484062194824,6.12685,6.12685
6.12695,0.000102092504676,9.99511814117432,6.12695,6.12695
6.12705,8.4099337982E-05,1.27440524101257,6.12705,6.12705
6.12715,2.43049235E-05,-0.000642644241452,6.12715,6.12715
6.12725,2.332215081E-05,-0.000682120502461,6.12725,6.12725
6.12735,2.3156038878E-05,-0.000794075371232,6.12735,6.12735
6.12745,2.3155273084E-05,-0.000982027268037,6.12745,6.12745
6.12755,2.3187643819E-05,-0.000871338997968,6.12755,6.12755
6.12765,2.3235896151E-05,-0.000643629406113,6.12765,6.12765
6.12775,2.3254169719E-05,-0.000782886869274,6.12775,6.12775
6.12785,2.3324351787E-05,-0.000666921085212,6.12785,6.12785
6.12795,2.3351503842E-05,-0.00036391816684,6.12795,6.12795
6.12805,6.0295042204E-05,8.70968627929688,6.12805,6.12805
6.12815,0.00010164581181,9.99500942230225,6.12815,6.12815
6.12825,0.00010200838733,9.99508666992188,6.12825,6.12825
6.12835,0.000102060250356,9.99526882171631,6.12835,6.12835
6.12845,0.000102081452496,9.9949951171875,6.12845,6.12845
6.12855,0.00010205055878,9.99484062194824,6.12855,6.12855
6.12865,0.000102077319752,9.99487590789795,6.12865,6.12865
6.12875,0.000102046105894,9.99489402770996,6.12875,6.12875
6.12885,0.000102074365714,9.9949197769165,6.12885,6.12885
6.12895,0.000102071004221,9.99507808685303,6.12895,6.12895
6.12905,8.4070758021E-05,1.2946480512619,6.12905,6.12905
6.12915,2.4184695576E-05,-0.000808641430922,6.12915,6.12915
6.12925,2.3232571039E-05,-0.000902300700545,6.12925,6.12925
6.12935,2.3126131055E-05,-0.000682331563439,6.12935,6.12935
6.12945,2.3071113901E-05,-0.000722300377674,6.12945,6.12945
6.12955,2.3101016268E-05,-0.000670298701152,6.12955,6.12955
6.12965,2.3102738851E-05,-0.000857758044731,6.12965,6.12965
6.12975,2.3170516215E-05,-0.000925029453356,6.12975,6.12975
6.12985,2.3240958399E-05,-0.000550673808903,6.12985,6.12985
6.12995,2.3228492864E-05,-0.000836999563035,6.12995,6.12995
6.13005,6.0098267568E-05,8.68949508666992,6.13005,6.13005
6.13015,0.000101592842839,9.99495601654053,6.13015,6.13015
6.13025,0.00010195030336,9.99488162994385,6.13025,6.13025
6.13035,0.000102039928606,9.99473857879639,6.13035,6.13035
6.13045,0.000102045662061,9.99504566192627,6.13045,6.13045
6.13055,0.000102062484075,9.99491119384766,6.13055,6.13055
6.13065,0.000102103251265,9.99470710754395,6.13065,6.13065
6.13075,0.000102109646832,9.99481010437012,6.13075,6.13075
6.13085,0.000102091944427,9.99492645263672,6.13085,6.13085
6.13095,0.000102061567304,9.99515628814697,6.13095,6.13095
6.13105,8.4174782387E-05,1.31454646587372,6.13105,6.13105
6.13115,2.4135957574E-05,-0.000655099342111,6.13115,6.13115
6.13125,2.3131768103E-05,-0.000772894709371,6.13125,6.13125
6.13135,2.299920925E-05,-0.000823700102046,6.13135,6.13135
6.13145,2.3002055968E-05,-0.00087513885228,6.13145,6.13145
6.13155,2.3044833142E-05,-0.001023473683745,6.13155,6.13155
6.13165,2.3041393433E-05,-0.00102720328141,6.13165,6.13165
6.13175,2.311204662E-05,-0.000808430311736,6.13175,6.13175
6.13185,2.3175387469E-05,-0.000899274891708,6.13185,6.13185
6.13195,2.3207934646E-05,-0.00099356751889,6.13195,6.13195
6.13205,5.9910686105E-05,8.66940498352051,6.13205,6.13205
6.13215,0.00010161834507,9.99460887908936,6.13215,6.13215
6.13225,0.000101957673905,9.99460315704346,6.13225,6.13225
6.13235,0.000102019766928,9.99488735198975,6.13235,6.13235
6.13245,0.000102063524537,9.9946174621582,6.13245,6.13245
6.13255,0.000102104306279,9.99460029602051,6.13255,6.13255
6.13265,0.000102084457467,9.99497127532959,6.13265,6.13265
6.13275,0.000102113335743,9.99503993988037,6.13275,6.13275
6.13285,0.000102107180282,9.99488067626953,6.13285,6.13285
6.13295,0.000102092475572,9.9947681427002,6.13295,6.13295
6.13305,8.4242135927E-05,1.33467197418213,6.13305,6.13305
6.13315,2.4103863325E-05,-0.000795693777036,6.13315,6.13315
6.13325,2.311980279E-05,-0.000921018479858,6.13325,6.13325
6.13335,2.2983031158E-05,-0.000928407127503,6.13335,6.13335
6.13345,2.2924315999E-05,-0.000923199928366,6.13345,6.13345
6.13355,2.2979747882E-05,-0.000737077556551,6.13355,6.13355
6.13365,2.3003982278E-05,-0.000557851279154,6.13365,6.13365
6.13375,2.3008735297E-05,-0.000955780094955,6.13375,6.13375
6.13385,2.3109727408E-05,-0.000919259327929,6.13385,6.13385
6.13395,2.3149985282E-05,-0.001077375374734,6.13395,6.13395
6.13405,5.9711241192E-05,8.64957046508789,6.13405,6.13405
6.13415,0.00010156827193,9.99502944946289,6.13415,6.13415
6.13425,0.000101921330497,9.99484062194824,6.13425,6.13425
6.13435,0.000102059872006,9.99441528320313,6.13435,6.13435
6.13445,0.000102062243968,9.99458312988281,6.13445,6.13445
6.13455,0.000102061967482,9.99477577209473,6.13455,6.13455
6.13465,0.000102066594991,9.99470233917236,6.13465,6.13465
6.13475,0.000102069054265,9.9945764541626,6.13475,6.13475
6.13485,0.000102070094727,9.99487018585205,6.13485,6.13485
6.13495,0.000102088401036,9.99487018585205,6.13495,6.13495
6.13505,8.439613157E-05,1.35419607162476,6.13505,6.13505
6.13515,2.4124026822E-05,-0.001115936785936,6.13515,6.13515
6.13525,2.3100854378E-05,-0.000935443851631,6.13525,6.13525
6.13535,2.2925763915E-05,-0.00098301237449,6.13535,6.13535
6.13545,2.2927282771E-05,-0.000899134203792,6.13545,6.13545
6.13555,2.2937696485E-05,-0.000876264704857,6.13555,6.13555
6.13565,2.295241211E-05,-0.000746295729186,6.13565,6.13565
6.13575,2.2996206098E-05,-0.000710197142325,6.13575,6.13575
6.13585,2.3091792173E-05,-0.000668820983265,6.13585,6.13585
6.13595,2.3144952138E-05,-0.000609993701801,6.13595,6.13595
6.13605,5.9570553276E-05,8.62947273254395,6.13605,6.13605
6.13615,0.000101629302662,9.994553565979,6.13615,6.13615
6.13625,0.000101970043033,9.99511051177979,6.13625,6.13625
6.13635,0.000102041842183,9.99495315551758,6.13635,6.13635
6.13645,0.000102086756669,9.99485492706299,6.13645,6.13645
6.13655,0.000102075806353,9.99477958679199,6.13655,6.13655
6.13665,0.000102100610093,9.9947395324707,6.13665,6.13665
6.13675,0.000102090583823,9.99504661560059,6.13675,6.13675
6.13685,0.000102103702375,9.99479103088379,6.13685,6.13685
6.13695,0.000102107034763,9.99496841430664,6.13695,6.13695
6.13705,8.4468825662E-05,1.37457156181336,6.13705,6.13705
6.13715,2.4072582164E-05,-0.000930799578782,6.13715,6.13715
6.13725,2.3046646675E-05,-0.000883090368006,6.13725,6.13725
6.13735,2.2899357646E-05,-0.000958946649916,6.13735,6.13735
6.13745,2.2861966499E-05,-0.000754106556997,6.13745,6.13745
6.13755,2.28737008E-05,-0.000891534495167,6.13755,6.13755
6.13765,2.2917573006E-05,-0.000790838443208,6.13765,6.13765
6.13775,2.2964708478E-05,-0.000881964457221,6.13775,6.13775
6.13785,2.2993381208E-05,-0.000753402884584,6.13785,6.13785
6.13795,2.3047503419E-05,-0.000769024481997,6.13795,6.13795
6.13805,5.9405174397E-05,8.60978698730469,6.13805,6.13805
6.13815,0.000101610741694,9.99484920501709,6.13815,6.13815
6.13825,0.000101973542769,9.99480152130127,6.13825,6.13825
6.13835,0.000102032194263,9.99467849731445,6.13835,6.13835
6.13845,0.000102031161077,9.99492263793945,6.13845,6.13845
6.13855,0.00010208459571,9.99464225769043,6.13855,6.13855
6.13865,0.000102102472738,9.99442195892334,6.13865,6.13865
6.13875,0.000102110672742,9.99460887908936,6.13875,6.13875
6.13885,0.000102107631392,9.99431419372559,6.13885,6.13885
6.13895,0.000102098980278,9.99449443817139,6.13895,6.13895
6.13905,8.4502753452E-05,1.39415395259857,6.13905,6.13905
6.13915,2.3936338039E-05,-0.001102074398659,6.13915,6.13915
6.13925,2.2940739655E-05,-0.001032058615237,6.13925,6.13925
6.13935,2.2769643692E-05,-0.001128462259658,6.13935,6.13935
6.13945,2.2766198526E-05,-0.001043106312864,6.13945,6.13945
6.13955,2.2817959689E-05,-0.001027625403367,6.13955,6.13955
6.13965,2.2885633371E-05,-0.001116851577535,6.13965,6.13965
6.13975,2.2945529054E-05,-0.001049228245392,6.13975,6.13975
6.13985,2.2997479391E-05,-0.000880908977706,6.13985,6.13985
6.13995,2.303234578E-05,-0.00064447382465,6.13995,6.13995
6.14005,5.9268058976E-05,8.58911228179932,6.14005,6.14005
6.14015,0.000101665486,9.99429225921631,6.14015,6.14015
6.14025,0.000102010737464,9.99447059631348,6.14025,6.14025
6.14035,0.000102080877696,9.99447727203369,6.14035,6.14035
6.14045,0.000102112142486,9.99413013458252,6.14045,6.14045
6.14055,0.000102093159512,9.99410343170166,6.14055,6.14055
6.14065,0.000102102560049,9.99415111541748,6.14065,6.14065
6.14075,0.000102125050034,9.99407863616943,6.14075,6.14075
6.14085,0.000102123900433,9.99433517456055,6.14085,6.14085
6.14095,0.000102088408312,9.99427509307861,6.14095,6.14095
6.14105,8.4605300799E-05,1.4144070148468,6.14105,6.14105
6.14115,2.3900853193E-05,-0.000833059020806,6.14115,6.14115
6.14125,2.2870601242E-05,-0.00075699161971,6.14125,6.14125
6.14135,2.2725265808E-05,-0.000948461878579,6.14135,6.14135
6.14145,2.2716611056E-05,-0.001006092992611,6.14145,6.14145
6.14155,2.2758275009E-05,-0.000611682480667,6.14155,6.14155
6.14165,2.2793872631E-05,-0.000684653699864,6.14165,6.14165
6.14175,2.2834814445E-05,-0.00082165945787,6.14175,6.14175
6.14185,2.2864294806E-05,-0.000892449228559,6.14185,6.14185
6.14195,2.294328624E-05,-0.000959720695391,6.14195,6.14195
6.14205,5.9050704294E-05,8.56914806365967,6.14205,6.14205
6.14215,0.000101615434687,9.99454593658447,6.14215,6.14215
6.14225,0.000101962672488,9.99431324005127,6.14225,6.14225
6.14235,0.000102015692391,9.99440574645996,6.14235,6.14235
6.14245,0.000102066274849,9.99441719055176,6.14245,6.14245
6.14255,0.0001020746422,9.99439430236816,6.14255,6.14255
6.14265,0.000102103658719,9.99409484863281,6.14265,6.14265
6.14275,0.000102079837234,9.99431991577148,6.14275,6.14275
6.14285,0.000102060490462,9.99449729919434,6.14285,6.14285
6.14295,0.000102097503259,9.99451732635498,6.14295,6.14295
6.14305,8.4719031292E-05,1.43482136726379,6.14305,6.14305
6.14315,2.3789611078E-05,-0.000858391344082,6.14315,6.14315
6.14325,2.2773694582E-05,-0.000709493469913,6.14325,6.14325
6.14335,2.262840826E-05,-0.001021855277941,6.14335,6.14335
6.14345,2.2605852791E-05,-0.000990260276012,6.14345,6.14345
6.14355,2.263625538E-05,-0.00087323889602,6.14355,6.14355
6.14365,2.2659218303E-05,-0.000857054372318,6.14365,6.14365
6.14375,2.2732043362E-05,-0.000773879815824,6.14375,6.14375
6.14385,2.2764954338E-05,-0.000882808875758,6.14385,6.14385
6.14395,2.2785203328E-05,-0.00103832129389,6.14395,6.14395
6.14405,5.8823046857E-05,8.5493688583374,6.14405,6.14405
6.14415,0.000101606499811,9.99449062347412,6.14415,6.14415
6.14425,0.000101979887404,9.99446582794189,6.14425,6.14425
6.14435,0.000102045298263,9.99461364746094,6.14435,6.14435
6.14445,0.000102097030322,9.99449825286865,6.14445,6.14445
6.14455,0.000102105092083,9.9944543838501,6.14455,6.14455
6.14465,0.000102079902717,9.99455165863037,6.14465,6.14465
6.14475,0.000102084544778,9.99455738067627,6.14475,6.14475
6.14485,0.000102106525446,9.99440670013428,6.14485,6.14485
6.14495,0.000102104902908,9.99454498291016,6.14495,6.14495
6.14505,8.4753541159E-05,1.45423722267151,6.14505,6.14505
6.14515,2.3782340577E-05,-0.001015029614791,6.14515,6.14515
6.14525,2.2742688088E-05,-0.00118637480773,6.14525,6.14525
6.14535,2.2576106858E-05,-0.001007218845189,6.14535,6.14535
6.14545,2.2533577066E-05,-0.00102340336889,6.14545,6.14545
6.14555,2.256557309E-05,-0.000981253222562,6.14555,6.14555
6.14565,2.2610929591E-05,-0.000892519601621,6.14565,6.14565
6.14575,2.2683614588E-05,-0.00115801661741,6.14575,6.14575
6.14585,2.272508209E-05,-0.001015311107039,6.14585,6.14585
6.14595,2.2775810066E-05,-0.001079767826013,6.14595,6.14595
6.14605,5.8684876421E-05,8.52946662902832,6.14605,6.14605
6.14615,0.000101582605566,9.99479579925537,6.14615,6.14615
6.14625,0.000101962825283,9.99460887908936,6.14625,6.14625
6.14635,0.000102058475022,9.99469375610352,6.14635,6.14635
6.14645,0.000102094301837,9.99487209320068,6.14645,6.14645
6.14655,0.000102093552414,9.99480628967285,6.14655,6.14655
6.14665,0.000102121906821,9.99470138549805,6.14665,6.14665
6.14675,0.000102088182757,9.99466705322266,6.14675,6.14675
6.14685,0.000102093130408,9.99483776092529,6.14685,6.14685
6.14695,0.000102095866168,9.99468898773193,6.14695,6.14695
6.14705,8.4856052126E-05,1.47435164451599,6.14705,6.14705
6.14715,2.3674276235E-05,-0.000389250490116,6.14715,6.14715
6.14725,2.2686652301E-05,-0.000783942406997,6.14725,6.14725
6.14735,2.2530419301E-05,-0.000790134770796,6.14735,6.14735
6.14745,2.2524689484E-05,-0.000715404341463,6.14745,6.14745
6.14755,2.2521229766E-05,-0.0007215263322,6.14755,6.14755
6.14765,2.2550739232E-05,-0.000683457474224,6.14765,6.14765
6.14775,2.2599997465E-05,-0.000735388777684,6.14775,6.14775
6.14785,2.2650443498E-05,-0.000631878036074,6.14785,6.14785
6.14795,2.2700180125E-05,-0.000647429260425,6.14795,6.14795
6.14805,5.8481789893E-05,8.50942134857178,6.14805,6.14805
6.14815,0.000101584904769,9.99465942382813,6.14815,6.14815
6.14825,0.000101942219771,9.99478816986084,6.14825,6.14825
6.14835,0.000102016812889,9.99440097808838,6.14835,6.14835
6.14845,0.000102069425338,9.99446964263916,6.14845,6.14845
6.14855,0.000102093777969,9.9946985244751,6.14855,6.14855
6.14865,0.000102073281596,9.9946403503418,6.14865,6.14865
6.14875,0.000102097437775,9.994873046875,6.14875,6.14875
6.14885,0.000102114885522,9.99490451812744,6.14885,6.14885
6.14895,0.000102107347629,9.9947624206543,6.14895,6.14895
6.14905,8.4973136836E-05,1.49421358108521,6.14905,6.14905
6.14915,2.3641296139E-05,-0.000988712185062,6.14915,6.14915
6.14925,2.2646139769E-05,-0.001134232385084,6.14925,6.14925
6.14935,2.2506710593E-05,-0.000958383723628,6.14935,6.14935
6.14945,2.2472309865E-05,-0.000981042045169,6.14945,6.14945
6.14955,2.2482714485E-05,-0.000830103585031,6.14955,6.14955
6.14965,2.2509389964E-05,-0.000505849602632,6.14965,6.14965
6.14975,2.2574755349E-05,-0.000672550464515,6.14975,6.14975
6.14985,2.2608046493E-05,-0.000648906978313,6.14985,6.14985
6.14995,2.2676189474E-05,-0.000815889274236,6.14995,6.14995
6.15005,5.8324854763E-05,8.48982906341553,6.15005,6.15005
6.15015,0.000101583420474,9.99472427368164,6.15015,6.15015
6.15025,0.000101987134258,9.99490642547607,6.15025,6.15025
6.15035,0.000102066871477,9.99510478973389,6.15035,6.15035
6.15045,0.000102061865618,9.99501705169678,6.15045,6.15045
6.15055,0.000102072750451,9.99469566345215,6.15055,6.15055
6.15065,0.000102092133602,9.99478912353516,6.15065,6.15065
6.15075,0.000102080368379,9.99498081207275,6.15075,6.15075
6.15085,0.0001020898344,9.99479579925537,6.15085,6.15085
6.15095,0.000102075689938,9.99454021453857,6.15095,6.15095
6.15105,8.5011008196E-05,1.51387321949005,6.15105,6.15105
6.15115,2.359849168E-05,-0.001106788986363,6.15115,6.15115
6.15125,2.2594422262E-05,-0.001020236872137,6.15125,6.15125
6.15135,2.2409481971E-05,-0.000911307753995,6.15135,6.15135
6.15145,2.2397642169E-05,-0.000703723344486,6.15145,6.15145
6.15155,2.2416175852E-05,-0.000663895276375,6.15155,6.15155
6.15165,2.249053432E-05,-0.000768672616687,6.15165,6.15165
6.15175,2.2548376364E-05,-0.000743973592762,6.15175,6.15175
6.15185,2.2551948859E-05,-0.000621956191026,6.15185,6.15185
6.15195,2.2623542463E-05,-0.000887593894731,6.15195,6.15195
6.15205,5.813952157E-05,8.4698371887207,6.15205,6.15205
6.15215,0.000101601581264,9.99499607086182,6.15215,6.15215
6.15225,0.00010197917436,9.99478340148926,6.15225,6.15225
6.15235,0.000102099002106,9.99479579925537,6.15235,6.15235
6.15245,0.000102067773696,9.99498653411865,6.15245,6.15245
6.15255,0.000102075435279,9.99495410919189,6.15255,6.15255
6.15265,0.000102096870251,9.99480438232422,6.15265,6.15265
6.15275,0.000102104007965,9.9949779510498,6.15275,6.15275
6.15285,0.000102113241155,9.99489116668701,6.15285,6.15285
6.15295,0.000102079793578,9.99507141113281,6.15295,6.15295
6.15305,8.51633813E-05,1.5347204208374,6.15305,6.15305
6.15315,2.3596474421E-05,-0.000811596866697,6.15315,6.15315
6.15325,2.2572639864E-05,-0.000616186007392,6.15325,6.15325
6.15335,2.2379994334E-05,-0.000403535115765,6.15335,6.15335
6.15345,2.2379586881E-05,-0.000621674698777,6.15345,6.15345
6.15355,2.2375690605E-05,-0.000445192737971,6.15355,6.15355
6.15365,2.2417749278E-05,-0.000473902735393,6.15365,6.15365
6.15375,2.2458500098E-05,-0.000616889738012,6.15375,6.15375
6.15385,2.2494625227E-05,-0.000757554545999,6.15385,6.15385
6.15395,2.2588374122E-05,-0.000633003888652,6.15395,6.15395
6.15405,5.7928777096E-05,8.44931316375732,6.15405,6.15405
6.15415,0.000101588193502,9.99444484710693,6.15415,6.15415
6.15425,0.000101968042145,9.99470233917236,6.15425,6.15425
6.15435,0.000102036763565,9.99453258514404,6.15435,6.15435
6.15445,0.000102034799056,9.99472141265869,6.15445,6.15445
6.15455,0.000102056081232,9.99482822418213,6.15455,6.15455
6.15465,0.000102070858702,9.99476909637451,6.15465,6.15465
6.15475,0.000102060461359,9.9950475692749,6.15475,6.15475
6.15485,0.00010207368905,9.99497604370117,6.15485,6.15485
6.15495,0.00010211001063,9.99489402770996,6.15495,6.15495
6.15505,8.5252213466E-05,1.55439686775208,6.15505,6.15505
6.15515,2.3521524781E-05,-0.000863457797095,6.15515,6.15515
6.15525,2.2525329769E-05,-0.000743692158721,6.15525,6.15525
6.15535,2.2330883439E-05,-0.000616608245764,6.15535,6.15535
6.15545,2.2319487471E-05,-0.000721596705262,6.15545,6.15545
6.15555,2.2325906684E-05,-0.000603801338002,6.15555,6.15555
6.15565,2.2391546736E-05,-0.000574317295104,6.15565,6.15565
6.15575,2.2427137083E-05,-0.000708226871211,6.15575,6.15575
6.15585,2.2491214622E-05,-0.000852128607221,6.15585,6.15585
6.15595,2.2521791834E-05,-0.000809908029623,6.15595,6.15595
6.15605,5.7799228671E-05,8.4297399520874,6.15605,6.15605
6.15615,0.000101606907265,9.99486351013184,6.15615,6.15615
6.15625,0.000101963953057,9.99527168273926,6.15625,6.15625
6.15635,0.000102063764643,9.99483871459961,6.15635,6.15635
6.15645,0.000102087229607,9.99498844146729,6.15645,6.15645
6.15655,0.000102105026599,9.99498176574707,6.15655,6.15655
6.15665,0.000102075762697,9.99513626098633,6.15665,6.15665
6.15675,0.000102068712295,9.99522972106934,6.15675,6.15675
6.15685,0.000102066878753,9.99506568908691,6.15685,6.15685
6.15695,0.000102075508039,9.9951286315918,6.15695,6.15695
6.15705,8.5333143943E-05,1.57423686981201,6.15705,6.15705
6.15715,2.346729525E-05,-0.001109885168262,6.15715,6.15715
6.15725,2.2393114705E-05,-0.001041487790644,6.15725,6.15725
6.15735,2.2231171897E-05,-0.001031636376865,6.15735,6.15735
6.15745,2.2188065486E-05,-0.000740033050533,6.15745,6.15745
6.15755,2.2235039069E-05,-0.00067620963091,6.15755,6.15755
6.15765,2.2238717065E-05,-0.000754669483285,6.15765,6.15765
6.15775,2.2315865863E-05,-0.000822503876407,6.15775,6.15775
6.15785,2.2380367227E-05,-0.000994130503386,6.15785,6.15785
6.15795,2.2437781809E-05,-0.001093911705539,6.15795,6.15795
6.15805,5.7574463426E-05,8.40912437438965,6.15805,6.15805
6.15815,0.000101573896245,9.99423027038574,6.15815,6.15815
6.15825,0.000101946941868,9.99428558349609,6.15825,6.15825
6.15835,0.000102035905002,9.99419784545898,6.15835,6.15835
6.15845,0.000102055142634,9.99457454681396,6.15845,6.15845
6.15855,0.000102049511042,9.99442100524902,6.15855,6.15855
6.15865,0.000102051511931,9.99445915222168,6.15865,6.15865
6.15875,0.000102037549368,9.9944953918457,6.15875,6.15875
6.15885,0.000102075653558,9.99431896209717,6.15885,6.15885
6.15895,0.00010207095329,9.99464702606201,6.15895,6.15895
6.15905,8.54483078E-05,1.59399354457855,6.15905,6.15905
6.15915,2.3411554139E-05,-0.001202911138535,6.15915,6.15915
6.15925,2.2383306714E-05,-0.001142183900811,6.15925,6.15925
6.15935,2.221399518E-05,-0.001162942382507,6.15935,6.15935
6.15945,2.2182004614E-05,-0.001146054128185,6.15945,6.15945
6.15955,2.2210029783E-05,-0.000982730882242,6.15955,6.15955
6.15965,2.2240783437E-05,-0.001118118176237,6.15965,6.15965
6.15975,2.2317144612E-05,-0.000885623623617,6.15975,6.15975
6.15985,2.236229011E-05,-0.00086050236132,6.15985,6.15985
6.15995,2.237456647E-05,-0.001260260702111,6.15995,6.15995
6.16005,5.7403671235E-05,8.38937282562256,6.16005,6.16005
6.16015,0.00010158123041,9.99447536468506,6.16015,6.16015
6.16025,0.000101940968307,9.99467849731445,6.16025,6.16025
6.16035,0.000102049751149,9.9944486618042,6.16035,6.16035
6.16045,0.000102070203866,9.99438953399658,6.16045,6.16045
6.16055,0.000102068872366,9.99439907073975,6.16055,6.16055
6.16065,0.000102102370874,9.99433898925781,6.16065,6.16065
6.16075,0.000102086458355,9.99484825134277,6.16075,6.16075
6.16085,0.000102070116554,9.99446868896484,6.16085,6.16085
6.16095,0.000102112200693,9.99439239501953,6.16095,6.16095
6.16105,8.5552455857E-05,1.61394357681274,6.16105,6.16105
6.16115,2.3333681384E-05,-0.001268071588129,6.16115,6.16115
6.16125,2.2278089091E-05,-0.00113556929864,6.16125,6.16125
6.16135,2.2143552997E-05,-0.00111164432019,6.16135,6.16135
6.16145,2.2113103114E-05,-0.001155553734861,6.16145,6.16145
6.16155,2.2146907213E-05,-0.00097119063139,6.16155,6.16155
6.16165,2.2185513444E-05,-0.001041135983542,6.16165,6.16165
6.16175,2.2261250706E-05,-0.000931010697968,6.16175,6.16175
6.16185,2.229499114E-05,-0.000775216845796,6.16185,6.16185
6.16195,2.2344482204E-05,-0.000782886869274,6.16195,6.16195
6.16205,5.7211072999E-05,8.36915397644043,6.16205,6.16205
6.16215,0.000101550678664,9.9943790435791,6.16215,6.16215
6.16225,0.000101932761027,9.99447059631348,6.16225,6.16225
6.16235,0.000102002784843,9.99461650848389,6.16235,6.16235
6.16245,0.00010202665726,9.99456405639648,6.16245,6.16245
6.16255,0.000102064601379,9.99436378479004,6.16255,6.16255
6.16265,0.000102062884253,9.99435710906982,6.16265,6.16265
6.16275,0.000102077028714,9.99438858032227,6.16275,6.16275
6.16285,0.000102080251963,9.99445915222168,6.16285,6.16285
6.16295,0.000102094381873,9.99446773529053,6.16295,6.16295
6.16305,8.5595638666E-05,1.63396799564362,6.16305,6.16305
6.16315,2.3308532036E-05,-0.001340339076705,6.16315,6.16315
6.16325,2.2237176381E-05,-0.001361871603876,6.16325,6.16325
6.16335,2.2062551579E-05,-0.001341183437034,6.16335,6.16335
6.16345,2.2026046281E-05,-0.001304803416133,6.16345,6.16345
6.16355,2.2059064577E-05,-0.000852973025758,6.16355,6.16355
6.16365,2.2113819796E-05,-0.000998634030111,6.16365,6.16365
6.16375,2.2200889362E-05,-0.000931573624257,6.16375,6.16375
6.16385,2.2191861717E-05,-0.001030792016536,6.16385,6.16385
6.16395,2.2256659577E-05,-0.000763395044487,6.16395,6.16395
6.16405,5.7035824284E-05,8.3495044708252,6.16405,6.16405
6.16415,0.000101566671219,9.99453639984131,6.16415,6.16415
6.16425,0.000101932782854,9.99453353881836,6.16425,6.16425
6.16435,0.000102003330539,9.99411582946777,6.16435,6.16435
6.16445,0.000102052930743,9.99450206756592,6.16445,6.16445
6.16455,0.000102048099507,9.99439430236816,6.16455,6.16455
6.16465,0.000102078018244,9.99429607391357,6.16465,6.16465
6.16475,0.000102071913716,9.99417495727539,6.16475,6.16475
6.16485,0.000102069832792,9.99409198760986,6.16485,6.16485
6.16495,0.00010206134175,9.99421691894531,6.16495,6.16495
6.16505,8.5708961706E-05,1.65397131443024,6.16505,6.16505
6.16515,2.3318634703E-05,-0.00123352103401,6.16515,6.16515
6.16525,2.2214142518E-05,-0.001042050775141,6.16525,6.16525
6.16535,2.2024451027E-05,-0.001056546461768,6.16535,6.16535
6.16545,2.2005777282E-05,-0.001401770045049,6.16545,6.16545
6.16555,2.2016280127E-05,-0.001489799818955,6.16555,6.16555
6.16565,2.2047588573E-05,-0.001192778232507,6.16565,6.16565
6.16575,2.2094238375E-05,-0.001054928055964,6.16575,6.16575
6.16585,2.2130905563E-05,-0.00116477184929,6.16585,6.16585
6.16595,2.2191419703E-05,-0.001094263512641,6.16595,6.16595
6.16605,5.6832668633E-05,8.3290433883667,6.16605,6.16605
6.16615,0.000101560821349,9.99425315856934,6.16615,6.16615
6.16625,0.000101973244455,9.99394416809082,6.16625,6.16625
6.16635,0.000102007485111,9.99429893493652,6.16635,6.16635
6.16645,0.000102017547761,9.99414539337158,6.16645,6.16645
6.16655,0.000102057856566,9.99407196044922,6.16655,6.16655
6.16665,0.000102034944575,9.99385929107666,6.16665,6.16665
6.16675,0.000102071964648,9.99408149719238,6.16675,6.16675
6.16685,0.000102059188066,9.99416637420654,6.16685,6.16685
6.16695,0.000102103251265,9.9944953918457,6.16695,6.16695
6.16705,8.579880523E-05,1.67405462265015,6.16705,6.16705
6.16715,2.3182377845E-05,-0.001639542169869,6.16715,6.16715
6.16725,2.2147947675E-05,-0.001467704423703,6.16725,6.16725
6.16735,2.1970010494E-05,-0.001305225654505,6.16735,6.16735
6.16745,2.1963514882E-05,-0.001274123205803,6.16745,6.16745
6.16755,2.1970832677E-05,-0.000994060072117,6.16755,6.16755
6.16765,2.2016351068E-05,-0.001304170116782,6.16765,6.16765
6.16775,2.2056603484E-05,-0.001261316239834,6.16775,6.16775
6.16785,2.2099307898E-05,-0.001365952892229,6.16785,6.16785
6.16795,2.2168596843E-05,-0.001295937108807,6.16795,6.16795
6.16805,5.6708897318E-05,8.3088846206665,6.16805,6.16805
6.16815,0.000101556026493,9.99458789825439,6.16815,6.16815
6.16825,0.000101969395473,9.99437713623047,6.16825,6.16825
6.16835,0.000102037571196,9.99441051483154,6.16835,6.16835
6.16845,0.0001020759737,9.99427604675293,6.16845,6.16845
6.16855,0.000102086247352,9.99463939666748,6.16855,6.16855
6.16865,0.000102120466181,9.99472332000732,6.16865,6.16865
6.16875,0.00010212622874,9.99449920654297,6.16875,6.16875
6.16885,0.000102093421447,9.99412441253662,6.16885,6.16885
6.16895,0.000102085330582,9.99439334869385,6.16895,6.16895
6.16905,8.5923376901E-05,1.69367635250092,6.16905,6.16905
6.16915,2.3186032195E-05,-0.00120959605556,6.16915,6.16915
6.16925,2.2103420633E-05,-0.001200870494358,6.16925,6.16925
6.16935,2.1958023353E-05,-0.001273419475183,6.16935,6.16935
6.16945,2.1958261641E-05,-0.001032973406836,6.16945,6.16945
6.16955,2.1975480195E-05,-0.001178986160085,6.16955,6.16955
6.16965,2.2047843231E-05,-0.001088211894967,6.16965,6.16965
6.16975,2.2049909603E-05,-0.001009470550343,6.16975,6.16975
6.16985,2.2077429094E-05,-0.001175186247565,6.16985,6.16985
6.16995,2.2112659281E-05,-0.001153020537458,6.16995,6.16995
6.17005,5.6509808928E-05,8.28930187225342,6.17005,6.17005
6.17015,0.000101573910797,9.99458789825439,6.17015,6.17015
6.17025,0.000101978810562,9.99448108673096,6.17025,6.17025
6.17035,0.000102034515294,9.99442481994629,6.17035,6.17035
6.17045,0.000102064353996,9.99467086791992,6.17045,6.17045
6.17055,0.000102079386124,9.99481010437012,6.17055,6.17055
6.17065,0.000102059493656,9.99461460113525,6.17065,6.17065
6.17075,0.000102066507679,9.99451732635498,6.17075,6.17075
6.17085,0.00010207354353,9.99441623687744,6.17085,6.17085
6.17095,0.000102092650195,9.99468612670898,6.17095,6.17095
6.17105,8.5972467787E-05,1.71408605575562,6.17105,6.17105
6.17115,2.3139291443E-05,-0.001101229921915,6.17115,6.17115
6.17125,2.2034842914E-05,-0.001163012697361,6.17125,6.17125
6.17135,2.1917174308E-05,-0.001419432228431,6.17135,6.17135
6.17145,2.1892390578E-05,-0.00105633540079,6.17145,6.17145
6.17155,2.1921574444E-05,-0.001140424748883,6.17155,6.17155
6.17165,2.1966670829E-05,-0.001295796362683,6.17165,6.17165
6.17175,2.1985015337E-05,-0.000921792525332,6.17175,6.17175
6.17185,2.2045092919E-05,-0.000832918274682,6.17185,6.17185
6.17195,2.2070193154E-05,-0.001110588782467,6.17195,6.17195
6.17205,5.6334291003E-05,8.26911926269531,6.17205,6.17205
6.17215,0.00010157062934,9.99454402923584,6.17215,6.17215
6.17225,0.000101968289528,9.9946460723877,6.17225,6.17225
6.17235,0.000102028454421,9.99438762664795,6.17235,6.17235
6.17245,0.00010203372949,9.99450492858887,6.17245,6.17245
6.17255,0.000102054102172,9.99423313140869,6.17255,6.17255
6.17265,0.000102096710179,9.9944486618042,6.17265,6.17265
6.17275,0.00010207016021,9.99471282958984,6.17275,6.17275
6.17285,0.000102065969259,9.99485397338867,6.17285,6.17285
6.17295,0.000102062054793,9.99472045898438,6.17295,6.17295
6.17305,8.6097235908E-05,1.73467481136322,6.17305,6.17305
6.17315,2.3091524781E-05,-0.000819970620796,6.17315,6.17315
6.17325,2.195070374E-05,-0.000847273273394,6.17325,6.17325
6.17335,2.1847848984E-05,-0.000839462445583,6.17335,6.17335
6.17345,2.1824154828E-05,-0.000782675808296,6.17345,6.17345
6.17355,2.1822314011E-05,-0.000724763260223,6.17355,6.17355
6.17365,2.1865011149E-05,-0.001002011587843,6.17365,6.17365
6.17375,2.1916977857E-05,-0.001147250412032,6.17375,6.17375
6.17385,2.195613888E-05,-0.001149079878815,6.17385,6.17385
6.17395,2.2021089535E-05,-0.001144506037235,6.17395,6.17395
6.17405,5.6187578593E-05,8.24939727783203,6.17405,6.17405
6.17415,0.000101580815681,9.9945182800293,6.17415,6.17415
6.17425,0.000101948651718,9.99478816986084,6.17425,6.17425
6.17435,0.000102034980955,9.99463272094727,6.17435,6.17435
6.17445,0.000102089790744,9.99419403076172,6.17445,6.17445
6.17455,0.000102084137325,9.99423980712891,6.17455,6.17455
6.17465,0.000102091049484,9.99436187744141,6.17465,6.17465
6.17475,0.00010207437299,9.99438667297363,6.17475,6.17475
6.17485,0.000102094025351,9.99460601806641,6.17485,6.17485
6.17495,0.00010205982835,9.99456405639648,6.17495,6.17495
6.17505,8.6214611656E-05,1.75409245491028,6.17505,6.17505
6.17515,2.3036978746E-05,-0.001272012130357,6.17515,6.17515
6.17525,2.1961623133E-05,-0.001491347909905,6.17525,6.17525
6.17535,2.17635843E-05,-0.001413099234924,6.17535,6.17535
6.17545,2.1724514227E-05,-0.001164279296063,6.17545,6.17545
6.17555,2.1756610295E-05,-0.001029032748193,6.17555,6.17555
6.17565,2.180354204E-05,-0.001127265975811,6.17565,6.17565
6.17575,2.1878553525E-05,-0.00103086233139,6.17575,6.17575
6.17585,2.1941494197E-05,-0.000764239463024,6.17585,6.17585
6.17595,2.1992860638E-05,-0.000805404502898,6.17595,6.17595
6.17605,5.5991640693E-05,8.22970199584961,6.17605,6.17605
6.17615,0.000101568424725,9.9950647354126,6.17615,6.17615
6.17625,0.000101979232568,9.99466037750244,6.17625,6.17625
6.17635,0.00010204584396,9.99459171295166,6.17635,6.17635
6.17645,0.000102066638647,9.99458789825439,6.17645,6.17645
6.17655,0.000102071280708,9.99447059631348,6.17655,6.17655
6.17665,0.0001020835698,9.99448204040527,6.17665,6.17665
6.17675,0.000102068006527,9.99454212188721,6.17675,6.17675
6.17685,0.000102026337117,9.9945764541626,6.17685,6.17685
6.17695,0.00010209903121,9.99442195892334,6.17695,6.17695
6.17705,8.6328298494E-05,1.77405631542206,6.17705,6.17705
6.17715,2.3051314201E-05,-0.001104537281208,6.17715,6.17715
6.17725,2.1945008484E-05,-0.001172653050162,6.17725,6.17725
6.17735,2.1759204174E-05,-0.001065201708116,6.17735,6.17735
6.17745,2.1757685317E-05,-0.001302903518081,6.17745,6.17745
6.17755,2.1814797947E-05,-0.000920314807445,6.17755,6.17755
6.17765,2.1840389309E-05,-0.001068790443242,6.17765,6.17765
6.17775,2.1876288884E-05,-0.000701119715814,6.17775,6.17775
6.17785,2.1869442207E-05,-0.000741651456337,6.17785,6.17785
6.17795,2.1955949705E-05,-0.000760017428547,6.17795,6.17795
6.17805,5.5833046645E-05,8.20946598052979,6.17805,6.17805
6.17815,0.000101591140265,9.9946403503418,6.17815,6.17815
6.17825,0.000101977188024,9.99467945098877,6.17825,6.17825
6.17835,0.000102060563222,9.99485206604004,6.17835,6.17835
6.17845,0.000102086894913,9.99453544616699,6.17845,6.17845
6.17855,0.000102090249129,9.9945240020752,6.17855,6.17855
6.17865,0.000102059057099,9.99438095092773,6.17865,6.17865
6.17875,0.000102081663499,9.99428176879883,6.17875,6.17875
6.17885,0.000102076381154,9.9941234588623,6.17885,6.17885
6.17895,0.000102079589851,9.99417877197266,6.17895,6.17895
6.17905,8.6401218141E-05,1.79427194595337,6.17905,6.17905
6.17915,2.2957754481E-05,-0.001016155467369,6.17915,6.17915
6.17925,2.1866770112E-05,-0.000845373317134,6.17925,6.17925
6.17935,2.1650506824E-05,-0.00101221492514,6.17935,6.17935
6.17945,2.1660940547E-05,-0.000836647755932,6.17945,6.17945
6.17955,2.1679397832E-05,-0.001019955379888,6.17955,6.17955
6.17965,2.1708645363E-05,-0.000894208438694,6.17965,6.17965
6.17975,2.1757425202E-05,-0.000893152959179,6.17975,6.17975
6.17985,2.1818523237E-05,-0.000947265594732,6.17985,6.17985
6.17995,2.1888748961E-05,-0.000858743151184,6.17995,6.17995
6.18005,5.5608194089E-05,8.18943500518799,6.18005,6.18005
6.18015,0.000101549703686,9.99455547332764,6.18015,6.18015
6.18025,0.000101934478153,9.99470901489258,6.18025,6.18025
6.18035,0.000102041150967,9.99442005157471,6.18035,6.18035
6.18045,0.000102043042716,9.99456119537354,6.18045,6.18045
6.18055,0.000102062163933,9.99448108673096,6.18055,6.18055
6.18065,0.000102090882137,9.99464988708496,6.18065,6.18065
6.18075,0.000102087600681,9.99487781524658,6.18075,6.18075
6.18085,0.00010206643492,9.99497985839844,6.18085,6.18085
6.18095,0.000102095771581,9.9948263168335,6.18095,6.18095
6.18105,8.6516025476E-05,1.8143630027771,6.18105,6.18105
6.18115,2.2867099688E-05,-0.000677265110426,6.18115,6.18115
6.18125,2.1793472115E-05,-0.001032058615237,6.18125,6.18125
6.18135,2.1632620701E-05,-0.00111382571049,6.18135,6.18135
6.18145,2.1623895009E-05,-0.000996100716293,6.18145,6.18145
6.18155,2.1653495423E-05,-0.000877672049683,6.18155,6.18155
6.18165,2.1687856133E-05,-0.000897726800758,6.18165,6.18165
6.18175,2.1749368898E-05,-0.001200166763738,6.18175,6.18175
6.18185,2.1787889636E-05,-0.000971542438492,6.18185,6.18185
6.18195,2.1844707589E-05,-0.000925873871893,6.18195,6.18195
6.18205,5.5452754168E-05,8.16985607147217,6.18205,6.18205
6.18215,0.000101534489659,9.99457550048828,6.18215,6.18215
6.18225,0.000101950179669,9.99447441101074,6.18225,6.18225
6.18235,0.000102027835965,9.99430656433105,6.18235,6.18235
6.18245,0.000102078149212,9.99411773681641,6.18245,6.18245
6.18255,0.00010206472507,9.99424648284912,6.18255,6.18255
6.18265,0.000102077079646,9.99420166015625,6.18265,6.18265
6.18275,0.000102106008853,9.99450778961182,6.18275,6.18275
6.18285,0.000102112702734,9.99450397491455,6.18285,6.18285
6.18295,0.000102076548501,9.99446392059326,6.18295,6.18295
6.18305,8.6589840066E-05,1.83417403697968,6.18305,6.18305
6.18315,2.2865355277E-05,-0.001060698181391,6.18315,6.18315
6.18325,2.1748657673E-05,-0.001086382428184,6.18325,6.18325
6.18335,2.1577210646E-05,-0.000961409532465,6.18335,6.18335
6.18345,2.1542604372E-05,-0.001130150980316,6.18345,6.18345
6.18355,2.1592382836E-05,-0.001071534818038,6.18355,6.18355
6.18365,2.1604188078E-05,-0.001292911358178,6.18365,6.18365
6.18375,2.1695701435E-05,-0.001010455773212,6.18375,6.18375
6.18385,2.1760666641E-05,-0.000984349404462,6.18385,6.18385
6.18395,2.1805586584E-05,-0.000972738722339,6.18395,6.18395
6.18405,5.5283078837E-05,8.14924430847168,6.18405,6.18405
6.18415,0.000101540412288,9.9941930770874,6.18415,6.18415
6.18425,0.000101981291664,9.99426460266113,6.18425,6.18425
6.18435,0.0001020423515,9.99431800842285,6.18435,6.18435
6.18445,0.000102076708572,9.99409103393555,6.18445,6.18445
6.18455,0.000102098390926,9.99394226074219,6.18455,6.18455
6.18465,0.000102075508039,9.99407482147217,6.18465,6.18465
6.18475,0.000102098238131,9.99429130554199,6.18475,6.18475
6.18485,0.00010214267968,9.99430561065674,6.18485,6.18485
6.18495,0.000102134639747,9.99453926086426,6.18495,6.18495
6.18505,8.6711028416E-05,1.85399699211121,6.18505,6.18505
6.18515,2.2878284653E-05,-0.000936640135478,6.18515,6.18515
6.18525,2.174500878E-05,-0.000927633082028,6.18525,6.18525
6.18535,2.1596482839E-05,-0.000990401022136,6.18535,6.18535
6.18545,2.1567326257E-05,-0.001064990647137,6.18545,6.18545
6.18555,2.1558698791E-05,-0.00075699161971,6.18555,6.18555
6.18565,2.1611262127E-05,-0.001077304943465,6.18565,6.18565
6.18575,2.1627516617E-05,-0.000958594784606,6.18575,6.18575
6.18585,2.1701207515E-05,-0.001196085475385,6.18585,6.18585
6.18595,2.173437133E-05,-0.001360182766803,6.18595,6.18595
6.18605,5.5093027186E-05,8.12924957275391,6.18605,6.18605
6.18615,0.000101564190118,9.9945650100708,6.18615,6.18615
6.18625,0.000101977828308,9.99446582794189,6.18625,6.18625
6.18635,0.000102051257272,9.99420166015625,6.18635,6.18635
6.18645,0.000102040386992,9.99388694763184,6.18645,6.18645
6.18655,0.000102064659586,9.9941349029541,6.18655,6.18655
6.18665,0.000102083664387,9.99405002593994,6.18665,6.18665
6.18675,0.000102094898466,9.99431705474854,6.18675,6.18675
6.18685,0.000102101213997,9.99423789978027,6.18685,6.18685
6.18695,0.000102126396087,9.99428653717041,6.18695,6.18695
6.18705,8.6823230959E-05,1.87420403957367,6.18705,6.18705
6.18715,2.2836571588E-05,-0.000806108175311,6.18715,6.18715
6.18725,2.1681211365E-05,-0.000869790907018,6.18725,6.18725
6.18735,2.1557932996E-05,-0.001263779122382,6.18735,6.18735
6.18745,2.148637941E-05,-0.00090497470228,6.18745,6.18745
6.18755,2.1526237106E-05,-0.000744958757423,6.18755,6.18755
6.18765,2.1558009394E-05,-0.000956061587203,6.18765,6.18765
6.18775,2.1604308131E-05,-0.000849806470796,6.18775,6.18775
6.18785,2.1628584363E-05,-0.000848750991281,6.18785,6.18785
6.18795,2.1696678232E-05,-0.000713574816473,6.18795,6.18795
6.18805,5.4914260545E-05,8.1092004776001,6.18805,6.18805
6.18815,0.000101544268546,9.99442386627197,6.18815,6.18815
6.18825,0.000101934099803,9.99454021453857,6.18825,6.18825
6.18835,0.000102018086181,9.99433326721191,6.18835,6.18835
6.18845,0.000102049081761,9.99402523040771,6.18845,6.18845
6.18855,0.000102080608485,9.99420928955078,6.18855,6.18855
6.18865,0.000102077727206,9.99430084228516,6.18865,6.18865
6.18875,0.000102082347439,9.99420738220215,6.18875,6.18875
6.18885,0.000102091900771,9.99446392059326,6.18885,6.18885
6.18895,0.000102063495433,9.99435424804688,6.18895,6.18895
6.18905,8.691286348E-05,1.8940304517746,6.18905,6.18905
6.18915,2.2777358026E-05,-0.001028751255944,6.18915,6.18915
6.18925,2.1668858608E-05,-0.001312543870881,6.18925,6.18925
6.18935,2.147374471E-05,-0.000845091883093,6.18935,6.18935
6.18945,2.1446092433E-05,-0.000960002187639,6.18945,6.18945
6.18955,2.1470061256E-05,-0.001203755498864,6.18955,6.18955
6.18965,2.1515992557E-05,-0.00094571756199,6.18965,6.18965
6.18975,2.1539821319E-05,-0.000787038588896,6.18975,6.18975
6.18985,2.162252531E-05,-0.000738414586522,6.18985,6.18985
6.18995,2.1641410058E-05,-0.00084438821068,6.18995,6.18995
6.19005,5.4775697208E-05,8.08951663970947,6.19005,6.19005
6.19015,0.000101573801658,9.9946117401123,6.19015,6.19015
6.19025,0.000101985351648,9.99456787109375,6.19025,6.19025
6.19035,0.000102037374745,9.99427700042725,6.19035,6.19035
6.19045,0.000102053512819,9.99452877044678,6.19045,6.19045
6.19055,0.000102087105915,9.99440383911133,6.19055,6.19055
6.19065,0.000102092308225,9.99451732635498,6.19065,6.19065
6.19075,0.000102084894024,9.99451065063477,6.19075,6.19075
6.19085,0.000102105965198,9.99436569213867,6.19085,6.19085
6.19095,0.000102106387203,9.99411487579346,6.19095,6.19095
6.19105,8.7027503469E-05,1.91411340236664,6.19105,6.19105
6.19115,2.2728583644E-05,-0.001001378288493,6.19115,6.19115
6.19125,2.1592932171E-05,-0.000917500117794,6.19125,6.19125
6.19135,2.1444249796E-05,-0.000917570490856,6.19135,6.19135
6.19145,2.1374828066E-05,-0.000951909867581,6.19145,6.19145
6.19155,2.1414074581E-05,-0.001157453632914,6.19155,6.19155
6.19165,2.1447091058E-05,-0.001064709154889,6.19165,6.19165
6.19175,2.1486041078E-05,-0.00120438891463,6.19175,6.19175
6.19185,2.1552265025E-05,-0.001343716750853,6.19185,6.19185
6.19195,2.1615880542E-05,-0.001303044264205,6.19195,6.19195
6.19205,5.4577583796E-05,8.06877040863037,6.19205,6.19205
6.19215,0.00010154346819,9.99395942687988,6.19215,6.19215
6.19225,0.000101934972918,9.99393081665039,6.19225,6.19225
6.19235,0.000102023986983,9.99407386779785,6.19235,6.19235
6.19245,0.000102076235635,9.99411487579346,6.19245,6.19245
6.19255,0.000102072139271,9.99421310424805,6.19255,6.19255
6.19265,0.000102078905911,9.99428176879883,6.19265,6.19265
6.19275,0.000102110359876,9.99409675598145,6.19275,6.19275
6.19285,0.00010210210894,9.99397563934326,6.19285,6.19285
6.19295,0.000102080382931,9.99416732788086,6.19295,6.19295
6.19305,8.7126456492E-05,1.93368542194367,6.19305,6.19305
6.19315,2.2749916752E-05,-0.001131136203185,6.19315,6.19315
6.19325,2.1559078959E-05,-0.001254842383787,6.19325,6.19325
6.19335,2.137735828E-05,-0.001245483523235,6.19335,6.19335
6.19345,2.1372430638E-05,-0.001273349160329,6.19345,6.19345
6.19355,2.1378911697E-05,-0.000863598543219,6.19355,6.19355
6.19365,2.1418250981E-05,-0.000836436636746,6.19365,6.19365
6.19375,2.1460351491E-05,-0.000708367617335,6.19375,6.19375
6.19385,2.1540538E-05,-0.000904552463908,6.19385,6.19385
6.19395,2.1539342924E-05,-0.000999056152068,6.19395,6.19395
6.19405,5.4381795053E-05,8.04902744293213,6.19405,6.19405
6.19415,0.000101557365269,9.99386501312256,6.19415,6.19415
6.19425,0.000101967634691,9.99402809143066,6.19425,6.19425
6.19435,0.000101993042335,9.99398136138916,6.19435,6.19435
6.19445,0.000102052465081,9.99391651153564,6.19445,6.19445
6.19455,0.000102088910353,9.99391937255859,6.19455,6.19455
6.19465,0.000102069883724,9.99375629425049,6.19465,6.19465
6.19475,0.000102095902548,9.99377727508545,6.19475,6.19475
6.19485,0.000102091595181,9.99414157867432,6.19485,6.19485
6.19495,0.000102098027128,9.99393463134766,6.19495,6.19495
6.19505,8.7271459051E-05,1.95399141311646,6.19505,6.19505
6.19515,2.270686673E-05,-0.001041276729666,6.19515,6.19515
6.19525,2.1534518964E-05,-0.001197492820211,6.19525,6.19525
6.19535,2.1409496185E-05,-0.000965983432252,6.19535,6.19535
6.19545,2.1309082513E-05,-0.001095600542612,6.19545,6.19545
6.19555,2.1363233827E-05,-0.001078149420209,6.19555,6.19555
6.19565,2.1413306968E-05,-0.000970346212853,6.19565,6.19565
6.19575,2.1424513761E-05,-0.000558343832381,6.19575,6.19575
6.19585,2.1488664061E-05,-0.000728633487597,6.19585,6.19585
6.19595,2.1539954105E-05,-0.000851354561746,6.19595,6.19595
6.19605,5.4224507039E-05,8.02898502349854,6.19605,6.19605
6.19615,0.00010152599134,9.99376010894775,6.19615,6.19615
6.19625,0.000101973193523,9.99365997314453,6.19625,6.19625
6.19635,0.000102039412013,9.9939603805542,6.19635,6.19635
6.19645,0.000102054895251,9.99386024475098,6.19645,6.19645
6.19655,0.000102057631011,9.99407005310059,6.19655,6.19655
6.19665,0.000102076111943,9.99390316009521,6.19665,6.19665
6.19675,0.00010207194282,9.99375152587891,6.19675,6.19675
6.19685,0.000102083016827,9.99354648590088,6.19685,6.19685
6.19695,0.00010208592721,9.99359226226807,6.19695,6.19695
6.19705,8.7343774794E-05,1.97356975078583,6.19705,6.19705
6.19715,2.261561167E-05,-0.00139860343188,6.19715,6.19715
6.19725,2.1467347324E-05,-0.001328939571977,6.19725,6.19725
6.19735,2.1314046535E-05,-0.001241754041985,6.19735,6.19735
6.19745,2.1308758733E-05,-0.001232113689184,6.19745,6.19745
6.19755,2.1283771275E-05,-0.000977242249064,6.19755,6.19755
6.19765,2.1316007405E-05,-0.000889212358743,6.19765,6.19765
6.19775,2.1374455173E-05,-0.000940721423831,6.19775,6.19775
6.19785,2.1420049961E-05,-0.000947124906816,6.19785,6.19785
6.19795,2.1450288841E-05,-0.001128743635491,6.19795,6.19795
6.19805,5.4025265854E-05,8.00935745239258,6.19805,6.19805
6.19815,0.000101539844763,9.99420166015625,6.19815,6.19815
6.19825,0.000101923571492,9.99425220489502,6.19825,6.19825
6.19835,0.000101987658127,9.99410343170166,6.19835,6.19835
6.19845,0.000102035744931,9.99414920806885,6.19845,6.19845
6.19855,0.000102053119917,9.99431037902832,6.19855,6.19855
6.19865,0.000102065023384,9.99429702758789,6.19865,6.19865
6.19875,0.000102080019133,9.9944486618042,6.19875,6.19875
6.19885,0.000102082012745,9.99418830871582,6.19885,6.19885
6.19895,0.000102099358628,9.99399280548096,6.19895,6.19895
6.19905,8.7432403234E-05,1.99371349811554,6.19905,6.19905
6.19915,2.2599568183E-05,-0.001222403021529,6.19915,6.19915
6.19925,2.1419036784E-05,-0.001284889411181,6.19925,6.19925
6.19935,2.1269919671E-05,-0.001079486333765,6.19935,6.19935
6.19945,2.1245177777E-05,-0.000960142875556,6.19945,6.19945
6.19955,2.130790017E-05,-0.001039236085489,6.19955,6.19955
6.19965,2.1346542781E-05,-0.000796045642346,6.19965,6.19965
6.19975,2.1373652999E-05,-0.000415427261032,6.19975,6.19975
6.19985,2.1405538064E-05,-0.00074798456626,6.19985,6.19985
6.19995,2.1462341465E-05,-0.001109392615035,6.19995,6.19995
6.20005,5.3864674555E-05,7.9892635345459,6.20005,6.20005
6.20015,0.000101544712379,9.99468040466309,6.20015,6.20015
6.20025,0.000101978446764,9.99447154998779,6.20025,6.20025
6.20035,0.000102037214674,9.99466133117676,6.20035,6.20035
6.20045,0.000102062760561,9.99439144134521,6.20045,6.20045
6.20055,0.000102082623926,9.99447536468506,6.20055,6.20055
6.20065,0.000102066951513,9.99419784545898,6.20065,6.20065
6.20075,0.000102071913716,9.99427223205566,6.20075,6.20075
6.20085,0.000102092519228,9.99440479278564,6.20085,6.20085
6.20095,0.000102093406895,9.99460983276367,6.20095,6.20095
6.20105,8.7534041086E-05,2.01416826248169,6.20105,6.20105
6.20115,2.2537697077E-05,-0.001101370668039,6.20115,6.20115
6.20125,2.1345051209E-05,-0.000787320081145,6.20125,6.20125
6.20135,2.1191293854E-05,-0.000696897681337,6.20135,6.20135
6.20145,2.1177731469E-05,-0.000761284027249,6.20145,6.20145
6.20155,2.1191975975E-05,-0.000819829874672,6.20155,6.20155
6.20165,2.1232403014E-05,-0.000843191926833,6.20165,6.20165
6.20175,2.1277217456E-05,-0.000777327863034,6.20175,6.20175
6.20185,2.1299596483E-05,-0.001000252435915,6.20185,6.20185
6.20195,2.1326244678E-05,-0.000851073127706,6.20195,6.20195
6.20205,5.368089478E-05,7.96955919265747,6.20205,6.20205
6.20215,0.000101501114841,9.99443817138672,6.20215,6.20215
6.20225,0.000101927980722,9.9942455291748,6.20225,6.20225
6.20235,0.00010201085388,9.99447441101074,6.20235,6.20235
6.20245,0.000102060897916,9.99415969848633,6.20245,6.20245
6.20255,0.000102060374047,9.99460220336914,6.20255,6.20255
6.20265,0.000102050922578,9.99464988708496,6.20265,6.20265
6.20275,0.000102045589301,9.9945240020752,6.20275,6.20275
6.20285,0.000102062513179,9.99444580078125,6.20285,6.20285
6.20295,0.000102038698969,9.99437999725342,6.20295,6.20295
6.20305,8.7648964836E-05,2.03390836715698,6.20305,6.20305
6.20315,2.2489464754E-05,-0.001061049988493,6.20315,6.20315
6.20325,2.1338295483E-05,-0.000903567357454,6.20325,6.20325
6.20335,2.1131989342E-05,-0.000723355915397,6.20335,6.20335
6.20345,2.1103556719E-05,-0.00122894719243,6.20345,6.20345
6.20355,2.1159015887E-05,-0.000933332834393,6.20355,6.20355
6.20365,2.1225920136E-05,-0.000855154416058,6.20365,6.20365
6.20375,2.1243484298E-05,-0.000700697535649,6.20375,6.20375
6.20385,2.126911204E-05,-0.000720752286725,6.20385,6.20385
6.20395,2.1317131541E-05,-0.000489946571179,6.20395,6.20395
6.20405,5.3481209761E-05,7.94990491867065,6.20405,6.20405
6.20415,0.000101544646895,9.99461841583252,6.20415,6.20415
6.20425,0.000101936275314,9.99465560913086,6.20425,6.20425
6.20435,0.00010201700934,9.99446678161621,6.20435,6.20435
6.20445,0.000102032106952,9.99462127685547,6.20445,6.20445
6.20455,0.000102064732346,9.99447822570801,6.20455,6.20455
6.20465,0.000102088059066,9.99436378479004,6.20465,6.20465
6.20475,0.000102066551335,9.99456882476807,6.20475,6.20475
6.20485,0.0001020643831,9.99461460113525,6.20485,6.20485
6.20495,0.000102068843262,9.99470329284668,6.20495,6.20495
6.20505,8.7767533842E-05,2.05424237251282,6.20505,6.20505
6.20515,2.2468597308E-05,-0.000675787392538,6.20515,6.20515
6.20525,2.1277386622E-05,-0.000426615704782,6.20525,6.20525
6.20535,2.1078223654E-05,-0.00037447331124,6.20535,6.20535
6.20545,2.1092784664E-05,-0.00055215152679,6.20545,6.20545
6.20555,2.1113455659E-05,-0.000585787231103,6.20555,6.20555
6.20565,2.1198162358E-05,-0.000713222951163,6.20565,6.20565
6.20575,2.1201565687E-05,-0.000748969730921,6.20575,6.20575
6.20585,2.1245305106E-05,-0.000473973108456,6.20585,6.20585
6.20595,2.129083623E-05,-0.000734051747713,6.20595,6.20595
6.20605,5.3311330703E-05,7.9297308921814,6.20605,6.20605
6.20615,0.000101487756183,9.99482727050781,6.20615,6.20615
6.20625,0.00010191903857,9.99471855163574,6.20625,6.20625
6.20635,0.000102043501101,9.99460124969482,6.20635,6.20635
6.20645,0.000102035526652,9.99467945098877,6.20645,6.20645
6.20655,0.000102035788586,9.99470710754395,6.20655,6.20655
6.20665,0.000102058860648,9.9947338104248,6.20665,6.20665
6.20675,0.000102082682133,9.99495220184326,6.20675,6.20675
6.20685,0.000102045261883,9.99514865875244,6.20685,6.20685
6.20695,0.000102049962152,9.99464225769043,6.20695,6.20695
6.20705,8.78914434E-05,2.07430648803711,6.20705,6.20705
6.20715,2.2443919079E-05,-0.000575583952013,6.20715,6.20715
6.20725,2.1239082344E-05,-0.000426123122452,6.20725,6.20725
6.20735,2.1045403628E-05,-0.000572909950279,6.20735,6.20735
6.20745,2.1031588403E-05,-0.000600705156103,6.20745,6.20745
6.20755,2.1014011509E-05,-0.000904693210032,6.20755,6.20755
6.20765,2.1053307137E-05,-0.000881331157871,6.20765,6.20765
6.20775,2.111631693E-05,-0.000789079233073,6.20775,6.20775
6.20785,2.1193951397E-05,-0.00076480244752,6.20785,6.20785
6.20795,2.1224339434E-05,-0.000934880925342,6.20795,6.20795
6.20805,5.3125470004E-05,7.90978145599365,6.20805,6.20805
6.20815,0.000101516838185,9.99447059631348,6.20815,6.20815
6.20825,0.000101920588349,9.99435806274414,6.20825,6.20825
6.20835,0.000102013524156,9.99423503875732,6.20835,6.20835
6.20845,0.000102070211142,9.99401950836182,6.20845,6.20845
6.20855,0.000102060133941,9.99424266815186,6.20855,6.20855
6.20865,0.000102017809695,9.99421215057373,6.20865,6.20865
6.20875,0.000102051846625,9.99429702758789,6.20875,6.20875
6.20885,0.000102085643448,9.99435138702393,6.20885,6.20885
6.20895,0.000102053665614,9.99450016021729,6.20895,6.20895
6.20905,8.7989632448E-05,2.09439396858215,6.20905,6.20905
6.20915,2.2389625883E-05,-0.000735951703973,6.20915,6.20915
6.20925,2.1197840397E-05,-0.000931432936341,6.20925,6.20925
6.20935,2.1008350814E-05,-0.000842699373607,6.20935,6.20935
6.20945,2.0969737307E-05,-0.000487765151775,6.20945,6.20945
6.20955,2.1022462533E-05,-0.000413456960814,6.20955,6.20955
6.20965,2.1058234779E-05,-0.000364199629985,6.20965,6.20965
6.20975,2.1085121261E-05,-0.000290595111437,6.20975,6.20975
6.20985,2.1151070541E-05,-0.000638211087789,6.20985,6.20985
6.20995,2.1199823095E-05,-0.000473832362331,6.20995,6.20995
6.21005,5.2947569202E-05,7.89016246795654,6.21005,6.21005
6.21015,0.000101501427707,9.99520874023438,6.21015,6.21015
6.21025,0.000101939578599,9.99510192871094,6.21025,6.21025
6.21035,0.000102009180409,9.99471092224121,6.21035,6.21035
6.21045,0.000102058249468,9.99461269378662,6.21045,6.21045
6.21055,0.000102055731986,9.99477481842041,6.21055,6.21055
6.21065,0.000102068232081,9.99471759796143,6.21065,6.21065
6.21075,0.000102107478597,9.99477386474609,6.21075,6.21075
6.21085,0.000102126970887,9.9948205947876,6.21085,6.21085
6.21095,0.000102115664049,9.99493789672852,6.21095,6.21095
6.21105,8.8162400061E-05,2.11404371261597,6.21105,6.21105
6.21115,2.2433407139E-05,-0.001119595835917,6.21115,6.21115
6.21125,2.119113924E-05,-0.001007500337437,6.21125,6.21125
6.21135,2.102362123E-05,-0.000958031858318,6.21135,6.21135
6.21145,2.097963079E-05,-0.000479813606944,6.21145,6.21145
6.21155,2.1026335162E-05,-0.000760158174671,6.21155,6.21155
6.21165,2.108742774E-05,-0.000810541387182,6.21165,6.21165
6.21175,2.1106417989E-05,-0.000956694886554,6.21175,6.21175
6.21185,2.1137149815E-05,-0.000987375155091,6.21185,6.21185
6.21195,2.1222243959E-05,-0.001016014721245,6.21195,6.21195
6.21205,5.2834457165E-05,7.86929178237915,6.21205,6.21205
6.21215,0.000101526486105,9.99444198608398,6.21215,6.21215
6.21225,0.000101938625448,9.99427700042725,6.21225,6.21225
6.21235,0.000102021869679,9.99427795410156,6.21235,6.21235
6.21245,0.000102071375295,9.99423122406006,6.21245,6.21245
6.21255,0.000102064695966,9.9942045211792,6.21255,6.21255
6.21265,0.000102081314253,9.99442291259766,6.21265,6.21265
6.21275,0.000102055062598,9.99438667297363,6.21275,6.21275
6.21285,0.000102081030491,9.99452114105225,6.21285,6.21285
6.21295,0.000102070756839,9.99462509155273,6.21295,6.21295
6.21305,8.8229528046E-05,2.13393926620483,6.21305,6.21305
6.21315,2.2363457902E-05,-0.000867820577696,6.21315,6.21315
6.21325,2.1153102352E-05,-0.000904693210032,6.21325,6.21325
6.21335,2.0952202249E-05,-0.001231832196936,6.21335,6.21335
6.21345,2.0983694412E-05,-0.001000463496894,6.21345,6.21345
6.21355,2.1010537239E-05,-0.000658547331113,6.21355,6.21355
6.21365,2.1017407562E-05,-0.000865991052706,6.21365,6.21365
6.21375,2.1062158339E-05,-0.001142887515016,6.21375,6.21375
6.21385,2.1103282052E-05,-0.000984982703812,6.21385,6.21385
6.21395,2.111959293E-05,-0.000738062721211,6.21395,6.21395
6.21405,5.2590796258E-05,7.84979438781738,6.21405,6.21405
6.21415,0.000101503566839,9.99453926086426,6.21415,6.21415
6.21425,0.000101918849396,9.99467754364014,6.21425,6.21425
6.21435,0.000101996236481,9.9949426651001,6.21435,6.21435
6.21445,0.000102019679616,9.99483108520508,6.21445,6.21445
6.21455,0.000102044316009,9.99467945098877,6.21455,6.21455
6.21465,0.000102049270936,9.99465560913086,6.21465,6.21465
6.21475,0.000102048856206,9.99462699890137,6.21475,6.21475
6.21485,0.000102072262962,9.99468040466309,6.21485,6.21485
6.21495,0.000102090467408,9.99451065063477,6.21495,6.21495
6.21505,8.8343826064E-05,2.15403771400452,6.21505,6.21505
6.21515,2.2316513423E-05,-0.000813004211523,6.21515,6.21515
6.21525,2.1082048988E-05,-0.000794708670583,6.21525,6.21525
6.21535,2.0902592951E-05,-0.001014607376419,6.21535,6.21535
6.21545,2.0903506083E-05,-0.001037476933561,6.21545,6.21545
6.21555,2.0938077796E-05,-0.000637788907625,6.21555,6.21555
6.21565,2.0972760467E-05,-0.000748828984797,6.21565,6.21565
6.21575,2.1009518605E-05,-0.000849032425322,6.21575,6.21575
6.21585,2.104332998E-05,-0.000992723042145,6.21585,6.21585
6.21595,2.1082181775E-05,-0.000899837876204,6.21595,6.21595
6.21605,5.2477385907E-05,7.82965469360352,6.21605,6.21605
6.21615,0.000101556550362,9.99420928955078,6.21615,6.21615
6.21625,0.000101999248727,9.9943675994873,6.21625,6.21625
6.21635,0.000102064121165,9.99429702758789,6.21635,6.21635
6.21645,0.000102085570688,9.99405670166016,6.21645,6.21645
6.21655,0.000102080091892,9.99444484710693,6.21655,6.21655
6.21665,0.000102084857645,9.99459743499756,6.21665,6.21665
6.21675,0.000102093763417,9.99413013458252,6.21675,6.21675
6.21685,0.000102112033346,9.99444580078125,6.21685,6.21685
6.21695,0.000102105543192,9.99456405639648,6.21695,6.21695
6.21705,8.8459812105E-05,2.17406320571899,6.21705,6.21705
6.21715,2.2301206627E-05,-0.000705271435436,6.21715,6.21715
6.21725,2.1099162041E-05,-0.000577765342314,6.21725,6.21725
6.21735,2.0936910005E-05,-0.000364903302398,6.21735,6.21735
6.21745,2.0894092813E-05,-0.000543918518815,6.21745,6.21745
6.21755,2.0893550754E-05,-0.000634411233477,6.21755,6.21755
6.21765,2.0926034267E-05,-0.000615482334979,6.21765,6.21765
6.21775,2.0968731405E-05,-0.000925662752707,6.21775,6.21775
6.21785,2.100274105E-05,-0.000887945701834,6.21785,6.21785
6.21795,2.1047619157E-05,-0.000875068479218,6.21795,6.21795
6.21805,5.2234034229E-05,7.80949926376343,6.21805,6.21805
6.21815,0.000101503879705,9.99437999725342,6.21815,6.21815
6.21825,0.000101920617453,9.9943962097168,6.21825,6.21825
6.21835,0.000102032383438,9.99395656585693,6.21835,6.21835
6.21845,0.00010207129526,9.99403762817383,6.21845,6.21845
6.21855,0.000102051184513,9.99410820007324,6.21855,6.21855
6.21865,0.00010207091691,9.99438095092773,6.21865,6.21865
6.21875,0.000102101439552,9.99437046051025,6.21875,6.21875
6.21885,0.000102071455331,9.99420833587646,6.21885,6.21885
6.21895,0.000102089048596,9.99423694610596,6.21895,6.21895
6.21905,8.8518172561E-05,2.19391489028931,6.21905,6.21905
6.21915,2.2240501494E-05,-0.001109674107283,6.21915,6.21915
6.21925,2.1028403353E-05,-0.000963239057455,6.21925,6.21925
6.21935,2.0837936972E-05,-0.000809696968645,6.21935,6.21935
6.21945,2.0796673198E-05,-0.000784153526183,6.21945,6.21945
6.21955,2.0860021323E-05,-0.000891253002919,6.21955,6.21955
6.21965,2.0919396775E-05,-0.000586209411267,6.21965,6.21965
6.21975,2.0911142201E-05,-0.000607038266025,6.21975,6.21975
6.21985,2.0961497285E-05,-0.000437311566202,6.21985,6.21985
6.21995,2.100601705E-05,-0.000679094693623,6.21995,6.21995
6.22005,5.2062128816E-05,7.78949642181396,6.22005,6.22005
6.22015,0.000101514175185,9.99456119537354,6.22015,6.22015
6.22025,0.000101924495539,9.99466991424561,6.22025,6.22025
6.22035,0.000102028105175,9.9946231842041,6.22035,6.22035
6.22045,0.000102067147964,9.99460220336914,6.22045,6.22045
6.22055,0.000102045480162,9.99461364746094,6.22055,6.22055
6.22065,0.000102090365544,9.99439430236816,6.22065,6.22065
6.22075,0.000102069752757,9.99461269378662,6.22075,6.22075
6.22085,0.000102043639345,9.99483013153076,6.22085,6.22085
6.22095,0.00010209310858,9.994384765625,6.22095,6.22095
6.22105,8.8647735538E-05,2.21398210525513,6.22105,6.22105
6.22115,2.2197213184E-05,-0.000620900653303,6.22115,6.22115
6.22125,2.0925675926E-05,-0.000930869951844,6.22125,6.22125
6.22135,2.0760520783E-05,-0.001142113469541,6.22135,6.22135
6.22145,2.0721892724E-05,-0.000880627485458,6.22145,6.22145
6.22155,2.0748806492E-05,-0.00110052630771,6.22155,6.22155
6.22165,2.0816218239E-05,-0.001099611516111,6.22165,6.22165
6.22175,2.0883222533E-05,-0.001026218058541,6.22175,6.22175
6.22185,2.0931580366E-05,-0.000782112823799,6.22185,6.22185
6.22195,2.0961568225E-05,-0.000866061425768,6.22195,6.22195
6.22205,5.1928305766E-05,7.76984930038452,6.22205,6.22205
6.22215,0.000101541649201,9.99477863311768,6.22215,6.22215
6.22225,0.000101985911897,9.9946756362915,6.22225,6.22225
6.22235,0.000102012207208,9.99477481842041,6.22235,6.22235
6.22245,0.000102048565168,9.99449253082275,6.22245,6.22245
6.22255,0.000102039717603,9.99437236785889,6.22255,6.22255
6.22265,0.000102050158603,9.99431037902832,6.22265,6.22265
6.22275,0.000102064695966,9.99416065216064,6.22275,6.22275
6.22285,0.000102075318864,9.99434757232666,6.22285,6.22285
6.22295,0.000102019155747,9.99417495727539,6.22295,6.22295
6.22305,8.8722110377E-05,2.23375010490418,6.22305,6.22305
6.22315,2.2122439987E-05,-0.001116429339163,6.22315,6.22315
6.22325,2.0914720153E-05,-0.001105381641537,6.22325,6.22325
6.22335,2.0731335098E-05,-0.001173286349513,6.22335,6.22335
6.22345,2.0715255232E-05,-0.001250479603186,6.22345,6.22345
6.22355,2.0747316739E-05,-0.00108244176954,6.22355,6.22355
6.22365,2.0795021555E-05,-0.001155624049716,6.22365,6.22365
6.22375,2.0838520868E-05,-0.001123606809415,6.22375,6.22375
6.22385,2.0860239601E-05,-0.001159142469987,6.22385,6.22385
6.22395,2.0899076844E-05,-0.001040432369336,6.22395,6.22395
6.22405,5.1700539188E-05,7.74974536895752,6.22405,6.22405
6.22415,0.000101483601611,9.99441623687744,6.22415,6.22415
6.22425,0.000101923491457,9.99444770812988,6.22425,6.22425
6.22435,0.00010203832062,9.99432849884033,6.22435,6.22435
6.22445,0.000102045130916,9.99416732788086,6.22445,6.22445
6.22455,0.00010206848674,9.99414443969727,6.22455,6.22455
6.22465,0.000102075588075,9.99421215057373,6.22465,6.22465
6.22475,0.000102074860479,9.99407291412354,6.22475,6.22475
6.22485,0.000102057209006,9.99423789978027,6.22485,6.22485
6.22495,0.000102088881249,9.99426651000977,6.22495,6.22495
6.22505,8.8922264695E-05,2.25367403030396,6.22505,6.22505
6.22515,2.2179136067E-05,-0.001219869707711,6.22515,6.22515
6.22525,2.0921597752E-05,-0.001371300779283,6.22525,6.22525
6.22535,2.0743287678E-05,-0.001126421499066,6.22535,6.22535
6.22545,2.0704244889E-05,-0.000930588517804,6.22545,6.22545
6.22555,2.0709343517E-05,-0.00114309869241,6.22555,6.22555
6.22565,2.0760049665E-05,-0.000969220302068,6.22565,6.22565
6.22575,2.0792707801E-05,-0.000863739289343,6.22575,6.22575
6.22585,2.0839821445E-05,-0.001185460016131,6.22585,6.22585
6.22595,2.0891849999E-05,-0.001451449468732,6.22595,6.22595
6.22605,5.1563150919E-05,7.72927570343018,6.22605,6.22605
6.22615,0.000101522353361,9.99419689178467,6.22615,6.22615
6.22625,0.000101932688267,9.99422836303711,6.22625,6.22625
6.22635,0.000102007099485,9.99446392059326,6.22635,6.22635
6.22645,0.000102045858512,9.99419784545898,6.22645,6.22645
6.22655,0.00010202593694,9.99436569213867,6.22655,6.22655
6.22665,0.000102036006865,9.99435520172119,6.22665,6.22665
6.22675,0.000102042242361,9.99433135986328,6.22675,6.22675
6.22685,0.000102035308373,9.99448490142822,6.22685,6.22685
6.22695,0.000102057892946,9.99440860748291,6.22695,6.22695
6.22705,8.8980188593E-05,2.27356171607971,6.22705,6.22705
6.22715,2.2066882593E-05,-0.001237461576238,6.22715,6.22715
6.22725,2.0794732336E-05,-0.001596899353899,6.22725,6.22725
6.22735,2.0624043827E-05,-0.001408243784681,6.22735,6.22735
6.22745,2.0613595552E-05,-0.001340198330581,6.22745,6.22745
6.22755,2.0628671336E-05,-0.001427383860573,6.22755,6.22755
6.22765,2.0676719942E-05,-0.001359338290058,6.22765,6.22765
6.22775,2.0708337615E-05,-0.001401488552801,6.22775,6.22775
6.22785,2.0756393496E-05,-0.001221840037033,6.22785,6.22785
6.22795,2.0796771423E-05,-0.001312332809903,6.22795,6.22795
6.22805,5.1311741117E-05,7.70948648452759,6.22805,6.22805
6.22815,0.000101519246527,9.9944019317627,6.22815,6.22815
6.22825,0.000101963312773,9.99442958831787,6.22825,6.22825
6.22835,0.000102039761259,9.99446678161621,6.22835,6.22835
6.22845,0.000102060541394,9.99446487426758,6.22845,6.22845
6.22855,0.000102080550278,9.99448013305664,6.22855,6.22855
6.22865,0.000102068283013,9.9945764541626,6.22865,6.22865
6.22875,0.000102084828541,9.99489784240723,6.22875,6.22875
6.22885,0.000102063648228,9.9946756362915,6.22885,6.22885
6.22895,0.000102085083199,9.99443817138672,6.22895,6.22895
6.22905,8.9083827334E-05,2.29378151893616,6.22905,6.22905
6.22915,2.2048054234E-05,-0.001404725480825,6.22915,6.22915
6.22925,2.0768844479E-05,-0.001309236628003,6.22925,6.22925
6.22935,2.0594732632E-05,-0.001228454522789,6.22935,6.22935
6.22945,2.0568184482E-05,-0.001003278186545,6.22945,6.22945
6.22955,2.0629508072E-05,-0.001087086042389,6.22955,6.22955
6.22965,2.0648292775E-05,-0.001185037777759,6.22965,6.22965
6.22975,2.0689902158E-05,-0.001200307509862,6.22975,6.22975
6.22985,2.0734287318E-05,-0.001026077312417,6.22985,6.22985
6.22995,2.0786997993E-05,-0.000988360261545,6.22995,6.22995
6.23005,5.1175546105E-05,7.68943214416504,6.23005,6.23005
6.23015,0.00010149130685,9.994309425354,6.23015,6.23015
6.23025,0.000101977377199,9.99426364898682,6.23025,6.23025
6.23035,0.000102051773865,9.99429798126221,6.23035,6.23035
6.23045,0.000102028316178,9.9941930770874,6.23045,6.23045
6.23055,0.000102036989119,9.99414348602295,6.23055,6.23055
6.23065,0.000102081736259,9.9944543838501,6.23065,6.23065
6.23075,0.000102086909465,9.99438667297363,6.23075,6.23075
6.23085,0.0001020581185,9.99453449249268,6.23085,6.23085
6.23095,0.000102079568023,9.99439144134521,6.23095,6.23095
6.23105,8.9233551989E-05,2.31360244750977,6.23105,6.23105
6.23115,2.2058227842E-05,-0.001173919648863,6.23115,6.23115
6.23125,2.0789635528E-05,-0.001046835794114,6.23125,6.23125
6.23135,2.0602319637E-05,-0.001378267188556,6.23135,6.23135
6.23145,2.056939411E-05,-0.001174834440462,6.23145,6.23145
6.23155,2.0555127776E-05,-0.001245553954504,6.23155,6.23155
6.23165,2.0566876628E-05,-0.001200729748234,6.23165,6.23165
6.23175,2.0641895389E-05,-0.001143380184658,6.23175,6.23175
6.23185,2.067330206E-05,-0.001061049988493,6.23185,6.23185
6.23195,2.0728361051E-05,-0.001169838360511,6.23195,6.23195
6.23205,5.0993839977E-05,7.66961240768433,6.23205,6.23205
6.23215,0.00010150711023,9.99440288543701,6.23215,6.23215
6.23225,0.000101924335468,9.99432468414307,6.23225,6.23225
6.23235,0.000102051235444,9.99399757385254,6.23235,6.23235
6.23245,0.000102067759144,9.99448585510254,6.23245,6.23245
6.23255,0.000102061349025,9.99449443817139,6.23255,6.23255
6.23265,0.000102070480352,9.99444198608398,6.23265,6.23265
6.23275,0.000102072888694,9.99447917938232,6.23275,6.23275
6.23285,0.0001020704658,9.99438762664795,6.23285,6.23285
6.23295,0.00010206708248,9.99448204040527,6.23295,6.23295
6.23305,8.9353037765E-05,2.33341336250305,6.23305,6.23305
6.23315,2.2051519409E-05,-0.001509502762929,6.23315,6.23315
6.23325,2.0737796149E-05,-0.001562911784276,6.23325,6.23325
6.23335,2.0528339519E-05,-0.001495218137279,6.23335,6.23335
6.23345,2.0521885745E-05,-0.001400925568305,6.23345,6.23345
6.23355,2.0573583242E-05,-0.001280034077354,6.23355,6.23355
6.23365,2.0575109374E-05,-0.001397759071551,6.23365,6.23365
6.23375,2.0615136236E-05,-0.00123943190556,6.23375,6.23375
6.23385,2.0638584829E-05,-0.001226484309882,6.23385,6.23385
6.23395,2.0668556317E-05,-0.001367852790281,6.23395,6.23395
6.23405,5.0831771659E-05,7.64928674697876,6.23405,6.23405
6.23415,0.00010150057642,9.99440097808838,6.23415,6.23415
6.23425,0.000101963698398,9.99454498291016,6.23425,6.23425
6.23435,0.000102058926132,9.99460983276367,6.23435,6.23435
6.23445,0.000102056888863,9.99448108673096,6.23445,6.23445
6.23455,0.000102071477158,9.99460124969482,6.23455,6.23455
6.23465,0.000102079582575,9.99460983276367,6.23465,6.23465
6.23475,0.00010209489119,9.99428749084473,6.23475,6.23475
6.23485,0.000102077370684,9.99431324005127,6.23485,6.23485
6.23495,0.000102102247183,9.99428749084473,6.23495,6.23495
6.23505,8.9504101197E-05,2.35364174842835,6.23505,6.23505
6.23515,2.2018461095E-05,-0.001058657537214,6.23515,6.23515
6.23525,2.0706516807E-05,-0.000777961162385,6.23525,6.23525
6.23535,2.0559627956E-05,-0.000638070341665,6.23535,6.23535
6.23545,2.0516592485E-05,-0.000905256136321,6.23545,6.23545
6.23555,2.0512576157E-05,-0.000752628839109,6.23555,6.23555
6.23565,2.0560450139E-05,-0.001044654403813,6.23565,6.23565
6.23575,2.0576613679E-05,-0.001206781365909,6.23575,6.23575
6.23585,2.0613160814E-05,-0.00083995499881,6.23585,6.23585
6.23595,2.066279194E-05,-0.000661362020764,6.23595,6.23595
6.23605,5.0642691349E-05,7.62958526611328,6.23605,6.23605
6.23615,0.000101481775346,9.99462604522705,6.23615,6.23615
6.23625,0.000101962636109,9.99464797973633,6.23625,6.23625
6.23635,0.000102021651401,9.99464130401611,6.23635,6.23635
6.23645,0.000102075806353,9.99470615386963,6.23645,6.23645
6.23655,0.00010207980813,9.99471855163574,6.23655,6.23655
6.23665,0.000102099831565,9.99454593658447,6.23665,6.23665
6.23675,0.000102105812402,9.99441528320313,6.23675,6.23675
6.23685,0.000102122758108,9.99451541900635,6.23685,6.23685
6.23695,0.000102098703792,9.99453067779541,6.23695,6.23695
6.23705,8.957877435E-05,2.37404656410217,6.23705,6.23705
6.23715,2.2008449378E-05,-0.000827077776194,6.23715,6.23715
6.23725,2.0649637008E-05,-0.000880134932231,6.23725,6.23725
6.23735,2.0495457647E-05,-0.000610978808254,6.23735,6.23735
6.23745,2.04874068E-05,-0.000669806147926,6.23745,6.23745
6.23755,2.0491013856E-05,-0.000981042045169,6.23755,6.23755
6.23765,2.0499057428E-05,-0.00095099513419,6.23765,6.23765
6.23775,2.0582287107E-05,-0.000836295890622,6.23775,6.23775
6.23785,2.0629760911E-05,-0.000976960756816,6.23785,6.23785
6.23795,2.0657138521E-05,-0.000920596299693,6.23795,6.23795
6.23805,5.0465681852E-05,7.60971117019653,6.23805,6.23805
6.23815,0.00010151907918,9.9944486618042,6.23815,6.23815
6.23825,0.000101971600088,9.99458694458008,6.23825,6.23825
6.23835,0.000102044155938,9.99472141265869,6.23835,6.23835
6.23845,0.000102077130578,9.99451160430908,6.23845,6.23845
6.23855,0.000102072495793,9.99460601806641,6.23855,6.23855
6.23865,0.000102086589322,9.99455451965332,6.23865,6.23865
6.23875,0.000102095604234,9.99452209472656,6.23875,6.23875
6.23885,0.000102108824649,9.99434566497803,6.23885,6.23885
6.23895,0.000102096419141,9.99464988708496,6.23895,6.23895
6.23905,8.970075578E-05,2.3940110206604,6.23905,6.23905
6.23915,2.1951140297E-05,-0.000708860170562,6.23915,6.23915
6.23925,2.0663776013E-05,-0.000977171817794,6.23925,6.23925
6.23935,2.0464640329E-05,-0.000902300700545,6.23935,6.23935
6.23945,2.0433486497E-05,-0.001002293080091,6.23945,6.23945
6.23955,2.0479201339E-05,-0.000899204576854,6.23955,6.23955
6.23965,2.0522918931E-05,-0.00089561578352,6.23965,6.23965
6.23975,2.0510720788E-05,-0.001014114823192,6.23975,6.23975
6.23985,2.055843288E-05,-0.000748125312384,6.23985,6.23985
6.23995,2.065469198E-05,-0.000970768393017,6.23995,6.23995
6.24005,5.031704859E-05,7.5894980430603,6.24005,6.24005
6.24015,0.000101472229289,9.99455070495605,6.24015,6.24015
6.24025,0.000101942416222,9.99429130554199,6.24025,6.24025
6.24035,0.000102040954516,9.9945011138916,6.24035,6.24035
6.24045,0.000102055171737,9.99446105957031,6.24045,6.24045
6.24055,0.000102037192846,9.99426460266113,6.24055,6.24055
6.24065,0.000102057820186,9.99416065216064,6.24065,6.24065
6.24075,0.000102069745481,9.99448013305664,6.24075,6.24075
6.24085,0.00010208292224,9.99441051483154,6.24085,6.24085
6.24095,0.000102110883745,9.99430847167969,6.24095,6.24095
6.24105,8.9846842457E-05,2.41367840766907,6.24105,6.24105
6.24115,2.1926553018E-05,-0.000995537848212,6.24115,6.24115
6.24125,2.0609455532E-05,-0.000917077937629,6.24125,6.24125
6.24135,2.0419109205E-05,-0.001063583302312,6.24135,6.24135
6.24145,2.0415838662E-05,-0.001473896787502,6.24145,6.24145
6.24155,2.0421119189E-05,-0.001058376044966,6.24155,6.24155
6.24165,2.046831105E-05,-0.001151824253611,6.24165,6.24165
6.24175,2.050508192E-05,-0.000769094855059,6.24175,6.24175
6.24185,2.0539519028E-05,-0.001007852144539,6.24185,6.24185
6.24195,2.057961683E-05,-0.000809556222521,6.24195,6.24195
6.24205,5.0116152124E-05,7.57003402709961,6.24205,6.24205
6.24215,0.000101474906842,9.99477767944336,6.24215,6.24215
6.24225,0.000101936151623,9.9946985244751,6.24225,6.24225
6.24235,0.000102026308014,9.99449634552002,6.24235,6.24235
6.24245,0.000102093814348,9.99412536621094,6.24245,6.24245
6.24255,0.000102069563582,9.99428176879883,6.24255,6.24255
6.24265,0.000102047793916,9.99429512023926,6.24265,6.24265
6.24275,0.000102061945654,9.99428367614746,6.24275,6.24275
6.24285,0.000102088626591,9.9941873550415,6.24285,6.24285
6.24295,0.000102060446807,9.99406814575195,6.24295,6.24295
6.24305,8.9907094662E-05,2.43359684944153,6.24305,6.24305
6.24315,2.189125189E-05,-0.001284326426685,6.24315,6.24315
6.24325,2.0561878046E-05,-0.00125660165213,6.24325,6.24325
6.24335,2.0375973691E-05,-0.001125647453591,6.24335,6.24335
6.24345,2.0348568796E-05,-0.00100257457234,6.24345,6.24345
6.24355,2.035498801E-05,-0.00115273904521,6.24355,6.24355
6.24365,2.0427103664E-05,-0.001255686860532,6.24365,6.24365
6.24375,2.0471108655E-05,-0.001240557758138,6.24375,6.24375
6.24385,2.0513589334E-05,-0.000860994914547,6.24385,6.24385
6.24395,2.0533128918E-05,-0.001110307406634,6.24395,6.24395
6.24405,4.9963018682E-05,7.54949951171875,6.24405,6.24405
6.24415,0.000101491023088,9.99395275115967,6.24415,6.24415
6.24425,0.000101973761048,9.99438762664795,6.24425,6.24425
6.24435,0.000102021229395,9.9943962097168,6.24435,6.24435
6.24445,0.000102091871668,9.99443912506104,6.24445,6.24445
6.24455,0.000102036690805,9.99456977844238,6.24455,6.24455
6.24465,0.000102078454802,9.99431419372559,6.24465,6.24465
6.24475,0.00010209964239,9.99432849884033,6.24475,6.24475
6.24485,0.000102110912849,9.99417114257813,6.24485,6.24485
6.24495,0.000102092366433,9.99404430389404,6.24495,6.24495
6.24505,9.0069253929E-05,2.45338678359985,6.24505,6.24505
6.24515,2.187748396E-05,-0.00122894719243,6.24515,6.24515
6.24525,2.0540031983E-05,-0.001219166093506,6.24525,6.24525
6.24535,2.0353989385E-05,-0.001154638943262,6.24535,6.24535
6.24545,2.0339632101E-05,-0.001197141013108,6.24545,6.24545
6.24555,2.0372142899E-05,-0.001251324079931,6.24555,6.24555
6.24565,2.0424451577E-05,-0.001171527197585,6.24565,6.24565
6.24575,2.0455408958E-05,-0.001107000047341,6.24575,6.24575
6.24585,2.0483370463E-05,-0.000985616003163,6.24585,6.24585
6.24595,2.0508097805E-05,-0.000838969892357,6.24595,6.24595
6.24605,4.9763417337E-05,7.52969169616699,6.24605,6.24605
6.24615,0.000101499877928,9.99438762664795,6.24615,6.24615
6.24625,0.000101933153928,9.99446678161621,6.24625,6.24625
6.24635,0.000102057143522,9.99447536468506,6.24635,6.24635
6.24645,0.00010207221203,9.99445819854736,6.24645,6.24645
6.24655,0.000102083111415,9.99431037902832,6.24655,6.24655
6.24665,0.000102053156297,9.9946813583374,6.24665,6.24665
6.24675,0.000102080259239,9.99450397491455,6.24675,6.24675
6.24685,0.000102109894215,9.99441146850586,6.24685,6.24685
6.24695,0.000102093894384,9.99459362030029,6.24695,6.24695
6.24705,9.0196241217E-05,2.47389626502991,6.24705,6.24705
6.24715,2.1862149879E-05,-0.001371089718305,6.24715,6.24715
6.24725,2.0502642656E-05,-0.001257516443729,6.24725,6.24725
6.24735,2.0352301362E-05,-0.001433576107956,6.24735,6.24735
6.24745,2.0313420464E-05,-0.001256320159882,6.24745,6.24745
6.24755,2.0313287678E-05,-0.001036843634211,6.24755,6.24755
6.24765,2.0335210138E-05,-0.001017773989588,6.24765,6.24765
6.24775,2.0386078177E-05,-0.00109517830424,6.24775,6.24775
6.24785,2.044404755E-05,-0.000941776961554,6.24785,6.24785
6.24795,2.0449657313E-05,-0.000926225737203,6.24795,6.24795
6.24805,4.9561836931E-05,7.50979137420654,6.24805,6.24805
6.24815,0.00010146182467,9.99441242218018,6.24815,6.24815
6.24825,0.000101932433608,9.99446487426758,6.24825,6.24825
6.24835,0.000101982506749,9.9944372177124,6.24835,6.24835
6.24845,0.00010201013356,9.99444103240967,6.24845,6.24845
6.24855,0.00010202651174,9.99430179595947,6.24855,6.24855
6.24865,0.000102051119029,9.99435424804688,6.24865,6.24865
6.24875,0.000102089514257,9.99455451965332,6.24875,6.24875
6.24885,0.000102089659777,9.9945592880249,6.24885,6.24885
6.24895,0.000102069658169,9.99439525604248,6.24895,6.24895
6.24905,9.0280307631E-05,2.49363660812378,6.24905,6.24905
6.24915,2.1804124117E-05,-0.000969994347543,6.24915,6.24915
6.24925,2.0470335585E-05,-0.001004615216516,6.24925,6.24925
6.24935,2.0287181542E-05,-0.000673817121424,6.24935,6.24935
6.24945,2.0251844035E-05,-0.00071441923501,6.24945,6.24945
6.24955,2.0291758119E-05,-0.000786757096648,6.24955,6.24955
6.24965,2.0359262635E-05,-0.001157664810307,6.24965,6.24965
6.24975,2.0381023205E-05,-0.000822503876407,6.24975,6.24975
6.24985,2.0431749363E-05,-0.000881401530933,6.24985,6.24985
6.24995,2.0478772058E-05,-0.000925240572542,6.24995,6.24995
6.25005,4.9444421165E-05,7.48981428146362,6.25005,6.25005
6.25015,0.000101488476503,9.99462413787842,6.25015,6.25015
6.25025,0.000101951118268,9.99455738067627,6.25025,6.25025
6.25035,0.000102025194792,9.99470615386963,6.25035,6.25035
6.25045,0.000102058387711,9.99465465545654,6.25045,6.25045
6.25055,0.000102087833511,9.99460887908936,6.25055,6.25055
6.25065,0.000102095669718,9.99468994140625,6.25065,6.25065
6.25075,0.000102108540887,9.99461460113525,6.25075,6.25075
6.25085,0.000102082143712,9.99460792541504,6.25085,6.25085
6.25095,0.000102097073977,9.99445819854736,6.25095,6.25095
6.25105,9.0416804596E-05,2.51352286338806,6.25105,6.25105
6.25115,2.1780859242E-05,-0.000980338430963,6.25115,6.25115
6.25125,2.0419109205E-05,-0.000838688400108,6.25125,6.25125
6.25135,2.0240777303E-05,-0.000780705478974,6.25135,6.25135
6.25145,2.0210594812E-05,-0.000585013185628,6.25145,6.25145
6.25155,2.0235125703E-05,-0.000815396721009,6.25155,6.25155
6.25165,2.0280347599E-05,-0.001056827954017,6.25165,6.25165
6.25175,2.033200326E-05,-0.001004615216516,6.25175,6.25175
6.25185,2.0371699065E-05,-0.000899556383956,6.25185,6.25185
6.25195,2.0403000235E-05,-0.000951980240643,6.25195,6.25195
6.25205,4.9228568969E-05,7.46950244903565,6.25205,6.25205
6.25215,0.000101489582448,9.99406147003174,6.25215,6.25215
6.25225,0.000101939484011,9.9942684173584,6.25225,6.25225
6.25235,0.000102036734461,9.99411964416504,6.25235,6.25235
6.25245,0.000102061385405,9.9942684173584,6.25245,6.25245
6.25255,0.000102101235825,9.99423599243164,6.25255,6.25255
6.25265,0.00010208767344,9.99424266815186,6.25265,6.25265
6.25275,0.000102076774056,9.99400615692139,6.25275,6.25275
6.25285,0.000102074322058,9.99435710906982,6.25285,6.25285
6.25295,0.000102095887996,9.99438953399658,6.25295,6.25295
6.25305,9.0494671895E-05,2.53360629081726,6.25305,6.25305
6.25315,2.1759000447E-05,-0.001013833330944,6.25315,6.25315
6.25325,2.0368514015E-05,-0.00100475596264,6.25325,6.25325
6.25335,2.0190485884E-05,-0.000826162984595,6.25335,6.25335
6.25345,2.017667066E-05,-0.000681346456986,6.25345,6.25345
6.25355,2.0202467567E-05,-0.00104212120641,6.25355,6.25355
6.25365,2.022906483E-05,-0.001068297890015,6.25365,6.25365
6.25375,2.0263762053E-05,-0.000967179657891,6.25375,6.25375
6.25385,2.0289669919E-05,-0.001022559008561,6.25385,6.25385
6.25395,2.0339237381E-05,-0.000806319294497,6.25395,6.25395
6.25405,4.9041398597E-05,7.44948101043701,6.25405,6.25405
6.25415,0.000101470148365,9.99425792694092,6.25415,6.25415
6.25425,0.000101963800262,9.99428272247314,6.25425,6.25425
6.25435,0.00010202419071,9.99428462982178,6.25435,6.25435
6.25445,0.000102052981674,9.99438571929932,6.25445,6.25445
6.25455,0.000102056437754,9.99428558349609,6.25455,6.25455
6.25465,0.00010204478167,9.9944543838501,6.25465,6.25465
6.25475,0.000102040939964,9.99409294128418,6.25475,6.25475
6.25485,0.000102061872894,9.99406147003174,6.25485,6.25485
6.25495,0.000102052777947,9.99403476715088,6.25495,6.25495
6.25505,9.0574787464E-05,2.55342102050781,6.25505,6.25505
6.25515,2.1713054593E-05,-0.00119242630899,6.25515,6.25515
6.25525,2.0326449885E-05,-0.001258360804059,6.25525,6.25525
6.25535,2.0174518795E-05,-0.001436109421775,6.25535,6.25535
6.25545,2.0120389308E-05,-0.001079978886992,6.25545,6.25545
6.25555,2.017731822E-05,-0.001089056371711,6.25555,6.25555
6.25565,2.0234549083E-05,-0.000923551735468,6.25565,6.25565
6.25575,2.0252758986E-05,-0.001089619239792,6.25575,6.25575
6.25585,2.0269702873E-05,-0.000760439608712,6.25585,6.25585
6.25595,2.0345270968E-05,-0.001070197788067,6.25595,6.25595
6.25605,4.8902882554E-05,7.42967557907104,6.25605,6.25605
6.25615,0.000101460980659,9.99439811706543,6.25615,6.25615
6.25625,0.00010194654169,9.99414253234863,6.25625,6.25625
6.25635,0.000102040568891,9.99431133270264,6.25635,6.25635
6.25645,0.000102092504676,9.99423408508301,6.25645,6.25645
6.25655,0.000102066544059,9.99395751953125,6.25655,6.25655
6.25665,0.000102061123471,9.99405860900879,6.25665,6.25665
6.25675,0.000102061108919,9.99417781829834,6.25675,6.25675
6.25685,0.000102074794995,9.99423408508301,6.25685,6.25685
6.25695,0.000102108409919,9.99423313140869,6.25695,6.25695
6.25705,9.074855916E-05,2.573805809021,6.25705,6.25705
6.25715,2.1693107556E-05,-0.001237813499756,6.25715,6.25715
6.25725,2.0299317839E-05,-0.001300159143284,6.25725,6.25725
6.25735,2.0082217816E-05,-0.001188133959658,6.25735,6.25735
6.25745,2.0089466489E-05,-0.001325210090727,6.25745,6.25745
6.25755,2.0114237486E-05,-0.001151331700385,6.25755,6.25755
6.25765,2.0165836759E-05,-0.001249424181879,6.25765,6.25765
6.25775,2.0193059754E-05,-0.001311629079282,6.25775,6.25775
6.25785,2.0235476768E-05,-0.001288267085329,6.25785,6.25785
6.25795,2.0312711058E-05,-0.001395577681251,6.25795,6.25795
6.25805,4.8726520617E-05,7.40943050384521,6.25805,6.25805
6.25815,0.00010146178829,9.99411582946777,6.25815,6.25815
6.25825,0.000101987228845,9.99447250366211,6.25825,6.25825
6.25835,0.000102055186289,9.9942512512207,6.25835,6.25835
6.25845,0.000102044788946,9.99386692047119,6.25845,6.25845
6.25855,0.000102086756669,9.99404811859131,6.25855,6.25855
6.25865,0.000102118283394,9.99393844604492,6.25865,6.25865
6.25875,0.000102082172816,9.99422264099121,6.25875,6.25875
6.25885,0.000102079815406,9.99448776245117,6.25885,6.25885
6.25895,0.000102079437056,9.99438762664795,6.25895,6.25895
6.25905,9.0866553364E-05,2.59353470802307,6.25905,6.25905
6.25915,2.1678468329E-05,-0.001012144610286,6.25915,6.25915
6.25925,2.0291463443E-05,-0.001121988403611,6.25925,6.25925
6.25935,2.0116078304E-05,-0.000939384452067,6.25935,6.25935
6.25945,2.0069977836E-05,-0.000902300700545,6.25945,6.25945
6.25955,2.0085790311E-05,-0.000886397669092,6.25955,6.25955
6.25965,2.0144012524E-05,-0.000990049098618,6.25965,6.25965
6.25975,2.0209856302E-05,-0.000956624513492,6.25975,6.25975
6.25985,2.0199498977E-05,-0.001204036991112,6.25985,6.25985
6.25995,2.022276567E-05,-0.001290448475629,6.25995,6.25995
6.26005,4.850777259E-05,7.38960552215576,6.26005,6.26005
6.26015,0.000101473284303,9.99432563781738,6.26015,6.26015
6.26025,0.000101940757304,9.99429321289063,6.26025,6.26025
6.26035,0.000102026599052,9.99429035186768,6.26035,6.26035
6.26045,0.000102040990896,9.99421882629395,6.26045,6.26045
6.26055,0.000102056204923,9.99424457550049,6.26055,6.26055
6.26065,0.000102067948319,9.99438095092773,6.26065,6.26065
6.26075,0.000102062440419,9.99473667144775,6.26075,6.26075
6.26085,0.00010208736785,9.99505805969238,6.26085,6.26085
6.26095,0.000102084792161,9.99478244781494,6.26095,6.26095
6.26105,9.0954054031E-05,2.61382007598877,6.26105,6.26105
6.26115,2.1608568204E-05,-0.001162097905762,6.26115,6.26115
6.26125,2.0214250981E-05,-0.000952191359829,6.26125,6.26125
6.26135,2.0027398932E-05,-0.000982519821264,6.26135,6.26135
6.26145,1.9974462703E-05,-0.001114740502089,6.26145,6.26145
6.26155,2.0028292056E-05,-0.001037758309394,6.26155,6.26155
6.26165,2.005254828E-05,-0.00093671050854,6.26165,6.26165
6.26175,2.0085417418E-05,-0.001402614405379,6.26175,6.26175
6.26185,2.0157560357E-05,-0.001353568164632,6.26185,6.26185
6.26195,2.019216663E-05,-0.001508517656475,6.26195,6.26195
6.26205,4.832275954E-05,7.36954355239868,6.26205,6.26205
6.26215,0.000101467878267,9.99428176879883,6.26215,6.26215
6.26225,0.000101956291473,9.99428749084473,6.26225,6.26225
6.26235,0.000102045822132,9.99398326873779,6.26235,6.26235
6.26245,0.000102062040241,9.99403953552246,6.26245,6.26245
6.26255,0.000102092060843,9.99441242218018,6.26255,6.26255
6.26265,0.00010209622269,9.9945182800293,6.26265,6.26265
6.26275,0.000102113139292,9.99420642852783,6.26275,6.26275
6.26285,0.000102093050373,9.99401569366455,6.26285,6.26285
6.26295,0.000102121972304,9.99427890777588,6.26295,6.26295
6.26305,9.1100395366E-05,2.63343143463135,6.26305,6.26305
6.26315,2.1629513867E-05,-0.001317680696957,6.26315,6.26315
6.26325,2.017609404E-05,-0.001428650459275,6.26325,6.26325
6.26335,2.0002291421E-05,-0.001236194977537,6.26335,6.26335
6.26345,1.9936391254E-05,-0.001116570085287,6.26345,6.26345
6.26355,1.9962701117E-05,-0.00108244176954,6.26355,6.26355
6.26365,2.0022118406E-05,-0.000959087396041,6.26365,6.26365
6.26375,2.0055345885E-05,-0.001114951679483,6.26375,6.26375
6.26385,2.0101068003E-05,-0.001100948429666,6.26385,6.26385
6.26395,2.010670687E-05,-0.000968727748841,6.26395,6.26395
6.26405,4.8158344725E-05,7.34988307952881,6.26405,6.26405
6.26415,0.00010146421846,9.99438190460205,6.26415,6.26415
6.26425,0.0001019538322,9.99447822570801,6.26425,6.26425
6.26435,0.000102047262772,9.99456310272217,6.26435,6.26435
6.26445,0.000102052421425,9.99447536468506,6.26445,6.26445
6.26455,0.000102080804936,9.99445343017578,6.26455,6.26455
6.26465,0.000102071426227,9.9945011138916,6.26465,6.26465
6.26475,0.000102095502371,9.99462127685547,6.26475,6.26475
6.26485,0.00010210621258,9.99458026885986,6.26485,6.26485
6.26495,0.000102096521005,9.99453258514404,6.26495,6.26495
6.26505,9.1231035185E-05,2.65375995635986,6.26505,6.26505
6.26515,2.1633204597E-05,-0.000882738502696,6.26515,6.26515
6.26525,2.0171348297E-05,-0.000910181901418,6.26525,6.26525
6.26535,1.9987764972E-05,-0.000972949783318,6.26535,6.26535
6.26545,1.9979461285E-05,-0.00070013460936,6.26545,6.26545
6.26555,1.9960436475E-05,-0.00054997013649,6.26555,6.26555
6.26565,2.0009461878E-05,-0.000868876115419,6.26565,6.26565
6.26575,2.0045621568E-05,-0.001044372911565,6.26575,6.26575
6.26585,2.0066581783E-05,-0.001157524064183,6.26585,6.26585
6.26595,2.0124445655E-05,-0.001248157466762,6.26595,6.26595
6.26605,4.7983121476E-05,7.32945823669434,6.26605,6.26605
6.26615,0.00010147481953,9.99428272247314,6.26615,6.26615
6.26625,0.000101929625089,9.99433994293213,6.26625,6.26625
6.26635,0.000102040823549,9.99428367614746,6.26635,6.26635
6.26645,0.000102056474134,9.99403381347656,6.26645,6.26645
6.26655,0.000102071542642,9.99386692047119,6.26655,6.26655
6.26665,0.000102087571577,9.9940071105957,6.26665,6.26665
6.26675,0.00010211206245,9.99430656433105,6.26675,6.26675
6.26685,0.000102091769804,9.99431419372559,6.26685,6.26685
6.26695,0.000102098558273,9.99418544769287,6.26695,6.26695
6.26705,9.1327841801E-05,2.67322111129761,6.26705,6.26705
6.26715,2.153404057E-05,-0.001249494496733,6.26715,6.26715
6.26725,2.0160625354E-05,-0.001197141013108,6.26725,6.26725
6.26735,1.9971164875E-05,-0.001290026237257,6.26735,6.26735
6.26745,1.9931321731E-05,-0.000922566570807,6.26745,6.26745
6.26755,1.9953307856E-05,-0.001123888301663,6.26755,6.26755
6.26765,2.0013125322E-05,-0.001211425638758,6.26765,6.26765
6.26775,2.0029092411E-05,-0.001100948429666,6.26775,6.26775
6.26785,2.0089466489E-05,-0.00122669537086,6.26785,6.26785
6.26795,2.0112247512E-05,-0.001116147846915,6.26795,6.26795
6.26805,4.7815301514E-05,7.30964708328247,6.26805,6.26805
6.26815,0.000101468271168,9.99450874328613,6.26815,6.26815
6.26825,0.000101948106021,9.99427795410156,6.26825,6.26825
6.26835,0.000102045145468,9.99395656585693,6.26835,6.26835
6.26845,0.000102074198367,9.99409580230713,6.26845,6.26845
6.26855,0.000102098339994,9.99415397644043,6.26855,6.26855
6.26865,0.00010210416076,9.99424362182617,6.26865,6.26865
6.26875,0.000102077894553,9.99436283111572,6.26875,6.26875
6.26885,0.00010209390166,9.99445724487305,6.26885,6.26885
6.26895,0.000102098740172,9.99452877044678,6.26895,6.26895
6.26905,9.1444606369E-05,2.69337010383606,6.26905,6.26905
6.26915,2.1558205844E-05,-0.001454616081901,6.26915,6.26915
6.26925,2.0047127691E-05,-0.001327180303633,6.26925,6.26925
6.26935,1.9863917259E-05,-0.001277993316762,6.26935,6.26935
6.26945,1.9857989173E-05,-0.001291503896937,6.26945,6.26945
6.26955,1.9922610591E-05,-0.001345053664409,6.26955,6.26955
6.26965,1.9963263185E-05,-0.001287633785978,6.26965,6.26965
6.26975,1.996831088E-05,-0.00135166826658,6.26975,6.26975
6.26985,2.0051127649E-05,-0.001600558520295,6.26985,6.26985
6.26995,2.0076038709E-05,-0.001516609918326,6.26995,6.26995
6.27005,4.7610617912E-05,7.28966951370239,6.27005,6.27005
6.27015,0.000101433288364,9.99402904510498,6.27015,6.27015
6.27025,0.000101941128378,9.99392795562744,6.27025,6.27025
6.27035,0.000102015284938,9.99392318725586,6.27035,6.27035
6.27045,0.000102039768535,9.99415302276611,6.27045,6.27045
6.27055,0.000102082900412,9.99397850036621,6.27055,6.27055
6.27065,0.00010207217565,9.99421215057373,6.27065,6.27065
6.27075,0.000102112360764,9.99437141418457,6.27075,6.27075
6.27085,0.000102112571767,9.99413394927979,6.27085,6.27085
6.27095,0.000102106430859,9.99396991729736,6.27095,6.27095
6.27105,9.1596142738E-05,2.71311902999878,6.27105,6.27105
6.27115,2.1621652195E-05,-0.001763248350471,6.27115,6.27115
6.27125,2.013206722E-05,-0.002024734392762,6.27125,6.27125
6.27135,1.9957145923E-05,-0.00165136391297,6.27135,6.27135
6.27145,1.9907234673E-05,-0.001294459449127,6.27145,6.27145
6.27155,1.9933044314E-05,-0.001311699510552,6.27155,6.27155
6.27165,1.9977633201E-05,-0.001378337619826,6.27165,6.27165
6.27175,2.000620043E-05,-0.001672755694017,6.27175,6.27175
6.27185,2.0051858883E-05,-0.001628212979995,6.27185,6.27185
6.27195,2.0130280973E-05,-0.001571215223521,6.27195,6.27195
6.27205,4.7507448471E-05,7.26896667480469,6.27205,6.27205
6.27215,0.000101443823951,9.99388599395752,6.27215,6.27215
6.27225,0.000101949721284,9.99421310424805,6.27225,6.27225
6.27235,0.00010205651779,9.99410343170166,6.27235,6.27235
6.27245,0.00010205705621,9.99412250518799,6.27245,6.27245
6.27255,0.000102067700936,9.99435043334961,6.27255,6.27255
6.27265,0.000102043872175,9.99420928955078,6.27265,6.27265
6.27275,0.00010207741434,9.99436950683594,6.27275,6.27275
6.27285,0.00010206294246,9.99413871765137,6.27285,6.27285
6.27295,0.000102081816294,9.99423599243164,6.27295,6.27295
6.27305,9.1722911748E-05,2.73330283164978,6.27305,6.27305
6.27315,2.1548046789E-05,-0.001806031912565,6.27315,6.27315
6.27325,2.0051507818E-05,-0.001846985891461,6.27325,6.27325
6.27335,1.9875644284E-05,-0.001948244869709,6.27335,6.27335
6.27345,1.9877556042E-05,-0.001712935511023,6.27345,6.27345
6.27355,1.9874167265E-05,-0.001352442312054,6.27355,6.27355
6.27365,1.9895731384E-05,-0.001500636455603,6.27365,6.27365
6.27375,1.9973120288E-05,-0.001626453711651,6.27375,6.27375
6.27385,2.0002860765E-05,-0.001877666101791,6.27385,6.27385
6.27395,2.0065765057E-05,-0.001927908626385,6.27395,6.27395
6.27405,4.7301633458E-05,7.24909734725952,6.27405,6.27405
6.27415,0.000101457066194,9.99395751953125,6.27415,6.27415
6.27425,0.000101978155726,9.99398136138916,6.27425,6.27425
6.27435,0.000102045916719,9.99414348602295,6.27435,6.27435
6.27445,0.000102066005638,9.99412536621094,6.27445,6.27445
6.27455,0.000102088961285,9.99395370483398,6.27455,6.27455
6.27465,0.000102086451079,9.99393272399902,6.27465,6.27465
6.27475,0.000102076577605,9.99408721923828,6.27475,6.27475
6.27485,0.000102111858723,9.9942512512207,6.27485,6.27485
6.27495,0.000102092351881,9.99451923370361,6.27495,6.27495
6.27505,9.1856752988E-05,2.75328826904297,6.27505,6.27505
6.27515,2.1568774173E-05,-0.001483677886426,6.27515,6.27515
6.27525,2.0081206458E-05,-0.001573466928676,6.27525,6.27525
6.27535,1.9898003302E-05,-0.001367923221551,6.27535,6.27535
6.27545,1.9903225621E-05,-0.001387766795233,6.27545,6.27545
6.27555,1.9896695449E-05,-0.001576914917678,6.27555,6.27555
6.27565,1.9923651053E-05,-0.001465593464673,6.27565,6.27565
6.27575,1.9941073333E-05,-0.001282637589611,6.27575,6.27575
6.27585,1.9992608941E-05,-0.001335413311608,6.27585,6.27585
6.27595,2.0022449462E-05,-0.00136349000968,6.27595,6.27595
6.27605,4.7109206207E-05,7.22952032089233,6.27605,6.27605
6.27615,0.000101418743725,9.99443435668945,6.27615,6.27615
6.27625,0.00010191124602,9.99439430236816,6.27625,6.27625
6.27635,0.000102007848909,9.99445915222168,6.27635,6.27635
6.27645,0.000102028963738,9.99448299407959,6.27645,6.27645
6.27655,0.000102026991954,9.99452209472656,6.27655,6.27655
6.27665,0.000102070676803,9.99437522888184,6.27665,6.27665
6.27675,0.000102092431916,9.99420547485352,6.27675,6.27675
6.27685,0.000102082289231,9.99439525604248,6.27685,6.27685
6.27695,0.00010209348693,9.99437046051025,6.27695,6.27695
6.27705,9.197217878E-05,2.77336573600769,6.27705,6.27705
6.27715,2.1574967832E-05,-0.001493458985351,6.27715,6.27715
6.27725,2.0072824555E-05,-0.001267860410735,6.27725,6.27725
6.27735,1.9879820684E-05,-0.001227469416335,6.27735,6.27735
6.27745,1.9882028937E-05,-0.001213255221955,6.27745,6.27745
6.27755,1.9888200768E-05,-0.00144645338878,6.27755,6.27755
6.27765,1.99200731E-05,-0.001016225898638,6.27765,6.27765
6.27775,1.9953546143E-05,-0.00132401380688,6.27775,6.27775
6.27785,2.0000969016E-05,-0.001004615216516,6.27785,6.27785
6.27795,2.0023102479E-05,-0.00128728186246,6.27795,6.27795
6.27805,4.6946377552E-05,7.2099084854126,6.27805,6.27805
6.27815,0.000101473633549,9.99462032318115,6.27815,6.27815
6.27825,0.00010197089432,9.99435710906982,6.27825,6.27825
6.27835,0.000102065765532,9.99431228637695,6.27835,6.27835
6.27845,0.000102080754004,9.99445533752441,6.27845,6.27845
6.27855,0.000102108453575,9.99442958831787,6.27855,6.27855
6.27865,0.000102070480352,9.9942045211792,6.27865,6.27865
6.27875,0.000102109202999,9.99423694610596,6.27875,6.27875
6.27885,0.000102117322967,9.99442195892334,6.27885,6.27885
6.27895,0.000102103287645,9.9943675994873,6.27895,6.27895
6.27905,9.2080590548E-05,2.7931170463562,6.27905,6.27905
6.27915,2.1489247956E-05,-0.001343435258605,6.27915,6.27915
6.27925,2.0014813344E-05,-0.001295585301705,6.27925,6.27925
6.27935,1.981780224E-05,-0.00126863445621,6.27935,6.27935
6.27945,1.9800520022E-05,-0.001159353647381,6.27945,6.27945
6.27955,1.9804407202E-05,-0.0014151398791,6.27955,6.27955
6.27965,1.9879700631E-05,-0.001316836336628,6.27965,6.27965
6.27975,1.9912746211E-05,-0.001189048751257,6.27975,6.27975
6.27985,1.9937466277E-05,-0.001201081555337,6.27985,6.27985
6.27995,1.9960458303E-05,-0.001325561897829,6.27995,6.27995
6.28005,4.6756649681E-05,7.18962478637695,6.28005,6.28005
6.28015,0.0001014402078,9.99417209625244,6.28015,6.28015
6.28025,0.000101947589428,9.9942684173584,6.28025,6.28025
6.28035,0.000102040197817,9.99458122253418,6.28035,6.28035
6.28045,0.00010207627929,9.99449443817139,6.28045,6.28045
6.28055,0.000102083991806,9.99431991577148,6.28055,6.28055
6.28065,0.000102097430499,9.9942455291748,6.28065,6.28065
6.28075,0.000102112258901,9.99417304992676,6.28075,6.28075
6.28085,0.000102106125269,9.99435234069824,6.28085,6.28085
6.28095,0.000102110781881,9.99432849884033,6.28095,6.28095
6.28105,9.2232512543E-05,2.81342363357544,6.28105,6.28105
6.28115,2.1508358259E-05,-0.001252449932508,6.28115,6.28115
6.28125,1.9985664039E-05,-0.001070760772564,6.28125,6.28125
6.28135,1.9779145077E-05,-0.001366937998682,6.28135,6.28135
6.28145,1.9790852093E-05,-0.001176241785288,6.28145,6.28145
6.28155,1.9829107259E-05,-0.001314373454079,6.28155,6.28155
6.28165,1.9807030185E-05,-0.001385585404932,6.28165,6.28165
6.28175,1.9828861696E-05,-0.001447016373277,6.28175,6.28175
6.28185,1.9872270059E-05,-0.001412114012055,6.28185,6.28185
6.28195,1.9907325623E-05,-0.00171638361644,6.28195,6.28195
6.28205,4.655115481E-05,7.16961336135864,6.28205,6.28205
6.28215,0.000101442441519,9.99456882476807,6.28215,6.28215
6.28225,0.00010196850053,9.99451446533203,6.28225,6.28225
6.28235,0.000102053600131,9.99431705474854,6.28235,6.28235
6.28245,0.000102090867586,9.99422931671143,6.28245,6.28245
6.28255,0.000102121011878,9.99454116821289,6.28255,6.28255
6.28265,0.000102114594483,9.99436187744141,6.28265,6.28265
6.28275,0.000102105164842,9.99419116973877,6.28275,6.28275
6.28285,0.000102069294371,9.99395751953125,6.28285,6.28285
6.28295,0.000102095480543,9.9942569732666,6.28295,6.28295
6.28305,9.2294205388E-05,2.83316373825073,6.28305,6.28305
6.28315,2.1450570785E-05,-0.001465663779527,6.28315,6.28315
6.28325,1.9903556677E-05,-0.00175452278927,6.28325,6.28325
6.28335,1.9704042643E-05,-0.001471011666581,6.28335,6.28335
6.28345,1.9651297407E-05,-0.001439979649149,6.28345,6.28345
6.28355,1.9674491341E-05,-0.001174201141112,6.28355,6.28355
6.28365,1.9713597794E-05,-0.001110518467613,6.28365,6.28365
6.28375,1.9742226868E-05,-0.001135287922807,6.28375,6.28375
6.28385,1.9785298718E-05,-0.001068649697118,6.28385,6.28385
6.28395,1.9862651243E-05,-0.001190385664813,6.28395,6.28395
6.28405,4.6401051804E-05,7.14966630935669,6.28405,6.28405
6.28415,0.000101432626252,9.99442672729492,6.28415,6.28415
6.28425,0.000101953242847,9.99436378479004,6.28425,6.28425
6.28435,0.000102025420347,9.99436187744141,6.28435,6.28435
6.28445,0.000102060672361,9.99434566497803,6.28445,6.28445
6.28455,0.000102081925434,9.99439334869385,6.28455,6.28455
6.28465,0.00010209899483,9.99443435668945,6.28465,6.28465
6.28475,0.000102110534499,9.994309425354,6.28475,6.28475
6.28485,0.000102092351881,9.9945592880249,6.28485,6.28485
6.28495,0.000102074656752,9.99452877044678,6.28495,6.28495
6.28505,9.2419846624E-05,2.85325980186462,6.28505,6.28505
6.28515,2.1393747375E-05,-0.0016767665511,6.28515,6.28515
6.28525,1.9817864086E-05,-0.001481989049353,6.28525,6.28525
6.28535,1.966272248E-05,-0.001564882113598,6.28535,6.28535
6.28545,1.9644799977E-05,-0.001498455065303,6.28545,6.28545
6.28555,1.9659861209E-05,-0.001585077610798,6.28555,6.28555
6.28565,1.9679742763E-05,-0.001311629079282,6.28565,6.28565
6.28575,1.973423241E-05,-0.001395296189003,6.28575,6.28575
6.28585,1.9783004973E-05,-0.001443216460757,6.28585,6.28585
6.28595,1.9795423214E-05,-0.001208610949107,6.28595,6.28595
6.28605,4.6180528443E-05,7.12946653366089,6.28605,6.28605
6.28615,0.000101412100776,9.99427127838135,6.28615,6.28615
6.28625,0.000101927536889,9.99393558502197,6.28625,6.28625
6.28635,0.000102046506072,9.99398040771484,6.28635,6.28635
6.28645,0.000102096018963,9.99408149719238,6.28645,6.28645
6.28655,0.000102079648059,9.99441814422607,6.28655,6.28655
6.28665,0.000102081379737,9.9943675994873,6.28665,6.28665
6.28675,0.000102096753835,9.99443531036377,6.28675,6.28675
6.28685,0.000102105652331,9.99454307556152,6.28685,6.28685
6.28695,0.00010210252367,9.99432182312012,6.28695,6.28695
6.28705,9.2548332759E-05,2.87363719940186,6.28705,6.28705
6.28715,2.1396073862E-05,-0.001315640052781,6.28715,6.28715
6.28725,1.9881508706E-05,-0.001253223977983,6.28725,6.28725
6.28735,1.964459625E-05,-0.001539268298075,6.28735,6.28735
6.28745,1.9600091036E-05,-0.001386359450407,6.28745,6.28745
6.28755,1.9647162844E-05,-0.001348783145659,6.28755,6.28755
6.28765,1.9664141291E-05,-0.001459049177356,6.28765,6.28765
6.28775,1.9725084712E-05,-0.001553552923724,6.28775,6.28775
6.28785,1.9760191208E-05,-0.001564248814248,6.28785,6.28785
6.28795,1.9770173822E-05,-0.001412536250427,6.28795,6.28795
6.28805,4.6019726142E-05,7.109947681427,6.28805,6.28805
6.28815,0.000101423152955,9.99447822570801,6.28815,6.28815
6.28825,0.000101943587651,9.99456977844238,6.28825,6.28825
6.28835,0.000102045705717,9.99442958831787,6.28835,6.28835
6.28845,0.000102092868474,9.99427223205566,6.28845,6.28845
6.28855,0.000102075049654,9.99445819854736,6.28855,6.28855
6.28865,0.000102059333585,9.9943733215332,6.28865,6.28865
6.28875,0.000102051184513,9.99442481994629,6.28875,6.28875
6.28885,0.000102069156128,9.99439716339111,6.28885,6.28885
6.28895,0.000102056772448,9.99448680877686,6.28895,6.28895
6.28905,9.2639398645E-05,2.89343953132629,6.28905,6.28905
6.28915,2.1334519261E-05,-0.001272012130357,6.28915,6.28915
6.28925,1.9759207134E-05,-0.001113614649512,6.28925,6.28925
6.28935,1.9577373678E-05,-0.000988501007669,6.28935,6.28935
6.28945,1.9551262085E-05,-0.001235632109456,6.28945,6.28945
6.28955,1.9602066459E-05,-0.001049791229889,6.28955,6.28955
6.28965,1.962701208E-05,-0.001070479280315,6.28965,6.28965
6.28975,1.9683337086E-05,-0.00129847030621,6.28975,6.28975
6.28985,1.972102109E-05,-0.001236054231413,6.28985,6.28985
6.28995,1.9762434022E-05,-0.001154568628408,6.28995,6.28995
6.29005,4.5865181164E-05,7.09008979797363,6.29005,6.29005
6.29015,0.000101434125099,9.99483203887939,6.29015,6.29015
6.29025,0.000101929595985,9.99485778808594,6.29025,6.29025
6.29035,0.000102025718661,9.99478435516357,6.29035,6.29035
6.29045,0.000102077188785,9.99482917785645,6.29045,6.29045
6.29055,0.000102085323306,9.99464702606201,6.29055,6.29055
6.29065,0.000102054502349,9.99477577209473,6.29065,6.29065
6.29075,0.000102090052678,9.99484729766846,6.29075,6.29075
6.29085,0.000102114288893,9.99468612670898,6.29085,6.29085
6.29095,0.000102105768747,9.99473285675049,6.29095,6.29095
6.29105,9.2793430667E-05,2.91357278823853,6.29105,6.29105
6.29115,2.1369694878E-05,-0.001062387018465,6.29115,6.29115
6.29125,1.9829114535E-05,-0.001290659536608,6.29125,6.29125
6.29135,1.9584953407E-05,-0.001536101801321,6.29135,6.29135
6.29145,1.9566679839E-05,-0.001658119144849,6.29145,6.29145
6.29155,1.9612254619E-05,-0.001615194953047,6.29155,6.29155
6.29165,1.9677887394E-05,-0.001453701290302,6.29165,6.29165
6.29175,1.9666658773E-05,-0.001590355182998,6.29175,6.29175
6.29185,1.9690858608E-05,-0.001626242650673,6.29185,6.29185
6.29195,1.9786295525E-05,-0.00132464710623,6.29195,6.29195
6.29205,4.5679003961E-05,7.06978702545166,6.29205,6.29205
6.29215,0.000101400182757,9.99444007873535,6.29215,6.29215
6.29225,0.000101917765278,9.99429607391357,6.29225,6.29225
6.29235,0.000101996804005,9.9942798614502,6.29235,6.29235
6.29245,0.000102036603494,9.99405670166016,6.29245,6.29245
6.29255,0.000102073558082,9.99410915374756,6.29255,6.29255
6.29265,0.000102095822513,9.99419784545898,6.29265,6.29265
6.29275,0.000102093275927,9.99425411224365,6.29275,6.29275
6.29285,0.000102083773527,9.99433994293213,6.29285,6.29285
6.29295,0.000102096972114,9.99421405792236,6.29295,6.29295
6.29305,9.2945017968E-05,2.93286514282227,6.29305,6.29305
6.29315,2.1360667233E-05,-0.001503732637502,6.29315,6.29315
6.29325,1.9778624846E-05,-0.001446594134904,6.29325,6.29325
6.29335,1.9566392439E-05,-0.001598095637746,6.29335,6.29335
6.29345,1.9572122255E-05,-0.001266171573661,6.29345,6.29345
6.29355,1.9568684365E-05,-0.001130502903834,6.29355,6.29355
6.29365,1.9600583983E-05,-0.001185389584862,6.29365,6.29365
6.29375,1.9678294848E-05,-0.001200096448883,6.29375,6.29375
6.29385,1.9691302441E-05,-0.001244568731636,6.29385,6.29385
6.29395,1.9728038751E-05,-0.001239080098458,6.29395,6.29395
6.29405,4.5510001655E-05,7.049635887146,6.29405,6.29405
6.29415,0.000101432538941,9.99402618408203,6.29415,6.29415
6.29425,0.000101945093775,9.99427700042725,6.29425,6.29425
6.29435,0.00010202563135,9.99409770965576,6.29435,6.29435
6.29445,0.000102072524896,9.99425888061523,6.29445,6.29445
6.29455,0.000102098834759,9.994140625,6.29455,6.29455
6.29465,0.000102108890133,9.99446868896484,6.29465,6.29465
6.29475,0.000102110439911,9.99447917938232,6.29475,6.29475
6.29485,0.000102076577605,9.99441146850586,6.29485,6.29485
6.29495,0.0001021179487,9.99415016174316,6.29495,6.29495
6.29505,9.3058632046E-05,2.95367884635925,6.29505,6.29505
6.29515,2.1314383048E-05,-0.001240628189407,6.29515,6.29515
6.29525,1.9750550564E-05,-0.00112135510426,6.29525,6.29525
6.29535,1.950873957E-05,-0.001244990970008,6.29535,6.29535
6.29545,1.9505019736E-05,-0.00099201942794,6.29545,6.29545
6.29555,1.9543611415E-05,-0.001121073612012,6.29555,6.29555
6.29565,1.9555178369E-05,-0.001110659213737,6.29565,6.29565
6.29575,1.9616620193E-05,-0.001041558221914,6.29575,6.29575
6.29585,1.9666342268E-05,-0.001165686640888,6.29585,6.29585
6.29595,1.9710108973E-05,-0.00131338823121,6.29595,6.29595
6.29605,4.5363871322E-05,7.02978563308716,6.29605,6.29605
6.29615,0.000101410303614,9.9946117401123,6.29615,6.29615
6.29625,0.000101986821392,9.99431991577148,6.29625,6.29625
6.29635,0.000102086967672,9.99445819854736,6.29635,6.29635
6.29645,0.000102088961285,9.99509620666504,6.29645,6.29645
6.29655,0.00010208360618,9.99491500854492,6.29655,6.29655
6.29665,0.000102120880911,9.99448394775391,6.29665,6.29665
6.29675,0.000102086698462,9.99471473693848,6.29675,6.29675
6.29685,0.000102062062069,9.99452114105225,6.29685,6.29685
6.29695,0.000102077945485,9.99447441101074,6.29695,6.29695
6.29705,9.3171103799E-05,2.97355508804321,6.29705,6.29705
6.29715,2.1328001822E-05,-0.001012848224491,6.29715,6.29715
6.29725,1.9700028133E-05,-0.001070479280315,6.29725,6.29725
6.29735,1.9498789698E-05,-0.001138172927313,6.29735,6.29735
6.29745,1.9453118512E-05,-0.001158649916761,6.29745,6.29745
6.29755,1.9463495846E-05,-0.001169838360511,6.29755,6.29755
6.29765,1.9496892492E-05,-0.00105478730984,6.29765,6.29765
6.29775,1.955353946E-05,-0.001087156473659,6.29775,6.29775
6.29785,1.9573113605E-05,-0.001190596842207,6.29785,6.29785
6.29795,1.9617815269E-05,-0.001094122766517,6.29795,6.29795
6.29805,4.5121098083E-05,7.01014232635498,6.29805,6.29805
6.29815,0.000101402976725,9.9946403503418,6.29815,6.29815
6.29825,0.00010192424088,9.99500465393066,6.29825,6.29825
6.29835,0.000101992744021,9.99493217468262,6.29835,6.29835
6.29845,0.000102033292933,9.99489116668701,6.29845,6.29845
6.29855,0.000102063029772,9.99479007720947,6.29855,6.29855
6.29865,0.000102069388959,9.99477767944336,6.29865,6.29865
6.29875,0.000102072335721,9.99494552612305,6.29875,6.29875
6.29885,0.000102088401036,9.99489402770996,6.29885,6.29885
6.29895,0.00010208182357,9.99487400054932,6.29895,6.29895
6.29905,9.3295406259E-05,2.99360227584839,6.29905,6.29905
6.29915,2.1323494366E-05,-0.001374608138576,6.29915,6.29915
6.29925,1.9682662241E-05,-0.001324224867858,6.29925,6.29925
6.29935,1.9459228497E-05,-0.001275460119359,6.29935,6.29935
6.29945,1.9427547159E-05,-0.001057109446265,6.29945,6.29945
6.29955,1.9455543224E-05,-0.001289111445658,6.29955,6.29955
6.29965,1.9500583221E-05,-0.001173216034658,6.29965,6.29965
6.29975,1.9531371436E-05,-0.00114830583334,6.29975,6.29975
6.29985,1.9567460185E-05,-0.001068016397767,6.29985,6.29985
6.29995,1.9591478122E-05,-0.001121847657487,6.29995,6.29995
6.30005,4.4938162318E-05,6.9897608757019,6.30005,6.30005
6.30015,0.00010138801008,9.99404716491699,6.30015,6.30015
6.30025,0.000101955323771,9.99416923522949,6.30025,6.30025
6.30035,0.000102050456917,9.99438667297363,6.30035,6.30035
6.30045,0.000102084064565,9.99417018890381,6.30045,6.30045
6.30055,0.000102079917269,9.99417304992676,6.30055,6.30055
6.30065,0.000102115758637,9.9940710067749,6.30065,6.30065
6.30075,0.000102109755971,9.9941520690918,6.30075,6.30075
6.30085,0.000102116107882,9.99404811859131,6.30085,6.30085
6.30095,0.000102095713373,9.9942045211792,6.30095,6.30095
6.30105,9.3441733043E-05,3.01318120956421,6.30105,6.30105
6.30115,2.129022505E-05,-0.001073997700587,6.30115,6.30115
6.30125,1.9678829631E-05,-0.001142113469541,6.30125,6.30125
6.30135,1.9478224203E-05,-0.001098274486139,6.30135,6.30135
6.30145,1.9479006369E-05,-0.001375100691803,6.30145,6.30145
6.30155,1.9488988983E-05,-0.001572200329974,6.30155,6.30155
6.30165,1.9507409888E-05,-0.00124914268963,6.30165,6.30165
6.30175,1.9531869839E-05,-0.001334428205155,6.30175,6.30175
6.30185,1.9573584723E-05,-0.001300862873904,6.30185,6.30185
6.30195,1.9576735212E-05,-0.001340831629932,6.30195,6.30195
6.30205,4.4783122576E-05,6.96940851211548,6.30205,6.30205
6.30215,0.000101422629086,9.99423313140869,6.30215,6.30215
6.30225,0.0001019614283,9.99424362182617,6.30225,6.30225
6.30235,0.00010205306171,9.99437236785889,6.30235,6.30235
6.30245,0.000102073667222,9.99432182312012,6.30245,6.30245
6.30255,0.000102062280348,9.99451160430908,6.30255,6.30255
6.30265,0.000102103942481,9.994460105896,6.30265,6.30265
6.30275,0.000102058111224,9.99440383911133,6.30275,6.30275
6.30285,0.000102091689769,9.99454784393311,6.30285,6.30285
6.30295,0.000102080499346,9.9945650100708,6.30295,6.30295
6.30305,9.3536073109E-05,3.0333743095398,6.30305,6.30305
6.30315,2.1262221708E-05,-0.001310714287683,6.30315,6.30315
6.30325,1.9664725187E-05,-0.001440894440748,6.30325,6.30325
6.30335,1.9473120119E-05,-0.001191159710288,6.30335,6.30335
6.30345,1.94204531E-05,-0.001019322080538,6.30345,6.30345
6.30355,1.9442697521E-05,-0.001220573438331,6.30355,6.30355
6.30365,1.9450453692E-05,-0.001196718774736,6.30365,6.30365
6.30375,1.9481774871E-05,-0.001117273815908,6.30375,6.30375
6.30385,1.9529739802E-05,-0.001197422505356,6.30385,6.30385
6.30395,1.9575665647E-05,-0.001019110903144,6.30395,6.30395
6.30405,4.4595897634E-05,6.94985580444336,6.30405,6.30405
6.30415,0.00010138766811,9.9943675994873,6.30415,6.30415
6.30425,0.000101951285615,9.99428462982178,6.30425,6.30425
6.30435,0.000102032849099,9.99429893493652,6.30435,6.30435
6.30445,0.000102056277683,9.99421501159668,6.30445,6.30445
6.30455,0.000102092111774,9.99417304992676,6.30455,6.30455
6.30465,0.000102068210253,9.9940299987793,6.30465,6.30465
6.30475,0.000102079524368,9.99374294281006,6.30475,6.30475
6.30485,0.000102041172795,9.99388980865479,6.30485,6.30485
6.30495,0.000102074445749,9.99420738220215,6.30495,6.30495
6.30505,9.367056191E-05,3.05322337150574,6.30505,6.30505
6.30515,2.124915045E-05,-0.00110643717926,6.30515,6.30515
6.30525,1.9568107746E-05,-0.001289603998885,6.30525,6.30525
6.30535,1.934865395E-05,-0.001328165526502,6.30535,6.30535
6.30545,1.9332699594E-05,-0.001344420365058,6.30545,6.30545
6.30555,1.9314602469E-05,-0.001175749232061,6.30555,6.30555
6.30565,1.9368853827E-05,-0.001174341887236,6.30565,6.30565
6.30575,1.9401961254E-05,-0.001281300676055,6.30575,6.30575
6.30585,1.9426759536E-05,-0.001088000833988,6.30585,6.30585
6.30595,1.9463277567E-05,-0.001362364157103,6.30595,6.30595
6.30605,4.4427819375E-05,6.92952585220337,6.30605,6.30605
6.30615,0.000101399848063,9.99405765533447,6.30615,6.30615
6.30625,0.000101925448689,9.99407768249512,6.30625,6.30625
6.30635,0.000102005331428,9.99391651153564,6.30635,6.30635
6.30645,0.000102032114228,9.99372386932373,6.30645,6.30645
6.30655,0.000102043610241,9.99404144287109,6.30655,6.30655
6.30665,0.000102054844319,9.99402046203613,6.30665,6.30665
6.30675,0.00010206533625,9.99379730224609,6.30675,6.30675
6.30685,0.000102054378658,9.99371337890625,6.30685,6.30685
6.30695,0.000102063066151,9.99403858184814,6.30695,6.30695
6.30705,9.381853306E-05,3.0733072757721,6.30705,6.30705
6.30715,2.1227840989E-05,-0.001570652239025,6.30715,6.30715
6.30725,1.953004903E-05,-0.001953100203536,6.30725,6.30725
6.30735,1.9353061361E-05,-0.001901591080241,6.30735,6.30735
6.30745,1.9319559215E-05,-0.001714905840345,6.30745,6.30745
6.30755,1.9329536372E-05,-0.00161470239982,6.30755,6.30755
6.30765,1.9363509637E-05,-0.001763037289493,6.30765,6.30765
6.30775,1.9408704247E-05,-0.001538634998724,6.30775,6.30775
6.30785,1.942858762E-05,-0.00145327905193,6.30785,6.30785
6.30795,1.9467010134E-05,-0.0014704487985,6.30795,6.30795
6.30805,4.4190717745E-05,6.91006517410278,6.30805,6.30805
6.30815,0.000101348516182,9.99471282958984,6.30815,6.30815
6.30825,0.000101923833427,9.99462699890137,6.30825,6.30825
6.30835,0.000102020901977,9.99461078643799,6.30835,6.30835
6.30845,0.000102029494883,9.9944314956665,6.30845,6.30845
6.30855,0.000102041733044,9.99447631835938,6.30855,6.30855
6.30865,0.000102078920463,9.99435043334961,6.30865,6.30865
6.30875,0.000102046884422,9.99440479278564,6.30875,6.30875
6.30885,0.000102059479104,9.99435710906982,6.30885,6.30885
6.30895,0.000102064921521,9.99405670166016,6.30895,6.30895
6.30905,9.3916452897E-05,3.09308385848999,6.30905,6.30905
6.30915,2.1242711227E-05,-0.001688729040325,6.30915,6.30915
6.30925,1.9587962015E-05,-0.001696610241197,6.30925,6.30925
6.30935,1.9384475308E-05,-0.001254983129911,6.30935,6.30935
6.30945,1.9336863261E-05,-0.001178915728815,6.30945,6.30945
6.30955,1.9326140318E-05,-0.001354131149128,6.30955,6.30955
6.30965,1.9372762836E-05,-0.001460104715079,6.30965,6.30965
6.30975,1.9409828383E-05,-0.001522591221146,6.30975,6.30975
6.30985,1.9435652575E-05,-0.001385022536851,6.30985,6.30985
6.30995,1.9476206944E-05,-0.001492825686,6.30995,6.30995
6.31005,4.4089036237E-05,6.88942527770996,6.31005,6.31005
6.31015,0.000101368248579,9.99421691894531,6.31015,6.31015
6.31025,0.000101933444967,9.99426651000977,6.31025,6.31025
6.31035,0.000102068741398,9.99435997009277,6.31035,6.31035
6.31045,0.000102078716736,9.99407005310059,6.31045,6.31045
6.31055,0.00010205808212,9.99418926239014,6.31055,6.31055
6.31065,0.000102090984001,9.99404525756836,6.31065,6.31065
6.31075,0.000102046367829,9.9941873550415,6.31075,6.31075
6.31085,0.000102084508399,9.99410820007324,6.31085,6.31085
6.31095,0.000102082689409,9.99450397491455,6.31095,6.31095
6.31105,9.4073686341E-05,3.11352872848511,6.31105,6.31105
6.31115,2.1272851882E-05,-0.000939102959819,6.31115,6.31115
6.31125,1.9536095351E-05,-0.001116288593039,6.31125,6.31125
6.31135,1.9309709387E-05,-0.001120018074289,6.31135,6.31135
6.31145,1.926508412E-05,-0.001349416445009,6.31145,6.31145
6.31155,1.9301231077E-05,-0.001386500196531,6.31155,6.31155
6.31165,1.9321858417E-05,-0.001065764692612,6.31165,6.31165
6.31175,1.9346052795E-05,-0.001014677807689,6.31175,6.31175
6.31185,1.9404436898E-05,-0.001292840926908,6.31185,6.31185
6.31195,1.9475652152E-05,-0.000995467416942,6.31195,6.31195
6.31205,4.3907650252E-05,6.87002325057983,6.31205,6.31205
6.31215,0.000101366655144,9.99458980560303,6.31215,6.31215
6.31225,0.000101910336525,9.9945650100708,6.31225,6.31225
6.31235,0.000102006655652,9.994553565979,6.31235,6.31235
6.31245,0.000102040699858,9.99447822570801,6.31245,6.31245
6.31255,0.000102067184343,9.99456977844238,6.31255,6.31255
6.31265,0.000102061938378,9.99473476409912,6.31265,6.31265
6.31275,0.000102035839518,9.99470806121826,6.31275,6.31275
6.31285,0.000102057354525,9.99465656280518,6.31285,6.31285
6.31295,0.000102076453913,9.99437522888184,6.31295,6.31295
6.31305,9.4155686384E-05,3.1333794593811,6.31305,6.31305
6.31315,2.1179981559E-05,-0.001106859301217,6.31315,6.31315
6.31325,1.9508057449E-05,-0.001201926032081,6.31325,6.31325
6.31335,1.9286007955E-05,-0.001099470769987,6.31335,6.31335
6.31345,1.9217317458E-05,-0.001110377721488,6.31345,6.31345
6.31355,1.9238550522E-05,-0.001183700747788,6.31355,6.31355
6.31365,1.9274864826E-05,-0.001669800258242,6.31365,6.31365
6.31375,1.9361470549E-05,-0.001359971589409,6.31375,6.31375
6.31385,1.9393792172E-05,-0.001571567030624,6.31385,6.31385
6.31395,1.9425515347E-05,-0.001335905864835,6.31395,6.31395
6.31405,4.3730422476E-05,6.84962177276611,6.31405,6.31405
6.31415,0.000101371959317,9.99400234222412,6.31415,6.31415
6.31425,0.000101921359601,9.99432373046875,6.31425,6.31425
6.31435,0.000102004909422,9.99407196044922,6.31435,6.31435
6.31445,0.00010206054867,9.9939136505127,6.31445,6.31445
6.31455,0.000102080710349,9.99397468566895,6.31455,6.31455
6.31465,0.000102064899693,9.99393463134766,6.31465,6.31465
6.31475,0.00010208968888,9.99376773834229,6.31475,6.31475
6.31485,0.000102066696854,9.99360752105713,6.31485,6.31485
6.31495,0.000102048841654,9.99389266967773,6.31495,6.31495
6.31505,9.4307360996E-05,3.15329670906067,6.31505,6.31505
6.31515,2.1161911718E-05,-0.001295022317208,6.31515,6.31515
6.31525,1.9439723474E-05,-0.001314866007306,6.31525,6.31525
6.31535,1.9250368496E-05,-0.001192778232507,6.31535,6.31535
6.31545,1.924053322E-05,-0.000926647917368,6.31545,6.31545
6.31555,1.9249482648E-05,-0.001190244918689,6.31555,6.31555
6.31565,1.9314842575E-05,-0.001241613295861,6.31565,6.31565
6.31575,1.9322991648E-05,-0.001337735448033,6.31575,6.31575
6.31585,1.9360015358E-05,-0.001469885814004,6.31585,6.31585
6.31595,1.9396175048E-05,-0.001305366400629,6.31595,6.31595
6.31605,4.3560175982E-05,6.82979393005371,6.31605,6.31605
6.31615,0.000101378886029,9.99396324157715,6.31615,6.31615
6.31625,0.000101956080471,9.99410629272461,6.31625,6.31625
6.31635,0.000102046462416,9.9939489364624,6.31635,6.31635
6.31645,0.000102051642898,9.99431896209717,6.31645,6.31645
6.31655,0.000102073587186,9.99413394927979,6.31655,6.31655
6.31665,0.00010210354958,9.99410820007324,6.31665,6.31665
6.31675,0.000102094047179,9.99433994293213,6.31675,6.31675
6.31685,0.000102097299532,9.99420738220215,6.31685,6.31685
6.31695,0.000102102763776,9.99447250366211,6.31695,6.31695
6.31705,9.4451366749E-05,3.17325067520142,6.31705,6.31705
6.31715,2.1229281629E-05,-0.001184263732284,6.31715,6.31715
6.31725,1.9508295736E-05,-0.001186726614833,6.31725,6.31725
6.31735,1.9309694835E-05,-0.001036702888086,6.31735,6.31735
6.31745,1.924181197E-05,-0.001246609375812,6.31745,6.31745
6.31755,1.9260183763E-05,-0.001070479280315,6.31755,6.31755
6.31765,1.9280847482E-05,-0.000920948165003,6.31765,6.31765
6.31775,1.9298720872E-05,-0.001047891331837,6.31775,6.31775
6.31785,1.9331349904E-05,-0.001235632109456,6.31785,6.31785
6.31795,1.9368382709E-05,-0.001215014373884,6.31795,6.31795
6.31805,4.3378822738E-05,6.80975770950317,6.31805,6.31805
6.31815,0.00010137737263,9.99382781982422,6.31815,6.31815
6.31825,0.000101932586404,9.9939079284668,6.31825,6.31825
6.31835,0.000102048637928,9.99394035339355,6.31835,6.31835
6.31845,0.000102075013274,9.99396228790283,6.31845,6.31845
6.31855,0.000102078767668,9.99392414093018,6.31855,6.31855
6.31865,0.000102066114778,9.99396514892578,6.31865,6.31865
6.31875,0.000102069367131,9.99407196044922,6.31875,6.31875
6.31885,0.00010209177708,9.99413585662842,6.31885,6.31885
6.31895,0.000102090212749,9.99386978149414,6.31895,6.31895
6.31905,9.4523573352E-05,3.1930468082428,6.31905,6.31905
6.31915,2.1163396013E-05,-0.001166249625385,6.31915,6.31915
6.31925,1.9411720132E-05,-0.001412747311406,6.31925,6.31925
6.31935,1.918612179E-05,-0.001091378508136,6.31935,6.31935
6.31945,1.9154123947E-05,-0.001332035753876,6.31945,6.31945
6.31955,1.9179702576E-05,-0.001439416664653,6.31955,6.31955
6.31965,1.9181206881E-05,-0.001364475116134,6.31965,6.31965
6.31975,1.9232194973E-05,-0.001244146609679,6.31975,6.31975
6.31985,1.927784615E-05,-0.001265960512683,6.31985,6.31985
6.31995,1.9307368348E-05,-0.000756569381338,6.31995,6.31995
6.32005,4.3165422539E-05,6.78978204727173,6.32005,6.32005
6.32015,0.000101365127193,9.9937801361084,6.32015,6.32015
6.32025,0.000101920719317,9.99380111694336,6.32025,6.32025
6.32035,0.000102007754322,9.99431800842285,6.32035,6.32035
6.32045,0.000102059071651,9.99420833587646,6.32045,6.32045
6.32055,0.000102050922578,9.99424648284912,6.32055,6.32055
6.32065,0.000102053578303,9.99410533905029,6.32065,6.32065
6.32075,0.000102022080682,9.99403476715088,6.32075,6.32075
6.32085,0.000102078825876,9.99423408508301,6.32085,6.32085
6.32095,0.000102086385596,9.9940824508667,6.32095,6.32095
6.32105,9.464557661E-05,3.21332788467407,6.32105,6.32105
6.32115,2.1118272343E-05,-0.001171949435957,6.32115,6.32115
6.32125,1.9372564566E-05,-0.001088634133339,6.32125,6.32125
6.32135,1.9146706109E-05,-0.000951839494519,6.32135,6.32135
6.32145,1.9117091142E-05,-0.00092397397384,6.32145,6.32145
6.32155,1.914391396E-05,-0.000957891112193,6.32155,6.32155
6.32165,1.91965064E-05,-0.001150416908786,6.32165,6.32165
6.32175,1.92072348E-05,-0.001036773202941,6.32175,6.32175
6.32185,1.9227152734E-05,-0.000739821931347,6.32185,6.32185
6.32195,1.9291366698E-05,-0.001021010917611,6.32195,6.32195
6.32205,4.3026462663E-05,6.76953077316284,6.32205,6.32205
6.32215,0.000101355100924,9.99429035186768,6.32215,6.32215
6.32225,0.00010192123591,9.9942102432251,6.32225,6.32225
6.32235,0.000102041296486,9.99405574798584,6.32235,6.32235
6.32245,0.000102047619293,9.99409294128418,6.32245,6.32245
6.32255,0.000102088670246,9.99409484863281,6.32255,6.32255
6.32265,0.000102096644696,9.99389266967773,6.32265,6.32265
6.32275,0.000102104473626,9.99386310577393,6.32275,6.32275
6.32285,0.000102048383269,9.99406337738037,6.32285,6.32285
6.32295,0.000102048565168,9.99404335021973,6.32295,6.32295
6.32305,9.4803923275E-05,3.23340654373169,6.32305,6.32305
6.32315,2.1133773771E-05,-0.001156609272584,6.32315,6.32315
6.32325,1.9402199541E-05,-0.000773246516474,6.32325,6.32325
6.32335,1.9201102987E-05,-0.001188626512885,6.32335,6.32335
6.32345,1.9158413124E-05,-0.001049439422786,6.32345,6.32345
6.32355,1.9138922653E-05,-0.001094474690035,6.32355,6.32355
6.32365,1.916248948E-05,-0.000732785149012,6.32365,6.32365
6.32375,1.9217506633E-05,-0.000932347669732,6.32375,6.32375
6.32385,1.9243787392E-05,-0.000838688400108,6.32385,6.32385
6.32395,1.9248844183E-05,-0.001210862654261,6.32395,6.32395
6.32405,4.2811243475E-05,6.74971008300781,6.32405,6.32405
6.32415,0.000101337609522,9.99406337738037,6.32415,6.32415
6.32425,0.000101908990473,9.99408054351807,6.32425,6.32425
6.32435,0.000101999103208,9.99396133422852,6.32435,6.32435
6.32445,0.000102067249827,9.99383449554443,6.32445,6.32445
6.32455,0.000102088219137,9.99394512176514,6.32455,6.32455
6.32465,0.000102072401205,9.99388313293457,6.32465,6.32465
6.32475,0.000102070756839,9.99400997161865,6.32475,6.32475
6.32485,0.00010207125888,9.9937858581543,6.32485,6.32485
6.32495,0.000102067206171,9.99394798278809,6.32495,6.32495
6.32505,9.4912829809E-05,3.25304055213928,6.32505,6.32505
6.32515,2.1145304345E-05,-0.001168782822788,6.32515,6.32515
6.32525,1.9354052711E-05,-0.001256320159882,6.32525,6.32525
6.32535,1.9114504539E-05,-0.001297062961385,6.32535,6.32535
6.32545,1.9095175958E-05,-0.001129165873863,6.32545,6.32545
6.32555,1.9111714209E-05,-0.001106929732487,6.32555,6.32555
6.32565,1.9162187527E-05,-0.001273278729059,6.32565,6.32565
6.32575,1.917724876E-05,-0.001163645996712,6.32575,6.32575
6.32585,1.9208851882E-05,-0.001001730095595,6.32585,6.32585
6.32595,1.9298517145E-05,-0.000968727748841,6.32595,6.32595
6.32605,4.2685303924E-05,6.72954416275024,6.32605,6.32605
6.32615,0.000101355137303,9.9941234588623,6.32615,6.32615
6.32625,0.000101927063952,9.9938383102417,6.32625,6.32625
6.32635,0.000102015961602,9.99395179748535,6.32635,6.32635
6.32645,0.000102013051219,9.99389743804932,6.32645,6.32645
6.32655,0.000102044978121,9.99415016174316,6.32655,6.32655
6.32665,0.000102058402263,9.99401473999023,6.32665,6.32665
6.32675,0.000102071790025,9.99420070648193,6.32675,6.32675
6.32685,0.000102077457996,9.99403762817383,6.32685,6.32685
6.32695,0.000102071506262,9.99387836456299,6.32695,6.32695
6.32705,9.5061295724E-05,3.27287650108337,6.32705,6.32705
6.32715,2.1131025278E-05,-0.001173216034658,6.32715,6.32715
6.32725,1.9322344087E-05,-0.001145913382061,6.32725,6.32725
6.32735,1.9101828002E-05,-0.000870353833307,6.32735,6.32735
6.32745,1.9056247766E-05,-0.001224091742188,6.32745,6.32745
6.32755,1.9057899408E-05,-0.001121636596508,6.32755,6.32755
6.32765,1.9117534976E-05,-0.001333091175184,6.32765,6.32765
6.32775,1.9169794541E-05,-0.001194818876684,6.32775,6.32775
6.32785,1.9203092961E-05,-0.000925733125769,6.32785,6.32785
6.32795,1.9241426344E-05,-0.000981534598395,6.32795,6.32795
6.32805,4.2517625843E-05,6.70977926254272,6.32805,6.32805
6.32815,0.000101364028524,9.99388122558594,6.32815,6.32815
6.32825,0.000101916455606,9.99368095397949,6.32825,6.32825
6.32835,0.000101952908153,9.99381351470947,6.32835,6.32835
6.32845,0.000101999052276,9.99384689331055,6.32845,6.32845
6.32855,0.00010205021681,9.9941291809082,6.32855,6.32855
6.32865,0.000102044621599,9.99409103393555,6.32865,6.32865
6.32875,0.000102067271655,9.99390697479248,6.32875,6.32875
6.32885,0.000102046826214,9.99391555786133,6.32885,6.32885
6.32895,0.000102065016108,9.99421977996826,6.32895,6.32895
6.32905,9.5134695584E-05,3.29342031478882,6.32905,6.32905
6.32915,2.1109208319E-05,-0.001137469313107,6.32915,6.32915
6.32925,1.9305623937E-05,-0.001259838580154,6.32925,6.32925
6.32935,1.9064009393E-05,-0.001185811823234,6.32935,6.32935
6.32945,1.9012522898E-05,-0.001016859197989,6.32945,6.32945
6.32955,1.9057168174E-05,-0.001026077312417,6.32955,6.32955
6.32965,1.9053399228E-05,-0.00114155060146,6.32965,6.32965
6.32975,1.9102186343E-05,-0.001334920758381,6.32975,6.32975
6.32985,1.9133249225E-05,-0.001117907115258,6.32985,6.32985
6.32995,1.9198825612E-05,-0.001212058938108,6.32995,6.32995
6.33005,4.2279680201E-05,6.68957710266113,6.33005,6.33005
6.33015,0.000101324003481,9.99425506591797,6.33015,6.33015
6.33025,0.000101915487903,9.99405097961426,6.33025,6.33025
6.33035,0.000102021469502,9.99410533905029,6.33035,6.33035
6.33045,0.000102025849628,9.99431610107422,6.33045,6.33045
6.33055,0.000102068363049,9.99402809143066,6.33055,6.33055
6.33065,0.000102074103779,9.9941987991333,6.33065,6.33065
6.33075,0.000102070363937,9.99385929107666,6.33075,6.33075
6.33085,0.00010207426385,9.99402904510498,6.33085,6.33085
6.33095,0.000102106452687,9.99381828308105,6.33095,6.33095
6.33105,9.5284471172E-05,3.31314277648926,6.33105,6.33105
6.33115,2.1105664928E-05,-0.000879360886756,6.33115,6.33115
6.33125,1.9271750716E-05,-0.001179971266538,6.33125,6.33125
6.33135,1.908937702E-05,-0.00102720328141,6.33135,6.33135
6.33145,1.9019271349E-05,-0.001011370564811,6.33145,6.33145
6.33155,1.9025943402E-05,-0.000946210115217,6.33155,6.33155
6.33165,1.9080356651E-05,-0.001013481523842,6.33165,6.33165
6.33175,1.9125232939E-05,-0.000980549491942,6.33175,6.33175
6.33185,1.9142853489E-05,-0.001125154900365,6.33185,6.33185
6.33195,1.9159409931E-05,-0.000888297567144,6.33195,6.33195
6.33205,4.2149553337E-05,6.67007827758789,6.33205,6.33205
6.33215,0.000101313446066,9.99407386779785,6.33215,6.33215
6.33225,0.000101903926407,9.99421119689941,6.33225,6.33225
6.33235,0.000102001948107,9.99410629272461,6.33235,6.33235
6.33245,0.000102058504126,9.99397087097168,6.33245,6.33245
6.33255,0.000102058140328,9.99382781982422,6.33255,6.33255
6.33265,0.000102051199065,9.993821144104,6.33265,6.33265
6.33275,0.000102077865449,9.99399089813232,6.33275,6.33275
6.33285,0.000102053825685,9.99413967132568,6.33285,6.33285
6.33295,0.000102051511931,9.99428939819336,6.33295,6.33295
6.33305,9.5421877631E-05,3.3332986831665,6.33305,6.33305
6.33315,2.1097923309E-05,-0.000948250759393,6.33315,6.33315
6.33325,1.9232124032E-05,-0.00088323111413,6.33325,6.33325
6.33335,1.903987868E-05,-0.001183700747788,6.33335,6.33335
6.33345,1.8997336156E-05,-0.001000885735266,6.33345,6.33345
6.33355,1.9009083189E-05,-0.001153161283582,6.33355,6.33355
6.33365,1.9040891857E-05,-0.000848821364343,6.33365,6.33365
6.33375,1.9044962755E-05,-0.000808852550108,6.33375,6.33375
6.33385,1.9095325115E-05,-0.000982449389994,6.33385,6.33385
6.33395,1.9120840079E-05,-0.001065905438736,6.33395,6.33395
6.33405,4.1914878238E-05,6.64985466003418,6.33405,6.33405
6.33415,0.000101301920949,9.99399662017822,6.33415,6.33415
6.33425,0.000101885772892,9.99381828308105,6.33425,6.33425
6.33435,0.00010198498785,9.99379348754883,6.33435,6.33435
6.33445,0.000102012149,9.99411964416504,6.33445,6.33445
6.33455,0.000102023208456,9.99419116973877,6.33455,6.33455
6.33465,0.000102052581497,9.99420166015625,6.33465,6.33465
6.33475,0.000102062767837,9.9939603805542,6.33475,6.33475
6.33485,0.000102094985778,9.99384117126465,6.33485,6.33485
6.33495,0.000102070509456,9.99416637420654,6.33495,6.33495
6.33505,9.5559953479E-05,3.35347127914429,6.33505,6.33505
6.33515,2.1056779588E-05,-0.000844528898597,6.33515,6.33515
6.33525,1.9264065486E-05,-0.000873168522958,6.33525,6.33525
6.33535,1.9067994799E-05,-0.000995819224045,6.33535,6.33535
6.33545,1.9030323529E-05,-0.000799001078121,6.33545,6.33545
6.33555,1.9010280084E-05,-0.000749673403334,6.33555,6.33555
6.33565,1.9029908799E-05,-0.000735529523809,6.33565,6.33565
6.33575,1.9057561076E-05,-0.000641659134999,6.33575,6.33575
6.33585,1.9107184926E-05,-0.000851073127706,6.33585,6.33585
6.33595,1.9144892576E-05,-0.000996382208541,6.33595,6.33595
6.33605,4.1791015974E-05,6.63005590438843,6.33605,6.33605
6.33615,0.000101306279248,9.99452972412109,6.33615,6.33615
6.33625,0.000101885365439,9.99454021453857,6.33625,6.33625
6.33635,0.0001019908741,9.99430465698242,6.33635,6.33635
6.33645,0.00010203486454,9.99429702758789,6.33645,6.33645
6.33655,0.000102030935523,9.99454212188721,6.33655,6.33655
6.33665,0.000102031248389,9.99409866333008,6.33665,6.33665
6.33675,0.000102039266494,9.99400234222412,6.33675,6.33675
6.33685,0.000102046433312,9.99389839172363,6.33685,6.33685
6.33695,0.00010205066792,9.99410057067871,6.33695,6.33695
6.33705,9.5685572887E-05,3.37300086021423,6.33705,6.33705
6.33715,2.1102818209E-05,-0.00102122197859,6.33715,6.33715
6.33725,1.9223118215E-05,-0.001324928598478,6.33725,6.33725
6.33735,1.9027709641E-05,-0.001085045398213,6.33735,6.33735
6.33745,1.8976334104E-05,-0.001011089072563,6.33745,6.33745
6.33755,1.8973549231E-05,-0.001300792442635,6.33755,6.33755
6.33765,1.8986696887E-05,-0.001079627079889,6.33765,6.33765
6.33775,1.9060888008E-05,-0.001007359591313,6.33775,6.33775
6.33785,1.9065702872E-05,-0.001224091742188,6.33785,6.33785
6.33795,1.9086113753E-05,-0.000946139742155,6.33795,6.33795
6.33805,4.1604667786E-05,6.60977458953857,6.33805,6.33805
6.33815,0.000101316880318,9.99399757385254,6.33815,6.33815
6.33825,0.000101906181953,9.99391174316406,6.33825,6.33825
6.33835,0.000102005469671,9.9938383102417,6.33835,6.33835
6.33845,0.000102040612546,9.99351119995117,6.33845,6.33845
6.33855,0.000102029633126,9.9935998916626,6.33855,6.33855
6.33865,0.000102043275547,9.99417209625244,6.33865,6.33865
6.33875,0.000102034253359,9.99396896362305,6.33875,6.33875
6.33885,0.000102061458165,9.99365139007568,6.33885,6.33885
6.33895,0.000102056226751,9.9939136505127,6.33895,6.33895
6.33905,9.5774026704E-05,3.39295625686646,6.33905,6.33905
6.33915,2.1025176466E-05,-0.001369823119603,6.33915,6.33915
6.33925,1.914825225E-05,-0.001193341100588,6.33925,6.33925
6.33935,1.8959755835E-05,-0.001116218278185,6.33935,6.33935
6.33945,1.8918603018E-05,-0.001093348721042,6.33945,6.33945
6.33955,1.8934211766E-05,-0.001271871384233,6.33955,6.33955
6.33965,1.8959179215E-05,-0.001062457449734,6.33965,6.33965
6.33975,1.8977023501E-05,-0.000969783228356,6.33975,6.33975
6.33985,1.9037777747E-05,-0.000809345103335,6.33985,6.33985
6.33995,1.9107135813E-05,-0.000945647188928,6.33995,6.33995
6.34005,4.1431318095E-05,6.58995771408081,6.34005,6.34005
6.34015,0.000101279765659,9.99450588226318,6.34015,6.34015
6.34025,0.000101897698187,9.99455547332764,6.34025,6.34025
6.34035,0.000101987985545,9.99473094940186,6.34035,6.34035
6.34045,0.00010198984819,9.9948091506958,6.34045,6.34045
6.34055,0.000102025420347,9.99464416503906,6.34055,6.34055
6.34065,0.000102030739072,9.99417495727539,6.34065,6.34065
6.34075,0.000102019432234,9.99427604675293,6.34075,6.34075
6.34085,0.000102044345113,9.99430274963379,6.34085,6.34085
6.34095,0.000102024401713,9.99404430389404,6.34095,6.34095
6.34105,9.586984379E-05,3.4130585193634,6.34105,6.34105
6.34115,2.099023186E-05,-0.000922425882891,6.34115,6.34115
6.34125,1.9145481929E-05,-0.001202911138535,6.34125,6.34125
6.34135,1.893661647E-05,-0.000969220302068,6.34135,6.34135
6.34145,1.8904613171E-05,-0.000803926785011,6.34145,6.34145
6.34155,1.8899283532E-05,-0.001003630110063,6.34155,6.34155
6.34165,1.8954293409E-05,-0.00094909517793,6.34165,6.34165
6.34175,1.9015440557E-05,-0.000900048937183,6.34175,6.34175
6.34185,1.9050616174E-05,-0.000836295890622,6.34185,6.34185
6.34195,1.9100056306E-05,-0.001339072478004,6.34195,6.34195
6.34205,4.1278352001E-05,6.56995534896851,6.34205,6.34205
6.34215,0.000101284480479,9.99428462982178,6.34215,6.34215
6.34225,0.000101867102785,9.99445915222168,6.34225,6.34225
6.34235,0.000102006059024,9.99440383911133,6.34235,6.34235
6.34245,0.000102048383269,9.99448299407959,6.34245,6.34245
6.34255,0.000102062243968,9.9945707321167,6.34255,6.34255
6.34265,0.000102063480881,9.99459648132324,6.34265,6.34265
6.34275,0.000102069767308,9.9943380355835,6.34275,6.34275
6.34285,0.0001020636264,9.99431419372559,6.34285,6.34285
6.34295,0.000102066805994,9.99418163299561,6.34295,6.34295
6.34305,9.6064759418E-05,3.43338584899902,6.34305,6.34305
6.34315,2.1053214368E-05,-0.00078872742597,6.34315,6.34315
6.34325,1.914600216E-05,-0.000863809662405,6.34325,6.34325
6.34335,1.8903290766E-05,-0.001191441202536,6.34335,6.34335
6.34345,1.8867651306E-05,-0.001031777122989,6.34345,6.34345
6.34355,1.8886403268E-05,-0.00110045587644,6.34355,6.34355
6.34365,1.8913928216E-05,-0.001062668510713,6.34365,6.34365
6.34375,1.8950046069E-05,-0.001499158795923,6.34375,6.34375
6.34385,1.9009070456E-05,-0.001137961866334,6.34385,6.34385
6.34395,1.9049988623E-05,-0.00117223081179,6.34395,6.34395
6.34405,4.1075210902E-05,6.54971933364868,6.34405,6.34405
6.34415,0.000101309939055,9.99416923522949,6.34415,6.34415
6.34425,0.000101955396531,9.99429416656494,6.34425,6.34425
6.34435,0.000102029604022,9.99415969848633,6.34435,6.34435
6.34445,0.000102028250694,9.99411582946777,6.34445,6.34445
6.34455,0.000102027923276,9.99409484863281,6.34455,6.34455
6.34465,0.000102047270047,9.99415016174316,6.34465,6.34465
6.34475,0.000102036312455,9.9941463470459,6.34475,6.34475
6.34485,0.000102066907857,9.9940299987793,6.34485,6.34485
6.34495,0.000102055048046,9.99391269683838,6.34495,6.34495
6.34505,9.6148447483E-05,3.4528968334198,6.34505,6.34505
6.34515,2.0991463316E-05,-0.001298188930377,6.34515,6.34515
6.34525,1.9075665477E-05,-0.001387837226503,6.34525,6.34525
6.34535,1.886310929E-05,-0.001291433582082,6.34535,6.34535
6.34545,1.8834894945E-05,-0.000843965972308,6.34545,6.34545
6.34555,1.8879258278E-05,-0.000980619923212,6.34555,6.34555
6.34565,1.8913189706E-05,-0.001134584192187,6.34565,6.34565
6.34575,1.8946888304E-05,-0.001157875871286,6.34575,6.34575
6.34585,1.8963404727E-05,-0.00088069785852,6.34585,6.34585
6.34595,1.8991739125E-05,-0.000962605758104,6.34595,6.34595
6.34605,4.0891492972E-05,6.5301103591919,6.34605,6.34605
6.34615,0.000101275800262,9.99410057067871,6.34615,6.34615
6.34625,0.000101904894109,9.99409294128418,6.34625,6.34625
6.34635,0.000102008678368,9.99407482147217,6.34635,6.34635
6.34645,0.000102044345113,9.99406814575195,6.34645,6.34645
6.34655,0.000102058365883,9.99400997161865,6.34655,6.34655
6.34665,0.000102051635622,9.99410724639893,6.34665,6.34665
6.34675,0.000102078069176,9.99389934539795,6.34675,6.34675
6.34685,0.00010208254389,9.99408054351807,6.34685,6.34685
6.34695,0.000102081219666,9.99401760101318,6.34695,6.34695
6.34705,9.6288575151E-05,3.47281742095947,6.34705,6.34705
6.34715,2.0978335669E-05,-0.001347023993731,6.34715,6.34715
6.34725,1.9044371584E-05,-0.001312966109253,6.34725,6.34725
6.34735,1.8870610802E-05,-0.001152105745859,6.34735,6.34735
6.34745,1.8813914721E-05,-0.001012918655761,6.34745,6.34745
6.34755,1.8813703718E-05,-0.00107125332579,6.34755,6.34755
6.34765,1.8833761715E-05,-0.000985756749287,6.34765,6.34765
6.34775,1.8865077436E-05,-0.001023684861138,6.34775,6.34775
6.34785,1.8926197299E-05,-0.001085889758542,6.34785,6.34785
6.34795,1.8954347979E-05,-0.001232746988535,6.34795,6.34795
6.34805,4.0728871681E-05,6.50988054275513,6.34805,6.34805
6.34815,0.000101293153421,9.99387741088867,6.34815,6.34815
6.34825,0.000101925419585,9.99393272399902,6.34825,6.34825
6.34835,0.000102001904452,9.99412155151367,6.34835,6.34835
6.34845,0.0001020615382,9.99380111694336,6.34845,6.34845
6.34855,0.000102060155768,9.99374485015869,6.34855,6.34855
6.34865,0.000102081874502,9.99390983581543,6.34865,6.34865
6.34875,0.000102089892607,9.99381732940674,6.34875,6.34875
6.34885,0.000102076526673,9.9939432144165,6.34885,6.34885
6.34895,0.000102086807601,9.99370098114014,6.34895,6.34895
6.34905,9.6424526419E-05,3.49344325065613,6.34905,6.34905
6.34915,2.0968991521E-05,-0.001194185577333,6.34915,6.34915
6.34925,1.904560304E-05,-0.001379181980155,6.34925,6.34925
6.34935,1.8825769075E-05,-0.001399940461852,6.34935,6.34935
6.34945,1.8813640054E-05,-0.000782323942985,6.34945,6.34945
6.34955,1.8807530068E-05,-0.000802800932433,6.34955,6.34955
6.34965,1.8851495042E-05,-0.00109144882299,6.34965,6.34965
6.34975,1.8898714188E-05,-0.001042824820615,6.34975,6.34975
6.34985,1.8929775251E-05,-0.001303044264205,6.34985,6.34985
6.34995,1.8936672859E-05,-0.001102918758988,6.34995,6.34995
6.35005,4.0545688535E-05,6.48961019515991,6.35005,6.35005
6.35015,0.000101325909782,9.99409675598145,6.35015,6.35015
6.35025,0.00010192317859,9.99406147003174,6.35025,6.35025
6.35035,0.000102034457086,9.99405002593994,6.35035,6.35035
6.35045,0.000102061065263,9.99376392364502,6.35045,6.35045
6.35055,0.000102082492958,9.99379062652588,6.35055,6.35055
6.35065,0.000102073230664,9.99399662017822,6.35065,6.35065
6.35075,0.000102054240415,9.9939603805542,6.35075,6.35075
6.35085,0.000102056292235,9.99399375915527,6.35085,6.35085
6.35095,0.000102082754893,9.99381637573242,6.35095,6.35095
6.35105,9.6543284599E-05,3.51298022270203,6.35105,6.35105
6.35115,2.0966574084E-05,-0.001133458339609,6.35115,6.35115
6.35125,1.8961083697E-05,-0.00133140233811,6.35125,6.35125
6.35135,1.8761851607E-05,-0.001662411610596,6.35135,6.35135
6.35145,1.8725493646E-05,-0.001213888521306,6.35145,6.35145
6.35155,1.8721339075E-05,-0.001366797252558,6.35155,6.35155
6.35165,1.8796632503E-05,-0.001340128015727,6.35165,6.35165
6.35175,1.8843978978E-05,-0.001456938218325,6.35175,6.35175
6.35185,1.8865823222E-05,-0.00137629697565,6.35185,6.35185
6.35195,1.890733256E-05,-0.000931362563279,6.35195,6.35195
6.35205,4.0357106627E-05,6.46975803375244,6.35205,6.35205
6.35215,0.00010131867748,9.9939661026001,6.35215,6.35215
6.35225,0.000101921985333,9.99411773681641,6.35225,6.35225
6.35235,0.000101999619801,9.9938268661499,6.35235,6.35235
6.35245,0.000102028585388,9.99386882781982,6.35245,6.35245
6.35255,0.000102041121863,9.99381732940674,6.35255,6.35255
6.35265,0.000102049321868,9.99376392364502,6.35265,6.35265
6.35275,0.000102059406345,9.99386787414551,6.35275,6.35275
6.35285,0.000102084362879,9.99362754821777,6.35285,6.35285
6.35295,0.000102067635453,9.99356651306152,6.35295,6.35295
6.35305,9.6651026979E-05,3.53274583816528,6.35305,6.35305
6.35315,2.0946788936E-05,-0.001497962512076,6.35315,6.35315
6.35325,1.8992497644E-05,-0.0015257577179,6.35325,6.35325
6.35335,1.8760416424E-05,-0.001787103014067,6.35335,6.35335
6.35345,1.8711783923E-05,-0.001595140201971,6.35345,6.35345
6.35355,1.8738022845E-05,-0.001513443421572,6.35355,6.35355
6.35365,1.876418537E-05,-0.001430550357327,6.35365,6.35365
6.35375,1.8791288312E-05,-0.001404866226949,6.35375,6.35375
6.35385,1.8853554138E-05,-0.001380730071105,6.35385,6.35385
6.35395,1.8892815206E-05,-0.001447579357773,6.35395,6.35395
6.35405,4.0166520193E-05,6.44947624206543,6.35405,6.35405
6.35415,0.000101304794953,9.99362087249756,6.35415,6.35415
6.35425,0.000101935896964,9.99387454986572,6.35425,6.35425
6.35435,0.000102000012703,9.9940128326416,6.35435,6.35435
6.35445,0.000102035068267,9.99380397796631,6.35445,6.35445
6.35455,0.000102044294181,9.99404621124268,6.35455,6.35455
6.35465,0.00010206807201,9.99418640136719,6.35465,6.35465
6.35475,0.000102051097201,9.99395179748535,6.35475,6.35475
6.35485,0.000102071157016,9.99375629425049,6.35485,6.35485
6.35495,0.000102065518149,9.99382591247559,6.35495,6.35495
6.35505,9.6773670521E-05,3.55248618125916,6.35505,6.35505
6.35515,2.0893965484E-05,-0.001517665456049,6.35515,6.35515
6.35525,1.8961449314E-05,-0.001540816389024,6.35525,6.35525
6.35535,1.8769591406E-05,-0.001429776311852,6.35535,6.35535
6.35545,1.8709801225E-05,-0.001077164197341,6.35545,6.35545
6.35555,1.8682796508E-05,-0.001284115365706,6.35555,6.35555
6.35565,1.8729544536E-05,-0.001354060717858,6.35565,6.35565
6.35575,1.876504939E-05,-0.001601543626748,6.35575,6.35575
6.35585,1.8813689167E-05,-0.001138946972787,6.35585,6.35585
6.35595,1.8836139134E-05,-0.001141269109212,6.35595,6.35595
6.35605,3.9989401557E-05,6.42987442016602,6.35605,6.35605
6.35615,0.000101288867882,9.99398040771484,6.35615,6.35615
6.35625,0.000101935271232,9.99389457702637,6.35625,6.35625
6.35635,0.000102032223367,9.99394989013672,6.35635,6.35635
6.35645,0.000102054204035,9.99402904510498,6.35645,6.35645
6.35655,0.000102065634564,9.99394512176514,6.35655,6.35655
6.35665,0.000102069956483,9.99410724639893,6.35665,6.35665
6.35675,0.000102060403151,9.99407196044922,6.35675,6.35675
6.35685,0.000102066835098,9.99395275115967,6.35685,6.35685
6.35695,0.000102083206002,9.99391651153564,6.35695,6.35695
6.35705,9.6913900052E-05,3.5730664730072,6.35705,6.35705
6.35715,2.0935722205E-05,-0.001101300353184,6.35715,6.35715
6.35725,1.8949047444E-05,-0.001178563921712,6.35725,6.35725
6.35735,1.8735527192E-05,-0.001247453852557,6.35735,6.35735
6.35745,1.8674014427E-05,-0.001500636455603,6.35745,6.35745
6.35755,1.87004498E-05,-0.001224091742188,6.35755,6.35755
6.35765,1.8712804376E-05,-0.001490996102802,6.35765,6.35765
6.35775,1.8739225197E-05,-0.0015108397929,6.35775,6.35775
6.35785,1.8821472622E-05,-0.001545530976728,6.35785,6.35785
6.35795,1.8829094188E-05,-0.001126421499066,6.35795,6.35795
6.35805,3.9833765186E-05,6.41006755828857,6.35805,6.35805
6.35815,0.00010127548012,9.99393749237061,6.35815,6.35815
6.35825,0.000101919584267,9.99386882781982,6.35825,6.35825
6.35835,0.000101983780041,9.99383449554443,6.35835,6.35835
6.35845,0.000102025420347,9.99399280548096,6.35845,6.35845
6.35855,0.000102027857793,9.99372577667236,6.35855,6.35855
6.35865,0.000102060024801,9.99362659454346,6.35865,6.35865
6.35875,0.000102060577774,9.99394035339355,6.35875,6.35875
6.35885,0.000102048150438,9.99356079101563,6.35885,6.35885
6.35895,0.000102072219306,9.99363708496094,6.35895,6.35895
6.35905,9.7017764347E-05,3.59282684326172,6.35905,6.35905
6.35915,2.0913765184E-05,-0.001238165306859,6.35915,6.35915
6.35925,1.8888651539E-05,-0.001095741288736,6.35925,6.35925
6.35935,1.8687858756E-05,-0.001073153223842,6.35935,6.35935
6.35945,1.8631884814E-05,-0.001275319373235,6.35945,6.35945
6.35955,1.8630154955E-05,-0.001214803312905,6.35955,6.35955
6.35965,1.8664692107E-05,-0.001038673100993,6.35965,6.35965
6.35975,1.8708591597E-05,-0.00111164432019,6.35975,6.35975
6.35985,1.8748225557E-05,-0.001399166416377,6.35985,6.35985
6.35995,1.8828468455E-05,-0.00131718814373,6.35995,6.35995
6.36005,3.9638354792E-05,6.38980960845947,6.36005,6.36005
6.36015,0.000101233279565,9.99392414093018,6.36015,6.36015
6.36025,0.000101872908999,9.99383640289307,6.36025,6.36025
6.36035,0.000101987345261,9.99380302429199,6.36035,6.36035
6.36045,0.000102032892755,9.99387550354004,6.36045,6.36045
6.36055,0.000102039324702,9.99409008026123,6.36055,6.36055
6.36065,0.00010208429012,9.99399662017822,6.36065,6.36065
6.36075,0.000102059268102,9.99409103393555,6.36075,6.36075
6.36085,0.000102034275187,9.99417495727539,6.36085,6.36085
6.36095,0.000102065016108,9.99423313140869,6.36095,6.36095
6.36105,9.7127027402E-05,3.61310410499573,6.36105,6.36105
6.36115,2.0865483748E-05,-0.00131711771246,6.36115,6.36115
6.36125,1.8839780751E-05,-0.001526672509499,6.36125,6.36125
6.36135,1.8644745069E-05,-0.001472981995903,6.36135,6.36135
6.36145,1.8631661078E-05,-0.001366656506434,6.36145,6.36145
6.36155,1.8638254915E-05,-0.001400925568305,6.36155,6.36155
6.36165,1.8675371393E-05,-0.001238869037479,6.36165,6.36165
6.36175,1.8691402147E-05,-0.001613646862097,6.36175,6.36175
6.36185,1.8736300262E-05,-0.001233943272382,6.36185,6.36185
6.36195,1.874586269E-05,-0.001118681160733,6.36195,6.36195
6.36205,3.9420447138E-05,6.37016153335571,6.36205,6.36205
6.36215,0.000101244200778,9.99431419372559,6.36215,6.36215
6.36225,0.000101903919131,9.99433517456055,6.36225,6.36225
6.36235,0.000101996665762,9.99450492858887,6.36235,6.36235
6.36245,0.000102070560388,9.99430847167969,6.36245,6.36245
6.36255,0.00010205538274,9.99421119689941,6.36255,6.36255
6.36265,0.000102072313894,9.994309425354,6.36265,6.36265
6.36275,0.000102059086203,9.99435520172119,6.36275,6.36275
6.36285,0.000102107325802,9.99421787261963,6.36285,6.36285
6.36295,0.000102059508208,9.9943962097168,6.36295,6.36295
6.36305,9.7258358437E-05,3.63307762145996,6.36305,6.36305
6.36315,2.0878540454E-05,-0.001217547571287,6.36315,6.36315
6.36325,1.8832082787E-05,-0.001049087499268,6.36325,6.36325
6.36335,1.8618653485E-05,-0.001425413531251,6.36335,6.36335
6.36345,1.8565922801E-05,-0.001344490796328,6.36345,6.36345
6.36355,1.8563432604E-05,-0.001058305730112,6.36355,6.36355
6.36365,1.8587521481E-05,-0.001019884948619,6.36365,6.36365
6.36375,1.8624074073E-05,-0.00103241042234,6.36375,6.36375
6.36385,1.8677790649E-05,-0.000996100716293,6.36385,6.36385
6.36395,1.873329893E-05,-0.001039095339365,6.36395,6.36395
6.36405,3.9257305616E-05,6.35005521774292,6.36405,6.36405
6.36415,0.000101257108327,9.99452972412109,6.36415,6.36415
6.36425,0.000101919322333,9.99431991577148,6.36425,6.36425
6.36435,0.000102019970655,9.9944953918457,6.36435,6.36435
6.36445,0.000102050638816,9.99435710906982,6.36445,6.36445
6.36455,0.000102061560028,9.99451923370361,6.36455,6.36455
6.36465,0.000102059319033,9.99437427520752,6.36465,6.36465
6.36475,0.000102058700577,9.994460105896,6.36475,6.36475
6.36485,0.000102032012364,9.99417591094971,6.36485,6.36485
6.36495,0.000102057012555,9.99403476715088,6.36495,6.36495
6.36505,9.7390759038E-05,3.65294361114502,6.36505,6.36505
6.36515,2.0868963475E-05,-0.00127679714933,6.36515,6.36515
6.36525,1.8834374714E-05,-0.001309869927354,6.36525,6.36525
6.36535,1.8639049813E-05,-0.000979142147116,6.36535,6.36535
6.36545,1.8595001166E-05,-0.000939595571253,6.36545,6.36545
6.36555,1.8600148906E-05,-0.000777398236096,6.36555,6.36555
6.36565,1.8648654077E-05,-0.000819478067569,6.36565,6.36565
6.36575,1.868968684E-05,-0.00088477920508,6.36575,6.36575
6.36585,1.8715531041E-05,-0.000843051180709,6.36585,6.36585
6.36595,1.8755621568E-05,-0.001210088608786,6.36595,6.36595
6.36605,3.9096725232E-05,6.3300952911377,6.36605,6.36605
6.36615,0.000101296907815,9.99431324005127,6.36615,6.36615
6.36625,0.000101936340798,9.99425792694092,6.36625,6.36625
6.36635,0.000102034020529,9.99446296691895,6.36635,6.36635
6.36645,0.000102092519228,9.99434375762939,6.36645,6.36645
6.36655,0.000102099213109,9.99413394927979,6.36655,6.36655
6.36665,0.000102082551166,9.99423217773438,6.36665,6.36665
6.36675,0.000102102043456,9.99413681030273,6.36675,6.36675
6.36685,0.000102082973171,9.9942045211792,6.36685,6.36685
6.36695,0.000102101090306,9.99418449401855,6.36695,6.36695
6.36705,9.7562762676E-05,3.67312836647034,6.36705,6.36705
6.36715,2.0944362404E-05,-0.001183911925182,6.36715,6.36715
6.36725,1.884437188E-05,-0.001113051665016,6.36725,6.36725
6.36735,1.861171404E-05,-0.001200026017614,6.36735,6.36735
6.36745,1.8595275833E-05,-0.001148165087216,6.36745,6.36745
6.36755,1.857224197E-05,-0.001148446579464,6.36755,6.36755
6.36765,1.8609071049E-05,-0.001325280405581,6.36765,6.36765
6.36775,1.8647198885E-05,-0.001174834440462,6.36775,6.36775
6.36785,1.8674829334E-05,-0.001356242108159,6.36785,6.36785
6.36795,1.8727476345E-05,-0.001384178060107,6.36795,6.36795
6.36805,3.8966867578E-05,6.31010627746582,6.36805,6.36805
6.36815,0.000101299927337,9.9941463470459,6.36815,6.36815
6.36825,0.000101906625787,9.99406623840332,6.36825,6.36825
6.36835,0.000102022633655,9.99457740783691,6.36835,6.36835
6.36845,0.000102056219475,9.99437999725342,6.36845,6.36845
6.36855,0.000102084733953,9.9943904876709,6.36855,6.36855
6.36865,0.00010205849685,9.99449062347412,6.36865,6.36865
6.36875,0.000102066383988,9.99461841583252,6.36875,6.36875
6.36885,0.000102089397842,9.99468517303467,6.36885,6.36885
6.36895,0.000102092635643,9.99440860748291,6.36895,6.36895
6.36905,9.7686504887E-05,3.6930742263794,6.36905,6.36905
6.36915,2.0860394216E-05,-0.001101511414163,6.36915,6.36915
6.36925,1.877449904E-05,-0.001028610626236,6.36925,6.36925
6.36935,1.857648931E-05,-0.00095064326888,6.36935,6.36935
6.36945,1.8510729205E-05,-0.000860643107444,6.36945,6.36945
6.36955,1.8540265955E-05,-0.001007922459394,6.36955,6.36955
6.36965,1.8575041395E-05,-0.00097520154668,6.36965,6.36965
6.36975,1.8651066057E-05,-0.00111171475146,6.36975,6.36975
6.36985,1.870748747E-05,-0.000998282106593,6.36985,6.36985
6.36995,1.8742923203E-05,-0.001330206170678,6.36995,6.36995
6.37005,3.8806065277E-05,6.2897891998291,6.37005,6.37005
6.37015,0.000101263169199,9.994140625,6.37015,6.37015
6.37025,0.000101922887552,9.99436187744141,6.37025,6.37025
6.37035,0.000102041252831,9.99418449401855,6.37035,6.37035
6.37045,0.000102075115137,9.99424171447754,6.37045,6.37045
6.37055,0.000102072379377,9.99433040618896,6.37055,6.37055
6.37065,0.000102083235106,9.99418067932129,6.37065,6.37065
6.37075,0.000102098245407,9.99419021606445,6.37075,6.37075
6.37085,0.000102062440419,9.9943790435791,6.37085,6.37085
6.37095,0.000102056386822,9.99417304992676,6.37095,6.37095
6.37105,9.7788441053E-05,3.71291780471802,6.37105,6.37105
6.37115,2.0882260287E-05,-0.001102426205762,6.37115,6.37115
6.37125,1.8753977201E-05,-0.001444483175874,6.37125,6.37125
6.37135,1.851725392E-05,-0.001530683482997,6.37135,6.37135
6.37145,1.8475026081E-05,-0.001331120962277,6.37145,6.37145
6.37155,1.8506918423E-05,-0.001296640839428,6.37155,6.37155
6.37165,1.8552824258E-05,-0.001170612405986,6.37165,6.37165
6.37175,1.8548795197E-05,-0.000811526493635,6.37175,6.37175
6.37185,1.8603916033E-05,-0.000861487525981,6.37185,6.37185
6.37195,1.8645005184E-05,-0.000730814877898,6.37195,6.37195
6.37205,3.854870738E-05,6.27021837234497,6.37205,6.37205
6.37215,0.000101241501397,9.99427604675293,6.37215,6.37215
6.37225,0.000101879573776,9.99450206756592,6.37225,6.37225
6.37235,0.000101983525383,9.9944543838501,6.37235,6.37235
6.37245,0.000102017867903,9.99391651153564,6.37245,6.37245
6.37255,0.000102062782389,9.99410724639893,6.37255,6.37255
6.37265,0.000102040583442,9.99407958984375,6.37265,6.37265
6.37275,0.000102070436697,9.99408149719238,6.37275,6.37275
6.37285,0.000102057339973,9.99408721923828,6.37285,6.37285
6.37295,0.000102065743704,9.9940128326416,6.37295,6.37295
6.37305,9.7924137663E-05,3.73301601409912,6.37305,6.37305
6.37315,2.0860681616E-05,-0.001279541407712,6.37315,6.37315
6.37325,1.871144741E-05,-0.001081667724065,6.37325,6.37325
6.37335,1.8500177248E-05,-0.001010244595818,6.37335,6.37335
6.37345,1.8451073629E-05,-0.001016085152514,6.37345,6.37345
6.37355,1.8515609554E-05,-0.001016155467369,6.37355,6.37355
6.37365,1.8574000933E-05,-0.000856632133946,6.37365,6.37365
6.37375,1.8584491045E-05,-0.000871057505719,6.37375,6.37375
6.37385,1.8630978957E-05,-0.000840799417347,6.37385,6.37385
6.37395,1.8677783373E-05,-0.000920596299693,6.37395,6.37395
6.37405,3.8383383071E-05,6.25016641616821,6.37405,6.37405
6.37415,0.000101243254903,9.9942455291748,6.37415,6.37415
6.37425,0.000101933568658,9.99386787414551,6.37425,6.37425
6.37435,0.000102050187706,9.99409198760986,6.37435,6.37435
6.37445,0.000102058067569,9.99399280548096,6.37445,6.37445
6.37455,0.000102061036159,9.99385643005371,6.37455,6.37455
6.37465,0.000102084799437,9.99392986297607,6.37465,6.37465
6.37475,0.000102071317087,9.99374961853027,6.37475,6.37475
6.37485,0.000102077785414,9.99349880218506,6.37485,6.37485
6.37495,0.00010206267325,9.99366569519043,6.37495,6.37495
6.37505,9.8063916084E-05,3.7526957988739,6.37505,6.37505
6.37515,2.0849312932E-05,-0.001262090285309,6.37515,6.37515
6.37525,1.8724249458E-05,-0.001348009100184,6.37525,6.37525
6.37535,1.8504901163E-05,-0.001143802306615,6.37535,6.37535
6.37545,1.8453731172E-05,-0.00127827480901,6.37545,6.37545
6.37555,1.8446706235E-05,-0.001296851900406,6.37555,6.37555
6.37565,1.8491093215E-05,-0.001041769282892,6.37565,6.37565
6.37575,1.8567525331E-05,-0.001481144689023,6.37575,6.37575
6.37585,1.861261444E-05,-0.001449268078431,6.37585,6.37585
6.37595,1.8590910258E-05,-0.001189752365462,6.37595,6.37595
6.37605,3.8215901441E-05,6.22995042800903,6.37605,6.37605
6.37615,0.000101239580545,9.99398708343506,6.37615,6.37615
6.37625,0.000101908335637,9.9939546585083,6.37625,6.37625
6.37635,0.000102043733932,9.99403953552246,6.37635,6.37635
6.37645,0.000102064252133,9.99398517608643,6.37645,6.37645
6.37655,0.000102063553641,9.99420070648193,6.37655,6.37655
6.37665,0.000102059020719,9.9941873550415,6.37665,6.37665
6.37675,0.000102091551526,9.99425601959229,6.37675,6.37675
6.37685,0.000102077763586,9.99404239654541,6.37685,6.37685
6.37695,0.000102060643258,9.99404525756836,6.37695,6.37695
6.37705,9.8183285445E-05,3.77291774749756,6.37705,6.37705
6.37715,2.0892630346E-05,-0.001546727260575,6.37715,6.37715
6.37725,1.8717661078E-05,-0.001542716287076,6.37725,6.37725
6.37735,1.8510871087E-05,-0.001311699510552,6.37735,6.37735
6.37745,1.843220889E-05,-0.001266593812034,6.37745,6.37745
6.37755,1.8441165594E-05,-0.001322606462054,6.37755,6.37755
6.37765,1.8484210159E-05,-0.001210581162013,6.37765,6.37765
6.37775,1.8537510186E-05,-0.001367008429952,6.37775,6.37775
6.37785,1.8551150788E-05,-0.001339916838333,6.37785,6.37785
6.37795,1.8572791305E-05,-0.001156327780336,6.37795,6.37795
6.37805,3.8026897528E-05,6.20996046066284,6.37805,6.37805
6.37815,0.000101254423498,9.99409198760986,6.37815,6.37815
6.37825,0.000101953046396,9.99412536621094,6.37825,6.37825
6.37835,0.000102021549537,9.99431419372559,6.37835,6.37835
6.37845,0.00010205576109,9.99387741088867,6.37845,6.37845
6.37855,0.000102040750789,9.99415397644043,6.37855,6.37855
6.37865,0.000102064805105,9.99388790130615,6.37865,6.37865
6.37875,0.000102057390905,9.99402046203613,6.37875,6.37875
6.37885,0.000102090212749,9.99415302276611,6.37885,6.37885
6.37895,0.00010209013999,9.99407482147217,6.37895,6.37895
6.37905,9.8297765362E-05,3.79268264770508,6.37905,6.37905
6.37915,2.0841367586E-05,-0.001415210193954,6.37915,6.37915
6.37925,1.8637503672E-05,-0.001524279941805,6.37925,6.37925
6.37935,1.8444730813E-05,-0.001386640942656,6.37935,6.37935
6.37945,1.8393813662E-05,-0.001206781365909,6.37945,6.37945
6.37955,1.8393166101E-05,-0.001015733345412,6.37955,6.37955
6.37965,1.8426128008E-05,-0.001325772958808,6.37965,6.37965
6.37975,1.8469612769E-05,-0.001202207407914,6.37975,6.37975
6.37985,1.8479737264E-05,-0.001343153766356,6.37985,6.37985
6.37995,1.8518105207E-05,-0.000892378913704,6.37995,6.37995
6.38005,3.7852165406E-05,6.19030666351318,6.38005,6.38005
6.38015,0.000101212397567,9.99423694610596,6.38015,6.38015
6.38025,0.000101917787106,9.99428272247314,6.38025,6.38025
6.38035,0.000102021658677,9.9939432144165,6.38035,6.38035
6.38045,0.000102039572084,9.99397373199463,6.38045,6.38045
6.38055,0.000102066609543,9.99429416656494,6.38055,6.38055
6.38065,0.00010204406135,9.99426078796387,6.38065,6.38065
6.38075,0.000102074081951,9.99435329437256,6.38075,6.38075
6.38085,0.000102055448224,9.99418640136719,6.38085,6.38085
6.38095,0.000102055826574,9.99425792694092,6.38095,6.38095
6.38105,9.8431228253E-05,3.81282949447632,6.38105,6.38105
6.38115,2.0816632968E-05,-0.001162168337032,6.38115,6.38115
6.38125,1.8585087673E-05,-0.001361449365504,6.38125,6.38125
6.38135,1.8380356778E-05,-0.001516609918326,6.38135,6.38135
6.38145,1.8318534785E-05,-0.001494021969847,6.38145,6.38145
6.38155,1.83283355E-05,-0.001045006210916,6.38155,6.38155
6.38165,1.8338430891E-05,-0.000911589246243,6.38165,6.38165
6.38175,1.8412803911E-05,-0.001040854491293,6.38175,6.38175
6.38185,1.8439921405E-05,-0.001291855820455,6.38185,6.38185
6.38195,1.8490052753E-05,-0.001092504360713,6.38195,6.38195
6.38205,3.7630186853E-05,6.17024612426758,6.38205,6.38205
6.38215,0.000101197198092,9.99435806274414,6.38215,6.38215
6.38225,0.00010189160821,9.99443817138672,6.38225,6.38225
6.38235,0.000101987243397,9.99436473846436,6.38235,6.38235
6.38245,0.000102029312984,9.99396228790283,6.38245,6.38245
6.38255,0.000102055870229,9.9940938949585,6.38255,6.38255
6.38265,0.000102038633486,9.99417400360107,6.38265,6.38265
6.38275,0.000102046804386,9.99410629272461,6.38275,6.38275
6.38285,0.000102042635262,9.99407482147217,6.38285,6.38285
6.38295,0.000102060992504,9.99404239654541,6.38295,6.38295
6.38305,9.8517361039E-05,3.83276915550232,6.38305,6.38305
6.38315,2.0783820219E-05,-0.001410636352375,6.38315,6.38315
6.38325,1.8584461941E-05,-0.001378548680805,6.38325,6.38325
6.38335,1.8346137949E-05,-0.001431816956028,6.38335,6.38335
6.38345,1.8311411623E-05,-0.001315217814408,6.38345,6.38345
6.38355,1.8336821086E-05,-0.001406062394381,6.38355,6.38355
6.38365,1.8394341168E-05,-0.001237602322362,6.38365,6.38365
6.38375,1.8407790776E-05,-0.001176875084639,6.38375,6.38375
6.38385,1.8403537979E-05,-0.00099201942794,6.38385,6.38385
6.38395,1.8447964976E-05,-0.001050635590218,6.38395,6.38395
6.38405,3.747692972E-05,6.15015268325806,6.38405,6.38405
6.38415,0.000101205710962,9.99417781829834,6.38415,6.38415
6.38425,0.000101913654362,9.99417209625244,6.38425,6.38425
6.38435,0.000102009282273,9.99431896209717,6.38435,6.38435
6.38445,0.000102047022665,9.99434471130371,6.38445,6.38445
6.38455,0.000102056721516,9.9943208694458,6.38455,6.38455
6.38465,0.000102066318505,9.99458122253418,6.38465,6.38465
6.38475,0.000102040838101,9.99469757080078,6.38475,6.38475
6.38485,0.000102057769254,9.99491024017334,6.38485,6.38485
6.38495,0.000102037767647,9.99443435668945,6.38495,6.38495
6.38505,9.8637414339E-05,3.85306334495544,6.38505,6.38505
6.38515,2.0778843464E-05,-0.001091800630093,6.38515,6.38515
6.38525,1.8522507162E-05,-0.001067242352292,6.38525,6.38525
6.38535,1.8330219973E-05,-0.001033747452311,6.38535,6.38535
6.38545,1.8325930796E-05,-0.001112136873417,6.38545,6.38545
6.38555,1.8369339159E-05,-0.000900189683307,6.38555,6.38555
6.38565,1.8393757273E-05,-0.000737218302675,6.38565,6.38565
6.38575,1.842398342E-05,-0.000833340454847,6.38575,6.38575
6.38585,1.8436878236E-05,-0.000728844548576,6.38585,6.38585
6.38595,1.8487871785E-05,-0.00116695323959,6.38595,6.38595
6.38605,3.73483781E-05,6.13004875183105,6.38605,6.38605
6.38615,0.000101252539025,9.9943208694458,6.38615,6.38615
6.38625,0.000101897574496,9.99448490142822,6.38625,6.38625
6.38635,0.000102004793007,9.99442481994629,6.38635,6.38635
6.38645,0.000102024925582,9.99456787109375,6.38645,6.38645
6.38655,0.000102053352748,9.99449443817139,6.38655,6.38655
6.38665,0.000102038669866,9.99436283111572,6.38665,6.38665
6.38675,0.000102037018223,9.99436950683594,6.38675,6.38675
6.38685,0.000102059035271,9.99411296844482,6.38685,6.38685
6.38695,0.000102067249827,9.99430847167969,6.38695,6.38695
6.38705,9.8805016023E-05,3.87304902076721,6.38705,6.38705
6.38715,2.081218372E-05,-0.001207203604281,6.38715,6.38715
6.38725,1.8534690753E-05,-0.000970205466729,6.38725,6.38725
6.38735,1.8312579414E-05,-0.000873801822308,6.38735,6.38735
6.38745,1.8279077267E-05,-0.000784786825534,6.38745,6.38745
6.38755,1.8319286028E-05,-0.000869720533956,6.38755,6.38755
6.38765,1.8316439309E-05,-0.000696194008924,6.38765,6.38765
6.38775,1.8349308448E-05,-0.000986460363492,6.38775,6.38775
6.38785,1.8458904378E-05,-0.000875490659382,6.38785,6.38785
6.38795,1.8472024749E-05,-0.001083778799511,6.38795,6.38795
6.38805,3.7169567804E-05,6.11023283004761,6.38805,6.38805
6.38815,0.000101241799712,9.99438285827637,6.38815,6.38815
6.38825,0.000101933161204,9.99432373046875,6.38825,6.38825
6.38835,0.000102019213955,9.99432373046875,6.38835,6.38835
6.38845,0.000102058831544,9.99434566497803,6.38845,6.38845
6.38855,0.000102073368907,9.9944314956665,6.38855,6.38855
6.38865,0.00010207775631,9.99429607391357,6.38865,6.38865
6.38875,0.000102031284769,9.99436473846436,6.38875,6.38875
6.38885,0.00010207392188,9.9941987991333,6.38885,6.38885
6.38895,0.000102106023405,9.99403285980225,6.38895,6.38895
6.38905,9.8997916211E-05,3.89313793182373,6.38905,6.38905
6.38915,2.0832319933E-05,-0.000923903600778,6.38915,6.38915
6.38925,1.8577944502E-05,-0.000916444638278,6.38925,6.38925
6.38935,1.8360002286E-05,-0.001097359694541,6.38935,6.38935
6.38945,1.8336224457E-05,-0.001129025127739,6.38945,6.38945
6.38955,1.8359025489E-05,-0.000811456120573,6.38955,6.38955
6.38965,1.8372742488E-05,-0.000920877791941,6.38965,6.38965
6.38975,1.8436792743E-05,-0.000769939273596,6.38975,6.38975
6.38985,1.8487238776E-05,-0.00073489616625,6.38985,6.38985
6.38995,1.8494452888E-05,-0.000679798366036,6.38995,6.38995
6.39005,3.7010740925E-05,6.09031867980957,6.39005,6.39005
6.39015,0.000101226549305,9.99415683746338,6.39015,6.39015
6.39025,0.000101870478829,9.99431896209717,6.39025,6.39025
6.39035,0.000101997189631,9.99402809143066,6.39035,6.39035
6.39045,0.000102033984149,9.9941987991333,6.39045,6.39045
6.39055,0.000102036370663,9.99430084228516,6.39055,6.39055
6.39065,0.000102038095065,9.99423503875732,6.39065,6.39065
6.39075,0.000102053658338,9.99424648284912,6.39075,6.39075
6.39085,0.000102056539617,9.99431896209717,6.39085,6.39085
6.39095,0.000102033540315,9.99438190460205,6.39095,6.39095
6.39105,9.9045806564E-05,3.91276955604553,6.39105,6.39105
6.39115,2.0869372747E-05,-0.000969149929006,6.39115,6.39115
6.39125,1.849741966E-05,-0.000809556222521,6.39125,6.39125
6.39135,1.8298102077E-05,-0.000631878036074,6.39135,6.39135
6.39145,1.8255706891E-05,-0.000705904734787,6.39145,6.39145
6.39155,1.8320368326E-05,-0.000830385019071,6.39155,6.39155
6.39165,1.833774877E-05,-0.000781901762821,6.39165,6.39165
6.39175,1.837355012E-05,-0.001060346374288,6.39175,6.39175
6.39185,1.8426859242E-05,-0.000769024481997,6.39185,6.39185
6.39195,1.8431084754E-05,-0.000949798850343,6.39195,6.39195
6.39205,3.6820198147E-05,6.07024335861206,6.39205,6.39205
6.39215,0.000101220182842,9.99427032470703,6.39215,6.39215
6.39225,0.000101909994555,9.99452877044678,6.39225,6.39225
6.39235,0.000101999692561,9.99480533599854,6.39235,6.39235
6.39245,0.000102037214674,9.99442768096924,6.39245,6.39245
6.39255,0.000102072779555,9.99422550201416,6.39255,6.39255
6.39265,0.000102060606878,9.99434089660645,6.39265,6.39265
6.39275,0.000102057405456,9.99452018737793,6.39275,6.39275
6.39285,0.000102070582216,9.9944486618042,6.39285,6.39285
6.39295,0.00010208227468,9.99429988861084,6.39295,6.39295
6.39305,9.9204517028E-05,3.93356847763061,6.39305,6.39305
6.39315,2.0812070943E-05,-0.000492690887768,6.39315,6.39315
6.39325,1.8513872419E-05,-0.000893364020158,6.39325,6.39325
6.39335,1.8271251975E-05,-0.000572135904804,6.39335,6.39335
6.39345,1.823133789E-05,-0.00037088454701,6.39345,6.39345
6.39355,1.8257316697E-05,-0.000479109934531,6.39355,6.39355
6.39365,1.8287282728E-05,-0.000400720426114,6.39365,6.39365
6.39375,1.8328293663E-05,-0.000507749558892,6.39375,6.39375
6.39385,1.837362106E-05,-0.00058198737679,6.39385,6.39385
6.39395,1.8432159777E-05,-0.000819829874672,6.39395,6.39395
6.39405,3.6634210119E-05,6.05050373077393,6.39405,6.39405
6.39415,0.000101201279904,9.99458408355713,6.39415,6.39415
6.39425,0.000101902362076,9.99453830718994,6.39425,6.39425
6.39435,0.000102017103927,9.99430179595947,6.39435,6.39435
6.39445,0.000102037098259,9.99433040618896,6.39445,6.39445
6.39455,0.000102034617157,9.99431705474854,6.39455,6.39455
6.39465,0.000102055775642,9.9945011138916,6.39465,6.39465
6.39475,0.000102068595879,9.99448585510254,6.39475,6.39475
6.39485,0.000102051548311,9.99431991577148,6.39485,6.39485
6.39495,0.000102061901998,9.99416923522949,6.39495,6.39495
6.39505,9.9345583294E-05,3.95313429832459,6.39505,6.39505
6.39515,2.0832530936E-05,-0.000495013024192,6.39515,6.39515
6.39525,1.8494692995E-05,-0.000471158389701,6.39525,6.39525
6.39535,1.8270106011E-05,-0.000723566976376,6.39535,6.39535
6.39545,1.820748912E-05,-0.000665654486511,6.39545,6.39545
6.39555,1.8204809749E-05,-0.000778735207859,6.39555,6.39555
6.39565,1.8245131287E-05,-0.000725748424884,6.39565,6.39565
6.39575,1.8302911485E-05,-0.00111607753206,6.39575,6.39575
6.39585,1.829303983E-05,-0.001173004857264,6.39585,6.39585
6.39595,1.8320552044E-05,-0.000823770475108,6.39595,6.39595
6.39605,3.6439447285E-05,6.03006744384766,6.39605,6.39605
6.39615,0.000101182646176,9.99433708190918,6.39615,6.39615
6.39625,0.000101855795947,9.99407291412354,6.39625,6.39625
6.39635,0.000101989833638,9.99423503875732,6.39635,6.39635
6.39645,0.000102031612187,9.99426555633545,6.39645,6.39645
6.39655,0.000102043013612,9.99450588226318,6.39655,6.39655
6.39665,0.000102072444861,9.99440097808838,6.39665,6.39665
6.39675,0.000102050180431,9.9944429397583,6.39675,6.39675
6.39685,0.000102053541923,9.99442577362061,6.39685,6.39685
6.39695,0.000102028825495,9.99455165863037,6.39695,6.39695
6.39705,9.9412318377E-05,3.97324442863464,6.39705,6.39705
6.39715,2.0819157726E-05,-0.000913700263482,6.39715,6.39715
6.39725,1.8438522602E-05,-0.000929251487833,6.39725,6.39725
6.39735,1.8202186766E-05,-0.000940228870604,6.39735,6.39735
6.39745,1.8165022993E-05,-0.000808500684798,6.39745,6.39745
6.39755,1.8207229004E-05,-0.001021644216962,6.39755,6.39755
6.39765,1.8243437808E-05,-0.000613230571616,6.39765,6.39765
6.39775,1.8271413865E-05,-0.000685075938236,6.39775,6.39775
6.39785,1.8322127289E-05,-0.000879853439983,6.39785,6.39785
6.39795,1.8342923795E-05,-0.000648625486065,6.39795,6.39795
6.39805,3.6236277083E-05,6.01077651977539,6.39805,6.39805
6.39815,0.000101183286461,9.99440097808838,6.39815,6.39815
6.39825,0.000101925390481,9.99428081512451,6.39825,6.39825
6.39835,0.000102016645542,9.99430656433105,6.39835,6.39835
6.39845,0.000102022051578,9.99423503875732,6.39845,6.39845
6.39855,0.000102077028714,9.99400997161865,6.39855,6.39855
6.39865,0.000102092446468,9.99398803710938,6.39865,6.39865
6.39875,0.000102067038824,9.9942798614502,6.39875,6.39875
6.39885,0.000102081299701,9.99444198608398,6.39885,6.39885
6.39895,0.000102114914625,9.99435710906982,6.39895,6.39895
6.39905,9.9614560895E-05,3.9932804107666,6.39905,6.39905
6.39915,2.0827932531E-05,-0.000848328752909,6.39915,6.39915
6.39925,1.8494383767E-05,-0.000662699050736,6.39925,6.39925
6.39935,1.8259495846E-05,-0.000968727748841,6.39935,6.39935
6.39945,1.8213528165E-05,-0.000665021128953,6.39945,6.39945
6.39955,1.8235767129E-05,-0.000391994835809,6.39955,6.39955
6.39965,1.8276179617E-05,-0.000595357210841,6.39965,6.39965
6.39975,1.8302383978E-05,-0.00069422373781,6.39975,6.39975
6.39985,1.8359784008E-05,-0.000593527685851,6.39985,6.39985
6.39995,1.8433840523E-05,-0.000576357997488,6.39995,6.39995
6.40005,3.6154451664E-05,5.99034690856934,6.40005,6.40005
6.40015,0.000101225865365,9.99461460113525,6.40015,6.40015
6.40025,0.000101937868749,9.99447727203369,6.40025,6.40025
6.40035,0.000102052639704,9.99452877044678,6.40035,6.40035
6.40045,0.000102075682662,9.99439430236816,6.40045,6.40045
6.40055,0.000102088786662,9.99448490142822,6.40055,6.40055
6.40065,0.000102105863334,9.99430656433105,6.40065,6.40065
6.40075,0.00010212444613,9.9943265914917,6.40075,6.40075
6.40085,0.000102118719951,9.99432182312012,6.40085,6.40085
6.40095,0.000102103149402,9.99459743499756,6.40095,6.40095
6.40105,9.9727214547E-05,4.01350688934326,6.40105,6.40105
6.40115,2.087379471E-05,-0.00049649074208,6.40115,6.40115
6.40125,1.8499593352E-05,-0.000722933677025,6.40125,6.40125
6.40135,1.8251270376E-05,-0.000529000593815,6.40135,6.40135
6.40145,1.8188055037E-05,-0.00038735056296,6.40145,6.40145
6.40155,1.8177972379E-05,-0.000302416883642,6.40155,6.40155
6.40165,1.818945384E-05,-0.00050986057613,6.40165,6.40165
6.40175,1.8269262E-05,-0.000926929409616,6.40175,6.40175
6.40185,1.8333439584E-05,-0.000692957080901,6.40185,6.40185
6.40195,1.8371574697E-05,-0.000611963972915,6.40195,6.40195
6.40205,3.5944791307E-05,5.97056293487549,6.40205,6.40205
6.40215,0.00010121906962,9.99462509155273,6.40215,6.40215
6.40225,0.000101910787635,9.99456024169922,6.40225,6.40225
6.40235,0.000102016747405,9.99458312988281,6.40235,6.40235
6.40245,0.000102034995507,9.9943675994873,6.40245,6.40245
6.40255,0.000102091464214,9.99438762664795,6.40255,6.40255
6.40265,0.000102057805634,9.99456119537354,6.40265,6.40265
6.40275,0.000102055273601,9.99472522735596,6.40275,6.40275
6.40285,0.000102069774584,9.99460411071777,6.40285,6.40285
6.40295,0.000102047815744,9.99456024169922,6.40295,6.40295
6.40305,9.9802273326E-05,4.03348398208618,6.40305,6.40305
6.40315,2.0842106096E-05,-0.000871972297318,6.40315,6.40315
6.40325,1.8414808437E-05,-0.000777890789323,6.40325,6.40325
6.40335,1.8171469492E-05,-0.000416623515775,6.40335,6.40335
6.40345,1.8128686861E-05,-0.000453144282801,6.40345,6.40345
6.40355,1.816130316E-05,-0.000570236006752,6.40355,6.40355
6.40365,1.8180855477E-05,-0.000663613784127,6.40365,6.40365
6.40375,1.8194221411E-05,-0.000541596382391,6.40375,6.40375
6.40385,1.8230422938E-05,-0.000715263595339,6.40385,6.40385
6.40395,1.8276412447E-05,-0.000727929815184,6.40395,6.40395
6.40405,3.5721815948E-05,5.95031690597534,6.40405,6.40405
6.40415,0.000101175399323,9.9941520690918,6.40415,6.40415
6.40425,0.000101913916296,9.99469566345215,6.40425,6.40425
6.40435,0.000101999285107,9.99444961547852,6.40435,6.40435
6.40445,0.000102050456917,9.99442481994629,6.40445,6.40445
6.40455,0.000102076752228,9.99421119689941,6.40455,6.40455
6.40465,0.000102079313365,9.99405765533447,6.40465,6.40465
6.40475,0.000102083249658,9.99442768096924,6.40475,6.40475
6.40485,0.000102090809378,9.99396324157715,6.40485,6.40485
6.40495,0.000102085650724,9.99400997161865,6.40495,6.40495
6.40505,9.9968710856E-05,4.05318117141724,6.40505,6.40505
6.40515,2.0853278329E-05,-0.001177719561383,6.40515,6.40515
6.40525,1.8406075469E-05,-0.001048102392815,6.40525,6.40525
6.40535,1.8236512915E-05,-0.001129025127739,6.40535,6.40535
6.40545,1.8198736143E-05,-0.001177015830763,6.40545,6.40545
6.40555,1.8182065105E-05,-0.001082160277292,6.40555,6.40555
6.40565,1.8212136638E-05,-0.001197000266984,6.40565,6.40565
6.40575,1.8266729967E-05,-0.001112066558562,6.40575,6.40575
6.40585,1.8291444576E-05,-0.000995959970169,6.40585,6.40585
6.40595,1.83091488E-05,-0.000938891898841,6.40595,6.40595
6.40605,3.5606972233E-05,5.92990112304688,6.40605,6.40605
6.40615,0.000101226229162,9.99399280548096,6.40615,6.40615
6.40625,0.000101930731034,9.99430084228516,6.40625,6.40625
6.40635,0.000102040852653,9.99434947967529,6.40635,6.40635
6.40645,0.000102055309981,9.99447631835938,6.40645,6.40645
6.40655,0.000102094731119,9.99447059631348,6.40655,6.40655
6.40665,0.000102084813989,9.994215965271,6.40665,6.40665
6.40675,0.000102083547972,9.99425983428955,6.40675,6.40675
6.40685,0.000102081648947,9.99420261383057,6.40685,6.40685
6.40695,0.000102110207081,9.99398517608643,6.40695,6.40695
6.40705,0.000100100107375,4.07320165634155,6.40705,6.40705
6.40715,2.0857391064E-05,-0.001018688781187,6.40715,6.40715
6.40725,1.8384707801E-05,-0.00112135510426,6.40725,6.40725
6.40735,1.8179709514E-05,-0.001058939029463,6.40735,6.40735
6.40745,1.8122189431E-05,-0.000846428854857,6.40745,6.40745
6.40755,1.8136737708E-05,-0.001120229251683,6.40755,6.40755
6.40765,1.8174156139E-05,-0.000921159225982,6.40765,6.40765
6.40775,1.8220011043E-05,-0.000972597976215,6.40775,6.40775
6.40785,1.8280588847E-05,-0.001092785852961,6.40785,6.40785
6.40795,1.8303733668E-05,-0.001253294292837,6.40795,6.40795
6.40805,3.5435568861E-05,5.91030550003052,6.40805,6.40805
6.40815,0.0001012162611,9.994384765625,6.40815,6.40815
6.40825,0.000101931706013,9.9945182800293,6.40825,6.40825
6.40835,0.000102045079984,9.99441623687744,6.40835,6.40835
6.40845,0.000102074838651,9.99431037902832,6.40845,6.40845
6.40855,0.000102065627289,9.99426651000977,6.40855,6.40855
6.40865,0.000102072437585,9.99436187744141,6.40865,6.40865
6.40875,0.000102066638647,9.99454975128174,6.40875,6.40875
6.40885,0.000102113866888,9.99438953399658,6.40885,6.40885
6.40895,0.000102117337519,9.99394607543945,6.40895,6.40895
6.40905,0.00010024196672,4.09264850616455,6.40905,6.40905
6.40915,2.0855788534E-05,-0.001304733101279,6.40915,6.40915
6.40925,1.8376264052E-05,-0.001372074824758,6.40925,6.40925
6.40935,1.8163440473E-05,-0.001045428449288,6.40935,6.40935
6.40945,1.8112346879E-05,-0.001092363614589,6.40945,6.40945
6.40955,1.8106187781E-05,-0.000991104636341,6.40955,6.40955
6.40965,1.8152992197E-05,-0.001147531787865,6.40965,6.40965
6.40975,1.8246988475E-05,-0.001190807903185,6.40975,6.40975
6.40985,1.8257282136E-05,-0.000894701050129,6.40985,6.40985
6.40995,1.8272763555E-05,-0.00107280141674,6.40995,6.40995
6.41005,3.52525567E-05,5.89034748077393,6.41005,6.41005
6.41015,0.000101203579106,9.99460411071777,6.41015,6.41015
6.41025,0.000101950397948,9.99445724487305,6.41025,6.41025
6.41035,0.000102072379377,9.99447059631348,6.41035,6.41035
6.41045,0.000102079589851,9.99433994293213,6.41045,6.41045
6.41055,0.000102092904854,9.99447631835938,6.41055,6.41055
6.41065,0.000102084508399,9.994460105896,6.41065,6.41065
6.41075,0.000102118276118,9.99441909790039,6.41075,6.41075
6.41085,0.000102113102912,9.99461555480957,6.41085,6.41085
6.41095,0.00010212030611,9.99454116821289,6.41095,6.41095
6.41105,0.000100352066511,4.11323118209839,6.41105,6.41105
6.41115,2.0904217308E-05,-0.000805897114333,6.41115,6.41115
6.41125,1.8385539079E-05,-0.001106788986363,6.41125,6.41125
6.41135,1.8159489628E-05,-0.001275811926462,6.41135,6.41135
6.41145,1.8135660866E-05,-0.001289815176278,6.41145,6.41145
6.41155,1.8152761186E-05,-0.001377493143082,6.41155,6.41155
6.41165,1.8186543457E-05,-0.001066468306817,6.41165,6.41165
6.41175,1.8208247639E-05,-0.00127243436873,6.41175,6.41175
6.41185,1.8251656002E-05,-0.001204107422382,6.41185,6.41185
6.41195,1.8261569494E-05,-0.001101511414163,6.41195,6.41195
6.41205,3.5108529119E-05,5.86986446380615,6.41205,6.41205
6.41215,0.00010119444778,9.99382400512695,6.41215,6.41215
6.41225,0.000101941943285,9.99377346038818,6.41225,6.41225
6.41235,0.00010202593694,9.99429988861084,6.41235,6.41235
6.41245,0.000102062775113,9.99422454833984,6.41245,6.41245
6.41255,0.000102081234218,9.99429225921631,6.41255,6.41255
6.41265,0.000102075136965,9.99408912658691,6.41265,6.41265
6.41275,0.000102101425,9.99402713775635,6.41275,6.41275
6.41285,0.000102073761809,9.99393463134766,6.41285,6.41285
6.41295,0.00010207160085,9.99397373199463,6.41295,6.41295
6.41305,0.000100450903119,4.13280296325684,6.41305,6.41305
6.41315,2.0872332243E-05,-0.001249213004485,6.41315,6.41315
6.41325,1.8370197722E-05,-0.001226132502779,6.41325,6.41325
6.41335,1.8099804947E-05,-0.001258994103409,6.41335,6.41335
6.41345,1.8047901904E-05,-0.00124914268963,6.41345,6.41345
6.41355,1.8036042093E-05,-0.001347094308585,6.41355,6.41355
6.41365,1.8080763766E-05,-0.001316625159234,6.41365,6.41365
6.41375,1.8123912014E-05,-0.001518861739896,6.41375,6.41375
6.41385,1.8157443264E-05,-0.001058094552718,6.41385,6.41385
6.41395,1.819346835E-05,-0.001216140226461,6.41395,6.41395
6.41405,3.4879638406E-05,5.85031509399414,6.41405,6.41405
6.41415,0.000101132209238,9.99458599090576,6.41415,6.41415
6.41425,0.000101901154267,9.99434375762939,6.41425,6.41425
6.41435,0.00010201940313,9.99418830871582,6.41435,6.41435
6.41445,0.000102060352219,9.99431037902832,6.41445,6.41445
6.41455,0.000102040539787,9.99422931671143,6.41455,6.41455
6.41465,0.000102052224975,9.99441242218018,6.41465,6.41465
6.41475,0.000102077880001,9.99428081512451,6.41475,6.41475
6.41485,0.000102065816463,9.99419593811035,6.41485,6.41485
6.41495,0.000102037054603,9.99441909790039,6.41495,6.41495
6.41505,0.000100567602203,4.15314197540283,6.41505,6.41505
6.41515,2.0840059733E-05,-0.001116992323659,6.41515,6.41515
6.41525,1.8311067834E-05,-0.00101066683419,6.41525,6.41525
6.41535,1.8069944417E-05,-0.000997648807243,6.41535,6.41535
6.41545,1.8045357137E-05,-0.001012918655761,6.41545,6.41545
6.41555,1.8058090063E-05,-0.000839110638481,6.41555,6.41555
6.41565,1.8085151169E-05,-0.00072033010656,6.41565,6.41565
6.41575,1.8141652617E-05,-0.00078464607941,6.41575,6.41575
6.41585,1.8160339096E-05,-0.000980056938715,6.41585,6.41585
6.41595,1.8184911823E-05,-0.001098133740015,6.41595,6.41595
6.41605,3.46822344E-05,5.83029508590698,6.41605,6.41605
6.41615,0.000101144330984,9.99406337738037,6.41615,6.41615
6.41625,0.000101896119304,9.99420356750488,6.41625,6.41625
6.41635,0.000101996534795,9.99403381347656,6.41635,6.41635
6.41645,0.000102025507658,9.99396705627441,6.41645,6.41645
6.41655,0.000102056044852,9.99398231506348,6.41655,6.41655
6.41665,0.000102063691884,9.9939489364624,6.41665,6.41665
6.41675,0.000102059493656,9.99393939971924,6.41675,6.41675
6.41685,0.000102049991256,9.99372959136963,6.41685,6.41685
6.41695,0.000102076788608,9.99381065368652,6.41695,6.41695
6.41705,0.000100729652331,4.17279815673828,6.41705,6.41705
6.41715,2.0882449462E-05,-0.000922918436117,6.41715,6.41715
6.41725,1.8290164007E-05,-0.000717937597074,6.41725,6.41725
6.41735,1.8066048142E-05,-0.000857265433297,6.41735,6.41735
6.41745,1.8006539904E-05,-0.000703090045135,6.41745,6.41745
6.41755,1.8005766833E-05,-0.000685357372276,6.41755,6.41755
6.41765,1.8069515136E-05,-0.000582128122915,6.41765,6.41765
6.41775,1.8154540157E-05,-0.000615904573351,6.41775,6.41775
6.41785,1.817505472E-05,-0.000567843497265,6.41785,6.41785
6.41795,1.8215096134E-05,-0.000428304512752,6.41795,6.41795
6.41805,3.4567925468E-05,5.81066942214966,6.41805,6.41805
6.41815,0.000101162884675,9.99460983276367,6.41815,6.41815
6.41825,0.000101901991002,9.99476051330566,6.41825,6.41825
6.41835,0.000102023048385,9.99459743499756,6.41835,6.41835
6.41845,0.000102065539977,9.99420070648193,6.41845,6.41845
6.41855,0.000102065532701,9.99438667297363,6.41855,6.41855
6.41865,0.000102087498817,9.99423217773438,6.41865,6.41865
6.41875,0.000102116930066,9.99401092529297,6.41875,6.41875
6.41885,0.000102095793409,9.99416828155518,6.41885,6.41885
6.41895,0.000102095007605,9.99413394927979,6.41895,6.41895
6.41905,0.000100844190456,4.19301986694336,6.41905,6.41905
6.41915,2.0829056666E-05,-0.000854661862832,6.41915,6.41915
6.41925,1.826125299E-05,-0.000933895760681,6.41925,6.41925
6.41935,1.8008648112E-05,-0.000937977107242,6.41935,6.41935
6.41945,1.7968868633E-05,-0.000812230166048,6.41945,6.41945
6.41955,1.7995578673E-05,-0.000604364264291,6.41955,6.41955
6.41965,1.8045651814E-05,-0.00057825789554,6.41965,6.41965
6.41975,1.8090684534E-05,-0.000698375399224,6.41975,6.41975
6.41985,1.8130485842E-05,-0.00084931391757,6.41985,6.41985
6.41995,1.8131042452E-05,-0.000748828984797,6.41995,6.41995
6.42005,3.4331562347E-05,5.79022693634033,6.42005,6.42005
6.42015,0.000101170408016,9.99401569366455,6.42015,6.42015
6.42025,0.000101904275652,9.99414443969727,6.42025,6.42025
6.42035,0.000102011668787,9.99410915374756,6.42035,6.42035
6.42045,0.000102080892248,9.99411964416504,6.42045,6.42045
6.42055,0.000102074176539,9.99415874481201,6.42055,6.42055
6.42065,0.000102099293144,9.99411964416504,6.42065,6.42065
6.42075,0.000102097939816,9.99391174316406,6.42075,6.42075
6.42085,0.000102107085695,9.99405002593994,6.42085,6.42085
6.42095,0.000102094658359,9.99392604827881,6.42095,6.42095
6.42105,0.000100980250863,4.21253538131714,6.42105,6.42105
6.42115,2.0862298697E-05,-0.00113254354801,6.42115,6.42115
6.42125,1.825003892E-05,-0.001107211224735,6.42125,6.42125
6.42135,1.8076489141E-05,-0.001206922112033,6.42135,6.42135
6.42145,1.8006721803E-05,-0.001117836683989,6.42145,6.42145
6.42155,1.8025017198E-05,-0.001161535037681,6.42155,6.42155
6.42165,1.8067159544E-05,-0.001186234061606,6.42165,6.42165
6.42175,1.812080518E-05,-0.001106788986363,6.42175,6.42175
6.42185,1.8124721464E-05,-0.001377071021125,6.42185,6.42185
6.42195,1.8149399693E-05,-0.000975975592155,6.42195,6.42195
6.42205,3.4193024476E-05,5.76966094970703,6.42205,6.42205
6.42215,0.000101164521766,9.99368858337402,6.42215,6.42215
6.42225,0.000101910089143,9.993896484375,6.42225,6.42225
6.42235,0.000102033867734,9.99372482299805,6.42235,6.42235
6.42245,0.000102051482827,9.99373531341553,6.42245,6.42245
6.42255,0.000102078069176,9.99385452270508,6.42255,6.42255
6.42265,0.000102045902167,9.99380111694336,6.42265,6.42265
6.42275,0.000102091493318,9.99366474151611,6.42275,6.42275
6.42285,0.00010211517656,9.99386024475098,6.42285,6.42285
6.42295,0.000102098951174,9.99388790130615,6.42295,6.42295
6.42305,0.000101120713225,4.23270130157471,6.42305,6.42305
6.42315,2.0888594008E-05,-0.000929462607019,6.42315,6.42315
6.42325,1.8271342924E-05,-0.001015170360915,6.42325,6.42325
6.42335,1.8016839022E-05,-0.001336820656434,6.42335,6.42335
6.42345,1.8003023797E-05,-0.00097928289324,6.42345,6.42345
6.42355,1.8006898244E-05,-0.000745310564525,6.42355,6.42355
6.42365,1.800429709E-05,-0.000672831956763,6.42365,6.42365
6.42375,1.8021937649E-05,-0.001124240108766,6.42375,6.42375
6.42385,1.8081489543E-05,-0.000903496984392,6.42385,6.42385
6.42395,1.8118351363E-05,-0.00090152665507,6.42395,6.42395
6.42405,3.4001310269E-05,5.75005054473877,6.42405,6.42405
6.42415,0.000101177538454,9.99369525909424,6.42415,6.42415
6.42425,0.000101928155345,9.99384689331055,6.42425,6.42425
6.42435,0.000101983438071,9.99378108978271,6.42435,6.42435
6.42445,0.000102061130747,9.99351119995117,6.42445,6.42445
6.42455,0.000102082158264,9.99368095397949,6.42455,6.42455
6.42465,0.000102089186839,9.99389457702637,6.42465,6.42465
6.42475,0.000102059311757,9.99367809295654,6.42475,6.42475
6.42485,0.000102077297925,9.99379539489746,6.42485,6.42485
6.42495,0.0001020877462,9.99370670318604,6.42495,6.42495
6.42505,0.000101225312392,4.25298690795898,6.42505,6.42505
6.42515,2.0889936422E-05,-0.000967038911767,6.42515,6.42515
6.42525,1.8223505322E-05,-0.001041487790644,6.42525,6.42525
6.42535,1.8019694835E-05,-0.000918344536331,6.42535,6.42535
6.42545,1.7940443286E-05,-0.001045428449288,6.42545,6.42545
6.42555,1.7988575564E-05,-0.001012707478367,6.42555,6.42555
6.42565,1.8032624212E-05,-0.001123536494561,6.42565,6.42565
6.42575,1.8023314624E-05,-0.000993074965663,6.42575,6.42575
6.42585,1.8069606085E-05,-0.000937625241932,6.42585,6.42585
6.42595,1.8107959477E-05,-0.000949165550992,6.42595,6.42595
6.42605,3.3829172025E-05,5.73025846481323,6.42605,6.42605
6.42615,0.00010117590864,9.99410724639893,6.42615,6.42615
6.42625,0.000101898745925,9.99408531188965,6.42625,6.42625
6.42635,0.000102050711575,9.993821144104,6.42635,6.42635
6.42645,0.000102070705907,9.99374961853027,6.42645,6.42645
6.42655,0.000102069490822,9.99381732940674,6.42655,6.42655
6.42665,0.000102133439214,9.9940013885498,6.42665,6.42665
6.42675,0.000102094178146,9.99398326873779,6.42675,6.42675
6.42685,0.000102095618786,9.99398040771484,6.42685,6.42685
6.42695,0.000102094352769,9.99421501159668,6.42695,6.42695
6.42705,0.000101371966593,4.27284860610962,6.42705,6.42705
6.42715,2.0937648515E-05,-0.001096656080335,6.42715,6.42715
6.42725,1.82258118E-05,-0.001108548138291,6.42725,6.42725
6.42735,1.799443271E-05,-0.000946491607465,6.42735,6.42735
6.42745,1.792369585E-05,-0.000993637833744,6.42745,6.42745
6.42755,1.7943515559E-05,-0.001015592599288,6.42755,6.42755
6.42765,1.7961043341E-05,-0.001058727968484,6.42765,6.42765
6.42775,1.8035620087E-05,-0.001119947759435,6.42775,6.42775
6.42785,1.8075546905E-05,-0.001248298212886,6.42785,6.42785
6.42795,1.8132377591E-05,-0.001177930622362,6.42795,6.42795
6.42805,3.3681782952E-05,5.71007061004639,6.42805,6.42805
6.42815,0.00010118236969,9.99400901794434,6.42815,6.42815
6.42825,0.000101927747892,9.99384593963623,6.42825,6.42825
6.42835,0.000102010264527,9.99368572235107,6.42835,6.42835
6.42845,0.000102103898826,9.99370384216309,6.42845,6.42845
6.42855,0.000102106001577,9.99404239654541,6.42855,6.42855
6.42865,0.000102103374957,9.9942684173584,6.42865,6.42865
6.42875,0.000102079364297,9.99413204193115,6.42875,6.42875
6.42885,0.000102105273982,9.99418544769287,6.42885,6.42885
6.42895,0.000102106765553,9.99397373199463,6.42895,6.42895
6.42905,0.000101515870483,4.2928466796875,6.42905,6.42905
6.42915,2.0936220608E-05,-0.00102797721047,6.42915,6.42915
6.42925,1.8254342649E-05,-0.001110940705985,6.42925,6.42925
6.42935,1.7994882E-05,-0.000887030968443,6.42935,6.42935
6.42945,1.7981776182E-05,-0.001108337077312,6.42945,6.42945
6.42955,1.7981925339E-05,-0.001110729528591,6.42955,6.42955
6.42965,1.7995465896E-05,-0.001022840384394,6.42965,6.42965
6.42975,1.7975969968E-05,-0.00110643717926,6.42975,6.42975
6.42985,1.8015511159E-05,-0.000994974863715,6.42985,6.42985
6.42995,1.8078204448E-05,-0.000987234408967,6.42995,6.42995
6.43005,3.3512755181E-05,5.69020652770996,6.43005,6.43005
6.43015,0.000101155055745,9.99398040771484,6.43015,6.43015
6.43025,0.000101949270174,9.99392127990723,6.43025,6.43025
6.43035,0.000102056110336,9.9938268661499,6.43035,6.43035
6.43045,0.000102080557554,9.99404716491699,6.43045,6.43045
6.43055,0.000102066383988,9.99411010742188,6.43055,6.43055
6.43065,0.000102077443444,9.99412250518799,6.43065,6.43065
6.43075,0.000102097830677,9.99414920806885,6.43075,6.43075
6.43085,0.000102083511592,9.9940881729126,6.43085,6.43085
6.43095,0.000102103003883,9.9943151473999,6.43095,6.43095
6.43105,0.000101624304079,4.31287574768066,6.43105,6.43105
6.43115,2.0891357053E-05,-0.00072525581345,6.43115,6.43115
6.43125,1.8204324078E-05,-0.000810189521872,6.43125,6.43125
6.43135,1.7959278921E-05,-0.000864935514983,6.43135,6.43135
6.43145,1.7923175619E-05,-0.001019040588289,6.43145,6.43145
6.43155,1.7945596483E-05,-0.000895545410458,6.43155,6.43155
6.43165,1.7985517843E-05,-0.000937414180953,6.43165,6.43165
6.43175,1.8021044525E-05,-0.000680361292325,6.43175,6.43175
6.43185,1.805260581E-05,-0.000829259166494,6.43185,6.43185
6.43195,1.8081917005E-05,-0.000679657619912,6.43195,6.43195
6.43205,3.3329917642E-05,5.6706223487854,6.43205,6.43205
6.43215,0.000101163001091,9.99431800842285,6.43215,6.43215
6.43225,0.000101949306554,9.99435424804688,6.43225,6.43225
6.43235,0.00010206427396,9.99435615539551,6.43235,6.43235
6.43245,0.000102088270069,9.99402141571045,6.43245,6.43245
6.43255,0.000102118894574,9.99410247802734,6.43255,6.43255
6.43265,0.000102116064227,9.99414348602295,6.43265,6.43265
6.43275,0.000102109697764,9.99431800842285,6.43275,6.43275
6.43285,0.000102103389509,9.99431991577148,6.43285,6.43285
6.43295,0.00010210758046,9.99413299560547,6.43295,6.43295
6.43305,0.000101756100776,4.33269214630127,6.43305,6.43305
6.43315,2.091630995E-05,-0.001015100046061,6.43315,6.43315
6.43325,1.82146523E-05,-0.000823700102046,6.43325,6.43325
6.43335,1.7987738829E-05,-0.000688031374011,6.43335,6.43335
6.43345,1.78761602E-05,-0.000795553089119,6.43345,6.43345
6.43355,1.7901013052E-05,-0.000759243383072,6.43355,6.43355
6.43365,1.7933503841E-05,-0.000806671159808,6.43365,6.43365
6.43375,1.7977587049E-05,-0.000964505714364,6.43375,6.43375
6.43385,1.8018674382E-05,-0.001003841171041,6.43385,6.43385
6.43395,1.8065986296E-05,-0.001046483987011,6.43395,6.43395
6.43405,3.3170050301E-05,5.65057563781738,6.43405,6.43405
6.43415,0.000101166820969,9.99424266815186,6.43415,6.43415
6.43425,0.00010194384231,9.99440288543701,6.43425,6.43425
6.43435,0.000102060228528,9.99461936950684,6.43435,6.43435
6.43445,0.000102093748865,9.99445152282715,6.43445,6.43445
6.43455,0.000102094483736,9.99414825439453,6.43455,6.43455
6.43465,0.000102121513919,9.99421882629395,6.43465,6.43465
6.43475,0.000102128877188,9.99423503875732,6.43475,6.43475
6.43485,0.000102131292806,9.99440574645996,6.43485,6.43485
6.43495,0.00010210419714,9.99454879760742,6.43495,6.43495
6.43505,0.00010187519365,4.3529634475708,6.43505,6.43505
6.43515,2.087347093E-05,-0.000946280488279,6.43515,6.43515
6.43525,1.8114786144E-05,-0.000929532980081,6.43525,6.43525
6.43535,1.7874584955E-05,-0.000829329539556,6.43535,6.43535
6.43545,1.7865831978E-05,-0.000847132527269,6.43545,6.43545
6.43555,1.7848667994E-05,-0.00080737483222,6.43555,6.43555
6.43565,1.7918267986E-05,-0.000590783311054,6.43565,6.43565
6.43575,1.7952295821E-05,-0.00092517019948,6.43575,6.43575
6.43585,1.8009555788E-05,-0.000863387424033,6.43585,6.43585
6.43595,1.8033902961E-05,-0.000652214221191,6.43595,6.43595
6.43605,3.3006625017E-05,5.6306471824646,6.43605,6.43605
6.43615,0.000101165009255,9.99442100524902,6.43615,6.43615
6.43625,0.000101938705484,9.99431419372559,6.43625,6.43625
6.43635,0.000102029269328,9.99453067779541,6.43635,6.43635
6.43645,0.00010207023297,9.99438190460205,6.43645,6.43645
6.43655,0.000102097343188,9.9943733215332,6.43655,6.43655
6.43665,0.000102089201391,9.99413204193115,6.43665,6.43665
6.43675,0.000102062062069,9.99451065063477,6.43675,6.43675
6.43685,0.000102103083918,9.99449634552002,6.43685,6.43685
6.43695,0.000102126672573,9.9947624206543,6.43695,6.43695
6.43705,0.000102003803477,4.37319755554199,6.43705,6.43705
6.43715,2.0912984837E-05,-0.000456873764051,6.43715,6.43715
6.43725,1.8148373783E-05,-0.000616115692537,6.43725,6.43725
6.43735,1.7866766939E-05,-0.000841714208946,6.43735,6.43735
6.43745,1.7811033103E-05,-0.000629907706752,6.43745,6.43745
6.43755,1.7824919269E-05,-0.000410923734307,6.43755,6.43755
6.43765,1.7838143322E-05,-0.000519852794241,6.43765,6.43765
6.43775,1.7891661628E-05,-0.000565310241655,6.43775,6.43775
6.43785,1.7863996618E-05,-0.000500783149619,6.43785,6.43785
6.43795,1.7929305614E-05,-0.00054251117399,6.43795,6.43795
6.43805,3.2768188248E-05,5.61069488525391,6.43805,6.43805
6.43815,0.000101162062492,9.99453163146973,6.43815,6.43815
6.43825,0.000101932579128,9.99458885192871,6.43825,6.43825
6.43835,0.000102059835626,9.99450874328613,6.43835,6.43835
6.43845,0.000102070698631,9.9945650100708,6.43845,6.43845
6.43855,0.000102077770862,9.99418354034424,6.43855,6.43855
6.43865,0.000102112280729,9.99402236938477,6.43865,6.43865
6.43875,0.000102099904325,9.99391841888428,6.43875,6.43875
6.43885,0.000102105455881,9.99393463134766,6.43885,6.43885
6.43895,0.000102078411146,9.99402236938477,6.43895,6.43895
6.43905,0.00010210898472,4.39277172088623,6.43905,6.43905
6.43915,2.0871571905E-05,-0.000634340860415,6.43915,6.43915
6.43925,1.8070231818E-05,-0.000899978564121,6.43925,6.43925
6.43935,1.7828455384E-05,-0.000889986404218,6.43935,6.43935
6.43945,1.7792955987E-05,-0.000960353994742,6.43945,6.43945
6.43955,1.7780806957E-05,-0.00081483379472,6.43955,6.43955
6.43965,1.7804606614E-05,-0.001021010917611,6.43965,6.43965
6.43975,1.7864895199E-05,-0.000842277135234,6.43975,6.43975
6.43985,1.7917536752E-05,-0.000996311893687,6.43985,6.43985
6.43995,1.7933292838E-05,-0.000945928622968,6.43995,6.43995
6.44005,3.2580926927E-05,5.59068965911865,6.44005,6.44005
6.44015,0.000101147132227,9.99409198760986,6.44015,6.44015
6.44025,0.000101946243376,9.99422264099121,6.44025,6.44025
6.44035,0.000102044483356,9.99421310424805,6.44035,6.44035
6.44045,0.000102090918517,9.99405574798584,6.44045,6.44045
6.44055,0.000102110505395,9.99418067932129,6.44055,6.44055
6.44065,0.00010211415065,9.99437236785889,6.44065,6.44065
6.44075,0.000102092279121,9.994140625,6.44075,6.44075
6.44085,0.000102108824649,9.99413776397705,6.44085,6.44085
6.44095,0.000102127727587,9.99430274963379,6.44095,6.44095
6.44105,0.000102242804132,4.41324329376221,6.44105,6.44105
6.44115,2.0915296773E-05,-0.000556514307391,6.44115,6.44115
6.44125,1.8113050828E-05,-0.000750588136725,6.44125,6.44125
6.44135,1.7868720533E-05,-0.00074052560376,6.44135,6.44135
6.44145,1.7794242012E-05,-0.000980901299044,6.44145,6.44145
6.44155,1.782903928E-05,-0.000860431988258,6.44155,6.44155
6.44165,1.7865071641E-05,-0.000790979189333,6.44165,6.44165
6.44175,1.7872405806E-05,-0.000758258218411,6.44175,6.44175
6.44185,1.791311297E-05,-0.000645318243187,6.44185,6.44185
6.44195,1.7958540411E-05,-0.00089934526477,6.44195,6.44195
6.44205,3.2458279748E-05,5.57059478759766,6.44205,6.44205
6.44215,0.000101153331343,9.99462413787842,6.44215,6.44215
6.44225,0.000101948091469,9.99415493011475,6.44225,6.44225
6.44235,0.000102062433143,9.99412536621094,6.44235,6.44235
6.44245,0.000102071448055,9.99428844451904,6.44245,6.44245
6.44255,0.00010208398453,9.99417304992676,6.44255,6.44255
6.44265,0.000102116740891,9.9941234588623,6.44265,6.44265
6.44275,0.000102097706986,9.99429893493652,6.44275,6.44275
6.44285,0.000102096608316,9.99423885345459,6.44285,6.44285
6.44295,0.000102107966086,9.99441146850586,6.44295,6.44295
6.44305,0.000102380676253,4.4328556060791,6.44305,6.44305
6.44315,2.0955681975E-05,-0.000815678213257,6.44315,6.44315
6.44325,1.8085896954E-05,-0.000619845173787,6.44325,6.44325
6.44335,1.7827758711E-05,-0.000933121715207,6.44335,6.44335
6.44345,1.7796302927E-05,-0.001014466630295,6.44345,6.44345
6.44355,1.775418059E-05,-0.000883723667357,6.44355,6.44355
6.44365,1.7788070181E-05,-0.00083066651132,6.44365,6.44365
6.44375,1.780968887E-05,-0.000867890950758,6.44375,6.44375
6.44385,1.7845848561E-05,-0.000820674293209,6.44385,6.44385
6.44395,1.7908374502E-05,-0.000902371073607,6.44395,6.44395
6.44405,3.2191495848E-05,5.55072641372681,6.44405,6.44405
6.44415,0.000101134188299,9.99448776245117,6.44415,6.44415
6.44425,0.00010189916793,9.9945182800293,6.44425,6.44425
6.44435,0.000101997087768,9.99459457397461,6.44435,6.44435
6.44445,0.000102060439531,9.99422073364258,6.44445,6.44445
6.44455,0.000102069956483,9.99444961547852,6.44455,6.44455
6.44465,0.000102084370155,9.99476337432861,6.44465,6.44465
6.44475,0.000102058671473,9.99464702606201,6.44475,6.44475
6.44485,0.000102087913547,9.99450397491455,6.44485,6.44485
6.44495,0.000102091085864,9.99455070495605,6.44495,6.44495
6.44505,0.00010249450861,4.45304870605469,6.44505,6.44505
6.44515,2.0916324502E-05,-0.000364058912965,6.44515,6.44515
6.44525,1.8047536287E-05,-0.000549196091015,6.44525,6.44525
6.44535,1.7794411178E-05,-0.000363566330634,6.44535,6.44535
6.44545,1.7738571842E-05,-0.000559047563002,6.44545,6.44545
6.44555,1.7770513296E-05,-0.0006503846962,6.44555,6.44555
6.44565,1.7765227312E-05,-0.000925240572542,6.44565,6.44565
6.44575,1.7777334506E-05,-0.001053379965015,6.44575,6.44575
6.44585,1.7819962522E-05,-0.001226132502779,6.44585,6.44585
6.44595,1.7889067749E-05,-0.001035295543261,6.44595,6.44595
6.44605,3.2052950701E-05,5.53017139434815,6.44605,6.44605
6.44615,0.000101099220046,9.9941520690918,6.44615,6.44615
6.44625,0.000101905032352,9.99425601959229,6.44625,6.44625
6.44635,0.000102027719549,9.99426078796387,6.44635,6.44635
6.44645,0.000102036014141,9.99487781524658,6.44645,6.44645
6.44655,0.000102044752566,9.99446487426758,6.44655,6.44655
6.44665,0.000102067708212,9.99433708190918,6.44665,6.44665
6.44675,0.000102087229607,9.99459075927734,6.44675,6.44675
6.44685,0.000102085345134,9.99419689178467,6.44685,6.44685
6.44695,0.000102095487819,9.99429607391357,6.44695,6.44695
6.44705,0.000102635385701,4.4733772277832,6.44705,6.44705
6.44715,2.0902713004E-05,-0.000649610650726,6.44715,6.44715
6.44725,1.8025009922E-05,-0.000612315838225,6.44725,6.44725
6.44735,1.7790172933E-05,-0.000688172120135,6.44735,6.44735
6.44745,1.7719004973E-05,-0.00063511490589,6.44745,6.44745
6.44755,1.7749793187E-05,-0.000529985700268,6.44755,6.44755
6.44765,1.7778522306E-05,-0.000356740667485,6.44765,6.44765
6.44775,1.7814892999E-05,-0.000646092288662,6.44775,6.44775
6.44785,1.781811261E-05,-0.000558343832381,6.44785,6.44785
6.44795,1.7883225155E-05,-0.00078464607941,6.44795,6.44795
6.44805,3.1869876693E-05,5.51048517227173,6.44805,6.44805
6.44815,0.00010113632743,9.99424743652344,6.44815,6.44815
6.44825,0.000101947458461,9.99449634552002,6.44825,6.44825
6.44835,0.000102044185041,9.99423408508301,6.44835,6.44835
6.44845,0.000102085701656,9.99417400360107,6.44845,6.44845
6.44855,0.000102093174064,9.99431228637695,6.44855,6.44855
6.44865,0.000102103615063,9.99444675445557,6.44865,6.44865
6.44875,0.000102102945675,9.99436950683594,6.44875,6.44875
6.44885,0.000102105339465,9.99422454833984,6.44885,6.44885
6.44895,0.000102109297586,9.99421215057373,6.44895,6.44895
6.44905,0.000102786718344,4.49306535720825,6.44905,6.44905
6.44915,2.1022708097E-05,-0.000808430311736,6.44915,6.44915
6.44925,1.8027294573E-05,-0.000868453877047,6.44925,6.44925
6.44935,1.7760776245E-05,-0.000758047157433,6.44935,6.44935
6.44945,1.7691872927E-05,-0.000822081638034,6.44945,6.44945
6.44955,1.7714140995E-05,-0.000659673241898,6.44955,6.44955
6.44965,1.772959331E-05,-0.000688312808052,6.44965,6.44965
6.44975,1.7808331904E-05,-0.000943184306379,6.44975,6.44975
6.44985,1.7872032913E-05,-0.00101003353484,6.44985,6.44985
6.44995,1.7908347218E-05,-0.000615060154814,6.44995,6.44995
6.45005,3.1755320379E-05,5.49080801010132,6.45005,6.45005
6.45015,0.00010113803728,9.9943790435791,6.45015,6.45015
6.45025,0.000101972233097,9.99433326721191,6.45025,6.45025
6.45035,0.000102052217699,9.99440288543701,6.45035,6.45035
6.45045,0.000102107049315,9.99462604522705,6.45045,6.45045
6.45055,0.000102121201053,9.99436187744141,6.45055,6.45055
6.45065,0.000102097714262,9.99427700042725,6.45065,6.45065
6.45075,0.000102125501144,9.9943380355835,6.45075,6.45075
6.45085,0.00010214165377,9.99419784545898,6.45085,6.45085
6.45095,0.000102140918898,9.9942684173584,6.45095,6.45095
6.45105,0.000102939055068,4.51291751861572,6.45105,6.45105
6.45115,2.0960049369E-05,-0.001015733345412,6.45115,6.45115
6.45125,1.801030885E-05,-0.001026358804666,6.45125,6.45125
6.45135,1.7798285626E-05,-0.000948180386331,6.45135,6.45135
6.45145,1.7739317627E-05,-0.00081110431347,6.45145,6.45145
6.45155,1.7751319319E-05,-0.000664598948788,6.45155,6.45155
6.45165,1.7779611881E-05,-0.00061491940869,6.45165,6.45165
6.45175,1.7789250705E-05,-0.000772402097937,6.45175,6.45175
6.45185,1.7825228497E-05,-0.000598171900492,6.45185,6.45185
6.45195,1.7871829186E-05,-0.000991737935692,6.45195,6.45195
6.45205,3.1576528272E-05,5.47072505950928,6.45205,6.45205
6.45215,0.000101134479337,9.99463748931885,6.45215,6.45215
6.45225,0.00010195303912,9.99460124969482,6.45225,6.45225
6.45235,0.000102049496491,9.99456214904785,6.45235,6.45235
6.45245,0.000102090205473,9.99441051483154,6.45245,6.45245
6.45255,0.000102092242741,9.99442768096924,6.45255,6.45255
6.45265,0.000102102341771,9.99442481994629,6.45265,6.45265
6.45275,0.000102121375676,9.99450969696045,6.45275,6.45275
6.45285,0.000102155419881,9.9945125579834,6.45285,6.45285
6.45295,0.000102138488728,9.99434471130371,6.45295,6.45295
6.45305,0.000103049205791,4.53277635574341,6.45305,6.45305
6.45315,2.0977275199E-05,-0.000912363291718,6.45315,6.45315
6.45325,1.8000402633E-05,-0.00065721035935,6.45325,6.45325
6.45335,1.7726380975E-05,-0.001001096796244,6.45335,6.45335
6.45345,1.7707967345E-05,-0.000818844768219,6.45345,6.45345
6.45355,1.7731830667E-05,-0.000674450420775,6.45355,6.45355
6.45365,1.7744563593E-05,-0.000593457312789,6.45365,6.45365
6.45375,1.7765247321E-05,-0.00074981409125,6.45375,6.45375
6.45385,1.7820460926E-05,-0.000524708128069,6.45385,6.45385
6.45395,1.7841117369E-05,-0.000849736097734,6.45395,6.45395
6.45405,3.1370109355E-05,5.45066261291504,6.45405,6.45405
6.45415,0.000101138190075,9.99470043182373,6.45415,6.45415
6.45425,0.000101944860944,9.99456119537354,6.45425,6.45425
6.45435,0.000102032150608,9.99468898773193,6.45435,6.45435
6.45445,0.000102101847006,9.99443531036377,6.45445,6.45445
6.45455,0.000102110061562,9.99440670013428,6.45455,6.45455
6.45465,0.000102130587038,9.99459266662598,6.45465,6.45465
6.45475,0.000102126708953,9.99480152130127,6.45475,6.45475
6.45485,0.000102126992715,9.99452114105225,6.45485,6.45485
6.45495,0.00010216703231,9.99466133117676,6.45495,6.45495
6.45505,0.000103175014374,4.55295085906982,6.45505,6.45505
6.45515,2.1026926333E-05,-0.000586631649639,6.45515,6.45515
6.45525,1.8002159777E-05,-0.00053505221149,6.45525,6.45525
6.45535,1.777352918E-05,-0.000577483850066,6.45535,6.45535
6.45545,1.7710617612E-05,-0.000686131417751,6.45545,6.45545
6.45555,1.7690243112E-05,-0.000727577949874,6.45555,6.45555
6.45565,1.77093807E-05,-0.00090715609258,6.45565,6.45565
6.45575,1.7738206225E-05,-0.000776553817559,6.45575,6.45575
6.45585,1.7782951545E-05,-0.000542018562555,6.45585,6.45585
6.45595,1.7813626982E-05,-0.000595709076151,6.45595,6.45595
6.45605,3.1191775633E-05,5.43100118637085,6.45605,6.45605
6.45615,0.000101093442936,9.99492073059082,6.45615,6.45615
6.45625,0.00010192902846,9.99481296539307,6.45625,6.45625
6.45635,0.000102027675894,9.9946346282959,6.45635,6.45635
6.45645,0.000102085075923,9.99452972412109,6.45645,6.45645
6.45655,0.000102092526504,9.99453544616699,6.45655,6.45655
6.45665,0.000102103760582,9.9947509765625,6.45665,6.45665
6.45675,0.000102084028185,9.99462604522705,6.45675,6.45675
6.45685,0.000102111676824,9.99440383911133,6.45685,6.45685
6.45695,0.000102116267954,9.99419593811035,6.45695,6.45695
6.45705,0.000103294958535,4.57300853729248,6.45705,6.45705
6.45715,2.1040172214E-05,-0.000733137014322,6.45715,6.45715
6.45725,1.7973979993E-05,-0.000724481767975,6.45725,6.45725
6.45735,1.7715743525E-05,-0.000474395317724,6.45735,6.45735
6.45745,1.7651580492E-05,-0.000483050534967,6.45745,6.45745
6.45755,1.7692807887E-05,-0.000361314567272,6.45755,6.45755
6.45765,1.7731386833E-05,-0.000713785877451,6.45765,6.45765
6.45775,1.7766407836E-05,-0.000539133499842,6.45775,6.45775
6.45785,1.779834929E-05,-0.000466584489914,6.45785,6.45785
6.45795,1.7849730284E-05,-0.000351603841409,6.45795,6.45795
6.45805,3.1043222407E-05,5.41062641143799,6.45805,6.45805
6.45815,0.000101138350146,9.99400043487549,6.45815,6.45815
6.45825,0.000101973266283,9.99380493164063,6.45825,6.45825
6.45835,0.000102069265267,9.99402046203613,6.45835,6.45835
6.45845,0.000102097976196,9.99398422241211,6.45845,6.45845
6.45855,0.000102090671135,9.99407958984375,6.45855,6.45855
6.45865,0.000102138685179,9.99415874481201,6.45865,6.45865
6.45875,0.000102088299172,9.99431896209717,6.45875,6.45875
6.45885,0.000102096622868,9.99433517456055,6.45885,6.45885
6.45895,0.000102111363958,9.99444007873535,6.45895,6.45895
6.45905,0.000103417543869,4.5931248664856,6.45905,6.45905
6.45915,2.1004547307E-05,-0.00058163551148,6.45915,6.45915
6.45925,1.7975104129E-05,-0.000758398964535,6.45925,6.45925
6.45935,1.7744161596E-05,-0.000594020239078,6.45935,6.45935
6.45945,1.7680751625E-05,-0.000579172687139,6.45945,6.45945
6.45955,1.7664558982E-05,-0.001031425315887,6.45955,6.45955
6.45965,1.769829214E-05,-0.001039025024511,6.45965,6.45965
6.45975,1.7714013666E-05,-0.000967038911767,6.45975,6.45975
6.45985,1.7723934434E-05,-0.000786686723586,6.45985,6.45985
6.45995,1.7768783437E-05,-0.000867609516717,6.45995,6.45995
6.46005,3.0852665077E-05,5.39077663421631,6.46005,6.46005
6.46015,0.000101120138424,9.9943733215332,6.46015,6.46015
6.46025,0.000101947516669,9.99465370178223,6.46025,6.46025
6.46035,0.000102082711237,9.99440002441406,6.46035,6.46035
6.46045,0.000102069883724,9.99416446685791,6.46045,6.46045
6.46055,0.000102088830317,9.99403762817383,6.46055,6.46055
6.46065,0.000102089034044,9.99401664733887,6.46065,6.46065
6.46075,0.000102121470263,9.994384765625,6.46075,6.46075
6.46085,0.000102096135379,9.99430274963379,6.46085,6.46085
6.46095,0.000102109013824,9.99404811859131,6.46095,6.46095
6.46105,0.000103525570012,4.61255788803101,6.46105,6.46105
6.46115,2.1030469725E-05,-0.001053239218891,6.46115,6.46115
6.46125,1.791655086E-05,-0.00104514695704,6.46125,6.46125
6.46135,1.7636921257E-05,-0.001112066558562,6.46135,6.46135
6.46145,1.7598447812E-05,-0.001143520930782,6.46145,6.46145
6.46155,1.7621641746E-05,-0.001059994567186,6.46155,6.46155
6.46165,1.7649836082E-05,-0.000999759882689,6.46165,6.46165
6.46175,1.7674999981E-05,-0.001046624733135,6.46175,6.46175
6.46185,1.7699045202E-05,-0.001244287239388,6.46185,6.46185
6.46195,1.7772334104E-05,-0.001365249161609,6.46195,6.46195
6.46205,3.0657352909E-05,5.37038326263428,6.46205,6.46205
6.46215,0.000101062738395,9.99422168731689,6.46215,6.46215
6.46225,0.000101925928902,9.99442100524902,6.46225,6.46225
6.46235,0.00010202627891,9.99429702758789,6.46235,6.46235
6.46245,0.000102066529507,9.99391460418701,6.46245,6.46245
6.46255,0.000102067671833,9.99407577514648,6.46255,6.46255
6.46265,0.000102077632619,9.99416828155518,6.46265,6.46265
6.46275,0.000102095902548,9.99423122406006,6.46275,6.46275
6.46285,0.000102119643998,9.99435901641846,6.46285,6.46285
6.46295,0.000102092584711,9.99437808990479,6.46295,6.46295
6.46305,0.000103659243905,4.63259696960449,6.46305,6.46305
6.46315,2.1041410946E-05,-0.001160338753834,6.46315,6.46315
6.46325,1.7911046598E-05,-0.001031988183968,6.46325,6.46325
6.46335,1.7649055735E-05,-0.001127477036789,6.46335,6.46335
6.46345,1.7600965293E-05,-0.001036069588736,6.46345,6.46345
6.46355,1.7578802726E-05,-0.000720541167539,6.46355,6.46355
6.46365,1.7612917873E-05,-0.000656577059999,6.46365,6.46365
6.46375,1.766990863E-05,-0.000729900086299,6.46375,6.46375
6.46385,1.7674352421E-05,-0.000796538195573,6.46385,6.46385
6.46395,1.7733875211E-05,-0.000953457958531,6.46395,6.46395
6.46405,3.0455934393E-05,5.3507227897644,6.46405,6.46405
6.46415,0.00010104017565,9.99459457397461,6.46415,6.46415
6.46425,0.000101887344499,9.99430084228516,6.46425,6.46425
6.46435,0.000102037505712,9.99421405792236,6.46435,6.46435
6.46445,0.000102045327367,9.99441909790039,6.46445,6.46445
6.46455,0.000102063371742,9.9942684173584,6.46455,6.46455
6.46465,0.000102084770333,9.99455642700195,6.46465,6.46465
6.46475,0.000102065998362,9.99432468414307,6.46475,6.46475
6.46485,0.000102075944596,9.99434947967529,6.46485,6.46485
6.46495,0.000102065838291,9.99434375762939,6.46495,6.46495
6.46505,0.000103779908386,4.65265321731567,6.46505,6.46505
6.46515,2.102803046E-05,-0.00106752384454,6.46515,6.46515
6.46525,1.7896689315E-05,-0.001003981917165,6.46525,6.46525
6.46535,1.7642467355E-05,-0.001276585971937,6.46535,6.46535
6.46545,1.763115506E-05,-0.001294177956879,6.46545,6.46545
6.46555,1.7650932932E-05,-0.001065060961992,6.46555,6.46555
6.46565,1.7671525711E-05,-0.001007007667795,6.46565,6.46565
6.46575,1.774975135E-05,-0.001000182121061,6.46575,6.46575
6.46585,1.7780723283E-05,-0.00129474082496,6.46585,6.46585
6.46595,1.7797527107E-05,-0.001284678350203,6.46595,6.46595
6.46605,3.0365861676E-05,5.33045339584351,6.46605,6.46605
6.46615,0.00010110342555,9.99451446533203,6.46615,6.46615
6.46625,0.000101944635389,9.9945125579834,6.46625,6.46625
6.46635,0.000102038771729,9.99447059631348,6.46635,6.46635
6.46645,0.000102080899524,9.99421405792236,6.46645,6.46645
6.46655,0.00010211969493,9.9943380355835,6.46655,6.46655
6.46665,0.000102100595541,9.99434471130371,6.46665,6.46665
6.46675,0.000102090511064,9.99426364898682,6.46675,6.46675
6.46685,0.000102111102024,9.994384765625,6.46685,6.46685
6.46695,0.000102125763078,9.99429130554199,6.46695,6.46695
6.46705,0.000103935402876,4.67292499542236,6.46705,6.46705
6.46715,2.1042500521E-05,-0.0006460219156,6.46715,6.46715
6.46725,1.7878584913E-05,-0.000997859984636,6.46725,6.46725
6.46735,1.763918408E-05,-0.001037899055518,6.46735,6.46735
6.46745,1.7602145817E-05,-0.000975060800556,6.46745,6.46745
6.46755,1.7644486434E-05,-0.000992230488919,6.46755,6.46755
6.46765,1.7692935216E-05,-0.001200096448883,6.46765,6.46765
6.46775,1.7719905372E-05,-0.001070197788067,6.46775,6.46775
6.46785,1.7739796021E-05,-0.000961268786341,6.46785,6.46785
6.46795,1.7798096451E-05,-0.00092735158978,6.46795,6.46795
6.46805,3.0185217838E-05,5.3104362487793,6.46805,6.46805
6.46815,0.00010106569971,9.99400424957275,6.46815,6.46815
6.46825,0.000101937876025,9.99395561218262,6.46825,6.46825
6.46835,0.000102044534287,9.99416923522949,6.46835,6.46835
6.46845,0.000102087389678,9.99413204193115,6.46845,6.46845
6.46855,0.000102092169982,9.99410915374756,6.46855,6.46855
6.46865,0.000102066442196,9.99403381347656,6.46865,6.46865
6.46875,0.000102084704849,9.99386882781982,6.46875,6.46875
6.46885,0.000102121593955,9.99403190612793,6.46885,6.46885
6.46895,0.00010207593732,9.99406433105469,6.46895,6.46895
6.46905,0.000104028105852,4.69253921508789,6.46905,6.46905
6.46915,2.1086576453E-05,-0.001230565598235,6.46915,6.46915
6.46925,1.790080205E-05,-0.001142676454037,6.46925,6.46925
6.46935,1.7633552488E-05,-0.000894208438694,6.46935,6.46935
6.46945,1.7600788851E-05,-0.000885693938471,6.46945,6.46945
6.46955,1.7601962099E-05,-0.000755232409574,6.46955,6.46955
6.46965,1.7644864784E-05,-0.000872675969731,6.46965,6.46965
6.46975,1.7670548914E-05,-0.001039376831613,6.46975,6.46975
6.46985,1.7739444957E-05,-0.001165194087662,6.46985,6.46985
6.46995,1.7757260139E-05,-0.00119685952086,6.46995,6.46995
6.47005,2.998400123E-05,5.29050445556641,6.47005,6.47005
6.47015,0.000101069999801,9.99416828155518,6.47015,6.47015
6.47025,0.000101913392427,9.99383926391602,6.47025,6.47025
6.47035,0.000102038022305,9.99399471282959,6.47035,6.47035
6.47045,0.000102051446447,9.99393653869629,6.47045,6.47045
6.47055,0.000102089739812,9.99381446838379,6.47055,6.47055
6.47065,0.000102087760752,9.99415397644043,6.47065,6.47065
6.47075,0.000102074525785,9.99422168731689,6.47075,6.47075
6.47085,0.000102097554191,9.99417209625244,6.47085,6.47085
6.47095,0.000102081947261,9.99393272399902,6.47095,6.47095
6.47105,0.000104112383269,4.71231746673584,6.47105,6.47105
6.47115,2.108877743E-05,-0.001358564244583,6.47115,6.47115
6.47125,1.7886817659E-05,-0.001466860063374,6.47125,6.47125
6.47135,1.7635247787E-05,-0.0014300578041,6.47135,6.47135
6.47145,1.7576292521E-05,-0.001344350050204,6.47145,6.47145
6.47155,1.7568348994E-05,-0.001235350617208,6.47155,6.47155
6.47165,1.7602693333E-05,-0.001379815279506,6.47165,6.47165
6.47175,1.7658026991E-05,-0.001212410745211,6.47175,6.47175
6.47185,1.7710703105E-05,-0.00102797721047,6.47185,6.47185
6.47195,1.77297552E-05,-0.001131558441557,6.47195,6.47195
6.47205,2.9801474739E-05,5.2705659866333,6.47205,6.47205
6.47215,0.000101054429251,9.99429035186768,6.47215,6.47215
6.47225,0.000101910292869,9.99416351318359,6.47225,6.47225
6.47235,0.000102022298961,9.99412059783936,6.47235,6.47235
6.47245,0.000102054604213,9.99392032623291,6.47245,6.47245
6.47255,0.00010206544539,9.99388027191162,6.47255,6.47255
6.47265,0.000102092562884,9.99382781982422,6.47265,6.47265
6.47275,0.000102107529528,9.993971824646,6.47275,6.47275
6.47285,0.000102143108961,9.99396324157715,6.47285,6.47285
6.47295,0.000102119520307,9.99371433258057,6.47295,6.47295
6.47305,0.000104297672806,4.73216104507446,6.47305,6.47305
6.47315,2.110686728E-05,-0.001525687403046,6.47315,6.47315
6.47325,1.7857084458E-05,-0.001648056670092,6.47325,6.47325
6.47335,1.7614456738E-05,-0.001306210760958,6.47335,6.47335
6.47345,1.7591852156E-05,-0.001148517010733,6.47345,6.47345
6.47355,1.7565747839E-05,-0.001076742075384,6.47355,6.47355
6.47365,1.7589251001E-05,-0.000831510929856,6.47365,6.47365
6.47375,1.7627724446E-05,-0.001027766149491,6.47375,6.47375
6.47385,1.7683632905E-05,-0.000750658509787,6.47385,6.47385
6.47395,1.7710013708E-05,-0.000785631244071,6.47395,6.47395
6.47405,2.9650444048E-05,5.25072526931763,6.47405,6.47405
6.47415,0.00010108823335,9.99426555633545,6.47415,6.47415
6.47425,0.000101930927485,9.99424648284912,6.47425,6.47425
6.47435,0.000102029851405,9.9942102432251,6.47435,6.47435
6.47445,0.00010205162107,9.99405097961426,6.47445,6.47445
6.47455,0.000102109755971,9.99379634857178,6.47455,6.47455
6.47465,0.000102077690826,9.99357891082764,6.47465,6.47465
6.47475,0.000102092511952,9.99375057220459,6.47475,6.47475
6.47485,0.000102100952063,9.99367904663086,6.47485,6.47485
6.47495,0.000102138619695,9.99350738525391,6.47495,6.47495
6.47505,0.000104415237729,4.75228929519653,6.47505,6.47505
6.47515,2.114228846E-05,-0.001009681727737,6.47515,6.47515
6.47525,1.7854827092E-05,-0.001153935329057,6.47525,6.47525
6.47535,1.7614534954E-05,-0.001274404581636,6.47535,6.47535
6.47545,1.7530226614E-05,-0.001437305589207,6.47545,6.47545
6.47555,1.7559348635E-05,-0.001393114798702,6.47555,6.47555
6.47565,1.7575715901E-05,-0.001449831062928,6.47565,6.47565
6.47575,1.758129838E-05,-0.001365601085126,6.47575,6.47575
6.47585,1.7626711269E-05,-0.001320706564002,6.47585,6.47585
6.47595,1.7702981495E-05,-0.001469252514653,6.47595,6.47595
6.47605,2.9474032999E-05,5.23011350631714,6.47605,6.47605
6.47615,0.000101084187918,9.99384307861328,6.47615,6.47615
6.47625,0.000101926438219,9.99392986297607,6.47625,6.47625
6.47635,0.000102033634903,9.99374008178711,6.47635,6.47635
6.47645,0.000102072306618,9.9938497543335,6.47645,6.47645
6.47655,0.00010206369916,9.99424839019775,6.47655,6.47655
6.47665,0.000102085119579,9.99389743804932,6.47665,6.47665
6.47675,0.000102115038317,9.99381923675537,6.47675,6.47675
6.47685,0.00010210237815,9.99411964416504,6.47685,6.47685
6.47695,0.00010209831089,9.99408531188965,6.47695,6.47695
6.47705,0.000104524646304,4.77235794067383,6.47705,6.47705
6.47715,2.1130272216E-05,-0.001234295079485,6.47715,6.47715
6.47725,1.7802722141E-05,-0.000987093662843,6.47725,6.47725
6.47735,1.7554799342E-05,-0.001134654507041,6.47735,6.47735
6.47745,1.7493526684E-05,-0.00095437275013,6.47745,6.47745
6.47755,1.7517093511E-05,-0.000924255407881,6.47755,6.47755
6.47765,1.7573256628E-05,-0.000861346779857,6.47765,6.47765
6.47775,1.7626001863E-05,-0.000996663700789,6.47775,6.47775
6.47785,1.7638698409E-05,-0.00100032275077,6.47785,6.47785
6.47795,1.7669466615E-05,-0.000777046370786,6.47795,6.47795
6.47805,2.9278960938E-05,5.21059799194336,6.47805,6.47805
6.47815,0.000101083431218,9.99392986297607,6.47815,6.47815
6.47825,0.000101923818875,9.99374008178711,6.47825,6.47825
6.47835,0.000102018522739,9.99391937255859,6.47835,6.47835
6.47845,0.000102091784356,9.99370574951172,6.47845,6.47845
6.47855,0.000102118399809,9.99358749389648,6.47855,6.47855
6.47865,0.000102055790194,9.99388217926025,6.47865,6.47865
6.47875,0.000102077021438,9.9933910369873,6.47875,6.47875
6.47885,0.000102093341411,9.99361610412598,6.47885,6.47885
6.47895,0.000102085949038,9.99342346191406,6.47895,6.47895
6.47905,0.000104654485767,4.79233980178833,6.47905,6.47905
6.47915,2.1152653062E-05,-0.001128040021285,6.47915,6.47915
6.47925,1.7841321096E-05,-0.001180534251034,6.47925,6.47925
6.47935,1.7595029931E-05,-0.001308532897383,6.47935,6.47935
6.47945,1.7505430151E-05,-0.001360816066153,6.47945,6.47945
6.47955,1.7527814634E-05,-0.001371582271531,6.47955,6.47955
6.47965,1.7548549295E-05,-0.001299314782955,6.47965,6.47965
6.47975,1.7547930838E-05,-0.001144857844338,6.47975,6.47975
6.47985,1.7578149709E-05,-0.001172371557914,6.47985,6.47985
6.47995,1.7653801478E-05,-0.001085256459191,6.47995,6.47995
6.48005,2.912920354E-05,5.19057369232178,6.48005,6.48005
6.48015,0.00010105327965,9.99429321289063,6.48015,6.48015
6.48025,0.000101929930679,9.99385070800781,6.48025,6.48025
6.48035,0.000102077763586,9.99376010894775,6.48035,6.48035
6.48045,0.000102095182228,9.99403190612793,6.48045,6.48045
6.48055,0.000102082107333,9.99384212493896,6.48055,6.48055
6.48065,0.000102116151538,9.99369335174561,6.48065,6.48065
6.48075,0.000102086691186,9.99386215209961,6.48075,6.48075
6.48085,0.000102071484434,9.99394607543945,6.48085,6.48085
6.48095,0.000102087389678,9.99388313293457,6.48095,6.48095
6.48105,0.0001047586411,4.81252956390381,6.48105,6.48105
6.48115,2.1125464627E-05,-0.001197915058583,6.48115,6.48115
6.48125,1.7777467292E-05,-0.001217406825162,6.48125,6.48125
6.48135,1.7498883608E-05,-0.001169345807284,6.48135,6.48135
6.48145,1.743005123E-05,-0.001284959726036,6.48145,6.48145
6.48155,1.7434811525E-05,-0.001171034644358,6.48155,6.48155
6.48165,1.7445139747E-05,-0.001283693127334,6.48165,6.48165
6.48175,1.7495452994E-05,-0.001631872029975,6.48175,6.48175
6.48185,1.7512895283E-05,-0.00141288805753,6.48185,6.48185
6.48195,1.7529537217E-05,-0.001690980861895,6.48195,6.48195
6.48205,2.8832733733E-05,5.17001152038574,6.48205,6.48205
6.48215,0.000101037614513,9.9940710067749,6.48215,6.48215
6.48225,0.000101895035186,9.99413108825684,6.48225,6.48225
6.48235,0.000101990590338,9.99408340454102,6.48235,6.48235
6.48245,0.000102056146716,9.99405670166016,6.48245,6.48245
6.48255,0.000102075304312,9.99393844604492,6.48255,6.48255
6.48265,0.000102088852145,9.99398994445801,6.48265,6.48265
6.48275,0.000102095029433,9.99403381347656,6.48275,6.48275
6.48285,0.000102065852843,9.9939136505127,6.48285,6.48285
6.48295,0.0001020814816,9.99415397644043,6.48295,6.48295
6.48305,0.000104858263512,4.83260250091553,6.48305,6.48305
6.48315,2.1154881324E-05,-0.001098767039366,6.48315,6.48315
6.48325,1.7727063096E-05,-0.00098603812512,6.48325,6.48325
6.48335,1.7444597688E-05,-0.001125366077758,6.48335,6.48335
6.48345,1.7411821318E-05,-0.001100315130316,6.48345,6.48345
6.48355,1.7438698706E-05,-0.001014255569316,6.48355,6.48355
6.48365,1.7463209588E-05,-0.001036280649714,6.48365,6.48365
6.48375,1.7515469153E-05,-0.001014818553813,6.48375,6.48375
6.48385,1.7566260794E-05,-0.001240065204911,6.48385,6.48385
6.48395,1.7593709345E-05,-0.001262653269805,6.48395,6.48395
6.48405,2.8701122574E-05,5.15022373199463,6.48405,6.48405
6.48415,0.000101012017694,9.99400043487549,6.48415,6.48415
6.48425,0.000101921294117,9.99402236938477,6.48425,6.48425
6.48435,0.000102054313174,9.99421977996826,6.48435,6.48435
6.48445,0.000102067715488,9.99392509460449,6.48445,6.48445
6.48455,0.000102053869341,9.99390411376953,6.48455,6.48455
6.48465,0.000102069963759,9.99389457702637,6.48465,6.48465
6.48475,0.000102091682493,9.99399471282959,6.48475,6.48475
6.48485,0.000102073157905,9.99419975280762,6.48485,6.48485
6.48495,0.000102093326859,9.99426651000977,6.48495,6.48495
6.48505,0.000105016915768,4.85234594345093,6.48505,6.48505
6.48515,2.1133197151E-05,-0.001366515876725,6.48515,6.48515
6.48525,1.7761971321E-05,-0.001345616648905,6.48525,6.48525
6.48535,1.7496346118E-05,-0.001524068880826,6.48535,6.48535
6.48545,1.7444977857E-05,-0.001328798825853,6.48545,6.48545
6.48555,1.7450363885E-05,-0.001392129575834,6.48555,6.48555
6.48565,1.7454503904E-05,-0.001250901841559,6.48565,6.48565
6.48575,1.7480870156E-05,-0.001138454419561,6.48575,6.48575
6.48585,1.7516806111E-05,-0.000863880035467,6.48585,6.48585
6.48595,1.7582711735E-05,-0.000891745556146,6.48595,6.48595
6.48605,2.8560534702E-05,5.13037347793579,6.48605,6.48605
6.48615,0.000101059995359,9.9937858581543,6.48615,6.48615
6.48625,0.000101915597043,9.99395275115967,6.48625,6.48625
6.48635,0.000102023419458,9.99417686462402,6.48635,6.48635
6.48645,0.000102066391264,9.99429702758789,6.48645,6.48645
6.48655,0.000102105179394,9.99411964416504,6.48655,6.48655
6.48665,0.000102104939288,9.99414539337158,6.48665,6.48665
6.48675,0.000102087251435,9.99417018890381,6.48675,6.48675
6.48685,0.000102067948319,9.99394512176514,6.48685,6.48685
6.48695,0.000102059384517,9.99400997161865,6.48695,6.48695
6.48705,0.000105128623545,4.87228345870972,6.48705,6.48705
6.48715,2.1137275326E-05,-0.001748752663843,6.48715,6.48715
6.48725,1.7712396584E-05,-0.001310010673478,6.48725,6.48725
6.48735,1.7457268768E-05,-0.001210721908137,6.48735,6.48735
6.48745,1.7379787096E-05,-0.000935162417591,6.48745,6.48745
6.48755,1.7392358131E-05,-0.001078993780538,6.48755,6.48755
6.48765,1.7437849237E-05,-0.00094008812448,6.48765,6.48765
6.48775,1.7475042114E-05,-0.001096304156817,6.48775,6.48775
6.48785,1.7512747945E-05,-0.000836436636746,6.48785,6.48785
6.48795,1.753171091E-05,-0.00093671050854,6.48795,6.48795
6.48805,2.8385775295E-05,5.11050271987915,6.48805,6.48805
6.48815,0.000101041114249,9.99399948120117,6.48815,6.48815
6.48825,0.000101919256849,9.99401378631592,6.48825,6.48825
6.48835,0.000102012760181,9.99410152435303,6.48835,6.48835
6.48845,0.000102049758425,9.9940185546875,6.48845,6.48845
6.48855,0.000102078513009,9.99418926239014,6.48855,6.48855
6.48865,0.000102058918856,9.99404144287109,6.48865,6.48865
6.48875,0.000102094323665,9.9942626953125,6.48875,6.48875
6.48885,0.000102101090306,9.99411201477051,6.48885,6.48885
6.48895,0.000102106510894,9.99419403076172,6.48895,6.48895
6.48905,0.000105230712506,4.89250040054321,6.48905,6.48905
6.48915,2.111734284E-05,-0.00127616384998,6.48915,6.48915
6.48925,1.7629270587E-05,-0.001340479822829,6.48925,6.48925
6.48935,1.7397351257E-05,-0.001403318135999,6.48935,6.48935
6.48945,1.7338172256E-05,-0.001232958049513,6.48945,6.48945
6.48955,1.7347199901E-05,-0.001116781146266,6.48955,6.48955
6.48965,1.7376329197E-05,-0.001433998346329,6.48965,6.48965
6.48975,1.7397611373E-05,-0.001152246491984,6.48975,6.48975
6.48985,1.7457718059E-05,-0.001084904652089,6.48985,6.48985
6.48995,1.752778735E-05,-0.001031214138493,6.48995,6.48995
6.49005,2.8200258384E-05,5.0906662940979,6.49005,6.49005
6.49015,0.000101014127722,9.99413681030273,6.49015,6.49015
6.49025,0.000101939222077,9.99407291412354,6.49025,6.49025
6.49035,0.000102051206341,9.99414730072021,6.49035,6.49035
6.49045,0.000102067402622,9.99417591094971,6.49045,6.49045
6.49055,0.000102089106804,9.99408149719238,6.49055,6.49055
6.49065,0.000102083140519,9.99394702911377,6.49065,6.49065
6.49075,0.000102098318166,9.99408435821533,6.49075,6.49075
6.49085,0.000102128877188,9.99410820007324,6.49085,6.49085
6.49095,0.000102116711787,9.99430370330811,6.49095,6.49095
6.49105,0.000105388411612,4.91224384307861,6.49105,6.49105
6.49115,2.1155372451E-05,-0.001202418585308,6.49115,6.49115
6.49125,1.7627358829E-05,-0.000917570490856,6.49125,6.49125
6.49135,1.7355285308E-05,-0.001005459576845,6.49135,6.49135
6.49145,1.7300037143E-05,-0.000895475037396,6.49145,6.49145
6.49155,1.7322190615E-05,-0.001065905438736,6.49155,6.49155
6.49165,1.7361255232E-05,-0.001035928842612,6.49165,6.49165
6.49175,1.7392296286E-05,-0.000983927166089,6.49175,6.49175
6.49185,1.7474936612E-05,-0.000775146472733,6.49185,6.49185
6.49195,1.7483414922E-05,-0.000989978783764,6.49195,6.49195
6.49205,2.8010425012E-05,5.07054853439331,6.49205,6.49205
6.49215,0.000100975521491,9.99409198760986,6.49215,6.49215
6.49225,0.000101908335637,9.99404621124268,6.49225,6.49225
6.49235,0.000102042831713,9.993971824646,6.49235,6.49235
6.49245,0.000102088291897,9.99400329589844,6.49245,6.49245
6.49255,0.000102091114968,9.99390506744385,6.49255,6.49255
6.49265,0.000102064746898,9.99400997161865,6.49265,6.49265
6.49275,0.00010202939302,9.99445724487305,6.49275,6.49275
6.49285,0.000102107427665,9.99401378631592,6.49285,6.49285
6.49295,0.000102098441857,9.99423408508301,6.49295,6.49295
6.49305,0.000105462502688,4.93262195587158,6.49305,6.49305
6.49315,2.1196805392E-05,-0.001066820230335,6.49315,6.49315
6.49325,1.7687521904E-05,-0.001091589569114,6.49325,6.49325
6.49335,1.736320155E-05,-0.00092671829043,6.49335,6.49335
6.49345,1.7306927475E-05,-0.000807445205282,6.49345,6.49345
6.49355,1.7317557649E-05,-0.000933543953579,6.49355,6.49355
6.49365,1.7350223061E-05,-0.00090497470228,6.49365,6.49365
6.49375,1.7373446099E-05,-0.001022136770189,6.49375,6.49375
6.49385,1.7407433916E-05,-0.001000885735266,6.49385,6.49385
6.49395,1.746932503E-05,-0.000962042831816,6.49395,6.49395
6.49405,2.7839414543E-05,5.05062913894653,6.49405,6.49405
6.49415,0.000100977020338,9.99409770965576,6.49415,6.49415
6.49425,0.000101911675301,9.99379062652588,6.49425,6.49425
6.49435,0.000102047422843,9.99374771118164,6.49435,6.49435
6.49445,0.000102048179542,9.99411201477051,6.49445,6.49445
6.49455,0.000102071702713,9.99393272399902,6.49455,6.49455
6.49465,0.000102082980447,9.99372386932373,6.49465,6.49465
6.49475,0.000102083104139,9.99363327026367,6.49475,6.49475
6.49485,0.000102098973002,9.99373054504395,6.49485,6.49485
6.49495,0.000102084064565,9.99399089813232,6.49495,6.49495
6.49505,0.000105619154056,4.95244789123535,6.49505,6.49505
6.49515,2.125982428E-05,-0.001341324183159,6.49515,6.49515
6.49525,1.7650510927E-05,-0.001207555411384,6.49525,6.49525
6.49535,1.7387163098E-05,-0.001108970376663,6.49535,6.49535
6.49545,1.7320124243E-05,-0.001491910894401,6.49545,6.49545
6.49555,1.7336793462E-05,-0.001197281759232,6.49555,6.49555
6.49565,1.7349871996E-05,-0.001269549247809,6.49565,6.49565
6.49575,1.7402067897E-05,-0.001291996566579,6.49575,6.49575
6.49585,1.7412396119E-05,-0.001259768148884,6.49585,6.49585
6.49595,1.7466822101E-05,-0.001170823466964,6.49595,6.49595
6.49605,2.7703234082E-05,5.03045082092285,6.49605,6.49605
6.49615,0.000100953213405,9.9939136505127,6.49615,6.49615
6.49625,0.00010185597057,9.99403762817383,6.49625,6.49625
6.49635,0.00010201078112,9.99380016326904,6.49635,6.49635
6.49645,0.000102019730548,9.99390506744385,6.49645,6.49645
6.49655,0.000102099809737,9.99409294128418,6.49655,6.49655
6.49665,0.00010207771993,9.99396514892578,6.49665,6.49665
6.49675,0.000102084923128,9.99421310424805,6.49675,6.49675
6.49685,0.000102088204585,9.99392509460449,6.49685,6.49685
6.49695,0.000102099271317,9.99406719207764,6.49695,6.49695
6.49705,0.000105734965473,4.972496509552,6.49705,6.49705
6.49715,2.1233387088E-05,-0.001070479280315,6.49715,6.49715
6.49725,1.7566422684E-05,-0.001096656080335,6.49725,6.49725
6.49735,1.7340935301E-05,-0.001126351184212,6.49735,6.49735
6.49745,1.7277665393E-05,-0.001031354884617,6.49745,6.49745
6.49755,1.7291838958E-05,-0.00092397397384,6.49755,6.49755
6.49765,1.7309106624E-05,-0.000886819849256,6.49765,6.49765
6.49775,1.7348162146E-05,-0.000727929815184,6.49775,6.49775
6.49785,1.7445463527E-05,-0.000653551251162,6.49785,6.49785
6.49795,1.7444070181E-05,-0.000802941678558,6.49795,6.49795
6.49805,2.7537129426E-05,5.01099395751953,6.49805,6.49805
6.49815,0.000100967721664,9.99445915222168,6.49815,6.49815
6.49825,0.000101924139017,9.99446392059326,6.49825,6.49825
6.49835,0.000102041187347,9.99453353881836,6.49835,6.49835
6.49845,0.000102059624624,9.99424839019775,6.49845,6.49845
6.49855,0.000102085614344,9.99403381347656,6.49855,6.49855
6.49865,0.000102082478406,9.99412536621094,6.49865,6.49865
6.49875,0.000102073841845,9.99409484863281,6.49875,6.49875
6.49885,0.000102075733594,9.99417591094971,6.49885,6.49885
6.49895,0.00010207942978,9.99442481994629,6.49895,6.49895
6.49905,0.000105826286017,4.99250793457031,6.49905,6.49905
6.49915,2.1224106604E-05,-0.000899415637832,6.49915,6.49915
6.49925,1.7568678231E-05,-0.000955568975769,6.49925,6.49925
6.49935,1.7347339963E-05,-0.001107492716983,6.49935,6.49935
6.49945,1.7306680093E-05,-0.000901174847968,6.49945,6.49945
6.49955,1.73162789E-05,-0.000955709721893,6.49955,6.49955
6.49965,1.7355790987E-05,-0.000891675241292,6.49965,6.49965
6.49975,1.7374584786E-05,-0.00096809444949,6.49975,6.49975
6.49985,1.7417143681E-05,-0.000851636053994,6.49985,6.49985
6.49995,1.7446454876E-05,-0.001008837250993,6.49995,6.49995
6.50005,2.7418047466E-05,4.99050664901733,6.50005,6.50005
6.50015,0.000100912002381,9.99400329589844,6.50015,6.50015
6.50025,0.000101910729427,9.99414920806885,6.50025,6.50025
6.50035,0.000102029327536,9.99407291412354,6.50035,6.50035
6.50045,0.000102057980257,9.99384784698486,6.50045,6.50045
6.50055,0.000102070269349,9.994065284729,6.50055,6.50055
6.50065,0.00010202757403,9.99415111541748,6.50065,6.50065
6.50075,0.000102082231024,9.99415302276611,6.50075,6.50075
6.50085,0.000102063313534,9.99410247802734,6.50085,6.50085
6.50095,0.00010208429012,9.99397563934326,6.50095,6.50095
6.50105,0.000105983526737,5.01235198974609,6.50105,6.50105
6.50115,2.1293628379E-05,-0.001221558544785,6.50115,6.50115
6.50125,1.7605612811E-05,-0.001272926921956,6.50125,6.50125
6.50135,1.7350286726E-05,-0.0014375167666,6.50135,6.50135
6.50145,1.7239381123E-05,-0.001311769825406,6.50145,6.50145
6.50155,1.724334652E-05,-0.001095037558116,6.50155,6.50155
6.50165,1.7284190108E-05,-0.001110940705985,6.50165,6.50165
6.50175,1.7325417502E-05,-0.001173004857264,6.50175,6.50175
6.50185,1.7382459191E-05,-0.001416265731677,6.50185,6.50185
6.50195,1.7438369468E-05,-0.001256109098904,6.50195,6.50195
6.50205,2.7218273317E-05,4.97045135498047,6.50205,6.50205
6.50215,0.000100891331385,9.99384307861328,6.50215,6.50215
6.50225,0.000101902289316,9.99409580230713,6.50225,6.50225
6.50235,0.000102017569588,9.9940071105957,6.50235,6.50235
6.50245,0.000102074394817,9.99384117126465,6.50245,6.50245
6.50255,0.000102082791273,9.99361801147461,6.50255,6.50255
6.50265,0.000102075093309,9.99361133575439,6.50265,6.50265
6.50275,0.00010209283937,9.9938497543335,6.50275,6.50275
6.50285,0.000102096710179,9.99370002746582,6.50285,6.50285
6.50295,0.000102063830127,9.99386310577393,6.50295,6.50295
6.50305,0.000106086859887,5.03221607208252,6.50305,6.50305
6.50315,2.1246563847E-05,-0.001198618672788,6.50315,6.50315
6.50325,1.7555299564E-05,-0.001509713940322,6.50325,6.50325
6.50335,1.7309901523E-05,-0.001425765338354,6.50335,6.50335
6.50345,1.7268432202E-05,-0.001101581729017,6.50345,6.50345
6.50355,1.7273327103E-05,-0.000632370589301,6.50355,6.50355
6.50365,1.7305043002E-05,-0.000899626757018,6.50365,6.50365
6.50375,1.7347121684E-05,-0.001020799740218,6.50375,6.50375
6.50385,1.7356656826E-05,-0.00110052630771,6.50385,6.50385
6.50395,1.7407686755E-05,-0.001157101825811,6.50395,6.50395
6.50405,2.705026418E-05,4.95034313201904,6.50405,6.50405
6.50415,0.000100888639281,9.99377250671387,6.50415,6.50415
6.50425,0.000101914425613,9.99391937255859,6.50425,6.50425
6.50435,0.00010203273996,9.99360656738281,6.50435,6.50435
6.50445,0.000102087287814,9.99351501464844,6.50445,6.50445
6.50455,0.000102085716208,9.99367237091064,6.50455,6.50455
6.50465,0.000102103200334,9.99358654022217,6.50465,6.50465
6.50475,0.000102090918517,9.99360084533691,6.50475,6.50475
6.50485,0.000102070087451,9.99411296844482,6.50485,6.50485
6.50495,0.000102071964648,9.99403285980225,6.50495,6.50495
6.50505,0.00010623664275,5.05193758010864,6.50505,6.50505
6.50515,2.1287594791E-05,-0.001371511956677,6.50515,6.50515
6.50525,1.7574198864E-05,-0.001081104855984,6.50525,6.50525
6.50535,1.7305415895E-05,-0.001227328670211,6.50535,6.50535
6.50545,1.7277881852E-05,-0.001047609839588,6.50545,6.50545
6.50555,1.729872929E-05,-0.001203755498864,6.50555,6.50555
6.50565,1.7280462998E-05,-0.001045428449288,6.50565,6.50565
6.50575,1.7365711756E-05,-0.000862331944518,6.50575,6.50575
6.50585,1.7406244297E-05,-0.000986882601865,6.50585,6.50585
6.50595,1.7408381609E-05,-0.001111996243708,6.50595,6.50595
6.50605,2.6947318474E-05,4.93055295944214,6.50605,6.50605
6.50615,0.00010086268594,9.99417495727539,6.50615,6.50615
6.50625,0.000101913821709,9.99434089660645,6.50625,6.50625
6.50635,0.000102015954326,9.99426364898682,6.50635,6.50635
6.50645,0.000102068122942,9.99410152435303,6.50645,6.50645
6.50655,0.000102104721009,9.9940767288208,6.50655,6.50655
6.50665,0.000102082209196,9.99448013305664,6.50665,6.50665
6.50675,0.000102098143543,9.99443626403809,6.50675,6.50675
6.50685,0.000102112877357,9.99437522888184,6.50685,6.50685
6.50695,0.000102088219137,9.99451637268066,6.50695,6.50695
6.50705,0.000106319239421,5.07241630554199,6.50705,6.50705
6.50715,2.1267986085E-05,-0.001118399668485,6.50715,6.50715
6.50725,1.7557802494E-05,-0.000998704344966,6.50725,6.50725
6.50735,1.7256508727E-05,-0.001278415555134,6.50735,6.50735
6.50745,1.7226993805E-05,-0.001105663133785,6.50745,6.50745
6.50755,1.7247481082E-05,-0.001179197221063,6.50755,6.50755
6.50765,1.725614311E-05,-0.001198689104058,6.50765,6.50765
6.50775,1.7268432202E-05,-0.000966264866292,6.50775,6.50775
6.50785,1.7288408344E-05,-0.00113036215771,6.50785,6.50785
6.50795,1.7366695829E-05,-0.001158157363534,6.50795,6.50795
6.50805,2.6750967663E-05,4.9106240272522,6.50805,6.50805
6.50815,0.00010082252993,9.99403381347656,6.50815,6.50815
6.50825,0.000101952398836,9.99410724639893,6.50825,6.50825
6.50835,0.000102064106613,9.99406814575195,6.50835,6.50835
6.50845,0.000102060264908,9.99387168884277,6.50845,6.50845
6.50855,0.000102096448245,9.99392414093018,6.50855,6.50855
6.50865,0.000102102698293,9.99387645721436,6.50865,6.50865
6.50875,0.000102137368231,9.99390316009521,6.50875,6.50875
6.50885,0.00010210115579,9.99394607543945,6.50885,6.50885
6.50895,0.000102090903965,9.99399471282959,6.50895,6.50895
6.50905,0.000106462124677,5.0925235748291,6.50905,6.50905
6.50915,2.135464274E-05,-0.000503386778291,6.50915,6.50915
6.50925,1.7536316591E-05,-0.000416060560383,6.50925,6.50925
6.50935,1.7237574866E-05,-0.000730181578547,6.50935,6.50935
6.50945,1.7202624804E-05,-0.000732011103537,6.50945,6.50945
6.50955,1.7199798094E-05,-0.000792316161096,6.50955,6.50955
6.50965,1.7210315491E-05,-0.000836155144498,6.50965,6.50965
6.50975,1.7271744582E-05,-0.000876616570167,6.50975,6.50975
6.50985,1.7285807189E-05,-0.000941425096244,6.50985,6.50985
6.50995,1.7349597329E-05,-0.001207836903632,6.50995,6.50995
6.51005,2.6609259294E-05,4.89063787460327,6.51005,6.51005
6.51015,0.000100826873677,9.99438762664795,6.51015,6.51015
6.51025,0.000101910576632,9.99414539337158,6.51025,6.51025
6.51035,0.000102033882285,9.99451637268066,6.51035,6.51035
6.51045,0.000102084071841,9.99448585510254,6.51045,6.51045
6.51055,0.000102080783108,9.99466133117676,6.51055,6.51055
6.51065,0.000102095895272,9.99455547332764,6.51065,6.51065
6.51075,0.000102119192888,9.99425220489502,6.51075,6.51075
6.51085,0.00010210146138,9.99448585510254,6.51085,6.51085
6.51095,0.000102127414721,9.99420833587646,6.51095,6.51095
6.51105,0.000106545907329,5.11243438720703,6.51105,6.51105
6.51115,2.133191083E-05,-0.001374256215058,6.51115,6.51115
6.51125,1.749722469E-05,-0.001276445342228,6.51125,6.51125
6.51135,1.7255124476E-05,-0.001033606706187,6.51135,6.51135
6.51145,1.7224223484E-05,-0.001172512304038,6.51145,6.51145
6.51155,1.7221973394E-05,-0.001302481279708,6.51155,6.51155
6.51165,1.7230227968E-05,-0.001143802306615,6.51165,6.51165
6.51175,1.7290440155E-05,-0.000956061587203,6.51175,6.51175
6.51185,1.7343283616E-05,-0.001112277619541,6.51185,6.51185
6.51195,1.7362119252E-05,-0.001097711618058,6.51195,6.51195
6.51205,2.647839392E-05,4.87085962295532,6.51205,6.51205
6.51215,0.000100802542875,9.99429130554199,6.51215,6.51215
6.51225,0.000101963429188,9.99439716339111,6.51225,6.51225
6.51235,0.000102054349554,9.99418258666992,6.51235,6.51235
6.51245,0.000102057660115,9.99408149719238,6.51245,6.51245
6.51255,0.000102097554191,9.99396228790283,6.51255,6.51255
6.51265,0.00010210731125,9.99406051635742,6.51265,6.51265
6.51275,0.000102114863694,9.99415016174316,6.51275,6.51275
6.51285,0.0001020828131,9.99416923522949,6.51285,6.51285
6.51295,0.000102116668131,9.99389171600342,6.51295,6.51295
6.51305,0.00010670323536,5.13240575790405,6.51305,6.51305
6.51315,2.1350599127E-05,-0.000853606325109,6.51315,6.51315
6.51325,1.7531541744E-05,-0.001212973729707,6.51325,6.51325
6.51335,1.7236463464E-05,-0.001047680154443,6.51335,6.51335
6.51345,1.7188829588E-05,-0.001039165770635,6.51345,6.51345
6.51355,1.7190903236E-05,-0.000922003644519,6.51355,6.51355
6.51365,1.7252416001E-05,-0.000857969105709,6.51365,6.51365
6.51375,1.7264123017E-05,-0.001103059505112,6.51375,6.51375
6.51385,1.7304100766E-05,-0.001154427882284,6.51385,6.51385
6.51395,1.7341968487E-05,-0.001351738581434,6.51395,6.51395
6.51405,2.6334530048E-05,4.8503737449646,6.51405,6.51405
6.51415,0.000100757708424,9.99430465698242,6.51415,6.51415
6.51425,0.000101906749478,9.9941930770874,6.51425,6.51425
6.51435,0.000102038160549,9.99409961700439,6.51435,6.51435
6.51445,0.000102059297205,9.99404430389404,6.51445,6.51445
6.51455,0.000102079742646,9.99393463134766,6.51455,6.51455
6.51465,0.000102093094029,9.99412155151367,6.51465,6.51465
6.51475,0.000102085192339,9.99406147003174,6.51475,6.51475
6.51485,0.00010207129526,9.99427890777588,6.51485,6.51485
6.51495,0.000102076228359,9.99411773681641,6.51495,6.51495
6.51505,0.000106805979158,5.15242958068848,6.51505,6.51505
6.51515,2.1348974769E-05,-0.000951417314354,6.51515,6.51515
6.51525,1.7442347598E-05,-0.000862120825332,6.51525,6.51525
6.51535,1.7196831323E-05,-0.001026358804666,6.51535,6.51535
6.51545,1.7149352061E-05,-0.001247805659659,6.51545,6.51545
6.51555,1.7152529836E-05,-0.001045921002515,6.51555,6.51555
6.51565,1.7193604435E-05,-0.001019392395392,6.51565,6.51565
6.51575,1.7246187781E-05,-0.001157735125162,6.51575,6.51575
6.51585,1.7303973436E-05,-0.00107653089799,6.51585,6.51585
6.51595,1.733767931E-05,-0.000757273111958,6.51595,6.51595
6.51605,2.6125255317E-05,4.83092021942139,6.51605,6.51605
6.51615,0.000100737437606,9.99423694610596,6.51615,6.51615
6.51625,0.000101881014416,9.994309425354,6.51625,6.51625
6.51635,0.000102020414488,9.9943323135376,6.51635,6.51635
6.51645,0.00010205264698,9.99411678314209,6.51645,6.51645
6.51655,0.000102091558801,9.9938850402832,6.51655,6.51655
6.51665,0.000102078120108,9.99410533905029,6.51665,6.51665
6.51675,0.000102084159153,9.99414443969727,6.51675,6.51675
6.51685,0.000102102254459,9.99396991729736,6.51685,6.51685
6.51695,0.000102122270619,9.99401187896729,6.51695,6.51695
6.51705,0.00010692927026,5.17249011993408,6.51705,6.51705
6.51715,2.14041047E-05,-0.001085819443688,6.51715,6.51715
6.51725,1.7450722225E-05,-0.001026640296914,6.51725,6.51725
6.51735,1.7218879293E-05,-0.000740807037801,6.51735,6.51735
6.51745,1.7131113054E-05,-0.000369969784515,6.51745,6.51745
6.51755,1.7157197362E-05,-0.000605067936704,6.51755,6.51755
6.51765,1.7198399291E-05,-0.000758187845349,6.51765,6.51765
6.51775,1.7216447304E-05,-0.000820955785457,6.51775,6.51775
6.51785,1.7256958017E-05,-0.000932558788918,6.51785,6.51785
6.51795,1.7322598069E-05,-0.000653410505038,6.51795,6.51795
6.51805,2.5955769161E-05,4.81123208999634,6.51805,6.51805
6.51815,0.00010071714496,9.99436187744141,6.51815,6.51815
6.51825,0.0001019105257,9.99439811706543,6.51825,6.51825
6.51835,0.000102012149,9.99461364746094,6.51835,6.51835
6.51845,0.000102042278741,9.99431610107422,6.51845,6.51845
6.51855,0.000102077479823,9.99435043334961,6.51855,6.51855
6.51865,0.000102107740531,9.99416446685791,6.51865,6.51865
6.51875,0.000102076111943,9.9941291809082,6.51875,6.51875
6.51885,0.000102058307675,9.99426555633545,6.51885,6.51885
6.51895,0.000102063851955,9.99425506591797,6.51895,6.51895
6.51905,0.000107041720184,5.19250202178955,6.51905,6.51905
6.51915,2.1420661142E-05,-0.000976890441962,6.51915,6.51915
6.51925,1.7442187527E-05,-0.000903778418433,6.51925,6.51925
6.51935,1.7227936041E-05,-0.000825107446872,6.51935,6.51935
6.51945,1.7122387362E-05,-0.000820744666271,6.51945,6.51945
6.51955,1.7155882233E-05,-0.000640322105028,6.51955,6.51955
6.51965,1.7175034372E-05,-0.000473339780001,6.51965,6.51965
6.51975,1.7204529286E-05,-0.000708156498149,6.51975,6.51975
6.51985,1.7244106857E-05,-0.000501909060404,6.51985,6.51985
6.51995,1.7301119442E-05,-0.000627796689514,6.51995,6.51995
6.52005,2.5801575248E-05,4.79103565216065,6.52005,6.52005
6.52015,0.000100715144072,9.9944543838501,6.52015,6.52015
6.52025,0.000101913617982,9.9943904876709,6.52025,6.52025
6.52035,0.000102028199763,9.99411201477051,6.52035,6.52035
6.52045,0.00010208076128,9.99414539337158,6.52045,6.52045
6.52055,0.000102086858533,9.99408912658691,6.52055,6.52055
6.52065,0.000102078869531,9.99401664733887,6.52065,6.52065
6.52075,0.000102067540865,9.99410152435303,6.52075,6.52075
6.52085,0.00010211213521,9.9940013885498,6.52085,6.52085
6.52095,0.000102095335023,9.99423122406006,6.52095,6.52095
6.52105,0.000107168882096,5.2126522064209,6.52105,6.52105
6.52115,2.1443272999E-05,-0.001014466630295,6.52115,6.52115
6.52125,1.7454398403E-05,-0.00081384863006,6.52125,6.52125
6.52135,1.7191317966E-05,-0.000861698586959,6.52135,6.52135
6.52145,1.7140309865E-05,-0.001048806123435,6.52145,6.52145
6.52155,1.7145210222E-05,-0.001009892788716,6.52155,6.52155
6.52165,1.7184935132E-05,-0.001060557435267,6.52165,6.52165
6.52175,1.7189553546E-05,-0.001226202817634,6.52175,6.52175
6.52185,1.7260937966E-05,-0.000934388372116,6.52185,6.52185
6.52195,1.7292091798E-05,-0.001008837250993,6.52195,6.52195
6.52205,2.5649744202E-05,4.77065944671631,6.52205,6.52205
6.52215,0.000100731522252,9.99403953552246,6.52215,6.52215
6.52225,0.000101910969533,9.9939546585083,6.52225,6.52225
6.52235,0.000102025383967,9.99406719207764,6.52235,6.52235
6.52245,0.00010207532614,9.99441528320313,6.52245,6.52245
6.52255,0.000102085847175,9.99431037902832,6.52255,6.52255
6.52265,0.000102088713902,9.99413108825684,6.52265,6.52265
6.52275,0.000102086538391,9.99387359619141,6.52275,6.52275
6.52285,0.000102095713373,9.99428081512451,6.52285,6.52285
6.52295,0.000102108104329,9.99399280548096,6.52295,6.52295
6.52305,0.000107282983663,5.23228931427002,6.52305,6.52305
6.52315,2.1470581487E-05,-0.001034873304889,6.52315,6.52315
6.52325,1.7438966097E-05,-0.001007429906167,6.52325,6.52325
6.52335,1.7176906113E-05,-0.001245061284862,6.52335,6.52335
6.52345,1.7131274944E-05,-0.000822363130283,6.52345,6.52345
6.52355,1.7136717361E-05,-0.000926859036554,6.52355,6.52355
6.52365,1.7174810637E-05,-0.00070541218156,6.52365,6.52365
6.52375,1.7207334167E-05,-0.000602745800279,6.52375,6.52375
6.52385,1.7245540221E-05,-0.000560736341868,6.52385,6.52385
6.52395,1.7307040252E-05,-0.00078837556066,6.52395,6.52395
6.52405,2.5486186132E-05,4.75102424621582,6.52405,6.52405
6.52415,0.000100718396425,9.99415874481201,6.52415,6.52415
6.52425,0.000101898782304,9.99416065216064,6.52425,6.52425
6.52435,0.000102061363577,9.99392032623291,6.52435,6.52435
6.52445,0.000102075908217,9.99418354034424,6.52445,6.52445
6.52455,0.000102088313724,9.99435043334961,6.52455,6.52455
6.52465,0.000102086203697,9.99421310424805,6.52465,6.52465
6.52475,0.000102120815427,9.99392795562744,6.52475,6.52475
6.52485,0.00010208295862,9.9942626953125,6.52485,6.52485
6.52495,0.000102097306808,9.99444770812988,6.52495,6.52495
6.52505,0.000107469059003,5.2528567314148,6.52505,6.52505
6.52515,2.15255277E-05,-0.000883794040419,6.52515,6.52515
6.52525,1.7436077542E-05,-0.001182785956189,6.52525,6.52525
6.52535,1.7180202121E-05,-0.001030017971061,6.52535,6.52535
6.52545,1.7157612092E-05,-0.001041065668687,6.52545,6.52545
6.52555,1.7181348085E-05,-0.000881894142367,6.52555,6.52555
6.52565,1.7201275114E-05,-0.000677687348798,6.52565,6.52565
6.52575,1.7224103431E-05,-0.000867539143655,6.52575,6.52575
6.52585,1.7287226001E-05,-0.00083875877317,6.52585,6.52585
6.52595,1.7286987713E-05,-0.000800760288257,6.52595,6.52595
6.52605,2.5275097869E-05,4.73104953765869,6.52605,6.52605
6.52615,0.000100718039903,9.99419689178467,6.52615,6.52615
6.52625,0.000101917103166,9.9942684173584,6.52625,6.52625
6.52635,0.000102033234725,9.99416828155518,6.52635,6.52635
6.52645,0.00010206848674,9.99410343170166,6.52645,6.52645
6.52655,0.000102078913187,9.99425888061523,6.52655,6.52655
6.52665,0.000102092642919,9.99445056915283,6.52665,6.52665
6.52675,0.000102064201201,9.99434661865234,6.52675,6.52675
6.52685,0.000102080412034,9.99442863464355,6.52685,6.52685
6.52695,0.000102101148514,9.99444770812988,6.52695,6.52695
6.52705,0.000107553736598,5.27288818359375,6.52705,6.52705
6.52715,2.1562114853E-05,-0.000781831389759,6.52715,6.52715
6.52725,1.7471351384E-05,-0.00054997013649,6.52725,6.52725
6.52735,1.7197344278E-05,-0.000815818959381,6.52735,6.52735
6.52745,1.7113683498E-05,-0.000842347508296,6.52745,6.52745
6.52755,1.714593418E-05,-0.000783660914749,6.52755,6.52755
6.52765,1.7159272829E-05,-0.000594935030676,6.52765,6.52765
6.52775,1.7149463019E-05,-0.000928407127503,6.52775,6.52775
6.52785,1.717669511E-05,-0.000549759017304,6.52785,6.52785
6.52795,1.725581933E-05,-0.000663473038003,6.52795,6.52795
6.52805,2.5095388992E-05,4.71106004714966,6.52805,6.52805
6.52815,0.000100691955595,9.99439144134521,6.52815,6.52815
6.52825,0.000101893667306,9.99416446685791,6.52825,6.52825
6.52835,0.000102005731605,9.99423694610596,6.52835,6.52835
6.52845,0.00010202890553,9.99450302124023,6.52845,6.52845
6.52855,0.000102083118691,9.99423408508301,6.52855,6.52855
6.52865,0.000102095102193,9.99425506591797,6.52865,6.52865
6.52875,0.000102080863144,9.99416637420654,6.52875,6.52875
6.52885,0.000102081037767,9.99420166015625,6.52885,6.52885
6.52895,0.000102072583104,9.99465847015381,6.52895,6.52895
6.52905,0.00010766737978,5.29274082183838,6.52905,6.52905
6.52915,2.1557945729E-05,-0.000823559355922,6.52915,6.52915
6.52925,1.7407446649E-05,-0.000768954108935,6.52925,6.52925
6.52935,1.7139782358E-05,-0.000933473580517,6.52935,6.52935
6.52945,1.7096479496E-05,-0.000776131579187,6.52945,6.52945
6.52955,1.7085876607E-05,-0.001149502117187,6.52955,6.52955
6.52965,1.7110463887E-05,-0.00100848544389,6.52965,6.52965
6.52975,1.715153121E-05,-0.001032340107486,6.52975,6.52975
6.52985,1.7187556296E-05,-0.000921792525332,6.52985,6.52985
6.52995,1.722316847E-05,-0.001081949216314,6.52995,6.52995
6.53005,2.4936407499E-05,4.69091510772705,6.53005,6.53005
6.53015,0.00010069354903,9.99449157714844,6.53015,6.53015
6.53025,0.000101876037661,9.99452209472656,6.53025,6.53025
6.53035,0.000102024110674,9.99412727355957,6.53035,6.53035
6.53045,0.000102042591607,9.99409961700439,6.53045,6.53045
6.53055,0.000102037003671,9.9941349029541,6.53055,6.53055
6.53065,0.000102048223198,9.99422645568848,6.53065,6.53065
6.53075,0.000102076737676,9.9945240020752,6.53075,6.53075
6.53085,0.000102069279819,9.99438667297363,6.53085,6.53085
6.53095,0.000102063007944,9.99440574645996,6.53095,6.53095
6.53105,0.000107760366518,5.31231307983398,6.53105,6.53105
6.53115,2.1578638552E-05,-0.001200448255986,6.53115,6.53115
6.53125,1.7379781639E-05,-0.001160127576441,6.53125,6.53125
6.53135,1.7114140064E-05,-0.000982660567388,6.53135,6.53135
6.53145,1.7066338842E-05,-0.000762832118198,6.53145,6.53145
6.53155,1.7062788174E-05,-0.001086593489163,6.53155,6.53155
6.53165,1.7103770006E-05,-0.000871972297318,6.53165,6.53165
6.53175,1.7105063307E-05,-0.000779579626396,6.53175,6.53175
6.53185,1.7156578906E-05,-0.001093489467166,6.53185,6.53185
6.53195,1.7241454771E-05,-0.001272012130357,6.53195,6.53195
6.53205,2.4777826184E-05,4.67088222503662,6.53205,6.53205
6.53215,0.00010070384451,9.99452018737793,6.53215,6.53215
6.53225,0.000101905672636,9.99414825439453,6.53225,6.53225
6.53235,0.000102033409348,9.99422645568848,6.53235,6.53235
6.53245,0.000102059675555,9.99417781829834,6.53245,6.53245
6.53255,0.000102066151157,9.99412727355957,6.53255,6.53255
6.53265,0.000102109232103,9.99410247802734,6.53265,6.53265
6.53275,0.000102067970147,9.99437808990479,6.53275,6.53275
6.53285,0.000102088255517,9.9943675994873,6.53285,6.53285
6.53295,0.000102112564491,9.99435997009277,6.53295,6.53295
6.53305,0.000107926112833,5.33244180679321,6.53305,6.53305
6.53315,2.1615367586E-05,-0.000993778579868,6.53315,6.53315
6.53325,1.7423526515E-05,-0.001189611619338,6.53325,6.53325
6.53335,1.7133996153E-05,-0.00120804796461,6.53335,6.53335
6.53345,1.7087493688E-05,-0.00106386479456,6.53345,6.53345
6.53355,1.7075401047E-05,-0.000815889274236,6.53355,6.53355
6.53365,1.7108481188E-05,-0.000869157607667,6.53365,6.53365
6.53375,1.7109437977E-05,-0.000801604648586,6.53375,6.53375
6.53385,1.7118662072E-05,-0.000979705131613,6.53385,6.53385
6.53395,1.7173522792E-05,-0.000655380776152,6.53395,6.53395
6.53405,2.4601942641E-05,4.65110015869141,6.53405,6.53405
6.53415,0.000100719378679,9.99449348449707,6.53415,6.53415
6.53425,0.000101946068753,9.99431610107422,6.53425,6.53425
6.53435,0.000102072634036,9.9945068359375,6.53435,6.53435
6.53445,0.000102122437966,9.99441432952881,6.53445,6.53445
6.53455,0.000102111174783,9.99435710906982,6.53455,6.53455
6.53465,0.000102126708953,9.99454593658447,6.53465,6.53465
6.53475,0.000102098390926,9.99456787109375,6.53475,6.53475
6.53485,0.000102098863863,9.9945182800293,6.53485,6.53485
6.53495,0.000102136647911,9.99464797973633,6.53495,6.53495
6.53505,0.00010804815247,5.35265731811523,6.53505,6.53505
6.53515,2.1635059966E-05,-0.000973301648628,6.53515,6.53515
6.53525,1.7376918549E-05,-0.000897023128346,6.53525,6.53525
6.53535,1.7092457711E-05,-0.000721455959138,6.53535,6.53535
6.53545,1.7050104361E-05,-0.000897445366718,6.53545,6.53545
6.53555,1.7021924577E-05,-0.000909055990633,6.53555,6.53555
6.53565,1.7047235815E-05,-0.000976749695837,6.53565,6.53565
6.53575,1.706558578E-05,-0.00113254354801,6.53575,6.53575
6.53585,1.7107116946E-05,-0.001383404014632,6.53585,6.53585
6.53595,1.7161008145E-05,-0.001367641729303,6.53595,6.53595
6.53605,2.4384464268E-05,4.63056230545044,6.53605,6.53605
6.53615,0.000100750745332,9.99422550201416,6.53615,6.53615
6.53625,0.000101926714706,9.99420738220215,6.53625,6.53625
6.53635,0.000102002872154,9.99418258666992,6.53635,6.53635
6.53645,0.000102046702523,9.99450302124023,6.53645,6.53645
6.53655,0.000102071520814,9.99420738220215,6.53655,6.53655
6.53665,0.000102066136606,9.99435234069824,6.53665,6.53665
6.53675,0.000102069934655,9.99426174163818,6.53675,6.53675
6.53685,0.000102107027487,9.99442768096924,6.53685,6.53685
6.53695,0.000102106816485,9.99430656433105,6.53695,6.53695
6.53705,0.00010811467655,5.37213802337646,6.53705,6.53705
6.53715,2.1623762223E-05,-0.00134266121313,6.53715,6.53715
6.53725,1.7363343431E-05,-0.001177508383989,6.53725,6.53725
6.53735,1.7062091501E-05,-0.001107563031837,6.53735,6.53735
6.53745,1.7002941604E-05,-0.001201574108563,6.53745,6.53745
6.53755,1.7037595171E-05,-0.001119877328165,6.53755,6.53755
6.53765,1.7054055206E-05,-0.001097711618058,6.53765,6.53765
6.53775,1.7096655938E-05,-0.001231128582731,6.53775,6.53775
6.53785,1.7094524082E-05,-0.001142887515016,6.53785,6.53785
6.53795,1.7150336134E-05,-0.001170471659862,6.53795,6.53795
6.53805,2.4183598725E-05,4.61106538772583,6.53805,6.53805
6.53815,0.000100720986666,9.99434566497803,6.53815,6.53815
6.53825,0.000101891724626,9.99436187744141,6.53825,6.53825
6.53835,0.000102024743683,9.99426937103271,6.53835,6.53835
6.53845,0.00010205822764,9.99393844604492,6.53845,6.53845
6.53855,0.000102067810076,9.99411392211914,6.53855,6.53855
6.53865,0.000102085374238,9.994140625,6.53865,6.53865
6.53875,0.000102098747448,9.99436283111572,6.53875,6.53875
6.53885,0.000102077545307,9.99453735351563,6.53885,6.53885
6.53895,0.000102084763057,9.994309425354,6.53895,6.53895
6.53905,0.000108228639874,5.39241981506348,6.53905,6.53905
6.53915,2.1607866074E-05,-0.001228032400832,6.53915,6.53915
6.53925,1.7313641365E-05,-0.00106379436329,6.53925,6.53925
6.53935,1.7070515241E-05,-0.000778805580921,6.53935,6.53935
6.53945,1.7006583221E-05,-0.000995256355964,6.53945,6.53945
6.53955,1.7013564502E-05,-0.001216210657731,6.53955,6.53955
6.53965,1.7024427507E-05,-0.001336398534477,6.53965,6.53965
6.53975,1.7038573787E-05,-0.000968657375779,6.53975,6.53975
6.53985,1.7080203179E-05,-0.001177297323011,6.53985,6.53985
6.53995,1.7111631678E-05,-0.000931714370381,6.53995,6.53995
6.54005,2.395698175E-05,4.59090614318848,6.54005,6.54005
6.54015,0.000100741672213,9.99431228637695,6.54015,6.54015
6.54025,0.000101905512565,9.99445343017578,6.54025,6.54025
6.54035,0.000102020741906,9.99431800842285,6.54035,6.54035
6.54045,0.000102098878415,9.99418067932129,6.54045,6.54045
6.54055,0.000102100566437,9.99399089813232,6.54055,6.54055
6.54065,0.000102121317468,9.99426460266113,6.54065,6.54065
6.54075,0.000102111429442,9.99417686462402,6.54075,6.54075
6.54085,0.00010211308836,9.99424171447754,6.54085,6.54085
6.54095,0.000102110032458,9.99386405944824,6.54095,6.54095
6.54105,0.000108388616354,5.41221857070923,6.54105,6.54105
6.54115,2.1706044208E-05,-0.001345124095678,6.54115,6.54115
6.54125,1.7343023501E-05,-0.001405780902132,6.54125,6.54125
6.54135,1.7073030904E-05,-0.001181519357488,6.54135,6.54135
6.54145,1.7027359718E-05,-0.001157735125162,6.54145,6.54145
6.54155,1.7026108253E-05,-0.001153020537458,6.54155,6.54155
6.54165,1.7022592147E-05,-0.001074068015441,6.54165,6.54165
6.54175,1.7050919269E-05,-0.001007852144539,6.54175,6.54175
6.54185,1.7094651412E-05,-0.000757132365834,6.54185,6.54185
6.54195,1.7126867533E-05,-0.000455044209957,6.54195,6.54195
6.54205,2.3797978429E-05,4.5713906288147,6.54205,6.54205
6.54215,0.00010075733735,9.9947624206543,6.54215,6.54215
6.54225,0.000101951838587,9.99479484558105,6.54225,6.54225
6.54235,0.000102053600131,9.99455547332764,6.54235,6.54235
6.54245,0.000102059369965,9.99448680877686,6.54245,6.54245
6.54255,0.000102101272205,9.99451637268066,6.54255,6.54255
6.54265,0.000102102902019,9.99440383911133,6.54265,6.54265
6.54275,0.000102107624116,9.9945821762085,6.54275,6.54275
6.54285,0.000102084464743,9.99480152130127,6.54285,6.54285
6.54295,0.000102096084447,9.99467945098877,6.54295,6.54295
6.54305,0.000108508495032,5.43250465393066,6.54305,6.54305
6.54315,2.172267159E-05,-0.000888579059392,6.54315,6.54315
6.54325,1.7315236619E-05,-0.000689790525939,6.54325,6.54325
6.54335,1.7022803149E-05,-0.000683246355038,6.54335,6.54335
6.54345,1.7013149773E-05,-0.000614215736277,6.54345,6.54345
6.54355,1.7056410798E-05,-0.000610064074863,6.54355,6.54355
6.54365,1.7064327039E-05,-0.000790134770796,6.54365,6.54365
6.54375,1.7061929611E-05,-0.000759313756134,6.54375,6.54375
6.54385,1.7117487005E-05,-0.00081603002036,6.54385,6.54385
6.54395,1.7137723262E-05,-0.000710900814738,6.54395,6.54395
6.54405,2.3607421099E-05,4.55119514465332,6.54405,6.54405
6.54415,0.000100789722637,9.99478721618652,6.54415,6.54415
6.54425,0.00010190840112,9.99447536468506,6.54425,6.54425
6.54435,0.000102050726127,9.99459171295166,6.54435,6.54435
6.54445,0.00010205747094,9.9943208694458,6.54445,6.54445
6.54455,0.000102055280877,9.99450206756592,6.54455,6.54455
6.54465,0.000102131656604,9.99431133270264,6.54465,6.54465
6.54475,0.000102103345853,9.99431800842285,6.54475,6.54475
6.54485,0.000102110250737,9.99435997009277,6.54485,6.54485
6.54495,0.000102126177808,9.99425411224365,6.54495,6.54495
6.54505,0.000108619518869,5.45213413238525,6.54505,6.54505
6.54515,2.1781514079E-05,-0.001031143823639,6.54515,6.54515
6.54525,1.7337159079E-05,-0.000881964457221,6.54525,6.54525
6.54535,1.7048409063E-05,-0.000829962838907,6.54535,6.54535
6.54545,1.702685222E-05,-0.000798367778771,6.54545,6.54545
6.54555,1.7011996533E-05,-0.000800619542133,6.54555,6.54555
6.54565,1.7050568204E-05,-0.000908985617571,6.54565,6.54565
6.54575,1.7094946088E-05,-0.000570869306102,6.54575,6.54575
6.54585,1.7120974007E-05,-0.000721104152035,6.54585,6.54585
6.54595,1.7165591998E-05,-0.000759032263886,6.54595,6.54595
6.54605,2.3466654966E-05,4.53107166290283,6.54605,6.54605
6.54615,0.000100800200016,9.99437141418457,6.54615,6.54615
6.54625,0.000101908968645,9.9940128326416,6.54625,6.54625
6.54635,0.000102039914054,9.99415016174316,6.54635,6.54635
6.54645,0.000102066354884,9.99406814575195,6.54645,6.54645
6.54655,0.000102081394289,9.99409961700439,6.54655,6.54655
6.54665,0.000102109137515,9.99394989013672,6.54665,6.54665
6.54675,0.000102104415419,9.99394035339355,6.54675,6.54675
6.54685,0.000102134144981,9.99391841888428,6.54685,6.54685
6.54695,0.000102129582956,9.9939603805542,6.54695,6.54695
6.54705,0.000108736487164,5.4721269607544,6.54705,6.54705
6.54715,2.1780704628E-05,-0.00126560870558,6.54715,6.54715
6.54725,1.7335578377E-05,-0.00119313003961,6.54725,6.54725
6.54735,1.7063110135E-05,-0.001064216601662,6.54735,6.54735
6.54745,1.6967540432E-05,-0.000654888222925,6.54745,6.54745
6.54755,1.6966949261E-05,-0.000522526737768,6.54755,6.54755
6.54765,1.7005155314E-05,-0.000924325780943,6.54765,6.54765
6.54775,1.7067526642E-05,-0.000658195524011,6.54775,6.54775
6.54785,1.7115757146E-05,-0.00059627200244,6.54785,6.54785
6.54795,1.7123913494E-05,-0.000527382129803,6.54795,6.54795
6.54805,2.3232183594E-05,4.5110297203064,6.54805,6.54805
6.54815,0.000100811470475,9.99422359466553,6.54815,6.54815
6.54825,0.00010189814202,9.99406147003174,6.54825,6.54825
6.54835,0.000102036348835,9.99416732788086,6.54835,6.54835
6.54845,0.000102098914795,9.99431800842285,6.54845,6.54845
6.54855,0.000102091566077,9.99423694610596,6.54855,6.54855
6.54865,0.000102131685708,9.99405193328857,6.54865,6.54865
6.54875,0.000102130929008,9.99382591247559,6.54875,6.54875
6.54885,0.000102082965896,9.99400901794434,6.54885,6.54885
6.54895,0.000102109333966,9.99411678314209,6.54895,6.54895
6.54905,0.000108838787128,5.49226188659668,6.54905,6.54905
6.54915,2.1802872652E-05,-0.001211636699736,6.54915,6.54915
6.54925,1.730641452E-05,-0.001301144366153,6.54925,6.54925
6.54935,1.7046357243E-05,-0.001451027346775,6.54935,6.54935
6.54945,1.7015947378E-05,-0.001105029834434,6.54945,6.54945
6.54955,1.7013564502E-05,-0.001064005540684,6.54955,6.54955
6.54965,1.702332338E-05,-0.00091208179947,6.54965,6.54965
6.54975,1.705446266E-05,-0.000865076261107,6.54975,6.54975
6.54985,1.7091319023E-05,-0.001093348721042,6.54985,6.54985
6.54995,1.7095058865E-05,-0.000794849358499,6.54995,6.54995
6.55005,2.3004095056E-05,4.49081420898438,6.55005,6.55005
6.55015,0.00010082051449,9.99444961547852,6.55015,6.55015
6.55025,0.000101928751974,9.9945182800293,6.55025,6.55025
6.55035,0.000102024445368,9.9945240020752,6.55035,6.55035
6.55045,0.000102056845208,9.994553565979,6.55045,6.55045
6.55055,0.000102082769445,9.99455738067627,6.55055,6.55055
6.55065,0.000102090110886,9.99436187744141,6.55065,6.55065
6.55075,0.000102084144601,9.99447345733643,6.55075,6.55075
6.55085,0.000102120618976,9.9941349029541,6.55085,6.55085
6.55095,0.000102131452877,9.99424648284912,6.55095,6.55095
6.55105,0.000108966247353,5.5122447013855,6.55105,6.55105
6.55115,2.180543197E-05,-0.000898500846233,6.55115,6.55115
6.55125,1.7224503608E-05,-0.001249564811587,6.55125,6.55125
6.55135,1.6966141629E-05,-0.000839673564769,6.55135,6.55135
6.55145,1.6900283299E-05,-0.001086804550141,6.55145,6.55145
6.55155,1.692481419E-05,-0.001095389481634,6.55155,6.55155
6.55165,1.6955546016E-05,-0.000873309269082,6.55165,6.55165
6.55175,1.7011392629E-05,-0.00090124522103,6.55175,6.55175
6.55185,1.7029467926E-05,-0.000818915083073,6.55185,6.55185
6.55195,1.7062893676E-05,-0.000920244434383,6.55195,6.55195
6.55205,2.2825885026E-05,4.47106599807739,6.55205,6.55205
6.55215,0.000100843033579,9.99460411071777,6.55215,6.55215
6.55225,0.000101903337054,9.99455165863037,6.55225,6.55225
6.55235,0.000102045691165,9.9945821762085,6.55235,6.55235
6.55245,0.000102090991277,9.99443817138672,6.55245,6.55245
6.55255,0.000102065729152,9.99466896057129,6.55255,6.55255
6.55265,0.000102099438664,9.99470806121826,6.55265,6.55265
6.55275,0.000102126352431,9.99475765228271,6.55275,6.55275
6.55285,0.000102136116766,9.99468898773193,6.55285,6.55285
6.55295,0.00010212277266,9.99447822570801,6.55295,6.55295
6.55305,0.000109093627543,5.5323338508606,6.55305,6.55305
6.55315,2.1835116058E-05,-0.001206359127536,6.55315,6.55315
6.55325,1.7248999939E-05,-0.001069634919986,6.55325,6.55325
6.55335,1.6948923076E-05,-0.000877531303558,6.55335,6.55335
6.55345,1.6928941477E-05,-0.00072405958781,6.55345,6.55345
6.55355,1.6952712031E-05,-0.000951698806603,6.55355,6.55355
6.55365,1.6991720258E-05,-0.000987375155091,6.55365,6.55365
6.55375,1.7039683371E-05,-0.00082911842037,6.55375,6.55375
6.55385,1.7075837604E-05,-0.000864020723384,6.55385,6.55385
6.55395,1.7077369193E-05,-0.000695349590387,6.55395,6.55395
6.55405,2.2632761102E-05,4.45093393325806,6.55405,6.55405
6.55415,0.000100867073343,9.99441909790039,6.55415,6.55415
6.55425,0.000101917758002,9.99459934234619,6.55425,6.55425
6.55435,0.000102033583971,9.99478912353516,6.55435,6.55435
6.55445,0.000102078811324,9.9945068359375,6.55445,6.55445
6.55455,0.000102092053567,9.99453449249268,6.55455,6.55455
6.55465,0.000102074103779,9.99430465698242,6.55465,6.55465
6.55475,0.000102071302535,9.99448680877686,6.55475,6.55475
6.55485,0.00010210765322,9.99460029602051,6.55485,6.55485
6.55495,0.000102087280538,9.99441432952881,6.55495,6.55495
6.55505,0.000109193664684,5.55248785018921,6.55505,6.55505
6.55515,2.1915549951E-05,-0.000990682397969,6.55515,6.55515
6.55525,1.7272581317E-05,-0.001258571865037,6.55525,6.55525
6.55535,1.7001442757E-05,-0.001054576248862,6.55535,6.55535
6.55545,1.6902209609E-05,-0.000808219250757,6.55545,6.55545
6.55555,1.6930909624E-05,-0.000811526493635,6.55555,6.55555
6.55565,1.6936624888E-05,-0.000957257812843,6.55565,6.55565
6.55575,1.697648986E-05,-0.000874294433743,6.55575,6.55575
6.55585,1.7029946321E-05,-0.000584379886277,6.55585,6.55585
6.55595,1.704807255E-05,-0.000890690076631,6.55595,6.55595
6.55605,2.2417771106E-05,4.43082189559937,6.55605,6.55605
6.55615,0.000100862489489,9.99418830871582,6.55615,6.55615
6.55625,0.000101928424556,9.99415588378906,6.55625,6.55625
6.55635,0.000102033787698,9.99409675598145,6.55635,6.55635
6.55645,0.000102092883026,9.99422454833984,6.55645,6.55645
6.55655,0.000102056619653,9.99410820007324,6.55655,6.55655
6.55665,0.00010208247113,9.99430751800537,6.55665,6.55665
6.55675,0.000102087054984,9.9944953918457,6.55675,6.55675
6.55685,0.000102101992525,9.99470710754395,6.55685,6.55685
6.55695,0.000102111196611,9.9944486618042,6.55695,6.55695
6.55705,0.000109336164314,5.57218599319458,6.55705,6.55705
6.55715,2.1933836251E-05,-0.000899134203792,6.55715,6.55715
6.55725,1.7202892195E-05,-0.000792034668848,6.55725,6.55725
6.55735,1.6960819266E-05,-0.000809767341707,6.55735,6.55735
6.55745,1.6861522454E-05,-0.000673535629176,6.55745,6.55745
6.55755,1.6893905922E-05,-0.001076319837011,6.55755,6.55755
6.55765,1.6906147721E-05,-0.000865709560458,6.55765,6.55765
6.55775,1.69603627E-05,-0.001016577705741,6.55775,6.55775
6.55785,1.701059773E-05,-0.000806600786746,6.55785,6.55785
6.55795,1.7029960873E-05,-0.000673043075949,6.55795,6.55795
6.55805,2.2245705622E-05,4.41103076934815,6.55805,6.55805
6.55815,0.00010087753617,9.9942102432251,6.55815,6.55815
6.55825,0.000101910387457,9.99399185180664,6.55825,6.55825
6.55835,0.000102026795503,9.99436664581299,6.55835,6.55835
6.55845,0.000102097408671,9.99405860900879,6.55845,6.55845
6.55855,0.000102097154013,9.99421882629395,6.55855,6.55855
6.55865,0.000102097612398,9.99410915374756,6.55865,6.55865
6.55875,0.000102115358459,9.99438762664795,6.55875,6.55875
6.55885,0.000102107740531,9.99411869049072,6.55885,6.55885
6.55895,0.000102056692413,9.99424171447754,6.55895,6.55895
6.55905,0.000109409236757,5.5924243927002,6.55905,6.55905
6.55915,2.1947469577E-05,-0.001005459576845,6.55915,6.55915
6.55925,1.7213002138E-05,-0.001208399771713,6.55925,6.55925
6.55935,1.6944815798E-05,-0.000855435908306,6.55935,6.55935
6.55945,1.6870226318E-05,-0.001007852144539,6.55945,6.55945
6.55955,1.691385296E-05,-0.001215084688738,6.55955,6.55955
6.55965,1.6934995074E-05,-0.000893997319508,6.55965,6.55965
6.55975,1.6966198018E-05,-0.000628218869679,6.55975,6.55975
6.55985,1.7015012418E-05,-0.000908915302716,6.55985,6.55985
6.55995,1.7042404579E-05,-0.001026218058541,6.55995,6.55995
6.56005,2.2058065952E-05,4.39123249053955,6.56005,6.56005
6.56015,0.000100934325019,9.99432182312012,6.56015,6.56015
6.56025,0.000101919024019,9.99442672729492,6.56025,6.56025
6.56035,0.000102034515294,9.99440097808838,6.56035,6.56035
6.56045,0.000102079218777,9.99440765380859,6.56045,6.56045
6.56055,0.000102105521364,9.99428939819336,6.56055,6.56055
6.56065,0.000102111785964,9.99420642852783,6.56065,6.56065
6.56075,0.000102099576907,9.99421691894531,6.56075,6.56075
6.56085,0.000102098019852,9.99418354034424,6.56085,6.56085
6.56095,0.000102129088191,9.9942569732666,6.56095,6.56095
6.56105,0.000109545944724,5.61244487762451,6.56105,6.56105
6.56115,2.1950838345E-05,-0.000796467822511,6.56115,6.56115
6.56125,1.7213134925E-05,-0.000743973592762,6.56125,6.56125
6.56135,1.6934860469E-05,-0.000783027615398,6.56135,6.56135
6.56145,1.6894889995E-05,-0.000789079233073,6.56145,6.56145
6.56155,1.687904296E-05,-0.000924677646253,6.56155,6.56155
6.56165,1.6933827283E-05,-0.000865076261107,6.56165,6.56165
6.56175,1.6949568817E-05,-0.00094128435012,6.56175,6.56175
6.56185,1.6977804989E-05,-0.001044372911565,6.56185,6.56185
6.56195,1.7035999917E-05,-0.001188133959658,6.56195,6.56195
6.56205,2.1891968572E-05,4.37088012695313,6.56205,6.56205
6.56215,0.00010090226715,9.99490737915039,6.56215,6.56215
6.56225,0.000101913734397,9.99517631530762,6.56225,6.56225
6.56235,0.000102076570329,9.99480152130127,6.56235,6.56235
6.56245,0.000102077734482,9.99466133117676,6.56245,6.56245
6.56255,0.000102093334135,9.99449062347412,6.56255,6.56255
6.56265,0.00010210491746,9.99466037750244,6.56265,6.56265
6.56275,0.000102142294054,9.99470806121826,6.56275,6.56275
6.56285,0.000102136960777,9.99466896057129,6.56285,6.56285
6.56295,0.000102118785435,9.99460411071777,6.56295,6.56295
6.56305,0.000109684646304,5.63253259658813,6.56305,6.56305
6.56315,2.1991982067E-05,-0.000798438151833,6.56315,6.56315
6.56325,1.7169402781E-05,-0.001001167227514,6.56325,6.56325
6.56335,1.688480188E-05,-0.001260471879505,6.56335,6.56335
6.56345,1.6796810087E-05,-0.001334146712907,6.56345,6.56345
6.56355,1.6789645088E-05,-0.001371160033159,6.56355,6.56355
6.56365,1.6843121557E-05,-0.001355608808808,6.56365,6.56365
6.56375,1.6865502403E-05,-0.00130754779093,6.56375,6.56375
6.56385,1.6951018551E-05,-0.001050072722137,6.56385,6.56385
6.56395,1.6964426322E-05,-0.001008696504869,6.56395,6.56395
6.56405,2.1641353669E-05,4.35130834579468,6.56405,6.56405
6.56415,0.000100951183413,9.99477863311768,6.56415,6.56415
6.56425,0.000101924946648,9.99473190307617,6.56425,6.56425
6.56435,0.000102046309621,9.99467945098877,6.56435,6.56435
6.56445,0.000102035235614,9.99474811553955,6.56445,6.56445
6.56455,0.000102093770693,9.99460792541504,6.56455,6.56455
6.56465,0.000102112484456,9.99462604522705,6.56465,6.56465
6.56475,0.000102120087831,9.99472141265869,6.56475,6.56475
6.56485,0.000102147409052,9.99471378326416,6.56485,6.56485
6.56495,0.000102110119769,9.99451351165771,6.56495,6.56495
6.56505,0.000109788677946,5.65227317810059,6.56505,6.56505
6.56515,2.2030573746E-05,-0.001466086017899,6.56515,6.56515
6.56525,1.7185377146E-05,-0.001288900384679,6.56525,6.56525
6.56535,1.6928173864E-05,-0.00098821951542,6.56535,6.56535
6.56545,1.6876518202E-05,-0.001061894465238,6.56545,6.56545
6.56555,1.6894040527E-05,-0.001254068338312,6.56555,6.56555
6.56565,1.6916812456E-05,-0.001078149420209,6.56565,6.56565
6.56575,1.6937399778E-05,-0.000857828417793,6.56575,6.56575
6.56585,1.6983163732E-05,-0.00096964254044,6.56585,6.56585
6.56595,1.6996113118E-05,-0.000961550220381,6.56595,6.56595
6.56605,2.1461411961E-05,4.3312349319458,6.56605,6.56605
6.56615,0.00010095025209,9.99463081359863,6.56615,6.56615
6.56625,0.000101936100691,9.99457931518555,6.56625,6.56625
6.56635,0.000102085883555,9.99463939666748,6.56635,6.56635
6.56645,0.000102086924016,9.99468040466309,6.56645,6.56645
6.56655,0.000102093719761,9.99457263946533,6.56655,6.56655
6.56665,0.000102133177279,9.99445819854736,6.56665,6.56665
6.56675,0.000102122889075,9.99450588226318,6.56675,6.56675
6.56685,0.000102144324046,9.99463653564453,6.56685,6.56685
6.56695,0.000102133628388,9.99486351013184,6.56695,6.56695
6.56705,0.000109922519187,5.67255115509033,6.56705,6.56705
6.56715,2.2025160433E-05,-0.000839392072521,6.56715,6.56715
6.56725,1.7136935639E-05,-0.000767968944274,6.56725,6.56725
6.56735,1.6823822079E-05,-0.000634974159766,6.56735,6.56735
6.56745,1.6740465071E-05,-0.000960846547969,6.56745,6.56745
6.56755,1.6750174836E-05,-0.000666921085212,6.56755,6.56755
6.56765,1.6792893803E-05,-0.000608304864727,6.56765,6.56765
6.56775,1.6854175556E-05,-0.000625967106316,6.56775,6.56775
6.56785,1.6891071937E-05,-0.000711815606337,6.56785,6.56785
6.56795,1.6906160454E-05,-0.000748969730921,6.56795,6.56795
6.56805,2.1257819753E-05,4.31146955490112,6.56805,6.56805
6.56815,0.000100926517916,9.99495983123779,6.56815,6.56815
6.56825,0.000101918791188,9.99453926086426,6.56825,6.56825
6.56835,0.000102027363027,9.9945592880249,6.56835,6.56835
6.56845,0.00010206742445,9.99442100524902,6.56845,6.56845
6.56855,0.000102087309642,9.9943380355835,6.56855,6.56855
6.56865,0.00010209967877,9.99453449249268,6.56865,6.56865
6.56875,0.000102121506643,9.99484443664551,6.56875,6.56875
6.56885,0.000102112091554,9.99456691741943,6.56885,6.56885
6.56895,0.000102127116406,9.99436664581299,6.56895,6.56895
6.56905,0.000110004904855,5.69207715988159,6.56905,6.56905
6.56915,2.207309808E-05,-0.001175186247565,6.56915,6.56915
6.56925,1.7138509065E-05,-0.00098976760637,6.56925,6.56925
6.56935,1.6887206584E-05,-0.000964716775343,6.56935,6.56935
6.56945,1.6812144167E-05,-0.00101376301609,6.56945,6.56945
6.56955,1.6851819964E-05,-0.001243583625183,6.56955,6.56955
6.56965,1.6853668058E-05,-0.001050987513736,6.56965,6.56965
6.56975,1.6880701878E-05,-0.000876123958733,6.56975,6.56975
6.56985,1.6933954612E-05,-0.000731377804186,6.56985,6.56985
6.56995,1.6995178157E-05,-0.000829822092783,6.56995,6.56995
6.57005,2.1147590815E-05,4.2912712097168,6.57005,6.57005
6.57015,0.000100971315987,9.99445056915283,6.57015,6.57015
6.57025,0.000101979094325,9.99430561065674,6.57025,6.57025
6.57035,0.000102108919236,9.99439144134521,6.57035,6.57035
6.57045,0.000102134537883,9.99445819854736,6.57045,6.57045
6.57055,0.000102138044895,9.99425220489502,6.57055,6.57055
6.57065,0.000102140693343,9.99426364898682,6.57065,6.57065
6.57075,0.00010214089707,9.99440956115723,6.57075,6.57075
6.57085,0.000102123987745,9.99428653717041,6.57085,6.57085
6.57095,0.000102126861748,9.99442481994629,6.57095,6.57095
6.57105,0.00011016913777,5.71236801147461,6.57105,6.57105
6.57115,2.2147047275E-05,-0.000937203061767,6.57115,6.57115
6.57125,1.7171976651E-05,-0.000722300377674,6.57125,6.57125
6.57135,1.6892428903E-05,-0.000982519821264,6.57135,6.57135
6.57145,1.6827225409E-05,-0.000873309269082,6.57145,6.57145
6.57155,1.6828083972E-05,-0.000699641997926,6.57155,6.57155
6.57165,1.6873080313E-05,-0.000842558627483,6.57165,6.57165
6.57175,1.6912270439E-05,-0.000682964920998,6.57175,6.57175
6.57185,1.6950687495E-05,-0.000759243383072,6.57185,6.57185
6.57195,1.6960671928E-05,-0.000935232790653,6.57195,6.57195
6.57205,2.0915100322E-05,4.27105331420898,6.57205,6.57205
6.57215,0.000100998062408,9.99441146850586,6.57215,6.57215
6.57225,0.000101910336525,9.99441146850586,6.57225,6.57225
6.57235,0.000102084391983,9.99420356750488,6.57235,6.57235
6.57245,0.000102114296169,9.99430751800537,6.57245,6.57245
6.57255,0.000102132929896,9.99441719055176,6.57255,6.57255
6.57265,0.000102137310023,9.99431133270264,6.57265,6.57265
6.57275,0.000102123834949,9.99425506591797,6.57275,6.57275
6.57285,0.000102156329376,9.9943380355835,6.57285,6.57285
6.57295,0.000102141690149,9.99454879760742,6.57295,6.57295
6.57305,0.00011023467232,5.73243045806885,6.57305,6.57305
6.57315,2.2177153369E-05,-0.000938328914344,6.57315,6.57315
6.57325,1.7166352336E-05,-0.000869016861543,6.57325,6.57325
6.57335,1.6875661458E-05,-0.000794708670583,6.57335,6.57335
6.57345,1.6790123482E-05,-0.000754106556997,6.57345,6.57345
6.57355,1.6811012756E-05,-0.000822363130283,6.57355,6.57355
6.57365,1.681338108E-05,-0.000698516145349,6.57365,6.57365
6.57375,1.6842186596E-05,-0.000618578516878,6.57375,6.57375
6.57385,1.6890095139E-05,-0.000802238006145,6.57385,6.57385
6.57395,1.6950434656E-05,-0.000873379642144,6.57395,6.57395
6.57405,2.0732741177E-05,4.25108051300049,6.57405,6.57405
6.57415,0.000100993034721,9.99454689025879,6.57415,6.57415
6.57425,0.000101935125713,9.99474334716797,6.57425,6.57425
6.57435,0.000102032674477,9.99489116668701,6.57435,6.57435
6.57445,0.000102077676274,9.99458312988281,6.57445,6.57445
6.57455,0.000102111582237,9.99431800842285,6.57455,6.57455
6.57465,0.00010210686014,9.99449443817139,6.57465,6.57465
6.57475,0.000102121557575,9.99429607391357,6.57475,6.57475
6.57485,0.000102123492979,9.9940710067749,6.57485,6.57485
6.57495,0.00010211623885,9.9941577911377,6.57495,6.57495
6.57505,0.000110327964649,5.75223112106323,6.57505,6.57505
6.57515,2.2150416044E-05,-0.001099118962884,6.57515,6.57515
6.57525,1.7110083718E-05,-0.001420628512278,6.57525,6.57525
6.57535,1.6847390725E-05,-0.001070197788067,6.57535,6.57535
6.57545,1.679844172E-05,-0.000844106718432,6.57545,6.57545
6.57555,1.6783866158E-05,-0.000905467255507,6.57555,6.57555
6.57565,1.6803911421E-05,-0.000755865708925,6.57565,6.57565
6.57575,1.6817930373E-05,-0.000432808039477,6.57575,6.57575
6.57585,1.6862190023E-05,-0.000759384129196,6.57585,6.57585
6.57595,1.690353929E-05,-0.000889564165846,6.57595,6.57595
6.57605,2.0539560865E-05,4.23126029968262,6.57605,6.57605
6.57615,0.000100963654404,9.9944543838501,6.57615,6.57615
6.57625,0.000101900615846,9.99477386474609,6.57625,6.57625
6.57635,0.000102060781501,9.99443340301514,6.57635,6.57635
6.57645,0.000102089426946,9.99429035186768,6.57645,6.57645
6.57655,0.000102070422145,9.9940881729126,6.57655,6.57655
6.57665,0.000102091027657,9.99417972564697,6.57665,6.57665
6.57675,0.000102124417026,9.99424934387207,6.57675,6.57675
6.57685,0.000102124009572,9.99442481994629,6.57685,6.57685
6.57695,0.00010210871551,9.9941291809082,6.57695,6.57695
6.57705,0.000110478162242,5.77219772338867,6.57705,6.57705
6.57715,2.2255619115E-05,-0.000999056152068,6.57715,6.57715
6.57725,1.7148775441E-05,-0.00078682746971,6.57725,6.57725
6.57735,1.6891437554E-05,-0.000660658348352,6.57735,6.57735
6.57745,1.6815947674E-05,-0.000636874116026,6.57745,6.57745
6.57755,1.6813530237E-05,-0.00039262813516,6.57755,6.57755
6.57765,1.6811947717E-05,-0.000433159875683,6.57765,6.57765
6.57775,1.687605436E-05,-0.000423871359089,6.57775,6.57775
6.57785,1.688701559E-05,-0.000494661158882,6.57785,6.57785
6.57795,1.692420301E-05,-0.000438367103925,6.57795,6.57795
6.57805,2.0353636501E-05,4.21128177642822,6.57805,6.57805
6.57815,0.000101007513877,9.99450969696045,6.57815,6.57815
6.57825,0.00010195888899,9.99423980712891,6.57825,6.57825
6.57835,0.000102060461359,9.99445152282715,6.57835,6.57835
6.57845,0.000102095320472,9.99423503875732,6.57845,6.57845
6.57855,0.000102109610452,9.99432849884033,6.57855,6.57855
6.57865,0.000102093719761,9.99428272247314,6.57865,6.57865
6.57875,0.000102130274172,9.99412822723389,6.57875,6.57875
6.57885,0.000102142243122,9.99443054199219,6.57885,6.57885
6.57895,0.000102117206552,9.99438762664795,6.57895,6.57895
6.57905,0.000110602530185,5.79218769073486,6.57905,6.57905
6.57915,2.2258233003E-05,-0.000760650727898,6.57915,6.57915
6.57925,1.7078500605E-05,-0.000769305974245,6.57925,6.57925
6.57935,1.6791740563E-05,-0.001155061181635,6.57935,6.57935
6.57945,1.6715026504E-05,-0.00098821951542,6.57945,6.57945
6.57955,1.6732927179E-05,-0.00122979155276,6.57955,6.57955
6.57965,1.6772735762E-05,-0.001205514767207,6.57965,6.57965
6.57975,1.6788386347E-05,-0.001159846200608,6.57975,6.57975
6.57985,1.6800409867E-05,-0.001034028828144,6.57985,6.57985
6.57995,1.6841990146E-05,-0.000757343426812,6.57995,6.57995
6.58005,2.0135104933E-05,4.19083547592163,6.58005,6.58005
6.58015,0.000100971643406,9.99429130554199,6.58015,6.58015
6.58025,0.000101916768472,9.99427127838135,6.58025,6.58025
6.58035,0.000102059326309,9.99432277679443,6.58035,6.58035
6.58045,0.000102084966784,9.99455070495605,6.58045,6.58045
6.58055,0.000102115256595,9.99435520172119,6.58055,6.58055
6.58065,0.000102110156149,9.99432468414307,6.58065,6.58065
6.58075,0.00010209804168,9.99418544769287,6.58075,6.58075
6.58085,0.000102079007775,9.99446773529053,6.58085,6.58085
6.58095,0.000102088932181,9.99475288391113,6.58095,6.58095
6.58105,0.000110675835458,5.81239795684815,6.58105,6.58105
6.58115,2.2256237571E-05,-0.000891745556146,6.58115,6.58115
6.58125,1.702550253E-05,-0.00065939174965,6.58125,6.58125
6.58135,1.6748936105E-05,-0.000688805419486,6.58135,6.58135
6.58145,1.6701478671E-05,-0.000641236896627,6.58145,6.58145
6.58155,1.6705767848E-05,-0.000623645028099,6.58155,6.58155
6.58165,1.6719688574E-05,-0.000599508930463,6.58165,6.58165
6.58175,1.6771013179E-05,-0.000570517440792,6.58175,6.58175
6.58185,1.6820475139E-05,-0.000929884845391,6.58185,6.58185
6.58195,1.6837899238E-05,-0.000910744827706,6.58195,6.58195
6.58205,1.9933839212E-05,4.17159652709961,6.58205,6.58205
6.58215,0.000100990684587,9.99464511871338,6.58215,6.58215
6.58225,0.000101916382846,9.99454307556152,6.58225,6.58225
6.58235,0.000102037462057,9.99469757080078,6.58235,6.58235
6.58245,0.000102062876977,9.9942798614502,6.58245,6.58245
6.58255,0.00010209530592,9.994065284729,6.58255,6.58255
6.58265,0.000102082529338,9.99389934539795,6.58265,6.58265
6.58275,0.000102102734672,9.99420928955078,6.58275,6.58275
6.58285,0.000102110519947,9.99410247802734,6.58285,6.58285
6.58295,0.000102112666355,9.99420833587646,6.58295,6.58295
6.58305,0.000110763612611,5.83213424682617,6.58305,6.58305
6.58315,2.2326925318E-05,-0.001136554521509,6.58315,6.58315
6.58325,1.7061303879E-05,-0.00091208179947,6.58325,6.58325
6.58335,1.6763406165E-05,-0.000984278973192,6.58335,6.58335
6.58345,1.6713325749E-05,-0.000864442961756,6.58345,6.58345
6.58355,1.6715097445E-05,-0.001060205628164,6.58355,6.58355
6.58365,1.6725094611E-05,-0.001132754608989,6.58365,6.58365
6.58375,1.6733582015E-05,-0.000985827064142,6.58375,6.58375
6.58385,1.6745014364E-05,-0.000993356457911,6.58385,6.58385
6.58395,1.6832083929E-05,-0.001068931189366,6.58395,6.58395
6.58405,1.9767825506E-05,4.15098762512207,6.58405,6.58405
6.58415,0.000100986530015,9.99433612823486,6.58415,6.58415
6.58425,0.000101896315755,9.9945764541626,6.58425,6.58425
6.58435,0.00010203866259,9.99444961547852,6.58435,6.58435
6.58445,0.000102046324173,9.99455642700195,6.58445,6.58445
6.58455,0.000102061974758,9.99448299407959,6.58455,6.58455
6.58465,0.000102056321339,9.99445819854736,6.58465,6.58465
6.58475,0.000102094330941,9.99436569213867,6.58475,6.58475
6.58485,0.000102118363429,9.99462223052979,6.58485,6.58485
6.58495,0.00010211764311,9.99476718902588,6.58495,6.58495
6.58505,0.00011088836618,5.8525013923645,6.58505,6.58505
6.58515,2.2273181457E-05,-0.000693731126375,6.58515,6.58515
6.58525,1.6986670744E-05,-0.001107140793465,6.58525,6.58525
6.58535,1.6719759515E-05,-0.001069845980965,6.58535,6.58535
6.58545,1.670562051E-05,-0.001361027127132,6.58545,6.58545
6.58555,1.6671492631E-05,-0.001208822010085,6.58555,6.58555
6.58565,1.6679367036E-05,-0.000982519821264,6.58565,6.58565
6.58575,1.6708545445E-05,-0.001090956269763,6.58575,6.58575
6.58585,1.6767386114E-05,-0.000985053018667,6.58585,6.58585
6.58595,1.6827056243E-05,-0.001019884948619,6.58595,6.58595
6.58605,1.957128552E-05,4.13102674484253,6.58605,6.58605
6.58615,0.000100978082628,9.99474239349365,6.58615,6.58615
6.58625,0.000101925441413,9.99450588226318,6.58625,6.58625
6.58635,0.000102051068097,9.99483489990234,6.58635,6.58635
6.58645,0.000102121965028,9.99452972412109,6.58645,6.58645
6.58655,0.00010212950292,9.99427509307861,6.58655,6.58655
6.58665,0.000102104386315,9.99452114105225,6.58665,6.58665
6.58675,0.000102101148514,9.99477195739746,6.58675,6.58675
6.58685,0.000102108358988,9.994704246521,6.58685,6.58685
6.58695,0.000102117039205,9.99476909637451,6.58695,6.58695
6.58705,0.000110979701276,5.87243556976318,6.58705,6.58705
6.58715,2.2319894924E-05,-0.000972879410256,6.58715,6.58715
6.58725,1.6951384168E-05,-0.000853747071233,6.58725,6.58725
6.58735,1.6668405806E-05,-0.000886819849256,6.58735,6.58735
6.58745,1.6620953829E-05,-0.000727366830688,6.58745,6.58745
6.58755,1.666078424E-05,-0.000985967810266,6.58755,6.58755
6.58765,1.6680322005E-05,-0.00076599867316,6.58765,6.58765
6.58775,1.6692330973E-05,-0.000852832279634,6.58775,6.58775
6.58785,1.6730487914E-05,-0.000979986507446,6.58785,6.58785
6.58795,1.675864587E-05,-0.000925662752707,6.58795,6.58795
6.58805,1.9331870135E-05,4.11115026473999,6.58805,6.58805
6.58815,0.000100928373286,9.99426078796387,6.58815,6.58815
6.58825,0.000101866957266,9.99398422241211,6.58825,6.58825
6.58835,0.000102018537291,9.99418067932129,6.58835,6.58835
6.58845,0.000102060737845,9.99437713623047,6.58845,6.58845
6.58855,0.000102060723293,9.99419212341309,6.58855,6.58855
6.58865,0.000102062127553,9.99399375915527,6.58865,6.58865
6.58875,0.000102076919575,9.9942455291748,6.58875,6.58875
6.58885,0.000102083431557,9.99437427520752,6.58885,6.58885
6.58895,0.000102058285847,9.9941987991333,6.58895,6.58895
6.58905,0.000111076318717,5.89210081100464,6.58905,6.58905
6.58915,2.2368287318E-05,-0.001046554301865,6.58915,6.58915
6.58925,1.6959293134E-05,-0.001049861544743,6.58925,6.58925
6.58935,1.6694040823E-05,-0.001021010917611,6.58935,6.58935
6.58945,1.6620131646E-05,-0.001129658427089,6.58945,6.58945
6.58955,1.6612306354E-05,-0.001049368991517,6.58955,6.58955
6.58965,1.6674121071E-05,-0.001128040021285,6.58965,6.58965
6.58975,1.6700852939E-05,-0.000909618975129,6.58975,6.58975
6.58985,1.6730740754E-05,-0.001194396638311,6.58985,6.58985
6.58995,1.6758998754E-05,-0.001244990970008,6.58995,6.58995
6.59005,1.920138493E-05,4.09098625183105,6.59005,6.59005
6.59015,0.000100972312794,9.99431228637695,6.59015,6.59015
6.59025,0.000101893077954,9.99422454833984,6.59025,6.59025
6.59035,0.000102034056908,9.99428367614746,6.59035,6.59035
6.59045,0.000102074765891,9.99409198760986,6.59045,6.59045
6.59055,0.000102071549918,9.99436378479004,6.59055,6.59055
6.59065,0.000102085825347,9.99450588226318,6.59065,6.59065
6.59075,0.000102103673271,9.99423217773438,6.59075,6.59075
6.59085,0.00010212106281,9.9941930770874,6.59085,6.59085
6.59095,0.000102095276816,9.99439334869385,6.59095,6.59095
6.59105,0.000111205183202,5.91208982467651,6.59105,6.59105
6.59115,2.2430243916E-05,-0.001241472549736,6.59115,6.59115
6.59125,1.7009422663E-05,-0.001173004857264,6.59125,6.59125
6.59135,1.669870835E-05,-0.000815044913907,6.59135,6.59135
6.59145,1.6628864614E-05,-0.001007992890663,6.59145,6.59145
6.59155,1.665428681E-05,-0.000860994914547,6.59155,6.59155
6.59165,1.6671448975E-05,-0.000773246516474,6.59165,6.59165
6.59175,1.6682824935E-05,-0.000872394477483,6.59175,6.59175
6.59185,1.6769003196E-05,-0.001143591245636,6.59185,6.59185
6.59195,1.6793715986E-05,-0.000899767503142,6.59195,6.59195
6.59205,1.9065879314E-05,4.0713357925415,6.59205,6.59205
6.59215,0.000100972465589,9.99470901489258,6.59215,6.59215
6.59225,0.000101892168459,9.99458408355713,6.59225,6.59225
6.59235,0.000102033569419,9.99426364898682,6.59235,6.59235
6.59245,0.000102076555777,9.99415969848633,6.59245,6.59245
6.59255,0.000102108904684,9.99439144134521,6.59255,6.59255
6.59265,0.000102101847006,9.99415016174316,6.59265,6.59265
6.59275,0.00010209656466,9.99413871765137,6.59275,6.59275
6.59285,0.000102098762,9.9943151473999,6.59285,6.59285
6.59295,0.000102110185253,9.99450969696045,6.59295,6.59295
6.59305,0.0001113373728,5.9322452545166,6.59305,6.59305
6.59315,2.2410149541E-05,-0.001243302132934,6.59315,6.59315
6.59325,1.6946278265E-05,-0.001093841390684,6.59325,6.59325
6.59335,1.667682227E-05,-0.000833410827909,6.59335,6.59335
6.59345,1.6645759388E-05,-0.000818844768219,6.59345,6.59345
6.59355,1.6624764612E-05,-0.000629274407402,6.59355,6.59355
6.59365,1.6632000552E-05,-0.000615834200289,6.59365,6.59365
6.59375,1.6677924577E-05,-0.000723496661521,6.59375,6.59375
6.59385,1.6697000319E-05,-0.000605138309766,6.59385,6.59385
6.59395,1.6731795768E-05,-0.00071660062531,6.59395,6.59395
6.59405,1.8826218366E-05,4.05128479003906,6.59405,6.59405
6.59415,0.000100956604001,9.99458026885986,6.59415,6.59415
6.59425,0.000101898185676,9.99435901641846,6.59425,6.59425
6.59435,0.000102004691144,9.99420547485352,6.59435,6.59435
6.59445,0.000102045574749,9.99454689025879,6.59445,6.59445
6.59455,0.000102081670775,9.99466609954834,6.59455,6.59455
6.59465,0.000102070138382,9.99426078796387,6.59465,6.59465
6.59475,0.000102097677882,9.99436187744141,6.59475,6.59475
6.59485,0.000102076490293,9.99405574798584,6.59485,6.59485
6.59495,0.000102066514955,9.99441528320313,6.59495,6.59495
6.59505,0.000111389235826,5.95231008529663,6.59505,6.59505
6.59515,2.2460862965E-05,-0.001066538738087,6.59515,6.59515
6.59525,1.6909873011E-05,-0.000849595409818,6.59525,6.59525
6.59535,1.6608446458E-05,-0.000651017995551,6.59535,6.59535
6.59545,1.6580906959E-05,-0.000600564409979,6.59545,6.59545
6.59555,1.6623387637E-05,-0.000676913303323,6.59555,6.59555
6.59565,1.6623351257E-05,-0.000898711965419,6.59565,6.59565
6.59575,1.6645759388E-05,-0.001103270566091,6.59575,6.59575
6.59585,1.6674395738E-05,-0.000995256355964,6.59585,6.59585
6.59595,1.6718810002E-05,-0.000711815606337,6.59595,6.59595
6.59605,1.8671700673E-05,4.03140735626221,6.59605,6.59605
6.59615,0.000100940735138,9.99448013305664,6.59615,6.59615
6.59625,0.000101883750176,9.99474430084229,6.59625,6.59625
6.59635,0.000101998324681,9.99446868896484,6.59635,6.59635
6.59645,0.000102019490441,9.99449443817139,6.59645,6.59645
6.59655,0.000102049460111,9.99443531036377,6.59655,6.59655
6.59665,0.000102077268821,9.99449443817139,6.59665,6.59665
6.59675,0.000102050951682,9.99454021453857,6.59675,6.59675
6.59685,0.000102070247522,9.99434471130371,6.59685,6.59685
6.59695,0.000102088604763,9.99448490142822,6.59695,6.59695
6.59705,0.000111546949483,5.97230005264282,6.59705,6.59705
6.59715,2.25343083E-05,-0.000842910434585,6.59715,6.59715
6.59725,1.6975225662E-05,-0.000942128768656,6.59725,6.59725
6.59735,1.6700205379E-05,-0.000585716858041,6.59735,6.59735
6.59745,1.6645042706E-05,-0.000606264220551,6.59745,6.59745
6.59755,1.6638319721E-05,-0.000861628272105,6.59755,6.59755
6.59765,1.6674908693E-05,-0.000966335239355,6.59765,6.59765
6.59775,1.6726375179E-05,-0.000774231681135,6.59775,6.59775
6.59785,1.6718127881E-05,-0.000894771364983,6.59785,6.59785
6.59795,1.6744155801E-05,-0.000875349913258,6.59795,6.59795
6.59805,1.8503635147E-05,4.01128149032593,6.59805,6.59805
6.59815,0.000100939440017,9.99461841583252,6.59815,6.59815
6.59825,0.000101857665868,9.99451446533203,6.59825,6.59825
6.59835,0.000102006859379,9.99468326568604,6.59835,6.59835
6.59845,0.000102052079455,9.99481010437012,6.59845,6.59845
6.59855,0.00010205199942,9.99480724334717,6.59855,6.59855
6.59865,0.00010206947627,9.99439144134521,6.59865,6.59865
6.59875,0.000102064630482,9.99444961547852,6.59875,6.59875
6.59885,0.000102072830487,9.99465751647949,6.59885,6.59885
6.59895,0.000102071629954,9.99466514587402,6.59895,6.59895
6.59905,0.0001116669373,5.99248504638672,6.59905,6.59905
6.59915,2.2607147912E-05,-0.001115655293688,6.59915,6.59915
6.59925,1.6963947928E-05,-0.000926507171243,6.59925,6.59925
6.59935,1.6686853996E-05,-0.00098301237449,6.59935,6.59935
6.59945,1.6644942662E-05,-0.000833973754197,6.59945,6.59945
6.59955,1.6622972907E-05,-0.000874786986969,6.59955,6.59955
6.59965,1.6645906726E-05,-0.000750377075747,6.59965,6.59965
6.59975,1.6668314856E-05,-0.000847062154207,6.59975,6.59975
6.59985,1.6719666746E-05,-0.001129939919338,6.59985,6.59985
6.59995,1.6786467313E-05,-0.001181026804261,6.59995,6.59995
6.60005,1.8304754121E-05,3.99118423461914,6.60005,6.60005
6.60015,0.00010096909682,9.99478054046631,6.60015,6.60015
6.60025,0.000101860357972,9.99516010284424,6.60025,6.60025
6.60035,0.00010202905105,9.99494075775146,6.60035,6.60035
6.60045,0.000102056830656,9.99484825134277,6.60045,6.60045
6.60055,0.000102079953649,9.99492263793945,6.60055,6.60055
6.60065,0.000102082063677,9.9950475692749,6.60065,6.60065
6.60075,0.000102083940874,9.99487686157227,6.60075,6.60075
6.60085,0.000102121004602,9.99483871459961,6.60085,6.60085
6.60095,0.000102123900433,9.99496555328369,6.60095,6.60095
6.60105,0.000111764653411,6.01239967346191,6.60105,6.60105
6.60115,2.2632972104E-05,-0.000713856250513,6.60115,6.60115
6.60125,1.6927380784E-05,-0.000570024887566,6.60125,6.60125
6.60135,1.664937372E-05,-0.000941917707678,6.60135,6.60135
6.60145,1.6584372133E-05,-0.00076599867316,6.60145,6.60145
6.60155,1.658833753E-05,-0.000747773447074,6.60155,6.60155
6.60165,1.6604459233E-05,-0.000789782905485,6.60165,6.60165
6.60175,1.6647320081E-05,-0.000782675808296,6.60175,6.60175
6.60185,1.6665198928E-05,-0.000372503011022,6.60185,6.60185
6.60195,1.6712489014E-05,-0.000684372265823,6.60195,6.60195
6.60205,1.8161577827E-05,3.97159576416016,6.60205,6.60205
6.60215,0.000100966310129,9.99490642547607,6.60215,6.60215
6.60225,0.000101905869087,9.994797706604,6.60225,6.60225
6.60235,0.000102065241663,9.99453639984131,6.60235,6.60235
6.60245,0.000102110076114,9.99431705474854,6.60245,6.60245
6.60255,0.000102090198197,9.9945821762085,6.60255,6.60255
6.60265,0.000102116966445,9.99470138549805,6.60265,6.60265
6.60275,0.00010214267968,9.99452018737793,6.60275,6.60275
6.60285,0.000102135920315,9.99468612670898,6.60285,6.60285
6.60295,0.000102140067611,9.99488830566406,6.60295,6.60295
6.60305,0.000111878332973,6.03246879577637,6.60305,6.60305
6.60315,2.2703237846E-05,-0.000949517358094,6.60315,6.60315
6.60325,1.6932737708E-05,-0.000957257812843,6.60325,6.60325
6.60335,1.6654350475E-05,-0.00096373166889,6.60335,6.60335
6.60345,1.6578733266E-05,-0.000737429421861,6.60345,6.60345
6.60355,1.6578811483E-05,-0.000728140876163,6.60355,6.60355
6.60365,1.661749593E-05,-0.000874153687619,6.60365,6.60365
6.60375,1.6656853404E-05,-0.000878305349033,6.60375,6.60375
6.60385,1.6696043531E-05,-0.000851354561746,6.60385,6.60385
6.60395,1.6737076294E-05,-0.000818915083073,6.60395,6.60395
6.60405,1.8003263904E-05,3.95157623291016,6.60405,6.60405
6.60415,0.000100991310319,9.99482250213623,6.60415,6.60415
6.60425,0.000101914760307,9.99463081359863,6.60425,6.60425
6.60435,0.000102041172795,9.99493789672852,6.60435,6.60435
6.60445,0.000102085869003,9.99503040313721,6.60445,6.60445
6.60455,0.000102086123661,9.99492073059082,6.60455,6.60455
6.60465,0.00010210419714,9.99471378326416,6.60465,6.60465
6.60475,0.000102108002466,9.99464988708496,6.60475,6.60475
6.60485,0.000102117577626,9.9946174621582,6.60485,6.60485
6.60495,0.000102111865999,9.99501037597656,6.60495,6.60495
6.60505,0.000111998364446,6.05252408981323,6.60505,6.60505
6.60515,2.2705473384E-05,-0.00074017373845,6.60515,6.60515
6.60525,1.6917212633E-05,-0.000509579083882,6.60525,6.60525
6.60535,1.6597006834E-05,-0.000513378938194,6.60535,6.60535
6.60545,1.6546919142E-05,-0.000360118312528,6.60545,6.60545
6.60555,1.6531992515E-05,-0.000385309918784,6.60555,6.60555
6.60565,1.6563075405E-05,-0.000613160198554,6.60565,6.60565
6.60575,1.6616355424E-05,-0.000796256761532,6.60575,6.60575
6.60585,1.6631443941E-05,-0.000705130689312,6.60585,6.60585
6.60595,1.6685025912E-05,-0.000906663539354,6.60595,6.60595
6.60605,1.7761993149E-05,3.93122482299805,6.60605,6.60605
6.60615,0.000100959332485,9.99450874328613,6.60615,6.60615
6.60625,0.000101899757283,9.99471950531006,6.60625,6.60625
6.60635,0.000102057027107,9.9946813583374,6.60635,6.60635
6.60645,0.000102083162346,9.99452877044678,6.60645,6.60645
6.60655,0.00010210412438,9.99488925933838,6.60655,6.60655
6.60665,0.000102120662632,9.99450492858887,6.60665,6.60665
6.60675,0.000102089885331,9.99453926086426,6.60675,6.60675
6.60685,0.000102108155261,9.9945068359375,6.60685,6.60685
6.60695,0.00010210381879,9.99459934234619,6.60695,6.60695
6.60705,0.000112097521196,6.07221221923828,6.60705,6.60705
6.60715,2.2744432499E-05,-0.000882105203345,6.60715,6.60715
6.60725,1.6886171579E-05,-0.000941847334616,6.60725,6.60725
6.60735,1.6613761545E-05,-0.000918485282455,6.60735,6.60735
6.60745,1.653457366E-05,-0.000871479685884,6.60745,6.60745
6.60755,1.6543657694E-05,-0.000922777689993,6.60755,6.60755
6.60765,1.6535143004E-05,-0.000966827792581,6.60765,6.60765
6.60775,1.6567266357E-05,-0.000939947378356,6.60775,6.60775
6.60785,1.6620982933E-05,-0.000768813362811,6.60785,6.60785
6.60795,1.6636871806E-05,-0.000885271758307,6.60795,6.60795
6.60805,1.7559743355E-05,3.91125440597534,6.60805,6.60805
6.60815,0.000100924415165,9.99458312988281,6.60815,6.60815
6.60825,0.000101879268186,9.99503040313721,6.60825,6.60825
6.60835,0.000101995567093,9.99483394622803,6.60835,6.60835
6.60845,0.000102072757727,9.9944543838501,6.60845,6.60845
6.60855,0.000102078207419,9.99434280395508,6.60855,6.60855
6.60865,0.00010210491746,9.9944019317627,6.60865,6.60865
6.60875,0.000102097299532,9.99458789825439,6.60875,6.60875
6.60885,0.00010210032633,9.99486351013184,6.60885,6.60885
6.60895,0.000102055411844,9.99478149414063,6.60895,6.60895
6.60905,0.000112192021334,6.09240055084229,6.60905,6.60905
6.60915,2.2831995011E-05,-0.000768813362811,6.60915,6.60915
6.60925,1.6905831217E-05,-0.000992723042145,6.60925,6.60925
6.60935,1.6600550225E-05,-0.001240909681655,6.60935,6.60935
6.60945,1.6521136786E-05,-0.001079486333765,6.60945,6.60945
6.60955,1.6535746909E-05,-0.001149924355559,6.60955,6.60955
6.60965,1.6553422029E-05,-0.000886749476194,6.60965,6.60965
6.60975,1.6559504729E-05,-0.000648695859127,6.60975,6.60975
6.60985,1.6601183233E-05,-0.000999900628813,6.60985,6.60985
6.60995,1.6661326299E-05,-0.00112135510426,6.60995,6.60995
6.61005,1.7404936443E-05,3.89109516143799,6.61005,6.61005
6.61015,0.000100882789411,9.99467754364014,6.61015,6.61015
6.61025,0.000101867306512,9.99458122253418,6.61025,6.61025
6.61035,0.000102019905171,9.99418544769287,6.61035,6.61035
6.61045,0.000102029713162,9.99440574645996,6.61045,6.61045
6.61055,0.000102055979369,9.99435234069824,6.61055,6.61055
6.61065,0.000102060992504,9.99421787261963,6.61065,6.61065
6.61075,0.000102063488157,9.99457168579102,6.61075,6.61075
6.61085,0.000102042016806,9.99473476409912,6.61085,6.61085
6.61095,0.000102087004052,9.99462413787842,6.61095,6.61095
6.61105,0.000112259323942,6.11208200454712,6.61105,6.61105
6.61115,2.275350198E-05,-0.00111692189239,6.61115,6.61115
6.61125,1.6803622202E-05,-0.001058164983988,6.61125,6.61125
6.61135,1.6513627997E-05,-0.000908774556592,6.61135,6.61135
6.61145,1.648819125E-05,-0.00107350514736,6.61145,6.61145
6.61155,1.6470254195E-05,-0.001202277839184,6.61155,6.61155
6.61165,1.6507188775E-05,-0.001000463496894,6.61165,6.61165
6.61175,1.6539410353E-05,-0.000950221088715,6.61175,6.61175
6.61185,1.6572961613E-05,-0.000719204195775,6.61185,6.61185
6.61195,1.6586602214E-05,-0.000893504766282,6.61195,6.61195
6.61205,1.7242882677E-05,3.87132930755615,6.61205,6.61205
6.61215,0.00010093246965,9.99435997009277,6.61215,6.61215
6.61225,0.000101849516795,9.99442672729492,6.61225,6.61225
6.61235,0.000102020676422,9.9944543838501,6.61235,6.61235
6.61245,0.000102085141407,9.99437236785889,6.61245,6.61245
6.61255,0.000102083256934,9.9942684173584,6.61255,6.61255
6.61265,0.000102086291008,9.99458694458008,6.61265,6.61265
6.61275,0.000102097328636,9.9945821762085,6.61275,6.61275
6.61285,0.000102094985778,9.99453353881836,6.61285,6.61285
6.61295,0.000102075420727,9.99462795257568,6.61295,6.61295
6.61305,0.000112387650006,6.13214349746704,6.61305,6.61305
6.61315,2.2811365852E-05,-0.000872183358297,6.61315,6.61315
6.61325,1.6810899979E-05,-0.000735599838663,6.61325,6.61325
6.61335,1.6516531105E-05,-0.000239930435782,6.61335,6.61335
6.61345,1.6488978872E-05,-0.000405575789046,6.61345,6.61345
6.61355,1.6501056962E-05,-0.000236341700656,6.61355,6.61355
6.61365,1.649841397E-05,-0.000186943638255,6.61365,6.61365
6.61375,1.6521649741E-05,-0.000156122623594,6.61375,6.61375
6.61385,1.6558773495E-05,-0.00021164266218,6.61385,6.61385
6.61395,1.6590616724E-05,-0.000357373966835,6.61395,6.61395
6.61405,1.7048669179E-05,3.8517324924469,6.61405,6.61405
6.61415,0.000100923047285,9.99481773376465,6.61415,6.61415
6.61425,0.000101912039099,9.99479579925537,6.61425,6.61425
6.61435,0.000102022539068,9.99485015869141,6.61435,6.61435
6.61445,0.000102064856037,9.99468231201172,6.61445,6.61445
6.61455,0.000102091769804,9.99481201171875,6.61455,6.61455
6.61465,0.000102112964669,9.99455451965332,6.61465,6.61465
6.61475,0.000102117759525,9.994553565979,6.61475,6.61475
6.61485,0.000102139092633,9.99475860595703,6.61485,6.61485
6.61495,0.000102124497062,9.99458408355713,6.61495,6.61495
6.61505,0.000112529880425,6.15237092971802,6.61505,6.61505
6.61515,2.2819120204E-05,-0.000949798850343,6.61515,6.61515
6.61525,1.6831338144E-05,-0.001015803660266,6.61525,6.61525
6.61535,1.6527703337E-05,-0.000927984889131,6.61535,6.61535
6.61545,1.6450736439E-05,-0.000756850873586,6.61545,6.61545
6.61555,1.6444388166E-05,-0.000785842305049,6.61555,6.61555
6.61565,1.6463012798E-05,-0.00067923538154,6.61565,6.61565
6.61575,1.6510450223E-05,-0.000855365535244,6.61575,6.61575
6.61585,1.654800144E-05,-0.000652354967315,6.61585,6.61585
6.61595,1.659235204E-05,-0.000606334593613,6.61595,6.61595
6.61605,1.6897512978E-05,3.83167719841003,6.61605,6.61605
6.61615,0.000100906610896,9.99409675598145,6.61615,6.61615
6.61625,0.000101901103335,9.99439907073975,6.61625,6.61625
6.61635,0.000102004116343,9.99440097808838,6.61635,6.61635
6.61645,0.000102062782389,9.99438667297363,6.61645,6.61645
6.61655,0.000102079175122,9.99442768096924,6.61655,6.61655
6.61665,0.000102066631371,9.99445533752441,6.61665,6.61665
6.61675,0.00010211350309,9.99448490142822,6.61675,6.61675
6.61685,0.00010215742077,9.9944372177124,6.61685,6.61685
6.61695,0.000102126163256,9.99443244934082,6.61695,6.61695
6.61705,0.00011261075997,6.17215442657471,6.61705,6.61705
6.61715,2.2928050385E-05,-0.000952120986767,6.61715,6.61715
6.61725,1.6855594367E-05,-0.000869790907018,6.61725,6.61725
6.61735,1.655577762E-05,-0.000820322486106,6.61735,6.61735
6.61745,1.6498441255E-05,-0.000863950350322,6.61745,6.61745
6.61755,1.653003892E-05,-0.001074279192835,6.61755,6.61755
6.61765,1.6522844817E-05,-0.001055983593687,6.61765,6.61765
6.61775,1.6548072381E-05,-0.000973653455731,6.61775,6.61775
6.61785,1.6595608031E-05,-0.000970979512203,6.61785,6.61785
6.61795,1.6602920368E-05,-0.00100996310357,6.61795,6.61795
6.61805,1.6725911337E-05,3.8112416267395,6.61805,6.61805
6.61815,0.000100938581454,9.99424171447754,6.61815,6.61815
6.61825,0.000101913356048,9.9941349029541,6.61825,6.61825
6.61835,0.000102031939605,9.99410343170166,6.61835,6.61835
6.61845,0.000102092933957,9.9941577911377,6.61845,6.61845
6.61855,0.000102120015072,9.99437522888184,6.61855,6.61855
6.61865,0.000102112964669,9.99422550201416,6.61865,6.61865
6.61875,0.000102101897937,9.99426937103271,6.61875,6.61875
6.61885,0.000102106023405,9.99458980560303,6.61885,6.61885
6.61895,0.000102135221823,9.99466800689697,6.61895,6.61895
6.61905,0.00011274368444,6.19234657287598,6.61905,6.61905
6.61915,2.3006379706E-05,-0.000967179657891,6.61915,6.61915
6.61925,1.685744428E-05,-0.000774442800321,6.61925,6.61925
6.61935,1.6585336198E-05,-0.000633003888652,6.61935,6.61935
6.61945,1.6494806914E-05,-0.001010455773212,6.61945,6.61945
6.61955,1.6516685719E-05,-0.00091616314603,6.61955,6.61955
6.61965,1.6519492419E-05,-0.001079697511159,6.61965,6.61965
6.61975,1.6558167772E-05,-0.001131065771915,6.61975,6.61975
6.61985,1.6549365682E-05,-0.000784294272307,6.61985,6.61985
6.61995,1.659238842E-05,-0.000754387991037,6.61995,6.61995
6.62005,1.6583429897E-05,3.79162478446961,6.62005,6.62005
6.62015,0.000100905905128,9.99452018737793,6.62015,6.62015
6.62025,0.000101861660369,9.99459648132324,6.62025,6.62025
6.62035,0.000102010504634,9.99464702606201,6.62035,6.62035
6.62045,0.000102053832961,9.99466800689697,6.62045,6.62045
6.62055,0.000102066915133,9.99455642700195,6.62055,6.62055
6.62065,0.00010205849685,9.99440574645996,6.62065,6.62065
6.62075,0.000102090649307,9.99422931671143,6.62075,6.62075
6.62085,0.000102076359326,9.99451351165771,6.62085,6.62085
6.62095,0.00010208295862,9.99467182159424,6.62095,6.62095
6.62105,0.000112811030704,6.21176385879517,6.62105,6.62105
6.62115,2.2999925932E-05,-0.001060487120412,6.62115,6.62115
6.62125,1.6812102331E-05,-0.000970486958977,6.62125,6.62125
6.62135,1.6493295334E-05,-0.000965420447756,6.62135,6.62135
6.62145,1.6465994122E-05,-0.001102989190258,6.62145,6.62145
6.62155,1.6471154595E-05,-0.000908774556592,6.62155,6.62155
6.62165,1.6453697754E-05,-0.000817367050331,6.62165,6.62165
6.62175,1.6503172446E-05,-0.000898430531379,6.62175,6.62175
6.62185,1.652930041E-05,-0.001092504360713,6.62185,6.62185
6.62195,1.6574458641E-05,-0.000974708993454,6.62195,6.62195
6.62205,1.6365607735E-05,3.77138113975525,6.62205,6.62205
6.62215,0.000100920755358,9.99448394775391,6.62215,6.62215
6.62225,0.000101920355519,9.99407768249512,6.62225,6.62225
6.62235,0.000102011574199,9.99407386779785,6.62235,6.62235
6.62245,0.000102064899693,9.994215965271,6.62245,6.62245
6.62255,0.000102096870251,9.99426460266113,6.62255,6.62255
6.62265,0.000102132602478,9.99419116973877,6.62265,6.62265
6.62275,0.000102101032098,9.99423980712891,6.62275,6.62275
6.62285,0.000102106190752,9.99441051483154,6.62285,6.62285
6.62295,0.000102108722785,9.9944429397583,6.62295,6.62295
6.62305,0.000112929526949,6.23212003707886,6.62305,6.62305
6.62315,2.309530646E-05,-0.001272223191336,6.62315,6.62315
6.62325,1.6830494133E-05,-0.001197000266984,6.62325,6.62325
6.62335,1.6526937543E-05,-0.000970346212853,6.62335,6.62335
6.62345,1.6419491658E-05,-0.00085522478912,6.62345,6.62345
6.62355,1.6435191355E-05,-0.00093600677792,6.62355,6.62355
6.62365,1.645694465E-05,-0.001133036101237,6.62365,6.62365
6.62375,1.6490777853E-05,-0.001073364401236,6.62375,6.62375
6.62385,1.6539424905E-05,-0.00146890070755,6.62385,6.62385
6.62395,1.6592084648E-05,-0.001188415451907,6.62395,6.62395
6.62405,1.6189724192E-05,3.75118112564087,6.62405,6.62405
6.62415,0.000100880723039,9.9944896697998,6.62415,6.62415
6.62425,0.000101889527286,9.99454879760742,6.62425,6.62425
6.62435,0.000102062680526,9.99432945251465,6.62435,6.62435
6.62445,0.000102075944596,9.99435424804688,6.62445,6.62445
6.62455,0.000102086865809,9.99428367614746,6.62455,6.62455
6.62465,0.000102101112134,9.99425888061523,6.62465,6.62465
6.62475,0.000102121412056,9.99427604675293,6.62475,6.62475
6.62485,0.000102095640614,9.99442386627197,6.62485,6.62485
6.62495,0.000102088532003,9.99431991577148,6.62495,6.62495
6.62505,0.000113002803118,6.25183439254761,6.62505,6.62505
6.62515,2.3067344955E-05,-0.000936429016292,6.62515,6.62515
6.62525,1.6775056793E-05,-0.000677616975736,6.62525,6.62525
6.62535,1.640771552E-05,-0.001029947539791,6.62535,6.62535
6.62545,1.6343319658E-05,-0.001086874981411,6.62545,6.62545
6.62555,1.6330925064E-05,-0.000797312241048,6.62555,6.62555
6.62565,1.6341624359E-05,-0.000765646807849,6.62565,6.62565
6.62575,1.6398096705E-05,-0.000765013508499,6.62575,6.62575
6.62585,1.6478432372E-05,-0.000655169715174,6.62585,6.62585
6.62595,1.6514170056E-05,-0.000779016700108,6.62595,6.62595
6.62605,1.6033034626E-05,3.73153114318848,6.62605,6.62605
6.62615,0.000100875600765,9.99451160430908,6.62615,6.62615
6.62625,0.000101933183032,9.99487686157227,6.62625,6.62625
6.62635,0.000102048659755,9.99472808837891,6.62635,6.62635
6.62645,0.000102103142126,9.99470043182373,6.62645,6.62645
6.62655,0.000102130972664,9.99437427520752,6.62655,6.62655
6.62665,0.000102142272226,9.99432468414307,6.62665,6.62665
6.62675,0.000102117475762,9.99458789825439,6.62675,6.62675
6.62685,0.000102124256955,9.99446105957031,6.62685,6.62685
6.62695,0.000102095116745,9.99423789978027,6.62695,6.62695
6.62705,0.000113115289423,6.27193784713745,6.62705,6.62705
6.62715,2.3080843675E-05,-0.000982801313512,6.62715,6.62715
6.62725,1.6742207663E-05,-0.000938751152717,6.62725,6.62725
6.62735,1.6446574591E-05,-0.000872183358297,6.62735,6.62735
6.62745,1.636788511E-05,-0.000726100231986,6.62745,6.62745
6.62755,1.6394651539E-05,-0.000805615622085,6.62755,6.62755
6.62765,1.6410098397E-05,-0.000781549897511,6.62765,6.62765
6.62775,1.643493124E-05,-0.000693731126375,6.62775,6.62775
6.62785,1.6477046302E-05,-0.000750165956561,6.62785,6.62785
6.62795,1.6482797946E-05,-0.000813144957647,6.62795,6.62795
6.62805,1.5880337742E-05,3.71154737472534,6.62805,6.62805
6.62815,0.000100875920907,9.99463272094727,6.62815,6.62815
6.62825,0.000101879479189,9.99440574645996,6.62825,6.62825
6.62835,0.000102048659755,9.9941987991333,6.62835,6.62835
6.62845,0.000102096622868,9.9943323135376,6.62845,6.62845
6.62855,0.000102111916931,9.99422645568848,6.62855,6.62855
6.62865,0.000102110112493,9.99426555633545,6.62865,6.62865
6.62875,0.000102097241324,9.99456977844238,6.62875,6.62875
6.62885,0.000102118370705,9.99475955963135,6.62885,6.62885
6.62895,0.000102108555438,9.99453830718994,6.62895,6.62895
6.62905,0.000113265043183,6.29191446304321,6.62905,6.62905
6.62915,2.3169144697E-05,-0.000925733125769,6.62915,6.62915
6.62925,1.6771822629E-05,-0.00114148017019,6.62925,6.62925
6.62935,1.6487521862E-05,-0.000766913464759,6.62935,6.62935
6.62945,1.6433588826E-05,-0.000805123068858,6.62945,6.62945
6.62955,1.6391613826E-05,-0.001064990647137,6.62955,6.62955
6.62965,1.6436268197E-05,-0.000959368830081,6.62965,6.62965
6.62975,1.6444388166E-05,-0.000976116338279,6.62975,6.62975
6.62985,1.6483050786E-05,-0.001160549814813,6.62985,6.62985
6.62995,1.6529580535E-05,-0.000872816715855,6.62995,6.62995
6.63005,1.5738511138E-05,3.69158887863159,6.63005,6.63005
6.63015,0.000100889250461,9.99432277679443,6.63015,6.63015
6.63025,0.000101916775748,9.99445819854736,6.63025,6.63025
6.63035,0.000102059580968,9.99450874328613,6.63035,6.63035
6.63045,0.000102089747088,9.99447917938232,6.63045,6.63045
6.63055,0.000102122168755,9.99410247802734,6.63055,6.63055
6.63065,0.000102071826404,9.99462413787842,6.63065,6.63065
6.63075,0.000102125763078,9.99456405639648,6.63075,6.63075
6.63085,0.00010211384506,9.99457263946533,6.63085,6.63085
6.63095,0.000102122561657,9.99457263946533,6.63095,6.63095
6.63105,0.000113364731078,6.31241846084595,6.63105,6.63105
6.63115,2.3252749088E-05,-0.000987797393464,6.63115,6.63115
6.63125,1.6730797142E-05,-0.001172723481432,6.63125,6.63125
6.63135,1.6448768292E-05,-0.001154427882284,6.63135,6.63135
6.63145,1.6380983652E-05,-0.000982871628366,6.63145,6.63145
6.63155,1.6400685126E-05,-0.001005952246487,6.63155,6.63155
6.63165,1.6450920157E-05,-0.000616186007392,6.63165,6.63165
6.63175,1.646781493E-05,-0.000807515578344,6.63175,6.63175
6.63185,1.6494082956E-05,-0.000947335967794,6.63185,6.63185
6.63195,1.6536247131E-05,-0.001013622269966,6.63195,6.63195
6.63205,1.5578862076E-05,3.67159199714661,6.63205,6.63205
6.63215,0.000100824232504,9.99452781677246,6.63215,6.63215
6.63225,0.000101898534922,9.99475574493408,6.63225,6.63225
6.63235,0.000102049198176,9.99471950531006,6.63235,6.63235
6.63245,0.000102078454802,9.99478435516357,6.63245,6.63245
6.63255,0.00010210833716,9.99464702606201,6.63255,6.63255
6.63265,0.000102131692984,9.99433040618896,6.63265,6.63265
6.63275,0.000102145429992,9.99398231506348,6.63275,6.63275
6.63285,0.000102128193248,9.99453830718994,6.63285,6.63285
6.63295,0.000102120589872,9.99460506439209,6.63295,6.63295
6.63305,0.000113483110908,6.33208084106445,6.63305,6.63305
6.63315,2.3304193746E-05,-0.001287493039854,6.63315,6.63315
6.63325,1.6743431843E-05,-0.001076319837011,6.63325,6.63325
6.63335,1.6457184756E-05,-0.000791893922724,6.63335,6.63335
6.63345,1.6368272554E-05,-0.00093262916198,6.63345,6.63345
6.63355,1.6395733837E-05,-0.001142957946286,6.63355,6.63355
6.63365,1.6415877326E-05,-0.000921229599044,6.63365,6.63365
6.63375,1.6447607777E-05,-0.000946210115217,6.63375,6.63375
6.63385,1.6472455172E-05,-0.000619141501375,6.63385,6.63385
6.63395,1.6486630557E-05,-0.000735318404622,6.63395,6.63395
6.63405,1.5374220311E-05,3.65160083770752,6.63405,6.63405
6.63415,0.000100811346783,9.99444103240967,6.63415,6.63415
6.63425,0.00010189787281,9.99435710906982,6.63425,6.63425
6.63435,0.000102039673948,9.99446392059326,6.63435,6.63435
6.63445,0.00010207365267,9.99493789672852,6.63445,6.63445
6.63455,0.000102083104139,9.99470806121826,6.63455,6.63455
6.63465,0.000102105383121,9.99500846862793,6.63465,6.63465
6.63475,0.00010212646157,9.99477767944336,6.63475,6.63475
6.63485,0.00010211722838,9.99445915222168,6.63485,6.63485
6.63495,0.000102131685708,9.99434566497803,6.63495,6.63495
6.63505,0.000113560025056,6.35200929641724,6.63505,6.63505
6.63515,2.336084799E-05,-0.001178493606858,6.63515,6.63515
6.63525,1.674203304E-05,-0.00097302015638,6.63525,6.63525
6.63535,1.643358155E-05,-0.000918977835681,6.63535,6.63535
6.63545,1.6355827029E-05,-0.000960002187639,6.63545,6.63545
6.63555,1.6366964701E-05,-0.000670369074214,6.63555,6.63555
6.63565,1.6402935216E-05,-0.00083129981067,6.63565,6.63565
6.63575,1.6414134734E-05,-0.000690564571414,6.63575,6.63575
6.63585,1.6476631572E-05,-0.000883019994944,6.63585,6.63585
6.63595,1.6508960471E-05,-0.000994623056613,6.63595,6.63595
6.63605,1.5233681552E-05,3.63140535354614,6.63605,6.63605
6.63615,0.000100825520349,9.99458408355713,6.63615,6.63615
6.63625,0.00010193217895,9.99460029602051,6.63625,6.63625
6.63635,0.000102096215414,9.99452686309814,6.63635,6.63635
6.63645,0.000102107536804,9.99443435668945,6.63645,6.63645
6.63655,0.000102110912849,9.99450206756592,6.63655,6.63655
6.63665,0.00010214024951,9.99433517456055,6.63665,6.63665
6.63675,0.000102137884824,9.99418830871582,6.63675,6.63675
6.63685,0.000102156584035,9.994460105896,6.63685,6.63685
6.63695,0.000102168756712,9.99452781677246,6.63695,6.63695
6.63705,0.000113713700557,6.37212133407593,6.63705,6.63705
6.63715,2.3466494895E-05,-0.000996874761768,6.63715,6.63715
6.63725,1.6799762307E-05,-0.000958876276854,6.63725,6.63725
6.63735,1.6494355805E-05,-0.00124252808746,6.63735,6.63735
6.63745,1.6419231542E-05,-0.000990682397969,6.63745,6.63745
6.63755,1.6412277546E-05,-0.001113051665016,6.63755,6.63755
6.63765,1.6449092072E-05,-0.000968587002717,6.63765,6.63765
6.63775,1.6469966795E-05,-0.001049157930538,6.63775,6.63775
6.63785,1.64925641E-05,-0.000695771770552,6.63785,6.63785
6.63795,1.6540647266E-05,-0.000935232790653,6.63795,6.63795
6.63805,1.5131002328E-05,3.6115083694458,6.63805,6.63805
6.63815,0.000100804827525,9.99462985992432,6.63815,6.63815
6.63825,0.000101896563137,9.99462604522705,6.63825,6.63825
6.63835,0.0001020066411,9.99459552764893,6.63835,6.63835
6.63845,0.00010207357991,9.99447059631348,6.63845,6.63845
6.63855,0.000102077145129,9.99452018737793,6.63855,6.63855
6.63865,0.000102108082501,9.99476051330566,6.63865,6.63865
6.63875,0.000102097270428,9.99470901489258,6.63875,6.63875
6.63885,0.000102131292806,9.99480056762695,6.63885,6.63885
6.63895,0.000102116282505,9.99459934234619,6.63895,6.63895
6.63905,0.000113745576527,6.39225292205811,6.63905,6.63905
6.63915,2.3443208192E-05,-0.000697249488439,6.63915,6.63915
6.63925,1.6749183487E-05,-0.000626811524853,6.63925,6.63925
6.63935,1.6455222067E-05,-0.000465599354357,6.63935,6.63935
6.63945,1.637074638E-05,-0.000681487144902,6.63945,6.63945
6.63955,1.6402287656E-05,-0.000984982703812,6.63955,6.63955
6.63965,1.6427437004E-05,-0.000861135660671,6.63965,6.63965
6.63975,1.6471598428E-05,-0.000402198144002,6.63975,6.63975
6.63985,1.6491931092E-05,-0.000519289867952,6.63985,6.63985
6.63995,1.6527717889E-05,-0.000522808230016,6.63995,6.63995
6.64005,1.4929132703E-05,3.59149265289307,6.64005,6.64005
6.64015,0.000100759039924,9.99451065063477,6.64015,6.64015
6.64025,0.000101899808215,9.99448299407959,6.64025,6.64025
6.64035,0.000102054749732,9.99423599243164,6.64035,6.64035
6.64045,0.000102091893496,9.99444961547852,6.64045,6.64045
6.64055,0.000102090052678,9.99453449249268,6.64055,6.64055
6.64065,0.000102151541796,9.99442100524902,6.64065,6.64065
6.64075,0.00010212037887,9.99418067932129,6.64075,6.64075
6.64085,0.000102120437077,9.99465179443359,6.64085,6.64085
6.64095,0.000102099969808,9.9944543838501,6.64095,6.64095
6.64105,0.000113875154057,6.41200399398804,6.64105,6.64105
6.64115,2.3491818865E-05,-0.001026218058541,6.64115,6.64115
6.64125,1.6701324057E-05,-0.001079908572137,6.64125,6.64125
6.64135,1.6408523152E-05,-0.001124803093262,6.64135,6.64135
6.64145,1.6372139726E-05,-0.000995185924694,6.64145,6.64145
6.64155,1.6346475604E-05,-0.001002785633318,6.64155,6.64155
6.64165,1.6370937374E-05,-0.000919259327929,6.64165,6.64165
6.64175,1.6409978343E-05,-0.000985756749287,6.64175,6.64175
6.64185,1.6436653823E-05,-0.001123747555539,6.64185,6.64185
6.64195,1.647121826E-05,-0.001049439422786,6.64195,6.64195
6.64205,1.473064458E-05,3.57146644592285,6.64205,6.64205
6.64215,0.000100755671156,9.99404811859131,6.64215,6.64215
6.64225,0.000101868550701,9.99410915374756,6.64225,6.64225
6.64235,0.000102042060462,9.99428176879883,6.64235,6.64235
6.64245,0.000102080368379,9.99438190460205,6.64245,6.64245
6.64255,0.000102074089227,9.99413776397705,6.64255,6.64255
6.64265,0.000102080171928,9.99428558349609,6.64265,6.64265
6.64275,0.000102110949229,9.9944019317627,6.64275,6.64275
6.64285,0.000102113706816,9.99421977996826,6.64285,6.64285
6.64295,0.000102112557215,9.99390888214111,6.64295,6.64295
6.64305,0.00011395450565,6.4319167137146,6.64305,6.64305
6.64315,2.3543243515E-05,-0.001245061284862,6.64315,6.64315
6.64325,1.6680456611E-05,-0.00116850133054,6.64325,6.64325
6.64335,1.6383459297E-05,-0.001124662347138,6.64335,6.64335
6.64345,1.6317206246E-05,-0.001151120522991,6.64345,6.64345
6.64355,1.6358717403E-05,-0.000818915083073,6.64355,6.64355
6.64365,1.6374156985E-05,-0.000672480091453,6.64365,6.64365
6.64375,1.6398975276E-05,-0.000587757502217,6.64375,6.64375
6.64385,1.6442989363E-05,-0.000630329945125,6.64385,6.64385
6.64395,1.6451032934E-05,-0.001124592032284,6.64395,6.64395
6.64405,1.4571838619E-05,3.55145454406738,6.64405,6.64405
6.64415,0.00010070886492,9.99458122253418,6.64415,6.64415
6.64425,0.000101873658423,9.99447727203369,6.64425,6.64425
6.64435,0.000102037498436,9.99452972412109,6.64435,6.64435
6.64445,0.00010208524327,9.99454402923584,6.64445,6.64445
6.64455,0.000102084770333,9.99451065063477,6.64455,6.64455
6.64465,0.000102082631201,9.99452495574951,6.64465,6.64465
6.64475,0.000102103644167,9.99445343017578,6.64475,6.64475
6.64485,0.000102087324194,9.99442863464355,6.64485,6.64485
6.64495,0.000102100391814,9.99453735351563,6.64495,6.64495
6.64505,0.000114070702693,6.45215654373169,6.64505,6.64505
6.64515,2.3609494747E-05,-0.000711745233275,6.64515,6.64515
6.64525,1.6679499822E-05,-0.000669032102451,6.64525,6.64525
6.64535,1.6376287022E-05,-0.000707171333488,6.64535,6.64535
6.64545,1.6275929738E-05,-0.000591557356529,6.64545,6.64545
6.64555,1.6309901184E-05,-0.000707734317984,6.64555,6.64555
6.64565,1.6327485355E-05,-0.000716389506124,6.64565,6.64565
6.64575,1.6381123714E-05,-0.000894701050129,6.64575,6.64575
6.64585,1.639083348E-05,-0.000625756045338,6.64585,6.64585
6.64595,1.6417692677E-05,-0.000619141501375,6.64595,6.64595
6.64605,1.4432296666E-05,3.53191685676575,6.64605,6.64605
6.64615,0.000100692770502,9.99460792541504,6.64615,6.64615
6.64625,0.000101879973954,9.99432468414307,6.64625,6.64625
6.64635,0.000102049001725,9.99418926239014,6.64635,6.64635
6.64645,0.000102067220723,9.99425029754639,6.64645,6.64645
6.64655,0.000102078629425,9.99425029754639,6.64655,6.64655
6.64665,0.000102097488707,9.99409103393555,6.64665,6.64665
6.64675,0.000102102094388,9.99431610107422,6.64675,6.64675
6.64685,0.000102098463685,9.99453258514404,6.64685,6.64685
6.64695,0.000102111494925,9.99417781829834,6.64695,6.64695
6.64705,0.00011414171604,6.47208118438721,6.64705,6.64705
6.64715,2.3668821086E-05,-0.000741932948586,6.64715,6.64715
6.64725,1.6706280803E-05,-0.000675646646414,6.64725,6.64725
6.64735,1.6388992663E-05,-0.000870353833307,6.64735,6.64735
6.64745,1.6319245333E-05,-0.000807585951407,6.64745,6.64745
6.64755,1.6346568373E-05,-0.000764380209148,6.64755,6.64755
6.64765,1.6346048142E-05,-0.000620478473138,6.64765,6.64765
6.64775,1.6356614651E-05,-0.000371799338609,6.64775,6.64775
6.64785,1.6391551981E-05,-0.000619493308477,6.64785,6.64785
6.64795,1.6438938474E-05,-0.00063356681494,6.64795,6.64795
6.64805,1.4258852389E-05,3.51128935813904,6.64805,6.64805
6.64815,0.000100684177596,9.99402713775635,6.64815,6.64815
6.64825,0.000101893419924,9.99442577362061,6.64825,6.64825
6.64835,0.000102015801531,9.99443054199219,6.64835,6.64835
6.64845,0.000102055179013,9.9939546585083,6.64845,6.64845
6.64855,0.000102058416815,9.99407958984375,6.64855,6.64855
6.64865,0.000102094658359,9.99409675598145,6.64865,6.64865
6.64875,0.000102062993392,9.99406623840332,6.64875,6.64875
6.64885,0.00010209242464,9.99431419372559,6.64885,6.64885
6.64895,0.000102141013485,9.99418640136719,6.64895,6.64895
6.64905,0.000114239366667,6.49186563491821,6.64905,6.64905
6.64915,2.3710808819E-05,-0.001094333943911,6.64915,6.64915
6.64925,1.6653239072E-05,-0.001192778232507,6.64925,6.64925
6.64935,1.6347306882E-05,-0.001085186144337,6.64935,6.64935
6.64945,1.6315618268E-05,-0.00090279331198,6.64945,6.64945
6.64955,1.6325087927E-05,-0.00081638188567,6.64955,6.64955
6.64965,1.6323654563E-05,-0.000765295000747,6.64965,6.64965
6.64975,1.6373896869E-05,-0.000813356076833,6.64975,6.64975
6.64985,1.6398913431E-05,-0.001129588112235,6.64985,6.64985
6.64995,1.6454259821E-05,-0.000932840281166,6.64995,6.64995
6.65005,1.4144038687E-05,3.49144649505615,6.65005,6.65005
6.65015,0.000100676545117,9.99429035186768,6.65015,6.65015
6.65025,0.000101870617073,9.99437141418457,6.65025,6.65025
6.65035,0.000102037098259,9.99433422088623,6.65035,6.65035
6.65045,0.000102085476101,9.99432277679443,6.65045,6.65045
6.65055,0.000102101963421,9.99418830871582,6.65055,6.65055
6.65065,0.000102121113741,9.99429225921631,6.65065,6.65065
6.65075,0.00010210446635,9.99438571929932,6.65075,6.65075
6.65085,0.000102123332908,9.99427127838135,6.65085,6.65085
6.65095,0.00010210480832,9.99428176879883,6.65095,6.65095
6.65105,0.000114364091132,6.51193332672119,6.65105,6.65105
6.65115,2.375443546E-05,-0.001196718774736,6.65115,6.65115
6.65125,1.6649879399E-05,-0.001030158717185,6.65125,6.65125
6.65135,1.6338242858E-05,-0.000945998996031,6.65135,6.65135
6.65145,1.632938438E-05,-0.000611893599853,6.65145,6.65145
6.65155,1.6330748622E-05,-0.000693942245562,6.65155,6.65155
6.65165,1.6355046682E-05,-0.000632652081549,6.65165,6.65165
6.65175,1.6390889868E-05,-0.000954443123192,6.65175,6.65175
6.65185,1.6417938241E-05,-0.000783801660873,6.65185,6.65185
6.65195,1.6437392333E-05,-0.000965631566942,6.65195,6.65195
6.65205,1.3990294974E-05,3.47145175933838,6.65205,6.65205
6.65215,0.000100650839158,9.99414443969727,6.65215,6.65215
6.65225,0.000101892241219,9.99422740936279,6.65225,6.65225
6.65235,0.000102011661511,9.99434566497803,6.65235,6.65235
6.65245,0.000102059231722,9.9941930770874,6.65245,6.65245
6.65255,0.000102085730759,9.99431324005127,6.65255,6.65255
6.65265,0.000102116908238,9.99429512023926,6.65265,6.65265
6.65275,0.000102135410998,9.99409294128418,6.65275,6.65275
6.65285,0.000102093574242,9.99419403076172,6.65285,6.65285
6.65295,0.000102098871139,9.99443626403809,6.65295,6.65295
6.65305,0.000114432477858,6.53199625015259,6.65305,6.65305
6.65315,2.3808277547E-05,-0.00096992397448,6.65315,6.65315
6.65325,1.6676005544E-05,-0.000867116905283,6.65325,6.65325
6.65335,1.6381229216E-05,-0.000833973754197,6.65335,6.65335
6.65345,1.6316511392E-05,-0.000772120663896,6.65345,6.65345
6.65355,1.6311103536E-05,-0.000945506442804,6.65355,6.65355
6.65365,1.6344620235E-05,-0.000769024481997,6.65365,6.65365
6.65375,1.6425623471E-05,-0.001021433039568,6.65375,6.65375
6.65385,1.64712892E-05,-0.001091800630093,6.65385,6.65385
6.65395,1.6469284674E-05,-0.000943113933317,6.65395,6.65395
6.65405,1.3844685782E-05,3.45175981521607,6.65405,6.65405
6.65415,0.000100625911728,9.99437808990479,6.65415,6.65415
6.65425,0.000101884128526,9.99448871612549,6.65425,6.65425
6.65435,0.000102034631709,9.99430274963379,6.65435,6.65435
6.65445,0.000102087084088,9.99429321289063,6.65445,6.65445
6.65455,0.000102091697045,9.99417209625244,6.65455,6.65455
6.65465,0.00010209105676,9.99429321289063,6.65465,6.65465
6.65475,0.000102117781353,9.99430179595947,6.65475,6.65475
6.65485,0.000102128389699,9.99456787109375,6.65485,6.65485
6.65495,0.000102092941233,9.99440574645996,6.65495,6.65495
6.65505,0.000114561291412,6.55199766159058,6.65505,6.65505
6.65515,2.3844473617E-05,-0.000847836199682,6.65515,6.65515
6.65525,1.6652002159E-05,-0.001007359591313,6.65525,6.65525
6.65535,1.6345231415E-05,-0.001025725505315,6.65535,6.65535
6.65545,1.6263307771E-05,-0.001127477036789,6.65545,6.65545
6.65555,1.6271127606E-05,-0.00109897821676,6.65555,6.65555
6.65565,1.6300502466E-05,-0.001282637589611,6.65565,6.65565
6.65575,1.6311807485E-05,-0.001133036101237,6.65575,6.65575
6.65585,1.6361796952E-05,-0.001096022780985,6.65585,6.65585
6.65595,1.6393380065E-05,-0.001016929512843,6.65595,6.65595
6.65605,1.365922617E-05,3.43148756027222,6.65605,6.65605
6.65615,0.000100585813925,9.99441051483154,6.65615,6.65615
6.65625,0.000101887795608,9.99444675445557,6.65625,6.65625
6.65635,0.000102023215732,9.99453163146973,6.65635,6.65635
6.65645,0.000102077239717,9.99430751800537,6.65645,6.65645
6.65655,0.000102078891359,9.99424648284912,6.65655,6.65655
6.65665,0.000102100144431,9.9943733215332,6.65665,6.65665
6.65675,0.000102087316918,9.99452114105225,6.65675,6.65675
6.65685,0.000102100537333,9.99434185028076,6.65685,6.65685
6.65695,0.000102111102024,9.99425411224365,6.65695,6.65695
6.65705,0.000114634807687,6.57157230377197,6.65705,6.65705
6.65715,2.3922240871E-05,-0.001495218137279,6.65715,6.65715
6.65725,1.6622747353E-05,-0.001315428991802,6.65725,6.65725
6.65735,1.634696855E-05,-0.001476852223277,6.65735,6.65735
6.65745,1.6278192561E-05,-0.001283693127334,6.65745,6.65745
6.65755,1.6290729036E-05,-0.00126560870558,6.65755,6.65755
6.65765,1.6335747205E-05,-0.001385726151057,6.65765,6.65765
6.65775,1.6380048692E-05,-0.001151261269115,6.65775,6.65775
6.65785,1.6394405975E-05,-0.000851284188684,6.65785,6.65785
6.65795,1.6432190023E-05,-0.001381644862704,6.65795,6.65795
6.65805,1.3503345144E-05,3.41130256652832,6.65805,6.65805
6.65815,0.00010054987797,9.99457454681396,6.65815,6.65815
6.65825,0.000101880315924,9.99481868743896,6.65825,6.65825
6.65835,0.000102053942101,9.99493217468262,6.65835,6.65835
6.65845,0.000102101301309,9.99478721618652,6.65845,6.65845
6.65855,0.000102120786323,9.99466896057129,6.65855,6.65855
6.65865,0.000102108460851,9.99448776245117,6.65865,6.65865
6.65875,0.000102109173895,9.99457359313965,6.65875,6.65875
6.65885,0.000102110185253,9.99439811706543,6.65885,6.65885
6.65895,0.000102112848253,9.99448204040527,6.65895,6.65895
6.65905,0.00011474940402,6.59190034866333,6.65905,6.65905
6.65915,2.4034869057E-05,-0.001508095418103,6.65915,6.65915
6.65925,1.6666113879E-05,-0.001375945052132,6.65925,6.65925
6.65935,1.6380821762E-05,-0.00116322375834,6.65935,6.65935
6.65945,1.6297844923E-05,-0.001258571865037,6.65945,6.65945
6.65955,1.6321137082E-05,-0.001275389804505,6.65955,6.65955
6.65965,1.6312496882E-05,-0.001423091394827,6.65965,6.65965
6.65975,1.6348676581E-05,-0.001396844279952,6.65975,6.65975
6.65985,1.6408861484E-05,-0.001052465173416,6.65985,6.65985
6.65995,1.6434452846E-05,-0.001305718207732,6.65995,6.65995
6.66005,1.3354930161E-05,3.39140486717224,6.66005,6.66005
6.66015,0.000100527751783,9.99459171295166,6.66015,6.66015
6.66025,0.000101855293906,9.99479675292969,6.66025,6.66025
6.66035,0.000102024248918,9.99459171295166,6.66035,6.66035
6.66045,0.000102066202089,9.99430274963379,6.66045,6.66045
6.66055,0.000102097808849,9.99449634552002,6.66055,6.66055
6.66065,0.000102101104858,9.99463081359863,6.66065,6.66065
6.66075,0.000102099664218,9.99445152282715,6.66075,6.66075
6.66085,0.000102116951894,9.99444198608398,6.66085,6.66085
6.66095,0.0001021397984,9.99426364898682,6.66095,6.66095
6.66105,0.000114869246318,6.6118221282959,6.66105,6.66105
6.66115,2.409733861E-05,-0.001140706124716,6.66115,6.66115
6.66125,1.6654512365E-05,-0.001193341100588,6.66125,6.66125
6.66135,1.6365536794E-05,-0.001126914168708,6.66135,6.66135
6.66145,1.6307967599E-05,-0.001059783389792,6.66145,6.66145
6.66155,1.6286074242E-05,-0.001186726614833,6.66155,6.66155
6.66165,1.6317790141E-05,-0.001203544437885,6.66165,6.66165
6.66175,1.6360454538E-05,-0.001336750341579,6.66175,6.66175
6.66185,1.6381427486E-05,-0.001262160716578,6.66185,6.66185
6.66195,1.6402182155E-05,-0.000977875548415,6.66195,6.66195
6.66205,1.3226870578E-05,3.37152147293091,6.66205,6.66205
6.66215,0.000100536351965,9.99430465698242,6.66215,6.66215
6.66225,0.000101855875982,9.99433517456055,6.66225,6.66225
6.66235,0.000102036981843,9.99412822723389,6.66235,6.66235
6.66245,0.000102079065982,9.99428558349609,6.66245,6.66245
6.66255,0.000102110869193,9.99432563781738,6.66255,6.66255
6.66265,0.000102096077171,9.99443340301514,6.66265,6.66265
6.66275,0.000102125159174,9.99441528320313,6.66275,6.66275
6.66285,0.000102109050204,9.99423599243164,6.66285,6.66285
6.66295,0.000102125406556,9.99435234069824,6.66295,6.66295
6.66305,0.000114952374133,6.63169097900391,6.66305,6.66305
6.66315,2.4139755624E-05,-0.001256320159882,6.66315,6.66315
6.66325,1.6615449567E-05,-0.001292137312703,6.66325,6.66325
6.66335,1.6329026039E-05,-0.00129108177498,6.66335,6.66335
6.66345,1.6220328689E-05,-0.001430831849575,6.66345,6.66345
6.66355,1.6257754396E-05,-0.00117511593271,6.66355,6.66355
6.66365,1.6266745661E-05,-0.00115576479584,6.66365,6.66365
6.66375,1.6301697542E-05,-0.001363349263556,6.66375,6.66375
6.66385,1.6340865841E-05,-0.001323802629486,6.66385,6.66385
6.66395,1.6372652681E-05,-0.001478892867453,6.66395,6.66395
6.66405,1.3066250176E-05,3.35112118721008,6.66405,6.66405
6.66415,0.000100499637483,9.99418544769287,6.66415,6.66415
6.66425,0.000101921148598,9.99392890930176,6.66425,6.66425
6.66435,0.000102039222838,9.99422836303711,6.66435,6.66435
6.66445,0.000102087353298,9.99396324157715,6.66445,6.66445
6.66455,0.000102111553133,9.99412536621094,6.66455,6.66455
6.66465,0.0001021439748,9.99406623840332,6.66465,6.66465
6.66475,0.000102133533801,9.99431133270264,6.66475,6.66475
6.66485,0.000102130245068,9.99416732788086,6.66485,6.66485
6.66495,0.000102125915873,9.99417209625244,6.66495,6.66495
6.66505,0.000115085851576,6.65181922912598,6.66505,6.66505
6.66515,2.423865044E-05,-0.00077563902596,6.66515,6.66515
6.66525,1.6621221221E-05,-0.000989063992165,6.66525,6.66525
6.66535,1.6351017621E-05,-0.001105240895413,6.66535,6.66535
6.66545,1.6264320948E-05,-0.001104115042835,6.66545,6.66545
6.66555,1.6283156583E-05,-0.000969361048192,6.66555,6.66555
6.66565,1.6276926544E-05,-0.001007429906167,6.66565,6.66565
6.66575,1.6325700926E-05,-0.000863457797095,6.66575,6.66575
6.66585,1.6348536519E-05,-0.000930799578782,6.66585,6.66585
6.66595,1.6353373212E-05,-0.001075545791537,6.66595,6.66595
6.66605,1.2882984265E-05,3.33097362518311,6.66605,6.66605
6.66615,0.000100465658761,9.99420547485352,6.66615,6.66615
6.66625,0.000101904231997,9.99393844604492,6.66625,6.66625
6.66635,0.000102043275547,9.99400997161865,6.66635,6.66635
6.66645,0.000102120153315,9.99370956420898,6.66645,6.66645
6.66655,0.000102118639916,9.99390316009521,6.66655,6.66655
6.66665,0.000102113590401,9.99370384216309,6.66665,6.66665
6.66675,0.00010216042574,9.99381065368652,6.66675,6.66675
6.66685,0.000102125610283,9.99415874481201,6.66685,6.66685
6.66695,0.00010212448251,9.99390983581543,6.66695,6.66695
6.66705,0.000115157185064,6.67125511169434,6.66705,6.66705
6.66715,2.4277644116E-05,-0.001755015342496,6.66715,6.66715
6.66725,1.6608411897E-05,-0.001744460198097,6.66725,6.66725
6.66735,1.6306048565E-05,-0.001499862410128,6.66735,6.66735
6.66745,1.6229876564E-05,-0.001346249948256,6.66745,6.66745
6.66755,1.6256319213E-05,-0.001597954891622,6.66755,6.66755
6.66765,1.6270909327E-05,-0.001301214681007,6.66765,6.66765
6.66775,1.6296564354E-05,-0.00140542909503,6.66775,6.66775
6.66785,1.6358661014E-05,-0.001278978539631,6.66785,6.66785
6.66795,1.6374571715E-05,-0.001202911138535,6.66795,6.66795
6.66805,1.2756991055E-05,3.31117749214172,6.66805,6.66805
6.66815,0.000100430996099,9.99431037902832,6.66815,6.66815
6.66825,0.000101906640339,9.99434661865234,6.66825,6.66825
6.66835,0.000102035963209,9.99468517303467,6.66835,6.66835
6.66845,0.000102087033156,9.99436092376709,6.66845,6.66845
6.66855,0.00010211369954,9.99426746368408,6.66855,6.66855
6.66865,0.000102128884464,9.99452114105225,6.66865,6.66865
6.66875,0.000102129240986,9.99424457550049,6.66875,6.66875
6.66885,0.000102126097772,9.99438381195068,6.66885,6.66885
6.66895,0.00010213170026,9.99431133270264,6.66895,6.66895
6.66905,0.000115221257147,6.69186496734619,6.66905,6.66905
6.66915,2.4265495085E-05,-0.000874294433743,6.66915,6.66915
6.66925,1.6592268366E-05,-0.000642503495328,6.66925,6.66925
6.66935,1.6293386579E-05,-0.000839814310893,6.66935,6.66935
6.66945,1.6186173525E-05,-0.000891956675332,6.66945,6.66945
6.66955,1.6215864889E-05,-0.000808782177046,6.66955,6.66955
6.66965,1.6227177184E-05,-0.000720611540601,6.66965,6.66965
6.66975,1.6255244191E-05,-0.00093481055228,6.66975,6.66975
6.66985,1.6282130673E-05,-0.001222825143486,6.66985,6.66985
6.66995,1.6324913304E-05,-0.001419572974555,6.66995,6.66995
6.67005,1.2589726794E-05,3.29084277153015,6.67005,6.67005
6.67015,0.000100422053947,9.99391269683838,6.67015,6.67015
6.67025,0.000101895901025,9.99390697479248,6.67025,6.67025
6.67035,0.000102063640952,9.99394416809082,6.67035,6.67035
6.67045,0.000102119774965,9.99401569366455,6.67045,6.67045
6.67055,0.000102128251456,9.99428176879883,6.67055,6.67055
6.67065,0.000102117970528,9.99392604827881,6.67065,6.67065
6.67075,0.00010212995403,9.99400806427002,6.67075,6.67075
6.67085,0.000102135032648,9.99413585662842,6.67085,6.67085
6.67095,0.000102124256955,9.99425029754639,6.67095,6.67095
6.67105,0.000115311304398,6.71184539794922,6.67105,6.67105
6.67115,2.4367969672E-05,-0.000941354723182,6.67115,6.67115
6.67125,1.6612404579E-05,-0.001205444335937,6.67125,6.67125
6.67135,1.6308347767E-05,-0.000982730882242,6.67135,6.67135
6.67145,1.6256861272E-05,-0.001050565275364,6.67145,6.67145
6.67155,1.6233856513E-05,-0.000864724395797,6.67155,6.67155
6.67165,1.6270001652E-05,-0.001037617679685,6.67165,6.67165
6.67175,1.6305471945E-05,-0.000734333239961,6.67175,6.67175
6.67185,1.6361445887E-05,-0.000700908654835,6.67185,6.67185
6.67195,1.6366007912E-05,-0.000868242816068,6.67195,6.67195
6.67205,1.2458636775E-05,3.27158808708191,6.67205,6.67205
6.67215,0.000100405261037,9.99457454681396,6.67215,6.67215
6.67225,0.000101914025436,9.99442672729492,6.67225,6.67225
6.67235,0.000102051526483,9.99459934234619,6.67235,6.67235
6.67245,0.000102121390228,9.99457263946533,6.67245,6.67245
6.67255,0.000102159523522,9.99451065063477,6.67255,6.67255
6.67265,0.000102172816696,9.99464225769043,6.67265,6.67265
6.67275,0.000102162273834,9.99452495574951,6.67275,6.67275
6.67285,0.000102163285192,9.99426746368408,6.67285,6.67285
6.67295,0.000102152269392,9.99432468414307,6.67295,6.67295
6.67305,0.000115446455311,6.7318263053894,6.67305,6.67305
6.67315,2.4469965865E-05,-0.001077304943465,6.67315,6.67315
6.67325,1.6678692191E-05,-0.000936429016292,6.67325,6.67325
6.67335,1.638707181E-05,-0.000772894709371,6.67335,6.67335
6.67345,1.6287838662E-05,-0.000550955242943,6.67345,6.67345
6.67355,1.6255455193E-05,-0.000491564976983,6.67355,6.67355
6.67365,1.6286243408E-05,-0.000349915004335,6.67365,6.67365
6.67375,1.6312271327E-05,-0.000765295000747,6.67375,6.67375
6.67385,1.6362999304E-05,-0.001123958732933,6.67385,6.67385
6.67395,1.6381729438E-05,-0.00105640583206,6.67395,6.67395
6.67405,1.2358151253E-05,3.25160050392151,6.67405,6.67405
6.67415,0.000100369317806,9.99441623687744,6.67415,6.67415
6.67425,0.000101919431472,9.9943151473999,6.67425,6.67425
6.67435,0.000102085126855,9.99408721923828,6.67435,6.67435
6.67445,0.000102147801954,9.99405479431152,6.67445,6.67445
6.67455,0.000102142977994,9.99410247802734,6.67455,6.67455
6.67465,0.000102146463178,9.99422454833984,6.67465,6.67465
6.67475,0.000102153971966,9.99416828155518,6.67475,6.67475
6.67485,0.000102150712337,9.99435615539551,6.67485,6.67485
6.67495,0.000102155689092,9.99440860748291,6.67495,6.67495
6.67505,0.000115527152957,6.75206089019775,6.67505,6.67505
6.67515,2.4584674975E-05,-0.000872253731359,6.67515,6.67515
6.67525,1.6622030671E-05,-0.000708226871211,6.67525,6.67525
6.67535,1.6305901227E-05,-0.000947335967794,6.67535,6.67535
6.67545,1.6255869923E-05,-0.000979001400992,6.67545,6.67545
6.67555,1.6261128621E-05,-0.001240417128429,6.67555,6.67555
6.67565,1.6269805201E-05,-0.001073575462215,6.67565,6.67565
6.67575,1.6314001186E-05,-0.001340550137684,6.67575,6.67575
6.67585,1.6314676031E-05,-0.000820463174023,6.67585,6.67585
6.67595,1.6342384697E-05,-0.001071183010936,6.67595,6.67595
6.67605,1.2167467503E-05,3.2316427230835,6.67605,6.67605
6.67615,0.000100318844488,9.994140625,6.67615,6.67615
6.67625,0.000101910081867,9.99402523040771,6.67625,6.67625
6.67635,0.000102059355413,9.99396514892578,6.67635,6.67635
6.67645,0.000102112622699,9.99404716491699,6.67645,6.67645
6.67655,0.000102142534161,9.99442863464355,6.67655,6.67655
6.67665,0.000102144193079,9.99416637420654,6.67665,6.67665
6.67675,0.000102138408693,9.99410247802734,6.67675,6.67675
6.67685,0.000102151221654,9.99404239654541,6.67685,6.67685
6.67695,0.000102146703284,9.99402904510498,6.67695,6.67695
6.67705,0.000115628281492,6.77161312103271,6.67705,6.67705
6.67715,2.4545815904E-05,-0.001453419798054,6.67715,6.67715
6.67725,1.6599811715E-05,-0.001163857174106,6.67725,6.67725
6.67735,1.6321973817E-05,-0.001095389481634,6.67735,6.67735
6.67745,1.623222488E-05,-0.000772824336309,6.67745,6.67745
6.67755,1.6261114069E-05,-0.001197352074087,6.67755,6.67755
6.67765,1.6276027964E-05,-0.001001941272989,6.67765,6.67765
6.67775,1.6284302546E-05,-0.001083638053387,6.67775,6.67775
6.67785,1.630634506E-05,-0.000806530413684,6.67785,6.67785
6.67795,1.6354302716E-05,-0.001021996024065,6.67795,6.67795
6.67805,1.2017962945E-05,3.21134972572327,6.67805,6.67805
6.67815,0.000100273595308,9.9938383102417,6.67815,6.67815
6.67825,0.000101884259493,9.99383354187012,6.67825,6.67825
6.67835,0.000102038218756,9.994065284729,6.67835,6.67835
6.67845,0.000102097583294,9.99404144287109,6.67845,6.67845
6.67855,0.00010211935296,9.99392032623291,6.67855,6.67855
6.67865,0.000102127516584,9.99410915374756,6.67865,6.67865
6.67875,0.000102119200164,9.99421215057373,6.67875,6.67875
6.67885,0.000102121506643,9.99412822723389,6.67885,6.67885
6.67895,0.000102123929537,9.9940824508667,6.67895,6.67895
6.67905,0.0001156783037,6.79158544540405,6.67905,6.67905
6.67915,2.4614950235E-05,-0.001204811036587,6.67915,6.67915
6.67925,1.6539523131E-05,-0.001055279863067,6.67925,6.67925
6.67935,1.6210809918E-05,-0.001016929512843,6.67935,6.67935
6.67945,1.6126754417E-05,-0.001127547468059,6.67945,6.67945
6.67955,1.6133104509E-05,-0.001143380184658,6.67955,6.67955
6.67965,1.6131563825E-05,-0.001146616996266,6.67965,6.67965
6.67975,1.6175865312E-05,-0.000853676698171,6.67975,6.67975
6.67985,1.6244079234E-05,-0.00109151925426,6.67985,6.67985
6.67995,1.6267027604E-05,-0.001381081878208,6.67995,6.67995
6.68005,1.1841770174E-05,3.19145965576172,6.68005,6.68005
6.68015,0.000100244833448,9.99406242370605,6.68015,6.68015
6.68025,0.000101898258436,9.99390029907227,6.68025,6.68025
6.68035,0.000102039288322,9.99390697479248,6.68035,6.68035
6.68045,0.000102088895801,9.99403953552246,6.68045,6.68045
6.68055,0.000102114441688,9.99402713775635,6.68055,6.68055
6.68065,0.000102141952084,9.99377822875977,6.68065,6.68065
6.68075,0.000102155485365,9.99389743804932,6.68075,6.68075
6.68085,0.000102144942502,9.99409675598145,6.68085,6.68085
6.68095,0.00010215902148,9.99427700042725,6.68095,6.68095
6.68105,0.000115793001896,6.81184911727905,6.68105,6.68105
6.68115,2.4649723855E-05,-0.001114740502089,6.68115,6.68115
6.68125,1.6510646674E-05,-0.000997789553367,6.68125,6.68125
6.68135,1.6171266907E-05,-0.001053098472767,6.68135,6.68135
6.68145,1.6108833734E-05,-0.001156961079687,6.68145,6.68145
6.68155,1.6106041585E-05,-0.000924607273191,6.68155,6.68155
6.68165,1.6159659936E-05,-0.001051902305335,6.68165,6.68165
6.68175,1.6180900275E-05,-0.001157453632914,6.68175,6.68175
6.68185,1.61875505E-05,-0.00108990073204,6.68185,6.68185
6.68195,1.6235388102E-05,-0.001114459009841,6.68195,6.68195
6.68205,1.169213192E-05,3.17139458656311,6.68205,6.68205
6.68215,0.000100234639831,9.99433994293213,6.68215,6.68215
6.68225,0.000101913872641,9.99441528320313,6.68225,6.68225
6.68235,0.000102075609902,9.99439430236816,6.68235,6.68235
6.68245,0.000102120757219,9.99439716339111,6.68245,6.68245
6.68255,0.000102133592009,9.99453926086426,6.68255,6.68255
6.68265,0.000102118086943,9.99425315856934,6.68265,6.68265
6.68275,0.000102176600194,9.99461460113525,6.68275,6.68275
6.68285,0.000102157900983,9.99446582794189,6.68285,6.68285
6.68295,0.000102170648461,9.99456596374512,6.68295,6.68295
6.68305,0.000115915761853,6.83153820037842,6.68305,6.68305
6.68315,2.471348671E-05,-0.001419361913577,6.68315,6.68315
6.68325,1.6543663151E-05,-0.000972879410256,6.68325,6.68325
6.68335,1.6245203369E-05,-0.001127125229686,6.68335,6.68335
6.68345,1.6195917851E-05,-0.001079697511159,6.68345,6.68345
6.68355,1.6166204659E-05,-0.000777961162385,6.68355,6.68355
6.68365,1.6207757653E-05,-0.000865568814334,6.68365,6.68365
6.68375,1.6242891434E-05,-0.000944380532019,6.68375,6.68375
6.68385,1.623508615E-05,-0.000734544359148,6.68385,6.68385
6.68395,1.6261621568E-05,-0.000661995320115,6.68395,6.68395
6.68405,1.153856374E-05,3.1517059803009,6.68405,6.68405
6.68415,0.000100162105809,9.99488067626953,6.68415,6.68415
6.68425,0.000101907135104,9.9945011138916,6.68425,6.68425
6.68435,0.000102060752397,9.99421882629395,6.68435,6.68435
6.68445,0.000102077297925,9.99420166015625,6.68445,6.68445
6.68455,0.000102130899904,9.99399375915527,6.68455,6.68455
6.68465,0.000102135709312,9.99378681182861,6.68465,6.68465
6.68475,0.000102127807622,9.99369335174561,6.68475,6.68475
6.68485,0.000102143421827,9.99412250518799,6.68485,6.68485
6.68495,0.000102131351014,9.99398136138916,6.68495,6.68495
6.68505,0.000115948649182,6.85161256790161,6.68505,6.68505
6.68515,2.4752114768E-05,-0.001299807336181,6.68515,6.68515
6.68525,1.6489884729E-05,-0.001330276485533,6.68525,6.68525
6.68535,1.6191861505E-05,-0.001326969242655,6.68535,6.68535
6.68545,1.6100375433E-05,-0.000812582031358,6.68545,6.68545
6.68555,1.6095355022E-05,-0.001208329456858,6.68555,6.68555
6.68565,1.6136282284E-05,-0.001005741069093,6.68565,6.68565
6.68575,1.6155032426E-05,-0.001130784396082,6.68575,6.68575
6.68585,1.6179992599E-05,-0.001257586758584,6.68585,6.68585
6.68595,1.6245470761E-05,-0.001106507494114,6.68595,6.68595
6.68605,1.1377613191E-05,3.13162183761597,6.68605,6.68605
6.68615,0.0001001753335,9.99454021453857,6.68615,6.68615
6.68625,0.000101929988887,9.99470996856689,6.68625,6.68625
6.68635,0.000102053396404,9.99465274810791,6.68635,6.68635
6.68645,0.000102082485682,9.99466514587402,6.68645,6.68645
6.68655,0.000102115925984,9.99449825286865,6.68655,6.68655
6.68665,0.000102146790596,9.99476623535156,6.68665,6.68665
6.68675,0.000102159086964,9.99469089508057,6.68675,6.68675
6.68685,0.000102142112155,9.99473094940186,6.68685,6.68685
6.68695,0.000102131605672,9.99489402770996,6.68695,6.68695
6.68705,0.00011604950123,6.87191343307495,6.68705,6.68705
6.68715,2.4802771804E-05,-0.001025303266943,6.68715,6.68715
6.68725,1.6441372281E-05,-0.000984630780295,6.68725,6.68725
6.68735,1.6156516722E-05,-0.001061964780092,6.68735,6.68735
6.68745,1.6066360331E-05,-0.001180956489407,6.68745,6.68745
6.68755,1.6051249986E-05,-0.001179971266538,6.68755,6.68755
6.68765,1.6058667825E-05,-0.001178915728815,6.68765,6.68765
6.68775,1.6095615138E-05,-0.001255335053429,6.68775,6.68775
6.68785,1.6107167539E-05,-0.001408666023053,6.68785,6.68785
6.68795,1.6173735276E-05,-0.001114670187235,6.68795,6.68795
6.68805,1.1211987839E-05,3.11160254478455,6.68805,6.68805
6.68815,0.000100102304714,9.99427890777588,6.68815,6.68815
6.68825,0.000101919562439,9.99427318572998,6.68825,6.68825
6.68835,0.000102049969428,9.99436378479004,6.68835,6.68835
6.68845,0.00010208706226,9.99417114257813,6.68845,6.68845
6.68855,0.000102110745502,9.99398517608643,6.68855,6.68855
6.68865,0.000102101323137,9.99403476715088,6.68865,6.68865
6.68875,0.000102120102383,9.99422168731689,6.68875,6.68875
6.68885,0.000102137091744,9.99401950836182,6.68885,6.68885
6.68895,0.000102156387584,9.99410533905029,6.68895,6.68895
6.68905,0.000116107257782,6.8916130065918,6.68905,6.68905
6.68915,2.4883831429E-05,-0.001308814389631,6.68915,6.68915
6.68925,1.6463167412E-05,-0.001295022317208,6.68925,6.68925
6.68935,1.6133595636E-05,-0.001003067125566,6.68935,6.68935
6.68945,1.6059484551E-05,-0.001048243138939,6.68945,6.68945
6.68955,1.6041751223E-05,-0.000968516629655,6.68955,6.68955
6.68965,1.6065278032E-05,-0.000826585164759,6.68965,6.68965
6.68975,1.6110929209E-05,-0.000760861847084,6.68975,6.68975
6.68985,1.6143840185E-05,-0.000939314079005,6.68985,6.68985
6.68995,1.6147292627E-05,-0.000671002373565,6.68995,6.68995
6.69005,1.1073796486E-05,3.09186887741089,6.69005,6.69005
6.69015,0.000100017001387,9.99455070495605,6.69015,6.69015
6.69025,0.00010187135922,9.99448108673096,6.69025,6.69025
6.69035,0.000102042300568,9.99421501159668,6.69035,6.69035
6.69045,0.000102097445051,9.99420356750488,6.69045,6.69045
6.69055,0.000102109625004,9.99439716339111,6.69055,6.69055
6.69065,0.000102103665995,9.99455547332764,6.69065,6.69065
6.69075,0.000102133097243,9.99436664581299,6.69075,6.69075
6.69085,0.000102127138234,9.99464511871338,6.69085,6.69085
6.69095,0.000102092933957,9.99431419372559,6.69095,6.69095
6.69105,0.000116213195724,6.91194725036621,6.69105,6.69105
6.69115,2.4901850338E-05,-0.000889423477929,6.69115,6.69115
6.69125,1.6470852643E-05,-0.001014396315441,6.69125,6.69125
6.69135,1.6121228327E-05,-0.00079928257037,6.69135,6.69135
6.69145,1.6045865777E-05,-0.000907085719518,6.69145,6.69145
6.69155,1.6048339603E-05,-0.000775498279836,6.69155,6.69155
6.69165,1.6048874386E-05,-0.000826796283945,6.69165,6.69165
6.69175,1.6104635506E-05,-0.000879783066921,6.69175,6.69175
6.69185,1.6156172933E-05,-0.000997367314994,6.69185,6.69185
6.69195,1.6186208086E-05,-0.000837562547531,6.69195,6.69195
6.69205,1.0969247342E-05,3.07161498069763,6.69205,6.69205
6.69215,0.000100020122773,9.99450588226318,6.69215,6.69215
6.69225,0.000101883051684,9.99454307556152,6.69225,6.69225
6.69235,0.00010203407146,9.99439811706543,6.69235,6.69235
6.69245,0.000102090387372,9.99457454681396,6.69245,6.69245
6.69255,0.000102068639535,9.99448680877686,6.69255,6.69255
6.69265,0.000102106074337,9.99445533752441,6.69265,6.69265
6.69275,0.000102096710179,9.99422740936279,6.69275,6.69275
6.69285,0.000102102116216,9.99449920654297,6.69285,6.69285
6.69295,0.000102121171949,9.99474334716797,6.69295,6.69295
6.69305,0.000116286420962,6.93186855316162,6.69305,6.69305
6.69315,2.4997041692E-05,-0.001024177414365,6.69315,6.69315
6.69325,1.6473088181E-05,-0.001210088608786,6.69325,6.69325
6.69335,1.6134319594E-05,-0.000809063669294,6.69335,6.69335
6.69345,1.6078072804E-05,-0.000781690643635,6.69345,6.69345
6.69355,1.6053281797E-05,-0.0006534808781,6.69355,6.69355
6.69365,1.6080506612E-05,-0.000742847740185,6.69365,6.69365
6.69375,1.611051448E-05,-0.00070914166281,6.69375,6.69375
6.69385,1.6130326912E-05,-0.00086613179883,6.69385,6.69385
6.69395,1.6171570678E-05,-0.001149853924289,6.69395,6.69395
6.69405,1.0781579476E-05,3.05145120620728,6.69405,6.69405
6.69415,9.9954653706E-05,9.99435138702393,6.69415,6.69415
6.69425,0.000101864316093,9.99424743652344,6.69425,6.69425
6.69435,0.000102040772617,9.9938383102417,6.69435,6.69435
6.69445,0.000102087411506,9.99426460266113,6.69445,6.69445
6.69455,0.000102079815406,9.99425220489502,6.69455,6.69455
6.69465,0.00010211654444,9.99404716491699,6.69465,6.69465
6.69475,0.00010210012988,9.99431324005127,6.69475,6.69475
6.69485,0.000102085221442,9.99444580078125,6.69485,6.69485
6.69495,0.000102116486232,9.99458599090576,6.69495,6.69495
6.69505,0.000116381641419,6.95153522491455,6.69505,6.69505
6.69515,2.5066632588E-05,-0.001014607376419,6.69515,6.69515
6.69525,1.6406540453E-05,-0.000955357914791,6.69525,6.69525
6.69535,1.6096621039E-05,-0.001094263512641,6.69535,6.69535
6.69545,1.6051264538E-05,-0.001087015727535,6.69545,6.69545
6.69555,1.6038165995E-05,-0.000565662106965,6.69555,6.69555
6.69565,1.6051089915E-05,-0.000941565842368,6.69565,6.69565
6.69575,1.6106399926E-05,-0.00095655414043,6.69575,6.69575
6.69585,1.6157908249E-05,-0.000897374993656,6.69585,6.69585
6.69595,1.6185807908E-05,-0.000797241867986,6.69595,6.69595
6.69605,1.0666709386E-05,3.03172397613525,6.69605,6.69605
6.69615,9.993956337E-05,9.99437618255615,6.69615,6.69615
6.69625,0.000101901794551,9.99443244934082,6.69625,6.69625
6.69635,0.000102054211311,9.99434185028076,6.69635,6.69635
6.69645,0.000102088131825,9.99413299560547,6.69645,6.69645
6.69655,0.000102094636532,9.9940767288208,6.69655,6.69655
6.69665,0.000102094985778,9.99413013458252,6.69665,6.69665
6.69675,0.000102103309473,9.99430847167969,6.69675,6.69675
6.69685,0.000102140489616,9.99420547485352,6.69685,6.69685
6.69695,0.000102138947113,9.9945011138916,6.69695,6.69695
6.69705,0.00011645363702,6.97165060043335,6.69705,6.69705
6.69715,2.5074366931E-05,-0.00106006488204,6.69715,6.69715
6.69725,1.6393007172E-05,-0.001321973162703,6.69725,6.69725
6.69735,1.6095440515E-05,-0.001192567055114,6.69735,6.69735
6.69745,1.6008869352E-05,-0.001051620813087,6.69745,6.69745
6.69755,1.6009291357E-05,-0.000930518144742,6.69755,6.69755
6.69765,1.6046540622E-05,-0.001002363511361,6.69765,6.69765
6.69775,1.6073960069E-05,-0.000884497712832,6.69775,6.69775
6.69785,1.6082045477E-05,-0.001135780476034,6.69785,6.69785
6.69795,1.6137259081E-05,-0.000751995539758,6.69795,6.69795
6.69805,1.052049538E-05,3.01178598403931,6.69805,6.69805
6.69815,9.9860073533E-05,9.99489974975586,6.69815,6.69815
6.69825,0.000101900368463,9.99452877044678,6.69825,6.69825
6.69835,0.000102068137494,9.99417591094971,6.69835,6.69835
6.69845,0.000102091464214,9.99451160430908,6.69845,6.69845
6.69855,0.000102101148514,9.99438953399658,6.69855,6.69855
6.69865,0.000102113270259,9.99426746368408,6.69865,6.69865
6.69875,0.000102080230135,9.99440288543701,6.69875,6.69875
6.69885,0.000102081910882,9.99418449401855,6.69885,6.69885
6.69895,0.00010212581401,9.994460105896,6.69895,6.69895
6.69905,0.000116540672025,6.99174547195435,6.69905,6.69905
6.69915,2.510100785E-05,-0.000800760288257,6.69915,6.69915
6.69925,1.6366528143E-05,-0.000860783853568,6.69925,6.69925
6.69935,1.6059651898E-05,-0.000809204357211,6.69935,6.69935
6.69945,1.6004327335E-05,-0.000874646240845,6.69945,6.69945
6.69955,1.6007679733E-05,-0.000753332511522,6.69955,6.69955
6.69965,1.605954094E-05,-0.000836014456581,6.69965,6.69965
6.69975,1.6073265215E-05,-0.000815818959381,6.69975,6.69975
6.69985,1.6081652575E-05,-0.000980479177088,6.69985,6.69985
6.69995,1.6111314835E-05,-0.001093841390684,6.69995,6.69995
6.70005,1.0408663002E-05,2.99166965484619,6.70005,6.70005
6.70015,9.9851131381E-05,9.99471569061279,6.70015,6.70015
6.70025,0.000101918645669,9.99452114105225,6.70025,6.70025
6.70035,0.00010206434672,9.99472713470459,6.70035,6.70035
6.70045,0.000102122845419,9.99438095092773,6.70045,6.70045
6.70055,0.000102130856249,9.99451351165771,6.70055,6.70055
6.70065,0.000102107966086,9.99445343017578,6.70065,6.70065
6.70075,0.000102115314803,9.99412536621094,6.70075,6.70075
6.70085,0.000102099802461,9.99402236938477,6.70085,6.70085
6.70095,0.000102078091004,9.99438667297363,6.70095,6.70095
6.70105,0.000116634000733,7.01156759262085,6.70105,6.70105
6.70115,2.5216426366E-05,-0.001320354640484,6.70115,6.70115
6.70125,1.6351095837E-05,-0.001367782475427,6.70125,6.70125
6.70135,1.606998012E-05,-0.001042332267389,6.70135,6.70135
6.70145,1.5961122699E-05,-0.000871972297318,6.70145,6.70145
6.70155,1.5988387531E-05,-0.000983645673841,6.70155,6.70155
6.70165,1.599539064E-05,-0.000776201952249,6.70165,6.70165
6.70175,1.6051089915E-05,-0.000860080181155,6.70175,6.70175
6.70185,1.6041893105E-05,-0.000920948165003,6.70185,6.70185
6.70195,1.6129433789E-05,-0.000875209167134,6.70195,6.70195
6.70205,1.0237081369E-05,2.97185587882996,6.70205,6.70205
6.70215,9.98134783E-05,9.99484920501709,6.70215,6.70215
6.70225,0.000101904799521,9.99483299255371,6.70225,6.70225
6.70235,0.000102042700746,9.99465084075928,6.70235,6.70235
6.70245,0.000102107245766,9.99455451965332,6.70245,6.70245
6.70255,0.000102109414001,9.99467277526855,6.70255,6.70255
6.70265,0.000102136837086,9.99425601959229,6.70265,6.70265
6.70275,0.000102133075416,9.9945125579834,6.70275,6.70275
6.70285,0.000102144927951,9.99443435668945,6.70285,6.70285
6.70295,0.000102116289781,9.99435329437256,6.70295,6.70295
6.70305,0.000116732873721,7.03160333633423,6.70305,6.70305
6.70315,2.5324201488E-05,-0.001396140549332,6.70315,6.70315
6.70325,1.6376146959E-05,-0.001235561678186,6.70325,6.70325
6.70335,1.6054034859E-05,-0.001162590458989,6.70335,6.70335
6.70345,1.5992951376E-05,-0.000986952916719,6.70345,6.70345
6.70355,1.5990004613E-05,-0.001194326323457,6.70355,6.70355
6.70365,1.6021720512E-05,-0.000897093501408,6.70365,6.70365
6.70375,1.6079486159E-05,-0.000865991052706,6.70375,6.70375
6.70385,1.6122832676E-05,-0.000951487687416,6.70385,6.70385
6.70395,1.6121130102E-05,-0.001263497630134,6.70395,6.70395
6.70405,1.011392942E-05,2.9515917301178,6.70405,6.70405
6.70415,9.9780052551E-05,9.99480152130127,6.70415,6.70415
6.70425,0.000101903191535,9.99477481842041,6.70425,6.70425
6.70435,0.000102036457974,9.99488162994385,6.70435,6.70435
6.70445,0.0001020759737,9.9946231842041,6.70445,6.70445
6.70455,0.000102098732896,9.9946928024292,6.70455,6.70455
6.70465,0.000102108482679,9.99453163146973,6.70465,6.70465
6.70475,0.000102102909295,9.99453639984131,6.70475,6.70475
6.70485,0.000102121739474,9.99474334716797,6.70485,6.70485
6.70495,0.000102107602288,9.99480533599854,6.70495,6.70495
6.70505,0.000116766168503,7.05196046829224,6.70505,6.70505
6.70515,2.5352746889E-05,-0.000942339887843,6.70515,6.70515
6.70525,1.6322535885E-05,-0.000947969325352,6.70525,6.70525
6.70535,1.6015632355E-05,-0.001028258702718,6.70535,6.70535
6.70545,1.5931183952E-05,-0.000945295323618,6.70545,6.70545
6.70555,1.5954203263E-05,-0.000737218302675,6.70555,6.70555
6.70565,1.5978601368E-05,-0.001037547248416,6.70565,6.70565
6.70575,1.6010049876E-05,-0.000806178548373,6.70575,6.70575
6.70585,1.606085425E-05,-0.000666147039738,6.70585,6.70585
6.70595,1.6083480659E-05,-0.000467428908451,6.70595,6.70595
6.70605,9.943543773E-06,2.93223905563355,6.70605,6.70605
6.70615,9.9706448964E-05,9.99485492706299,6.70615,6.70615
6.70625,0.000101890116639,9.99488353729248,6.70625,6.70625
6.70635,0.000102032230643,9.99505424499512,6.70635,6.70635
6.70645,0.000102100959339,9.99487972259521,6.70645,6.70645
6.70655,0.000102106387203,9.99485874176025,6.70655,6.70655
6.70665,0.000102127225546,9.99494457244873,6.70665,6.70665
6.70675,0.000102145422716,9.99489879608154,6.70675,6.70675
6.70685,0.00010211278277,9.99493598937988,6.70685,6.70685
6.70695,0.000102118734503,9.99484920501709,6.70695,6.70695
6.70705,0.000116865230666,7.07209062576294,6.70705,6.70705
6.70715,2.5448311135E-05,-0.000896741694305,6.70715,6.70715
6.70725,1.6320911527E-05,-0.000697179173585,6.70725,6.70725
6.70735,1.6024105207E-05,-0.000912574410904,6.70735,6.70735
6.70745,1.5930192603E-05,-0.000841221655719,6.70745,6.70745
6.70755,1.5935009287E-05,-0.00087387219537,6.70755,6.70755
6.70765,1.5969517335E-05,-0.00070724170655,6.70765,6.70765
6.70775,1.6001880795E-05,-0.000664176768623,6.70775,6.70775
6.70785,1.603797682E-05,-0.000734262866899,6.70785,6.70785
6.70795,1.6033083739E-05,-0.000630822498351,6.70795,6.70795
6.70805,9.842306099E-06,2.91197562217712,6.70805,6.70805
6.70815,9.9651515484E-05,9.9947395324707,6.70815,6.70815
6.70825,0.000101892561361,9.9947395324707,6.70825,6.70825
6.70835,0.00010204892169,9.99464321136475,6.70835,6.70835
6.70845,0.000102092679299,9.99457263946533,6.70845,6.70845
6.70855,0.000102088306448,9.99461269378662,6.70855,6.70855
6.70865,0.000102109712316,9.99465370178223,6.70865,6.70865
6.70875,0.000102113073808,9.99430751800537,6.70875,6.70875
6.70885,0.000102150530438,9.99428176879883,6.70885,6.70885
6.70895,0.000102098172647,9.99442291259766,6.70895,6.70895
6.70905,0.000116935676488,7.09166145324707,6.70905,6.70905
6.70915,2.5521158022E-05,-0.000933684699703,6.70915,6.70915
6.70925,1.6342659364E-05,-0.00113929877989,6.70925,6.70925
6.70935,1.6033160136E-05,-0.000788445933722,6.70935,6.70935
6.70945,1.5975703718E-05,-0.000677476229612,6.70945,6.70945
6.70955,1.5990455722E-05,-0.000839110638481,6.70955,6.70955
6.70965,1.6027957827E-05,-0.000918766716495,6.70965,6.70965
6.70975,1.6022473574E-05,-0.000560947461054,6.70975,6.70975
6.70985,1.6061065253E-05,-0.000709634216037,6.70985,6.70985
6.70995,1.611697553E-05,-0.000813496822957,6.70995,6.70995
6.71005,9.725284144E-06,2.89194536209107,6.71005,6.71005
6.71015,9.9600358226E-05,9.99472236633301,6.71015,6.71015
6.71025,0.000101871191873,9.99463844299316,6.71025,6.71025
6.71035,0.000102009624243,9.99476146697998,6.71035,6.71035
6.71045,0.000102052908915,9.99510192871094,6.71045,6.71045
6.71055,0.000102118210634,9.99501705169678,6.71055,6.71055
6.71065,0.00010212550842,9.99537086486816,6.71065,6.71065
6.71075,0.000102100253571,9.99511432647705,6.71075,6.71075
6.71085,0.000102132944448,9.99521350860596,6.71085,6.71085
6.71095,0.000102143370896,9.99497318267822,6.71095,6.71095
6.71105,0.000117027462693,7.11220645904541,6.71105,6.71105
6.71115,2.5608178476E-05,-0.000669595028739,6.71115,6.71115
6.71125,1.6337638954E-05,-0.000726874277461,6.71125,6.71125
6.71135,1.6031275663E-05,-0.000972175737843,6.71135,6.71135
6.71145,1.5926747437E-05,-0.000798086286522,6.71145,6.71145
6.71155,1.5955152776E-05,-0.001093348721042,6.71155,6.71155
6.71165,1.5972547772E-05,-0.000891253002919,6.71165,6.71165
6.71175,1.6000192772E-05,-0.000771557737608,6.71175,6.71175
6.71185,1.602280463E-05,-0.000854872982018,6.71185,6.71185
6.71195,1.6062598661E-05,-0.000616748991888,6.71195,6.71195
6.71205,9.594397852E-06,2.87199568748474,6.71205,6.71205
6.71215,9.9546974525E-05,9.99474716186523,6.71215,6.71215
6.71225,0.000101899859146,9.99475765228271,6.71225,6.71225
6.71235,0.000102035846794,9.99434280395508,6.71235,6.71235
6.71245,0.000102082536614,9.99481868743896,6.71245,6.71245
6.71255,0.000102095364127,9.99458122253418,6.71255,6.71255
6.71265,0.000102119520307,9.99459362030029,6.71265,6.71265
6.71275,0.000102101330413,9.99439525604248,6.71275,6.71275
6.71285,0.000102119120129,9.99411010742188,6.71285,6.71285
6.71295,0.000102110359876,9.99429512023926,6.71295,6.71295
6.71305,0.000117091192806,7.1315507888794,6.71305,6.71305
6.71315,2.5656769139E-05,-0.001375452498905,6.71315,6.71315
6.71325,1.6314901586E-05,-0.001075897598639,6.71325,6.71325
6.71335,1.6008432794E-05,-0.000911659619305,6.71335,6.71335
6.71345,1.5924828404E-05,-0.001330276485533,6.71345,6.71345
6.71355,1.5939573132E-05,-0.001183841493912,6.71355,6.71355
6.71365,1.5904432075E-05,-0.001267790095881,6.71365,6.71365
6.71375,1.5974537746E-05,-0.001397266518325,6.71375,6.71375
6.71385,1.6027261154E-05,-0.001200870494358,6.71385,6.71385
6.71395,1.6052452338E-05,-0.00104514695704,6.71395,6.71395
6.71405,9.462056369E-06,2.85137009620667,6.71405,6.71405
6.71415,9.9501543446E-05,9.99451065063477,6.71415,6.71415
6.71425,0.000101875630207,9.99456787109375,6.71425,6.71425
6.71435,0.000102014142612,9.99463367462158,6.71435,6.71435
6.71445,0.000102056743344,9.99458694458008,6.71445,6.71445
6.71455,0.000102076075564,9.99407196044922,6.71455,6.71455
6.71465,0.0001020704658,9.99439907073975,6.71465,6.71465
6.71475,0.000102071106085,9.99456024169922,6.71475,6.71475
6.71485,0.000102091180452,9.994797706604,6.71485,6.71485
6.71495,0.000102096419141,9.99470043182373,6.71495,6.71495
6.71505,0.000117174924526,7.15161800384521,6.71505,6.71505
6.71515,2.5754490707E-05,-0.001252731424756,6.71515,6.71515
6.71525,1.6321902876E-05,-0.001092926599085,6.71525,6.71525
6.71535,1.5974839698E-05,-0.001217899494804,6.71535,6.71535
6.71545,1.5915829863E-05,-0.000791190250311,6.71545,6.71545
6.71555,1.5903602616E-05,-0.00098385673482,6.71555,6.71555
6.71565,1.5958717995E-05,-0.001267930842005,6.71565,6.71565
6.71575,1.6020034309E-05,-0.001123184687458,6.71575,6.71575
6.71585,1.6057916582E-05,-0.000962535385042,6.71585,6.71585
6.71595,1.6091024008E-05,-0.001283763558604,6.71595,6.71595
6.71605,9.353710084E-06,2.83165335655212,6.71605,6.71605
6.71615,9.9437580502E-05,9.99431705474854,6.71615,6.71615
6.71625,0.00010185528663,9.99417591094971,6.71625,6.71625
6.71635,0.000102037251054,9.99411296844482,6.71635,6.71635
6.71645,0.000102076941403,9.99385833740234,6.71645,6.71645
6.71655,0.000102094323665,9.99419212341309,6.71655,6.71655
6.71665,0.000102114769106,9.99450302124023,6.71665,6.71665
6.71675,0.000102121550299,9.99393177032471,6.71675,6.71675
6.71685,0.000102107704151,9.99400901794434,6.71685,6.71685
6.71695,0.000102073128801,9.99409961700439,6.71695,6.71695
6.71705,0.000117255549412,7.17140579223633,6.71705,6.71705
6.71715,2.5813240427E-05,-0.001547079067677,6.71715,6.71715
6.71725,1.6285301172E-05,-0.001391355530359,6.71725,6.71725
6.71735,1.5972231267E-05,-0.001051268889569,6.71735,6.71735
6.71745,1.589549538E-05,-0.001197141013108,6.71745,6.71745
6.71755,1.5892177544E-05,-0.001316695590504,6.71755,6.71755
6.71765,1.5932611859E-05,-0.001185811823234,6.71765,6.71765
6.71775,1.594016976E-05,-0.001184193301015,6.71775,6.71775
6.71785,1.5997788068E-05,-0.001035717665218,6.71785,6.71785
6.71795,1.6016574591E-05,-0.001105663133785,6.71795,6.71795
6.71805,9.198145563E-06,2.81182360649109,6.71805,6.71805
6.71815,9.9412514828E-05,9.99453258514404,6.71815,6.71815
6.71825,0.000101898323919,9.99429893493652,6.71825,6.71825
6.71835,0.000102018959296,9.99425220489502,6.71835,6.71835
6.71845,0.000102080928627,9.99418544769287,6.71845,6.71845
6.71855,0.000102097350464,9.99425315856934,6.71855,6.71855
6.71865,0.000102120735392,9.9942102432251,6.71865,6.71865
6.71875,0.000102118916402,9.99452972412109,6.71875,6.71875
6.71885,0.000102097779745,9.99431705474854,6.71885,6.71885
6.71895,0.000102114441688,9.99454593658447,6.71895,6.71895
6.71905,0.000117325042083,7.19189357757568,6.71905,6.71905
6.71915,2.5911651392E-05,-0.001151964999735,6.71915,6.71915
6.71925,1.633764623E-05,-0.000840588356368,6.71925,6.71925
6.71935,1.6043994037E-05,-0.000942339887843,6.71935,6.71935
6.71945,1.5938770957E-05,-0.000864654080942,6.71945,6.71945
6.71955,1.5961903046E-05,-0.000795764150098,6.71955,6.71955
6.71965,1.5961937606E-05,-0.000776342698373,6.71965,6.71965
6.71975,1.5979852833E-05,-0.000948110013269,6.71975,6.71975
6.71985,1.6005817088E-05,-0.000902863685042,6.71985,6.71985
6.71995,1.6066782337E-05,-0.000914403935894,6.71995,6.71995
6.72005,9.12462383E-06,2.79177904129028,6.72005,6.72005
6.72015,9.9332159152E-05,9.99455642700195,6.72015,6.72015
6.72025,0.000101892263046,9.9943323135376,6.72025,6.72025
6.72035,0.000102049329143,9.99435329437256,6.72035,6.72035
6.72045,0.000102084872196,9.99406909942627,6.72045,6.72045
6.72055,0.00010213364294,9.99416160583496,6.72055,6.72055
6.72065,0.000102115474874,9.99413681030273,6.72065,6.72065
6.72075,0.000102118174254,9.99418544769287,6.72075,6.72075
6.72085,0.000102111283923,9.99409484863281,6.72085,6.72085
6.72095,0.000102114812762,9.99411106109619,6.72095,6.72095
6.72105,0.000117421936011,7.21130704879761,6.72105,6.72105
6.72115,2.5997349439E-05,-0.001556226867251,6.72115,6.72115
6.72125,1.630000952E-05,-0.001189119066112,6.72125,6.72125
6.72135,1.5996107322E-05,-0.001269478932954,6.72135,6.72135
6.72145,1.5918521967E-05,-0.00122233259026,6.72145,6.72145
6.72155,1.5896388504E-05,-0.001205374021083,6.72155,6.72155
6.72165,1.5890926079E-05,-0.001428368967026,6.72165,6.72165
6.72175,1.5966381397E-05,-0.001315217814408,6.72175,6.72175
6.72185,1.5988107407E-05,-0.001151331700385,6.72185,6.72185
6.72195,1.5977911971E-05,-0.001226202817634,6.72195,6.72195
6.72205,8.909050848E-06,2.77146792411804,6.72205,6.72205
6.72215,9.9289616628E-05,9.99406909942627,6.72215,6.72215
6.72225,0.000101891251688,9.99427318572998,6.72225,6.72225
6.72235,0.000102020225313,9.99428462982178,6.72235,6.72235
6.72245,0.00010206188017,9.99413681030273,6.72245,6.72245
6.72255,0.000102085396065,9.9942102432251,6.72255,6.72255
6.72265,0.000102093159512,9.99425601959229,6.72265,6.72265
6.72275,0.00010212296911,9.99426746368408,6.72275,6.72275
6.72285,0.000102156343928,9.99426364898682,6.72285,6.72285
6.72295,0.000102139973023,9.99397945404053,6.72295,6.72295
6.72305,0.000117507886898,7.2314887046814,6.72305,6.72305
6.72315,2.6079000236E-05,-0.000917077937629,6.72315,6.72315
6.72325,1.6308678823E-05,-0.001164490473457,6.72325,6.72325
6.72335,1.5977975636E-05,-0.001111222198233,6.72335,6.72335
6.72345,1.589234671E-05,-0.000679727992974,6.72345,6.72345
6.72355,1.5899460777E-05,-0.001104466849938,6.72355,6.72355
6.72365,1.591034561E-05,-0.000805263814982,6.72365,6.72365
6.72375,1.5921250451E-05,-0.000844810390845,6.72375,6.72375
6.72385,1.5965466446E-05,-0.001122199464589,6.72385,6.72385
6.72395,1.5993415218E-05,-0.000898430531379,6.72395,6.72395
6.72405,8.791445907E-06,2.75191187858582,6.72405,6.72405
6.72415,9.9209675682E-05,9.9945707321167,6.72415,6.72415
6.72425,0.000101872028608,9.99460411071777,6.72425,6.72425
6.72435,0.000102001387859,9.99449157714844,6.72435,6.72435
6.72445,0.000102049547422,9.99444770812988,6.72445,6.72445
6.72455,0.000102091769804,9.99440383911133,6.72455,6.72455
6.72465,0.000102124329715,9.99438953399658,6.72465,6.72465
6.72475,0.000102147409052,9.99413681030273,6.72475,6.72475
6.72485,0.000102113299363,9.99442195892334,6.72485,6.72485
6.72495,0.000102118210634,9.99414443969727,6.72495,6.72495
6.72505,0.000117570889415,7.25146055221558,6.72505,6.72505
6.72515,2.6173936931E-05,-0.001027062535286,6.72515,6.72515
6.72525,1.6305893951E-05,-0.000884990266059,6.72525,6.72525
6.72535,1.6026480807E-05,-0.000991878681816,6.72535,6.72535
6.72545,1.5927149434E-05,-0.00100405223202,6.72545,6.72545
6.72555,1.5879901184E-05,-0.001065764692612,6.72555,6.72555
6.72565,1.5926565538E-05,-0.001018266542815,6.72565,6.72565
6.72575,1.5950652596E-05,-0.000787953380495,6.72575,6.72575
6.72585,1.5927465938E-05,-0.000611049181316,6.72585,6.72585
6.72595,1.601319309E-05,-0.000977594056167,6.72595,6.72595
6.72605,8.717692253E-06,2.73164010047913,6.72605,6.72605
6.72615,9.9200493423E-05,9.99432849884033,6.72615,6.72615
6.72625,0.000101891841041,9.99452972412109,6.72625,6.72625
6.72635,0.000102058518678,9.99437522888184,6.72635,6.72635
6.72645,0.000102102094388,9.99400043487549,6.72645,6.72645
6.72655,0.000102084093669,9.99412631988525,6.72655,6.72655
6.72665,0.000102138692455,9.99441051483154,6.72665,6.72665
6.72675,0.000102166479337,9.99424076080322,6.72675,6.72675
6.72685,0.000102152167528,9.99433994293213,6.72685,6.72685
6.72695,0.000102161277027,9.99414920806885,6.72695,6.72695
6.72705,0.000117657633382,7.2714900970459,6.72705,6.72705
6.72715,2.6273501135E-05,-0.000916514953133,6.72715,6.72715
6.72725,1.6304313249E-05,-0.000989134307019,6.72725,6.72725
6.72735,1.5983318008E-05,-0.001063583302312,6.72735,6.72735
6.72745,1.5928555513E-05,-0.001064568408765,6.72745,6.72745
6.72755,1.5889962015E-05,-0.001010174280964,6.72755,6.72755
6.72765,1.5928168068E-05,-0.000931784743443,6.72765,6.72765
6.72775,1.5933723262E-05,-0.000874012941495,6.72775,6.72775
6.72785,1.5999257812E-05,-0.000993778579868,6.72785,6.72785
6.72795,1.6015350411E-05,-0.000796467822511,6.72795,6.72795
6.72805,8.606477422E-06,2.71182107925415,6.72805,6.72805
6.72815,9.9139484519E-05,9.99465560913086,6.72815,6.72815
6.72825,0.000101917627035,9.99466609954834,6.72825,6.72825
6.72835,0.000102077312476,9.99458980560303,6.72835,6.72835
6.72845,0.000102132158645,9.99455547332764,6.72845,6.72845
6.72855,0.000102153957414,9.99411487579346,6.72855,6.72855
6.72865,0.000102151221654,9.99430561065674,6.72865,6.72865
6.72875,0.000102128702565,9.99446296691895,6.72875,6.72875
6.72885,0.000102131751191,9.99423885345459,6.72885,6.72885
6.72895,0.000102136466012,9.99413776397705,6.72895,6.72895
6.72905,0.000117749514175,7.29135513305664,6.72905,6.72905
6.72915,2.6374689696E-05,-0.000967250030953,6.72915,6.72915
6.72925,1.6294026864E-05,-0.000929603353143,6.72925,6.72925
6.72935,1.5948480723E-05,-0.000862331944518,6.72935,6.72935
6.72945,1.5859568521E-05,-0.00066122127464,6.72945,6.72945
6.72955,1.5879739294E-05,-0.000984278973192,6.72955,6.72955
6.72965,1.5874937162E-05,-0.000912574410904,6.72965,6.72965
6.72975,1.5886398614E-05,-0.000764661701396,6.72975,6.72975
6.72985,1.593145862E-05,-0.00074580317596,6.72985,6.72985
6.72995,1.5975436327E-05,-0.000431893276982,6.72995,6.72995
6.73005,8.448536391E-06,2.69220280647278,6.73005,6.73005
6.73015,9.9082084489E-05,9.99480724334717,6.73015,6.73015
6.73025,0.000101892677776,9.99482536315918,6.73025,6.73025
6.73035,0.000102063851955,9.99448013305664,6.73035,6.73035
6.73045,0.000102126810816,9.99416542053223,6.73045,6.73045
6.73055,0.00010213542555,9.99438762664795,6.73055,6.73055
6.73065,0.000102121222881,9.99432373046875,6.73065,6.73065
6.73075,0.000102128316939,9.994215965271,6.73075,6.73075
6.73085,0.000102127945866,9.99416828155518,6.73085,6.73085
6.73095,0.000102100580989,9.99442863464355,6.73095,6.73095
6.73105,0.000117754665553,7.31154346466065,6.73105,6.73105
6.73115,2.6385967431E-05,-0.00089751573978,6.73115,6.73115
6.73125,1.6233167116E-05,-0.001017211005092,6.73125,6.73125
6.73135,1.5940971934E-05,-0.001085749128833,6.73135,6.73135
6.73145,1.5860363419E-05,-0.001039165770635,6.73145,6.73145
6.73155,1.5866233298E-05,-0.000913418829441,6.73155,6.73155
6.73165,1.5859075575E-05,-0.001153442659415,6.73165,6.73165
6.73175,1.5880119463E-05,-0.001198126119561,6.73175,6.73175
6.73185,1.5967238141E-05,-0.001021151663736,6.73185,6.73185
6.73195,1.5964116756E-05,-0.000873942568433,6.73195,6.73195
6.73205,8.356088074E-06,2.6719810962677,6.73205,6.73205
6.73215,9.9049473647E-05,9.99422645568848,6.73215,6.73215
6.73225,0.000101893980172,9.99430370330811,6.73225,6.73225
6.73235,0.00010203444981,9.99415493011475,6.73235,6.73235
6.73245,0.000102086502011,9.99379920959473,6.73245,6.73245
6.73255,0.000102098638308,9.99372100830078,6.73255,6.73255
6.73265,0.000102117664937,9.99394512176514,6.73265,6.73265
6.73275,0.000102143443655,9.99423408508301,6.73275,6.73275
6.73285,0.000102126272395,9.99421977996826,6.73285,6.73285
6.73295,0.000102133519249,9.99402141571045,6.73295,6.73295
6.73305,0.000117849187518,7.33129549026489,6.73305,6.73305
6.73315,2.6499415981E-05,-0.001300581381656,6.73315,6.73315
6.73325,1.626118501E-05,-0.001562137738802,6.73325,6.73325
6.73335,1.5921054001E-05,-0.001238517113961,6.73335,6.73335
6.73345,1.5824532966E-05,-0.001275460119359,6.73345,6.73345
6.73355,1.5830706616E-05,-0.001249494496733,6.73355,6.73355
6.73365,1.5858498955E-05,-0.001309447688982,6.73365,6.73365
6.73375,1.5896297555E-05,-0.001175889978185,6.73375,6.73375
6.73385,1.5919176803E-05,-0.001106507494114,6.73385,6.73385
6.73395,1.5941563106E-05,-0.001225851010531,6.73395,6.73395
6.73405,8.174270079E-06,2.6516535282135,6.73405,6.73405
6.73415,9.8934287962E-05,9.99385929107666,6.73415,6.73415
6.73425,0.00010188233864,9.99388980865479,6.73425,6.73425
6.73435,0.00010202627891,9.99377727508545,6.73435,6.73435
6.73445,0.000102088219137,9.99395847320557,6.73445,6.73445
6.73455,0.000102069199784,9.99387359619141,6.73455,6.73455
6.73465,0.000102084581158,9.99403095245361,6.73465,6.73465
6.73475,0.000102111494925,9.9940767288208,6.73475,6.73475
6.73485,0.000102114216133,9.99418067932129,6.73485,6.73485
6.73495,0.000102095385955,9.99410629272461,6.73495,6.73495
6.73505,0.000117914445582,7.35153961181641,6.73505,6.73505
6.73515,2.6518435334E-05,-0.000771839171648,6.73515,6.73515
6.73525,1.6215821233E-05,-0.000819407694507,6.73525,6.73525
6.73535,1.5879417333E-05,-0.000987375155091,6.73535,6.73535
6.73545,1.5802723283E-05,-0.001167305163108,6.73545,6.73545
6.73555,1.5788591554E-05,-0.001301073934883,6.73555,6.73555
6.73565,1.5801106201E-05,-0.001019533141516,6.73565,6.73565
6.73575,1.5853016521E-05,-0.001171245705336,6.73575,6.73575
6.73585,1.5899770005E-05,-0.000974779366516,6.73585,6.73585
6.73595,1.5930678273E-05,-0.000933262461331,6.73595,6.73595
6.73605,8.072244782E-06,2.63149309158325,6.73605,6.73605
6.73615,9.8909789813E-05,9.99446678161621,6.73615,6.73615
6.73625,0.00010188651504,9.99479866027832,6.73625,6.73625
6.73635,0.000102040008642,9.99439430236816,6.73635,6.73635
6.73645,0.000102104721009,9.99465274810791,6.73645,6.73645
6.73655,0.000102120568044,9.99472141265869,6.73655,6.73655
6.73665,0.000102142039395,9.99456596374512,6.73665,6.73665
6.73675,0.000102127640275,9.99441146850586,6.73675,6.73675
6.73685,0.000102113066532,9.99447822570801,6.73685,6.73685
6.73695,0.00010213477799,9.99456977844238,6.73695,6.73695
6.73705,0.000118014395412,7.37165021896362,6.73705,6.73705
6.73715,2.6642805096E-05,-0.001087367534637,6.73715,6.73715
6.73725,1.6250476619E-05,-0.00131866580341,6.73725,6.73725
6.73735,1.5909479771E-05,-0.001203544437885,6.73735,6.73735
6.73745,1.5832556528E-05,-0.00113936921116,6.73745,6.73745
6.73755,1.5849149349E-05,-0.001410354860127,6.73755,6.73755
6.73765,1.5884999812E-05,-0.001696821418591,6.73765,6.73765
6.73775,1.5892479496E-05,-0.001445327536203,6.73775,6.73775
6.73785,1.5896874174E-05,-0.001360816066153,6.73785,6.73785
6.73795,1.5933210307E-05,-0.001254279515706,6.73795,6.73795
6.73805,7.943537639E-06,2.61186647415161,6.73805,6.73805
6.73815,9.8832868389E-05,9.99448490142822,6.73815,6.73815
6.73825,0.000101897472632,9.99442005157471,6.73825,6.73825
6.73835,0.00010205606668,9.9944896697998,6.73835,6.73835
6.73845,0.000102067067928,9.99444484710693,6.73845,6.73845
6.73855,0.000102122095996,9.99461841583252,6.73855,6.73855
6.73865,0.000102148289443,9.99432468414307,6.73865,6.73865
6.73875,0.000102137564681,9.99443912506104,6.73875,6.73875
6.73885,0.00010214849317,9.99456882476807,6.73885,6.73885
6.73895,0.000102153302578,9.99431419372559,6.73895,6.73895
6.73905,0.000118091549666,7.39161014556885,6.73905,6.73905
6.73915,2.669251262E-05,-0.001521887490526,6.73915,6.73915
6.73925,1.6186728317E-05,-0.001418447121978,6.73925,6.73925
6.73935,1.587409497E-05,-0.001325772958808,6.73935,6.73935
6.73945,1.579412492E-05,-0.001467704423703,6.73945,6.73945
6.73955,1.5798274035E-05,-0.001320425071754,6.73955,6.73955
6.73965,1.5793850253E-05,-0.000894349184819,6.73965,6.73965
6.73975,1.5810415789E-05,-0.000994271133095,6.73975,6.73975
6.73985,1.5847939721E-05,-0.001121566165239,6.73985,6.73985
6.73995,1.5876914404E-05,-0.000928336754441,6.73995,6.73995
6.74005,7.821932741E-06,2.59199023246765,6.74005,6.74005
6.74015,9.872460214E-05,9.99463272094727,6.74015,6.74015
6.74025,0.000101862002339,9.99461841583252,6.74025,6.74025
6.74035,0.000102040830825,9.99453258514404,6.74035,6.74035
6.74045,0.000102089667052,9.994384765625,6.74045,6.74045
6.74055,0.000102115111076,9.99431800842285,6.74055,6.74055
6.74065,0.000102109639556,9.99452495574951,6.74065,6.74065
6.74075,0.000102118479845,9.99458885192871,6.74075,6.74075
6.74085,0.000102131118183,9.99469470977783,6.74085,6.74085
6.74095,0.000102097837953,9.99453449249268,6.74095,6.74095
6.74105,0.000118107258459,7.41193962097168,6.74105,6.74105
6.74115,2.6778210668E-05,-0.000963168684393,6.74115,6.74115
6.74125,1.6165446141E-05,-0.001057813176885,6.74125,6.74125
6.74135,1.5832161807E-05,-0.000727718695998,6.74135,6.74135
6.74145,1.5767513105E-05,-0.000912855844945,6.74145,6.74145
6.74155,1.5758583686E-05,-0.000948813685682,6.74155,6.74155
6.74165,1.5781602997E-05,-0.000963801983744,6.74165,6.74165
6.74175,1.5797550077E-05,-0.001035858411342,6.74175,6.74175
6.74185,1.5864257875E-05,-0.001079064095393,6.74185,6.74185
6.74195,1.5860854546E-05,-0.00109517830424,6.74195,6.74195
6.74205,7.675866073E-06,2.5718412399292,6.74205,6.74205
6.74215,9.8665324913E-05,9.99448680877686,6.74215,6.74215
6.74225,0.000101900186564,9.99425888061523,6.74225,6.74225
6.74235,0.000102033336589,9.9943265914917,6.74235,6.74235
6.74245,0.000102099351352,9.99448585510254,6.74245,6.74245
6.74255,0.000102088815765,9.9944314956665,6.74255,6.74255
6.74265,0.000102123478428,9.99407768249512,6.74265,6.74265
6.74275,0.000102103585959,9.99426746368408,6.74275,6.74275
6.74285,0.000102115685877,9.99413585662842,6.74285,6.74285
6.74295,0.000102104371763,9.99403762817383,6.74295,6.74295
6.74305,0.000118183139421,7.43138122558594,6.74305,6.74305
6.74315,2.6835710742E-05,-0.001185037777759,6.74315,6.74315
6.74325,1.6149204384E-05,-0.001166390371509,6.74325,6.74325
6.74335,1.5803012502E-05,-0.001451168092899,6.74335,6.74335
6.74345,1.5776822693E-05,-0.001156538841315,6.74345,6.74345
6.74355,1.5743229596E-05,-0.000912715157028,6.74355,6.74355
6.74365,1.5791229089E-05,-0.001225076965056,6.74365,6.74365
6.74375,1.5850526324E-05,-0.001310432795435,6.74375,6.74375
6.74385,1.5862120563E-05,-0.001030158717185,6.74385,6.74385
6.74395,1.5866169633E-05,-0.000978086609393,6.74395,6.74395
6.74405,7.612736226E-06,2.55198812484741,6.74405,6.74405
6.74415,9.8568816611E-05,9.99412536621094,6.74415,6.74415
6.74425,0.000101824516605,9.99419689178467,6.74425,6.74425
6.74435,0.000102034049632,9.99446773529053,6.74435,6.74435
6.74445,0.000102082689409,9.99429321289063,6.74445,6.74445
6.74455,0.000102113990579,9.99428653717041,6.74455,6.74455
6.74465,0.000102091464214,9.99438762664795,6.74465,6.74465
6.74475,0.000102110112493,9.99438381195068,6.74475,6.74475
6.74485,0.000102129335573,9.99460697174072,6.74485,6.74485
6.74495,0.000102079749922,9.99487113952637,6.74495,6.74495
6.74505,0.00011823575187,7.45183515548706,6.74505,6.74505
6.74515,2.6948526283E-05,-0.000786897842772,6.74515,6.74515
6.74525,1.6139909349E-05,-0.000900471175555,6.74525,6.74525
6.74535,1.583069934E-05,-0.000923340616282,6.74535,6.74535
6.74545,1.5736310161E-05,-0.001002363511361,6.74545,6.74545
6.74555,1.5740008166E-05,-0.000782253569923,6.74555,6.74555
6.74565,1.5772884581E-05,-0.000890127150342,6.74565,6.74565
6.74575,1.5785590222E-05,-0.001011651940644,6.74575,6.74575
6.74585,1.5845696907E-05,-0.000974708993454,6.74585,6.74585
6.74595,1.5867604816E-05,-0.001210721908137,6.74595,6.74595
6.74605,7.499349522E-06,2.53186249732971,6.74605,6.74605
6.74615,9.8538614111E-05,9.99477863311768,6.74615,6.74615
6.74625,0.000101870959043,9.99452495574951,6.74625,6.74625
6.74635,0.000102033955045,9.99478054046631,6.74635,6.74635
6.74645,0.000102085483377,9.99488735198975,6.74645,6.74645
6.74655,0.00010210354958,9.99483394622803,6.74655,6.74655
6.74665,0.0001021061762,9.9945707321167,6.74665,6.74665
6.74675,0.000102100762888,9.99448394775391,6.74675,6.74675
6.74685,0.000102096375485,9.9945125579834,6.74685,6.74685
6.74695,0.000102102356323,9.99439144134521,6.74695,6.74695
6.74705,0.000118310956168,7.47138833999634,6.74705,6.74705
6.74715,2.7015306841E-05,-0.001098767039366,6.74715,6.74715
6.74725,1.6155005142E-05,-0.000896249082871,6.74725,6.74725
6.74735,1.5815969164E-05,-0.000963098311331,6.74735,6.74735
6.74745,1.5731620806E-05,-0.001041487790644,6.74745,6.74745
6.74755,1.5734734916E-05,-0.00084741396131,6.74755,6.74755
6.74765,1.5770248865E-05,-0.000957398558967,6.74765,6.74765
6.74775,1.5782152332E-05,-0.000884568085894,6.74775,6.74775
6.74785,1.580598655E-05,-0.00119840761181,6.74785,6.74785
6.74795,1.5882889784E-05,-0.001292418688536,6.74795,6.74795
6.74805,7.363569694E-06,2.51193904876709,6.74805,6.74805
6.74815,9.8456242995E-05,9.9945011138916,6.74815,6.74815
6.74825,0.000101866105979,9.99472713470459,6.74825,6.74825
6.74835,0.000102048841654,9.99449348449707,6.74835,6.74835
6.74845,0.000102078760392,9.99464702606201,6.74845,6.74845
6.74855,0.000102069148852,9.99448299407959,6.74855,6.74855
6.74865,0.000102097779745,9.99483013153076,6.74865,6.74865
6.74875,0.000102139536466,9.99497890472412,6.74875,6.74875
6.74885,0.000102133548353,9.99491119384766,6.74885,6.74885
6.74895,0.000102139580122,9.9948616027832,6.74895,6.74895
6.74905,0.000118397583719,7.49172639846802,6.74905,6.74905
6.74915,2.7077683626E-05,-0.000949517358094,6.74915,6.74915
6.74925,1.6118656276E-05,-0.000861065287609,6.74925,6.74925
6.74935,1.5789450117E-05,-0.00091243366478,6.74935,6.74935
6.74945,1.5734320186E-05,-0.000889634538908,6.74945,6.74945
6.74955,1.5752073523E-05,-0.00091025227448,6.74955,6.74955
6.74965,1.5723049728E-05,-0.000960072502494,6.74965,6.74965
6.74975,1.5795088984E-05,-0.000758469337597,6.74975,6.74975
6.74985,1.5821553461E-05,-0.000617804471403,6.74985,6.74985
6.74995,1.5821953639E-05,-0.000459407019662,6.74995,6.74995
6.75005,7.252116575E-06,2.49236726760864,6.75005,6.75005
6.75015,9.8405893368E-05,9.99456787109375,6.75015,6.75015
6.75025,0.000101887766505,9.99438381195068,6.75025,6.75025
6.75035,0.000102017394966,9.99451446533203,6.75035,6.75035
6.75045,0.000102094651083,9.99477291107178,6.75045,6.75045
6.75055,0.000102109202999,9.99452114105225,6.75055,6.75055
6.75065,0.000102091427834,9.99450206756592,6.75065,6.75065
6.75075,0.000102105819678,9.99445343017578,6.75075,6.75075
6.75085,0.000102111422166,9.99429798126221,6.75085,6.75085
6.75095,0.000102096535556,9.99453830718994,6.75095,6.75095
6.75105,0.000118426716654,7.51180982589722,6.75105,6.75105
6.75115,2.7196603696E-05,-0.000503105286043,6.75115,6.75115
6.75125,1.6120553482E-05,-0.000427530467277,6.75125,6.75125
6.75135,1.5806443116E-05,-0.00039889087202,6.75135,6.75135
6.75145,1.5705121768E-05,-0.000404027698096,6.75145,6.75145
6.75155,1.5714093024E-05,-0.000411486660596,6.75155,6.75155
6.75165,1.5733350665E-05,-0.000635748205241,6.75165,6.75165
6.75175,1.5726263882E-05,-0.000529352400918,6.75175,6.75175
6.75185,1.575385977E-05,-0.000795693777036,6.75185,6.75185
6.75195,1.5788395103E-05,-0.000751010375097,6.75195,6.75195
6.75205,7.108454611E-06,2.4723105430603,6.75205,6.75205
6.75215,9.8296361102E-05,9.9948902130127,6.75215,6.75215
6.75225,0.000101842124423,9.99459457397461,6.75225,6.75225
6.75235,0.000101994744909,9.99461364746094,6.75235,6.75235
6.75245,0.000102054385934,9.99458789825439,6.75245,6.75245
6.75255,0.00010205891158,9.99439144134521,6.75255,6.75255
6.75265,0.000102074060123,9.99400615692139,6.75265,6.75265
6.75275,0.000102077894553,9.99411773681641,6.75275,6.75275
6.75285,0.000102077705378,9.99424171447754,6.75285,6.75285
6.75295,0.000102097132185,9.99430561065674,6.75295,6.75295
6.75305,0.000118516189104,7.53138065338135,6.75305,6.75305
6.75315,2.7313428291E-05,-0.000795553089119,6.75315,6.75315
6.75325,1.6070445781E-05,-0.00078309798846,6.75325,6.75325
6.75335,1.5787558368E-05,-0.000888860493433,6.75335,6.75335
6.75345,1.5716777853E-05,-0.000748969730921,6.75345,6.75345
6.75355,1.569287997E-05,-0.000986178871244,6.75355,6.75355
6.75365,1.5715106201E-05,-0.000950150715653,6.75365,6.75365
6.75375,1.5749992599E-05,-0.00085557665443,6.75375,6.75375
6.75385,1.576041177E-05,-0.000701612327248,6.75385,6.75385
6.75395,1.5813411665E-05,-0.000799141824245,6.75395,6.75395
6.75405,7.032352642E-06,2.45191287994385,6.75405,6.75405
6.75415,9.823567234E-05,9.99457168579102,6.75415,6.75415
6.75425,0.00010183025006,9.99449920654297,6.75425,6.75425
6.75435,0.000101999416074,9.99434280395508,6.75435,6.75435
6.75445,0.000102038873592,9.99423980712891,6.75445,6.75445
6.75455,0.000102054385934,9.99445629119873,6.75455,6.75455
6.75465,0.000102066878753,9.99450206756592,6.75465,6.75465
6.75475,0.000102097343188,9.99412155151367,6.75475,6.75475
6.75485,0.000102083729871,9.99422454833984,6.75485,6.75485
6.75495,0.000102104095276,9.9943962097168,6.75495,6.75495
6.75505,0.000118524163554,7.55158615112305,6.75505,6.75505
6.75515,2.7394178687E-05,-0.00099131569732,6.75515,6.75515
6.75525,1.6118550775E-05,-0.001086804550141,6.75525,6.75525
6.75535,1.5776407963E-05,-0.000955568975769,6.75535,6.75535
6.75545,1.571978828E-05,-0.001052254112437,6.75545,6.75545
6.75555,1.5718085706E-05,-0.000818915083073,6.75555,6.75555
6.75565,1.5738582078E-05,-0.001160057261586,6.75565,6.75565
6.75575,1.5756404537E-05,-0.001092152553611,6.75575,6.75575
6.75585,1.5796544176E-05,-0.001049439422786,6.75585,6.75585
6.75595,1.5821931811E-05,-0.001090463716537,6.75595,6.75595
6.75605,6.930229574E-06,2.4320068359375,6.75605,6.75605
6.75615,9.8124932265E-05,9.99455642700195,6.75615,6.75615
6.75625,0.000101859630377,9.99444198608398,6.75625,6.75625
6.75635,0.000101999488834,9.9943208694458,6.75635,6.75635
6.75645,0.000102034282463,9.99435806274414,6.75645,6.75645
6.75655,0.000102079633507,9.99433898925781,6.75655,6.75655
6.75665,0.000102099205833,9.99459457397461,6.75665,6.75665
6.75675,0.000102071498986,9.9946174621582,6.75675,6.75675
6.75685,0.000102096702904,9.99459075927734,6.75685,6.75685
6.75695,0.000102104590042,9.99440765380859,6.75695,6.75695
6.75705,0.000118589632621,7.57143259048462,6.75705,6.75705
6.75715,2.7471665817E-05,-0.001079204841517,6.75715,6.75715
6.75725,1.6076752217E-05,-0.001071183010936,6.75725,6.75725
6.75735,1.5738258298E-05,-0.001221699290909,6.75735,6.75735
6.75745,1.5679430362E-05,-0.001069142366759,6.75745,6.75745
6.75755,1.5643629013E-05,-0.000778875953984,6.75755,6.75755
6.75765,1.5697240087E-05,-0.000883301487193,6.75765,6.75765
6.75775,1.5759449525E-05,-0.000920596299693,6.75775,6.75775
6.75785,1.5798230379E-05,-0.000825318566058,6.75785,6.75785
6.75795,1.5839776097E-05,-0.000993356457911,6.75795,6.75795
6.75805,6.842744369E-06,2.41170978546143,6.75805,6.75805
6.75815,9.8108153907E-05,9.99463176727295,6.75815,6.75815
6.75825,0.000101836434624,9.99477577209473,6.75825,6.75825
6.75835,0.000102026613604,9.99436378479004,6.75835,6.75835
6.75845,0.000102078833152,9.99442577362061,6.75845,6.75845
6.75855,0.00010209766333,9.99412631988525,6.75855,6.75855
6.75865,0.000102080295619,9.99430561065674,6.75865,6.75865
6.75875,0.000102076439362,9.994384765625,6.75875,6.75875
6.75885,0.000102089376014,9.99430847167969,6.75885,6.75885
6.75895,0.000102062120277,9.99423789978027,6.75895,6.75895
6.75905,0.000118637319247,7.59137964248657,6.75905,6.75905
6.75915,2.7583590054E-05,-0.001268775202334,6.75915,6.75915
6.75925,1.6100129869E-05,-0.001252942485735,6.75925,6.75925
6.75935,1.5742925825E-05,-0.001234576571733,6.75935,6.75935
6.75945,1.5667197658E-05,-0.001092082122341,6.75945,6.75945
6.75955,1.5708024875E-05,-0.001294389017858,6.75955,6.75955
6.75965,1.5725427147E-05,-0.001140424748883,6.75965,6.75965
6.75975,1.573881309E-05,-0.001074349507689,6.75975,6.75975
6.75985,1.5743235053E-05,-0.000833903381135,6.75985,6.75985
6.75995,1.5777784938E-05,-0.000719274568837,6.75995,6.75995
6.76005,6.6918833E-06,2.39197778701782,6.76005,6.76005
6.76015,9.8030315712E-05,9.99418067932129,6.76015,6.76015
6.76025,0.000101875950349,9.99394798278809,6.76025,6.76025
6.76035,0.000102022451756,9.99417781829834,6.76035,6.76035
6.76045,0.000102087433334,9.9942102432251,6.76045,6.76045
6.76055,0.000102094571048,9.99441814422607,6.76055,6.76055
6.76065,0.00010212919733,9.99396896362305,6.76065,6.76065
6.76075,0.000102116136986,9.99363708496094,6.76075,6.76075
6.76085,0.000102111080196,9.99411010742188,6.76085,6.76085
6.76095,0.0001021151038,9.99415874481201,6.76095,6.76095
6.76105,0.000118731033581,7.61124801635742,6.76105,6.76105
6.76115,2.7682423024E-05,-0.001083497307263,6.76115,6.76115
6.76125,1.6105992472E-05,-0.001007992890663,6.76125,6.76125
6.76135,1.5781693946E-05,-0.001274334266782,6.76135,6.76135
6.76145,1.5655919924E-05,-0.001049720915034,6.76145,6.76145
6.76155,1.5609854017E-05,-0.001151683507487,6.76155,6.76155
6.76165,1.5655215975E-05,-0.001049720915034,6.76165,6.76165
6.76175,1.5684106984E-05,-0.00053005607333,6.76175,6.76175
6.76185,1.571419125E-05,-0.000889916031156,6.76185,6.76185
6.76195,1.576581235E-05,-0.000959157769103,6.76195,6.76195
6.76205,6.585183201E-06,2.37184476852417,6.76205,6.76205
6.76215,9.7909171018E-05,9.99446105957031,6.76215,6.76215
6.76225,0.00010180377285,9.99450492858887,6.76225,6.76225
6.76235,0.000101999350591,9.99414157867432,6.76235,6.76235
6.76245,0.000102030695416,9.99428272247314,6.76245,6.76245
6.76255,0.000102101519587,9.99422931671143,6.76255,6.76255
6.76265,0.000102114703623,9.99429702758789,6.76265,6.76265
6.76275,0.000102132129541,9.99425315856934,6.76275,6.76275
6.76285,0.000102134858025,9.99414157867432,6.76285,6.76285
6.76295,0.000102119221992,9.99425888061523,6.76295,6.76295
6.76305,0.000118823889352,7.63098907470703,6.76305,6.76305
6.76315,2.7793186746E-05,-0.001447579357773,6.76315,6.76315
6.76325,1.6119520296E-05,-0.001350190490484,6.76325,6.76325
6.76335,1.577387593E-05,-0.00121332553681,6.76335,6.76335
6.76345,1.5710043954E-05,-0.000909407855943,6.76345,6.76345
6.76355,1.5673658709E-05,-0.000869439041708,6.76355,6.76355
6.76365,1.5690040527E-05,-0.000780072179623,6.76365,6.76365
6.76375,1.5739087758E-05,-0.000731096311938,6.76375,6.76375
6.76385,1.5786770746E-05,-0.000739540439099,6.76385,6.76385
6.76395,1.5799096218E-05,-0.000786475662608,6.76395,6.76395
6.76405,6.513517746E-06,2.35224270820618,6.76405,6.76405
6.76415,9.789087926E-05,9.99443817138672,6.76415,6.76415
6.76425,0.00010186938016,9.99440860748291,6.76425,6.76425
6.76435,0.000102031961433,9.99426174163818,6.76435,6.76435
6.76445,0.000102067358966,9.99451446533203,6.76445,6.76445
6.76455,0.000102103498648,9.99434757232666,6.76455,6.76455
6.76465,0.000102103520476,9.99428844451904,6.76465,6.76465
6.76475,0.000102128011349,9.99426746368408,6.76475,6.76475
6.76485,0.000102128527942,9.9941520690918,6.76485,6.76485
6.76495,0.000102108242572,9.99423122406006,6.76495,6.76495
6.76505,0.000118852090964,7.65124034881592,6.76505,6.76505
6.76515,2.7926027542E-05,-0.001244498416781,6.76515,6.76515
6.76525,1.6102245354E-05,-0.001131417695433,6.76525,6.76525
6.76535,1.576700015E-05,-0.001142606139183,6.76535,6.76535
6.76545,1.5629899281E-05,-0.001046061748639,6.76545,6.76545
6.76555,1.5675612303E-05,-0.000776975997724,6.76555,6.76555
6.76565,1.5693640307E-05,-0.000856702507008,6.76565,6.76565
6.76575,1.5680865545E-05,-0.000757695292123,6.76575,6.76575
6.76585,1.5726298443E-05,-0.000702456745785,6.76585,6.76585
6.76595,1.5762578187E-05,-0.000824122340418,6.76595,6.76595
6.76605,6.454493359E-06,2.33216500282288,6.76605,6.76605
6.76615,9.7777461633E-05,9.99464511871338,6.76615,6.76615
6.76625,0.000101828154584,9.99453639984131,6.76625,6.76625
6.76635,0.000102033860458,9.99456310272217,6.76635,6.76635
6.76645,0.000102080215584,9.99440860748291,6.76645,6.76645
6.76655,0.000102088655694,9.99417018890381,6.76655,6.76655
6.76665,0.00010210932669,9.99433708190918,6.76665,6.76665
6.76675,0.000102144367702,9.99419021606445,6.76675,6.76675
6.76685,0.000102143341792,9.99387264251709,6.76685,6.76685
6.76695,0.000102145386336,9.99418163299561,6.76695,6.76695
6.76705,0.000118945892609,7.67132234573364,6.76705,6.76705
6.76715,2.8050628316E-05,-0.00108926743269,6.76715,6.76715
6.76725,1.6106407202E-05,-0.001004263409413,6.76725,6.76725
6.76735,1.5756924768E-05,-0.000902230327483,6.76735,6.76735
6.76745,1.5671816072E-05,-0.000960002187639,6.76745,6.76745
6.76755,1.5655610696E-05,-0.000824755639769,6.76755,6.76755
6.76765,1.5669398636E-05,-0.000829751719721,6.76765,6.76765
6.76775,1.572862493E-05,-0.001096304156817,6.76775,6.76775
6.76785,1.5759407688E-05,-0.00098603812512,6.76785,6.76785
6.76795,1.5776731743E-05,-0.001207836903632,6.76795,6.76795
6.76805,6.318228316E-06,2.31179976463318,6.76805,6.76805
6.76815,9.7709940746E-05,9.9940881729126,6.76815,6.76815
6.76825,0.000101846941106,9.99389553070068,6.76825,6.76825
6.76835,0.000102058009361,9.99421119689941,6.76835,6.76835
6.76845,0.000102106452687,9.99408626556396,6.76845,6.76845
6.76855,0.00010209078755,9.99416828155518,6.76855,6.76855
6.76865,0.000102082864032,9.99419975280762,6.76865,6.76865
6.76875,0.000102110119769,9.99407768249512,6.76875,6.76875
6.76885,0.000102110148873,9.99399280548096,6.76885,6.76885
6.76895,0.000102117141068,9.99398612976074,6.76895,6.76895
6.76905,0.000118967880553,7.69108009338379,6.76905,6.76905
6.76915,2.8108675906E-05,-0.001370878657326,6.76915,6.76915
6.76925,1.611379048E-05,-0.001182997133583,6.76925,6.76925
6.76935,1.5741625248E-05,-0.001161605352536,6.76935,6.76935
6.76945,1.5647672626E-05,-0.000951980240643,6.76945,6.76945
6.76955,1.5679113858E-05,-0.001273982459679,6.76955,6.76955
6.76965,1.5654590243E-05,-0.001112629543059,6.76965,6.76965
6.76975,1.5705985788E-05,-0.001532442634925,6.76975,6.76975
6.76985,1.572162364E-05,-0.00141070666723,6.76985,6.76985
6.76995,1.5765292119E-05,-0.00132612476591,6.76995,6.76995
6.77005,6.189113719E-06,2.29185128211975,6.77005,6.77005
6.77015,9.7588592325E-05,9.99445915222168,6.77015,6.77015
6.77025,0.000101845507743,9.99408054351807,6.77025,6.77025
6.77035,0.000102010570117,9.99399662017822,6.77035,6.77035
6.77045,0.000102077268821,9.99410724639893,6.77045,6.77045
6.77055,0.000102071069705,9.99418354034424,6.77055,6.77055
6.77065,0.000102118960058,9.99420070648193,6.77065,6.77065
6.77075,0.000102082449303,9.9942512512207,6.77075,6.77075
6.77085,0.000102090722066,9.99416065216064,6.77085,6.77085
6.77095,0.000102102065284,9.9944019317627,6.77095,6.77095
6.77105,0.000119009455375,7.7114953994751,6.77105,6.77105
6.77115,2.818995199E-05,-0.00124477990903,6.77115,6.77115
6.77125,1.6036612578E-05,-0.000999759882689,6.77125,6.77125
6.77135,1.5689773136E-05,-0.001126280869357,6.77135,6.77135
6.77145,1.5619774786E-05,-0.001358423498459,6.77145,6.77145
6.77155,1.5637104298E-05,-0.001394733204506,6.77155,6.77155
6.77165,1.565351522E-05,-0.001040643430315,6.77165,6.77165
6.77175,1.5683481251E-05,-0.001264201360755,6.77175,6.77175
6.77185,1.5737779904E-05,-0.001118469983339,6.77185,6.77185
6.77195,1.5766079741E-05,-0.001121777342632,6.77195,6.77195
6.77205,6.142063285E-06,2.27197599411011,6.77205,6.77205
6.77215,9.754961502E-05,9.99440383911133,6.77215,6.77215
6.77225,0.000101853431261,9.9939432144165,6.77225,6.77225
6.77235,0.000102057383629,9.99435234069824,6.77235,6.77235
6.77245,0.000102096266346,9.99421215057373,6.77245,6.77245
6.77255,0.000102103127574,9.99406814575195,6.77255,6.77255
6.77265,0.000102124628029,9.99415969848633,6.77265,6.77265
6.77275,0.000102101104858,9.99476146697998,6.77275,6.77275
6.77285,0.000102097634226,9.99496841430664,6.77285,6.77285
6.77295,0.000102100646473,9.99466991424561,6.77295,6.77295
6.77305,0.000119053671369,7.73130941390991,6.77305,6.77305
6.77315,2.8299949918E-05,-0.001090674777515,6.77315,6.77315
6.77325,1.6023752323E-05,-0.000878797960468,6.77325,6.77325
6.77335,1.570612767E-05,-0.000652003160212,6.77335,6.77335
6.77345,1.5610408809E-05,-0.000794849358499,6.77345,6.77345
6.77355,1.5615900338E-05,-0.00096183171263,6.77355,6.77355
6.77365,1.5635410819E-05,-0.000903637730516,6.77365,6.77365
6.77375,1.5673489543E-05,-0.000945436069742,6.77375,6.77375
6.77385,1.5716736016E-05,-0.001010877895169,6.77385,6.77385
6.77395,1.5737021386E-05,-0.000860080181155,6.77395,6.77395
6.77405,6.013426628E-06,2.25189661979675,6.77405,6.77405
6.77415,9.7437114164E-05,9.99424171447754,6.77415,6.77415
6.77425,0.000101830395579,9.99435329437256,6.77425,6.77425
6.77435,0.000102016754681,9.99425983428955,6.77435,6.77435
6.77445,0.000102042671642,9.9942512512207,6.77445,6.77445
6.77455,0.000102079313365,9.99410247802734,6.77455,6.77455
6.77465,0.000102094563772,9.99402046203613,6.77465,6.77465
6.77475,0.000102088553831,9.99416446685791,6.77475,6.77475
6.77485,0.000102073303424,9.99384307861328,6.77485,6.77485
6.77495,0.000102103040263,9.99388027191162,6.77495,6.77495
6.77505,0.000119095908303,7.75108480453491,6.77505,6.77505
6.77515,2.8425823984E-05,-0.001359479036182,6.77515,6.77515
6.77525,1.6032021449E-05,-0.001287422608584,6.77525,6.77525
6.77535,1.5696487026E-05,-0.001254772068933,6.77535,6.77535
6.77545,1.5627978428E-05,-0.001086452743039,6.77545,6.77545
6.77555,1.5603483916E-05,-0.001021855277941,6.77555,6.77555
6.77565,1.5635550881E-05,-0.001092011807486,6.77565,6.77565
6.77575,1.5642033759E-05,-0.001123817986809,6.77575,6.77575
6.77585,1.567199979E-05,-0.00106977566611,6.77585,6.77585
6.77595,1.5713474568E-05,-0.001260823686607,6.77595,6.77595
6.77605,5.937612968E-06,2.23186349868774,6.77605,6.77605
6.77615,9.7370138974E-05,9.99430561065674,6.77615,6.77615
6.77625,0.000101847581391,9.99440479278564,6.77625,6.77625
6.77635,0.000102028781839,9.99407577514648,6.77635,6.77635
6.77645,0.000102079720818,9.993896484375,6.77645,6.77645
6.77655,0.000102084486571,9.99392318725586,6.77655,6.77655
6.77665,0.000102114383481,9.99399852752686,6.77665,6.77665
6.77675,0.000102129692095,9.99422931671143,6.77675,6.77675
6.77685,0.000102115758637,9.99435043334961,6.77685,6.77685
6.77695,0.000102109072031,9.9943790435791,6.77695,6.77695
6.77705,0.000119136777357,7.77126789093018,6.77705,6.77705
6.77715,2.8494514481E-05,-0.00147635967005,6.77715,6.77715
6.77725,1.6016751033E-05,-0.00133667991031,6.77725,6.77725
6.77735,1.5684443497E-05,-0.001481144689023,6.77735,6.77735
6.77745,1.5602296116E-05,-0.001271871384233,6.77745,6.77745
6.77755,1.5597661331E-05,-0.001222825143486,6.77755,6.77755
6.77765,1.559293014E-05,-0.001109322183765,6.77765,6.77765
6.77775,1.5643081497E-05,-0.000818492902908,6.77775,6.77775
6.77785,1.568726293E-05,-0.000857828417793,6.77785,6.77785
6.77795,1.5716264897E-05,-0.00098237907514,6.77795,6.77795
6.77805,5.823874744E-06,2.21204662322998,6.77805,6.77805
6.77815,9.7304568044E-05,9.9943904876709,6.77815,6.77815
6.77825,0.000101847959741,9.99440383911133,6.77825,6.77825
6.77835,0.000102018864709,9.99436473846436,6.77835,6.77835
6.77845,0.000102081285149,9.99448204040527,6.77845,6.77845
6.77855,0.000102119229268,9.99418354034424,6.77855,6.77855
6.77865,0.000102107260318,9.99444484710693,6.77865,6.77865
6.77875,0.000102102094388,9.9951639175415,6.77875,6.77875
6.77885,0.000102113313915,9.99506282806396,6.77885,6.77885
6.77895,0.00010211267363,9.99476337432861,6.77895,6.77895
6.77905,0.000119182695926,7.79163122177124,6.77905,6.77905
6.77915,2.8574097087E-05,-0.001000674674287,6.77915,6.77915
6.77925,1.6016552763E-05,-0.001253786962479,6.77925,6.77925
6.77935,1.569025153E-05,-0.001070901518688,6.77935,6.77935
6.77945,1.5614992662E-05,-0.000956131960265,6.77945,6.77945
6.77955,1.558270742E-05,-0.001070197788067,6.77955,6.77955
6.77965,1.5627698303E-05,-0.000844177091494,6.77965,6.77965
6.77975,1.5676674593E-05,-0.000906944973394,6.77975,6.77975
6.77985,1.5720534066E-05,-0.000952754286118,6.77985,6.77985
6.77995,1.5762703697E-05,-0.000815818959381,6.77995,6.77995
6.78005,5.791230251E-06,2.19229936599732,6.78005,6.78005
6.78015,9.7222662589E-05,9.99479961395264,6.78015,6.78015
6.78025,0.00010186068539,9.99480056762695,6.78025,6.78025
6.78035,0.000102077465272,9.99459743499756,6.78035,6.78035
6.78045,0.000102110665466,9.9944896697998,6.78045,6.78045
6.78055,0.000102142381365,9.99454975128174,6.78055,6.78055
6.78065,0.000102154495835,9.99448776245117,6.78065,6.78065
6.78075,0.000102154903288,9.99452304840088,6.78075,6.78075
6.78085,0.000102151207102,9.99458026885986,6.78085,6.78085
6.78095,0.000102131692984,9.9944486618042,6.78095,6.78095
6.78105,0.000119288044516,7.81123113632202,6.78105,6.78105
6.78115,2.8732003557E-05,-0.001131558441557,6.78115,6.78115
6.78125,1.603437704E-05,-0.001040361938067,6.78125,6.78125
6.78135,1.5717587303E-05,-0.001028751255944,6.78135,6.78135
6.78145,1.5633047951E-05,-0.001307970029302,6.78145,6.78145
6.78155,1.5643145161E-05,-0.001133247162215,6.78155,6.78155
6.78165,1.5622543287E-05,-0.001121003297158,6.78165,6.78165
6.78175,1.5693183741E-05,-0.000832988647744,6.78175,6.78175
6.78185,1.5746483768E-05,-0.000921933271457,6.78185,6.78185
6.78195,1.5762114344E-05,-0.000848258379847,6.78195,6.78195
6.78205,5.723417871E-06,2.17220258712769,6.78205,6.78205
6.78215,9.7127289337E-05,9.99467182159424,6.78215,6.78215
6.78225,0.000101847268525,9.99497222900391,6.78225,6.78225
6.78235,0.000102017875179,9.99457550048828,6.78235,6.78235
6.78245,0.000102076381154,9.99435901641846,6.78245,6.78245
6.78255,0.000102111778688,9.99436473846436,6.78255,6.78255
6.78265,0.000102117250208,9.99454116821289,6.78265,6.78265
6.78275,0.000102125901321,9.99475288391113,6.78275,6.78275
6.78285,0.000102116195194,9.99466800689697,6.78285,6.78285
6.78295,0.000102112178865,9.99465370178223,6.78295,6.78295
6.78305,0.000119308278954,7.83139705657959,6.78305,6.78305
6.78315,2.8852842661E-05,-0.000667272892315,6.78315,6.78315
6.78325,1.6032408894E-05,-0.000563691777643,6.78325,6.78325
6.78335,1.5699362848E-05,-0.000560736341868,6.78335,6.78335
6.78345,1.5595398509E-05,-0.000702878925949,6.78345,6.78345
6.78355,1.5607623936E-05,-0.000784223899245,6.78355,6.78355
6.78365,1.5599005565E-05,-0.000597046047915,6.78365,6.78365
6.78375,1.5612644347E-05,-0.000770431826822,6.78375,6.78375
6.78385,1.5662444639E-05,-0.000812089478131,6.78385,6.78385
6.78395,1.569295091E-05,-0.000492902006954,6.78395,6.78395
6.78405,5.598240477E-06,2.15232563018799,6.78405,6.78405
6.78415,9.7035066574E-05,9.99463176727295,6.78415,6.78415
6.78425,0.000101846693724,9.99445629119873,6.78425,6.78425
6.78435,0.000102050296846,9.99425220489502,6.78435,6.78435
6.78445,0.000102080804936,9.99439144134521,6.78445,6.78445
6.78455,0.00010211076733,9.99416732788086,6.78455,6.78455
6.78465,0.000102125806734,9.99417304992676,6.78465,6.78465
6.78475,0.000102132245956,9.99447917938232,6.78475,6.78475
6.78485,0.000102123667602,9.99441146850586,6.78485,6.78485
6.78495,0.000102137906651,9.99435615539551,6.78495,6.78495
6.78505,0.000119392425404,7.85119581222534,6.78505,6.78505
6.78515,2.8991624276E-05,-0.001152950106189,6.78515,6.78515
6.78525,1.6017502276E-05,-0.001207625726238,6.78525,6.78525
6.78535,1.5696094124E-05,-0.000975271919742,6.78535,6.78535
6.78545,1.5608799004E-05,-0.001110025914386,6.78545,6.78545
6.78555,1.5569510651E-05,-0.00100405223202,6.78555,6.78555
6.78565,1.5595609511E-05,-0.000707312079612,6.78565,6.78565
6.78575,1.566006722E-05,-0.000895263976417,6.78575,6.78575
6.78585,1.5671752408E-05,-0.000949306297116,6.78585,6.78585
6.78595,1.5731297026E-05,-0.000736233196221,6.78595,6.78595
6.78605,5.537226571E-06,2.13239431381226,6.78605,6.78605
6.78615,9.6933632449E-05,9.99474716186523,6.78615,6.78615
6.78625,0.000101875994005,9.99471473693848,6.78625,6.78625
6.78635,0.000102042627987,9.99462795257568,6.78635,6.78635
6.78645,0.000102116988273,9.99449157714844,6.78645,6.78645
6.78655,0.00010207604646,9.99433708190918,6.78655,6.78655
6.78665,0.000102104531834,9.99432849884033,6.78665,6.78665
6.78675,0.000102101570519,9.99452686309814,6.78675,6.78675
6.78685,0.000102137077192,9.99433326721191,6.78685,6.78685
6.78695,0.000102104437246,9.99437618255615,6.78695,6.78695
6.78705,0.000119355550851,7.87116622924805,6.78705,6.78705
6.78715,2.9070404707E-05,-0.000866483605932,6.78715,6.78715
6.78725,1.6004150893E-05,-0.000965139013715,6.78725,6.78725
6.78735,1.5627641915E-05,-0.000956061587203,6.78735,6.78735
6.78745,1.5539664673E-05,-0.000681839010213,6.78745,6.78745
6.78755,1.5541772882E-05,-0.000761424773373,6.78755,6.78755
6.78765,1.5560932297E-05,-0.00088224594947,6.78765,6.78765
6.78775,1.5614374206E-05,-0.000565591733903,6.78775,6.78775
6.78785,1.5639945559E-05,-0.000715826579835,6.78785,6.78785
6.78795,1.5690349755E-05,-0.000773035455495,6.78795,6.78795
6.78805,5.410755421E-06,2.11236453056336,6.78805,6.78805
6.78815,9.6818483144E-05,9.99445343017578,6.78815,6.78815
6.78825,0.00010183629638,9.99423122406006,6.78825,6.78825
6.78835,0.000102036028693,9.99449825286865,6.78835,6.78835
6.78845,0.000102073703601,9.99442100524902,6.78845,6.78845
6.78855,0.000102113641333,9.99464321136475,6.78855,6.78855
6.78865,0.000102136065834,9.9948091506958,6.78865,6.78865
6.78875,0.000102131911262,9.99490737915039,6.78875,6.78875
6.78885,0.00010208968888,9.99452781677246,6.78885,6.78885
6.78895,0.000102123958641,9.99450874328613,6.78895,6.78895
6.78905,0.000119473574159,7.89174509048462,6.78905,6.78905
6.78915,2.9188755434E-05,-0.000884216220584,6.78915,6.78915
6.78925,1.6024012439E-05,-0.000807937758509,6.78925,6.78925
6.78935,1.5671113943E-05,-0.000746014295146,6.78935,6.78935
6.78945,1.5605915905E-05,-0.000710478634574,6.78945,6.78945
6.78955,1.5580471882E-05,-0.000533855927642,6.78955,6.78955
6.78965,1.560286546E-05,-0.000611682480667,6.78965,6.78965
6.78975,1.5636571334E-05,-0.000522174930666,6.78975,6.78975
6.78985,1.5615090888E-05,-0.000703582598362,6.78985,6.78985
6.78995,1.5668603737E-05,-0.000695208844263,6.78995,6.78995
6.79005,5.32734839E-06,2.09234666824341,6.79005,6.79005
6.79015,9.6737945569E-05,9.99487972259521,6.79015,6.79015
6.79025,0.000101857578557,9.9949369430542,6.79025,6.79025
6.79035,0.000102020065242,9.9946813583374,6.79035,6.79035
6.79045,0.000102063058876,9.99453067779541,6.79045,6.79045
6.79055,0.000102073216112,9.99435997009277,6.79055,6.79055
6.79065,0.000102085403341,9.99435901641846,6.79065,6.79065
6.79075,0.000102089259599,9.99447917938232,6.79075,6.79075
6.79085,0.000102113459434,9.99455833435059,6.79085,6.79085
6.79095,0.000102124860859,9.9944429397583,6.79095,6.79095
6.79105,0.000119477714179,7.91135692596436,6.79105,6.79105
6.79115,2.9336719308E-05,-0.000881612650119,6.79115,6.79115
6.79125,1.6058120309E-05,-0.001051480066963,6.79125,6.79125
6.79135,1.568144944E-05,-0.000888016074896,6.79135,6.79135
6.79145,1.5602934582E-05,-0.001003630110063,6.79145,6.79145
6.79155,1.5596304365E-05,-0.00106759427581,6.79155,6.79155
6.79165,1.5608384274E-05,-0.001050002290867,6.79165,6.79165
6.79175,1.5576533769E-05,-0.001028962433338,6.79175,6.79175
6.79185,1.5627423636E-05,-0.001038884278387,6.79185,6.79185
6.79195,1.5690511646E-05,-0.000999267329462,6.79195,6.79195
6.79205,5.258769306E-06,2.07227826118469,6.79205,6.79205
6.79215,9.6634066722E-05,9.99462985992432,6.79215,6.79215
6.79225,0.000101861340227,9.99448108673096,6.79225,6.79225
6.79235,0.000102038917248,9.99453067779541,6.79235,6.79235
6.79245,0.000102099118521,9.99403762817383,6.79245,6.79245
6.79255,0.000102092351881,9.99434280395508,6.79255,6.79255
6.79265,0.000102115227492,9.99446582794189,6.79265,6.79265
6.79275,0.000102123856777,9.99432277679443,6.79275,6.79275
6.79285,0.000102139143564,9.99441623687744,6.79285,6.79285
6.79295,0.000102123791294,9.9945125579834,6.79295,6.79295
6.79305,0.000119516334962,7.93137216567993,6.79305,6.79305
6.79315,2.9450824513E-05,-0.000998634030111,6.79315,6.79315
6.79325,1.5988387531E-05,-0.000875983212609,6.79325,6.79325
6.79335,1.5668680135E-05,-0.000799493631348,6.79335,6.79335
6.79345,1.5555560822E-05,-0.00081603002036,6.79345,6.79345
6.79355,1.552170761E-05,-0.000717304297723,6.79355,6.79355
6.79365,1.5569839888E-05,-0.000776975997724,6.79365,6.79365
6.79375,1.5590061594E-05,-0.000944028724916,6.79375,6.79375
6.79385,1.5650597561E-05,-0.000778242654633,6.79385,6.79385
6.79395,1.5676640032E-05,-0.000552573706955,6.79395,6.79395
6.79405,5.166018127E-06,2.05276918411255,6.79405,6.79405
6.79415,9.6543793916E-05,9.9947509765625,6.79415,6.79415
6.79425,0.000101843012089,9.99481582641602,6.79425,6.79425
6.79435,0.000102022284409,9.99449729919434,6.79435,6.79435
6.79445,0.000102086436527,9.99458503723145,6.79445,6.79445
6.79455,0.00010210856999,9.99459552764893,6.79455,6.79455
6.79465,0.000102085046819,9.99472236633301,6.79465,6.79465
6.79475,0.000102114965557,9.99417686462402,6.79475,6.79475
6.79485,0.000102126301499,9.99420261383057,6.79485,6.79485
6.79495,0.000102102552773,9.99428939819336,6.79495,6.79495
6.79505,0.000119559314044,7.95159292221069,6.79505,6.79505
6.79515,2.9562466807E-05,-0.000629063288216,6.79515,6.79515
6.79525,1.5973531845E-05,-0.000577061669901,6.79525,6.79525
6.79535,1.5633631847E-05,-0.00061646749964,6.79535,6.79535
6.79545,1.5533822079E-05,-0.000565450987779,6.79545,6.79545
6.79555,1.5545205315E-05,-0.000899908249266,6.79555,6.79555
6.79565,1.5561368855E-05,-0.000884497712832,6.79565,6.79565
6.79575,1.5591038391E-05,-0.000563902896829,6.79575,6.79575
6.79585,1.5626945242E-05,-0.000566365779378,6.79585,6.79585
6.79595,1.5651250578E-05,-0.000796819687821,6.79595,6.79595
6.79605,5.087757927E-06,2.03236508369446,6.79605,6.79605
6.79615,9.6450807177E-05,9.99473190307617,6.79615,6.79615
6.79625,0.000101869838545,9.9944486618042,6.79625,6.79625
6.79635,0.000102022473584,9.99459552764893,6.79635,6.79635
6.79645,0.000102093981695,9.99407291412354,6.79645,6.79645
6.79655,0.000102111407614,9.99414920806885,6.79655,6.79655
6.79665,0.000102127734863,9.993896484375,6.79665,6.79665
6.79675,0.000102119047369,9.9942455291748,6.79675,6.79675
6.79685,0.00010210993787,9.99436569213867,6.79685,6.79685
6.79695,0.000102134756162,9.99448680877686,6.79695,6.79695
6.79705,0.000119598335004,7.97153186798096,6.79705,6.79705
6.79715,2.9665645343E-05,-0.000609993701801,6.79715,6.79715
6.79725,1.6000072719E-05,-0.000636592623778,6.79725,6.79725
6.79735,1.5658857592E-05,-0.000756428693421,6.79735,6.79735
6.79745,1.556641655E-05,-0.000656999240164,6.79745,6.79745
6.79755,1.5562718545E-05,-0.000765083881561,6.79755,6.79755
6.79765,1.5582390915E-05,-0.000796749314759,6.79765,6.79765
6.79775,1.5626348613E-05,-0.000829822092783,6.79775,6.79775
6.79785,1.5593281205E-05,-0.000613160198554,6.79785,6.79785
6.79795,1.5648487533E-05,-0.000762832118198,6.79795,6.79795
6.79805,5.023122867E-06,2.01243495941162,6.79805,6.79805
6.79815,9.6326381026E-05,9.99446296691895,6.79815,6.79815
6.79825,0.000101851241197,9.99451065063477,6.79825,6.79825
6.79835,0.000102043879451,9.99444675445557,6.79835,6.79835
6.79845,0.000102094803879,9.99450492858887,6.79845,6.79845
6.79855,0.000102120997326,9.99461364746094,6.79855,6.79855
6.79865,0.00010208941967,9.99457454681396,6.79865,6.79865
6.79875,0.000102098070784,9.99455833435059,6.79875,6.79875
6.79885,0.000102094803879,9.99430561065674,6.79885,6.79885
6.79895,0.000102122605313,9.99442100524902,6.79895,6.79895
6.79905,0.000119629672554,7.99120044708252,6.79905,6.79905
6.79915,2.9847547921E-05,-0.001096163527109,6.79915,6.79915
6.79925,1.6015239453E-05,-0.001019251649268,6.79925,6.79925
6.79935,1.5651721696E-05,-0.000758258218411,6.79935,6.79935
6.79945,1.5607989553E-05,-0.00072560767876,6.79945,6.79945
6.79955,1.5568048184E-05,-0.000703371479176,6.79955,6.79955
6.79965,1.5571971744E-05,-0.000616115692537,6.79965,6.79965
6.79975,1.5571520635E-05,-0.000651229114737,6.79975,6.79975
6.79985,1.560970486E-05,-0.000459407019662,6.79985,6.79985
6.79995,1.5647819964E-05,-0.00031135356403,6.79995,6.79995
6.80005,4.904955404E-06,1.99283623695374,6.80005,6.80005
6.80015,9.6192983619E-05,9.99472618103027,6.80015,6.80015
6.80025,0.000101833276858,9.99456596374512,6.80025,6.80025
6.80035,0.000102026002423,9.99446773529053,6.80035,6.80035
6.80045,0.000102074460301,9.99404430389404,6.80045,6.80045
6.80055,0.000102128295111,9.99444580078125,6.80055,6.80055
6.80065,0.000102154204797,9.99441242218018,6.80065,6.80065
6.80075,0.000102123936813,9.99433612823486,6.80075,6.80075
6.80085,0.000102107973362,9.994553565979,6.80085,6.80085
6.80095,0.000102131270978,9.99443054199219,6.80095,6.80095
6.80105,0.000119690324937,8.0114917755127,6.80105,6.80105
6.80115,2.995192699E-05,-0.000604434637353,6.80115,6.80115
6.80125,1.5992050976E-05,-0.000662276812363,6.80125,6.80125
6.80135,1.5639347112E-05,-0.000842347508296,6.80135,6.80135
6.80145,1.5561206965E-05,-0.000748477119487,6.80145,6.80145
6.80155,1.5523331967E-05,-0.000829470227472,6.80155,6.80155
6.80165,1.5557599909E-05,-0.000838618027046,6.80165,6.80165
6.80175,1.5595327568E-05,-0.000650314323138,6.80175,6.80175
6.80185,1.5583958884E-05,-0.000856491387822,6.80185,6.80185
6.80195,1.5637842807E-05,-0.000960776174907,6.80195,6.80195
6.80205,4.839631856E-06,1.97224402427673,6.80205,6.80205
6.80215,9.6117706562E-05,9.99439144134521,6.80215,6.80215
6.80225,0.000101838108094,9.99410820007324,6.80225,6.80225
6.80235,0.000102047451946,9.99400424957275,6.80235,6.80235
6.80245,0.000102088553831,9.9943208694458,6.80245,6.80245
6.80255,0.00010209078755,9.99414920806885,6.80255,6.80255
6.80265,0.000102108737337,9.99453926086426,6.80265,6.80265
6.80275,0.000102130368759,9.99408054351807,6.80275,6.80275
6.80285,0.000102120735392,9.99465847015381,6.80285,6.80285
6.80295,0.000102121739474,9.99423885345459,6.80295,6.80295
6.80305,0.000119704607641,8.03119659423828,6.80305,6.80305
6.80315,3.0068871638E-05,-0.000887734640855,6.80315,6.80315
6.80325,1.5987670849E-05,-0.000668539549224,6.80325,6.80325
6.80335,1.5618332327E-05,-0.00072405958781,6.80335,6.80335
6.80345,1.5574052668E-05,-0.000901667401195,6.80345,6.80345
6.80355,1.556139614E-05,-0.000806530413684,6.80355,6.80355
6.80365,1.5585350411E-05,-0.000914826174267,6.80365,6.80365
6.80375,1.561118188E-05,-0.000840729044285,6.80375,6.80375
6.80385,1.5629322661E-05,-0.000601408828516,6.80385,6.80385
6.80395,1.5680085198E-05,-0.000876335077919,6.80395,6.80395
6.80405,4.846795946E-06,1.95243144035339,6.80405,6.80405
6.80415,9.6006981039E-05,9.99422168731689,6.80415,6.80415
6.80425,0.000101878707937,9.99423503875732,6.80425,6.80425
6.80435,0.000102013313153,9.99420928955078,6.80435,6.80435
6.80445,0.000102063277154,9.99413204193115,6.80445,6.80445
6.80455,0.000102124366094,9.99416637420654,6.80455,6.80455
6.80465,0.00010212950292,9.99431991577148,6.80465,6.80465
6.80475,0.000102140416857,9.99438571929932,6.80475,6.80475
6.80485,0.000102104640973,9.99423503875732,6.80485,6.80485
6.80495,0.000102136364148,9.99453067779541,6.80495,6.80495
6.80505,0.000119696320326,8.05130863189697,6.80505,6.80505
6.80515,3.0153705666E-05,-0.000675224466249,6.80515,6.80515
6.80525,1.594704554E-05,-0.000701401208062,6.80525,6.80525
6.80535,1.5624415028E-05,-0.000511690159328,6.80535,6.80535
6.80545,1.5548495867E-05,-0.000607249327004,6.80545,6.80545
6.80555,1.5524914488E-05,-0.000445896439487,6.80555,6.80555
6.80565,1.5542918845E-05,-0.000652425340377,6.80565,6.80565
6.80575,1.5575964426E-05,-0.000620619219262,6.80575,6.80575
6.80585,1.5589786926E-05,-0.000589375966229,6.80585,6.80585
6.80595,1.5659055862E-05,-0.000794356805272,6.80595,6.80595
6.80605,4.745516435E-06,1.93234920501709,6.80605,6.80605
6.80615,9.590305126E-05,9.99449157714844,6.80615,6.80615
6.80625,0.000101822093711,9.99447631835938,6.80625,6.80625
6.80635,0.000102029269328,9.99485492706299,6.80635,6.80635
6.80645,0.000102073834569,9.99470806121826,6.80645,6.80645
6.80655,0.000102069308923,9.99455070495605,6.80655,6.80655
6.80665,0.000102077923657,9.9945707321167,6.80665,6.80665
6.80675,0.000102078280179,9.99479866027832,6.80675,6.80675
6.80685,0.000102088306448,9.99451351165771,6.80685,6.80685
6.80695,0.000102062425867,9.99463939666748,6.80695,6.80695
6.80705,0.000119734657346,8.07125282287598,6.80705,6.80705
6.80715,3.0289458664E-05,-0.001010174280964,6.80715,6.80715
6.80725,1.5908306523E-05,-0.00090835231822,6.80725,6.80725
6.80735,1.5588275346E-05,-0.000962324265856,6.80735,6.80735
6.80745,1.5481547962E-05,-0.000892941839993,6.80745,6.80745
6.80755,1.5485386029E-05,-0.000439915165771,6.80755,6.80755
6.80765,1.5515273844E-05,-0.000480728398543,6.80765,6.80765
6.80775,1.5533343685E-05,-0.000615693454165,6.80775,6.80775
6.80785,1.5604509827E-05,-0.000613863929175,6.80785,6.80785
6.80795,1.5625286323E-05,-0.00030079841963,6.80795,6.80795
6.80805,4.647604783E-06,1.91249597072601,6.80805,6.80805
6.80815,9.5784867881E-05,9.99459934234619,6.80815,6.80815
6.80825,0.000101828110928,9.99465465545654,6.80825,6.80825
6.80835,0.000101986071968,9.9948558807373,6.80835,6.80835
6.80845,0.000102064397652,9.99482536315918,6.80845,6.80845
6.80855,0.000102083628008,9.99492168426514,6.80855,6.80855
6.80865,0.00010209903121,9.99446582794189,6.80865,6.80865
6.80875,0.000102105710539,9.99436378479004,6.80875,6.80875
6.80885,0.000102087797131,9.99461460113525,6.80885,6.80885
6.80895,0.000102111531305,9.99446773529053,6.80895,6.80895
6.80905,0.000119813325,8.09139156341553,6.80905,6.80905
6.80915,3.042631397E-05,-0.00073524803156,6.80915,6.80915
6.80925,1.5963280021E-05,-0.000758117472287,6.80925,6.80925
6.80935,1.562406942E-05,-0.000716811686289,6.80935,6.80935
6.80945,1.5539137166E-05,-0.001004615216516,6.80945,6.80945
6.80955,1.5550464013E-05,-0.000793230952695,6.80955,6.80955
6.80965,1.5583016648E-05,-0.00089005677728,6.80965,6.80965
6.80975,1.561838144E-05,-0.000435200548964,6.80975,6.80975
6.80985,1.5625440938E-05,-0.000340345024597,6.80985,6.80985
6.80995,1.5623028958E-05,-0.000682613055687,6.80995,6.80995
6.81005,4.59480998E-06,1.89262092113495,6.81005,6.81005
6.81015,9.5670075098E-05,9.99484920501709,6.81015,6.81015
6.81025,0.000101815123344,9.99475765228271,6.81025,6.81025
6.81035,0.000102030659036,9.99471569061279,6.81035,6.81035
6.81045,0.0001020932541,9.99462985992432,6.81045,6.81045
6.81055,0.000102099234937,9.99475574493408,6.81055,6.81055
6.81065,0.00010212615598,9.99465370178223,6.81065,6.81065
6.81075,0.000102120029624,9.99462699890137,6.81075,6.81075
6.81085,0.000102119687654,9.9946346282959,6.81085,6.81085
6.81095,0.000102130463347,9.99462032318115,6.81095,6.81095
6.81105,0.00011982882279,8.11167430877686,6.81105,6.81105
6.81115,3.0558712751E-05,-0.0007588211447,6.81115,6.81115
6.81125,1.5899271602E-05,-0.000667765503749,6.81125,6.81125
6.81135,1.555288145E-05,-0.000744888384361,6.81135,6.81135
6.81145,1.547481952E-05,-0.000601690320764,6.81145,6.81145
6.81155,1.549699482E-05,-0.000530267192516,6.81155,6.81155
6.81165,1.5466930563E-05,-0.000571080425289,6.81165,6.81165
6.81175,1.549560875E-05,-0.00061491940869,6.81175,6.81175
6.81185,1.5554331185E-05,-0.000643347913865,6.81185,6.81185
6.81195,1.5566662114E-05,-0.000354629650246,6.81195,6.81195
6.81205,4.467846793E-06,1.87260782718659,6.81205,6.81205
6.81215,9.5549788966E-05,9.99429607391357,6.81215,6.81215
6.81225,0.00010184184066,9.99437522888184,6.81225,6.81225
6.81235,0.000102031430288,9.99446582794189,6.81235,6.81235
6.81245,0.000102122976386,9.99435138702393,6.81245,6.81245
6.81255,0.000102136218629,9.99440956115723,6.81255,6.81255
6.81265,0.000102112571767,9.99439811706543,6.81265,6.81265
6.81275,0.000102116217022,9.99424362182617,6.81275,6.81275
6.81285,0.000102130572486,9.99437618255615,6.81285,6.81285
6.81295,0.000102114063338,9.99428081512451,6.81295,6.81295
6.81305,0.000119841140986,8.13112926483154,6.81305,6.81305
6.81315,3.0667619285E-05,-0.000965068640653,6.81315,6.81315
6.81325,1.5866346075E-05,-0.001020870171487,6.81325,6.81325
6.81335,1.5527162759E-05,-0.000937625241932,6.81335,6.81335
6.81345,1.5455842004E-05,-0.000920737045817,6.81345,6.81345
6.81355,1.5426017853E-05,-0.000696616189089,6.81355,6.81355
6.81365,1.5468785932E-05,-0.000661291647702,6.81365,6.81365
6.81375,1.5498737412E-05,-0.000795341969933,6.81375,6.81375
6.81385,1.5531326426E-05,-0.000663754530251,6.81385,6.81385
6.81395,1.5517896827E-05,-0.000841080909595,6.81395,6.81395
6.81405,4.374885066E-06,1.85234892368317,6.81405,6.81405
6.81415,9.5466166385E-05,9.9949426651001,6.81415,6.81415
6.81425,0.000101845682366,9.99508953094482,6.81425,6.81425
6.81435,0.000102020829218,9.9948558807373,6.81435,6.81435
6.81445,0.000102076643088,9.99466800689697,6.81445,6.81445
6.81455,0.00010207262676,9.99452018737793,6.81455,6.81455
6.81465,0.000102104095276,9.99466037750244,6.81465,6.81465
6.81475,0.000102128899016,9.99457836151123,6.81475,6.81475
6.81485,0.000102104459074,9.99455261230469,6.81485,6.81485
6.81495,0.000102099926153,9.99435806274414,6.81495,6.81495
6.81505,0.000119852978969,8.15115547180176,6.81505,6.81505
6.81515,3.0792620237E-05,-0.001212551491335,6.81515,6.81515
6.81525,1.5876752514E-05,-0.000932558788918,6.81525,6.81525
6.81535,1.5550238459E-05,-0.000997508061118,6.81535,6.81535
6.81545,1.5440662537E-05,-0.000726452097297,6.81545,6.81545
6.81555,1.5415795133E-05,-0.000612104719039,6.81555,6.81555
6.81565,1.5462177544E-05,-0.000500290596392,6.81565,6.81565
6.81575,1.5481969967E-05,-0.000442659511464,6.81575,6.81575
6.81585,1.5517482097E-05,-0.000667413638439,6.81585,6.81585
6.81595,1.5576273654E-05,-0.000535755883902,6.81595,6.81595
6.81605,4.397200883E-06,1.83256816864014,6.81605,6.81605
6.81615,9.5334573416E-05,9.9949893951416,6.81615,6.81615
6.81625,0.000101860387076,9.99505233764648,6.81625,6.81625
6.81635,0.000102039972262,9.99483489990234,6.81635,6.81635
6.81645,0.000102086327388,9.99466514587402,6.81645,6.81645
6.81655,0.000102131089079,9.99467754364014,6.81655,6.81655
6.81665,0.000102119593066,9.99482536315918,6.81665,6.81665
6.81675,0.000102138379589,9.99489307403564,6.81675,6.81675
6.81685,0.000102135534689,9.9947566986084,6.81685,6.81685
6.81695,0.000102122059616,9.99486637115479,6.81695,6.81695
6.81705,0.000119883974548,8.17147731781006,6.81705,6.81705
6.81715,3.0901621358E-05,-0.001158438855782,6.81715,6.81715
6.81725,1.5898343918E-05,-0.001073927269317,6.81725,6.81725
6.81735,1.5528379663E-05,-0.00080702296691,6.81735,6.81735
6.81745,1.5428611732E-05,-0.000926296052057,6.81745,6.81745
6.81755,1.5411000277E-05,-0.000867820577696,6.81755,6.81755
6.81765,1.5412068024E-05,-0.000954513496254,6.81765,6.81765
6.81775,1.5444269593E-05,-0.000991104636341,6.81775,6.81775
6.81785,1.5456882466E-05,-0.000822855683509,6.81785,6.81785
6.81795,1.5520294255E-05,-0.000887171714567,6.81795,6.81795
6.81805,4.262819857E-06,1.81205654144287,6.81805,6.81805
6.81815,9.520369349E-05,9.99482536315918,6.81815,6.81815
6.81825,0.000101837118564,9.99454784393311,6.81825,6.81825
6.81835,0.000102029371192,9.99478816986084,6.81835,6.81835
6.81845,0.000102064790553,9.99476051330566,6.81845,6.81845
6.81855,0.000102093355963,9.99470520019531,6.81855,6.81855
6.81865,0.000102072488517,9.9946870803833,6.81865,6.81865
6.81875,0.000102097925264,9.99490451812744,6.81875,6.81875
6.81885,0.00010211890185,9.99479389190674,6.81885,6.81885
6.81895,0.00010209154425,9.9947566986084,6.81895,6.81895
6.81905,0.000119887707115,8.19138336181641,6.81905,6.81905
6.81915,3.1077313906E-05,-0.001347164739855,6.81915,6.81915
6.81925,1.5882566004E-05,-0.001106085255742,6.81925,6.81925
6.81935,1.5528485164E-05,-0.00125371653121,6.81935,6.81935
6.81945,1.5430319763E-05,-0.001283411635086,6.81945,6.81945
6.81955,1.5448171325E-05,-0.00099511560984,6.81955,6.81955
6.81965,1.5428548068E-05,-0.000925733125769,6.81965,6.81965
6.81975,1.5463829186E-05,-0.001158086932264,6.81975,6.81975
6.81985,1.5485562471E-05,-0.001415632432327,6.81985,6.81985
6.81995,1.5511175661E-05,-0.001363208517432,6.81995,6.81995
6.82005,4.191056178E-06,1.7919487953186,6.82005,6.82005
6.82015,9.5057825092E-05,9.99429512023926,6.82015,6.82015
6.82025,0.000101855010143,9.99459362030029,6.82025,6.82025
6.82035,0.000102060163044,9.99478149414063,6.82035,6.82035
6.82045,0.00010212106281,9.99458980560303,6.82045,6.82045
6.82055,0.000102137986687,9.99454689025879,6.82055,6.82055
6.82065,0.000102110163425,9.99441432952881,6.82065,6.82065
6.82075,0.000102095327748,9.99435424804688,6.82075,6.82075
6.82085,0.000102105892438,9.99448013305664,6.82085,6.82085
6.82095,0.000102101737866,9.99438381195068,6.82095,6.82095
6.82105,0.000119921722217,8.21122455596924,6.82105,6.82105
6.82115,3.1214232877E-05,-0.001450464362279,6.82115,6.82115
6.82125,1.5906358385E-05,-0.001479315105826,6.82125,6.82125
6.82135,1.5515077394E-05,-0.000945576815866,6.82135,6.82135
6.82145,1.543239523E-05,-0.001185037777759,6.82145,6.82145
6.82155,1.5454632376E-05,-0.001280174823478,6.82155,6.82155
6.82165,1.5495405023E-05,-0.000996945193037,6.82165,6.82165
6.82175,1.5511406673E-05,-0.001094333943911,6.82175,6.82175
6.82185,1.5528485164E-05,-0.00119756325148,6.82185,6.82185
6.82195,1.5554773199E-05,-0.001390088931657,6.82195,6.82195
6.82205,4.20370452E-06,1.77207672595978,6.82205,6.82205
6.82215,9.5012073871E-05,9.99460315704346,6.82215,6.82215
6.82225,0.000101869125501,9.99453639984131,6.82225,6.82225
6.82235,0.000102065649116,9.9944543838501,6.82235,6.82235
6.82245,0.000102102123492,9.99486064910889,6.82245,6.82245
6.82255,0.000102081969089,9.99478149414063,6.82255,6.82255
6.82265,0.000102120589872,9.99452781677246,6.82265,6.82265
6.82275,0.00010211726476,9.99428749084473,6.82275,6.82275
6.82285,0.000102119825897,9.99423313140869,6.82285,6.82285
6.82295,0.000102100922959,9.99437141418457,6.82295,6.82295
6.82305,0.000119961550809,8.23103809356689,6.82305,6.82305
6.82315,3.1353079976E-05,-0.00100778171327,6.82315,6.82315
6.82325,1.5883564629E-05,-0.000856491387822,6.82325,6.82325
6.82335,1.5531135432E-05,-0.001083356561139,6.82335,6.82335
6.82345,1.5467225239E-05,-0.001090745208785,6.82345,6.82345
6.82355,1.5428358893E-05,-0.000989204738289,6.82355,6.82355
6.82365,1.5465362594E-05,-0.000990401022136,6.82365,6.82365
6.82375,1.5479268768E-05,-0.001003700424917,6.82375,6.82375
6.82385,1.5521469322E-05,-0.001099189277738,6.82385,6.82385
6.82395,1.5566951333E-05,-0.000753473257646,6.82395,6.82395
6.82405,4.146993433E-06,1.75249516963959,6.82405,6.82405
6.82415,9.4865172287E-05,9.99464321136475,6.82415,6.82415
6.82425,0.000101855184766,9.99419212341309,6.82425,6.82425
6.82435,0.000102025063825,9.99404907226563,6.82435,6.82435
6.82445,0.00010207217565,9.99423503875732,6.82445,6.82445
6.82455,0.000102110330772,9.99433422088623,6.82455,6.82455
6.82465,0.000102086734842,9.99448776245117,6.82465,6.82465
6.82475,0.0001020767304,9.994384765625,6.82475,6.82475
6.82485,0.000102107049315,9.99439430236816,6.82485,6.82485
6.82495,0.000102100442746,9.99435329437256,6.82495,6.82495
6.82505,0.000119945732877,8.25116539001465,6.82505,6.82505
6.82515,3.1466403016E-05,-0.001072590355761,6.82515,6.82515
6.82525,1.586358303E-05,-0.000960353994742,6.82525,6.82525
6.82535,1.5473011445E-05,-0.000981182791293,6.82535,6.82535
6.82545,1.5376266674E-05,-0.000940510304645,6.82545,6.82545
6.82555,1.5389787222E-05,-0.000859657942783,6.82555,6.82555
6.82565,1.5414458176E-05,-0.000874927733094,6.82565,6.82565
6.82575,1.544679435E-05,-0.000887382775545,6.82575,6.82575
6.82585,1.5492107195E-05,-0.000988149200566,6.82585,6.82585
6.82595,1.5529883967E-05,-0.00068739807466,6.82595,6.82595
6.82605,4.069471288E-06,1.73247277736664,6.82605,6.82605
6.82615,9.4691597042E-05,9.99436950683594,6.82615,6.82615
6.82625,0.000101801146229,9.99401569366455,6.82625,6.82625
6.82635,0.000102027821413,9.99382209777832,6.82635,6.82635
6.82645,0.000102072437585,9.99365425109863,6.82645,6.82645
6.82655,0.000102099002106,9.99384880065918,6.82655,6.82655
6.82665,0.000102066049294,9.99418449401855,6.82665,6.82665
6.82675,0.000102090489236,9.99434757232666,6.82675,6.82675
6.82685,0.000102089958091,9.99435424804688,6.82685,6.82685
6.82695,0.000102119192888,9.99419403076172,6.82695,6.82695
6.82705,0.00011997637921,8.27083110809326,6.82705,6.82705
6.82715,3.1609000871E-05,-0.001110870274715,6.82715,6.82715
6.82725,1.5844796508E-05,-0.001115233055316,6.82725,6.82725
6.82735,1.5515253835E-05,-0.000740033050533,6.82735,6.82735
6.82745,1.5429090126E-05,-0.000785349751823,6.82745,6.82745
6.82755,1.5415569578E-05,-0.00084558443632,6.82755,6.82755
6.82765,1.5450681531E-05,-0.000580791151151,6.82765,6.82765
6.82775,1.5486293705E-05,-0.000375458446797,6.82775,6.82775
6.82785,1.5512117898E-05,-0.000665654486511,6.82785,6.82785
6.82795,1.5540683307E-05,-0.000663050857838,6.82795,6.82795
6.82805,4.033593086E-06,1.71255445480347,6.82805,6.82805
6.82815,9.4603965408E-05,9.994065284729,6.82815,6.82815
6.82825,0.000101840843854,9.99436092376709,6.82825,6.82825
6.82835,0.000102017598692,9.9943904876709,6.82835,6.82835
6.82845,0.000102064106613,9.99419403076172,6.82845,6.82845
6.82855,0.000102114230685,9.99443054199219,6.82855,6.82855
6.82865,0.000102122226963,9.99433422088623,6.82865,6.82865
6.82875,0.000102104284451,9.99421405792236,6.82875,6.82875
6.82885,0.000102117090137,9.99404048919678,6.82885,6.82885
6.82895,0.00010213945643,9.99422740936279,6.82895,6.82895
6.82905,0.000120015778521,8.29079532623291,6.82905,6.82905
6.82915,3.1794948882E-05,-0.001219517900608,6.82915,6.82915
6.82925,1.5892675947E-05,-0.001167868031189,6.82925,6.82925
6.82935,1.5533934857E-05,-0.000918133417144,6.82935,6.82935
6.82945,1.5426403479E-05,-0.000925381318666,6.82945,6.82945
6.82955,1.5443270968E-05,-0.001027836580761,6.82955,6.82955
6.82965,1.5453557353E-05,-0.000954794930294,6.82965,6.82965
6.82975,1.5486370103E-05,-0.000953880196903,6.82975,6.82975
6.82985,1.5514206098E-05,-0.000937765988056,6.82985,6.82985
6.82995,1.558965414E-05,-0.001025162520818,6.82995,6.82995
6.83005,4.015495506E-06,1.69216585159302,6.83005,6.83005
6.83015,9.4480383268E-05,9.99408149719238,6.83015,6.83015
6.83025,0.000101848760096,9.99418544769287,6.83025,6.83025
6.83035,0.00010205059516,9.9943323135376,6.83035,6.83035
6.83045,0.000102089667052,9.99401760101318,6.83045,6.83045
6.83055,0.000102135883935,9.99394226074219,6.83055,6.83055
6.83065,0.000102138517832,9.99396991729736,6.83065,6.83065
6.83075,0.000102154517663,9.99393463134766,6.83075,6.83075
6.83085,0.000102126141428,9.99396800994873,6.83085,6.83085
6.83095,0.000102126708953,9.994065284729,6.83095,6.83095
6.83105,0.000120043412608,8.31071186065674,6.83105,6.83105
6.83115,3.2004918467E-05,-0.000653199385852,6.83115,6.83115
6.83125,1.5847694158E-05,-0.000503527524415,6.83125,6.83125
6.83135,1.5469038772E-05,-0.000721596705262,6.83135,6.83135
6.83145,1.5390658518E-05,-0.000815255974885,6.83145,6.83145
6.83155,1.5369805624E-05,-0.000887523521669,6.83155,6.83155
6.83165,1.5402139979E-05,-0.000832425663248,6.83165,6.83165
6.83175,1.5409599655E-05,-0.00096028362168,6.83175,6.83175
6.83185,1.5435249225E-05,-0.001005670754239,6.83185,6.83185
6.83195,1.5479128706E-05,-0.001060487120412,6.83195,6.83195
6.83205,3.909877705E-06,1.67230272293091,6.83205,6.83205
6.83215,9.4335482572E-05,9.99396133422852,6.83215,6.83215
6.83225,0.000101842044387,9.99429130554199,6.83225,6.83225
6.83235,0.000102022262581,9.99447345733643,6.83235,6.83235
6.83245,0.000102101912489,9.99448394775391,6.83245,6.83245
6.83255,0.00010212710913,9.9942102432251,6.83255,6.83255
6.83265,0.000102124169644,9.99400901794434,6.83265,6.83265
6.83275,0.000102118552604,9.99401473999023,6.83275,6.83275
6.83285,0.000102118719951,9.99414825439453,6.83285,6.83285
6.83295,0.000102073703601,9.99397563934326,6.83295,6.83295
6.83305,0.000119997544971,8.33098316192627,6.83305,6.83305
6.83315,3.2053267205E-05,-0.001309377374128,6.83315,6.83315
6.83325,1.5842610082E-05,-0.001121073612012,6.83325,6.83325
6.83335,1.5492261809E-05,-0.001042050775141,6.83335,6.83335
6.83345,1.5411913409E-05,-0.000952472852077,6.83345,6.83345
6.83355,1.5395602531E-05,-0.000897093501408,6.83355,6.83355
6.83365,1.5389561668E-05,-0.00094571756199,6.83365,6.83365
6.83375,1.539459663E-05,-0.000985967810266,6.83375,6.83375
6.83385,1.545077248E-05,-0.00099504517857,6.83385,6.83385
6.83395,1.5477482521E-05,-0.001236546901055,6.83395,6.83395
6.83405,3.866673069E-06,1.65197670459747,6.83405,6.83405
6.83415,9.4161259767E-05,9.99393749237061,6.83415,6.83415
6.83425,0.000101832978544,9.99398040771484,6.83425,6.83425
6.83435,0.000102025383967,9.99447250366211,6.83435,6.83435
6.83445,0.000102068923297,9.9943265914917,6.83445,6.83445
6.83455,0.000102079575299,9.99420833587646,6.83455,6.83455
6.83465,0.000102108897408,9.99437427520752,6.83465,6.83465
6.83475,0.000102102618257,9.99424362182617,6.83475,6.83475
6.83485,0.000102061254438,9.99428176879883,6.83485,6.83485
6.83495,0.000102100151707,9.99424457550049,6.83495,6.83495
6.83505,0.00012002211588,8.35092067718506,6.83505,6.83505
6.83515,3.2269184885E-05,-0.000972949783318,6.83515,6.83515
6.83525,1.5824483853E-05,-0.001008203951642,6.83525,6.83525
6.83535,1.5432373402E-05,-0.001155624049716,6.83535,6.83535
6.83545,1.5334475393E-05,-0.000953457958531,6.83545,6.83545
6.83555,1.5350555259E-05,-0.000810963567346,6.83555,6.83555
6.83565,1.5377547243E-05,-0.000793090206571,6.83565,6.83565
6.83575,1.5397543393E-05,-0.000921299972106,6.83575,6.83575
6.83585,1.5455427274E-05,-0.000766280165408,6.83585,6.83585
6.83595,1.5467549019E-05,-0.000525834038854,6.83595,6.83595
6.83605,3.816311164E-06,1.6328991651535,6.83605,6.83605
6.83615,9.4045346486E-05,9.99431419372559,6.83615,6.83615
6.83625,0.000101809884654,9.9945011138916,6.83625,6.83625
6.83635,0.000101990735857,9.9943790435791,6.83635,6.83635
6.83645,0.000102076344774,9.99431419372559,6.83645,6.83645
6.83655,0.000102089572465,9.99436283111572,6.83655,6.83655
6.83665,0.000102065481769,9.99474430084229,6.83665,6.83665
6.83675,0.000102127050923,9.9944486618042,6.83675,6.83675
6.83685,0.000102153921034,9.99434089660645,6.83685,6.83685
6.83695,0.000102124613477,9.99428176879883,6.83695,6.83695
6.83705,0.000120028256788,8.37120628356934,6.83705,6.83705
6.83715,3.2362575439E-05,-0.001062527764589,6.83715,6.83715
6.83725,1.5836534658E-05,-0.000674872600939,6.83725,6.83725
6.83735,1.549245826E-05,-0.00053688173648,6.83735,6.83735
6.83745,1.5442336007E-05,-0.000503175659105,6.83745,6.83745
6.83755,1.5442814401E-05,-0.000622870982625,6.83755,6.83755
6.83765,1.5431094653E-05,-0.000627444824204,6.83765,6.83765
6.83775,1.5436606191E-05,-0.000627304136287,6.83775,6.83775
6.83785,1.5472434825E-05,-0.000860994914547,6.83785,6.83785
6.83795,1.5498977518E-05,-0.000726803904399,6.83795,6.83795
6.83805,3.7607183E-06,1.61264574527741,6.83805,6.83805
6.83815,9.3900525826E-05,9.99448776245117,6.83815,6.83815
6.83825,0.000101805671875,9.99437999725342,6.83825,6.83825
6.83835,0.000102007339592,9.99439239501953,6.83835,6.83835
6.83845,0.000102055048046,9.99462032318115,6.83845,6.83845
6.83855,0.000102094287286,9.99438285827637,6.83855,6.83855
6.83865,0.000102084501123,9.994460105896,6.83865,6.83865
6.83875,0.000102097888885,9.99441242218018,6.83875,6.83875
6.83885,0.000102075719042,9.99415683746338,6.83885,6.83885
6.83895,0.000102116988273,9.99382209777832,6.83895,6.83895
6.83905,0.000120027070807,8.39072418212891,6.83905,6.83905
6.83915,3.2570431358E-05,-0.000701330835,6.83915,6.83915
6.83925,1.5838342733E-05,-0.000880346051417,6.83925,6.83925
6.83935,1.5471914594E-05,-0.000779298134148,6.83935,6.83935
6.83945,1.5388064639E-05,-0.000593668373767,6.83945,6.83945
6.83955,1.5359843019E-05,-0.000630681752227,6.83955,6.83955
6.83965,1.5374889699E-05,-0.000751502928324,6.83965,6.83965
6.83975,1.5418150724E-05,-0.000714630295988,6.83975,6.83975
6.83985,1.5495073967E-05,-0.000943747232668,6.83985,6.83985
6.83995,1.5479325157E-05,-0.000829470227472,6.83995,6.83995
6.84005,3.744378546E-06,1.59262800216675,6.84005,6.84005
6.84015,9.3767805083E-05,9.99444484710693,6.84015,6.84015
6.84025,0.000101819932752,9.99426746368408,6.84025,6.84025
6.84035,0.000102012360003,9.99466896057129,6.84035,6.84035
6.84045,0.000102063080703,9.99448490142822,6.84045,6.84045
6.84055,0.000102079662611,9.99454975128174,6.84055,6.84055
6.84065,0.000102051613794,9.99458885192871,6.84065,6.84065
6.84075,0.000102089477878,9.99478626251221,6.84075,6.84075
6.84085,0.00010208770982,9.9945068359375,6.84085,6.84085
6.84095,0.000102121754026,9.99450588226318,6.84095,6.84095
6.84105,0.000120017517474,8.41114711761475,6.84105,6.84105
6.84115,3.2719850424E-05,-0.000744466204196,6.84115,6.84115
6.84125,1.5831656128E-05,-0.000843262299895,6.84125,6.84125
6.84135,1.543878534E-05,-0.00074763270095,6.84135,6.84135
6.84145,1.536158743E-05,-0.000670720939524,6.84145,6.84145
6.84155,1.5321518731E-05,-0.00071068975376,6.84155,6.84155
6.84165,1.5341161998E-05,-0.000715193280485,6.84165,6.84165
6.84175,1.5338124285E-05,-0.000510845740791,6.84175,6.84175
6.84185,1.5393317881E-05,-0.000827007403132,6.84185,6.84185
6.84195,1.5412068024E-05,-0.000674520793837,6.84195,6.84195
6.84205,3.633164397E-06,1.57252526283264,6.84205,6.84205
6.84215,9.3652037322E-05,9.99441051483154,6.84215,6.84215
6.84225,0.000101816513052,9.99426937103271,6.84225,6.84225
6.84235,0.000101977362647,9.9942455291748,6.84235,6.84235
6.84245,0.000102058605989,9.99412059783936,6.84245,6.84245
6.84255,0.000102065256215,9.99417400360107,6.84255,6.84255
6.84265,0.000102087353298,9.99433517456055,6.84265,6.84265
6.84275,0.000102075166069,9.99434947967529,6.84275,6.84275
6.84285,0.00010208250751,9.99394989013672,6.84285,6.84285
6.84295,0.000102107784187,9.99389743804932,6.84295,6.84295
6.84305,0.000120040131151,8.43076801300049,6.84305,6.84305
6.84315,3.2781124901E-05,-0.001341887167655,6.84315,6.84315
6.84325,1.5747496946E-05,-0.001430128118955,6.84325,6.84325
6.84335,1.5392368368E-05,-0.001239150413312,6.84335,6.84335
6.84345,1.5318220903E-05,-0.001166319940239,6.84345,6.84345
6.84355,1.5305284251E-05,-0.001298962975852,6.84355,6.84355
6.84365,1.5340830942E-05,-0.001293896464631,6.84365,6.84365
6.84375,1.5353536583E-05,-0.001251816633157,6.84375,6.84375
6.84385,1.5386553059E-05,-0.001258008996956,6.84385,6.84385
6.84395,1.5389696273E-05,-0.001070549711585,6.84395,6.84395
6.84405,3.622442364E-06,1.55221354961395,6.84405,6.84405
6.84415,9.347586456E-05,9.99416923522949,6.84415,6.84415
6.84425,0.000101805322629,9.99416828155518,6.84425,6.84425
6.84435,0.000102014593722,9.99419498443604,6.84435,6.84435
6.84445,0.000102052799775,9.99415493011475,6.84445,6.84445
6.84455,0.000102054211311,9.99422073364258,6.84455,6.84455
6.84465,0.000102044126834,9.99445629119873,6.84465,6.84465
6.84475,0.000102072808659,9.99428558349609,6.84475,6.84475
6.84485,0.000102068996057,9.99407577514648,6.84485,6.84485
6.84495,0.000102055775642,9.99411487579346,6.84495,6.84495
6.84505,0.000119979704323,8.45092391967773,6.84505,6.84505
6.84515,3.2932344766E-05,-0.001221065991558,6.84515,6.84515
6.84525,1.568800144E-05,-0.000933895760681,6.84525,6.84525
6.84535,1.5292536773E-05,-0.001099470769987,6.84535,6.84535
6.84545,1.5225862626E-05,-0.001081949216314,6.84545,6.84545
6.84555,1.523913761E-05,-0.001169486553408,6.84555,6.84555
6.84565,1.5243510461E-05,-0.00133520225063,6.84565,6.84565
6.84575,1.5270270524E-05,-0.001155553734861,6.84575,6.84575
6.84585,1.5287509086E-05,-0.001121003297158,6.84585,6.84585
6.84595,1.5345105567E-05,-0.000967320404015,6.84595,6.84595
6.84605,3.523750138E-06,1.53224301338196,6.84605,6.84605
6.84615,9.3332600954E-05,9.99429225921631,6.84615,6.84615
6.84625,0.000101787009044,9.99389743804932,6.84625,6.84625
6.84635,0.000101993791759,9.99423027038574,6.84635,6.84635
6.84645,0.000102036545286,9.9943380355835,6.84645,6.84645
6.84655,0.0001020733107,9.9944896697998,6.84655,6.84655
6.84665,0.000102052530565,9.99447727203369,6.84665,6.84665
6.84675,0.000102056757896,9.99454784393311,6.84675,6.84675
6.84685,0.000102040394268,9.99430274963379,6.84685,6.84685
6.84695,0.000102059639175,9.99415683746338,6.84695,6.84695
6.84705,0.000119961281598,8.47070503234863,6.84705,6.84705
6.84715,3.3187374356E-05,-0.001380870817229,6.84715,6.84715
6.84725,1.5730482119E-05,-0.001299103605561,6.84725,6.84725
6.84735,1.5356321455E-05,-0.001399377477355,6.84735,6.84735
6.84745,1.5254373466E-05,-0.001387626049109,6.84745,6.84745
6.84755,1.5278805222E-05,-0.001268212334253,6.84755,6.84755
6.84765,1.5293464457E-05,-0.001216562464833,6.84765,6.84765
6.84775,1.5323317712E-05,-0.001180182443932,6.84775,6.84775
6.84785,1.5303630789E-05,-0.000785983051173,6.84785,6.84785
6.84795,1.5376070223E-05,-0.000851776800118,6.84795,6.84795
6.84805,3.492005817E-06,1.51239359378815,6.84805,6.84805
6.84815,9.3155213108E-05,9.99462890625,6.84815,6.84815
6.84825,0.000101753386843,9.99425220489502,6.84825,6.84825
6.84835,0.000101960584288,9.99413013458252,6.84835,6.84835
6.84845,0.000102023623185,9.99380397796631,6.84845,6.84845
6.84855,0.00010204748105,9.99384593963623,6.84855,6.84855
6.84865,0.000102033198345,9.99433326721191,6.84865,6.84865
6.84875,0.000102086363768,9.99409675598145,6.84875,6.84875
6.84885,0.000102067613625,9.99422264099121,6.84885,6.84885
6.84895,0.000102080033685,9.99430656433105,6.84895,6.84895
6.84905,0.000119942509627,8.49062442779541,6.84905,6.84905
6.84915,3.3332609746E-05,-0.001133106416091,6.84915,6.84915
6.84925,1.5759589587E-05,-0.001210159040056,6.84925,6.84925
6.84935,1.5414099835E-05,-0.001268212334253,6.84935,6.84935
6.84945,1.5333807823E-05,-0.001110588782467,6.84945,6.84945
6.84955,1.5309487935E-05,-0.000962887250353,6.84955,6.84955
6.84965,1.5325025743E-05,-0.000886467983946,6.84965,6.84965
6.84975,1.5333675037E-05,-0.000645599677227,6.84975,6.84975
6.84985,1.5358176825E-05,-0.000909055990633,6.84985,6.84985
6.84995,1.5415267626E-05,-0.001160127576441,6.84995,6.84995
6.85005,3.502882464E-06,1.49219119548798,6.85005,6.85005
6.85015,9.3035094324E-05,9.99431419372559,6.85015,6.85015
6.85025,0.000101782592537,9.99384689331055,6.85025,6.85025
6.85035,0.000102000820334,9.99387550354004,6.85035,6.85035
6.85045,0.000102030709968,9.99377155303955,6.85045,6.85045
6.85055,0.000102071884612,9.99385929107666,6.85055,6.85055
6.85065,0.000102093858004,9.99393367767334,6.85065,6.85065
6.85075,0.000102074161987,9.99388790130615,6.85075,6.85075
6.85085,0.000102084188256,9.99421691894531,6.85085,6.85085
6.85095,0.000102083315141,9.9941520690918,6.85095,6.85095
6.85105,0.000119967138744,8.51101112365723,6.85105,6.85105
6.85115,3.3530781366E-05,-0.000990189844742,6.85115,6.85115
6.85125,1.5773377527E-05,-0.001054224441759,6.85125,6.85125
6.85135,1.5397752577E-05,-0.000849665724672,6.85135,6.85135
6.85145,1.5257916857E-05,-0.000704004778527,6.85145,6.85145
6.85155,1.5249029275E-05,-0.000804489769507,6.85155,6.85155
6.85165,1.528705252E-05,-0.000713293324225,6.85165,6.85165
6.85175,1.5330075257E-05,-0.000934388372116,6.85175,6.85175
6.85185,1.532841452E-05,-0.000876264704857,6.85185,6.85185
6.85195,1.5382636775E-05,-0.000906170927919,6.85195,6.85195
6.85205,3.482436796E-06,1.47250771522522,6.85205,6.85205
6.85215,9.2922957265E-05,9.9943208694458,6.85215,6.85215
6.85225,0.000101797173556,9.99438953399658,6.85225,6.85225
6.85235,0.000102015786979,9.99445152282715,6.85235,6.85235
6.85245,0.000102080324723,9.99430465698242,6.85245,6.85245
6.85255,0.000102102727396,9.99437808990479,6.85255,6.85255
6.85265,0.000102096157207,9.99423313140869,6.85265,6.85265
6.85275,0.00010211213521,9.99417972564697,6.85275,6.85275
6.85285,0.000102123507531,9.99449443817139,6.85285,6.85285
6.85295,0.00010211859626,9.99450969696045,6.85295,6.85295
6.85305,0.000119936012197,8.53110885620117,6.85305,6.85305
6.85315,3.3717537008E-05,-0.00053005607333,6.85315,6.85315
6.85325,1.5760306269E-05,-0.000798649212811,6.85325,6.85325
6.85335,1.5359779354E-05,-0.001089126686566,6.85335,6.85335
6.85345,1.5251785953E-05,-0.000873942568433,6.85345,6.85345
6.85355,1.5288163922E-05,-0.001028258702718,6.85355,6.85355
6.85365,1.5282510503E-05,-0.000875842524692,6.85365,6.85365
6.85375,1.5310964955E-05,-0.00086613179883,6.85375,6.85375
6.85385,1.5327761503E-05,-0.001063161063939,6.85385,6.85385
6.85395,1.5350991816E-05,-0.001078501227312,6.85395,6.85395
6.85405,3.441039098E-06,1.45238351821899,6.85405,6.85405
6.85415,9.2754336947E-05,9.99404525756836,6.85415,6.85415
6.85425,0.000101825651655,9.99424076080322,6.85425,6.85425
6.85435,0.000101989651739,9.99427223205566,6.85435,6.85435
6.85445,0.000102035664895,9.99413871765137,6.85445,6.85445
6.85455,0.00010206735169,9.99414443969727,6.85455,6.85455
6.85465,0.000102071462607,9.99411010742188,6.85465,6.85465
6.85475,0.000102064215753,9.99416446685791,6.85475,6.85475
6.85485,0.000102069119748,9.99392795562744,6.85485,6.85485
6.85495,0.000102077690826,9.99386405944824,6.85495,6.85495
6.85505,0.000119908814668,8.55049800872803,6.85505,6.85505
6.85515,3.3888005419E-05,-0.001027273596264,6.85515,6.85515
6.85525,1.5729603547E-05,-0.001092363614589,6.85525,6.85525
6.85535,1.5369623725E-05,-0.000997578492388,6.85535,6.85535
6.85545,1.524896652E-05,-0.000856491387822,6.85545,6.85545
6.85555,1.5217876353E-05,-0.000907578272745,6.85555,6.85555
6.85565,1.5266290575E-05,-0.001037547248416,6.85565,6.85565
6.85575,1.5281231754E-05,-0.001016507390887,6.85575,6.85575
6.85585,1.53254623E-05,-0.000855435908306,6.85585,6.85585
6.85595,1.5340754544E-05,-0.001014537061565,6.85595,6.85595
6.85605,3.426632929E-06,1.43229055404663,6.85605,6.85605
6.85615,9.2593538284E-05,9.9941291809082,6.85615,6.85615
6.85625,0.000101803489088,9.99451732635498,6.85625,6.85625
6.85635,0.000102026053355,9.99421215057373,6.85635,6.85635
6.85645,0.000102067686385,9.99411964416504,6.85645,6.85645
6.85655,0.000102049918496,9.99437141418457,6.85655,6.85655
6.85665,0.000102089674328,9.99442672729492,6.85665,6.85665
6.85675,0.000102076381154,9.99450588226318,6.85675,6.85675
6.85685,0.000102085090475,9.99441528320313,6.85685,6.85685
6.85695,0.000102086363768,9.9943962097168,6.85695,6.85695
6.85705,0.000119878131954,8.57072162628174,6.85705,6.85705
6.85715,3.4026696085E-05,-0.000875912897754,6.85715,6.85715
6.85725,1.5684985556E-05,-0.000936851196457,6.85725,6.85725
6.85735,1.5323746993E-05,-0.000878164661117,6.85735,6.85735
6.85745,1.5211970094E-05,-0.000637859280687,6.85745,6.85745
6.85755,1.524311665E-05,-0.000806178548373,6.85755,6.85755
6.85765,1.5220590285E-05,-0.001072590355761,6.85765,6.85765
6.85775,1.5245675968E-05,-0.000894489930943,6.85775,6.85775
6.85785,1.5299250663E-05,-0.001032691914588,6.85785,6.85785
6.85795,1.5329491362E-05,-0.001116429339163,6.85795,6.85795
6.85805,3.394220585E-06,1.41241943836212,6.85805,6.85805
6.85815,9.241906082E-05,9.99399471282959,6.85815,6.85815
6.85825,0.000101776895463,9.99405956268311,6.85825,6.85825
6.85835,0.00010198263044,9.99444675445557,6.85835,6.85835
6.85845,0.000102062949736,9.99405956268311,6.85845,6.85845
6.85855,0.000102095764305,9.99388980865479,6.85855,6.85855
6.85865,0.000102086145489,9.9939603805542,6.85865,6.85865
6.85875,0.000102065263491,9.99423217773438,6.85875,6.85875
6.85885,0.000102077166957,9.99441623687744,6.85885,6.85885
6.85895,0.000102115132904,9.99414825439453,6.85895,6.85895
6.85905,0.000119848453323,8.5907678604126,6.85905,6.85905
6.85915,3.4251319448E-05,-0.001012637163512,6.85915,6.85915
6.85925,1.5698597053E-05,-0.001180745312013,6.85925,6.85925
6.85935,1.5368286768E-05,-0.001268775202334,6.85935,6.85935
6.85945,1.528280518E-05,-0.001151894568466,6.85945,6.85945
6.85955,1.5262739907E-05,-0.001285241218284,6.85955,6.85955
6.85965,1.5239545064E-05,-0.0013853040291,6.85965,6.85965
6.85975,1.5287079805E-05,-0.001115233055316,6.85975,6.85975
6.85985,1.5290715965E-05,-0.000756076828111,6.85985,6.85985
6.85995,1.5349338355E-05,-0.000807867385447,6.85995,6.85995
6.86005,3.367524414E-06,1.39257335662842,6.86005,6.86005
6.86015,9.2267255241E-05,9.99419212341309,6.86015,6.86015
6.86025,0.00010176456999,9.99414730072021,6.86025,6.86025
6.86035,0.000101986683148,9.99386215209961,6.86035,6.86035
6.86045,0.000102037345641,9.99365329742432,6.86045,6.86045
6.86055,0.000102051388239,9.99373149871826,6.86055,6.86055
6.86065,0.000102060083009,9.99345684051514,6.86065,6.86065
6.86075,0.000102083693491,9.9935302734375,6.86075,6.86075
6.86085,0.000102061851067,9.99382400512695,6.86085,6.86085
6.86095,0.000102082740341,9.99380779266357,6.86095,6.86095
6.86105,0.000119794851344,8.61025619506836,6.86105,6.86105
6.86115,3.4404667531E-05,-0.00117223081179,6.86115,6.86115
6.86125,1.5665460523E-05,-0.000984419719316,6.86125,6.86125
6.86135,1.5307723515E-05,-0.001132684294134,6.86135,6.86135
6.86145,1.5233983504E-05,-0.001162027590908,6.86145,6.86145
6.86155,1.5216462998E-05,-0.001164068235084,6.86155,6.86155
6.86165,1.5204573174E-05,-0.001109111122787,6.86165,6.86165
6.86175,1.5246505427E-05,-0.000948110013269,6.86175,6.86175
6.86185,1.5288227587E-05,-0.001056687207893,6.86185,6.86185
6.86195,1.5333049305E-05,-0.001092645106837,6.86195,6.86195
6.86205,3.328798584E-06,1.37202048301697,6.86205,6.86205
6.86215,9.212995792E-05,9.99373340606689,6.86215,6.86215
6.86225,0.000101804886071,9.99368667602539,6.86225,6.86225
6.86235,0.000101990255644,9.99370288848877,6.86235,6.86235
6.86245,0.000102050049463,9.99368476867676,6.86245,6.86245
6.86255,0.000102072561276,9.99373435974121,6.86255,6.86255
6.86265,0.000102085898106,9.99384784698486,6.86265,6.86265
6.86275,0.000102082412923,9.99371814727783,6.86275,6.86275
6.86285,0.000102086960396,9.99357604980469,6.86285,6.86285
6.86295,0.000102082827652,9.9935359954834,6.86295,6.86295
6.86305,0.000119756878121,8.63022518157959,6.86305,6.86305
6.86315,3.4593602322E-05,-0.001209173817188,6.86315,6.86315
6.86325,1.5672800146E-05,-0.001145843067206,6.86325,6.86325
6.86335,1.5309578885E-05,-0.000967953703366,6.86335,6.86335
6.86345,1.5206204807E-05,-0.000752136227675,6.86345,6.86345
6.86355,1.5169278413E-05,-0.001234646886587,6.86355,6.86355
6.86365,1.5225989955E-05,-0.00110270769801,6.86365,6.86365
6.86375,1.5225757124E-05,-0.001040713861585,6.86375,6.86375
6.86385,1.525918924E-05,-0.001000533928163,6.86385,6.86385
6.86395,1.5295032426E-05,-0.001075334614143,6.86395,6.86395
6.86405,3.324129921E-06,1.35239958763123,6.86405,6.86405
6.86415,9.1917143436E-05,9.99396324157715,6.86415,6.86415
6.86425,0.000101765414001,9.99421787261963,6.86425,6.86425
6.86435,0.000101969955722,9.99407291412354,6.86435,6.86435
6.86445,0.00010203106649,9.99368572235107,6.86445,6.86445
6.86455,0.000102070473076,9.99388599395752,6.86455,6.86455
6.86465,0.000102091871668,9.99366283416748,6.86465,6.86465
6.86475,0.000102082842204,9.99363613128662,6.86475,6.86475
6.86485,0.000102068712295,9.99385452270508,6.86485,6.86485
6.86495,0.000102072051959,9.99397087097168,6.86495,6.86495
6.86505,0.000119782562251,8.65054893493652,6.86505,6.86505
6.86515,3.4828237403E-05,-0.001182434149086,6.86515,6.86515
6.86525,1.5695517504E-05,-0.001077304943465,6.86525,6.86525
6.86535,1.5333491319E-05,-0.000909478229005,6.86535,6.86535
6.86545,1.5235277715E-05,-0.000815185601823,6.86545,6.86545
6.86555,1.5212202015E-05,-0.000789994024672,6.86555,6.86555
6.86565,1.5180049559E-05,-0.001150909462012,6.86565,6.86565
6.86575,1.5234292732E-05,-0.00091989262728,6.86575,6.86575
6.86585,1.5308763977E-05,-0.000841080909595,6.86585,6.86585
6.86595,1.5322319086E-05,-0.000857195060235,6.86595,6.86595
6.86605,3.321465329E-06,1.33285582065582,6.86605,6.86605
6.86615,9.1784982942E-05,9.99442100524902,6.86615,6.86615
6.86625,0.000101792247733,9.99426078796387,6.86625,6.86625
6.86635,0.00010199292592,9.9943904876709,6.86635,6.86635
6.86645,0.00010206746083,9.99446678161621,6.86645,6.86645
6.86655,0.000102100602817,9.99431896209717,6.86655,6.86655
6.86665,0.000102088000858,9.99378299713135,6.86665,6.86665
6.86675,0.000102097474155,9.99399089813232,6.86675,6.86675
6.86685,0.00010210176697,9.99426078796387,6.86685,6.86685
6.86695,0.00010211343033,9.99414825439453,6.86695,6.86695
6.86705,0.000119725460536,8.67063617706299,6.86705,6.86705
6.86715,3.5018034396E-05,-0.000989626976661,6.86715,6.86715
6.86725,1.5712152162E-05,-0.001022488577291,6.86725,6.86725
6.86735,1.5258872736E-05,-0.000947969325352,6.86735,6.86735
6.86745,1.5182595234E-05,-0.000795201223809,6.86745,6.86745
6.86755,1.5184289623E-05,-0.000860713480506,6.86755,6.86755
6.86765,1.5223093214E-05,-0.000650314323138,6.86765,6.86765
6.86775,1.5243412236E-05,-0.000751151121221,6.86775,6.86775
6.86785,1.5271352822E-05,-0.000448992592283,6.86785,6.86785
6.86795,1.5308729417E-05,-0.000587827875279,6.86795,6.86795
6.86805,3.319791858E-06,1.31250178813934,6.86805,6.86805
6.86815,9.1608853836E-05,9.99432563781738,6.86815,6.86815
6.86825,0.000101783232822,9.99396419525146,6.86825,6.86825
6.86835,0.000102013524156,9.99414157867432,6.86835,6.86835
6.86845,0.00010205435683,9.99411106109619,6.86845,6.86845
6.86855,0.00010207224841,9.99374961853027,6.86855,6.86855
6.86865,0.000102087084088,9.99388599395752,6.86865,6.86865
6.86875,0.000102085716208,9.99383926391602,6.86875,6.86875
6.86885,0.000102089856227,9.99403476715088,6.86885,6.86885
6.86895,0.000102100340882,9.9938440322876,6.86895,6.86895
6.86905,0.000119686410471,8.69003772735596,6.86905,6.86905
6.86915,3.5177916288E-05,-0.001232465496287,6.86915,6.86915
6.86925,1.5626312234E-05,-0.001060205628164,6.86925,6.86925
6.86935,1.5269299183E-05,-0.000879994186107,6.86935,6.86935
6.86945,1.5185083612E-05,-0.001012637163512,6.86945,6.86945
6.86955,1.5129863641E-05,-0.00081265240442,6.86955,6.86955
6.86965,1.5162599084E-05,-0.000800478796009,6.86965,6.86965
6.86975,1.5197816538E-05,-0.00066994689405,6.86975,6.86975
6.86985,1.5245879695E-05,-0.000705552869476,6.86985,6.86985
6.86995,1.527952918E-05,-0.000755584274884,6.86995,6.86995
6.87005,3.341875981E-06,1.29255306720734,6.87005,6.87005
6.87015,9.1437264928E-05,9.99410343170166,6.87015,6.87015
6.87025,0.000101780053228,9.99387645721436,6.87025,6.87025
6.87035,0.00010200359975,9.99394130706787,6.87035,6.87035
6.87045,0.000102052159491,9.99399280548096,6.87045,6.87045
6.87055,0.000102086894913,9.99405002593994,6.87055,6.87055
6.87065,0.000102094825706,9.99415874481201,6.87065,6.87065
6.87075,0.000102064412204,9.9940357208252,6.87075,6.87075
6.87085,0.00010206225852,9.99439716339111,6.87085,6.87085
6.87095,0.000102058751509,9.99436664581299,6.87095,6.87095
6.87105,0.000119595664728,8.71077442169189,6.87105,6.87105
6.87115,3.5409568227E-05,-0.000805404502898,6.87115,6.87115
6.87125,1.5639558114E-05,-0.000566084287129,6.87125,6.87125
6.87135,1.5269299183E-05,-0.00074981409125,6.87135,6.87135
6.87145,1.5196945242E-05,-0.000593949866015,6.87145,6.87145
6.87155,1.521550621E-05,-0.000743762531783,6.87155,6.87155
6.87165,1.5209516278E-05,-0.00070323079126,6.87165,6.87165
6.87175,1.5239214918E-05,-0.000919681508094,6.87175,6.87175
6.87185,1.5291601812E-05,-0.000926436798181,6.87185,6.87185
6.87195,1.5339657693E-05,-0.000894560304005,6.87195,6.87195
6.87205,3.32185914E-06,1.27244079113007,6.87205,6.87205
6.87215,9.1263755166E-05,9.99407768249512,6.87215,6.87215
6.87225,0.000101792931673,9.99419212341309,6.87225,6.87225
6.87235,0.000101949844975,9.99393463134766,6.87235,6.87235
6.87245,0.000102015699667,9.99391460418701,6.87245,6.87245
6.87255,0.000102062193037,9.99374961853027,6.87255,6.87255
6.87265,0.000102106831037,9.99389934539795,6.87265,6.87265
6.87275,0.000102096317278,9.99381828308105,6.87275,6.87275
6.87285,0.000102108191641,9.99393939971924,6.87285,6.87285
6.87295,0.000102114194306,9.99399566650391,6.87295,6.87295
6.87305,0.000119587784866,8.73034286499023,6.87305,6.87305
6.87315,3.5600154661E-05,-0.001307125552557,6.87315,6.87315
6.87325,1.5644789528E-05,-0.001353357103653,6.87325,6.87325
6.87335,1.5319752492E-05,-0.001317469635978,6.87335,6.87335
6.87345,1.5180232367E-05,-0.001229158253409,6.87345,6.87345
6.87355,1.5172337044E-05,-0.001102215144783,6.87355,6.87355
6.87365,1.5185653865E-05,-0.000978086609393,6.87365,6.87365
6.87375,1.523276751E-05,-0.000935936463065,6.87375,6.87375
6.87385,1.5277497369E-05,-0.001074490253814,6.87385,6.87385
6.87395,1.5290637748E-05,-0.001041698968038,6.87395,6.87395
6.87405,3.301504648E-06,1.25227415561676,6.87405,6.87405
6.87415,9.1125511972E-05,9.99410438537598,6.87415,6.87415
6.87425,0.000101805548184,9.99410629272461,6.87425,6.87425
6.87435,0.000101999357867,9.99427795410156,6.87435,6.87435
6.87445,0.000102067548141,9.99383735656738,6.87445,6.87445
6.87455,0.000102082842204,9.99358081817627,6.87455,6.87455
6.87465,0.00010205925355,9.99392795562744,6.87465,6.87465
6.87475,0.00010207662126,9.9939546585083,6.87475,6.87475
6.87485,0.000102065059764,9.9938268661499,6.87485,6.87485
6.87495,0.00010208637832,9.99411678314209,6.87495,6.87495
6.87505,0.00011947863095,8.75077724456787,6.87505,6.87505
6.87515,3.5850789573E-05,-0.001207414665259,6.87515,6.87515
6.87525,1.5609824914E-05,-0.000971331319306,6.87525,6.87525
6.87535,1.5197036191E-05,-0.001042824820615,6.87535,6.87535
6.87545,1.5125117898E-05,-0.001010737149045,6.87545,6.87545
6.87555,1.5124899619E-05,-0.000893575139344,6.87555,6.87555
6.87565,1.5121448087E-05,-0.000982027268037,6.87565,6.87565
6.87575,1.5191924831E-05,-0.000769517035224,6.87575,6.87575
6.87585,1.5236620129E-05,-0.000955991214141,6.87585,6.87585
6.87595,1.5270459699E-05,-0.000646232976578,6.87595,6.87595
6.87605,3.285945468E-06,1.23243641853333,6.87605,6.87605
6.87615,9.0896661277E-05,9.99424839019775,6.87615,6.87615
6.87625,0.000101796162198,9.99439525604248,6.87625,6.87625
6.87635,0.000102004647488,9.99418926239014,6.87635,6.87635
6.87645,0.000102026453533,9.99448585510254,6.87645,6.87645
6.87655,0.000102077232441,9.99444007873535,6.87655,6.87655
6.87665,0.000102072415757,9.99456882476807,6.87665,6.87665
6.87675,0.000102062775113,9.9944429397583,6.87675,6.87675
6.87685,0.00010206407751,9.99448776245117,6.87685,6.87685
6.87695,0.000102077327028,9.99422454833984,6.87695,6.87695
6.87705,0.000119458185509,8.77082538604736,6.87705,6.87705
6.87715,3.6052391806E-05,-0.000894278811757,6.87715,6.87715
6.87725,1.5597943275E-05,-0.001115655293688,6.87725,6.87725
6.87735,1.5237892512E-05,-0.001049439422786,6.87735,6.87735
6.87745,1.5145014913E-05,-0.000817367050331,6.87745,6.87745
6.87755,1.5129694475E-05,-0.001205233274959,6.87755,6.87755
6.87765,1.5201992937E-05,-0.001233028480783,6.87765,6.87765
6.87775,1.5175543012E-05,-0.000877109123394,6.87775,6.87775
6.87785,1.5229343262E-05,-0.00077936850721,6.87785,6.87785
6.87795,1.525542757E-05,-0.000864442961756,6.87795,6.87795
6.87805,3.302158575E-06,1.21221148967743,6.87805,6.87805
6.87815,9.0708468633E-05,9.99414825439453,6.87815,6.87815
6.87825,0.000101753852505,9.99395847320557,6.87825,6.87825
6.87835,0.000101984427602,9.99395084381104,6.87835,6.87835
6.87845,0.000102035031887,9.99399757385254,6.87845,6.87845
6.87855,0.00010205370927,9.99424362182617,6.87855,6.87855
6.87865,0.000102070145658,9.99419116973877,6.87865,6.87865
6.87875,0.000102087265986,9.99392795562744,6.87875,6.87875
6.87885,0.000102051562862,9.99383068084717,6.87885,6.87885
6.87895,0.000102047772089,9.99382209777832,6.87895,6.87895
6.87905,0.000119405995065,8.79085159301758,6.87905,6.87905
6.87915,3.6286779505E-05,-0.001084482413717,6.87915,6.87915
6.87925,1.564132981E-05,-0.001057601999491,6.87925,6.87925
6.87935,1.525558946E-05,-0.001073082908988,6.87935,6.87935
6.87945,1.5170972802E-05,-0.001331965322606,6.87945,6.87945
6.87955,1.5179789443E-05,-0.001163786742836,6.87955,6.87955
6.87965,1.5178748981E-05,-0.001030651270412,6.87965,6.87965
6.87975,1.5167521269E-05,-0.001108688884415,6.87975,6.87975
6.87985,1.5243327653E-05,-0.000978438416496,6.87985,6.87985
6.87995,1.5252524463E-05,-0.001103552058339,6.87995,6.87995
6.88005,3.287864729E-06,1.19216680526733,6.88005,6.88005
6.88015,9.0509514848E-05,9.99417495727539,6.88015,6.88015
6.88025,0.000101768178865,9.99421882629395,6.88025,6.88025
6.88035,0.000101994271972,9.99424839019775,6.88035,6.88035
6.88045,0.00010203448619,9.99406337738037,6.88045,6.88045
6.88055,0.000102077559859,9.99399852752686,6.88055,6.88055
6.88065,0.000102069039713,9.99408531188965,6.88065,6.88065
6.88075,0.000102071338915,9.99430370330811,6.88075,6.88075
6.88085,0.000102091071312,9.99413394927979,6.88085,6.88085
6.88095,0.000102089667052,9.99416255950928,6.88095,6.88095
6.88105,0.000119323012768,8.81076526641846,6.88105,6.88105
6.88115,3.6469180486E-05,-0.000638351833913,6.88115,6.88115
6.88125,1.5622115825E-05,-0.000943958351854,6.88125,6.88125
6.88135,1.5266565242E-05,-0.000835170038044,6.88135,6.88135
6.88145,1.5149121282E-05,-0.000728633487597,6.88145,6.88145
6.88155,1.5124899619E-05,-0.001133106416091,6.88155,6.88155
6.88165,1.5154457287E-05,-0.001224443665706,6.88165,6.88165
6.88175,1.5204060219E-05,-0.00114457635209,6.88175,6.88175
6.88185,1.5253859601E-05,-0.001078571542166,6.88185,6.88185
6.88195,1.5278454157E-05,-0.000976608949713,6.88195,6.88195
6.88205,3.31194542E-06,1.17267978191376,6.88205,6.88205
6.88215,9.0334644483E-05,9.99425411224365,6.88215,6.88215
6.88225,0.000101811805507,9.99435615539551,6.88225,6.88225
6.88235,0.000102047371911,9.99424934387207,6.88235,6.88235
6.88245,0.000102060781501,9.9942626953125,6.88245,6.88245
6.88255,0.00010206848674,9.99414539337158,6.88255,6.88255
6.88265,0.000102047670225,9.99389553070068,6.88265,6.88265
6.88275,0.000102104204416,9.99377059936523,6.88275,6.88275
6.88285,0.000102087644336,9.99375152587891,6.88285,6.88285
6.88295,0.000102094920294,9.99369621276855,6.88295,6.88295
6.88305,0.00011928150343,8.83005714416504,6.88305,6.88305
6.88315,3.6670244299E-05,-0.00137101940345,6.88315,6.88315
6.88325,1.5599469407E-05,-0.001357930945233,6.88325,6.88325
6.88335,1.5211794562E-05,-0.001131628756411,6.88335,6.88335
6.88345,1.5143672499E-05,-0.001206710934639,6.88345,6.88345
6.88355,1.511719438E-05,-0.001103833550587,6.88355,6.88355
6.88365,1.5152362721E-05,-0.000992652727291,6.88365,6.88365
6.88375,1.5197606444E-05,-0.000811245059595,6.88375,6.88375
6.88385,1.5231058569E-05,-0.000907437584829,6.88385,6.88385
6.88395,1.5276886188E-05,-0.000744536577258,6.88395,6.88395
6.88405,3.3251074E-06,1.15286064147949,6.88405,6.88405
6.88415,9.0169480245E-05,9.99383163452148,6.88415,6.88415
6.88425,0.000101797129901,9.99407196044922,6.88425,6.88425
6.88435,0.000102033169242,9.99384784698486,6.88435,6.88435
6.88445,0.000102079597127,9.99389743804932,6.88445,6.88445
6.88455,0.000102113350295,9.9937629699707,6.88455,6.88455
6.88465,0.000102103011159,9.99387550354004,6.88465,6.88465
6.88475,0.000102109472209,9.99384593963623,6.88475,6.88475
6.88485,0.000102113903267,9.99385166168213,6.88485,6.88485
6.88495,0.000102131685708,9.99397373199463,6.88495,6.88495
6.88505,0.000119238829939,8.85063934326172,6.88505,6.88505
6.88515,3.6947232729E-05,-0.001054365071468,6.88515,6.88515
6.88525,1.5634917872E-05,-0.001132332370616,6.88525,6.88525
6.88535,1.5285295376E-05,-0.000895545410458,6.88535,6.88535
6.88545,1.5216181964E-05,-0.000653269758914,6.88545,6.88545
6.88555,1.5188711586E-05,-0.000982941943221,6.88555,6.88555
6.88565,1.5206915123E-05,-0.000770783692133,6.88565,6.88565
6.88575,1.5238195374E-05,-0.000716459879186,6.88575,6.88575
6.88585,1.5283445464E-05,-0.00091799267102,6.88585,6.88585
6.88595,1.5297036953E-05,-0.001110870274715,6.88595,6.88595
6.88605,3.375996585E-06,1.13228142261505,6.88605,6.88605
6.88615,9.0000197815E-05,9.99394035339355,6.88615,6.88615
6.88625,0.000101799872937,9.9939079284668,6.88625,6.88625
6.88635,0.000102020218037,9.99392509460449,6.88635,6.88635
6.88645,0.000102061858342,9.99411869049072,6.88645,6.88645
6.88655,0.00010208949243,9.99424076080322,6.88655,6.88655
6.88665,0.000102093472378,9.9940767288208,6.88665,6.88665
6.88675,0.000102100078948,9.99399566650391,6.88675,6.88675
6.88685,0.000102066631371,9.99374771118164,6.88685,6.88685
6.88695,0.000102122590761,9.99370670318604,6.88695,6.88695
6.88705,0.000119181313494,8.87002944946289,6.88705,6.88705
6.88715,3.7219881051E-05,-0.001252379617654,6.88715,6.88715
6.88725,1.5665742467E-05,-0.001094052451663,6.88725,6.88725
6.88735,1.5293302567E-05,-0.000963661295827,6.88735,6.88735
6.88745,1.5205107957E-05,-0.000774372427259,6.88745,6.88745
6.88755,1.5184823496E-05,-0.000865568814334,6.88755,6.88755
6.88765,1.5201310816E-05,-0.000881753396243,6.88765,6.88765
6.88775,1.5232099031E-05,-0.001045498764142,6.88775,6.88775
6.88785,1.5237372281E-05,-0.000843895599246,6.88785,6.88785
6.88795,1.5261552107E-05,-0.000922425882891,6.88795,6.88795
6.88805,3.384377351E-06,1.1126389503479,6.88805,6.88805
6.88815,8.9832894446E-05,9.99355888366699,6.88815,6.88815
6.88825,0.000101797799289,9.99373054504395,6.88825,6.88825
6.88835,0.000102056546893,9.99390029907227,6.88835,6.88835
6.88845,0.000102105135738,9.99349784851074,6.88845,6.88845
6.88855,0.000102138241346,9.99358177185059,6.88855,6.88855
6.88865,0.000102144062112,9.99381446838379,6.88865,6.88865
6.88875,0.000102131445601,9.99423599243164,6.88875,6.88875
6.88885,0.000102133119071,9.99381732940674,6.88885,6.88885
6.88895,0.000102109683212,9.99362277984619,6.88895,6.88895
6.88905,0.000119120908494,8.89010524749756,6.88905,6.88905
6.88915,3.7455669371E-05,-0.001171175390482,6.88915,6.88915
6.88925,1.5643194274E-05,-0.000904693210032,6.88925,6.88925
6.88935,1.5205403542E-05,-0.000887593894731,6.88935,6.88935
6.88945,1.5130440261E-05,-0.001070197788067,6.88945,6.88945
6.88955,1.513217012E-05,-0.000942551007029,6.88955,6.88955
6.88965,1.5155041183E-05,-0.001056124339812,6.88965,6.88965
6.88975,1.5147166778E-05,-0.00093417725293,6.88975,6.88975
6.88985,1.5171500308E-05,-0.000740455230698,6.88985,6.88985
6.88995,1.5206212083E-05,-0.000731799984351,6.88995,6.88995
6.89005,3.336947202E-06,1.09247410297394,6.89005,6.89005
6.89015,8.9596258476E-05,9.99390029907227,6.89015,6.89015
6.89025,0.000101828241895,9.99390316009521,6.89025,6.89025
6.89035,0.000102045421954,9.99388790130615,6.89035,6.89035
6.89045,0.000102087375126,9.99398994445801,6.89045,6.89045
6.89055,0.000102118188806,9.99415588378906,6.89055,6.89055
6.89065,0.000102135287307,9.99390697479248,6.89065,6.89065
6.89075,0.000102089587017,9.99379825592041,6.89075,6.89075
6.89085,0.000102081365185,9.99391937255859,6.89085,6.89085
6.89095,0.000102114463516,9.99394702911377,6.89095,6.89095
6.89105,0.000119026932225,8.91040706634521,6.89105,6.89105
6.89115,3.7713369238E-05,-0.000974357128143,6.89115,6.89115
6.89125,1.5634539523E-05,-0.000931925489567,6.89125,6.89125
6.89135,1.5264919057E-05,-0.000751010375097,6.89135,6.89135
6.89145,1.5144692043E-05,-0.000787812634371,6.89145,6.89145
6.89155,1.5151708794E-05,-0.00061118992744,6.89155,6.89155
6.89165,1.5147722479E-05,-0.001039376831613,6.89165,6.89165
6.89175,1.5186406017E-05,-0.000724129960872,6.89175,6.89175
6.89185,1.5214585801E-05,-0.000599016319029,6.89185,6.89185
6.89195,1.5258437088E-05,-0.000800338049885,6.89195,6.89195
6.89205,3.422709597E-06,1.07275974750519,6.89205,6.89205
6.89215,8.9401743026E-05,9.99405384063721,6.89215,6.89215
6.89225,0.00010181194375,9.9939022064209,6.89225,6.89225
6.89235,0.000102024881926,9.99389743804932,6.89235,6.89235
6.89245,0.000102078534837,9.99388122558594,6.89245,6.89245
6.89255,0.000102078178315,9.99389934539795,6.89255,6.89255
6.89265,0.000102083955426,9.99374866485596,6.89265,6.89265
6.89275,0.000102077763586,9.99385833740234,6.89275,6.89275
6.89285,0.000102121492091,9.99387836456299,6.89285,6.89285
6.89295,0.000102088160929,9.99339389801025,6.89295,6.89295
6.89305,0.000118888012366,8.93033504486084,6.89305,6.89305
6.89315,3.7912061089E-05,-0.001135428552516,6.89315,6.89315
6.89325,1.5588128008E-05,-0.000987234408967,6.89325,6.89325
6.89335,1.5214009181E-05,-0.000808078504633,6.89335,6.89335
6.89345,1.512892868E-05,-0.000975060800556,6.89345,6.89345
6.89355,1.5119648197E-05,-0.000945295323618,6.89355,6.89355
6.89365,1.5113840163E-05,-0.000801815767772,6.89365,6.89365
6.89375,1.5140361029E-05,-0.000824826012831,6.89375,6.89375
6.89385,1.5161375813E-05,-0.000717093178537,6.89385,6.89385
6.89395,1.5226552023E-05,-0.000813778256997,6.89395,6.89395
6.89405,3.40968154E-06,1.05276501178741,6.89405,6.89405
6.89415,8.9173459855E-05,9.9940185546875,6.89415,6.89415
6.89425,0.000101798672404,9.99392604827881,6.89425,6.89425
6.89435,0.000102014113509,9.99399662017822,6.89435,6.89435
6.89445,0.000102088510175,9.9941463470459,6.89445,6.89445
6.89455,0.000102087680716,9.99443817138672,6.89455,6.89455
6.89465,0.000102119432995,9.99414539337158,6.89465,6.89465
6.89475,0.000102088597487,9.99428272247314,6.89475,6.89475
6.89485,0.000102097685158,9.99413585662842,6.89485,6.89485
6.89495,0.000102134545159,9.9943265914917,6.89495,6.89495
6.89505,0.000118845993711,8.95065402984619,6.89505,6.89505
6.89515,3.8127622247E-05,-0.000977594056167,6.89515,6.89515
6.89525,1.5603533029E-05,-0.001155342673883,6.89525,6.89525
6.89535,1.5208855075E-05,-0.00094128435012,6.89535,6.89535
6.89545,1.5091847672E-05,-0.000722652242985,6.89545,6.89545
6.89555,1.5060616533E-05,-0.000669524655677,6.89555,6.89555
6.89565,1.5080247067E-05,-0.000730040832423,6.89565,6.89565
6.89575,1.5094195987E-05,-0.000690283137374,6.89575,6.89575
6.89585,1.5110254935E-05,-0.000577976403292,6.89585,6.89585
6.89595,1.5189140868E-05,-0.000672269030474,6.89595,6.89595
6.89605,3.438219665E-06,1.03270280361176,6.89605,6.89605
6.89615,8.8982458692E-05,9.99432563781738,6.89615,6.89615
6.89625,0.000101826808532,9.99450397491455,6.89625,6.89625
6.89635,0.000102032252471,9.9942798614502,6.89635,6.89635
6.89645,0.000102064434031,9.99440383911133,6.89645,6.89645
6.89655,0.000102087236883,9.99461364746094,6.89655,6.89655
6.89665,0.00010210590699,9.99441814422607,6.89665,6.89665
6.89675,0.000102103826066,9.99444770812988,6.89675,6.89675
6.89685,0.000102108540887,9.99440956115723,6.89685,6.89685
6.89695,0.000102100078948,9.99458694458008,6.89695,6.89695
6.89705,0.000118744399515,8.97076320648193,6.89705,6.89705
6.89715,3.8338919694E-05,-0.000517460284755,6.89715,6.89715
6.89725,1.5524266928E-05,-0.000319586572004,6.89725,6.89725
6.89735,1.5154822904E-05,-0.000453073909739,6.89735,6.89735
6.89745,1.5083776816E-05,-0.000427811959526,6.89745,6.89745
6.89755,1.5090202396E-05,-0.000343441177392,6.89755,6.89755
6.89765,1.5120709577E-05,-0.00036124419421,6.89765,6.89765
6.89775,1.5126060134E-05,-0.000748547492549,6.89775,6.89775
6.89785,1.5191474631E-05,-0.000790345831774,6.89785,6.89785
6.89795,1.5174896362E-05,-0.000623715342954,6.89795,6.89795
6.89805,3.428517175E-06,1.01278364658356,6.89805,6.89805
6.89815,8.8756503828E-05,9.99378967285156,6.89815,6.89815
6.89825,0.000101796307717,9.99373340606689,6.89825,6.89825
6.89835,0.000102012789284,9.99409103393555,6.89835,6.89835
6.89845,0.000102080775832,9.99416351318359,6.89845,6.89845
6.89855,0.000102079196949,9.99429512023926,6.89855,6.89855
6.89865,0.000102073863673,9.99395561218262,6.89865,6.89865
6.89875,0.000102079327917,9.99395751953125,6.89875,6.89875
6.89885,0.000102114427136,9.9937801361084,6.89885,6.89885
6.89895,0.000102133359178,9.99386501312256,6.89895,6.89895
6.89905,0.000118682793982,8.99054908752441,6.89905,6.89905
6.89915,3.8567064621E-05,-0.000775076099671,6.89915,6.89915
6.89925,1.5544093912E-05,-0.000694575544912,6.89925,6.89925
6.89935,1.5181202798E-05,-0.000626459717751,6.89935,6.89935
6.89945,1.5071402231E-05,-0.00082503707381,6.89945,6.89945
6.89955,1.5060293663E-05,-0.000958876276854,6.89955,6.89955
6.89965,1.505930868E-05,-0.00081110431347,6.89965,6.89965
6.89975,1.5094273294E-05,-0.000759947055485,6.89975,6.89975
6.89985,1.5137688933E-05,-0.000568476796616,6.89985,6.89985
6.89995,1.5210767742E-05,-0.000538359454367,6.89995,6.89995
6.90005,3.450207259E-06,0.993253350257873,6.90005,6.90005
6.90015,8.8535445684E-05,9.99487686157227,6.90015,6.90015
6.90025,0.000101785495644,9.9949197769165,6.90025,6.90025
6.90035,0.000102014128061,9.99479961395264,6.90035,6.90035
6.90045,0.000102058984339,9.99435710906982,6.90045,6.90045
6.90055,0.000102064979728,9.99410820007324,6.90055,6.90055
6.90065,0.000102075544419,9.99454879760742,6.90065,6.90065
6.90075,0.000102120968222,9.9941349029541,6.90075,6.90075
6.90085,0.000102103294921,9.99412059783936,6.90085,6.90085
6.90095,0.000102096346382,9.99437236785889,6.90095,6.90095
6.90105,0.000118578900583,9.01077461242676,6.90105,6.90105
6.90115,3.8848276745E-05,-0.000832003483083,6.90115,6.90115
6.90125,1.5579809769E-05,-0.000800338049885,6.90125,6.90125
6.90135,1.5205986529E-05,-0.001040080445819,6.90135,6.90135
6.90145,1.5078306205E-05,-0.000904763583094,6.90145,6.90145
6.90155,1.5037358935E-05,-0.000908985617571,6.90155,6.90155
6.90165,1.5037555386E-05,-0.000827148091048,6.90165,6.90165
6.90175,1.5082475329E-05,-0.000930025533307,6.90175,6.90175
6.90185,1.5086202438E-05,-0.000728914921638,6.90185,6.90185
6.90195,1.5144079953E-05,-0.000767194898799,6.90195,6.90195
6.90205,3.489896471E-06,0.97274124622345,6.90205,6.90205
6.90215,8.8333639724E-05,9.99435901641846,6.90215,6.90215
6.90225,0.000101791796624,9.994215965271,6.90225,6.90225
6.90235,0.000101987432572,9.99405193328857,6.90235,6.90235
6.90245,0.000102071375295,9.99398422241211,6.90245,6.90245
6.90255,0.000102088066342,9.99425029754639,6.90255,6.90255
6.90265,0.000102092184534,9.99429798126221,6.90265,6.90265
6.90275,0.000102093690657,9.99434089660645,6.90275,6.90275
6.90285,0.000102114914625,9.9941463470459,6.90285,6.90285
6.90295,0.000102138386865,9.99421501159668,6.90295,6.90295
6.90305,0.000118473602924,9.03069877624512,6.90305,6.90305
6.90315,3.9097871195E-05,-0.00083439599257,6.90315,6.90315
6.90325,1.553524271E-05,-0.00091954076197,6.90325,6.90325
6.90335,1.5157474081E-05,-0.000614004617091,6.90335,6.90335
6.90345,1.5052587514E-05,-0.000852339726407,6.90345,6.90345
6.90355,1.5081083802E-05,-0.000748406746425,6.90355,6.90355
6.90365,1.5058591998E-05,-0.00063356681494,6.90365,6.90365
6.90375,1.5079212972E-05,-0.000704145524651,6.90375,6.90375
6.90385,1.5137415176E-05,-0.000477913679788,6.90385,6.90385
6.90395,1.5182314201E-05,-0.000894278811757,6.90395,6.90395
6.90405,3.564585313E-06,0.952711403369903,6.90405,6.90405
6.90415,8.8085413154E-05,9.99445247650146,6.90415,6.90415
6.90425,0.000101796205854,9.99463558197021,6.90425,6.90425
6.90435,0.000102021469502,9.99426078796387,6.90435,6.90435
6.90445,0.00010206468869,9.99442291259766,6.90445,6.90445
6.90455,0.000102090227301,9.99424266815186,6.90455,6.90455
6.90465,0.000102123842225,9.99405670166016,6.90465,6.90465
6.90475,0.000102143720142,9.99422359466553,6.90475,6.90475
6.90485,0.000102130514279,9.99436283111572,6.90485,6.90485
6.90495,0.000102149351733,9.99407768249512,6.90495,6.90495
6.90505,0.000118437448691,9.05047035217285,6.90505,6.90505
6.90515,3.9430327888E-05,-0.000762691372074,6.90515,6.90515
6.90525,1.5610001356E-05,-0.000534629973117,6.90525,6.90525
6.90535,1.5190722479E-05,-0.000577272730879,6.90535,6.90535
6.90545,1.5064082618E-05,-0.000845091883093,6.90545,6.90545
6.90555,1.5052615709E-05,-0.0006938718725,6.90555,6.90555
6.90565,1.5065348634E-05,-0.000971683184616,6.90565,6.90565
6.90575,1.5136767615E-05,-0.000942480633967,6.90575,6.90575
6.90585,1.5165510376E-05,-0.000810259894934,6.90585,6.90585
6.90595,1.5160299881E-05,-0.000752699212171,6.90595,6.90595
6.90605,3.595457883E-06,0.932435214519501,6.90605,6.90605
6.90615,8.7876927864E-05,9.99388217926025,6.90615,6.90615
6.90625,0.000101777681266,9.99393272399902,6.90625,6.90625
6.90635,0.000101987374364,9.9937572479248,6.90635,6.90635
6.90645,0.000102053912997,9.99397659301758,6.90645,6.90645
6.90655,0.000102054102172,9.99387168884277,6.90655,6.90655
6.90665,0.00010210146138,9.9937686920166,6.90665,6.90665
6.90675,0.000102135549241,9.99368858337402,6.90675,6.90675
6.90685,0.000102138626971,9.99364376068115,6.90685,6.90685
6.90695,0.000102090081782,9.99399566650391,6.90695,6.90695
6.90705,0.000118294425192,9.07063484191895,6.90705,6.90705
6.90715,3.9623850171E-05,-0.000759032263886,6.90715,6.90715
6.90725,1.5529250959E-05,-0.000728703860659,6.90725,6.90725
6.90735,1.51344193E-05,-0.001018266542815,6.90735,6.90735
6.90745,1.5078728211E-05,-0.000854872982018,6.90745,6.90745
6.90755,1.5061896192E-05,-0.000602323620114,6.90755,6.90755
6.90765,1.5076794625E-05,-0.000566576898564,6.90765,6.90765
6.90775,1.506037097E-05,-0.000500009104144,6.90775,6.90775
6.90785,1.5103455553E-05,-0.000795482716057,6.90785,6.90785
6.90795,1.5127198822E-05,-0.00092517019948,6.90795,6.90795
6.90805,3.624439159E-06,0.912777066230774,6.90805,6.90805
6.90815,8.7655040261E-05,9.99404048919678,6.90815,6.90815
6.90825,0.000101794357761,9.99422550201416,6.90825,6.90825
6.90835,0.000102018624602,9.99427223205566,6.90835,6.90835
6.90845,0.000102057383629,9.99454307556152,6.90845,6.90845
6.90855,0.000102095618786,9.9944543838501,6.90855,6.90855
6.90865,0.00010210002074,9.99435138702393,6.90865,6.90865
6.90875,0.000102114041511,9.99444198608398,6.90875,6.90875
6.90885,0.000102099205833,9.99434471130371,6.90885,6.90885
6.90895,0.000102131518361,9.99420738220215,6.90895,6.90895
6.90905,0.000118225463666,9.09040641784668,6.90905,6.90905
6.90915,3.9894370275E-05,-0.00096183171263,6.90915,6.90915
6.90925,1.5535608327E-05,-0.000937625241932,6.90925,6.90925
6.90935,1.5181125491E-05,-0.000841010536533,6.90935,6.90935
6.90945,1.5068477296E-05,-0.00075699161971,6.90945,6.90945
6.90955,1.5022530533E-05,-0.000821518711746,6.90955,6.90955
6.90965,1.507791967E-05,-0.000598242273554,6.90965,6.90965
6.90975,1.5092122339E-05,-0.000829259166494,6.90975,6.90975
6.90985,1.5117573639E-05,-0.000725326186512,6.90985,6.90985
6.90995,1.5134462046E-05,-0.00055742909899,6.90995,6.90995
6.91005,3.713288152E-06,0.892534673213959,6.91005,6.91005
6.91015,8.7439962954E-05,9.99389362335205,6.91015,6.91015
6.91025,0.00010179891251,9.99431705474854,6.91025,6.91025
6.91035,0.000102018508187,9.994140625,6.91035,6.91035
6.91045,0.000102081714431,9.99395370483398,6.91045,6.91045
6.91055,0.000102076613985,9.99414157867432,6.91055,6.91055
6.91065,0.000102119200164,9.99395561218262,6.91065,6.91065
6.91075,0.000102126032289,9.99401473999023,6.91075,6.91075
6.91085,0.000102127429273,9.99421882629395,6.91085,6.91085
6.91095,0.000102122983662,9.99441623687744,6.91095,6.91095
6.91105,0.00011808189447,9.11073875427246,6.91105,6.91105
6.91115,4.0116461605E-05,-0.000799775123596,6.91115,6.91115
6.91125,1.5510353478E-05,-0.000677687348798,6.91125,6.91125
6.91135,1.510950915E-05,-0.000743340293411,6.91135,6.91135
6.91145,1.5023240849E-05,-0.000753613945562,6.91145,6.91145
6.91155,1.5019675629E-05,-0.000526608084328,6.91155,6.91155
6.91165,1.5053094103E-05,-0.00067022832809,6.91165,6.91165
6.91175,1.5041780898E-05,-0.000795623403974,6.91175,6.91175
6.91185,1.5066164451E-05,-0.000700064236298,6.91185,6.91185
6.91195,1.5112202163E-05,-0.000602393993177,6.91195,6.91195
6.91205,3.728081083E-06,0.873240411281586,6.91205,6.91205
6.91215,8.7176347733E-05,9.9944372177124,6.91215,6.91215
6.91225,0.00010180476238,9.99444389343262,6.91225,6.91225
6.91235,0.000102002559288,9.9943733215332,6.91235,6.91235
6.91245,0.000102036705357,9.99452209472656,6.91245,6.91245
6.91255,0.000102073870949,9.99456119537354,6.91255,6.91255
6.91265,0.000102111262095,9.99442100524902,6.91265,6.91265
6.91275,0.000102097241324,9.99461936950684,6.91275,6.91275
6.91285,0.00010211897461,9.99461650848389,6.91285,6.91285
6.91295,0.000102121841337,9.99464893341064,6.91295,6.91295
6.91305,0.000117987576232,9.13076400756836,6.91305,6.91305
6.91315,4.0401093429E-05,-0.000695490336511,6.91315,6.91315
6.91325,1.5544930648E-05,-0.000759665563237,6.91325,6.91325
6.91335,1.5154457287E-05,-0.000936569762416,6.91335,6.91335
6.91345,1.5054879441E-05,-0.000756710127462,6.91345,6.91345
6.91355,1.5042990526E-05,-0.001066186930984,6.91355,6.91355
6.91365,1.5079417608E-05,-0.000900189683307,6.91365,6.91365
6.91375,1.5076436284E-05,-0.000825177819934,6.91375,6.91375
6.91385,1.5091812202E-05,-0.000517601030879,6.91385,6.91385
6.91395,1.5140325559E-05,-0.000701753015164,6.91395,6.91395
6.91405,3.83537872E-06,0.852777719497681,6.91405,6.91405
6.91415,8.695552242E-05,9.99438381195068,6.91415,6.91415
6.91425,0.000101779180113,9.99435329437256,6.91425,6.91425
6.91435,0.000101993588032,9.99427604675293,6.91435,6.91435
6.91445,0.000102098558273,9.99423503875732,6.91445,6.91445
6.91455,0.000102095007605,9.99436283111572,6.91455,6.91455
6.91465,0.000102119294752,9.99436569213867,6.91465,6.91465
6.91475,0.000102106350823,9.99459362030029,6.91475,6.91475
6.91485,0.000102077705378,9.99464797973633,6.91485,6.91485
6.91495,0.000102078418422,9.9946813583374,6.91495,6.91495
6.91505,0.000117846066132,9.15067195892334,6.91505,6.91505
6.91515,4.0672013711E-05,-0.000630611379165,6.91515,6.91515
6.91525,1.5470290236E-05,-0.000806671159808,6.91525,6.91525
6.91535,1.5065784282E-05,-0.000675928138662,6.91535,6.91535
6.91545,1.5002394321E-05,-0.000419508578489,6.91545,6.91545
6.91555,1.4990631826E-05,-0.000373277056497,6.91555,6.91555
6.91565,1.5003455701E-05,-0.000517108419444,6.91565,6.91565
6.91575,1.5057143173E-05,-0.000350055750459,6.91575,6.91575
6.91585,1.5061375962E-05,-0.000628922542091,6.91585,6.91585
6.91595,1.5091447494E-05,-0.00046306612785,6.91595,6.91595
6.91605,3.829515208E-06,0.833337426185608,6.91605,6.91605
6.91615,8.6691485194E-05,9.99463176727295,6.91615,6.91615
6.91625,0.000101770856418,9.99483394622803,6.91625,6.91625
6.91635,0.000102020720078,9.99451732635498,6.91635,6.91635
6.91645,0.000102070189314,9.99453926086426,6.91645,6.91645
6.91655,0.00010214150825,9.99457168579102,6.91655,6.91655
6.91665,0.000102118465293,9.99448490142822,6.91665,6.91665
6.91675,0.00010212957568,9.99441909790039,6.91675,6.91675
6.91685,0.000102134254121,9.99452495574951,6.91685,6.91685
6.91695,0.000102145597339,9.99446773529053,6.91695,6.91695
6.91705,0.000117773735838,9.17088222503662,6.91705,6.91705
6.91715,4.0945891669E-05,-0.000784786825534,6.91715,6.91715
6.91725,1.5480618458E-05,-0.000689790525939,6.91725,6.91725
6.91735,1.5101592908E-05,-0.000385943218134,6.91735,6.91735
6.91745,1.4969306903E-05,-0.000289469229756,6.91745,6.91745
6.91755,1.494929711E-05,-0.000321416126098,6.91755,6.91755
6.91765,1.4999863197E-05,-0.000610275135841,6.91765,6.91765
6.91775,1.5033280761E-05,-0.000649540277664,6.91775,6.91775
6.91785,1.5076274394E-05,-0.000508945784532,6.91785,6.91785
6.91795,1.5120660464E-05,-0.000438578194007,6.91795,6.91795
6.91805,3.978506356E-06,0.81345671415329,6.91805,6.91805
6.91815,8.6450148956E-05,9.99458885192871,6.91815,6.91815
6.91825,0.000101786987216,9.99471187591553,6.91825,6.91825
6.91835,0.000102005426015,9.99455261230469,6.91835,6.91835
6.91845,0.000102067548141,9.99458980560303,6.91845,6.91845
6.91855,0.000102083431557,9.99456691741943,6.91855,6.91855
6.91865,0.000102111422166,9.99446487426758,6.91865,6.91865
6.91875,0.000102097103081,9.99422073364258,6.91875,6.91875
6.91885,0.000102091718873,9.99436664581299,6.91885,6.91885
6.91895,0.000102128127764,9.99454212188721,6.91895,6.91895
6.91905,0.000117607181892,9.19100379943848,6.91905,6.91905
6.91915,4.1232822696E-05,-0.000550533062778,6.91915,6.91915
6.91925,1.5508650904E-05,-0.000831088691484,6.91925,6.91925
6.91935,1.5135720787E-05,-0.000508664350491,6.91935,6.91935
6.91945,1.5005867681E-05,-0.000472987943795,6.91945,6.91945
6.91955,1.4998372535E-05,-0.000380736018997,6.91955,6.91955
6.91965,1.500678809E-05,-0.000433019158663,6.91965,6.91965
6.91975,1.5039179743E-05,-0.000780986971222,6.91975,6.91975
6.91985,1.5020639694E-05,-0.000615060154814,6.91985,6.91985
6.91995,1.5057888959E-05,-0.00044287063065,6.91995,6.91995
6.92005,3.993193786E-06,0.793426811695099,6.92005,6.92005
6.92015,8.6185966211E-05,9.99492740631104,6.92015,6.92015
6.92025,0.000101755482319,9.9950008392334,6.92025,6.92025
6.92035,0.000102006822999,9.99498176574707,6.92035,6.92035
6.92045,0.000102084704849,9.99471282958984,6.92045,6.92045
6.92055,0.000102128491562,9.99447154998779,6.92055,6.92055
6.92065,0.000102113903267,9.99454689025879,6.92065,6.92065
6.92075,0.000102098456409,9.99449920654297,6.92075,6.92075
6.92085,0.000102110170701,9.99450206756592,6.92085,6.92085
6.92095,0.000102119811345,9.99446773529053,6.92095,6.92095
6.92105,0.000117473500723,9.2106761932373,6.92105,6.92105
6.92115,4.1517359932E-05,-0.001092645106837,6.92115,6.92115
6.92125,1.544614679E-05,-0.000882668187842,6.92125,6.92125
6.92135,1.5063245883E-05,-0.000819618813694,6.92135,6.92135
6.92145,1.4954704056E-05,-0.000564465823118,6.92145,6.92145
6.92155,1.4944389477E-05,-0.000829470227472,6.92155,6.92155
6.92165,1.499139762E-05,-0.000798578897957,6.92165,6.92165
6.92175,1.501360839E-05,-0.001044372911565,6.92175,6.92175
6.92185,1.5067176719E-05,-0.000979564385489,6.92185,6.92185
6.92195,1.5095370145E-05,-0.001232184120454,6.92195,6.92195
6.92205,4.051212272E-06,0.772725641727447,6.92205,6.92205
6.92215,8.5911866336E-05,9.99422550201416,6.92215,6.92215
6.92225,0.000101748730231,9.99416923522949,6.92225,6.92225
6.92235,0.000102003752545,9.99427795410156,6.92235,6.92235
6.92245,0.000102058140328,9.99432468414307,6.92245,6.92245
6.92255,0.00010208391177,9.99419021606445,6.92255,6.92255
6.92265,0.000102101505036,9.99410533905029,6.92265,6.92265
6.92275,0.00010205237777,9.99418544769287,6.92275,6.92275
6.92285,0.000102070676803,9.99399662017822,6.92285,6.92285
6.92295,0.000102100726508,9.99398803710938,6.92295,6.92295
6.92305,0.000117345698527,9.23039531707764,6.92305,6.92305
6.92315,4.1868657718E-05,-0.000921792525332,6.92315,6.92315
6.92325,1.5539642845E-05,-0.001073927269317,6.92325,6.92325
6.92335,1.5118839656E-05,-0.000876616570167,6.92335,6.92335
6.92345,1.5003434783E-05,-0.000625967106316,6.92345,6.92345
6.92355,1.4992733668E-05,-0.00059592013713,6.92355,6.92355
6.92365,1.4987017494E-05,-0.000379117554985,6.92365,6.92365
6.92375,1.5010366951E-05,-0.000662910111714,6.92375,6.92375
6.92385,1.5021201762E-05,-0.000750025210436,6.92385,6.92385
6.92395,1.5070550944E-05,-0.000554262544028,6.92395,6.92395
6.92405,4.158693173E-06,0.753228068351746,6.92405,6.92405
6.92415,8.5683794168E-05,9.99452209472656,6.92415,6.92415
6.92425,0.000101777717646,9.99437618255615,6.92425,6.92425
6.92435,0.00010200831457,9.99412250518799,6.92435,6.92435
6.92445,0.000102088160929,9.99398899078369,6.92445,6.92445
6.92455,0.000102097372292,9.9938440322876,6.92455,6.92455
6.92465,0.000102095444163,9.99385643005371,6.92465,6.92465
6.92475,0.000102097852505,9.99410438537598,6.92475,6.92475
6.92485,0.000102068188426,9.99393844604492,6.92485,6.92485
6.92495,0.000102096579212,9.99392890930176,6.92495,6.92495
6.92505,0.00011717354937,9.2505350112915,6.92505,6.92505
6.92515,4.2154715629E-05,-0.000687116582412,6.92515,6.92515
6.92525,1.5506344425E-05,-0.000714278488886,6.92525,6.92525
6.92535,1.5082989194E-05,-0.000826303730719,6.92535,6.92535
6.92545,1.4953066056E-05,-0.000912011426408,6.92545,6.92545
6.92555,1.4974924852E-05,-0.000759876682423,6.92555,6.92555
6.92565,1.499750033E-05,-0.00062019698089,6.92565,6.92565
6.92575,1.5013418306E-05,-0.000611893599853,6.92575,6.92575
6.92585,1.5025033463E-05,-0.000532870762981,6.92585,6.92585
6.92595,1.505574437E-05,-0.000288765557343,6.92595,6.92595
6.92605,4.231378171E-06,0.733224272727966,6.92605,6.92605
6.92615,8.5396575741E-05,9.99450874328613,6.92615,6.92615
6.92625,0.000101752077171,9.99449157714844,6.92625,6.92625
6.92635,0.000101984485809,9.9944896697998,6.92635,6.92635
6.92645,0.000102052530565,9.99442291259766,6.92645,6.92645
6.92655,0.000102082172816,9.99465274810791,6.92655,6.92655
6.92665,0.000102070407593,9.99464130401611,6.92665,6.92665
6.92675,0.000102069490822,9.99477767944336,6.92675,6.92675
6.92685,0.000102074765891,9.99476337432861,6.92685,6.92685
6.92695,0.000102091922599,9.99457740783691,6.92695,6.92695
6.92705,0.000117042756756,9.27107334136963,6.92705,6.92705
6.92715,4.2465599108E-05,-0.000342596787959,6.92715,6.92715
6.92725,1.5510458979E-05,-0.000340837577824,6.92725,6.92725
6.92735,1.5095622985E-05,-0.000331408344209,6.92735,6.92735
6.92745,1.4978911167E-05,-0.000368984619854,6.92745,6.92745
6.92755,1.494083881E-05,-0.000361666403478,6.92755,6.92755
6.92765,1.4968456526E-05,-0.000425067613833,6.92765,6.92765
6.92775,1.4984282643E-05,-0.000475310080219,6.92775,6.92775
6.92785,1.4991545868E-05,-0.000402409234084,6.92785,6.92785
6.92795,1.5047862689E-05,-0.000289187766612,6.92795,6.92795
6.92805,4.293165148E-06,0.713441967964172,6.92805,6.92805
6.92815,8.5097744886E-05,9.99466323852539,6.92815,6.92815
6.92825,0.000101749988971,9.99464130401611,6.92825,6.92825
6.92835,0.000101994788565,9.99453163146973,6.92835,6.92835
6.92845,0.00010205466242,9.99477863311768,6.92845,6.92845
6.92855,0.000102082623926,9.99458980560303,6.92855,6.92855
6.92865,0.000102074351162,9.99463272094727,6.92865,6.92865
6.92875,0.000102093334135,9.99462413787842,6.92875,6.92875
6.92885,0.000102091100416,9.99491310119629,6.92885,6.92885
6.92895,0.000102076257463,9.99483108520508,6.92895,6.92895
6.92905,0.000116909730423,9.29095649719238,6.92905,6.92905
6.92915,4.2811025196E-05,-0.000518304703292,6.92915,6.92915
6.92925,1.5481948139E-05,-0.000639618432615,6.92925,6.92925
6.92935,1.5057902601E-05,-0.000665654486511,6.92935,6.92935
6.92945,1.4987439499E-05,-0.000767054210883,6.92945,6.92945
6.92955,1.4962704881E-05,-0.000462432799395,6.92955,6.92955
6.92965,1.4975402337E-05,-0.00068486481905,6.92965,6.92965
6.92975,1.5036212972E-05,-0.000654043804388,6.92975,6.92975
6.92985,1.50536207E-05,-0.000630189199001,6.92985,6.92985
6.92995,1.5091271052E-05,-0.00056333997054,6.92995,6.92995
6.93005,4.432594324E-06,0.692840754985809,6.93005,6.93005
6.93015,8.4857099864E-05,9.99466514587402,6.93015,6.93015
6.93025,0.000101776509837,9.99472236633301,6.93025,6.93025
6.93035,0.000102023259387,9.99487495422363,6.93035,6.93035
6.93045,0.000102091835288,9.99479198455811,6.93045,6.93045
6.93055,0.000102107282146,9.99481582641602,6.93055,6.93055
6.93065,0.000102109501313,9.99468326568604,6.93065,6.93065
6.93075,0.000102120749943,9.99468326568604,6.93075,6.93075
6.93085,0.000102141049865,9.99464893341064,6.93085,6.93085
6.93095,0.000102121623058,9.99460124969482,6.93095,6.93095
6.93105,0.000116765397252,9.3108549118042,6.93105,6.93105
6.93115,4.3095162255E-05,-0.000722089258488,6.93115,6.93115
6.93125,1.5535557395E-05,-0.000870916759595,6.93125,6.93125
6.93135,1.5118248484E-05,-0.001023684861138,6.93135,6.93135
6.93145,1.4993830519E-05,-0.000641377642751,6.93145,6.93145
6.93155,1.5015654753E-05,-0.00059782009339,6.93155,6.93155
6.93165,1.501614679E-05,-0.000652847578749,6.93165,6.93165
6.93175,1.4996122445E-05,-0.00063919625245,6.93175,6.93175
6.93185,1.5028176676E-05,-0.000502471986692,6.93185,6.93185
6.93195,1.5053002244E-05,-0.000751010375097,6.93195,6.93195
6.93205,4.531637842E-06,0.672704637050629,6.93205,6.93205
6.93215,8.4551764303E-05,9.99414539337158,6.93215,6.93215
6.93225,0.000101734680356,9.99432373046875,6.93225,6.93225
6.93235,0.000101999721664,9.99412155151367,6.93235,6.93235
6.93245,0.000102054516901,9.99394226074219,6.93245,6.93245
6.93255,0.000102089616121,9.99416065216064,6.93255,6.93255
6.93265,0.000102098791103,9.99398136138916,6.93265,6.93265
6.93275,0.000102118334325,9.99368286132813,6.93275,6.93275
6.93285,0.000102090220025,9.9939136505127,6.93285,6.93285
6.93295,0.000102119432995,9.99416732788086,6.93295,6.93295
6.93305,0.000116627968964,9.33045673370361,6.93305,6.93305
6.93315,4.3427426135E-05,-0.000863317050971,6.93315,6.93315
6.93325,1.5474228348E-05,-0.000992793473415,6.93325,6.93325
6.93335,1.5068639186E-05,-0.001264201360755,6.93335,6.93335
6.93345,1.4974538317E-05,-0.001453490229324,6.93345,6.93345
6.93355,1.495649667E-05,-0.001158860977739,6.93355,6.93355
6.93365,1.4988184375E-05,-0.000751432555262,6.93365,6.93365
6.93375,1.5008398805E-05,-0.000855084042996,6.93375,6.93375
6.93385,1.5034490389E-05,-0.000668117310852,6.93385,6.93385
6.93395,1.5016983525E-05,-0.000758117472287,6.93395,6.93395
6.93405,4.634808647E-06,0.65309202671051,6.93405,6.93405
6.93415,8.4288461949E-05,9.99448013305664,6.93415,6.93415
6.93425,0.000101790392364,9.99449157714844,6.93425,6.93425
6.93435,0.000102018195321,9.99441623687744,6.93435,6.93435
6.93445,0.000102059166238,9.99422836303711,6.93445,6.93445
6.93455,0.000102104604593,9.99409961700439,6.93455,6.93455
6.93465,0.000102096986666,9.99403953552246,6.93465,6.93465
6.93475,0.000102104873804,9.99439430236816,6.93475,6.93475
6.93485,0.000102095487819,9.99435806274414,6.93485,6.93485
6.93495,0.000102112731838,9.99425506591797,6.93495,6.93495
6.93505,0.000116458504635,9.35068511962891,6.93505,6.93505
6.93515,4.3733558414E-05,-0.000857054372318,6.93515,6.93515
6.93525,1.5473806343E-05,-0.001127688214183,6.93525,6.93525
6.93535,1.5050492038E-05,-0.001040221191943,6.93535,6.93535
6.93545,1.4914430722E-05,-0.000948954431806,6.93545,6.93545
6.93555,1.4891559658E-05,-0.000771768798586,6.93555,6.93555
6.93565,1.4940817891E-05,-0.000978368101642,6.93565,6.93565
6.93575,1.499560949E-05,-0.001280245138332,6.93575,6.93575
6.93585,1.503713338E-05,-0.001222543651238,6.93585,6.93585
6.93595,1.5068673747E-05,-0.001101300353184,6.93595,6.93595
6.93605,4.756006547E-06,0.632575869560242,6.93605,6.93605
6.93615,8.401676314E-05,9.9941520690918,6.93615,6.93615
6.93625,0.000101780060504,9.99394512176514,6.93625,6.93625
6.93635,0.000101994948636,9.99413013458252,6.93635,6.93635
6.93645,0.000102056990727,9.99417591094971,6.93645,6.93645
6.93655,0.000102069592685,9.99443626403809,6.93655,6.93655
6.93665,0.000102112979221,9.99456405639648,6.93665,6.93665
6.93675,0.00010209318134,9.99446392059326,6.93675,6.93675
6.93685,0.000102068835986,9.99451637268066,6.93685,6.93685
6.93695,0.000102108861029,9.99468040466309,6.93695,6.93695
6.93705,0.000116274459288,9.37081336975098,6.93705,6.93705
6.93715,4.4066728151E-05,-0.000784012780059,6.93715,6.93715
6.93725,1.547552165E-05,-0.000812019105069,6.93725,6.93725
6.93735,1.5039931895E-05,-0.000660728721414,6.93735,6.93735
6.93745,1.4892319086E-05,-0.000835521845147,6.93745,6.93745
6.93755,1.4910542632E-05,-0.000913489144295,6.93755,6.93755
6.93765,1.4906887372E-05,-0.000703160418198,6.93765,6.93765
6.93775,1.4962514797E-05,-0.000882808875758,6.93775,6.93775
6.93785,1.4976443708E-05,-0.000958172604442,6.93785,6.93785
6.93795,1.5004201487E-05,-0.001132754608989,6.93795,6.93795
6.93805,4.878934305E-06,0.612653255462646,6.93805,6.93805
6.93815,8.3740822447E-05,9.99468326568604,6.93815,6.93815
6.93825,0.00010181194375,9.99471759796143,6.93825,6.93825
6.93835,0.000102017336758,9.99458599090576,6.93835,6.93835
6.93845,0.000102068028355,9.99458503723145,6.93845,6.93845
6.93855,0.00010209496395,9.99422550201416,6.93855,6.93855
6.93865,0.000102080957731,9.99434757232666,6.93865,6.93865
6.93875,0.000102119447547,9.99437808990479,6.93875,6.93875
6.93885,0.000102104153484,9.99421691894531,6.93885,6.93885
6.93895,0.000102085905382,9.9945182800293,6.93895,6.93895
6.93905,0.000116070652439,9.39083385467529,6.93905,6.93905
6.93915,4.4397311285E-05,-0.000909196736757,6.93915,6.93915
6.93925,1.544148472E-05,-0.00093417725293,6.93925,6.93925
6.93935,1.5023866581E-05,-0.001035858411342,6.93935,6.93935
6.93945,1.4941119844E-05,-0.000846217735671,6.93945,6.93945
6.93955,1.4900257156E-05,-0.000496983295307,6.93955,6.93955
6.93965,1.4931305486E-05,-0.000477702589706,6.93965,6.93965
6.93975,1.4949726392E-05,-0.000333871197654,6.93975,6.93975
6.93985,1.500232429E-05,-0.000628570734989,6.93985,6.93985
6.93995,1.5023156266E-05,-0.00092517019948,6.93995,6.93995
6.94005,4.994514711E-06,0.592908024787903,6.94005,6.94005
6.94015,8.3417355199E-05,9.99444961547852,6.94015,6.94015
6.94025,0.000101793630165,9.99442672729492,6.94025,6.94025
6.94035,0.000102015925222,9.99452209472656,6.94035,6.94035
6.94045,0.000102040517959,9.99460124969482,6.94045,6.94045
6.94055,0.000102093123132,9.99461841583252,6.94055,6.94055
6.94065,0.000102102494566,9.99431419372559,6.94065,6.94065
6.94075,0.000102102821984,9.99418067932129,6.94075,6.94075
6.94085,0.000102100646473,9.99395847320557,6.94085,6.94085
6.94095,0.000102108002466,9.99419116973877,6.94095,6.94095
6.94105,0.000115913717309,9.41074657440186,6.94105,6.94105
6.94115,4.4746368076E-05,-0.00070759357186,6.94115,6.94115
6.94125,1.5447005353E-05,-0.000584520632401,6.94125,6.94125
6.94135,1.5053797142E-05,-0.000486357806949,6.94135,6.94135
6.94145,1.49377247E-05,-0.000847343646456,6.94145,6.94145
6.94155,1.493408945E-05,-0.000974146067165,6.94155,6.94155
6.94165,1.4896333596E-05,-0.000533996673767,6.94165,6.94165
6.94175,1.4961924535E-05,-0.00080737483222,6.94175,6.94175
6.94185,1.5010177776E-05,-0.000740455230698,6.94185,6.94185
6.94195,1.5029639144E-05,-0.000527311756741,6.94195,6.94195
6.94205,5.122778475E-06,0.573127925395966,6.94205,6.94205
6.94215,8.3081766206E-05,9.99427032470703,6.94215,6.94215
6.94225,0.000101778634416,9.99429798126221,6.94225,6.94225
6.94235,0.000102015037555,9.99422645568848,6.94235,6.94235
6.94245,0.000102058198536,9.99440956115723,6.94245,6.94245
6.94255,0.000102077559859,9.99442672729492,6.94255,6.94255
6.94265,0.000102082500234,9.99443912506104,6.94265,6.94265
6.94275,0.000102141610114,9.9940767288208,6.94275,6.94275
6.94285,0.000102098485513,9.99447727203369,6.94285,6.94285
6.94295,0.000102105121186,9.99453544616699,6.94295,6.94295
6.94305,0.000115717768495,9.43072605133057,6.94305,6.94305
6.94315,4.5106593461E-05,-0.000723918841686,6.94315,6.94315
6.94325,1.5460067516E-05,-0.00052006385522,6.94325,6.94325
6.94335,1.5028071175E-05,-0.000815115286969,6.94335,6.94335
6.94345,1.4914430722E-05,-0.000626670778729,6.94345,6.94345
6.94355,1.4871845451E-05,-0.000499023997691,6.94355,6.94355
6.94365,1.4851800188E-05,-0.000420564087108,6.94365,6.94365
6.94375,1.4884803022E-05,-0.000693027453963,6.94375,6.94375
6.94385,1.4929997633E-05,-0.000640885089524,6.94385,6.94385
6.94395,1.4985414964E-05,-0.000685920356773,6.94395,6.94395
6.94405,5.22061282E-06,0.553497195243835,6.94405,6.94405
6.94415,8.2776226918E-05,9.99477291107178,6.94415,6.94415
6.94425,0.000101805635495,9.99430751800537,6.94425,6.94425
6.94435,0.00010202798876,9.99431991577148,6.94435,6.94435
6.94445,0.00010206324805,9.99451732635498,6.94445,6.94445
6.94455,0.000102083620732,9.99435901641846,6.94455,6.94455
6.94465,0.000102091253211,9.99413394927979,6.94465,6.94465
6.94475,0.000102111218439,9.9942798614502,6.94475,6.94475
6.94485,0.000102108286228,9.99407005310059,6.94485,6.94485
6.94495,0.000102120371594,9.99408531188965,6.94495,6.94495
6.94505,0.000115538015962,9.45033931732178,6.94505,6.94505
6.94515,4.5431297622E-05,-0.000872324104421,6.94515,6.94515
6.94525,1.5457508198E-05,-0.000872253731359,6.94525,6.94525
6.94535,1.5048320165E-05,-0.000877460930496,6.94535,6.94535
6.94545,1.4913031919E-05,-0.000744606892113,6.94545,6.94545
6.94555,1.4910310711E-05,-0.00045729597332,6.94555,6.94555
6.94565,1.4917510271E-05,-0.00065531040309,6.94565,6.94565
6.94575,1.4928049495E-05,-0.000834325619508,6.94575,6.94575
6.94585,1.4985210328E-05,-0.000500923895743,6.94585,6.94585
6.94595,1.499712107E-05,-0.000615834200289,6.94595,6.94595
6.94605,5.370975032E-06,0.532930374145508,6.94605,6.94605
6.94615,8.2450904301E-05,9.99448680877686,6.94615,6.94615
6.94625,0.00010178804223,9.99444770812988,6.94625,6.94625
6.94635,0.000102040234196,9.99445724487305,6.94635,6.94635
6.94645,0.00010206947627,9.99439907073975,6.94645,6.94645
6.94655,0.000102095014881,9.9947624206543,6.94655,6.94655
6.94665,0.000102117723145,9.99457168579102,6.94665,6.94665
6.94675,0.00010211722838,9.99467182159424,6.94675,6.94675
6.94685,0.000102127480204,9.99454879760742,6.94685,6.94685
6.94695,0.00010213022324,9.99444580078125,6.94695,6.94695
6.94705,0.000115331371489,9.47058486938477,6.94705,6.94705
6.94715,4.5758755732E-05,-0.000950854388066,6.94715,6.94715
6.94725,1.5387586245E-05,-0.000990682397969,6.94725,6.94725
6.94735,1.4961903616E-05,-0.001015733345412,6.94735,6.94735
6.94745,1.4881934476E-05,-0.001144646783359,6.94745,6.94745
6.94755,1.487161353E-05,-0.000816944811959,6.94755,6.94755
6.94765,1.4867064237E-05,-0.000601690320764,6.94765,6.94765
6.94775,1.4902288967E-05,-0.000686764717102,6.94775,6.94775
6.94785,1.4962493879E-05,-0.000823700102046,6.94785,6.94785
6.94795,1.5018768863E-05,-0.000802660186309,6.94795,6.94795
6.94805,5.524521839E-06,0.513071477413177,6.94805,6.94805
6.94815,8.2173661212E-05,9.99462604522705,6.94815,6.94815
6.94825,0.000101798170363,9.99425411224365,6.94825,6.94825
6.94835,0.000102052057628,9.99428176879883,6.94835,6.94835
6.94845,0.000102067599073,9.9945592880249,6.94845,6.94845
6.94855,0.000102097124909,9.99464797973633,6.94855,6.94855
6.94865,0.000102097365016,9.99458503723145,6.94865,6.94865
6.94875,0.000102100835647,9.99431419372559,6.94875,6.94875
6.94885,0.000102120749943,9.99426651000977,6.94885,6.94885
6.94895,0.000102131205495,9.99417495727539,6.94895,6.94895
6.94905,0.000115091199405,9.49072074890137,6.94905,6.94905
6.94915,4.6149310947E-05,-0.000772472470999,6.94915,6.94915
6.94925,1.54046229E-05,-0.000837140309159,6.94925,6.94925
6.94935,1.5001184693E-05,-0.000607601192314,6.94935,6.94935
6.94945,1.4917327462E-05,-0.000585435365792,6.94945,6.94945
6.94955,1.4876774003E-05,-0.000644403451588,6.94955,6.94955
6.94965,1.4878292859E-05,-0.000770502199885,6.94965,6.94965
6.94975,1.4911808648E-05,-0.000536248437129,6.94975,6.94975
6.94985,1.4901290342E-05,-0.000648414425086,6.94985,6.94985
6.94995,1.4956362975E-05,-0.000897867546882,6.94995,6.94995
6.95005,5.662558578E-06,0.493053466081619,6.95005,6.95005
6.95015,8.1789919932E-05,9.99452495574951,6.95015,6.95015
6.95025,0.000101766527223,9.99450969696045,6.95025,6.95025
6.95035,0.000102003694337,9.99429321289063,6.95035,6.95035
6.95045,0.000102062680526,9.99416446685791,6.95045,6.95045
6.95055,0.000102053549199,9.99434185028076,6.95055,6.95055
6.95065,0.000102085556136,9.99431800842285,6.95065,6.95065
6.95075,0.000102090736618,9.99430561065674,6.95075,6.95075
6.95085,0.000102081641671,9.99444103240967,6.95085,6.95085
6.95095,0.000102075784525,9.99442195892334,6.95095,6.95095
6.95105,0.000114858848974,9.51043796539307,6.95105,6.95105
6.95115,4.6544613724E-05,-0.000761213654187,6.95115,6.95115
6.95125,1.5402809368E-05,-0.000720259733498,6.95125,6.95125
6.95135,1.4964652109E-05,-0.000847484334372,6.95135,6.95135
6.95145,1.4846498743E-05,-0.001030158717185,6.95145,6.95145
6.95155,1.4853986613E-05,-0.000610767747276,6.95155,6.95155
6.95165,1.4859970179E-05,-0.000645036750939,6.95165,6.95165
6.95175,1.4884079064E-05,-0.000870846386533,6.95175,6.95175
6.95185,1.493444779E-05,-0.00070386409061,6.95185,6.95185
6.95195,1.4950084733E-05,-0.000538359454367,6.95195,6.95195
6.95205,5.794584013E-06,0.473441362380981,6.95205,6.95205
6.95215,8.1457634224E-05,9.99425029754639,6.95215,6.95215
6.95225,0.000101772180642,9.99421691894531,6.95225,6.95225
6.95235,0.000102003381471,9.99447154998779,6.95235,6.95235
6.95245,0.000102052596048,9.99453449249268,6.95245,6.95245
6.95255,0.000102067358966,9.99420738220215,6.95255,6.95255
6.95265,0.000102090627479,9.99405956268311,6.95265,6.95265
6.95275,0.000102089012216,9.99431800842285,6.95275,6.95275
6.95285,0.00010209660104,9.99397373199463,6.95285,6.95285
6.95295,0.000102130914456,9.99375152587891,6.95295,6.95295
6.95305,0.000114661568659,9.53018093109131,6.95305,6.95305
6.95315,4.6953071433E-05,-0.000815959647298,6.95315,6.95315
6.95325,1.5444853489E-05,-0.000922707316931,6.95325,6.95325
6.95335,1.4994603589E-05,-0.001014255569316,6.95335,6.95335
6.95345,1.4912406186E-05,-0.00099356751889,6.95345,6.95345
6.95355,1.4899835151E-05,-0.001157383318059,6.95355,6.95355
6.95365,1.4894758351E-05,-0.001228384207934,6.95365,6.95365
6.95375,1.4912089682E-05,-0.001059572328813,6.95375,6.95375
6.95385,1.4940276742E-05,-0.000974568247329,6.95385,6.95385
6.95395,1.4961875422E-05,-0.000685146311298,6.95395,6.95395
6.95405,5.996925211E-06,0.453115046024322,6.95405,6.95405
6.95415,8.1101046817E-05,9.9940767288208,6.95415,6.95415
6.95425,0.000101744495623,9.99421310424805,6.95425,6.95425
6.95435,0.000101976183942,9.99445247650146,6.95435,6.95435
6.95445,0.000102036436147,9.9941577911377,6.95445,6.95445
6.95455,0.000102039914054,9.99399280548096,6.95455,6.95455
6.95465,0.00010207293235,9.99404525756836,6.95465,6.95465
6.95475,0.000102078040072,9.99419593811035,6.95475,6.95475
6.95485,0.000102081838122,9.99398612976074,6.95485,6.95485
6.95495,0.000102070429421,9.99416828155518,6.95495,6.95495
6.95505,0.000114406619105,9.55051708221436,6.95505,6.95505
6.95515,4.7370907851E-05,-0.001012144610286,6.95515,6.95515
6.95525,1.5441872165E-05,-0.00103768799454,6.95525,6.95525
6.95535,1.5018614249E-05,-0.000922285136767,6.95535,6.95535
6.95545,1.4914396161E-05,-0.000833059020806,6.95545,6.95545
6.95555,1.4881084098E-05,-0.000946561922319,6.95555,6.95555
6.95565,1.4900208043E-05,-0.000905537628569,6.95565,6.95565
6.95575,1.4924394236E-05,-0.000993849011138,6.95575,6.95575
6.95585,1.4963956346E-05,-0.000810259894934,6.95585,6.95585
6.95595,1.497069934E-05,-0.000951417314354,6.95595,6.95595
6.95605,6.178926014E-06,0.433015674352646,6.95605,6.95605
6.95615,8.0758938566E-05,9.99424457550049,6.95615,6.95615
6.95625,0.000101752310002,9.99419593811035,6.95625,6.95625
6.95635,0.000101980527688,9.99423122406006,6.95635,6.95635
6.95645,0.000102060526842,9.99433135986328,6.95645,6.95645
6.95655,0.000102064259409,9.99430370330811,6.95655,6.95655
6.95665,0.000102094709291,9.99398422241211,6.95665,6.95665
6.95675,0.000102096266346,9.99433612823486,6.95675,6.95675
6.95685,0.000102107871498,9.99410915374756,6.95685,6.95685
6.95695,0.000102077174233,9.99447631835938,6.95695,6.95695
6.95705,0.000114134898467,9.57053184509277,6.95705,6.95705
6.95715,4.7752102546E-05,-0.000422745477408,6.95715,6.95715
6.95725,1.5415780581E-05,-0.000732503714971,6.95725,6.95725
6.95735,1.5031600014E-05,-0.000696827308275,6.95735,6.95735
6.95745,1.48978379E-05,-0.000784083153121,6.95745,6.95745
6.95755,1.4858338545E-05,-0.000593738746829,6.95755,6.95755
6.95765,1.488462749E-05,-0.000499164685607,6.95765,6.95765
6.95775,1.4908975572E-05,-0.000428023049608,6.95775,6.95775
6.95785,1.4967802599E-05,-0.000400016753701,6.95785,6.95785
6.95795,1.4976752936E-05,-0.000903919164557,6.95795,6.95795
6.95805,6.388009751E-06,0.413093328475952,6.95805,6.95805
6.95815,8.0380232248E-05,9.99412822723389,6.95815,6.95815
6.95825,0.000101758429082,9.99430179595947,6.95825,6.95825
6.95835,0.000101980978798,9.99431133270264,6.95835,6.95835
6.95845,0.000102038531622,9.99451065063477,6.95845,6.95845
6.95855,0.000102073405287,9.99446201324463,6.95855,6.95855
6.95865,0.000102069774584,9.99447631835938,6.95865,6.95865
6.95875,0.000102090089058,9.9943790435791,6.95875,6.95875
6.95885,0.000102068239357,9.99452495574951,6.95885,6.95885
6.95895,0.000102100937511,9.99467182159424,6.95895,6.95895
6.95905,0.000113887486805,9.59054374694824,6.95905,6.95905
6.95915,4.8211350077E-05,-0.000747843820136,6.95915,6.95915
6.95925,1.5425855963E-05,-0.000763958028983,6.95925,6.95925
6.95935,1.497761059E-05,-0.000629696587566,6.95935,6.95935
6.95945,1.4883305084E-05,-0.000631807663012,6.95945,6.95945
6.95955,1.4843862118E-05,-0.000561791879591,6.95955,6.95955
6.95965,1.4889569684E-05,-0.000634059426375,6.95965,6.95965
6.95975,1.489767692E-05,-0.000503808958456,6.95975,6.95975
6.95985,1.4937520064E-05,-0.000353222276317,6.95985,6.95985
6.95995,1.4953571736E-05,-0.000557780906092,6.95995,6.95995
6.96005,6.562698218E-06,0.393358051776886,6.96005,6.96005
6.96015,7.9994453699E-05,9.99429607391357,6.96015,6.96015
6.96025,0.00010174948693,9.99451446533203,6.96025,6.96025
6.96035,0.000102016092569,9.99457740783691,6.96035,6.96035
6.96045,0.000102063866507,9.99433994293213,6.96045,6.96045
6.96055,0.000102083889942,9.99433326721191,6.96055,6.96055
6.96065,0.000102108504507,9.9943675994873,6.96065,6.96065
6.96075,0.000102076926851,9.99442577362061,6.96075,6.96075
6.96085,0.000102123536635,9.99431419372559,6.96085,6.96085
6.96095,0.000102131154563,9.99435329437256,6.96095,6.96095
6.96105,0.00011365483806,9.61040019989014,6.96105,6.96105
6.96115,4.8610483645E-05,-0.000591698102653,6.96115,6.96115
6.96125,1.5435705791E-05,-0.000865920679644,6.96125,6.96125
6.96135,1.49884454E-05,-0.000878727587406,6.96135,6.96135
6.96145,1.4865552657E-05,-0.000884216220584,6.96145,6.96145
6.96155,1.4846386875E-05,-0.000865709560458,6.96155,6.96155
6.96165,1.4872808606E-05,-0.000645951542538,6.96165,6.96165
6.96175,1.4890681086E-05,-0.000460110692075,6.96175,6.96175
6.96185,1.4904665477E-05,-0.000524285947904,6.96185,6.96185
6.96195,1.4978609215E-05,-0.000600353349,6.96195,6.96195
6.96205,6.753073194E-06,0.373543500900269,6.96205,6.96205
6.96215,7.9626843217E-05,9.99455261230469,6.96215,6.96215
6.96225,0.000101766367152,9.9945068359375,6.96225,6.96225
6.96235,0.000102016318124,9.99445343017578,6.96235,6.96235
6.96245,0.000102071418951,9.99416732788086,6.96245,6.96245
6.96255,0.000102121506643,9.99454402923584,6.96255,6.96255
6.96265,0.000102135854831,9.99446296691895,6.96265,6.96265
6.96275,0.000102138481452,9.99462509155273,6.96275,6.96275
6.96285,0.000102136407804,9.99457550048828,6.96285,6.96285
6.96295,0.000102135221823,9.9946231842041,6.96295,6.96295
6.96305,0.000113386129669,9.63007354736328,6.96305,6.96305
6.96315,4.9128630053E-05,-0.000912363291718,6.96315,6.96315
6.96325,1.5423915102E-05,-0.000605138309766,6.96325,6.96325
6.96335,1.5008039554E-05,-0.000821870577056,6.96335,6.96335
6.96345,1.489648821E-05,-0.000704708509147,6.96345,6.96345
6.96355,1.488912676E-05,-0.000637718534563,6.96355,6.96355
6.96365,1.4882925825E-05,-0.000894349184819,6.96365,6.96365
6.96375,1.494074786E-05,-0.001023121876642,6.96375,6.96375
6.96385,1.4980000742E-05,-0.000770783692133,6.96385,6.96385
6.96395,1.4975149497E-05,-0.001030369778164,6.96395,6.96395
6.96405,7.050351996E-06,0.35326960682869,6.96405,6.96405
6.96415,7.925996033E-05,9.99414730072021,6.96415,6.96415
6.96425,0.000101771889604,9.99428653717041,6.96425,6.96425
6.96435,0.000102011887066,9.99405479431152,6.96435,6.96435
6.96445,0.000102066842373,9.99402236938477,6.96445,6.96445
6.96455,0.000102121557575,9.99383735656738,6.96455,6.96455
6.96465,0.000102112717286,9.99370574951172,6.96465,6.96465
6.96475,0.000102130215964,9.99392890930176,6.96475,6.96475
6.96485,0.000102125515696,9.99396514892578,6.96485,6.96485
6.96495,0.000102122576209,9.99388313293457,6.96495,6.96495
6.96505,0.00011307746172,9.64983081817627,6.96505,6.96505
6.96515,4.9569389375E-05,-0.000759595190175,6.96515,6.96515
6.96525,1.5429161067E-05,-0.000733488821425,6.96525,6.96525
6.96535,1.4981259483E-05,-0.000791612488683,6.96535,6.96535
6.96545,1.4857516362E-05,-0.000646936707199,6.96545,6.96545
6.96555,1.4897634173E-05,-0.000582339242101,6.96555,6.96555
6.96565,1.4884514712E-05,-0.000647499633487,6.96565,6.96565
6.96575,1.4881892639E-05,-0.00068824243499,6.96575,6.96575
6.96585,1.4915204702E-05,-0.000711745233275,6.96585,6.96585
6.96595,1.4971317796E-05,-0.000691408989951,6.96595,6.96595
6.96605,7.218248811E-06,0.333351850509644,6.96605,6.96605
6.96615,7.8815050074E-05,9.99414825439453,6.96615,6.96615
6.96625,0.000101751662442,9.99411201477051,6.96625,6.96625
6.96635,0.000102027144749,9.99384498596191,6.96635,6.96635
6.96645,0.000102076824987,9.9940071105957,6.96645,6.96645
6.96655,0.000102103149402,9.99373817443848,6.96655,6.96655
6.96665,0.000102117192,9.9937162399292,6.96665,6.96665
6.96675,0.000102111182059,9.9939136505127,6.96675,6.96675
6.96685,0.000102126090496,9.9937572479248,6.96685,6.96685
6.96695,0.000102144054836,9.99389362335205,6.96695,6.96695
6.96705,0.000112776899186,9.66989707946777,6.96705,6.96705
6.96715,5.0040027418E-05,-0.00072187819751,6.96715,6.96715
6.96725,1.5409903426E-05,-0.001069142366759,6.96725,6.96725
6.96735,1.4981857021E-05,-0.000898641592357,6.96735,6.96735
6.96745,1.4861538148E-05,-0.000661995320115,6.96745,6.96745
6.96755,1.4872682186E-05,-0.000593949866015,6.96755,6.96755
6.96765,1.4844466932E-05,-0.000413949543145,6.96765,6.96765
6.96775,1.4893802472E-05,-0.00055179966148,6.96775,6.96775
6.96785,1.4924456991E-05,-0.000332815689035,6.96785,6.96785
6.96795,1.498133679E-05,-0.000489453959744,6.96795,6.96795
6.96805,7.4906593E-06,0.313368231058121,6.96805,6.96805
6.96815,7.8420867794E-05,9.9940938949585,6.96815,6.96815
6.96825,0.000101793753856,9.99397373199463,6.96825,6.96825
6.96835,0.00010203144484,9.99387836456299,6.96835,6.96835
6.96845,0.000102095182228,9.99391269683838,6.96845,6.96845
6.96855,0.000102106416307,9.99411964416504,6.96855,6.96855
6.96865,0.00010212817142,9.99401950836182,6.96865,6.96865
6.96875,0.00010211931658,9.99441528320313,6.96875,6.96875
6.96885,0.000102101614175,9.99442195892334,6.96885,6.96885
6.96895,0.000102123951365,9.99446296691895,6.96895,6.96895
6.96905,0.000112413923489,9.69040107727051,6.96905,6.96905
6.96915,5.049412357E-05,-0.000767054210883,6.96915,6.96915
6.96925,1.5412448192E-05,-0.000805404502898,6.96925,6.96925
6.96935,1.4957347048E-05,-0.000713082205039,6.96935,6.96935
6.96945,1.4831607587E-05,-0.000677968782838,6.96945,6.96945
6.96955,1.4808757442E-05,-0.000521260139067,6.96955,6.96955
6.96965,1.4829217434E-05,-0.000491987215355,6.96965,6.96965
6.96975,1.4851863853E-05,-0.000363847793778,6.96975,6.96975
6.96985,1.486723977E-05,-0.000697179173585,6.96985,6.96985
6.96995,1.4896657376E-05,-0.000601268082391,6.96995,6.96995
6.97005,7.65666482E-06,0.293323040008545,6.97005,6.97005
6.97015,7.7975462773E-05,9.99432373046875,6.97015,6.97015
6.97025,0.000101759454992,9.99445343017578,6.97025,6.97025
6.97035,0.000102020625491,9.99430084228516,6.97035,6.97035
6.97045,0.000102052596048,9.99446392059326,6.97045,6.97045
6.97055,0.000102099395008,9.99463176727295,6.97055,6.97055
6.97065,0.000102093639725,9.99437808990479,6.97065,6.97065
6.97075,0.000102109792351,9.99440956115723,6.97075,6.97075
6.97085,0.000102100122604,9.99449348449707,6.97085,6.97085
6.97095,0.000102121535747,9.99436187744141,6.97095,6.97095
6.97105,0.000112067587906,9.71020793914795,6.97105,6.97105
6.97115,5.097281246E-05,-0.00057825789554,6.97115,6.97115
6.97125,1.5359040844E-05,-0.000790486577898,6.97125,6.97125
6.97135,1.4918157831E-05,-0.000805897114333,6.97135,6.97135
6.97145,1.4851104424E-05,-0.000780775852036,6.97145,6.97145
6.97155,1.4788937733E-05,-0.000748125312384,6.97155,6.97155
6.97165,1.4796137293E-05,-0.000224027360673,6.97165,6.97165
6.97175,1.4845416445E-05,-0.000296154146781,6.97175,6.97175
6.97185,1.4862986063E-05,-0.000368773529772,6.97185,6.97185
6.97195,1.4869286133E-05,-0.000456803390989,6.97195,6.97195
6.97205,7.929827916E-06,0.273709803819656,6.97205,6.97205
6.97215,7.7503456851E-05,9.99415016174316,6.97215,6.97215
6.97225,0.000101737568912,9.9943323135376,6.97225,6.97225
6.97235,0.000101986501249,9.99423122406006,6.97235,6.97235
6.97245,0.000102044752566,9.99429607391357,6.97245,6.97245
6.97255,0.000102078651253,9.99407386779785,6.97255,6.97255
6.97265,0.000102108839201,9.99400043487549,6.97265,6.97265
6.97275,0.000102084588434,9.99375247955322,6.97275,6.97275
6.97285,0.000102130310552,9.99392890930176,6.97285,6.97285
6.97295,0.000102104771941,9.99408340454102,6.97295,6.97295
6.97305,0.000111710258352,9.7299108505249,6.97305,6.97305
6.97315,5.1534269005E-05,-0.000895263976417,6.97315,6.97315
6.97325,1.5344086933E-05,-0.0006811353378,6.97325,6.97325
6.97335,1.4908216144E-05,-0.000766913464759,6.97335,6.97335
6.97345,1.4805896171E-05,-0.000838829146232,6.97345,6.97345
6.97355,1.4799575183E-05,-0.00051633437397,6.97355,6.97355
6.97365,1.479952607E-05,-0.000614989781752,6.97365,6.97365
6.97375,1.4805073079E-05,-0.00043505980284,6.97375,6.97375
6.97385,1.4813756025E-05,-0.000663965649437,6.97385,6.97385
6.97395,1.4849212675E-05,-0.000512393831741,6.97395,6.97395
6.97405,8.218289622E-06,0.253336578607559,6.97405,6.97405
6.97415,7.7047436207E-05,9.99400329589844,6.97415,6.97415
6.97425,0.000101733094198,9.99414443969727,6.97425,6.97425
6.97435,0.000101982892375,9.9939489364624,6.97435,6.97435
6.97445,0.000102047029941,9.99402332305908,6.97445,6.97445
6.97455,0.000102063124359,9.99405288696289,6.97455,6.97455
6.97465,0.000102082711237,9.9940242767334,6.97465,6.97465
6.97475,0.000102092468296,9.99410724639893,6.97475,6.97475
6.97485,0.000102096877526,9.99419116973877,6.97485,6.97485
6.97495,0.00010210241453,9.99417495727539,6.97495,6.97495
6.97505,0.000111298213596,9.75014400482178,6.97505,6.97505
6.97515,5.2090810641E-05,-0.000858743151184,6.97515,6.97515
6.97525,1.5365354557E-05,-0.000679798366036,6.97525,6.97525
6.97535,1.4951666344E-05,-0.001130150980316,6.97535,6.97535
6.97545,1.4851849301E-05,-0.00127982289996,6.97545,6.97545
6.97555,1.4851153537E-05,-0.000921862898394,6.97555,6.97555
6.97565,1.4846210433E-05,-0.001200659316964,6.97565,6.97565
6.97575,1.4867317077E-05,-0.001302903518081,6.97575,6.97575
6.97585,1.4925870346E-05,-0.001102426205762,6.97585,6.97585
6.97595,1.4930419638E-05,-0.000944239844102,6.97595,6.97595
6.97605,8.58409112E-06,0.233221769332886,6.97605,6.97605
6.97615,7.6602314948E-05,9.99401569366455,6.97615,6.97615
6.97625,0.00010172920156,9.99421787261963,6.97625,6.97625
6.97635,0.000101983365312,9.99432563781738,6.97635,6.97635
6.97645,0.000102057441836,9.99450492858887,6.97645,6.97645
6.97655,0.000102090816654,9.99423599243164,6.97655,6.97655
6.97665,0.00010206735169,9.99472332000732,6.97665,6.97665
6.97675,0.000102102734672,9.99447059631348,6.97675,6.97675
6.97685,0.000102087760752,9.99425411224365,6.97685,6.97685
6.97695,0.000102088299172,9.99410724639893,6.97695,6.97695
6.97705,0.000110892637167,9.77019786834717,6.97705,6.97705
6.97715,5.2624352975E-05,-0.000893856631592,6.97715,6.97715
6.97725,1.5402541976E-05,-0.000587335322052,6.97725,6.97725
6.97735,1.4917770386E-05,-0.000589094532188,6.97735,6.97735
6.97745,1.4827951418E-05,-0.000780072179623,6.97745,6.97745
6.97755,1.4809214008E-05,-0.001088563818485,6.97755,6.97755
6.97765,1.4787671716E-05,-0.000843543792143,6.97765,6.97765
6.97775,1.481565414E-05,-0.000876898004208,6.97775,6.97775
6.97785,1.4888410078E-05,-0.000990119529888,6.97785,6.97785
6.97795,1.4898442714E-05,-0.001097641186789,6.97795,6.97795
6.97805,8.884097952E-06,0.21318382024765,6.97805,6.97805
6.97815,7.607464795E-05,9.99407577514648,6.97815,6.97815
6.97825,0.000101744910353,9.99398994445801,6.97825,6.97825
6.97835,0.000102001788036,9.99370861053467,6.97835,6.97835
6.97845,0.000102037520264,9.99383640289307,6.97845,6.97845
6.97855,0.000102088437416,9.99371147155762,6.97855,6.97855
6.97865,0.000102097168565,9.99382877349854,6.97865,6.97865
6.97875,0.000102091900771,9.99405574798584,6.97875,6.97875
6.97885,0.00010213231144,9.99427127838135,6.97885,6.97885
6.97895,0.00010212037887,9.9943265914917,6.97895,6.97895
6.97905,0.000110507848149,9.78996753692627,6.97905,6.97905
6.97915,5.3280942666E-05,-0.000644051586278,6.97915,6.97915
6.97925,1.5374784198E-05,-0.000859235762618,6.97925,6.97925
6.97935,1.4970192751E-05,-0.000861065287609,6.97935,6.97935
6.97945,1.4841415577E-05,-0.000947335967794,6.97945,6.97945
6.97955,1.4816568182E-05,-0.000833692320157,6.97955,6.97955
6.97965,1.4808883861E-05,-0.000809133984149,6.97965,6.97965
6.97975,1.4862880562E-05,-0.000783238734584,6.97975,6.97975
6.97985,1.4909805031E-05,-0.000681557517964,6.97985,6.97985
6.97995,1.4953030586E-05,-0.00068366859341,6.97995,6.97995
6.98005,9.263229913E-06,0.193253189325333,6.98005,6.98005
6.98015,7.5583309808E-05,9.99391937255859,6.98015,6.98015
6.98025,0.000101744852145,9.99402046203613,6.98025,6.98025
6.98035,0.000102009747934,9.99414443969727,6.98035,6.98035
6.98045,0.000102057427284,9.99410533905029,6.98045,6.98045
6.98055,0.000102070975117,9.99415016174316,6.98055,6.98055
6.98065,0.000102069105196,9.99400520324707,6.98065,6.98065
6.98075,0.000102090976725,9.99398231506348,6.98075,6.98075
6.98085,0.000102111735032,9.99394989013672,6.98085,6.98085
6.98095,0.000102115802292,9.99401092529297,6.98095,6.98095
6.98105,0.000110009117634,9.81003952026367,6.98105,6.98105
6.98115,5.3855092119E-05,-0.00086458370788,6.98115,6.98115
6.98125,1.5353767594E-05,-0.00103093276266,6.98125,6.98125
6.98135,1.4952735E-05,-0.000708860170562,6.98135,6.98135
6.98145,1.4843475583E-05,-0.00061681936495,6.98145,6.98145
6.98155,1.4848601495E-05,-0.000738836766686,6.98155,6.98155
6.98165,1.4839974028E-05,-0.000770572572947,6.98165,6.98165
6.98175,1.4882271898E-05,-0.000663684157189,6.98175,6.98175
6.98185,1.4920878129E-05,-0.000944662024267,6.98185,6.98185
6.98195,1.4954563085E-05,-0.000841010536533,6.98195,6.98195
6.98205,9.608958862E-06,0.173331409692764,6.98205,6.98205
6.98215,7.5033101893E-05,9.99407863616943,6.98215,6.98215
6.98225,0.000101748024463,9.9940710067749,6.98225,6.98225
6.98235,0.000102012163552,9.99420166015625,6.98235,6.98235
6.98245,0.000102068654087,9.99455642700195,6.98245,6.98245
6.98255,0.00010209766333,9.99438381195068,6.98255,6.98255
6.98265,0.000102136436908,9.99416732788086,6.98265,6.98265
6.98275,0.000102100297227,9.99416160583496,6.98275,6.98275
6.98285,0.000102105885162,9.99405956268311,6.98285,6.98285
6.98295,0.000102110941953,9.99411296844482,6.98295,6.98295
6.98305,0.000109515152872,9.82992744445801,6.98305,6.98305
6.98315,5.4549007473E-05,-0.000361384940334,6.98315,6.98315
6.98325,1.5350056856E-05,-0.000575372832827,6.98325,6.98325
6.98335,1.4931473743E-05,-0.000449274084531,6.98335,6.98335
6.98345,1.4828007806E-05,-0.000334152660798,6.98345,6.98345
6.98355,1.4806219042E-05,-0.000128045940073,6.98355,6.98355
6.98365,1.4839763026E-05,-0.000395935436245,6.98365,6.98365
6.98375,1.486306337E-05,-0.000659532495774,6.98375,6.98375
6.98385,1.4880690287E-05,-0.000636451877654,6.98385,6.98385
6.98395,1.4883516087E-05,-0.000657843658701,6.98395,6.98395
6.98405,9.942094948E-06,0.153423428535461,6.98405,6.98405
6.98415,7.4496849265E-05,9.99389743804932,6.98415,6.98415
6.98425,0.000101738194644,9.99411010742188,6.98425,6.98425
6.98435,0.000102010606497,9.99438571929932,6.98435,6.98435
6.98445,0.000102089783468,9.99454212188721,6.98445,6.98445
6.98455,0.000102091966255,9.99424076080322,6.98455,6.98455
6.98465,0.000102089899883,9.99440860748291,6.98465,6.98465
6.98475,0.000102116980997,9.99406814575195,6.98475,6.98475
6.98485,0.000102108664578,9.99418640136719,6.98485,6.98485
6.98495,0.000102098485513,9.99421119689941,6.98495,6.98495
6.98505,0.000108980879304,9.85008716583252,6.98505,6.98505
6.98515,5.5246309785E-05,-0.000536811363418,6.98515,6.98515
6.98525,1.5328512745E-05,-0.000568547169678,6.98525,6.98525
6.98535,1.4892965737E-05,-0.000770431826822,6.98535,6.98535
6.98545,1.480803985E-05,-0.000605419802014,6.98545,6.98545
6.98555,1.4837070921E-05,-0.000335700751748,6.98555,6.98555
6.98565,1.4815668692E-05,-0.000442518794443,6.98565,6.98565
6.98575,1.4866431229E-05,-0.000346889195498,6.98575,6.98575
6.98585,1.4915000975E-05,-0.000500290596392,6.98585,6.98585
6.98595,1.4896298126E-05,-0.000527241383679,6.98595,6.98595
6.98605,1.0347986063E-05,0.133651673793793,6.98605,6.98605
6.98615,7.3873081419E-05,9.99404239654541,6.98615,6.98615
6.98625,0.000101734083728,9.99426078796387,6.98625,6.98625
6.98635,0.000101984172943,9.99455165863037,6.98635,6.98635
6.98645,0.000102031532151,9.99426555633545,6.98645,6.98645
6.98655,0.000102063757367,9.9943323135376,6.98655,6.98655
6.98665,0.000102091580629,9.99452304840088,6.98665,6.98665
6.98675,0.000102082623926,9.99462032318115,6.98675,6.98675
6.98685,0.000102109261206,9.99476718902588,6.98685,6.98685
6.98695,0.000102094985778,9.99506187438965,6.98695,6.98695
6.98705,0.000108343083411,9.87098217010498,6.98705,6.98705
6.98715,5.5982207414E-05,-0.000287780421786,6.98715,6.98715
6.98725,1.5304707631E-05,-0.000311072100885,6.98725,6.98725
6.98735,1.4884290067E-05,-0.000547859061044,6.98735,6.98735
6.98745,1.4793310584E-05,-0.000478898844449,6.98745,6.98745
6.98755,1.4760265913E-05,-0.000492550141644,6.98755,6.98755
6.98765,1.4767458197E-05,-0.000532659702003,6.98765,6.98765
6.98775,1.479061757E-05,-0.000453214655863,6.98775,6.98775
6.98785,1.4841844859E-05,-0.000193980391487,6.98785,6.98785
6.98795,1.4911724065E-05,-0.000433441367932,6.98795,6.98795
6.98805,1.0782233403E-05,0.113766707479954,6.98805,6.98805
6.98815,7.3305614933E-05,9.9941520690918,6.98815,6.98815
6.98825,0.000101762656413,9.99469470977783,6.98825,6.98825
6.98835,0.000102014979348,9.99448776245117,6.98835,6.98835
6.98845,0.0001020478594,9.99466133117676,6.98845,6.98845
6.98855,0.000102121914097,9.99479293823242,6.98855,6.98855
6.98865,0.000102112935565,9.99448680877686,6.98865,6.98865
6.98875,0.000102105317637,9.99458599090576,6.98875,6.98875
6.98885,0.000102124882687,9.99472713470459,6.98885,6.98885
6.98895,0.00010211236804,9.99463272094727,6.98895,6.98895
6.98905,0.000107708445285,9.89045810699463,6.98905,6.98905
6.98915,5.6881981436E-05,-0.000329156580847,6.98915,6.98915
6.98925,1.5368428649E-05,-0.000470102881081,6.98925,6.98925
6.98935,1.4923866729E-05,-0.000487835524837,6.98935,6.98935
6.98945,1.4823620404E-05,-0.000477139634313,6.98945,6.98945
6.98955,1.4801874386E-05,-0.000375388073735,6.98955,6.98955
6.98965,1.4810880202E-05,-0.000334574870067,6.98965,6.98965
6.98975,1.4852538698E-05,-0.000650736503303,6.98975,6.98975
6.98985,1.4871542589E-05,-0.000708086125087,6.98985,6.98985
6.98995,1.4886638382E-05,-0.000389883818571,6.98995,6.98995
6.99005,1.1203754184E-05,0.093782804906368,6.99005,6.99005
6.99015,7.2674287367E-05,9.99418258666992,6.99015,6.99015
6.99025,0.000101721161627,9.99446105957031,6.99025,6.99025
6.99035,0.00010198289965,9.99455642700195,6.99035,6.99035
6.99045,0.000102055986645,9.99483776092529,6.99045,6.99045
6.99055,0.000102106030681,9.99459838867188,6.99055,6.99055
6.99065,0.000102115627669,9.99470138549805,6.99065,6.99065
6.99075,0.00010209420725,9.9946403503418,6.99075,6.99075
6.99085,0.000102089841675,9.99460601806641,6.99085,6.99085
6.99095,0.000102093690657,9.99445915222168,6.99095,6.99095
6.99105,0.00010700092389,9.91019248962402,6.99105,6.99105
6.99115,5.775027239E-05,-0.000943958351854,6.99115,6.99115
6.99125,1.5351110051E-05,-0.00086986128008,6.99125,6.99125
6.99135,1.4937956621E-05,-0.000693027453963,6.99135,6.99135
6.99145,1.4809411368E-05,-0.000636944489088,6.99145,6.99145
6.99155,1.4793437003E-05,-0.000452088774182,6.99155,6.99155
6.99165,1.4808258129E-05,-0.000594442419242,6.99165,6.99165
6.99175,1.4793634364E-05,-0.000428656348959,6.99175,6.99175
6.99185,1.4864231161E-05,-0.000661784259137,6.99185,6.99185
6.99195,1.4888459191E-05,-0.000584309513215,6.99195,6.99195
6.99205,1.1705258657E-05,0.073633529245853,6.99205,6.99205
6.99215,7.1991584264E-05,9.99453353881836,6.99215,6.99215
6.99225,0.000101715893834,9.99454212188721,6.99225,6.99225
6.99235,0.000102000223706,9.99450206756592,6.99235,6.99235
6.99245,0.00010210252367,9.99454402923584,6.99245,6.99245
6.99255,0.000102091646113,9.99474143981934,6.99255,6.99255
6.99265,0.00010211650806,9.99462223052979,6.99265,6.99265
6.99275,0.000102113168396,9.99470710754395,6.99275,6.99275
6.99285,0.000102109101135,9.99453163146973,6.99285,6.99285
6.99295,0.000102122874523,9.99477958679199,6.99295,6.99295
6.99305,0.000106190687802,9.93060970306396,6.99305,6.99305
6.99315,5.8733487094E-05,-0.000557499472052,6.99315,6.99315
6.99325,1.5345583961E-05,-0.00080857105786,6.99325,6.99325
6.99335,1.4924745301E-05,-0.001060487120412,6.99335,6.99335
6.99345,1.4805909814E-05,-0.000831159064546,6.99345,6.99345
6.99355,1.4777969227E-05,-0.000859446823597,6.99355,6.99355
6.99365,1.4796200048E-05,-0.000761072908062,6.99365,6.99365
6.99375,1.4811105757E-05,-0.000812019105069,6.99375,6.99375
6.99385,1.4827402993E-05,-0.000994693371467,6.99385,6.99385
6.99395,1.4900369024E-05,-0.000563832523767,6.99395,6.99395
6.99405,1.2222821169E-05,0.053654689341784,6.99405,6.99405
6.99415,7.1320857387E-05,9.99443817138672,6.99415,6.99415
6.99425,0.000101783647551,9.99450016021729,6.99425,6.99425
6.99435,0.000102009573311,9.99459743499756,6.99435,6.99435
6.99445,0.000102081263321,9.99418354034424,6.99445,6.99445
6.99455,0.000102077618067,9.9944429397583,6.99455,6.99455
6.99465,0.000102086771221,9.99432563781738,6.99465,6.99465
6.99475,0.000102093174064,9.99435615539551,6.99475,6.99475
6.99485,0.000102116282505,9.99453830718994,6.99485,6.99485
6.99495,0.000102142272226,9.99461650848389,6.99495,6.99495
6.99505,0.000105269165942,9.95047855377197,6.99505,6.99505
6.99515,5.9807713114E-05,-0.000193487823708,6.99515,6.99515
6.99525,1.5295974663E-05,-0.000612808391452,6.99525,6.99525
6.99535,1.4824211576E-05,-0.000577413477004,6.99535,6.99535
6.99545,1.4711239601E-05,-0.000323597516399,6.99545,6.99545
6.99555,1.4713460587E-05,-0.000388687563827,6.99555,6.99555
6.99565,1.4722931155E-05,-0.000151689469931,6.99565,6.99565
6.99575,1.4755541088E-05,-0.000156896669068,6.99575,6.99575
6.99585,1.4812652807E-05,-0.000501697941218,6.99585,6.99585
6.99595,1.4870234736E-05,-0.000541103770956,6.99595,6.99595
6.99605,1.2801756384E-05,0.033862814307213,6.99605,6.99605
6.99615,7.0536108979E-05,9.99406719207764,6.99615,6.99615
6.99625,0.00010174257477,9.99444103240967,6.99625,6.99625
6.99635,0.000102014368167,9.99434566497803,6.99635,6.99635
6.99645,0.000102100042568,9.99444389343262,6.99645,6.99645
6.99655,0.000102093566966,9.99459552764893,6.99655,6.99655
6.99665,0.000102107303974,9.99484348297119,6.99665,6.99665
6.99675,0.000102099504147,9.99455165863037,6.99675,6.99675
6.99685,0.0001020809068,9.99461936950684,6.99685,6.99685
6.99695,0.000102114965557,9.99474906921387,6.99695,6.99695
6.99705,0.000104185237433,9.97026920318604,6.99705,6.99705
6.99715,6.1016336986E-05,-0.000279688130831,6.99715,6.99715
6.99725,1.5305220586E-05,-0.000393402180634,6.99725,6.99725
6.99735,1.4863760043E-05,-0.000442307675257,6.99735,6.99735
6.99745,1.475735462E-05,-0.000187999146874,6.99745,6.99745
6.99755,1.4756278688E-05,-0.000517460284755,6.99755,6.99755
6.99765,1.475575209E-05,-0.000205450312933,6.99765,6.99765
6.99775,1.4806057152E-05,-0.000646725588012,6.99775,6.99775
6.99785,1.481459276E-05,-0.000715896952897,6.99785,6.99785
6.99795,1.4848995306E-05,-7.6747965068E-05,6.99795,6.99795
6.99805,1.3514017155E-05,0.01426986977458,6.99805,6.99805
6.99815,6.9605499448E-05,9.99434852600098,6.99815,6.99815
6.99825,0.000101724930573,9.99454593658447,6.99825,6.99825
6.99835,0.000101975696452,9.99459838867188,6.99835,6.99835
6.99845,0.000102050958958,9.99460411071777,6.99845,6.99845
6.99855,0.000102074242022,9.99444484710693,6.99855,6.99855
6.99865,0.000102099809737,9.99458599090576,6.99865,6.99865
6.99875,0.000102139070805,9.99426078796387,6.99875,6.99875
6.99885,0.000102121157397,9.99426460266113,6.99885,6.99885
6.99895,0.000102133286418,9.99421882629395,6.99895,6.99895
6.99905,0.00010273517546,9.98984241485596,6.99905,6.99905
6.99915,6.2584673287E-05,-0.000358499848517,6.99915,6.99915
6.99925,1.5288598661E-05,-0.000633215007838,6.99925,6.99925
6.99935,1.4818024283E-05,-0.000599157065153,6.99935,6.99935
6.99945,1.4711428776E-05,-0.000598945945967,6.99945,6.99945
6.99955,1.4683650079E-05,-0.000540470471606,6.99955,6.99955
6.99965,1.4744136934E-05,-0.000751925166696,6.99965,6.99965
6.99975,1.4776478565E-05,-0.000561580760404,6.99975,6.99975
6.99985,1.4801445104E-05,-0.000602534739301,6.99985,6.99985
6.99995,1.4793521586E-05,-0.000344074505847,6.99995,6.99995
7.00005,1.4863260731E-05,-0.000604997563642,7.00005,7.00005
7.00015,6.8112123699E-05,9.98856639862061,7.00015,7.00015
7.00025,0.000101739620732,9.99440002441406,7.00025,7.00025
7.00035,0.000102043217339,9.9945182800293,7.00035,7.00035
7.00045,0.000102107347629,9.99461650848389,7.00045,7.00045
7.00055,0.000102089812572,9.99464225769043,7.00055,7.00055
7.00065,0.000102118814539,9.99452781677246,7.00065,7.00065
7.00075,0.000102126527054,9.9946346282959,7.00075,7.00075
7.00085,0.000102142825199,9.99453067779541,7.00085,7.00085
7.00095,0.000102121201053,9.99473094940186,7.00095,7.00095
7.00105,0.000102128164144,9.99458503723145,7.00105,7.00105
7.00115,6.3371226133E-05,0.014848080463707,7.00115,7.00115
7.00125,1.5298541257E-05,-0.00077563902596,7.00125,7.00125
7.00135,1.4838526113E-05,-0.000793019833509,7.00135,7.00135
7.00145,1.4710240976E-05,-0.000852550845593,7.00145,7.00145
7.00155,1.4693064259E-05,-0.000568406423554,7.00155,7.00155
7.00165,1.4717525119E-05,-0.000810963567346,7.00165,7.00165
7.00175,1.4774299416E-05,-0.000469469581731,7.00175,7.00175
7.00185,1.4793035916E-05,-0.000599931110628,7.00185,7.00185
7.00195,1.4795497009E-05,-0.000287498929538,7.00195,7.00195
7.00205,1.4841858501E-05,-0.000339922815328,7.00205,7.00205
7.00215,6.7933957325E-05,9.96874046325684,7.00215,7.00215
7.00225,0.000101734629425,9.99477005004883,7.00225,7.00225
7.00235,0.000102005986264,9.99477577209473,7.00235,7.00235
7.00245,0.000102038851765,9.99456310272217,7.00245,7.00245
7.00255,0.000102067126136,9.99429416656494,7.00255,7.00255
7.00265,0.000102059260826,9.99432754516602,7.00265,7.00265
7.00275,0.000102079306089,9.99448108673096,7.00275,7.00275
7.00285,0.000102094039903,9.99458599090576,7.00285,7.00285
7.00295,0.000102112448076,9.99439716339111,7.00295,7.00295
7.00305,0.000102126963611,9.99450874328613,7.00305,7.00305
7.00315,6.3529078034E-05,0.034889619797468,7.00315,7.00315
7.00325,1.5285133486E-05,-0.000777257489972,7.00325,7.00325
7.00335,1.4818635464E-05,-0.000722230004612,7.00335,7.00335
7.00345,1.46688717E-05,-0.000800549169071,7.00345,7.00345
7.00355,1.467382117E-05,-0.000912926218007,7.00355,7.00355
7.00365,1.4688487681E-05,-0.000651229114737,7.00365,7.00365
7.00375,1.4725322217E-05,-0.000537726155017,7.00375,7.00375
7.00385,1.4736852791E-05,-0.000599227438215,7.00385,7.00385
7.00395,1.4800847566E-05,-0.000706538034137,7.00395,7.00395
7.00405,1.4838786228E-05,-0.000740666349884,7.00405,7.00405
7.00415,6.7706409027E-05,9.94833087921143,7.00415,7.00415
7.00425,0.000101743840787,9.99403476715088,7.00425,7.00425
7.00435,0.000101998346508,9.9938850402832,7.00435,7.00435
7.00445,0.000102032143332,9.99406242370605,7.00445,7.00445
7.00455,0.000102073601738,9.99388599395752,7.00455,7.00455
7.00465,0.000102057325421,9.99392890930176,7.00465,7.00465
7.00475,0.000102072735899,9.9940881729126,7.00475,7.00475
7.00485,0.000102058365883,9.99400997161865,7.00485,7.00485
7.00495,0.000102078869531,9.99419212341309,7.00495,7.00495
7.00505,0.000102097546915,9.99396324157715,7.00505,7.00505
7.00515,6.3677725848E-05,0.054873317480087,7.00515,7.00515
7.00525,1.5291214368E-05,-0.000689579464961,7.00525,7.00525
7.00535,1.4817215742E-05,-0.000766209792346,7.00535,7.00535
7.00545,1.4706865841E-05,-0.000796890060883,7.00545,7.00545
7.00555,1.4679691958E-05,-0.000860361615196,7.00555,7.00555
7.00565,1.4699701751E-05,-0.000747140147723,7.00565,7.00565
7.00575,1.4726187146E-05,-0.000897093501408,7.00575,7.00575
7.00585,1.4769912013E-05,-0.000982730882242,7.00585,7.00585
7.00595,1.4806430045E-05,-0.000862613378558,7.00595,7.00595
7.00605,1.4832549823E-05,-0.00069014239125,7.00605,7.00605
7.00615,6.7538014264E-05,9.92831897735596,7.00615,7.00615
7.00625,0.000101729296148,9.99427890777588,7.00625,7.00625
7.00635,0.000101984944195,9.99451065063477,7.00635,7.00635
7.00645,0.000102054538729,9.99456596374512,7.00645,7.00645
7.00655,0.000102098638308,9.99440097808838,7.00655,7.00655
7.00665,0.000102118341601,9.9946813583374,7.00665,7.00665
7.00675,0.000102104088,9.99448204040527,7.00675,7.00675
7.00685,0.000102104364487,9.99447059631348,7.00685,7.00685
7.00695,0.00010211582412,9.9946346282959,7.00695,7.00695
7.00705,0.000102105201222,9.99458694458008,7.00705,7.00705
7.00715,6.3867992139E-05,0.075588621199131,7.00715,7.00715
7.00725,1.5294968762E-05,-0.000541948189493,7.00725,7.00725
7.00735,1.4860736883E-05,-0.00065903988434,7.00735,7.00735
7.00745,1.4693408957E-05,-0.000643207167741,7.00745,7.00745
7.00755,1.4683762856E-05,-0.000551236735191,7.00755,7.00755
7.00765,1.4682975234E-05,-0.000526959891431,7.00765,7.00765
7.00775,1.4723473214E-05,-0.000447374157375,7.00775,7.00775
7.00785,1.4759020814E-05,-0.000353996321792,7.00785,7.00785
7.00795,1.4797986296E-05,-0.000246826471994,7.00795,7.00795
7.00805,1.4827909581E-05,-0.000285599031486,7.00805,7.00805
7.00815,6.7367851443E-05,9.90863227844238,7.00815,7.00815
7.00825,0.000101709243609,9.994553565979,7.00825,7.00825
7.00835,0.000102007463283,9.99485778808594,7.00835,7.00835
7.00845,0.000102055550087,9.99460697174072,7.00845,7.00845
7.00855,0.000102091311419,9.99460411071777,7.00855,7.00855
7.00865,0.000102101097582,9.99450492858887,7.00865,7.00865
7.00875,0.000102102465462,9.99446773529053,7.00875,7.00875
7.00885,0.000102106765553,9.99430370330811,7.00885,7.00885
7.00895,0.000102109581348,9.99422740936279,7.00895,7.00895
7.00905,0.000102110039734,9.9943675994873,7.00905,7.00905
7.00915,6.4015424869E-05,0.09525390714407,7.00915,7.00915
7.00925,1.5246829207E-05,-0.000499727670103,7.00925,7.00925
7.00935,1.4794498384E-05,-0.000313042371999,7.00935,7.00935
7.00945,1.4709396964E-05,-0.000454551627627,7.00945,7.00945
7.00955,1.4690575881E-05,-0.000641940569039,7.00955,7.00955
7.00965,1.4692375771E-05,-0.000585435365792,7.00965,7.00965
7.00975,1.47254068E-05,-0.000817648484372,7.00975,7.00975
7.00985,1.4796235519E-05,-0.000467217818368,7.00985,7.00985
7.00995,1.4794111848E-05,-0.000716108013876,7.00995,7.00995
7.01005,1.4823606762E-05,-0.000554755097255,7.01005,7.01005
7.01015,6.7228189437E-05,9.88803291320801,7.01015,7.01015
7.01025,0.000101712277683,9.99412155151367,7.01025,7.01025
7.01035,0.000101990714029,9.99445056915283,7.01035,7.01035
7.01045,0.00010207152809,9.99422550201416,7.01045,7.01045
7.01055,0.000102100966615,9.9941349029541,7.01055,7.01055
7.01065,0.000102061509097,9.99442863464355,7.01065,7.01065
7.01075,0.000102067890111,9.99410820007324,7.01075,7.01075
7.01085,0.000102085468825,9.99398422241211,7.01085,7.01085
7.01095,0.000102119738585,9.99389743804932,7.01095,7.01095
7.01105,0.000102090256405,9.99418354034424,7.01105,7.01105
7.01115,6.4155479777E-05,0.115032836794853,7.01115,7.01115
7.01125,1.5220238311E-05,-0.00094128435012,7.01125,7.01125
7.01135,1.4800615645E-05,-0.000858461717144,7.01135,7.01135
7.01145,1.4638800167E-05,-0.000304246437736,7.01145,7.01145
7.01155,1.4626672055E-05,-0.000437663402408,7.01155,7.01155
7.01165,1.465438072E-05,-0.000627796689514,7.01165,7.01165
7.01175,1.4708644812E-05,-0.000748266058508,7.01175,7.01175
7.01185,1.4756595192E-05,-0.000544833252206,7.01185,7.01185
7.01195,1.4798408301E-05,-0.000673746748362,7.01195,7.01195
7.01205,1.4796488358E-05,-0.000612667645328,7.01205,7.01205
7.01215,6.7042885348E-05,9.86846542358398,7.01215,7.01215
7.01225,0.000101716817881,9.99435329437256,7.01225,7.01225
7.01235,0.000101991543488,9.9940710067749,7.01235,7.01235
7.01245,0.000102036421595,9.99416828155518,7.01245,7.01245
7.01255,0.000102064557723,9.99408531188965,7.01255,7.01255
7.01265,0.00010209462198,9.99386882781982,7.01265,7.01265
7.01275,0.000102094461909,9.99361801147461,7.01275,7.01275
7.01285,0.000102109494037,9.9939022064209,7.01285,7.01285
7.01295,0.000102110068838,9.9937047958374,7.01295,7.01295
7.01305,0.000102098907519,9.99395084381104,7.01305,7.01305
7.01315,6.4340893005E-05,0.135120883584022,7.01315,7.01315
7.01325,1.5246449038E-05,-0.001110729528591,7.01325,7.01325
7.01335,1.4799997189E-05,-0.001025373698212,7.01335,7.01335
7.01345,1.4686624127E-05,-0.001027625403367,7.01345,7.01345
7.01355,1.4658711734E-05,-0.000883371860255,7.01355,7.01355
7.01365,1.469480776E-05,-0.000713785877451,7.01365,7.01365
7.01375,1.4749163711E-05,-0.000959157769103,7.01375,7.01375
7.01385,1.4757833014E-05,-0.000666991458274,7.01385,7.01385
7.01395,1.4808721971E-05,-0.000617663725279,7.01395,7.01395
7.01405,1.4847173588E-05,-0.000460743991425,7.01405,7.01405
7.01415,6.6891021561E-05,9.84840965270996,7.01415,7.01415
7.01425,0.000101720368548,9.99411773681641,7.01425,7.01425
7.01435,0.000102014448203,9.99404144287109,7.01435,7.01435
7.01445,0.000102089732536,9.9937915802002,7.01445,7.01445
7.01455,0.00010208695312,9.99372291564941,7.01455,7.01455
7.01465,0.0001020877462,9.99381446838379,7.01465,7.01465
7.01475,0.000102100137156,9.9940128326416,7.01475,7.01475
7.01485,0.000102096593764,9.99391651153564,7.01485,7.01485
7.01495,0.000102106903796,9.99393463134766,7.01495,7.01495
7.01505,0.0001021061762,9.99403762817383,7.01505,7.01505
7.01515,6.4502040914E-05,0.155027881264687,7.01515,7.01515
7.01525,1.5287685528E-05,-0.001018899842165,7.01525,7.01525
7.01535,1.4820519937E-05,-0.000658688077237,7.01535,7.01535
7.01545,1.4680134882E-05,-0.000552644080017,7.01545,7.01545
7.01555,1.4677786567E-05,-0.000784434960224,7.01555,7.01555
7.01565,1.4700587599E-05,-0.000777327863034,7.01565,7.01565
7.01575,1.4735453988E-05,-0.000519078748766,7.01575,7.01575
7.01585,1.4749233742E-05,-0.000381510064472,7.01585,7.01585
7.01595,1.4791672584E-05,-0.000617030425929,7.01595,7.01595
7.01605,1.4831291082E-05,-0.000742144067772,7.01605,7.01605
7.01615,6.6649416112E-05,9.82818984985352,7.01615,7.01615
7.01625,0.000101693614852,9.99382019042969,7.01625,7.01625
7.01635,0.000101957688457,9.99401092529297,7.01635,7.01635
7.01645,0.000102035228338,9.99401664733887,7.01645,7.01645
7.01655,0.000102069046989,9.99384593963623,7.01655,7.01655
7.01665,0.000102074234746,9.99386978149414,7.01665,7.01665
7.01675,0.000102143349068,9.9942455291748,7.01675,7.01675
7.01685,0.000102102843812,9.99409008026123,7.01685,7.01685
7.01695,0.000102105710539,9.9938907623291,7.01695,7.01695
7.01705,0.000102129546576,9.99388599395752,7.01705,7.01705
7.01715,6.4691419539E-05,0.174980118870735,7.01715,7.01715
7.01725,1.5261832232E-05,-0.001017985050566,7.01725,7.01725
7.01735,1.4838125026E-05,-0.000934388372116,7.01735,7.01735
7.01745,1.471759515E-05,-0.00066649884684,7.01745,7.01745
7.01755,1.4699750864E-05,-0.000676631811075,7.01755,7.01755
7.01765,1.4697986444E-05,-0.000702527060639,7.01765,7.01765
7.01775,1.4717974409E-05,-0.00082911842037,7.01775,7.01775
7.01785,1.4745522094E-05,-0.000604716129601,7.01785,7.01785
7.01795,1.4756504243E-05,-0.000596060883254,7.01795,7.01795
7.01805,1.4797697986E-05,-0.00080519344192,7.01805,7.01805
7.01815,6.6544234869E-05,9.808518409729,7.01815,7.01815
7.01825,0.000101714169432,9.99445915222168,7.01825,7.01825
7.01835,0.000101991296106,9.99421977996826,7.01835,7.01835
7.01845,0.00010203934653,9.99397468566895,7.01845,7.01845
7.01855,0.000102081234218,9.99383735656738,7.01855,7.01855
7.01865,0.000102120211523,9.99409580230713,7.01865,7.01865
7.01875,0.000102100893855,9.99441051483154,7.01875,7.01875
7.01885,0.000102080142824,9.99448585510254,7.01885,7.01885
7.01895,0.000102107049315,9.99437236785889,7.01895,7.01895
7.01905,0.000102120691736,9.99438667297363,7.01905,7.01905
7.01915,6.4805986767E-05,0.195192933082581,7.01915,7.01915
7.01925,1.5205628188E-05,-0.000675365212373,7.01925,7.01925
7.01935,1.4769742847E-05,-0.000589516712353,7.01935,7.01935
7.01945,1.4659836779E-05,-0.000623222789727,7.01945,7.01945
7.01955,1.4618375644E-05,-0.000737288675737,7.01955,7.01955
7.01965,1.460996009E-05,-0.000498179579154,7.01965,7.01965
7.01975,1.4656216081E-05,-0.000380665645935,7.01975,7.01975
7.01985,1.4669279153E-05,-0.000600212602876,7.01985,7.01985
7.01995,1.4691848264E-05,-0.000613793556113,7.01995,7.01995
7.02005,1.4719985302E-05,-0.000436185684521,7.02005,7.02005
7.02015,6.6326036176E-05,9.78834915161133,7.02015,7.02015
7.02025,0.000101721634564,9.99388027191162,7.02025,7.02025
7.02035,0.00010200219549,9.99398994445801,7.02035,7.02035
7.02045,0.000102080070064,9.99402904510498,7.02045,7.02045
7.02055,0.000102093348687,9.99398136138916,7.02055,7.02055
7.02065,0.000102103265817,9.99400806427002,7.02065,7.02065
7.02075,0.000102115314803,9.99400615692139,7.02075,7.02075
7.02085,0.000102090889413,9.99421310424805,7.02085,7.02085
7.02095,0.000102107973362,9.99425029754639,7.02095,7.02095
7.02105,0.000102114754554,9.99433517456055,7.02105,7.02105
7.02115,6.4955864218E-05,0.215207040309906,7.02115,7.02115
7.02125,1.5182257812E-05,-0.000564817688428,7.02125,7.02125
7.02135,1.4774439478E-05,-0.000709493469913,7.02135,7.02135
7.02145,1.4649122022E-05,-0.0006258264184,7.02145,7.02145
7.02155,1.4601339899E-05,-0.00059964961838,7.02155,7.02155
7.02165,1.4637675122E-05,-0.000394809554564,7.02165,7.02165
7.02175,1.468822029E-05,-0.000680009427015,7.02175,7.02175
7.02185,1.4703723537E-05,-0.000841151282657,7.02185,7.02185
7.02195,1.4728226233E-05,-0.000652988266665,7.02195,7.02195
7.02205,1.4742210624E-05,-0.000848047318868,7.02205,7.02205
7.02215,1.4765517335E-05,-0.000755232409574,7.02215,7.02215
7.02225,1.4793809896E-05,-0.000526889518369,7.02225,7.02225
7.02235,1.4817728697E-05,-0.000825600058306,7.02235,7.02235
7.02245,1.4853298126E-05,-0.00088069785852,7.02245,7.02245
7.02255,1.4854844267E-05,-0.000609782582615,7.02255,7.02255
7.02265,1.4856405869E-05,-0.000599438557401,7.02265,7.02265
7.02275,1.4942139387E-05,-0.000704849197064,7.02275,7.02275
7.02285,1.4972998542E-05,-0.000885342131369,7.02285,7.02285
7.02295,1.4972400095E-05,-0.000769376289099,7.02295,7.02295
7.02305,1.5015815734E-05,-0.000747492013033,7.02305,7.02305
7.02315,1.5024899767E-05,-0.000965279701632,7.02315,7.02315
7.02325,1.5064821127E-05,-0.00084368448006,7.02325,7.02325
7.02335,1.504478314E-05,-0.000769868900534,7.02335,7.02335
7.02345,1.5088057808E-05,-0.000780353671871,7.02345,7.02345
7.02355,1.510337097E-05,-0.001016929512843,7.02355,7.02355
7.02365,1.5129407075E-05,-0.000886467983946,7.02365,7.02365
7.02375,1.5143608834E-05,-0.001054576248862,7.02375,7.02375
7.02385,1.5155294022E-05,-0.001109744422138,7.02385,7.02385
7.02395,1.518706631E-05,-0.001211073831655,7.02395,7.02395
7.02405,1.5195369997E-05,-0.001256179413758,7.02405,7.02405
7.02415,1.5215366147E-05,-0.001149783609435,7.02415,7.02415
7.02425,1.5254935533E-05,-0.001010244595818,7.02425,7.02425
7.02435,1.5235973478E-05,-0.000949376670178,7.02435,7.02435
7.02445,1.5240951143E-05,-0.001024669967592,7.02445,7.02445
7.02455,1.5297795471E-05,-0.001076812390238,7.02455,7.02455
7.02465,1.5302850443E-05,-0.000987023347989,7.02465,7.02465
7.02475,1.5323388652E-05,-0.000774794607423,7.02475,7.02475
7.02485,1.5364777937E-05,-0.000863387424033,7.02485,7.02485
7.02495,1.5401170458E-05,-0.001118821790442,7.02495,7.02495
7.02505,1.537197204E-05,-0.000983645673841,7.02505,7.02505
7.02515,1.5376168449E-05,-0.00081384863006,7.02515,7.02515
7.02525,1.5419900592E-05,-0.000982730882242,7.02525,7.02525
7.02535,1.5443538359E-05,-0.000777609297074,7.02535,7.02535
7.02545,1.5465313481E-05,-0.000718711642548,7.02545,7.02545
7.02555,1.5465306205E-05,-0.000822574249469,7.02555,7.02555
7.02565,1.5487354176E-05,-0.001088282326236,7.02565,7.02565
7.02575,1.5484367395E-05,-0.00092481833417,7.02575,7.02575
7.02585,1.547854481E-05,-0.000955217168666,7.02585,7.02585
7.02595,1.5496811102E-05,-0.00079428643221,7.02595,7.02595
7.02605,1.5506753698E-05,-0.000848328752909,7.02605,7.02605
7.02615,1.5530313249E-05,-0.001017773989588,7.02615,7.02615
7.02625,1.5521123714E-05,-0.00096218357794,7.02625,7.02625
7.02635,1.5552101104E-05,-0.001158438855782,7.02635,7.02635
7.02645,1.5586447262E-05,-0.00096218357794,7.02645,7.02645
7.02655,1.5570803953E-05,-0.00099884509109,7.02655,7.02655
7.02665,1.5567275113E-05,-0.001176171470433,7.02665,7.02665
7.02675,1.5582820197E-05,-0.000953106151428,7.02675,7.02675
7.02685,1.561559111E-05,-0.000920103746466,7.02685,7.02685
7.02695,1.5602870917E-05,-0.000969431421254,7.02695,7.02695
7.02705,1.5603356587E-05,-0.001175045617856,7.02705,7.02705
7.02715,1.5603764041E-05,-0.001251535140909,7.02715,7.02715
7.02725,1.5610759874E-05,-0.001243935432285,7.02725,7.02725
7.02735,1.5624105799E-05,-0.001028821687214,7.02735,7.02735
7.02745,1.5651054127E-05,-0.001215295866132,7.02745,7.02745
7.02755,1.5669946151E-05,-0.001138946972787,7.02755,7.02755
7.02765,1.5707553757E-05,-0.00129699264653,7.02765,7.02765
7.02775,1.5699559299E-05,-0.001199392718263,7.02775,7.02775
7.02785,1.5724857803E-05,-0.000950924761128,7.02785,7.02785
7.02795,1.571824032E-05,-0.000952402479015,7.02795,7.02795
7.02805,1.5736317437E-05,-0.00119313003961,7.02805,7.02805
7.02815,1.5758112568E-05,-0.001136695267633,7.02815,7.02815
7.02825,1.5760968381E-05,-0.001289392937906,7.02825,7.02825
7.02835,1.5761459508E-05,-0.001188908005133,7.02835,7.02835
7.02845,1.5755778804E-05,-0.001419080421329,7.02845,7.02845
7.02855,1.5791720216E-05,-0.001325139659457,7.02855,7.02855
7.02865,1.5803419956E-05,-0.001097641186789,7.02865,7.02865
7.02875,1.5815365259E-05,-0.000842066074256,7.02875,7.02875
7.02885,1.5810857803E-05,-0.001131417695433,7.02885,7.02885
7.02895,1.5841505956E-05,-0.000989204738289,7.02895,7.02895
7.02905,1.5841576896E-05,-0.000953457958531,7.02905,7.02905
7.02915,1.5833940779E-05,-0.000940580677707,7.02915,7.02915
7.02925,1.584419806E-05,-0.000997156254016,7.02925,7.02925
7.02935,1.586502367E-05,-0.001124310540035,7.02935,7.02935
7.02945,1.5865432943E-05,-0.000951558060478,7.02945,7.02945
7.02955,1.5868834453E-05,-0.000889986404218,7.02955,7.02955
7.02965,1.5871752112E-05,-0.001154638943262,7.02965,7.02965
7.02975,1.5868772607E-05,-0.000878657214344,7.02975,7.02975
7.02985,1.5901352526E-05,-0.000788868113887,7.02985,7.02985
7.02995,1.5897183403E-05,-0.000997085939161,7.02995,7.02995
7.03005,1.5938152501E-05,-0.001192355994135,7.03005,7.03005
7.03015,1.59158717E-05,-0.00115203531459,7.03015,7.03015
7.03025,1.5936395357E-05,-0.00136060488876,7.03025,7.03025
7.03035,1.5943207472E-05,-0.001303114579059,7.03035,7.03035
7.03045,1.5943200196E-05,-0.001095882034861,7.03045,7.03045
7.03055,1.5925385014E-05,-0.000986249302514,7.03055,7.03055
7.03065,1.597372102E-05,-0.000889634538908,7.03065,7.03065
7.03075,1.5966494175E-05,-0.000886116176844,7.03075,7.03075
7.03085,1.5953577531E-05,-0.000841784582008,7.03085,7.03085
7.03095,1.5960911696E-05,-0.000738836766686,7.03095,7.03095
7.03105,1.5996409275E-05,-0.000901104474906,7.03105,7.03105
7.03115,1.6040978153E-05,-0.000957117066719,7.03115,7.03115
7.03125,1.6041372874E-05,-0.001109814736992,7.03125,7.03125
7.03135,1.6050491467E-05,-0.00099877465982,7.03135,7.03135
7.03145,1.6052157662E-05,-0.000720189360436,7.03145,7.03145
7.03155,1.6032689018E-05,-0.000758398964535,7.03155,7.03155
7.03165,1.6024667275E-05,-0.000476787798107,7.03165,7.03165
7.03175,1.6026664525E-05,-0.000875701778568,7.03175,7.03175
7.03185,1.6040106857E-05,-0.000678109528963,7.03185,7.03185
7.03195,1.6042933566E-05,-0.000732503714971,7.03195,7.03195
7.03205,1.6039868569E-05,-0.001170893898234,7.03205,7.03205
7.03215,1.6070296624E-05,-0.001078360481188,7.03215,7.03215
7.03225,1.6097808839E-05,-0.00126187922433,7.03225,7.03225
7.03235,1.6042300558E-05,-0.001102496520616,7.03235,7.03235
7.03245,1.6068883269E-05,-0.000934529060032,7.03245,7.03245
7.03255,1.6102583686E-05,-0.001127688214183,7.03255,7.03255
7.03265,1.6098427295E-05,-0.000911518873181,7.03265,7.03265
7.03275,1.6123718524E-05,-0.000871127878781,7.03275,7.03275
7.03285,1.6127225535E-05,-0.001001307973638,7.03285,7.03285
7.03295,1.6117503037E-05,-0.000995959970169,7.03295,7.03295
7.03305,1.6133222744E-05,-0.000904693210032,7.03305,7.03305
7.03315,1.6169959054E-05,-0.000881542277057,7.03315,7.03315
7.03325,1.6161684471E-05,-0.00087204267038,7.03325,7.03325
7.03335,1.6169762603E-05,-0.000752628839109,7.03335,7.03335
7.03345,1.6197654986E-05,-0.000821518711746,7.03345,7.03345
7.03355,1.6185920686E-05,-0.000925451691728,7.03355,7.03355
7.03365,1.620140938E-05,-0.000928266381379,7.03365,7.03365
7.03375,1.6154892364E-05,-0.001048735692166,7.03375,7.03375
7.03385,1.6182137188E-05,-0.001149853924289,7.03385,7.03385
7.03395,1.625128607E-05,-0.000951698806603,7.03395,7.03395
7.03405,1.6237161617E-05,-0.000964153849054,7.03405,7.03405
7.03415,1.6205556676E-05,-0.001101018860936,7.03415,7.03415
7.03425,1.6253683498E-05,-0.001225147279911,7.03425,7.03425
7.03435,1.6262141799E-05,-0.001184474793263,7.03435,7.03435
7.03445,1.623332173E-05,-0.001029736478813,7.03445,7.03445
7.03455,1.6218002202E-05,-0.001006867038086,7.03455,7.03455
7.03465,1.6242545826E-05,-0.001029173494317,7.03465,7.03465
7.03475,1.6227240849E-05,-0.001098274486139,7.03475,7.03475
7.03485,1.6227810193E-05,-0.000726311351173,7.03485,7.03485
7.03495,1.625668483E-05,-0.000807163713034,7.03495,7.03495
7.03505,1.6253548893E-05,-0.001164983026683,7.03505,7.03505
7.03515,1.6285041056E-05,-0.00100320787169,7.03515,7.03515
7.03525,1.6282776414E-05,-0.001071675564162,7.03525,7.03525
7.03535,1.6296100512E-05,-0.001157875871286,7.03535,7.03535
7.03545,1.6301381038E-05,-0.001058164983988,7.03545,7.03545
7.03555,1.631125815E-05,-0.001055631786585,7.03555,7.03555
7.03565,1.6291347492E-05,-0.00137094897218,7.03565,7.03565
7.03575,1.6316194888E-05,-0.001286226441152,7.03575,7.03575
7.03585,1.6314928871E-05,-0.001192989293486,7.03585,7.03585
7.03595,1.6313741071E-05,-0.000968938868027,7.03595,7.03595
7.03605,1.6306696125E-05,-0.001140917302109,7.03605,7.03605
7.03615,1.6347115888E-05,-0.001144857844338,7.03615,7.03615
7.03625,1.6320926079E-05,-0.001109744422138,7.03625,7.03625
7.03635,1.6305775716E-05,-0.000900752609596,7.03635,7.03635
7.03645,1.6343677999E-05,-0.000999196898192,7.03645,7.03645
7.03655,1.6336211047E-05,-0.001153231598437,7.03655,7.03655
7.03665,1.6347277779E-05,-0.000971401692368,7.03665,7.03665
7.03675,1.6351370505E-05,-0.001088985940441,7.03675,7.03675
7.03685,1.6377138309E-05,-0.001065835007466,7.03685,7.03685
7.03695,1.6356467313E-05,-0.001133387908339,7.03695,7.03695
7.03705,1.6357374989E-05,-0.000922144390643,7.03705,7.03705
7.03715,1.6352720195E-05,-0.000856983999256,7.03715,7.03715
7.03725,1.638453432E-05,-0.001028047641739,7.03725,7.03725
7.03735,1.6372125174E-05,-0.000937625241932,7.03735,7.03735
7.03745,1.6361234884E-05,-0.00111692189239,7.03745,7.03745
7.03755,1.6349034922E-05,-0.001557352719828,7.03755,7.03755
7.03765,1.6384436094E-05,-0.001210229354911,7.03765,7.03765
7.03775,1.636660636E-05,-0.001159775769338,7.03775,7.03775
7.03785,1.6403215341E-05,-0.001582896220498,7.03785,7.03785
7.03795,1.6412222976E-05,-0.001479737344198,7.03795,7.03795
7.03805,1.640420669E-05,-0.001124240108766,7.03805,7.03805
7.03815,1.6422311091E-05,-0.001007641083561,7.03815,7.03815
7.03825,1.6445463189E-05,-0.001220995560288,7.03825,7.03825
7.03835,1.6418985979E-05,-0.00108251220081,7.03835,7.03835
7.03845,1.6421825421E-05,-0.000957257812843,7.03845,7.03845
7.03855,1.6420968677E-05,-0.000986178871244,7.03855,7.03855
7.03865,1.6474466975E-05,-0.001433365046978,7.03865,7.03865
7.03875,1.647334102E-05,-0.001156820333563,7.03875,7.03875
7.03885,1.646887722E-05,-0.000821518711746,7.03885,7.03885
7.03895,1.6474037693E-05,-0.001263005076908,7.03895,7.03895
7.03905,1.6483445506E-05,-0.001234646886587,7.03905,7.03905
7.03915,1.6446616428E-05,-0.001156187034212,7.03915,7.03915
7.03925,1.6482896172E-05,-0.001009189174511,7.03925,7.03925
7.03935,1.6480878912E-05,-0.001044232165441,7.03935,7.03935
7.03945,1.6496296666E-05,-0.000863880035467,7.03945,7.03945
7.03955,1.6487460016E-05,-0.000833973754197,7.03955,7.03955
7.03965,1.6501169739E-05,-0.000983504927717,7.03965,7.03965
7.03975,1.6511856302E-05,-0.000931292190216,7.03975,7.03975
7.03985,1.6489477275E-05,-0.00116322375834,7.03985,7.03985
7.03995,1.650930426E-05,-0.000928407127503,7.03995,7.03995
7.04005,1.6515161406E-05,-0.001134302699938,7.04005,7.04005
7.04015,1.6531444999E-05,-0.001275530550629,7.04015,7.04015
7.04025,1.6510737623E-05,-0.001276374910958,7.04025,7.04025
7.04035,1.6531563233E-05,-0.001184404478408,7.04035,7.04035
7.04045,1.6546096958E-05,-0.001134654507041,7.04045,7.04045
7.04055,1.6563779354E-05,-0.000899556383956,7.04055,7.04055
7.04065,1.6567983039E-05,-0.001425483846106,7.04065,7.04065
7.04075,1.6569079889E-05,-0.001091097015887,7.04075,7.04075
7.04085,1.6553893147E-05,-0.000927281216718,7.04085,7.04085
7.04095,1.6579717339E-05,-0.001094756182283,7.04095,7.04095
7.04105,1.6554955437E-05,-0.000820744666271,7.04105,7.04105
7.04115,1.6590229279E-05,-0.000993778579868,7.04115,7.04115
7.04125,1.6574966139E-05,-0.00130001839716,7.04125,7.04125
7.04135,1.657885332E-05,-0.001266804873012,7.04135,7.04135
7.04145,1.6573980247E-05,-0.001016296213493,7.04145,7.04145
7.04155,1.6587142454E-05,-0.000700486416463,7.04155,7.04155
7.04165,1.6575724658E-05,-0.000838547653984,7.04165,7.04165
7.04175,1.6578424038E-05,-0.000777257489972,7.04175,7.04175
7.04185,1.6620580936E-05,-0.000869016861543,7.04185,7.04185
7.04195,1.6591819076E-05,-0.001175608485937,7.04195,7.04195
7.04205,1.6583157048E-05,-0.001285241218284,7.04205,7.04205
7.04215,1.6619336748E-05,-0.001107070478611,7.04215,7.04215
7.04225,1.6636267901E-05,-0.001372637809254,7.04225,7.04225
7.04235,1.6613634216E-05,-0.001377211650833,7.04235,7.04235
7.04245,1.6631613107E-05,-0.001208751695231,7.04245,7.04245
7.04255,1.662880095E-05,-0.001130502903834,7.04255,7.04255
7.04265,1.6635352949E-05,-0.000999408075586,7.04265,7.04265
7.04275,1.6633828636E-05,-0.000901878520381,7.04275,7.04275
7.04285,1.6643509298E-05,-0.001292207627557,7.04285,7.04285
7.04295,1.6665353542E-05,-0.001172512304038,7.04295,7.04295
7.04305,1.6661093468E-05,-0.00085339526413,7.04305,7.04305
7.04315,1.6643945855E-05,-0.000756569381338,7.04315,7.04315
7.04325,1.6640253307E-05,-0.001079204841517,7.04325,7.04325
7.04335,1.6644866264E-05,-0.001512950868346,7.04335,7.04335
7.04345,1.6660804249E-05,-0.001074630999938,7.04345,7.04345
7.04355,1.6662675989E-05,-0.000892308540642,7.04355,7.04355
7.04365,1.6654315914E-05,-0.001034521497786,7.04365,7.04365
7.04375,1.6684682123E-05,-0.00081792997662,7.04375,7.04375
7.04385,1.6633988707E-05,-0.000964927894529,7.04385,7.04385
7.04395,1.669800622E-05,-0.000839462445583,7.04395,7.04395
7.04405,1.6692760255E-05,-0.000931573624257,7.04405,7.04405
7.04415,1.6673446225E-05,-0.000921370345168,7.04415,7.04415
7.04425,1.6655503714E-05,-0.000958594784606,7.04425,7.04425
7.04435,1.6680301997E-05,-0.000794567924459,7.04435,7.04435
7.04445,1.6675259758E-05,-0.000776272325311,7.04445,7.04445
7.04455,1.6659461835E-05,-0.000808641430922,7.04455,7.04455
7.04465,1.6679170585E-05,-0.000693590380251,7.04465,7.04465
7.04475,1.6699741536E-05,-0.00113191024866,7.04475,7.04475
7.04485,1.6741083527E-05,-0.001122199464589,7.04485,7.04485
7.04495,1.6697695173E-05,-0.000956624513492,7.04495,7.04495
7.04505,1.6723597582E-05,-0.000815185601823,7.04505,7.04505
7.04515,1.6737174519E-05,-0.000922425882891,7.04515,7.04515
7.04525,1.6756383047E-05,-0.001031495630741,7.04525,7.04525
7.04535,1.6724392481E-05,-0.000579313433263,7.04535,7.04535
7.04545,1.6694139049E-05,-0.000867820577696,7.04545,7.04545
7.04555,1.6701253116E-05,-0.000756921246648,7.04555,7.04555
7.04565,1.6736063117E-05,-0.000673043075949,7.04565,7.04565
7.04575,1.6743979359E-05,-0.000703441852238,7.04575,7.04575
7.04585,1.6729285562E-05,-0.000597257167101,7.04585,7.04585
7.04595,1.6728372429E-05,-0.000551236735191,7.04595,7.04595
7.04605,1.6729482013E-05,-0.000800549169071,7.04605,7.04605
7.04615,1.6753605451E-05,-0.000867750204634,7.04615,7.04615
7.04625,1.677954242E-05,-0.000885131012183,7.04625,7.04625
7.04635,1.6763835447E-05,-0.000964998267591,7.04635,7.04635
7.04645,1.6753338059E-05,-0.000948954431806,7.04645,7.04645
7.04655,1.6750378563E-05,-0.000940651050769,7.04655,7.04655
7.04665,1.6746440451E-05,-0.001048735692166,7.04665,7.04665
7.04675,1.6779282305E-05,-0.001291996566579,7.04675,7.04675
7.04685,1.6769290596E-05,-0.001234084018506,7.04685,7.04685
7.04695,1.6739692001E-05,-0.001283200574107,7.04695,7.04695
7.04705,1.6743333617E-05,-0.001428931835108,7.04705,7.04705
7.04715,1.6745527319E-05,-0.001162027590908,7.04715,7.04715
7.04725,1.6797646822E-05,-0.001159635023214,7.04725,7.04725
7.04735,1.6788028006E-05,-0.001014255569316,7.04735,7.04735
7.04745,1.6795087504E-05,-0.000885482877493,7.04745,7.04745
7.04755,1.679844172E-05,-0.001066890545189,7.04755,7.04755
7.04765,1.6781088561E-05,-0.000971331319306,7.04765,7.04765
7.04775,1.6789414076E-05,-0.000970416585915,7.04775,7.04775
7.04785,1.6784626496E-05,-0.000677335483488,7.04785,7.04785
7.04795,1.6818141376E-05,-0.000767265271861,7.04795,7.04795
7.04805,1.6815562049E-05,-0.000587194575928,7.04805,7.04805
7.04815,1.6770733055E-05,-0.00073088525096,7.04815,7.04815
7.04825,1.680544483E-05,-0.000972738722339,7.04825,7.04825
7.04835,1.6813064576E-05,-0.000863950350322,7.04835,7.04835
7.04845,1.6804269762E-05,-0.001040784176439,7.04845,7.04845
7.04855,1.6830916138E-05,-0.000752628839109,7.04855,7.04855
7.04865,1.6849653548E-05,-0.000993356457911,7.04865,7.04865
7.04875,1.685420284E-05,-0.00083840690786,7.04875,7.04875
7.04885,1.6858983145E-05,-0.000793301325757,7.04885,7.04885
7.04895,1.6869213141E-05,-0.000846076989546,7.04895,7.04895
7.04905,1.6852720364E-05,-0.000855365535244,7.04905,7.04905
7.04915,1.6875261281E-05,-0.000864724395797,7.04915,7.04915
7.04925,1.6868560124E-05,-0.000844669644721,7.04925,7.04925
7.04935,1.6861149561E-05,-0.000825881492347,7.04935,7.04935
7.04945,1.6892499843E-05,-0.000880557112396,7.04945,7.04945
7.04955,1.6871499611E-05,-0.001022488577291,7.04955,7.04955
7.04965,1.686284304E-05,-0.001027555088513,7.04965,7.04965
7.04975,1.6865853468E-05,-0.000706115853973,7.04975,7.04975
7.04985,1.6899657567E-05,-0.000563973269891,7.04985,7.04985
7.04995,1.689106648E-05,-0.00085184717318,7.04995,7.04995
7.05005,1.6920863345E-05,-0.000733488821425,7.05005,7.05005
7.05015,1.6866450096E-05,-0.000702527060639,7.05015,7.05015
7.05025,1.6882515411E-05,-0.000645107124001,7.05025,7.05025
7.05035,1.6880519979E-05,-0.000726240978111,7.05035,7.05035
7.05045,1.6878424503E-05,-0.000806952593848,7.05045,7.05045
7.05055,1.6872370907E-05,-0.000739118258934,7.05055,7.05055
7.05065,1.6882404452E-05,-0.000733629567549,7.05065,7.05065
7.05075,1.6873482309E-05,-0.000879712693859,7.05075,7.05075
7.05085,1.691954094E-05,-0.000956413394306,7.05085,7.05085
7.05095,1.6916193999E-05,-0.000956694886554,7.05095,7.05095
7.05105,1.6896543457E-05,-0.000900963728782,7.05105,7.05105
7.05115,1.6934214727E-05,-0.000961902085692,7.05115,7.05115
7.05125,1.6933658117E-05,-0.000706467661075,7.05125,7.05125
7.05135,1.6922183931E-05,-0.000704004778527,7.05135,7.05135
7.05145,1.689678902E-05,-0.000945084204432,7.05145,7.05145
7.05155,1.6940261048E-05,-0.000864724395797,7.05155,7.05155
7.05165,1.6923062503E-05,-0.000999056152068,7.05165,7.05165
7.05175,1.694961793E-05,-0.000865568814334,7.05175,7.05175
7.05185,1.6934811356E-05,-0.000704427016899,7.05185,7.05185
7.05195,1.6938918634E-05,-0.000681276083924,7.05195,7.05195
7.05205,1.694522507E-05,-0.000590431503952,7.05205,7.05205
7.05215,1.6960988432E-05,-0.000573543249629,7.05215,7.05215
7.05225,1.6960952053E-05,-0.000793090206571,7.05225,7.05225
7.05235,1.6979507564E-05,-0.000759665563237,7.05235,7.05235
7.05245,1.6944444724E-05,-0.000654536357615,7.05245,7.05245
7.05255,1.695283936E-05,-0.0007184301503,7.05255,7.05255
7.05265,1.6953443264E-05,-0.00088815682102,7.05265,7.05265
7.05275,1.6947269614E-05,-0.000852480472531,7.05275,7.05275
7.05285,1.6951848011E-05,-0.000578680075705,7.05285,7.05285
7.05295,1.6964004317E-05,-0.000654817849863,7.05295,7.05295
7.05305,1.6961936126E-05,-0.000543285219464,7.05305,7.05305
7.05315,1.6962949303E-05,-0.000912574410904,7.05315,7.05315
7.05325,1.6955094907E-05,-0.000762761745136,7.05325,7.05325
7.05335,1.6955229512E-05,-0.00080174539471,7.05335,7.05335
7.05345,1.6991776647E-05,-0.000947195279878,7.05345,7.05345
7.05355,1.698233973E-05,-0.000989275053144,7.05355,7.05355
7.05365,1.7007130737E-05,-0.000816311512608,7.05365,7.05365
7.05375,1.6987592971E-05,-0.001152105745859,7.05375,7.05375
7.05385,1.7017515347E-05,-0.001121425419115,7.05385,7.05385
7.05395,1.699861059E-05,-0.000741370022297,7.05395,7.05395
7.05405,1.7018830476E-05,-0.000620830280241,7.05405,7.05405
7.05415,1.7034846678E-05,-0.000994271133095,7.05415,7.05415
7.05425,1.7005724658E-05,-0.001266875304282,7.05425,7.05425
7.05435,1.7009731891E-05,-0.001242598518729,7.05435,7.05435
7.05445,1.7028301954E-05,-0.001258712611161,7.05445,7.05445
7.05455,1.7047228539E-05,-0.001031143823639,7.05455,7.05455
7.05465,1.7048303562E-05,-0.001108477823436,7.05465,7.05465
7.05475,1.7040394596E-05,-0.001178071368486,7.05475,7.05475
7.05485,1.7041891624E-05,-0.00110643717926,7.05485,7.05485
7.05495,1.7048605514E-05,-0.000835381157231,7.05495,7.05495
7.05505,1.7032007236E-05,-0.00108926743269,7.05505,7.05505
7.05515,1.7035381461E-05,-0.000985404825769,7.05515,7.05515
7.05525,1.7031647076E-05,-0.001290166983381,7.05525,7.05525
7.05535,1.7026648493E-05,-0.001291503896937,7.05535,7.05535
7.05545,1.7018443032E-05,-0.000748828984797,7.05545,7.05545
7.05555,1.7058175217E-05,-0.001055491040461,7.05555,7.05555
7.05565,1.7046666471E-05,-0.000778875953984,7.05565,7.05565
7.05575,1.7056479919E-05,-0.000555247708689,7.05575,7.05575
7.05585,1.7046539142E-05,-0.000638422206976,7.05585,7.05585
7.05595,1.7048620066E-05,-0.00083094794536,7.05595,7.05595
7.05605,1.7027436115E-05,-0.00096436496824,7.05605,7.05605
7.05615,1.7068883608E-05,-0.000707734317984,7.05615,7.05615
7.05625,1.708747368E-05,-0.000592964701355,7.05625,7.05625
7.05635,1.7107187887E-05,-0.000874646240845,7.05635,7.05635
7.05645,1.7078080418E-05,-0.000857195060235,7.05645,7.05645
7.05655,1.7117550669E-05,-0.00067620963091,7.05655,7.05655
7.05665,1.7128575564E-05,-0.000782605435234,7.05665,7.05665
7.05675,1.7107475287E-05,-0.000874364806805,7.05675,7.05675
7.05685,1.7115175069E-05,-0.000851073127706,7.05685,7.05685
7.05695,1.7127162209E-05,-0.000877179496456,7.05695,7.05695
7.05705,1.712912308E-05,-0.000873661134392,7.05705,7.05705
7.05715,1.7106420273E-05,-0.000848821364343,7.05715,7.05715
7.05725,1.7128926629E-05,-0.000890478957444,7.05725,7.05725
7.05735,1.7123576981E-05,-0.000963168684393,7.05735,7.05735
7.05745,1.7155587557E-05,-0.001140706124716,7.05745,7.05745
7.05755,1.7133292204E-05,-0.001047680154443,7.05755,7.05755
7.05765,1.7140091586E-05,-0.00100405223202,7.05765,7.05765
7.05775,1.7128681066E-05,-0.001073997700587,7.05775,7.05775
7.05785,1.7112144633E-05,-0.001135428552516,7.05785,7.05785
7.05795,1.7108663087E-05,-0.001100948429666,7.05795,7.05795
7.05805,1.7152930013E-05,-0.001068860874511,7.05805,7.05805
7.05815,1.7147418475E-05,-0.001081386231817,7.05815,7.05815
7.05825,1.7159074559E-05,-0.000862754124682,7.05825,7.05825
7.05835,1.7179190763E-05,-0.001106085255742,7.05835,7.05835
7.05845,1.7180589566E-05,-0.000866976159159,7.05845,7.05845
7.05855,1.7187445337E-05,-0.000944662024267,7.05855,7.05855
7.05865,1.7162808945E-05,-0.00086796132382,7.05865,7.05865
7.05875,1.7178479538E-05,-0.000979353208095,7.05875,7.05875
7.05885,1.7176511392E-05,-0.000998071045615,7.05885,7.05885
7.05895,1.7166401449E-05,-0.001250409288332,7.05895,7.05895
7.05905,1.7195761757E-05,-0.00150549178943,7.05905,7.05905
7.05915,1.721740955E-05,-0.001168712507933,7.05915,7.05915
7.05925,1.7197675334E-05,-0.000910744827706,7.05925,7.05925
7.05935,1.718778185E-05,-0.000822996429633,7.05935,7.05935
7.05945,1.7201064111E-05,-0.000847273273394,7.05945,7.05945
7.05955,1.7219224901E-05,-0.000893293647096,7.05955,7.05955
7.05965,1.7207439669E-05,-0.001001659780741,7.05965,7.05965
7.05975,1.7214830223E-05,-0.000790134770796,7.05975,7.05975
7.05985,1.7215821572E-05,-0.000842840119731,7.05985,7.05985
7.05995,1.7210835722E-05,-0.001024388475344,7.05995,7.05995
7.06005,1.7209726138E-05,-0.001046202494763,7.06005,7.06005
7.06015,1.7216067135E-05,-0.001096444902942,7.06015,7.06015
7.06025,1.7242011381E-05,-0.00112501415424,7.06025,7.06025
7.06035,1.7230395315E-05,-0.000875912897754,7.06035,7.06035
7.06045,1.7238178771E-05,-0.000887242029421,7.06045,7.06045
7.06055,1.7247853975E-05,-0.001213536597788,7.06055,7.06055
7.06065,1.7230184312E-05,-0.001012425986119,7.06065,7.06065
7.06075,1.7233209292E-05,-0.000999689451419,7.06075,7.06075
7.06085,1.7219315851E-05,-0.000618789636064,7.06085,7.06085
7.06095,1.723348214E-05,-0.000743832846638,7.06095,7.06095
7.06105,1.7232976461E-05,-0.001011722371913,7.06105,7.06105
7.06115,1.7226409909E-05,-0.000865568814334,7.06115,7.06115
7.06125,1.7284224668E-05,-0.000668258056976,7.06125,7.06125
7.06135,1.7292746634E-05,-0.000777679670136,7.06135,7.06135
7.06145,1.7276603103E-05,-0.001171245705336,7.06145,7.06145
7.06155,1.7277876395E-05,-0.000684442638885,7.06155,7.06155
7.06165,1.7281883629E-05,-0.000953106151428,7.06165,7.06165
7.06175,1.72592936E-05,-0.000933473580517,7.06175,7.06175
7.06185,1.7253492842E-05,-0.000964576029219,7.06185,7.06185
7.06195,1.7263315385E-05,-0.000971894303802,7.06195,7.06195
7.06205,1.7273327103E-05,-0.000603871711064,7.06205,7.06205
7.06215,1.7290742107E-05,-0.000536459556315,7.06215,7.06215
7.06225,1.7282683984E-05,-0.000719696807209,7.06225,7.06225
7.06235,1.7277398001E-05,-0.000666639592964,7.06235,7.06235
7.06245,1.7290256437E-05,-0.000732151849661,7.06245,7.06245
7.06255,1.7247790311E-05,-0.000965350074694,7.06255,7.06255
7.06265,1.7279935491E-05,-0.000658125150949,7.06265,7.06265
7.06275,1.7293645215E-05,-0.000420212250901,7.06275,7.06275
7.06285,1.730016993E-05,-0.000663543411065,7.06285,7.06285
7.06295,1.7274205675E-05,-0.000528507982381,7.06295,7.06295
7.06305,1.7277587176E-05,-0.00066685071215,7.06305,7.06305
7.06315,1.7292788471E-05,-0.000652354967315,7.06315,7.06315
7.06325,1.7284048226E-05,-0.000813074584585,7.06325,7.06325
7.06335,1.7272230252E-05,-0.000927492335904,7.06335,7.06335
7.06345,1.7281819964E-05,-0.001046272809617,7.06345,7.06345
7.06355,1.7282874978E-05,-0.000884568085894,7.06355,7.06355
7.06365,1.7305274014E-05,-0.000617945217527,7.06365,7.06365
7.06375,1.7302989363E-05,-0.000785701617133,7.06375,7.06375
7.06385,1.7312178898E-05,-0.000530830118805,7.06385,7.06385
7.06395,1.7323533029E-05,-0.000367225438822,7.06395,7.06395
7.06405,1.7300128093E-05,-0.000737992348149,7.06405,7.06405
7.06415,1.7311764168E-05,-0.000958805903792,7.06415,7.06415
7.06425,1.734086436E-05,-0.000536107691005,7.06425,7.06425
7.06435,1.7298145394E-05,-0.000297631864669,7.06435,7.06435
7.06445,1.7316024241E-05,-0.00075544352876,7.06445,7.06445
7.06455,1.7315385776E-05,-0.000637507415377,7.06455,7.06455
7.06465,1.7321937776E-05,-0.000777327863034,7.06465,7.06465
7.06475,1.7280674001E-05,-0.000642433122266,7.06475,7.06475
7.06485,1.7279795429E-05,-0.000814130122308,7.06485,7.06485
7.06495,1.7308368115E-05,-0.000602956919465,7.06495,7.06495
7.06505,1.7316067897E-05,-0.000884638458956,7.06505,7.06505
7.06515,1.7342488718E-05,-0.000985475257039,7.06515,7.06515
7.06525,1.7355165255E-05,-0.000847625080496,7.06525,7.06525
7.06535,1.7328118702E-05,-0.000740595976822,7.06535,7.06535
7.06545,1.7326958186E-05,-0.000827359210234,7.06545,7.06545
7.06555,1.7358055629E-05,-0.000960213248618,7.06555,7.06555
7.06565,1.7353380827E-05,-0.000763606163673,7.06565,7.06565
7.06575,1.7353471776E-05,-0.000869016861543,7.06575,7.06575
7.06585,1.7352311261E-05,-0.001011159387417,7.06585,7.06585
7.06595,1.7360573111E-05,-0.000617382291239,7.06595,7.06595
7.06605,1.7392134396E-05,-0.000824755639769,7.06605,7.06605
7.06615,1.7390228095E-05,-0.000597749720328,7.06615,7.06615
7.06625,1.7379990823E-05,-0.000919329700992,7.06625,7.06625
7.06635,1.7376511096E-05,-0.000695631082635,7.06635,7.06635
7.06645,1.7369657144E-05,-0.000879712693859,7.06645,7.06645
7.06655,1.7353710064E-05,-0.000792879087385,7.06655,7.06655
7.06665,1.7404607206E-05,-0.00105485774111,7.06665,7.06665
7.06675,1.7373931769E-05,-0.000999759882689,7.06675,7.06675
7.06685,1.7372538423E-05,-0.001089337863959,7.06685,7.06685
7.06695,1.7405316612E-05,-0.001099752262235,7.06695,7.06695
7.06705,1.7386952095E-05,-0.001142606139183,7.06705,7.06705
7.06715,1.7382382794E-05,-0.001029595732689,7.06715,7.06715
7.06725,1.7389511413E-05,-0.000934388372116,7.06725,7.06725
7.06735,1.7393771486E-05,-0.001208681263961,7.06735,7.06735
7.06745,1.7383064915E-05,-0.001144435605966,7.06745,7.06745
7.06755,1.7368636691E-05,-0.000767335644923,7.06755,7.06755
7.06765,1.7374528397E-05,-0.000975694158114,7.06765,7.06765
7.06775,1.7412010493E-05,-0.001275037880987,7.06775,7.06775
7.06785,1.7422591554E-05,-0.001302692457102,7.06785,7.06785
7.06795,1.7437911083E-05,-0.000800900976174,7.06795,7.06795
7.06805,1.7417669369E-05,-0.001123043941334,7.06805,7.06805
7.06815,1.7404936443E-05,-0.001024810713716,7.06815,7.06815
7.06825,1.7381889847E-05,-0.000975764531177,7.06825,7.06825
7.06835,1.738868923E-05,-0.000694294052664,7.06835,7.06835
7.06845,1.7413971364E-05,-0.001013411208987,7.06845,7.06845
7.06855,1.7399952412E-05,-0.001185178523883,7.06855,7.06855
7.06865,1.7384301827E-05,-0.000963942729868,7.06865,7.06865
7.06875,1.7400170691E-05,-0.000843754853122,7.06875,7.06875
7.06885,1.7417416529E-05,-0.001060909358785,7.06885,7.06885
7.06895,1.7443620891E-05,-0.000802730559371,7.06895,7.06895
7.06905,1.7379470592E-05,-0.000659251003526,7.06905,7.06905
7.06915,1.7388674678E-05,-0.000828977674246,7.06915,7.06915
7.06925,1.74095494E-05,-0.00093298102729,7.06925,7.06925
7.06935,1.7405689505E-05,-0.000770924380049,7.06935,7.06935
7.06945,1.7434193069E-05,-0.000725185440388,7.06945,7.06945
7.06955,1.7422584278E-05,-0.00099884509109,7.06955,7.06955
7.06965,1.7431844753E-05,-0.001140565495007,7.06965,7.06965
7.06975,1.743426219E-05,-0.001153372344561,7.06975,7.06975
7.06985,1.7442403987E-05,-0.001191159710288,7.06985,7.06985
7.06995,1.7459475202E-05,-0.001153864897788,7.06995,7.06995
7.07005,1.7419835785E-05,-0.000960072502494,7.07005,7.07005
7.07015,1.7411139197E-05,-0.001107633346692,7.07015,7.07015
7.07025,1.7444310288E-05,-0.00111607753206,7.07025,7.07025
7.07035,1.7455615307E-05,-0.001104115042835,7.07035,7.07035
7.07045,1.743638677E-05,-0.001013481523842,7.07045,7.07045
7.07055,1.7437545466E-05,-0.00092889968073,7.07055,7.07055
7.07065,1.7456044588E-05,-0.001060416689143,7.07065,7.07065
7.07075,1.7430325897E-05,-0.000890127150342,7.07075,7.07075
7.07085,1.7423393729E-05,-0.000748406746425,7.07085,7.07085
7.07095,1.7467265934E-05,-0.00093854003353,7.07095,7.07095
7.07105,1.7459251467E-05,-0.000988782499917,7.07105,7.07105
7.07115,1.742853965E-05,-0.000993074965663,7.07115,7.07115
7.07125,1.7420517906E-05,-0.001010807580315,7.07125,7.07125
7.07135,1.7425383703E-05,-0.000952402479015,7.07135,7.07135
7.07145,1.7436266717E-05,-0.000990963890217,7.07145,7.07145
7.07155,1.7463757104E-05,-0.001093911705539,7.07155,7.07155
7.07165,1.7465732526E-05,-0.000776905624662,7.07165,7.07165
7.07175,1.7453225155E-05,-0.000608797417954,7.07175,7.07175
7.07185,1.7470823877E-05,-0.000864091096446,7.07185,7.07185
7.07195,1.7481073883E-05,-0.00080892292317,7.07195,7.07195
7.07205,1.7455840862E-05,-0.000871057505719,7.07205,7.07205
7.07215,1.747287024E-05,-0.000784434960224,7.07215,7.07215
7.07225,1.7472841137E-05,-0.000393613299821,7.07225,7.07225
7.07235,1.7448408471E-05,-0.000662206439301,7.07235,7.07235
7.07245,1.74727993E-05,-0.000846358481795,7.07245,7.07245
7.07255,1.74739871E-05,-0.000692183035426,7.07255,7.07255
7.07265,1.744805013E-05,-0.000770009646658,7.07265,7.07265
7.07275,1.7481102986E-05,-0.000730744504835,7.07275,7.07275
7.07285,1.749448893E-05,-0.001136132283136,7.07285,7.07285
7.07295,1.747733404E-05,-0.000941214035265,7.07295,7.07295
7.07305,1.7502328774E-05,-0.001005037454888,7.07305,7.07305
7.07315,1.752418757E-05,-0.000936851196457,7.07315,7.07315
7.07325,1.7517726519E-05,-0.001052465173416,7.07325,7.07325
7.07335,1.7543838112E-05,-0.000551518227439,7.07335,7.07335
7.07345,1.7504213247E-05,-0.00084811769193,7.07345,7.07345
7.07355,1.7583633962E-05,-0.00112656224519,7.07355,7.07355
7.07365,1.7539219698E-05,-0.001040361938067,7.07365,7.07365
7.07375,1.7527836462E-05,-0.000815889274236,7.07375,7.07375
7.07385,1.7513380953E-05,-0.000803997158073,7.07385,7.07385
7.07395,1.7540343833E-05,-0.000754036183935,7.07395,7.07395
7.07405,1.7533348E-05,-0.000849525036756,7.07405,7.07405
7.07415,1.7513719285E-05,-0.000741018156987,7.07415,7.07415
7.07425,1.7519314497E-05,-0.00100475596264,7.07425,7.07425
7.07435,1.7525488147E-05,-0.000813426449895,7.07435,7.07435
7.07445,1.753129618E-05,-0.001051831874065,7.07445,7.07445
7.07455,1.7544134607E-05,-0.001187922782265,7.07455,7.07455
7.07465,1.7515420041E-05,-0.001079978886992,7.07465,7.07465
7.07475,1.7527976524E-05,-0.001122199464589,7.07475,7.07475
7.07485,1.7522457711E-05,-0.000982097582892,7.07485,7.07485
7.07495,1.7525262592E-05,-0.001036913949065,7.07495,7.07495
7.07505,1.7569494958E-05,-0.000753895437811,7.07505,7.07505
7.07515,1.7563039364E-05,-0.000837562547531,7.07515,7.07515
7.07525,1.7590073185E-05,-0.000974779366516,7.07525,7.07525
7.07535,1.7580132408E-05,-0.000788094068412,7.07535,7.07535
7.07545,1.7578169718E-05,-0.001167164416984,7.07545,7.07545
7.07555,1.7570626369E-05,-0.001019110903144,7.07555,7.07555
7.07565,1.7559103071E-05,-0.000853184144944,7.07565,7.07565
7.07575,1.7582367946E-05,-0.000981605029665,7.07575,7.07575
7.07585,1.7573838704E-05,-0.00090342661133,7.07585,7.07585
7.07595,1.7573087462E-05,-0.000769024481997,7.07595,7.07595
7.07605,1.7616896002E-05,-0.000697812472936,7.07605,7.07605
7.07615,1.7591950382E-05,-0.000700204982422,7.07615,7.07615
7.07625,1.7611764633E-05,-0.000887453148607,7.07625,7.07625
7.07635,1.7594482415E-05,-0.00097337202169,7.07635,7.07635
7.07645,1.7609936549E-05,-0.001076179090887,7.07645,7.07645
7.07655,1.7601358195E-05,-0.001012707478367,7.07655,7.07655
7.07665,1.7613141608E-05,-0.000988008454442,7.07665,7.07665
7.07675,1.760907071E-05,-0.000843825226184,7.07675,7.07675
7.07685,1.7585116439E-05,-0.000713434070349,7.07685,7.07685
7.07695,1.7590791686E-05,-0.000778453715611,7.07695,7.07695
7.07705,1.7609212591E-05,-0.000743129174225,7.07705,7.07705
7.07715,1.7645244952E-05,-0.000706467661075,7.07715,7.07715
7.07725,1.7635444237E-05,-0.000714489608072,7.07725,7.07725
7.07735,1.764928129E-05,-0.000723496661521,7.07735,7.07735
7.07745,1.7636175471E-05,-0.000720822659787,7.07745,7.07745
7.07755,1.7621894585E-05,-0.000935443851631,7.07755,7.07755
7.07765,1.7637898054E-05,-0.000789149606135,7.07765,7.07765
7.07775,1.7657155695E-05,-0.000973231275566,7.07775,7.07775
7.07785,1.7665226551E-05,-0.000807093339972,7.07785,7.07785
7.07795,1.7646862034E-05,-0.000868805742357,7.07795,7.07795
7.07805,1.7651256712E-05,-0.000668680295348,7.07805,7.07805
7.07815,1.7640724764E-05,-0.000898711965419,7.07815,7.07815
7.07825,1.7674366973E-05,-0.00074981409125,7.07825,7.07825
7.07835,1.7660930098E-05,-0.000709563842975,7.07835,7.07835
7.07845,1.7678627046E-05,-0.000637085235212,7.07845,7.07845
7.07855,1.7673817638E-05,-0.000557147606742,7.07855,7.07855
7.07865,1.766965579E-05,-0.000504160823766,7.07865,7.07865
7.07875,1.7662112441E-05,-0.000605982728302,7.07875,7.07875
7.07885,1.7666927306E-05,-0.000935654970817,7.07885,7.07885
7.07895,1.7675765775E-05,-0.000799775123596,7.07895,7.07895
7.07905,1.7646771084E-05,-0.000932418042794,7.07905,7.07905
7.07915,1.7635147742E-05,-0.001141691347584,7.07915,7.07915
7.07925,1.7677974029E-05,-0.001163153443485,7.07925,7.07925
7.07935,1.7699783712E-05,-0.001147320726886,7.07935,7.07935
7.07945,1.7686523279E-05,-0.001122551388107,7.07945,7.07945
7.07955,1.7666028725E-05,-0.001018759096041,7.07955,7.07955
7.07965,1.7687465515E-05,-0.001130854710937,7.07965,7.07965
7.07975,1.7677284632E-05,-0.001010807580315,7.07975,7.07975
7.07985,1.7639444195E-05,-0.000879079394508,7.07985,7.07985
7.07995,1.767952017E-05,-0.001093982136808,7.07995,7.07995
7.08005,1.7704043785E-05,-0.000847976945806,7.08005,7.08005
7.08015,1.7703452613E-05,-0.000943184306379,7.08015,7.08015
7.08025,1.7693806512E-05,-0.00082130759256,7.08025,7.08025
7.08035,1.7699256205E-05,-0.001040713861585,7.08035,7.08035
7.08045,1.7688898879E-05,-0.000927070097532,7.08045,7.08045
7.08055,1.7664691768E-05,-0.000931784743443,7.08055,7.08055
7.08065,1.7702363039E-05,-0.00108778977301,7.08065,7.08065
7.08075,1.7727661543E-05,-0.001099611516111,7.08075,7.08075
7.08085,1.7743015633E-05,-0.000961128040217,7.08085,7.08085
7.08095,1.7712101908E-05,-0.001033325213939,7.08095,7.08095
7.08105,1.7747417587E-05,-0.001198477926664,7.08105,7.08105
7.08115,1.7737982489E-05,-0.001144083798863,7.08115,7.08115
7.08125,1.7717022274E-05,-0.000935866090003,7.08125,7.08125
7.08135,1.7699150703E-05,-0.001189682050608,7.08135,7.08135
7.08145,1.7738642782E-05,-0.000968657375779,7.08145,7.08145
7.08155,1.7717662558E-05,-0.001309869927354,7.08155,7.08155
7.08165,1.7696696887E-05,-0.001294107525609,7.08165,7.08165
7.08175,1.7750862753E-05,-0.000952472852077,7.08175,7.08175
7.08185,1.7747895981E-05,-0.000925733125769,7.08185,7.08185
7.08195,1.7725988073E-05,-0.00123570242431,7.08195,7.08195
7.08205,1.7710497559E-05,-0.000953739450779,7.08205,7.08205
7.08215,1.7726402803E-05,-0.001188274705783,7.08215,7.08215
7.08225,1.771031566E-05,-0.001107211224735,7.08225,7.08225
7.08235,1.773978147E-05,-0.001131558441557,7.08235,7.08235
7.08245,1.7757218302E-05,-0.001323239761405,7.08245,7.08245
7.08255,1.7746811864E-05,-0.001340198330581,7.08255,7.08255
7.08265,1.775167766E-05,-0.001135006430559,7.08265,7.08265
7.08275,1.7757414753E-05,-0.000931292190216,7.08275,7.08275
7.08285,1.7761914933E-05,-0.001132332370616,7.08285,7.08285
7.08295,1.7743557692E-05,-0.001068157143891,7.08295,7.08295
7.08305,1.7784779629E-05,-0.001119455206208,7.08305,7.08305
7.08315,1.7778465917E-05,-0.000962605758104,7.08315,7.08315
7.08325,1.7785314412E-05,-0.001171034644358,7.08325,7.08325
7.08335,1.7754187866E-05,-0.001113262842409,7.08335,7.08335
7.08345,1.7778887923E-05,-0.000835803337395,7.08345,7.08345
7.08355,1.7741194824E-05,-0.000862965243869,7.08355,7.08355
7.08365,1.7754111468E-05,-0.000876194331795,7.08365,7.08365
7.08375,1.7760128685E-05,-0.000810541387182,7.08375,7.08375
7.08385,1.7770971681E-05,-0.000813919003122,7.08385,7.08385
7.08395,1.7794229279E-05,-0.000664950814098,7.08395,7.08395
7.08405,1.7773698346E-05,-0.000870494579431,7.08405,7.08405
7.08415,1.7746362573E-05,-0.000849665724672,7.08415,7.08415
7.08425,1.775826604E-05,-0.000774372427259,7.08425,7.08425
7.08435,1.7767166355E-05,-0.000782394316047,7.08435,7.08435
7.08445,1.7783358999E-05,-0.000514082610607,7.08445,7.08445
7.08455,1.7765782104E-05,-0.000841643835884,7.08455,7.08455
7.08465,1.7787971956E-05,-0.000720611540601,7.08465,7.08465
7.08475,1.7795971871E-05,-0.000729829713237,7.08475,7.08475
7.08485,1.77813763E-05,-0.000681909383275,7.08485,7.08485
7.08495,1.7762526113E-05,-0.000708226871211,7.08495,7.08495
7.08505,1.7782662326E-05,-0.00047221389832,7.08505,7.08505
7.08515,1.7790411221E-05,-0.000425771286245,7.08515,7.08515
7.08525,1.7767610188E-05,-0.000422886223532,7.08525,7.08525
7.08535,1.7754364308E-05,-0.000327819579979,7.08535,7.08535
7.08545,1.7738382667E-05,-0.000732785149012,7.08545,7.08545
7.08555,1.7763046344E-05,-0.00064039247809,7.08555,7.08555
7.08565,1.7767511963E-05,-0.000769165228121,7.08565,7.08565
7.08575,1.7757056412E-05,-0.000953317212407,7.08575,7.08575
7.08585,1.7783000658E-05,-0.000669313594699,7.08585,7.08585
7.08595,1.779876402E-05,-0.000840799417347,7.08595,7.08595
7.08605,1.7781925635E-05,-0.000768813362811,7.08605,7.08605
7.08615,1.7755130102E-05,-0.000691197928973,7.08615,7.08615
7.08625,1.7763250071E-05,-0.000663754530251,7.08625,7.08625
7.08635,1.7811988073E-05,-0.000663824903313,7.08635,7.08635
7.08645,1.7781994757E-05,-0.000976820010692,7.08645,7.08645
7.08655,1.7769725673E-05,-0.000851424934808,7.08655,7.08655
7.08665,1.7787915567E-05,-0.000705552869476,7.08665,7.08665
7.08675,1.7802081857E-05,-0.000765435746871,7.08675,7.08675
7.08685,1.7801357899E-05,-0.000571221113205,7.08685,7.08685
7.08695,1.7820426365E-05,-0.000883090368006,7.08695,7.08695
7.08705,1.785366112E-05,-0.000666287785862,7.08705,7.08705
7.08715,1.7835731342E-05,-0.00059099443024,7.08715,7.08715
7.08725,1.7863088942E-05,-0.001026077312417,7.08725,7.08725
7.08735,1.7851298253E-05,-0.000863739289343,7.08735,7.08735
7.08745,1.7842783564E-05,-0.000730744504835,7.08745,7.08745
7.08755,1.7853850295E-05,-0.000813426449895,7.08755,7.08755
7.08765,1.7832020603E-05,-0.001045569195412,7.08765,7.08765
7.08775,1.785342829E-05,-0.00133513181936,7.08775,7.08775
7.08785,1.781852734E-05,-0.001288337400183,7.08785,7.08785
7.08795,1.7853450117E-05,-0.001125858630985,7.08795,7.08795
7.08805,1.7869635485E-05,-0.000910393020604,7.08805,7.08805
7.08815,1.7874921468E-05,-0.000969361048192,7.08815,7.08815
7.08825,1.7899643353E-05,-0.001010455773212,7.08825,7.08825
7.08835,1.7889722585E-05,-0.000894560304005,7.08835,7.08835
7.08845,1.7886699425E-05,-0.000916022399906,7.08845,7.08845
7.08855,1.7859299987E-05,-0.000698867952451,7.08855,7.08855
7.08865,1.7890186427E-05,-0.000736585003324,7.08865,7.08865
7.08875,1.7856507839E-05,-0.000677335483488,7.08875,7.08875
7.08885,1.786494613E-05,-0.00090307474602,7.08885,7.08885
7.08895,1.7881257008E-05,-0.000577554223128,7.08895,7.08895
7.08905,1.7891241441E-05,-0.000659462122712,7.08905,7.08905
7.08915,1.7890481104E-05,-0.000326341862092,7.08915,7.08915
7.08925,1.7919905076E-05,-0.000272299541393,7.08925,7.08925
7.08935,1.7918589947E-05,-0.000671917165164,7.08935,7.08935
7.08945,1.7895810743E-05,-0.000769868900534,7.08945,7.08945
7.08955,1.7905393179E-05,-0.000814552302472,7.08955,7.08955
7.08965,1.7877326172E-05,-0.000888297567144,7.08965,7.08965
7.08975,1.7894031771E-05,-0.000867820577696,7.08975,7.08975
7.08985,1.7890763047E-05,-0.000488116987981,7.08985,7.08985
7.08995,1.788447662E-05,-0.000729407533072,7.08995,7.08995
7.09005,1.7887261492E-05,-0.00063919625245,7.09005,7.09005
7.09015,1.7885973648E-05,-0.000678953947499,7.09015,7.09015
7.09025,1.787387373E-05,-0.000697882845998,7.09025,7.09025
7.09035,1.7925171051E-05,-0.000633707561065,7.09035,7.09035
7.09045,1.7927955923E-05,-0.001040080445819,7.09045,7.09045
7.09055,1.7927526642E-05,-0.000785842305049,7.09055,7.09055
7.09065,1.7912600015E-05,-0.000894560304005,7.09065,7.09065
7.09075,1.7900394596E-05,-0.001040924922563,7.09075,7.09075
7.09085,1.7892512915E-05,-0.001205585082062,7.09085,7.09085
7.09095,1.78995233E-05,-0.001091871061362,7.09095,7.09095
7.09105,1.7935597498E-05,-0.000840729044285,7.09105,7.09105
7.09115,1.7907523215E-05,-0.000830596138258,7.09115,7.09115
7.09125,1.7911215764E-05,-0.00062983733369,7.09125,7.09125
7.09135,1.7874388504E-05,-0.000612245465163,7.09135,7.09135
7.09145,1.7885678972E-05,-0.00076072110096,7.09145,7.09145
7.09155,1.7895783458E-05,-0.000794497551396,7.09155,7.09155
7.09165,1.7847931304E-05,-0.000542581488844,7.09165,7.09165
7.09175,1.7855094484E-05,-0.00060746044619,7.09175,7.09175
7.09185,1.7873191609E-05,-0.000684653699864,7.09185,7.09185
7.09195,1.7899150407E-05,-0.001022910815664,7.09195,7.09195
7.09205,1.7895388737E-05,-0.001043528551236,7.09205,7.09205
7.09215,1.7924481654E-05,-0.000983997480944,7.09215,7.09215
7.09225,1.7909429516E-05,-0.000686553656124,7.09225,7.09225
7.09235,1.7926520741E-05,-0.000633989053313,7.09235,7.09235
7.09245,1.791655086E-05,-0.000657702912576,7.09245,7.09245
7.09255,1.7908205336E-05,-0.000905889493879,7.09255,7.09255
7.09265,1.7927202862E-05,-0.000693801499438,7.09265,7.09265
7.09275,1.7918064259E-05,-0.000861698586959,7.09275,7.09275
7.09285,1.7942094928E-05,-0.000857054372318,7.09285,7.09285
7.09295,1.7905837012E-05,-0.000972175737843,7.09295,7.09295
7.09305,1.7903741536E-05,-0.000772120663896,7.09305,7.09305
7.09315,1.788262125E-05,-0.000805897114333,7.09315,7.09315
7.09325,1.7920770915E-05,-0.000711463799234,7.09325,7.09325
7.09335,1.7927977751E-05,-0.000502471986692,7.09335,7.09335
7.09345,1.7924032363E-05,-0.000665795174427,7.09345,7.09345
7.09355,1.7927182853E-05,-0.000831721990835,7.09355,7.09355
7.09365,1.7933489289E-05,-0.000831159064546,7.09365,7.09365
7.09375,1.7930135073E-05,-0.001253153663129,7.09375,7.09375
7.09385,1.7923237465E-05,-0.001415702747181,7.09385,7.09385
7.09395,1.790762326E-05,-0.000880064559169,7.09395,7.09395
7.09405,1.7941518308E-05,-0.001065201708116,7.09405,7.09405
7.09415,1.7945216314E-05,-0.001016577705741,7.09415,7.09415
7.09425,1.7951249902E-05,-0.000920174119528,7.09425,7.09425
7.09435,1.7947017113E-05,-0.001145561574958,7.09435,7.09435
7.09445,1.7919799575E-05,-0.001056124339812,7.09445,7.09445
7.09455,1.7950285837E-05,-0.000828133255709,7.09455,7.09455
7.09465,1.7960044715E-05,-0.000770783692133,7.09465,7.09465
7.09475,1.7981621568E-05,-0.000693308946211,7.09475,7.09475
7.09485,1.7964994186E-05,-0.000708930543624,7.09485,7.09485
7.09495,1.7948224922E-05,-0.00080702296691,7.09495,7.09495
7.09505,1.7977692551E-05,-0.000907226465642,7.09505,7.09505
7.09515,1.7965128791E-05,-0.001151472446509,7.09515,7.09515
7.09525,1.796730794E-05,-0.000964998267591,7.09525,7.09525
7.09535,1.7973979993E-05,-0.000895475037396,7.09535,7.09535
7.09545,1.7960726836E-05,-0.000608375237789,7.09545,7.09545
7.09555,1.7945041691E-05,-0.000836929189973,7.09555,7.09555
7.09565,1.7943591956E-05,-0.000832566409372,7.09565,7.09565
7.09575,1.7930591639E-05,-0.001040010130964,7.09575,7.09575
7.09585,1.7960775949E-05,-0.001162238651887,7.09585,7.09585
7.09595,1.8012397049E-05,-0.000889986404218,7.09595,7.09595
7.09605,1.8004478989E-05,-0.000583042914513,7.09605,7.09605
7.09615,1.7992062567E-05,-0.000870494579431,7.09615,7.09615
7.09625,1.7984441001E-05,-0.001127547468059,7.09625,7.09625
7.09635,1.8002490833E-05,-0.000670509820338,7.09635,7.09635
7.09645,1.8024215024E-05,-0.001029806793667,7.09645,7.09645
7.09655,1.801750841E-05,-0.000591627729591,7.09655,7.09655
7.09665,1.8038128474E-05,-0.000893082586117,7.09665,7.09665
7.09675,1.7982867575E-05,-0.000728914921638,7.09675,7.09675
7.09685,1.7987105821E-05,-0.000734966539312,7.09685,7.09685
7.09695,1.803187115E-05,-0.000998493283987,7.09695,7.09695
7.09705,1.8006321625E-05,-0.001023544115014,7.09705,7.09705
7.09715,1.8015898604E-05,-0.000925944244955,7.09715,7.09715
7.09725,1.8040520445E-05,-0.00078309798846,7.09725,7.09725
7.09735,1.8061091396E-05,-0.000598312646616,7.09735,7.09735
7.09745,1.8016833565E-05,-0.000682683428749,7.09745,7.09745
7.09755,1.801934377E-05,-0.000828344374895,7.09755,7.09755
7.09765,1.8030663341E-05,-0.000589446339291,7.09765,7.09765
7.09775,1.7987365936E-05,-0.000511690159328,7.09775,7.09775
7.09785,1.8019238269E-05,-0.000658899196424,7.09785,7.09785
7.09795,1.8035401808E-05,-0.000774161308073,7.09795,7.09795
7.09805,1.80245097E-05,-0.000885693938471,7.09805,7.09805
7.09815,1.8004937374E-05,-0.000936921569519,7.09815,7.09815
7.09825,1.8043796445E-05,-0.000832425663248,7.09825,7.09825
7.09835,1.8040056602E-05,-0.00079210504191,7.09835,7.09835
7.09845,1.804029489E-05,-0.001083849114366,7.09845,7.09845
7.09855,1.8037932023E-05,-0.000898078666069,7.09855,7.09855
7.09865,1.8062033632E-05,-0.000954020884819,7.09865,7.09865
7.09875,1.8045040633E-05,-0.00116850133054,7.09875,7.09875
7.09885,1.8046390323E-05,-0.001054224441759,7.09885,7.09885
7.09895,1.804070962E-05,-0.000988078885712,7.09895,7.09895
7.09905,1.804328349E-05,-0.000964998267591,7.09905,7.09905
7.09915,1.8053815438E-05,-0.001149079878815,7.09915,7.09915
7.09925,1.8007720428E-05,-0.000976116338279,7.09925,7.09925
7.09935,1.8034937966E-05,-0.001261597732082,7.09935,7.09935
7.09945,1.8059363356E-05,-0.001125717884861,7.09945,7.09945
7.09955,1.7999305783E-05,-0.001130010350607,7.09955,7.09955
7.09965,1.8044014723E-05,-0.000953880196903,7.09965,7.09965
7.09975,1.8026317775E-05,-0.000938680779655,7.09975,7.09975
7.09985,1.8040434952E-05,-0.001140917302109,7.09985,7.09985
7.09995,1.8035605535E-05,-0.001073856954463,7.09995,7.09995
