A2_LTP,,,,,,,,,,,,,,,,
 Time, MeasResult1_value, MeasResult2_value,,,,,,,,,,,,,,
5.90005,5.89E-07,-0.000718011,,,,,,,,,,,,,,
5.90015,4.61E-07,-0.000756713,,,,,,,,,,,,,,
5.90025,4.62E-07,-0.000705204,,,,,,,,,,,,,,
5.90035,4.61E-07,-0.000839324,,,,,,,,,,,,,,
5.90045,4.62E-07,-0.000621608,,,,,,,,,,,,,,
5.90055,4.62E-07,-0.000469475,,,,,,,,,,,,,,
5.90065,4.62E-07,-0.000614361,,,,,,,,,,,,,,
5.90075,4.62E-07,-0.000974147,,,,,,,,,,,,,,
5.90085,4.62E-07,-0.000912717,,,,,,,,,,,,,,
5.90095,4.62E-07,-0.000621327,,,,,,,,,,,,,,
5.90105,4.62E-07,-0.000610139,,,,,,,,,,,,,,
5.90115,4.62E-07,-0.000673891,,,,,,,,,,,,,,
5.90125,4.62E-07,-0.000759809,,,,,,,,,,,,,,
5.90135,4.62E-07,-0.000875704,,,,,,,,,,,,,,
5.90145,4.62E-07,-0.000929605,,,,,,,,,,,,,,
5.90155,4.62E-07,-0.0008059,,,,,,,,,,,,,,
5.90165,4.62E-07,-0.000618371,,,,,,,,,,,,,,
5.90175,4.62E-07,-0.000693875,,,,,,,,,,,,,,
5.90185,4.62E-07,-0.000780145,,,,,,,,,,,,,,
5.90195,4.62E-07,-0.000961129,,,,,,,,,,,,,,
5.90205,4.62E-07,-0.000972951,,,,,,,,,,,,,,
5.90215,4.62E-07,-0.000932842,,,,,,,,,,,,,,
5.90225,4.62E-07,-0.000957189,,,,,,,,,,,,,,
5.90235,4.62E-07,-0.000923835,,,,,,,,,,,,,,
5.90245,4.62E-07,-0.001036211,,,,,,,,,,,,,,
5.90255,4.62E-07,-0.000816314,,,,,,,,,,,,,,
5.90265,4.61E-07,-0.000988643,,,,,,,,,,,,,,
5.90275,4.62E-07,-0.001054577,,,,,,,,,,,,,,
5.90285,4.62E-07,-0.000798511,,,,,,,,,,,,,,
5.90295,4.62E-07,-0.000733844,,,,,,,,,,,,,,
5.90305,4.61E-07,-0.000890762,,,,,,,,,,,,,,
5.90315,4.62E-07,-0.000867963,,,,,,,,,,,,,,
5.90325,4.62E-07,-0.000938682,,,,,,,,,,,,,,
5.90335,4.61E-07,-0.000757698,,,,,,,,,,,,,,
5.90345,4.62E-07,-0.000536183,,,,,,,,,,,,,,
5.90355,4.61E-07,-0.000634978,,,,,,,,,,,,,,
5.90365,4.61E-07,-0.000692468,,,,,,,,,,,,,,
5.90375,4.61E-07,-0.000519998,,,,,,,,,,,,,,
5.90385,4.61E-07,-0.000503814,,,,,,,,,,,,,,
5.90395,4.61E-07,-0.000512399,,,,,,,,,,,,,,
5.90405,4.61E-07,-0.000683391,,,,,,,,,,,,,,
5.90415,4.61E-07,-0.000829261,,,,,,,,,,,,,,
5.90425,4.61E-07,-0.000668684,,,,,,,,,,,,,,
5.90435,4.62E-07,-0.000798863,,,,,,,,,,,,,,
5.90445,4.62E-07,-0.0008021,,,,,,,,,,,,,,
5.90455,4.62E-07,-0.000690498,,,,,,,,,,,,,,
5.90465,4.62E-07,-0.000670725,,,,,,,,,,,,,,
5.90475,4.62E-07,-0.000495018,,,,,,,,,,,,,,
5.90485,4.62E-07,-0.000473204,,,,,,,,,,,,,,
5.90495,4.62E-07,-0.000762835,,,,,,,,,,,,,,
5.90505,4.62E-07,-0.000913983,,,,,,,,,,,,,,
5.90515,4.62E-07,-0.001106296,,,,,,,,,,,,,,
5.90525,4.62E-07,-0.001226906,,,,,,,,,,,,,,
5.90535,4.62E-07,-0.000993287,,,,,,,,,,,,,,
5.90545,4.62E-07,-0.000868597,,,,,,,,,,,,,,
5.90555,4.62E-07,-0.000845024,,,,,,,,,,,,,,
5.90565,4.62E-07,-0.000833695,,,,,,,,,,,,,,
5.90575,4.62E-07,-0.000865008,,,,,,,,,,,,,,
5.90585,4.62E-07,-0.000668543,,,,,,,,,,,,,,
5.90595,4.62E-07,-0.000679943,,,,,,,,,,,,,,
5.90605,4.62E-07,-0.000518802,,,,,,,,,,,,,,
5.90615,4.62E-07,-0.000767338,,,,,,,,,,,,,,
5.90625,4.63E-07,-0.000544838,,,,,,,,,,,,,,
5.90635,4.63E-07,-0.000848683,,,,,,,,,,,,,,
5.90645,4.62E-07,-0.001037689,,,,,,,,,,,,,,
5.90655,4.63E-07,-0.000816666,,,,,,,,,,,,,,
5.90665,4.63E-07,-0.000657355,,,,,,,,,,,,,,
5.90675,4.62E-07,-0.000820536,,,,,,,,,,,,,,
5.90685,4.62E-07,-0.000831021,,,,,,,,,,,,,,
5.90695,4.62E-07,-0.001090886,,,,,,,,,,,,,,
5.90705,4.62E-07,-0.000870989,,,,,,,,,,,,,,
5.90715,4.62E-07,-0.000971684,,,,,,,,,,,,,,
5.90725,4.61E-07,-0.001030019,,,,,,,,,,,,,,
5.90735,4.62E-07,-0.000950715,,,,,,,,,,,,,,
5.90745,4.62E-07,-0.000717378,,,,,,,,,,,,,,
5.90755,4.62E-07,-0.000817932,,,,,,,,,,,,,,
5.90765,4.62E-07,-0.000724907,,,,,,,,,,,,,,
5.90775,4.62E-07,-0.001064076,,,,,,,,,,,,,,
5.90785,4.62E-07,-0.000865782,,,,,,,,,,,,,,
5.90795,4.62E-07,-0.000702108,,,,,,,,,,,,,,
5.90805,4.62E-07,-0.000822225,,,,,,,,,,,,,,
5.90815,4.62E-07,-0.000955289,,,,,,,,,,,,,,
5.90825,4.62E-07,-0.001048807,,,,,,,,,,,,,,
5.90835,4.62E-07,-0.001079627,,,,,,,,,,,,,,
5.90845,4.62E-07,-0.001244919,,,,,,,,,,,,,,
5.90855,4.63E-07,-0.001206429,,,,,,,,,,,,,,
5.90865,4.62E-07,-0.001210229,,,,,,,,,,,,,,
5.90875,4.62E-07,-0.001078361,,,,,,,,,,,,,,
5.90885,4.62E-07,-0.001110589,,,,,,,,,,,,,,
5.90895,4.62E-07,-0.000976047,,,,,,,,,,,,,,
5.90905,4.62E-07,-0.001001801,,,,,,,,,,,,,,
5.90915,4.62E-07,-0.000890199,,,,,,,,,,,,,,
5.90925,4.61E-07,-0.000906102,,,,,,,,,,,,,,
5.90935,4.61E-07,-0.000889214,,,,,,,,,,,,,,
5.90945,4.62E-07,-0.000863671,,,,,,,,,,,,,,
5.90955,4.61E-07,-0.000642789,,,,,,,,,,,,,,
5.90965,4.61E-07,-0.000809559,,,,,,,,,,,,,,
5.90975,4.62E-07,-0.000721178,,,,,,,,,,,,,,
5.90985,4.62E-07,-0.000927635,,,,,,,,,,,,,,
5.90995,4.62E-07,-0.001045077,,,,,,,,,,,,,,
5.91005,4.62E-07,-0.000933827,,,,,,,,,,,,,,
5.91015,4.62E-07,-0.000864586,,,,,,,,,,,,,,
5.91025,4.62E-07,-0.000672202,,,,,,,,,,,,,,
5.91035,4.62E-07,-0.000522672,,,,,,,,,,,,,,
5.91045,4.62E-07,-0.000860223,,,,,,,,,,,,,,
5.91055,4.62E-07,-0.000844461,,,,,,,,,,,,,,
5.91065,4.62E-07,-0.000833976,,,,,,,,,,,,,,
5.91075,4.62E-07,-0.000915039,,,,,,,,,,,,,,
5.91085,4.62E-07,-0.000657144,,,,,,,,,,,,,,
5.91095,4.62E-07,-0.000765157,,,,,,,,,,,,,,
5.91105,4.62E-07,-0.000922568,,,,,,,,,,,,,,
5.91115,4.62E-07,-0.000783171,,,,,,,,,,,,,,
5.91125,4.62E-07,-0.000588606,,,,,,,,,,,,,,
5.91135,4.62E-07,-0.000886822,,,,,,,,,,,,,,
5.91145,4.62E-07,-0.000945578,,,,,,,,,,,,,,
5.91155,4.62E-07,-0.000940441,,,,,,,,,,,,,,
5.91165,4.62E-07,-0.000727651,,,,,,,,,,,,,,
5.91175,4.62E-07,-0.00079063,,,,,,,,,,,,,,
5.91185,4.62E-07,-0.000702249,,,,,,,,,,,,,,
5.91195,4.62E-07,-0.000922568,,,,,,,,,,,,,,
5.91205,4.62E-07,-0.00090188,,,,,,,,,,,,,,
5.91215,4.62E-07,-0.00086733,,,,,,,,,,,,,,
5.91225,4.62E-07,-0.000747425,,,,,,,,,,,,,,
5.91235,4.61E-07,-0.000672202,,,,,,,,,,,,,,
5.91245,4.62E-07,-0.000798511,,,,,,,,,,,,,,
5.91255,4.62E-07,-0.000919261,,,,,,,,,,,,,,
5.91265,4.62E-07,-0.000964718,,,,,,,,,,,,,,
5.91275,4.62E-07,-0.000805829,,,,,,,,,,,,,,
5.91285,4.62E-07,-0.000964788,,,,,,,,,,,,,,
5.91295,4.62E-07,-0.000761146,,,,,,,,,,,,,,
5.91305,4.62E-07,-0.000562993,,,,,,,,,,,,,,
5.91315,4.62E-07,-0.000576292,,,,,,,,,,,,,,
5.91325,4.62E-07,-0.000640819,,,,,,,,,,,,,,
5.91335,4.62E-07,-0.000627519,,,,,,,,,,,,,,
5.91345,4.62E-07,-0.00052422,,,,,,,,,,,,,,
5.91355,4.62E-07,-0.000596839,,,,,,,,,,,,,,
5.91365,4.62E-07,-0.000396856,,,,,,,,,,,,,,
5.91375,4.62E-07,-0.00080597,,,,,,,,,,,,,,
5.91385,4.62E-07,-0.000938471,,,,,,,,,,,,,,
5.91395,4.62E-07,-0.000882811,,,,,,,,,,,,,,
5.91405,4.62E-07,-0.000544134,,,,,,,,,,,,,,
5.91415,4.62E-07,-0.000331696,,,,,,,,,,,,,,
5.91425,4.62E-07,-0.000741303,,,,,,,,,,,,,,
5.91435,4.62E-07,-0.000976891,,,,,,,,,,,,,,
5.91445,4.62E-07,-0.000990543,,,,,,,,,,,,,,
5.91455,4.62E-07,-0.000625338,,,,,,,,,,,,,,
5.91465,4.63E-07,-0.000743836,,,,,,,,,,,,,,
5.91475,4.62E-07,-0.000761005,,,,,,,,,,,,,,
5.91485,4.63E-07,-0.000939034,,,,,,,,,,,,,,
5.91495,4.63E-07,-0.000774797,,,,,,,,,,,,,,
5.91505,4.62E-07,-0.000852483,,,,,,,,,,,,,,
5.91515,4.62E-07,-0.001030582,,,,,,,,,,,,,,
5.91525,4.63E-07,-0.000815892,,,,,,,,,,,,,,
5.91535,4.62E-07,-0.000813288,,,,,,,,,,,,,,
5.91545,4.63E-07,-0.000671428,,,,,,,,,,,,,,
5.91555,4.63E-07,-0.000818847,,,,,,,,,,,,,,
5.91565,4.63E-07,-0.000890129,,,,,,,,,,,,,,
5.91575,4.62E-07,-0.001133458,,,,,,,,,,,,,,
5.91585,4.62E-07,-0.001025515,,,,,,,,,,,,,,
5.91595,4.62E-07,-0.000749395,,,,,,,,,,,,,,
5.91605,4.63E-07,-0.000873733,,,,,,,,,,,,,,
5.91615,4.63E-07,-0.001207062,,,,,,,,,,,,,,
5.91625,4.62E-07,-0.001085116,,,,,,,,,,,,,,
5.91635,4.62E-07,-0.001006798,,,,,,,,,,,,,,
5.91645,4.62E-07,-0.001031496,,,,,,,,,,,,,,
5.91655,4.62E-07,-0.001119244,,,,,,,,,,,,,,
5.91665,4.62E-07,-0.001045007,,,,,,,,,,,,,,
5.91675,4.62E-07,-0.001107141,,,,,,,,,,,,,,
5.91685,4.62E-07,-0.001006516,,,,,,,,,,,,,,
5.91695,4.62E-07,-0.000954656,,,,,,,,,,,,,,
5.91705,4.62E-07,-0.000803859,,,,,,,,,,,,,,
5.91715,4.62E-07,-0.000833554,,,,,,,,,,,,,,
5.91725,4.62E-07,-0.001171456,,,,,,,,,,,,,,
5.91735,4.62E-07,-0.0011032,,,,,,,,,,,,,,
5.91745,4.62E-07,-0.000891607,,,,,,,,,,,,,,
5.91755,4.62E-07,-0.000857619,,,,,,,,,,,,,,
5.91765,4.62E-07,-0.000708301,,,,,,,,,,,,,,
5.91775,4.62E-07,-0.000580866,,,,,,,,,,,,,,
5.91785,4.62E-07,-0.000875493,,,,,,,,,,,,,,
5.91795,4.62E-07,-0.00075798,,,,,,,,,,,,,,
5.91805,4.63E-07,-0.000686135,,,,,,,,,,,,,,
5.91815,4.62E-07,-0.000634204,,,,,,,,,,,,,,
5.91825,4.62E-07,-0.000716956,,,,,,,,,,,,,,
5.91835,4.62E-07,-0.000537027,,,,,,,,,,,,,,
5.91845,4.62E-07,-0.00051641,,,,,,,,,,,,,,
5.91855,4.62E-07,-0.000538575,,,,,,,,,,,,,,
5.91865,4.62E-07,-0.000601976,,,,,,,,,,,,,,
5.91875,4.63E-07,-0.000476371,,,,,,,,,,,,,,
5.91885,4.62E-07,-0.000488122,,,,,,,,,,,,,,
5.91895,4.62E-07,-0.000737292,,,,,,,,,,,,,,
5.91905,4.62E-07,-0.000650388,,,,,,,,,,,,,,
5.91915,4.62E-07,-0.000904765,,,,,,,,,,,,,,
5.91925,4.62E-07,-0.000838691,,,,,,,,,,,,,,
5.91935,4.62E-07,-0.000678957,,,,,,,,,,,,,,
5.91945,4.62E-07,-0.000918979,,,,,,,,,,,,,,
5.91955,4.62E-07,-0.000942412,,,,,,,,,,,,,,
5.91965,4.62E-07,-0.000668191,,,,,,,,,,,,,,
5.91975,4.62E-07,-0.000816314,,,,,,,,,,,,,,
5.91985,4.62E-07,-0.00083855,,,,,,,,,,,,,,
5.91995,4.62E-07,-0.000739755,,,,,,,,,,,,,,
5.92005,4.62E-07,-0.000793796,,,,,,,,,,,,,,
5.92015,4.62E-07,-0.000930238,,,,,,,,,,,,,,
5.92025,4.62E-07,-0.000870497,,,,,,,,,,,,,,
5.92035,4.62E-07,-0.000982099,,,,,,,,,,,,,,
5.92045,4.62E-07,-0.000876337,,,,,,,,,,,,,,
5.92055,4.62E-07,-0.000749747,,,,,,,,,,,,,,
5.92065,4.63E-07,-0.000749254,,,,,,,,,,,,,,
5.92075,4.62E-07,-0.000595432,,,,,,,,,,,,,,
5.92085,4.63E-07,-0.000745173,,,,,,,,,,,,,,
5.92095,4.63E-07,-0.00090941,,,,,,,,,,,,,,
5.92105,4.63E-07,-0.000921161,,,,,,,,,,,,,,
5.92115,4.63E-07,-0.000971544,,,,,,,,,,,,,,
5.92125,4.63E-07,-0.001040785,,,,,,,,,,,,,,
5.92135,4.62E-07,-0.001125718,,,,,,,,,,,,,,
5.92145,4.63E-07,-0.00099969,,,,,,,,,,,,,,
5.92155,4.62E-07,-0.00081948,,,,,,,,,,,,,,
5.92165,4.62E-07,-0.000823562,,,,,,,,,,,,,,
5.92175,4.62E-07,-0.001029385,,,,,,,,,,,,,,
5.92185,4.63E-07,-0.001051481,,,,,,,,,,,,,,
5.92195,4.62E-07,-0.000994694,,,,,,,,,,,,,,
5.92205,4.63E-07,-0.001125155,,,,,,,,,,,,,,
5.92215,4.63E-07,-0.000896603,,,,,,,,,,,,,,
5.92225,4.62E-07,-0.000828769,,,,,,,,,,,,,,
5.92235,4.62E-07,-0.000724766,,,,,,,,,,,,,,
5.92245,4.63E-07,-0.000657355,,,,,,,,,,,,,,
5.92255,4.63E-07,-0.000951559,,,,,,,,,,,,,,
5.92265,4.62E-07,-0.000835243,,,,,,,,,,,,,,
5.92275,4.63E-07,-0.000786056,,,,,,,,,,,,,,
5.92285,4.62E-07,-0.000974077,,,,,,,,,,,,,,
5.92295,4.62E-07,-0.001000957,,,,,,,,,,,,,,
5.92305,4.62E-07,-0.000896814,,,,,,,,,,,,,,
5.92315,4.62E-07,-0.000918487,,,,,,,,,,,,,,
5.92325,4.62E-07,-0.0008693,,,,,,,,,,,,,,
5.92335,4.62E-07,-0.000831935,,,,,,,,,,,,,,
5.92345,4.62E-07,-0.001043811,,,,,,,,,,,,,,
5.92355,4.63E-07,-0.000788378,,,,,,,,,,,,,,
5.92365,4.63E-07,-0.000759528,,,,,,,,,,,,,,
5.92375,4.62E-07,-0.000549904,,,,,,,,,,,,,,
5.92385,4.63E-07,-0.000514158,,,,,,,,,,,,,,
5.92395,4.62E-07,-0.000895829,,,,,,,,,,,,,,
5.92405,4.62E-07,-0.000814414,,,,,,,,,,,,,,
5.92415,4.62E-07,-0.00108779,,,,,,,,,,,,,,
5.92425,4.63E-07,-0.000815399,,,,,,,,,,,,,,
5.92435,4.62E-07,-0.000875211,,,,,,,,,,,,,,
5.92445,4.62E-07,-0.000852694,,,,,,,,,,,,,,
5.92455,4.62E-07,-0.000926861,,,,,,,,,,,,,,
5.92465,4.62E-07,-0.001033537,,,,,,,,,,,,,,
5.92475,4.63E-07,-0.000806955,,,,,,,,,,,,,,
5.92485,4.62E-07,-0.001244216,,,,,,,,,,,,,,
5.92495,4.62E-07,-0.000861771,,,,,,,,,,,,,,
5.92505,4.62E-07,-0.000854664,,,,,,,,,,,,,,
5.92515,4.63E-07,-0.000841083,,,,,,,,,,,,,,
5.92525,4.63E-07,-0.000798793,,,,,,,,,,,,,,
5.92535,4.62E-07,-0.001033889,,,,,,,,,,,,,,
5.92545,4.62E-07,-0.000934671,,,,,,,,,,,,,,
5.92555,4.62E-07,-0.001031919,,,,,,,,,,,,,,
5.92565,4.62E-07,-0.001092364,,,,,,,,,,,,,,
5.92575,4.62E-07,-0.001062176,,,,,,,,,,,,,,
5.92585,4.62E-07,-0.000981677,,,,,,,,,,,,,,
5.92595,4.63E-07,-0.000910606,,,,,,,,,,,,,,
5.92605,4.62E-07,-0.000792952,,,,,,,,,,,,,,
5.92615,4.62E-07,-0.000659536,,,,,,,,,,,,,,
5.92625,4.62E-07,-0.000881685,,,,,,,,,,,,,,
5.92635,4.62E-07,-0.000981254,,,,,,,,,,,,,,
5.92645,4.62E-07,-0.000889777,,,,,,,,,,,,,,
5.92655,4.62E-07,-0.000929464,,,,,,,,,,,,,,
5.92665,4.62E-07,-0.000870004,,,,,,,,,,,,,,
5.92675,4.62E-07,-0.000898995,,,,,,,,,,,,,,
5.92685,4.63E-07,-0.000928479,,,,,,,,,,,,,,
5.92695,4.63E-07,-0.000972951,,,,,,,,,,,,,,
5.92705,4.62E-07,-0.00084622,,,,,,,,,,,,,,
5.92715,4.62E-07,-0.001027978,,,,,,,,,,,,,,
5.92725,4.62E-07,-0.000864234,,,,,,,,,,,,,,
5.92735,4.62E-07,-0.000916376,,,,,,,,,,,,,,
5.92745,4.62E-07,-0.000898643,,,,,,,,,,,,,,
5.92755,4.62E-07,-0.000821662,,,,,,,,,,,,,,
5.92765,4.62E-07,-0.000880137,,,,,,,,,,,,,,
5.92775,4.62E-07,-0.000814836,,,,,,,,,,,,,,
5.92785,4.62E-07,-0.000807166,,,,,,,,,,,,,,
5.92795,4.63E-07,-0.000891044,,,,,,,,,,,,,,
5.92805,4.63E-07,-0.00070633,,,,,,,,,,,,,,
5.92815,4.63E-07,-0.001002927,,,,,,,,,,,,,,
5.92825,4.62E-07,-0.000805126,,,,,,,,,,,,,,
5.92835,4.62E-07,-0.000989769,,,,,,,,,,,,,,
5.92845,4.62E-07,-0.00097858,,,,,,,,,,,,,,
5.92855,4.62E-07,-0.000989909,,,,,,,,,,,,,,
5.92865,4.62E-07,-0.000979636,,,,,,,,,,,,,,
5.92875,4.62E-07,-0.000784086,,,,,,,,,,,,,,
5.92885,4.62E-07,-0.000578614,,,,,,,,,,,,,,
5.92895,4.62E-07,-0.000630334,,,,,,,,,,,,,,
5.92905,4.62E-07,-0.000780638,,,,,,,,,,,,,,
5.92915,4.62E-07,-0.000986532,,,,,,,,,,,,,,
5.92925,4.62E-07,-0.001110518,,,,,,,,,,,,,,
5.92935,4.62E-07,-0.000954304,,,,,,,,,,,,,,
5.92945,4.62E-07,-0.001003772,,,,,,,,,,,,,,
5.92955,4.63E-07,-0.001023826,,,,,,,,,,,,,,
5.92965,4.62E-07,-0.000955078,,,,,,,,,,,,,,
5.92975,4.62E-07,-0.000815047,,,,,,,,,,,,,,
5.92985,4.62E-07,-0.00084439,,,,,,,,,,,,,,
5.92995,4.62E-07,-0.000723218,,,,,,,,,,,,,,
5.93005,4.62E-07,-0.000863249,,,,,,,,,,,,,,
5.93015,4.62E-07,-0.000905469,,,,,,,,,,,,,,
5.93025,4.63E-07,-0.000814484,,,,,,,,,,,,,,
5.93035,4.63E-07,-0.001013271,,,,,,,,,,,,,,
5.93045,4.62E-07,-0.0008655,,,,,,,,,,,,,,
5.93055,4.63E-07,-0.000937486,,,,,,,,,,,,,,
5.93065,4.62E-07,-0.000965211,,,,,,,,,,,,,,
5.93075,4.62E-07,-0.000752421,,,,,,,,,,,,,,
5.93085,4.62E-07,-0.000655033,,,,,,,,,,,,,,
5.93095,4.62E-07,-0.000801326,,,,,,,,,,,,,,
5.93105,4.62E-07,-0.000869793,,,,,,,,,,,,,,
5.93115,4.62E-07,-0.000906243,,,,,,,,,,,,,,
5.93125,4.63E-07,-0.001095601,,,,,,,,,,,,,,
5.93135,4.63E-07,-0.001148728,,,,,,,,,,,,,,
5.93145,4.62E-07,-0.000981184,,,,,,,,,,,,,,
5.93155,4.62E-07,-0.001022841,,,,,,,,,,,,,,
5.93165,4.62E-07,-0.001032552,,,,,,,,,,,,,,
5.93175,4.62E-07,-0.000990965,,,,,,,,,,,,,,
5.93185,4.62E-07,-0.000988643,,,,,,,,,,,,,,
5.93195,4.63E-07,-0.000978229,,,,,,,,,,,,,,
5.93205,4.62E-07,-0.001065765,,,,,,,,,,,,,,
5.93215,4.62E-07,-0.000674384,,,,,,,,,,,,,,
5.93225,4.63E-07,-0.00065454,,,,,,,,,,,,,,
5.93235,4.63E-07,-0.000778034,,,,,,,,,,,,,,
5.93245,4.62E-07,-0.000739332,,,,,,,,,,,,,,
5.93255,4.62E-07,-0.000731874,,,,,,,,,,,,,,
5.93265,4.62E-07,-0.000943045,,,,,,,,,,,,,,
5.93275,4.62E-07,-0.000858182,,,,,,,,,,,,,,
5.93285,4.62E-07,-0.000862686,,,,,,,,,,,,,,
5.93295,4.63E-07,-0.000947337,,,,,,,,,,,,,,
5.93305,4.62E-07,-0.001229579,,,,,,,,,,,,,,
5.93315,4.62E-07,-0.001079487,,,,,,,,,,,,,,
5.93325,4.63E-07,-0.001014679,,,,,,,,,,,,,,
5.93335,4.62E-07,-0.000601835,,,,,,,,,,,,,,
5.93345,4.62E-07,-0.000891818,,,,,,,,,,,,,,
5.93355,4.62E-07,-0.000827221,,,,,,,,,,,,,,
5.93365,4.62E-07,-0.000889285,,,,,,,,,,,,,,
5.93375,4.62E-07,-0.000771983,,,,,,,,,,,,,,
5.93385,4.62E-07,-0.000826517,,,,,,,,,,,,,,
5.93395,4.62E-07,-0.000702319,,,,,,,,,,,,,,
5.93405,4.62E-07,-0.000705697,,,,,,,,,,,,,,
5.93415,4.62E-07,-0.000713086,,,,,,,,,,,,,,
5.93425,4.63E-07,-0.000757557,,,,,,,,,,,,,,
5.93435,4.63E-07,-0.000843335,,,,,,,,,,,,,,
5.93445,4.62E-07,-0.000860997,,,,,,,,,,,,,,
5.93455,4.62E-07,-0.000865289,,,,,,,,,,,,,,
5.93465,4.62E-07,-0.000866556,,,,,,,,,,,,,,
5.93475,4.62E-07,-0.000824336,,,,,,,,,,,,,,
5.93485,4.62E-07,-0.00061049,,,,,,,,,,,,,,
5.93495,4.63E-07,-0.000908706,,,,,,,,,,,,,,
5.93505,4.63E-07,-0.000847275,,,,,,,,,,,,,,
5.93515,4.62E-07,-0.000862545,,,,,,,,,,,,,,
5.93525,4.62E-07,-0.000956415,,,,,,,,,,,,,,
5.93535,4.63E-07,-0.000766705,,,,,,,,,,,,,,
5.93545,4.62E-07,-0.000793796,,,,,,,,,,,,,,
5.93555,4.63E-07,-0.000856634,,,,,,,,,,,,,,
5.93565,4.62E-07,-0.000760091,,,,,,,,,,,,,,
5.93575,4.62E-07,-0.000950293,,,,,,,,,,,,,,
5.93585,4.63E-07,-0.000757557,,,,,,,,,,,,,,
5.93595,4.63E-07,-0.00086733,,,,,,,,,,,,,,
5.93605,4.63E-07,-0.000926227,,,,,,,,,,,,,,
5.93615,4.63E-07,-0.000751787,,,,,,,,,,,,,,
5.93625,4.63E-07,-0.00080027,,,,,,,,,,,,,,
5.93635,4.62E-07,-0.000757276,,,,,,,,,,,,,,
5.93645,4.62E-07,-0.000835594,,,,,,,,,,,,,,
5.93655,4.62E-07,-0.000697957,,,,,,,,,,,,,,
5.93665,4.62E-07,-0.00062766,,,,,,,,,,,,,,
5.93675,4.62E-07,-0.000531257,,,,,,,,,,,,,,
5.93685,4.62E-07,-0.000353369,,,,,,,,,,,,,,
5.93695,4.62E-07,-0.000639622,,,,,,,,,,,,,,
5.93705,4.62E-07,-0.000854453,,,,,,,,,,,,,,
5.93715,4.62E-07,-0.000513454,,,,,,,,,,,,,,
5.93725,4.62E-07,-0.000626956,,,,,,,,,,,,,,
5.93735,4.63E-07,-0.000785704,,,,,,,,,,,,,,
5.93745,4.63E-07,-0.000949308,,,,,,,,,,,,,,
5.93755,4.63E-07,-0.000822366,,,,,,,,,,,,,,
5.93765,4.62E-07,-0.000650459,,,,,,,,,,,,,,
5.93775,4.62E-07,-0.000755798,,,,,,,,,,,,,,
5.93785,4.62E-07,-0.000956696,,,,,,,,,,,,,,
5.93795,4.63E-07,-0.000694157,,,,,,,,,,,,,,
5.93805,4.62E-07,-0.000756009,,,,,,,,,,,,,,
5.93815,4.62E-07,-0.000788519,,,,,,,,,,,,,,
5.93825,4.63E-07,-0.000814484,,,,,,,,,,,,,,
5.93835,4.62E-07,-0.000702812,,,,,,,,,,,,,,
5.93845,4.62E-07,-0.000770083,,,,,,,,,,,,,,
5.93855,4.62E-07,-0.000458357,,,,,,,,,,,,,,
5.93865,4.62E-07,-0.000881826,,,,,,,,,,,,,,
5.93875,4.63E-07,-0.000858534,,,,,,,,,,,,,,
5.93885,4.62E-07,-0.000904062,,,,,,,,,,,,,,
5.93895,4.63E-07,-0.000860504,,,,,,,,,,,,,,
5.93905,4.62E-07,-0.000978721,,,,,,,,,,,,,,
5.93915,4.62E-07,-0.000767268,,,,,,,,,,,,,,
5.93925,4.62E-07,-0.000905891,,,,,,,,,,,,,,
5.93935,4.63E-07,-0.00095543,,,,,,,,,,,,,,
5.93945,4.62E-07,-0.000844461,,,,,,,,,,,,,,
5.93955,4.63E-07,-0.000964577,,,,,,,,,,,,,,
5.93965,4.62E-07,-0.000700701,,,,,,,,,,,,,,
5.93975,4.62E-07,-0.00074264,,,,,,,,,,,,,,
5.93985,4.63E-07,-0.000959792,,,,,,,,,,,,,,
5.93995,4.62E-07,-0.001012919,,,,,,,,,,,,,,
5.94005,4.62E-07,-0.000912858,,,,,,,,,,,,,,
5.94015,4.62E-07,-0.000931294,,,,,,,,,,,,,,
5.94025,4.62E-07,-0.000909269,,,,,,,,,,,,,,
5.94035,4.62E-07,-0.001010105,,,,,,,,,,,,,,
5.94045,4.62E-07,-0.000998494,,,,,,,,,,,,,,
5.94055,4.62E-07,-0.000869441,,,,,,,,,,,,,,
5.94065,4.62E-07,-0.000797315,,,,,,,,,,,,,,
5.94075,4.62E-07,-0.000813851,,,,,,,,,,,,,,
5.94085,4.62E-07,-0.000757698,,,,,,,,,,,,,,
5.94095,4.62E-07,-0.000927423,,,,,,,,,,,,,,
5.94105,4.63E-07,-0.000570944,,,,,,,,,,,,,,
5.94115,4.63E-07,-0.000703375,,,,,,,,,,,,,,
5.94125,4.63E-07,-0.001088986,,,,,,,,,,,,,,
5.94135,4.63E-07,-0.000785001,,,,,,,,,,,,,,
5.94145,4.62E-07,-0.000793445,,,,,,,,,,,,,,
5.94155,4.62E-07,-0.000988784,,,,,,,,,,,,,,
5.94165,4.62E-07,-0.000697675,,,,,,,,,,,,,,
5.94175,4.63E-07,-0.00066221,,,,,,,,,,,,,,
5.94185,4.62E-07,-0.000546034,,,,,,,,,,,,,,
5.94195,4.63E-07,-0.000667136,,,,,,,,,,,,,,
5.94205,4.62E-07,-0.000900473,,,,,,,,,,,,,,
5.94215,4.63E-07,-0.000875774,,,,,,,,,,,,,,
5.94225,4.63E-07,-0.000697394,,,,,,,,,,,,,,
5.94235,4.63E-07,-0.000823491,,,,,,,,,,,,,,
5.94245,4.63E-07,-0.000608239,,,,,,,,,,,,,,
5.94255,4.63E-07,-0.000921724,,,,,,,,,,,,,,
5.94265,4.63E-07,-0.000959018,,,,,,,,,,,,,,
5.94275,4.63E-07,-0.000864093,,,,,,,,,,,,,,
5.94285,4.63E-07,-0.000646589,,,,,,,,,,,,,,
5.94295,4.63E-07,-0.0006392,,,,,,,,,,,,,,
5.94305,4.63E-07,-0.000716252,,,,,,,,,,,,,,
5.94315,4.62E-07,-0.000786126,,,,,,,,,,,,,,
5.94325,4.62E-07,-0.000742569,,,,,,,,,,,,,,
5.94335,4.62E-07,-0.000996313,,,,,,,,,,,,,,
5.94345,4.62E-07,-0.000971332,,,,,,,,,,,,,,
5.94355,4.62E-07,-0.000992865,,,,,,,,,,,,,,
5.94365,4.61E-07,-0.001320142,,,,,,,,,,,,,,
5.94375,4.61E-07,-0.001113263,,,,,,,,,,,,,,
5.94385,4.62E-07,-0.001223669,,,,,,,,,,,,,,
5.94395,4.62E-07,-0.000911943,,,,,,,,,,,,,,
5.94405,4.62E-07,-0.001012286,,,,,,,,,,,,,,
5.94415,4.62E-07,-0.000994976,,,,,,,,,,,,,,
5.94425,4.62E-07,-0.001048244,,,,,,,,,,,,,,
5.94435,4.62E-07,-0.00106295,,,,,,,,,,,,,,
5.94445,4.62E-07,-0.001317257,,,,,,,,,,,,,,
5.94455,4.62E-07,-0.001086242,,,,,,,,,,,,,,
5.94465,4.62E-07,-0.000659255,,,,,,,,,,,,,,
5.94475,4.62E-07,-0.001091942,,,,,,,,,,,,,,
5.94485,4.62E-07,-0.000793304,,,,,,,,,,,,,,
5.94495,4.62E-07,-0.001035296,,,,,,,,,,,,,,
5.94505,4.62E-07,-0.001052466,,,,,,,,,,,,,,
5.94515,4.62E-07,-0.000964648,,,,,,,,,,,,,,
5.94525,4.62E-07,-0.000766494,,,,,,,,,,,,,,
5.94535,4.62E-07,-0.000771068,,,,,,,,,,,,,,
5.94545,4.62E-07,-0.000755024,,,,,,,,,,,,,,
5.94555,4.62E-07,-0.000880348,,,,,,,,,,,,,,
5.94565,4.62E-07,-0.000825814,,,,,,,,,,,,,,
5.94575,4.62E-07,-0.000752843,,,,,,,,,,,,,,
5.94585,4.62E-07,-0.000653274,,,,,,,,,,,,,,
5.94595,4.62E-07,-0.000864726,,,,,,,,,,,,,,
5.94605,4.62E-07,-0.001057391,,,,,,,,,,,,,,
5.94615,4.63E-07,-0.000942763,,,,,,,,,,,,,,
5.94625,4.63E-07,-0.000774375,,,,,,,,,,,,,,
5.94635,4.63E-07,-0.000631952,,,,,,,,,,,,,,
5.94645,4.63E-07,-0.000676565,,,,,,,,,,,,,,
5.94655,4.63E-07,-0.00068902,,,,,,,,,,,,,,
5.94665,4.63E-07,-0.000698801,,,,,,,,,,,,,,
5.94675,4.63E-07,-0.000424229,,,,,,,,,,,,,,
5.94685,4.62E-07,-0.000317904,,,,,,,,,,,,,,
5.94695,4.62E-07,-0.000422118,,,,,,,,,,,,,,
5.94705,4.63E-07,-0.000657144,,,,,,,,,,,,,,
5.94715,4.62E-07,-0.000707808,,,,,,,,,,,,,,
5.94725,4.63E-07,-0.000878659,,,,,,,,,,,,,,
5.94735,4.62E-07,-0.000946141,,,,,,,,,,,,,,
5.94745,4.62E-07,-0.000832217,,,,,,,,,,,,,,
5.94755,4.62E-07,-0.000945015,,,,,,,,,,,,,,
5.94765,4.62E-07,-0.000690427,,,,,,,,,,,,,,
5.94775,4.62E-07,-0.000896673,,,,,,,,,,,,,,
5.94785,4.62E-07,-0.000553071,,,,,,,,,,,,,,
5.94795,4.62E-07,-0.000863108,,,,,,,,,,,,,,
5.94805,4.62E-07,-0.000822858,,,,,,,,,,,,,,
5.94815,4.62E-07,-0.00075622,,,,,,,,,,,,,,
5.94825,4.62E-07,-0.000387075,,,,,,,,,,,,,,
5.94835,4.62E-07,-0.000300524,,,,,,,,,,,,,,
5.94845,4.62E-07,-0.000365191,,,,,,,,,,,,,,
5.94855,4.62E-07,-0.000582766,,,,,,,,,,,,,,
5.94865,4.62E-07,-0.000480734,,,,,,,,,,,,,,
5.94875,4.62E-07,-0.00042064,,,,,,,,,,,,,,
5.94885,4.63E-07,-0.000361884,,,,,,,,,,,,,,
5.94895,4.62E-07,-0.00052598,,,,,,,,,,,,,,
5.94905,4.62E-07,-0.000632234,,,,,,,,,,,,,,
5.94915,4.62E-07,-0.000440273,,,,,,,,,,,,,,
5.94925,4.63E-07,-0.0002595,,,,,,,,,,,,,,
5.94935,4.63E-07,-0.000305168,,,,,,,,,,,,,,
5.94945,4.63E-07,-0.000427677,,,,,,,,,,,,,,
5.94955,4.63E-07,-0.00054336,,,,,,,,,,,,,,
5.94965,4.62E-07,-0.000616261,,,,,,,,,,,,,,
5.94975,4.62E-07,-0.00075425,,,,,,,,,,,,,,
5.94985,4.62E-07,-0.000709004,,,,,,,,,,,,,,
5.94995,4.62E-07,-0.000629841,,,,,,,,,,,,,,
5.95005,4.63E-07,-0.000643281,,,,,,,,,,,,,,
5.95015,4.62E-07,-0.000870215,,,,,,,,,,,,,,
5.95025,4.62E-07,-0.000382783,,,,,,,,,,,,,,
5.95035,4.62E-07,-0.000408959,,,,,,,,,,,,,,
5.95045,4.62E-07,-0.000635893,,,,,,,,,,,,,,
5.95055,4.62E-07,-0.000528654,,,,,,,,,,,,,,
5.95065,4.62E-07,-0.000499029,,,,,,,,,,,,,,
5.95075,4.62E-07,-0.000609998,,,,,,,,,,,,,,
5.95085,4.62E-07,-0.000356254,,,,,,,,,,,,,,
5.95095,4.62E-07,-0.0004763,,,,,,,,,,,,,,
5.95105,4.62E-07,-0.000452165,,,,,,,,,,,,,,
5.95115,4.62E-07,-0.000270266,,,,,,,,,,,,,,
5.95125,4.61E-07,-0.000515495,,,,,,,,,,,,,,
5.95135,4.62E-07,-0.000896462,,,,,,,,,,,,,,
5.95145,4.61E-07,-0.000904202,,,,,,,,,,,,,,
5.95155,4.62E-07,-0.000389327,,,,,,,,,,,,,,
5.95165,4.61E-07,-0.000649333,,,,,,,,,,,,,,
5.95175,4.62E-07,-0.000586988,,,,,,,,,,,,,,
5.95185,4.62E-07,-0.000500436,,,,,,,,,,,,,,
5.95195,4.62E-07,-0.000717026,,,,,,,,,,,,,,
5.95205,4.62E-07,-0.000600076,,,,,,,,,,,,,,
5.95215,4.62E-07,-0.000565385,,,,,,,,,,,,,,
5.95225,4.62E-07,-0.00038229,,,,,,,,,,,,,,
5.95235,4.62E-07,-0.000283706,,,,,,,,,,,,,,
5.95245,4.63E-07,-0.000403189,,,,,,,,,,,,,,
5.95255,4.63E-07,-0.000377576,,,,,,,,,,,,,,
5.95265,4.62E-07,-0.000371665,,,,,,,,,,,,,,
5.95275,4.63E-07,-0.000218405,,,,,,,,,,,,,,
5.95285,4.63E-07,-0.000560178,,,,,,,,,,,,,,
5.95295,4.63E-07,-0.000657425,,,,,,,,,,,,,,
5.95305,4.62E-07,-0.000533016,,,,,,,,,,,,,,
5.95315,4.62E-07,-0.000470601,,,,,,,,,,,,,,
5.95325,4.62E-07,-0.000660732,,,,,,,,,,,,,,
5.95335,4.62E-07,-0.000755869,,,,,,,,,,,,,,
5.95345,4.63E-07,-0.000620553,,,,,,,,,,,,,,
5.95355,4.62E-07,-0.000632586,,,,,,,,,,,,,,
5.95365,4.63E-07,-0.000465745,,,,,,,,,,,,,,
5.95375,4.62E-07,-0.000511484,,,,,,,,,,,,,,
5.95385,4.63E-07,-0.000415785,,,,,,,,,,,,,,
5.95395,4.63E-07,-0.000564048,,,,,,,,,,,,,,
5.95405,4.62E-07,-0.000835243,,,,,,,,,,,,,,
5.95415,4.62E-07,-0.000689653,,,,,,,,,,,,,,
5.95425,4.62E-07,-0.000694086,,,,,,,,,,,,,,
5.95435,4.62E-07,-0.00084425,,,,,,,,,,,,,,
5.95445,4.62E-07,-0.000924046,,,,,,,,,,,,,,
5.95455,4.62E-07,-0.000902443,,,,,,,,,,,,,,
5.95465,4.63E-07,-0.000971192,,,,,,,,,,,,,,
5.95475,4.63E-07,-0.000944452,,,,,,,,,,,,,,
5.95485,4.62E-07,-0.001084342,,,,,,,,,,,,,,
5.95495,4.62E-07,-0.001151613,,,,,,,,,,,,,,
5.95505,4.62E-07,-0.00116062,,,,,,,,,,,,,,
5.95515,4.62E-07,-0.0011818,,,,,,,,,,,,,,
5.95525,4.62E-07,-0.001088564,,,,,,,,,,,,,,
5.95535,4.62E-07,-0.001001309,,,,,,,,,,,,,,
5.95545,4.62E-07,-0.000923694,,,,,,,,,,,,,,
5.95555,4.62E-07,-0.000746721,,,,,,,,,,,,,,
5.95565,4.62E-07,-0.000826095,,,,,,,,,,,,,,
5.95575,4.62E-07,-0.0008655,,,,,,,,,,,,,,
5.95585,4.62E-07,-0.000718363,,,,,,,,,,,,,,
5.95595,4.62E-07,-0.000783664,,,,,,,,,,,,,,
5.95605,4.62E-07,-0.00101686,,,,,,,,,,,,,,
5.95615,4.62E-07,-0.000859449,,,,,,,,,,,,,,
5.95625,4.61E-07,-0.000887737,,,,,,,,,,,,,,
5.95635,4.62E-07,-0.00071013,,,,,,,,,,,,,,
5.95645,4.61E-07,-0.000673187,,,,,,,,,,,,,,
5.95655,4.62E-07,-0.000950996,,,,,,,,,,,,,,
5.95665,4.62E-07,-0.000794993,,,,,,,,,,,,,,
5.95675,4.62E-07,-0.000802381,,,,,,,,,,,,,,
5.95685,4.62E-07,-0.001036703,,,,,,,,,,,,,,
5.95695,4.62E-07,-0.000904625,,,,,,,,,,,,,,
5.95705,4.62E-07,-0.000824125,,,,,,,,,,,,,,
5.95715,4.62E-07,-0.000980269,,,,,,,,,,,,,,
5.95725,4.62E-07,-0.000726174,,,,,,,,,,,,,,
5.95735,4.62E-07,-0.000692538,,,,,,,,,,,,,,
5.95745,4.62E-07,-0.000626323,,,,,,,,,,,,,,
5.95755,4.62E-07,-0.000880489,,,,,,,,,,,,,,
5.95765,4.62E-07,-0.000728355,,,,,,,,,,,,,,
5.95775,4.62E-07,-0.000708652,,,,,,,,,,,,,,
5.95785,4.62E-07,-0.000943467,,,,,,,,,,,,,,
5.95795,4.62E-07,-0.000775009,,,,,,,,,,,,,,
5.95805,4.62E-07,-0.000833272,,,,,,,,,,,,,,
5.95815,4.63E-07,-0.001024108,,,,,,,,,,,,,,
5.95825,4.62E-07,-0.000910465,,,,,,,,,,,,,,
5.95835,4.62E-07,-0.000682687,,,,,,,,,,,,,,
5.95845,4.62E-07,-0.000677409,,,,,,,,,,,,,,
5.95855,4.62E-07,-0.000980269,,,,,,,,,,,,,,
5.95865,4.62E-07,-0.000983858,,,,,,,,,,,,,,
5.95875,4.62E-07,-0.000927846,,,,,,,,,,,,,,
5.95885,4.62E-07,-0.001013271,,,,,,,,,,,,,,
5.95895,4.62E-07,-0.000837846,,,,,,,,,,,,,,
5.95905,4.62E-07,-0.001146898,,,,,,,,,,,,,,
5.95915,4.62E-07,-0.000929112,,,,,,,,,,,,,,
5.95925,4.62E-07,-0.000966759,,,,,,,,,,,,,,
5.95935,4.62E-07,-0.000778668,,,,,,,,,,,,,,
5.95945,4.62E-07,-0.001015593,,,,,,,,,,,,,,
5.95955,4.61E-07,-0.000893929,,,,,,,,,,,,,,
5.95965,4.61E-07,-0.000739966,,,,,,,,,,,,,,
5.95975,4.62E-07,-0.000656651,,,,,,,,,,,,,,
5.95985,4.62E-07,-0.000793726,,,,,,,,,,,,,,
5.95995,4.61E-07,-0.000812655,,,,,,,,,,,,,,
5.96005,4.62E-07,-0.001012638,,,,,,,,,,,,,,
5.96015,4.62E-07,-0.000957259,,,,,,,,,,,,,,
5.96025,4.62E-07,-0.000691764,,,,,,,,,,,,,,
5.96035,4.62E-07,-0.00096704,,,,,,,,,,,,,,
5.96045,4.62E-07,-0.000918698,,,,,,,,,,,,,,
5.96055,4.62E-07,-0.001030652,,,,,,,,,,,,,,
5.96065,4.62E-07,-0.001308039,,,,,,,,,,,,,,
5.96075,4.62E-07,-0.001172301,,,,,,,,,,,,,,
5.96085,4.62E-07,-0.001205021,,,,,,,,,,,,,,
5.96095,4.62E-07,-0.001037055,,,,,,,,,,,,,,
5.96105,4.62E-07,-0.001059362,,,,,,,,,,,,,,
5.96115,4.62E-07,-0.000867682,,,,,,,,,,,,,,
5.96125,4.62E-07,-0.000849949,,,,,,,,,,,,,,
5.96135,4.62E-07,-0.001025867,,,,,,,,,,,,,,
5.96145,4.63E-07,-0.000749184,,,,,,,,,,,,,,
5.96155,4.62E-07,-0.000668473,,,,,,,,,,,,,,
5.96165,4.62E-07,-0.000780849,,,,,,,,,,,,,,
5.96175,4.63E-07,-0.000902373,,,,,,,,,,,,,,
5.96185,4.63E-07,-0.001069635,,,,,,,,,,,,,,
5.96195,4.63E-07,-0.000851286,,,,,,,,,,,,,,
5.96205,4.62E-07,-0.000668262,,,,,,,,,,,,,,
5.96215,4.63E-07,-0.000909198,,,,,,,,,,,,,,
5.96225,4.62E-07,-0.00122768,,,,,,,,,,,,,,
5.96235,4.63E-07,-0.000995961,,,,,,,,,,,,,,
5.96245,4.63E-07,-0.001225569,,,,,,,,,,,,,,
5.96255,4.63E-07,-0.001297554,,,,,,,,,,,,,,
5.96265,4.63E-07,-0.000924609,,,,,,,,,,,,,,
5.96275,4.63E-07,-0.000879504,,,,,,,,,,,,,,
5.96285,4.63E-07,-0.001048736,,,,,,,,,,,,,,
5.96295,4.63E-07,-0.00082328,,,,,,,,,,,,,,
5.96305,4.62E-07,-0.000924327,,,,,,,,,,,,,,
5.96315,4.62E-07,-0.000939597,,,,,,,,,,,,,,
5.96325,4.62E-07,-0.000947408,,,,,,,,,,,,,,
5.96335,4.62E-07,-0.000697112,,,,,,,,,,,,,,
5.96345,4.62E-07,-0.000933264,,,,,,,,,,,,,,
5.96355,4.63E-07,-0.000717308,,,,,,,,,,,,,,
5.96365,4.63E-07,-0.000606691,,,,,,,,,,,,,,
5.96375,4.63E-07,-0.000729622,,,,,,,,,,,,,,
5.96385,4.63E-07,-0.001229298,,,,,,,,,,,,,,
5.96395,4.63E-07,-0.001047329,,,,,,,,,,,,,,
5.96405,4.63E-07,-0.000910043,,,,,,,,,,,,,,
5.96415,4.63E-07,-0.000978299,,,,,,,,,,,,,,
5.96425,4.63E-07,-0.001027134,,,,,,,,,,,,,,
5.96435,4.63E-07,-0.000956555,,,,,,,,,,,,,,
5.96445,4.63E-07,-0.001098486,,,,,,,,,,,,,,
5.96455,4.63E-07,-0.001344348,,,,,,,,,,,,,,
5.96465,4.63E-07,-0.000940301,,,,,,,,,,,,,,
5.96475,4.63E-07,-0.000810685,,,,,,,,,,,,,,
5.96485,4.63E-07,-0.000773601,,,,,,,,,,,,,,
5.96495,4.63E-07,-0.000706049,,,,,,,,,,,,,,
5.96505,4.63E-07,-0.000785704,,,,,,,,,,,,,,
5.96515,4.63E-07,-0.000778738,,,,,,,,,,,,,,
5.96525,4.63E-07,-0.001085749,,,,,,,,,,,,,,
5.96535,4.63E-07,-0.001204247,,,,,,,,,,,,,,
5.96545,4.63E-07,-0.000964648,,,,,,,,,,,,,,
5.96555,4.63E-07,-0.001134725,,,,,,,,,,,,,,
5.96565,4.63E-07,-0.000743836,,,,,,,,,,,,,,
5.96575,4.63E-07,-0.000773249,,,,,,,,,,,,,,
5.96585,4.63E-07,-0.001007712,,,,,,,,,,,,,,
5.96595,4.63E-07,-0.001186022,,,,,,,,,,,,,,
5.96605,4.62E-07,-0.000822366,,,,,,,,,,,,,,
5.96615,4.62E-07,-0.000904484,,,,,,,,,,,,,,
5.96625,4.63E-07,-0.000890762,,,,,,,,,,,,,,
5.96635,4.63E-07,-0.000721037,,,,,,,,,,,,,,
5.96645,4.62E-07,-0.000624001,,,,,,,,,,,,,,
5.96655,4.62E-07,-0.000920598,,,,,,,,,,,,,,
5.96665,4.62E-07,-0.000926368,,,,,,,,,,,,,,
5.96675,4.62E-07,-0.00053562,,,,,,,,,,,,,,
5.96685,4.63E-07,-0.000791685,,,,,,,,,,,,,,
5.96695,4.64E-07,-0.000915954,,,,,,,,,,,,,,
5.96705,4.63E-07,-0.000482422,,,,,,,,,,,,,,
5.96715,4.63E-07,-0.000547582,,,,,,,,,,,,,,
5.96725,4.63E-07,-0.00094206,,,,,,,,,,,,,,
5.96735,4.63E-07,-0.000687753,,,,,,,,,,,,,,
5.96745,4.63E-07,-0.000791756,,,,,,,,,,,,,,
5.96755,4.63E-07,-0.000839183,,,,,,,,,,,,,,
5.96765,4.63E-07,-0.000818847,,,,,,,,,,,,,,
5.96775,4.63E-07,-0.000853397,,,,,,,,,,,,,,
5.96785,4.63E-07,-0.001045429,,,,,,,,,,,,,,
5.96795,4.64E-07,-0.001023052,,,,,,,,,,,,,,
5.96805,4.64E-07,-0.000972599,,,,,,,,,,,,,,
5.96815,4.64E-07,-0.000766635,,,,,,,,,,,,,,
5.96825,4.64E-07,-0.001149924,,,,,,,,,,,,,,
5.96835,4.64E-07,-0.001095601,,,,,,,,,,,,,,
5.96845,4.64E-07,-0.001021786,,,,,,,,,,,,,,
5.96855,4.64E-07,-0.001164349,,,,,,,,,,,,,,
5.96865,4.64E-07,-0.00084242,,,,,,,,,,,,,,
5.96875,4.64E-07,-0.000967181,,,,,,,,,,,,,,
5.96885,4.64E-07,-0.001148446,,,,,,,,,,,,,,
5.96895,4.64E-07,-0.001421541,,,,,,,,,,,,,,
5.96905,4.64E-07,-0.001108126,,,,,,,,,,,,,,
5.96915,4.64E-07,-0.000979003,,,,,,,,,,,,,,
5.96925,4.64E-07,-0.001179197,,,,,,,,,,,,,,
5.96935,4.64E-07,-0.001009542,,,,,,,,,,,,,,
5.96945,4.63E-07,-0.000851146,,,,,,,,,,,,,,
5.96955,4.64E-07,-0.000967111,,,,,,,,,,,,,,
5.96965,4.64E-07,-0.000970136,,,,,,,,,,,,,,
5.96975,4.64E-07,-0.000993076,,,,,,,,,,,,,,
5.96985,4.64E-07,-0.000858886,,,,,,,,,,,,,,
5.96995,4.64E-07,-0.000861138,,,,,,,,,,,,,,
5.97005,4.64E-07,-0.000937416,,,,,,,,,,,,,,
5.97015,4.64E-07,-0.000915883,,,,,,,,,,,,,,
5.97025,4.64E-07,-0.000912506,,,,,,,,,,,,,,
5.97035,4.64E-07,-0.0009555,,,,,,,,,,,,,,
5.97045,4.64E-07,-0.000946985,,,,,,,,,,,,,,
5.97055,4.64E-07,-0.000893718,,,,,,,,,,,,,,
5.97065,4.64E-07,-0.000789926,,,,,,,,,,,,,,
5.97075,4.64E-07,-0.000733703,,,,,,,,,,,,,,
5.97085,4.64E-07,-0.000483478,,,,,,,,,,,,,,
5.97095,4.64E-07,-0.000901951,,,,,,,,,,,,,,
5.97105,4.64E-07,-0.001028611,,,,,,,,,,,,,,
5.97115,4.64E-07,-0.001052536,,,,,,,,,,,,,,
5.97125,4.64E-07,-0.000896181,,,,,,,,,,,,,,
5.97135,4.64E-07,-0.00119714,,,,,,,,,,,,,,
5.97145,4.64E-07,-0.000945015,,,,,,,,,,,,,,
5.97155,4.64E-07,-0.000966125,,,,,,,,,,,,,,
5.97165,4.65E-07,-0.001103693,,,,,,,,,,,,,,
5.97175,4.64E-07,-0.001116781,,,,,,,,,,,,,,
5.97185,4.64E-07,-0.000867119,,,,,,,,,,,,,,
5.97195,4.64E-07,-0.000835102,,,,,,,,,,,,,,
5.97205,4.64E-07,-0.00093439,,,,,,,,,,,,,,
5.97215,4.63E-07,-0.000708512,,,,,,,,,,,,,,
5.97225,4.63E-07,-0.001026289,,,,,,,,,,,,,,
5.97235,4.63E-07,-0.001119737,,,,,,,,,,,,,,
5.97245,4.64E-07,-0.001199533,,,,,,,,,,,,,,
5.97255,4.63E-07,-0.001320916,,,,,,,,,,,,,,
5.97265,4.63E-07,-0.001219939,,,,,,,,,,,,,,
5.97275,4.63E-07,-0.000883655,,,,,,,,,,,,,,
5.97285,4.63E-07,-0.001172582,,,,,,,,,,,,,,
5.97295,4.63E-07,-0.000985406,,,,,,,,,,,,,,
5.97305,4.64E-07,-0.00097851,,,,,,,,,,,,,,
5.97315,4.63E-07,-0.00094206,,,,,,,,,,,,,,
5.97325,4.63E-07,-0.001012356,,,,,,,,,,,,,,
5.97335,4.63E-07,-0.001140213,,,,,,,,,,,,,,
5.97345,4.63E-07,-0.000979636,,,,,,,,,,,,,,
5.97355,4.63E-07,-0.000973655,,,,,,,,,,,,,,
5.97365,4.63E-07,-0.001004053,,,,,,,,,,,,,,
5.97375,4.63E-07,-0.00067945,,,,,,,,,,,,,,
5.97385,4.63E-07,-0.000453431,,,,,,,,,,,,,,
5.97395,4.63E-07,-0.000412548,,,,,,,,,,,,,,
5.97405,4.64E-07,-0.00066791,,,,,,,,,,,,,,
5.97415,4.63E-07,-0.000783312,,,,,,,,,,,,,,
5.97425,4.63E-07,-0.000703093,,,,,,,,,,,,,,
5.97435,4.63E-07,-0.001088705,,,,,,,,,,,,,,
5.97445,4.63E-07,-0.000826588,,,,,,,,,,,,,,
5.97455,4.63E-07,-0.000873804,,,,,,,,,,,,,,
5.97465,4.63E-07,-0.000892592,,,,,,,,,,,,,,
5.97475,4.63E-07,-0.000922005,,,,,,,,,,,,,,
5.97485,4.63E-07,-0.000990965,,,,,,,,,,,,,,
5.97495,4.63E-07,-0.000787604,,,,,,,,,,,,,,
5.97505,4.62E-07,-0.000846501,,,,,,,,,,,,,,
5.97515,4.62E-07,-0.00109743,,,,,,,,,,,,,,
5.97525,4.63E-07,-0.001180182,,,,,,,,,,,,,,
5.97535,4.62E-07,-0.001087579,,,,,,,,,,,,,,
5.97545,4.63E-07,-0.000793585,,,,,,,,,,,,,,
5.97555,4.63E-07,-0.00072934,,,,,,,,,,,,,,
5.97565,4.63E-07,-0.000802241,,,,,,,,,,,,,,
5.97575,4.63E-07,-0.000526754,,,,,,,,,,,,,,
5.97585,4.63E-07,-0.000753406,,,,,,,,,,,,,,
5.97595,4.63E-07,-0.000545049,,,,,,,,,,,,,,
5.97605,4.64E-07,-0.000837776,,,,,,,,,,,,,,
5.97615,4.63E-07,-0.000938682,,,,,,,,,,,,,,
5.97625,4.63E-07,-0.000814907,,,,,,,,,,,,,,
5.97635,4.63E-07,-0.000827221,,,,,,,,,,,,,,
5.97645,4.63E-07,-0.000766353,,,,,,,,,,,,,,
5.97655,4.63E-07,-0.000604298,,,,,,,,,,,,,,
5.97665,4.63E-07,-0.000746369,,,,,,,,,,,,,,
5.97675,4.63E-07,-0.000538786,,,,,,,,,,,,,,
5.97685,4.63E-07,-0.00038609,,,,,,,,,,,,,,
5.97695,4.63E-07,-0.000592828,,,,,,,,,,,,,,
5.97705,4.63E-07,-0.000704079,,,,,,,,,,,,,,
5.97715,4.63E-07,-0.000669599,,,,,,,,,,,,,,
5.97725,4.63E-07,-0.000920809,,,,,,,,,,,,,,
5.97735,4.63E-07,-0.000919331,,,,,,,,,,,,,,
5.97745,4.63E-07,-0.0004953,,,,,,,,,,,,,,
5.97755,4.63E-07,-0.000967181,,,,,,,,,,,,,,
5.97765,4.63E-07,-0.001023193,,,,,,,,,,,,,,
5.97775,4.63E-07,-0.001161886,,,,,,,,,,,,,,
5.97785,4.63E-07,-0.001259978,,,,,,,,,,,,,,
5.97795,4.63E-07,-0.001261737,,,,,,,,,,,,,,
5.97805,4.63E-07,-0.001168079,,,,,,,,,,,,,,
5.97815,4.63E-07,-0.001151191,,,,,,,,,,,,,,
5.97825,4.63E-07,-0.001146969,,,,,,,,,,,,,,
5.97835,4.63E-07,-0.000941426,,,,,,,,,,,,,,
5.97845,4.63E-07,-0.000746791,,,,,,,,,,,,,,
5.97855,4.63E-07,-0.000879785,,,,,,,,,,,,,,
5.97865,4.63E-07,-0.000944593,,,,,,,,,,,,,,
5.97875,4.63E-07,-0.000816314,,,,,,,,,,,,,,
5.97885,4.63E-07,-0.000997509,,,,,,,,,,,,,,
5.97895,4.63E-07,-0.001079979,,,,,,,,,,,,,,
5.97905,4.63E-07,-0.001056899,,,,,,,,,,,,,,
5.97915,4.63E-07,-0.00109933,,,,,,,,,,,,,,
5.97925,4.63E-07,-0.001091168,,,,,,,,,,,,,,
5.97935,4.63E-07,-0.001118329,,,,,,,,,,,,,,
5.97945,4.63E-07,-0.001323871,,,,,,,,,,,,,,
5.97955,4.63E-07,-0.001227468,,,,,,,,,,,,,,
5.97965,4.63E-07,-0.001148306,,,,,,,,,,,,,,
5.97975,4.63E-07,-0.001133388,,,,,,,,,,,,,,
5.97985,4.63E-07,-0.001056195,,,,,,,,,,,,,,
5.97995,4.63E-07,-0.000897869,,,,,,,,,,,,,,
5.98005,4.63E-07,-0.001130855,,,,,,,,,,,,,,
5.98015,4.63E-07,-0.001146687,,,,,,,,,,,,,,
5.98025,4.63E-07,-0.001302409,,,,,,,,,,,,,,
5.98035,4.62E-07,-0.001312261,,,,,,,,,,,,,,
5.98045,4.63E-07,-0.001189118,,,,,,,,,,,,,,
5.98055,4.63E-07,-0.000986884,,,,,,,,,,,,,,
5.98065,4.63E-07,-0.000947337,,,,,,,,,,,,,,
5.98075,4.63E-07,-0.001022137,,,,,,,,,,,,,,
5.98085,4.63E-07,-0.000994976,,,,,,,,,,,,,,
5.98095,4.63E-07,-0.001228876,,,,,,,,,,,,,,
5.98105,4.63E-07,-0.001187359,,,,,,,,,,,,,,
5.98115,4.64E-07,-0.001401768,,,,,,,,,,,,,,
5.98125,4.64E-07,-0.001238305,,,,,,,,,,,,,,
5.98135,4.63E-07,-0.001430055,,,,,,,,,,,,,,
5.98145,4.63E-07,-0.001129729,,,,,,,,,,,,,,
5.98155,4.63E-07,-0.001191229,,,,,,,,,,,,,,
5.98165,4.63E-07,-0.001205795,,,,,,,,,,,,,,
5.98175,4.63E-07,-0.001437303,,,,,,,,,,,,,,
5.98185,4.64E-07,-0.001236968,,,,,,,,,,,,,,
5.98195,4.63E-07,-0.001155202,,,,,,,,,,,,,,
5.98205,4.63E-07,-0.001038252,,,,,,,,,,,,,,
5.98215,4.63E-07,-0.001172301,,,,,,,,,,,,,,
5.98225,4.64E-07,-0.001276233,,,,,,,,,,,,,,
5.98235,4.63E-07,-0.001095178,,,,,,,,,,,,,,
5.98245,4.62E-07,-0.001214873,,,,,,,,,,,,,,
5.98255,4.63E-07,-0.001304943,,,,,,,,,,,,,,
5.98265,4.62E-07,-0.00113198,,,,,,,,,,,,,,
5.98275,4.63E-07,-0.00136771,,,,,,,,,,,,,,
5.98285,4.63E-07,-0.001420485,,,,,,,,,,,,,,
5.98295,4.62E-07,-0.001318805,,,,,,,,,,,,,,
5.98305,4.62E-07,-0.00150957,,,,,,,,,,,,,,
5.98315,4.62E-07,-0.001555308,,,,,,,,,,,,,,
5.98325,4.62E-07,-0.001507177,,,,,,,,,,,,,,
5.98335,4.62E-07,-0.001460313,,,,,,,,,,,,,,
5.98345,4.63E-07,-0.001858942,,,,,,,,,,,,,,
5.98355,4.63E-07,-0.001537717,,,,,,,,,,,,,,
5.98365,4.63E-07,-0.001405638,,,,,,,,,,,,,,
5.98375,4.62E-07,-0.001635808,,,,,,,,,,,,,,
5.98385,4.63E-07,-0.001708286,,,,,,,,,,,,,,
5.98395,4.63E-07,-0.001287421,,,,,,,,,,,,,,
5.98405,4.63E-07,-0.001485082,,,,,,,,,,,,,,
5.98415,4.63E-07,-0.001235772,,,,,,,,,,,,,,
5.98425,4.64E-07,-0.001263356,,,,,,,,,,,,,,
5.98435,4.64E-07,-0.001168571,,,,,,,,,,,,,,
5.98445,4.63E-07,-0.0008674,,,,,,,,,,,,,,
5.98455,4.64E-07,-0.000741021,,,,,,,,,,,,,,
5.98465,4.63E-07,-0.0010417,,,,,,,,,,,,,,
5.98475,4.63E-07,-0.00108969,,,,,,,,,,,,,,
5.98485,4.63E-07,-0.000947478,,,,,,,,,,,,,,
5.98495,4.63E-07,-0.001238516,,,,,,,,,,,,,,
5.98505,4.63E-07,-0.001143732,,,,,,,,,,,,,,
5.98515,4.64E-07,-0.001274122,,,,,,,,,,,,,,
5.98525,4.64E-07,-0.001218743,,,,,,,,,,,,,,
5.98535,4.64E-07,-0.001421611,,,,,,,,,,,,,,
5.98545,4.64E-07,-0.001234787,,,,,,,,,,,,,,
5.98555,4.64E-07,-0.001207203,,,,,,,,,,,,,,
5.98565,4.64E-07,-0.001023615,,,,,,,,,,,,,,
5.98575,4.64E-07,-0.001186937,,,,,,,,,,,,,,
5.98585,4.64E-07,-0.00134083,,,,,,,,,,,,,,
5.98595,4.63E-07,-0.001610195,,,,,,,,,,,,,,
5.98605,4.64E-07,-0.001088212,,,,,,,,,,,,,,
5.98615,4.64E-07,-0.001295795,,,,,,,,,,,,,,
5.98625,4.64E-07,-0.001443566,,,,,,,,,,,,,,
5.98635,4.63E-07,-0.001131277,,,,,,,,,,,,,,
5.98645,4.63E-07,-0.001318101,,,,,,,,,,,,,,
5.98655,4.63E-07,-0.001464746,,,,,,,,,,,,,,
5.98665,4.63E-07,-0.001416896,,,,,,,,,,,,,,
5.98675,4.62E-07,-0.001560938,,,,,,,,,,,,,,
5.98685,4.62E-07,-0.001462705,,,,,,,,,,,,,,
5.98695,4.63E-07,-0.001244075,,,,,,,,,,,,,,
5.98705,4.63E-07,-0.001409719,,,,,,,,,,,,,,
5.98715,4.63E-07,-0.001073998,,,,,,,,,,,,,,
5.98725,4.63E-07,-0.001292699,,,,,,,,,,,,,,
5.98735,4.63E-07,-0.001177015,,,,,,,,,,,,,,
5.98745,4.63E-07,-0.000984773,,,,,,,,,,,,,,
5.98755,4.63E-07,-0.001208399,,,,,,,,,,,,,,
5.98765,4.63E-07,-0.001022419,,,,,,,,,,,,,,
5.98775,4.63E-07,-0.001116922,,,,,,,,,,,,,,
5.98785,4.63E-07,-0.001281721,,,,,,,,,,,,,,
5.98795,4.64E-07,-0.001106226,,,,,,,,,,,,,,
5.98805,4.64E-07,-0.001119948,,,,,,,,,,,,,,
5.98815,4.63E-07,-0.001304661,,,,,,,,,,,,,,
5.98825,4.63E-07,-0.001208469,,,,,,,,,,,,,,
5.98835,4.63E-07,-0.001458132,,,,,,,,,,,,,,
5.98845,4.63E-07,-0.001249001,,,,,,,,,,,,,,
5.98855,4.64E-07,-0.001292347,,,,,,,,,,,,,,
5.98865,4.64E-07,-0.001196014,,,,,,,,,,,,,,
5.98875,4.64E-07,-0.001092223,,,,,,,,,,,,,,
5.98885,4.64E-07,-0.000919542,,,,,,,,,,,,,,
5.98895,4.63E-07,-0.001212762,,,,,,,,,,,,,,
5.98905,4.63E-07,-0.001122551,,,,,,,,,,,,,,
5.98915,4.64E-07,-0.001065061,,,,,,,,,,,,,,
5.98925,4.63E-07,-0.001166531,,,,,,,,,,,,,,
5.98935,4.64E-07,-0.001233731,,,,,,,,,,,,,,
5.98945,4.63E-07,-0.00122592,,,,,,,,,,,,,,
5.98955,4.64E-07,-0.001167516,,,,,,,,,,,,,,
5.98965,4.64E-07,-0.001343504,,,,,,,,,,,,,,
5.98975,4.64E-07,-0.001374606,,,,,,,,,,,,,,
5.98985,4.63E-07,-0.001272152,,,,,,,,,,,,,,
5.98995,4.63E-07,-0.001310502,,,,,,,,,,,,,,
5.99005,4.63E-07,-0.001502041,,,,,,,,,,,,,,
5.99015,4.63E-07,-0.001451869,,,,,,,,,,,,,,
5.99025,4.63E-07,-0.001624901,,,,,,,,,,,,,,
5.99035,4.64E-07,-0.001687598,,,,,,,,,,,,,,
5.99045,4.64E-07,-0.001291995,,,,,,,,,,,,,,
5.99055,4.63E-07,-0.001403738,,,,,,,,,,,,,,
5.99065,4.64E-07,-0.001504785,,,,,,,,,,,,,,
5.99075,4.63E-07,-0.001419148,,,,,,,,,,,,,,
5.99085,4.64E-07,-0.001488389,,,,,,,,,,,,,,
5.99095,4.64E-07,-0.001485364,,,,,,,,,,,,,,
5.99105,4.64E-07,-0.001251252,,,,,,,,,,,,,,
5.99115,4.64E-07,-0.001095601,,,,,,,,,,,,,,
5.99125,4.64E-07,-0.001210017,,,,,,,,,,,,,,
5.99135,4.64E-07,-0.001050847,,,,,,,,,,,,,,
5.99145,4.64E-07,-0.001140987,,,,,,,,,,,,,,
5.99155,4.64E-07,-0.001387131,,,,,,,,,,,,,,
5.99165,4.64E-07,-0.001379391,,,,,,,,,,,,,,
5.99175,4.64E-07,-0.001345193,,,,,,,,,,,,,,
5.99185,4.64E-07,-0.000922287,,,,,,,,,,,,,,
5.99195,4.64E-07,-0.00109933,,,,,,,,,,,,,,
5.99205,4.64E-07,-0.00109933,,,,,,,,,,,,,,
5.99215,4.63E-07,-0.00090751,,,,,,,,,,,,,,
5.99225,4.63E-07,-0.000878378,,,,,,,,,,,,,,
5.99235,4.64E-07,-0.001441384,,,,,,,,,,,,,,
5.99245,4.64E-07,-0.001258078,,,,,,,,,,,,,,
5.99255,4.64E-07,-0.001151472,,,,,,,,,,,,,,
5.99265,4.64E-07,-0.001442932,,,,,,,,,,,,,,
5.99275,4.64E-07,-0.0011146,,,,,,,,,,,,,,
5.99285,4.64E-07,-0.001093419,,,,,,,,,,,,,,
5.99295,4.64E-07,-0.000905188,,,,,,,,,,,,,,
5.99305,4.64E-07,-0.001143732,,,,,,,,,,,,,,
5.99315,4.64E-07,-0.001188978,,,,,,,,,,,,,,
5.99325,4.64E-07,-0.000955922,,,,,,,,,,,,,,
5.99335,4.64E-07,-0.000993428,,,,,,,,,,,,,,
5.99345,4.64E-07,-0.001154146,,,,,,,,,,,,,,
5.99355,4.64E-07,-0.001141691,,,,,,,,,,,,,,
5.99365,4.64E-07,-0.00116632,,,,,,,,,,,,,,
5.99375,4.64E-07,-0.001124592,,,,,,,,,,,,,,
5.99385,4.63E-07,-0.000908987,,,,,,,,,,,,,,
5.99395,4.63E-07,-0.000970699,,,,,,,,,,,,,,
5.99405,4.63E-07,-0.000871059,,,,,,,,,,,,,,
5.99415,4.63E-07,-0.001171316,,,,,,,,,,,,,,
5.99425,4.63E-07,-0.00121621,,,,,,,,,,,,,,
5.99435,4.63E-07,-0.001328586,,,,,,,,,,,,,,
5.99445,4.64E-07,-0.001066961,,,,,,,,,,,,,,
5.99455,4.63E-07,-0.000817932,,,,,,,,,,,,,,
5.99465,4.64E-07,-0.000989206,,,,,,,,,,,,,,
5.99475,4.63E-07,-0.001079698,,,,,,,,,,,,,,
5.99485,4.63E-07,-0.000889707,,,,,,,,,,,,,,
5.99495,4.63E-07,-0.001105171,,,,,,,,,,,,,,
5.99505,4.63E-07,-0.001212269,,,,,,,,,,,,,,
5.99515,4.63E-07,-0.001262019,,,,,,,,,,,,,,
5.99525,4.63E-07,-0.001415278,,,,,,,,,,,,,,
5.99535,4.63E-07,-0.001382769,,,,,,,,,,,,,,
5.99545,4.63E-07,-0.001348992,,,,,,,,,,,,,,
5.99555,4.63E-07,-0.001189963,,,,,,,,,,,,,,
5.99565,4.63E-07,-0.001267226,,,,,,,,,,,,,,
5.99575,4.63E-07,-0.001282636,,,,,,,,,,,,,,
5.99585,4.63E-07,-0.001309235,,,,,,,,,,,,,,
5.99595,4.64E-07,-0.001236687,,,,,,,,,,,,,,
5.99605,4.63E-07,-0.001575996,,,,,,,,,,,,,,
5.99615,4.63E-07,-0.001395294,,,,,,,,,,,,,,
5.99625,4.63E-07,-0.001412534,,,,,,,,,,,,,,
5.99635,4.63E-07,-0.001507248,,,,,,,,,,,,,,
5.99645,4.63E-07,-0.001631023,,,,,,,,,,,,,,
5.99655,4.63E-07,-0.001409789,,,,,,,,,,,,,,
5.99665,4.63E-07,-0.001319649,,,,,,,,,,,,,,
5.99675,4.64E-07,-0.001101582,,,,,,,,,,,,,,
5.99685,4.63E-07,-0.001310361,,,,,,,,,,,,,,
5.99695,4.64E-07,-0.001404019,,,,,,,,,,,,,,
5.99705,4.63E-07,-0.001477131,,,,,,,,,,,,,,
5.99715,4.64E-07,-0.001328375,,,,,,,,,,,,,,
5.99725,4.63E-07,-0.001044233,,,,,,,,,,,,,,
5.99735,4.64E-07,-0.000922005,,,,,,,,,,,,,,
5.99745,4.64E-07,-0.001126984,,,,,,,,,,,,,,
5.99755,4.64E-07,-0.001235139,,,,,,,,,,,,,,
5.99765,4.63E-07,-0.001216913,,,,,,,,,,,,,,
5.99775,4.64E-07,-0.001341815,,,,,,,,,,,,,,
5.99785,4.63E-07,-0.001215225,,,,,,,,,,,,,,
5.99795,4.64E-07,-0.000894421,,,,,,,,,,,,,,
5.99805,4.64E-07,-0.001288688,,,,,,,,,,,,,,
5.99815,4.64E-07,-0.001186304,,,,,,,,,,,,,,
5.99825,4.64E-07,-0.000996172,,,,,,,,,,,,,,
5.99835,4.64E-07,-0.001120229,,,,,,,,,,,,,,
5.99845,4.64E-07,-0.001260048,,,,,,,,,,,,,,
5.99855,4.64E-07,-0.001240627,,,,,,,,,,,,,,
5.99865,4.64E-07,-0.00151337,,,,,,,,,,,,,,
5.99875,4.63E-07,-0.001276233,,,,,,,,,,,,,,
5.99885,4.64E-07,-0.001469812,,,,,,,,,,,,,,
5.99895,4.64E-07,-0.001220643,,,,,,,,,,,,,,
5.99905,4.64E-07,-0.001030722,,,,,,,,,,,,,,
5.99915,4.64E-07,-0.001250619,,,,,,,,,,,,,,
5.99925,4.63E-07,-0.001006657,,,,,,,,,,,,,,
5.99935,4.63E-07,-0.001027556,,,,,,,,,,,,,,
5.99945,4.63E-07,-0.00110123,,,,,,,,,,,,,,
5.99955,4.63E-07,-0.001143873,,,,,,,,,,,,,,
5.99965,4.63E-07,-0.001167868,,,,,,,,,,,,,,
5.99975,4.63E-07,-0.001338297,,,,,,,,,,,,,,
5.99985,4.63E-07,-0.001262441,,,,,,,,,,,,,,
5.99995,4.62E-07,-0.001245342,,,,,,,,,,,,,,
6.00005,7.30E-06,-9.988572121,,,,,,,,,,,,,,
6.00015,1.44E-06,-9.995006561,,,,,,,,,,,,,,
6.00025,5.05E-07,-9.995397568,,,,,,,,,,,,,,
6.00035,2.60E-07,-9.995203018,,,,,,,,,,,,,,
6.00045,1.69E-07,-9.995284081,,,,,,,,,,,,,,
6.00055,1.24E-07,-9.995236397,,,,,,,,,,,,,,
6.00065,9.82E-08,-9.995332718,,,,,,,,,,,,,,
6.00075,8.03E-08,-9.995420456,,,,,,,,,,,,,,
6.00085,6.80E-08,-9.995481491,,,,,,,,,,,,,,
6.00095,5.86E-08,-9.995532036,,,,,,,,,,,,,,
6.00105,-7.13E-06,-0.018602636,,,,,,,,,,,,,,
6.00115,-8.54E-07,-0.001947112,,,,,,,,,,,,,,
6.00125,2.64E-07,-0.001492541,,,,,,,,,,,,,,
6.00135,5.59E-07,-0.001268633,,,,,,,,,,,,,,
6.00145,6.67E-07,-0.001363769,,,,,,,,,,,,,,
6.00155,7.18E-07,-0.001631375,,,,,,,,,,,,,,
6.00165,7.47E-07,-0.001573604,,,,,,,,,,,,,,
6.00175,7.64E-07,-0.001396912,,,,,,,,,,,,,,
6.00185,7.75E-07,-0.001319649,,,,,,,,,,,,,,
6.00195,7.81E-07,-0.001340408,,,,,,,,,,,,,,
6.00205,7.20E-06,-9.968439102,,,,,,,,,,,,,,
6.00215,1.36E-06,-9.995059013,,,,,,,,,,,,,,
6.00225,4.48E-07,-9.995303154,,,,,,,,,,,,,,
6.00235,2.20E-07,-9.995551109,,,,,,,,,,,,,,
6.00245,1.40E-07,-9.99542141,,,,,,,,,,,,,,
6.00255,1.01E-07,-9.995598793,,,,,,,,,,,,,,
6.00265,7.98E-08,-9.995652199,,,,,,,,,,,,,,
6.00275,6.54E-08,-9.995781898,,,,,,,,,,,,,,
6.00285,5.56E-08,-9.996086121,,,,,,,,,,,,,,
6.00295,4.77E-08,-9.99595356,,,,,,,,,,,,,,
6.00305,-7.09E-06,-0.038566958,,,,,,,,,,,,,,
6.00315,-7.40E-07,-0.002274811,,,,,,,,,,,,,,
6.00325,4.06E-07,-0.001783227,,,,,,,,,,,,,,
6.00335,7.06E-07,-0.001556434,,,,,,,,,,,,,,
6.00345,8.17E-07,-0.001373269,,,,,,,,,,,,,,
6.00355,8.69E-07,-0.001387694,,,,,,,,,,,,,,
6.00365,8.97E-07,-0.001017775,,,,,,,,,,,,,,
6.00375,9.14E-07,-0.001271659,,,,,,,,,,,,,,
6.00385,9.23E-07,-0.001053803,,,,,,,,,,,,,,
6.00395,9.29E-07,-0.001249212,,,,,,,,,,,,,,
6.00405,7.20E-06,-9.948162079,,,,,,,,,,,,,,
6.00415,1.35E-06,-9.994777679,,,,,,,,,,,,,,
6.00425,4.43E-07,-9.995445251,,,,,,,,,,,,,,
6.00435,2.15E-07,-9.995607376,,,,,,,,,,,,,,
6.00445,1.35E-07,-9.995577812,,,,,,,,,,,,,,
6.00455,9.74E-08,-9.995727539,,,,,,,,,,,,,,
6.00465,7.55E-08,-9.995828629,,,,,,,,,,,,,,
6.00475,6.15E-08,-9.995839119,,,,,,,,,,,,,,
6.00485,5.19E-08,-9.995755196,,,,,,,,,,,,,,
6.00495,4.45E-08,-9.995958328,,,,,,,,,,,,,,
6.00505,-7.05E-06,-0.059445206,,,,,,,,,,,,,,
6.00515,-6.62E-07,-0.002893408,,,,,,,,,,,,,,
6.00525,5.03E-07,-0.002282904,,,,,,,,,,,,,,
6.00535,8.10E-07,-0.002080247,,,,,,,,,,,,,,
6.00545,9.22E-07,-0.001826573,,,,,,,,,,,,,,
6.00555,9.74E-07,-0.001786605,,,,,,,,,,,,,,
6.00565,1.00E-06,-0.001736081,,,,,,,,,,,,,,
6.00575,1.02E-06,-0.001437022,,,,,,,,,,,,,,
6.00585,1.03E-06,-0.001379461,,,,,,,,,,,,,,
6.00595,1.03E-06,-0.001313598,,,,,,,,,,,,,,
6.00605,7.19E-06,-9.928437233,,,,,,,,,,,,,,
6.00615,1.35E-06,-9.994683266,,,,,,,,,,,,,,
6.00625,4.42E-07,-9.995205879,,,,,,,,,,,,,,
6.00635,2.13E-07,-9.995109558,,,,,,,,,,,,,,
6.00645,1.33E-07,-9.995448112,,,,,,,,,,,,,,
6.00655,9.57E-08,-9.995686531,,,,,,,,,,,,,,
6.00665,7.41E-08,-9.995785713,,,,,,,,,,,,,,
6.00675,6.02E-08,-9.99580574,,,,,,,,,,,,,,
6.00685,5.06E-08,-9.995633125,,,,,,,,,,,,,,
6.00695,4.36E-08,-9.995751381,,,,,,,,,,,,,,
6.00705,-7.03E-06,-0.078628942,,,,,,,,,,,,,,
6.00715,-6.05E-07,-0.002255953,,,,,,,,,,,,,,
6.00725,5.78E-07,-0.002003969,,,,,,,,,,,,,,
6.00735,8.90E-07,-0.001540742,,,,,,,,,,,,,,
6.00745,1.00E-06,-0.001305717,,,,,,,,,,,,,,
6.00755,1.06E-06,-0.00159401,,,,,,,,,,,,,,
6.00765,1.08E-06,-0.001561219,,,,,,,,,,,,,,
6.00775,1.10E-06,-0.001526739,,,,,,,,,,,,,,
6.00785,1.11E-06,-0.001468616,,,,,,,,,,,,,,
6.00795,1.11E-06,-0.001543346,,,,,,,,,,,,,,
6.00805,7.19E-06,-9.908063889,,,,,,,,,,,,,,
6.00815,1.36E-06,-9.994693756,,,,,,,,,,,,,,
6.00825,4.41E-07,-9.994979858,,,,,,,,,,,,,,
6.00835,2.13E-07,-9.995111465,,,,,,,,,,,,,,
6.00845,1.32E-07,-9.995249748,,,,,,,,,,,,,,
6.00855,9.48E-08,-9.995569229,,,,,,,,,,,,,,
6.00865,7.33E-08,-9.995446205,,,,,,,,,,,,,,
6.00875,5.90E-08,-9.995580673,,,,,,,,,,,,,,
6.00885,4.95E-08,-9.9953022,,,,,,,,,,,,,,
6.00895,4.25E-08,-9.995515823,,,,,,,,,,,,,,
6.00905,-7.00E-06,-0.098554075,,,,,,,,,,,,,,
6.00915,-5.58E-07,-0.002040771,,,,,,,,,,,,,,
6.00925,6.39E-07,-0.001860138,,,,,,,,,,,,,,
6.00935,9.54E-07,-0.001607732,,,,,,,,,,,,,,
6.00945,1.07E-06,-0.001703783,,,,,,,,,,,,,,
6.00955,1.12E-06,-0.00153258,,,,,,,,,,,,,,
6.00965,1.15E-06,-0.001543346,,,,,,,,,,,,,,
6.00975,1.17E-06,-0.001535535,,,,,,,,,,,,,,
6.00985,1.18E-06,-0.00120861,,,,,,,,,,,,,,
6.00995,1.18E-06,-0.001153231,,,,,,,,,,,,,,
6.01005,7.18E-06,-9.888030052,,,,,,,,,,,,,,
6.01015,1.36E-06,-9.994586945,,,,,,,,,,,,,,
6.01025,4.41E-07,-9.995030403,,,,,,,,,,,,,,
6.01035,2.12E-07,-9.995408058,,,,,,,,,,,,,,
6.01045,1.31E-07,-9.995271683,,,,,,,,,,,,,,
6.01055,9.37E-08,-9.99532032,,,,,,,,,,,,,,
6.01065,7.24E-08,-9.995634079,,,,,,,,,,,,,,
6.01075,5.82E-08,-9.995698929,,,,,,,,,,,,,,
6.01085,4.85E-08,-9.995621681,,,,,,,,,,,,,,
6.01095,4.14E-08,-9.995617867,,,,,,,,,,,,,,
6.01105,-6.98E-06,-0.118758067,,,,,,,,,,,,,,
6.01115,-5.17E-07,-0.002497804,,,,,,,,,,,,,,
6.01125,6.92E-07,-0.001834877,,,,,,,,,,,,,,
6.01135,1.01E-06,-0.00199855,,,,,,,,,,,,,,
6.01145,1.13E-06,-0.001613713,,,,,,,,,,,,,,
6.01155,1.18E-06,-0.001297273,,,,,,,,,,,,,,
6.01165,1.21E-06,-0.001464324,,,,,,,,,,,,,,
6.01175,1.23E-06,-0.001733407,,,,,,,,,,,,,,
6.01185,1.24E-06,-0.001828262,,,,,,,,,,,,,,
6.01195,1.24E-06,-0.001532228,,,,,,,,,,,,,,
6.01205,7.18E-06,-9.868359566,,,,,,,,,,,,,,
6.01215,1.36E-06,-9.994719505,,,,,,,,,,,,,,
6.01225,4.41E-07,-9.995564461,,,,,,,,,,,,,,
6.01235,2.12E-07,-9.995716095,,,,,,,,,,,,,,
6.01245,1.31E-07,-9.995822906,,,,,,,,,,,,,,
6.01255,9.28E-08,-9.995918274,,,,,,,,,,,,,,
6.01265,7.11E-08,-9.995592117,,,,,,,,,,,,,,
6.01275,5.73E-08,-9.995593071,,,,,,,,,,,,,,
6.01285,4.76E-08,-9.99571228,,,,,,,,,,,,,,
6.01295,4.08E-08,-9.995711327,,,,,,,,,,,,,,
6.01305,-6.97E-06,-0.138386458,,,,,,,,,,,,,,
6.01315,-4.85E-07,-0.001981592,,,,,,,,,,,,,,
6.01325,7.37E-07,-0.001671062,,,,,,,,,,,,,,
6.01335,1.06E-06,-0.001839943,,,,,,,,,,,,,,
6.01345,1.18E-06,-0.001379391,,,,,,,,,,,,,,
6.01355,1.23E-06,-0.001297765,,,,,,,,,,,,,,
6.01365,1.26E-06,-0.001093912,,,,,,,,,,,,,,
6.01375,1.28E-06,-0.001059151,,,,,,,,,,,,,,
6.01385,1.29E-06,-0.000936079,,,,,,,,,,,,,,
6.01395,1.29E-06,-0.001151965,,,,,,,,,,,,,,
6.01405,7.18E-06,-9.847931862,,,,,,,,,,,,,,
6.01415,1.36E-06,-9.994340897,,,,,,,,,,,,,,
6.01425,4.41E-07,-9.99464798,,,,,,,,,,,,,,
6.01435,2.11E-07,-9.995002747,,,,,,,,,,,,,,
6.01445,1.30E-07,-9.995046616,,,,,,,,,,,,,,
6.01455,9.24E-08,-9.99514389,,,,,,,,,,,,,,
6.01465,7.07E-08,-9.995059967,,,,,,,,,,,,,,
6.01475,5.70E-08,-9.995111465,,,,,,,,,,,,,,
6.01485,4.74E-08,-9.995111465,,,,,,,,,,,,,,
6.01495,4.04E-08,-9.995062828,,,,,,,,,,,,,,
6.01505,-6.95E-06,-0.158418819,,,,,,,,,,,,,,
6.01515,-4.52E-07,-0.00198891,,,,,,,,,,,,,,
6.01525,7.79E-07,-0.001541094,,,,,,,,,,,,,,
6.01535,1.10E-06,-0.001411126,,,,,,,,,,,,,,
6.01545,1.22E-06,-0.001384598,,,,,,,,,,,,,,
6.01555,1.28E-06,-0.001411901,,,,,,,,,,,,,,
6.01565,1.31E-06,-0.001349485,,,,,,,,,,,,,,
6.01575,1.32E-06,-0.001392198,,,,,,,,,,,,,,
6.01585,1.33E-06,-0.001382769,,,,,,,,,,,,,,
6.01595,1.34E-06,-0.001655652,,,,,,,,,,,,,,
6.01605,7.18E-06,-9.828500748,,,,,,,,,,,,,,
6.01615,1.37E-06,-9.994501114,,,,,,,,,,,,,,
6.01625,4.41E-07,-9.995130539,,,,,,,,,,,,,,
6.01635,2.11E-07,-9.995212555,,,,,,,,,,,,,,
6.01645,1.30E-07,-9.99544239,,,,,,,,,,,,,,
6.01655,9.18E-08,-9.995235443,,,,,,,,,,,,,,
6.01665,7.06E-08,-9.99519825,,,,,,,,,,,,,,
6.01675,5.67E-08,-9.994989395,,,,,,,,,,,,,,
6.01685,4.72E-08,-9.99493885,,,,,,,,,,,,,,
6.01695,4.00E-08,-9.995393753,,,,,,,,,,,,,,
6.01705,-6.93E-06,-0.178661868,,,,,,,,,,,,,,
6.01715,-4.25E-07,-0.001880123,,,,,,,,,,,,,,
6.01725,8.16E-07,-0.00104184,,,,,,,,,,,,,,
6.01735,1.14E-06,-0.001238375,,,,,,,,,,,,,,
6.01745,1.27E-06,-0.000942623,,,,,,,,,,,,,,
6.01755,1.32E-06,-0.001012427,,,,,,,,,,,,,,
6.01765,1.35E-06,-0.001301002,,,,,,,,,,,,,,
6.01775,1.37E-06,-0.001126492,,,,,,,,,,,,,,
6.01785,1.38E-06,-0.001016508,,,,,,,,,,,,,,
6.01795,1.38E-06,-0.000679943,,,,,,,,,,,,,,
6.01805,7.17E-06,-9.807423592,,,,,,,,,,,,,,
6.01815,1.37E-06,-9.993984222,,,,,,,,,,,,,,
6.01825,4.42E-07,-9.994707108,,,,,,,,,,,,,,
6.01835,2.11E-07,-9.994916916,,,,,,,,,,,,,,
6.01845,1.30E-07,-9.995075226,,,,,,,,,,,,,,
6.01855,9.18E-08,-9.995110512,,,,,,,,,,,,,,
6.01865,7.03E-08,-9.995425224,,,,,,,,,,,,,,
6.01875,5.64E-08,-9.995539665,,,,,,,,,,,,,,
6.01885,4.69E-08,-9.99545002,,,,,,,,,,,,,,
6.01895,3.99E-08,-9.995260239,,,,,,,,,,,,,,
6.01905,-6.92E-06,-0.198525071,,,,,,,,,,,,,,
6.01915,-4.00E-07,-0.002034789,,,,,,,,,,,,,,
6.01925,8.52E-07,-0.002010161,,,,,,,,,,,,,,
6.01935,1.18E-06,-0.001566215,,,,,,,,,,,,,,
6.01945,1.30E-06,-0.001148376,,,,,,,,,,,,,,
6.01955,1.36E-06,-0.001315146,,,,,,,,,,,,,,
6.01965,1.39E-06,-0.001179971,,,,,,,,,,,,,,
6.01975,1.41E-06,-0.001085257,,,,,,,,,,,,,,
6.01985,1.41E-06,-0.001187852,,,,,,,,,,,,,,
6.01995,1.42E-06,-0.001211777,,,,,,,,,,,,,,
6.02005,7.17E-06,-9.787894249,,,,,,,,,,,,,,
6.02015,1.37E-06,-9.993993759,,,,,,,,,,,,,,
6.02025,4.42E-07,-9.994530678,,,,,,,,,,,,,,
6.02035,2.11E-07,-9.994615555,,,,,,,,,,,,,,
6.02045,1.30E-07,-9.99491787,,,,,,,,,,,,,,
6.02055,9.18E-08,-9.995007515,,,,,,,,,,,,,,
6.02065,7.03E-08,-9.995213509,,,,,,,,,,,,,,
6.02075,5.62E-08,-9.995451927,,,,,,,,,,,,,,
6.02085,4.66E-08,-9.995166779,,,,,,,,,,,,,,
6.02095,3.95E-08,-9.995257378,,,,,,,,,,,,,,
6.02105,-6.90E-06,-0.218548641,,,,,,,,,,,,,,
6.02115,-3.78E-07,-0.002121341,,,,,,,,,,,,,,
6.02125,8.83E-07,-0.001493386,,,,,,,,,,,,,,
6.02135,1.22E-06,-0.001356873,,,,,,,,,,,,,,
6.02145,1.34E-06,-0.001377984,,,,,,,,,,,,,,
6.02155,1.39E-06,-0.001149431,,,,,,,,,,,,,,
6.02165,1.43E-06,-0.001404723,,,,,,,,,,,,,,
6.02175,1.44E-06,-0.001319931,,,,,,,,,,,,,,
6.02185,1.45E-06,-0.001357647,,,,,,,,,,,,,,
6.02195,1.46E-06,-0.00125069,,,,,,,,,,,,,,
6.02205,7.17E-06,-9.768116951,,,,,,,,,,,,,,
6.02215,1.38E-06,-9.994298935,,,,,,,,,,,,,,
6.02225,4.43E-07,-9.994781494,,,,,,,,,,,,,,
6.02235,2.11E-07,-9.994950294,,,,,,,,,,,,,,
6.02245,1.30E-07,-9.994804382,,,,,,,,,,,,,,
6.02255,9.16E-08,-9.99509716,,,,,,,,,,,,,,
6.02265,7.01E-08,-9.99559021,,,,,,,,,,,,,,
6.02275,5.62E-08,-9.995328903,,,,,,,,,,,,,,
6.02285,4.64E-08,-9.995588303,,,,,,,,,,,,,,
6.02295,3.93E-08,-9.995126724,,,,,,,,,,,,,,
6.02305,-6.89E-06,-0.238223538,,,,,,,,,,,,,,
6.02315,-3.57E-07,-0.002181293,,,,,,,,,,,,,,
6.02325,9.12E-07,-0.001837973,,,,,,,,,,,,,,
6.02335,1.25E-06,-0.001753321,,,,,,,,,,,,,,
6.02345,1.37E-06,-0.001605199,,,,,,,,,,,,,,
6.02355,1.43E-06,-0.001619976,,,,,,,,,,,,,,
6.02365,1.46E-06,-0.001534198,,,,,,,,,,,,,,
6.02375,1.48E-06,-0.001473401,,,,,,,,,,,,,,
6.02385,1.48E-06,-0.001563893,,,,,,,,,,,,,,
6.02395,1.49E-06,-0.001265256,,,,,,,,,,,,,,
6.02405,7.17E-06,-9.748404503,,,,,,,,,,,,,,
6.02415,1.38E-06,-9.994243622,,,,,,,,,,,,,,
6.02425,4.43E-07,-9.994929314,,,,,,,,,,,,,,
6.02435,2.11E-07,-9.995079041,,,,,,,,,,,,,,
6.02445,1.29E-07,-9.995265007,,,,,,,,,,,,,,
6.02455,9.14E-08,-9.994891167,,,,,,,,,,,,,,
6.02465,6.95E-08,-9.995145798,,,,,,,,,,,,,,
6.02475,5.55E-08,-9.995368004,,,,,,,,,,,,,,
6.02485,4.59E-08,-9.995306969,,,,,,,,,,,,,,
6.02495,3.91E-08,-9.99541378,,,,,,,,,,,,,,
6.02505,-6.88E-06,-0.258422673,,,,,,,,,,,,,,
6.02515,-3.36E-07,-0.001955275,,,,,,,,,,,,,,
6.02525,9.41E-07,-0.001394098,,,,,,,,,,,,,,
6.02535,1.28E-06,-0.001005883,,,,,,,,,,,,,,
6.02545,1.40E-06,-0.001063724,,,,,,,,,,,,,,
6.02555,1.46E-06,-0.001027063,,,,,,,,,,,,,,
6.02565,1.49E-06,-0.000856001,,,,,,,,,,,,,,
6.02575,1.51E-06,-0.000866908,,,,,,,,,,,,,,
6.02585,1.52E-06,-0.000974077,,,,,,,,,,,,,,
6.02595,1.52E-06,-0.000949448,,,,,,,,,,,,,,
6.02605,7.17E-06,-9.727995872,,,,,,,,,,,,,,
6.02615,1.38E-06,-9.994005203,,,,,,,,,,,,,,
6.02625,4.44E-07,-9.994483948,,,,,,,,,,,,,,
6.02635,2.11E-07,-9.994823456,,,,,,,,,,,,,,
6.02645,1.29E-07,-9.994875908,,,,,,,,,,,,,,
6.02655,9.12E-08,-9.995084763,,,,,,,,,,,,,,
6.02665,6.95E-08,-9.995285034,,,,,,,,,,,,,,
6.02675,5.58E-08,-9.995445251,,,,,,,,,,,,,,
6.02685,4.58E-08,-9.995340347,,,,,,,,,,,,,,
6.02695,3.90E-08,-9.995491028,,,,,,,,,,,,,,
6.02705,-6.86E-06,-0.278167307,,,,,,,,,,,,,,
6.02715,-3.17E-07,-0.002022897,,,,,,,,,,,,,,
6.02725,9.69E-07,-0.001718279,,,,,,,,,,,,,,
6.02735,1.31E-06,-0.001272011,,,,,,,,,,,,,,
6.02745,1.43E-06,-0.001321901,,,,,,,,,,,,,,
6.02755,1.49E-06,-0.001410282,,,,,,,,,,,,,,
6.02765,1.52E-06,-0.001390087,,,,,,,,,,,,,,
6.02775,1.54E-06,-0.001334497,,,,,,,,,,,,,,
6.02785,1.55E-06,-0.001190455,,,,,,,,,,,,,,
6.02795,1.55E-06,-0.001153865,,,,,,,,,,,,,,
6.02805,7.17E-06,-9.707983971,,,,,,,,,,,,,,
6.02815,1.39E-06,-9.994139671,,,,,,,,,,,,,,
6.02825,4.44E-07,-9.9945364,,,,,,,,,,,,,,
6.02835,2.11E-07,-9.994832993,,,,,,,,,,,,,,
6.02845,1.30E-07,-9.995079994,,,,,,,,,,,,,,
6.02855,9.11E-08,-9.995102882,,,,,,,,,,,,,,
6.02865,6.93E-08,-9.995457649,,,,,,,,,,,,,,
6.02875,5.57E-08,-9.995120049,,,,,,,,,,,,,,
6.02885,4.58E-08,-9.995379448,,,,,,,,,,,,,,
6.02895,3.89E-08,-9.995292664,,,,,,,,,,,,,,
6.02905,-6.85E-06,-0.298700213,,,,,,,,,,,,,,
6.02915,-3.02E-07,-0.002100934,,,,,,,,,,,,,,
6.02925,9.92E-07,-0.00185085,,,,,,,,,,,,,,
6.02935,1.33E-06,-0.001913336,,,,,,,,,,,,,,
6.02945,1.46E-06,-0.00172046,,,,,,,,,,,,,,
6.02955,1.52E-06,-0.001612517,,,,,,,,,,,,,,
6.02965,1.55E-06,-0.001457921,,,,,,,,,,,,,,
6.02975,1.57E-06,-0.001227398,,,,,,,,,,,,,,
6.02985,1.58E-06,-0.001620187,,,,,,,,,,,,,,
6.02995,1.58E-06,-0.001337734,,,,,,,,,,,,,,
6.03005,7.16E-06,-9.688157082,,,,,,,,,,,,,,
6.03015,1.39E-06,-9.99461174,,,,,,,,,,,,,,
6.03025,4.45E-07,-9.994873047,,,,,,,,,,,,,,
6.03035,2.11E-07,-9.99503994,,,,,,,,,,,,,,
6.03045,1.30E-07,-9.995574951,,,,,,,,,,,,,,
6.03055,9.10E-08,-9.995517731,,,,,,,,,,,,,,
6.03065,6.97E-08,-9.995490074,,,,,,,,,,,,,,
6.03075,5.57E-08,-9.995425224,,,,,,,,,,,,,,
6.03085,4.59E-08,-9.995624542,,,,,,,,,,,,,,
6.03095,3.89E-08,-9.995379448,,,,,,,,,,,,,,
6.03105,-6.84E-06,-0.318507403,,,,,,,,,,,,,,
6.03115,-2.86E-07,-0.002359252,,,,,,,,,,,,,,
6.03125,1.02E-06,-0.001701883,,,,,,,,,,,,,,
6.03135,1.36E-06,-0.00158247,,,,,,,,,,,,,,
6.03145,1.49E-06,-0.001380235,,,,,,,,,,,,,,
6.03155,1.54E-06,-0.001468405,,,,,,,,,,,,,,
6.03165,1.58E-06,-0.001178775,,,,,,,,,,,,,,
6.03175,1.59E-06,-0.00158247,,,,,,,,,,,,,,
6.03185,1.60E-06,-0.001322675,,,,,,,,,,,,,,
6.03195,1.61E-06,-0.00122191,,,,,,,,,,,,,,
6.03205,7.16E-06,-9.668186188,,,,,,,,,,,,,,
6.03215,1.39E-06,-9.994416237,,,,,,,,,,,,,,
6.03225,4.45E-07,-9.995127678,,,,,,,,,,,,,,
6.03235,2.11E-07,-9.995298386,,,,,,,,,,,,,,
6.03245,1.30E-07,-9.995306969,,,,,,,,,,,,,,
6.03255,9.10E-08,-9.995285034,,,,,,,,,,,,,,
6.03265,6.92E-08,-9.995081902,,,,,,,,,,,,,,
6.03275,5.57E-08,-9.995138168,,,,,,,,,,,,,,
6.03285,4.54E-08,-9.995325089,,,,,,,,,,,,,,
6.03295,3.85E-08,-9.995077133,,,,,,,,,,,,,,
6.03305,-6.83E-06,-0.338207334,,,,,,,,,,,,,,
6.03315,-2.71E-07,-0.001966111,,,,,,,,,,,,,,
6.03325,1.04E-06,-0.001484871,,,,,,,,,,,,,,
6.03335,1.38E-06,-0.001172301,,,,,,,,,,,,,,
6.03345,1.51E-06,-0.001137047,,,,,,,,,,,,,,
6.03355,1.57E-06,-0.001264059,,,,,,,,,,,,,,
6.03365,1.60E-06,-0.001148798,,,,,,,,,,,,,,
6.03375,1.62E-06,-0.001125296,,,,,,,,,,,,,,
6.03385,1.63E-06,-0.001008908,,,,,,,,,,,,,,
6.03395,1.63E-06,-0.000731451,,,,,,,,,,,,,,
6.03405,7.16E-06,-9.648116112,,,,,,,,,,,,,,
6.03415,1.40E-06,-9.99442482,,,,,,,,,,,,,,
6.03425,4.46E-07,-9.994708061,,,,,,,,,,,,,,
6.03435,2.11E-07,-9.994848251,,,,,,,,,,,,,,
6.03445,1.29E-07,-9.995249748,,,,,,,,,,,,,,
6.03455,9.09E-08,-9.995433807,,,,,,,,,,,,,,
6.03465,6.91E-08,-9.99533844,,,,,,,,,,,,,,
6.03475,5.52E-08,-9.995379448,,,,,,,,,,,,,,
6.03485,4.59E-08,-9.995571136,,,,,,,,,,,,,,
6.03495,3.86E-08,-9.99546051,,,,,,,,,,,,,,
6.03505,-6.82E-06,-0.358304739,,,,,,,,,,,,,,
6.03515,-2.57E-07,-0.00215371,,,,,,,,,,,,,,
6.03525,1.06E-06,-0.001481212,,,,,,,,,,,,,,
6.03535,1.41E-06,-0.001520477,,,,,,,,,,,,,,
6.03545,1.53E-06,-0.001598092,,,,,,,,,,,,,,
6.03555,1.59E-06,-0.001231057,,,,,,,,,,,,,,
6.03565,1.62E-06,-0.000961059,,,,,,,,,,,,,,
6.03575,1.64E-06,-0.001419148,,,,,,,,,,,,,,
6.03585,1.65E-06,-0.001375802,,,,,,,,,,,,,,
6.03595,1.66E-06,-0.00115675,,,,,,,,,,,,,,
6.03605,7.16E-06,-9.628362656,,,,,,,,,,,,,,
6.03615,1.40E-06,-9.994625092,,,,,,,,,,,,,,
6.03625,4.47E-07,-9.995396614,,,,,,,,,,,,,,
6.03635,2.11E-07,-9.995280266,,,,,,,,,,,,,,
6.03645,1.29E-07,-9.995406151,,,,,,,,,,,,,,
6.03655,9.09E-08,-9.995184898,,,,,,,,,,,,,,
6.03665,6.89E-08,-9.995353699,,,,,,,,,,,,,,
6.03675,5.54E-08,-9.995646477,,,,,,,,,,,,,,
6.03685,4.53E-08,-9.99576664,,,,,,,,,,,,,,
6.03695,3.82E-08,-9.995725632,,,,,,,,,,,,,,
6.03705,-6.81E-06,-0.3785173,,,,,,,,,,,,,,
6.03715,-2.44E-07,-0.002442074,,,,,,,,,,,,,,
6.03725,1.08E-06,-0.001797793,,,,,,,,,,,,,,
6.03735,1.43E-06,-0.001537646,,,,,,,,,,,,,,
6.03745,1.56E-06,-0.001043529,,,,,,,,,,,,,,
6.03755,1.62E-06,-0.001347655,,,,,,,,,,,,,,
6.03765,1.65E-06,-0.001372495,,,,,,,,,,,,,,
6.03775,1.67E-06,-0.00148853,,,,,,,,,,,,,,
6.03785,1.68E-06,-0.001443777,,,,,,,,,,,,,,
6.03795,1.68E-06,-0.001386991,,,,,,,,,,,,,,
6.03805,7.16E-06,-9.608688354,,,,,,,,,,,,,,
6.03815,1.41E-06,-9.994786263,,,,,,,,,,,,,,
6.03825,4.48E-07,-9.995286942,,,,,,,,,,,,,,
6.03835,2.12E-07,-9.995049477,,,,,,,,,,,,,,
6.03845,1.30E-07,-9.99506855,,,,,,,,,,,,,,
6.03855,9.12E-08,-9.995314598,,,,,,,,,,,,,,
6.03865,6.93E-08,-9.995388985,,,,,,,,,,,,,,
6.03875,5.53E-08,-9.995360374,,,,,,,,,,,,,,
6.03885,4.56E-08,-9.995508194,,,,,,,,,,,,,,
6.03895,3.84E-08,-9.995464325,,,,,,,,,,,,,,
6.03905,-6.79E-06,-0.398216754,,,,,,,,,,,,,,
6.03915,-2.30E-07,-0.002030356,,,,,,,,,,,,,,
6.03925,1.10E-06,-0.001537646,,,,,,,,,,,,,,
6.03935,1.45E-06,-0.001071113,,,,,,,,,,,,,,
6.03945,1.58E-06,-0.000964788,,,,,,,,,,,,,,
6.03955,1.64E-06,-0.000903499,,,,,,,,,,,,,,
6.03965,1.67E-06,-0.000997579,,,,,,,,,,,,,,
6.03975,1.69E-06,-0.000905962,,,,,,,,,,,,,,
6.03985,1.70E-06,-0.000856916,,,,,,,,,,,,,,
6.03995,1.71E-06,-0.000985687,,,,,,,,,,,,,,
6.04005,7.16E-06,-9.588283539,,,,,,,,,,,,,,
6.04015,1.41E-06,-9.994267464,,,,,,,,,,,,,,
6.04025,4.48E-07,-9.994570732,,,,,,,,,,,,,,
6.04035,2.12E-07,-9.994689941,,,,,,,,,,,,,,
6.04045,1.30E-07,-9.995075226,,,,,,,,,,,,,,
6.04055,9.08E-08,-9.995185852,,,,,,,,,,,,,,
6.04065,6.91E-08,-9.994823456,,,,,,,,,,,,,,
6.04075,5.51E-08,-9.995246887,,,,,,,,,,,,,,
6.04085,4.54E-08,-9.995286942,,,,,,,,,,,,,,
6.04095,3.85E-08,-9.995341301,,,,,,,,,,,,,,
6.04105,-6.79E-06,-0.418071598,,,,,,,,,,,,,,
6.04115,-2.19E-07,-0.001836284,,,,,,,,,,,,,,
6.04125,1.12E-06,-0.001274192,,,,,,,,,,,,,,
6.04135,1.47E-06,-0.000971121,,,,,,,,,,,,,,
6.04145,1.60E-06,-0.001127407,,,,,,,,,,,,,,
6.04155,1.66E-06,-0.001205373,,,,,,,,,,,,,,
6.04165,1.69E-06,-0.001060628,,,,,,,,,,,,,,
6.04175,1.71E-06,-0.000983436,,,,,,,,,,,,,,
6.04185,1.72E-06,-0.0011818,,,,,,,,,,,,,,
6.04195,1.73E-06,-0.000815118,,,,,,,,,,,,,,
6.04205,7.16E-06,-9.567918777,,,,,,,,,,,,,,
6.04215,1.41E-06,-9.994058609,,,,,,,,,,,,,,
6.04225,4.49E-07,-9.99450779,,,,,,,,,,,,,,
6.04235,2.12E-07,-9.994535446,,,,,,,,,,,,,,
6.04245,1.29E-07,-9.994771957,,,,,,,,,,,,,,
6.04255,9.08E-08,-9.995078087,,,,,,,,,,,,,,
6.04265,6.91E-08,-9.995345116,,,,,,,,,,,,,,
6.04275,5.46E-08,-9.995354652,,,,,,,,,,,,,,
6.04285,4.54E-08,-9.995501518,,,,,,,,,,,,,,
6.04295,3.80E-08,-9.995265007,,,,,,,,,,,,,,
6.04305,-6.77E-06,-0.438051343,,,,,,,,,,,,,,
6.04315,-2.09E-07,-0.001799764,,,,,,,,,,,,,,
6.04325,1.14E-06,-0.001470305,,,,,,,,,,,,,,
6.04335,1.49E-06,-0.001443706,,,,,,,,,,,,,,
6.04345,1.62E-06,-0.001470868,,,,,,,,,,,,,,
6.04355,1.68E-06,-0.001097641,,,,,,,,,,,,,,
6.04365,1.71E-06,-0.001009612,,,,,,,,,,,,,,
6.04375,1.73E-06,-0.000877181,,,,,,,,,,,,,,
6.04385,1.74E-06,-0.001161816,,,,,,,,,,,,,,
6.04395,1.75E-06,-0.00093439,,,,,,,,,,,,,,
6.04405,7.16E-06,-9.547829628,,,,,,,,,,,,,,
6.04415,1.42E-06,-9.994166374,,,,,,,,,,,,,,
6.04425,4.50E-07,-9.994718552,,,,,,,,,,,,,,
6.04435,2.12E-07,-9.995075226,,,,,,,,,,,,,,
6.04445,1.29E-07,-9.995093346,,,,,,,,,,,,,,
6.04455,9.09E-08,-9.995012283,,,,,,,,,,,,,,
6.04465,6.91E-08,-9.995254517,,,,,,,,,,,,,,
6.04475,5.51E-08,-9.995452881,,,,,,,,,,,,,,
6.04485,4.53E-08,-9.995414734,,,,,,,,,,,,,,
6.04495,3.83E-08,-9.995482445,,,,,,,,,,,,,,
6.04505,-6.77E-06,-0.458389372,,,,,,,,,,,,,,
6.04515,-2.00E-07,-0.002401191,,,,,,,,,,,,,,
6.04525,1.16E-06,-0.001663111,,,,,,,,,,,,,,
6.04535,1.51E-06,-0.00132352,,,,,,,,,,,,,,
6.04545,1.64E-06,-0.001495426,,,,,,,,,,,,,,
6.04555,1.70E-06,-0.001304802,,,,,,,,,,,,,,
6.04565,1.73E-06,-0.001170471,,,,,,,,,,,,,,
6.04575,1.75E-06,-0.001141902,,,,,,,,,,,,,,
6.04585,1.76E-06,-0.001244568,,,,,,,,,,,,,,
6.04595,1.77E-06,-0.000958807,,,,,,,,,,,,,,
6.04605,7.15E-06,-9.528336525,,,,,,,,,,,,,,
6.04615,1.42E-06,-9.994743347,,,,,,,,,,,,,,
6.04625,4.50E-07,-9.995352745,,,,,,,,,,,,,,
6.04635,2.12E-07,-9.995518684,,,,,,,,,,,,,,
6.04645,1.29E-07,-9.995595932,,,,,,,,,,,,,,
6.04655,9.11E-08,-9.995500565,,,,,,,,,,,,,,
6.04665,6.92E-08,-9.995598793,,,,,,,,,,,,,,
6.04675,5.52E-08,-9.995656013,,,,,,,,,,,,,,
6.04685,4.55E-08,-9.995567322,,,,,,,,,,,,,,
6.04695,3.83E-08,-9.995472908,,,,,,,,,,,,,,
6.04705,-6.76E-06,-0.478285283,,,,,,,,,,,,,,
6.04715,-1.90E-07,-0.002186782,,,,,,,,,,,,,,
6.04725,1.17E-06,-0.00159204,,,,,,,,,,,,,,
6.04735,1.53E-06,-0.001297202,,,,,,,,,,,,,,
6.04745,1.66E-06,-0.00105141,,,,,,,,,,,,,,
6.04755,1.72E-06,-0.001342519,,,,,,,,,,,,,,
6.04765,1.75E-06,-0.001502463,,,,,,,,,,,,,,
6.04775,1.77E-06,-0.00126617,,,,,,,,,,,,,,
6.04785,1.78E-06,-0.001283762,,,,,,,,,,,,,,
6.04795,1.79E-06,-0.000919965,,,,,,,,,,,,,,
6.04805,7.15E-06,-9.508047104,,,,,,,,,,,,,,
6.04815,1.42E-06,-9.99404335,,,,,,,,,,,,,,
6.04825,4.51E-07,-9.994645119,,,,,,,,,,,,,,
6.04835,2.12E-07,-9.994614601,,,,,,,,,,,,,,
6.04845,1.30E-07,-9.994630814,,,,,,,,,,,,,,
6.04855,9.07E-08,-9.995043755,,,,,,,,,,,,,,
6.04865,6.89E-08,-9.995376587,,,,,,,,,,,,,,
6.04875,5.50E-08,-9.995502472,,,,,,,,,,,,,,
6.04885,4.55E-08,-9.995652199,,,,,,,,,,,,,,
6.04895,3.78E-08,-9.995540619,,,,,,,,,,,,,,
6.04905,-6.75E-06,-0.498440385,,,,,,,,,,,,,,
6.04915,-1.81E-07,-0.002327305,,,,,,,,,,,,,,
6.04925,1.19E-06,-0.001953445,,,,,,,,,,,,,,
6.04935,1.55E-06,-0.00156326,,,,,,,,,,,,,,
6.04945,1.68E-06,-0.001604776,,,,,,,,,,,,,,
6.04955,1.74E-06,-0.001572126,,,,,,,,,,,,,,
6.04965,1.77E-06,-0.001686262,,,,,,,,,,,,,,
6.04975,1.79E-06,-0.00129298,,,,,,,,,,,,,,
6.04985,1.80E-06,-0.001319649,,,,,,,,,,,,,,
6.04995,1.81E-06,-0.001503518,,,,,,,,,,,,,,
6.05005,7.15E-06,-9.488376617,,,,,,,,,,,,,,
6.05015,1.43E-06,-9.994433403,,,,,,,,,,,,,,
6.05025,4.51E-07,-9.994610786,,,,,,,,,,,,,,
6.05035,2.12E-07,-9.994957924,,,,,,,,,,,,,,
6.05045,1.29E-07,-9.995207787,,,,,,,,,,,,,,
6.05055,9.08E-08,-9.995089531,,,,,,,,,,,,,,
6.05065,6.91E-08,-9.995392799,,,,,,,,,,,,,,
6.05075,5.49E-08,-9.995450974,,,,,,,,,,,,,,
6.05085,4.51E-08,-9.995350838,,,,,,,,,,,,,,
6.05095,3.83E-08,-9.99546051,,,,,,,,,,,,,,
6.05105,-6.74E-06,-0.518167019,,,,,,,,,,,,,,
6.05115,-1.73E-07,-0.002044289,,,,,,,,,,,,,,
6.05125,1.20E-06,-0.001724682,,,,,,,,,,,,,,
6.05135,1.56E-06,-0.001605621,,,,,,,,,,,,,,
6.05145,1.70E-06,-0.001482268,,,,,,,,,,,,,,
6.05155,1.76E-06,-0.001500704,,,,,,,,,,,,,,
6.05165,1.79E-06,-0.001212058,,,,,,,,,,,,,,
6.05175,1.81E-06,-0.001272081,,,,,,,,,,,,,,
6.05185,1.82E-06,-0.001575574,,,,,,,,,,,,,,
6.05195,1.82E-06,-0.001194959,,,,,,,,,,,,,,
6.05205,7.15E-06,-9.468345642,,,,,,,,,,,,,,
6.05215,1.43E-06,-9.994207382,,,,,,,,,,,,,,
6.05225,4.52E-07,-9.994976997,,,,,,,,,,,,,,
6.05235,2.12E-07,-9.994882584,,,,,,,,,,,,,,
6.05245,1.29E-07,-9.99509716,,,,,,,,,,,,,,
6.05255,9.07E-08,-9.995339394,,,,,,,,,,,,,,
6.05265,6.89E-08,-9.995324135,,,,,,,,,,,,,,
6.05275,5.49E-08,-9.995470047,,,,,,,,,,,,,,
6.05285,4.51E-08,-9.995581627,,,,,,,,,,,,,,
6.05295,3.79E-08,-9.995465279,,,,,,,,,,,,,,
6.05305,-6.73E-06,-0.538698614,,,,,,,,,,,,,,
6.05315,-1.65E-07,-0.002541995,,,,,,,,,,,,,,
6.05325,1.22E-06,-0.001879349,,,,,,,,,,,,,,
6.05335,1.58E-06,-0.001710679,,,,,,,,,,,,,,
6.05345,1.71E-06,-0.001524699,,,,,,,,,,,,,,
6.05355,1.77E-06,-0.001383824,,,,,,,,,,,,,,
6.05365,1.81E-06,-0.001290588,,,,,,,,,,,,,,
6.05375,1.83E-06,-0.001171808,,,,,,,,,,,,,,
6.05385,1.84E-06,-0.001384457,,,,,,,,,,,,,,
6.05395,1.84E-06,-0.001348218,,,,,,,,,,,,,,
6.05405,7.15E-06,-9.448359489,,,,,,,,,,,,,,
6.05415,1.44E-06,-9.994531631,,,,,,,,,,,,,,
6.05425,4.53E-07,-9.994976997,,,,,,,,,,,,,,
6.05435,2.13E-07,-9.995265007,,,,,,,,,,,,,,
6.05445,1.30E-07,-9.995471001,,,,,,,,,,,,,,
6.05455,9.11E-08,-9.995466232,,,,,,,,,,,,,,
6.05465,6.86E-08,-9.995708466,,,,,,,,,,,,,,
6.05475,5.48E-08,-9.995721817,,,,,,,,,,,,,,
6.05485,4.52E-08,-9.996019363,,,,,,,,,,,,,,
6.05495,3.83E-08,-9.995908737,,,,,,,,,,,,,,
6.05505,-6.72E-06,-0.558366716,,,,,,,,,,,,,,
6.05515,-1.57E-07,-0.001902429,,,,,,,,,,,,,,
6.05525,1.23E-06,-0.002018183,,,,,,,,,,,,,,
6.05535,1.60E-06,-0.00193325,,,,,,,,,,,,,,
6.05545,1.73E-06,-0.001678099,,,,,,,,,,,,,,
6.05555,1.79E-06,-0.001552705,,,,,,,,,,,,,,
6.05565,1.82E-06,-0.001537928,,,,,,,,,,,,,,
6.05575,1.84E-06,-0.001382135,,,,,,,,,,,,,,
6.05585,1.85E-06,-0.001467561,,,,,,,,,,,,,,
6.05595,1.86E-06,-0.001388257,,,,,,,,,,,,,,
6.05605,7.15E-06,-9.428723335,,,,,,,,,,,,,,
6.05615,1.44E-06,-9.995051384,,,,,,,,,,,,,,
6.05625,4.54E-07,-9.995481491,,,,,,,,,,,,,,
6.05635,2.13E-07,-9.995454788,,,,,,,,,,,,,,
6.05645,1.29E-07,-9.995727539,,,,,,,,,,,,,,
6.05655,9.07E-08,-9.995619774,,,,,,,,,,,,,,
6.05665,6.90E-08,-9.995635986,,,,,,,,,,,,,,
6.05675,5.45E-08,-9.995522499,,,,,,,,,,,,,,
6.05685,4.49E-08,-9.995586395,,,,,,,,,,,,,,
6.05695,3.79E-08,-9.996027946,,,,,,,,,,,,,,
6.05705,-6.71E-06,-0.578352034,,,,,,,,,,,,,,
6.05715,-1.52E-07,-0.002173061,,,,,,,,,,,,,,
6.05725,1.25E-06,-0.001684924,,,,,,,,,,,,,,
6.05735,1.61E-06,-0.001779076,,,,,,,,,,,,,,
6.05745,1.75E-06,-0.001488601,,,,,,,,,,,,,,
6.05755,1.81E-06,-0.001432448,,,,,,,,,,,,,,
6.05765,1.84E-06,-0.001447436,,,,,,,,,,,,,,
6.05775,1.86E-06,-0.001613643,,,,,,,,,,,,,,
6.05785,1.87E-06,-0.001539546,,,,,,,,,,,,,,
6.05795,1.88E-06,-0.001546864,,,,,,,,,,,,,,
6.05805,7.15E-06,-9.408877373,,,,,,,,,,,,,,
6.05815,1.44E-06,-9.994988441,,,,,,,,,,,,,,
6.05825,4.54E-07,-9.995400429,,,,,,,,,,,,,,
6.05835,2.13E-07,-9.995533943,,,,,,,,,,,,,,
6.05845,1.30E-07,-9.995598793,,,,,,,,,,,,,,
6.05855,9.09E-08,-9.995648384,,,,,,,,,,,,,,
6.05865,6.89E-08,-9.995508194,,,,,,,,,,,,,,
6.05875,5.49E-08,-9.995750427,,,,,,,,,,,,,,
6.05885,4.49E-08,-9.995693207,,,,,,,,,,,,,,
6.05895,3.79E-08,-9.99577713,,,,,,,,,,,,,,
6.05905,-6.70E-06,-0.598410606,,,,,,,,,,,,,,
6.05915,-1.44E-07,-0.0022055,,,,,,,,,,,,,,
6.05925,1.26E-06,-0.002096501,,,,,,,,,,,,,,
6.05935,1.63E-06,-0.001862179,,,,,,,,,,,,,,
6.05945,1.76E-06,-0.001603651,,,,,,,,,,,,,,
6.05955,1.82E-06,-0.001686965,,,,,,,,,,,,,,
6.05965,1.86E-06,-0.001539265,,,,,,,,,,,,,,
6.05975,1.88E-06,-0.001277077,,,,,,,,,,,,,,
6.05985,1.89E-06,-0.001530047,,,,,,,,,,,,,,
6.05995,1.89E-06,-0.001609561,,,,,,,,,,,,,,
6.06005,7.15E-06,-9.389115334,,,,,,,,,,,,,,
6.06015,1.45E-06,-9.995126724,,,,,,,,,,,,,,
6.06025,4.55E-07,-9.995668411,,,,,,,,,,,,,,
6.06035,2.14E-07,-9.995440483,,,,,,,,,,,,,,
6.06045,1.30E-07,-9.995705605,,,,,,,,,,,,,,
6.06055,9.08E-08,-9.995824814,,,,,,,,,,,,,,
6.06065,6.86E-08,-9.996059418,,,,,,,,,,,,,,
6.06075,5.50E-08,-9.995932579,,,,,,,,,,,,,,
6.06085,4.52E-08,-9.996049881,,,,,,,,,,,,,,
6.06095,3.80E-08,-9.99640274,,,,,,,,,,,,,,
6.06105,-6.69E-06,-0.618232787,,,,,,,,,,,,,,
6.06115,-1.35E-07,-0.002039856,,,,,,,,,,,,,,
6.06125,1.27E-06,-0.001545879,,,,,,,,,,,,,,
6.06135,1.64E-06,-0.00115098,,,,,,,,,,,,,,
6.06145,1.78E-06,-0.001100737,,,,,,,,,,,,,,
6.06155,1.84E-06,-0.001410212,,,,,,,,,,,,,,
6.06165,1.87E-06,-0.00132563,,,,,,,,,,,,,,
6.06175,1.89E-06,-0.000893366,,,,,,,,,,,,,,
6.06185,1.90E-06,-0.000916517,,,,,,,,,,,,,,
6.06195,1.91E-06,-0.001126562,,,,,,,,,,,,,,
6.06205,7.15E-06,-9.369073868,,,,,,,,,,,,,,
6.06215,1.45E-06,-9.994969368,,,,,,,,,,,,,,
6.06225,4.56E-07,-9.995467186,,,,,,,,,,,,,,
6.06235,2.14E-07,-9.995305061,,,,,,,,,,,,,,
6.06245,1.30E-07,-9.995622635,,,,,,,,,,,,,,
6.06255,9.11E-08,-9.9958601,,,,,,,,,,,,,,
6.06265,6.88E-08,-9.995968819,,,,,,,,,,,,,,
6.06275,5.48E-08,-9.995947838,,,,,,,,,,,,,,
6.06285,4.53E-08,-9.996003151,,,,,,,,,,,,,,
6.06295,3.79E-08,-9.995944977,,,,,,,,,,,,,,
6.06305,-6.69E-06,-0.638190329,,,,,,,,,,,,,,
6.06315,-1.30E-07,-0.001826221,,,,,,,,,,,,,,
6.06325,1.29E-06,-0.00175304,,,,,,,,,,,,,,
6.06335,1.66E-06,-0.00174164,,,,,,,,,,,,,,
6.06345,1.79E-06,-0.001364895,,,,,,,,,,,,,,
6.06355,1.85E-06,-0.001491274,,,,,,,,,,,,,,
6.06365,1.89E-06,-0.001408241,,,,,,,,,,,,,,
6.06375,1.91E-06,-0.001210017,,,,,,,,,,,,,,
6.06385,1.92E-06,-0.001082583,,,,,,,,,,,,,,
6.06395,1.92E-06,-0.001119033,,,,,,,,,,,,,,
6.06405,7.15E-06,-9.348438263,,,,,,,,,,,,,,
6.06415,1.46E-06,-9.994642258,,,,,,,,,,,,,,
6.06425,4.56E-07,-9.994972229,,,,,,,,,,,,,,
6.06435,2.14E-07,-9.995121002,,,,,,,,,,,,,,
6.06445,1.30E-07,-9.995311737,,,,,,,,,,,,,,
6.06455,9.04E-08,-9.99552536,,,,,,,,,,,,,,
6.06465,6.87E-08,-9.99536705,,,,,,,,,,,,,,
6.06475,5.45E-08,-9.995555878,,,,,,,,,,,,,,
6.06485,4.48E-08,-9.995903969,,,,,,,,,,,,,,
6.06495,3.75E-08,-9.996039391,,,,,,,,,,,,,,
6.06505,-6.68E-06,-0.658219695,,,,,,,,,,,,,,
6.06515,-1.24E-07,-0.001748888,,,,,,,,,,,,,,
6.06525,1.30E-06,-0.001688584,,,,,,,,,,,,,,
6.06535,1.67E-06,-0.001444691,,,,,,,,,,,,,,
6.06545,1.81E-06,-0.001267718,,,,,,,,,,,,,,
6.06555,1.87E-06,-0.001243512,,,,,,,,,,,,,,
6.06565,1.90E-06,-0.000854664,,,,,,,,,,,,,,
6.06575,1.92E-06,-0.000897377,,,,,,,,,,,,,,
6.06585,1.93E-06,-0.001005953,,,,,,,,,,,,,,
6.06595,1.94E-06,-0.000912013,,,,,,,,,,,,,,
6.06605,7.15E-06,-9.328641891,,,,,,,,,,,,,,
6.06615,1.46E-06,-9.995175362,,,,,,,,,,,,,,
6.06625,4.57E-07,-9.995475769,,,,,,,,,,,,,,
6.06635,2.14E-07,-9.995557785,,,,,,,,,,,,,,
6.06645,1.30E-07,-9.995762825,,,,,,,,,,,,,,
6.06655,9.07E-08,-9.995691299,,,,,,,,,,,,,,
6.06665,6.87E-08,-9.995728493,,,,,,,,,,,,,,
6.06675,5.45E-08,-9.995742798,,,,,,,,,,,,,,
6.06685,4.48E-08,-9.995621681,,,,,,,,,,,,,,
6.06695,3.75E-08,-9.995879173,,,,,,,,,,,,,,
6.06705,-6.67E-06,-0.678362668,,,,,,,,,,,,,,
6.06715,-1.19E-07,-0.002145266,,,,,,,,,,,,,,
6.06725,1.31E-06,-0.001557701,,,,,,,,,,,,,,
6.06735,1.68E-06,-0.001427874,,,,,,,,,,,,,,
6.06745,1.82E-06,-0.001589577,,,,,,,,,,,,,,
6.06755,1.88E-06,-0.00166304,,,,,,,,,,,,,,
6.06765,1.92E-06,-0.001340056,,,,,,,,,,,,,,
6.06775,1.94E-06,-0.001212058,,,,,,,,,,,,,,
6.06785,1.95E-06,-0.001376717,,,,,,,,,,,,,,
6.06795,1.95E-06,-0.001432518,,,,,,,,,,,,,,
6.06805,7.14E-06,-9.308885574,,,,,,,,,,,,,,
6.06815,1.46E-06,-9.994801521,,,,,,,,,,,,,,
6.06825,4.58E-07,-9.995111465,,,,,,,,,,,,,,
6.06835,2.14E-07,-9.9952631,,,,,,,,,,,,,,
6.06845,1.30E-07,-9.995444298,,,,,,,,,,,,,,
6.06855,9.08E-08,-9.995585442,,,,,,,,,,,,,,
6.06865,6.89E-08,-9.99546051,,,,,,,,,,,,,,
6.06875,5.45E-08,-9.995778084,,,,,,,,,,,,,,
6.06885,4.48E-08,-9.995624542,,,,,,,,,,,,,,
6.06895,3.76E-08,-9.995548248,,,,,,,,,,,,,,
6.06905,-6.66E-06,-0.698105037,,,,,,,,,,,,,,
6.06915,-1.12E-07,-0.002044007,,,,,,,,,,,,,,
6.06925,1.32E-06,-0.001782805,,,,,,,,,,,,,,
6.06935,1.70E-06,-0.001617372,,,,,,,,,,,,,,
6.06945,1.84E-06,-0.001347233,,,,,,,,,,,,,,
6.06955,1.90E-06,-0.001085116,,,,,,,,,,,,,,
6.06965,1.93E-06,-0.001114178,,,,,,,,,,,,,,
6.06975,1.95E-06,-0.001150698,,,,,,,,,,,,,,
6.06985,1.96E-06,-0.000993709,,,,,,,,,,,,,,
6.06995,1.97E-06,-0.001125084,,,,,,,,,,,,,,
6.07005,7.14E-06,-9.288936615,,,,,,,,,,,,,,
6.07015,1.47E-06,-9.994955063,,,,,,,,,,,,,,
6.07025,4.59E-07,-9.995524406,,,,,,,,,,,,,,
6.07035,2.15E-07,-9.995809555,,,,,,,,,,,,,,
6.07045,1.30E-07,-9.995941162,,,,,,,,,,,,,,
6.07055,9.06E-08,-9.995876312,,,,,,,,,,,,,,
6.07065,6.87E-08,-9.996198654,,,,,,,,,,,,,,
6.07075,5.46E-08,-9.995914459,,,,,,,,,,,,,,
6.07085,4.47E-08,-9.995972633,,,,,,,,,,,,,,
6.07095,3.77E-08,-9.995974541,,,,,,,,,,,,,,
6.07105,-6.65E-06,-0.71814096,,,,,,,,,,,,,,
6.07115,-1.07E-07,-0.00178949,,,,,,,,,,,,,,
6.07125,1.33E-06,-0.001638764,,,,,,,,,,,,,,
6.07135,1.71E-06,-0.00161505,,,,,,,,,,,,,,
6.07145,1.85E-06,-0.001483393,,,,,,,,,,,,,,
6.07155,1.91E-06,-0.001895744,,,,,,,,,,,,,,
6.07165,1.95E-06,-0.001625887,,,,,,,,,,,,,,
6.07175,1.97E-06,-0.001643689,,,,,,,,,,,,,,
6.07185,1.98E-06,-0.001246819,,,,,,,,,,,,,,
6.07195,1.98E-06,-0.001401768,,,,,,,,,,,,,,
6.07205,7.14E-06,-9.269005775,,,,,,,,,,,,,,
6.07215,1.47E-06,-9.994974136,,,,,,,,,,,,,,
6.07225,4.60E-07,-9.995547295,,,,,,,,,,,,,,
6.07235,2.15E-07,-9.995634079,,,,,,,,,,,,,,
6.07245,1.30E-07,-9.995467186,,,,,,,,,,,,,,
6.07255,9.09E-08,-9.996079445,,,,,,,,,,,,,,
6.07265,6.89E-08,-9.995876312,,,,,,,,,,,,,,
6.07275,5.49E-08,-9.995835304,,,,,,,,,,,,,,
6.07285,4.47E-08,-9.995781898,,,,,,,,,,,,,,
6.07295,3.76E-08,-9.995571136,,,,,,,,,,,,,,
6.07305,-6.65E-06,-0.737860858,,,,,,,,,,,,,,
6.07315,-1.01E-07,-0.001805604,,,,,,,,,,,,,,
6.07325,1.35E-06,-0.00193142,,,,,,,,,,,,,,
6.07335,1.73E-06,-0.001722008,,,,,,,,,,,,,,
6.07345,1.86E-06,-0.001669936,,,,,,,,,,,,,,
6.07355,1.93E-06,-0.001569241,,,,,,,,,,,,,,
6.07365,1.96E-06,-0.001714901,,,,,,,,,,,,,,
6.07375,1.98E-06,-0.001657341,,,,,,,,,,,,,,
6.07385,1.99E-06,-0.001214521,,,,,,,,,,,,,,
6.07395,2.00E-06,-0.001188626,,,,,,,,,,,,,,
6.07405,7.14E-06,-9.248929977,,,,,,,,,,,,,,
6.07415,1.48E-06,-9.994953156,,,,,,,,,,,,,,
6.07425,4.61E-07,-9.995467186,,,,,,,,,,,,,,
6.07435,2.15E-07,-9.995404243,,,,,,,,,,,,,,
6.07445,1.30E-07,-9.995658875,,,,,,,,,,,,,,
6.07455,9.12E-08,-9.995826721,,,,,,,,,,,,,,
6.07465,6.86E-08,-9.995895386,,,,,,,,,,,,,,
6.07475,5.48E-08,-9.995689392,,,,,,,,,,,,,,
6.07485,4.52E-08,-9.995942116,,,,,,,,,,,,,,
6.07495,3.79E-08,-9.996027946,,,,,,,,,,,,,,
6.07505,-6.64E-06,-0.758360982,,,,,,,,,,,,,,
6.07515,-9.76E-08,-0.002435811,,,,,,,,,,,,,,
6.07525,1.36E-06,-0.001805463,,,,,,,,,,,,,,
6.07535,1.74E-06,-0.001622861,,,,,,,,,,,,,,
6.07545,1.88E-06,-0.001556223,,,,,,,,,,,,,,
6.07555,1.94E-06,-0.001529906,,,,,,,,,,,,,,
6.07565,1.97E-06,-0.001687739,,,,,,,,,,,,,,
6.07575,1.99E-06,-0.001327953,,,,,,,,,,,,,,
6.07585,2.01E-06,-0.001535746,,,,,,,,,,,,,,
6.07595,2.01E-06,-0.0015767,,,,,,,,,,,,,,
6.07605,7.14E-06,-9.228543282,,,,,,,,,,,,,,
6.07615,1.48E-06,-9.994755745,,,,,,,,,,,,,,
6.07625,4.61E-07,-9.99532795,,,,,,,,,,,,,,
6.07635,2.15E-07,-9.995310783,,,,,,,,,,,,,,
6.07645,1.30E-07,-9.995631218,,,,,,,,,,,,,,
6.07655,9.09E-08,-9.995879173,,,,,,,,,,,,,,
6.07665,6.87E-08,-9.995973587,,,,,,,,,,,,,,
6.07675,5.44E-08,-9.995732307,,,,,,,,,,,,,,
6.07685,4.47E-08,-9.99578476,,,,,,,,,,,,,,
6.07695,3.76E-08,-9.995584488,,,,,,,,,,,,,,
6.07705,-6.63E-06,-0.778110564,,,,,,,,,,,,,,
6.07715,-9.22E-08,-0.002101638,,,,,,,,,,,,,,
6.07725,1.37E-06,-0.001873508,,,,,,,,,,,,,,
6.07735,1.75E-06,-0.001688865,,,,,,,,,,,,,,
6.07745,1.89E-06,-0.001874845,,,,,,,,,,,,,,
6.07755,1.96E-06,-0.001743892,,,,,,,,,,,,,,
6.07765,1.99E-06,-0.001642775,,,,,,,,,,,,,,
6.07775,2.01E-06,-0.001934657,,,,,,,,,,,,,,
6.07785,2.02E-06,-0.001508937,,,,,,,,,,,,,,
6.07795,2.02E-06,-0.001401064,,,,,,,,,,,,,,
6.07805,7.14E-06,-9.20909977,,,,,,,,,,,,,,
6.07815,1.48E-06,-9.994844437,,,,,,,,,,,,,,
6.07825,4.62E-07,-9.99518013,,,,,,,,,,,,,,
6.07835,2.15E-07,-9.99527359,,,,,,,,,,,,,,
6.07845,1.30E-07,-9.995349884,,,,,,,,,,,,,,
6.07855,9.07E-08,-9.99551487,,,,,,,,,,,,,,
6.07865,6.87E-08,-9.995437622,,,,,,,,,,,,,,
6.07875,5.44E-08,-9.995703697,,,,,,,,,,,,,,
6.07885,4.44E-08,-9.995656013,,,,,,,,,,,,,,
6.07895,3.71E-08,-9.995763779,,,,,,,,,,,,,,
6.07905,-6.62E-06,-0.798442662,,,,,,,,,,,,,,
6.07915,-8.98E-08,-0.002060896,,,,,,,,,,,,,,
6.07925,1.38E-06,-0.001576207,,,,,,,,,,,,,,
6.07935,1.76E-06,-0.001860772,,,,,,,,,,,,,,
6.07945,1.90E-06,-0.001486349,,,,,,,,,,,,,,
6.07955,1.97E-06,-0.001376154,,,,,,,,,,,,,,
6.07965,2.00E-06,-0.001240416,,,,,,,,,,,,,,
6.07975,2.02E-06,-0.001249142,,,,,,,,,,,,,,
6.07985,2.03E-06,-0.001226483,,,,,,,,,,,,,,
6.07995,2.04E-06,-0.001073857,,,,,,,,,,,,,,
6.08005,7.14E-06,-9.188648224,,,,,,,,,,,,,,
6.08015,1.49E-06,-9.994693756,,,,,,,,,,,,,,
6.08025,4.63E-07,-9.995206833,,,,,,,,,,,,,,
6.08035,2.15E-07,-9.99525547,,,,,,,,,,,,,,
6.08045,1.30E-07,-9.995361328,,,,,,,,,,,,,,
6.08055,9.10E-08,-9.995851517,,,,,,,,,,,,,,
6.08065,6.85E-08,-9.995674133,,,,,,,,,,,,,,
6.08075,5.44E-08,-9.99557209,,,,,,,,,,,,,,
6.08085,4.48E-08,-9.995653152,,,,,,,,,,,,,,
6.08095,3.74E-08,-9.995757103,,,,,,,,,,,,,,
6.08105,-6.62E-06,-0.818136454,,,,,,,,,,,,,,
6.08115,-8.56E-08,-0.002485983,,,,,,,,,,,,,,
6.08125,1.39E-06,-0.002042248,,,,,,,,,,,,,,
6.08135,1.77E-06,-0.001909958,,,,,,,,,,,,,,
6.08145,1.91E-06,-0.00174734,,,,,,,,,,,,,,
6.08155,1.98E-06,-0.001405779,,,,,,,,,,,,,,
6.08165,2.01E-06,-0.00132929,,,,,,,,,,,,,,
6.08175,2.03E-06,-0.001467702,,,,,,,,,,,,,,
6.08185,2.04E-06,-0.001406482,,,,,,,,,,,,,,
6.08195,2.05E-06,-0.001188907,,,,,,,,,,,,,,
6.08205,7.14E-06,-9.168785095,,,,,,,,,,,,,,
6.08215,1.49E-06,-9.994940758,,,,,,,,,,,,,,
6.08225,4.64E-07,-9.995380402,,,,,,,,,,,,,,
6.08235,2.15E-07,-9.995175362,,,,,,,,,,,,,,
6.08245,1.30E-07,-9.995283127,,,,,,,,,,,,,,
6.08255,9.09E-08,-9.99564743,,,,,,,,,,,,,,
6.08265,6.88E-08,-9.995776176,,,,,,,,,,,,,,
6.08275,5.46E-08,-9.995577812,,,,,,,,,,,,,,
6.08285,4.43E-08,-9.99567318,,,,,,,,,,,,,,
6.08295,3.75E-08,-9.995593071,,,,,,,,,,,,,,
6.08305,-6.61E-06,-0.838194966,,,,,,,,,,,,,,
6.08315,-8.13E-08,-0.002135484,,,,,,,,,,,,,,
6.08325,1.40E-06,-0.00183354,,,,,,,,,,,,,,
6.08335,1.78E-06,-0.001792797,,,,,,,,,,,,,,
6.08345,1.93E-06,-0.001466364,,,,,,,,,,,,,,
6.08355,1.99E-06,-0.001513159,,,,,,,,,,,,,,
6.08365,2.03E-06,-0.001408734,,,,,,,,,,,,,,
6.08375,2.05E-06,-0.001368554,,,,,,,,,,,,,,
6.08385,2.06E-06,-0.001413378,,,,,,,,,,,,,,
6.08395,2.06E-06,-0.001295302,,,,,,,,,,,,,,
6.08405,7.14E-06,-9.148454666,,,,,,,,,,,,,,
6.08415,1.50E-06,-9.994371414,,,,,,,,,,,,,,
6.08425,4.64E-07,-9.994801521,,,,,,,,,,,,,,
6.08435,2.16E-07,-9.994846344,,,,,,,,,,,,,,
6.08445,1.31E-07,-9.995352745,,,,,,,,,,,,,,
6.08455,9.08E-08,-9.995118141,,,,,,,,,,,,,,
6.08465,6.88E-08,-9.995177269,,,,,,,,,,,,,,
6.08475,5.47E-08,-9.995467186,,,,,,,,,,,,,,
6.08485,4.45E-08,-9.995530128,,,,,,,,,,,,,,
6.08495,3.75E-08,-9.995146751,,,,,,,,,,,,,,
6.08505,-6.60E-06,-0.857917428,,,,,,,,,,,,,,
6.08515,-7.72E-08,-0.00225532,,,,,,,,,,,,,,
6.08525,1.41E-06,-0.001530328,,,,,,,,,,,,,,
6.08535,1.80E-06,-0.001493808,,,,,,,,,,,,,,
6.08545,1.94E-06,-0.001533284,,,,,,,,,,,,,,
6.08555,2.00E-06,-0.001426889,,,,,,,,,,,,,,
6.08565,2.04E-06,-0.001345404,,,,,,,,,,,,,,
6.08575,2.06E-06,-0.00118933,,,,,,,,,,,,,,
6.08585,2.07E-06,-0.001179267,,,,,,,,,,,,,,
6.08595,2.07E-06,-0.001106367,,,,,,,,,,,,,,
6.08605,7.14E-06,-9.128530502,,,,,,,,,,,,,,
6.08615,1.50E-06,-9.994436264,,,,,,,,,,,,,,
6.08625,4.65E-07,-9.994755745,,,,,,,,,,,,,,
6.08635,2.16E-07,-9.994644165,,,,,,,,,,,,,,
6.08645,1.31E-07,-9.995098114,,,,,,,,,,,,,,
6.08655,9.17E-08,-9.995145798,,,,,,,,,,,,,,
6.08665,6.90E-08,-9.995611191,,,,,,,,,,,,,,
6.08675,5.49E-08,-9.995657921,,,,,,,,,,,,,,
6.08685,4.50E-08,-9.995645523,,,,,,,,,,,,,,
6.08695,3.78E-08,-9.995816231,,,,,,,,,,,,,,
6.08705,-6.59E-06,-0.878354847,,,,,,,,,,,,,,
6.08715,-7.18E-08,-0.00226116,,,,,,,,,,,,,,
6.08725,1.42E-06,-0.001812148,,,,,,,,,,,,,,
6.08735,1.81E-06,-0.001560727,,,,,,,,,,,,,,
6.08745,1.95E-06,-0.001371439,,,,,,,,,,,,,,
6.08755,2.02E-06,-0.001181448,,,,,,,,,,,,,,
6.08765,2.05E-06,-0.001336537,,,,,,,,,,,,,,
6.08775,2.07E-06,-0.001348922,,,,,,,,,,,,,,
6.08785,2.08E-06,-0.001362644,,,,,,,,,,,,,,
6.08795,2.09E-06,-0.001664307,,,,,,,,,,,,,,
6.08805,7.14E-06,-9.108971596,,,,,,,,,,,,,,
6.08815,1.51E-06,-9.995161057,,,,,,,,,,,,,,
6.08825,4.67E-07,-9.995299339,,,,,,,,,,,,,,
6.08835,2.17E-07,-9.995692253,,,,,,,,,,,,,,
6.08845,1.31E-07,-9.995539665,,,,,,,,,,,,,,
6.08855,9.17E-08,-9.995800018,,,,,,,,,,,,,,
6.08865,6.94E-08,-9.995685577,,,,,,,,,,,,,,
6.08875,5.51E-08,-9.995693207,,,,,,,,,,,,,,
6.08885,4.53E-08,-9.995735168,,,,,,,,,,,,,,
6.08895,3.77E-08,-9.995920181,,,,,,,,,,,,,,
6.08905,-6.58E-06,-0.898612022,,,,,,,,,,,,,,
6.08915,-6.86E-08,-0.002352497,,,,,,,,,,,,,,
6.08925,1.43E-06,-0.002108604,,,,,,,,,,,,,,
6.08935,1.82E-06,-0.001676551,,,,,,,,,,,,,,
6.08945,1.96E-06,-0.001406693,,,,,,,,,,,,,,
6.08955,2.03E-06,-0.001441103,,,,,,,,,,,,,,
6.08965,2.06E-06,-0.001317186,,,,,,,,,,,,,,
6.08975,2.08E-06,-0.001444691,,,,,,,,,,,,,,
6.08985,2.09E-06,-0.001387342,,,,,,,,,,,,,,
6.08995,2.10E-06,-0.001500704,,,,,,,,,,,,,,
6.09005,7.14E-06,-9.088906288,,,,,,,,,,,,,,
6.09015,1.51E-06,-9.994872093,,,,,,,,,,,,,,
6.09025,4.67E-07,-9.995513916,,,,,,,,,,,,,,
6.09035,2.17E-07,-9.995298386,,,,,,,,,,,,,,
6.09045,1.31E-07,-9.995461464,,,,,,,,,,,,,,
6.09055,9.13E-08,-9.995539665,,,,,,,,,,,,,,
6.09065,6.90E-08,-9.995449066,,,,,,,,,,,,,,
6.09075,5.46E-08,-9.995674133,,,,,,,,,,,,,,
6.09085,4.46E-08,-9.995723724,,,,,,,,,,,,,,
6.09095,3.76E-08,-9.996086121,,,,,,,,,,,,,,
6.09105,-6.58E-06,-0.918247223,,,,,,,,,,,,,,
6.09115,-6.80E-08,-0.002499141,,,,,,,,,,,,,,
6.09125,1.44E-06,-0.002012905,,,,,,,,,,,,,,
6.09135,1.83E-06,-0.001626872,,,,,,,,,,,,,,
6.09145,1.97E-06,-0.001343504,,,,,,,,,,,,,,
6.09155,2.04E-06,-0.001336537,,,,,,,,,,,,,,
6.09165,2.07E-06,-0.001395927,,,,,,,,,,,,,,
6.09175,2.09E-06,-0.001511681,,,,,,,,,,,,,,
6.09185,2.10E-06,-0.001475723,,,,,,,,,,,,,,
6.09195,2.11E-06,-0.001510485,,,,,,,,,,,,,,
6.09205,7.14E-06,-9.069200516,,,,,,,,,,,,,,
6.09215,1.51E-06,-9.994909286,,,,,,,,,,,,,,
6.09225,4.68E-07,-9.995444298,,,,,,,,,,,,,,
6.09235,2.17E-07,-9.995551109,,,,,,,,,,,,,,
6.09245,1.31E-07,-9.995643616,,,,,,,,,,,,,,
6.09255,9.11E-08,-9.995893478,,,,,,,,,,,,,,
6.09265,6.91E-08,-9.995671272,,,,,,,,,,,,,,
6.09275,5.43E-08,-9.99561882,,,,,,,,,,,,,,
6.09285,4.50E-08,-9.995594025,,,,,,,,,,,,,,
6.09295,3.77E-08,-9.995802879,,,,,,,,,,,,,,
6.09305,-6.57E-06,-0.938041568,,,,,,,,,,,,,,
6.09315,-6.38E-08,-0.002047033,,,,,,,,,,,,,,
6.09325,1.45E-06,-0.001770632,,,,,,,,,,,,,,
6.09335,1.84E-06,-0.001565371,,,,,,,,,,,,,,
6.09345,1.98E-06,-0.001767465,,,,,,,,,,,,,,
6.09355,2.05E-06,-0.001652556,,,,,,,,,,,,,,
6.09365,2.09E-06,-0.001433151,,,,,,,,,,,,,,
6.09375,2.11E-06,-0.00126997,,,,,,,,,,,,,,
6.09385,2.12E-06,-0.001433644,,,,,,,,,,,,,,
6.09395,2.12E-06,-0.001493878,,,,,,,,,,,,,,
6.09405,7.14E-06,-9.049058914,,,,,,,,,,,,,,
6.09415,1.52E-06,-9.994988441,,,,,,,,,,,,,,
6.09425,4.69E-07,-9.99546051,,,,,,,,,,,,,,
6.09435,2.17E-07,-9.995635986,,,,,,,,,,,,,,
6.09445,1.31E-07,-9.995573044,,,,,,,,,,,,,,
6.09455,9.16E-08,-9.995830536,,,,,,,,,,,,,,
6.09465,6.89E-08,-9.99596405,,,,,,,,,,,,,,
6.09475,5.47E-08,-9.995755196,,,,,,,,,,,,,,
6.09485,4.47E-08,-9.995984077,,,,,,,,,,,,,,
6.09495,3.77E-08,-9.996181488,,,,,,,,,,,,,,
6.09505,-6.56E-06,-0.958465517,,,,,,,,,,,,,,
6.09515,-6.14E-08,-0.002552691,,,,,,,,,,,,,,
6.09525,1.46E-06,-0.002081021,,,,,,,,,,,,,,
6.09535,1.85E-06,-0.001595488,,,,,,,,,,,,,,
6.09545,2.00E-06,-0.001466716,,,,,,,,,,,,,,
6.09555,2.06E-06,-0.001534269,,,,,,,,,,,,,,
6.09565,2.10E-06,-0.001516536,,,,,,,,,,,,,,
6.09575,2.12E-06,-0.001479453,,,,,,,,,,,,,,
6.09585,2.13E-06,-0.00140803,,,,,,,,,,,,,,
6.09595,2.13E-06,-0.001528991,,,,,,,,,,,,,,
6.09605,7.13E-06,-9.029022217,,,,,,,,,,,,,,
6.09615,1.52E-06,-9.99477005,,,,,,,,,,,,,,
6.09625,4.70E-07,-9.994842529,,,,,,,,,,,,,,
6.09635,2.17E-07,-9.995200157,,,,,,,,,,,,,,
6.09645,1.31E-07,-9.995441437,,,,,,,,,,,,,,
6.09655,9.14E-08,-9.995587349,,,,,,,,,,,,,,
6.09665,6.90E-08,-9.995842934,,,,,,,,,,,,,,
6.09675,5.46E-08,-9.995880127,,,,,,,,,,,,,,
6.09685,4.46E-08,-9.995483398,,,,,,,,,,,,,,
6.09695,3.77E-08,-9.995649338,,,,,,,,,,,,,,
6.09705,-6.56E-06,-0.978266001,,,,,,,,,,,,,,
6.09715,-5.78E-08,-0.00209432,,,,,,,,,,,,,,
6.09725,1.47E-06,-0.001836917,,,,,,,,,,,,,,
6.09735,1.86E-06,-0.001948027,,,,,,,,,,,,,,
6.09745,2.01E-06,-0.001794908,,,,,,,,,,,,,,
6.09755,2.07E-06,-0.001525051,,,,,,,,,,,,,,
6.09765,2.11E-06,-0.001364614,,,,,,,,,,,,,,
6.09775,2.13E-06,-0.001195029,,,,,,,,,,,,,,
6.09785,2.14E-06,-0.000986743,,,,,,,,,,,,,,
6.09795,2.15E-06,-0.00120284,,,,,,,,,,,,,,
6.09805,7.13E-06,-9.008799553,,,,,,,,,,,,,,
6.09815,1.53E-06,-9.994637489,,,,,,,,,,,,,,
6.09825,4.70E-07,-9.994979858,,,,,,,,,,,,,,
6.09835,2.17E-07,-9.995236397,,,,,,,,,,,,,,
6.09845,1.31E-07,-9.995301247,,,,,,,,,,,,,,
6.09855,9.13E-08,-9.995801926,,,,,,,,,,,,,,
6.09865,6.89E-08,-9.995743752,,,,,,,,,,,,,,
6.09875,5.45E-08,-9.995666504,,,,,,,,,,,,,,
6.09885,4.43E-08,-9.995539665,,,,,,,,,,,,,,
6.09895,3.74E-08,-9.995858192,,,,,,,,,,,,,,
6.09905,-6.55E-06,-0.998177946,,,,,,,,,,,,,,
6.09915,-5.65E-08,-0.002072154,,,,,,,,,,,,,,
6.09925,1.48E-06,-0.001589859,,,,,,,,,,,,,,
6.09935,1.87E-06,-0.00155749,,,,,,,,,,,,,,
6.09945,2.02E-06,-0.001418867,,,,,,,,,,,,,,
6.09955,2.09E-06,-0.001448632,,,,,,,,,,,,,,
6.09965,2.12E-06,-0.001281581,,,,,,,,,,,,,,
6.09975,2.14E-06,-0.001453698,,,,,,,,,,,,,,
6.09985,2.15E-06,-0.001410775,,,,,,,,,,,,,,
6.09995,2.16E-06,-0.001449899,,,,,,,,,,,,,,
6.10005,7.13E-06,-8.989115715,,,,,,,,,,,,,,
6.10015,1.53E-06,-9.994729996,,,,,,,,,,,,,,
6.10025,4.71E-07,-9.995351791,,,,,,,,,,,,,,
6.10035,2.18E-07,-9.995341301,,,,,,,,,,,,,,
6.10045,1.31E-07,-9.995390892,,,,,,,,,,,,,,
6.10055,9.11E-08,-9.995449066,,,,,,,,,,,,,,
6.10065,6.88E-08,-9.995901108,,,,,,,,,,,,,,
6.10075,5.47E-08,-9.996091843,,,,,,,,,,,,,,
6.10085,4.48E-08,-9.995988846,,,,,,,,,,,,,,
6.10095,3.77E-08,-9.995858192,,,,,,,,,,,,,,
6.10105,-6.54E-06,-1.018255353,,,,,,,,,,,,,,
6.10115,-5.32E-08,-0.002038941,,,,,,,,,,,,,,
6.10125,1.49E-06,-0.001530469,,,,,,,,,,,,,,
6.10135,1.89E-06,-0.001695691,,,,,,,,,,,,,,
6.10145,2.03E-06,-0.001338297,,,,,,,,,,,,,,
6.10155,2.10E-06,-0.001451658,,,,,,,,,,,,,,
6.10165,2.13E-06,-0.001211425,,,,,,,,,,,,,,
6.10175,2.15E-06,-0.00102833,,,,,,,,,,,,,,
6.10185,2.16E-06,-0.001295513,,,,,,,,,,,,,,
6.10195,2.17E-06,-0.001239853,,,,,,,,,,,,,,
6.10205,7.13E-06,-8.969094276,,,,,,,,,,,,,,
6.10215,1.54E-06,-9.994790077,,,,,,,,,,,,,,
6.10225,4.72E-07,-9.995018959,,,,,,,,,,,,,,
6.10235,2.18E-07,-9.995360374,,,,,,,,,,,,,,
6.10245,1.31E-07,-9.995450974,,,,,,,,,,,,,,
6.10255,9.15E-08,-9.995698929,,,,,,,,,,,,,,
6.10265,6.90E-08,-9.995756149,,,,,,,,,,,,,,
6.10275,5.47E-08,-9.996020317,,,,,,,,,,,,,,
6.10285,4.45E-08,-9.995779991,,,,,,,,,,,,,,
6.10295,3.75E-08,-9.995900154,,,,,,,,,,,,,,
6.10305,-6.54E-06,-1.037997603,,,,,,,,,,,,,,
6.10315,-5.18E-08,-0.002133725,,,,,,,,,,,,,,
6.10325,1.49E-06,-0.001716027,,,,,,,,,,,,,,
6.10335,1.89E-06,-0.001659452,,,,,,,,,,,,,,
6.10345,2.04E-06,-0.00139065,,,,,,,,,,,,,,
6.10355,2.11E-06,-0.001299102,,,,,,,,,,,,,,
6.10365,2.14E-06,-0.001209947,,,,,,,,,,,,,,
6.10375,2.16E-06,-0.001228735,,,,,,,,,,,,,,
6.10385,2.17E-06,-0.001137399,,,,,,,,,,,,,,
6.10395,2.18E-06,-0.00108969,,,,,,,,,,,,,,
6.10405,7.13E-06,-8.948750496,,,,,,,,,,,,,,
6.10415,1.54E-06,-9.99469471,,,,,,,,,,,,,,
6.10425,4.73E-07,-9.995246887,,,,,,,,,,,,,,
6.10435,2.18E-07,-9.995199203,,,,,,,,,,,,,,
6.10445,1.31E-07,-9.995346069,,,,,,,,,,,,,,
6.10455,9.16E-08,-9.995439529,,,,,,,,,,,,,,
6.10465,6.88E-08,-9.995292664,,,,,,,,,,,,,,
6.10475,5.47E-08,-9.995512009,,,,,,,,,,,,,,
6.10485,4.48E-08,-9.995644569,,,,,,,,,,,,,,
6.10495,3.78E-08,-9.99582386,,,,,,,,,,,,,,
6.10505,-6.53E-06,-1.058222175,,,,,,,,,,,,,,
6.10515,-5.22E-08,-0.002321254,,,,,,,,,,,,,,
6.10525,1.50E-06,-0.002020646,,,,,,,,,,,,,,
6.10535,1.90E-06,-0.001558897,,,,,,,,,,,,,,
6.10545,2.05E-06,-0.001298821,,,,,,,,,,,,,,
6.10555,2.11E-06,-0.001511188,,,,,,,,,,,,,,
6.10565,2.15E-06,-0.001518858,,,,,,,,,,,,,,
6.10575,2.17E-06,-0.001606395,,,,,,,,,,,,,,
6.10585,2.18E-06,-0.001413097,,,,,,,,,,,,,,
6.10595,2.19E-06,-0.001440329,,,,,,,,,,,,,,
6.10605,7.13E-06,-8.929044724,,,,,,,,,,,,,,
6.10615,1.54E-06,-9.994982719,,,,,,,,,,,,,,
6.10625,4.74E-07,-9.995081902,,,,,,,,,,,,,,
6.10635,2.19E-07,-9.995345116,,,,,,,,,,,,,,
6.10645,1.32E-07,-9.995704651,,,,,,,,,,,,,,
6.10655,9.18E-08,-9.995981216,,,,,,,,,,,,,,
6.10665,6.90E-08,-9.995896339,,,,,,,,,,,,,,
6.10675,5.47E-08,-9.996126175,,,,,,,,,,,,,,
6.10685,4.49E-08,-9.995927811,,,,,,,,,,,,,,
6.10695,3.75E-08,-9.995922089,,,,,,,,,,,,,,
6.10705,-6.52E-06,-1.078352571,,,,,,,,,,,,,,
6.10715,-4.83E-08,-0.002465224,,,,,,,,,,,,,,
6.10725,1.51E-06,-0.001953656,,,,,,,,,,,,,,
6.10735,1.91E-06,-0.001662829,,,,,,,,,,,,,,
6.10745,2.06E-06,-0.001447084,,,,,,,,,,,,,,
6.10755,2.12E-06,-0.001799552,,,,,,,,,,,,,,
6.10765,2.16E-06,-0.001531736,,,,,,,,,,,,,,
6.10775,2.18E-06,-0.001556434,,,,,,,,,,,,,,
6.10785,2.19E-06,-0.001486841,,,,,,,,,,,,,,
6.10795,2.20E-06,-0.001514073,,,,,,,,,,,,,,
6.10805,7.13E-06,-8.9088974,,,,,,,,,,,,,,
6.10815,1.55E-06,-9.994787216,,,,,,,,,,,,,,
6.10825,4.75E-07,-9.995438576,,,,,,,,,,,,,,
6.10835,2.19E-07,-9.995605469,,,,,,,,,,,,,,
6.10845,1.31E-07,-9.995741844,,,,,,,,,,,,,,
6.10855,9.13E-08,-9.995462418,,,,,,,,,,,,,,
6.10865,6.88E-08,-9.995466232,,,,,,,,,,,,,,
6.10875,5.48E-08,-9.995388031,,,,,,,,,,,,,,
6.10885,4.47E-08,-9.995568275,,,,,,,,,,,,,,
6.10895,3.75E-08,-9.995469093,,,,,,,,,,,,,,
6.10905,-6.51E-06,-1.09778583,,,,,,,,,,,,,,
6.10915,-4.67E-08,-0.002331809,,,,,,,,,,,,,,
6.10925,1.52E-06,-0.001931068,,,,,,,,,,,,,,
6.10935,1.92E-06,-0.001522306,,,,,,,,,,,,,,
6.10945,2.07E-06,-0.001470094,,,,,,,,,,,,,,
6.10955,2.14E-06,-0.00122585,,,,,,,,,,,,,,
6.10965,2.17E-06,-0.001171667,,,,,,,,,,,,,,
6.10975,2.19E-06,-0.001272714,,,,,,,,,,,,,,
6.10985,2.20E-06,-0.001157876,,,,,,,,,,,,,,
6.10995,2.21E-06,-0.001275388,,,,,,,,,,,,,,
6.11005,7.13E-06,-8.888712883,,,,,,,,,,,,,,
6.11015,1.55E-06,-9.994493484,,,,,,,,,,,,,,
6.11025,4.76E-07,-9.994832993,,,,,,,,,,,,,,
6.11035,2.19E-07,-9.99508667,,,,,,,,,,,,,,
6.11045,1.32E-07,-9.995355606,,,,,,,,,,,,,,
6.11055,9.16E-08,-9.995582581,,,,,,,,,,,,,,
6.11065,6.89E-08,-9.995686531,,,,,,,,,,,,,,
6.11075,5.47E-08,-9.995581627,,,,,,,,,,,,,,
6.11085,4.46E-08,-9.995537758,,,,,,,,,,,,,,
6.11095,3.75E-08,-9.99593544,,,,,,,,,,,,,,
6.11105,-6.51E-06,-1.118080974,,,,,,,,,,,,,,
6.11115,-4.66E-08,-0.002552057,,,,,,,,,,,,,,
6.11125,1.52E-06,-0.002333357,,,,,,,,,,,,,,
6.11135,1.93E-06,-0.002116063,,,,,,,,,,,,,,
6.11145,2.08E-06,-0.001658678,,,,,,,,,,,,,,
6.11155,2.15E-06,-0.001654315,,,,,,,,,,,,,,
6.11165,2.18E-06,-0.001301987,,,,,,,,,,,,,,
6.11175,2.20E-06,-0.001357999,,,,,,,,,,,,,,
6.11185,2.21E-06,-0.001384879,,,,,,,,,,,,,,
6.11195,2.22E-06,-0.001414786,,,,,,,,,,,,,,
6.11205,7.13E-06,-8.86933136,,,,,,,,,,,,,,
6.11215,1.56E-06,-9.994782448,,,,,,,,,,,,,,
6.11225,4.76E-07,-9.995541573,,,,,,,,,,,,,,
6.11235,2.19E-07,-9.995454788,,,,,,,,,,,,,,
6.11245,1.31E-07,-9.995662689,,,,,,,,,,,,,,
6.11255,9.15E-08,-9.9958601,,,,,,,,,,,,,,
6.11265,6.91E-08,-9.995674133,,,,,,,,,,,,,,
6.11275,5.43E-08,-9.995524406,,,,,,,,,,,,,,
6.11285,4.42E-08,-9.995846748,,,,,,,,,,,,,,
6.11295,3.73E-08,-9.995932579,,,,,,,,,,,,,,
6.11305,-6.50E-06,-1.137892604,,,,,,,,,,,,,,
6.11315,-4.41E-08,-0.002342012,,,,,,,,,,,,,,
6.11325,1.53E-06,-0.002054281,,,,,,,,,,,,,,
6.11335,1.94E-06,-0.001636019,,,,,,,,,,,,,,
6.11345,2.09E-06,-0.001675495,,,,,,,,,,,,,,
6.11355,2.16E-06,-0.001804548,,,,,,,,,,,,,,
6.11365,2.19E-06,-0.001493667,,,,,,,,,,,,,,
6.11375,2.21E-06,-0.001393042,,,,,,,,,,,,,,
6.11385,2.22E-06,-0.001248227,,,,,,,,,,,,,,
6.11395,2.23E-06,-0.001232887,,,,,,,,,,,,,,
6.11405,7.13E-06,-8.848553658,,,,,,,,,,,,,,
6.11415,1.56E-06,-9.994319916,,,,,,,,,,,,,,
6.11425,4.77E-07,-9.994972229,,,,,,,,,,,,,,
6.11435,2.19E-07,-9.994981766,,,,,,,,,,,,,,
6.11445,1.32E-07,-9.995339394,,,,,,,,,,,,,,
6.11455,9.12E-08,-9.995299339,,,,,,,,,,,,,,
6.11465,6.90E-08,-9.995594025,,,,,,,,,,,,,,
6.11475,5.44E-08,-9.995609283,,,,,,,,,,,,,,
6.11485,4.49E-08,-9.995743752,,,,,,,,,,,,,,
6.11495,3.75E-08,-9.995988846,,,,,,,,,,,,,,
6.11505,-6.49E-06,-1.158086538,,,,,,,,,,,,,,
6.11515,-4.36E-08,-0.00238768,,,,,,,,,,,,,,
6.11525,1.54E-06,-0.001697942,,,,,,,,,,,,,,
6.11535,1.95E-06,-0.001397757,,,,,,,,,,,,,,
6.11545,2.10E-06,-0.001541939,,,,,,,,,,,,,,
6.11555,2.17E-06,-0.001703924,,,,,,,,,,,,,,
6.11565,2.20E-06,-0.001193552,,,,,,,,,,,,,,
6.11575,2.22E-06,-0.001010316,,,,,,,,,,,,,,
6.11585,2.23E-06,-0.000976188,,,,,,,,,,,,,,
6.11595,2.24E-06,-0.001296991,,,,,,,,,,,,,,
6.11605,7.13E-06,-8.829216957,,,,,,,,,,,,,,
6.11615,1.57E-06,-9.994632721,,,,,,,,,,,,,,
6.11625,4.78E-07,-9.995368004,,,,,,,,,,,,,,
6.11635,2.19E-07,-9.995370865,,,,,,,,,,,,,,
6.11645,1.32E-07,-9.995594978,,,,,,,,,,,,,,
6.11655,9.17E-08,-9.995559692,,,,,,,,,,,,,,
6.11665,6.92E-08,-9.995389938,,,,,,,,,,,,,,
6.11675,5.46E-08,-9.995347023,,,,,,,,,,,,,,
6.11685,4.46E-08,-9.995455742,,,,,,,,,,,,,,
6.11695,3.74E-08,-9.995450974,,,,,,,,,,,,,,
6.11705,-6.49E-06,-1.178063631,,,,,,,,,,,,,,
6.11715,-4.14E-08,-0.002148784,,,,,,,,,,,,,,
6.11725,1.55E-06,-0.001715182,,,,,,,,,,,,,,
6.11735,1.96E-06,-0.001413026,,,,,,,,,,,,,,
6.11745,2.11E-06,-0.001293754,,,,,,,,,,,,,,
6.11755,2.17E-06,-0.000769661,,,,,,,,,,,,,,
6.11765,2.21E-06,-0.001017915,,,,,,,,,,,,,,
6.11775,2.23E-06,-0.001292347,,,,,,,,,,,,,,
6.11785,2.24E-06,-0.001257093,,,,,,,,,,,,,,
6.11795,2.25E-06,-0.00122191,,,,,,,,,,,,,,
6.11805,7.13E-06,-8.808959007,,,,,,,,,,,,,,
6.11815,1.57E-06,-9.994695663,,,,,,,,,,,,,,
6.11825,4.79E-07,-9.994876862,,,,,,,,,,,,,,
6.11835,2.20E-07,-9.995110512,,,,,,,,,,,,,,
6.11845,1.32E-07,-9.99542141,,,,,,,,,,,,,,
6.11855,9.14E-08,-9.995236397,,,,,,,,,,,,,,
6.11865,6.89E-08,-9.995288849,,,,,,,,,,,,,,
6.11875,5.48E-08,-9.994921684,,,,,,,,,,,,,,
6.11885,4.45E-08,-9.995311737,,,,,,,,,,,,,,
6.11895,3.74E-08,-9.995682716,,,,,,,,,,,,,,
6.11905,-6.48E-06,-1.197815061,,,,,,,,,,,,,,
6.11915,-4.17E-08,-0.002258838,,,,,,,,,,,,,,
6.11925,1.56E-06,-0.001713142,,,,,,,,,,,,,,
6.11935,1.97E-06,-0.001619202,,,,,,,,,,,,,,
6.11945,2.12E-06,-0.001468968,,,,,,,,,,,,,,
6.11955,2.19E-06,-0.001391001,,,,,,,,,,,,,,
6.11965,2.22E-06,-0.001490782,,,,,,,,,,,,,,
6.11975,2.24E-06,-0.001417178,,,,,,,,,,,,,,
6.11985,2.25E-06,-0.001188555,,,,,,,,,,,,,,
6.11995,2.26E-06,-0.001128462,,,,,,,,,,,,,,
6.12005,7.13E-06,-8.788902283,,,,,,,,,,,,,,
6.12015,1.58E-06,-9.994552612,,,,,,,,,,,,,,
6.12025,4.79E-07,-9.995243073,,,,,,,,,,,,,,
6.12035,2.20E-07,-9.995423317,,,,,,,,,,,,,,
6.12045,1.32E-07,-9.995573997,,,,,,,,,,,,,,
6.12055,9.16E-08,-9.995837212,,,,,,,,,,,,,,
6.12065,6.90E-08,-9.995931625,,,,,,,,,,,,,,
6.12075,5.46E-08,-9.996055603,,,,,,,,,,,,,,
6.12085,4.48E-08,-9.995634079,,,,,,,,,,,,,,
6.12095,3.74E-08,-9.996033669,,,,,,,,,,,,,,
6.12105,-6.47E-06,-1.218105674,,,,,,,,,,,,,,
6.12115,-4.12E-08,-0.002276641,,,,,,,,,,,,,,
6.12125,1.56E-06,-0.002127463,,,,,,,,,,,,,,
6.12135,1.98E-06,-0.001857113,,,,,,,,,,,,,,
6.12145,2.12E-06,-0.00206364,,,,,,,,,,,,,,
6.12155,2.19E-06,-0.00163426,,,,,,,,,,,,,,
6.12165,2.23E-06,-0.001681336,,,,,,,,,,,,,,
6.12175,2.25E-06,-0.001663251,,,,,,,,,,,,,,
6.12185,2.26E-06,-0.001586129,,,,,,,,,,,,,,
6.12195,2.27E-06,-0.0016572,,,,,,,,,,,,,,
6.12205,7.13E-06,-8.768938065,,,,,,,,,,,,,,
6.12215,1.58E-06,-9.994854927,,,,,,,,,,,,,,
6.12225,4.81E-07,-9.995249748,,,,,,,,,,,,,,
6.12235,2.21E-07,-9.995433807,,,,,,,,,,,,,,
6.12245,1.32E-07,-9.995936394,,,,,,,,,,,,,,
6.12255,9.19E-08,-9.995941162,,,,,,,,,,,,,,
6.12265,6.93E-08,-9.995692253,,,,,,,,,,,,,,
6.12275,5.49E-08,-9.995235443,,,,,,,,,,,,,,
6.12285,4.51E-08,-9.995726585,,,,,,,,,,,,,,
6.12295,3.75E-08,-9.995566368,,,,,,,,,,,,,,
6.12305,-6.47E-06,-1.238132,,,,,,,,,,,,,,
6.12315,-3.76E-08,-0.002259471,,,,,,,,,,,,,,
6.12325,1.57E-06,-0.002158917,,,,,,,,,,,,,,
6.12335,1.98E-06,-0.001763032,,,,,,,,,,,,,,
6.12345,2.13E-06,-0.001755292,,,,,,,,,,,,,,
6.12355,2.20E-06,-0.001404512,,,,,,,,,,,,,,
6.12365,2.24E-06,-0.001154568,,,,,,,,,,,,,,
6.12375,2.26E-06,-0.001157101,,,,,,,,,,,,,,
6.12385,2.27E-06,-0.001124099,,,,,,,,,,,,,,
6.12395,2.28E-06,-0.001091308,,,,,,,,,,,,,,
6.12405,7.13E-06,-8.74890995,,,,,,,,,,,,,,
6.12415,1.58E-06,-9.994514465,,,,,,,,,,,,,,
6.12425,4.81E-07,-9.995075226,,,,,,,,,,,,,,
6.12435,2.21E-07,-9.995686531,,,,,,,,,,,,,,
6.12445,1.32E-07,-9.995736122,,,,,,,,,,,,,,
6.12455,9.15E-08,-9.995417595,,,,,,,,,,,,,,
6.12465,6.89E-08,-9.995487213,,,,,,,,,,,,,,
6.12475,5.47E-08,-9.995707512,,,,,,,,,,,,,,
6.12485,4.46E-08,-9.995886803,,,,,,,,,,,,,,
6.12495,3.71E-08,-9.995853424,,,,,,,,,,,,,,
6.12505,-6.46E-06,-1.258181453,,,,,,,,,,,,,,
6.12515,-3.88E-08,-0.002363966,,,,,,,,,,,,,,
6.12525,1.58E-06,-0.001966252,,,,,,,,,,,,,,
6.12535,1.99E-06,-0.001740022,,,,,,,,,,,,,,
6.12545,2.14E-06,-0.001475512,,,,,,,,,,,,,,
6.12555,2.21E-06,-0.001530187,,,,,,,,,,,,,,
6.12565,2.25E-06,-0.001604706,,,,,,,,,,,,,,
6.12575,2.27E-06,-0.001343926,,,,,,,,,,,,,,
6.12585,2.28E-06,-0.00137158,,,,,,,,,,,,,,
6.12595,2.29E-06,-0.001326616,,,,,,,,,,,,,,
6.12605,7.13E-06,-8.72889328,,,,,,,,,,,,,,
6.12615,1.59E-06,-9.994586945,,,,,,,,,,,,,,
6.12625,4.82E-07,-9.995394707,,,,,,,,,,,,,,
6.12635,2.20E-07,-9.995783806,,,,,,,,,,,,,,
6.12645,1.33E-07,-9.995842934,,,,,,,,,,,,,,
6.12655,9.18E-08,-9.995824814,,,,,,,,,,,,,,
6.12665,6.91E-08,-9.995829582,,,,,,,,,,,,,,
6.12675,5.46E-08,-9.995458603,,,,,,,,,,,,,,
6.12685,4.47E-08,-9.995624542,,,,,,,,,,,,,,
6.12695,3.71E-08,-9.995567322,,,,,,,,,,,,,,
6.12705,-6.45E-06,-1.277952671,,,,,,,,,,,,,,
6.12715,-3.74E-08,-0.002595052,,,,,,,,,,,,,,
6.12725,1.58E-06,-0.002051326,,,,,,,,,,,,,,
6.12735,2.00E-06,-0.001905384,,,,,,,,,,,,,,
6.12745,2.15E-06,-0.002034015,,,,,,,,,,,,,,
6.12755,2.22E-06,-0.001936416,,,,,,,,,,,,,,
6.12765,2.26E-06,-0.001846065,,,,,,,,,,,,,,
6.12775,2.28E-06,-0.001764228,,,,,,,,,,,,,,
6.12785,2.29E-06,-0.001829388,,,,,,,,,,,,,,
6.12795,2.30E-06,-0.001836495,,,,,,,,,,,,,,
6.12805,7.13E-06,-8.709571838,,,,,,,,,,,,,,
6.12815,1.59E-06,-9.994802475,,,,,,,,,,,,,,
6.12825,4.83E-07,-9.995214462,,,,,,,,,,,,,,
6.12835,2.21E-07,-9.995553017,,,,,,,,,,,,,,
6.12845,1.32E-07,-9.995565414,,,,,,,,,,,,,,
6.12855,9.20E-08,-9.995850563,,,,,,,,,,,,,,
6.12865,6.87E-08,-9.996073723,,,,,,,,,,,,,,
6.12875,5.44E-08,-9.995972633,,,,,,,,,,,,,,
6.12885,4.48E-08,-9.995781898,,,,,,,,,,,,,,
6.12895,3.70E-08,-9.995780945,,,,,,,,,,,,,,
6.12905,-6.45E-06,-1.298358083,,,,,,,,,,,,,,
6.12915,-3.74E-08,-0.002883486,,,,,,,,,,,,,,
6.12925,1.59E-06,-0.002428282,,,,,,,,,,,,,,
6.12935,2.01E-06,-0.002502519,,,,,,,,,,,,,,
6.12945,2.16E-06,-0.001895463,,,,,,,,,,,,,,
6.12955,2.23E-06,-0.002128448,,,,,,,,,,,,,,
6.12965,2.27E-06,-0.001669796,,,,,,,,,,,,,,
6.12975,2.29E-06,-0.001845502,,,,,,,,,,,,,,
6.12985,2.30E-06,-0.001812641,,,,,,,,,,,,,,
6.12995,2.31E-06,-0.001776824,,,,,,,,,,,,,,
6.13005,7.13E-06,-8.689252853,,,,,,,,,,,,,,
6.13015,1.60E-06,-9.9951334,,,,,,,,,,,,,,
6.13025,4.84E-07,-9.995420456,,,,,,,,,,,,,,
6.13035,2.21E-07,-9.995337486,,,,,,,,,,,,,,
6.13045,1.32E-07,-9.995388031,,,,,,,,,,,,,,
6.13055,9.19E-08,-9.995313644,,,,,,,,,,,,,,
6.13065,6.92E-08,-9.995676041,,,,,,,,,,,,,,
6.13075,5.48E-08,-9.995620728,,,,,,,,,,,,,,
6.13085,4.48E-08,-9.995675087,,,,,,,,,,,,,,
6.13095,3.75E-08,-9.995676041,,,,,,,,,,,,,,
6.13105,-6.44E-06,-1.318222523,,,,,,,,,,,,,,
6.13115,-3.72E-08,-0.002656693,,,,,,,,,,,,,,
6.13125,1.60E-06,-0.002030215,,,,,,,,,,,,,,
6.13135,2.02E-06,-0.002018746,,,,,,,,,,,,,,
6.13145,2.17E-06,-0.001781398,,,,,,,,,,,,,,
6.13155,2.24E-06,-0.001912703,,,,,,,,,,,,,,
6.13165,2.28E-06,-0.00175874,,,,,,,,,,,,,,
6.13175,2.30E-06,-0.001556997,,,,,,,,,,,,,,
6.13185,2.31E-06,-0.001708075,,,,,,,,,,,,,,
6.13195,2.31E-06,-0.001811304,,,,,,,,,,,,,,
6.13205,7.13E-06,-8.669189453,,,,,,,,,,,,,,
6.13215,1.60E-06,-9.994868279,,,,,,,,,,,,,,
6.13225,4.85E-07,-9.995370865,,,,,,,,,,,,,,
6.13235,2.22E-07,-9.99544239,,,,,,,,,,,,,,
6.13245,1.33E-07,-9.995471954,,,,,,,,,,,,,,
6.13255,9.19E-08,-9.995612144,,,,,,,,,,,,,,
6.13265,6.91E-08,-9.995820999,,,,,,,,,,,,,,
6.13275,5.45E-08,-9.995849609,,,,,,,,,,,,,,
6.13285,4.46E-08,-9.995928764,,,,,,,,,,,,,,
6.13295,3.75E-08,-9.995916367,,,,,,,,,,,,,,
6.13305,-6.43E-06,-1.338240623,,,,,,,,,,,,,,
6.13315,-3.69E-08,-0.002615177,,,,,,,,,,,,,,
6.13325,1.60E-06,-0.002276008,,,,,,,,,,,,,,
6.13335,2.03E-06,-0.002091083,,,,,,,,,,,,,,
6.13345,2.18E-06,-0.001909395,,,,,,,,,,,,,,
6.13355,2.25E-06,-0.001880897,,,,,,,,,,,,,,
6.13365,2.28E-06,-0.001681054,,,,,,,,,,,,,,
6.13375,2.30E-06,-0.001784564,,,,,,,,,,,,,,
6.13385,2.32E-06,-0.001609069,,,,,,,,,,,,,,
6.13395,2.32E-06,-0.001481212,,,,,,,,,,,,,,
6.13405,7.12E-06,-8.649403572,,,,,,,,,,,,,,
6.13415,1.61E-06,-9.994774818,,,,,,,,,,,,,,
6.13425,4.86E-07,-9.99534893,,,,,,,,,,,,,,
6.13435,2.22E-07,-9.995458603,,,,,,,,,,,,,,
6.13445,1.32E-07,-9.995575905,,,,,,,,,,,,,,
6.13455,9.15E-08,-9.995757103,,,,,,,,,,,,,,
6.13465,6.91E-08,-9.995790482,,,,,,,,,,,,,,
6.13475,5.46E-08,-9.995891571,,,,,,,,,,,,,,
6.13485,4.47E-08,-9.996068001,,,,,,,,,,,,,,
6.13495,3.74E-08,-9.996031761,,,,,,,,,,,,,,
6.13505,-6.43E-06,-1.358167529,,,,,,,,,,,,,,
6.13515,-3.68E-08,-0.002432574,,,,,,,,,,,,,,
6.13525,1.61E-06,-0.002074054,,,,,,,,,,,,,,
6.13535,2.03E-06,-0.001807434,,,,,,,,,,,,,,
6.13545,2.19E-06,-0.00170322,,,,,,,,,,,,,,
6.13555,2.25E-06,-0.001811585,,,,,,,,,,,,,,
6.13565,2.29E-06,-0.001697168,,,,,,,,,,,,,,
6.13575,2.31E-06,-0.001591477,,,,,,,,,,,,,,
6.13585,2.33E-06,-0.001358914,,,,,,,,,,,,,,
6.13595,2.33E-06,-0.001301283,,,,,,,,,,,,,,
6.13605,7.12E-06,-8.629377365,,,,,,,,,,,,,,
6.13615,1.61E-06,-9.994960785,,,,,,,,,,,,,,
6.13625,4.87E-07,-9.995214462,,,,,,,,,,,,,,
6.13635,2.22E-07,-9.995267868,,,,,,,,,,,,,,
6.13645,1.33E-07,-9.995704651,,,,,,,,,,,,,,
6.13655,9.19E-08,-9.995804787,,,,,,,,,,,,,,
6.13665,6.90E-08,-9.995631218,,,,,,,,,,,,,,
6.13675,5.46E-08,-9.995633125,,,,,,,,,,,,,,
6.13685,4.44E-08,-9.99544239,,,,,,,,,,,,,,
6.13695,3.73E-08,-9.995798111,,,,,,,,,,,,,,
6.13705,-6.42E-06,-1.37827754,,,,,,,,,,,,,,
6.13715,-3.79E-08,-0.002598992,,,,,,,,,,,,,,
6.13725,1.62E-06,-0.002057166,,,,,,,,,,,,,,
6.13735,2.04E-06,-0.002048089,,,,,,,,,,,,,,
6.13745,2.19E-06,-0.001923469,,,,,,,,,,,,,,
6.13755,2.26E-06,-0.001893492,,,,,,,,,,,,,,
6.13765,2.30E-06,-0.001804267,,,,,,,,,,,,,,
6.13775,2.32E-06,-0.001820381,,,,,,,,,,,,,,
6.13785,2.33E-06,-0.001928183,,,,,,,,,,,,,,
6.13795,2.34E-06,-0.001805604,,,,,,,,,,,,,,
6.13805,7.12E-06,-8.609183311,,,,,,,,,,,,,,
6.13815,1.62E-06,-9.994689941,,,,,,,,,,,,,,
6.13825,4.88E-07,-9.994739532,,,,,,,,,,,,,,
6.13835,2.22E-07,-9.994916916,,,,,,,,,,,,,,
6.13845,1.33E-07,-9.995117188,,,,,,,,,,,,,,
6.13855,9.21E-08,-9.995069504,,,,,,,,,,,,,,
6.13865,6.94E-08,-9.994958878,,,,,,,,,,,,,,
6.13875,5.48E-08,-9.995136261,,,,,,,,,,,,,,
6.13885,4.49E-08,-9.995472908,,,,,,,,,,,,,,
6.13895,3.77E-08,-9.995670319,,,,,,,,,,,,,,
6.13905,-6.41E-06,-1.398055077,,,,,,,,,,,,,,
6.13915,-3.80E-08,-0.002325335,,,,,,,,,,,,,,
6.13925,1.62E-06,-0.002016916,,,,,,,,,,,,,,
6.13935,2.05E-06,-0.001986518,,,,,,,,,,,,,,
6.13945,2.20E-06,-0.001652134,,,,,,,,,,,,,,
6.13955,2.27E-06,-0.00170322,,,,,,,,,,,,,,
6.13965,2.31E-06,-0.001448984,,,,,,,,,,,,,,
6.13975,2.33E-06,-0.001506403,,,,,,,,,,,,,,
6.13985,2.34E-06,-0.001464887,,,,,,,,,,,,,,
6.13995,2.35E-06,-0.001351033,,,,,,,,,,,,,,
6.14005,7.12E-06,-8.589051247,,,,,,,,,,,,,,
6.14015,1.62E-06,-9.994496346,,,,,,,,,,,,,,
6.14025,4.89E-07,-9.995075226,,,,,,,,,,,,,,
6.14035,2.23E-07,-9.995534897,,,,,,,,,,,,,,
6.14045,1.33E-07,-9.995550156,,,,,,,,,,,,,,
6.14055,9.20E-08,-9.995503426,,,,,,,,,,,,,,
6.14065,6.90E-08,-9.995398521,,,,,,,,,,,,,,
6.14075,5.48E-08,-9.995771408,,,,,,,,,,,,,,
6.14085,4.47E-08,-9.995429993,,,,,,,,,,,,,,
6.14095,3.74E-08,-9.995402336,,,,,,,,,,,,,,
6.14105,-6.41E-06,-1.418067455,,,,,,,,,,,,,,
6.14115,-3.66E-08,-0.002528977,,,,,,,,,,,,,,
6.14125,1.63E-06,-0.002004039,,,,,,,,,,,,,,
6.14135,2.06E-06,-0.00204457,,,,,,,,,,,,,,
6.14145,2.21E-06,-0.001817707,,,,,,,,,,,,,,
6.14155,2.28E-06,-0.001859364,,,,,,,,,,,,,,
6.14165,2.32E-06,-0.001626872,,,,,,,,,,,,,,
6.14175,2.34E-06,-0.001587677,,,,,,,,,,,,,,
6.14185,2.35E-06,-0.001460243,,,,,,,,,,,,,,
6.14195,2.36E-06,-0.001545176,,,,,,,,,,,,,,
6.14205,7.12E-06,-8.569186211,,,,,,,,,,,,,,
6.14215,1.63E-06,-9.994903564,,,,,,,,,,,,,,
6.14225,4.89E-07,-9.995139122,,,,,,,,,,,,,,
6.14235,2.23E-07,-9.995297432,,,,,,,,,,,,,,
6.14245,1.33E-07,-9.995512962,,,,,,,,,,,,,,
6.14255,9.16E-08,-9.995571136,,,,,,,,,,,,,,
6.14265,6.90E-08,-9.995105743,,,,,,,,,,,,,,
6.14275,5.47E-08,-9.99542141,,,,,,,,,,,,,,
6.14285,4.46E-08,-9.995702744,,,,,,,,,,,,,,
6.14295,3.73E-08,-9.995336533,,,,,,,,,,,,,,
6.14305,-6.40E-06,-1.437886596,,,,,,,,,,,,,,
6.14315,-3.79E-08,-0.002658312,,,,,,,,,,,,,,
6.14325,1.63E-06,-0.001970333,,,,,,,,,,,,,,
6.14335,2.06E-06,-0.001740655,,,,,,,,,,,,,,
6.14345,2.22E-06,-0.001511048,,,,,,,,,,,,,,
6.14355,2.29E-06,-0.001589436,,,,,,,,,,,,,,
6.14365,2.33E-06,-0.001536028,,,,,,,,,,,,,,
6.14375,2.35E-06,-0.001188978,,,,,,,,,,,,,,
6.14385,2.36E-06,-0.001513159,,,,,,,,,,,,,,
6.14395,2.37E-06,-0.001357718,,,,,,,,,,,,,,
6.14405,7.12E-06,-8.54890728,,,,,,,,,,,,,,
6.14415,1.63E-06,-9.9945755,,,,,,,,,,,,,,
6.14425,4.90E-07,-9.994785309,,,,,,,,,,,,,,
6.14435,2.23E-07,-9.995354652,,,,,,,,,,,,,,
6.14445,1.33E-07,-9.995503426,,,,,,,,,,,,,,
6.14455,9.21E-08,-9.995559692,,,,,,,,,,,,,,
6.14465,6.90E-08,-9.995603561,,,,,,,,,,,,,,
6.14475,5.45E-08,-9.995745659,,,,,,,,,,,,,,
6.14485,4.43E-08,-9.995598793,,,,,,,,,,,,,,
6.14495,3.74E-08,-9.99576664,,,,,,,,,,,,,,
6.14505,-6.40E-06,-1.458039641,,,,,,,,,,,,,,
6.14515,-4.05E-08,-0.002455092,,,,,,,,,,,,,,
6.14525,1.64E-06,-0.002061529,,,,,,,,,,,,,,
6.14535,2.07E-06,-0.001876886,,,,,,,,,,,,,,
6.14545,2.22E-06,-0.001743962,,,,,,,,,,,,,,
6.14555,2.30E-06,-0.001237179,,,,,,,,,,,,,,
6.14565,2.33E-06,-0.001300017,,,,,,,,,,,,,,
6.14575,2.36E-06,-0.001528217,,,,,,,,,,,,,,
6.14585,2.37E-06,-0.001719334,,,,,,,,,,,,,,
6.14595,2.37E-06,-0.001574941,,,,,,,,,,,,,,
6.14605,7.12E-06,-8.529069901,,,,,,,,,,,,,,
6.14615,1.64E-06,-9.994802475,,,,,,,,,,,,,,
6.14625,4.91E-07,-9.99480629,,,,,,,,,,,,,,
6.14635,2.23E-07,-9.99519062,,,,,,,,,,,,,,
6.14645,1.33E-07,-9.995339394,,,,,,,,,,,,,,
6.14655,9.20E-08,-9.995376587,,,,,,,,,,,,,,
6.14665,6.91E-08,-9.99537468,,,,,,,,,,,,,,
6.14675,5.47E-08,-9.995620728,,,,,,,,,,,,,,
6.14685,4.45E-08,-9.995654106,,,,,,,,,,,,,,
6.14695,3.71E-08,-9.995591164,,,,,,,,,,,,,,
6.14705,-6.39E-06,-1.477938533,,,,,,,,,,,,,,
6.14715,-3.97E-08,-0.002479579,,,,,,,,,,,,,,
6.14725,1.65E-06,-0.002255953,,,,,,,,,,,,,,
6.14735,2.08E-06,-0.001694143,,,,,,,,,,,,,,
6.14745,2.23E-06,-0.001741429,,,,,,,,,,,,,,
6.14755,2.30E-06,-0.001557842,,,,,,,,,,,,,,
6.14765,2.34E-06,-0.001670499,,,,,,,,,,,,,,
6.14775,2.36E-06,-0.001598655,,,,,,,,,,,,,,
6.14785,2.37E-06,-0.00176451,,,,,,,,,,,,,,
6.14795,2.38E-06,-0.001842125,,,,,,,,,,,,,,
6.14805,7.12E-06,-8.509126663,,,,,,,,,,,,,,
6.14815,1.64E-06,-9.99467659,,,,,,,,,,,,,,
6.14825,4.92E-07,-9.99497509,,,,,,,,,,,,,,
6.14835,2.23E-07,-9.995256424,,,,,,,,,,,,,,
6.14845,1.33E-07,-9.995249748,,,,,,,,,,,,,,
6.14855,9.17E-08,-9.995172501,,,,,,,,,,,,,,
6.14865,6.89E-08,-9.995206833,,,,,,,,,,,,,,
6.14875,5.44E-08,-9.995492935,,,,,,,,,,,,,,
6.14885,4.44E-08,-9.995688438,,,,,,,,,,,,,,
6.14895,3.70E-08,-9.995734215,,,,,,,,,,,,,,
6.14905,-6.38E-06,-1.498001933,,,,,,,,,,,,,,
6.14915,-3.88E-08,-0.002369455,,,,,,,,,,,,,,
6.14925,1.65E-06,-0.00205407,,,,,,,,,,,,,,
6.14935,2.09E-06,-0.001893703,,,,,,,,,,,,,,
6.14945,2.24E-06,-0.001796034,,,,,,,,,,,,,,
6.14955,2.31E-06,-0.00200995,,,,,,,,,,,,,,
6.14965,2.35E-06,-0.001692806,,,,,,,,,,,,,,
6.14975,2.37E-06,-0.001550031,,,,,,,,,,,,,,
6.14985,2.39E-06,-0.001177649,,,,,,,,,,,,,,
6.14995,2.39E-06,-0.001259767,,,,,,,,,,,,,,
6.15005,7.12E-06,-8.488842964,,,,,,,,,,,,,,
6.15015,1.65E-06,-9.994336128,,,,,,,,,,,,,,
6.15025,4.93E-07,-9.994755745,,,,,,,,,,,,,,
6.15035,2.23E-07,-9.994659424,,,,,,,,,,,,,,
6.15045,1.33E-07,-9.994947433,,,,,,,,,,,,,,
6.15055,9.17E-08,-9.994900703,,,,,,,,,,,,,,
6.15065,6.91E-08,-9.995196342,,,,,,,,,,,,,,
6.15075,5.45E-08,-9.99533844,,,,,,,,,,,,,,
6.15085,4.43E-08,-9.995391846,,,,,,,,,,,,,,
6.15095,3.73E-08,-9.995365143,,,,,,,,,,,,,,
6.15105,-6.38E-06,-1.517654061,,,,,,,,,,,,,,
6.15115,-4.16E-08,-0.002412238,,,,,,,,,,,,,,
6.15125,1.66E-06,-0.001900388,,,,,,,,,,,,,,
6.15135,2.09E-06,-0.001671836,,,,,,,,,,,,,,
6.15145,2.25E-06,-0.001779005,,,,,,,,,,,,,,
6.15155,2.32E-06,-0.0018125,,,,,,,,,,,,,,
6.15165,2.36E-06,-0.001470868,,,,,,,,,,,,,,
6.15175,2.38E-06,-0.001286506,,,,,,,,,,,,,,
6.15185,2.39E-06,-0.001612728,,,,,,,,,,,,,,
6.15195,2.40E-06,-0.001462916,,,,,,,,,,,,,,
6.15205,7.12E-06,-8.469220161,,,,,,,,,,,,,,
6.15215,1.65E-06,-9.994533539,,,,,,,,,,,,,,
6.15225,4.94E-07,-9.994949341,,,,,,,,,,,,,,
6.15235,2.24E-07,-9.995317459,,,,,,,,,,,,,,
6.15245,1.33E-07,-9.995505333,,,,,,,,,,,,,,
6.15255,9.20E-08,-9.995354652,,,,,,,,,,,,,,
6.15265,6.88E-08,-9.995639801,,,,,,,,,,,,,,
6.15275,5.46E-08,-9.995499611,,,,,,,,,,,,,,
6.15285,4.44E-08,-9.995614052,,,,,,,,,,,,,,
6.15295,3.74E-08,-9.995554924,,,,,,,,,,,,,,
6.15305,-6.37E-06,-1.538005233,,,,,,,,,,,,,,
6.15315,-4.21E-08,-0.00235897,,,,,,,,,,,,,,
6.15325,1.67E-06,-0.001837058,,,,,,,,,,,,,,
6.15335,2.10E-06,-0.001826433,,,,,,,,,,,,,,
6.15345,2.26E-06,-0.00186816,,,,,,,,,,,,,,
6.15355,2.33E-06,-0.001740514,,,,,,,,,,,,,,
6.15365,2.37E-06,-0.001316412,,,,,,,,,,,,,,
6.15375,2.39E-06,-0.001301987,,,,,,,,,,,,,,
6.15385,2.40E-06,-0.001194326,,,,,,,,,,,,,,
6.15395,2.41E-06,-0.001255615,,,,,,,,,,,,,,
6.15405,7.12E-06,-8.449175835,,,,,,,,,,,,,,
6.15415,1.66E-06,-9.994597435,,,,,,,,,,,,,,
6.15425,4.94E-07,-9.994986534,,,,,,,,,,,,,,
6.15435,2.24E-07,-9.995154381,,,,,,,,,,,,,,
6.15445,1.33E-07,-9.995386124,,,,,,,,,,,,,,
6.15455,9.21E-08,-9.995257378,,,,,,,,,,,,,,
6.15465,6.88E-08,-9.995515823,,,,,,,,,,,,,,
6.15475,5.40E-08,-9.995739937,,,,,,,,,,,,,,
6.15485,4.42E-08,-9.99570179,,,,,,,,,,,,,,
6.15495,3.67E-08,-9.995783806,,,,,,,,,,,,,,
6.15505,-6.36E-06,-1.557773352,,,,,,,,,,,,,,
6.15515,-4.32E-08,-0.002346515,,,,,,,,,,,,,,
6.15525,1.67E-06,-0.002023531,,,,,,,,,,,,,,
6.15535,2.11E-06,-0.001752477,,,,,,,,,,,,,,
6.15545,2.27E-06,-0.001890959,,,,,,,,,,,,,,
6.15555,2.33E-06,-0.001653822,,,,,,,,,,,,,,
6.15565,2.37E-06,-0.001645238,,,,,,,,,,,,,,
6.15575,2.39E-06,-0.001752195,,,,,,,,,,,,,,
6.15585,2.41E-06,-0.001603369,,,,,,,,,,,,,,
6.15595,2.41E-06,-0.00151541,,,,,,,,,,,,,,
6.15605,7.12E-06,-8.429111481,,,,,,,,,,,,,,
6.15615,1.66E-06,-9.99480629,,,,,,,,,,,,,,
6.15625,4.96E-07,-9.995361328,,,,,,,,,,,,,,
6.15635,2.25E-07,-9.995361328,,,,,,,,,,,,,,
6.15645,1.34E-07,-9.995383263,,,,,,,,,,,,,,
6.15655,9.24E-08,-9.995355606,,,,,,,,,,,,,,
6.15665,6.92E-08,-9.995462418,,,,,,,,,,,,,,
6.15675,5.45E-08,-9.995614052,,,,,,,,,,,,,,
6.15685,4.47E-08,-9.995833397,,,,,,,,,,,,,,
6.15695,3.72E-08,-9.995825768,,,,,,,,,,,,,,
6.15705,-6.36E-06,-1.577800155,,,,,,,,,,,,,,
6.15715,-4.49E-08,-0.002337297,,,,,,,,,,,,,,
6.15725,1.67E-06,-0.001924172,,,,,,,,,,,,,,
6.15735,2.11E-06,-0.001612306,,,,,,,,,,,,,,
6.15745,2.27E-06,-0.001257726,,,,,,,,,,,,,,
6.15755,2.34E-06,-0.001399938,,,,,,,,,,,,,,
6.15765,2.38E-06,-0.001098626,,,,,,,,,,,,,,
6.15775,2.40E-06,-0.001213184,,,,,,,,,,,,,,
6.15785,2.42E-06,-0.001376365,,,,,,,,,,,,,,
6.15795,2.42E-06,-0.001337874,,,,,,,,,,,,,,
6.15805,7.12E-06,-8.40903759,,,,,,,,,,,,,,
6.15815,1.67E-06,-9.994403839,,,,,,,,,,,,,,
6.15825,4.97E-07,-9.995127678,,,,,,,,,,,,,,
6.15835,2.25E-07,-9.995286942,,,,,,,,,,,,,,
6.15845,1.34E-07,-9.995573997,,,,,,,,,,,,,,
6.15855,9.23E-08,-9.995286942,,,,,,,,,,,,,,
6.15865,6.94E-08,-9.995383263,,,,,,,,,,,,,,
6.15875,5.46E-08,-9.995734215,,,,,,,,,,,,,,
6.15885,4.44E-08,-9.995866776,,,,,,,,,,,,,,
6.15895,3.66E-08,-9.995890617,,,,,,,,,,,,,,
6.15905,-6.35E-06,-1.597607613,,,,,,,,,,,,,,
6.15915,-4.52E-08,-0.002023812,,,,,,,,,,,,,,
6.15925,1.68E-06,-0.001592392,,,,,,,,,,,,,,
6.15935,2.12E-06,-0.001374747,,,,,,,,,,,,,,
6.15945,2.28E-06,-0.001263004,,,,,,,,,,,,,,
6.15955,2.35E-06,-0.001405145,,,,,,,,,,,,,,
6.15965,2.39E-06,-0.001356522,,,,,,,,,,,,,,
6.15975,2.41E-06,-0.001212269,,,,,,,,,,,,,,
6.15985,2.42E-06,-0.001223106,,,,,,,,,,,,,,
6.15995,2.43E-06,-0.001304802,,,,,,,,,,,,,,
6.16005,7.12E-06,-8.389357567,,,,,,,,,,,,,,
6.16015,1.67E-06,-9.994790077,,,,,,,,,,,,,,
6.16025,4.98E-07,-9.995313644,,,,,,,,,,,,,,
6.16035,2.25E-07,-9.995173454,,,,,,,,,,,,,,
6.16045,1.34E-07,-9.995456696,,,,,,,,,,,,,,
6.16055,9.22E-08,-9.995546341,,,,,,,,,,,,,,
6.16065,6.90E-08,-9.995535851,,,,,,,,,,,,,,
6.16075,5.42E-08,-9.995407104,,,,,,,,,,,,,,
6.16085,4.43E-08,-9.995434761,,,,,,,,,,,,,,
6.16095,3.72E-08,-9.995451927,,,,,,,,,,,,,,
6.16105,-6.34E-06,-1.617495418,,,,,,,,,,,,,,
6.16115,-4.46E-08,-0.00223815,,,,,,,,,,,,,,
6.16125,1.69E-06,-0.001759232,,,,,,,,,,,,,,
6.16135,2.13E-06,-0.001658607,,,,,,,,,,,,,,
6.16145,2.29E-06,-0.001520477,,,,,,,,,,,,,,
6.16155,2.36E-06,-0.001280596,,,,,,,,,,,,,,
6.16165,2.40E-06,-0.001277851,,,,,,,,,,,,,,
6.16175,2.42E-06,-0.001203333,,,,,,,,,,,,,,
6.16185,2.43E-06,-0.001410915,,,,,,,,,,,,,,
6.16195,2.44E-06,-0.001129729,,,,,,,,,,,,,,
6.16205,7.12E-06,-8.369102478,,,,,,,,,,,,,,
6.16215,1.68E-06,-9.994451523,,,,,,,,,,,,,,
6.16225,4.99E-07,-9.994939804,,,,,,,,,,,,,,
6.16235,2.25E-07,-9.994894028,,,,,,,,,,,,,,
6.16245,1.34E-07,-9.99501133,,,,,,,,,,,,,,
6.16255,9.24E-08,-9.99567318,,,,,,,,,,,,,,
6.16265,6.92E-08,-9.995654106,,,,,,,,,,,,,,
6.16275,5.43E-08,-9.995358467,,,,,,,,,,,,,,
6.16285,4.46E-08,-9.995316505,,,,,,,,,,,,,,
6.16295,3.72E-08,-9.995463371,,,,,,,,,,,,,,
6.16305,-6.34E-06,-1.637586594,,,,,,,,,,,,,,
6.16315,-4.71E-08,-0.002056392,,,,,,,,,,,,,,
6.16325,1.69E-06,-0.001682814,,,,,,,,,,,,,,
6.16335,2.13E-06,-0.001809263,,,,,,,,,,,,,,
6.16345,2.29E-06,-0.001562838,,,,,,,,,,,,,,
6.16355,2.37E-06,-0.001370314,,,,,,,,,,,,,,
6.16365,2.40E-06,-0.001548694,,,,,,,,,,,,,,
6.16375,2.42E-06,-0.001470094,,,,,,,,,,,,,,
6.16385,2.44E-06,-0.001419922,,,,,,,,,,,,,,
6.16395,2.44E-06,-0.001246186,,,,,,,,,,,,,,
6.16405,7.12E-06,-8.348834991,,,,,,,,,,,,,,
6.16415,1.68E-06,-9.994433403,,,,,,,,,,,,,,
6.16425,4.99E-07,-9.994909286,,,,,,,,,,,,,,
6.16435,2.25E-07,-9.994883537,,,,,,,,,,,,,,
6.16445,1.34E-07,-9.994920731,,,,,,,,,,,,,,
6.16455,9.24E-08,-9.995282173,,,,,,,,,,,,,,
6.16465,6.95E-08,-9.99546814,,,,,,,,,,,,,,
6.16475,5.46E-08,-9.995331764,,,,,,,,,,,,,,
6.16485,4.45E-08,-9.995510101,,,,,,,,,,,,,,
6.16495,3.71E-08,-9.995765686,,,,,,,,,,,,,,
6.16505,-6.33E-06,-1.657713294,,,,,,,,,,,,,,
6.16515,-4.96E-08,-0.002072928,,,,,,,,,,,,,,
6.16525,1.70E-06,-0.001449406,,,,,,,,,,,,,,
6.16535,2.14E-06,-0.00143491,,,,,,,,,,,,,,
6.16545,2.30E-06,-0.001375521,,,,,,,,,,,,,,
6.16555,2.37E-06,-0.001522658,,,,,,,,,,,,,,
6.16565,2.41E-06,-0.001131417,,,,,,,,,,,,,,
6.16575,2.43E-06,-0.000950152,,,,,,,,,,,,,,
6.16585,2.44E-06,-0.001112489,,,,,,,,,,,,,,
6.16595,2.45E-06,-0.00106865,,,,,,,,,,,,,,
6.16605,7.12E-06,-8.329096794,,,,,,,,,,,,,,
6.16615,1.69E-06,-9.994024277,,,,,,,,,,,,,,
6.16625,5.00E-07,-9.994642258,,,,,,,,,,,,,,
6.16635,2.26E-07,-9.995158195,,,,,,,,,,,,,,
6.16645,1.34E-07,-9.995182991,,,,,,,,,,,,,,
6.16655,9.25E-08,-9.995517731,,,,,,,,,,,,,,
6.16665,6.91E-08,-9.995989799,,,,,,,,,,,,,,
6.16675,5.41E-08,-9.995735168,,,,,,,,,,,,,,
6.16685,4.44E-08,-9.99571228,,,,,,,,,,,,,,
6.16695,3.68E-08,-9.995774269,,,,,,,,,,,,,,
6.16705,-6.32E-06,-1.677681804,,,,,,,,,,,,,,
6.16715,-4.98E-08,-0.002289729,,,,,,,,,,,,,,
6.16725,1.70E-06,-0.001821648,,,,,,,,,,,,,,
6.16735,2.15E-06,-0.001506544,,,,,,,,,,,,,,
6.16745,2.31E-06,-0.001312261,,,,,,,,,,,,,,
6.16755,2.38E-06,-0.001504222,,,,,,,,,,,,,,
6.16765,2.42E-06,-0.001456935,,,,,,,,,,,,,,
6.16775,2.44E-06,-0.001585777,,,,,,,,,,,,,,
6.16785,2.45E-06,-0.001295654,,,,,,,,,,,,,,
6.16795,2.46E-06,-0.001292347,,,,,,,,,,,,,,
6.16805,7.11E-06,-8.309221268,,,,,,,,,,,,,,
6.16815,1.69E-06,-9.994602203,,,,,,,,,,,,,,
6.16825,5.01E-07,-9.995073318,,,,,,,,,,,,,,
6.16835,2.26E-07,-9.994830132,,,,,,,,,,,,,,
6.16845,1.34E-07,-9.995394707,,,,,,,,,,,,,,
6.16855,9.23E-08,-9.995388031,,,,,,,,,,,,,,
6.16865,6.96E-08,-9.995760918,,,,,,,,,,,,,,
6.16875,5.46E-08,-9.995580673,,,,,,,,,,,,,,
6.16885,4.48E-08,-9.995314598,,,,,,,,,,,,,,
6.16895,3.70E-08,-9.995716095,,,,,,,,,,,,,,
6.16905,-6.32E-06,-1.697860003,,,,,,,,,,,,,,
6.16915,-5.26E-08,-0.002443974,,,,,,,,,,,,,,
6.16925,1.71E-06,-0.001664448,,,,,,,,,,,,,,
6.16935,2.15E-06,-0.001622227,,,,,,,,,,,,,,
6.16945,2.31E-06,-0.001519632,,,,,,,,,,,,,,
6.16955,2.39E-06,-0.001332597,,,,,,,,,,,,,,
6.16965,2.42E-06,-0.001583244,,,,,,,,,,,,,,
6.16975,2.45E-06,-0.001517029,,,,,,,,,,,,,,
6.16985,2.46E-06,-0.001384879,,,,,,,,,,,,,,
6.16995,2.47E-06,-0.001249353,,,,,,,,,,,,,,
6.17005,7.11E-06,-8.289275169,,,,,,,,,,,,,,
6.17015,1.70E-06,-9.99464035,,,,,,,,,,,,,,
6.17025,5.02E-07,-9.995183945,,,,,,,,,,,,,,
6.17035,2.26E-07,-9.995368958,,,,,,,,,,,,,,
6.17045,1.34E-07,-9.995353699,,,,,,,,,,,,,,
6.17055,9.22E-08,-9.995720863,,,,,,,,,,,,,,
6.17065,6.94E-08,-9.995670319,,,,,,,,,,,,,,
6.17075,5.45E-08,-9.995816231,,,,,,,,,,,,,,
6.17085,4.45E-08,-9.995433807,,,,,,,,,,,,,,
6.17095,3.72E-08,-9.995563507,,,,,,,,,,,,,,
6.17105,-6.31E-06,-1.717451215,,,,,,,,,,,,,,
6.17115,-5.48E-08,-0.002094249,,,,,,,,,,,,,,
6.17125,1.71E-06,-0.001863305,,,,,,,,,,,,,,
6.17135,2.16E-06,-0.001636512,,,,,,,,,,,,,,
6.17145,2.32E-06,-0.000800552,,,,,,,,,,,,,,
6.17155,2.39E-06,-0.001077727,,,,,,,,,,,,,,
6.17165,2.43E-06,-0.001254771,,,,,,,,,,,,,,
6.17175,2.45E-06,-0.00099962,,,,,,,,,,,,,,
6.17185,2.47E-06,-0.001035929,,,,,,,,,,,,,,
6.17195,2.47E-06,-0.00116442,,,,,,,,,,,,,,
6.17205,7.11E-06,-8.269170761,,,,,,,,,,,,,,
6.17215,1.70E-06,-9.994585991,,,,,,,,,,,,,,
6.17225,5.03E-07,-9.994878769,,,,,,,,,,,,,,
6.17235,2.26E-07,-9.994996071,,,,,,,,,,,,,,
6.17245,1.34E-07,-9.995153427,,,,,,,,,,,,,,
6.17255,9.25E-08,-9.995323181,,,,,,,,,,,,,,
6.17265,6.94E-08,-9.995462418,,,,,,,,,,,,,,
6.17275,5.48E-08,-9.995424271,,,,,,,,,,,,,,
6.17285,4.43E-08,-9.995366096,,,,,,,,,,,,,,
6.17295,3.73E-08,-9.99515152,,,,,,,,,,,,,,
6.17305,-6.31E-06,-1.737338185,,,,,,,,,,,,,,
6.17315,-5.62E-08,-0.00201952,,,,,,,,,,,,,,
6.17325,1.72E-06,-0.001656004,,,,,,,,,,,,,,
6.17335,2.17E-06,-0.001463761,,,,,,,,,,,,,,
6.17345,2.33E-06,-0.001454543,,,,,,,,,,,,,,
6.17355,2.40E-06,-0.00138298,,,,,,,,,,,,,,
6.17365,2.44E-06,-0.001593588,,,,,,,,,,,,,,
6.17375,2.46E-06,-0.001696183,,,,,,,,,,,,,,
6.17385,2.47E-06,-0.001517451,,,,,,,,,,,,,,
6.17395,2.48E-06,-0.001224372,,,,,,,,,,,,,,
6.17405,7.11E-06,-8.24916172,,,,,,,,,,,,,,
6.17415,1.71E-06,-9.994696617,,,,,,,,,,,,,,
6.17425,5.04E-07,-9.995248795,,,,,,,,,,,,,,
6.17435,2.27E-07,-9.995384216,,,,,,,,,,,,,,
6.17445,1.34E-07,-9.995449066,,,,,,,,,,,,,,
6.17455,9.27E-08,-9.995620728,,,,,,,,,,,,,,
6.17465,6.94E-08,-9.995716095,,,,,,,,,,,,,,
6.17475,5.47E-08,-9.995461464,,,,,,,,,,,,,,
6.17485,4.46E-08,-9.995401382,,,,,,,,,,,,,,
6.17495,3.75E-08,-9.995602608,,,,,,,,,,,,,,
6.17505,-6.30E-06,-1.757580519,,,,,,,,,,,,,,
6.17515,-5.78E-08,-0.002026345,,,,,,,,,,,,,,
6.17525,1.72E-06,-0.001642001,,,,,,,,,,,,,,
6.17535,2.17E-06,-0.00140606,,,,,,,,,,,,,,
6.17545,2.33E-06,-0.000986743,,,,,,,,,,,,,,
6.17555,2.41E-06,-0.001125859,,,,,,,,,,,,,,
6.17565,2.44E-06,-0.000901669,,,,,,,,,,,,,,
6.17575,2.47E-06,-0.001144224,,,,,,,,,,,,,,
6.17585,2.48E-06,-0.001159142,,,,,,,,,,,,,,
6.17595,2.48E-06,-0.001165616,,,,,,,,,,,,,,
6.17605,7.11E-06,-8.229302406,,,,,,,,,,,,,,
6.17615,1.71E-06,-9.99471283,,,,,,,,,,,,,,
6.17625,5.05E-07,-9.995155334,,,,,,,,,,,,,,
6.17635,2.27E-07,-9.99514389,,,,,,,,,,,,,,
6.17645,1.34E-07,-9.995150566,,,,,,,,,,,,,,
6.17655,9.25E-08,-9.995282173,,,,,,,,,,,,,,
6.17665,6.94E-08,-9.995594025,,,,,,,,,,,,,,
6.17675,5.45E-08,-9.995605469,,,,,,,,,,,,,,
6.17685,4.46E-08,-9.99578476,,,,,,,,,,,,,,
6.17695,3.74E-08,-9.996064186,,,,,,,,,,,,,,
6.17705,-6.29E-06,-1.777610421,,,,,,,,,,,,,,
6.17715,-5.94E-08,-0.002166024,,,,,,,,,,,,,,
6.17725,1.73E-06,-0.001757966,,,,,,,,,,,,,,
6.17735,2.18E-06,-0.001446943,,,,,,,,,,,,,,
6.17745,2.34E-06,-0.001570156,,,,,,,,,,,,,,
6.17755,2.41E-06,-0.001372917,,,,,,,,,,,,,,
6.17765,2.45E-06,-0.001188696,,,,,,,,,,,,,,
6.17775,2.47E-06,-0.001235068,,,,,,,,,,,,,,
6.17785,2.49E-06,-0.001195944,,,,,,,,,,,,,,
6.17795,2.49E-06,-0.001129095,,,,,,,,,,,,,,
6.17805,7.11E-06,-8.209654808,,,,,,,,,,,,,,
6.17815,1.72E-06,-9.994922638,,,,,,,,,,,,,,
6.17825,5.06E-07,-9.995006561,,,,,,,,,,,,,,
6.17835,2.27E-07,-9.994999886,,,,,,,,,,,,,,
6.17845,1.35E-07,-9.995414734,,,,,,,,,,,,,,
6.17855,9.26E-08,-9.995570183,,,,,,,,,,,,,,
6.17865,6.96E-08,-9.995855331,,,,,,,,,,,,,,
6.17875,5.46E-08,-9.995663643,,,,,,,,,,,,,,
6.17885,4.44E-08,-9.995632172,,,,,,,,,,,,,,
6.17895,3.73E-08,-9.995562553,,,,,,,,,,,,,,
6.17905,-6.29E-06,-1.797222614,,,,,,,,,,,,,,
6.17915,-6.10E-08,-0.001604284,,,,,,,,,,,,,,
6.17925,1.73E-06,-0.001537435,,,,,,,,,,,,,,
6.17935,2.19E-06,-0.001344911,,,,,,,,,,,,,,
6.17945,2.35E-06,-0.0010398,,,,,,,,,,,,,,
6.17955,2.42E-06,-0.001117766,,,,,,,,,,,,,,
6.17965,2.46E-06,-0.000956063,,,,,,,,,,,,,,
6.17975,2.48E-06,-0.001221417,,,,,,,,,,,,,,
6.17985,2.49E-06,-0.000853679,,,,,,,,,,,,,,
6.17995,2.50E-06,-0.000869441,,,,,,,,,,,,,,
6.18005,7.11E-06,-8.189451218,,,,,,,,,,,,,,
6.18015,1.72E-06,-9.994704247,,,,,,,,,,,,,,
6.18025,5.07E-07,-9.994924545,,,,,,,,,,,,,,
6.18035,2.28E-07,-9.995365143,,,,,,,,,,,,,,
6.18045,1.35E-07,-9.995493889,,,,,,,,,,,,,,
6.18055,9.29E-08,-9.995436668,,,,,,,,,,,,,,
6.18065,6.99E-08,-9.995522499,,,,,,,,,,,,,,
6.18075,5.49E-08,-9.995571136,,,,,,,,,,,,,,
6.18085,4.47E-08,-9.9956007,,,,,,,,,,,,,,
6.18095,3.71E-08,-9.995664597,,,,,,,,,,,,,,
6.18105,-6.28E-06,-1.817209363,,,,,,,,,,,,,,
6.18115,-6.42E-08,-0.001786886,,,,,,,,,,,,,,
6.18125,1.73E-06,-0.001387765,,,,,,,,,,,,,,
6.18135,2.19E-06,-0.001252308,,,,,,,,,,,,,,
6.18145,2.35E-06,-0.001001872,,,,,,,,,,,,,,
6.18155,2.43E-06,-0.000971121,,,,,,,,,,,,,,
6.18165,2.46E-06,-0.000794922,,,,,,,,,,,,,,
6.18175,2.49E-06,-0.00068128,,,,,,,,,,,,,,
6.18185,2.50E-06,-0.000801255,,,,,,,,,,,,,,
6.18195,2.51E-06,-0.001065906,,,,,,,,,,,,,,
6.18205,7.11E-06,-8.169060707,,,,,,,,,,,,,,
6.18215,1.73E-06,-9.994401932,,,,,,,,,,,,,,
6.18225,5.08E-07,-9.995025635,,,,,,,,,,,,,,
6.18235,2.28E-07,-9.995301247,,,,,,,,,,,,,,
6.18245,1.35E-07,-9.995191574,,,,,,,,,,,,,,
6.18255,9.32E-08,-9.995186806,,,,,,,,,,,,,,
6.18265,6.96E-08,-9.995107651,,,,,,,,,,,,,,
6.18275,5.52E-08,-9.995174408,,,,,,,,,,,,,,
6.18285,4.49E-08,-9.995148659,,,,,,,,,,,,,,
6.18295,3.76E-08,-9.995282173,,,,,,,,,,,,,,
6.18305,-6.27E-06,-1.837433815,,,,,,,,,,,,,,
6.18315,-6.46E-08,-0.001997002,,,,,,,,,,,,,,
6.18325,1.74E-06,-0.0018835,,,,,,,,,,,,,,
6.18335,2.20E-06,-0.001532439,,,,,,,,,,,,,,
6.18345,2.36E-06,-0.001093067,,,,,,,,,,,,,,
6.18355,2.43E-06,-0.00138685,,,,,,,,,,,,,,
6.18365,2.47E-06,-0.001192707,,,,,,,,,,,,,,
6.18375,2.50E-06,-0.001014186,,,,,,,,,,,,,,
6.18385,2.51E-06,-0.000746017,,,,,,,,,,,,,,
6.18395,2.51E-06,-0.000840028,,,,,,,,,,,,,,
6.18405,7.11E-06,-8.149077415,,,,,,,,,,,,,,
6.18415,1.73E-06,-9.994379997,,,,,,,,,,,,,,
6.18425,5.09E-07,-9.994688988,,,,,,,,,,,,,,
6.18435,2.29E-07,-9.994882584,,,,,,,,,,,,,,
6.18445,1.35E-07,-9.994998932,,,,,,,,,,,,,,
6.18455,9.32E-08,-9.994971275,,,,,,,,,,,,,,
6.18465,7.00E-08,-9.995035172,,,,,,,,,,,,,,
6.18475,5.50E-08,-9.99516201,,,,,,,,,,,,,,
6.18485,4.52E-08,-9.995286942,,,,,,,,,,,,,,
6.18495,3.76E-08,-9.995186806,,,,,,,,,,,,,,
6.18505,-6.27E-06,-1.857270241,,,,,,,,,,,,,,
6.18515,-6.76E-08,-0.002215633,,,,,,,,,,,,,,
6.18525,1.75E-06,-0.001894618,,,,,,,,,,,,,,
6.18535,2.20E-06,-0.001590351,,,,,,,,,,,,,,
6.18545,2.37E-06,-0.001650304,,,,,,,,,,,,,,
6.18555,2.44E-06,-0.001351526,,,,,,,,,,,,,,
6.18565,2.48E-06,-0.001509218,,,,,,,,,,,,,,
6.18575,2.50E-06,-0.001548905,,,,,,,,,,,,,,
6.18585,2.51E-06,-0.001605199,,,,,,,,,,,,,,
6.18595,2.52E-06,-0.001444762,,,,,,,,,,,,,,
6.18605,7.11E-06,-8.129734039,,,,,,,,,,,,,,
6.18615,1.74E-06,-9.994787216,,,,,,,,,,,,,,
6.18625,5.10E-07,-9.995179176,,,,,,,,,,,,,,
6.18635,2.29E-07,-9.995170593,,,,,,,,,,,,,,
6.18645,1.35E-07,-9.995557785,,,,,,,,,,,,,,
6.18655,9.31E-08,-9.995522499,,,,,,,,,,,,,,
6.18665,6.98E-08,-9.995759964,,,,,,,,,,,,,,
6.18675,5.49E-08,-9.99548912,,,,,,,,,,,,,,
6.18685,4.47E-08,-9.995215416,,,,,,,,,,,,,,
6.18695,3.72E-08,-9.995510101,,,,,,,,,,,,,,
6.18705,-6.26E-06,-1.877439976,,,,,,,,,,,,,,
6.18715,-7.18E-08,-0.002176368,,,,,,,,,,,,,,
6.18725,1.75E-06,-0.001796808,,,,,,,,,,,,,,
6.18735,2.21E-06,-0.001435051,,,,,,,,,,,,,,
6.18745,2.37E-06,-0.001168712,,,,,,,,,,,,,,
6.18755,2.45E-06,-0.001242175,,,,,,,,,,,,,,
6.18765,2.49E-06,-0.000995187,,,,,,,,,,,,,,
6.18775,2.51E-06,-0.001058306,,,,,,,,,,,,,,
6.18785,2.52E-06,-0.001046696,,,,,,,,,,,,,,
6.18795,2.53E-06,-0.001070057,,,,,,,,,,,,,,
6.18805,7.11E-06,-8.109300613,,,,,,,,,,,,,,
6.18815,1.74E-06,-9.994537354,,,,,,,,,,,,,,
6.18825,5.11E-07,-9.99488163,,,,,,,,,,,,,,
6.18835,2.29E-07,-9.995212555,,,,,,,,,,,,,,
6.18845,1.35E-07,-9.995398521,,,,,,,,,,,,,,
6.18855,9.27E-08,-9.995410919,,,,,,,,,,,,,,
6.18865,6.93E-08,-9.99529171,,,,,,,,,,,,,,
6.18875,5.47E-08,-9.995575905,,,,,,,,,,,,,,
6.18885,4.43E-08,-9.995715141,,,,,,,,,,,,,,
6.18895,3.73E-08,-9.995510101,,,,,,,,,,,,,,
6.18905,-6.25E-06,-1.897473097,,,,,,,,,,,,,,
6.18915,-7.16E-08,-0.00223815,,,,,,,,,,,,,,
6.18925,1.75E-06,-0.001848457,,,,,,,,,,,,,,
6.18935,2.22E-06,-0.001662196,,,,,,,,,,,,,,
6.18945,2.38E-06,-0.001435966,,,,,,,,,,,,,,
6.18955,2.45E-06,-0.00123929,,,,,,,,,,,,,,
6.18965,2.49E-06,-0.001437233,,,,,,,,,,,,,,
6.18975,2.52E-06,-0.001493456,,,,,,,,,,,,,,
6.18985,2.53E-06,-0.001431392,,,,,,,,,,,,,,
6.18995,2.53E-06,-0.001198055,,,,,,,,,,,,,,
6.19005,7.11E-06,-8.089263916,,,,,,,,,,,,,,
6.19015,1.75E-06,-9.994422913,,,,,,,,,,,,,,
6.19025,5.12E-07,-9.994874001,,,,,,,,,,,,,,
6.19035,2.29E-07,-9.995100975,,,,,,,,,,,,,,
6.19045,1.35E-07,-9.995253563,,,,,,,,,,,,,,
6.19055,9.27E-08,-9.995686531,,,,,,,,,,,,,,
6.19065,6.95E-08,-9.995756149,,,,,,,,,,,,,,
6.19075,5.50E-08,-9.995725632,,,,,,,,,,,,,,
6.19085,4.46E-08,-9.99554348,,,,,,,,,,,,,,
6.19095,3.69E-08,-9.995585442,,,,,,,,,,,,,,
6.19105,-6.25E-06,-1.91749692,,,,,,,,,,,,,,
6.19115,-7.50E-08,-0.002202615,,,,,,,,,,,,,,
6.19125,1.76E-06,-0.001856761,,,,,,,,,,,,,,
6.19135,2.22E-06,-0.001748607,,,,,,,,,,,,,,
6.19145,2.39E-06,-0.001580711,,,,,,,,,,,,,,
6.19155,2.46E-06,-0.001061473,,,,,,,,,,,,,,
6.19165,2.50E-06,-0.001184826,,,,,,,,,,,,,,
6.19175,2.52E-06,-0.001369469,,,,,,,,,,,,,,
6.19185,2.53E-06,-0.00139269,,,,,,,,,,,,,,
6.19195,2.54E-06,-0.001231339,,,,,,,,,,,,,,
6.19205,7.11E-06,-8.069217682,,,,,,,,,,,,,,
6.19215,1.75E-06,-9.994256973,,,,,,,,,,,,,,
6.19225,5.13E-07,-9.994914055,,,,,,,,,,,,,,
6.19235,2.29E-07,-9.99507618,,,,,,,,,,,,,,
6.19245,1.36E-07,-9.9952631,,,,,,,,,,,,,,
6.19255,9.30E-08,-9.995615959,,,,,,,,,,,,,,
6.19265,6.95E-08,-9.995638847,,,,,,,,,,,,,,
6.19275,5.45E-08,-9.99570179,,,,,,,,,,,,,,
6.19285,4.43E-08,-9.99587059,,,,,,,,,,,,,,
6.19295,3.70E-08,-9.995785713,,,,,,,,,,,,,,
6.19305,-6.24E-06,-1.937547326,,,,,,,,,,,,,,
6.19315,-7.77E-08,-0.002463887,,,,,,,,,,,,,,
6.19325,1.76E-06,-0.002033523,,,,,,,,,,,,,,
6.19335,2.23E-06,-0.001848669,,,,,,,,,,,,,,
6.19345,2.39E-06,-0.001617372,,,,,,,,,,,,,,
6.19355,2.46E-06,-0.001455739,,,,,,,,,,,,,,
6.19365,2.51E-06,-0.001351807,,,,,,,,,,,,,,
6.19375,2.53E-06,-0.001586974,,,,,,,,,,,,,,
6.19385,2.54E-06,-0.00171286,,,,,,,,,,,,,,
6.19395,2.55E-06,-0.001534128,,,,,,,,,,,,,,
6.19405,7.11E-06,-8.049407005,,,,,,,,,,,,,,
6.19415,1.76E-06,-9.994801521,,,,,,,,,,,,,,
6.19425,5.14E-07,-9.9950037,,,,,,,,,,,,,,
6.19435,2.30E-07,-9.995329857,,,,,,,,,,,,,,
6.19445,1.35E-07,-9.995354652,,,,,,,,,,,,,,
6.19455,9.31E-08,-9.995148659,,,,,,,,,,,,,,
6.19465,6.96E-08,-9.995142937,,,,,,,,,,,,,,
6.19475,5.48E-08,-9.995539665,,,,,,,,,,,,,,
6.19485,4.47E-08,-9.995437622,,,,,,,,,,,,,,
6.19495,3.71E-08,-9.995509148,,,,,,,,,,,,,,
6.19505,-6.24E-06,-1.957466006,,,,,,,,,,,,,,
6.19515,-7.85E-08,-0.00215378,,,,,,,,,,,,,,
6.19525,1.77E-06,-0.001948801,,,,,,,,,,,,,,
6.19535,2.23E-06,-0.001533565,,,,,,,,,,,,,,
6.19545,2.40E-06,-0.001539265,,,,,,,,,,,,,,
6.19555,2.47E-06,-0.001505207,,,,,,,,,,,,,,
6.19565,2.51E-06,-0.001540672,,,,,,,,,,,,,,
6.19575,2.53E-06,-0.001713986,,,,,,,,,,,,,,
6.19585,2.55E-06,-0.001326475,,,,,,,,,,,,,,
6.19595,2.56E-06,-0.001026782,,,,,,,,,,,,,,
6.19605,7.11E-06,-8.029051781,,,,,,,,,,,,,,
6.19615,1.76E-06,-9.99451828,,,,,,,,,,,,,,
6.19625,5.15E-07,-9.994729996,,,,,,,,,,,,,,
6.19635,2.30E-07,-9.995027542,,,,,,,,,,,,,,
6.19645,1.35E-07,-9.99524498,,,,,,,,,,,,,,
6.19655,9.31E-08,-9.995321274,,,,,,,,,,,,,,
6.19665,6.96E-08,-9.995368004,,,,,,,,,,,,,,
6.19675,5.50E-08,-9.995596886,,,,,,,,,,,,,,
6.19685,4.49E-08,-9.99576664,,,,,,,,,,,,,,
6.19695,3.75E-08,-9.995648384,,,,,,,,,,,,,,
6.19705,-6.23E-06,-1.97747314,,,,,,,,,,,,,,
6.19715,-8.19E-08,-0.002331597,,,,,,,,,,,,,,
6.19725,1.77E-06,-0.0018011,,,,,,,,,,,,,,
6.19735,2.24E-06,-0.001533284,,,,,,,,,,,,,,
6.19745,2.41E-06,-0.001472275,,,,,,,,,,,,,,
6.19755,2.48E-06,-0.001368765,,,,,,,,,,,,,,
6.19765,2.52E-06,-0.001348711,,,,,,,,,,,,,,
6.19775,2.54E-06,-0.001232394,,,,,,,,,,,,,,
6.19785,2.55E-06,-0.001451236,,,,,,,,,,,,,,
6.19795,2.56E-06,-0.001185319,,,,,,,,,,,,,,
6.19805,7.11E-06,-8.009504318,,,,,,,,,,,,,,
6.19815,1.77E-06,-9.994667053,,,,,,,,,,,,,,
6.19825,5.16E-07,-9.994808197,,,,,,,,,,,,,,
6.19835,2.30E-07,-9.99486351,,,,,,,,,,,,,,
6.19845,1.36E-07,-9.995145798,,,,,,,,,,,,,,
6.19855,9.34E-08,-9.99516201,,,,,,,,,,,,,,
6.19865,6.97E-08,-9.995164871,,,,,,,,,,,,,,
6.19875,5.52E-08,-9.995164871,,,,,,,,,,,,,,
6.19885,4.48E-08,-9.995223045,,,,,,,,,,,,,,
6.19895,3.77E-08,-9.995112419,,,,,,,,,,,,,,
6.19905,-6.22E-06,-1.997102618,,,,,,,,,,,,,,
6.19915,-8.43E-08,-0.001926565,,,,,,,,,,,,,,
6.19925,1.78E-06,-0.001708779,,,,,,,,,,,,,,
6.19935,2.25E-06,-0.00145215,,,,,,,,,,,,,,
6.19945,2.41E-06,-0.001374958,,,,,,,,,,,,,,
6.19955,2.49E-06,-0.001204458,,,,,,,,,,,,,,
6.19965,2.53E-06,-0.001160831,,,,,,,,,,,,,,
6.19975,2.55E-06,-0.001029948,,,,,,,,,,,,,,
6.19985,2.56E-06,-0.001000113,,,,,,,,,,,,,,
6.19995,2.57E-06,-0.000762554,,,,,,,,,,,,,,
6.20005,7.11E-06,-7.989243984,,,,,,,,,,,,,,
6.20015,1.78E-06,-9.994234085,,,,,,,,,,,,,,
6.20025,5.17E-07,-9.995037079,,,,,,,,,,,,,,
6.20035,2.30E-07,-9.99519825,,,,,,,,,,,,,,
6.20045,1.36E-07,-9.995437622,,,,,,,,,,,,,,
6.20055,9.36E-08,-9.995457649,,,,,,,,,,,,,,
6.20065,6.99E-08,-9.995547295,,,,,,,,,,,,,,
6.20075,5.50E-08,-9.995552063,,,,,,,,,,,,,,
6.20085,4.50E-08,-9.99555397,,,,,,,,,,,,,,
6.20095,3.75E-08,-9.995462418,,,,,,,,,,,,,,
6.20105,-6.22E-06,-2.017167568,,,,,,,,,,,,,,
6.20115,-8.71E-08,-0.001913054,,,,,,,,,,,,,,
6.20125,1.78E-06,-0.001543909,,,,,,,,,,,,,,
6.20135,2.25E-06,-0.00118743,,,,,,,,,,,,,,
6.20145,2.42E-06,-0.001138102,,,,,,,,,,,,,,
6.20155,2.49E-06,-0.001236124,,,,,,,,,,,,,,
6.20165,2.53E-06,-0.00104761,,,,,,,,,,,,,,
6.20175,2.56E-06,-0.000643,,,,,,,,,,,,,,
6.20185,2.57E-06,-0.00050304,,,,,,,,,,,,,,
6.20195,2.58E-06,-0.000789152,,,,,,,,,,,,,,
6.20205,7.10E-06,-7.969622135,,,,,,,,,,,,,,
6.20215,1.78E-06,-9.99441433,,,,,,,,,,,,,,
6.20225,5.18E-07,-9.994760513,,,,,,,,,,,,,,
6.20235,2.30E-07,-9.994973183,,,,,,,,,,,,,,
6.20245,1.36E-07,-9.995129585,,,,,,,,,,,,,,
6.20255,9.36E-08,-9.995289803,,,,,,,,,,,,,,
6.20265,6.98E-08,-9.995179176,,,,,,,,,,,,,,
6.20275,5.55E-08,-9.995214462,,,,,,,,,,,,,,
6.20285,4.49E-08,-9.99548912,,,,,,,,,,,,,,
6.20295,3.77E-08,-9.995605469,,,,,,,,,,,,,,
6.20305,-6.21E-06,-2.037018776,,,,,,,,,,,,,,
6.20315,-9.05E-08,-0.001641438,,,,,,,,,,,,,,
6.20325,1.79E-06,-0.001562064,,,,,,,,,,,,,,
6.20335,2.26E-06,-0.001019745,,,,,,,,,,,,,,
6.20345,2.42E-06,-0.000912365,,,,,,,,,,,,,,
6.20355,2.50E-06,-0.000595784,,,,,,,,,,,,,,
6.20365,2.54E-06,-0.00073884,,,,,,,,,,,,,,
6.20375,2.56E-06,-0.000722022,,,,,,,,,,,,,,
6.20385,2.58E-06,-0.000774938,,,,,,,,,,,,,,
6.20395,2.58E-06,-0.000941075,,,,,,,,,,,,,,
6.20405,7.10E-06,-7.949342251,,,,,,,,,,,,,,
6.20415,1.79E-06,-9.994595528,,,,,,,,,,,,,,
6.20425,5.19E-07,-9.995054245,,,,,,,,,,,,,,
6.20435,2.31E-07,-9.994984627,,,,,,,,,,,,,,
6.20445,1.36E-07,-9.994981766,,,,,,,,,,,,,,
6.20455,9.34E-08,-9.995542526,,,,,,,,,,,,,,
6.20465,6.96E-08,-9.995306969,,,,,,,,,,,,,,
6.20475,5.49E-08,-9.995154381,,,,,,,,,,,,,,
6.20485,4.48E-08,-9.995203972,,,,,,,,,,,,,,
6.20495,3.75E-08,-9.995310783,,,,,,,,,,,,,,
6.20505,-6.20E-06,-2.056846857,,,,,,,,,,,,,,
6.20515,-9.20E-08,-0.001938598,,,,,,,,,,,,,,
6.20525,1.79E-06,-0.001470446,,,,,,,,,,,,,,
6.20535,2.26E-06,-0.001325912,,,,,,,,,,,,,,
6.20545,2.43E-06,-0.001154428,,,,,,,,,,,,,,
6.20555,2.50E-06,-0.001408945,,,,,,,,,,,,,,
6.20565,2.54E-06,-0.001198759,,,,,,,,,,,,,,
6.20575,2.57E-06,-0.00109349,,,,,,,,,,,,,,
6.20585,2.58E-06,-0.001006023,,,,,,,,,,,,,,
6.20595,2.59E-06,-0.000963592,,,,,,,,,,,,,,
6.20605,7.10E-06,-7.92954731,,,,,,,,,,,,,,
6.20615,1.79E-06,-9.9945755,,,,,,,,,,,,,,
6.20625,5.20E-07,-9.995347023,,,,,,,,,,,,,,
6.20635,2.31E-07,-9.995401382,,,,,,,,,,,,,,
6.20645,1.36E-07,-9.995412827,,,,,,,,,,,,,,
6.20655,9.34E-08,-9.995452881,,,,,,,,,,,,,,
6.20665,6.94E-08,-9.995648384,,,,,,,,,,,,,,
6.20675,5.48E-08,-9.995558739,,,,,,,,,,,,,,
6.20685,4.51E-08,-9.995616913,,,,,,,,,,,,,,
6.20695,3.75E-08,-9.995465279,,,,,,,,,,,,,,
6.20705,-6.20E-06,-2.077027321,,,,,,,,,,,,,,
6.20715,-9.82E-08,-0.002257571,,,,,,,,,,,,,,
6.20725,1.79E-06,-0.00162075,,,,,,,,,,,,,,
6.20735,2.27E-06,-0.001498311,,,,,,,,,,,,,,
6.20745,2.43E-06,-0.001429703,,,,,,,,,,,,,,
6.20755,2.51E-06,-0.001282988,,,,,,,,,,,,,,
6.20765,2.55E-06,-0.001236968,,,,,,,,,,,,,,
6.20775,2.57E-06,-0.001238586,,,,,,,,,,,,,,
6.20785,2.59E-06,-0.001258008,,,,,,,,,,,,,,
6.20795,2.59E-06,-0.001367428,,,,,,,,,,,,,,
6.20805,7.10E-06,-7.909492493,,,,,,,,,,,,,,
6.20815,1.80E-06,-9.994632721,,,,,,,,,,,,,,
6.20825,5.21E-07,-9.994677544,,,,,,,,,,,,,,
6.20835,2.31E-07,-9.995037079,,,,,,,,,,,,,,
6.20845,1.36E-07,-9.995306015,,,,,,,,,,,,,,
6.20855,9.35E-08,-9.995596886,,,,,,,,,,,,,,
6.20865,6.97E-08,-9.995595932,,,,,,,,,,,,,,
6.20875,5.45E-08,-9.995666504,,,,,,,,,,,,,,
6.20885,4.46E-08,-9.995676041,,,,,,,,,,,,,,
6.20895,3.72E-08,-9.995903015,,,,,,,,,,,,,,
6.20905,-6.19E-06,-2.097719908,,,,,,,,,,,,,,
6.20915,-9.92E-08,-0.002537914,,,,,,,,,,,,,,
6.20925,1.80E-06,-0.00206744,,,,,,,,,,,,,,
6.20935,2.27E-06,-0.002223373,,,,,,,,,,,,,,
6.20945,2.44E-06,-0.001653752,,,,,,,,,,,,,,
6.20955,2.51E-06,-0.001751632,,,,,,,,,,,,,,
6.20965,2.55E-06,-0.001856057,,,,,,,,,,,,,,
6.20975,2.58E-06,-0.001863094,,,,,,,,,,,,,,
6.20985,2.59E-06,-0.001758951,,,,,,,,,,,,,,
6.20995,2.60E-06,-0.001518858,,,,,,,,,,,,,,
6.21005,7.10E-06,-7.889770508,,,,,,,,,,,,,,
6.21015,1.80E-06,-9.994800568,,,,,,,,,,,,,,
6.21025,5.22E-07,-9.995250702,,,,,,,,,,,,,,
6.21035,2.32E-07,-9.99535656,,,,,,,,,,,,,,
6.21045,1.36E-07,-9.995444298,,,,,,,,,,,,,,
6.21055,9.36E-08,-9.995500565,,,,,,,,,,,,,,
6.21065,6.98E-08,-9.995702744,,,,,,,,,,,,,,
6.21075,5.51E-08,-9.995499611,,,,,,,,,,,,,,
6.21085,4.46E-08,-9.995484352,,,,,,,,,,,,,,
6.21095,3.70E-08,-9.995308876,,,,,,,,,,,,,,
6.21105,-6.18E-06,-2.11741972,,,,,,,,,,,,,,
6.21115,-1.03E-07,-0.002391691,,,,,,,,,,,,,,
6.21125,1.80E-06,-0.002014805,,,,,,,,,,,,,,
6.21135,2.28E-06,-0.001535254,,,,,,,,,,,,,,
6.21145,2.45E-06,-0.001414152,,,,,,,,,,,,,,
6.21155,2.52E-06,-0.001435051,,,,,,,,,,,,,,
6.21165,2.56E-06,-0.00131029,,,,,,,,,,,,,,
6.21175,2.58E-06,-0.001384387,,,,,,,,,,,,,,
6.21185,2.60E-06,-0.000994905,,,,,,,,,,,,,,
6.21195,2.60E-06,-0.001588522,,,,,,,,,,,,,,
6.21205,7.10E-06,-7.869670391,,,,,,,,,,,,,,
6.21215,1.81E-06,-9.994549751,,,,,,,,,,,,,,
6.21225,5.23E-07,-9.994854927,,,,,,,,,,,,,,
6.21235,2.32E-07,-9.995247841,,,,,,,,,,,,,,
6.21245,1.36E-07,-9.995317459,,,,,,,,,,,,,,
6.21255,9.36E-08,-9.995464325,,,,,,,,,,,,,,
6.21265,6.98E-08,-9.995256424,,,,,,,,,,,,,,
6.21275,5.48E-08,-9.995531082,,,,,,,,,,,,,,
6.21285,4.49E-08,-9.995661736,,,,,,,,,,,,,,
6.21295,3.77E-08,-9.995615005,,,,,,,,,,,,,,
6.21305,-6.18E-06,-2.137243986,,,,,,,,,,,,,,
6.21315,-1.05E-07,-0.002306899,,,,,,,,,,,,,,
6.21325,1.81E-06,-0.00194472,,,,,,,,,,,,,,
6.21335,2.28E-06,-0.001609491,,,,,,,,,,,,,,
6.21345,2.45E-06,-0.001450884,,,,,,,,,,,,,,
6.21355,2.53E-06,-0.001450813,,,,,,,,,,,,,,
6.21365,2.57E-06,-0.001147743,,,,,,,,,,,,,,
6.21375,2.59E-06,-0.001272081,,,,,,,,,,,,,,
6.21385,2.60E-06,-0.001119244,,,,,,,,,,,,,,
6.21395,2.61E-06,-0.000961692,,,,,,,,,,,,,,
6.21405,7.10E-06,-7.849340439,,,,,,,,,,,,,,
6.21415,1.81E-06,-9.99461937,,,,,,,,,,,,,,
6.21425,5.24E-07,-9.99521637,,,,,,,,,,,,,,
6.21435,2.32E-07,-9.995513916,,,,,,,,,,,,,,
6.21445,1.36E-07,-9.995411873,,,,,,,,,,,,,,
6.21455,9.37E-08,-9.995650291,,,,,,,,,,,,,,
6.21465,6.96E-08,-9.995660782,,,,,,,,,,,,,,
6.21475,5.47E-08,-9.995794296,,,,,,,,,,,,,,
6.21485,4.45E-08,-9.995722771,,,,,,,,,,,,,,
6.21495,3.75E-08,-9.995901108,,,,,,,,,,,,,,
6.21505,-6.17E-06,-2.157450676,,,,,,,,,,,,,,
6.21515,-1.10E-07,-0.002269463,,,,,,,,,,,,,,
6.21525,1.81E-06,-0.002108182,,,,,,,,,,,,,,
6.21535,2.29E-06,-0.001759232,,,,,,,,,,,,,,
6.21545,2.46E-06,-0.001657904,,,,,,,,,,,,,,
6.21555,2.53E-06,-0.001581696,,,,,,,,,,,,,,
6.21565,2.57E-06,-0.001367991,,,,,,,,,,,,,,
6.21575,2.60E-06,-0.001184193,,,,,,,,,,,,,,
6.21585,2.61E-06,-0.001190667,,,,,,,,,,,,,,
6.21595,2.62E-06,-0.001285662,,,,,,,,,,,,,,
6.21605,7.10E-06,-7.829474926,,,,,,,,,,,,,,
6.21615,1.82E-06,-9.994755745,,,,,,,,,,,,,,
6.21625,5.25E-07,-9.994969368,,,,,,,,,,,,,,
6.21635,2.33E-07,-9.995537758,,,,,,,,,,,,,,
6.21645,1.36E-07,-9.995411873,,,,,,,,,,,,,,
6.21655,9.36E-08,-9.99561882,,,,,,,,,,,,,,
6.21665,7.00E-08,-9.99603653,,,,,,,,,,,,,,
6.21675,5.49E-08,-9.995614052,,,,,,,,,,,,,,
6.21685,4.49E-08,-9.995520592,,,,,,,,,,,,,,
6.21695,3.76E-08,-9.995499611,,,,,,,,,,,,,,
6.21705,-6.16E-06,-2.177207708,,,,,,,,,,,,,,
6.21715,-1.13E-07,-0.002049566,,,,,,,,,,,,,,
6.21725,1.81E-06,-0.001663955,,,,,,,,,,,,,,
6.21735,2.29E-06,-0.001402823,,,,,,,,,,,,,,
6.21745,2.46E-06,-0.001208962,,,,,,,,,,,,,,
6.21755,2.54E-06,-0.000971614,,,,,,,,,,,,,,
6.21765,2.58E-06,-0.00136588,,,,,,,,,,,,,,
6.21775,2.60E-06,-0.001335623,,,,,,,,,,,,,,
6.21785,2.62E-06,-0.001338156,,,,,,,,,,,,,,
6.21795,2.62E-06,-0.001269407,,,,,,,,,,,,,,
6.21805,7.10E-06,-7.809706211,,,,,,,,,,,,,,
6.21815,1.82E-06,-9.9946661,,,,,,,,,,,,,,
6.21825,5.26E-07,-9.995116234,,,,,,,,,,,,,,
6.21835,2.33E-07,-9.99525547,,,,,,,,,,,,,,
6.21845,1.37E-07,-9.9953022,,,,,,,,,,,,,,
6.21855,9.39E-08,-9.99574852,,,,,,,,,,,,,,
6.21865,6.99E-08,-9.995861053,,,,,,,,,,,,,,
6.21875,5.52E-08,-9.995797157,,,,,,,,,,,,,,
6.21885,4.48E-08,-9.995820045,,,,,,,,,,,,,,
6.21895,3.77E-08,-9.995783806,,,,,,,,,,,,,,
6.21905,-6.16E-06,-2.197105646,,,,,,,,,,,,,,
6.21915,-1.16E-07,-0.002375718,,,,,,,,,,,,,,
6.21925,1.82E-06,-0.002119019,,,,,,,,,,,,,,
6.21935,2.30E-06,-0.001745018,,,,,,,,,,,,,,
6.21945,2.47E-06,-0.001490782,,,,,,,,,,,,,,
6.21955,2.55E-06,-0.001344981,,,,,,,,,,,,,,
6.21965,2.59E-06,-0.001610476,,,,,,,,,,,,,,
6.21975,2.61E-06,-0.001195592,,,,,,,,,,,,,,
6.21985,2.62E-06,-0.001192215,,,,,,,,,,,,,,
6.21995,2.63E-06,-0.001135288,,,,,,,,,,,,,,
6.22005,7.10E-06,-7.789637089,,,,,,,,,,,,,,
6.22015,1.83E-06,-9.994662285,,,,,,,,,,,,,,
6.22025,5.27E-07,-9.995165825,,,,,,,,,,,,,,
6.22035,2.33E-07,-9.995337486,,,,,,,,,,,,,,
6.22045,1.37E-07,-9.995351791,,,,,,,,,,,,,,
6.22055,9.38E-08,-9.995774269,,,,,,,,,,,,,,
6.22065,6.99E-08,-9.995742798,,,,,,,,,,,,,,
6.22075,5.50E-08,-9.995848656,,,,,,,,,,,,,,
6.22085,4.43E-08,-9.995876312,,,,,,,,,,,,,,
6.22095,3.74E-08,-9.99611187,,,,,,,,,,,,,,
6.22105,-6.15E-06,-2.217305183,,,,,,,,,,,,,,
6.22115,-1.19E-07,-0.002100653,,,,,,,,,,,,,,
6.22125,1.82E-06,-0.001886596,,,,,,,,,,,,,,
6.22135,2.30E-06,-0.001759936,,,,,,,,,,,,,,
6.22145,2.47E-06,-0.001636301,,,,,,,,,,,,,,
6.22155,2.55E-06,-0.001365106,,,,,,,,,,,,,,
6.22165,2.59E-06,-0.001193903,,,,,,,,,,,,,,
6.22175,2.62E-06,-0.001346389,,,,,,,,,,,,,,
6.22185,2.63E-06,-0.001241894,,,,,,,,,,,,,,
6.22195,2.63E-06,-0.001252519,,,,,,,,,,,,,,
6.22205,7.10E-06,-7.76939249,,,,,,,,,,,,,,
6.22215,1.84E-06,-9.994451523,,,,,,,,,,,,,,
6.22225,5.28E-07,-9.994914055,,,,,,,,,,,,,,
6.22235,2.34E-07,-9.9953022,,,,,,,,,,,,,,
6.22245,1.37E-07,-9.995464325,,,,,,,,,,,,,,
6.22255,9.39E-08,-9.995531082,,,,,,,,,,,,,,
6.22265,7.02E-08,-9.995930672,,,,,,,,,,,,,,
6.22275,5.49E-08,-9.995529175,,,,,,,,,,,,,,
6.22285,4.50E-08,-9.995516777,,,,,,,,,,,,,,
6.22295,3.79E-08,-9.995593071,,,,,,,,,,,,,,
6.22305,-6.14E-06,-2.237445116,,,,,,,,,,,,,,
6.22315,-1.22E-07,-0.002288814,,,,,,,,,,,,,,
6.22325,1.82E-06,-0.002199167,,,,,,,,,,,,,,
6.22335,2.31E-06,-0.001639397,,,,,,,,,,,,,,
6.22345,2.48E-06,-0.001700546,,,,,,,,,,,,,,
6.22355,2.56E-06,-0.001375873,,,,,,,,,,,,,,
6.22365,2.60E-06,-0.001281792,,,,,,,,,,,,,,
6.22375,2.62E-06,-0.001120862,,,,,,,,,,,,,,
6.22385,2.63E-06,-0.001117837,,,,,,,,,,,,,,
6.22395,2.64E-06,-0.001150628,,,,,,,,,,,,,,
6.22405,7.10E-06,-7.749825954,,,,,,,,,,,,,,
6.22415,1.84E-06,-9.995006561,,,,,,,,,,,,,,
6.22425,5.29E-07,-9.995365143,,,,,,,,,,,,,,
6.22435,2.34E-07,-9.995410919,,,,,,,,,,,,,,
6.22445,1.37E-07,-9.99570179,,,,,,,,,,,,,,
6.22455,9.40E-08,-9.99566555,,,,,,,,,,,,,,
6.22465,7.04E-08,-9.995695114,,,,,,,,,,,,,,
6.22475,5.50E-08,-9.995494843,,,,,,,,,,,,,,
6.22485,4.48E-08,-9.995667458,,,,,,,,,,,,,,
6.22495,3.74E-08,-9.995548248,,,,,,,,,,,,,,
6.22505,-6.14E-06,-2.257330656,,,,,,,,,,,,,,
6.22515,-1.26E-07,-0.001997847,,,,,,,,,,,,,,
6.22525,1.83E-06,-0.001786183,,,,,,,,,,,,,,
6.22535,2.31E-06,-0.001556997,,,,,,,,,,,,,,
6.22545,2.48E-06,-0.001061191,,,,,,,,,,,,,,
6.22555,2.56E-06,-0.001178352,,,,,,,,,,,,,,
6.22565,2.60E-06,-0.001069776,,,,,,,,,,,,,,
6.22575,2.63E-06,-0.000972951,,,,,,,,,,,,,,
6.22585,2.64E-06,-0.0009479,,,,,,,,,,,,,,
6.22595,2.65E-06,-0.000972881,,,,,,,,,,,,,,
6.22605,7.09E-06,-7.729557037,,,,,,,,,,,,,,
6.22615,1.85E-06,-9.994515419,,,,,,,,,,,,,,
6.22625,5.30E-07,-9.994830132,,,,,,,,,,,,,,
6.22635,2.34E-07,-9.995172501,,,,,,,,,,,,,,
6.22645,1.37E-07,-9.99545002,,,,,,,,,,,,,,
6.22655,9.35E-08,-9.995587349,,,,,,,,,,,,,,
6.22665,7.01E-08,-9.995734215,,,,,,,,,,,,,,
6.22675,5.50E-08,-9.995859146,,,,,,,,,,,,,,
6.22685,4.44E-08,-9.99582386,,,,,,,,,,,,,,
6.22695,3.71E-08,-9.996038437,,,,,,,,,,,,,,
6.22705,-6.13E-06,-2.277382135,,,,,,,,,,,,,,
6.22715,-1.30E-07,-0.002664082,,,,,,,,,,,,,,
6.22725,1.83E-06,-0.002147447,,,,,,,,,,,,,,
6.22735,2.32E-06,-0.001894829,,,,,,,,,,,,,,
6.22745,2.49E-06,-0.001483604,,,,,,,,,,,,,,
6.22755,2.57E-06,-0.001294528,,,,,,,,,,,,,,
6.22765,2.61E-06,-0.001576207,,,,,,,,,,,,,,
6.22775,2.63E-06,-0.001493174,,,,,,,,,,,,,,
6.22785,2.64E-06,-0.001592955,,,,,,,,,,,,,,
6.22795,2.65E-06,-0.001483745,,,,,,,,,,,,,,
6.22805,7.09E-06,-7.709392071,,,,,,,,,,,,,,
6.22815,1.85E-06,-9.994744301,,,,,,,,,,,,,,
6.22825,5.31E-07,-9.995096207,,,,,,,,,,,,,,
6.22835,2.34E-07,-9.995286942,,,,,,,,,,,,,,
6.22845,1.37E-07,-9.995476723,,,,,,,,,,,,,,
6.22855,9.41E-08,-9.995705605,,,,,,,,,,,,,,
6.22865,7.03E-08,-9.995584488,,,,,,,,,,,,,,
6.22875,5.53E-08,-9.995425224,,,,,,,,,,,,,,
6.22885,4.49E-08,-9.995570183,,,,,,,,,,,,,,
6.22895,3.71E-08,-9.995407104,,,,,,,,,,,,,,
6.22905,-6.12E-06,-2.297324181,,,,,,,,,,,,,,
6.22915,-1.33E-07,-0.002384302,,,,,,,,,,,,,,
6.22925,1.83E-06,-0.001875619,,,,,,,,,,,,,,
6.22935,2.32E-06,-0.001817285,,,,,,,,,,,,,,
6.22945,2.49E-06,-0.001706598,,,,,,,,,,,,,,
6.22955,2.57E-06,-0.001475864,,,,,,,,,,,,,,
6.22965,2.61E-06,-0.001262793,,,,,,,,,,,,,,
6.22975,2.64E-06,-0.001208258,,,,,,,,,,,,,,
6.22985,2.65E-06,-0.00123542,,,,,,,,,,,,,,
6.22995,2.66E-06,-0.001382206,,,,,,,,,,,,,,
6.23005,7.09E-06,-7.689396858,,,,,,,,,,,,,,
6.23015,1.86E-06,-9.994625092,,,,,,,,,,,,,,
6.23025,5.32E-07,-9.994897842,,,,,,,,,,,,,,
6.23035,2.35E-07,-9.994978905,,,,,,,,,,,,,,
6.23045,1.37E-07,-9.995183945,,,,,,,,,,,,,,
6.23055,9.40E-08,-9.995355606,,,,,,,,,,,,,,
6.23065,7.03E-08,-9.995404243,,,,,,,,,,,,,,
6.23075,5.52E-08,-9.995566368,,,,,,,,,,,,,,
6.23085,4.48E-08,-9.996032715,,,,,,,,,,,,,,
6.23095,3.73E-08,-9.996147156,,,,,,,,,,,,,,
6.23105,-6.12E-06,-2.317507267,,,,,,,,,,,,,,
6.23115,-1.38E-07,-0.002312528,,,,,,,,,,,,,,
6.23125,1.84E-06,-0.00209439,,,,,,,,,,,,,,
6.23135,2.33E-06,-0.001808208,,,,,,,,,,,,,,
6.23145,2.50E-06,-0.001484519,,,,,,,,,,,,,,
6.23155,2.58E-06,-0.001374254,,,,,,,,,,,,,,
6.23165,2.62E-06,-0.00116646,,,,,,,,,,,,,,
6.23175,2.64E-06,-0.001099612,,,,,,,,,,,,,,
6.23185,2.66E-06,-0.001296639,,,,,,,,,,,,,,
6.23195,2.66E-06,-0.001107915,,,,,,,,,,,,,,
6.23205,7.09E-06,-7.669446945,,,,,,,,,,,,,,
6.23215,1.86E-06,-9.994407654,,,,,,,,,,,,,,
6.23225,5.33E-07,-9.994930267,,,,,,,,,,,,,,
6.23235,2.35E-07,-9.995366096,,,,,,,,,,,,,,
6.23245,1.38E-07,-9.995275497,,,,,,,,,,,,,,
6.23255,9.41E-08,-9.995281219,,,,,,,,,,,,,,
6.23265,7.02E-08,-9.995304108,,,,,,,,,,,,,,
6.23275,5.54E-08,-9.995108604,,,,,,,,,,,,,,
6.23285,4.49E-08,-9.995236397,,,,,,,,,,,,,,
6.23295,3.71E-08,-9.99508667,,,,,,,,,,,,,,
6.23305,-6.11E-06,-2.336863041,,,,,,,,,,,,,,
6.23315,-1.42E-07,-0.001845854,,,,,,,,,,,,,,
6.23325,1.84E-06,-0.001388327,,,,,,,,,,,,,,
6.23335,2.33E-06,-0.000970277,,,,,,,,,,,,,,
6.23345,2.51E-06,-0.001078572,,,,,,,,,,,,,,
6.23355,2.58E-06,-0.001290306,,,,,,,,,,,,,,
6.23365,2.62E-06,-0.001099893,,,,,,,,,,,,,,
6.23375,2.65E-06,-0.001002505,,,,,,,,,,,,,,
6.23385,2.66E-06,-0.000887103,,,,,,,,,,,,,,
6.23395,2.67E-06,-0.000925312,,,,,,,,,,,,,,
6.23405,7.09E-06,-7.649015427,,,,,,,,,,,,,,
6.23415,1.87E-06,-9.993928909,,,,,,,,,,,,,,
6.23425,5.34E-07,-9.994589806,,,,,,,,,,,,,,
6.23435,2.35E-07,-9.99474144,,,,,,,,,,,,,,
6.23445,1.38E-07,-9.994916916,,,,,,,,,,,,,,
6.23455,9.42E-08,-9.995247841,,,,,,,,,,,,,,
6.23465,7.04E-08,-9.995318413,,,,,,,,,,,,,,
6.23475,5.54E-08,-9.995528221,,,,,,,,,,,,,,
6.23485,4.50E-08,-9.995414734,,,,,,,,,,,,,,
6.23495,3.72E-08,-9.995645523,,,,,,,,,,,,,,
6.23505,-6.11E-06,-2.357270002,,,,,,,,,,,,,,
6.23515,-1.45E-07,-0.002335819,,,,,,,,,,,,,,
6.23525,1.84E-06,-0.002005165,,,,,,,,,,,,,,
6.23535,2.34E-06,-0.001487545,,,,,,,,,,,,,,
6.23545,2.51E-06,-0.001198759,,,,,,,,,,,,,,
6.23555,2.59E-06,-0.001525895,,,,,,,,,,,,,,
6.23565,2.63E-06,-0.001667333,,,,,,,,,,,,,,
6.23575,2.65E-06,-0.001615965,,,,,,,,,,,,,,
6.23585,2.67E-06,-0.001517521,,,,,,,,,,,,,,
6.23595,2.67E-06,-0.001332456,,,,,,,,,,,,,,
6.23605,7.09E-06,-7.629261017,,,,,,,,,,,,,,
6.23615,1.88E-06,-9.994072914,,,,,,,,,,,,,,
6.23625,5.35E-07,-9.994596481,,,,,,,,,,,,,,
6.23635,2.36E-07,-9.995266914,,,,,,,,,,,,,,
6.23645,1.38E-07,-9.995074272,,,,,,,,,,,,,,
6.23655,9.46E-08,-9.995030403,,,,,,,,,,,,,,
6.23665,7.03E-08,-9.994969368,,,,,,,,,,,,,,
6.23675,5.54E-08,-9.995062828,,,,,,,,,,,,,,
6.23685,4.48E-08,-9.995256424,,,,,,,,,,,,,,
6.23695,3.74E-08,-9.995269775,,,,,,,,,,,,,,
6.23705,-6.10E-06,-2.377081633,,,,,,,,,,,,,,
6.23715,-1.49E-07,-0.002164265,,,,,,,,,,,,,,
6.23725,1.85E-06,-0.00171659,,,,,,,,,,,,,,
6.23735,2.34E-06,-0.001395294,,,,,,,,,,,,,,
6.23745,2.52E-06,-0.001142465,,,,,,,,,,,,,,
6.23755,2.59E-06,-0.001263567,,,,,,,,,,,,,,
6.23765,2.64E-06,-0.001432166,,,,,,,,,,,,,,
6.23775,2.66E-06,-0.001494019,,,,,,,,,,,,,,
6.23785,2.67E-06,-0.001362292,,,,,,,,,,,,,,
6.23795,2.68E-06,-0.001391635,,,,,,,,,,,,,,
6.23805,7.09E-06,-7.609988213,,,,,,,,,,,,,,
6.23815,1.88E-06,-9.994693756,,,,,,,,,,,,,,
6.23825,5.36E-07,-9.994803429,,,,,,,,,,,,,,
6.23835,2.36E-07,-9.995024681,,,,,,,,,,,,,,
6.23845,1.38E-07,-9.995277405,,,,,,,,,,,,,,
6.23855,9.44E-08,-9.995297432,,,,,,,,,,,,,,
6.23865,7.01E-08,-9.995412827,,,,,,,,,,,,,,
6.23875,5.51E-08,-9.995265007,,,,,,,,,,,,,,
6.23885,4.49E-08,-9.995562553,,,,,,,,,,,,,,
6.23895,3.77E-08,-9.995582581,,,,,,,,,,,,,,
6.23905,-6.09E-06,-2.397094727,,,,,,,,,,,,,,
6.23915,-1.53E-07,-0.002117259,,,,,,,,,,,,,,
6.23925,1.85E-06,-0.001675847,,,,,,,,,,,,,,
6.23935,2.35E-06,-0.00163032,,,,,,,,,,,,,,
6.23945,2.52E-06,-0.001290306,,,,,,,,,,,,,,
6.23955,2.60E-06,-0.001274896,,,,,,,,,,,,,,
6.23965,2.64E-06,-0.001422948,,,,,,,,,,,,,,
6.23975,2.67E-06,-0.001051481,,,,,,,,,,,,,,
6.23985,2.68E-06,-0.000779371,,,,,,,,,,,,,,
6.23995,2.69E-06,-0.000742217,,,,,,,,,,,,,,
6.24005,7.09E-06,-7.589214802,,,,,,,,,,,,,,
6.24015,1.89E-06,-9.99467659,,,,,,,,,,,,,,
6.24025,5.38E-07,-9.994989395,,,,,,,,,,,,,,
6.24035,2.36E-07,-9.995398521,,,,,,,,,,,,,,
6.24045,1.37E-07,-9.995427132,,,,,,,,,,,,,,
6.24055,9.45E-08,-9.995533943,,,,,,,,,,,,,,
6.24065,7.05E-08,-9.995582581,,,,,,,,,,,,,,
6.24075,5.54E-08,-9.995609283,,,,,,,,,,,,,,
6.24085,4.49E-08,-9.995160103,,,,,,,,,,,,,,
6.24095,3.77E-08,-9.995262146,,,,,,,,,,,,,,
6.24105,-6.08E-06,-2.417028904,,,,,,,,,,,,,,
6.24115,-1.56E-07,-0.002020223,,,,,,,,,,,,,,
6.24125,1.86E-06,-0.001863586,,,,,,,,,,,,,,
6.24135,2.35E-06,-0.001512385,,,,,,,,,,,,,,
6.24145,2.53E-06,-0.001570437,,,,,,,,,,,,,,
6.24155,2.61E-06,-0.001181941,,,,,,,,,,,,,,
6.24165,2.65E-06,-0.001223176,,,,,,,,,,,,,,
6.24175,2.67E-06,-0.001059714,,,,,,,,,,,,,,
6.24185,2.69E-06,-0.000836791,,,,,,,,,,,,,,
6.24195,2.69E-06,-0.000768605,,,,,,,,,,,,,,
6.24205,7.09E-06,-7.569254875,,,,,,,,,,,,,,
6.24215,1.89E-06,-9.994329453,,,,,,,,,,,,,,
6.24225,5.39E-07,-9.994943619,,,,,,,,,,,,,,
6.24235,2.37E-07,-9.99529171,,,,,,,,,,,,,,
6.24245,1.38E-07,-9.995384216,,,,,,,,,,,,,,
6.24255,9.45E-08,-9.995433807,,,,,,,,,,,,,,
6.24265,7.08E-08,-9.995453835,,,,,,,,,,,,,,
6.24275,5.56E-08,-9.995516777,,,,,,,,,,,,,,
6.24285,4.49E-08,-9.99578476,,,,,,,,,,,,,,
6.24295,3.77E-08,-9.995952606,,,,,,,,,,,,,,
6.24305,-6.08E-06,-2.437367916,,,,,,,,,,,,,,
6.24315,-1.60E-07,-0.002334412,,,,,,,,,,,,,,
6.24325,1.86E-06,-0.001973359,,,,,,,,,,,,,,
6.24335,2.36E-06,-0.00193332,,,,,,,,,,,,,,
6.24345,2.53E-06,-0.001693157,,,,,,,,,,,,,,
6.24355,2.61E-06,-0.00161118,,,,,,,,,,,,,,
6.24365,2.65E-06,-0.001402753,,,,,,,,,,,,,,
6.24375,2.68E-06,-0.001189189,,,,,,,,,,,,,,
6.24385,2.69E-06,-0.001110167,,,,,,,,,,,,,,
6.24395,2.70E-06,-0.001291221,,,,,,,,,,,,,,
6.24405,7.09E-06,-7.549731255,,,,,,,,,,,,,,
6.24415,1.90E-06,-9.994563103,,,,,,,,,,,,,,
6.24425,5.39E-07,-9.995114326,,,,,,,,,,,,,,
6.24435,2.37E-07,-9.995462418,,,,,,,,,,,,,,
6.24445,1.38E-07,-9.995844841,,,,,,,,,,,,,,
6.24455,9.44E-08,-9.995734215,,,,,,,,,,,,,,
6.24465,7.03E-08,-9.995658875,,,,,,,,,,,,,,
6.24475,5.53E-08,-9.995454788,,,,,,,,,,,,,,
6.24485,4.45E-08,-9.995627403,,,,,,,,,,,,,,
6.24495,3.75E-08,-9.99592495,,,,,,,,,,,,,,
6.24505,-6.07E-06,-2.457638264,,,,,,,,,,,,,,
6.24515,-1.66E-07,-0.002439892,,,,,,,,,,,,,,
6.24525,1.86E-06,-0.002213381,,,,,,,,,,,,,,
6.24535,2.36E-06,-0.001806237,,,,,,,,,,,,,,
6.24545,2.54E-06,-0.001527654,,,,,,,,,,,,,,
6.24555,2.62E-06,-0.001328867,,,,,,,,,,,,,,
6.24565,2.66E-06,-0.001158227,,,,,,,,,,,,,,
6.24575,2.68E-06,-0.001368554,,,,,,,,,,,,,,
6.24585,2.70E-06,-0.001196929,,,,,,,,,,,,,,
6.24595,2.70E-06,-0.001014467,,,,,,,,,,,,,,
6.24605,7.09E-06,-7.530172825,,,,,,,,,,,,,,
6.24615,1.91E-06,-9.99494648,,,,,,,,,,,,,,
6.24625,5.41E-07,-9.995275497,,,,,,,,,,,,,,
6.24635,2.37E-07,-9.995248795,,,,,,,,,,,,,,
6.24645,1.39E-07,-9.995388031,,,,,,,,,,,,,,
6.24655,9.49E-08,-9.995461464,,,,,,,,,,,,,,
6.24665,7.07E-08,-9.995518684,,,,,,,,,,,,,,
6.24675,5.56E-08,-9.995841026,,,,,,,,,,,,,,
6.24685,4.49E-08,-9.995639801,,,,,,,,,,,,,,
6.24695,3.74E-08,-9.995594025,,,,,,,,,,,,,,
6.24705,-6.07E-06,-2.476926327,,,,,,,,,,,,,,
6.24715,-1.68E-07,-0.002276993,,,,,,,,,,,,,,
6.24725,1.87E-06,-0.001572619,,,,,,,,,,,,,,
6.24735,2.37E-06,-0.001456232,,,,,,,,,,,,,,
6.24745,2.54E-06,-0.001403034,,,,,,,,,,,,,,
6.24755,2.62E-06,-0.001355959,,,,,,,,,,,,,,
6.24765,2.67E-06,-0.001421611,,,,,,,,,,,,,,
6.24775,2.69E-06,-0.001682039,,,,,,,,,,,,,,
6.24785,2.70E-06,-0.00147692,,,,,,,,,,,,,,
6.24795,2.71E-06,-0.001292699,,,,,,,,,,,,,,
6.24805,7.08E-06,-7.509997368,,,,,,,,,,,,,,
6.24815,1.91E-06,-9.99491024,,,,,,,,,,,,,,
6.24825,5.41E-07,-9.995299339,,,,,,,,,,,,,,
6.24835,2.37E-07,-9.995881081,,,,,,,,,,,,,,
6.24845,1.38E-07,-9.996003151,,,,,,,,,,,,,,
6.24855,9.46E-08,-9.996059418,,,,,,,,,,,,,,
6.24865,7.06E-08,-9.99622345,,,,,,,,,,,,,,
6.24875,5.55E-08,-9.996131897,,,,,,,,,,,,,,
6.24885,4.52E-08,-9.995909691,,,,,,,,,,,,,,
6.24895,3.77E-08,-9.995874405,,,,,,,,,,,,,,
6.24905,-6.06E-06,-2.49724412,,,,,,,,,,,,,,
6.24915,-1.73E-07,-0.002146954,,,,,,,,,,,,,,
6.24925,1.87E-06,-0.00191791,,,,,,,,,,,,,,
6.24935,2.37E-06,-0.002060473,,,,,,,,,,,,,,
6.24945,2.55E-06,-0.001872523,,,,,,,,,,,,,,
6.24955,2.63E-06,-0.001596966,,,,,,,,,,,,,,
6.24965,2.67E-06,-0.001632571,,,,,,,,,,,,,,
6.24975,2.70E-06,-0.001564034,,,,,,,,,,,,,,
6.24985,2.71E-06,-0.001505137,,,,,,,,,,,,,,
6.24995,2.72E-06,-0.00137355,,,,,,,,,,,,,,
6.25005,7.08E-06,-7.489866257,,,,,,,,,,,,,,
6.25015,1.92E-06,-9.994793892,,,,,,,,,,,,,,
6.25025,5.43E-07,-9.995150566,,,,,,,,,,,,,,
6.25035,2.38E-07,-9.995676041,,,,,,,,,,,,,,
6.25045,1.39E-07,-9.995853424,,,,,,,,,,,,,,
6.25055,9.48E-08,-9.995441437,,,,,,,,,,,,,,
6.25065,7.06E-08,-9.995568275,,,,,,,,,,,,,,
6.25075,5.57E-08,-9.995546341,,,,,,,,,,,,,,
6.25085,4.52E-08,-9.995566368,,,,,,,,,,,,,,
6.25095,3.77E-08,-9.995335579,,,,,,,,,,,,,,
6.25105,-6.05E-06,-2.516577482,,,,,,,,,,,,,,
6.25115,-1.77E-07,-0.001991232,,,,,,,,,,,,,,
6.25125,1.87E-06,-0.001667192,,,,,,,,,,,,,,
6.25135,2.38E-06,-0.001368414,,,,,,,,,,,,,,
6.25145,2.55E-06,-0.001569663,,,,,,,,,,,,,,
6.25155,2.63E-06,-0.001298539,,,,,,,,,,,,,,
6.25165,2.68E-06,-0.001033889,,,,,,,,,,,,,,
6.25175,2.70E-06,-0.001016579,,,,,,,,,,,,,,
6.25185,2.71E-06,-0.001587044,,,,,,,,,,,,,,
6.25195,2.72E-06,-0.001163857,,,,,,,,,,,,,,
6.25205,7.08E-06,-7.46975708,,,,,,,,,,,,,,
6.25215,1.92E-06,-9.994755745,,,,,,,,,,,,,,
6.25225,5.44E-07,-9.99507618,,,,,,,,,,,,,,
6.25235,2.38E-07,-9.995832443,,,,,,,,,,,,,,
6.25245,1.39E-07,-9.995932579,,,,,,,,,,,,,,
6.25255,9.50E-08,-9.995741844,,,,,,,,,,,,,,
6.25265,7.05E-08,-9.995891571,,,,,,,,,,,,,,
6.25275,5.55E-08,-9.995956421,,,,,,,,,,,,,,
6.25285,4.51E-08,-9.996006966,,,,,,,,,,,,,,
6.25295,3.76E-08,-9.995667458,,,,,,,,,,,,,,
6.25305,-6.04E-06,-2.53687501,,,,,,,,,,,,,,
6.25315,-1.82E-07,-0.00202346,,,,,,,,,,,,,,
6.25325,1.87E-06,-0.001545668,,,,,,,,,,,,,,
6.25335,2.38E-06,-0.001660085,,,,,,,,,,,,,,
6.25345,2.56E-06,-0.001476638,,,,,,,,,,,,,,
6.25355,2.64E-06,-0.001248508,,,,,,,,,,,,,,
6.25365,2.68E-06,-0.000969855,,,,,,,,,,,,,,
6.25375,2.70E-06,-0.001201081,,,,,,,,,,,,,,
6.25385,2.72E-06,-0.001481071,,,,,,,,,,,,,,
6.25395,2.72E-06,-0.001408171,,,,,,,,,,,,,,
6.25405,7.08E-06,-7.449903965,,,,,,,,,,,,,,
6.25415,1.93E-06,-9.994867325,,,,,,,,,,,,,,
6.25425,5.45E-07,-9.99512291,,,,,,,,,,,,,,
6.25435,2.38E-07,-9.995392799,,,,,,,,,,,,,,
6.25445,1.39E-07,-9.995594025,,,,,,,,,,,,,,
6.25455,9.49E-08,-9.995221138,,,,,,,,,,,,,,
6.25465,7.08E-08,-9.995434761,,,,,,,,,,,,,,
6.25475,5.53E-08,-9.995678902,,,,,,,,,,,,,,
6.25485,4.51E-08,-9.995667458,,,,,,,,,,,,,,
6.25495,3.75E-08,-9.995516777,,,,,,,,,,,,,,
6.25505,-6.04E-06,-2.556894064,,,,,,,,,,,,,,
6.25515,-1.86E-07,-0.002391128,,,,,,,,,,,,,,
6.25525,1.88E-06,-0.002014383,,,,,,,,,,,,,,
6.25535,2.39E-06,-0.001754518,,,,,,,,,,,,,,
6.25545,2.56E-06,-0.001502041,,,,,,,,,,,,,,
6.25555,2.64E-06,-0.001205866,,,,,,,,,,,,,,
6.25565,2.69E-06,-0.001278062,,,,,,,,,,,,,,
6.25575,2.71E-06,-0.001256671,,,,,,,,,,,,,,
6.25585,2.72E-06,-0.001315005,,,,,,,,,,,,,,
6.25595,2.73E-06,-0.001224372,,,,,,,,,,,,,,
6.25605,7.08E-06,-7.429791451,,,,,,,,,,,,,,
6.25615,1.94E-06,-9.994875908,,,,,,,,,,,,,,
6.25625,5.46E-07,-9.99534893,,,,,,,,,,,,,,
6.25635,2.38E-07,-9.995167732,,,,,,,,,,,,,,
6.25645,1.38E-07,-9.995405197,,,,,,,,,,,,,,
6.25655,9.47E-08,-9.995483398,,,,,,,,,,,,,,
6.25665,7.04E-08,-9.995466232,,,,,,,,,,,,,,
6.25675,5.50E-08,-9.995369911,,,,,,,,,,,,,,
6.25685,4.49E-08,-9.995602608,,,,,,,,,,,,,,
6.25695,3.74E-08,-9.995669365,,,,,,,,,,,,,,
6.25705,-6.03E-06,-2.577051401,,,,,,,,,,,,,,
6.25715,-1.91E-07,-0.00221134,,,,,,,,,,,,,,
6.25725,1.88E-06,-0.001692806,,,,,,,,,,,,,,
6.25735,2.39E-06,-0.001321268,,,,,,,,,,,,,,
6.25745,2.57E-06,-0.001205514,,,,,,,,,,,,,,
6.25755,2.65E-06,-0.001251604,,,,,,,,,,,,,,
6.25765,2.69E-06,-0.001299806,,,,,,,,,,,,,,
6.25775,2.72E-06,-0.001417389,,,,,,,,,,,,,,
6.25785,2.73E-06,-0.001149431,,,,,,,,,,,,,,
6.25795,2.74E-06,-0.001018971,,,,,,,,,,,,,,
6.25805,7.08E-06,-7.409779072,,,,,,,,,,,,,,
6.25815,1.94E-06,-9.995070457,,,,,,,,,,,,,,
6.25825,5.47E-07,-9.995253563,,,,,,,,,,,,,,
6.25835,2.38E-07,-9.995334625,,,,,,,,,,,,,,
6.25845,1.39E-07,-9.9956007,,,,,,,,,,,,,,
6.25855,9.49E-08,-9.995656967,,,,,,,,,,,,,,
6.25865,7.05E-08,-9.995725632,,,,,,,,,,,,,,
6.25875,5.55E-08,-9.995723724,,,,,,,,,,,,,,
6.25885,4.51E-08,-9.995836258,,,,,,,,,,,,,,
6.25895,3.76E-08,-9.995943069,,,,,,,,,,,,,,
6.25905,-6.02E-06,-2.596974134,,,,,,,,,,,,,,
6.25915,-1.96E-07,-0.002361433,,,,,,,,,,,,,,
6.25925,1.88E-06,-0.002055336,,,,,,,,,,,,,,
6.25935,2.39E-06,-0.001848106,,,,,,,,,,,,,,
6.25945,2.57E-06,-0.001701742,,,,,,,,,,,,,,
6.25955,2.65E-06,-0.001613643,,,,,,,,,,,,,,
6.25965,2.70E-06,-0.001572548,,,,,,,,,,,,,,
6.25975,2.72E-06,-0.001515832,,,,,,,,,,,,,,
6.25985,2.74E-06,-0.001031356,,,,,,,,,,,,,,
6.25995,2.74E-06,-0.001101652,,,,,,,,,,,,,,
6.26005,7.08E-06,-7.389536858,,,,,,,,,,,,,,
6.26015,1.95E-06,-9.994576454,,,,,,,,,,,,,,
6.26025,5.48E-07,-9.995308876,,,,,,,,,,,,,,
6.26035,2.39E-07,-9.995448112,,,,,,,,,,,,,,
6.26045,1.39E-07,-9.995564461,,,,,,,,,,,,,,
6.26055,9.50E-08,-9.995881081,,,,,,,,,,,,,,
6.26065,7.05E-08,-9.99591732,,,,,,,,,,,,,,
6.26075,5.50E-08,-9.995913506,,,,,,,,,,,,,,
6.26085,4.46E-08,-9.995682716,,,,,,,,,,,,,,
6.26095,3.70E-08,-9.995757103,,,,,,,,,,,,,,
6.26105,-6.02E-06,-2.616805315,,,,,,,,,,,,,,
6.26115,-2.01E-07,-0.002133092,,,,,,,,,,,,,,
6.26125,1.89E-06,-0.001569523,,,,,,,,,,,,,,
6.26135,2.40E-06,-0.001195522,,,,,,,,,,,,,,
6.26145,2.58E-06,-0.001043388,,,,,,,,,,,,,,
6.26155,2.66E-06,-0.001102215,,,,,,,,,,,,,,
6.26165,2.70E-06,-0.001139017,,,,,,,,,,,,,,
6.26175,2.73E-06,-0.000807237,,,,,,,,,,,,,,
6.26185,2.74E-06,-0.00103213,,,,,,,,,,,,,,
6.26195,2.75E-06,-0.001141972,,,,,,,,,,,,,,
6.26205,7.08E-06,-7.370145321,,,,,,,,,,,,,,
6.26215,1.96E-06,-9.995090485,,,,,,,,,,,,,,
6.26225,5.49E-07,-9.995469093,,,,,,,,,,,,,,
6.26235,2.39E-07,-9.995483398,,,,,,,,,,,,,,
6.26245,1.39E-07,-9.995582581,,,,,,,,,,,,,,
6.26255,9.49E-08,-9.9955616,,,,,,,,,,,,,,
6.26265,7.06E-08,-9.995637894,,,,,,,,,,,,,,
6.26275,5.55E-08,-9.995517731,,,,,,,,,,,,,,
6.26285,4.50E-08,-9.99563694,,,,,,,,,,,,,,
6.26295,3.73E-08,-9.995578766,,,,,,,,,,,,,,
6.26305,-6.01E-06,-2.636943817,,,,,,,,,,,,,,
6.26315,-2.04E-07,-0.002066173,,,,,,,,,,,,,,
6.26325,1.89E-06,-0.001931068,,,,,,,,,,,,,,
6.26335,2.41E-06,-0.001628068,,,,,,,,,,,,,,
6.26345,2.58E-06,-0.001722571,,,,,,,,,,,,,,
6.26355,2.66E-06,-0.001387765,,,,,,,,,,,,,,
6.26365,2.71E-06,-0.001151331,,,,,,,,,,,,,,
6.26375,2.73E-06,-0.001038603,,,,,,,,,,,,,,
6.26385,2.74E-06,-0.001063091,,,,,,,,,,,,,,
6.26395,2.75E-06,-0.001038955,,,,,,,,,,,,,,
6.26405,7.08E-06,-7.349964619,,,,,,,,,,,,,,
6.26415,1.96E-06,-9.994708061,,,,,,,,,,,,,,
6.26425,5.50E-07,-9.99547863,,,,,,,,,,,,,,
6.26435,2.40E-07,-9.995497704,,,,,,,,,,,,,,
6.26445,1.39E-07,-9.995669365,,,,,,,,,,,,,,
6.26455,9.49E-08,-9.995797157,,,,,,,,,,,,,,
6.26465,7.08E-08,-9.995849609,,,,,,,,,,,,,,
6.26475,5.54E-08,-9.995887756,,,,,,,,,,,,,,
6.26485,4.49E-08,-9.995927811,,,,,,,,,,,,,,
6.26495,3.72E-08,-9.996179581,,,,,,,,,,,,,,
6.26505,-6.00E-06,-2.657143354,,,,,,,,,,,,,,
6.26515,-2.09E-07,-0.002171794,,,,,,,,,,,,,,
6.26525,1.89E-06,-0.001639749,,,,,,,,,,,,,,
6.26535,2.41E-06,-0.001429914,,,,,,,,,,,,,,
6.26545,2.59E-06,-0.001422878,,,,,,,,,,,,,,
6.26555,2.67E-06,-0.001242527,,,,,,,,,,,,,,
6.26565,2.71E-06,-0.000971544,,,,,,,,,,,,,,
6.26575,2.74E-06,-0.001025234,,,,,,,,,,,,,,
6.26585,2.75E-06,-0.000908354,,,,,,,,,,,,,,
6.26595,2.76E-06,-0.001114529,,,,,,,,,,,,,,
6.26605,7.07E-06,-7.329937458,,,,,,,,,,,,,,
6.26615,1.97E-06,-9.994638443,,,,,,,,,,,,,,
6.26625,5.51E-07,-9.995085716,,,,,,,,,,,,,,
6.26635,2.40E-07,-9.995545387,,,,,,,,,,,,,,
6.26645,1.39E-07,-9.995533943,,,,,,,,,,,,,,
6.26655,9.50E-08,-9.995737076,,,,,,,,,,,,,,
6.26665,7.09E-08,-9.995781898,,,,,,,,,,,,,,
6.26675,5.55E-08,-9.995800972,,,,,,,,,,,,,,
6.26685,4.50E-08,-9.995883942,,,,,,,,,,,,,,
6.26695,3.78E-08,-9.995857239,,,,,,,,,,,,,,
6.26705,-6.00E-06,-2.676992416,,,,,,,,,,,,,,
6.26715,-2.13E-07,-0.002154343,,,,,,,,,,,,,,
6.26725,1.89E-06,-0.001613713,,,,,,,,,,,,,,
6.26735,2.41E-06,-0.001584089,,,,,,,,,,,,,,
6.26745,2.59E-06,-0.001621946,,,,,,,,,,,,,,
6.26755,2.67E-06,-0.001492682,,,,,,,,,,,,,,
6.26765,2.72E-06,-0.001681617,,,,,,,,,,,,,,
6.26775,2.74E-06,-0.001370173,,,,,,,,,,,,,,
6.26785,2.75E-06,-0.001372354,,,,,,,,,,,,,,
6.26795,2.76E-06,-0.001112559,,,,,,,,,,,,,,
6.26805,7.07E-06,-7.309925556,,,,,,,,,,,,,,
6.26815,1.97E-06,-9.994896889,,,,,,,,,,,,,,
6.26825,5.53E-07,-9.995445251,,,,,,,,,,,,,,
6.26835,2.40E-07,-9.995787621,,,,,,,,,,,,,,
6.26845,1.40E-07,-9.995505333,,,,,,,,,,,,,,
6.26855,9.50E-08,-9.995724678,,,,,,,,,,,,,,
6.26865,7.10E-08,-9.995788574,,,,,,,,,,,,,,
6.26875,5.56E-08,-9.995717049,,,,,,,,,,,,,,
6.26885,4.50E-08,-9.995864868,,,,,,,,,,,,,,
6.26895,3.74E-08,-9.99580574,,,,,,,,,,,,,,
6.26905,-5.99E-06,-2.697108746,,,,,,,,,,,,,,
6.26915,-2.19E-07,-0.0022727,,,,,,,,,,,,,,
6.26925,1.90E-06,-0.001976666,,,,,,,,,,,,,,
6.26935,2.42E-06,-0.001912421,,,,,,,,,,,,,,
6.26945,2.60E-06,-0.001647771,,,,,,,,,,,,,,
6.26955,2.68E-06,-0.001452995,,,,,,,,,,,,,,
6.26965,2.72E-06,-0.001262652,,,,,,,,,,,,,,
6.26975,2.75E-06,-0.001374676,,,,,,,,,,,,,,
6.26985,2.76E-06,-0.00104571,,,,,,,,,,,,,,
6.26995,2.77E-06,-0.000953952,,,,,,,,,,,,,,
6.27005,7.07E-06,-7.290206432,,,,,,,,,,,,,,
6.27015,1.98E-06,-9.995089531,,,,,,,,,,,,,,
6.27025,5.53E-07,-9.995599747,,,,,,,,,,,,,,
6.27035,2.41E-07,-9.995992661,,,,,,,,,,,,,,
6.27045,1.40E-07,-9.996136665,,,,,,,,,,,,,,
6.27055,9.50E-08,-9.996247292,,,,,,,,,,,,,,
6.27065,7.08E-08,-9.996153831,,,,,,,,,,,,,,
6.27075,5.59E-08,-9.996121407,,,,,,,,,,,,,,
6.27085,4.55E-08,-9.996371269,,,,,,,,,,,,,,
6.27095,3.81E-08,-9.995862961,,,,,,,,,,,,,,
6.27105,-5.98E-06,-2.716973543,,,,,,,,,,,,,,
6.27115,-2.24E-07,-0.002192412,,,,,,,,,,,,,,
6.27125,1.90E-06,-0.001839521,,,,,,,,,,,,,,
6.27135,2.42E-06,-0.001499789,,,,,,,,,,,,,,
6.27145,2.60E-06,-0.001518929,,,,,,,,,,,,,,
6.27155,2.68E-06,-0.001230705,,,,,,,,,,,,,,
6.27165,2.73E-06,-0.00125273,,,,,,,,,,,,,,
6.27175,2.75E-06,-0.001058939,,,,,,,,,,,,,,
6.27185,2.76E-06,-0.000969996,,,,,,,,,,,,,,
6.27195,2.77E-06,-0.001045359,,,,,,,,,,,,,,
6.27205,7.07E-06,-7.270081997,,,,,,,,,,,,,,
6.27215,1.99E-06,-9.99468708,,,,,,,,,,,,,,
6.27225,5.55E-07,-9.995323181,,,,,,,,,,,,,,
6.27235,2.41E-07,-9.99545002,,,,,,,,,,,,,,
6.27245,1.39E-07,-9.995774269,,,,,,,,,,,,,,
6.27255,9.51E-08,-9.995613098,,,,,,,,,,,,,,
6.27265,7.06E-08,-9.995463371,,,,,,,,,,,,,,
6.27275,5.52E-08,-9.995661736,,,,,,,,,,,,,,
6.27285,4.49E-08,-9.995781898,,,,,,,,,,,,,,
6.27295,3.74E-08,-9.995886803,,,,,,,,,,,,,,
6.27305,-5.98E-06,-2.736890078,,,,,,,,,,,,,,
6.27315,-2.29E-07,-0.00185078,,,,,,,,,,,,,,
6.27325,1.90E-06,-0.00161885,,,,,,,,,,,,,,
6.27335,2.43E-06,-0.001269196,,,,,,,,,,,,,,
6.27345,2.61E-06,-0.001409156,,,,,,,,,,,,,,
6.27355,2.69E-06,-0.001057954,,,,,,,,,,,,,,
6.27365,2.73E-06,-0.001160901,,,,,,,,,,,,,,
6.27375,2.76E-06,-0.001300017,,,,,,,,,,,,,,
6.27385,2.77E-06,-0.001098415,,,,,,,,,,,,,,
6.27395,2.78E-06,-0.000936993,,,,,,,,,,,,,,
6.27405,7.07E-06,-7.250187874,,,,,,,,,,,,,,
6.27415,1.99E-06,-9.994597435,,,,,,,,,,,,,,
6.27425,5.56E-07,-9.995162964,,,,,,,,,,,,,,
6.27435,2.41E-07,-9.99532795,,,,,,,,,,,,,,
6.27445,1.40E-07,-9.995591164,,,,,,,,,,,,,,
6.27455,9.54E-08,-9.996089935,,,,,,,,,,,,,,
6.27465,7.07E-08,-9.995513916,,,,,,,,,,,,,,
6.27475,5.56E-08,-9.995676041,,,,,,,,,,,,,,
6.27485,4.51E-08,-9.995594025,,,,,,,,,,,,,,
6.27495,3.76E-08,-9.995554924,,,,,,,,,,,,,,
6.27505,-5.97E-06,-2.756732464,,,,,,,,,,,,,,
6.27515,-2.33E-07,-0.001841069,,,,,,,,,,,,,,
6.27525,1.91E-06,-0.001317327,,,,,,,,,,,,,,
6.27535,2.43E-06,-0.001294317,,,,,,,,,,,,,,
6.27545,2.61E-06,-0.001140354,,,,,,,,,,,,,,
6.27555,2.70E-06,-0.001269759,,,,,,,,,,,,,,
6.27565,2.74E-06,-0.001241049,,,,,,,,,,,,,,
6.27575,2.76E-06,-0.001129729,,,,,,,,,,,,,,
6.27585,2.78E-06,-0.0011089,,,,,,,,,,,,,,
6.27595,2.78E-06,-0.000803015,,,,,,,,,,,,,,
6.27605,7.07E-06,-7.229937553,,,,,,,,,,,,,,
6.27615,2.00E-06,-9.99475193,,,,,,,,,,,,,,
6.27625,5.57E-07,-9.995187759,,,,,,,,,,,,,,
6.27635,2.42E-07,-9.995197296,,,,,,,,,,,,,,
6.27645,1.40E-07,-9.995319366,,,,,,,,,,,,,,
6.27655,9.60E-08,-9.995686531,,,,,,,,,,,,,,
6.27665,7.15E-08,-9.995595932,,,,,,,,,,,,,,
6.27675,5.59E-08,-9.995571136,,,,,,,,,,,,,,
6.27685,4.54E-08,-9.995975494,,,,,,,,,,,,,,
6.27695,3.80E-08,-9.995907784,,,,,,,,,,,,,,
6.27705,-5.96E-06,-2.77687192,,,,,,,,,,,,,,
6.27715,-2.39E-07,-0.002033804,,,,,,,,,,,,,,
6.27725,1.91E-06,-0.001729397,,,,,,,,,,,,,,
6.27735,2.43E-06,-0.001438992,,,,,,,,,,,,,,
6.27745,2.62E-06,-0.001386991,,,,,,,,,,,,,,
6.27755,2.70E-06,-0.001444832,,,,,,,,,,,,,,
6.27765,2.74E-06,-0.001364332,,,,,,,,,,,,,,
6.27775,2.77E-06,-0.001525191,,,,,,,,,,,,,,
6.27785,2.78E-06,-0.001394449,,,,,,,,,,,,,,
6.27795,2.79E-06,-0.001240416,,,,,,,,,,,,,,
6.27805,7.07E-06,-7.210006714,,,,,,,,,,,,,,
6.27815,2.01E-06,-9.994777679,,,,,,,,,,,,,,
6.27825,5.59E-07,-9.995236397,,,,,,,,,,,,,,
6.27835,2.42E-07,-9.995444298,,,,,,,,,,,,,,
6.27845,1.40E-07,-9.995592117,,,,,,,,,,,,,,
6.27855,9.55E-08,-9.99565506,,,,,,,,,,,,,,
6.27865,7.14E-08,-9.995705605,,,,,,,,,,,,,,
6.27875,5.58E-08,-9.995967865,,,,,,,,,,,,,,
6.27885,4.54E-08,-9.995869637,,,,,,,,,,,,,,
6.27895,3.79E-08,-9.995889664,,,,,,,,,,,,,,
6.27905,-5.96E-06,-2.796878099,,,,,,,,,,,,,,
6.27915,-2.46E-07,-0.002356085,,,,,,,,,,,,,,
6.27925,1.91E-06,-0.001877378,,,,,,,,,,,,,,
6.27935,2.44E-06,-0.001480508,,,,,,,,,,,,,,
6.27945,2.62E-06,-0.001496271,,,,,,,,,,,,,,
6.27955,2.70E-06,-0.001656918,,,,,,,,,,,,,,
6.27965,2.75E-06,-0.001527865,,,,,,,,,,,,,,
6.27975,2.77E-06,-0.001224654,,,,,,,,,,,,,,
6.27985,2.78E-06,-0.001087649,,,,,,,,,,,,,,
6.27995,2.79E-06,-0.001019534,,,,,,,,,,,,,,
6.28005,7.07E-06,-7.190096378,,,,,,,,,,,,,,
6.28015,2.01E-06,-9.994893074,,,,,,,,,,,,,,
6.28025,5.59E-07,-9.99537468,,,,,,,,,,,,,,
6.28035,2.42E-07,-9.995432854,,,,,,,,,,,,,,
6.28045,1.40E-07,-9.995294571,,,,,,,,,,,,,,
6.28055,9.54E-08,-9.995533943,,,,,,,,,,,,,,
6.28065,7.09E-08,-9.995796204,,,,,,,,,,,,,,
6.28075,5.56E-08,-9.995832443,,,,,,,,,,,,,,
6.28085,4.49E-08,-9.995632172,,,,,,,,,,,,,,
6.28095,3.73E-08,-9.995969772,,,,,,,,,,,,,,
6.28105,-5.95E-06,-2.816866636,,,,,,,,,,,,,,
6.28115,-2.50E-07,-0.002158213,,,,,,,,,,,,,,
6.28125,1.91E-06,-0.001536661,,,,,,,,,,,,,,
6.28135,2.44E-06,-0.001381432,,,,,,,,,,,,,,
6.28145,2.62E-06,-0.001492611,,,,,,,,,,,,,,
6.28155,2.71E-06,-0.001573534,,,,,,,,,,,,,,
6.28165,2.75E-06,-0.00130248,,,,,,,,,,,,,,
6.28175,2.77E-06,-0.001137962,,,,,,,,,,,,,,
6.28185,2.79E-06,-0.001123536,,,,,,,,,,,,,,
6.28195,2.80E-06,-0.001185741,,,,,,,,,,,,,,
6.28205,7.06E-06,-7.169931889,,,,,,,,,,,,,,
6.28215,2.02E-06,-9.994650841,,,,,,,,,,,,,,
6.28225,5.61E-07,-9.995088577,,,,,,,,,,,,,,
6.28235,2.43E-07,-9.995276451,,,,,,,,,,,,,,
6.28245,1.40E-07,-9.995589256,,,,,,,,,,,,,,
6.28255,9.55E-08,-9.995434761,,,,,,,,,,,,,,
6.28265,7.12E-08,-9.995609283,,,,,,,,,,,,,,
6.28275,5.62E-08,-9.995629311,,,,,,,,,,,,,,
6.28285,4.54E-08,-9.995863914,,,,,,,,,,,,,,
6.28295,3.76E-08,-9.995782852,,,,,,,,,,,,,,
6.28305,-5.94E-06,-2.837064743,,,,,,,,,,,,,,
6.28315,-2.56E-07,-0.002227877,,,,,,,,,,,,,,
6.28325,1.92E-06,-0.002062795,,,,,,,,,,,,,,
6.28335,2.45E-06,-0.001404019,,,,,,,,,,,,,,
6.28345,2.63E-06,-0.001369821,,,,,,,,,,,,,,
6.28355,2.71E-06,-0.001462494,,,,,,,,,,,,,,
6.28365,2.76E-06,-0.001496904,,,,,,,,,,,,,,
6.28375,2.78E-06,-0.00127567,,,,,,,,,,,,,,
6.28385,2.79E-06,-0.001141691,,,,,,,,,,,,,,
6.28395,2.80E-06,-0.001180252,,,,,,,,,,,,,,
6.28405,7.06E-06,-7.150114059,,,,,,,,,,,,,,
6.28415,2.02E-06,-9.99472332,,,,,,,,,,,,,,
6.28425,5.62E-07,-9.994767189,,,,,,,,,,,,,,
6.28435,2.43E-07,-9.995111465,,,,,,,,,,,,,,
6.28445,1.40E-07,-9.995353699,,,,,,,,,,,,,,
6.28455,9.53E-08,-9.995596886,,,,,,,,,,,,,,
6.28465,7.11E-08,-9.995649338,,,,,,,,,,,,,,
6.28475,5.58E-08,-9.995884895,,,,,,,,,,,,,,
6.28485,4.51E-08,-9.995859146,,,,,,,,,,,,,,
6.28495,3.75E-08,-9.995944023,,,,,,,,,,,,,,
6.28505,-5.93E-06,-2.857258797,,,,,,,,,,,,,,
6.28515,-2.62E-07,-0.002416812,,,,,,,,,,,,,,
6.28525,1.92E-06,-0.002099105,,,,,,,,,,,,,,
6.28535,2.45E-06,-0.001691891,,,,,,,,,,,,,,
6.28545,2.63E-06,-0.001639045,,,,,,,,,,,,,,
6.28555,2.72E-06,-0.001290236,,,,,,,,,,,,,,
6.28565,2.76E-06,-0.001248086,,,,,,,,,,,,,,
6.28575,2.79E-06,-0.001229861,,,,,,,,,,,,,,
6.28585,2.80E-06,-0.00128904,,,,,,,,,,,,,,
6.28595,2.80E-06,-0.001217617,,,,,,,,,,,,,,
6.28605,7.06E-06,-7.130019665,,,,,,,,,,,,,,
6.28615,2.03E-06,-9.994670868,,,,,,,,,,,,,,
6.28625,5.62E-07,-9.995017052,,,,,,,,,,,,,,
6.28635,2.43E-07,-9.995146751,,,,,,,,,,,,,,
6.28645,1.40E-07,-9.995378494,,,,,,,,,,,,,,
6.28655,9.55E-08,-9.995308876,,,,,,,,,,,,,,
6.28665,7.08E-08,-9.995659828,,,,,,,,,,,,,,
6.28675,5.56E-08,-9.995778084,,,,,,,,,,,,,,
6.28685,4.51E-08,-9.996085167,,,,,,,,,,,,,,
6.28695,3.73E-08,-9.99577713,,,,,,,,,,,,,,
6.28705,-5.93E-06,-2.877122164,,,,,,,,,,,,,,
6.28715,-2.66E-07,-0.002577601,,,,,,,,,,,,,,
6.28725,1.92E-06,-0.00207525,,,,,,,,,,,,,,
6.28735,2.45E-06,-0.002047807,,,,,,,,,,,,,,
6.28745,2.64E-06,-0.001842476,,,,,,,,,,,,,,
6.28755,2.72E-06,-0.001751632,,,,,,,,,,,,,,
6.28765,2.77E-06,-0.001380306,,,,,,,,,,,,,,
6.28775,2.79E-06,-0.001298117,,,,,,,,,,,,,,
6.28785,2.80E-06,-0.001213325,,,,,,,,,,,,,,
6.28795,2.81E-06,-0.001469179,,,,,,,,,,,,,,
6.28805,7.06E-06,-7.110209465,,,,,,,,,,,,,,
6.28815,2.04E-06,-9.994662285,,,,,,,,,,,,,,
6.28825,5.64E-07,-9.995102882,,,,,,,,,,,,,,
6.28835,2.43E-07,-9.995318413,,,,,,,,,,,,,,
6.28845,1.40E-07,-9.99560833,,,,,,,,,,,,,,
6.28855,9.51E-08,-9.995669365,,,,,,,,,,,,,,
6.28865,7.06E-08,-9.995751381,,,,,,,,,,,,,,
6.28875,5.52E-08,-9.995735168,,,,,,,,,,,,,,
6.28885,4.48E-08,-9.996006966,,,,,,,,,,,,,,
6.28895,3.74E-08,-9.995936394,,,,,,,,,,,,,,
6.28905,-5.92E-06,-2.896698236,,,,,,,,,,,,,,
6.28915,-2.72E-07,-0.002003617,,,,,,,,,,,,,,
6.28925,1.92E-06,-0.001769154,,,,,,,,,,,,,,
6.28935,2.45E-06,-0.00192171,,,,,,,,,,,,,,
6.28945,2.64E-06,-0.001824392,,,,,,,,,,,,,,
6.28955,2.72E-06,-0.001663392,,,,,,,,,,,,,,
6.28965,2.77E-06,-0.001578248,,,,,,,,,,,,,,
6.28975,2.79E-06,-0.001376365,,,,,,,,,,,,,,
6.28985,2.81E-06,-0.001203614,,,,,,,,,,,,,,
6.28995,2.81E-06,-0.001268,,,,,,,,,,,,,,
6.29005,7.06E-06,-7.090120792,,,,,,,,,,,,,,
6.29015,2.04E-06,-9.994898796,,,,,,,,,,,,,,
6.29025,5.65E-07,-9.995289803,,,,,,,,,,,,,,
6.29035,2.44E-07,-9.995336533,,,,,,,,,,,,,,
6.29045,1.40E-07,-9.995445251,,,,,,,,,,,,,,
6.29055,9.55E-08,-9.995534897,,,,,,,,,,,,,,
6.29065,7.11E-08,-9.995824814,,,,,,,,,,,,,,
6.29075,5.60E-08,-9.995798111,,,,,,,,,,,,,,
6.29085,4.53E-08,-9.995847702,,,,,,,,,,,,,,
6.29095,3.76E-08,-9.995558739,,,,,,,,,,,,,,
6.29105,-5.91E-06,-2.916565895,,,,,,,,,,,,,,
6.29115,-2.78E-07,-0.002327094,,,,,,,,,,,,,,
6.29125,1.92E-06,-0.002160887,,,,,,,,,,,,,,
6.29135,2.46E-06,-0.001747199,,,,,,,,,,,,,,
6.29145,2.65E-06,-0.001218954,,,,,,,,,,,,,,
6.29155,2.73E-06,-0.001061543,,,,,,,,,,,,,,
6.29165,2.77E-06,-0.001119596,,,,,,,,,,,,,,
6.29175,2.80E-06,-0.00116646,,,,,,,,,,,,,,
6.29185,2.81E-06,-0.00110883,,,,,,,,,,,,,,
6.29195,2.82E-06,-0.001008064,,,,,,,,,,,,,,
6.29205,7.06E-06,-7.069974422,,,,,,,,,,,,,,
6.29215,2.05E-06,-9.994842529,,,,,,,,,,,,,,
6.29225,5.66E-07,-9.995041847,,,,,,,,,,,,,,
6.29235,2.44E-07,-9.995479584,,,,,,,,,,,,,,
6.29245,1.41E-07,-9.995447159,,,,,,,,,,,,,,
6.29255,9.50E-08,-9.995499611,,,,,,,,,,,,,,
6.29265,7.07E-08,-9.995313644,,,,,,,,,,,,,,
6.29275,5.56E-08,-9.995599747,,,,,,,,,,,,,,
6.29285,4.53E-08,-9.995849609,,,,,,,,,,,,,,
6.29295,3.72E-08,-9.995688438,,,,,,,,,,,,,,
6.29305,-5.90E-06,-2.936985254,,,,,,,,,,,,,,
6.29315,-2.83E-07,-0.00248162,,,,,,,,,,,,,,
6.29325,1.93E-06,-0.00199468,,,,,,,,,,,,,,
6.29335,2.46E-06,-0.001801523,,,,,,,,,,,,,,
6.29345,2.65E-06,-0.001767184,,,,,,,,,,,,,,
6.29355,2.73E-06,-0.001417811,,,,,,,,,,,,,,
6.29365,2.78E-06,-0.001404019,,,,,,,,,,,,,,
6.29375,2.80E-06,-0.000967181,,,,,,,,,,,,,,
6.29385,2.82E-06,-0.001282214,,,,,,,,,,,,,,
6.29395,2.82E-06,-0.001111504,,,,,,,,,,,,,,
6.29405,7.06E-06,-7.050167084,,,,,,,,,,,,,,
6.29415,2.06E-06,-9.994970322,,,,,,,,,,,,,,
6.29425,5.67E-07,-9.995090485,,,,,,,,,,,,,,
6.29435,2.44E-07,-9.995371819,,,,,,,,,,,,,,
6.29445,1.40E-07,-9.995398521,,,,,,,,,,,,,,
6.29455,9.55E-08,-9.995246887,,,,,,,,,,,,,,
6.29465,7.05E-08,-9.995505333,,,,,,,,,,,,,,
6.29475,5.53E-08,-9.995689392,,,,,,,,,,,,,,
6.29485,4.49E-08,-9.995725632,,,,,,,,,,,,,,
6.29495,3.71E-08,-9.995915413,,,,,,,,,,,,,,
6.29505,-5.90E-06,-2.956893444,,,,,,,,,,,,,,
6.29515,-2.90E-07,-0.002669922,,,,,,,,,,,,,,
6.29525,1.93E-06,-0.002255953,,,,,,,,,,,,,,
6.29535,2.47E-06,-0.001919317,,,,,,,,,,,,,,
6.29545,2.66E-06,-0.001533213,,,,,,,,,,,,,,
6.29555,2.74E-06,-0.001339845,,,,,,,,,,,,,,
6.29565,2.78E-06,-0.001273911,,,,,,,,,,,,,,
6.29575,2.81E-06,-0.001298258,,,,,,,,,,,,,,
6.29585,2.82E-06,-0.001481001,,,,,,,,,,,,,,
6.29595,2.83E-06,-0.001321338,,,,,,,,,,,,,,
6.29605,7.05E-06,-7.030258179,,,,,,,,,,,,,,
6.29615,2.06E-06,-9.995027542,,,,,,,,,,,,,,
6.29625,5.68E-07,-9.995303154,,,,,,,,,,,,,,
6.29635,2.44E-07,-9.99544239,,,,,,,,,,,,,,
6.29645,1.41E-07,-9.995846748,,,,,,,,,,,,,,
6.29655,9.53E-08,-9.995642662,,,,,,,,,,,,,,
6.29665,7.08E-08,-9.995908737,,,,,,,,,,,,,,
6.29675,5.53E-08,-9.995842934,,,,,,,,,,,,,,
6.29685,4.48E-08,-9.995779037,,,,,,,,,,,,,,
6.29695,3.71E-08,-9.995797157,,,,,,,,,,,,,,
6.29705,-5.89E-06,-2.976965904,,,,,,,,,,,,,,
6.29715,-2.94E-07,-0.002383106,,,,,,,,,,,,,,
6.29725,1.93E-06,-0.002145266,,,,,,,,,,,,,,
6.29735,2.47E-06,-0.002011357,,,,,,,,,,,,,,
6.29745,2.66E-06,-0.001745722,,,,,,,,,,,,,,
6.29755,2.75E-06,-0.001700124,,,,,,,,,,,,,,
6.29765,2.79E-06,-0.001862742,,,,,,,,,,,,,,
6.29775,2.81E-06,-0.001592814,,,,,,,,,,,,,,
6.29785,2.83E-06,-0.001808489,,,,,,,,,,,,,,
6.29795,2.83E-06,-0.001654174,,,,,,,,,,,,,,
6.29805,7.05E-06,-7.010313034,,,,,,,,,,,,,,
6.29815,2.07E-06,-9.994626045,,,,,,,,,,,,,,
6.29825,5.70E-07,-9.994925499,,,,,,,,,,,,,,
6.29835,2.45E-07,-9.995084763,,,,,,,,,,,,,,
6.29845,1.41E-07,-9.995535851,,,,,,,,,,,,,,
6.29855,9.59E-08,-9.995942116,,,,,,,,,,,,,,
6.29865,7.11E-08,-9.996011734,,,,,,,,,,,,,,
6.29875,5.54E-08,-9.995726585,,,,,,,,,,,,,,
6.29885,4.48E-08,-9.995553017,,,,,,,,,,,,,,
6.29895,3.76E-08,-9.995628357,,,,,,,,,,,,,,
6.29905,-5.88E-06,-2.997055531,,,,,,,,,,,,,,
6.29915,-2.99E-07,-0.002566201,,,,,,,,,,,,,,
6.29925,1.94E-06,-0.002282411,,,,,,,,,,,,,,
6.29935,2.48E-06,-0.002247509,,,,,,,,,,,,,,
6.29945,2.66E-06,-0.00199454,,,,,,,,,,,,,,
6.29955,2.75E-06,-0.001824181,,,,,,,,,,,,,,
6.29965,2.79E-06,-0.001617794,,,,,,,,,,,,,,
6.29975,2.82E-06,-0.001510555,,,,,,,,,,,,,,
6.29985,2.83E-06,-0.001413871,,,,,,,,,,,,,,
6.29995,2.84E-06,-0.001253012,,,,,,,,,,,,,,
6.30005,7.05E-06,-6.990118504,,,,,,,,,,,,,,
6.30015,2.08E-06,-9.994790077,,,,,,,,,,,,,,
6.30025,5.70E-07,-9.995103836,,,,,,,,,,,,,,
6.30035,2.45E-07,-9.995321274,,,,,,,,,,,,,,
6.30045,1.41E-07,-9.995347023,,,,,,,,,,,,,,
6.30055,9.56E-08,-9.995432854,,,,,,,,,,,,,,
6.30065,7.12E-08,-9.995368004,,,,,,,,,,,,,,
6.30075,5.55E-08,-9.995360374,,,,,,,,,,,,,,
6.30085,4.52E-08,-9.995363235,,,,,,,,,,,,,,
6.30095,3.74E-08,-9.995909691,,,,,,,,,,,,,,
6.30105,-5.88E-06,-3.016736984,,,,,,,,,,,,,,
6.30115,-3.05E-07,-0.002373607,,,,,,,,,,,,,,
6.30125,1.94E-06,-0.002061036,,,,,,,,,,,,,,
6.30135,2.48E-06,-0.001582963,,,,,,,,,,,,,,
6.30145,2.67E-06,-0.001556434,,,,,,,,,,,,,,
6.30155,2.75E-06,-0.001471994,,,,,,,,,,,,,,
6.30165,2.80E-06,-0.001326264,,,,,,,,,,,,,,
6.30175,2.82E-06,-0.001585074,,,,,,,,,,,,,,
6.30185,2.84E-06,-0.00163813,,,,,,,,,,,,,,
6.30195,2.84E-06,-0.001543346,,,,,,,,,,,,,,
6.30205,7.05E-06,-6.970205784,,,,,,,,,,,,,,
6.30215,2.08E-06,-9.994706154,,,,,,,,,,,,,,
6.30225,5.72E-07,-9.994908333,,,,,,,,,,,,,,
6.30235,2.46E-07,-9.99516964,,,,,,,,,,,,,,
6.30245,1.41E-07,-9.995260239,,,,,,,,,,,,,,
6.30255,9.53E-08,-9.995330811,,,,,,,,,,,,,,
6.30265,7.10E-08,-9.99532795,,,,,,,,,,,,,,
6.30275,5.55E-08,-9.995660782,,,,,,,,,,,,,,
6.30285,4.48E-08,-9.995628357,,,,,,,,,,,,,,
6.30295,3.71E-08,-9.995459557,,,,,,,,,,,,,,
6.30305,-5.87E-06,-3.036708593,,,,,,,,,,,,,,
6.30315,-3.12E-07,-0.002298595,,,,,,,,,,,,,,
6.30325,1.94E-06,-0.001980888,,,,,,,,,,,,,,
6.30335,2.48E-06,-0.001839451,,,,,,,,,,,,,,
6.30345,2.67E-06,-0.00178562,,,,,,,,,,,,,,
6.30355,2.76E-06,-0.001594925,,,,,,,,,,,,,,
6.30365,2.80E-06,-0.001620679,,,,,,,,,,,,,,
6.30375,2.82E-06,-0.00175107,,,,,,,,,,,,,,
6.30385,2.84E-06,-0.001668177,,,,,,,,,,,,,,
6.30395,2.85E-06,-0.001734252,,,,,,,,,,,,,,
6.30405,7.05E-06,-6.950722218,,,,,,,,,,,,,,
6.30415,2.09E-06,-9.995256424,,,,,,,,,,,,,,
6.30425,5.73E-07,-9.995425224,,,,,,,,,,,,,,
6.30435,2.45E-07,-9.995745659,,,,,,,,,,,,,,
6.30445,1.41E-07,-9.995642662,,,,,,,,,,,,,,
6.30455,9.59E-08,-9.995811462,,,,,,,,,,,,,,
6.30465,7.09E-08,-9.99580574,,,,,,,,,,,,,,
6.30475,5.54E-08,-9.995641708,,,,,,,,,,,,,,
6.30485,4.50E-08,-9.995790482,,,,,,,,,,,,,,
6.30495,3.75E-08,-9.995960236,,,,,,,,,,,,,,
6.30505,-5.86E-06,-3.056648016,,,,,,,,,,,,,,
6.30515,-3.18E-07,-0.002243709,,,,,,,,,,,,,,
6.30525,1.94E-06,-0.002034226,,,,,,,,,,,,,,
6.30535,2.49E-06,-0.001723697,,,,,,,,,,,,,,
6.30545,2.68E-06,-0.001781046,,,,,,,,,,,,,,
6.30555,2.76E-06,-0.001767043,,,,,,,,,,,,,,
6.30565,2.80E-06,-0.001601047,,,,,,,,,,,,,,
6.30575,2.83E-06,-0.001595347,,,,,,,,,,,,,,
6.30585,2.85E-06,-0.001568537,,,,,,,,,,,,,,
6.30595,2.85E-06,-0.001249634,,,,,,,,,,,,,,
6.30605,7.05E-06,-6.930114269,,,,,,,,,,,,,,
6.30615,2.10E-06,-9.994833946,,,,,,,,,,,,,,
6.30625,5.74E-07,-9.995565414,,,,,,,,,,,,,,
6.30635,2.46E-07,-9.995529175,,,,,,,,,,,,,,
6.30645,1.41E-07,-9.995679855,,,,,,,,,,,,,,
6.30655,9.61E-08,-9.995635033,,,,,,,,,,,,,,
6.30665,7.10E-08,-9.995654106,,,,,,,,,,,,,,
6.30675,5.57E-08,-9.995632172,,,,,,,,,,,,,,
6.30685,4.49E-08,-9.995743752,,,,,,,,,,,,,,
6.30695,3.74E-08,-9.995678902,,,,,,,,,,,,,,
6.30705,-5.85E-06,-3.076933622,,,,,,,,,,,,,,
6.30715,-3.24E-07,-0.002377336,,,,,,,,,,,,,,
6.30725,1.94E-06,-0.001969067,,,,,,,,,,,,,,
6.30735,2.49E-06,-0.00155376,,,,,,,,,,,,,,
6.30745,2.68E-06,-0.001726019,,,,,,,,,,,,,,
6.30755,2.77E-06,-0.001836003,,,,,,,,,,,,,,
6.30765,2.81E-06,-0.001565512,,,,,,,,,,,,,,
6.30775,2.84E-06,-0.001470305,,,,,,,,,,,,,,
6.30785,2.85E-06,-0.001652485,,,,,,,,,,,,,,
6.30795,2.86E-06,-0.001609561,,,,,,,,,,,,,,
6.30805,7.05E-06,-6.910402298,,,,,,,,,,,,,,
6.30815,2.10E-06,-9.995265961,,,,,,,,,,,,,,
6.30825,5.75E-07,-9.994913101,,,,,,,,,,,,,,
6.30835,2.46E-07,-9.994915009,,,,,,,,,,,,,,
6.30845,1.42E-07,-9.995357513,,,,,,,,,,,,,,
6.30855,9.62E-08,-9.995456696,,,,,,,,,,,,,,
6.30865,7.11E-08,-9.995200157,,,,,,,,,,,,,,
6.30875,5.56E-08,-9.995272636,,,,,,,,,,,,,,
6.30885,4.54E-08,-9.995439529,,,,,,,,,,,,,,
6.30895,3.74E-08,-9.995598793,,,,,,,,,,,,,,
6.30905,-5.85E-06,-3.096962214,,,,,,,,,,,,,,
6.30915,-3.29E-07,-0.002328079,,,,,,,,,,,,,,
6.30925,1.95E-06,-0.002251168,,,,,,,,,,,,,,
6.30935,2.50E-06,-0.002018816,,,,,,,,,,,,,,
6.30945,2.69E-06,-0.001833469,,,,,,,,,,,,,,
6.30955,2.77E-06,-0.001680491,,,,,,,,,,,,,,
6.30965,2.81E-06,-0.001579867,,,,,,,,,,,,,,
6.30975,2.84E-06,-0.001603862,,,,,,,,,,,,,,
6.30985,2.85E-06,-0.001502322,,,,,,,,,,,,,,
6.30995,2.86E-06,-0.001639749,,,,,,,,,,,,,,
6.31005,7.04E-06,-6.890309811,,,,,,,,,,,,,,
6.31015,2.11E-06,-9.994904518,,,,,,,,,,,,,,
6.31025,5.76E-07,-9.995324135,,,,,,,,,,,,,,
6.31035,2.47E-07,-9.995340347,,,,,,,,,,,,,,
6.31045,1.41E-07,-9.99547863,,,,,,,,,,,,,,
6.31055,9.60E-08,-9.995566368,,,,,,,,,,,,,,
6.31065,7.11E-08,-9.995703697,,,,,,,,,,,,,,
6.31075,5.57E-08,-9.995697975,,,,,,,,,,,,,,
6.31085,4.50E-08,-9.995438576,,,,,,,,,,,,,,
6.31095,3.75E-08,-9.995692253,,,,,,,,,,,,,,
6.31105,-5.84E-06,-3.116649628,,,,,,,,,,,,,,
6.31115,-3.37E-07,-0.002211129,,,,,,,,,,,,,,
6.31125,1.95E-06,-0.002047455,,,,,,,,,,,,,,
6.31135,2.50E-06,-0.001829036,,,,,,,,,,,,,,
6.31145,2.69E-06,-0.001895674,,,,,,,,,,,,,,
6.31155,2.77E-06,-0.001869779,,,,,,,,,,,,,,
6.31165,2.82E-06,-0.001595277,,,,,,,,,,,,,,
6.31175,2.84E-06,-0.00129678,,,,,,,,,,,,,,
6.31185,2.86E-06,-0.001617794,,,,,,,,,,,,,,
6.31195,2.86E-06,-0.001740303,,,,,,,,,,,,,,
6.31205,7.04E-06,-6.87045002,,,,,,,,,,,,,,
6.31215,2.12E-06,-9.994858742,,,,,,,,,,,,,,
6.31225,5.78E-07,-9.994973183,,,,,,,,,,,,,,
6.31235,2.47E-07,-9.995257378,,,,,,,,,,,,,,
6.31245,1.41E-07,-9.995652199,,,,,,,,,,,,,,
6.31255,9.61E-08,-9.995611191,,,,,,,,,,,,,,
6.31265,7.11E-08,-9.995587349,,,,,,,,,,,,,,
6.31275,5.55E-08,-9.995705605,,,,,,,,,,,,,,
6.31285,4.49E-08,-9.995833397,,,,,,,,,,,,,,
6.31295,3.76E-08,-9.995951653,,,,,,,,,,,,,,
6.31305,-5.83E-06,-3.136942387,,,,,,,,,,,,,,
6.31315,-3.42E-07,-0.002832118,,,,,,,,,,,,,,
6.31325,1.95E-06,-0.002494145,,,,,,,,,,,,,,
6.31335,2.50E-06,-0.001982225,,,,,,,,,,,,,,
6.31345,2.69E-06,-0.001881108,,,,,,,,,,,,,,
6.31355,2.78E-06,-0.001955697,,,,,,,,,,,,,,
6.31365,2.82E-06,-0.001871538,,,,,,,,,,,,,,
6.31375,2.85E-06,-0.00163229,,,,,,,,,,,,,,
6.31385,2.86E-06,-0.001807926,,,,,,,,,,,,,,
6.31395,2.87E-06,-0.001731015,,,,,,,,,,,,,,
6.31405,7.04E-06,-6.850132942,,,,,,,,,,,,,,
6.31415,2.12E-06,-9.994686127,,,,,,,,,,,,,,
6.31425,5.79E-07,-9.99505043,,,,,,,,,,,,,,
6.31435,2.48E-07,-9.995182991,,,,,,,,,,,,,,
6.31445,1.42E-07,-9.995038033,,,,,,,,,,,,,,
6.31455,9.64E-08,-9.995526314,,,,,,,,,,,,,,
6.31465,7.17E-08,-9.995804787,,,,,,,,,,,,,,
6.31475,5.55E-08,-9.995588303,,,,,,,,,,,,,,
6.31485,4.53E-08,-9.995656967,,,,,,,,,,,,,,
6.31495,3.77E-08,-9.995820045,,,,,,,,,,,,,,
6.31505,-5.82E-06,-3.156971931,,,,,,,,,,,,,,
6.31515,-3.48E-07,-0.002714605,,,,,,,,,,,,,,
6.31525,1.95E-06,-0.002522362,,,,,,,,,,,,,,
6.31535,2.51E-06,-0.002188401,,,,,,,,,,,,,,
6.31545,2.70E-06,-0.001849513,,,,,,,,,,,,,,
6.31555,2.78E-06,-0.001764861,,,,,,,,,,,,,,
6.31565,2.83E-06,-0.001898981,,,,,,,,,,,,,,
6.31575,2.85E-06,-0.00171089,,,,,,,,,,,,,,
6.31585,2.87E-06,-0.00137735,,,,,,,,,,,,,,
6.31595,2.88E-06,-0.001842125,,,,,,,,,,,,,,
6.31605,7.04E-06,-6.830478191,,,,,,,,,,,,,,
6.31615,2.13E-06,-9.994455338,,,,,,,,,,,,,,
6.31625,5.80E-07,-9.994668007,,,,,,,,,,,,,,
6.31635,2.48E-07,-9.99518013,,,,,,,,,,,,,,
6.31645,1.42E-07,-9.995659828,,,,,,,,,,,,,,
6.31655,9.65E-08,-9.995568275,,,,,,,,,,,,,,
6.31665,7.13E-08,-9.995648384,,,,,,,,,,,,,,
6.31675,5.57E-08,-9.995568275,,,,,,,,,,,,,,
6.31685,4.50E-08,-9.995755196,,,,,,,,,,,,,,
6.31695,3.76E-08,-9.995491982,,,,,,,,,,,,,,
6.31705,-5.82E-06,-3.176989317,,,,,,,,,,,,,,
6.31715,-3.54E-07,-0.00252954,,,,,,,,,,,,,,
6.31725,1.95E-06,-0.002096149,,,,,,,,,,,,,,
6.31735,2.51E-06,-0.001986095,,,,,,,,,,,,,,
6.31745,2.70E-06,-0.001653189,,,,,,,,,,,,,,
6.31755,2.79E-06,-0.001708005,,,,,,,,,,,,,,
6.31765,2.83E-06,-0.002095164,,,,,,,,,,,,,,
6.31775,2.86E-06,-0.001865416,,,,,,,,,,,,,,
6.31785,2.87E-06,-0.001953234,,,,,,,,,,,,,,
6.31795,2.88E-06,-0.001849935,,,,,,,,,,,,,,
6.31805,7.04E-06,-6.810245991,,,,,,,,,,,,,,
6.31815,2.14E-06,-9.994800568,,,,,,,,,,,,,,
6.31825,5.81E-07,-9.995420456,,,,,,,,,,,,,,
6.31835,2.48E-07,-9.995369911,,,,,,,,,,,,,,
6.31845,1.42E-07,-9.995425224,,,,,,,,,,,,,,
6.31855,9.60E-08,-9.995725632,,,,,,,,,,,,,,
6.31865,7.15E-08,-9.995531082,,,,,,,,,,,,,,
6.31875,5.57E-08,-9.995696068,,,,,,,,,,,,,,
6.31885,4.51E-08,-9.995581627,,,,,,,,,,,,,,
6.31895,3.75E-08,-9.995961189,,,,,,,,,,,,,,
6.31905,-5.81E-06,-3.197027206,,,,,,,,,,,,,,
6.31915,-3.60E-07,-0.002714394,,,,,,,,,,,,,,
6.31925,1.96E-06,-0.002347008,,,,,,,,,,,,,,
6.31935,2.51E-06,-0.001909747,,,,,,,,,,,,,,
6.31945,2.71E-06,-0.002077291,,,,,,,,,,,,,,
6.31955,2.79E-06,-0.002141818,,,,,,,,,,,,,,
6.31965,2.84E-06,-0.002157087,,,,,,,,,,,,,,
6.31975,2.86E-06,-0.001992499,,,,,,,,,,,,,,
6.31985,2.88E-06,-0.001928254,,,,,,,,,,,,,,
6.31995,2.88E-06,-0.001777739,,,,,,,,,,,,,,
6.32005,7.03E-06,-6.790398598,,,,,,,,,,,,,,
6.32015,2.15E-06,-9.994653702,,,,,,,,,,,,,,
6.32025,5.82E-07,-9.995209694,,,,,,,,,,,,,,
6.32035,2.48E-07,-9.995663643,,,,,,,,,,,,,,
6.32045,1.42E-07,-9.9958992,,,,,,,,,,,,,,
6.32055,9.61E-08,-9.995837212,,,,,,,,,,,,,,
6.32065,7.13E-08,-9.995676041,,,,,,,,,,,,,,
6.32075,5.57E-08,-9.995997429,,,,,,,,,,,,,,
6.32085,4.53E-08,-9.995718956,,,,,,,,,,,,,,
6.32095,3.75E-08,-9.995760918,,,,,,,,,,,,,,
6.32105,-5.80E-06,-3.21681428,,,,,,,,,,,,,,
6.32115,-3.68E-07,-0.00281136,,,,,,,,,,,,,,
6.32125,1.96E-06,-0.00199468,,,,,,,,,,,,,,
6.32135,2.52E-06,-0.001927339,,,,,,,,,,,,,,
6.32145,2.71E-06,-0.001643126,,,,,,,,,,,,,,
6.32155,2.80E-06,-0.001571563,,,,,,,,,,,,,,
6.32165,2.84E-06,-0.001556786,,,,,,,,,,,,,,
6.32175,2.87E-06,-0.001626942,,,,,,,,,,,,,,
6.32185,2.88E-06,-0.00134083,,,,,,,,,,,,,,
6.32195,2.89E-06,-0.001116078,,,,,,,,,,,,,,
6.32205,7.03E-06,-6.770200253,,,,,,,,,,,,,,
6.32215,2.15E-06,-9.99477005,,,,,,,,,,,,,,
6.32225,5.83E-07,-9.99502182,,,,,,,,,,,,,,
6.32235,2.49E-07,-9.99535656,,,,,,,,,,,,,,
6.32245,1.42E-07,-9.995482445,,,,,,,,,,,,,,
6.32255,9.65E-08,-9.995411873,,,,,,,,,,,,,,
6.32265,7.18E-08,-9.995594978,,,,,,,,,,,,,,
6.32275,5.63E-08,-9.995500565,,,,,,,,,,,,,,
6.32285,4.54E-08,-9.995240211,,,,,,,,,,,,,,
6.32295,3.82E-08,-9.995570183,,,,,,,,,,,,,,
6.32305,-5.79E-06,-3.236421108,,,,,,,,,,,,,,
6.32315,-3.74E-07,-0.002268689,,,,,,,,,,,,,,
6.32325,1.96E-06,-0.001883993,,,,,,,,,,,,,,
6.32335,2.52E-06,-0.001409227,,,,,,,,,,,,,,
6.32345,2.71E-06,-0.001416263,,,,,,,,,,,,,,
6.32355,2.80E-06,-0.001334145,,,,,,,,,,,,,,
6.32365,2.84E-06,-0.001285099,,,,,,,,,,,,,,
6.32375,2.87E-06,-0.00119707,,,,,,,,,,,,,,
6.32385,2.88E-06,-0.001217336,,,,,,,,,,,,,,
6.32395,2.89E-06,-0.001297554,,,,,,,,,,,,,,
6.32405,7.03E-06,-6.750172138,,,,,,,,,,,,,,
6.32415,2.16E-06,-9.994197845,,,,,,,,,,,,,,
6.32425,5.85E-07,-9.994612694,,,,,,,,,,,,,,
6.32435,2.49E-07,-9.995008469,,,,,,,,,,,,,,
6.32445,1.43E-07,-9.995121002,,,,,,,,,,,,,,
6.32455,9.65E-08,-9.995310783,,,,,,,,,,,,,,
6.32465,7.11E-08,-9.995470047,,,,,,,,,,,,,,
6.32475,5.55E-08,-9.995323181,,,,,,,,,,,,,,
6.32485,4.53E-08,-9.99561882,,,,,,,,,,,,,,
6.32495,3.77E-08,-9.99521637,,,,,,,,,,,,,,
6.32505,-5.79E-06,-3.256671906,,,,,,,,,,,,,,
6.32515,-3.82E-07,-0.002260105,,,,,,,,,,,,,,
6.32525,1.96E-06,-0.002174749,,,,,,,,,,,,,,
6.32535,2.52E-06,-0.002084257,,,,,,,,,,,,,,
6.32545,2.72E-06,-0.001792868,,,,,,,,,,,,,,
6.32555,2.80E-06,-0.001623353,,,,,,,,,,,,,,
6.32565,2.85E-06,-0.00159211,,,,,,,,,,,,,,
6.32575,2.87E-06,-0.001642001,,,,,,,,,,,,,,
6.32585,2.89E-06,-0.0014195,,,,,,,,,,,,,,
6.32595,2.90E-06,-0.001356451,,,,,,,,,,,,,,
6.32605,7.03E-06,-6.730340004,,,,,,,,,,,,,,
6.32615,2.17E-06,-9.994586945,,,,,,,,,,,,,,
6.32625,5.86E-07,-9.994765282,,,,,,,,,,,,,,
6.32635,2.49E-07,-9.99532032,,,,,,,,,,,,,,
6.32645,1.43E-07,-9.995400429,,,,,,,,,,,,,,
6.32655,9.66E-08,-9.995457649,,,,,,,,,,,,,,
6.32665,7.16E-08,-9.99560833,,,,,,,,,,,,,,
6.32675,5.61E-08,-9.995453835,,,,,,,,,,,,,,
6.32685,4.49E-08,-9.995677948,,,,,,,,,,,,,,
6.32695,3.77E-08,-9.995902061,,,,,,,,,,,,,,
6.32705,-5.78E-06,-3.276740313,,,,,,,,,,,,,,
6.32715,-3.89E-07,-0.002496186,,,,,,,,,,,,,,
6.32725,1.96E-06,-0.002176649,,,,,,,,,,,,,,
6.32735,2.53E-06,-0.001611954,,,,,,,,,,,,,,
6.32745,2.72E-06,-0.001437373,,,,,,,,,,,,,,
6.32755,2.81E-06,-0.001561782,,,,,,,,,,,,,,
6.32765,2.85E-06,-0.001949293,,,,,,,,,,,,,,
6.32775,2.88E-06,-0.001515762,,,,,,,,,,,,,,
6.32785,2.89E-06,-0.001628068,,,,,,,,,,,,,,
6.32795,2.90E-06,-0.001658396,,,,,,,,,,,,,,
6.32805,7.03E-06,-6.710613728,,,,,,,,,,,,,,
6.32815,2.17E-06,-9.99497509,,,,,,,,,,,,,,
6.32825,5.87E-07,-9.995107651,,,,,,,,,,,,,,
6.32835,2.50E-07,-9.995409012,,,,,,,,,,,,,,
6.32845,1.43E-07,-9.995449066,,,,,,,,,,,,,,
6.32855,9.65E-08,-9.995783806,,,,,,,,,,,,,,
6.32865,7.13E-08,-9.995682716,,,,,,,,,,,,,,
6.32875,5.58E-08,-9.995711327,,,,,,,,,,,,,,
6.32885,4.52E-08,-9.995689392,,,,,,,,,,,,,,
6.32895,3.75E-08,-9.995666504,,,,,,,,,,,,,,
6.32905,-5.77E-06,-3.296964169,,,,,,,,,,,,,,
6.32915,-3.93E-07,-0.002666333,,,,,,,,,,,,,,
6.32925,1.97E-06,-0.00228987,,,,,,,,,,,,,,
6.32935,2.53E-06,-0.001949927,,,,,,,,,,,,,,
6.32945,2.73E-06,-0.00199468,,,,,,,,,,,,,,
6.32955,2.81E-06,-0.001884063,,,,,,,,,,,,,,
6.32965,2.86E-06,-0.001507389,,,,,,,,,,,,,,
6.32975,2.88E-06,-0.001506685,,,,,,,,,,,,,,
6.32985,2.90E-06,-0.001276162,,,,,,,,,,,,,,
6.32995,2.91E-06,-0.001049158,,,,,,,,,,,,,,
6.33005,7.03E-06,-6.690351963,,,,,,,,,,,,,,
6.33015,2.18E-06,-9.99488163,,,,,,,,,,,,,,
6.33025,5.88E-07,-9.995221138,,,,,,,,,,,,,,
6.33035,2.50E-07,-9.995574951,,,,,,,,,,,,,,
6.33045,1.43E-07,-9.995462418,,,,,,,,,,,,,,
6.33055,9.67E-08,-9.995275497,,,,,,,,,,,,,,
6.33065,7.14E-08,-9.995778084,,,,,,,,,,,,,,
6.33075,5.55E-08,-9.995798111,,,,,,,,,,,,,,
6.33085,4.50E-08,-9.9958992,,,,,,,,,,,,,,
6.33095,3.77E-08,-9.995679855,,,,,,,,,,,,,,
6.33105,-5.76E-06,-3.316713572,,,,,,,,,,,,,,
6.33115,-4.00E-07,-0.002415827,,,,,,,,,,,,,,
6.33125,1.97E-06,-0.002205992,,,,,,,,,,,,,,
6.33135,2.54E-06,-0.001983773,,,,,,,,,,,,,,
6.33145,2.73E-06,-0.001705612,,,,,,,,,,,,,,
6.33155,2.82E-06,-0.001796175,,,,,,,,,,,,,,
6.33165,2.86E-06,-0.001972022,,,,,,,,,,,,,,
6.33175,2.89E-06,-0.001542783,,,,,,,,,,,,,,
6.33185,2.90E-06,-0.00159021,,,,,,,,,,,,,,
6.33195,2.91E-06,-0.001539335,,,,,,,,,,,,,,
6.33205,7.02E-06,-6.670755386,,,,,,,,,,,,,,
6.33215,2.19E-06,-9.994700432,,,,,,,,,,,,,,
6.33225,5.89E-07,-9.995152473,,,,,,,,,,,,,,
6.33235,2.50E-07,-9.995381355,,,,,,,,,,,,,,
6.33245,1.43E-07,-9.995490074,,,,,,,,,,,,,,
6.33255,9.66E-08,-9.995886803,,,,,,,,,,,,,,
6.33265,7.18E-08,-9.996154785,,,,,,,,,,,,,,
6.33275,5.60E-08,-9.995968819,,,,,,,,,,,,,,
6.33285,4.51E-08,-9.99596405,,,,,,,,,,,,,,
6.33295,3.78E-08,-9.995977402,,,,,,,,,,,,,,
6.33305,-5.76E-06,-3.336703062,,,,,,,,,,,,,,
6.33315,-4.05E-07,-0.002154906,,,,,,,,,,,,,,
6.33325,1.97E-06,-0.002219432,,,,,,,,,,,,,,
6.33335,2.54E-06,-0.001866894,,,,,,,,,,,,,,
6.33345,2.74E-06,-0.00175114,,,,,,,,,,,,,,
6.33355,2.82E-06,-0.001548412,,,,,,,,,,,,,,
6.33365,2.87E-06,-0.001418726,,,,,,,,,,,,,,
6.33375,2.89E-06,-0.001329993,,,,,,,,,,,,,,
6.33385,2.91E-06,-0.001503026,,,,,,,,,,,,,,
6.33395,2.92E-06,-0.001554183,,,,,,,,,,,,,,
6.33405,7.02E-06,-6.650706768,,,,,,,,,,,,,,
6.33415,2.20E-06,-9.994809151,,,,,,,,,,,,,,
6.33425,5.90E-07,-9.995053291,,,,,,,,,,,,,,
6.33435,2.51E-07,-9.995128632,,,,,,,,,,,,,,
6.33445,1.43E-07,-9.995391846,,,,,,,,,,,,,,
6.33455,9.69E-08,-9.995330811,,,,,,,,,,,,,,
6.33465,7.16E-08,-9.995316505,,,,,,,,,,,,,,
6.33475,5.61E-08,-9.995358467,,,,,,,,,,,,,,
6.33485,4.53E-08,-9.995271683,,,,,,,,,,,,,,
6.33495,3.78E-08,-9.995052338,,,,,,,,,,,,,,
6.33505,-5.75E-06,-3.356265306,,,,,,,,,,,,,,
6.33515,-4.12E-07,-0.002473809,,,,,,,,,,,,,,
6.33525,1.97E-06,-0.001910943,,,,,,,,,,,,,,
6.33535,2.54E-06,-0.001770843,,,,,,,,,,,,,,
6.33545,2.74E-06,-0.001438851,,,,,,,,,,,,,,
6.33555,2.83E-06,-0.001298891,,,,,,,,,,,,,,
6.33565,2.87E-06,-0.001319016,,,,,,,,,,,,,,
6.33575,2.90E-06,-0.00136187,,,,,,,,,,,,,,
6.33585,2.91E-06,-0.001152316,,,,,,,,,,,,,,
6.33595,2.92E-06,-0.001187007,,,,,,,,,,,,,,
6.33605,7.02E-06,-6.630251884,,,,,,,,,,,,,,
6.33615,2.20E-06,-9.99459362,,,,,,,,,,,,,,
6.33625,5.92E-07,-9.994762421,,,,,,,,,,,,,,
6.33635,2.51E-07,-9.995098114,,,,,,,,,,,,,,
6.33645,1.43E-07,-9.995186806,,,,,,,,,,,,,,
6.33655,9.68E-08,-9.995640755,,,,,,,,,,,,,,
6.33665,7.19E-08,-9.995369911,,,,,,,,,,,,,,
6.33675,5.63E-08,-9.995341301,,,,,,,,,,,,,,
6.33685,4.54E-08,-9.995359421,,,,,,,,,,,,,,
6.33695,3.73E-08,-9.995606422,,,,,,,,,,,,,,
6.33705,-5.74E-06,-3.376643181,,,,,,,,,,,,,,
6.33715,-4.18E-07,-0.002483801,,,,,,,,,,,,,,
6.33725,1.98E-06,-0.002016213,,,,,,,,,,,,,,
6.33735,2.55E-06,-0.001873227,,,,,,,,,,,,,,
6.33745,2.74E-06,-0.001711171,,,,,,,,,,,,,,
6.33755,2.83E-06,-0.001507037,,,,,,,,,,,,,,
6.33765,2.87E-06,-0.001490078,,,,,,,,,,,,,,
6.33775,2.90E-06,-0.001490149,,,,,,,,,,,,,,
6.33785,2.91E-06,-0.001150276,,,,,,,,,,,,,,
6.33795,2.92E-06,-0.001357929,,,,,,,,,,,,,,
6.33805,7.02E-06,-6.610095978,,,,,,,,,,,,,,
6.33815,2.21E-06,-9.99403286,,,,,,,,,,,,,,
6.33825,5.93E-07,-9.994479179,,,,,,,,,,,,,,
6.33835,2.52E-07,-9.994960785,,,,,,,,,,,,,,
6.33845,1.43E-07,-9.995220184,,,,,,,,,,,,,,
6.33855,9.72E-08,-9.995297432,,,,,,,,,,,,,,
6.33865,7.17E-08,-9.995236397,,,,,,,,,,,,,,
6.33875,5.60E-08,-9.995150566,,,,,,,,,,,,,,
6.33885,4.54E-08,-9.99530983,,,,,,,,,,,,,,
6.33895,3.75E-08,-9.995072365,,,,,,,,,,,,,,
6.33905,-5.73E-06,-3.396395922,,,,,,,,,,,,,,
6.33915,-4.26E-07,-0.002517085,,,,,,,,,,,,,,
6.33925,1.98E-06,-0.001894266,,,,,,,,,,,,,,
6.33935,2.55E-06,-0.001710679,,,,,,,,,,,,,,
6.33945,2.75E-06,-0.001417882,,,,,,,,,,,,,,
6.33955,2.83E-06,-0.001594221,,,,,,,,,,,,,,
6.33965,2.88E-06,-0.001424426,,,,,,,,,,,,,,
6.33975,2.90E-06,-0.001562627,,,,,,,,,,,,,,
6.33985,2.92E-06,-0.001383824,,,,,,,,,,,,,,
6.33995,2.93E-06,-0.001107774,,,,,,,,,,,,,,
6.34005,7.02E-06,-6.590466976,,,,,,,,,,,,,,
6.34015,2.22E-06,-9.994782448,,,,,,,,,,,,,,
6.34025,5.94E-07,-9.994682312,,,,,,,,,,,,,,
6.34035,2.52E-07,-9.995164871,,,,,,,,,,,,,,
6.34045,1.44E-07,-9.995533943,,,,,,,,,,,,,,
6.34055,9.71E-08,-9.995894432,,,,,,,,,,,,,,
6.34065,7.15E-08,-9.995557785,,,,,,,,,,,,,,
6.34075,5.60E-08,-9.995706558,,,,,,,,,,,,,,
6.34085,4.54E-08,-9.995739937,,,,,,,,,,,,,,
6.34095,3.80E-08,-9.995760918,,,,,,,,,,,,,,
6.34105,-5.72E-06,-3.416357994,,,,,,,,,,,,,,
6.34115,-4.33E-07,-0.002436867,,,,,,,,,,,,,,
6.34125,1.98E-06,-0.001874212,,,,,,,,,,,,,,
6.34135,2.55E-06,-0.001732774,,,,,,,,,,,,,,
6.34145,2.75E-06,-0.001920443,,,,,,,,,,,,,,
6.34155,2.84E-06,-0.001720389,,,,,,,,,,,,,,
6.34165,2.88E-06,-0.001380165,,,,,,,,,,,,,,
6.34175,2.91E-06,-0.001374606,,,,,,,,,,,,,,
6.34185,2.93E-06,-0.001415137,,,,,,,,,,,,,,
6.34195,2.93E-06,-0.001327742,,,,,,,,,,,,,,
6.34205,7.01E-06,-6.570633888,,,,,,,,,,,,,,
6.34215,2.23E-06,-9.994701385,,,,,,,,,,,,,,
6.34225,5.96E-07,-9.995020866,,,,,,,,,,,,,,
6.34235,2.52E-07,-9.995310783,,,,,,,,,,,,,,
6.34245,1.44E-07,-9.995081902,,,,,,,,,,,,,,
6.34255,9.72E-08,-9.995026588,,,,,,,,,,,,,,
6.34265,7.19E-08,-9.995057106,,,,,,,,,,,,,,
6.34275,5.61E-08,-9.995248795,,,,,,,,,,,,,,
6.34285,4.57E-08,-9.995482445,,,,,,,,,,,,,,
6.34295,3.79E-08,-9.995689392,,,,,,,,,,,,,,
6.34305,-5.72E-06,-3.436795712,,,,,,,,,,,,,,
6.34315,-4.42E-07,-0.00256409,,,,,,,,,,,,,,
6.34325,1.98E-06,-0.002108323,,,,,,,,,,,,,,
6.34335,2.55E-06,-0.001924806,,,,,,,,,,,,,,
6.34345,2.75E-06,-0.001887652,,,,,,,,,,,,,,
6.34355,2.84E-06,-0.001754729,,,,,,,,,,,,,,
6.34365,2.89E-06,-0.001539617,,,,,,,,,,,,,,
6.34375,2.91E-06,-0.001607099,,,,,,,,,,,,,,
6.34385,2.93E-06,-0.001683236,,,,,,,,,,,,,,
6.34395,2.93E-06,-0.001470798,,,,,,,,,,,,,,
6.34405,7.01E-06,-6.550529003,,,,,,,,,,,,,,
6.34415,2.23E-06,-9.994617462,,,,,,,,,,,,,,
6.34425,5.97E-07,-9.994315147,,,,,,,,,,,,,,
6.34435,2.53E-07,-9.995093346,,,,,,,,,,,,,,
6.34445,1.44E-07,-9.995222092,,,,,,,,,,,,,,
6.34455,9.73E-08,-9.995376587,,,,,,,,,,,,,,
6.34465,7.20E-08,-9.995392799,,,,,,,,,,,,,,
6.34475,5.61E-08,-9.995586395,,,,,,,,,,,,,,
6.34485,4.58E-08,-9.995573044,,,,,,,,,,,,,,
6.34495,3.79E-08,-9.995279312,,,,,,,,,,,,,,
6.34505,-5.71E-06,-3.456254244,,,,,,,,,,,,,,
6.34515,-4.49E-07,-0.002211129,,,,,,,,,,,,,,
6.34525,1.98E-06,-0.001568467,,,,,,,,,,,,,,
6.34535,2.56E-06,-0.00124126,,,,,,,,,,,,,,
6.34545,2.76E-06,-0.001461931,,,,,,,,,,,,,,
6.34555,2.84E-06,-0.001413448,,,,,,,,,,,,,,
6.34565,2.89E-06,-0.001351033,,,,,,,,,,,,,,
6.34575,2.92E-06,-0.001288829,,,,,,,,,,,,,,
6.34585,2.93E-06,-0.001426748,,,,,,,,,,,,,,
6.34595,2.94E-06,-0.001437373,,,,,,,,,,,,,,
6.34605,7.01E-06,-6.530389786,,,,,,,,,,,,,,
6.34615,2.24E-06,-9.994524956,,,,,,,,,,,,,,
6.34625,5.98E-07,-9.995059967,,,,,,,,,,,,,,
6.34635,2.53E-07,-9.995160103,,,,,,,,,,,,,,
6.34645,1.44E-07,-9.995503426,,,,,,,,,,,,,,
6.34655,9.73E-08,-9.995276451,,,,,,,,,,,,,,
6.34665,7.15E-08,-9.995490074,,,,,,,,,,,,,,
6.34675,5.57E-08,-9.995345116,,,,,,,,,,,,,,
6.34685,4.51E-08,-9.995630264,,,,,,,,,,,,,,
6.34695,3.68E-08,-9.995475769,,,,,,,,,,,,,,
6.34705,-5.70E-06,-3.476450443,,,,,,,,,,,,,,
6.34715,-4.53E-07,-0.002244976,,,,,,,,,,,,,,
6.34725,1.98E-06,-0.002123381,,,,,,,,,,,,,,
6.34735,2.56E-06,-0.00159197,,,,,,,,,,,,,,
6.34745,2.76E-06,-0.001357999,,,,,,,,,,,,,,
6.34755,2.85E-06,-0.001573815,,,,,,,,,,,,,,
6.34765,2.90E-06,-0.001386991,,,,,,,,,,,,,,
6.34775,2.92E-06,-0.001638623,,,,,,,,,,,,,,
6.34785,2.94E-06,-0.001515621,,,,,,,,,,,,,,
6.34795,2.95E-06,-0.001386709,,,,,,,,,,,,,,
6.34805,7.01E-06,-6.510556221,,,,,,,,,,,,,,
6.34815,2.25E-06,-9.99474144,,,,,,,,,,,,,,
6.34825,6.00E-07,-9.994585991,,,,,,,,,,,,,,
6.34835,2.53E-07,-9.995225906,,,,,,,,,,,,,,
6.34845,1.44E-07,-9.995265007,,,,,,,,,,,,,,
6.34855,9.71E-08,-9.995137215,,,,,,,,,,,,,,
6.34865,7.15E-08,-9.995101929,,,,,,,,,,,,,,
6.34875,5.60E-08,-9.995415688,,,,,,,,,,,,,,
6.34885,4.55E-08,-9.995656013,,,,,,,,,,,,,,
6.34895,3.78E-08,-9.995455742,,,,,,,,,,,,,,
6.34905,-5.69E-06,-3.496327639,,,,,,,,,,,,,,
6.34915,-4.59E-07,-0.002430956,,,,,,,,,,,,,,
6.34925,1.99E-06,-0.001779498,,,,,,,,,,,,,,
6.34935,2.57E-06,-0.001481845,,,,,,,,,,,,,,
6.34945,2.77E-06,-0.001324716,,,,,,,,,,,,,,
6.34955,2.85E-06,-0.001360462,,,,,,,,,,,,,,
6.34965,2.90E-06,-0.001332878,,,,,,,,,,,,,,
6.34975,2.93E-06,-0.001424144,,,,,,,,,,,,,,
6.34985,2.94E-06,-0.001357859,,,,,,,,,,,,,,
6.34995,2.95E-06,-0.001149783,,,,,,,,,,,,,,
6.35005,7.01E-06,-6.490592957,,,,,,,,,,,,,,
6.35015,2.25E-06,-9.994947433,,,,,,,,,,,,,,
6.35025,6.00E-07,-9.994956017,,,,,,,,,,,,,,
6.35035,2.53E-07,-9.995399475,,,,,,,,,,,,,,
6.35045,1.44E-07,-9.995268822,,,,,,,,,,,,,,
6.35055,9.71E-08,-9.995400429,,,,,,,,,,,,,,
6.35065,7.18E-08,-9.995669365,,,,,,,,,,,,,,
6.35075,5.58E-08,-9.995582581,,,,,,,,,,,,,,
6.35085,4.55E-08,-9.995977402,,,,,,,,,,,,,,
6.35095,3.76E-08,-9.995790482,,,,,,,,,,,,,,
6.35105,-5.69E-06,-3.51669383,,,,,,,,,,,,,,
6.35115,-4.68E-07,-0.002525248,,,,,,,,,,,,,,
6.35125,1.99E-06,-0.002240965,,,,,,,,,,,,,,
6.35135,2.57E-06,-0.002002984,,,,,,,,,,,,,,
6.35145,2.77E-06,-0.001814189,,,,,,,,,,,,,,
6.35155,2.86E-06,-0.001611743,,,,,,,,,,,,,,
6.35165,2.90E-06,-0.001535395,,,,,,,,,,,,,,
6.35175,2.93E-06,-0.001418726,,,,,,,,,,,,,,
6.35185,2.95E-06,-0.001479242,,,,,,,,,,,,,,
6.35195,2.95E-06,-0.001594925,,,,,,,,,,,,,,
6.35205,7.00E-06,-6.470769405,,,,,,,,,,,,,,
6.35215,2.26E-06,-9.994857788,,,,,,,,,,,,,,
6.35225,6.02E-07,-9.995141029,,,,,,,,,,,,,,
6.35235,2.53E-07,-9.995723724,,,,,,,,,,,,,,
6.35245,1.44E-07,-9.995373726,,,,,,,,,,,,,,
6.35255,9.72E-08,-9.995752335,,,,,,,,,,,,,,
6.35265,7.22E-08,-9.995707512,,,,,,,,,,,,,,
6.35275,5.60E-08,-9.995780945,,,,,,,,,,,,,,
6.35285,4.53E-08,-9.995796204,,,,,,,,,,,,,,
6.35295,3.77E-08,-9.99569416,,,,,,,,,,,,,,
6.35305,-5.68E-06,-3.536360979,,,,,,,,,,,,,,
6.35315,-4.74E-07,-0.002265382,,,,,,,,,,,,,,
6.35325,1.99E-06,-0.002095305,,,,,,,,,,,,,,
6.35335,2.57E-06,-0.001476849,,,,,,,,,,,,,,
6.35345,2.77E-06,-0.001552494,,,,,,,,,,,,,,
6.35355,2.86E-06,-0.001599358,,,,,,,,,,,,,,
6.35365,2.91E-06,-0.001301354,,,,,,,,,,,,,,
6.35375,2.93E-06,-0.001431251,,,,,,,,,,,,,,
6.35385,2.95E-06,-0.001651571,,,,,,,,,,,,,,
6.35395,2.96E-06,-0.001221347,,,,,,,,,,,,,,
6.35405,7.00E-06,-6.450401783,,,,,,,,,,,,,,
6.35415,2.27E-06,-9.994473457,,,,,,,,,,,,,,
6.35425,6.03E-07,-9.994965553,,,,,,,,,,,,,,
6.35435,2.54E-07,-9.99554348,,,,,,,,,,,,,,
6.35445,1.44E-07,-9.995630264,,,,,,,,,,,,,,
6.35455,9.73E-08,-9.995622635,,,,,,,,,,,,,,
6.35465,7.21E-08,-9.995501518,,,,,,,,,,,,,,
6.35475,5.61E-08,-9.995693207,,,,,,,,,,,,,,
6.35485,4.53E-08,-9.995614052,,,,,,,,,,,,,,
6.35495,3.75E-08,-9.995738983,,,,,,,,,,,,,,
6.35505,-5.67E-06,-3.556404591,,,,,,,,,,,,,,
6.35515,-4.84E-07,-0.002310417,,,,,,,,,,,,,,
6.35525,1.99E-06,-0.001986377,,,,,,,,,,,,,,
6.35535,2.58E-06,-0.001783016,,,,,,,,,,,,,,
6.35545,2.78E-06,-0.001715675,,,,,,,,,,,,,,
6.35555,2.86E-06,-0.001786675,,,,,,,,,,,,,,
6.35565,2.91E-06,-0.001315779,,,,,,,,,,,,,,
6.35575,2.94E-06,-0.001356311,,,,,,,,,,,,,,
6.35585,2.95E-06,-0.001322112,,,,,,,,,,,,,,
6.35595,2.96E-06,-0.001340126,,,,,,,,,,,,,,
6.35605,7.00E-06,-6.430500507,,,,,,,,,,,,,,
6.35615,2.28E-06,-9.994584084,,,,,,,,,,,,,,
6.35625,6.04E-07,-9.994817734,,,,,,,,,,,,,,
6.35635,2.54E-07,-9.995178223,,,,,,,,,,,,,,
6.35645,1.44E-07,-9.995558739,,,,,,,,,,,,,,
6.35655,9.75E-08,-9.996025085,,,,,,,,,,,,,,
6.35665,7.20E-08,-9.995830536,,,,,,,,,,,,,,
6.35675,5.61E-08,-9.995764732,,,,,,,,,,,,,,
6.35685,4.57E-08,-9.995737076,,,,,,,,,,,,,,
6.35695,3.80E-08,-9.995698929,,,,,,,,,,,,,,
6.35705,-5.66E-06,-3.576659441,,,,,,,,,,,,,,
6.35715,-4.92E-07,-0.002322027,,,,,,,,,,,,,,
6.35725,1.99E-06,-0.002056814,,,,,,,,,,,,,,
6.35735,2.58E-06,-0.001795823,,,,,,,,,,,,,,
6.35745,2.78E-06,-0.001651359,,,,,,,,,,,,,,
6.35755,2.87E-06,-0.001508796,,,,,,,,,,,,,,
6.35765,2.91E-06,-0.001657692,,,,,,,,,,,,,,
6.35775,2.94E-06,-0.001583526,,,,,,,,,,,,,,
6.35785,2.95E-06,-0.001933953,,,,,,,,,,,,,,
6.35795,2.96E-06,-0.001742485,,,,,,,,,,,,,,
6.35805,7.00E-06,-6.410964489,,,,,,,,,,,,,,
6.35815,2.28E-06,-9.99461937,,,,,,,,,,,,,,
6.35825,6.06E-07,-9.995130539,,,,,,,,,,,,,,
6.35835,2.55E-07,-9.995384216,,,,,,,,,,,,,,
6.35845,1.45E-07,-9.99557209,,,,,,,,,,,,,,
6.35855,9.72E-08,-9.995794296,,,,,,,,,,,,,,
6.35865,7.20E-08,-9.99571228,,,,,,,,,,,,,,
6.35875,5.60E-08,-9.995856285,,,,,,,,,,,,,,
6.35885,4.59E-08,-9.995970726,,,,,,,,,,,,,,
6.35895,3.75E-08,-9.995671272,,,,,,,,,,,,,,
6.35905,-5.65E-06,-3.596384287,,,,,,,,,,,,,,
6.35915,-4.98E-07,-0.002514411,,,,,,,,,,,,,,
6.35925,1.99E-06,-0.002134711,,,,,,,,,,,,,,
6.35935,2.58E-06,-0.001820592,,,,,,,,,,,,,,
6.35945,2.78E-06,-0.001747129,,,,,,,,,,,,,,
6.35955,2.87E-06,-0.00152104,,,,,,,,,,,,,,
6.35965,2.92E-06,-0.001514918,,,,,,,,,,,,,,
6.35975,2.94E-06,-0.001510344,,,,,,,,,,,,,,
6.35985,2.96E-06,-0.001491626,,,,,,,,,,,,,,
6.35995,2.97E-06,-0.001385654,,,,,,,,,,,,,,
6.36005,6.99E-06,-6.390779018,,,,,,,,,,,,,,
6.36015,2.29E-06,-9.994777679,,,,,,,,,,,,,,
6.36025,6.06E-07,-9.994935036,,,,,,,,,,,,,,
6.36035,2.55E-07,-9.995175362,,,,,,,,,,,,,,
6.36045,1.45E-07,-9.994954109,,,,,,,,,,,,,,
6.36055,9.75E-08,-9.995140076,,,,,,,,,,,,,,
6.36065,7.20E-08,-9.995457649,,,,,,,,,,,,,,
6.36075,5.64E-08,-9.995534897,,,,,,,,,,,,,,
6.36085,4.57E-08,-9.995713234,,,,,,,,,,,,,,
6.36095,3.79E-08,-9.995729446,,,,,,,,,,,,,,
6.36105,-5.64E-06,-3.616679192,,,,,,,,,,,,,,
6.36115,-5.07E-07,-0.002459666,,,,,,,,,,,,,,
6.36125,1.99E-06,-0.002078417,,,,,,,,,,,,,,
6.36135,2.58E-06,-0.001843743,,,,,,,,,,,,,,
6.36145,2.79E-06,-0.001831851,,,,,,,,,,,,,,
6.36155,2.88E-06,-0.00148459,,,,,,,,,,,,,,
6.36165,2.92E-06,-0.001530821,,,,,,,,,,,,,,
6.36175,2.95E-06,-0.001504363,,,,,,,,,,,,,,
6.36185,2.96E-06,-0.001320001,,,,,,,,,,,,,,
6.36195,2.97E-06,-0.001338156,,,,,,,,,,,,,,
6.36205,6.99E-06,-6.370677471,,,,,,,,,,,,,,
6.36215,2.30E-06,-9.994822502,,,,,,,,,,,,,,
6.36225,6.08E-07,-9.995090485,,,,,,,,,,,,,,
6.36235,2.56E-07,-9.995700836,,,,,,,,,,,,,,
6.36245,1.45E-07,-9.995733261,,,,,,,,,,,,,,
6.36255,9.74E-08,-9.995985031,,,,,,,,,,,,,,
6.36265,7.21E-08,-9.996153831,,,,,,,,,,,,,,
6.36275,5.60E-08,-9.99630928,,,,,,,,,,,,,,
6.36285,4.50E-08,-9.996106148,,,,,,,,,,,,,,
6.36295,3.74E-08,-9.996195793,,,,,,,,,,,,,,
6.36305,-5.64E-06,-3.636615515,,,,,,,,,,,,,,
6.36315,-5.13E-07,-0.002453473,,,,,,,,,,,,,,
6.36325,2.00E-06,-0.002377266,,,,,,,,,,,,,,
6.36335,2.59E-06,-0.001935924,,,,,,,,,,,,,,
6.36345,2.79E-06,-0.001721515,,,,,,,,,,,,,,
6.36355,2.88E-06,-0.001591829,,,,,,,,,,,,,,
6.36365,2.93E-06,-0.001449054,,,,,,,,,,,,,,
6.36375,2.95E-06,-0.001270392,,,,,,,,,,,,,,
6.36385,2.97E-06,-0.001402964,,,,,,,,,,,,,,
6.36395,2.98E-06,-0.001438007,,,,,,,,,,,,,,
6.36405,6.99E-06,-6.351028442,,,,,,,,,,,,,,
6.36415,2.31E-06,-9.995225906,,,,,,,,,,,,,,
6.36425,6.09E-07,-9.995625496,,,,,,,,,,,,,,
6.36435,2.56E-07,-9.995894432,,,,,,,,,,,,,,
6.36445,1.45E-07,-9.995919228,,,,,,,,,,,,,,
6.36455,9.76E-08,-9.995845795,,,,,,,,,,,,,,
6.36465,7.19E-08,-9.995707512,,,,,,,,,,,,,,
6.36475,5.57E-08,-9.995692253,,,,,,,,,,,,,,
6.36485,4.50E-08,-9.995811462,,,,,,,,,,,,,,
6.36495,3.76E-08,-9.995773315,,,,,,,,,,,,,,
6.36505,-5.63E-06,-3.656047106,,,,,,,,,,,,,,
6.36515,-5.20E-07,-0.002018042,,,,,,,,,,,,,,
6.36525,2.00E-06,-0.001833188,,,,,,,,,,,,,,
6.36535,2.59E-06,-0.001499015,,,,,,,,,,,,,,
6.36545,2.79E-06,-0.001317538,,,,,,,,,,,,,,
6.36555,2.88E-06,-0.001111011,,,,,,,,,,,,,,
6.36565,2.93E-06,-0.001089901,,,,,,,,,,,,,,
6.36575,2.96E-06,-0.001451587,,,,,,,,,,,,,,
6.36585,2.97E-06,-0.001535606,,,,,,,,,,,,,,
6.36595,2.98E-06,-0.001524699,,,,,,,,,,,,,,
6.36605,6.99E-06,-6.330870628,,,,,,,,,,,,,,
6.36615,2.32E-06,-9.994913101,,,,,,,,,,,,,,
6.36625,6.10E-07,-9.995096207,,,,,,,,,,,,,,
6.36635,2.56E-07,-9.995430946,,,,,,,,,,,,,,
6.36645,1.45E-07,-9.995728493,,,,,,,,,,,,,,
6.36655,9.79E-08,-9.99590683,,,,,,,,,,,,,,
6.36665,7.19E-08,-9.99595356,,,,,,,,,,,,,,
6.36675,5.61E-08,-9.996181488,,,,,,,,,,,,,,
6.36685,4.52E-08,-9.996123314,,,,,,,,,,,,,,
6.36695,3.73E-08,-9.995900154,,,,,,,,,,,,,,
6.36705,-5.62E-06,-3.676279545,,,,,,,,,,,,,,
6.36715,-5.29E-07,-0.002304928,,,,,,,,,,,,,,
6.36725,2.00E-06,-0.001934376,,,,,,,,,,,,,,
6.36735,2.59E-06,-0.001560023,,,,,,,,,,,,,,
6.36745,2.80E-06,-0.001576137,,,,,,,,,,,,,,
6.36755,2.89E-06,-0.001690061,,,,,,,,,,,,,,
6.36765,2.93E-06,-0.001423933,,,,,,,,,,,,,,
6.36775,2.96E-06,-0.001386779,,,,,,,,,,,,,,
6.36785,2.98E-06,-0.001186796,,,,,,,,,,,,,,
6.36795,2.98E-06,-0.001218039,,,,,,,,,,,,,,
6.36805,6.99E-06,-6.310744762,,,,,,,,,,,,,,
6.36815,2.32E-06,-9.994895935,,,,,,,,,,,,,,
6.36825,6.12E-07,-9.995227814,,,,,,,,,,,,,,
6.36835,2.57E-07,-9.995025635,,,,,,,,,,,,,,
6.36845,1.45E-07,-9.995409966,,,,,,,,,,,,,,
6.36855,9.82E-08,-9.995080948,,,,,,,,,,,,,,
6.36865,7.23E-08,-9.995409012,,,,,,,,,,,,,,
6.36875,5.65E-08,-9.995482445,,,,,,,,,,,,,,
6.36885,4.53E-08,-9.995598793,,,,,,,,,,,,,,
6.36895,3.77E-08,-9.995638847,,,,,,,,,,,,,,
6.36905,-5.61E-06,-3.696214676,,,,,,,,,,,,,,
6.36915,-5.37E-07,-0.002261582,,,,,,,,,,,,,,
6.36925,2.00E-06,-0.001989473,,,,,,,,,,,,,,
6.36935,2.60E-06,-0.001257023,,,,,,,,,,,,,,
6.36945,2.80E-06,-0.001263989,,,,,,,,,,,,,,
6.36955,2.89E-06,-0.001470235,,,,,,,,,,,,,,
6.36965,2.94E-06,-0.001470868,,,,,,,,,,,,,,
6.36975,2.96E-06,-0.001306209,,,,,,,,,,,,,,
6.36985,2.98E-06,-0.00122782,,,,,,,,,,,,,,
6.36995,2.99E-06,-0.001264622,,,,,,,,,,,,,,
6.37005,6.98E-06,-6.290649891,,,,,,,,,,,,,,
6.37015,2.33E-06,-9.994589806,,,,,,,,,,,,,,
6.37025,6.14E-07,-9.994812012,,,,,,,,,,,,,,
6.37035,2.57E-07,-9.995300293,,,,,,,,,,,,,,
6.37045,1.46E-07,-9.995621681,,,,,,,,,,,,,,
6.37055,9.81E-08,-9.995969772,,,,,,,,,,,,,,
6.37065,7.25E-08,-9.995857239,,,,,,,,,,,,,,
6.37075,5.63E-08,-9.996216774,,,,,,,,,,,,,,
6.37085,4.56E-08,-9.995931625,,,,,,,,,,,,,,
6.37095,3.79E-08,-9.995596886,,,,,,,,,,,,,,
6.37105,-5.60E-06,-3.716648579,,,,,,,,,,,,,,
6.37115,-5.45E-07,-0.002407664,,,,,,,,,,,,,,
6.37125,2.00E-06,-0.001933461,,,,,,,,,,,,,,
6.37135,2.60E-06,-0.00151724,,,,,,,,,,,,,,
6.37145,2.80E-06,-0.001692454,,,,,,,,,,,,,,
6.37155,2.89E-06,-0.001604917,,,,,,,,,,,,,,
6.37165,2.94E-06,-0.001426537,,,,,,,,,,,,,,
6.37175,2.97E-06,-0.00125653,,,,,,,,,,,,,,
6.37185,2.98E-06,-0.001362081,,,,,,,,,,,,,,
6.37195,2.99E-06,-0.00147319,,,,,,,,,,,,,,
6.37205,6.98E-06,-6.27102232,,,,,,,,,,,,,,
6.37215,2.34E-06,-9.995017052,,,,,,,,,,,,,,
6.37225,6.15E-07,-9.995268822,,,,,,,,,,,,,,
6.37235,2.57E-07,-9.995807648,,,,,,,,,,,,,,
6.37245,1.46E-07,-9.996109009,,,,,,,,,,,,,,
6.37255,9.81E-08,-9.996127129,,,,,,,,,,,,,,
6.37265,7.23E-08,-9.996312141,,,,,,,,,,,,,,
6.37275,5.64E-08,-9.996137619,,,,,,,,,,,,,,
6.37285,4.56E-08,-9.995916367,,,,,,,,,,,,,,
6.37295,3.78E-08,-9.99612999,,,,,,,,,,,,,,
6.37305,-5.59E-06,-3.736045122,,,,,,,,,,,,,,
6.37315,-5.52E-07,-0.001649108,,,,,,,,,,,,,,
6.37325,2.00E-06,-0.001312683,,,,,,,,,,,,,,
6.37335,2.60E-06,-0.001161183,,,,,,,,,,,,,,
6.37345,2.81E-06,-0.001276585,,,,,,,,,,,,,,
6.37355,2.90E-06,-0.00153068,,,,,,,,,,,,,,
6.37365,2.95E-06,-0.001350259,,,,,,,,,,,,,,
6.37375,2.97E-06,-0.001251534,,,,,,,,,,,,,,
6.37385,2.99E-06,-0.001234224,,,,,,,,,,,,,,
6.37395,2.99E-06,-0.001153794,,,,,,,,,,,,,,
6.37405,6.98E-06,-6.250858307,,,,,,,,,,,,,,
6.37415,2.35E-06,-9.995121956,,,,,,,,,,,,,,
6.37425,6.16E-07,-9.995183945,,,,,,,,,,,,,,
6.37435,2.58E-07,-9.995684624,,,,,,,,,,,,,,
6.37445,1.46E-07,-9.995948792,,,,,,,,,,,,,,
6.37455,9.80E-08,-9.996055603,,,,,,,,,,,,,,
6.37465,7.24E-08,-9.996293068,,,,,,,,,,,,,,
6.37475,5.66E-08,-9.996353149,,,,,,,,,,,,,,
6.37485,4.59E-08,-9.996066093,,,,,,,,,,,,,,
6.37495,3.78E-08,-9.996186256,,,,,,,,,,,,,,
6.37505,-5.59E-06,-3.756227732,,,,,,,,,,,,,,
6.37515,-5.60E-07,-0.002288814,,,,,,,,,,,,,,
6.37525,2.00E-06,-0.001769717,,,,,,,,,,,,,,
6.37535,2.61E-06,-0.001460031,,,,,,,,,,,,,,
6.37545,2.81E-06,-0.001524277,,,,,,,,,,,,,,
6.37555,2.90E-06,-0.001504715,,,,,,,,,,,,,,
6.37565,2.95E-06,-0.001316412,,,,,,,,,,,,,,
6.37575,2.97E-06,-0.001371932,,,,,,,,,,,,,,
6.37585,2.99E-06,-0.000927564,,,,,,,,,,,,,,
6.37595,3.00E-06,-0.001006305,,,,,,,,,,,,,,
6.37605,6.97E-06,-6.230873585,,,,,,,,,,,,,,
6.37615,2.35E-06,-9.994962692,,,,,,,,,,,,,,
6.37625,6.17E-07,-9.995236397,,,,,,,,,,,,,,
6.37635,2.57E-07,-9.995798111,,,,,,,,,,,,,,
6.37645,1.46E-07,-9.996030807,,,,,,,,,,,,,,
6.37655,9.82E-08,-9.996064186,,,,,,,,,,,,,,
6.37665,7.22E-08,-9.995970726,,,,,,,,,,,,,,
6.37675,5.65E-08,-9.995974541,,,,,,,,,,,,,,
6.37685,4.56E-08,-9.996350288,,,,,,,,,,,,,,
6.37695,3.77E-08,-9.996349335,,,,,,,,,,,,,,
6.37705,-5.58E-06,-3.776466608,,,,,,,,,,,,,,
6.37715,-5.69E-07,-0.002472332,,,,,,,,,,,,,,
6.37725,2.00E-06,-0.002165461,,,,,,,,,,,,,,
6.37735,2.61E-06,-0.001918543,,,,,,,,,,,,,,
6.37745,2.81E-06,-0.002046048,,,,,,,,,,,,,,
6.37755,2.90E-06,-0.001871116,,,,,,,,,,,,,,
6.37765,2.95E-06,-0.001897222,,,,,,,,,,,,,,
6.37775,2.98E-06,-0.00181257,,,,,,,,,,,,,,
6.37785,3.00E-06,-0.001603369,,,,,,,,,,,,,,
6.37795,3.00E-06,-0.0016534,,,,,,,,,,,,,,
6.37805,6.97E-06,-6.210916996,,,,,,,,,,,,,,
6.37815,2.36E-06,-9.994995117,,,,,,,,,,,,,,
6.37825,6.18E-07,-9.995173454,,,,,,,,,,,,,,
6.37835,2.58E-07,-9.995648384,,,,,,,,,,,,,,
6.37845,1.46E-07,-9.995937347,,,,,,,,,,,,,,
6.37855,9.80E-08,-9.996100426,,,,,,,,,,,,,,
6.37865,7.22E-08,-9.996068001,,,,,,,,,,,,,,
6.37875,5.62E-08,-9.996178627,,,,,,,,,,,,,,
6.37885,4.56E-08,-9.996073723,,,,,,,,,,,,,,
6.37895,3.77E-08,-9.996029854,,,,,,,,,,,,,,
6.37905,-5.57E-06,-3.79634881,,,,,,,,,,,,,,
6.37915,-5.76E-07,-0.002212818,,,,,,,,,,,,,,
6.37925,2.00E-06,-0.002183968,,,,,,,,,,,,,,
6.37935,2.61E-06,-0.001617372,,,,,,,,,,,,,,
6.37945,2.82E-06,-0.001533987,,,,,,,,,,,,,,
6.37955,2.91E-06,-0.001529132,,,,,,,,,,,,,,
6.37965,2.96E-06,-0.00127567,,,,,,,,,,,,,,
6.37975,2.98E-06,-0.001144013,,,,,,,,,,,,,,
6.37985,3.00E-06,-0.001322886,,,,,,,,,,,,,,
6.37995,3.01E-06,-0.001501267,,,,,,,,,,,,,,
6.38005,6.97E-06,-6.190934181,,,,,,,,,,,,,,
6.38015,2.37E-06,-9.995219231,,,,,,,,,,,,,,
6.38025,6.20E-07,-9.995353699,,,,,,,,,,,,,,
6.38035,2.59E-07,-9.995316505,,,,,,,,,,,,,,
6.38045,1.46E-07,-9.995625496,,,,,,,,,,,,,,
6.38055,9.81E-08,-9.995807648,,,,,,,,,,,,,,
6.38065,7.26E-08,-9.995688438,,,,,,,,,,,,,,
6.38075,5.60E-08,-9.995566368,,,,,,,,,,,,,,
6.38085,4.57E-08,-9.995444298,,,,,,,,,,,,,,
6.38095,3.82E-08,-9.995639801,,,,,,,,,,,,,,
6.38105,-5.56E-06,-3.816462755,,,,,,,,,,,,,,
6.38115,-5.84E-07,-0.002257853,,,,,,,,,,,,,,
6.38125,2.01E-06,-0.001826925,,,,,,,,,,,,,,
6.38135,2.61E-06,-0.001305717,,,,,,,,,,,,,,
6.38145,2.82E-06,-0.001537294,,,,,,,,,,,,,,
6.38155,2.91E-06,-0.001545668,,,,,,,,,,,,,,
6.38165,2.96E-06,-0.001813555,,,,,,,,,,,,,,
6.38175,2.99E-06,-0.001488601,,,,,,,,,,,,,,
6.38185,3.00E-06,-0.001243231,,,,,,,,,,,,,,
6.38195,3.01E-06,-0.001270322,,,,,,,,,,,,,,
6.38205,6.97E-06,-6.170843124,,,,,,,,,,,,,,
6.38215,2.38E-06,-9.995004654,,,,,,,,,,,,,,
6.38225,6.21E-07,-9.995377541,,,,,,,,,,,,,,
6.38235,2.59E-07,-9.995644569,,,,,,,,,,,,,,
6.38245,1.46E-07,-9.995895386,,,,,,,,,,,,,,
6.38255,9.85E-08,-9.995754242,,,,,,,,,,,,,,
6.38265,7.27E-08,-9.995951653,,,,,,,,,,,,,,
6.38275,5.64E-08,-9.995797157,,,,,,,,,,,,,,
6.38285,4.59E-08,-9.9961586,,,,,,,,,,,,,,
6.38295,3.82E-08,-9.996121407,,,,,,,,,,,,,,
6.38305,-5.55E-06,-3.836583853,,,,,,,,,,,,,,
6.38315,-5.93E-07,-0.002463114,,,,,,,,,,,,,,
6.38325,2.01E-06,-0.002255531,,,,,,,,,,,,,,
6.38335,2.62E-06,-0.001945212,,,,,,,,,,,,,,
6.38345,2.82E-06,-0.001869849,,,,,,,,,,,,,,
6.38355,2.92E-06,-0.001796245,,,,,,,,,,,,,,
6.38365,2.96E-06,-0.001669162,,,,,,,,,,,,,,
6.38375,2.99E-06,-0.001382206,,,,,,,,,,,,,,
6.38385,3.01E-06,-0.001243442,,,,,,,,,,,,,,
6.38395,3.02E-06,-0.001214802,,,,,,,,,,,,,,
6.38405,6.96E-06,-6.150651455,,,,,,,,,,,,,,
6.38415,2.39E-06,-9.994591713,,,,,,,,,,,,,,
6.38425,6.23E-07,-9.995196342,,,,,,,,,,,,,,
6.38435,2.60E-07,-9.995257378,,,,,,,,,,,,,,
6.38445,1.46E-07,-9.995285034,,,,,,,,,,,,,,
6.38455,9.87E-08,-9.995518684,,,,,,,,,,,,,,
6.38465,7.28E-08,-9.995826721,,,,,,,,,,,,,,
6.38475,5.68E-08,-9.995848656,,,,,,,,,,,,,,
6.38485,4.56E-08,-9.995942116,,,,,,,,,,,,,,
6.38495,3.83E-08,-9.996118546,,,,,,,,,,,,,,
6.38505,-5.54E-06,-3.856381416,,,,,,,,,,,,,,
6.38515,-6.00E-07,-0.002422301,,,,,,,,,,,,,,
6.38525,2.01E-06,-0.00218446,,,,,,,,,,,,,,
6.38535,2.62E-06,-0.001605128,,,,,,,,,,,,,,
6.38545,2.83E-06,-0.0014271,,,,,,,,,,,,,,
6.38555,2.92E-06,-0.001596684,,,,,,,,,,,,,,
6.38565,2.97E-06,-0.001566356,,,,,,,,,,,,,,
6.38575,3.00E-06,-0.001311205,,,,,,,,,,,,,,
6.38585,3.01E-06,-0.001324856,,,,,,,,,,,,,,
6.38595,3.02E-06,-0.001320212,,,,,,,,,,,,,,
6.38605,6.96E-06,-6.131048203,,,,,,,,,,,,,,
6.38615,2.40E-06,-9.994888306,,,,,,,,,,,,,,
6.38625,6.24E-07,-9.995210648,,,,,,,,,,,,,,
6.38635,2.60E-07,-9.995447159,,,,,,,,,,,,,,
6.38645,1.46E-07,-9.995585442,,,,,,,,,,,,,,
6.38655,9.85E-08,-9.995401382,,,,,,,,,,,,,,
6.38665,7.28E-08,-9.995580673,,,,,,,,,,,,,,
6.38675,5.68E-08,-9.995710373,,,,,,,,,,,,,,
6.38685,4.59E-08,-9.996166229,,,,,,,,,,,,,,
6.38695,3.85E-08,-9.996090889,,,,,,,,,,,,,,
6.38705,-5.53E-06,-3.876293898,,,,,,,,,,,,,,
6.38715,-6.09E-07,-0.002003898,,,,,,,,,,,,,,
6.38725,2.01E-06,-0.001749451,,,,,,,,,,,,,,
6.38735,2.63E-06,-0.001343715,,,,,,,,,,,,,,
6.38745,2.83E-06,-0.001334778,,,,,,,,,,,,,,
6.38755,2.92E-06,-0.001227609,,,,,,,,,,,,,,
6.38765,2.97E-06,-0.001157313,,,,,,,,,,,,,,
6.38775,3.00E-06,-0.00109166,,,,,,,,,,,,,,
6.38785,3.01E-06,-0.001038885,,,,,,,,,,,,,,
6.38795,3.02E-06,-0.000883303,,,,,,,,,,,,,,
6.38805,6.96E-06,-6.110871792,,,,,,,,,,,,,,
6.38815,2.40E-06,-9.994731903,,,,,,,,,,,,,,
6.38825,6.25E-07,-9.99480629,,,,,,,,,,,,,,
6.38835,2.60E-07,-9.99546814,,,,,,,,,,,,,,
6.38845,1.47E-07,-9.995454788,,,,,,,,,,,,,,
6.38855,9.83E-08,-9.995761871,,,,,,,,,,,,,,
6.38865,7.27E-08,-9.99571228,,,,,,,,,,,,,,
6.38875,5.63E-08,-9.99595356,,,,,,,,,,,,,,
6.38885,4.57E-08,-9.996020317,,,,,,,,,,,,,,
6.38895,3.76E-08,-9.996116638,,,,,,,,,,,,,,
6.38905,-5.53E-06,-3.896252871,,,,,,,,,,,,,,
6.38915,-6.18E-07,-0.002380714,,,,,,,,,,,,,,
6.38925,2.01E-06,-0.002156032,,,,,,,,,,,,,,
6.38935,2.63E-06,-0.001707583,,,,,,,,,,,,,,
6.38945,2.84E-06,-0.001602032,,,,,,,,,,,,,,
6.38955,2.93E-06,-0.001453628,,,,,,,,,,,,,,
6.38965,2.97E-06,-0.001340056,,,,,,,,,,,,,,
6.38975,3.00E-06,-0.001661352,,,,,,,,,,,,,,
6.38985,3.02E-06,-0.001760217,,,,,,,,,,,,,,
6.38995,3.03E-06,-0.001483464,,,,,,,,,,,,,,
6.39005,6.96E-06,-6.090866566,,,,,,,,,,,,,,
6.39015,2.41E-06,-9.994962692,,,,,,,,,,,,,,
6.39025,6.27E-07,-9.995193481,,,,,,,,,,,,,,
6.39035,2.61E-07,-9.99557209,,,,,,,,,,,,,,
6.39045,1.47E-07,-9.995595932,,,,,,,,,,,,,,
6.39055,9.86E-08,-9.995482445,,,,,,,,,,,,,,
6.39065,7.28E-08,-9.995624542,,,,,,,,,,,,,,
6.39075,5.67E-08,-9.995753288,,,,,,,,,,,,,,
6.39085,4.58E-08,-9.995812416,,,,,,,,,,,,,,
6.39095,3.80E-08,-9.995903015,,,,,,,,,,,,,,
6.39105,-5.52E-06,-3.916174412,,,,,,,,,,,,,,
6.39115,-6.26E-07,-0.002169824,,,,,,,,,,,,,,
6.39125,2.01E-06,-0.001664518,,,,,,,,,,,,,,
6.39135,2.63E-06,-0.001693157,,,,,,,,,,,,,,
6.39145,2.84E-06,-0.00122388,,,,,,,,,,,,,,
6.39155,2.93E-06,-0.001418163,,,,,,,,,,,,,,
6.39165,2.98E-06,-0.00159577,,,,,,,,,,,,,,
6.39175,3.00E-06,-0.001436036,,,,,,,,,,,,,,
6.39185,3.02E-06,-0.001533565,,,,,,,,,,,,,,
6.39195,3.03E-06,-0.001616387,,,,,,,,,,,,,,
6.39205,6.95E-06,-6.071231842,,,,,,,,,,,,,,
6.39215,2.42E-06,-9.994876862,,,,,,,,,,,,,,
6.39225,6.28E-07,-9.995038986,,,,,,,,,,,,,,
6.39235,2.61E-07,-9.995381355,,,,,,,,,,,,,,
6.39245,1.47E-07,-9.995270729,,,,,,,,,,,,,,
6.39255,9.87E-08,-9.995527267,,,,,,,,,,,,,,
6.39265,7.27E-08,-9.995341301,,,,,,,,,,,,,,
6.39275,5.69E-08,-9.995556831,,,,,,,,,,,,,,
6.39285,4.58E-08,-9.995451927,,,,,,,,,,,,,,
6.39295,3.79E-08,-9.995555878,,,,,,,,,,,,,,
6.39305,-5.51E-06,-3.936527491,,,,,,,,,,,,,,
6.39315,-6.34E-07,-0.002528836,,,,,,,,,,,,,,
6.39325,2.01E-06,-0.002188893,,,,,,,,,,,,,,
6.39335,2.63E-06,-0.001933039,,,,,,,,,,,,,,
6.39345,2.84E-06,-0.001733407,,,,,,,,,,,,,,
6.39355,2.93E-06,-0.001910803,,,,,,,,,,,,,,
6.39365,2.98E-06,-0.001777879,,,,,,,,,,,,,,
6.39375,3.01E-06,-0.001468687,,,,,,,,,,,,,,
6.39385,3.02E-06,-0.001451095,,,,,,,,,,,,,,
6.39395,3.03E-06,-0.001219728,,,,,,,,,,,,,,
6.39405,6.95E-06,-6.050661087,,,,,,,,,,,,,,
6.39415,2.43E-06,-9.994346619,,,,,,,,,,,,,,
6.39425,6.29E-07,-9.995018005,,,,,,,,,,,,,,
6.39435,2.61E-07,-9.995040894,,,,,,,,,,,,,,
6.39445,1.47E-07,-9.995479584,,,,,,,,,,,,,,
6.39455,9.86E-08,-9.995494843,,,,,,,,,,,,,,
6.39465,7.25E-08,-9.99549675,,,,,,,,,,,,,,
6.39475,5.64E-08,-9.99537468,,,,,,,,,,,,,,
6.39485,4.56E-08,-9.995596886,,,,,,,,,,,,,,
6.39495,3.74E-08,-9.995908737,,,,,,,,,,,,,,
6.39505,-5.50E-06,-3.956161737,,,,,,,,,,,,,,
6.39515,-6.44E-07,-0.002464662,,,,,,,,,,,,,,
6.39525,2.01E-06,-0.001967589,,,,,,,,,,,,,,
6.39535,2.63E-06,-0.001741359,,,,,,,,,,,,,,
6.39545,2.84E-06,-0.001646082,,,,,,,,,,,,,,
6.39555,2.94E-06,-0.001416685,,,,,,,,,,,,,,
6.39565,2.99E-06,-0.001440047,,,,,,,,,,,,,,
6.39575,3.01E-06,-0.001475794,,,,,,,,,,,,,,
6.39585,3.03E-06,-0.001439344,,,,,,,,,,,,,,
6.39595,3.04E-06,-0.001177367,,,,,,,,,,,,,,
6.39605,6.95E-06,-6.03080225,,,,,,,,,,,,,,
6.39615,2.44E-06,-9.994626045,,,,,,,,,,,,,,
6.39625,6.31E-07,-9.994823456,,,,,,,,,,,,,,
6.39635,2.61E-07,-9.995207787,,,,,,,,,,,,,,
6.39645,1.47E-07,-9.995365143,,,,,,,,,,,,,,
6.39655,9.88E-08,-9.995467186,,,,,,,,,,,,,,
6.39665,7.22E-08,-9.995794296,,,,,,,,,,,,,,
6.39675,5.62E-08,-9.995650291,,,,,,,,,,,,,,
6.39685,4.53E-08,-9.995811462,,,,,,,,,,,,,,
6.39695,3.78E-08,-9.995768547,,,,,,,,,,,,,,
6.39705,-5.49E-06,-3.976197958,,,,,,,,,,,,,,
6.39715,-6.53E-07,-0.002567046,,,,,,,,,,,,,,
6.39725,2.01E-06,-0.002285718,,,,,,,,,,,,,,
6.39735,2.64E-06,-0.002168839,,,,,,,,,,,,,,
6.39745,2.85E-06,-0.00186999,,,,,,,,,,,,,,
6.39755,2.94E-06,-0.001581837,,,,,,,,,,,,,,
6.39765,2.99E-06,-0.001690061,,,,,,,,,,,,,,
6.39775,3.01E-06,-0.001475794,,,,,,,,,,,,,,
6.39785,3.03E-06,-0.001292699,,,,,,,,,,,,,,
6.39795,3.04E-06,-0.001303324,,,,,,,,,,,,,,
6.39805,6.94E-06,-6.010632992,,,,,,,,,,,,,,
6.39815,2.44E-06,-9.99435997,,,,,,,,,,,,,,
6.39825,6.32E-07,-9.994493484,,,,,,,,,,,,,,
6.39835,2.62E-07,-9.99522686,,,,,,,,,,,,,,
6.39845,1.47E-07,-9.995512962,,,,,,,,,,,,,,
6.39855,9.90E-08,-9.995603561,,,,,,,,,,,,,,
6.39865,7.28E-08,-9.995645523,,,,,,,,,,,,,,
6.39875,5.69E-08,-9.995676041,,,,,,,,,,,,,,
6.39885,4.61E-08,-9.995551109,,,,,,,,,,,,,,
6.39895,3.83E-08,-9.995548248,,,,,,,,,,,,,,
6.39905,-5.48E-06,-3.996190786,,,,,,,,,,,,,,
6.39915,-6.61E-07,-0.002495412,,,,,,,,,,,,,,
6.39925,2.01E-06,-0.002359181,,,,,,,,,,,,,,
6.39935,2.64E-06,-0.001802086,,,,,,,,,,,,,,
6.39945,2.85E-06,-0.001708779,,,,,,,,,,,,,,
6.39955,2.94E-06,-0.001629053,,,,,,,,,,,,,,
6.39965,2.99E-06,-0.001751492,,,,,,,,,,,,,,
6.39975,3.02E-06,-0.001540954,,,,,,,,,,,,,,
6.39985,3.04E-06,-0.00138305,,,,,,,,,,,,,,
6.39995,3.04E-06,-0.001144295,,,,,,,,,,,,,,
6.40005,6.94E-06,-5.990980625,,,,,,,,,,,,,,
6.40015,2.45E-06,-9.995147705,,,,,,,,,,,,,,
6.40025,6.33E-07,-9.995294571,,,,,,,,,,,,,,
6.40035,2.62E-07,-9.995311737,,,,,,,,,,,,,,
6.40045,1.48E-07,-9.995892525,,,,,,,,,,,,,,
6.40055,9.89E-08,-9.995841026,,,,,,,,,,,,,,
6.40065,7.28E-08,-9.995961189,,,,,,,,,,,,,,
6.40075,5.71E-08,-9.996143341,,,,,,,,,,,,,,
6.40085,4.58E-08,-9.996183395,,,,,,,,,,,,,,
6.40095,3.77E-08,-9.996230125,,,,,,,,,,,,,,
6.40105,-5.47E-06,-4.016331673,,,,,,,,,,,,,,
6.40115,-6.69E-07,-0.002501464,,,,,,,,,,,,,,
6.40125,2.02E-06,-0.002169753,,,,,,,,,,,,,,
6.40135,2.64E-06,-0.001707653,,,,,,,,,,,,,,
6.40145,2.85E-06,-0.001636512,,,,,,,,,,,,,,
6.40155,2.95E-06,-0.00162272,,,,,,,,,,,,,,
6.40165,3.00E-06,-0.001745229,,,,,,,,,,,,,,
6.40175,3.02E-06,-0.00148269,,,,,,,,,,,,,,
6.40185,3.04E-06,-0.001609773,,,,,,,,,,,,,,
6.40195,3.05E-06,-0.001851413,,,,,,,,,,,,,,
6.40205,6.94E-06,-5.971168518,,,,,,,,,,,,,,
6.40215,2.46E-06,-9.994913101,,,,,,,,,,,,,,
6.40225,6.35E-07,-9.995170593,,,,,,,,,,,,,,
6.40235,2.63E-07,-9.99534893,,,,,,,,,,,,,,
6.40245,1.47E-07,-9.995624542,,,,,,,,,,,,,,
6.40255,9.90E-08,-9.996084213,,,,,,,,,,,,,,
6.40265,7.27E-08,-9.996253967,,,,,,,,,,,,,,
6.40275,5.65E-08,-9.995923042,,,,,,,,,,,,,,
6.40285,4.58E-08,-9.995889664,,,,,,,,,,,,,,
6.40295,3.78E-08,-9.996198654,,,,,,,,,,,,,,
6.40305,-5.46E-06,-4.0366745,,,,,,,,,,,,,,
6.40315,-6.77E-07,-0.002953783,,,,,,,,,,,,,,
6.40325,2.02E-06,-0.002326531,,,,,,,,,,,,,,
6.40335,2.65E-06,-0.001955204,,,,,,,,,,,,,,
6.40345,2.86E-06,-0.001795682,,,,,,,,,,,,,,
6.40355,2.95E-06,-0.001930154,,,,,,,,,,,,,,
6.40365,3.00E-06,-0.002022194,,,,,,,,,,,,,,
6.40375,3.03E-06,-0.001720389,,,,,,,,,,,,,,
6.40385,3.04E-06,-0.001623916,,,,,,,,,,,,,,
6.40395,3.05E-06,-0.001533565,,,,,,,,,,,,,,
6.40405,6.94E-06,-5.951136112,,,,,,,,,,,,,,
6.40415,2.47E-06,-9.994918823,,,,,,,,,,,,,,
6.40425,6.36E-07,-9.995401382,,,,,,,,,,,,,,
6.40435,2.63E-07,-9.995767593,,,,,,,,,,,,,,
6.40445,1.48E-07,-9.9954319,,,,,,,,,,,,,,
6.40455,9.90E-08,-9.995366096,,,,,,,,,,,,,,
6.40465,7.29E-08,-9.995672226,,,,,,,,,,,,,,
6.40475,5.69E-08,-9.995762825,,,,,,,,,,,,,,
6.40485,4.63E-08,-9.995720863,,,,,,,,,,,,,,
6.40495,3.85E-08,-9.99582386,,,,,,,,,,,,,,
6.40505,-5.45E-06,-4.056498528,,,,,,,,,,,,,,
6.40515,-6.87E-07,-0.002593011,,,,,,,,,,,,,,
6.40525,2.02E-06,-0.002274248,,,,,,,,,,,,,,
6.40535,2.65E-06,-0.001801452,,,,,,,,,,,,,,
6.40545,2.86E-06,-0.001727074,,,,,,,,,,,,,,
6.40555,2.95E-06,-0.001607099,,,,,,,,,,,,,,
6.40565,3.00E-06,-0.001706738,,,,,,,,,,,,,,
6.40575,3.03E-06,-0.001405286,,,,,,,,,,,,,,
6.40585,3.05E-06,-0.001303324,,,,,,,,,,,,,,
6.40595,3.05E-06,-0.001548342,,,,,,,,,,,,,,
6.40605,6.93E-06,-5.930987835,,,,,,,,,,,,,,
6.40615,2.48E-06,-9.994638443,,,,,,,,,,,,,,
6.40625,6.37E-07,-9.994952202,,,,,,,,,,,,,,
6.40635,2.63E-07,-9.99516964,,,,,,,,,,,,,,
6.40645,1.48E-07,-9.995230675,,,,,,,,,,,,,,
6.40655,9.91E-08,-9.995326996,,,,,,,,,,,,,,
6.40665,7.29E-08,-9.99581337,,,,,,,,,,,,,,
6.40675,5.68E-08,-9.995854378,,,,,,,,,,,,,,
6.40685,4.58E-08,-9.995980263,,,,,,,,,,,,,,
6.40695,3.80E-08,-9.996087074,,,,,,,,,,,,,,
6.40705,-5.45E-06,-4.076281548,,,,,,,,,,,,,,
6.40715,-6.95E-07,-0.002392606,,,,,,,,,,,,,,
6.40725,2.02E-06,-0.002014172,,,,,,,,,,,,,,
6.40735,2.65E-06,-0.001749381,,,,,,,,,,,,,,
6.40745,2.86E-06,-0.001567552,,,,,,,,,,,,,,
6.40755,2.96E-06,-0.001443636,,,,,,,,,,,,,,
6.40765,3.01E-06,-0.001573182,,,,,,,,,,,,,,
6.40775,3.03E-06,-0.001474879,,,,,,,,,,,,,,
6.40785,3.05E-06,-0.001506122,,,,,,,,,,,,,,
6.40795,3.06E-06,-0.001438851,,,,,,,,,,,,,,
6.40805,6.93E-06,-5.911343575,,,,,,,,,,,,,,
6.40815,2.49E-06,-9.995027542,,,,,,,,,,,,,,
6.40825,6.38E-07,-9.995420456,,,,,,,,,,,,,,
6.40835,2.64E-07,-9.995434761,,,,,,,,,,,,,,
6.40845,1.48E-07,-9.99553299,,,,,,,,,,,,,,
6.40855,9.94E-08,-9.995597839,,,,,,,,,,,,,,
6.40865,7.29E-08,-9.995555878,,,,,,,,,,,,,,
6.40875,5.71E-08,-9.995364189,,,,,,,,,,,,,,
6.40885,4.61E-08,-9.995557785,,,,,,,,,,,,,,
6.40895,3.81E-08,-9.995623589,,,,,,,,,,,,,,
6.40905,-5.44E-06,-4.095871449,,,,,,,,,,,,,,
6.40915,-7.04E-07,-0.002209159,,,,,,,,,,,,,,
6.40925,2.02E-06,-0.002322239,,,,,,,,,,,,,,
6.40935,2.66E-06,-0.00208292,,,,,,,,,,,,,,
6.40945,2.87E-06,-0.001767043,,,,,,,,,,,,,,
6.40955,2.96E-06,-0.001622509,,,,,,,,,,,,,,
6.40965,3.01E-06,-0.001567904,,,,,,,,,,,,,,
6.40975,3.04E-06,-0.00145405,,,,,,,,,,,,,,
6.40985,3.05E-06,-0.001385442,,,,,,,,,,,,,,
6.40995,3.06E-06,-0.001177015,,,,,,,,,,,,,,
6.41005,6.93E-06,-5.891251564,,,,,,,,,,,,,,
6.41015,2.50E-06,-9.995031357,,,,,,,,,,,,,,
6.41025,6.40E-07,-9.995145798,,,,,,,,,,,,,,
6.41035,2.64E-07,-9.995516777,,,,,,,,,,,,,,
6.41045,1.48E-07,-9.996137619,,,,,,,,,,,,,,
6.41055,9.93E-08,-9.996202469,,,,,,,,,,,,,,
6.41065,7.30E-08,-9.995825768,,,,,,,,,,,,,,
6.41075,5.69E-08,-9.995688438,,,,,,,,,,,,,,
6.41085,4.63E-08,-9.995842934,,,,,,,,,,,,,,
6.41095,3.80E-08,-9.99588871,,,,,,,,,,,,,,
6.41105,-5.43E-06,-4.116095543,,,,,,,,,,,,,,
6.41115,-7.13E-07,-0.002582737,,,,,,,,,,,,,,
6.41125,2.02E-06,-0.002333146,,,,,,,,,,,,,,
6.41135,2.66E-06,-0.002059277,,,,,,,,,,,,,,
6.41145,2.87E-06,-0.001721375,,,,,,,,,,,,,,
6.41155,2.96E-06,-0.001758106,,,,,,,,,,,,,,
6.41165,3.01E-06,-0.001655441,,,,,,,,,,,,,,
6.41175,3.04E-06,-0.0016496,,,,,,,,,,,,,,
6.41185,3.06E-06,-0.001675777,,,,,,,,,,,,,,
6.41195,3.06E-06,-0.001479101,,,,,,,,,,,,,,
6.41205,6.92E-06,-5.871189117,,,,,,,,,,,,,,
6.41215,2.50E-06,-9.995134354,,,,,,,,,,,,,,
6.41225,6.42E-07,-9.994925499,,,,,,,,,,,,,,
6.41235,2.65E-07,-9.995147705,,,,,,,,,,,,,,
6.41245,1.48E-07,-9.995181084,,,,,,,,,,,,,,
6.41255,9.96E-08,-9.995394707,,,,,,,,,,,,,,
6.41265,7.31E-08,-9.995532036,,,,,,,,,,,,,,
6.41275,5.69E-08,-9.995535851,,,,,,,,,,,,,,
6.41285,4.61E-08,-9.995738983,,,,,,,,,,,,,,
6.41295,3.82E-08,-9.99541378,,,,,,,,,,,,,,
6.41305,-5.42E-06,-4.135916233,,,,,,,,,,,,,,
6.41315,-7.22E-07,-0.002210003,,,,,,,,,,,,,,
6.41325,2.02E-06,-0.001757825,,,,,,,,,,,,,,
6.41335,2.66E-06,-0.001579585,,,,,,,,,,,,,,
6.41345,2.87E-06,-0.001539968,,,,,,,,,,,,,,
6.41355,2.97E-06,-0.00140022,,,,,,,,,,,,,,
6.41365,3.02E-06,-0.00153448,,,,,,,,,,,,,,
6.41375,3.04E-06,-0.001646293,,,,,,,,,,,,,,
6.41385,3.06E-06,-0.001515551,,,,,,,,,,,,,,
6.41395,3.07E-06,-0.001450813,,,,,,,,,,,,,,
6.41405,6.92E-06,-5.851016998,,,,,,,,,,,,,,
6.41415,2.51E-06,-9.994581223,,,,,,,,,,,,,,
6.41425,6.43E-07,-9.994745255,,,,,,,,,,,,,,
6.41435,2.65E-07,-9.995125771,,,,,,,,,,,,,,
6.41445,1.49E-07,-9.995016098,,,,,,,,,,,,,,
6.41455,9.95E-08,-9.995206833,,,,,,,,,,,,,,
6.41465,7.35E-08,-9.995120049,,,,,,,,,,,,,,
6.41475,5.74E-08,-9.995191574,,,,,,,,,,,,,,
6.41485,4.63E-08,-9.995400429,,,,,,,,,,,,,,
6.41495,3.82E-08,-9.995197296,,,,,,,,,,,,,,
6.41505,-5.41E-06,-4.15575552,,,,,,,,,,,,,,
6.41515,-7.31E-07,-0.002435811,,,,,,,,,,,,,,
6.41525,2.03E-06,-0.002128166,,,,,,,,,,,,,,
6.41535,2.66E-06,-0.001936276,,,,,,,,,,,,,,
6.41545,2.88E-06,-0.001832836,,,,,,,,,,,,,,
6.41555,2.97E-06,-0.001866049,,,,,,,,,,,,,,
6.41565,3.02E-06,-0.001711945,,,,,,,,,,,,,,
6.41575,3.05E-06,-0.001765495,,,,,,,,,,,,,,
6.41585,3.06E-06,-0.001717645,,,,,,,,,,,,,,
6.41595,3.07E-06,-0.001478468,,,,,,,,,,,,,,
6.41605,6.92E-06,-5.83111763,,,,,,,,,,,,,,
6.41615,2.52E-06,-9.994921684,,,,,,,,,,,,,,
6.41625,6.44E-07,-9.994796753,,,,,,,,,,,,,,
6.41635,2.65E-07,-9.995706558,,,,,,,,,,,,,,
6.41645,1.48E-07,-9.995747566,,,,,,,,,,,,,,
6.41655,9.92E-08,-9.995532036,,,,,,,,,,,,,,
6.41665,7.31E-08,-9.995581627,,,,,,,,,,,,,,
6.41675,5.69E-08,-9.995998383,,,,,,,,,,,,,,
6.41685,4.58E-08,-9.996034622,,,,,,,,,,,,,,
6.41695,3.78E-08,-9.995812416,,,,,,,,,,,,,,
6.41705,-5.40E-06,-4.176089764,,,,,,,,,,,,,,
6.41715,-7.40E-07,-0.002345249,,,,,,,,,,,,,,
6.41725,2.03E-06,-0.002089465,,,,,,,,,,,,,,
6.41735,2.67E-06,-0.001679858,,,,,,,,,,,,,,
6.41745,2.88E-06,-0.001408734,,,,,,,,,,,,,,
6.41755,2.97E-06,-0.001300369,,,,,,,,,,,,,,
6.41765,3.02E-06,-0.001451587,,,,,,,,,,,,,,
6.41775,3.05E-06,-0.001359266,,,,,,,,,,,,,,
6.41785,3.07E-06,-0.001344419,,,,,,,,,,,,,,
6.41795,3.07E-06,-0.001100597,,,,,,,,,,,,,,
6.41805,6.91E-06,-5.810876846,,,,,,,,,,,,,,
6.41815,2.53E-06,-9.994539261,,,,,,,,,,,,,,
6.41825,6.46E-07,-9.99492836,,,,,,,,,,,,,,
6.41835,2.65E-07,-9.995315552,,,,,,,,,,,,,,
6.41845,1.49E-07,-9.995332718,,,,,,,,,,,,,,
6.41855,9.98E-08,-9.994992256,,,,,,,,,,,,,,
6.41865,7.33E-08,-9.995275497,,,,,,,,,,,,,,
6.41875,5.70E-08,-9.99540329,,,,,,,,,,,,,,
6.41885,4.61E-08,-9.995652199,,,,,,,,,,,,,,
6.41895,3.83E-08,-9.995670319,,,,,,,,,,,,,,
6.41905,-5.39E-06,-4.195912838,,,,,,,,,,,,,,
6.41915,-7.49E-07,-0.002468672,,,,,,,,,,,,,,
6.41925,2.03E-06,-0.00234926,,,,,,,,,,,,,,
6.41935,2.67E-06,-0.001761625,,,,,,,,,,,,,,
6.41945,2.88E-06,-0.001807152,,,,,,,,,,,,,,
6.41955,2.98E-06,-0.001891874,,,,,,,,,,,,,,
6.41965,3.03E-06,-0.001775628,,,,,,,,,,,,,,
6.41975,3.05E-06,-0.001464394,,,,,,,,,,,,,,
6.41985,3.07E-06,-0.001483675,,,,,,,,,,,,,,
6.41995,3.08E-06,-0.001343644,,,,,,,,,,,,,,
6.42005,6.91E-06,-5.791053295,,,,,,,,,,,,,,
6.42015,2.54E-06,-9.995099068,,,,,,,,,,,,,,
6.42025,6.47E-07,-9.9954319,,,,,,,,,,,,,,
6.42035,2.66E-07,-9.995717049,,,,,,,,,,,,,,
6.42045,1.49E-07,-9.99549675,,,,,,,,,,,,,,
6.42055,9.92E-08,-9.99585247,,,,,,,,,,,,,,
6.42065,7.33E-08,-9.995765686,,,,,,,,,,,,,,
6.42075,5.70E-08,-9.995671272,,,,,,,,,,,,,,
6.42085,4.59E-08,-9.995500565,,,,,,,,,,,,,,
6.42095,3.81E-08,-9.996022224,,,,,,,,,,,,,,
6.42105,-5.38E-06,-4.216227531,,,,,,,,,,,,,,
6.42115,-7.58E-07,-0.002274741,,,,,,,,,,,,,,
6.42125,2.03E-06,-0.002041404,,,,,,,,,,,,,,
6.42135,2.67E-06,-0.001768309,,,,,,,,,,,,,,
6.42145,2.89E-06,-0.001511329,,,,,,,,,,,,,,
6.42155,2.98E-06,-0.001217969,,,,,,,,,,,,,,
6.42165,3.03E-06,-0.001453206,,,,,,,,,,,,,,
6.42175,3.06E-06,-0.001237531,,,,,,,,,,,,,,
6.42185,3.07E-06,-0.001168712,,,,,,,,,,,,,,
6.42195,3.08E-06,-0.000984632,,,,,,,,,,,,,,
6.42205,6.91E-06,-5.770918846,,,,,,,,,,,,,,
6.42215,2.55E-06,-9.994797707,,,,,,,,,,,,,,
6.42225,6.48E-07,-9.995181084,,,,,,,,,,,,,,
6.42235,2.66E-07,-9.995368004,,,,,,,,,,,,,,
6.42245,1.49E-07,-9.995641708,,,,,,,,,,,,,,
6.42255,9.94E-08,-9.995344162,,,,,,,,,,,,,,
6.42265,7.31E-08,-9.995697021,,,,,,,,,,,,,,
6.42275,5.71E-08,-9.995685577,,,,,,,,,,,,,,
6.42285,4.61E-08,-9.9958601,,,,,,,,,,,,,,
6.42295,3.82E-08,-9.99585247,,,,,,,,,,,,,,
6.42305,-5.37E-06,-4.23629427,,,,,,,,,,,,,,
6.42315,-7.69E-07,-0.002541432,,,,,,,,,,,,,,
6.42325,2.03E-06,-0.002186079,,,,,,,,,,,,,,
6.42335,2.67E-06,-0.001861968,,,,,,,,,,,,,,
6.42345,2.89E-06,-0.001578318,,,,,,,,,,,,,,
6.42355,2.98E-06,-0.001705612,,,,,,,,,,,,,,
6.42365,3.04E-06,-0.001603228,,,,,,,,,,,,,,
6.42375,3.06E-06,-0.001397475,,,,,,,,,,,,,,
6.42385,3.08E-06,-0.001514003,,,,,,,,,,,,,,
6.42395,3.09E-06,-0.001607521,,,,,,,,,,,,,,
6.42405,6.90E-06,-5.751178741,,,,,,,,,,,,,,
6.42415,2.56E-06,-9.994715691,,,,,,,,,,,,,,
6.42425,6.50E-07,-9.994967461,,,,,,,,,,,,,,
6.42435,2.66E-07,-9.995527267,,,,,,,,,,,,,,
6.42445,1.49E-07,-9.995491028,,,,,,,,,,,,,,
6.42455,9.97E-08,-9.995929718,,,,,,,,,,,,,,
6.42465,7.34E-08,-9.995877266,,,,,,,,,,,,,,
6.42475,5.70E-08,-9.995887756,,,,,,,,,,,,,,
6.42485,4.60E-08,-9.995638847,,,,,,,,,,,,,,
6.42495,3.83E-08,-9.995574951,,,,,,,,,,,,,,
6.42505,-5.36E-06,-4.255832195,,,,,,,,,,,,,,
6.42515,-7.76E-07,-0.002248635,,,,,,,,,,,,,,
6.42525,2.03E-06,-0.00220177,,,,,,,,,,,,,,
6.42535,2.68E-06,-0.001650867,,,,,,,,,,,,,,
6.42545,2.89E-06,-0.001802015,,,,,,,,,,,,,,
6.42555,2.99E-06,-0.001732845,,,,,,,,,,,,,,
6.42565,3.04E-06,-0.001509851,,,,,,,,,,,,,,
6.42575,3.07E-06,-0.001551509,,,,,,,,,,,,,,
6.42585,3.08E-06,-0.001568256,,,,,,,,,,,,,,
6.42595,3.09E-06,-0.001752406,,,,,,,,,,,,,,
6.42605,6.90E-06,-5.731267929,,,,,,,,,,,,,,
6.42615,2.57E-06,-9.994777679,,,,,,,,,,,,,,
6.42625,6.51E-07,-9.994894028,,,,,,,,,,,,,,
6.42635,2.67E-07,-9.995221138,,,,,,,,,,,,,,
6.42645,1.49E-07,-9.995512962,,,,,,,,,,,,,,
6.42655,9.95E-08,-9.995144844,,,,,,,,,,,,,,
6.42665,7.29E-08,-9.995161057,,,,,,,,,,,,,,
6.42675,5.69E-08,-9.995315552,,,,,,,,,,,,,,
6.42685,4.58E-08,-9.995042801,,,,,,,,,,,,,,
6.42695,3.82E-08,-9.995551109,,,,,,,,,,,,,,
6.42705,-5.35E-06,-4.275682449,,,,,,,,,,,,,,
6.42715,-7.87E-07,-0.002494638,,,,,,,,,,,,,,
6.42725,2.03E-06,-0.002169331,,,,,,,,,,,,,,
6.42735,2.68E-06,-0.001929591,,,,,,,,,,,,,,
6.42745,2.89E-06,-0.001703994,,,,,,,,,,,,,,
6.42755,2.99E-06,-0.001420837,,,,,,,,,,,,,,
6.42765,3.04E-06,-0.001641508,,,,,,,,,,,,,,
6.42775,3.07E-06,-0.001616176,,,,,,,,,,,,,,
6.42785,3.08E-06,-0.001221135,,,,,,,,,,,,,,
6.42795,3.09E-06,-0.001212269,,,,,,,,,,,,,,
6.42805,6.90E-06,-5.711037636,,,,,,,,,,,,,,
6.42815,2.57E-06,-9.994633675,,,,,,,,,,,,,,
6.42825,6.52E-07,-9.994581223,,,,,,,,,,,,,,
6.42835,2.67E-07,-9.994959831,,,,,,,,,,,,,,
6.42845,1.49E-07,-9.995048523,,,,,,,,,,,,,,
6.42855,9.93E-08,-9.995057106,,,,,,,,,,,,,,
6.42865,7.32E-08,-9.99544239,,,,,,,,,,,,,,
6.42875,5.68E-08,-9.995565414,,,,,,,,,,,,,,
6.42885,4.58E-08,-9.995643616,,,,,,,,,,,,,,
6.42895,3.80E-08,-9.995529175,,,,,,,,,,,,,,
6.42905,-5.34E-06,-4.295922279,,,,,,,,,,,,,,
6.42915,-7.96E-07,-0.002160324,,,,,,,,,,,,,,
6.42925,2.03E-06,-0.002088761,,,,,,,,,,,,,,
6.42935,2.68E-06,-0.001765495,,,,,,,,,,,,,,
6.42945,2.90E-06,-0.001548764,,,,,,,,,,,,,,
6.42955,2.99E-06,-0.001270392,,,,,,,,,,,,,,
6.42965,3.04E-06,-0.001587114,,,,,,,,,,,,,,
6.42975,3.07E-06,-0.001549749,,,,,,,,,,,,,,
6.42985,3.09E-06,-0.001326053,,,,,,,,,,,,,,
6.42995,3.10E-06,-0.001307968,,,,,,,,,,,,,,
6.43005,6.89E-06,-5.690720558,,,,,,,,,,,,,,
6.43015,2.58E-06,-9.994152069,,,,,,,,,,,,,,
6.43025,6.54E-07,-9.99428463,,,,,,,,,,,,,,
6.43035,2.68E-07,-9.994812965,,,,,,,,,,,,,,
6.43045,1.49E-07,-9.995074272,,,,,,,,,,,,,,
6.43055,9.92E-08,-9.99503994,,,,,,,,,,,,,,
6.43065,7.31E-08,-9.995266914,,,,,,,,,,,,,,
6.43075,5.68E-08,-9.995376587,,,,,,,,,,,,,,
6.43085,4.58E-08,-9.995592117,,,,,,,,,,,,,,
6.43095,3.79E-08,-9.995275497,,,,,,,,,,,,,,
6.43105,-5.33E-06,-4.315589428,,,,,,,,,,,,,,
6.43115,-8.05E-07,-0.002201067,,,,,,,,,,,,,,
6.43125,2.03E-06,-0.00191228,,,,,,,,,,,,,,
6.43135,2.69E-06,-0.001566497,,,,,,,,,,,,,,
6.43145,2.90E-06,-0.001537857,,,,,,,,,,,,,,
6.43155,3.00E-06,-0.001543839,,,,,,,,,,,,,,
6.43165,3.05E-06,-0.001575644,,,,,,,,,,,,,,
6.43175,3.08E-06,-0.001527443,,,,,,,,,,,,,,
6.43185,3.09E-06,-0.00150197,,,,,,,,,,,,,,
6.43195,3.10E-06,-0.001544894,,,,,,,,,,,,,,
6.43205,6.89E-06,-5.671048641,,,,,,,,,,,,,,
6.43215,2.59E-06,-9.994405746,,,,,,,,,,,,,,
6.43225,6.55E-07,-9.994875908,,,,,,,,,,,,,,
6.43235,2.68E-07,-9.995428085,,,,,,,,,,,,,,
6.43245,1.49E-07,-9.995446205,,,,,,,,,,,,,,
6.43255,9.98E-08,-9.99565506,,,,,,,,,,,,,,
6.43265,7.31E-08,-9.995274544,,,,,,,,,,,,,,
6.43275,5.66E-08,-9.995666504,,,,,,,,,,,,,,
6.43285,4.58E-08,-9.995546341,,,,,,,,,,,,,,
6.43295,3.79E-08,-9.995735168,,,,,,,,,,,,,,
6.43305,-5.32E-06,-4.335883141,,,,,,,,,,,,,,
6.43315,-8.14E-07,-0.002392465,,,,,,,,,,,,,,
6.43325,2.03E-06,-0.002083061,,,,,,,,,,,,,,
6.43335,2.69E-06,-0.001768098,,,,,,,,,,,,,,
6.43345,2.90E-06,-0.001630109,,,,,,,,,,,,,,
6.43355,3.00E-06,-0.001466646,,,,,,,,,,,,,,
6.43365,3.05E-06,-0.001394027,,,,,,,,,,,,,,
6.43375,3.08E-06,-0.00144441,,,,,,,,,,,,,,
6.43385,3.09E-06,-0.001527654,,,,,,,,,,,,,,
6.43395,3.10E-06,-0.001031426,,,,,,,,,,,,,,
6.43405,6.89E-06,-5.651021481,,,,,,,,,,,,,,
6.43415,2.60E-06,-9.994542122,,,,,,,,,,,,,,
6.43425,6.57E-07,-9.995247841,,,,,,,,,,,,,,
6.43435,2.68E-07,-9.995635033,,,,,,,,,,,,,,
6.43445,1.49E-07,-9.995923042,,,,,,,,,,,,,,
6.43455,9.97E-08,-9.995621681,,,,,,,,,,,,,,
6.43465,7.28E-08,-9.995837212,,,,,,,,,,,,,,
6.43475,5.64E-08,-9.995898247,,,,,,,,,,,,,,
6.43485,4.58E-08,-9.996015549,,,,,,,,,,,,,,
6.43495,3.78E-08,-9.996060371,,,,,,,,,,,,,,
6.43505,-5.31E-06,-4.356069088,,,,,,,,,,,,,,
6.43515,-8.23E-07,-0.002410901,,,,,,,,,,,,,,
6.43525,2.03E-06,-0.002058714,,,,,,,,,,,,,,
6.43535,2.69E-06,-0.00191221,,,,,,,,,,,,,,
6.43545,2.91E-06,-0.00137158,,,,,,,,,,,,,,
6.43555,3.00E-06,-0.001587607,,,,,,,,,,,,,,
6.43565,3.05E-06,-0.001523995,,,,,,,,,,,,,,
6.43575,3.08E-06,-0.001352933,,,,,,,,,,,,,,
6.43585,3.10E-06,-0.001114107,,,,,,,,,,,,,,
6.43595,3.11E-06,-0.001250971,,,,,,,,,,,,,,
6.43605,6.88E-06,-5.631430149,,,,,,,,,,,,,,
6.43615,2.61E-06,-9.994855881,,,,,,,,,,,,,,
6.43625,6.58E-07,-9.994810104,,,,,,,,,,,,,,
6.43635,2.69E-07,-9.995281219,,,,,,,,,,,,,,
6.43645,1.50E-07,-9.995554924,,,,,,,,,,,,,,
6.43655,9.99E-08,-9.995336533,,,,,,,,,,,,,,
6.43665,7.33E-08,-9.995417595,,,,,,,,,,,,,,
6.43675,5.73E-08,-9.995670319,,,,,,,,,,,,,,
6.43685,4.62E-08,-9.9955616,,,,,,,,,,,,,,
6.43695,3.83E-08,-9.995779037,,,,,,,,,,,,,,
6.43705,-5.30E-06,-4.375815868,,,,,,,,,,,,,,
6.43715,-8.35E-07,-0.002321465,,,,,,,,,,,,,,
6.43725,2.03E-06,-0.001945001,,,,,,,,,,,,,,
6.43735,2.69E-06,-0.001567341,,,,,,,,,,,,,,
6.43745,2.91E-06,-0.001741922,,,,,,,,,,,,,,
6.43755,3.01E-06,-0.001809545,,,,,,,,,,,,,,
6.43765,3.06E-06,-0.001516536,,,,,,,,,,,,,,
6.43775,3.09E-06,-0.001453628,,,,,,,,,,,,,,
6.43785,3.10E-06,-0.001519562,,,,,,,,,,,,,,
6.43795,3.11E-06,-0.001359829,,,,,,,,,,,,,,
6.43805,6.88E-06,-5.611238003,,,,,,,,,,,,,,
6.43815,2.62E-06,-9.994664192,,,,,,,,,,,,,,
6.43825,6.60E-07,-9.994971275,,,,,,,,,,,,,,
6.43835,2.69E-07,-9.995305061,,,,,,,,,,,,,,
6.43845,1.50E-07,-9.995339394,,,,,,,,,,,,,,
6.43855,1.00E-07,-9.995433807,,,,,,,,,,,,,,
6.43865,7.33E-08,-9.99569416,,,,,,,,,,,,,,
6.43875,5.70E-08,-9.995975494,,,,,,,,,,,,,,
6.43885,4.58E-08,-9.995783806,,,,,,,,,,,,,,
6.43895,3.82E-08,-9.99571228,,,,,,,,,,,,,,
6.43905,-5.29E-06,-4.396128178,,,,,,,,,,,,,,
6.43915,-8.44E-07,-0.002410197,,,,,,,,,,,,,,
6.43925,2.03E-06,-0.002162365,,,,,,,,,,,,,,
6.43935,2.70E-06,-0.001718208,,,,,,,,,,,,,,
6.43945,2.92E-06,-0.0015786,,,,,,,,,,,,,,
6.43955,3.01E-06,-0.001184404,,,,,,,,,,,,,,
6.43965,3.06E-06,-0.001234787,,,,,,,,,,,,,,
6.43975,3.09E-06,-0.00163799,,,,,,,,,,,,,,
6.43985,3.11E-06,-0.001588592,,,,,,,,,,,,,,
6.43995,3.11E-06,-0.001415841,,,,,,,,,,,,,,
6.44005,6.87E-06,-5.591240883,,,,,,,,,,,,,,
6.44015,2.63E-06,-9.994949341,,,,,,,,,,,,,,
6.44025,6.61E-07,-9.995289803,,,,,,,,,,,,,,
6.44035,2.70E-07,-9.995509148,,,,,,,,,,,,,,
6.44045,1.50E-07,-9.995685577,,,,,,,,,,,,,,
6.44055,1.00E-07,-9.995855331,,,,,,,,,,,,,,
6.44065,7.34E-08,-9.995573044,,,,,,,,,,,,,,
6.44075,5.72E-08,-9.995680809,,,,,,,,,,,,,,
6.44085,4.63E-08,-9.995601654,,,,,,,,,,,,,,
6.44095,3.82E-08,-9.995874405,,,,,,,,,,,,,,
6.44105,-5.28E-06,-4.415926933,,,,,,,,,,,,,,
6.44115,-8.55E-07,-0.002219081,,,,,,,,,,,,,,
6.44125,2.03E-06,-0.001991232,,,,,,,,,,,,,,
6.44135,2.70E-06,-0.001667333,,,,,,,,,,,,,,
6.44145,2.92E-06,-0.001702798,,,,,,,,,,,,,,
6.44155,3.01E-06,-0.001617443,,,,,,,,,,,,,,
6.44165,3.06E-06,-0.001551086,,,,,,,,,,,,,,
6.44175,3.09E-06,-0.001628279,,,,,,,,,,,,,,
6.44185,3.11E-06,-0.001587114,,,,,,,,,,,,,,
6.44195,3.12E-06,-0.001461157,,,,,,,,,,,,,,
6.44205,6.87E-06,-5.571698666,,,,,,,,,,,,,,
6.44215,2.64E-06,-9.995269775,,,,,,,,,,,,,,
6.44225,6.62E-07,-9.995219231,,,,,,,,,,,,,,
6.44235,2.70E-07,-9.995774269,,,,,,,,,,,,,,
6.44245,1.50E-07,-9.995790482,,,,,,,,,,,,,,
6.44255,1.00E-07,-9.995911598,,,,,,,,,,,,,,
6.44265,7.32E-08,-9.995566368,,,,,,,,,,,,,,
6.44275,5.72E-08,-9.995822906,,,,,,,,,,,,,,
6.44285,4.60E-08,-9.995760918,,,,,,,,,,,,,,
6.44295,3.77E-08,-9.995635986,,,,,,,,,,,,,,
6.44305,-5.27E-06,-4.435556889,,,,,,,,,,,,,,
6.44315,-8.65E-07,-0.002038941,,,,,,,,,,,,,,
6.44325,2.04E-06,-0.001941342,,,,,,,,,,,,,,
6.44335,2.70E-06,-0.00157663,,,,,,,,,,,,,,
6.44345,2.92E-06,-0.001219517,,,,,,,,,,,,,,
6.44355,3.02E-06,-0.001058095,,,,,,,,,,,,,,
6.44365,3.07E-06,-0.000901177,,,,,,,,,,,,,,
6.44375,3.10E-06,-0.001008416,,,,,,,,,,,,,,
6.44385,3.11E-06,-0.001046133,,,,,,,,,,,,,,
6.44395,3.12E-06,-0.000948956,,,,,,,,,,,,,,
6.44405,6.87E-06,-5.550941467,,,,,,,,,,,,,,
6.44415,2.65E-06,-9.994955063,,,,,,,,,,,,,,
6.44425,6.64E-07,-9.99503994,,,,,,,,,,,,,,
6.44435,2.70E-07,-9.995349884,,,,,,,,,,,,,,
6.44445,1.50E-07,-9.995646477,,,,,,,,,,,,,,
6.44455,1.00E-07,-9.996024132,,,,,,,,,,,,,,
6.44465,7.36E-08,-9.995562553,,,,,,,,,,,,,,
6.44475,5.73E-08,-9.995418549,,,,,,,,,,,,,,
6.44485,4.58E-08,-9.995577812,,,,,,,,,,,,,,
6.44495,3.80E-08,-9.995412827,,,,,,,,,,,,,,
6.44505,-5.26E-06,-4.455646992,,,,,,,,,,,,,,
6.44515,-8.73E-07,-0.001997776,,,,,,,,,,,,,,
6.44525,2.04E-06,-0.001600906,,,,,,,,,,,,,,
6.44535,2.70E-06,-0.001328797,,,,,,,,,,,,,,
6.44545,2.92E-06,-0.001189118,,,,,,,,,,,,,,
6.44555,3.02E-06,-0.001154639,,,,,,,,,,,,,,
6.44565,3.07E-06,-0.001282707,,,,,,,,,,,,,,
6.44575,3.10E-06,-0.001097149,,,,,,,,,,,,,,
6.44585,3.11E-06,-0.001052184,,,,,,,,,,,,,,
6.44595,3.12E-06,-0.000950222,,,,,,,,,,,,,,
6.44605,6.86E-06,-5.530964375,,,,,,,,,,,,,,
6.44615,2.66E-06,-9.9945364,,,,,,,,,,,,,,
6.44625,6.65E-07,-9.994768143,,,,,,,,,,,,,,
6.44635,2.71E-07,-9.995341301,,,,,,,,,,,,,,
6.44645,1.50E-07,-9.995455742,,,,,,,,,,,,,,
6.44655,1.00E-07,-9.995125771,,,,,,,,,,,,,,
6.44665,7.34E-08,-9.995620728,,,,,,,,,,,,,,
6.44675,5.73E-08,-9.995424271,,,,,,,,,,,,,,
6.44685,4.61E-08,-9.995569229,,,,,,,,,,,,,,
6.44695,3.80E-08,-9.995398521,,,,,,,,,,,,,,
6.44705,-5.25E-06,-4.475208282,,,,,,,,,,,,,,
6.44715,-8.84E-07,-0.001783649,,,,,,,,,,,,,,
6.44725,2.04E-06,-0.001679858,,,,,,,,,,,,,,
6.44735,2.71E-06,-0.001172301,,,,,,,,,,,,,,
6.44745,2.93E-06,-0.001322886,,,,,,,,,,,,,,
6.44755,3.02E-06,-0.001313316,,,,,,,,,,,,,,
6.44765,3.07E-06,-0.001377984,,,,,,,,,,,,,,
6.44775,3.10E-06,-0.001004616,,,,,,,,,,,,,,
6.44785,3.12E-06,-0.001140284,,,,,,,,,,,,,,
6.44795,3.13E-06,-0.001056406,,,,,,,,,,,,,,
6.44805,6.86E-06,-5.510991573,,,,,,,,,,,,,,
6.44815,2.67E-06,-9.994579315,,,,,,,,,,,,,,
6.44825,6.67E-07,-9.994950294,,,,,,,,,,,,,,
6.44835,2.71E-07,-9.995512962,,,,,,,,,,,,,,
6.44845,1.50E-07,-9.995393753,,,,,,,,,,,,,,
6.44855,1.00E-07,-9.995577812,,,,,,,,,,,,,,
6.44865,7.38E-08,-9.995738983,,,,,,,,,,,,,,
6.44875,5.75E-08,-9.995519638,,,,,,,,,,,,,,
6.44885,4.64E-08,-9.995358467,,,,,,,,,,,,,,
6.44895,3.79E-08,-9.995450974,,,,,,,,,,,,,,
6.44905,-5.24E-06,-4.495325089,,,,,,,,,,,,,,
6.44915,-8.94E-07,-0.0020502,,,,,,,,,,,,,,
6.44925,2.04E-06,-0.002003195,,,,,,,,,,,,,,
6.44935,2.71E-06,-0.001289321,,,,,,,,,,,,,,
6.44945,2.93E-06,-0.001553197,,,,,,,,,,,,,,
6.44955,3.03E-06,-0.001529062,,,,,,,,,,,,,,
6.44965,3.08E-06,-0.001340619,,,,,,,,,,,,,,
6.44975,3.11E-06,-0.001288758,,,,,,,,,,,,,,
6.44985,3.12E-06,-0.001273489,,,,,,,,,,,,,,
6.44995,3.13E-06,-0.00121241,,,,,,,,,,,,,,
6.45005,6.86E-06,-5.490992069,,,,,,,,,,,,,,
6.45015,2.68E-06,-9.994325638,,,,,,,,,,,,,,
6.45025,6.68E-07,-9.994737625,,,,,,,,,,,,,,
6.45035,2.71E-07,-9.995187759,,,,,,,,,,,,,,
6.45045,1.51E-07,-9.995205879,,,,,,,,,,,,,,
6.45055,1.00E-07,-9.995100975,,,,,,,,,,,,,,
6.45065,7.37E-08,-9.995322227,,,,,,,,,,,,,,
6.45075,5.71E-08,-9.995293617,,,,,,,,,,,,,,
6.45085,4.62E-08,-9.995581627,,,,,,,,,,,,,,
6.45095,3.82E-08,-9.99537468,,,,,,,,,,,,,,
6.45105,-5.23E-06,-4.515559673,,,,,,,,,,,,,,
6.45115,-9.05E-07,-0.002518914,,,,,,,,,,,,,,
6.45125,2.04E-06,-0.002218447,,,,,,,,,,,,,,
6.45135,2.71E-06,-0.001801382,,,,,,,,,,,,,,
6.45145,2.93E-06,-0.001463761,,,,,,,,,,,,,,
6.45155,3.03E-06,-0.001194185,,,,,,,,,,,,,,
6.45165,3.08E-06,-0.001490782,,,,,,,,,,,,,,
6.45175,3.11E-06,-0.001350329,,,,,,,,,,,,,,
6.45185,3.13E-06,-0.0014309,,,,,,,,,,,,,,
6.45195,3.13E-06,-0.001326686,,,,,,,,,,,,,,
6.45205,6.85E-06,-5.47069025,,,,,,,,,,,,,,
6.45215,2.69E-06,-9.99395752,,,,,,,,,,,,,,
6.45225,6.70E-07,-9.994361877,,,,,,,,,,,,,,
6.45235,2.72E-07,-9.994704247,,,,,,,,,,,,,,
6.45245,1.51E-07,-9.994866371,,,,,,,,,,,,,,
6.45255,1.01E-07,-9.995120049,,,,,,,,,,,,,,
6.45265,7.37E-08,-9.994992256,,,,,,,,,,,,,,
6.45275,5.70E-08,-9.995138168,,,,,,,,,,,,,,
6.45285,4.59E-08,-9.995239258,,,,,,,,,,,,,,
6.45295,3.79E-08,-9.995177269,,,,,,,,,,,,,,
6.45305,-5.22E-06,-4.535146713,,,,,,,,,,,,,,
6.45315,-9.14E-07,-0.001800397,,,,,,,,,,,,,,
6.45325,2.04E-06,-0.001834525,,,,,,,,,,,,,,
6.45335,2.71E-06,-0.001456724,,,,,,,,,,,,,,
6.45345,2.94E-06,-0.00126807,,,,,,,,,,,,,,
6.45355,3.03E-06,-0.001257234,,,,,,,,,,,,,,
6.45365,3.08E-06,-0.00108019,,,,,,,,,,,,,,
6.45375,3.11E-06,-0.001103763,,,,,,,,,,,,,,
6.45385,3.13E-06,-0.001195451,,,,,,,,,,,,,,
6.45395,3.14E-06,-0.001154287,,,,,,,,,,,,,,
6.45405,6.85E-06,-5.451088428,,,,,,,,,,,,,,
6.45415,2.69E-06,-9.994606972,,,,,,,,,,,,,,
6.45425,6.71E-07,-9.995123863,,,,,,,,,,,,,,
6.45435,2.72E-07,-9.995433807,,,,,,,,,,,,,,
6.45445,1.51E-07,-9.99551487,,,,,,,,,,,,,,
6.45455,1.01E-07,-9.995838165,,,,,,,,,,,,,,
6.45465,7.38E-08,-9.995548248,,,,,,,,,,,,,,
6.45475,5.74E-08,-9.995557785,,,,,,,,,,,,,,
6.45485,4.63E-08,-9.995368958,,,,,,,,,,,,,,
6.45495,3.85E-08,-9.995512009,,,,,,,,,,,,,,
6.45505,-5.21E-06,-4.555497646,,,,,,,,,,,,,,
6.45515,-9.25E-07,-0.002260879,,,,,,,,,,,,,,
6.45525,2.04E-06,-0.001906932,,,,,,,,,,,,,,
6.45535,2.72E-06,-0.001425622,,,,,,,,,,,,,,
6.45545,2.94E-06,-0.001274333,,,,,,,,,,,,,,
6.45555,3.04E-06,-0.001155835,,,,,,,,,,,,,,
6.45565,3.09E-06,-0.001219939,,,,,,,,,,,,,,
6.45575,3.12E-06,-0.001137328,,,,,,,,,,,,,,
6.45585,3.13E-06,-0.001327953,,,,,,,,,,,,,,
6.45595,3.14E-06,-0.00123549,,,,,,,,,,,,,,
6.45605,6.84E-06,-5.431120872,,,,,,,,,,,,,,
6.45615,2.70E-06,-9.994359016,,,,,,,,,,,,,,
6.45625,6.73E-07,-9.994911194,,,,,,,,,,,,,,
6.45635,2.73E-07,-9.995192528,,,,,,,,,,,,,,
6.45645,1.51E-07,-9.995139122,,,,,,,,,,,,,,
6.45655,1.01E-07,-9.995505333,,,,,,,,,,,,,,
6.45665,7.42E-08,-9.995427132,,,,,,,,,,,,,,
6.45675,5.75E-08,-9.995705605,,,,,,,,,,,,,,
6.45685,4.65E-08,-9.995928764,,,,,,,,,,,,,,
6.45695,3.83E-08,-9.995752335,,,,,,,,,,,,,,
6.45705,-5.20E-06,-4.575364113,,,,,,,,,,,,,,
6.45715,-9.35E-07,-0.002085172,,,,,,,,,,,,,,
6.45725,2.04E-06,-0.001713001,,,,,,,,,,,,,,
6.45735,2.72E-06,-0.001555308,,,,,,,,,,,,,,
6.45745,2.94E-06,-0.001486278,,,,,,,,,,,,,,
6.45755,3.04E-06,-0.001194677,,,,,,,,,,,,,,
6.45765,3.09E-06,-0.001261245,,,,,,,,,,,,,,
6.45775,3.12E-06,-0.001348781,,,,,,,,,,,,,,
6.45785,3.14E-06,-0.001160127,,,,,,,,,,,,,,
6.45795,3.15E-06,-0.001029174,,,,,,,,,,,,,,
6.45805,6.84E-06,-5.411326885,,,,,,,,,,,,,,
6.45815,2.71E-06,-9.994634628,,,,,,,,,,,,,,
6.45825,6.74E-07,-9.994885445,,,,,,,,,,,,,,
6.45835,2.73E-07,-9.995339394,,,,,,,,,,,,,,
6.45845,1.51E-07,-9.995522499,,,,,,,,,,,,,,
6.45855,1.01E-07,-9.995435715,,,,,,,,,,,,,,
6.45865,7.40E-08,-9.995522499,,,,,,,,,,,,,,
6.45875,5.74E-08,-9.995220184,,,,,,,,,,,,,,
6.45885,4.65E-08,-9.995568275,,,,,,,,,,,,,,
6.45895,3.85E-08,-9.995882034,,,,,,,,,,,,,,
6.45905,-5.19E-06,-4.595881462,,,,,,,,,,,,,,
6.45915,-9.45E-07,-0.002290785,,,,,,,,,,,,,,
6.45925,2.04E-06,-0.001976103,,,,,,,,,,,,,,
6.45935,2.72E-06,-0.001462072,,,,,,,,,,,,,,
6.45945,2.95E-06,-0.001474175,,,,,,,,,,,,,,
6.45955,3.04E-06,-0.001198899,,,,,,,,,,,,,,
6.45965,3.09E-06,-0.001095319,,,,,,,,,,,,,,
6.45975,3.12E-06,-0.001445958,,,,,,,,,,,,,,
6.45985,3.14E-06,-0.001393887,,,,,,,,,,,,,,
6.45995,3.15E-06,-0.001201784,,,,,,,,,,,,,,
6.46005,6.84E-06,-5.39133358,,,,,,,,,,,,,,
6.46015,2.72E-06,-9.994838715,,,,,,,,,,,,,,
6.46025,6.76E-07,-9.994987488,,,,,,,,,,,,,,
6.46035,2.73E-07,-9.99535656,,,,,,,,,,,,,,
6.46045,1.51E-07,-9.995487213,,,,,,,,,,,,,,
6.46055,1.01E-07,-9.995879173,,,,,,,,,,,,,,
6.46065,7.37E-08,-9.995638847,,,,,,,,,,,,,,
6.46075,5.75E-08,-9.995658875,,,,,,,,,,,,,,
6.46085,4.62E-08,-9.99554348,,,,,,,,,,,,,,
6.46095,3.84E-08,-9.995631218,,,,,,,,,,,,,,
6.46105,-5.18E-06,-4.61562109,,,,,,,,,,,,,,
6.46115,-9.54E-07,-0.001993484,,,,,,,,,,,,,,
6.46125,2.04E-06,-0.001758317,,,,,,,,,,,,,,
6.46135,2.72E-06,-0.001420344,,,,,,,,,,,,,,
6.46145,2.95E-06,-0.00132739,,,,,,,,,,,,,,
6.46155,3.05E-06,-0.001428789,,,,,,,,,,,,,,
6.46165,3.10E-06,-0.001291925,,,,,,,,,,,,,,
6.46175,3.13E-06,-0.001369399,,,,,,,,,,,,,,
6.46185,3.14E-06,-0.001448702,,,,,,,,,,,,,,
6.46195,3.15E-06,-0.001330064,,,,,,,,,,,,,,
6.46205,6.83E-06,-5.371496677,,,,,,,,,,,,,,
6.46215,2.73E-06,-9.994957924,,,,,,,,,,,,,,
6.46225,6.77E-07,-9.995377541,,,,,,,,,,,,,,
6.46235,2.74E-07,-9.995409966,,,,,,,,,,,,,,
6.46245,1.51E-07,-9.99532032,,,,,,,,,,,,,,
6.46255,1.00E-07,-9.995569229,,,,,,,,,,,,,,
6.46265,7.42E-08,-9.99550724,,,,,,,,,,,,,,
6.46275,5.72E-08,-9.995499611,,,,,,,,,,,,,,
6.46285,4.59E-08,-9.99575901,,,,,,,,,,,,,,
6.46295,3.80E-08,-9.995382309,,,,,,,,,,,,,,
6.46305,-5.17E-06,-4.635559082,,,,,,,,,,,,,,
6.46315,-9.66E-07,-0.001811374,,,,,,,,,,,,,,
6.46325,2.04E-06,-0.001568608,,,,,,,,,,,,,,
6.46335,2.73E-06,-0.001283481,,,,,,,,,,,,,,
6.46345,2.95E-06,-0.00123352,,,,,,,,,,,,,,
6.46355,3.05E-06,-0.001247453,,,,,,,,,,,,,,
6.46365,3.10E-06,-0.001243794,,,,,,,,,,,,,,
6.46375,3.13E-06,-0.001388116,,,,,,,,,,,,,,
6.46385,3.15E-06,-0.001313738,,,,,,,,,,,,,,
6.46395,3.16E-06,-0.001484449,,,,,,,,,,,,,,
6.46405,6.83E-06,-5.351234436,,,,,,,,,,,,,,
6.46415,2.74E-06,-9.994838715,,,,,,,,,,,,,,
6.46425,6.79E-07,-9.995325089,,,,,,,,,,,,,,
6.46435,2.74E-07,-9.995642662,,,,,,,,,,,,,,
6.46445,1.52E-07,-9.99538517,,,,,,,,,,,,,,
6.46455,1.01E-07,-9.995319366,,,,,,,,,,,,,,
6.46465,7.42E-08,-9.995562553,,,,,,,,,,,,,,
6.46475,5.73E-08,-9.995717049,,,,,,,,,,,,,,
6.46485,4.63E-08,-9.995796204,,,,,,,,,,,,,,
6.46495,3.84E-08,-9.995963097,,,,,,,,,,,,,,
6.46505,-5.16E-06,-4.655720234,,,,,,,,,,,,,,
6.46515,-9.76E-07,-0.002437078,,,,,,,,,,,,,,
6.46525,2.04E-06,-0.002298595,,,,,,,,,,,,,,
6.46535,2.73E-06,-0.00176071,,,,,,,,,,,,,,
6.46545,2.95E-06,-0.001769154,,,,,,,,,,,,,,
6.46555,3.05E-06,-0.001692594,,,,,,,,,,,,,,
6.46565,3.10E-06,-0.001574448,,,,,,,,,,,,,,
6.46575,3.13E-06,-0.00166304,,,,,,,,,,,,,,
6.46585,3.15E-06,-0.001494019,,,,,,,,,,,,,,
6.46595,3.16E-06,-0.001326897,,,,,,,,,,,,,,
6.46605,6.82E-06,-5.331177711,,,,,,,,,,,,,,
6.46615,2.75E-06,-9.99464798,,,,,,,,,,,,,,
6.46625,6.80E-07,-9.994923592,,,,,,,,,,,,,,
6.46635,2.74E-07,-9.99554348,,,,,,,,,,,,,,
6.46645,1.52E-07,-9.995824814,,,,,,,,,,,,,,
6.46655,1.01E-07,-9.995576859,,,,,,,,,,,,,,
6.46665,7.36E-08,-9.995445251,,,,,,,,,,,,,,
6.46675,5.75E-08,-9.995533943,,,,,,,,,,,,,,
6.46685,4.65E-08,-9.995594025,,,,,,,,,,,,,,
6.46695,3.85E-08,-9.995646477,,,,,,,,,,,,,,
6.46705,-5.15E-06,-4.675664425,,,,,,,,,,,,,,
6.46715,-9.88E-07,-0.00206744,,,,,,,,,,,,,,
6.46725,2.04E-06,-0.001868582,,,,,,,,,,,,,,
6.46735,2.73E-06,-0.001478186,,,,,,,,,,,,,,
6.46745,2.96E-06,-0.001537013,,,,,,,,,,,,,,
6.46755,3.06E-06,-0.001295091,,,,,,,,,,,,,,
6.46765,3.11E-06,-0.001232324,,,,,,,,,,,,,,
6.46775,3.14E-06,-0.000915672,,,,,,,,,,,,,,
6.46785,3.15E-06,-0.001115374,,,,,,,,,,,,,,
6.46795,3.16E-06,-0.001142958,,,,,,,,,,,,,,
6.46805,6.82E-06,-5.311273098,,,,,,,,,,,,,,
6.46815,2.76E-06,-9.994832993,,,,,,,,,,,,,,
6.46825,6.81E-07,-9.994571686,,,,,,,,,,,,,,
6.46835,2.75E-07,-9.995137215,,,,,,,,,,,,,,
6.46845,1.52E-07,-9.995287895,,,,,,,,,,,,,,
6.46855,1.01E-07,-9.995379448,,,,,,,,,,,,,,
6.46865,7.37E-08,-9.995240211,,,,,,,,,,,,,,
6.46875,5.71E-08,-9.995591164,,,,,,,,,,,,,,
6.46885,4.62E-08,-9.995584488,,,,,,,,,,,,,,
6.46895,3.80E-08,-9.995343208,,,,,,,,,,,,,,
6.46905,-5.14E-06,-4.6953125,,,,,,,,,,,,,,
6.46915,-9.99E-07,-0.001978636,,,,,,,,,,,,,,
6.46925,2.04E-06,-0.001708216,,,,,,,,,,,,,,
6.46935,2.73E-06,-0.001394238,,,,,,,,,,,,,,
6.46945,2.96E-06,-0.001496482,,,,,,,,,,,,,,
6.46955,3.06E-06,-0.00149233,,,,,,,,,,,,,,
6.46965,3.11E-06,-0.001533002,,,,,,,,,,,,,,
6.46975,3.14E-06,-0.001072872,,,,,,,,,,,,,,
6.46985,3.15E-06,-0.001203684,,,,,,,,,,,,,,
6.46995,3.16E-06,-0.001126703,,,,,,,,,,,,,,
6.47005,6.81E-06,-5.291387081,,,,,,,,,,,,,,
6.47015,2.77E-06,-9.994307518,,,,,,,,,,,,,,
6.47025,6.83E-07,-9.994680405,,,,,,,,,,,,,,
6.47035,2.75E-07,-9.995075226,,,,,,,,,,,,,,
6.47045,1.52E-07,-9.995010376,,,,,,,,,,,,,,
6.47055,1.01E-07,-9.995506287,,,,,,,,,,,,,,
6.47065,7.37E-08,-9.995528221,,,,,,,,,,,,,,
6.47075,5.73E-08,-9.995326042,,,,,,,,,,,,,,
6.47085,4.62E-08,-9.995697975,,,,,,,,,,,,,,
6.47095,3.83E-08,-9.995293617,,,,,,,,,,,,,,
6.47105,-5.13E-06,-4.715358734,,,,,,,,,,,,,,
6.47115,-1.01E-06,-0.002208314,,,,,,,,,,,,,,
6.47125,2.04E-06,-0.001726723,,,,,,,,,,,,,,
6.47135,2.73E-06,-0.001640593,,,,,,,,,,,,,,
6.47145,2.96E-06,-0.001500915,,,,,,,,,,,,,,
6.47155,3.06E-06,-0.001148376,,,,,,,,,,,,,,
6.47165,3.11E-06,-0.001355396,,,,,,,,,,,,,,
6.47175,3.14E-06,-0.001308039,,,,,,,,,,,,,,
6.47185,3.16E-06,-0.0009631,,,,,,,,,,,,,,
6.47195,3.17E-06,-0.000974992,,,,,,,,,,,,,,
6.47205,6.81E-06,-5.270811081,,,,,,,,,,,,,,
6.47215,2.78E-06,-9.993963242,,,,,,,,,,,,,,
6.47225,6.84E-07,-9.994289398,,,,,,,,,,,,,,
6.47235,2.76E-07,-9.995060921,,,,,,,,,,,,,,
6.47245,1.52E-07,-9.994989395,,,,,,,,,,,,,,
6.47255,1.01E-07,-9.995366096,,,,,,,,,,,,,,
6.47265,7.40E-08,-9.995341301,,,,,,,,,,,,,,
6.47275,5.73E-08,-9.995642662,,,,,,,,,,,,,,
6.47285,4.60E-08,-9.995644569,,,,,,,,,,,,,,
6.47295,3.80E-08,-9.995838165,,,,,,,,,,,,,,
6.47305,-5.12E-06,-4.735527515,,,,,,,,,,,,,,
6.47315,-1.02E-06,-0.002204304,,,,,,,,,,,,,,
6.47325,2.04E-06,-0.0019697,,,,,,,,,,,,,,
6.47335,2.74E-06,-0.001517944,,,,,,,,,,,,,,
6.47345,2.96E-06,-0.001445817,,,,,,,,,,,,,,
6.47355,3.06E-06,-0.001222402,,,,,,,,,,,,,,
6.47365,3.12E-06,-0.001147602,,,,,,,,,,,,,,
6.47375,3.15E-06,-0.001087368,,,,,,,,,,,,,,
6.47385,3.16E-06,-0.000980058,,,,,,,,,,,,,,
6.47395,3.17E-06,-0.001093138,,,,,,,,,,,,,,
6.47405,6.81E-06,-5.251378536,,,,,,,,,,,,,,
6.47415,2.79E-06,-9.994671822,,,,,,,,,,,,,,
6.47425,6.86E-07,-9.994689941,,,,,,,,,,,,,,
6.47435,2.76E-07,-9.995357513,,,,,,,,,,,,,,
6.47445,1.52E-07,-9.995203018,,,,,,,,,,,,,,
6.47455,1.01E-07,-9.995418549,,,,,,,,,,,,,,
6.47465,7.36E-08,-9.995285988,,,,,,,,,,,,,,
6.47475,5.74E-08,-9.995312691,,,,,,,,,,,,,,
6.47485,4.60E-08,-9.995574951,,,,,,,,,,,,,,
6.47495,3.79E-08,-9.995370865,,,,,,,,,,,,,,
6.47505,-5.11E-06,-4.755447388,,,,,,,,,,,,,,
6.47515,-1.03E-06,-0.002216407,,,,,,,,,,,,,,
6.47525,2.04E-06,-0.001607732,,,,,,,,,,,,,,
6.47535,2.74E-06,-0.00129685,,,,,,,,,,,,,,
6.47545,2.97E-06,-0.001261034,,,,,,,,,,,,,,
6.47555,3.07E-06,-0.00166684,,,,,,,,,,,,,,
6.47565,3.12E-06,-0.001184756,,,,,,,,,,,,,,
6.47575,3.15E-06,-0.001174552,,,,,,,,,,,,,,
6.47585,3.16E-06,-0.001413871,,,,,,,,,,,,,,
6.47595,3.17E-06,-0.001392972,,,,,,,,,,,,,,
6.47605,6.80E-06,-5.231497288,,,,,,,,,,,,,,
6.47615,2.80E-06,-9.994925499,,,,,,,,,,,,,,
6.47625,6.88E-07,-9.994996071,,,,,,,,,,,,,,
6.47635,2.77E-07,-9.995426178,,,,,,,,,,,,,,
6.47645,1.52E-07,-9.995203018,,,,,,,,,,,,,,
6.47655,1.01E-07,-9.995615005,,,,,,,,,,,,,,
6.47665,7.40E-08,-9.995548248,,,,,,,,,,,,,,
6.47675,5.73E-08,-9.995637894,,,,,,,,,,,,,,
6.47685,4.58E-08,-9.995642662,,,,,,,,,,,,,,
6.47695,3.79E-08,-9.995545387,,,,,,,,,,,,,,
6.47705,-5.09E-06,-4.775624752,,,,,,,,,,,,,,
6.47715,-1.04E-06,-0.00238008,,,,,,,,,,,,,,
6.47725,2.04E-06,-0.002218377,,,,,,,,,,,,,,
6.47735,2.74E-06,-0.001951967,,,,,,,,,,,,,,
6.47745,2.97E-06,-0.001765847,,,,,,,,,,,,,,
6.47755,3.07E-06,-0.00149817,,,,,,,,,,,,,,
6.47765,3.12E-06,-0.001356803,,,,,,,,,,,,,,
6.47775,3.15E-06,-0.001358422,,,,,,,,,,,,,,
6.47785,3.17E-06,-0.001361307,,,,,,,,,,,,,,
6.47795,3.18E-06,-0.001555168,,,,,,,,,,,,,,
6.47805,6.80E-06,-5.211555481,,,,,,,,,,,,,,
6.47815,2.81E-06,-9.994568825,,,,,,,,,,,,,,
6.47825,6.89E-07,-9.994807243,,,,,,,,,,,,,,
6.47835,2.77E-07,-9.99539566,,,,,,,,,,,,,,
6.47845,1.52E-07,-9.995324135,,,,,,,,,,,,,,
6.47855,1.01E-07,-9.995644569,,,,,,,,,,,,,,
6.47865,7.42E-08,-9.995490074,,,,,,,,,,,,,,
6.47875,5.73E-08,-9.995770454,,,,,,,,,,,,,,
6.47885,4.63E-08,-9.9957304,,,,,,,,,,,,,,
6.47895,3.81E-08,-9.995574951,,,,,,,,,,,,,,
6.47905,-5.08E-06,-4.795722008,,,,,,,,,,,,,,
6.47915,-1.05E-06,-0.002720516,,,,,,,,,,,,,,
6.47925,2.04E-06,-0.002576897,,,,,,,,,,,,,,
6.47935,2.74E-06,-0.001945283,,,,,,,,,,,,,,
6.47945,2.97E-06,-0.001768169,,,,,,,,,,,,,,
6.47955,3.07E-06,-0.001829388,,,,,,,,,,,,,,
6.47965,3.12E-06,-0.001787801,,,,,,,,,,,,,,
6.47975,3.15E-06,-0.001674721,,,,,,,,,,,,,,
6.47985,3.17E-06,-0.001665503,,,,,,,,,,,,,,
6.47995,3.18E-06,-0.001494441,,,,,,,,,,,,,,
6.48005,6.79E-06,-5.191753864,,,,,,,,,,,,,,
6.48015,2.82E-06,-9.994913101,,,,,,,,,,,,,,
6.48025,6.91E-07,-9.994969368,,,,,,,,,,,,,,
6.48035,2.77E-07,-9.995432854,,,,,,,,,,,,,,
6.48045,1.53E-07,-9.995584488,,,,,,,,,,,,,,
6.48055,1.01E-07,-9.995639801,,,,,,,,,,,,,,
6.48065,7.37E-08,-9.99566555,,,,,,,,,,,,,,
6.48075,5.74E-08,-9.995303154,,,,,,,,,,,,,,
6.48085,4.61E-08,-9.995265961,,,,,,,,,,,,,,
6.48095,3.82E-08,-9.995676041,,,,,,,,,,,,,,
6.48105,-5.07E-06,-4.815505981,,,,,,,,,,,,,,
6.48115,-1.07E-06,-0.0022765,,,,,,,,,,,,,,
6.48125,2.04E-06,-0.002010231,,,,,,,,,,,,,,
6.48135,2.74E-06,-0.00177035,,,,,,,,,,,,,,
6.48145,2.98E-06,-0.001855353,,,,,,,,,,,,,,
6.48155,3.08E-06,-0.001433855,,,,,,,,,,,,,,
6.48165,3.13E-06,-0.001588029,,,,,,,,,,,,,,
6.48175,3.16E-06,-0.001451587,,,,,,,,,,,,,,
6.48185,3.17E-06,-0.001305717,,,,,,,,,,,,,,
6.48195,3.18E-06,-0.001514003,,,,,,,,,,,,,,
6.48205,6.79E-06,-5.171598434,,,,,,,,,,,,,,
6.48215,2.83E-06,-9.994535446,,,,,,,,,,,,,,
6.48225,6.92E-07,-9.994822502,,,,,,,,,,,,,,
6.48235,2.78E-07,-9.995487213,,,,,,,,,,,,,,
6.48245,1.53E-07,-9.995411873,,,,,,,,,,,,,,
6.48255,1.02E-07,-9.995455742,,,,,,,,,,,,,,
6.48265,7.45E-08,-9.995312691,,,,,,,,,,,,,,
6.48275,5.80E-08,-9.995411873,,,,,,,,,,,,,,
6.48285,4.65E-08,-9.99550724,,,,,,,,,,,,,,
6.48295,3.82E-08,-9.995256424,,,,,,,,,,,,,,
6.48305,-5.06E-06,-4.835282803,,,,,,,,,,,,,,
6.48315,-1.08E-06,-0.002292685,,,,,,,,,,,,,,
6.48325,2.04E-06,-0.001771476,,,,,,,,,,,,,,
6.48335,2.75E-06,-0.001529413,,,,,,,,,,,,,,
6.48345,2.98E-06,-0.001396983,,,,,,,,,,,,,,
6.48355,3.08E-06,-0.001467068,,,,,,,,,,,,,,
6.48365,3.13E-06,-0.001509077,,,,,,,,,,,,,,
6.48375,3.16E-06,-0.001345193,,,,,,,,,,,,,,
6.48385,3.18E-06,-0.001391353,,,,,,,,,,,,,,
6.48395,3.19E-06,-0.001253997,,,,,,,,,,,,,,
6.48405,6.78E-06,-5.151310921,,,,,,,,,,,,,,
6.48415,2.84E-06,-9.994454384,,,,,,,,,,,,,,
6.48425,6.94E-07,-9.994454384,,,,,,,,,,,,,,
6.48435,2.78E-07,-9.995183945,,,,,,,,,,,,,,
6.48445,1.53E-07,-9.995409012,,,,,,,,,,,,,,
6.48455,1.01E-07,-9.995637894,,,,,,,,,,,,,,
6.48465,7.45E-08,-9.995903015,,,,,,,,,,,,,,
6.48475,5.77E-08,-9.995913506,,,,,,,,,,,,,,
6.48485,4.62E-08,-9.99567318,,,,,,,,,,,,,,
6.48495,3.85E-08,-9.995735168,,,,,,,,,,,,,,
6.48505,-5.05E-06,-4.855920792,,,,,,,,,,,,,,
6.48515,-1.09E-06,-0.002638609,,,,,,,,,,,,,,
6.48525,2.04E-06,-0.002452418,,,,,,,,,,,,,,
6.48535,2.75E-06,-0.001767535,,,,,,,,,,,,,,
6.48545,2.98E-06,-0.001832484,,,,,,,,,,,,,,
6.48555,3.08E-06,-0.001573322,,,,,,,,,,,,,,
6.48565,3.13E-06,-0.001327812,,,,,,,,,,,,,,
6.48575,3.16E-06,-0.001414574,,,,,,,,,,,,,,
6.48585,3.18E-06,-0.001490008,,,,,,,,,,,,,,
6.48595,3.19E-06,-0.001262441,,,,,,,,,,,,,,
6.48605,6.78E-06,-5.131514072,,,,,,,,,,,,,,
6.48615,2.85E-06,-9.994706154,,,,,,,,,,,,,,
6.48625,6.95E-07,-9.994720459,,,,,,,,,,,,,,
6.48635,2.79E-07,-9.99484539,,,,,,,,,,,,,,
6.48645,1.53E-07,-9.995229721,,,,,,,,,,,,,,
6.48655,1.01E-07,-9.995247841,,,,,,,,,,,,,,
6.48665,7.43E-08,-9.995217323,,,,,,,,,,,,,,
6.48675,5.78E-08,-9.995361328,,,,,,,,,,,,,,
6.48685,4.64E-08,-9.995656967,,,,,,,,,,,,,,
6.48695,3.83E-08,-9.995472908,,,,,,,,,,,,,,
6.48705,-5.04E-06,-4.875320911,,,,,,,,,,,,,,
6.48715,-1.10E-06,-0.002171935,,,,,,,,,,,,,,
6.48725,2.04E-06,-0.00185472,,,,,,,,,,,,,,
6.48735,2.75E-06,-0.001225217,,,,,,,,,,,,,,
6.48745,2.98E-06,-0.001436951,,,,,,,,,,,,,,
6.48755,3.09E-06,-0.001355255,,,,,,,,,,,,,,
6.48765,3.14E-06,-0.001284677,,,,,,,,,,,,,,
6.48775,3.17E-06,-0.001298047,,,,,,,,,,,,,,
6.48785,3.18E-06,-0.001383331,,,,,,,,,,,,,,
6.48795,3.19E-06,-0.001272292,,,,,,,,,,,,,,
6.48805,6.77E-06,-5.11141634,,,,,,,,,,,,,,
6.48815,2.86E-06,-9.994591713,,,,,,,,,,,,,,
6.48825,6.97E-07,-9.994660378,,,,,,,,,,,,,,
6.48835,2.79E-07,-9.994885445,,,,,,,,,,,,,,
6.48845,1.53E-07,-9.995196342,,,,,,,,,,,,,,
6.48855,1.02E-07,-9.994865417,,,,,,,,,,,,,,
6.48865,7.45E-08,-9.995139122,,,,,,,,,,,,,,
6.48875,5.76E-08,-9.995156288,,,,,,,,,,,,,,
6.48885,4.65E-08,-9.995240211,,,,,,,,,,,,,,
6.48895,3.84E-08,-9.995695114,,,,,,,,,,,,,,
6.48905,-5.03E-06,-4.895396709,,,,,,,,,,,,,,
6.48915,-1.11E-06,-0.001973711,,,,,,,,,,,,,,
6.48925,2.04E-06,-0.001594292,,,,,,,,,,,,,,
6.48935,2.75E-06,-0.001188415,,,,,,,,,,,,,,
6.48945,2.99E-06,-0.001363488,,,,,,,,,,,,,,
6.48955,3.09E-06,-0.001209173,,,,,,,,,,,,,,
6.48965,3.14E-06,-0.00113571,,,,,,,,,,,,,,
6.48975,3.17E-06,-0.000844672,,,,,,,,,,,,,,
6.48985,3.19E-06,-0.001084342,,,,,,,,,,,,,,
6.48995,3.20E-06,-0.001072591,,,,,,,,,,,,,,
6.49005,6.77E-06,-5.091313839,,,,,,,,,,,,,,
6.49015,2.87E-06,-9.994352341,,,,,,,,,,,,,,
6.49025,6.98E-07,-9.994622231,,,,,,,,,,,,,,
6.49035,2.79E-07,-9.994905472,,,,,,,,,,,,,,
6.49045,1.54E-07,-9.995167732,,,,,,,,,,,,,,
6.49055,1.01E-07,-9.99529171,,,,,,,,,,,,,,
6.49065,7.40E-08,-9.99514389,,,,,,,,,,,,,,
6.49075,5.76E-08,-9.995188713,,,,,,,,,,,,,,
6.49085,4.61E-08,-9.99532032,,,,,,,,,,,,,,
6.49095,3.81E-08,-9.995472908,,,,,,,,,,,,,,
6.49105,-5.02E-06,-4.915261269,,,,,,,,,,,,,,
6.49115,-1.12E-06,-0.001940498,,,,,,,,,,,,,,
6.49125,2.05E-06,-0.001709905,,,,,,,,,,,,,,
6.49135,2.76E-06,-0.001426818,,,,,,,,,,,,,,
6.49145,2.99E-06,-0.001595981,,,,,,,,,,,,,,
6.49155,3.09E-06,-0.001346952,,,,,,,,,,,,,,
6.49165,3.14E-06,-0.001489163,,,,,,,,,,,,,,
6.49175,3.17E-06,-0.001261034,,,,,,,,,,,,,,
6.49185,3.19E-06,-0.001309024,,,,,,,,,,,,,,
6.49195,3.20E-06,-0.001085749,,,,,,,,,,,,,,
6.49205,6.76E-06,-5.071750164,,,,,,,,,,,,,,
6.49215,2.88E-06,-9.994764328,,,,,,,,,,,,,,
6.49225,7.00E-07,-9.995092392,,,,,,,,,,,,,,
6.49235,2.79E-07,-9.995575905,,,,,,,,,,,,,,
6.49245,1.53E-07,-9.995741844,,,,,,,,,,,,,,
6.49255,1.02E-07,-9.995370865,,,,,,,,,,,,,,
6.49265,7.40E-08,-9.995544434,,,,,,,,,,,,,,
6.49275,5.81E-08,-9.995620728,,,,,,,,,,,,,,
6.49285,4.64E-08,-9.995894432,,,,,,,,,,,,,,
6.49295,3.79E-08,-9.995723724,,,,,,,,,,,,,,
6.49305,-5.00E-06,-4.935348034,,,,,,,,,,,,,,
6.49315,-1.13E-06,-0.002231465,,,,,,,,,,,,,,
6.49325,2.05E-06,-0.001899544,,,,,,,,,,,,,,
6.49335,2.76E-06,-0.001674651,,,,,,,,,,,,,,
6.49345,2.99E-06,-0.001549327,,,,,,,,,,,,,,
6.49355,3.10E-06,-0.00133323,,,,,,,,,,,,,,
6.49365,3.15E-06,-0.001392831,,,,,,,,,,,,,,
6.49375,3.18E-06,-0.001474879,,,,,,,,,,,,,,
6.49385,3.19E-06,-0.00147699,,,,,,,,,,,,,,
6.49395,3.20E-06,-0.001201996,,,,,,,,,,,,,,
6.49405,6.76E-06,-5.051409245,,,,,,,,,,,,,,
6.49415,2.90E-06,-9.994677544,,,,,,,,,,,,,,
6.49425,7.01E-07,-9.994890213,,,,,,,,,,,,,,
6.49435,2.80E-07,-9.995331764,,,,,,,,,,,,,,
6.49445,1.54E-07,-9.995927811,,,,,,,,,,,,,,
6.49455,1.02E-07,-9.995973587,,,,,,,,,,,,,,
6.49465,7.48E-08,-9.995731354,,,,,,,,,,,,,,
6.49475,5.79E-08,-9.995814323,,,,,,,,,,,,,,
6.49485,4.66E-08,-9.995818138,,,,,,,,,,,,,,
6.49495,3.84E-08,-9.996003151,,,,,,,,,,,,,,
6.49505,-4.99E-06,-4.955534935,,,,,,,,,,,,,,
6.49515,-1.15E-06,-0.002416671,,,,,,,,,,,,,,
6.49525,2.05E-06,-0.002229847,,,,,,,,,,,,,,
6.49535,2.76E-06,-0.001968996,,,,,,,,,,,,,,
6.49545,3.00E-06,-0.001914743,,,,,,,,,,,,,,
6.49555,3.10E-06,-0.001387765,,,,,,,,,,,,,,
6.49565,3.15E-06,-0.001495356,,,,,,,,,,,,,,
6.49575,3.18E-06,-0.001518225,,,,,,,,,,,,,,
6.49585,3.20E-06,-0.001594925,,,,,,,,,,,,,,
6.49595,3.21E-06,-0.001377561,,,,,,,,,,,,,,
6.49605,6.75E-06,-5.031811237,,,,,,,,,,,,,,
6.49615,2.91E-06,-9.995025635,,,,,,,,,,,,,,
6.49625,7.03E-07,-9.995088577,,,,,,,,,,,,,,
6.49635,2.80E-07,-9.995598793,,,,,,,,,,,,,,
6.49645,1.54E-07,-9.995466232,,,,,,,,,,,,,,
6.49655,1.01E-07,-9.995370865,,,,,,,,,,,,,,
6.49665,7.42E-08,-9.995576859,,,,,,,,,,,,,,
6.49675,5.78E-08,-9.995646477,,,,,,,,,,,,,,
6.49685,4.65E-08,-9.99571228,,,,,,,,,,,,,,
6.49695,3.83E-08,-9.995891571,,,,,,,,,,,,,,
6.49705,-4.98E-06,-4.975596428,,,,,,,,,,,,,,
6.49715,-1.16E-06,-0.001993273,,,,,,,,,,,,,,
6.49725,2.05E-06,-0.001826503,,,,,,,,,,,,,,
6.49735,2.76E-06,-0.00121628,,,,,,,,,,,,,,
6.49745,3.00E-06,-0.00152871,,,,,,,,,,,,,,
6.49755,3.10E-06,-0.001336397,,,,,,,,,,,,,,
6.49765,3.15E-06,-0.001560938,,,,,,,,,,,,,,
6.49775,3.18E-06,-0.001278766,,,,,,,,,,,,,,
6.49785,3.20E-06,-0.001240346,,,,,,,,,,,,,,
6.49795,3.21E-06,-0.000923131,,,,,,,,,,,,,,
6.49805,6.75E-06,-5.011300087,,,,,,,,,,,,,,
6.49815,2.92E-06,-9.994684219,,,,,,,,,,,,,,
6.49825,7.05E-07,-9.994947433,,,,,,,,,,,,,,
6.49835,2.81E-07,-9.995045662,,,,,,,,,,,,,,
6.49845,1.54E-07,-9.995335579,,,,,,,,,,,,,,
6.49855,1.02E-07,-9.995408058,,,,,,,,,,,,,,
6.49865,7.46E-08,-9.995274544,,,,,,,,,,,,,,
6.49875,5.79E-08,-9.995406151,,,,,,,,,,,,,,
6.49885,4.64E-08,-9.995523453,,,,,,,,,,,,,,
6.49895,3.85E-08,-9.995827675,,,,,,,,,,,,,,
6.49905,-4.97E-06,-4.995296955,,,,,,,,,,,,,,
6.49915,-1.17E-06,-0.002396265,,,,,,,,,,,,,,
6.49925,2.04E-06,-0.001922695,,,,,,,,,,,,,,
6.49935,2.77E-06,-0.001538139,,,,,,,,,,,,,,
6.49945,3.00E-06,-0.001744103,,,,,,,,,,,,,,
6.49955,3.10E-06,-0.001380658,,,,,,,,,,,,,,
6.49965,3.16E-06,-0.001332949,,,,,,,,,,,,,,
6.49975,3.19E-06,-0.001152528,,,,,,,,,,,,,,
6.49985,3.20E-06,-0.001311346,,,,,,,,,,,,,,
6.49995,3.21E-06,-0.001557279,,,,,,,,,,,,,,
6.50005,6.74E-06,-4.991827965,,,,,,,,,,,,,,
6.50015,2.93E-06,-9.994873047,,,,,,,,,,,,,,
6.50025,7.06E-07,-9.995093346,,,,,,,,,,,,,,
6.50035,2.81E-07,-9.995370865,,,,,,,,,,,,,,
6.50045,1.54E-07,-9.995623589,,,,,,,,,,,,,,
6.50055,1.02E-07,-9.995839119,,,,,,,,,,,,,,
6.50065,7.45E-08,-9.995705605,,,,,,,,,,,,,,
6.50075,5.79E-08,-9.995662689,,,,,,,,,,,,,,
6.50085,4.66E-08,-9.995780945,,,,,,,,,,,,,,
6.50095,3.85E-08,-9.995751381,,,,,,,,,,,,,,
6.50105,-4.96E-06,-5.015592098,,,,,,,,,,,,,,
6.50115,-1.18E-06,-0.00225736,,,,,,,,,,,,,,
6.50125,2.05E-06,-0.001968644,,,,,,,,,,,,,,
6.50135,2.77E-06,-0.001427803,,,,,,,,,,,,,,
6.50145,3.01E-06,-0.001619061,,,,,,,,,,,,,,
6.50155,3.11E-06,-0.001545879,,,,,,,,,,,,,,
6.50165,3.16E-06,-0.001232816,,,,,,,,,,,,,,
6.50175,3.19E-06,-0.001314794,,,,,,,,,,,,,,
6.50185,3.21E-06,-0.001272222,,,,,,,,,,,,,,
6.50195,3.22E-06,-0.001165827,,,,,,,,,,,,,,
6.50205,6.74E-06,-4.971603394,,,,,,,,,,,,,,
6.50215,2.94E-06,-9.994872093,,,,,,,,,,,,,,
6.50225,7.08E-07,-9.995170593,,,,,,,,,,,,,,
6.50235,2.82E-07,-9.99571991,,,,,,,,,,,,,,
6.50245,1.54E-07,-9.995557785,,,,,,,,,,,,,,
6.50255,1.02E-07,-9.99548912,,,,,,,,,,,,,,
6.50265,7.47E-08,-9.995526314,,,,,,,,,,,,,,
6.50275,5.75E-08,-9.995628357,,,,,,,,,,,,,,
6.50285,4.66E-08,-9.995614052,,,,,,,,,,,,,,
6.50295,3.83E-08,-9.995643616,,,,,,,,,,,,,,
6.50305,-4.95E-06,-5.035412312,,,,,,,,,,,,,,
6.50315,-1.19E-06,-0.002286352,,,,,,,,,,,,,,
6.50325,2.05E-06,-0.001991021,,,,,,,,,,,,,,
6.50335,2.77E-06,-0.001741007,,,,,,,,,,,,,,
6.50345,3.01E-06,-0.001803704,,,,,,,,,,,,,,
6.50355,3.11E-06,-0.001568608,,,,,,,,,,,,,,
6.50365,3.16E-06,-0.001462002,,,,,,,,,,,,,,
6.50375,3.19E-06,-0.001301354,,,,,,,,,,,,,,
6.50385,3.21E-06,-0.001008416,,,,,,,,,,,,,,
6.50395,3.22E-06,-0.001030722,,,,,,,,,,,,,,
6.50405,6.73E-06,-4.951208115,,,,,,,,,,,,,,
6.50415,2.95E-06,-9.994247437,,,,,,,,,,,,,,
6.50425,7.10E-07,-9.994717598,,,,,,,,,,,,,,
6.50435,2.82E-07,-9.995233536,,,,,,,,,,,,,,
6.50445,1.54E-07,-9.99510479,,,,,,,,,,,,,,
6.50455,1.03E-07,-9.994875908,,,,,,,,,,,,,,
6.50465,7.47E-08,-9.995278358,,,,,,,,,,,,,,
6.50475,5.79E-08,-9.995398521,,,,,,,,,,,,,,
6.50485,4.67E-08,-9.995750427,,,,,,,,,,,,,,
6.50495,3.86E-08,-9.995745659,,,,,,,,,,,,,,
6.50505,-4.93E-06,-5.055258751,,,,,,,,,,,,,,
6.50515,-1.20E-06,-0.002197759,,,,,,,,,,,,,,
6.50525,2.05E-06,-0.001711101,,,,,,,,,,,,,,
6.50535,2.77E-06,-0.001116781,,,,,,,,,,,,,,
6.50545,3.01E-06,-0.00125083,,,,,,,,,,,,,,
6.50555,3.11E-06,-0.001228946,,,,,,,,,,,,,,
6.50565,3.17E-06,-0.001282636,,,,,,,,,,,,,,
6.50575,3.20E-06,-0.001045499,,,,,,,,,,,,,,
6.50585,3.21E-06,-0.001004827,,,,,,,,,,,,,,
6.50595,3.22E-06,-0.000979143,,,,,,,,,,,,,,
6.50605,6.73E-06,-4.931468964,,,,,,,,,,,,,,
6.50615,2.96E-06,-9.995007515,,,,,,,,,,,,,,
6.50625,7.11E-07,-9.995088577,,,,,,,,,,,,,,
6.50635,2.82E-07,-9.995284081,,,,,,,,,,,,,,
6.50645,1.55E-07,-9.995573997,,,,,,,,,,,,,,
6.50655,1.02E-07,-9.995700836,,,,,,,,,,,,,,
6.50665,7.46E-08,-9.995847702,,,,,,,,,,,,,,
6.50675,5.77E-08,-9.996088028,,,,,,,,,,,,,,
6.50685,4.65E-08,-9.995871544,,,,,,,,,,,,,,
6.50695,3.86E-08,-9.995547295,,,,,,,,,,,,,,
6.50705,-4.92E-06,-5.074809551,,,,,,,,,,,,,,
6.50715,-1.22E-06,-0.001743892,,,,,,,,,,,,,,
6.50725,2.05E-06,-0.001441455,,,,,,,,,,,,,,
6.50735,2.78E-06,-0.001247312,,,,,,,,,,,,,,
6.50745,3.01E-06,-0.000921231,,,,,,,,,,,,,,
6.50755,3.12E-06,-0.000919331,,,,,,,,,,,,,,
6.50765,3.17E-06,-0.000878448,,,,,,,,,,,,,,
6.50775,3.20E-06,-0.000759668,,,,,,,,,,,,,,
6.50785,3.21E-06,-0.000737573,,,,,,,,,,,,,,
6.50795,3.22E-06,-0.000805266,,,,,,,,,,,,,,
6.50805,6.72E-06,-4.911409855,,,,,,,,,,,,,,
6.50815,2.97E-06,-9.99481678,,,,,,,,,,,,,,
6.50825,7.12E-07,-9.994968414,,,,,,,,,,,,,,
6.50835,2.83E-07,-9.995469093,,,,,,,,,,,,,,
6.50845,1.55E-07,-9.995343208,,,,,,,,,,,,,,
6.50855,1.03E-07,-9.9953022,,,,,,,,,,,,,,
6.50865,7.48E-08,-9.995613098,,,,,,,,,,,,,,
6.50875,5.81E-08,-9.995814323,,,,,,,,,,,,,,
6.50885,4.70E-08,-9.995725632,,,,,,,,,,,,,,
6.50895,3.91E-08,-9.995734215,,,,,,,,,,,,,,
6.50905,-4.91E-06,-5.095051289,,,,,,,,,,,,,,
6.50915,-1.23E-06,-0.001845221,,,,,,,,,,,,,,
6.50925,2.05E-06,-0.00174347,,,,,,,,,,,,,,
6.50935,2.78E-06,-0.001302621,,,,,,,,,,,,,,
6.50945,3.01E-06,-0.001280455,,,,,,,,,,,,,,
6.50955,3.12E-06,-0.001123818,,,,,,,,,,,,,,
6.50965,3.17E-06,-0.000997439,,,,,,,,,,,,,,
6.50975,3.20E-06,-0.000837354,,,,,,,,,,,,,,
6.50985,3.22E-06,-0.000861841,,,,,,,,,,,,,,
6.50995,3.23E-06,-0.00075221,,,,,,,,,,,,,,
6.51005,6.72E-06,-4.891403675,,,,,,,,,,,,,,
6.51015,2.98E-06,-9.99497509,,,,,,,,,,,,,,
6.51025,7.14E-07,-9.995184898,,,,,,,,,,,,,,
6.51035,2.84E-07,-9.99557972,,,,,,,,,,,,,,
6.51045,1.55E-07,-9.995578766,,,,,,,,,,,,,,
6.51055,1.02E-07,-9.995844841,,,,,,,,,,,,,,
6.51065,7.51E-08,-9.996021271,,,,,,,,,,,,,,
6.51075,5.80E-08,-9.99587059,,,,,,,,,,,,,,
6.51085,4.64E-08,-9.995981216,,,,,,,,,,,,,,
6.51095,3.88E-08,-9.995916367,,,,,,,,,,,,,,
6.51105,-4.90E-06,-5.114936829,,,,,,,,,,,,,,
6.51115,-1.24E-06,-0.001833329,,,,,,,,,,,,,,
6.51125,2.04E-06,-0.001784635,,,,,,,,,,,,,,
6.51135,2.78E-06,-0.001255263,,,,,,,,,,,,,,
6.51145,3.02E-06,-0.001076742,,,,,,,,,,,,,,
6.51155,3.12E-06,-0.001145913,,,,,,,,,,,,,,
6.51165,3.17E-06,-0.001308883,,,,,,,,,,,,,,
6.51175,3.20E-06,-0.000983576,,,,,,,,,,,,,,
6.51185,3.22E-06,-0.000821029,,,,,,,,,,,,,,
6.51195,3.23E-06,-0.000629419,,,,,,,,,,,,,,
6.51205,6.71E-06,-4.871547222,,,,,,,,,,,,,,
6.51215,2.99E-06,-9.994592667,,,,,,,,,,,,,,
6.51225,7.16E-07,-9.995016098,,,,,,,,,,,,,,
6.51235,2.84E-07,-9.995695114,,,,,,,,,,,,,,
6.51245,1.55E-07,-9.995820999,,,,,,,,,,,,,,
6.51255,1.03E-07,-9.996198654,,,,,,,,,,,,,,
6.51265,7.49E-08,-9.996061325,,,,,,,,,,,,,,
6.51275,5.81E-08,-9.995576859,,,,,,,,,,,,,,
6.51285,4.66E-08,-9.995635033,,,,,,,,,,,,,,
6.51295,3.84E-08,-9.995806694,,,,,,,,,,,,,,
6.51305,-4.89E-06,-5.134930611,,,,,,,,,,,,,,
6.51315,-1.25E-06,-0.001691398,,,,,,,,,,,,,,
6.51325,2.05E-06,-0.001152668,,,,,,,,,,,,,,
6.51335,2.78E-06,-0.000877252,,,,,,,,,,,,,,
6.51345,3.02E-06,-0.000507543,,,,,,,,,,,,,,
6.51355,3.12E-06,-0.000783523,,,,,,,,,,,,,,
6.51365,3.18E-06,-0.000740036,,,,,,,,,,,,,,
6.51375,3.21E-06,-0.000539772,,,,,,,,,,,,,,
6.51385,3.22E-06,-0.000506277,,,,,,,,,,,,,,
6.51395,3.23E-06,-0.000696268,,,,,,,,,,,,,,
6.51405,6.71E-06,-4.851613998,,,,,,,,,,,,,,
6.51415,3.00E-06,-9.99439621,,,,,,,,,,,,,,
6.51425,7.17E-07,-9.994571686,,,,,,,,,,,,,,
6.51435,2.84E-07,-9.995270729,,,,,,,,,,,,,,
6.51445,1.55E-07,-9.99552536,,,,,,,,,,,,,,
6.51455,1.02E-07,-9.995259285,,,,,,,,,,,,,,
6.51465,7.50E-08,-9.99551487,,,,,,,,,,,,,,
6.51475,5.77E-08,-9.99547863,,,,,,,,,,,,,,
6.51485,4.65E-08,-9.99563694,,,,,,,,,,,,,,
6.51495,3.84E-08,-9.995685577,,,,,,,,,,,,,,
6.51505,-4.87E-06,-5.154854298,,,,,,,,,,,,,,
6.51515,-1.27E-06,-0.001794064,,,,,,,,,,,,,,
6.51525,2.05E-06,-0.001494441,,,,,,,,,,,,,,
6.51535,2.78E-06,-0.000792248,,,,,,,,,,,,,,
6.51545,3.02E-06,-0.000620482,,,,,,,,,,,,,,
6.51555,3.13E-06,-0.000920105,,,,,,,,,,,,,,
6.51565,3.18E-06,-0.001015101,,,,,,,,,,,,,,
6.51575,3.21E-06,-0.000726033,,,,,,,,,,,,,,
6.51585,3.23E-06,-0.000781553,,,,,,,,,,,,,,
6.51595,3.24E-06,-0.000663758,,,,,,,,,,,,,,
6.51605,6.70E-06,-4.831334591,,,,,,,,,,,,,,
6.51615,3.01E-06,-9.994513512,,,,,,,,,,,,,,
6.51625,7.18E-07,-9.994903564,,,,,,,,,,,,,,
6.51635,2.85E-07,-9.99562645,,,,,,,,,,,,,,
6.51645,1.55E-07,-9.995632172,,,,,,,,,,,,,,
6.51655,1.02E-07,-9.995767593,,,,,,,,,,,,,,
6.51665,7.46E-08,-9.995941162,,,,,,,,,,,,,,
6.51675,5.78E-08,-9.995803833,,,,,,,,,,,,,,
6.51685,4.64E-08,-9.99596405,,,,,,,,,,,,,,
6.51695,3.83E-08,-9.99592495,,,,,,,,,,,,,,
6.51705,-4.86E-06,-5.175255299,,,,,,,,,,,,,,
6.51715,-1.28E-06,-0.002101497,,,,,,,,,,,,,,
6.51725,2.05E-06,-0.001639749,,,,,,,,,,,,,,
6.51735,2.78E-06,-0.001077235,,,,,,,,,,,,,,
6.51745,3.02E-06,-0.001058095,,,,,,,,,,,,,,
6.51755,3.13E-06,-0.000768324,,,,,,,,,,,,,,
6.51765,3.18E-06,-0.000894492,,,,,,,,,,,,,,
6.51775,3.21E-06,-0.000940512,,,,,,,,,,,,,,
6.51785,3.23E-06,-0.000953389,,,,,,,,,,,,,,
6.51795,3.24E-06,-0.000923201,,,,,,,,,,,,,,
6.51805,6.70E-06,-4.811553001,,,,,,,,,,,,,,
6.51815,3.03E-06,-9.994595528,,,,,,,,,,,,,,
6.51825,7.20E-07,-9.994874001,,,,,,,,,,,,,,
6.51835,2.85E-07,-9.995441437,,,,,,,,,,,,,,
6.51845,1.56E-07,-9.995500565,,,,,,,,,,,,,,
6.51855,1.02E-07,-9.995739937,,,,,,,,,,,,,,
6.51865,7.51E-08,-9.995767593,,,,,,,,,,,,,,
6.51875,5.80E-08,-9.995573997,,,,,,,,,,,,,,
6.51885,4.69E-08,-9.995814323,,,,,,,,,,,,,,
6.51895,3.86E-08,-9.995565414,,,,,,,,,,,,,,
6.51905,-4.85E-06,-5.194887638,,,,,,,,,,,,,,
6.51915,-1.29E-06,-0.001692735,,,,,,,,,,,,,,
6.51925,2.05E-06,-0.001562556,,,,,,,,,,,,,,
6.51935,2.79E-06,-0.00113965,,,,,,,,,,,,,,
6.51945,3.03E-06,-0.001051903,,,,,,,,,,,,,,
6.51955,3.13E-06,-0.000950785,,,,,,,,,,,,,,
6.51965,3.18E-06,-0.000950011,,,,,,,,,,,,,,
6.51975,3.21E-06,-0.000855649,,,,,,,,,,,,,,
6.51985,3.23E-06,-0.000761779,,,,,,,,,,,,,,
6.51995,3.24E-06,-0.000683883,,,,,,,,,,,,,,
6.52005,6.69E-06,-4.791209698,,,,,,,,,,,,,,
6.52015,3.04E-06,-9.994753838,,,,,,,,,,,,,,
6.52025,7.22E-07,-9.994995117,,,,,,,,,,,,,,
6.52035,2.86E-07,-9.995300293,,,,,,,,,,,,,,
6.52045,1.55E-07,-9.995234489,,,,,,,,,,,,,,
6.52055,1.03E-07,-9.995595932,,,,,,,,,,,,,,
6.52065,7.50E-08,-9.995517731,,,,,,,,,,,,,,
6.52075,5.81E-08,-9.995577812,,,,,,,,,,,,,,
6.52085,4.66E-08,-9.995818138,,,,,,,,,,,,,,
6.52095,3.88E-08,-9.995967865,,,,,,,,,,,,,,
6.52105,-4.84E-06,-5.215412617,,,,,,,,,,,,,,
6.52115,-1.30E-06,-0.002063992,,,,,,,,,,,,,,
6.52125,2.05E-06,-0.001948731,,,,,,,,,,,,,,
6.52135,2.79E-06,-0.001323168,,,,,,,,,,,,,,
6.52145,3.03E-06,-0.001289884,,,,,,,,,,,,,,
6.52155,3.14E-06,-0.001005812,,,,,,,,,,,,,,
6.52165,3.19E-06,-0.000891114,,,,,,,,,,,,,,
6.52175,3.22E-06,-0.00070443,,,,,,,,,,,,,,
6.52185,3.24E-06,-0.000930379,,,,,,,,,,,,,,
6.52195,3.24E-06,-0.000688598,,,,,,,,,,,,,,
6.52205,6.68E-06,-4.771585941,,,,,,,,,,,,,,
6.52215,3.05E-06,-9.994459152,,,,,,,,,,,,,,
6.52225,7.23E-07,-9.994524002,,,,,,,,,,,,,,
6.52235,2.86E-07,-9.995182037,,,,,,,,,,,,,,
6.52245,1.56E-07,-9.995296478,,,,,,,,,,,,,,
6.52255,1.03E-07,-9.99516201,,,,,,,,,,,,,,
6.52265,7.51E-08,-9.995228767,,,,,,,,,,,,,,
6.52275,5.83E-08,-9.995387077,,,,,,,,,,,,,,
6.52285,4.66E-08,-9.995411873,,,,,,,,,,,,,,
6.52295,3.86E-08,-9.995654106,,,,,,,,,,,,,,
6.52305,-4.82E-06,-5.235164642,,,,,,,,,,,,,,
6.52315,-1.32E-06,-0.002114374,,,,,,,,,,,,,,
6.52325,2.05E-06,-0.001709975,,,,,,,,,,,,,,
6.52335,2.79E-06,-0.001363066,,,,,,,,,,,,,,
6.52345,3.03E-06,-0.001324223,,,,,,,,,,,,,,
6.52355,3.14E-06,-0.001035437,,,,,,,,,,,,,,
6.52365,3.19E-06,-0.00086726,,,,,,,,,,,,,,
6.52375,3.22E-06,-0.000948604,,,,,,,,,,,,,,
6.52385,3.24E-06,-0.001033818,,,,,,,,,,,,,,
6.52395,3.25E-06,-0.00108969,,,,,,,,,,,,,,
6.52405,6.68E-06,-4.751493454,,,,,,,,,,,,,,
6.52415,3.06E-06,-9.994519234,,,,,,,,,,,,,,
6.52425,7.25E-07,-9.994935036,,,,,,,,,,,,,,
6.52435,2.86E-07,-9.995586395,,,,,,,,,,,,,,
6.52445,1.56E-07,-9.995801926,,,,,,,,,,,,,,
6.52455,1.03E-07,-9.995826721,,,,,,,,,,,,,,
6.52465,7.52E-08,-9.996016502,,,,,,,,,,,,,,
6.52475,5.82E-08,-9.995754242,,,,,,,,,,,,,,
6.52485,4.70E-08,-9.995686531,,,,,,,,,,,,,,
6.52495,3.83E-08,-9.995922089,,,,,,,,,,,,,,
6.52505,-4.81E-06,-5.255473137,,,,,,,,,,,,,,
6.52515,-1.33E-06,-0.002441933,,,,,,,,,,,,,,
6.52525,2.05E-06,-0.002106071,,,,,,,,,,,,,,
6.52535,2.79E-06,-0.001727074,,,,,,,,,,,,,,
6.52545,3.04E-06,-0.001665222,,,,,,,,,,,,,,
6.52555,3.14E-06,-0.00150577,,,,,,,,,,,,,,
6.52565,3.19E-06,-0.00124126,,,,,,,,,,,,,,
6.52575,3.22E-06,-0.00139079,,,,,,,,,,,,,,
6.52585,3.24E-06,-0.001021434,,,,,,,,,,,,,,
6.52595,3.25E-06,-0.000915391,,,,,,,,,,,,,,
6.52605,6.67E-06,-4.731514454,,,,,,,,,,,,,,
6.52615,3.07E-06,-9.99450779,,,,,,,,,,,,,,
6.52625,7.27E-07,-9.994626045,,,,,,,,,,,,,,
6.52635,2.87E-07,-9.994925499,,,,,,,,,,,,,,
6.52645,1.56E-07,-9.995130539,,,,,,,,,,,,,,
6.52655,1.03E-07,-9.995057106,,,,,,,,,,,,,,
6.52665,7.51E-08,-9.995181084,,,,,,,,,,,,,,
6.52675,5.80E-08,-9.995371819,,,,,,,,,,,,,,
6.52685,4.68E-08,-9.995312691,,,,,,,,,,,,,,
6.52695,3.84E-08,-9.995376587,,,,,,,,,,,,,,
6.52705,-4.80E-06,-5.275212288,,,,,,,,,,,,,,
6.52715,-1.34E-06,-0.002137033,,,,,,,,,,,,,,
6.52725,2.05E-06,-0.001792023,,,,,,,,,,,,,,
6.52735,2.80E-06,-0.00118933,,,,,,,,,,,,,,
6.52745,3.04E-06,-0.001418937,,,,,,,,,,,,,,
6.52755,3.14E-06,-0.001107563,,,,,,,,,,,,,,
6.52765,3.20E-06,-0.001002646,,,,,,,,,,,,,,
6.52775,3.23E-06,-0.001102637,,,,,,,,,,,,,,
6.52785,3.24E-06,-0.001111996,,,,,,,,,,,,,,
6.52795,3.25E-06,-0.000998072,,,,,,,,,,,,,,
6.52805,6.67E-06,-4.711624146,,,,,,,,,,,,,,
6.52815,3.08E-06,-9.9945755,,,,,,,,,,,,,,
6.52825,7.29E-07,-9.994657516,,,,,,,,,,,,,,
6.52835,2.87E-07,-9.994896889,,,,,,,,,,,,,,
6.52845,1.56E-07,-9.995026588,,,,,,,,,,,,,,
6.52855,1.03E-07,-9.995347023,,,,,,,,,,,,,,
6.52865,7.51E-08,-9.995471001,,,,,,,,,,,,,,
6.52875,5.80E-08,-9.995387077,,,,,,,,,,,,,,
6.52885,4.68E-08,-9.995287895,,,,,,,,,,,,,,
6.52895,3.84E-08,-9.995182991,,,,,,,,,,,,,,
6.52905,-4.79E-06,-5.294692039,,,,,,,,,,,,,,
6.52915,-1.35E-06,-0.00201389,,,,,,,,,,,,,,
6.52925,2.05E-06,-0.00168788,,,,,,,,,,,,,,
6.52935,2.80E-06,-0.001205795,,,,,,,,,,,,,,
6.52945,3.04E-06,-0.00124112,,,,,,,,,,,,,,
6.52955,3.15E-06,-0.001169697,,,,,,,,,,,,,,
6.52965,3.20E-06,-0.001036563,,,,,,,,,,,,,,
6.52975,3.23E-06,-0.000849809,,,,,,,,,,,,,,
6.52985,3.25E-06,-0.001005953,,,,,,,,,,,,,,
6.52995,3.25E-06,-0.001115303,,,,,,,,,,,,,,
6.53005,6.66E-06,-4.691614151,,,,,,,,,,,,,,
6.53015,3.09E-06,-9.994330406,,,,,,,,,,,,,,
6.53025,7.30E-07,-9.994456291,,,,,,,,,,,,,,
6.53035,2.87E-07,-9.995015144,,,,,,,,,,,,,,
6.53045,1.56E-07,-9.995377541,,,,,,,,,,,,,,
6.53055,1.03E-07,-9.995322227,,,,,,,,,,,,,,
6.53065,7.52E-08,-9.995170593,,,,,,,,,,,,,,
6.53075,5.83E-08,-9.995358467,,,,,,,,,,,,,,
6.53085,4.69E-08,-9.995433807,,,,,,,,,,,,,,
6.53095,3.88E-08,-9.995266914,,,,,,,,,,,,,,
6.53105,-4.77E-06,-5.314851284,,,,,,,,,,,,,,
6.53115,-1.37E-06,-0.001884837,,,,,,,,,,,,,,
6.53125,2.04E-06,-0.001489726,,,,,,,,,,,,,,
6.53135,2.80E-06,-0.001214732,,,,,,,,,,,,,,
6.53145,3.04E-06,-0.001163083,,,,,,,,,,,,,,
6.53155,3.15E-06,-0.00096507,,,,,,,,,,,,,,
6.53165,3.20E-06,-0.000877041,,,,,,,,,,,,,,
6.53175,3.23E-06,-0.00079063,,,,,,,,,,,,,,
6.53185,3.25E-06,-0.000945578,,,,,,,,,,,,,,
6.53195,3.26E-06,-0.000960496,,,,,,,,,,,,,,
6.53205,6.65E-06,-4.67152977,,,,,,,,,,,,,,
6.53215,3.11E-06,-9.994674683,,,,,,,,,,,,,,
6.53225,7.32E-07,-9.994627953,,,,,,,,,,,,,,
6.53235,2.88E-07,-9.994935989,,,,,,,,,,,,,,
6.53245,1.57E-07,-9.994837761,,,,,,,,,,,,,,
6.53255,1.03E-07,-9.995337486,,,,,,,,,,,,,,
6.53265,7.52E-08,-9.995434761,,,,,,,,,,,,,,
6.53275,5.80E-08,-9.995313644,,,,,,,,,,,,,,
6.53285,4.67E-08,-9.995294571,,,,,,,,,,,,,,
6.53295,3.83E-08,-9.995372772,,,,,,,,,,,,,,
6.53305,-4.76E-06,-5.334840775,,,,,,,,,,,,,,
6.53315,-1.38E-06,-0.00191404,,,,,,,,,,,,,,
6.53325,2.04E-06,-0.0015057,,,,,,,,,,,,,,
6.53335,2.80E-06,-0.000691483,,,,,,,,,,,,,,
6.53345,3.05E-06,-0.000884218,,,,,,,,,,,,,,
6.53355,3.15E-06,-0.000959511,,,,,,,,,,,,,,
6.53365,3.20E-06,-0.000884007,,,,,,,,,,,,,,
6.53375,3.23E-06,-0.000624916,,,,,,,,,,,,,,
6.53385,3.25E-06,-0.000463353,,,,,,,,,,,,,,
6.53395,3.26E-06,-0.00052605,,,,,,,,,,,,,,
6.53405,6.65E-06,-4.651443958,,,,,,,,,,,,,,
6.53415,3.12E-06,-9.99445343,,,,,,,,,,,,,,
6.53425,7.34E-07,-9.994622231,,,,,,,,,,,,,,
6.53435,2.89E-07,-9.99502182,,,,,,,,,,,,,,
6.53445,1.57E-07,-9.995090485,,,,,,,,,,,,,,
6.53455,1.03E-07,-9.995286942,,,,,,,,,,,,,,
6.53465,7.57E-08,-9.995168686,,,,,,,,,,,,,,
6.53475,5.84E-08,-9.995193481,,,,,,,,,,,,,,
6.53485,4.69E-08,-9.99518013,,,,,,,,,,,,,,
6.53495,3.86E-08,-9.995335579,,,,,,,,,,,,,,
6.53505,-4.75E-06,-5.354622841,,,,,,,,,,,,,,
6.53515,-1.39E-06,-0.001669655,,,,,,,,,,,,,,
6.53525,2.04E-06,-0.001670147,,,,,,,,,,,,,,
6.53535,2.80E-06,-0.001237742,,,,,,,,,,,,,,
6.53545,3.05E-06,-0.001235209,,,,,,,,,,,,,,
6.53555,3.15E-06,-0.001334215,,,,,,,,,,,,,,
6.53565,3.21E-06,-0.001077305,,,,,,,,,,,,,,
6.53575,3.24E-06,-0.000866556,,,,,,,,,,,,,,
6.53585,3.25E-06,-0.000836298,,,,,,,,,,,,,,
6.53595,3.26E-06,-0.000892733,,,,,,,,,,,,,,
6.53605,6.64E-06,-4.63142395,,,,,,,,,,,,,,
6.53615,3.13E-06,-9.994274139,,,,,,,,,,,,,,
6.53625,7.36E-07,-9.994466782,,,,,,,,,,,,,,
6.53635,2.89E-07,-9.994968414,,,,,,,,,,,,,,
6.53645,1.57E-07,-9.995184898,,,,,,,,,,,,,,
6.53655,1.03E-07,-9.995204926,,,,,,,,,,,,,,
6.53665,7.55E-08,-9.99523735,,,,,,,,,,,,,,
6.53675,5.82E-08,-9.995228767,,,,,,,,,,,,,,
6.53685,4.74E-08,-9.995318413,,,,,,,,,,,,,,
6.53695,3.90E-08,-9.995439529,,,,,,,,,,,,,,
6.53705,-4.74E-06,-5.374594688,,,,,,,,,,,,,,
6.53715,-1.41E-06,-0.001592744,,,,,,,,,,,,,,
6.53725,2.05E-06,-0.001395435,,,,,,,,,,,,,,
6.53735,2.81E-06,-0.000714704,,,,,,,,,,,,,,
6.53745,3.05E-06,-0.000775994,,,,,,,,,,,,,,
6.53755,3.16E-06,-0.000515143,,,,,,,,,,,,,,
6.53765,3.21E-06,-0.000666925,,,,,,,,,,,,,,
6.53775,3.24E-06,-0.00054723,,,,,,,,,,,,,,
6.53785,3.26E-06,-0.000477989,,,,,,,,,,,,,,
6.53795,3.27E-06,-0.000249296,,,,,,,,,,,,,,
6.53805,6.64E-06,-4.611145496,,,,,,,,,,,,,,
6.53815,3.14E-06,-9.994599342,,,,,,,,,,,,,,
6.53825,7.37E-07,-9.994692802,,,,,,,,,,,,,,
6.53835,2.89E-07,-9.995127678,,,,,,,,,,,,,,
6.53845,1.57E-07,-9.994977951,,,,,,,,,,,,,,
6.53855,1.04E-07,-9.9953022,,,,,,,,,,,,,,
6.53865,7.56E-08,-9.995446205,,,,,,,,,,,,,,
6.53875,5.85E-08,-9.995368004,,,,,,,,,,,,,,
6.53885,4.74E-08,-9.995557785,,,,,,,,,,,,,,
6.53895,3.90E-08,-9.995581627,,,,,,,,,,,,,,
6.53905,-4.72E-06,-5.3947649,,,,,,,,,,,,,,
6.53915,-1.42E-06,-0.001371158,,,,,,,,,,,,,,
6.53925,2.04E-06,-0.001132051,,,,,,,,,,,,,,
6.53935,2.81E-06,-0.001006727,,,,,,,,,,,,,,
6.53945,3.05E-06,-0.000847909,,,,,,,,,,,,,,
6.53955,3.16E-06,-0.000691624,,,,,,,,,,,,,,
6.53965,3.21E-06,-0.000803578,,,,,,,,,,,,,,
6.53975,3.24E-06,-0.000689513,,,,,,,,,,,,,,
6.53985,3.26E-06,-0.0008059,,,,,,,,,,,,,,
6.53995,3.27E-06,-0.000780286,,,,,,,,,,,,,,
6.54005,6.63E-06,-4.591436386,,,,,,,,,,,,,,
6.54015,3.15E-06,-9.994405746,,,,,,,,,,,,,,
6.54025,7.39E-07,-9.994600296,,,,,,,,,,,,,,
6.54035,2.90E-07,-9.995211601,,,,,,,,,,,,,,
6.54045,1.57E-07,-9.995509148,,,,,,,,,,,,,,
6.54055,1.03E-07,-9.99569416,,,,,,,,,,,,,,
6.54065,7.52E-08,-9.995568275,,,,,,,,,,,,,,
6.54075,5.82E-08,-9.99562645,,,,,,,,,,,,,,
6.54085,4.68E-08,-9.995802879,,,,,,,,,,,,,,
6.54095,3.88E-08,-9.995682716,,,,,,,,,,,,,,
6.54105,-4.71E-06,-5.414727688,,,,,,,,,,,,,,
6.54115,-1.43E-06,-0.00179716,,,,,,,,,,,,,,
6.54125,2.04E-06,-0.001629827,,,,,,,,,,,,,,
6.54135,2.81E-06,-0.001116218,,,,,,,,,,,,,,
6.54145,3.06E-06,-0.000990895,,,,,,,,,,,,,,
6.54155,3.16E-06,-0.001097289,,,,,,,,,,,,,,
6.54165,3.22E-06,-0.000940301,,,,,,,,,,,,,,
6.54175,3.25E-06,-0.000555674,,,,,,,,,,,,,,
6.54185,3.26E-06,-0.000691412,,,,,,,,,,,,,,
6.54195,3.27E-06,-0.000935445,,,,,,,,,,,,,,
6.54205,6.62E-06,-4.57183218,,,,,,,,,,,,,,
6.54215,3.16E-06,-9.994690895,,,,,,,,,,,,,,
6.54225,7.40E-07,-9.994897842,,,,,,,,,,,,,,
6.54235,2.90E-07,-9.995527267,,,,,,,,,,,,,,
6.54245,1.57E-07,-9.995697021,,,,,,,,,,,,,,
6.54255,1.04E-07,-9.995753288,,,,,,,,,,,,,,
6.54265,7.50E-08,-9.995479584,,,,,,,,,,,,,,
6.54275,5.81E-08,-9.995541573,,,,,,,,,,,,,,
6.54285,4.67E-08,-9.995576859,,,,,,,,,,,,,,
6.54295,3.86E-08,-9.995764732,,,,,,,,,,,,,,
6.54305,-4.70E-06,-5.434602737,,,,,,,,,,,,,,
6.54315,-1.45E-06,-0.001660296,,,,,,,,,,,,,,
6.54325,2.04E-06,-0.001357999,,,,,,,,,,,,,,
6.54335,2.81E-06,-0.001144717,,,,,,,,,,,,,,
6.54345,3.06E-06,-0.000924609,,,,,,,,,,,,,,
6.54355,3.16E-06,-0.000975766,,,,,,,,,,,,,,
6.54365,3.22E-06,-0.000925312,,,,,,,,,,,,,,
6.54375,3.25E-06,-0.000821662,,,,,,,,,,,,,,
6.54385,3.27E-06,-0.000648348,,,,,,,,,,,,,,
6.54395,3.27E-06,-0.000707386,,,,,,,,,,,,,,
6.54405,6.62E-06,-4.5513978,,,,,,,,,,,,,,
6.54415,3.18E-06,-9.994298935,,,,,,,,,,,,,,
6.54425,7.42E-07,-9.994855881,,,,,,,,,,,,,,
6.54435,2.90E-07,-9.995043755,,,,,,,,,,,,,,
6.54445,1.57E-07,-9.995217323,,,,,,,,,,,,,,
6.54455,1.03E-07,-9.99518013,,,,,,,,,,,,,,
6.54465,7.54E-08,-9.995162964,,,,,,,,,,,,,,
6.54475,5.81E-08,-9.995399475,,,,,,,,,,,,,,
6.54485,4.68E-08,-9.995498657,,,,,,,,,,,,,,
6.54495,3.84E-08,-9.995657921,,,,,,,,,,,,,,
6.54505,-4.68E-06,-5.45476532,,,,,,,,,,,,,,
6.54515,-1.46E-06,-0.001742837,,,,,,,,,,,,,,
6.54525,2.04E-06,-0.001479382,,,,,,,,,,,,,,
6.54535,2.81E-06,-0.001206851,,,,,,,,,,,,,,
6.54545,3.06E-06,-0.001283973,,,,,,,,,,,,,,
6.54555,3.17E-06,-0.001006516,,,,,,,,,,,,,,
6.54565,3.22E-06,-0.0011818,,,,,,,,,,,,,,
6.54575,3.25E-06,-0.001104819,,,,,,,,,,,,,,
6.54585,3.27E-06,-0.000499451,,,,,,,,,,,,,,
6.54595,3.28E-06,-0.000799637,,,,,,,,,,,,,,
6.54605,6.61E-06,-4.531512737,,,,,,,,,,,,,,
6.54615,3.19E-06,-9.994207382,,,,,,,,,,,,,,
6.54625,7.43E-07,-9.994762421,,,,,,,,,,,,,,
6.54635,2.91E-07,-9.9954319,,,,,,,,,,,,,,
6.54645,1.58E-07,-9.995162964,,,,,,,,,,,,,,
6.54655,1.04E-07,-9.995240211,,,,,,,,,,,,,,
6.54665,7.54E-08,-9.995488167,,,,,,,,,,,,,,
6.54675,5.81E-08,-9.995586395,,,,,,,,,,,,,,
6.54685,4.67E-08,-9.995520592,,,,,,,,,,,,,,
6.54695,3.83E-08,-9.995644569,,,,,,,,,,,,,,
6.54705,-4.67E-06,-5.474774837,,,,,,,,,,,,,,
6.54715,-1.47E-06,-0.001766269,,,,,,,,,,,,,,
6.54725,2.04E-06,-0.001326756,,,,,,,,,,,,,,
6.54735,2.81E-06,-0.000917924,,,,,,,,,,,,,,
6.54745,3.06E-06,-0.000876548,,,,,,,,,,,,,,
6.54755,3.17E-06,-0.000696901,,,,,,,,,,,,,,
6.54765,3.22E-06,-0.000793937,,,,,,,,,,,,,,
6.54775,3.25E-06,-0.000665025,,,,,,,,,,,,,,
6.54785,3.27E-06,-0.00061999,,,,,,,,,,,,,,
6.54795,3.28E-06,-0.000657988,,,,,,,,,,,,,,
6.54805,6.60E-06,-4.511160374,,,,,,,,,,,,,,
6.54815,3.20E-06,-9.994514465,,,,,,,,,,,,,,
6.54825,7.45E-07,-9.994634628,,,,,,,,,,,,,,
6.54835,2.91E-07,-9.995196342,,,,,,,,,,,,,,
6.54845,1.58E-07,-9.995176315,,,,,,,,,,,,,,
6.54855,1.04E-07,-9.995551109,,,,,,,,,,,,,,
6.54865,7.53E-08,-9.995295525,,,,,,,,,,,,,,
6.54875,5.84E-08,-9.995191574,,,,,,,,,,,,,,
6.54885,4.67E-08,-9.995232582,,,,,,,,,,,,,,
6.54895,3.86E-08,-9.994997025,,,,,,,,,,,,,,
6.54905,-4.66E-06,-5.494450092,,,,,,,,,,,,,,
6.54915,-1.49E-06,-0.001424566,,,,,,,,,,,,,,
6.54925,2.04E-06,-0.001254771,,,,,,,,,,,,,,
6.54935,2.81E-06,-0.000809559,,,,,,,,,,,,,,
6.54945,3.06E-06,-0.000614994,,,,,,,,,,,,,,
6.54955,3.17E-06,-0.000852623,,,,,,,,,,,,,,
6.54965,3.23E-06,-0.000440835,,,,,,,,,,,,,,
6.54975,3.26E-06,-0.000349921,,,,,,,,,,,,,,
6.54985,3.27E-06,-0.000328882,,,,,,,,,,,,,,
6.54995,3.28E-06,-0.000649614,,,,,,,,,,,,,,
6.55005,6.60E-06,-4.491566658,,,,,,,,,,,,,,
6.55015,3.21E-06,-9.994418144,,,,,,,,,,,,,,
6.55025,7.47E-07,-9.994725227,,,,,,,,,,,,,,
6.55035,2.92E-07,-9.995168686,,,,,,,,,,,,,,
6.55045,1.58E-07,-9.995352745,,,,,,,,,,,,,,
6.55055,1.04E-07,-9.995387077,,,,,,,,,,,,,,
6.55065,7.54E-08,-9.995520592,,,,,,,,,,,,,,
6.55075,5.83E-08,-9.99544239,,,,,,,,,,,,,,
6.55085,4.65E-08,-9.995459557,,,,,,,,,,,,,,
6.55095,3.87E-08,-9.9955616,,,,,,,,,,,,,,
6.55105,-4.64E-06,-5.514436245,,,,,,,,,,,,,,
6.55115,-1.50E-06,-0.001483464,,,,,,,,,,,,,,
6.55125,2.04E-06,-0.001181026,,,,,,,,,,,,,,
6.55135,2.82E-06,-0.000929394,,,,,,,,,,,,,,
6.55145,3.07E-06,-0.000832639,,,,,,,,,,,,,,
6.55155,3.17E-06,-0.000797174,,,,,,,,,,,,,,
6.55165,3.23E-06,-0.000508247,,,,,,,,,,,,,,
6.55175,3.26E-06,-0.000446746,,,,,,,,,,,,,,
6.55185,3.28E-06,-0.000172526,,,,,,,,,,,,,,
6.55195,3.29E-06,-4.70E-06,,,,,,,,,,,,,,
6.55205,6.59E-06,-4.47135067,,,,,,,,,,,,,,
6.55215,3.22E-06,-9.994978905,,,,,,,,,,,,,,
6.55225,7.48E-07,-9.995182037,,,,,,,,,,,,,,
6.55235,2.92E-07,-9.99584198,,,,,,,,,,,,,,
6.55245,1.58E-07,-9.995846748,,,,,,,,,,,,,,
6.55255,1.04E-07,-9.99601841,,,,,,,,,,,,,,
6.55265,7.52E-08,-9.995670319,,,,,,,,,,,,,,
6.55275,5.80E-08,-9.99550724,,,,,,,,,,,,,,
6.55285,4.63E-08,-9.995581627,,,,,,,,,,,,,,
6.55295,3.82E-08,-9.995993614,,,,,,,,,,,,,,
6.55305,-4.63E-06,-5.534715176,,,,,,,,,,,,,,
6.55315,-1.52E-06,-0.001461157,,,,,,,,,,,,,,
6.55325,2.04E-06,-0.00094206,,,,,,,,,,,,,,
6.55335,2.82E-06,-0.000571226,,,,,,,,,,,,,,
6.55345,3.07E-06,-0.000629138,,,,,,,,,,,,,,
6.55355,3.18E-06,-0.000457653,,,,,,,,,,,,,,
6.55365,3.23E-06,-0.000343518,,,,,,,,,,,,,,
6.55375,3.26E-06,-0.000540405,,,,,,,,,,,,,,
6.55385,3.28E-06,-0.000751999,,,,,,,,,,,,,,
6.55395,3.29E-06,-0.000830598,,,,,,,,,,,,,,
6.55405,6.58E-06,-4.451797009,,,,,,,,,,,,,,
6.55415,3.24E-06,-9.994681358,,,,,,,,,,,,,,
6.55425,7.51E-07,-9.995008469,,,,,,,,,,,,,,
6.55435,2.93E-07,-9.995274544,,,,,,,,,,,,,,
6.55445,1.58E-07,-9.995359421,,,,,,,,,,,,,,
6.55455,1.04E-07,-9.995443344,,,,,,,,,,,,,,
6.55465,7.53E-08,-9.995398521,,,,,,,,,,,,,,
6.55475,5.83E-08,-9.995400429,,,,,,,,,,,,,,
6.55485,4.68E-08,-9.995504379,,,,,,,,,,,,,,
6.55495,3.86E-08,-9.995469093,,,,,,,,,,,,,,
6.55505,-4.62E-06,-5.554587841,,,,,,,,,,,,,,
6.55515,-1.53E-06,-0.00168014,,,,,,,,,,,,,,
6.55525,2.04E-06,-0.001392549,,,,,,,,,,,,,,
6.55535,2.82E-06,-0.000942201,,,,,,,,,,,,,,
6.55545,3.07E-06,-0.000801326,,,,,,,,,,,,,,
6.55555,3.18E-06,-0.000659466,,,,,,,,,,,,,,
6.55565,3.23E-06,-0.000594236,,,,,,,,,,,,,,
6.55575,3.27E-06,-0.000684868,,,,,,,,,,,,,,
6.55585,3.28E-06,-0.000921513,,,,,,,,,,,,,,
6.55595,3.29E-06,-0.000530624,,,,,,,,,,,,,,
6.55605,6.58E-06,-4.431443214,,,,,,,,,,,,,,
6.55615,3.25E-06,-9.99423027,,,,,,,,,,,,,,
6.55625,7.52E-07,-9.994343758,,,,,,,,,,,,,,
6.55635,2.93E-07,-9.994929314,,,,,,,,,,,,,,
6.55645,1.58E-07,-9.994987488,,,,,,,,,,,,,,
6.55655,1.04E-07,-9.995092392,,,,,,,,,,,,,,
6.55665,7.57E-08,-9.995274544,,,,,,,,,,,,,,
6.55675,5.85E-08,-9.995288849,,,,,,,,,,,,,,
6.55685,4.73E-08,-9.995680809,,,,,,,,,,,,,,
6.55695,3.85E-08,-9.995567322,,,,,,,,,,,,,,
6.55705,-4.60E-06,-5.574624538,,,,,,,,,,,,,,
6.55715,-1.54E-06,-0.001746918,,,,,,,,,,,,,,
6.55725,2.04E-06,-0.001381432,,,,,,,,,,,,,,
6.55735,2.82E-06,-0.001111715,,,,,,,,,,,,,,
6.55745,3.08E-06,-0.001175749,,,,,,,,,,,,,,
6.55755,3.18E-06,-0.000755165,,,,,,,,,,,,,,
6.55765,3.24E-06,-0.000615979,,,,,,,,,,,,,,
6.55775,3.27E-06,-0.00038412,,,,,,,,,,,,,,
6.55785,3.29E-06,-0.000435839,,,,,,,,,,,,,,
6.55795,3.30E-06,-0.000426058,,,,,,,,,,,,,,
6.55805,6.57E-06,-4.411427975,,,,,,,,,,,,,,
6.55815,3.26E-06,-9.994641304,,,,,,,,,,,,,,
6.55825,7.54E-07,-9.994846344,,,,,,,,,,,,,,
6.55835,2.94E-07,-9.995240211,,,,,,,,,,,,,,
6.55845,1.59E-07,-9.99555397,,,,,,,,,,,,,,
6.55855,1.04E-07,-9.995680809,,,,,,,,,,,,,,
6.55865,7.55E-08,-9.995473862,,,,,,,,,,,,,,
6.55875,5.84E-08,-9.995768547,,,,,,,,,,,,,,
6.55885,4.67E-08,-9.99534893,,,,,,,,,,,,,,
6.55895,3.84E-08,-9.995674133,,,,,,,,,,,,,,
6.55905,-4.59E-06,-5.594441891,,,,,,,,,,,,,,
6.55915,-1.56E-06,-0.001679225,,,,,,,,,,,,,,
6.55925,2.04E-06,-0.00108019,,,,,,,,,,,,,,
6.55935,2.82E-06,-0.000799496,,,,,,,,,,,,,,
6.55945,3.08E-06,-0.000668191,,,,,,,,,,,,,,
6.55955,3.19E-06,-0.000687331,,,,,,,,,,,,,,
6.55965,3.24E-06,-0.000618864,,,,,,,,,,,,,,
6.55975,3.27E-06,-0.000529076,,,,,,,,,,,,,,
6.55985,3.29E-06,-0.000433025,,,,,,,,,,,,,,
6.55995,3.30E-06,-0.000336129,,,,,,,,,,,,,,
6.56005,6.56E-06,-4.391394615,,,,,,,,,,,,,,
6.56015,3.27E-06,-9.99439621,,,,,,,,,,,,,,
6.56025,7.55E-07,-9.994408607,,,,,,,,,,,,,,
6.56035,2.93E-07,-9.994935036,,,,,,,,,,,,,,
6.56045,1.58E-07,-9.995260239,,,,,,,,,,,,,,
6.56055,1.04E-07,-9.995265961,,,,,,,,,,,,,,
6.56065,7.55E-08,-9.9954319,,,,,,,,,,,,,,
6.56075,5.83E-08,-9.995535851,,,,,,,,,,,,,,
6.56085,4.70E-08,-9.995446205,,,,,,,,,,,,,,
6.56095,3.85E-08,-9.995680809,,,,,,,,,,,,,,
6.56105,-4.58E-06,-5.614565849,,,,,,,,,,,,,,
6.56115,-1.57E-06,-0.001624057,,,,,,,,,,,,,,
6.56125,2.04E-06,-0.001247242,,,,,,,,,,,,,,
6.56135,2.83E-06,-0.0009574,,,,,,,,,,,,,,
6.56145,3.08E-06,-0.000899206,,,,,,,,,,,,,,
6.56155,3.19E-06,-0.000914054,,,,,,,,,,,,,,
6.56165,3.24E-06,-0.000893507,,,,,,,,,,,,,,
6.56175,3.27E-06,-0.000743132,,,,,,,,,,,,,,
6.56185,3.29E-06,-0.000809348,,,,,,,,,,,,,,
6.56195,3.30E-06,-0.000622734,,,,,,,,,,,,,,
6.56205,6.56E-06,-4.371524811,,,,,,,,,,,,,,
6.56215,3.29E-06,-9.994386673,,,,,,,,,,,,,,
6.56225,7.58E-07,-9.994805336,,,,,,,,,,,,,,
6.56235,2.94E-07,-9.99539566,,,,,,,,,,,,,,
6.56245,1.59E-07,-9.995455742,,,,,,,,,,,,,,
6.56255,1.04E-07,-9.995207787,,,,,,,,,,,,,,
6.56265,7.56E-08,-9.995301247,,,,,,,,,,,,,,
6.56275,5.82E-08,-9.995793343,,,,,,,,,,,,,,
6.56285,4.67E-08,-9.995559692,,,,,,,,,,,,,,
6.56295,3.88E-08,-9.995703697,,,,,,,,,,,,,,
6.56305,-4.56E-06,-5.634783745,,,,,,,,,,,,,,
6.56315,-1.59E-06,-0.002196563,,,,,,,,,,,,,,
6.56325,2.04E-06,-0.002079332,,,,,,,,,,,,,,
6.56335,2.83E-06,-0.001387765,,,,,,,,,,,,,,
6.56345,3.08E-06,-0.001206147,,,,,,,,,,,,,,
6.56355,3.19E-06,-0.001040785,,,,,,,,,,,,,,
6.56365,3.25E-06,-0.000927846,,,,,,,,,,,,,,
6.56375,3.28E-06,-0.00091905,,,,,,,,,,,,,,
6.56385,3.30E-06,-0.000761779,,,,,,,,,,,,,,
6.56395,3.31E-06,-0.000615909,,,,,,,,,,,,,,
6.56405,6.55E-06,-4.351448059,,,,,,,,,,,,,,
6.56415,3.30E-06,-9.994540215,,,,,,,,,,,,,,
6.56425,7.59E-07,-9.994997025,,,,,,,,,,,,,,
6.56435,2.95E-07,-9.995690346,,,,,,,,,,,,,,
6.56445,1.59E-07,-9.995533943,,,,,,,,,,,,,,
6.56455,1.04E-07,-9.99581337,,,,,,,,,,,,,,
6.56465,7.57E-08,-9.99604702,,,,,,,,,,,,,,
6.56475,5.83E-08,-9.996113777,,,,,,,,,,,,,,
6.56485,4.69E-08,-9.995915413,,,,,,,,,,,,,,
6.56495,3.87E-08,-9.996059418,,,,,,,,,,,,,,
6.56505,-4.55E-06,-5.654972553,,,,,,,,,,,,,,
6.56515,-1.60E-06,-0.002012765,,,,,,,,,,,,,,
6.56525,2.04E-06,-0.002057729,,,,,,,,,,,,,,
6.56535,2.83E-06,-0.001625746,,,,,,,,,,,,,,
6.56545,3.09E-06,-0.001524277,,,,,,,,,,,,,,
6.56555,3.20E-06,-0.001449617,,,,,,,,,,,,,,
6.56565,3.25E-06,-0.001522025,,,,,,,,,,,,,,
6.56575,3.28E-06,-0.001308813,,,,,,,,,,,,,,
6.56585,3.30E-06,-0.001120229,,,,,,,,,,,,,,
6.56595,3.31E-06,-0.001105734,,,,,,,,,,,,,,
6.56605,6.54E-06,-4.331954002,,,,,,,,,,,,,,
6.56615,3.31E-06,-9.994617462,,,,,,,,,,,,,,
6.56625,7.61E-07,-9.994755745,,,,,,,,,,,,,,
6.56635,2.96E-07,-9.995287895,,,,,,,,,,,,,,
6.56645,1.59E-07,-9.995469093,,,,,,,,,,,,,,
6.56655,1.05E-07,-9.995491028,,,,,,,,,,,,,,
6.56665,7.58E-08,-9.995347023,,,,,,,,,,,,,,
6.56675,5.84E-08,-9.995584488,,,,,,,,,,,,,,
6.56685,4.69E-08,-9.995754242,,,,,,,,,,,,,,
6.56695,3.84E-08,-9.995667458,,,,,,,,,,,,,,
6.56705,-4.53E-06,-5.674890995,,,,,,,,,,,,,,
6.56715,-1.61E-06,-0.002356085,,,,,,,,,,,,,,
6.56725,2.04E-06,-0.00197547,,,,,,,,,,,,,,
6.56735,2.83E-06,-0.001711242,,,,,,,,,,,,,,
6.56745,3.09E-06,-0.001569171,,,,,,,,,,,,,,
6.56755,3.20E-06,-0.001268563,,,,,,,,,,,,,,
6.56765,3.25E-06,-0.001412956,,,,,,,,,,,,,,
6.56775,3.28E-06,-0.001206358,,,,,,,,,,,,,,
6.56785,3.30E-06,-0.001035437,,,,,,,,,,,,,,
6.56795,3.31E-06,-0.001092293,,,,,,,,,,,,,,
6.56805,6.54E-06,-4.311947346,,,,,,,,,,,,,,
6.56815,3.32E-06,-9.994321823,,,,,,,,,,,,,,
6.56825,7.62E-07,-9.994683266,,,,,,,,,,,,,,
6.56835,2.96E-07,-9.995260239,,,,,,,,,,,,,,
6.56845,1.59E-07,-9.995280266,,,,,,,,,,,,,,
6.56855,1.04E-07,-9.995686531,,,,,,,,,,,,,,
6.56865,7.60E-08,-9.995594025,,,,,,,,,,,,,,
6.56875,5.85E-08,-9.995886803,,,,,,,,,,,,,,
6.56885,4.69E-08,-9.995560646,,,,,,,,,,,,,,
6.56895,3.87E-08,-9.995881081,,,,,,,,,,,,,,
6.56905,-4.52E-06,-5.695229053,,,,,,,,,,,,,,
6.56915,-1.63E-06,-0.002423778,,,,,,,,,,,,,,
6.56925,2.04E-06,-0.002102623,,,,,,,,,,,,,,
6.56935,2.84E-06,-0.001461931,,,,,,,,,,,,,,
6.56945,3.09E-06,-0.001312753,,,,,,,,,,,,,,
6.56955,3.20E-06,-0.001188485,,,,,,,,,,,,,,
6.56965,3.26E-06,-0.001267648,,,,,,,,,,,,,,
6.56975,3.29E-06,-0.00104374,,,,,,,,,,,,,,
6.56985,3.30E-06,-0.001079979,,,,,,,,,,,,,,
6.56995,3.31E-06,-0.000971262,,,,,,,,,,,,,,
6.57005,6.53E-06,-4.29187727,,,,,,,,,,,,,,
6.57015,3.34E-06,-9.994487762,,,,,,,,,,,,,,
6.57025,7.65E-07,-9.994813919,,,,,,,,,,,,,,
6.57035,2.97E-07,-9.995503426,,,,,,,,,,,,,,
6.57045,1.60E-07,-9.995634079,,,,,,,,,,,,,,
6.57055,1.05E-07,-9.99568367,,,,,,,,,,,,,,
6.57065,7.64E-08,-9.995980263,,,,,,,,,,,,,,
6.57075,5.86E-08,-9.995880127,,,,,,,,,,,,,,
6.57085,4.70E-08,-9.995955467,,,,,,,,,,,,,,
6.57095,3.90E-08,-9.996227264,,,,,,,,,,,,,,
6.57105,-4.50E-06,-5.71497345,,,,,,,,,,,,,,
6.57115,-1.64E-06,-0.002212466,,,,,,,,,,,,,,
6.57125,2.04E-06,-0.002145406,,,,,,,,,,,,,,
6.57135,2.84E-06,-0.001984688,,,,,,,,,,,,,,
6.57145,3.10E-06,-0.001584581,,,,,,,,,,,,,,
6.57155,3.20E-06,-0.001194888,,,,,,,,,,,,,,
6.57165,3.26E-06,-0.001251252,,,,,,,,,,,,,,
6.57175,3.29E-06,-0.001267226,,,,,,,,,,,,,,
6.57185,3.31E-06,-0.00107048,,,,,,,,,,,,,,
6.57195,3.32E-06,-0.00084812,,,,,,,,,,,,,,
6.57205,6.52E-06,-4.272127151,,,,,,,,,,,,,,
6.57215,3.35E-06,-9.994613647,,,,,,,,,,,,,,
6.57225,7.66E-07,-9.995308876,,,,,,,,,,,,,,
6.57235,2.97E-07,-9.995697975,,,,,,,,,,,,,,
6.57245,1.60E-07,-9.996118546,,,,,,,,,,,,,,
6.57255,1.05E-07,-9.996021271,,,,,,,,,,,,,,
6.57265,7.61E-08,-9.995819092,,,,,,,,,,,,,,
6.57275,5.88E-08,-9.995934486,,,,,,,,,,,,,,
6.57285,4.72E-08,-9.995918274,,,,,,,,,,,,,,
6.57295,3.89E-08,-9.995753288,,,,,,,,,,,,,,
6.57305,-4.49E-06,-5.734660625,,,,,,,,,,,,,,
6.57315,-1.66E-06,-0.002120567,,,,,,,,,,,,,,
6.57325,2.04E-06,-0.002045837,,,,,,,,,,,,,,
6.57335,2.84E-06,-0.001829388,,,,,,,,,,,,,,
6.57345,3.10E-06,-0.001548483,,,,,,,,,,,,,,
6.57355,3.20E-06,-0.001262722,,,,,,,,,,,,,,
6.57365,3.26E-06,-0.001096304,,,,,,,,,,,,,,
6.57375,3.29E-06,-0.001258852,,,,,,,,,,,,,,
6.57385,3.31E-06,-0.000943256,,,,,,,,,,,,,,
6.57395,3.32E-06,-0.000962255,,,,,,,,,,,,,,
6.57405,6.51E-06,-4.251968384,,,,,,,,,,,,,,
6.57415,3.36E-06,-9.994700432,,,,,,,,,,,,,,
6.57425,7.68E-07,-9.99523735,,,,,,,,,,,,,,
6.57435,2.97E-07,-9.995423317,,,,,,,,,,,,,,
6.57445,1.60E-07,-9.995938301,,,,,,,,,,,,,,
6.57455,1.04E-07,-9.996056557,,,,,,,,,,,,,,
6.57465,7.58E-08,-9.996348381,,,,,,,,,,,,,,
6.57475,5.86E-08,-9.996304512,,,,,,,,,,,,,,
6.57485,4.70E-08,-9.995985031,,,,,,,,,,,,,,
6.57495,3.86E-08,-9.995853424,,,,,,,,,,,,,,
6.57505,-4.48E-06,-5.754896641,,,,,,,,,,,,,,
6.57515,-1.67E-06,-0.002006854,,,,,,,,,,,,,,
6.57525,2.04E-06,-0.001783157,,,,,,,,,,,,,,
6.57535,2.84E-06,-0.001449476,,,,,,,,,,,,,,
6.57545,3.10E-06,-0.001458624,,,,,,,,,,,,,,
6.57555,3.21E-06,-0.001136625,,,,,,,,,,,,,,
6.57565,3.26E-06,-0.001006727,,,,,,,,,,,,,,
6.57575,3.29E-06,-0.00097471,,,,,,,,,,,,,,
6.57585,3.31E-06,-0.001127055,,,,,,,,,,,,,,
6.57595,3.32E-06,-0.001238938,,,,,,,,,,,,,,
6.57605,6.51E-06,-4.232671738,,,,,,,,,,,,,,
6.57615,3.38E-06,-9.995564461,,,,,,,,,,,,,,
6.57625,7.70E-07,-9.995585442,,,,,,,,,,,,,,
6.57635,2.98E-07,-9.995910645,,,,,,,,,,,,,,
6.57645,1.60E-07,-9.996084213,,,,,,,,,,,,,,
6.57655,1.05E-07,-9.996209145,,,,,,,,,,,,,,
6.57665,7.63E-08,-9.996080399,,,,,,,,,,,,,,
6.57675,5.87E-08,-9.996024132,,,,,,,,,,,,,,
6.57685,4.70E-08,-9.996216774,,,,,,,,,,,,,,
6.57695,3.87E-08,-9.996295929,,,,,,,,,,,,,,
6.57705,-4.46E-06,-5.775177479,,,,,,,,,,,,,,
6.57715,-1.69E-06,-0.002465365,,,,,,,,,,,,,,
6.57725,2.04E-06,-0.002329346,,,,,,,,,,,,,,
6.57735,2.84E-06,-0.001771476,,,,,,,,,,,,,,
6.57745,3.10E-06,-0.001704346,,,,,,,,,,,,,,
6.57755,3.21E-06,-0.001280384,,,,,,,,,,,,,,
6.57765,3.26E-06,-0.001259978,,,,,,,,,,,,,,
6.57775,3.30E-06,-0.00126026,,,,,,,,,,,,,,
6.57785,3.32E-06,-0.001178704,,,,,,,,,,,,,,
6.57795,3.33E-06,-0.001406834,,,,,,,,,,,,,,
6.57805,6.50E-06,-4.212209702,,,,,,,,,,,,,,
6.57815,3.39E-06,-9.995038033,,,,,,,,,,,,,,
6.57825,7.71E-07,-9.995069504,,,,,,,,,,,,,,
6.57835,2.98E-07,-9.995706558,,,,,,,,,,,,,,
6.57845,1.60E-07,-9.995877266,,,,,,,,,,,,,,
6.57855,1.05E-07,-9.996256828,,,,,,,,,,,,,,
6.57865,7.61E-08,-9.996163368,,,,,,,,,,,,,,
6.57875,5.87E-08,-9.996275902,,,,,,,,,,,,,,
6.57885,4.74E-08,-9.996297836,,,,,,,,,,,,,,
6.57895,3.89E-08,-9.996071815,,,,,,,,,,,,,,
6.57905,-4.45E-06,-5.795130253,,,,,,,,,,,,,,
6.57915,-1.70E-06,-0.002532918,,,,,,,,,,,,,,
6.57925,2.04E-06,-0.002016353,,,,,,,,,,,,,,
6.57935,2.84E-06,-0.001523362,,,,,,,,,,,,,,
6.57945,3.10E-06,-0.001463409,,,,,,,,,,,,,,
6.57955,3.21E-06,-0.001495848,,,,,,,,,,,,,,
6.57965,3.27E-06,-0.00141176,,,,,,,,,,,,,,
6.57975,3.30E-06,-0.001270111,,,,,,,,,,,,,,
6.57985,3.32E-06,-0.001608295,,,,,,,,,,,,,,
6.57995,3.33E-06,-0.001361518,,,,,,,,,,,,,,
6.58005,6.49E-06,-4.192194939,,,,,,,,,,,,,,
6.58015,3.40E-06,-9.99485302,,,,,,,,,,,,,,
6.58025,7.73E-07,-9.994912148,,,,,,,,,,,,,,
6.58035,2.98E-07,-9.995808601,,,,,,,,,,,,,,
6.58045,1.60E-07,-9.996019363,,,,,,,,,,,,,,
6.58055,1.05E-07,-9.996003151,,,,,,,,,,,,,,
6.58065,7.62E-08,-9.995845795,,,,,,,,,,,,,,
6.58075,5.88E-08,-9.996131897,,,,,,,,,,,,,,
6.58085,4.72E-08,-9.996250153,,,,,,,,,,,,,,
6.58095,3.86E-08,-9.996261597,,,,,,,,,,,,,,
6.58105,-4.43E-06,-5.815047741,,,,,,,,,,,,,,
6.58115,-1.72E-06,-0.002434404,,,,,,,,,,,,,,
6.58125,2.04E-06,-0.001831358,,,,,,,,,,,,,,
6.58135,2.85E-06,-0.001366162,,,,,,,,,,,,,,
6.58145,3.10E-06,-0.001265256,,,,,,,,,,,,,,
6.58155,3.21E-06,-0.001199322,,,,,,,,,,,,,,
6.58165,3.27E-06,-0.00112044,,,,,,,,,,,,,,
6.58175,3.30E-06,-0.001224935,,,,,,,,,,,,,,
6.58185,3.32E-06,-0.00097654,,,,,,,,,,,,,,
6.58195,3.33E-06,-0.001033748,,,,,,,,,,,,,,
6.58205,6.48E-06,-4.172350407,,,,,,,,,,,,,,
6.58215,3.42E-06,-9.995283127,,,,,,,,,,,,,,
6.58225,7.75E-07,-9.995368958,,,,,,,,,,,,,,
6.58235,2.99E-07,-9.99580574,,,,,,,,,,,,,,
6.58245,1.61E-07,-9.996277809,,,,,,,,,,,,,,
6.58255,1.05E-07,-9.996365547,,,,,,,,,,,,,,
6.58265,7.68E-08,-9.996364594,,,,,,,,,,,,,,
6.58275,5.88E-08,-9.996421814,,,,,,,,,,,,,,
6.58285,4.77E-08,-9.99635601,,,,,,,,,,,,,,
6.58295,3.92E-08,-9.995804787,,,,,,,,,,,,,,
6.58305,-4.42E-06,-5.834662437,,,,,,,,,,,,,,
6.58315,-1.73E-06,-0.00219987,,,,,,,,,,,,,,
6.58325,2.04E-06,-0.002017338,,,,,,,,,,,,,,
6.58335,2.85E-06,-0.001403667,,,,,,,,,,,,,,
6.58345,3.11E-06,-0.000903076,,,,,,,,,,,,,,
6.58355,3.21E-06,-0.00118553,,,,,,,,,,,,,,
6.58365,3.27E-06,-0.000997228,,,,,,,,,,,,,,
6.58375,3.30E-06,-0.001098275,,,,,,,,,,,,,,
6.58385,3.32E-06,-0.001043318,,,,,,,,,,,,,,
6.58395,3.33E-06,-0.001212199,,,,,,,,,,,,,,
6.58405,6.48E-06,-4.152293682,,,,,,,,,,,,,,
6.58415,3.43E-06,-9.994820595,,,,,,,,,,,,,,
6.58425,7.77E-07,-9.995057106,,,,,,,,,,,,,,
6.58435,2.99E-07,-9.995807648,,,,,,,,,,,,,,
6.58445,1.61E-07,-9.995926857,,,,,,,,,,,,,,
6.58455,1.05E-07,-9.995919228,,,,,,,,,,,,,,
6.58465,7.61E-08,-9.995826721,,,,,,,,,,,,,,
6.58475,5.88E-08,-9.995597839,,,,,,,,,,,,,,
6.58485,4.71E-08,-9.995857239,,,,,,,,,,,,,,
6.58495,3.90E-08,-9.995894432,,,,,,,,,,,,,,
6.58505,-4.40E-06,-5.854906082,,,,,,,,,,,,,,
6.58515,-1.75E-06,-0.002337227,,,,,,,,,,,,,,
6.58525,2.04E-06,-0.002024516,,,,,,,,,,,,,,
6.58535,2.85E-06,-0.001561712,,,,,,,,,,,,,,
6.58545,3.11E-06,-0.00150957,,,,,,,,,,,,,,
6.58555,3.22E-06,-0.001343293,,,,,,,,,,,,,,
6.58565,3.28E-06,-0.001171879,,,,,,,,,,,,,,
6.58575,3.31E-06,-0.001232746,,,,,,,,,,,,,,
6.58585,3.33E-06,-0.001103763,,,,,,,,,,,,,,
6.58595,3.34E-06,-0.001309587,,,,,,,,,,,,,,
6.58605,6.47E-06,-4.13223362,,,,,,,,,,,,,,
6.58615,3.44E-06,-9.9948349,,,,,,,,,,,,,,
6.58625,7.79E-07,-9.99518013,,,,,,,,,,,,,,
6.58635,3.00E-07,-9.995667458,,,,,,,,,,,,,,
6.58645,1.61E-07,-9.995987892,,,,,,,,,,,,,,
6.58655,1.05E-07,-9.99634552,,,,,,,,,,,,,,
6.58665,7.62E-08,-9.996129036,,,,,,,,,,,,,,
6.58675,5.90E-08,-9.995918274,,,,,,,,,,,,,,
6.58685,4.77E-08,-9.995779991,,,,,,,,,,,,,,
6.58695,3.92E-08,-9.995676994,,,,,,,,,,,,,,
6.58705,-4.39E-06,-5.874559879,,,,,,,,,,,,,,
6.58715,-1.76E-06,-0.001925087,,,,,,,,,,,,,,
6.58725,2.03E-06,-0.001871819,,,,,,,,,,,,,,
6.58735,2.85E-06,-0.00129488,,,,,,,,,,,,,,
6.58745,3.11E-06,-0.001311839,,,,,,,,,,,,,,
6.58755,3.22E-06,-0.001077165,,,,,,,,,,,,,,
6.58765,3.28E-06,-0.001237531,,,,,,,,,,,,,,
6.58775,3.31E-06,-0.001164209,,,,,,,,,,,,,,
6.58785,3.33E-06,-0.001337593,,,,,,,,,,,,,,
6.58795,3.34E-06,-0.000971332,,,,,,,,,,,,,,
6.58805,6.46E-06,-4.112106323,,,,,,,,,,,,,,
6.58815,3.46E-06,-9.994997025,,,,,,,,,,,,,,
6.58825,7.80E-07,-9.994960785,,,,,,,,,,,,,,
6.58835,3.00E-07,-9.995423317,,,,,,,,,,,,,,
6.58845,1.61E-07,-9.99557972,,,,,,,,,,,,,,
6.58855,1.05E-07,-9.995703697,,,,,,,,,,,,,,
6.58865,7.65E-08,-9.995889664,,,,,,,,,,,,,,
6.58875,5.90E-08,-9.995903969,,,,,,,,,,,,,,
6.58885,4.71E-08,-9.995648384,,,,,,,,,,,,,,
6.58895,3.88E-08,-9.996458054,,,,,,,,,,,,,,
6.58905,-4.37E-06,-5.895060062,,,,,,,,,,,,,,
6.58915,-1.78E-06,-0.001956049,,,,,,,,,,,,,,
6.58925,2.03E-06,-0.001997776,,,,,,,,,,,,,,
6.58935,2.85E-06,-0.001710257,,,,,,,,,,,,,,
6.58945,3.11E-06,-0.001485223,,,,,,,,,,,,,,
6.58955,3.22E-06,-0.00144624,,,,,,,,,,,,,,
6.58965,3.28E-06,-0.001411267,,,,,,,,,,,,,,
6.58975,3.31E-06,-0.001447858,,,,,,,,,,,,,,
6.58985,3.33E-06,-0.001314724,,,,,,,,,,,,,,
6.58995,3.34E-06,-0.001096375,,,,,,,,,,,,,,
6.59005,6.45E-06,-4.09221077,,,,,,,,,,,,,,
6.59015,3.47E-06,-9.994550705,,,,,,,,,,,,,,
6.59025,7.82E-07,-9.994771004,,,,,,,,,,,,,,
6.59035,3.01E-07,-9.995652199,,,,,,,,,,,,,,
6.59045,1.61E-07,-9.995343208,,,,,,,,,,,,,,
6.59055,1.05E-07,-9.995456696,,,,,,,,,,,,,,
6.59065,7.64E-08,-9.995593071,,,,,,,,,,,,,,
6.59075,5.93E-08,-9.995674133,,,,,,,,,,,,,,
6.59085,4.69E-08,-9.995737076,,,,,,,,,,,,,,
6.59095,3.90E-08,-9.995850563,,,,,,,,,,,,,,
6.59105,-4.36E-06,-5.915065289,,,,,,,,,,,,,,
6.59115,-1.79E-06,-0.002234913,,,,,,,,,,,,,,
6.59125,2.03E-06,-0.00190257,,,,,,,,,,,,,,
6.59135,2.85E-06,-0.001294176,,,,,,,,,,,,,,
6.59145,3.12E-06,-0.001245975,,,,,,,,,,,,,,
6.59155,3.23E-06,-0.001154779,,,,,,,,,,,,,,
6.59165,3.28E-06,-0.000840802,,,,,,,,,,,,,,
6.59175,3.31E-06,-0.000667347,,,,,,,,,,,,,,
6.59185,3.33E-06,-0.000805196,,,,,,,,,,,,,,
6.59195,3.34E-06,-0.000716182,,,,,,,,,,,,,,
6.59205,6.44E-06,-4.071993828,,,,,,,,,,,,,,
6.59215,3.48E-06,-9.994991302,,,,,,,,,,,,,,
6.59225,7.84E-07,-9.995238304,,,,,,,,,,,,,,
6.59235,3.01E-07,-9.995511055,,,,,,,,,,,,,,
6.59245,1.61E-07,-9.995684624,,,,,,,,,,,,,,
6.59255,1.05E-07,-9.995834351,,,,,,,,,,,,,,
6.59265,7.63E-08,-9.995676994,,,,,,,,,,,,,,
6.59275,5.86E-08,-9.995660782,,,,,,,,,,,,,,
6.59285,4.73E-08,-9.995954514,,,,,,,,,,,,,,
6.59295,3.89E-08,-9.996132851,,,,,,,,,,,,,,
6.59305,-4.34E-06,-5.93485117,,,,,,,,,,,,,,
6.59315,-1.81E-06,-0.002219432,,,,,,,,,,,,,,
6.59325,2.03E-06,-0.001518577,,,,,,,,,,,,,,
6.59335,2.86E-06,-0.001520547,,,,,,,,,,,,,,
6.59345,3.12E-06,-0.001410352,,,,,,,,,,,,,,
6.59355,3.23E-06,-0.000954656,,,,,,,,,,,,,,
6.59365,3.29E-06,-0.001093067,,,,,,,,,,,,,,
6.59375,3.32E-06,-0.000873945,,,,,,,,,,,,,,
6.59385,3.34E-06,-0.001179197,,,,,,,,,,,,,,
6.59395,3.34E-06,-0.000971825,,,,,,,,,,,,,,
6.59405,6.44E-06,-4.052303314,,,,,,,,,,,,,,
6.59415,3.50E-06,-9.994791985,,,,,,,,,,,,,,
6.59425,7.86E-07,-9.994876862,,,,,,,,,,,,,,
6.59435,3.02E-07,-9.995567322,,,,,,,,,,,,,,
6.59445,1.62E-07,-9.995554924,,,,,,,,,,,,,,
6.59455,1.05E-07,-9.995697021,,,,,,,,,,,,,,
6.59465,7.65E-08,-9.995842934,,,,,,,,,,,,,,
6.59475,5.93E-08,-9.996040344,,,,,,,,,,,,,,
6.59485,4.74E-08,-9.996189117,,,,,,,,,,,,,,
6.59495,3.91E-08,-9.996367455,,,,,,,,,,,,,,
6.59505,-4.33E-06,-5.954981327,,,,,,,,,,,,,,
6.59515,-1.83E-06,-0.00199454,,,,,,,,,,,,,,
6.59525,2.03E-06,-0.001689358,,,,,,,,,,,,,,
6.59535,2.86E-06,-0.001247734,,,,,,,,,,,,,,
6.59545,3.12E-06,-0.00115295,,,,,,,,,,,,,,
6.59555,3.24E-06,-0.0011051,,,,,,,,,,,,,,
6.59565,3.29E-06,-0.001104748,,,,,,,,,,,,,,
6.59575,3.32E-06,-0.000945297,,,,,,,,,,,,,,
6.59585,3.34E-06,-0.001080401,,,,,,,,,,,,,,
6.59595,3.35E-06,-0.000934249,,,,,,,,,,,,,,
6.59605,6.43E-06,-4.032194138,,,,,,,,,,,,,,
6.59615,3.51E-06,-9.994919777,,,,,,,,,,,,,,
6.59625,7.88E-07,-9.995020866,,,,,,,,,,,,,,
6.59635,3.02E-07,-9.995191574,,,,,,,,,,,,,,
6.59645,1.61E-07,-9.995611191,,,,,,,,,,,,,,
6.59655,1.05E-07,-9.995711327,,,,,,,,,,,,,,
6.59665,7.63E-08,-9.995588303,,,,,,,,,,,,,,
6.59675,5.90E-08,-9.995629311,,,,,,,,,,,,,,
6.59685,4.72E-08,-9.99585247,,,,,,,,,,,,,,
6.59695,3.90E-08,-9.995866776,,,,,,,,,,,,,,
6.59705,-4.31E-06,-5.974525452,,,,,,,,,,,,,,
6.59715,-1.84E-06,-0.001848106,,,,,,,,,,,,,,
6.59725,2.03E-06,-0.001660296,,,,,,,,,,,,,,
6.59735,2.86E-06,-0.001109322,,,,,,,,,,,,,,
6.59745,3.12E-06,-0.001207062,,,,,,,,,,,,,,
6.59755,3.24E-06,-0.001030793,,,,,,,,,,,,,,
6.59765,3.29E-06,-0.001177508,,,,,,,,,,,,,,
6.59775,3.32E-06,-0.001263989,,,,,,,,,,,,,,
6.59785,3.34E-06,-0.001108196,,,,,,,,,,,,,,
6.59795,3.35E-06,-0.001064147,,,,,,,,,,,,,,
6.59805,6.42E-06,-4.012375832,,,,,,,,,,,,,,
6.59815,3.52E-06,-9.995241165,,,,,,,,,,,,,,
6.59825,7.89E-07,-9.995383263,,,,,,,,,,,,,,
6.59835,3.03E-07,-9.99588871,,,,,,,,,,,,,,
6.59845,1.62E-07,-9.9958601,,,,,,,,,,,,,,
6.59855,1.06E-07,-9.995841026,,,,,,,,,,,,,,
6.59865,7.68E-08,-9.995974541,,,,,,,,,,,,,,
6.59875,5.96E-08,-9.995882988,,,,,,,,,,,,,,
6.59885,4.75E-08,-9.996100426,,,,,,,,,,,,,,
6.59895,3.92E-08,-9.996258736,,,,,,,,,,,,,,
6.59905,-4.30E-06,-5.994708538,,,,,,,,,,,,,,
6.59915,-1.86E-06,-0.001987854,,,,,,,,,,,,,,
6.59925,2.03E-06,-0.001644112,,,,,,,,,,,,,,
6.59935,2.86E-06,-0.001244005,,,,,,,,,,,,,,
6.59945,3.13E-06,-0.001479171,,,,,,,,,,,,,,
6.59955,3.24E-06,-0.001052114,,,,,,,,,,,,,,
6.59965,3.30E-06,-0.000819269,,,,,,,,,,,,,,
6.59975,3.33E-06,-0.001144717,,,,,,,,,,,,,,
6.59985,3.34E-06,-0.001074772,,,,,,,,,,,,,,
6.59995,3.35E-06,-0.000757769,,,,,,,,,,,,,,
6.60005,6.41E-06,-3.992127895,,,,,,,,,,,,,,
6.60015,3.54E-06,-9.994820595,,,,,,,,,,,,,,
6.60025,7.91E-07,-9.995114326,,,,,,,,,,,,,,
6.60035,3.03E-07,-9.995685577,,,,,,,,,,,,,,
6.60045,1.62E-07,-9.995520592,,,,,,,,,,,,,,
6.60055,1.06E-07,-9.995483398,,,,,,,,,,,,,,
6.60065,7.68E-08,-9.995754242,,,,,,,,,,,,,,
6.60075,5.92E-08,-9.995843887,,,,,,,,,,,,,,
6.60085,4.74E-08,-9.995620728,,,,,,,,,,,,,,
6.60095,3.93E-08,-9.995420456,,,,,,,,,,,,,,
6.60105,-4.28E-06,-6.014428616,,,,,,,,,,,,,,
6.60115,-1.87E-06,-0.001672751,,,,,,,,,,,,,,
6.60125,2.03E-06,-0.001397897,,,,,,,,,,,,,,
6.60135,2.86E-06,-0.000775079,,,,,,,,,,,,,,
6.60145,3.13E-06,-0.001094686,,,,,,,,,,,,,,
6.60155,3.24E-06,-0.001180745,,,,,,,,,,,,,,
6.60165,3.30E-06,-0.001018549,,,,,,,,,,,,,,
6.60175,3.33E-06,-0.001102637,,,,,,,,,,,,,,
6.60185,3.35E-06,-0.001277992,,,,,,,,,,,,,,
6.60195,3.36E-06,-0.000933053,,,,,,,,,,,,,,
6.60205,6.41E-06,-3.972275972,,,,,,,,,,,,,,
6.60215,3.55E-06,-9.994642258,,,,,,,,,,,,,,
6.60225,7.94E-07,-9.995157242,,,,,,,,,,,,,,
6.60235,3.04E-07,-9.995658875,,,,,,,,,,,,,,
6.60245,1.62E-07,-9.995526314,,,,,,,,,,,,,,
6.60255,1.06E-07,-9.995520592,,,,,,,,,,,,,,
6.60265,7.67E-08,-9.995473862,,,,,,,,,,,,,,
6.60275,5.90E-08,-9.99571991,,,,,,,,,,,,,,
6.60285,4.73E-08,-9.995679855,,,,,,,,,,,,,,
6.60295,3.92E-08,-9.995901108,,,,,,,,,,,,,,
6.60305,-4.26E-06,-6.034395218,,,,,,,,,,,,,,
6.60315,-1.89E-06,-0.002355663,,,,,,,,,,,,,,
6.60325,2.03E-06,-0.001886948,,,,,,,,,,,,,,
6.60335,2.87E-06,-0.001431814,,,,,,,,,,,,,,
6.60345,3.13E-06,-0.001163857,,,,,,,,,,,,,,
6.60355,3.24E-06,-0.001203473,,,,,,,,,,,,,,
6.60365,3.30E-06,-0.001095178,,,,,,,,,,,,,,
6.60375,3.33E-06,-0.000920105,,,,,,,,,,,,,,
6.60385,3.35E-06,-0.001061191,,,,,,,,,,,,,,
6.60395,3.36E-06,-0.000879855,,,,,,,,,,,,,,
6.60405,6.40E-06,-3.952169895,,,,,,,,,,,,,,
6.60415,3.57E-06,-9.994466782,,,,,,,,,,,,,,
6.60425,7.95E-07,-9.994999886,,,,,,,,,,,,,,
6.60435,3.05E-07,-9.995422363,,,,,,,,,,,,,,
6.60445,1.62E-07,-9.99546051,,,,,,,,,,,,,,
6.60455,1.06E-07,-9.995329857,,,,,,,,,,,,,,
6.60465,7.69E-08,-9.995555878,,,,,,,,,,,,,,
6.60475,5.93E-08,-9.995400429,,,,,,,,,,,,,,
6.60485,4.74E-08,-9.99536705,,,,,,,,,,,,,,
6.60495,3.91E-08,-9.995536804,,,,,,,,,,,,,,
6.60505,-4.25E-06,-6.054214001,,,,,,,,,,,,,,
6.60515,-1.91E-06,-0.001958793,,,,,,,,,,,,,,
6.60525,2.03E-06,-0.001774291,,,,,,,,,,,,,,
6.60535,2.87E-06,-0.001249282,,,,,,,,,,,,,,
6.60545,3.13E-06,-0.001126914,,,,,,,,,,,,,,
6.60555,3.24E-06,-0.001120862,,,,,,,,,,,,,,
6.60565,3.30E-06,-0.001279822,,,,,,,,,,,,,,
6.60575,3.33E-06,-0.000998353,,,,,,,,,,,,,,
6.60585,3.35E-06,-0.000941426,,,,,,,,,,,,,,
6.60595,3.36E-06,-0.001069072,,,,,,,,,,,,,,
6.60605,6.39E-06,-3.931975842,,,,,,,,,,,,,,
6.60615,3.58E-06,-9.994056702,,,,,,,,,,,,,,
6.60625,7.97E-07,-9.994255066,,,,,,,,,,,,,,
6.60635,3.05E-07,-9.994752884,,,,,,,,,,,,,,
6.60645,1.63E-07,-9.994883537,,,,,,,,,,,,,,
6.60655,1.06E-07,-9.99516201,,,,,,,,,,,,,,
6.60665,7.72E-08,-9.995195389,,,,,,,,,,,,,,
6.60675,5.96E-08,-9.995276451,,,,,,,,,,,,,,
6.60685,4.74E-08,-9.995125771,,,,,,,,,,,,,,
6.60695,3.95E-08,-9.995116234,,,,,,,,,,,,,,
6.60705,-4.23E-06,-6.074117661,,,,,,,,,,,,,,
6.60715,-1.92E-06,-0.001528358,,,,,,,,,,,,,,
6.60725,2.03E-06,-0.001479031,,,,,,,,,,,,,,
6.60735,2.87E-06,-0.00094016,,,,,,,,,,,,,,
6.60745,3.14E-06,-0.001079979,,,,,,,,,,,,,,
6.60755,3.25E-06,-0.000958807,,,,,,,,,,,,,,
6.60765,3.30E-06,-0.000733633,,,,,,,,,,,,,,
6.60775,3.34E-06,-0.000686979,,,,,,,,,,,,,,
6.60785,3.36E-06,-0.000645955,,,,,,,,,,,,,,
6.60795,3.37E-06,-0.000687472,,,,,,,,,,,,,,
6.60805,6.38E-06,-3.911975384,,,,,,,,,,,,,,
6.60815,3.59E-06,-9.994010925,,,,,,,,,,,,,,
6.60825,7.99E-07,-9.994493484,,,,,,,,,,,,,,
6.60835,3.05E-07,-9.994521141,,,,,,,,,,,,,,
6.60845,1.62E-07,-9.994636536,,,,,,,,,,,,,,
6.60855,1.06E-07,-9.994912148,,,,,,,,,,,,,,
6.60865,7.70E-08,-9.995177269,,,,,,,,,,,,,,
6.60875,5.97E-08,-9.995324135,,,,,,,,,,,,,,
6.60885,4.77E-08,-9.995326042,,,,,,,,,,,,,,
6.60895,3.94E-08,-9.995274544,,,,,,,,,,,,,,
6.60905,-4.22E-06,-6.093966961,,,,,,,,,,,,,,
6.60915,-1.94E-06,-0.001713986,,,,,,,,,,,,,,
6.60925,2.03E-06,-0.001447717,,,,,,,,,,,,,,
6.60935,2.87E-06,-0.000914546,,,,,,,,,,,,,,
6.60945,3.14E-06,-0.00111657,,,,,,,,,,,,,,
6.60955,3.25E-06,-0.001142606,,,,,,,,,,,,,,
6.60965,3.31E-06,-0.001025445,,,,,,,,,,,,,,
6.60975,3.34E-06,-0.000851357,,,,,,,,,,,,,,
6.60985,3.36E-06,-0.000996383,,,,,,,,,,,,,,
6.60995,3.37E-06,-0.000767761,,,,,,,,,,,,,,
6.61005,6.37E-06,-3.892004728,,,,,,,,,,,,,,
6.61015,3.61E-06,-9.994400024,,,,,,,,,,,,,,
6.61025,8.01E-07,-9.994718552,,,,,,,,,,,,,,
6.61035,3.06E-07,-9.995113373,,,,,,,,,,,,,,
6.61045,1.63E-07,-9.995317459,,,,,,,,,,,,,,
6.61055,1.06E-07,-9.995217323,,,,,,,,,,,,,,
6.61065,7.73E-08,-9.995285988,,,,,,,,,,,,,,
6.61075,5.95E-08,-9.995275497,,,,,,,,,,,,,,
6.61085,4.78E-08,-9.995345116,,,,,,,,,,,,,,
6.61095,3.92E-08,-9.995027542,,,,,,,,,,,,,,
6.61105,-4.20E-06,-6.114109039,,,,,,,,,,,,,,
6.61115,-1.95E-06,-0.001888145,,,,,,,,,,,,,,
6.61125,2.03E-06,-0.00160928,,,,,,,,,,,,,,
6.61135,2.88E-06,-0.000983295,,,,,,,,,,,,,,
6.61145,3.14E-06,-0.001106156,,,,,,,,,,,,,,
6.61155,3.25E-06,-0.000976329,,,,,,,,,,,,,,
6.61165,3.31E-06,-0.000963663,,,,,,,,,,,,,,
6.61175,3.34E-06,-0.001014116,,,,,,,,,,,,,,
6.61185,3.36E-06,-0.000814836,,,,,,,,,,,,,,
6.61195,3.37E-06,-0.000784438,,,,,,,,,,,,,,
6.61205,6.36E-06,-3.871874571,,,,,,,,,,,,,,
6.61215,3.62E-06,-9.994509697,,,,,,,,,,,,,,
6.61225,8.03E-07,-9.995121002,,,,,,,,,,,,,,
6.61235,3.06E-07,-9.995417595,,,,,,,,,,,,,,
6.61245,1.63E-07,-9.995444298,,,,,,,,,,,,,,
6.61255,1.06E-07,-9.995425224,,,,,,,,,,,,,,
6.61265,7.71E-08,-9.995664597,,,,,,,,,,,,,,
6.61275,5.97E-08,-9.995723724,,,,,,,,,,,,,,
6.61285,4.76E-08,-9.99597168,,,,,,,,,,,,,,
6.61295,3.94E-08,-9.995474815,,,,,,,,,,,,,,
6.61305,-4.18E-06,-6.134563923,,,,,,,,,,,,,,
6.61315,-1.97E-06,-0.002403935,,,,,,,,,,,,,,
6.61325,2.03E-06,-0.002271504,,,,,,,,,,,,,,
6.61335,2.87E-06,-0.00179343,,,,,,,,,,,,,,
6.61345,3.14E-06,-0.001662618,,,,,,,,,,,,,,
6.61355,3.26E-06,-0.001408734,,,,,,,,,,,,,,
6.61365,3.31E-06,-0.001250408,,,,,,,,,,,,,,
6.61375,3.35E-06,-0.001439203,,,,,,,,,,,,,,
6.61385,3.36E-06,-0.00134083,,,,,,,,,,,,,,
6.61395,3.37E-06,-0.001031145,,,,,,,,,,,,,,
6.61405,6.35E-06,-3.852498531,,,,,,,,,,,,,,
6.61415,3.64E-06,-9.994592667,,,,,,,,,,,,,,
6.61425,8.04E-07,-9.994787216,,,,,,,,,,,,,,
6.61435,3.06E-07,-9.995435715,,,,,,,,,,,,,,
6.61445,1.63E-07,-9.995289803,,,,,,,,,,,,,,
6.61455,1.06E-07,-9.995106697,,,,,,,,,,,,,,
6.61465,7.70E-08,-9.995098114,,,,,,,,,,,,,,
6.61475,5.96E-08,-9.995205879,,,,,,,,,,,,,,
6.61485,4.80E-08,-9.995503426,,,,,,,,,,,,,,
6.61495,3.94E-08,-9.995366096,,,,,,,,,,,,,,
6.61505,-4.17E-06,-6.15444994,,,,,,,,,,,,,,
6.61515,-1.99E-06,-0.00209432,,,,,,,,,,,,,,
6.61525,2.03E-06,-0.001676199,,,,,,,,,,,,,,
6.61535,2.88E-06,-0.00125456,,,,,,,,,,,,,,
6.61545,3.14E-06,-0.001357718,,,,,,,,,,,,,,
6.61555,3.26E-06,-0.001417459,,,,,,,,,,,,,,
6.61565,3.31E-06,-0.001216773,,,,,,,,,,,,,,
6.61575,3.35E-06,-0.001077657,,,,,,,,,,,,,,
6.61585,3.37E-06,-0.001071254,,,,,,,,,,,,,,
6.61595,3.38E-06,-0.001056054,,,,,,,,,,,,,,
6.61605,6.34E-06,-3.832338572,,,,,,,,,,,,,,
6.61615,3.65E-06,-9.994578362,,,,,,,,,,,,,,
6.61625,8.06E-07,-9.994600296,,,,,,,,,,,,,,
6.61635,3.07E-07,-9.994846344,,,,,,,,,,,,,,
6.61645,1.63E-07,-9.99491024,,,,,,,,,,,,,,
6.61655,1.06E-07,-9.995398521,,,,,,,,,,,,,,
6.61665,7.72E-08,-9.995328903,,,,,,,,,,,,,,
6.61675,5.92E-08,-9.995121002,,,,,,,,,,,,,,
6.61685,4.77E-08,-9.99542141,,,,,,,,,,,,,,
6.61695,3.93E-08,-9.995648384,,,,,,,,,,,,,,
6.61705,-4.15E-06,-6.174192905,,,,,,,,,,,,,,
6.61715,-2.00E-06,-0.002146954,,,,,,,,,,,,,,
6.61725,2.03E-06,-0.001765987,,,,,,,,,,,,,,
6.61735,2.88E-06,-0.001316553,,,,,,,,,,,,,,
6.61745,3.15E-06,-0.001238586,,,,,,,,,,,,,,
6.61755,3.26E-06,-0.00104761,,,,,,,,,,,,,,
6.61765,3.32E-06,-0.001139017,,,,,,,,,,,,,,
6.61775,3.35E-06,-0.001023404,,,,,,,,,,,,,,
6.61785,3.37E-06,-0.001074279,,,,,,,,,,,,,,
6.61795,3.38E-06,-0.000984702,,,,,,,,,,,,,,
6.61805,6.33E-06,-3.812216043,,,,,,,,,,,,,,
6.61815,3.67E-06,-9.994539261,,,,,,,,,,,,,,
6.61825,8.08E-07,-9.994973183,,,,,,,,,,,,,,
6.61835,3.07E-07,-9.995225906,,,,,,,,,,,,,,
6.61845,1.63E-07,-9.995397568,,,,,,,,,,,,,,
6.61855,1.06E-07,-9.99551487,,,,,,,,,,,,,,
6.61865,7.67E-08,-9.995630264,,,,,,,,,,,,,,
6.61875,5.93E-08,-9.995615959,,,,,,,,,,,,,,
6.61885,4.80E-08,-9.996035576,,,,,,,,,,,,,,
6.61895,3.93E-08,-9.996152878,,,,,,,,,,,,,,
6.61905,-4.13E-06,-6.194857121,,,,,,,,,,,,,,
6.61915,-2.02E-06,-0.002427086,,,,,,,,,,,,,,
6.61925,2.02E-06,-0.002366851,,,,,,,,,,,,,,
6.61935,2.88E-06,-0.001677677,,,,,,,,,,,,,,
6.61945,3.15E-06,-0.001624972,,,,,,,,,,,,,,
6.61955,3.26E-06,-0.001483042,,,,,,,,,,,,,,
6.61965,3.32E-06,-0.001079276,,,,,,,,,,,,,,
6.61975,3.35E-06,-0.001138595,,,,,,,,,,,,,,
6.61985,3.37E-06,-0.001048525,,,,,,,,,,,,,,
6.61995,3.38E-06,-0.001132051,,,,,,,,,,,,,,
6.62005,6.33E-06,-3.79218483,,,,,,,,,,,,,,
6.62015,3.68E-06,-9.994176865,,,,,,,,,,,,,,
6.62025,8.10E-07,-9.994727135,,,,,,,,,,,,,,
6.62035,3.08E-07,-9.995085716,,,,,,,,,,,,,,
6.62045,1.63E-07,-9.995030403,,,,,,,,,,,,,,
6.62055,1.06E-07,-9.995130539,,,,,,,,,,,,,,
6.62065,7.67E-08,-9.99532795,,,,,,,,,,,,,,
6.62075,5.92E-08,-9.995016098,,,,,,,,,,,,,,
6.62085,4.72E-08,-9.995101929,,,,,,,,,,,,,,
6.62095,3.89E-08,-9.995482445,,,,,,,,,,,,,,
6.62105,-4.12E-06,-6.214466572,,,,,,,,,,,,,,
6.62115,-2.04E-06,-0.002096361,,,,,,,,,,,,,,
6.62125,2.02E-06,-0.001885893,,,,,,,,,,,,,,
6.62135,2.88E-06,-0.001262863,,,,,,,,,,,,,,
6.62145,3.15E-06,-0.001489304,,,,,,,,,,,,,,
6.62155,3.26E-06,-0.001433151,,,,,,,,,,,,,,
6.62165,3.32E-06,-0.001208258,,,,,,,,,,,,,,
6.62175,3.35E-06,-0.001048314,,,,,,,,,,,,,,
6.62185,3.37E-06,-0.001247945,,,,,,,,,,,,,,
6.62195,3.38E-06,-0.001448491,,,,,,,,,,,,,,
6.62205,6.32E-06,-3.772516727,,,,,,,,,,,,,,
6.62215,3.69E-06,-9.994859695,,,,,,,,,,,,,,
6.62225,8.12E-07,-9.99532795,,,,,,,,,,,,,,
6.62235,3.08E-07,-9.995765686,,,,,,,,,,,,,,
6.62245,1.64E-07,-9.995902061,,,,,,,,,,,,,,
6.62255,1.07E-07,-9.996058464,,,,,,,,,,,,,,
6.62265,7.72E-08,-9.995969772,,,,,,,,,,,,,,
6.62275,5.93E-08,-9.995946884,,,,,,,,,,,,,,
6.62285,4.75E-08,-9.996020317,,,,,,,,,,,,,,
6.62295,3.90E-08,-9.99587822,,,,,,,,,,,,,,
6.62305,-4.10E-06,-6.234409332,,,,,,,,,,,,,,
6.62315,-2.06E-06,-0.002414068,,,,,,,,,,,,,,
6.62325,2.02E-06,-0.002005798,,,,,,,,,,,,,,
6.62335,2.88E-06,-0.001454332,,,,,,,,,,,,,,
6.62345,3.15E-06,-0.001621805,,,,,,,,,,,,,,
6.62355,3.27E-06,-0.001615472,,,,,,,,,,,,,,
6.62365,3.32E-06,-0.001523925,,,,,,,,,,,,,,
6.62375,3.36E-06,-0.001108408,,,,,,,,,,,,,,
6.62385,3.38E-06,-0.001104608,,,,,,,,,,,,,,
6.62395,3.39E-06,-0.001197562,,,,,,,,,,,,,,
6.62405,6.31E-06,-3.752497435,,,,,,,,,,,,,,
6.62415,3.71E-06,-9.994876862,,,,,,,,,,,,,,
6.62425,8.14E-07,-9.994854927,,,,,,,,,,,,,,
6.62435,3.09E-07,-9.995827675,,,,,,,,,,,,,,
6.62445,1.64E-07,-9.99555397,,,,,,,,,,,,,,
6.62455,1.07E-07,-9.995506287,,,,,,,,,,,,,,
6.62465,7.73E-08,-9.995650291,,,,,,,,,,,,,,
6.62475,5.93E-08,-9.995829582,,,,,,,,,,,,,,
6.62485,4.75E-08,-9.995877266,,,,,,,,,,,,,,
6.62495,3.92E-08,-9.996011734,,,,,,,,,,,,,,
6.62505,-4.08E-06,-6.254566193,,,,,,,,,,,,,,
6.62515,-2.07E-06,-0.002107408,,,,,,,,,,,,,,
6.62525,2.02E-06,-0.001695831,,,,,,,,,,,,,,
6.62535,2.88E-06,-0.001448351,,,,,,,,,,,,,,
6.62545,3.16E-06,-0.001236616,,,,,,,,,,,,,,
6.62555,3.27E-06,-0.001317327,,,,,,,,,,,,,,
6.62565,3.33E-06,-0.001218743,,,,,,,,,,,,,,
6.62575,3.36E-06,-0.001044373,,,,,,,,,,,,,,
6.62585,3.38E-06,-0.001142676,,,,,,,,,,,,,,
6.62595,3.39E-06,-0.001214802,,,,,,,,,,,,,,
6.62605,6.30E-06,-3.732493401,,,,,,,,,,,,,,
6.62615,3.72E-06,-9.995049477,,,,,,,,,,,,,,
6.62625,8.16E-07,-9.995265007,,,,,,,,,,,,,,
6.62635,3.09E-07,-9.995394707,,,,,,,,,,,,,,
6.62645,1.64E-07,-9.995465279,,,,,,,,,,,,,,
6.62655,1.07E-07,-9.996157646,,,,,,,,,,,,,,
6.62665,7.72E-08,-9.996279716,,,,,,,,,,,,,,
6.62675,5.92E-08,-9.996253014,,,,,,,,,,,,,,
6.62685,4.73E-08,-9.996360779,,,,,,,,,,,,,,
6.62695,3.95E-08,-9.996178627,,,,,,,,,,,,,,
6.62705,-4.07E-06,-6.274902344,,,,,,,,,,,,,,
6.62715,-2.09E-06,-0.002419556,,,,,,,,,,,,,,
6.62725,2.02E-06,-0.00202909,,,,,,,,,,,,,,
6.62735,2.88E-06,-0.001215365,,,,,,,,,,,,,,
6.62745,3.16E-06,-0.001244216,,,,,,,,,,,,,,
6.62755,3.27E-06,-0.001406764,,,,,,,,,,,,,,
6.62765,3.33E-06,-0.001253152,,,,,,,,,,,,,,
6.62775,3.36E-06,-0.000872678,,,,,,,,,,,,,,
6.62785,3.38E-06,-0.00122402,,,,,,,,,,,,,,
6.62795,3.39E-06,-0.000950574,,,,,,,,,,,,,,
6.62805,6.29E-06,-3.712404251,,,,,,,,,,,,,,
6.62815,3.74E-06,-9.99478054,,,,,,,,,,,,,,
6.62825,8.18E-07,-9.9952631,,,,,,,,,,,,,,
6.62835,3.10E-07,-9.995549202,,,,,,,,,,,,,,
6.62845,1.64E-07,-9.995512962,,,,,,,,,,,,,,
6.62855,1.07E-07,-9.995674133,,,,,,,,,,,,,,
6.62865,7.73E-08,-9.995976448,,,,,,,,,,,,,,
6.62875,5.93E-08,-9.995981216,,,,,,,,,,,,,,
6.62885,4.74E-08,-9.99610424,,,,,,,,,,,,,,
6.62895,3.92E-08,-9.996032715,,,,,,,,,,,,,,
6.62905,-4.05E-06,-6.294630527,,,,,,,,,,,,,,
6.62915,-2.11E-06,-0.00237628,,,,,,,,,,,,,,
6.62925,2.02E-06,-0.002136892,,,,,,,,,,,,,,
6.62935,2.89E-06,-0.001457217,,,,,,,,,,,,,,
6.62945,3.16E-06,-0.001309587,,,,,,,,,,,,,,
6.62955,3.27E-06,-0.001356944,,,,,,,,,,,,,,
6.62965,3.33E-06,-0.00113191,,,,,,,,,,,,,,
6.62975,3.37E-06,-0.00146932,,,,,,,,,,,,,,
6.62985,3.38E-06,-0.001274474,,,,,,,,,,,,,,
6.62995,3.39E-06,-0.001571211,,,,,,,,,,,,,,
6.63005,6.28E-06,-3.692898035,,,,,,,,,,,,,,
6.63015,3.75E-06,-9.995163918,,,,,,,,,,,,,,
6.63025,8.19E-07,-9.995713234,,,,,,,,,,,,,,
6.63035,3.10E-07,-9.995978355,,,,,,,,,,,,,,
6.63045,1.64E-07,-9.99607563,,,,,,,,,,,,,,
6.63055,1.06E-07,-9.996114731,,,,,,,,,,,,,,
6.63065,7.69E-08,-9.996039391,,,,,,,,,,,,,,
6.63075,5.93E-08,-9.995993614,,,,,,,,,,,,,,
6.63085,4.73E-08,-9.996064186,,,,,,,,,,,,,,
6.63095,3.89E-08,-9.996141434,,,,,,,,,,,,,,
6.63105,-4.03E-06,-6.314761162,,,,,,,,,,,,,,
6.63115,-2.12E-06,-0.002200081,,,,,,,,,,,,,,
6.63125,2.02E-06,-0.002026204,,,,,,,,,,,,,,
6.63135,2.89E-06,-0.001451869,,,,,,,,,,,,,,
6.63145,3.16E-06,-0.001347022,,,,,,,,,,,,,,
6.63155,3.27E-06,-0.001282566,,,,,,,,,,,,,,
6.63165,3.33E-06,-0.001168853,,,,,,,,,,,,,,
6.63175,3.37E-06,-0.001389101,,,,,,,,,,,,,,
6.63185,3.38E-06,-0.00147896,,,,,,,,,,,,,,
6.63195,3.39E-06,-0.001224935,,,,,,,,,,,,,,
6.63205,6.27E-06,-3.672734261,,,,,,,,,,,,,,
6.63215,3.77E-06,-9.995290756,,,,,,,,,,,,,,
6.63225,8.22E-07,-9.995480537,,,,,,,,,,,,,,
6.63235,3.11E-07,-9.996062279,,,,,,,,,,,,,,
6.63245,1.65E-07,-9.996303558,,,,,,,,,,,,,,
6.63255,1.07E-07,-9.996370316,,,,,,,,,,,,,,
6.63265,7.74E-08,-9.996324539,,,,,,,,,,,,,,
6.63275,5.96E-08,-9.996520042,,,,,,,,,,,,,,
6.63285,4.77E-08,-9.99639225,,,,,,,,,,,,,,
6.63295,3.92E-08,-9.996151924,,,,,,,,,,,,,,
6.63305,-4.02E-06,-6.334628582,,,,,,,,,,,,,,
6.63315,-2.14E-06,-0.002511878,,,,,,,,,,,,,,
6.63325,2.02E-06,-0.002055688,,,,,,,,,,,,,,
6.63335,2.89E-06,-0.00170505,,,,,,,,,,,,,,
6.63345,3.16E-06,-0.001621524,,,,,,,,,,,,,,
6.63355,3.28E-06,-0.001318031,,,,,,,,,,,,,,
6.63365,3.34E-06,-0.001295162,,,,,,,,,,,,,,
6.63375,3.37E-06,-0.001320986,,,,,,,,,,,,,,
6.63385,3.39E-06,-0.001399305,,,,,,,,,,,,,,
6.63395,3.40E-06,-0.00129108,,,,,,,,,,,,,,
6.63405,6.26E-06,-3.652895212,,,,,,,,,,,,,,
6.63415,3.79E-06,-9.995371819,,,,,,,,,,,,,,
6.63425,8.23E-07,-9.995648384,,,,,,,,,,,,,,
6.63435,3.11E-07,-9.996330261,,,,,,,,,,,,,,
6.63445,1.65E-07,-9.996189117,,,,,,,,,,,,,,
6.63455,1.07E-07,-9.996148109,,,,,,,,,,,,,,
6.63465,7.68E-08,-9.995758057,,,,,,,,,,,,,,
6.63475,5.94E-08,-9.995887756,,,,,,,,,,,,,,
6.63485,4.75E-08,-9.995986938,,,,,,,,,,,,,,
6.63495,3.87E-08,-9.996089935,,,,,,,,,,,,,,
6.63505,-4.00E-06,-6.354515076,,,,,,,,,,,,,,
6.63515,-2.16E-06,-0.002342927,,,,,,,,,,,,,,
6.63525,2.02E-06,-0.002015861,,,,,,,,,,,,,,
6.63535,2.89E-06,-0.001450602,,,,,,,,,,,,,,
6.63545,3.17E-06,-0.001626379,,,,,,,,,,,,,,
6.63555,3.28E-06,-0.001379391,,,,,,,,,,,,,,
6.63565,3.34E-06,-0.001259837,,,,,,,,,,,,,,
6.63575,3.37E-06,-0.001316061,,,,,,,,,,,,,,
6.63585,3.39E-06,-0.001250127,,,,,,,,,,,,,,
6.63595,3.40E-06,-0.001191018,,,,,,,,,,,,,,
6.63605,6.25E-06,-3.632610321,,,,,,,,,,,,,,
6.63615,3.80E-06,-9.99503231,,,,,,,,,,,,,,
6.63625,8.25E-07,-9.99520874,,,,,,,,,,,,,,
6.63635,3.11E-07,-9.99593544,,,,,,,,,,,,,,
6.63645,1.65E-07,-9.995981216,,,,,,,,,,,,,,
6.63655,1.07E-07,-9.996124268,,,,,,,,,,,,,,
6.63665,7.72E-08,-9.996031761,,,,,,,,,,,,,,
6.63675,5.94E-08,-9.99620533,,,,,,,,,,,,,,
6.63685,4.80E-08,-9.996184349,,,,,,,,,,,,,,
6.63695,3.97E-08,-9.996217728,,,,,,,,,,,,,,
6.63705,-3.98E-06,-6.374731541,,,,,,,,,,,,,,
6.63715,-2.18E-06,-0.002230339,,,,,,,,,,,,,,
6.63725,2.02E-06,-0.001928746,,,,,,,,,,,,,,
6.63735,2.89E-06,-0.0014252,,,,,,,,,,,,,,
6.63745,3.17E-06,-0.001450813,,,,,,,,,,,,,,
6.63755,3.28E-06,-0.001486771,,,,,,,,,,,,,,
6.63765,3.34E-06,-0.001382346,,,,,,,,,,,,,,
6.63775,3.38E-06,-0.001360181,,,,,,,,,,,,,,
6.63785,3.39E-06,-0.001233731,,,,,,,,,,,,,,
6.63795,3.40E-06,-0.000817792,,,,,,,,,,,,,,
6.63805,6.24E-06,-3.612637997,,,,,,,,,,,,,,
6.63815,3.82E-06,-9.994963646,,,,,,,,,,,,,,
6.63825,8.27E-07,-9.995306969,,,,,,,,,,,,,,
6.63835,3.12E-07,-9.995918274,,,,,,,,,,,,,,
6.63845,1.65E-07,-9.995896339,,,,,,,,,,,,,,
6.63855,1.07E-07,-9.995897293,,,,,,,,,,,,,,
6.63865,7.72E-08,-9.995991707,,,,,,,,,,,,,,
6.63875,5.94E-08,-9.996094704,,,,,,,,,,,,,,
6.63885,4.76E-08,-9.99608326,,,,,,,,,,,,,,
6.63895,3.94E-08,-9.996190071,,,,,,,,,,,,,,
6.63905,-3.96E-06,-6.394386292,,,,,,,,,,,,,,
6.63915,-2.20E-06,-0.002092561,,,,,,,,,,,,,,
6.63925,2.01E-06,-0.001723556,,,,,,,,,,,,,,
6.63935,2.89E-06,-0.001051058,,,,,,,,,,,,,,
6.63945,3.17E-06,-0.001006446,,,,,,,,,,,,,,
6.63955,3.28E-06,-0.000621327,,,,,,,,,,,,,,
6.63965,3.34E-06,-0.000802381,,,,,,,,,,,,,,
6.63975,3.38E-06,-0.000918628,,,,,,,,,,,,,,
6.63985,3.40E-06,-0.000977243,,,,,,,,,,,,,,
6.63995,3.41E-06,-0.000928549,,,,,,,,,,,,,,
6.64005,6.23E-06,-3.592618465,,,,,,,,,,,,,,
6.64015,3.83E-06,-9.995288849,,,,,,,,,,,,,,
6.64025,8.30E-07,-9.995360374,,,,,,,,,,,,,,
6.64035,3.13E-07,-9.995744705,,,,,,,,,,,,,,
6.64045,1.65E-07,-9.995582581,,,,,,,,,,,,,,
6.64055,1.07E-07,-9.99605751,,,,,,,,,,,,,,
6.64065,7.73E-08,-9.996099472,,,,,,,,,,,,,,
6.64075,5.93E-08,-9.996078491,,,,,,,,,,,,,,
6.64085,4.74E-08,-9.996184349,,,,,,,,,,,,,,
6.64095,3.91E-08,-9.996135712,,,,,,,,,,,,,,
6.64105,-3.95E-06,-6.414470673,,,,,,,,,,,,,,
6.64115,-2.22E-06,-0.002340886,,,,,,,,,,,,,,
6.64125,2.01E-06,-0.002065962,,,,,,,,,,,,,,
6.64135,2.89E-06,-0.001468616,,,,,,,,,,,,,,
6.64145,3.17E-06,-0.001154076,,,,,,,,,,,,,,
6.64155,3.29E-06,-0.000981114,,,,,,,,,,,,,,
6.64165,3.35E-06,-0.000984843,,,,,,,,,,,,,,
6.64175,3.38E-06,-0.001065976,,,,,,,,,,,,,,
6.64185,3.40E-06,-0.001160831,,,,,,,,,,,,,,
6.64195,3.41E-06,-0.001423089,,,,,,,,,,,,,,
6.64205,6.22E-06,-3.572698593,,,,,,,,,,,,,,
6.64215,3.85E-06,-9.994727135,,,,,,,,,,,,,,
6.64225,8.31E-07,-9.995044708,,,,,,,,,,,,,,
6.64235,3.13E-07,-9.99530983,,,,,,,,,,,,,,
6.64245,1.65E-07,-9.995539665,,,,,,,,,,,,,,
6.64255,1.07E-07,-9.995802879,,,,,,,,,,,,,,
6.64265,7.73E-08,-9.995452881,,,,,,,,,,,,,,
6.64275,5.95E-08,-9.995938301,,,,,,,,,,,,,,
6.64285,4.77E-08,-9.995992661,,,,,,,,,,,,,,
6.64295,3.94E-08,-9.996212006,,,,,,,,,,,,,,
6.64305,-3.93E-06,-6.434301853,,,,,,,,,,,,,,
6.64315,-2.23E-06,-0.002053014,,,,,,,,,,,,,,
6.64325,2.01E-06,-0.001804548,,,,,,,,,,,,,,
6.64335,2.90E-06,-0.001182434,,,,,,,,,,,,,,
6.64345,3.18E-06,-0.001114318,,,,,,,,,,,,,,
6.64355,3.29E-06,-0.001334637,,,,,,,,,,,,,,
6.64365,3.35E-06,-0.001450532,,,,,,,,,,,,,,
6.64375,3.38E-06,-0.001035437,,,,,,,,,,,,,,
6.64385,3.40E-06,-0.001040996,,,,,,,,,,,,,,
6.64395,3.41E-06,-0.001042755,,,,,,,,,,,,,,
6.64405,6.21E-06,-3.552644253,,,,,,,,,,,,,,
6.64415,3.86E-06,-9.994972229,,,,,,,,,,,,,,
6.64425,8.33E-07,-9.995070457,,,,,,,,,,,,,,
6.64435,3.14E-07,-9.99584198,,,,,,,,,,,,,,
6.64445,1.65E-07,-9.995820999,,,,,,,,,,,,,,
6.64455,1.07E-07,-9.99631691,,,,,,,,,,,,,,
6.64465,7.75E-08,-9.996273994,,,,,,,,,,,,,,
6.64475,5.95E-08,-9.996378899,,,,,,,,,,,,,,
6.64485,4.76E-08,-9.996214867,,,,,,,,,,,,,,
6.64495,3.93E-08,-9.996351242,,,,,,,,,,,,,,
6.64505,-3.91E-06,-6.454590797,,,,,,,,,,,,,,
6.64515,-2.25E-06,-0.002422934,,,,,,,,,,,,,,
6.64525,2.01E-06,-0.002327024,,,,,,,,,,,,,,
6.64535,2.90E-06,-0.001788153,,,,,,,,,,,,,,
6.64545,3.18E-06,-0.001761554,,,,,,,,,,,,,,
6.64555,3.29E-06,-0.001588451,,,,,,,,,,,,,,
6.64565,3.35E-06,-0.001542642,,,,,,,,,,,,,,
6.64575,3.39E-06,-0.001558475,,,,,,,,,,,,,,
6.64585,3.40E-06,-0.001826151,,,,,,,,,,,,,,
6.64595,3.41E-06,-0.001679436,,,,,,,,,,,,,,
6.64605,6.20E-06,-3.533027649,,,,,,,,,,,,,,
6.64615,3.88E-06,-9.994852066,,,,,,,,,,,,,,
6.64625,8.35E-07,-9.995269775,,,,,,,,,,,,,,
6.64635,3.14E-07,-9.995754242,,,,,,,,,,,,,,
6.64645,1.65E-07,-9.996106148,,,,,,,,,,,,,,
6.64655,1.07E-07,-9.996234894,,,,,,,,,,,,,,
6.64665,7.73E-08,-9.996343613,,,,,,,,,,,,,,
6.64675,5.92E-08,-9.996260643,,,,,,,,,,,,,,
6.64685,4.75E-08,-9.996056557,,,,,,,,,,,,,,
6.64695,3.95E-08,-9.995977402,,,,,,,,,,,,,,
6.64705,-3.89E-06,-6.474657536,,,,,,,,,,,,,,
6.64715,-2.27E-06,-0.002439892,,,,,,,,,,,,,,
6.64725,2.01E-06,-0.002101638,,,,,,,,,,,,,,
6.64735,2.90E-06,-0.001457076,,,,,,,,,,,,,,
6.64745,3.18E-06,-0.00124879,,,,,,,,,,,,,,
6.64755,3.30E-06,-0.00124126,,,,,,,,,,,,,,
6.64765,3.35E-06,-0.00131022,,,,,,,,,,,,,,
6.64775,3.39E-06,-0.00114908,,,,,,,,,,,,,,
6.64785,3.40E-06,-0.001221206,,,,,,,,,,,,,,
6.64795,3.41E-06,-0.001384387,,,,,,,,,,,,,,
6.64805,6.19E-06,-3.51284647,,,,,,,,,,,,,,
6.64815,3.89E-06,-9.994715691,,,,,,,,,,,,,,
6.64825,8.37E-07,-9.994644165,,,,,,,,,,,,,,
6.64835,3.14E-07,-9.995173454,,,,,,,,,,,,,,
6.64845,1.65E-07,-9.995587349,,,,,,,,,,,,,,
6.64855,1.07E-07,-9.995617867,,,,,,,,,,,,,,
6.64865,7.77E-08,-9.995866776,,,,,,,,,,,,,,
6.64875,5.96E-08,-9.995892525,,,,,,,,,,,,,,
6.64885,4.77E-08,-9.995901108,,,,,,,,,,,,,,
6.64895,3.93E-08,-9.996082306,,,,,,,,,,,,,,
6.64905,-3.87E-06,-6.494247437,,,,,,,,,,,,,,
6.64915,-2.29E-06,-0.002176579,,,,,,,,,,,,,,
6.64925,2.01E-06,-0.002016986,,,,,,,,,,,,,,
6.64935,2.90E-06,-0.001362784,,,,,,,,,,,,,,
6.64945,3.18E-06,-0.001124873,,,,,,,,,,,,,,
6.64955,3.30E-06,-0.00126413,,,,,,,,,,,,,,
6.64965,3.36E-06,-0.001241049,,,,,,,,,,,,,,
6.64975,3.39E-06,-0.001207344,,,,,,,,,,,,,,
6.64985,3.41E-06,-0.001188626,,,,,,,,,,,,,,
6.64995,3.42E-06,-0.000887877,,,,,,,,,,,,,,
6.65005,6.18E-06,-3.492780209,,,,,,,,,,,,,,
6.65015,3.91E-06,-9.994763374,,,,,,,,,,,,,,
6.65025,8.39E-07,-9.9951334,,,,,,,,,,,,,,
6.65035,3.15E-07,-9.995746613,,,,,,,,,,,,,,
6.65045,1.66E-07,-9.995437622,,,,,,,,,,,,,,
6.65055,1.07E-07,-9.995350838,,,,,,,,,,,,,,
6.65065,7.77E-08,-9.99579525,,,,,,,,,,,,,,
6.65075,5.95E-08,-9.995867729,,,,,,,,,,,,,,
6.65085,4.77E-08,-9.995738983,,,,,,,,,,,,,,
6.65095,3.91E-08,-9.995771408,,,,,,,,,,,,,,
6.65105,-3.86E-06,-6.514392376,,,,,,,,,,,,,,
6.65115,-2.31E-06,-0.002082357,,,,,,,,,,,,,,
6.65125,2.01E-06,-0.001782313,,,,,,,,,,,,,,
6.65135,2.90E-06,-0.001215436,,,,,,,,,,,,,,
6.65145,3.18E-06,-0.00124886,,,,,,,,,,,,,,
6.65155,3.30E-06,-0.000920105,,,,,,,,,,,,,,
6.65165,3.36E-06,-0.000797244,,,,,,,,,,,,,,
6.65175,3.39E-06,-0.000650881,,,,,,,,,,,,,,
6.65185,3.41E-06,-0.000920316,,,,,,,,,,,,,,
6.65195,3.42E-06,-0.001082512,,,,,,,,,,,,,,
6.65205,6.17E-06,-3.47285533,,,,,,,,,,,,,,
6.65215,3.93E-06,-9.995059013,,,,,,,,,,,,,,
6.65225,8.41E-07,-9.995325089,,,,,,,,,,,,,,
6.65235,3.15E-07,-9.995657921,,,,,,,,,,,,,,
6.65245,1.66E-07,-9.995782852,,,,,,,,,,,,,,
6.65255,1.07E-07,-9.995921135,,,,,,,,,,,,,,
6.65265,7.77E-08,-9.995783806,,,,,,,,,,,,,,
6.65275,5.95E-08,-9.996125221,,,,,,,,,,,,,,
6.65285,4.75E-08,-9.995907784,,,,,,,,,,,,,,
6.65295,3.93E-08,-9.996049881,,,,,,,,,,,,,,
6.65305,-3.84E-06,-6.534190655,,,,,,,,,,,,,,
6.65315,-2.32E-06,-0.002385076,,,,,,,,,,,,,,
6.65325,2.00E-06,-0.001835862,,,,,,,,,,,,,,
6.65335,2.90E-06,-0.001258923,,,,,,,,,,,,,,
6.65345,3.18E-06,-0.00134477,,,,,,,,,,,,,,
6.65355,3.30E-06,-0.001086031,,,,,,,,,,,,,,
6.65365,3.36E-06,-0.001062599,,,,,,,,,,,,,,
6.65375,3.39E-06,-0.001244145,,,,,,,,,,,,,,
6.65385,3.41E-06,-0.001045992,,,,,,,,,,,,,,
6.65395,3.42E-06,-0.00117413,,,,,,,,,,,,,,
6.65405,6.16E-06,-3.452896118,,,,,,,,,,,,,,
6.65415,3.94E-06,-9.99509716,,,,,,,,,,,,,,
6.65425,8.43E-07,-9.99509716,,,,,,,,,,,,,,
6.65435,3.16E-07,-9.995692253,,,,,,,,,,,,,,
6.65445,1.66E-07,-9.99564743,,,,,,,,,,,,,,
6.65455,1.07E-07,-9.995638847,,,,,,,,,,,,,,
6.65465,7.80E-08,-9.995615005,,,,,,,,,,,,,,
6.65475,5.99E-08,-9.995746613,,,,,,,,,,,,,,
6.65485,4.80E-08,-9.995824814,,,,,,,,,,,,,,
6.65495,3.97E-08,-9.995676041,,,,,,,,,,,,,,
6.65505,-3.82E-06,-6.554316521,,,,,,,,,,,,,,
6.65515,-2.34E-06,-0.002311824,,,,,,,,,,,,,,
6.65525,2.01E-06,-0.001559179,,,,,,,,,,,,,,
6.65535,2.91E-06,-0.001021926,,,,,,,,,,,,,,
6.65545,3.19E-06,-0.001063584,,,,,,,,,,,,,,
6.65555,3.30E-06,-0.000931083,,,,,,,,,,,,,,
6.65565,3.36E-06,-0.000892029,,,,,,,,,,,,,,
6.65575,3.40E-06,-0.000929183,,,,,,,,,,,,,,
6.65585,3.41E-06,-0.001165827,,,,,,,,,,,,,,
6.65595,3.43E-06,-0.00113198,,,,,,,,,,,,,,
6.65605,6.15E-06,-3.432635784,,,,,,,,,,,,,,
6.65615,3.96E-06,-9.994678497,,,,,,,,,,,,,,
6.65625,8.45E-07,-9.994838715,,,,,,,,,,,,,,
6.65635,3.17E-07,-9.995433807,,,,,,,,,,,,,,
6.65645,1.67E-07,-9.995349884,,,,,,,,,,,,,,
6.65655,1.08E-07,-9.995440483,,,,,,,,,,,,,,
6.65665,7.78E-08,-9.995521545,,,,,,,,,,,,,,
6.65675,5.99E-08,-9.995397568,,,,,,,,,,,,,,
6.65685,4.77E-08,-9.995308876,,,,,,,,,,,,,,
6.65695,3.95E-08,-9.995752335,,,,,,,,,,,,,,
6.65705,-3.80E-06,-6.574036598,,,,,,,,,,,,,,
6.65715,-2.36E-06,-0.001954852,,,,,,,,,,,,,,
6.65725,2.01E-06,-0.00152301,,,,,,,,,,,,,,
6.65735,2.91E-06,-0.001263356,,,,,,,,,,,,,,
6.65745,3.19E-06,-0.001258289,,,,,,,,,,,,,,
6.65755,3.31E-06,-0.000878448,,,,,,,,,,,,,,
6.65765,3.37E-06,-0.000812725,,,,,,,,,,,,,,
6.65775,3.40E-06,-0.001110659,,,,,,,,,,,,,,
6.65785,3.42E-06,-0.00093819,,,,,,,,,,,,,,
6.65795,3.43E-06,-0.000858323,,,,,,,,,,,,,,
6.65805,6.13E-06,-3.412636042,,,,,,,,,,,,,,
6.65815,3.98E-06,-9.994328499,,,,,,,,,,,,,,
6.65825,8.48E-07,-9.994700432,,,,,,,,,,,,,,
6.65835,3.17E-07,-9.994894028,,,,,,,,,,,,,,
6.65845,1.67E-07,-9.995069504,,,,,,,,,,,,,,
6.65855,1.08E-07,-9.994931221,,,,,,,,,,,,,,
6.65865,7.81E-08,-9.995049477,,,,,,,,,,,,,,
6.65875,6.00E-08,-9.995202065,,,,,,,,,,,,,,
6.65885,4.81E-08,-9.99536705,,,,,,,,,,,,,,
6.65895,3.93E-08,-9.995220184,,,,,,,,,,,,,,
6.65905,-3.78E-06,-6.593634129,,,,,,,,,,,,,,
6.65915,-2.38E-06,-0.001778302,,,,,,,,,,,,,,
6.65925,2.00E-06,-0.001256178,,,,,,,,,,,,,,
6.65935,2.91E-06,-0.000933405,,,,,,,,,,,,,,
6.65945,3.19E-06,-0.000793234,,,,,,,,,,,,,,
6.65955,3.31E-06,-0.000831654,,,,,,,,,,,,,,
6.65965,3.37E-06,-0.000761076,,,,,,,,,,,,,,
6.65975,3.40E-06,-0.001046696,,,,,,,,,,,,,,
6.65985,3.42E-06,-0.00072153,,,,,,,,,,,,,,
6.65995,3.43E-06,-0.001129236,,,,,,,,,,,,,,
6.66005,6.12E-06,-3.392436504,,,,,,,,,,,,,,
6.66015,3.99E-06,-9.994948387,,,,,,,,,,,,,,
6.66025,8.49E-07,-9.994786263,,,,,,,,,,,,,,
6.66035,3.18E-07,-9.995555878,,,,,,,,,,,,,,
6.66045,1.67E-07,-9.995559692,,,,,,,,,,,,,,
6.66055,1.08E-07,-9.995573997,,,,,,,,,,,,,,
6.66065,7.77E-08,-9.99570179,,,,,,,,,,,,,,
6.66075,6.03E-08,-9.995809555,,,,,,,,,,,,,,
6.66085,4.83E-08,-9.995597839,,,,,,,,,,,,,,
6.66095,3.98E-08,-9.99553299,,,,,,,,,,,,,,
6.66105,-3.76E-06,-6.613942623,,,,,,,,,,,,,,
6.66115,-2.40E-06,-0.002250324,,,,,,,,,,,,,,
6.66125,2.00E-06,-0.001723063,,,,,,,,,,,,,,
6.66135,2.91E-06,-0.001128744,,,,,,,,,,,,,,
6.66145,3.19E-06,-0.001374113,,,,,,,,,,,,,,
6.66155,3.31E-06,-0.000952615,,,,,,,,,,,,,,
6.66165,3.37E-06,-0.001000746,,,,,,,,,,,,,,
6.66175,3.40E-06,-0.00093636,,,,,,,,,,,,,,
6.66185,3.42E-06,-0.000863319,,,,,,,,,,,,,,
6.66195,3.43E-06,-0.001044866,,,,,,,,,,,,,,
6.66205,6.11E-06,-3.372378826,,,,,,,,,,,,,,
6.66215,4.01E-06,-9.994558334,,,,,,,,,,,,,,
6.66225,8.52E-07,-9.995049477,,,,,,,,,,,,,,
6.66235,3.18E-07,-9.995738029,,,,,,,,,,,,,,
6.66245,1.67E-07,-9.995439529,,,,,,,,,,,,,,
6.66255,1.08E-07,-9.995537758,,,,,,,,,,,,,,
6.66265,7.81E-08,-9.995445251,,,,,,,,,,,,,,
6.66275,6.00E-08,-9.995643616,,,,,,,,,,,,,,
6.66285,4.81E-08,-9.995643616,,,,,,,,,,,,,,
6.66295,3.94E-08,-9.995710373,,,,,,,,,,,,,,
6.66305,-3.74E-06,-6.633804321,,,,,,,,,,,,,,
6.66315,-2.42E-06,-0.002121693,,,,,,,,,,,,,,
6.66325,2.00E-06,-0.001756629,,,,,,,,,,,,,,
6.66335,2.91E-06,-0.001209877,,,,,,,,,,,,,,
6.66345,3.19E-06,-0.001406412,,,,,,,,,,,,,,
6.66355,3.31E-06,-0.001264059,,,,,,,,,,,,,,
6.66365,3.37E-06,-0.001189893,,,,,,,,,,,,,,
6.66375,3.41E-06,-0.001246045,,,,,,,,,,,,,,
6.66385,3.43E-06,-0.001380869,,,,,,,,,,,,,,
6.66395,3.44E-06,-0.001426607,,,,,,,,,,,,,,
6.66405,6.10E-06,-3.352829933,,,,,,,,,,,,,,
6.66415,4.03E-06,-9.994717598,,,,,,,,,,,,,,
6.66425,8.53E-07,-9.995202065,,,,,,,,,,,,,,
6.66435,3.19E-07,-9.995410919,,,,,,,,,,,,,,
6.66445,1.67E-07,-9.995666504,,,,,,,,,,,,,,
6.66455,1.08E-07,-9.995791435,,,,,,,,,,,,,,
6.66465,7.81E-08,-9.995916367,,,,,,,,,,,,,,
6.66475,5.97E-08,-9.995912552,,,,,,,,,,,,,,
6.66485,4.79E-08,-9.99571991,,,,,,,,,,,,,,
6.66495,3.94E-08,-9.995833397,,,,,,,,,,,,,,
6.66505,-3.72E-06,-6.654027939,,,,,,,,,,,,,,
6.66515,-2.44E-06,-0.002360589,,,,,,,,,,,,,,
6.66525,2.00E-06,-0.00181827,,,,,,,,,,,,,,
6.66535,2.91E-06,-0.001368906,,,,,,,,,,,,,,
6.66545,3.20E-06,-0.001434629,,,,,,,,,,,,,,
6.66555,3.32E-06,-0.001389031,,,,,,,,,,,,,,
6.66565,3.38E-06,-0.001487756,,,,,,,,,,,,,,
6.66575,3.41E-06,-0.001341674,,,,,,,,,,,,,,
6.66585,3.43E-06,-0.001353848,,,,,,,,,,,,,,
6.66595,3.44E-06,-0.001021012,,,,,,,,,,,,,,
6.66605,6.09E-06,-3.332772017,,,,,,,,,,,,,,
6.66615,4.04E-06,-9.994566917,,,,,,,,,,,,,,
6.66625,8.56E-07,-9.994799614,,,,,,,,,,,,,,
6.66635,3.19E-07,-9.9952631,,,,,,,,,,,,,,
6.66645,1.67E-07,-9.995449066,,,,,,,,,,,,,,
6.66655,1.08E-07,-9.995625496,,,,,,,,,,,,,,
6.66665,7.79E-08,-9.995607376,,,,,,,,,,,,,,
6.66675,5.96E-08,-9.995762825,,,,,,,,,,,,,,
6.66685,4.78E-08,-9.995717049,,,,,,,,,,,,,,
6.66695,3.94E-08,-9.9958601,,,,,,,,,,,,,,
6.66705,-3.71E-06,-6.673950195,,,,,,,,,,,,,,
6.66715,-2.46E-06,-0.001932335,,,,,,,,,,,,,,
6.66725,2.00E-06,-0.00138889,,,,,,,,,,,,,,
6.66735,2.91E-06,-0.00097471,,,,,,,,,,,,,,
6.66745,3.20E-06,-0.00087873,,,,,,,,,,,,,,
6.66755,3.32E-06,-0.00096514,,,,,,,,,,,,,,
6.66765,3.38E-06,-0.001085608,,,,,,,,,,,,,,
6.66775,3.41E-06,-0.000926298,,,,,,,,,,,,,,
6.66785,3.43E-06,-0.001227046,,,,,,,,,,,,,,
6.66795,3.44E-06,-0.001076531,,,,,,,,,,,,,,
6.66805,6.08E-06,-3.312448502,,,,,,,,,,,,,,
6.66815,4.06E-06,-9.994811058,,,,,,,,,,,,,,
6.66825,8.57E-07,-9.994821548,,,,,,,,,,,,,,
6.66835,3.19E-07,-9.995499611,,,,,,,,,,,,,,
6.66845,1.67E-07,-9.99546051,,,,,,,,,,,,,,
6.66855,1.08E-07,-9.995547295,,,,,,,,,,,,,,
6.66865,7.78E-08,-9.995770454,,,,,,,,,,,,,,
6.66875,5.98E-08,-9.995599747,,,,,,,,,,,,,,
6.66885,4.76E-08,-9.995519638,,,,,,,,,,,,,,
6.66895,3.92E-08,-9.995671272,,,,,,,,,,,,,,
6.66905,-3.69E-06,-6.69406271,,,,,,,,,,,,,,
6.66915,-2.48E-06,-0.002430111,,,,,,,,,,,,,,
6.66925,2.00E-06,-0.002177212,,,,,,,,,,,,,,
6.66935,2.92E-06,-0.001612939,,,,,,,,,,,,,,
6.66945,3.20E-06,-0.001510274,,,,,,,,,,,,,,
6.66955,3.32E-06,-0.001324223,,,,,,,,,,,,,,
6.66965,3.38E-06,-0.001269548,,,,,,,,,,,,,,
6.66975,3.41E-06,-0.000957541,,,,,,,,,,,,,,
6.66985,3.43E-06,-0.00116442,,,,,,,,,,,,,,
6.66995,3.44E-06,-0.001022208,,,,,,,,,,,,,,
6.67005,6.07E-06,-3.292707443,,,,,,,,,,,,,,
6.67015,4.08E-06,-9.994758606,,,,,,,,,,,,,,
6.67025,8.59E-07,-9.995048523,,,,,,,,,,,,,,
6.67035,3.20E-07,-9.995743752,,,,,,,,,,,,,,
6.67045,1.67E-07,-9.995768547,,,,,,,,,,,,,,
6.67055,1.08E-07,-9.995542526,,,,,,,,,,,,,,
6.67065,7.80E-08,-9.995568275,,,,,,,,,,,,,,
6.67075,6.02E-08,-9.995903969,,,,,,,,,,,,,,
6.67085,4.83E-08,-9.995900154,,,,,,,,,,,,,,
6.67095,3.97E-08,-9.996271133,,,,,,,,,,,,,,
6.67105,-3.67E-06,-6.714133739,,,,,,,,,,,,,,
6.67115,-2.50E-06,-0.002065751,,,,,,,,,,,,,,
6.67125,2.00E-06,-0.001657622,,,,,,,,,,,,,,
6.67135,2.92E-06,-0.00121628,,,,,,,,,,,,,,
6.67145,3.20E-06,-0.001048384,,,,,,,,,,,,,,
6.67155,3.32E-06,-0.000651233,,,,,,,,,,,,,,
6.67165,3.38E-06,-0.00074088,,,,,,,,,,,,,,
6.67175,3.42E-06,-0.000606972,,,,,,,,,,,,,,
6.67185,3.44E-06,-0.000824758,,,,,,,,,,,,,,
6.67195,3.45E-06,-0.000726174,,,,,,,,,,,,,,
6.67205,6.06E-06,-3.272737265,,,,,,,,,,,,,,
6.67215,4.09E-06,-9.994858742,,,,,,,,,,,,,,
6.67225,8.62E-07,-9.995006561,,,,,,,,,,,,,,
6.67235,3.21E-07,-9.995414734,,,,,,,,,,,,,,
6.67245,1.68E-07,-9.99544239,,,,,,,,,,,,,,
6.67255,1.09E-07,-9.995814323,,,,,,,,,,,,,,
6.67265,7.83E-08,-9.995932579,,,,,,,,,,,,,,
6.67275,6.04E-08,-9.996070862,,,,,,,,,,,,,,
6.67285,4.82E-08,-9.99592495,,,,,,,,,,,,,,
6.67295,3.97E-08,-9.995623589,,,,,,,,,,,,,,
6.67305,-3.65E-06,-6.733973503,,,,,,,,,,,,,,
6.67315,-2.52E-06,-0.001884556,,,,,,,,,,,,,,
6.67325,1.99E-06,-0.001578952,,,,,,,,,,,,,,
6.67335,2.92E-06,-0.001150768,,,,,,,,,,,,,,
6.67345,3.20E-06,-0.001119525,,,,,,,,,,,,,,
6.67355,3.32E-06,-0.000659466,,,,,,,,,,,,,,
6.67365,3.38E-06,-0.000567707,,,,,,,,,,,,,,
6.67375,3.42E-06,-0.000593813,,,,,,,,,,,,,,
6.67385,3.44E-06,-0.000548216,,,,,,,,,,,,,,
6.67395,3.45E-06,-0.000987869,,,,,,,,,,,,,,
6.67405,6.04E-06,-3.25282979,,,,,,,,,,,,,,
6.67415,4.11E-06,-9.994861603,,,,,,,,,,,,,,
6.67425,8.64E-07,-9.994940758,,,,,,,,,,,,,,
6.67435,3.21E-07,-9.995339394,,,,,,,,,,,,,,
6.67445,1.68E-07,-9.995290756,,,,,,,,,,,,,,
6.67455,1.08E-07,-9.995677948,,,,,,,,,,,,,,
6.67465,7.85E-08,-9.995594978,,,,,,,,,,,,,,
6.67475,6.03E-08,-9.99548912,,,,,,,,,,,,,,
6.67485,4.81E-08,-9.995542526,,,,,,,,,,,,,,
6.67495,3.98E-08,-9.995656013,,,,,,,,,,,,,,
6.67505,-3.63E-06,-6.75385046,,,,,,,,,,,,,,
6.67515,-2.54E-06,-0.001978777,,,,,,,,,,,,,,
6.67525,1.99E-06,-0.001743329,,,,,,,,,,,,,,
6.67535,2.92E-06,-0.00119327,,,,,,,,,,,,,,
6.67545,3.21E-06,-0.001155061,,,,,,,,,,,,,,
6.67555,3.33E-06,-0.001339633,,,,,,,,,,,,,,
6.67565,3.39E-06,-0.001133669,,,,,,,,,,,,,,
6.67575,3.42E-06,-0.000945508,,,,,,,,,,,,,,
6.67585,3.44E-06,-0.001156679,,,,,,,,,,,,,,
6.67595,3.45E-06,-0.001112489,,,,,,,,,,,,,,
6.67605,6.03E-06,-3.232872248,,,,,,,,,,,,,,
6.67615,4.13E-06,-9.994886398,,,,,,,,,,,,,,
6.67625,8.66E-07,-9.995436668,,,,,,,,,,,,,,
6.67635,3.22E-07,-9.995628357,,,,,,,,,,,,,,
6.67645,1.68E-07,-9.995498657,,,,,,,,,,,,,,
6.67655,1.09E-07,-9.995759964,,,,,,,,,,,,,,
6.67665,7.84E-08,-9.995738029,,,,,,,,,,,,,,
6.67675,6.02E-08,-9.995760918,,,,,,,,,,,,,,
6.67685,4.79E-08,-9.995792389,,,,,,,,,,,,,,
6.67695,3.97E-08,-9.996129036,,,,,,,,,,,,,,
6.67705,-3.61E-06,-6.773927689,,,,,,,,,,,,,,
6.67715,-2.56E-06,-0.001746707,,,,,,,,,,,,,,
6.67725,1.99E-06,-0.001545035,,,,,,,,,,,,,,
6.67735,2.92E-06,-0.001219024,,,,,,,,,,,,,,
6.67745,3.21E-06,-0.00117223,,,,,,,,,,,,,,
6.67755,3.33E-06,-0.000787745,,,,,,,,,,,,,,
6.67765,3.39E-06,-0.000608028,,,,,,,,,,,,,,
6.67775,3.42E-06,-0.000612038,,,,,,,,,,,,,,
6.67785,3.44E-06,-0.000687331,,,,,,,,,,,,,,
6.67795,3.45E-06,-0.000664532,,,,,,,,,,,,,,
6.67805,6.02E-06,-3.212714911,,,,,,,,,,,,,,
6.67815,4.15E-06,-9.994385719,,,,,,,,,,,,,,
6.67825,8.68E-07,-9.994961739,,,,,,,,,,,,,,
6.67835,3.22E-07,-9.99563694,,,,,,,,,,,,,,
6.67845,1.68E-07,-9.995585442,,,,,,,,,,,,,,
6.67855,1.09E-07,-9.995601654,,,,,,,,,,,,,,
6.67865,7.85E-08,-9.995729446,,,,,,,,,,,,,,
6.67875,6.01E-08,-9.99596405,,,,,,,,,,,,,,
6.67885,4.84E-08,-9.996041298,,,,,,,,,,,,,,
6.67895,3.96E-08,-9.995948792,,,,,,,,,,,,,,
6.67905,-3.59E-06,-6.7939744,,,,,,,,,,,,,,
6.67915,-2.58E-06,-0.001843672,,,,,,,,,,,,,,
6.67925,1.99E-06,-0.001720882,,,,,,,,,,,,,,
6.67935,2.92E-06,-0.00130255,,,,,,,,,,,,,,
6.67945,3.21E-06,-0.00111087,,,,,,,,,,,,,,
6.67955,3.33E-06,-0.001022349,,,,,,,,,,,,,,
6.67965,3.39E-06,-0.000998987,,,,,,,,,,,,,,
6.67975,3.42E-06,-0.00091145,,,,,,,,,,,,,,
6.67985,3.44E-06,-0.000809629,,,,,,,,,,,,,,
6.67995,3.45E-06,-0.000960918,,,,,,,,,,,,,,
6.68005,6.01E-06,-3.193075418,,,,,,,,,,,,,,
6.68015,4.16E-06,-9.994848251,,,,,,,,,,,,,,
6.68025,8.70E-07,-9.995090485,,,,,,,,,,,,,,
6.68035,3.23E-07,-9.995787621,,,,,,,,,,,,,,
6.68045,1.69E-07,-9.995582581,,,,,,,,,,,,,,
6.68055,1.09E-07,-9.995414734,,,,,,,,,,,,,,
6.68065,7.87E-08,-9.995521545,,,,,,,,,,,,,,
6.68075,6.03E-08,-9.995769501,,,,,,,,,,,,,,
6.68085,4.82E-08,-9.995912552,,,,,,,,,,,,,,
6.68095,3.97E-08,-9.995800018,,,,,,,,,,,,,,
6.68105,-3.57E-06,-6.81419754,,,,,,,,,,,,,,
6.68115,-2.60E-06,-0.001808559,,,,,,,,,,,,,,
6.68125,1.99E-06,-0.001539124,,,,,,,,,,,,,,
6.68135,2.93E-06,-0.001040363,,,,,,,,,,,,,,
6.68145,3.22E-06,-0.000788871,,,,,,,,,,,,,,
6.68155,3.33E-06,-0.000850442,,,,,,,,,,,,,,
6.68165,3.39E-06,-0.000993006,,,,,,,,,,,,,,
6.68175,3.43E-06,-0.001059784,,,,,,,,,,,,,,
6.68185,3.45E-06,-0.000691201,,,,,,,,,,,,,,
6.68195,3.46E-06,-0.000720685,,,,,,,,,,,,,,
6.68205,6.00E-06,-3.172548771,,,,,,,,,,,,,,
6.68215,4.18E-06,-9.994386673,,,,,,,,,,,,,,
6.68225,8.72E-07,-9.994819641,,,,,,,,,,,,,,
6.68235,3.23E-07,-9.99545002,,,,,,,,,,,,,,
6.68245,1.68E-07,-9.995555878,,,,,,,,,,,,,,
6.68255,1.09E-07,-9.995720863,,,,,,,,,,,,,,
6.68265,7.82E-08,-9.995576859,,,,,,,,,,,,,,
6.68275,6.01E-08,-9.995589256,,,,,,,,,,,,,,
6.68285,4.76E-08,-9.995680809,,,,,,,,,,,,,,
6.68295,3.95E-08,-9.995816231,,,,,,,,,,,,,,
6.68305,-3.55E-06,-6.833854198,,,,,,,,,,,,,,
6.68315,-2.62E-06,-0.001907566,,,,,,,,,,,,,,
6.68325,1.99E-06,-0.001491134,,,,,,,,,,,,,,
6.68335,2.93E-06,-0.001160549,,,,,,,,,,,,,,
6.68345,3.22E-06,-0.001082723,,,,,,,,,,,,,,
6.68355,3.34E-06,-0.000801607,,,,,,,,,,,,,,
6.68365,3.40E-06,-0.000692046,,,,,,,,,,,,,,
6.68375,3.43E-06,-0.000992794,,,,,,,,,,,,,,
6.68385,3.45E-06,-0.001043177,,,,,,,,,,,,,,
6.68395,3.46E-06,-0.00096127,,,,,,,,,,,,,,
6.68405,5.98E-06,-3.152534723,,,,,,,,,,,,,,
6.68415,4.20E-06,-9.994674683,,,,,,,,,,,,,,
6.68425,8.74E-07,-9.995157242,,,,,,,,,,,,,,
6.68435,3.23E-07,-9.995649338,,,,,,,,,,,,,,
6.68445,1.69E-07,-9.995851517,,,,,,,,,,,,,,
6.68455,1.09E-07,-9.996154785,,,,,,,,,,,,,,
6.68465,7.80E-08,-9.995977402,,,,,,,,,,,,,,
6.68475,6.00E-08,-9.996108055,,,,,,,,,,,,,,
6.68485,4.78E-08,-9.995804787,,,,,,,,,,,,,,
6.68495,3.95E-08,-9.995698929,,,,,,,,,,,,,,
6.68505,-3.53E-06,-6.85406208,,,,,,,,,,,,,,
6.68515,-2.64E-06,-0.00190834,,,,,,,,,,,,,,
6.68525,1.99E-06,-0.001796667,,,,,,,,,,,,,,
6.68535,2.93E-06,-0.001375661,,,,,,,,,,,,,,
6.68545,3.22E-06,-0.001300298,,,,,,,,,,,,,,
6.68555,3.34E-06,-0.001164983,,,,,,,,,,,,,,
6.68565,3.40E-06,-0.00104761,,,,,,,,,,,,,,
6.68575,3.43E-06,-0.001050144,,,,,,,,,,,,,,
6.68585,3.45E-06,-0.00089414,,,,,,,,,,,,,,
6.68595,3.46E-06,-0.001080613,,,,,,,,,,,,,,
6.68605,5.97E-06,-3.132953882,,,,,,,,,,,,,,
6.68615,4.22E-06,-9.995100021,,,,,,,,,,,,,,
6.68625,8.76E-07,-9.995111465,,,,,,,,,,,,,,
6.68635,3.24E-07,-9.995332718,,,,,,,,,,,,,,
6.68645,1.69E-07,-9.995516777,,,,,,,,,,,,,,
6.68655,1.09E-07,-9.995879173,,,,,,,,,,,,,,
6.68665,7.82E-08,-9.996184349,,,,,,,,,,,,,,
6.68675,6.01E-08,-9.996008873,,,,,,,,,,,,,,
6.68685,4.79E-08,-9.995929718,,,,,,,,,,,,,,
6.68695,3.90E-08,-9.995969772,,,,,,,,,,,,,,
6.68705,-3.51E-06,-6.874090672,,,,,,,,,,,,,,
6.68715,-2.66E-06,-0.002307321,,,,,,,,,,,,,,
6.68725,1.98E-06,-0.001902922,,,,,,,,,,,,,,
6.68735,2.93E-06,-0.001510977,,,,,,,,,,,,,,
6.68745,3.22E-06,-0.001542291,,,,,,,,,,,,,,
6.68755,3.34E-06,-0.001228383,,,,,,,,,,,,,,
6.68765,3.40E-06,-0.000916728,,,,,,,,,,,,,,
6.68775,3.43E-06,-0.001132825,,,,,,,,,,,,,,
6.68785,3.45E-06,-0.001146054,,,,,,,,,,,,,,
6.68795,3.46E-06,-0.001373058,,,,,,,,,,,,,,
6.68805,5.96E-06,-3.113211632,,,,,,,,,,,,,,
6.68815,4.24E-06,-9.99532032,,,,,,,,,,,,,,
6.68825,8.78E-07,-9.995457649,,,,,,,,,,,,,,
6.68835,3.24E-07,-9.996059418,,,,,,,,,,,,,,
6.68845,1.69E-07,-9.99597168,,,,,,,,,,,,,,
6.68855,1.09E-07,-9.996161461,,,,,,,,,,,,,,
6.68865,7.82E-08,-9.996255875,,,,,,,,,,,,,,
6.68875,6.01E-08,-9.996421814,,,,,,,,,,,,,,
6.68885,4.84E-08,-9.99640274,,,,,,,,,,,,,,
6.68895,3.94E-08,-9.996520042,,,,,,,,,,,,,,
6.68905,-3.49E-06,-6.894151688,,,,,,,,,,,,,,
6.68915,-2.68E-06,-0.002059277,,,,,,,,,,,,,,
6.68925,1.98E-06,-0.001803493,,,,,,,,,,,,,,
6.68935,2.93E-06,-0.001347796,,,,,,,,,,,,,,
6.68945,3.22E-06,-0.001228172,,,,,,,,,,,,,,
6.68955,3.34E-06,-0.001345896,,,,,,,,,,,,,,
6.68965,3.40E-06,-0.001242246,,,,,,,,,,,,,,
6.68975,3.43E-06,-0.001016227,,,,,,,,,,,,,,
6.68985,3.45E-06,-0.001006798,,,,,,,,,,,,,,
6.68995,3.47E-06,-0.00094009,,,,,,,,,,,,,,
6.69005,5.95E-06,-3.092990637,,,,,,,,,,,,,,
6.69015,4.25E-06,-9.995005608,,,,,,,,,,,,,,
6.69025,8.80E-07,-9.995120049,,,,,,,,,,,,,,
6.69035,3.25E-07,-9.995802879,,,,,,,,,,,,,,
6.69045,1.69E-07,-9.995641708,,,,,,,,,,,,,,
6.69055,1.09E-07,-9.995800018,,,,,,,,,,,,,,
6.69065,7.81E-08,-9.99562645,,,,,,,,,,,,,,
6.69075,5.97E-08,-9.996002197,,,,,,,,,,,,,,
6.69085,4.72E-08,-9.995713234,,,,,,,,,,,,,,
6.69095,3.90E-08,-9.995482445,,,,,,,,,,,,,,
6.69105,-3.47E-06,-6.913685322,,,,,,,,,,,,,,
6.69115,-2.70E-06,-0.002275937,,,,,,,,,,,,,,
6.69125,1.98E-06,-0.001873016,,,,,,,,,,,,,,
6.69135,2.93E-06,-0.001615965,,,,,,,,,,,,,,
6.69145,3.22E-06,-0.001525473,,,,,,,,,,,,,,
6.69155,3.34E-06,-0.001226835,,,,,,,,,,,,,,
6.69165,3.40E-06,-0.001388257,,,,,,,,,,,,,,
6.69175,3.44E-06,-0.001399938,,,,,,,,,,,,,,
6.69185,3.46E-06,-0.001299595,,,,,,,,,,,,,,
6.69195,3.47E-06,-0.001138243,,,,,,,,,,,,,,
6.69205,5.93E-06,-3.072974682,,,,,,,,,,,,,,
6.69215,4.27E-06,-9.994610786,,,,,,,,,,,,,,
6.69225,8.82E-07,-9.994872093,,,,,,,,,,,,,,
6.69235,3.25E-07,-9.995414734,,,,,,,,,,,,,,
6.69245,1.69E-07,-9.995538712,,,,,,,,,,,,,,
6.69255,1.09E-07,-9.995757103,,,,,,,,,,,,,,
6.69265,7.83E-08,-9.995722771,,,,,,,,,,,,,,
6.69275,6.05E-08,-9.995974541,,,,,,,,,,,,,,
6.69285,4.81E-08,-9.995923996,,,,,,,,,,,,,,
6.69295,3.93E-08,-9.995862007,,,,,,,,,,,,,,
6.69305,-3.44E-06,-6.934072495,,,,,,,,,,,,,,
6.69315,-2.72E-06,-0.002318579,,,,,,,,,,,,,,
6.69325,1.98E-06,-0.00185465,,,,,,,,,,,,,,
6.69335,2.93E-06,-0.001346107,,,,,,,,,,,,,,
6.69345,3.23E-06,-0.001301706,,,,,,,,,,,,,,
6.69355,3.35E-06,-0.001304309,,,,,,,,,,,,,,
6.69365,3.41E-06,-0.001140213,,,,,,,,,,,,,,
6.69375,3.44E-06,-0.001096797,,,,,,,,,,,,,,
6.69385,3.46E-06,-0.000962114,,,,,,,,,,,,,,
6.69395,3.47E-06,-0.001389946,,,,,,,,,,,,,,
6.69405,5.92E-06,-3.052779198,,,,,,,,,,,,,,
6.69415,4.29E-06,-9.994167328,,,,,,,,,,,,,,
6.69425,8.85E-07,-9.994558334,,,,,,,,,,,,,,
6.69435,3.26E-07,-9.995147705,,,,,,,,,,,,,,
6.69445,1.70E-07,-9.995163918,,,,,,,,,,,,,,
6.69455,1.09E-07,-9.995191574,,,,,,,,,,,,,,
6.69465,7.83E-08,-9.995167732,,,,,,,,,,,,,,
6.69475,5.99E-08,-9.995467186,,,,,,,,,,,,,,
6.69485,4.82E-08,-9.99535656,,,,,,,,,,,,,,
6.69495,3.94E-08,-9.995473862,,,,,,,,,,,,,,
6.69505,-3.42E-06,-6.953585625,,,,,,,,,,,,,,
6.69515,-2.75E-06,-0.002051678,,,,,,,,,,,,,,
6.69525,1.98E-06,-0.001627153,,,,,,,,,,,,,,
6.69535,2.93E-06,-0.001092082,,,,,,,,,,,,,,
6.69545,3.23E-06,-0.000920879,,,,,,,,,,,,,,
6.69555,3.35E-06,-0.000872819,,,,,,,,,,,,,,
6.69565,3.41E-06,-0.000619286,,,,,,,,,,,,,,
6.69575,3.44E-06,-0.000687402,,,,,,,,,,,,,,
6.69585,3.46E-06,-0.000791615,,,,,,,,,,,,,,
6.69595,3.47E-06,-0.000589803,,,,,,,,,,,,,,
6.69605,5.91E-06,-3.032543182,,,,,,,,,,,,,,
6.69615,4.31E-06,-9.994287491,,,,,,,,,,,,,,
6.69625,8.87E-07,-9.994782448,,,,,,,,,,,,,,
6.69635,3.26E-07,-9.995614052,,,,,,,,,,,,,,
6.69645,1.70E-07,-9.995435715,,,,,,,,,,,,,,
6.69655,1.09E-07,-9.995684624,,,,,,,,,,,,,,
6.69665,7.86E-08,-9.995672226,,,,,,,,,,,,,,
6.69675,6.01E-08,-9.995896339,,,,,,,,,,,,,,
6.69685,4.80E-08,-9.995946884,,,,,,,,,,,,,,
6.69695,3.94E-08,-9.996134758,,,,,,,,,,,,,,
6.69705,-3.40E-06,-6.973959923,,,,,,,,,,,,,,
6.69715,-2.77E-06,-0.002250464,,,,,,,,,,,,,,
6.69725,1.98E-06,-0.001496622,,,,,,,,,,,,,,
6.69735,2.93E-06,-0.001336397,,,,,,,,,,,,,,
6.69745,3.23E-06,-0.001188204,,,,,,,,,,,,,,
6.69755,3.35E-06,-0.000878589,,,,,,,,,,,,,,
6.69765,3.41E-06,-0.00098041,,,,,,,,,,,,,,
6.69775,3.45E-06,-0.000881615,,,,,,,,,,,,,,
6.69785,3.47E-06,-0.000793515,,,,,,,,,,,,,,
6.69795,3.48E-06,-0.000803085,,,,,,,,,,,,,,
6.69805,5.89E-06,-3.01277709,,,,,,,,,,,,,,
6.69815,4.33E-06,-9.994351387,,,,,,,,,,,,,,
6.69825,8.89E-07,-9.994897842,,,,,,,,,,,,,,
6.69835,3.27E-07,-9.995497704,,,,,,,,,,,,,,
6.69845,1.70E-07,-9.995521545,,,,,,,,,,,,,,
6.69855,1.10E-07,-9.99576664,,,,,,,,,,,,,,
6.69865,7.94E-08,-9.995746613,,,,,,,,,,,,,,
6.69875,6.06E-08,-9.995531082,,,,,,,,,,,,,,
6.69885,4.80E-08,-9.995557785,,,,,,,,,,,,,,
6.69895,3.97E-08,-9.995774269,,,,,,,,,,,,,,
6.69905,-3.38E-06,-6.993742943,,,,,,,,,,,,,,
6.69915,-2.79E-06,-0.002735926,,,,,,,,,,,,,,
6.69925,1.98E-06,-0.002342364,,,,,,,,,,,,,,
6.69935,2.94E-06,-0.001804126,,,,,,,,,,,,,,
6.69945,3.23E-06,-0.001729537,,,,,,,,,,,,,,
6.69955,3.36E-06,-0.001566004,,,,,,,,,,,,,,
6.69965,3.42E-06,-0.001442158,,,,,,,,,,,,,,
6.69975,3.45E-06,-0.001369047,,,,,,,,,,,,,,
6.69985,3.47E-06,-0.001181871,,,,,,,,,,,,,,
6.69995,3.48E-06,-0.001113755,,,,,,,,,,,,,,
6.70005,5.88E-06,-2.993034124,,,,,,,,,,,,,,
6.70015,4.35E-06,-9.994440079,,,,,,,,,,,,,,
6.70025,8.91E-07,-9.994886398,,,,,,,,,,,,,,
6.70035,3.27E-07,-9.995317459,,,,,,,,,,,,,,
6.70045,1.70E-07,-9.995341301,,,,,,,,,,,,,,
6.70055,1.09E-07,-9.995389938,,,,,,,,,,,,,,
6.70065,7.84E-08,-9.995484352,,,,,,,,,,,,,,
6.70075,6.02E-08,-9.995861053,,,,,,,,,,,,,,
6.70085,4.80E-08,-9.995918274,,,,,,,,,,,,,,
6.70095,3.96E-08,-9.995654106,,,,,,,,,,,,,,
6.70105,-3.36E-06,-7.013740063,,,,,,,,,,,,,,
6.70115,-2.81E-06,-0.002223795,,,,,,,,,,,,,,
6.70125,1.97E-06,-0.001642282,,,,,,,,,,,,,,
6.70135,2.94E-06,-0.001412886,,,,,,,,,,,,,,
6.70145,3.23E-06,-0.001053943,,,,,,,,,,,,,,
6.70155,3.36E-06,-0.000917783,,,,,,,,,,,,,,
6.70165,3.42E-06,-0.001324153,,,,,,,,,,,,,,
6.70175,3.45E-06,-0.001192355,,,,,,,,,,,,,,
6.70185,3.47E-06,-0.000982732,,,,,,,,,,,,,,
6.70195,3.48E-06,-0.001055562,,,,,,,,,,,,,,
6.70205,5.87E-06,-2.97317338,,,,,,,,,,,,,,
6.70215,4.36E-06,-9.994833946,,,,,,,,,,,,,,
6.70225,8.94E-07,-9.99481678,,,,,,,,,,,,,,
6.70235,3.28E-07,-9.995446205,,,,,,,,,,,,,,
6.70245,1.70E-07,-9.995532036,,,,,,,,,,,,,,
6.70255,1.09E-07,-9.995565414,,,,,,,,,,,,,,
6.70265,7.85E-08,-9.995576859,,,,,,,,,,,,,,
6.70275,6.02E-08,-9.995491028,,,,,,,,,,,,,,
6.70285,4.79E-08,-9.995532036,,,,,,,,,,,,,,
6.70295,3.95E-08,-9.995346069,,,,,,,,,,,,,,
6.70305,-3.34E-06,-7.03335762,,,,,,,,,,,,,,
6.70315,-2.83E-06,-0.001954219,,,,,,,,,,,,,,
6.70325,1.97E-06,-0.001664096,,,,,,,,,,,,,,
6.70335,2.94E-06,-0.00095177,,,,,,,,,,,,,,
6.70345,3.24E-06,-0.000860856,,,,,,,,,,,,,,
6.70355,3.36E-06,-0.000904765,,,,,,,,,,,,,,
6.70365,3.42E-06,-0.001056054,,,,,,,,,,,,,,
6.70375,3.45E-06,-0.000760583,,,,,,,,,,,,,,
6.70385,3.47E-06,-0.000736447,,,,,,,,,,,,,,
6.70395,3.48E-06,-0.000903851,,,,,,,,,,,,,,
6.70405,5.85E-06,-2.952994108,,,,,,,,,,,,,,
6.70415,4.38E-06,-9.99458313,,,,,,,,,,,,,,
6.70425,8.95E-07,-9.995018005,,,,,,,,,,,,,,
6.70435,3.28E-07,-9.995534897,,,,,,,,,,,,,,
6.70445,1.70E-07,-9.995611191,,,,,,,,,,,,,,
6.70455,1.09E-07,-9.995368958,,,,,,,,,,,,,,
6.70465,7.90E-08,-9.995316505,,,,,,,,,,,,,,
6.70475,6.05E-08,-9.995929718,,,,,,,,,,,,,,
6.70485,4.81E-08,-9.995929718,,,,,,,,,,,,,,
6.70495,3.99E-08,-9.996190071,,,,,,,,,,,,,,
6.70505,-3.32E-06,-7.053827763,,,,,,,,,,,,,,
6.70515,-2.86E-06,-0.002375507,,,,,,,,,,,,,,
6.70525,1.97E-06,-0.001889411,,,,,,,,,,,,,,
6.70535,2.94E-06,-0.001609913,,,,,,,,,,,,,,
6.70545,3.24E-06,-0.001391213,,,,,,,,,,,,,,
6.70555,3.36E-06,-0.00078866,,,,,,,,,,,,,,
6.70565,3.42E-06,-0.001150768,,,,,,,,,,,,,,
6.70575,3.45E-06,-0.001001731,,,,,,,,,,,,,,
6.70585,3.47E-06,-0.000720826,,,,,,,,,,,,,,
6.70595,3.49E-06,-0.000699294,,,,,,,,,,,,,,
6.70605,5.84E-06,-2.93267417,,,,,,,,,,,,,,
6.70615,4.40E-06,-9.99411869,,,,,,,,,,,,,,
6.70625,8.97E-07,-9.994559288,,,,,,,,,,,,,,
6.70635,3.29E-07,-9.995193481,,,,,,,,,,,,,,
6.70645,1.70E-07,-9.994972229,,,,,,,,,,,,,,
6.70655,1.09E-07,-9.995148659,,,,,,,,,,,,,,
6.70665,7.83E-08,-9.995304108,,,,,,,,,,,,,,
6.70675,6.01E-08,-9.995233536,,,,,,,,,,,,,,
6.70685,4.81E-08,-9.995363235,,,,,,,,,,,,,,
6.70695,3.94E-08,-9.995231628,,,,,,,,,,,,,,
6.70705,-3.29E-06,-7.073437691,,,,,,,,,,,,,,
6.70715,-2.88E-06,-0.001856831,,,,,,,,,,,,,,
6.70725,1.97E-06,-0.001627153,,,,,,,,,,,,,,
6.70735,2.94E-06,-0.001102004,,,,,,,,,,,,,,
6.70745,3.24E-06,-0.001026782,,,,,,,,,,,,,,
6.70755,3.36E-06,-0.000979776,,,,,,,,,,,,,,
6.70765,3.42E-06,-0.000806111,,,,,,,,,,,,,,
6.70775,3.46E-06,-0.000920668,,,,,,,,,,,,,,
6.70785,3.48E-06,-0.000774868,,,,,,,,,,,,,,
6.70795,3.49E-06,-0.000914898,,,,,,,,,,,,,,
6.70805,5.83E-06,-2.912989616,,,,,,,,,,,,,,
6.70815,4.42E-06,-9.994239807,,,,,,,,,,,,,,
6.70825,8.99E-07,-9.994491577,,,,,,,,,,,,,,
6.70835,3.29E-07,-9.995036125,,,,,,,,,,,,,,
6.70845,1.71E-07,-9.995187759,,,,,,,,,,,,,,
6.70855,1.09E-07,-9.994927406,,,,,,,,,,,,,,
6.70865,7.85E-08,-9.995014191,,,,,,,,,,,,,,
6.70875,6.05E-08,-9.995500565,,,,,,,,,,,,,,
6.70885,4.82E-08,-9.995396614,,,,,,,,,,,,,,
6.70895,3.96E-08,-9.995634079,,,,,,,,,,,,,,
6.70905,-3.27E-06,-7.093625069,,,,,,,,,,,,,,
6.70915,-2.90E-06,-0.001991021,,,,,,,,,,,,,,
6.70925,1.97E-06,-0.001838888,,,,,,,,,,,,,,
6.70935,2.94E-06,-0.001478468,,,,,,,,,,,,,,
6.70945,3.24E-06,-0.001309798,,,,,,,,,,,,,,
6.70955,3.36E-06,-0.000898925,,,,,,,,,,,,,,
6.70965,3.43E-06,-0.000813147,,,,,,,,,,,,,,
6.70975,3.46E-06,-0.000886048,,,,,,,,,,,,,,
6.70985,3.48E-06,-0.000756854,,,,,,,,,,,,,,
6.70995,3.49E-06,-0.000820325,,,,,,,,,,,,,,
6.71005,5.81E-06,-2.893104553,,,,,,,,,,,,,,
6.71015,4.44E-06,-9.994407654,,,,,,,,,,,,,,
6.71025,9.02E-07,-9.994553566,,,,,,,,,,,,,,
6.71035,3.30E-07,-9.995461464,,,,,,,,,,,,,,
6.71045,1.71E-07,-9.99536705,,,,,,,,,,,,,,
6.71055,1.09E-07,-9.995598793,,,,,,,,,,,,,,
6.71065,7.86E-08,-9.995613098,,,,,,,,,,,,,,
6.71075,6.02E-08,-9.995635033,,,,,,,,,,,,,,
6.71085,4.78E-08,-9.995658875,,,,,,,,,,,,,,
6.71095,3.89E-08,-9.995596886,,,,,,,,,,,,,,
6.71105,-3.25E-06,-7.113373756,,,,,,,,,,,,,,
6.71115,-2.92E-06,-0.001736081,,,,,,,,,,,,,,
6.71125,1.96E-06,-0.00150767,,,,,,,,,,,,,,
6.71135,2.94E-06,-0.001258993,,,,,,,,,,,,,,
6.71145,3.24E-06,-0.001216562,,,,,,,,,,,,,,
6.71155,3.36E-06,-0.001026219,,,,,,,,,,,,,,
6.71165,3.43E-06,-0.000815258,,,,,,,,,,,,,,
6.71175,3.46E-06,-0.00096697,,,,,,,,,,,,,,
6.71185,3.48E-06,-0.000805407,,,,,,,,,,,,,,
6.71195,3.49E-06,-0.000800622,,,,,,,,,,,,,,
6.71205,5.80E-06,-2.872872829,,,,,,,,,,,,,,
6.71215,4.46E-06,-9.994438171,,,,,,,,,,,,,,
6.71225,9.04E-07,-9.994467735,,,,,,,,,,,,,,
6.71235,3.31E-07,-9.995034218,,,,,,,,,,,,,,
6.71245,1.71E-07,-9.995270729,,,,,,,,,,,,,,
6.71255,1.10E-07,-9.995077133,,,,,,,,,,,,,,
6.71265,7.87E-08,-9.995009422,,,,,,,,,,,,,,
6.71275,6.04E-08,-9.995322227,,,,,,,,,,,,,,
6.71285,4.84E-08,-9.995594978,,,,,,,,,,,,,,
6.71295,3.96E-08,-9.995441437,,,,,,,,,,,,,,
6.71305,-3.23E-06,-7.133536816,,,,,,,,,,,,,,
6.71315,-2.94E-06,-0.002494849,,,,,,,,,,,,,,
6.71325,1.96E-06,-0.002242794,,,,,,,,,,,,,,
6.71335,2.94E-06,-0.001810248,,,,,,,,,,,,,,
6.71345,3.24E-06,-0.001439766,,,,,,,,,,,,,,
6.71355,3.37E-06,-0.001222543,,,,,,,,,,,,,,
6.71365,3.43E-06,-0.001217265,,,,,,,,,,,,,,
6.71375,3.46E-06,-0.001194748,,,,,,,,,,,,,,
6.71385,3.49E-06,-0.001219095,,,,,,,,,,,,,,
6.71395,3.49E-06,-0.000925312,,,,,,,,,,,,,,
6.71405,5.78E-06,-2.852823973,,,,,,,,,,,,,,
6.71415,4.48E-06,-9.994049072,,,,,,,,,,,,,,
6.71425,9.06E-07,-9.994485855,,,,,,,,,,,,,,
6.71435,3.31E-07,-9.995074272,,,,,,,,,,,,,,
6.71445,1.72E-07,-9.995234489,,,,,,,,,,,,,,
6.71455,1.10E-07,-9.995546341,,,,,,,,,,,,,,
6.71465,7.90E-08,-9.995384216,,,,,,,,,,,,,,
6.71475,6.06E-08,-9.995424271,,,,,,,,,,,,,,
6.71485,4.83E-08,-9.995492935,,,,,,,,,,,,,,
6.71495,3.96E-08,-9.995329857,,,,,,,,,,,,,,
6.71505,-3.21E-06,-7.153407574,,,,,,,,,,,,,,
6.71515,-2.97E-06,-0.002241809,,,,,,,,,,,,,,
6.71525,1.96E-06,-0.00176451,,,,,,,,,,,,,,
6.71535,2.95E-06,-0.001325842,,,,,,,,,,,,,,
6.71545,3.25E-06,-0.001202136,,,,,,,,,,,,,,
6.71555,3.37E-06,-0.001040644,,,,,,,,,,,,,,
6.71565,3.43E-06,-0.001142747,,,,,,,,,,,,,,
6.71575,3.47E-06,-0.000808503,,,,,,,,,,,,,,
6.71585,3.48E-06,-0.000719559,,,,,,,,,,,,,,
6.71595,3.50E-06,-0.000804985,,,,,,,,,,,,,,
6.71605,5.77E-06,-2.832691908,,,,,,,,,,,,,,
6.71615,4.50E-06,-9.994055748,,,,,,,,,,,,,,
6.71625,9.09E-07,-9.994264603,,,,,,,,,,,,,,
6.71635,3.32E-07,-9.994984627,,,,,,,,,,,,,,
6.71645,1.72E-07,-9.995176315,,,,,,,,,,,,,,
6.71655,1.10E-07,-9.995223045,,,,,,,,,,,,,,
6.71665,7.89E-08,-9.995177269,,,,,,,,,,,,,,
6.71675,6.06E-08,-9.995285034,,,,,,,,,,,,,,
6.71685,4.85E-08,-9.995105743,,,,,,,,,,,,,,
6.71695,3.97E-08,-9.995253563,,,,,,,,,,,,,,
6.71705,-3.18E-06,-7.173579693,,,,,,,,,,,,,,
6.71715,-2.99E-06,-0.002407805,,,,,,,,,,,,,,
6.71725,1.96E-06,-0.001988136,,,,,,,,,,,,,,
6.71735,2.94E-06,-0.001348641,,,,,,,,,,,,,,
6.71745,3.25E-06,-0.001416334,,,,,,,,,,,,,,
6.71755,3.37E-06,-0.001287914,,,,,,,,,,,,,,
6.71765,3.43E-06,-0.001364825,,,,,,,,,,,,,,
6.71775,3.47E-06,-0.001253926,,,,,,,,,,,,,,
6.71785,3.49E-06,-0.001253504,,,,,,,,,,,,,,
6.71795,3.50E-06,-0.001211214,,,,,,,,,,,,,,
6.71805,5.76E-06,-2.81318903,,,,,,,,,,,,,,
6.71815,4.52E-06,-9.99459362,,,,,,,,,,,,,,
6.71825,9.11E-07,-9.994622231,,,,,,,,,,,,,,
6.71835,3.33E-07,-9.995037079,,,,,,,,,,,,,,
6.71845,1.72E-07,-9.995280266,,,,,,,,,,,,,,
6.71855,1.10E-07,-9.995303154,,,,,,,,,,,,,,
6.71865,7.86E-08,-9.99514389,,,,,,,,,,,,,,
6.71875,6.03E-08,-9.995189667,,,,,,,,,,,,,,
6.71885,4.81E-08,-9.995233536,,,,,,,,,,,,,,
6.71895,3.94E-08,-9.995191574,,,,,,,,,,,,,,
6.71905,-3.16E-06,-7.193171501,,,,,,,,,,,,,,
6.71915,-3.01E-06,-0.002170387,,,,,,,,,,,,,,
6.71925,1.96E-06,-0.001650585,,,,,,,,,,,,,,
6.71935,2.95E-06,-0.001153653,,,,,,,,,,,,,,
6.71945,3.25E-06,-0.001263426,,,,,,,,,,,,,,
6.71955,3.37E-06,-0.000998916,,,,,,,,,,,,,,
6.71965,3.44E-06,-0.000788589,,,,,,,,,,,,,,
6.71975,3.47E-06,-0.0008059,,,,,,,,,,,,,,
6.71985,3.49E-06,-0.000834328,,,,,,,,,,,,,,
6.71995,3.50E-06,-0.000637441,,,,,,,,,,,,,,
6.72005,5.74E-06,-2.792649508,,,,,,,,,,,,,,
6.72015,4.54E-06,-9.993913651,,,,,,,,,,,,,,
6.72025,9.13E-07,-9.9942379,,,,,,,,,,,,,,
6.72035,3.32E-07,-9.995288849,,,,,,,,,,,,,,
6.72045,1.72E-07,-9.995018005,,,,,,,,,,,,,,
6.72055,1.10E-07,-9.99535656,,,,,,,,,,,,,,
6.72065,7.92E-08,-9.995276451,,,,,,,,,,,,,,
6.72075,6.06E-08,-9.99498558,,,,,,,,,,,,,,
6.72085,4.81E-08,-9.995185852,,,,,,,,,,,,,,
6.72095,3.92E-08,-9.995009422,,,,,,,,,,,,,,
6.72105,-3.14E-06,-7.213033676,,,,,,,,,,,,,,
6.72115,-3.03E-06,-0.001917417,,,,,,,,,,,,,,
6.72125,1.96E-06,-0.001912421,,,,,,,,,,,,,,
6.72135,2.95E-06,-0.001565723,,,,,,,,,,,,,,
6.72145,3.25E-06,-0.001314794,,,,,,,,,,,,,,
6.72155,3.38E-06,-0.000979495,,,,,,,,,,,,,,
6.72165,3.44E-06,-0.000950011,,,,,,,,,,,,,,
6.72175,3.47E-06,-0.001170612,,,,,,,,,,,,,,
6.72185,3.49E-06,-0.000881755,,,,,,,,,,,,,,
6.72195,3.50E-06,-0.000969925,,,,,,,,,,,,,,
6.72205,5.73E-06,-2.773131371,,,,,,,,,,,,,,
6.72215,4.56E-06,-9.99450016,,,,,,,,,,,,,,
6.72225,9.15E-07,-9.994638443,,,,,,,,,,,,,,
6.72235,3.33E-07,-9.995049477,,,,,,,,,,,,,,
6.72245,1.72E-07,-9.995325089,,,,,,,,,,,,,,
6.72255,1.10E-07,-9.995459557,,,,,,,,,,,,,,
6.72265,7.91E-08,-9.99598217,,,,,,,,,,,,,,
6.72275,6.06E-08,-9.995621681,,,,,,,,,,,,,,
6.72285,4.86E-08,-9.995526314,,,,,,,,,,,,,,
6.72295,3.96E-08,-9.99561882,,,,,,,,,,,,,,
6.72305,-3.11E-06,-7.233561516,,,,,,,,,,,,,,
6.72315,-3.06E-06,-0.002243639,,,,,,,,,,,,,,
6.72325,1.95E-06,-0.001947675,,,,,,,,,,,,,,
6.72335,2.95E-06,-0.001390016,,,,,,,,,,,,,,
6.72345,3.25E-06,-0.001419782,,,,,,,,,,,,,,
6.72355,3.38E-06,-0.001471853,,,,,,,,,,,,,,
6.72365,3.44E-06,-0.001449125,,,,,,,,,,,,,,
6.72375,3.48E-06,-0.001306069,,,,,,,,,,,,,,
6.72385,3.50E-06,-0.00138495,,,,,,,,,,,,,,
6.72395,3.51E-06,-0.001315779,,,,,,,,,,,,,,
6.72405,5.71E-06,-2.753519773,,,,,,,,,,,,,,
6.72415,4.58E-06,-9.994565964,,,,,,,,,,,,,,
6.72425,9.18E-07,-9.995071411,,,,,,,,,,,,,,
6.72435,3.34E-07,-9.995497704,,,,,,,,,,,,,,
6.72445,1.72E-07,-9.99555397,,,,,,,,,,,,,,
6.72455,1.10E-07,-9.995640755,,,,,,,,,,,,,,
6.72465,7.90E-08,-9.995625496,,,,,,,,,,,,,,
6.72475,6.04E-08,-9.996004105,,,,,,,,,,,,,,
6.72485,4.86E-08,-9.996161461,,,,,,,,,,,,,,
6.72495,3.97E-08,-9.995828629,,,,,,,,,,,,,,
6.72505,-3.09E-06,-7.253528118,,,,,,,,,,,,,,
6.72515,-3.08E-06,-0.002372481,,,,,,,,,,,,,,
6.72525,1.95E-06,-0.001838606,,,,,,,,,,,,,,
6.72535,2.95E-06,-0.001568186,,,,,,,,,,,,,,
6.72545,3.26E-06,-0.001563612,,,,,,,,,,,,,,
6.72555,3.38E-06,-0.001244005,,,,,,,,,,,,,,
6.72565,3.44E-06,-0.001037759,,,,,,,,,,,,,,
6.72575,3.48E-06,-0.001086946,,,,,,,,,,,,,,
6.72585,3.50E-06,-0.001270604,,,,,,,,,,,,,,
6.72595,3.51E-06,-0.001127407,,,,,,,,,,,,,,
6.72605,5.70E-06,-2.733491421,,,,,,,,,,,,,,
6.72615,4.60E-06,-9.994912148,,,,,,,,,,,,,,
6.72625,9.20E-07,-9.995231628,,,,,,,,,,,,,,
6.72635,3.34E-07,-9.995752335,,,,,,,,,,,,,,
6.72645,1.72E-07,-9.995642662,,,,,,,,,,,,,,
6.72655,1.10E-07,-9.996046066,,,,,,,,,,,,,,
6.72665,7.93E-08,-9.995976448,,,,,,,,,,,,,,
6.72675,6.07E-08,-9.996219635,,,,,,,,,,,,,,
6.72685,4.85E-08,-9.996212006,,,,,,,,,,,,,,
6.72695,3.96E-08,-9.99624157,,,,,,,,,,,,,,
6.72705,-3.07E-06,-7.27412796,,,,,,,,,,,,,,
6.72715,-3.10E-06,-0.002729242,,,,,,,,,,,,,,
6.72725,1.95E-06,-0.002204444,,,,,,,,,,,,,,
6.72735,2.95E-06,-0.001749662,,,,,,,,,,,,,,
6.72745,3.26E-06,-0.001714408,,,,,,,,,,,,,,
6.72755,3.38E-06,-0.001414223,,,,,,,,,,,,,,
6.72765,3.44E-06,-0.001357788,,,,,,,,,,,,,,
6.72775,3.48E-06,-0.001209454,,,,,,,,,,,,,,
6.72785,3.50E-06,-0.000973795,,,,,,,,,,,,,,
6.72795,3.51E-06,-0.001241894,,,,,,,,,,,,,,
6.72805,5.68E-06,-2.713324547,,,,,,,,,,,,,,
6.72815,4.62E-06,-9.994459152,,,,,,,,,,,,,,
6.72825,9.22E-07,-9.994670868,,,,,,,,,,,,,,
6.72835,3.35E-07,-9.995206833,,,,,,,,,,,,,,
6.72845,1.72E-07,-9.99541378,,,,,,,,,,,,,,
6.72855,1.11E-07,-9.995720863,,,,,,,,,,,,,,
6.72865,7.90E-08,-9.995687485,,,,,,,,,,,,,,
6.72875,6.05E-08,-9.995801926,,,,,,,,,,,,,,
6.72885,4.86E-08,-9.995884895,,,,,,,,,,,,,,
6.72895,4.01E-08,-9.996051788,,,,,,,,,,,,,,
6.72905,-3.05E-06,-7.293642521,,,,,,,,,,,,,,
6.72915,-3.13E-06,-0.002570775,,,,,,,,,,,,,,
6.72925,1.95E-06,-0.002131263,,,,,,,,,,,,,,
6.72935,2.95E-06,-0.001626309,,,,,,,,,,,,,,
6.72945,3.26E-06,-0.001387765,,,,,,,,,,,,,,
6.72955,3.38E-06,-0.001291221,,,,,,,,,,,,,,
6.72965,3.45E-06,-0.001528076,,,,,,,,,,,,,,
6.72975,3.48E-06,-0.001354129,,,,,,,,,,,,,,
6.72985,3.50E-06,-0.001499156,,,,,,,,,,,,,,
6.72995,3.51E-06,-0.001403175,,,,,,,,,,,,,,
6.73005,5.67E-06,-2.69327426,,,,,,,,,,,,,,
6.73015,4.64E-06,-9.994325638,,,,,,,,,,,,,,
6.73025,9.24E-07,-9.994568825,,,,,,,,,,,,,,
6.73035,3.35E-07,-9.995376587,,,,,,,,,,,,,,
6.73045,1.73E-07,-9.995732307,,,,,,,,,,,,,,
6.73055,1.11E-07,-9.995847702,,,,,,,,,,,,,,
6.73065,7.99E-08,-9.996123314,,,,,,,,,,,,,,
6.73075,6.08E-08,-9.995733261,,,,,,,,,,,,,,
6.73085,4.85E-08,-9.995952606,,,,,,,,,,,,,,
6.73095,4.01E-08,-9.996053696,,,,,,,,,,,,,,
6.73105,-3.02E-06,-7.313930511,,,,,,,,,,,,,,
6.73115,-3.15E-06,-0.002613206,,,,,,,,,,,,,,
6.73125,1.95E-06,-0.00211733,,,,,,,,,,,,,,
6.73135,2.95E-06,-0.00168598,,,,,,,,,,,,,,
6.73145,3.26E-06,-0.001566215,,,,,,,,,,,,,,
6.73155,3.39E-06,-0.001486701,,,,,,,,,,,,,,
6.73165,3.45E-06,-0.001518014,,,,,,,,,,,,,,
6.73175,3.48E-06,-0.001191652,,,,,,,,,,,,,,
6.73185,3.50E-06,-0.00109553,,,,,,,,,,,,,,
6.73195,3.51E-06,-0.00126603,,,,,,,,,,,,,,
6.73205,5.65E-06,-2.673373938,,,,,,,,,,,,,,
6.73215,4.66E-06,-9.994836807,,,,,,,,,,,,,,
6.73225,9.27E-07,-9.995181084,,,,,,,,,,,,,,
6.73235,3.36E-07,-9.995624542,,,,,,,,,,,,,,
6.73245,1.73E-07,-9.995604515,,,,,,,,,,,,,,
6.73255,1.11E-07,-9.996060371,,,,,,,,,,,,,,
6.73265,7.92E-08,-9.996031761,,,,,,,,,,,,,,
6.73275,6.06E-08,-9.996324539,,,,,,,,,,,,,,
6.73285,4.85E-08,-9.996494293,,,,,,,,,,,,,,
6.73295,3.97E-08,-9.996564865,,,,,,,,,,,,,,
6.73305,-3.00E-06,-7.334136009,,,,,,,,,,,,,,
6.73315,-3.17E-06,-0.002590337,,,,,,,,,,,,,,
6.73325,1.95E-06,-0.002104242,,,,,,,,,,,,,,
6.73335,2.96E-06,-0.001576982,,,,,,,,,,,,,,
6.73345,3.26E-06,-0.001488178,,,,,,,,,,,,,,
6.73355,3.39E-06,-0.001354622,,,,,,,,,,,,,,
6.73365,3.45E-06,-0.001206147,,,,,,,,,,,,,,
6.73375,3.49E-06,-0.001216139,,,,,,,,,,,,,,
6.73385,3.50E-06,-0.001367006,,,,,,,,,,,,,,
6.73395,3.52E-06,-0.001207484,,,,,,,,,,,,,,
6.73405,5.64E-06,-2.653400421,,,,,,,,,,,,,,
6.73415,4.68E-06,-9.99473381,,,,,,,,,,,,,,
6.73425,9.29E-07,-9.995253563,,,,,,,,,,,,,,
6.73435,3.37E-07,-9.995577812,,,,,,,,,,,,,,
6.73445,1.73E-07,-9.995765686,,,,,,,,,,,,,,
6.73455,1.11E-07,-9.995824814,,,,,,,,,,,,,,
6.73465,7.94E-08,-9.996003151,,,,,,,,,,,,,,
6.73475,6.06E-08,-9.99593544,,,,,,,,,,,,,,
6.73485,4.82E-08,-9.995933533,,,,,,,,,,,,,,
6.73495,3.94E-08,-9.99600029,,,,,,,,,,,,,,
6.73505,-2.98E-06,-7.353835583,,,,,,,,,,,,,,
6.73515,-3.20E-06,-0.002555435,,,,,,,,,,,,,,
6.73525,1.94E-06,-0.002249479,,,,,,,,,,,,,,
6.73535,2.96E-06,-0.00173207,,,,,,,,,,,,,,
6.73545,3.26E-06,-0.001689639,,,,,,,,,,,,,,
6.73555,3.39E-06,-0.001515481,,,,,,,,,,,,,,
6.73565,3.45E-06,-0.001305294,,,,,,,,,,,,,,
6.73575,3.49E-06,-0.001353707,,,,,,,,,,,,,,
6.73585,3.51E-06,-0.001351244,,,,,,,,,,,,,,
6.73595,3.52E-06,-0.001249142,,,,,,,,,,,,,,
6.73605,5.62E-06,-2.63297224,,,,,,,,,,,,,,
6.73615,4.70E-06,-9.994413376,,,,,,,,,,,,,,
6.73625,9.31E-07,-9.994923592,,,,,,,,,,,,,,
6.73635,3.37E-07,-9.995172501,,,,,,,,,,,,,,
6.73645,1.73E-07,-9.994968414,,,,,,,,,,,,,,
6.73655,1.11E-07,-9.995275497,,,,,,,,,,,,,,
6.73665,7.96E-08,-9.995247841,,,,,,,,,,,,,,
6.73675,6.08E-08,-9.9951334,,,,,,,,,,,,,,
6.73685,4.85E-08,-9.995360374,,,,,,,,,,,,,,
6.73695,4.01E-08,-9.995550156,,,,,,,,,,,,,,
6.73705,-2.96E-06,-7.373426914,,,,,,,,,,,,,,
6.73715,-3.22E-06,-0.002259401,,,,,,,,,,,,,,
6.73725,1.94E-06,-0.002058784,,,,,,,,,,,,,,
6.73735,2.95E-06,-0.001700405,,,,,,,,,,,,,,
6.73745,3.26E-06,-0.001526951,,,,,,,,,,,,,,
6.73755,3.39E-06,-0.001230424,,,,,,,,,,,,,,
6.73765,3.45E-06,-0.001240064,,,,,,,,,,,,,,
6.73775,3.49E-06,-0.001004194,,,,,,,,,,,,,,
6.73785,3.51E-06,-0.001189963,,,,,,,,,,,,,,
6.73795,3.52E-06,-0.001051058,,,,,,,,,,,,,,
6.73805,5.61E-06,-2.6130476,,,,,,,,,,,,,,
6.73815,4.72E-06,-9.994277,,,,,,,,,,,,,,
6.73825,9.34E-07,-9.994832039,,,,,,,,,,,,,,
6.73835,3.38E-07,-9.995476723,,,,,,,,,,,,,,
6.73845,1.73E-07,-9.995575905,,,,,,,,,,,,,,
6.73855,1.11E-07,-9.99554348,,,,,,,,,,,,,,
6.73865,7.94E-08,-9.995567322,,,,,,,,,,,,,,
6.73875,6.08E-08,-9.99555397,,,,,,,,,,,,,,
6.73885,4.89E-08,-9.995594978,,,,,,,,,,,,,,
6.73895,3.99E-08,-9.995985031,,,,,,,,,,,,,,
6.73905,-2.93E-06,-7.393649101,,,,,,,,,,,,,,
6.73915,-3.24E-06,-0.002635794,,,,,,,,,,,,,,
6.73925,1.94E-06,-0.002180168,,,,,,,,,,,,,,
6.73935,2.96E-06,-0.00161505,,,,,,,,,,,,,,
6.73945,3.27E-06,-0.001486138,,,,,,,,,,,,,,
6.73955,3.39E-06,-0.001325068,,,,,,,,,,,,,,
6.73965,3.46E-06,-0.001400079,,,,,,,,,,,,,,
6.73975,3.49E-06,-0.001561079,,,,,,,,,,,,,,
6.73985,3.51E-06,-0.001164349,,,,,,,,,,,,,,
6.73995,3.52E-06,-0.001230987,,,,,,,,,,,,,,
6.74005,5.60E-06,-2.593331575,,,,,,,,,,,,,,
6.74015,4.74E-06,-9.994258881,,,,,,,,,,,,,,
6.74025,9.36E-07,-9.994555473,,,,,,,,,,,,,,
6.74035,3.38E-07,-9.995098114,,,,,,,,,,,,,,
6.74045,1.74E-07,-9.995166779,,,,,,,,,,,,,,
6.74055,1.11E-07,-9.995119095,,,,,,,,,,,,,,
6.74065,7.94E-08,-9.995265007,,,,,,,,,,,,,,
6.74075,6.10E-08,-9.995399475,,,,,,,,,,,,,,
6.74085,4.85E-08,-9.995570183,,,,,,,,,,,,,,
6.74095,3.97E-08,-9.995830536,,,,,,,,,,,,,,
6.74105,-2.91E-06,-7.413879395,,,,,,,,,,,,,,
6.74115,-3.27E-06,-0.002813471,,,,,,,,,,,,,,
6.74125,1.94E-06,-0.002184741,,,,,,,,,,,,,,
6.74135,2.96E-06,-0.00175888,,,,,,,,,,,,,,
6.74145,3.27E-06,-0.001630038,,,,,,,,,,,,,,
6.74155,3.39E-06,-0.001450039,,,,,,,,,,,,,,
6.74165,3.46E-06,-0.001098556,,,,,,,,,,,,,,
6.74175,3.49E-06,-0.001075194,,,,,,,,,,,,,,
6.74185,3.51E-06,-0.000898995,,,,,,,,,,,,,,
6.74195,3.52E-06,-0.000919331,,,,,,,,,,,,,,
6.74205,5.58E-06,-2.573275089,,,,,,,,,,,,,,
6.74215,4.76E-06,-9.994450569,,,,,,,,,,,,,,
6.74225,9.39E-07,-9.994947433,,,,,,,,,,,,,,
6.74235,3.39E-07,-9.995340347,,,,,,,,,,,,,,
6.74245,1.74E-07,-9.9953022,,,,,,,,,,,,,,
6.74255,1.11E-07,-9.995577812,,,,,,,,,,,,,,
6.74265,7.97E-08,-9.995979309,,,,,,,,,,,,,,
6.74275,6.10E-08,-9.99563694,,,,,,,,,,,,,,
6.74285,4.87E-08,-9.995592117,,,,,,,,,,,,,,
6.74295,4.03E-08,-9.995711327,,,,,,,,,,,,,,
6.74305,-2.89E-06,-7.43336153,,,,,,,,,,,,,,
6.74315,-3.29E-06,-0.002189527,,,,,,,,,,,,,,
6.74325,1.94E-06,-0.002100372,,,,,,,,,,,,,,
6.74335,2.96E-06,-0.001822844,,,,,,,,,,,,,,
6.74345,3.27E-06,-0.001703994,,,,,,,,,,,,,,
6.74355,3.40E-06,-0.001529695,,,,,,,,,,,,,,
6.74365,3.46E-06,-0.001588311,,,,,,,,,,,,,,
6.74375,3.50E-06,-0.001583526,,,,,,,,,,,,,,
6.74385,3.52E-06,-0.001317186,,,,,,,,,,,,,,
6.74395,3.53E-06,-0.001190667,,,,,,,,,,,,,,
6.74405,5.57E-06,-2.553477764,,,,,,,,,,,,,,
6.74415,4.78E-06,-9.994437218,,,,,,,,,,,,,,
6.74425,9.41E-07,-9.99501133,,,,,,,,,,,,,,
6.74435,3.39E-07,-9.995491982,,,,,,,,,,,,,,
6.74445,1.74E-07,-9.995445251,,,,,,,,,,,,,,
6.74455,1.11E-07,-9.99546051,,,,,,,,,,,,,,
6.74465,7.99E-08,-9.995674133,,,,,,,,,,,,,,
6.74475,6.12E-08,-9.995452881,,,,,,,,,,,,,,
6.74485,4.89E-08,-9.995607376,,,,,,,,,,,,,,
6.74495,4.03E-08,-9.995692253,,,,,,,,,,,,,,
6.74505,-2.86E-06,-7.45368576,,,,,,,,,,,,,,
6.74515,-3.31E-06,-0.002461847,,,,,,,,,,,,,,
6.74525,1.93E-06,-0.002235265,,,,,,,,,,,,,,
6.74535,2.96E-06,-0.001489375,,,,,,,,,,,,,,
6.74545,3.27E-06,-0.001481353,,,,,,,,,,,,,,
6.74555,3.40E-06,-0.001290658,,,,,,,,,,,,,,
6.74565,3.46E-06,-0.001019745,,,,,,,,,,,,,,
6.74575,3.50E-06,-0.00081547,,,,,,,,,,,,,,
6.74585,3.52E-06,-0.001212551,,,,,,,,,,,,,,
6.74595,3.53E-06,-0.001268141,,,,,,,,,,,,,,
6.74605,5.55E-06,-2.533551216,,,,,,,,,,,,,,
6.74615,4.79E-06,-9.994579315,,,,,,,,,,,,,,
6.74625,9.43E-07,-9.994978905,,,,,,,,,,,,,,
6.74635,3.40E-07,-9.995326996,,,,,,,,,,,,,,
6.74645,1.75E-07,-9.995387077,,,,,,,,,,,,,,
6.74655,1.11E-07,-9.995599747,,,,,,,,,,,,,,
6.74665,7.98E-08,-9.995667458,,,,,,,,,,,,,,
6.74675,6.09E-08,-9.995498657,,,,,,,,,,,,,,
6.74685,4.87E-08,-9.996106148,,,,,,,,,,,,,,
6.74695,3.99E-08,-9.995693207,,,,,,,,,,,,,,
6.74705,-2.84E-06,-7.473321438,,,,,,,,,,,,,,
6.74715,-3.34E-06,-0.002403161,,,,,,,,,,,,,,
6.74725,1.93E-06,-0.002354467,,,,,,,,,,,,,,
6.74735,2.96E-06,-0.001470587,,,,,,,,,,,,,,
6.74745,3.27E-06,-0.001479171,,,,,,,,,,,,,,
6.74755,3.40E-06,-0.0010322,,,,,,,,,,,,,,
6.74765,3.46E-06,-0.001088283,,,,,,,,,,,,,,
6.74775,3.50E-06,-0.001015101,,,,,,,,,,,,,,
6.74785,3.52E-06,-0.000951419,,,,,,,,,,,,,,
6.74795,3.53E-06,-0.001106859,,,,,,,,,,,,,,
6.74805,5.54E-06,-2.513550997,,,,,,,,,,,,,,
6.74815,4.82E-06,-9.994374275,,,,,,,,,,,,,,
6.74825,9.46E-07,-9.995047569,,,,,,,,,,,,,,
6.74835,3.41E-07,-9.995680809,,,,,,,,,,,,,,
6.74845,1.74E-07,-9.99537468,,,,,,,,,,,,,,
6.74855,1.11E-07,-9.99569416,,,,,,,,,,,,,,
6.74865,7.99E-08,-9.995776176,,,,,,,,,,,,,,
6.74875,6.10E-08,-9.99588871,,,,,,,,,,,,,,
6.74885,4.86E-08,-9.995939255,,,,,,,,,,,,,,
6.74895,4.03E-08,-9.995903015,,,,,,,,,,,,,,
6.74905,-2.82E-06,-7.493296623,,,,,,,,,,,,,,
6.74915,-3.36E-06,-0.002315343,,,,,,,,,,,,,,
6.74925,1.93E-06,-0.001976103,,,,,,,,,,,,,,
6.74935,2.96E-06,-0.001580922,,,,,,,,,,,,,,
6.74945,3.27E-06,-0.001203896,,,,,,,,,,,,,,
6.74955,3.40E-06,-0.00099378,,,,,,,,,,,,,,
6.74965,3.47E-06,-0.001044796,,,,,,,,,,,,,,
6.74975,3.50E-06,-0.000922005,,,,,,,,,,,,,,
6.74985,3.52E-06,-0.001092504,,,,,,,,,,,,,,
6.74995,3.53E-06,-0.001075687,,,,,,,,,,,,,,
6.75005,5.53E-06,-2.493298769,,,,,,,,,,,,,,
6.75015,4.83E-06,-9.994618416,,,,,,,,,,,,,,
6.75025,9.48E-07,-9.994797707,,,,,,,,,,,,,,
6.75035,3.41E-07,-9.995453835,,,,,,,,,,,,,,
6.75045,1.75E-07,-9.995425224,,,,,,,,,,,,,,
6.75055,1.11E-07,-9.99563694,,,,,,,,,,,,,,
6.75065,7.96E-08,-9.995277405,,,,,,,,,,,,,,
6.75075,6.06E-08,-9.995499611,,,,,,,,,,,,,,
6.75085,4.86E-08,-9.995380402,,,,,,,,,,,,,,
6.75095,3.97E-08,-9.995723724,,,,,,,,,,,,,,
6.75105,-2.80E-06,-7.513478756,,,,,,,,,,,,,,
6.75115,-3.38E-06,-0.002346726,,,,,,,,,,,,,,
6.75125,1.93E-06,-0.001719264,,,,,,,,,,,,,,
6.75135,2.97E-06,-0.001379532,,,,,,,,,,,,,,
6.75145,3.28E-06,-0.001073013,,,,,,,,,,,,,,
6.75155,3.40E-06,-0.000856212,,,,,,,,,,,,,,
6.75165,3.47E-06,-0.001056054,,,,,,,,,,,,,,
6.75175,3.51E-06,-0.001211566,,,,,,,,,,,,,,
6.75185,3.52E-06,-0.000922146,,,,,,,,,,,,,,
6.75195,3.54E-06,-0.000849527,,,,,,,,,,,,,,
6.75205,5.51E-06,-2.473384619,,,,,,,,,,,,,,
6.75215,4.85E-06,-9.994434357,,,,,,,,,,,,,,
6.75225,9.50E-07,-9.994813919,,,,,,,,,,,,,,
6.75235,3.42E-07,-9.995432854,,,,,,,,,,,,,,
6.75245,1.75E-07,-9.995444298,,,,,,,,,,,,,,
6.75255,1.12E-07,-9.995404243,,,,,,,,,,,,,,
6.75265,8.01E-08,-9.995289803,,,,,,,,,,,,,,
6.75275,6.11E-08,-9.995451927,,,,,,,,,,,,,,
6.75285,4.84E-08,-9.995476723,,,,,,,,,,,,,,
6.75295,4.02E-08,-9.995550156,,,,,,,,,,,,,,
6.75305,-2.77E-06,-7.533384323,,,,,,,,,,,,,,
6.75315,-3.40E-06,-0.002342575,,,,,,,,,,,,,,
6.75325,1.93E-06,-0.001825729,,,,,,,,,,,,,,
6.75335,2.96E-06,-0.001246045,,,,,,,,,,,,,,
6.75345,3.28E-06,-0.001057884,,,,,,,,,,,,,,
6.75355,3.40E-06,-0.001033115,,,,,,,,,,,,,,
6.75365,3.47E-06,-0.000812022,,,,,,,,,,,,,,
6.75375,3.50E-06,-0.001102215,,,,,,,,,,,,,,
6.75385,3.52E-06,-0.001019604,,,,,,,,,,,,,,
6.75395,3.54E-06,-0.000980269,,,,,,,,,,,,,,
6.75405,5.50E-06,-2.453383207,,,,,,,,,,,,,,
6.75415,4.87E-06,-9.994617462,,,,,,,,,,,,,,
6.75425,9.53E-07,-9.995172501,,,,,,,,,,,,,,
6.75435,3.42E-07,-9.995698929,,,,,,,,,,,,,,
6.75445,1.75E-07,-9.99552536,,,,,,,,,,,,,,
6.75455,1.12E-07,-9.995725632,,,,,,,,,,,,,,
6.75465,8.01E-08,-9.995691299,,,,,,,,,,,,,,
6.75475,6.14E-08,-9.995596886,,,,,,,,,,,,,,
6.75485,4.89E-08,-9.995564461,,,,,,,,,,,,,,
6.75495,4.02E-08,-9.995667458,,,,,,,,,,,,,,
6.75505,-2.75E-06,-7.55315876,,,,,,,,,,,,,,
6.75515,-3.43E-06,-0.002293599,,,,,,,,,,,,,,
6.75525,1.92E-06,-0.002108886,,,,,,,,,,,,,,
6.75535,2.97E-06,-0.001679717,,,,,,,,,,,,,,
6.75545,3.28E-06,-0.001280244,,,,,,,,,,,,,,
6.75555,3.41E-06,-0.001181167,,,,,,,,,,,,,,
6.75565,3.47E-06,-0.001357718,,,,,,,,,,,,,,
6.75575,3.51E-06,-0.001114107,,,,,,,,,,,,,,
6.75585,3.53E-06,-0.00117786,,,,,,,,,,,,,,
6.75595,3.54E-06,-0.001146617,,,,,,,,,,,,,,
6.75605,5.48E-06,-2.433460236,,,,,,,,,,,,,,
6.75615,4.89E-06,-9.994260788,,,,,,,,,,,,,,
6.75625,9.55E-07,-9.994947433,,,,,,,,,,,,,,
6.75635,3.43E-07,-9.995409012,,,,,,,,,,,,,,
6.75645,1.75E-07,-9.995705605,,,,,,,,,,,,,,
6.75655,1.11E-07,-9.995963097,,,,,,,,,,,,,,
6.75665,7.97E-08,-9.995876312,,,,,,,,,,,,,,
6.75675,6.11E-08,-9.995884895,,,,,,,,,,,,,,
6.75685,4.90E-08,-9.995987892,,,,,,,,,,,,,,
6.75695,3.98E-08,-9.996146202,,,,,,,,,,,,,,
6.75705,-2.73E-06,-7.573842049,,,,,,,,,,,,,,
6.75715,-3.45E-06,-0.002561346,,,,,,,,,,,,,,
6.75725,1.92E-06,-0.002178971,,,,,,,,,,,,,,
6.75735,2.97E-06,-0.001462916,,,,,,,,,,,,,,
6.75745,3.28E-06,-0.001256178,,,,,,,,,,,,,,
6.75755,3.41E-06,-0.001170893,,,,,,,,,,,,,,
6.75765,3.48E-06,-0.000983365,,,,,,,,,,,,,,
6.75775,3.51E-06,-0.001064217,,,,,,,,,,,,,,
6.75785,3.53E-06,-0.000933264,,,,,,,,,,,,,,
6.75795,3.54E-06,-0.00104571,,,,,,,,,,,,,,
6.75805,5.47E-06,-2.413138866,,,,,,,,,,,,,,
6.75815,4.91E-06,-9.994347572,,,,,,,,,,,,,,
6.75825,9.57E-07,-9.994865417,,,,,,,,,,,,,,
6.75835,3.43E-07,-9.995742798,,,,,,,,,,,,,,
6.75845,1.75E-07,-9.995570183,,,,,,,,,,,,,,
6.75855,1.12E-07,-9.99559021,,,,,,,,,,,,,,
6.75865,7.93E-08,-9.995682716,,,,,,,,,,,,,,
6.75875,6.09E-08,-9.995649338,,,,,,,,,,,,,,
6.75885,4.85E-08,-9.995769501,,,,,,,,,,,,,,
6.75895,3.96E-08,-9.995792389,,,,,,,,,,,,,,
6.75905,-2.70E-06,-7.593463421,,,,,,,,,,,,,,
6.75915,-3.47E-06,-0.002397883,,,,,,,,,,,,,,
6.75925,1.92E-06,-0.001822562,,,,,,,,,,,,,,
6.75935,2.97E-06,-0.001189963,,,,,,,,,,,,,,
6.75945,3.28E-06,-0.001127829,,,,,,,,,,,,,,
6.75955,3.41E-06,-0.001196718,,,,,,,,,,,,,,
6.75965,3.48E-06,-0.000947197,,,,,,,,,,,,,,
6.75975,3.51E-06,-0.00074841,,,,,,,,,,,,,,
6.75985,3.53E-06,-0.001134443,,,,,,,,,,,,,,
6.75995,3.54E-06,-0.00127947,,,,,,,,,,,,,,
6.76005,5.45E-06,-2.393687963,,,,,,,,,,,,,,
6.76015,4.93E-06,-9.99469471,,,,,,,,,,,,,,
6.76025,9.60E-07,-9.995175362,,,,,,,,,,,,,,
6.76035,3.44E-07,-9.995760918,,,,,,,,,,,,,,
6.76045,1.76E-07,-9.995521545,,,,,,,,,,,,,,
6.76055,1.12E-07,-9.995738983,,,,,,,,,,,,,,
6.76065,8.02E-08,-9.995580673,,,,,,,,,,,,,,
6.76075,6.10E-08,-9.995703697,,,,,,,,,,,,,,
6.76085,4.85E-08,-9.996066093,,,,,,,,,,,,,,
6.76095,3.97E-08,-9.996102333,,,,,,,,,,,,,,
6.76105,-2.68E-06,-7.613492966,,,,,,,,,,,,,,
6.76115,-3.50E-06,-0.002587734,,,,,,,,,,,,,,
6.76125,1.91E-06,-0.002008191,,,,,,,,,,,,,,
6.76135,2.97E-06,-0.001443636,,,,,,,,,,,,,,
6.76145,3.29E-06,-0.001618357,,,,,,,,,,,,,,
6.76155,3.41E-06,-0.001229579,,,,,,,,,,,,,,
6.76165,3.48E-06,-0.001033678,,,,,,,,,,,,,,
6.76175,3.51E-06,-0.000996313,,,,,,,,,,,,,,
6.76185,3.53E-06,-0.000831302,,,,,,,,,,,,,,
6.76195,3.55E-06,-0.00087303,,,,,,,,,,,,,,
6.76205,5.44E-06,-2.373113632,,,,,,,,,,,,,,
6.76215,4.95E-06,-9.994010925,,,,,,,,,,,,,,
6.76225,9.62E-07,-9.994701385,,,,,,,,,,,,,,
6.76235,3.44E-07,-9.995264053,,,,,,,,,,,,,,
6.76245,1.76E-07,-9.995429039,,,,,,,,,,,,,,
6.76255,1.12E-07,-9.995337486,,,,,,,,,,,,,,
6.76265,7.97E-08,-9.995587349,,,,,,,,,,,,,,
6.76275,6.13E-08,-9.995388031,,,,,,,,,,,,,,
6.76285,4.88E-08,-9.995652199,,,,,,,,,,,,,,
6.76295,3.99E-08,-9.995639801,,,,,,,,,,,,,,
6.76305,-2.66E-06,-7.633152962,,,,,,,,,,,,,,
6.76315,-3.52E-06,-0.002434263,,,,,,,,,,,,,,
6.76325,1.91E-06,-0.00198307,,,,,,,,,,,,,,
6.76335,2.97E-06,-0.001420063,,,,,,,,,,,,,,
6.76345,3.29E-06,-0.001442792,,,,,,,,,,,,,,
6.76355,3.42E-06,-0.00127567,,,,,,,,,,,,,,
6.76365,3.48E-06,-0.001149854,,,,,,,,,,,,,,
6.76375,3.52E-06,-0.001178282,,,,,,,,,,,,,,
6.76385,3.54E-06,-0.001205092,,,,,,,,,,,,,,
6.76395,3.55E-06,-0.001324716,,,,,,,,,,,,,,
6.76405,5.42E-06,-2.353636742,,,,,,,,,,,,,,
6.76415,4.97E-06,-9.994384766,,,,,,,,,,,,,,
6.76425,9.64E-07,-9.994648933,,,,,,,,,,,,,,
6.76435,3.45E-07,-9.995376587,,,,,,,,,,,,,,
6.76445,1.76E-07,-9.995329857,,,,,,,,,,,,,,
6.76455,1.12E-07,-9.995479584,,,,,,,,,,,,,,
6.76465,8.01E-08,-9.995448112,,,,,,,,,,,,,,
6.76475,6.09E-08,-9.995505333,,,,,,,,,,,,,,
6.76485,4.86E-08,-9.995533943,,,,,,,,,,,,,,
6.76495,3.99E-08,-9.9955616,,,,,,,,,,,,,,
6.76505,-2.64E-06,-7.653158188,,,,,,,,,,,,,,
6.76515,-3.54E-06,-0.002456147,,,,,,,,,,,,,,
6.76525,1.91E-06,-0.002123381,,,,,,,,,,,,,,
6.76535,2.97E-06,-0.001437866,,,,,,,,,,,,,,
6.76545,3.29E-06,-0.001146617,,,,,,,,,,,,,,
6.76555,3.42E-06,-0.001201222,,,,,,,,,,,,,,
6.76565,3.48E-06,-0.001204881,,,,,,,,,,,,,,
6.76575,3.52E-06,-0.001333934,,,,,,,,,,,,,,
6.76585,3.54E-06,-0.001352018,,,,,,,,,,,,,,
6.76595,3.55E-06,-0.001047258,,,,,,,,,,,,,,
6.76605,5.41E-06,-2.33363986,,,,,,,,,,,,,,
6.76615,4.99E-06,-9.994381905,,,,,,,,,,,,,,
6.76625,9.66E-07,-9.994909286,,,,,,,,,,,,,,
6.76635,3.45E-07,-9.995539665,,,,,,,,,,,,,,
6.76645,1.76E-07,-9.995594025,,,,,,,,,,,,,,
6.76655,1.12E-07,-9.995530128,,,,,,,,,,,,,,
6.76665,8.01E-08,-9.995837212,,,,,,,,,,,,,,
6.76675,6.13E-08,-9.995898247,,,,,,,,,,,,,,
6.76685,4.88E-08,-9.99615097,,,,,,,,,,,,,,
6.76695,4.02E-08,-9.996087074,,,,,,,,,,,,,,
6.76705,-2.61E-06,-7.673526287,,,,,,,,,,,,,,
6.76715,-3.56E-06,-0.002608281,,,,,,,,,,,,,,
6.76725,1.91E-06,-0.001984899,,,,,,,,,,,,,,
6.76735,2.97E-06,-0.001874141,,,,,,,,,,,,,,
6.76745,3.29E-06,-0.001765987,,,,,,,,,,,,,,
6.76755,3.42E-06,-0.001776261,,,,,,,,,,,,,,
6.76765,3.49E-06,-0.001306069,,,,,,,,,,,,,,
6.76775,3.52E-06,-0.001282495,,,,,,,,,,,,,,
6.76785,3.54E-06,-0.00136201,,,,,,,,,,,,,,
6.76795,3.56E-06,-0.001465942,,,,,,,,,,,,,,
6.76805,5.40E-06,-2.313459396,,,,,,,,,,,,,,
6.76815,5.01E-06,-9.994623184,,,,,,,,,,,,,,
6.76825,9.69E-07,-9.994815826,,,,,,,,,,,,,,
6.76835,3.46E-07,-9.995491028,,,,,,,,,,,,,,
6.76845,1.76E-07,-9.995589256,,,,,,,,,,,,,,
6.76855,1.12E-07,-9.995725632,,,,,,,,,,,,,,
6.76865,8.00E-08,-9.996023178,,,,,,,,,,,,,,
6.76875,6.10E-08,-9.995968819,,,,,,,,,,,,,,
6.76885,4.85E-08,-9.995684624,,,,,,,,,,,,,,
6.76895,4.00E-08,-9.995789528,,,,,,,,,,,,,,
6.76905,-2.59E-06,-7.693478584,,,,,,,,,,,,,,
6.76915,-3.59E-06,-0.002248916,,,,,,,,,,,,,,
6.76925,1.91E-06,-0.001821085,,,,,,,,,,,,,,
6.76935,2.98E-06,-0.001385442,,,,,,,,,,,,,,
6.76945,3.29E-06,-0.001360814,,,,,,,,,,,,,,
6.76955,3.42E-06,-0.001317679,,,,,,,,,,,,,,
6.76965,3.49E-06,-0.001260048,,,,,,,,,,,,,,
6.76975,3.52E-06,-0.000922216,,,,,,,,,,,,,,
6.76985,3.54E-06,-0.000841857,,,,,,,,,,,,,,
6.76995,3.55E-06,-0.000785212,,,,,,,,,,,,,,
6.77005,5.38E-06,-2.293599367,,,,,,,,,,,,,,
6.77015,5.03E-06,-9.994306564,,,,,,,,,,,,,,
6.77025,9.72E-07,-9.994773865,,,,,,,,,,,,,,
6.77035,3.47E-07,-9.995439529,,,,,,,,,,,,,,
6.77045,1.76E-07,-9.9954319,,,,,,,,,,,,,,
6.77055,1.12E-07,-9.995672226,,,,,,,,,,,,,,
6.77065,8.02E-08,-9.995882034,,,,,,,,,,,,,,
6.77075,6.13E-08,-9.996063232,,,,,,,,,,,,,,
6.77085,4.87E-08,-9.99587822,,,,,,,,,,,,,,
6.77095,4.00E-08,-9.995994568,,,,,,,,,,,,,,
6.77105,-2.57E-06,-7.713572979,,,,,,,,,,,,,,
6.77115,-3.61E-06,-0.002603144,,,,,,,,,,,,,,
6.77125,1.91E-06,-0.002243498,,,,,,,,,,,,,,
6.77135,2.97E-06,-0.001551438,,,,,,,,,,,,,,
6.77145,3.29E-06,-0.001282566,,,,,,,,,,,,,,
6.77155,3.42E-06,-0.001324294,,,,,,,,,,,,,,
6.77165,3.49E-06,-0.001406553,,,,,,,,,,,,,,
6.77175,3.52E-06,-0.00126997,,,,,,,,,,,,,,
6.77185,3.55E-06,-0.001072098,,,,,,,,,,,,,,
6.77195,3.56E-06,-0.001113403,,,,,,,,,,,,,,
6.77205,5.37E-06,-2.273528099,,,,,,,,,,,,,,
6.77215,5.05E-06,-9.994257927,,,,,,,,,,,,,,
6.77225,9.74E-07,-9.994686127,,,,,,,,,,,,,,
6.77235,3.48E-07,-9.995559692,,,,,,,,,,,,,,
6.77245,1.77E-07,-9.995605469,,,,,,,,,,,,,,
6.77255,1.12E-07,-9.99557972,,,,,,,,,,,,,,
6.77265,8.01E-08,-9.995772362,,,,,,,,,,,,,,
6.77275,6.10E-08,-9.995820999,,,,,,,,,,,,,,
6.77285,4.85E-08,-9.995812416,,,,,,,,,,,,,,
6.77295,3.96E-08,-9.995841026,,,,,,,,,,,,,,
6.77305,-2.55E-06,-7.733298302,,,,,,,,,,,,,,
6.77315,-3.63E-06,-0.002696732,,,,,,,,,,,,,,
6.77325,1.90E-06,-0.002134781,,,,,,,,,,,,,,
6.77335,2.98E-06,-0.001818763,,,,,,,,,,,,,,
6.77345,3.30E-06,-0.001243794,,,,,,,,,,,,,,
6.77355,3.43E-06,-0.001466294,,,,,,,,,,,,,,
6.77365,3.49E-06,-0.001483182,,,,,,,,,,,,,,
6.77375,3.53E-06,-0.001383965,,,,,,,,,,,,,,
6.77385,3.55E-06,-0.001566567,,,,,,,,,,,,,,
6.77395,3.56E-06,-0.00116069,,,,,,,,,,,,,,
6.77405,5.35E-06,-2.253720522,,,,,,,,,,,,,,
6.77415,5.07E-06,-9.994727135,,,,,,,,,,,,,,
6.77425,9.77E-07,-9.995264053,,,,,,,,,,,,,,
6.77435,3.48E-07,-9.995693207,,,,,,,,,,,,,,
6.77445,1.77E-07,-9.995649338,,,,,,,,,,,,,,
6.77455,1.12E-07,-9.995737076,,,,,,,,,,,,,,
6.77465,8.03E-08,-9.995907784,,,,,,,,,,,,,,
6.77475,6.14E-08,-9.996117592,,,,,,,,,,,,,,
6.77485,4.86E-08,-9.99603653,,,,,,,,,,,,,,
6.77495,3.98E-08,-9.996043205,,,,,,,,,,,,,,
6.77505,-2.52E-06,-7.753684044,,,,,,,,,,,,,,
6.77515,-3.65E-06,-0.002655075,,,,,,,,,,,,,,
6.77525,1.90E-06,-0.001981944,,,,,,,,,,,,,,
6.77535,2.98E-06,-0.001603721,,,,,,,,,,,,,,
6.77545,3.30E-06,-0.001449406,,,,,,,,,,,,,,
6.77555,3.43E-06,-0.001258008,,,,,,,,,,,,,,
6.77565,3.49E-06,-0.001442017,,,,,,,,,,,,,,
6.77575,3.53E-06,-0.001064498,,,,,,,,,,,,,,
6.77585,3.55E-06,-0.001114318,,,,,,,,,,,,,,
6.77595,3.56E-06,-0.001190807,,,,,,,,,,,,,,
6.77605,5.34E-06,-2.233599186,,,,,,,,,,,,,,
6.77615,5.09E-06,-9.994987488,,,,,,,,,,,,,,
6.77625,9.79E-07,-9.995429993,,,,,,,,,,,,,,
6.77635,3.49E-07,-9.995832443,,,,,,,,,,,,,,
6.77645,1.77E-07,-9.995635986,,,,,,,,,,,,,,
6.77655,1.13E-07,-9.995625496,,,,,,,,,,,,,,
6.77665,8.07E-08,-9.995400429,,,,,,,,,,,,,,
6.77675,6.16E-08,-9.995429039,,,,,,,,,,,,,,
6.77685,4.92E-08,-9.995581627,,,,,,,,,,,,,,
6.77695,4.02E-08,-9.995758057,,,,,,,,,,,,,,
6.77705,-2.50E-06,-7.773132801,,,,,,,,,,,,,,
6.77715,-3.68E-06,-0.002180238,,,,,,,,,,,,,,
6.77725,1.90E-06,-0.001413941,,,,,,,,,,,,,,
6.77735,2.98E-06,-0.001261526,,,,,,,,,,,,,,
6.77745,3.30E-06,-0.001253434,,,,,,,,,,,,,,
6.77755,3.43E-06,-0.001068932,,,,,,,,,,,,,,
6.77765,3.50E-06,-0.001373058,,,,,,,,,,,,,,
6.77775,3.53E-06,-0.001136202,,,,,,,,,,,,,,
6.77785,3.55E-06,-0.001044585,,,,,,,,,,,,,,
6.77795,3.57E-06,-0.000699786,,,,,,,,,,,,,,
6.77805,5.33E-06,-2.213456392,,,,,,,,,,,,,,
6.77815,5.11E-06,-9.99433136,,,,,,,,,,,,,,
6.77825,9.81E-07,-9.994542122,,,,,,,,,,,,,,
6.77835,3.49E-07,-9.995223045,,,,,,,,,,,,,,
6.77845,1.77E-07,-9.995429039,,,,,,,,,,,,,,
6.77855,1.13E-07,-9.995458603,,,,,,,,,,,,,,
6.77865,8.02E-08,-9.995505333,,,,,,,,,,,,,,
6.77875,6.17E-08,-9.995330811,,,,,,,,,,,,,,
6.77885,4.94E-08,-9.995241165,,,,,,,,,,,,,,
6.77895,4.04E-08,-9.995811462,,,,,,,,,,,,,,
6.77905,-2.48E-06,-7.793282509,,,,,,,,,,,,,,
6.77915,-3.70E-06,-0.002467758,,,,,,,,,,,,,,
6.77925,1.90E-06,-0.002004602,,,,,,,,,,,,,,
6.77935,2.98E-06,-0.001684924,,,,,,,,,,,,,,
6.77945,3.30E-06,-0.001722149,,,,,,,,,,,,,,
6.77955,3.43E-06,-0.001639819,,,,,,,,,,,,,,
6.77965,3.50E-06,-0.001233239,,,,,,,,,,,,,,
6.77975,3.54E-06,-0.001351455,,,,,,,,,,,,,,
6.77985,3.55E-06,-0.001447928,,,,,,,,,,,,,,
6.77995,3.57E-06,-0.000965774,,,,,,,,,,,,,,
6.78005,5.31E-06,-2.193606377,,,,,,,,,,,,,,
6.78015,5.13E-06,-9.99416256,,,,,,,,,,,,,,
6.78025,9.84E-07,-9.994767189,,,,,,,,,,,,,,
6.78035,3.49E-07,-9.995029449,,,,,,,,,,,,,,
6.78045,1.77E-07,-9.995277405,,,,,,,,,,,,,,
6.78055,1.13E-07,-9.995214462,,,,,,,,,,,,,,
6.78065,8.05E-08,-9.995289803,,,,,,,,,,,,,,
6.78075,6.09E-08,-9.995355606,,,,,,,,,,,,,,
6.78085,4.86E-08,-9.995178223,,,,,,,,,,,,,,
6.78095,4.00E-08,-9.995110512,,,,,,,,,,,,,,
6.78105,-2.46E-06,-7.812613964,,,,,,,,,,,,,,
6.78115,-3.72E-06,-0.002142029,,,,,,,,,,,,,,
6.78125,1.90E-06,-0.001759021,,,,,,,,,,,,,,
6.78135,2.98E-06,-0.001330064,,,,,,,,,,,,,,
6.78145,3.30E-06,-0.001313879,,,,,,,,,,,,,,
6.78155,3.43E-06,-0.001212691,,,,,,,,,,,,,,
6.78165,3.50E-06,-0.001232816,,,,,,,,,,,,,,
6.78175,3.53E-06,-0.001082372,,,,,,,,,,,,,,
6.78185,3.56E-06,-0.001188485,,,,,,,,,,,,,,
6.78195,3.57E-06,-0.001021856,,,,,,,,,,,,,,
6.78205,5.30E-06,-2.173295498,,,,,,,,,,,,,,
6.78215,5.15E-06,-9.994411469,,,,,,,,,,,,,,
6.78225,9.86E-07,-9.994673729,,,,,,,,,,,,,,
6.78235,3.50E-07,-9.995045662,,,,,,,,,,,,,,
6.78245,1.77E-07,-9.995380402,,,,,,,,,,,,,,
6.78255,1.12E-07,-9.995607376,,,,,,,,,,,,,,
6.78265,8.02E-08,-9.995409012,,,,,,,,,,,,,,
6.78275,6.18E-08,-9.995631218,,,,,,,,,,,,,,
6.78285,4.89E-08,-9.995684624,,,,,,,,,,,,,,
6.78295,4.03E-08,-9.995788574,,,,,,,,,,,,,,
6.78305,-2.43E-06,-7.833201408,,,,,,,,,,,,,,
6.78315,-3.74E-06,-0.00280749,,,,,,,,,,,,,,
6.78325,1.89E-06,-0.002208737,,,,,,,,,,,,,,
6.78335,2.98E-06,-0.001701813,,,,,,,,,,,,,,
6.78345,3.31E-06,-0.001605551,,,,,,,,,,,,,,
6.78355,3.44E-06,-0.001564949,,,,,,,,,,,,,,
6.78365,3.50E-06,-0.001554534,,,,,,,,,,,,,,
6.78375,3.54E-06,-0.001469109,,,,,,,,,,,,,,
6.78385,3.56E-06,-0.001376295,,,,,,,,,,,,,,
6.78395,3.57E-06,-0.001646715,,,,,,,,,,,,,,
6.78405,5.28E-06,-2.154054403,,,,,,,,,,,,,,
6.78415,5.17E-06,-9.994411469,,,,,,,,,,,,,,
6.78425,9.89E-07,-9.994852066,,,,,,,,,,,,,,
6.78435,3.51E-07,-9.995274544,,,,,,,,,,,,,,
6.78445,1.78E-07,-9.99522686,,,,,,,,,,,,,,
6.78455,1.13E-07,-9.995479584,,,,,,,,,,,,,,
6.78465,8.06E-08,-9.995437622,,,,,,,,,,,,,,
6.78475,6.15E-08,-9.995619774,,,,,,,,,,,,,,
6.78485,4.88E-08,-9.995580673,,,,,,,,,,,,,,
6.78495,4.04E-08,-9.99577713,,,,,,,,,,,,,,
6.78505,-2.41E-06,-7.852981567,,,,,,,,,,,,,,
6.78515,-3.77E-06,-0.002535521,,,,,,,,,,,,,,
6.78525,1.89E-06,-0.001949997,,,,,,,,,,,,,,
6.78535,2.98E-06,-0.001546372,,,,,,,,,,,,,,
6.78545,3.31E-06,-0.001221628,,,,,,,,,,,,,,
6.78555,3.44E-06,-0.001397053,,,,,,,,,,,,,,
6.78565,3.50E-06,-0.001321549,,,,,,,,,,,,,,
6.78575,3.54E-06,-0.001133317,,,,,,,,,,,,,,
6.78585,3.56E-06,-0.00079633,,,,,,,,,,,,,,
6.78595,3.57E-06,-0.00106288,,,,,,,,,,,,,,
6.78605,5.27E-06,-2.133773804,,,,,,,,,,,,,,
6.78615,5.19E-06,-9.99438858,,,,,,,,,,,,,,
6.78625,9.92E-07,-9.994853973,,,,,,,,,,,,,,
6.78635,3.51E-07,-9.99538517,,,,,,,,,,,,,,
6.78645,1.78E-07,-9.995351791,,,,,,,,,,,,,,
6.78655,1.13E-07,-9.995587349,,,,,,,,,,,,,,
6.78665,8.05E-08,-9.995497704,,,,,,,,,,,,,,
6.78675,6.15E-08,-9.995182991,,,,,,,,,,,,,,
6.78685,4.90E-08,-9.995449066,,,,,,,,,,,,,,
6.78695,4.03E-08,-9.995512009,,,,,,,,,,,,,,
6.78705,-2.39E-06,-7.873067379,,,,,,,,,,,,,,
6.78715,-3.79E-06,-0.00230324,,,,,,,,,,,,,,
6.78725,1.89E-06,-0.001984266,,,,,,,,,,,,,,
6.78735,2.98E-06,-0.001304098,,,,,,,,,,,,,,
6.78745,3.31E-06,-0.001332526,,,,,,,,,,,,,,
6.78755,3.44E-06,-0.00109546,,,,,,,,,,,,,,
6.78765,3.51E-06,-0.001099119,,,,,,,,,,,,,,
6.78775,3.54E-06,-0.001132121,,,,,,,,,,,,,,
6.78785,3.56E-06,-0.001298891,,,,,,,,,,,,,,
6.78795,3.57E-06,-0.001104256,,,,,,,,,,,,,,
6.78805,5.26E-06,-2.113610268,,,,,,,,,,,,,,
6.78815,5.20E-06,-9.994321823,,,,,,,,,,,,,,
6.78825,9.94E-07,-9.994674683,,,,,,,,,,,,,,
6.78835,3.52E-07,-9.995207787,,,,,,,,,,,,,,
6.78845,1.78E-07,-9.995588303,,,,,,,,,,,,,,
6.78855,1.13E-07,-9.995495796,,,,,,,,,,,,,,
6.78865,8.06E-08,-9.995741844,,,,,,,,,,,,,,
6.78875,6.17E-08,-9.995738983,,,,,,,,,,,,,,
6.78885,4.90E-08,-9.995381355,,,,,,,,,,,,,,
6.78895,4.02E-08,-9.995469093,,,,,,,,,,,,,,
6.78905,-2.36E-06,-7.892812252,,,,,,,,,,,,,,
6.78915,-3.81E-06,-0.002427508,,,,,,,,,,,,,,
6.78925,1.89E-06,-0.001541094,,,,,,,,,,,,,,
6.78935,2.98E-06,-0.001160127,,,,,,,,,,,,,,
6.78945,3.31E-06,-0.001243512,,,,,,,,,,,,,,
6.78955,3.44E-06,-0.001099471,,,,,,,,,,,,,,
6.78965,3.51E-06,-0.001237812,,,,,,,,,,,,,,
6.78975,3.54E-06,-0.001064428,,,,,,,,,,,,,,
6.78985,3.56E-06,-0.00128531,,,,,,,,,,,,,,
6.78995,3.58E-06,-0.001033889,,,,,,,,,,,,,,
6.79005,5.24E-06,-2.093165874,,,,,,,,,,,,,,
6.79015,5.22E-06,-9.994073868,,,,,,,,,,,,,,
6.79025,9.96E-07,-9.99459362,,,,,,,,,,,,,,
6.79035,3.53E-07,-9.995404243,,,,,,,,,,,,,,
6.79045,1.78E-07,-9.995718002,,,,,,,,,,,,,,
6.79055,1.13E-07,-9.995546341,,,,,,,,,,,,,,
6.79065,8.09E-08,-9.995724678,,,,,,,,,,,,,,
6.79075,6.15E-08,-9.995787621,,,,,,,,,,,,,,
6.79085,4.87E-08,-9.995856285,,,,,,,,,,,,,,
6.79095,4.00E-08,-9.995916367,,,,,,,,,,,,,,
6.79105,-2.34E-06,-7.913331032,,,,,,,,,,,,,,
6.79115,-3.84E-06,-0.002783424,,,,,,,,,,,,,,
6.79125,1.88E-06,-0.00232815,,,,,,,,,,,,,,
6.79135,2.98E-06,-0.001851905,,,,,,,,,,,,,,
6.79145,3.31E-06,-0.001526388,,,,,,,,,,,,,,
6.79155,3.44E-06,-0.001640875,,,,,,,,,,,,,,
6.79165,3.51E-06,-0.001387765,,,,,,,,,,,,,,
6.79175,3.55E-06,-0.001534058,,,,,,,,,,,,,,
6.79185,3.57E-06,-0.00153828,,,,,,,,,,,,,,
6.79195,3.58E-06,-0.001437584,,,,,,,,,,,,,,
6.79205,5.23E-06,-2.073950529,,,,,,,,,,,,,,
6.79215,5.24E-06,-9.994540215,,,,,,,,,,,,,,
6.79225,9.99E-07,-9.994716644,,,,,,,,,,,,,,
6.79235,3.53E-07,-9.995288849,,,,,,,,,,,,,,
6.79245,1.79E-07,-9.995323181,,,,,,,,,,,,,,
6.79255,1.13E-07,-9.995388985,,,,,,,,,,,,,,
6.79265,8.07E-08,-9.995864868,,,,,,,,,,,,,,
6.79275,6.17E-08,-9.99583149,,,,,,,,,,,,,,
6.79285,4.90E-08,-9.995689392,,,,,,,,,,,,,,
6.79295,4.08E-08,-9.996080399,,,,,,,,,,,,,,
6.79305,-2.32E-06,-7.933763504,,,,,,,,,,,,,,
6.79315,-3.86E-06,-0.002666333,,,,,,,,,,,,,,
6.79325,1.88E-06,-0.002148784,,,,,,,,,,,,,,
6.79335,2.99E-06,-0.001646926,,,,,,,,,,,,,,
6.79345,3.32E-06,-0.001436247,,,,,,,,,,,,,,
6.79355,3.45E-06,-0.001284958,,,,,,,,,,,,,,
6.79365,3.51E-06,-0.000895406,,,,,,,,,,,,,,
6.79375,3.55E-06,-0.00102643,,,,,,,,,,,,,,
6.79385,3.57E-06,-0.000960989,,,,,,,,,,,,,,
6.79395,3.58E-06,-0.001046062,,,,,,,,,,,,,,
6.79405,5.21E-06,-2.053917885,,,,,,,,,,,,,,
6.79415,5.26E-06,-9.994585991,,,,,,,,,,,,,,
6.79425,1.00E-06,-9.994919777,,,,,,,,,,,,,,
6.79435,3.54E-07,-9.995530128,,,,,,,,,,,,,,
6.79445,1.79E-07,-9.995297432,,,,,,,,,,,,,,
6.79455,1.13E-07,-9.995602608,,,,,,,,,,,,,,
6.79465,8.08E-08,-9.995547295,,,,,,,,,,,,,,
6.79475,6.18E-08,-9.995677948,,,,,,,,,,,,,,
6.79485,4.90E-08,-9.995549202,,,,,,,,,,,,,,
6.79495,4.03E-08,-9.995686531,,,,,,,,,,,,,,
6.79505,-2.30E-06,-7.952981949,,,,,,,,,,,,,,
6.79515,-3.88E-06,-0.002446085,,,,,,,,,,,,,,
6.79525,1.88E-06,-0.001907495,,,,,,,,,,,,,,
6.79535,2.99E-06,-0.001304168,,,,,,,,,,,,,,
6.79545,3.32E-06,-0.001373269,,,,,,,,,,,,,,
6.79555,3.45E-06,-0.00143287,,,,,,,,,,,,,,
6.79565,3.52E-06,-0.001145632,,,,,,,,,,,,,,
6.79575,3.55E-06,-0.000797737,,,,,,,,,,,,,,
6.79585,3.57E-06,-0.000686416,,,,,,,,,,,,,,
6.79595,3.59E-06,-0.000730607,,,,,,,,,,,,,,
6.79605,5.20E-06,-2.033462763,,,,,,,,,,,,,,
6.79615,5.28E-06,-9.994174004,,,,,,,,,,,,,,
6.79625,1.00E-06,-9.994553566,,,,,,,,,,,,,,
6.79635,3.54E-07,-9.995163918,,,,,,,,,,,,,,
6.79645,1.79E-07,-9.995452881,,,,,,,,,,,,,,
6.79655,1.13E-07,-9.995571136,,,,,,,,,,,,,,
6.79665,8.07E-08,-9.995874405,,,,,,,,,,,,,,
6.79675,6.14E-08,-9.995948792,,,,,,,,,,,,,,
6.79685,4.86E-08,-9.995760918,,,,,,,,,,,,,,
6.79695,4.00E-08,-9.995627403,,,,,,,,,,,,,,
6.79705,-2.27E-06,-7.973144531,,,,,,,,,,,,,,
6.79715,-3.90E-06,-0.002219995,,,,,,,,,,,,,,
6.79725,1.88E-06,-0.002000521,,,,,,,,,,,,,,
6.79735,2.99E-06,-0.00162272,,,,,,,,,,,,,,
6.79745,3.32E-06,-0.00126807,,,,,,,,,,,,,,
6.79755,3.45E-06,-0.001220713,,,,,,,,,,,,,,
6.79765,3.51E-06,-0.00101109,,,,,,,,,,,,,,
6.79775,3.55E-06,-0.000733281,,,,,,,,,,,,,,
6.79785,3.57E-06,-0.000929394,,,,,,,,,,,,,,
6.79795,3.58E-06,-0.000680576,,,,,,,,,,,,,,
6.79805,5.19E-06,-2.013504028,,,,,,,,,,,,,,
6.79815,5.30E-06,-9.994063377,,,,,,,,,,,,,,
6.79825,1.01E-06,-9.994563103,,,,,,,,,,,,,,
6.79835,3.55E-07,-9.995168686,,,,,,,,,,,,,,
6.79845,1.79E-07,-9.995306015,,,,,,,,,,,,,,
6.79855,1.14E-07,-9.995510101,,,,,,,,,,,,,,
6.79865,8.08E-08,-9.995281219,,,,,,,,,,,,,,
6.79875,6.15E-08,-9.995432854,,,,,,,,,,,,,,
6.79885,4.90E-08,-9.996026039,,,,,,,,,,,,,,
6.79895,4.01E-08,-9.995833397,,,,,,,,,,,,,,
6.79905,-2.25E-06,-7.992763996,,,,,,,,,,,,,,
6.79915,-3.93E-06,-0.002158424,,,,,,,,,,,,,,
6.79925,1.87E-06,-0.001789842,,,,,,,,,,,,,,
6.79935,2.99E-06,-0.001232324,,,,,,,,,,,,,,
6.79945,3.32E-06,-0.001176663,,,,,,,,,,,,,,
6.79955,3.45E-06,-0.000960848,,,,,,,,,,,,,,
6.79965,3.52E-06,-0.001306209,,,,,,,,,,,,,,
6.79975,3.55E-06,-0.001173849,,,,,,,,,,,,,,
6.79985,3.58E-06,-0.001080401,,,,,,,,,,,,,,
6.79995,3.59E-06,-0.000979565,,,,,,,,,,,,,,
6.80005,5.17E-06,-1.993514538,,,,,,,,,,,,,,
6.80015,5.32E-06,-9.994315147,,,,,,,,,,,,,,
6.80025,1.01E-06,-9.995060921,,,,,,,,,,,,,,
6.80035,3.55E-07,-9.99544239,,,,,,,,,,,,,,
6.80045,1.79E-07,-9.995511055,,,,,,,,,,,,,,
6.80055,1.14E-07,-9.995342255,,,,,,,,,,,,,,
6.80065,8.05E-08,-9.995257378,,,,,,,,,,,,,,
6.80075,6.17E-08,-9.995280266,,,,,,,,,,,,,,
6.80085,4.89E-08,-9.995289803,,,,,,,,,,,,,,
6.80095,4.01E-08,-9.995299339,,,,,,,,,,,,,,
6.80105,-2.23E-06,-8.012562752,,,,,,,,,,,,,,
6.80115,-3.95E-06,-0.002072788,,,,,,,,,,,,,,
6.80125,1.87E-06,-0.001527443,,,,,,,,,,,,,,
6.80135,2.99E-06,-0.001176734,,,,,,,,,,,,,,
6.80145,3.32E-06,-0.001058869,,,,,,,,,,,,,,
6.80155,3.45E-06,-0.00115098,,,,,,,,,,,,,,
6.80165,3.52E-06,-0.001142887,,,,,,,,,,,,,,
6.80175,3.55E-06,-0.000995398,,,,,,,,,,,,,,
6.80185,3.58E-06,-0.000816103,,,,,,,,,,,,,,
6.80195,3.59E-06,-0.000809981,,,,,,,,,,,,,,
6.80205,5.16E-06,-1.973941445,,,,,,,,,,,,,,
6.80215,5.34E-06,-9.994501114,,,,,,,,,,,,,,
6.80225,1.01E-06,-9.994890213,,,,,,,,,,,,,,
6.80235,3.56E-07,-9.995401382,,,,,,,,,,,,,,
6.80245,1.80E-07,-9.995272636,,,,,,,,,,,,,,
6.80255,1.14E-07,-9.995580673,,,,,,,,,,,,,,
6.80265,8.09E-08,-9.995331764,,,,,,,,,,,,,,
6.80275,6.19E-08,-9.995229721,,,,,,,,,,,,,,
6.80285,4.94E-08,-9.995512962,,,,,,,,,,,,,,
6.80295,4.00E-08,-9.995718002,,,,,,,,,,,,,,
6.80305,-2.20E-06,-8.032607079,,,,,,,,,,,,,,
6.80315,-3.97E-06,-0.002145195,,,,,,,,,,,,,,
6.80325,1.87E-06,-0.001783931,,,,,,,,,,,,,,
6.80335,2.99E-06,-0.001292417,,,,,,,,,,,,,,
6.80345,3.32E-06,-0.001079627,,,,,,,,,,,,,,
6.80355,3.46E-06,-0.000973866,,,,,,,,,,,,,,
6.80365,3.52E-06,-0.000817651,,,,,,,,,,,,,,
6.80375,3.56E-06,-0.000698871,,,,,,,,,,,,,,
6.80385,3.58E-06,-0.000731522,,,,,,,,,,,,,,
6.80395,3.59E-06,-0.000567778,,,,,,,,,,,,,,
6.80405,5.14E-06,-1.953478217,,,,,,,,,,,,,,
6.80415,5.36E-06,-9.994098663,,,,,,,,,,,,,,
6.80425,1.01E-06,-9.994421005,,,,,,,,,,,,,,
6.80435,3.56E-07,-9.99511528,,,,,,,,,,,,,,
6.80445,1.80E-07,-9.995131493,,,,,,,,,,,,,,
6.80455,1.14E-07,-9.995259285,,,,,,,,,,,,,,
6.80465,8.11E-08,-9.995522499,,,,,,,,,,,,,,
6.80475,6.18E-08,-9.995493889,,,,,,,,,,,,,,
6.80485,4.93E-08,-9.995500565,,,,,,,,,,,,,,
6.80495,4.05E-08,-9.995615959,,,,,,,,,,,,,,
6.80505,-2.18E-06,-8.052957535,,,,,,,,,,,,,,
6.80515,-4.00E-06,-0.002482112,,,,,,,,,,,,,,
6.80525,1.87E-06,-0.001959919,,,,,,,,,,,,,,
6.80535,2.99E-06,-0.001278062,,,,,,,,,,,,,,
6.80545,3.33E-06,-0.001210369,,,,,,,,,,,,,,
6.80555,3.46E-06,-0.001238164,,,,,,,,,,,,,,
6.80565,3.53E-06,-0.000877674,,,,,,,,,,,,,,
6.80575,3.56E-06,-0.000851146,,,,,,,,,,,,,,
6.80585,3.58E-06,-0.000766213,,,,,,,,,,,,,,
6.80595,3.59E-06,-0.000885977,,,,,,,,,,,,,,
6.80605,5.13E-06,-1.933680892,,,,,,,,,,,,,,
6.80615,5.38E-06,-9.993877411,,,,,,,,,,,,,,
6.80625,1.02E-06,-9.994449615,,,,,,,,,,,,,,
6.80635,3.58E-07,-9.99523735,,,,,,,,,,,,,,
6.80645,1.80E-07,-9.995358467,,,,,,,,,,,,,,
6.80655,1.14E-07,-9.995533943,,,,,,,,,,,,,,
6.80665,8.16E-08,-9.99565506,,,,,,,,,,,,,,
6.80675,6.22E-08,-9.995637894,,,,,,,,,,,,,,
6.80685,4.98E-08,-9.995876312,,,,,,,,,,,,,,
6.80695,4.06E-08,-9.995930672,,,,,,,,,,,,,,
6.80705,-2.16E-06,-8.073266983,,,,,,,,,,,,,,
6.80715,-4.02E-06,-0.002672807,,,,,,,,,,,,,,
6.80725,1.87E-06,-0.002028456,,,,,,,,,,,,,,
6.80735,2.99E-06,-0.001725034,,,,,,,,,,,,,,
6.80745,3.33E-06,-0.001403456,,,,,,,,,,,,,,
6.80755,3.46E-06,-0.000925383,,,,,,,,,,,,,,
6.80765,3.53E-06,-0.001108267,,,,,,,,,,,,,,
6.80775,3.56E-06,-0.00115865,,,,,,,,,,,,,,
6.80785,3.59E-06,-0.000887244,,,,,,,,,,,,,,
6.80795,3.60E-06,-0.001226343,,,,,,,,,,,,,,
6.80805,5.11E-06,-1.913927913,,,,,,,,,,,,,,
6.80815,5.40E-06,-9.994534492,,,,,,,,,,,,,,
6.80825,1.02E-06,-9.99511528,,,,,,,,,,,,,,
6.80835,3.58E-07,-9.995601654,,,,,,,,,,,,,,
6.80845,1.80E-07,-9.995638847,,,,,,,,,,,,,,
6.80855,1.14E-07,-9.995758057,,,,,,,,,,,,,,
6.80865,8.14E-08,-9.995667458,,,,,,,,,,,,,,
6.80875,6.22E-08,-9.995699883,,,,,,,,,,,,,,
6.80885,4.93E-08,-9.995835304,,,,,,,,,,,,,,
6.80895,4.06E-08,-9.995708466,,,,,,,,,,,,,,
6.80905,-2.14E-06,-8.092866898,,,,,,,,,,,,,,
6.80915,-4.04E-06,-0.002600188,,,,,,,,,,,,,,
6.80925,1.86E-06,-0.002182982,,,,,,,,,,,,,,
6.80935,2.99E-06,-0.001851483,,,,,,,,,,,,,,
6.80945,3.33E-06,-0.00161125,,,,,,,,,,,,,,
6.80955,3.46E-06,-0.001276162,,,,,,,,,,,,,,
6.80965,3.53E-06,-0.001188063,,,,,,,,,,,,,,
6.80975,3.57E-06,-0.001032411,,,,,,,,,,,,,,
6.80985,3.59E-06,-0.001035296,,,,,,,,,,,,,,
6.80995,3.60E-06,-0.001086101,,,,,,,,,,,,,,
6.81005,5.10E-06,-1.893599868,,,,,,,,,,,,,,
6.81015,5.42E-06,-9.993965149,,,,,,,,,,,,,,
6.81025,1.02E-06,-9.994669914,,,,,,,,,,,,,,
6.81035,3.59E-07,-9.995192528,,,,,,,,,,,,,,
6.81045,1.81E-07,-9.995359421,,,,,,,,,,,,,,
6.81055,1.14E-07,-9.995272636,,,,,,,,,,,,,,
6.81065,8.14E-08,-9.995157242,,,,,,,,,,,,,,
6.81075,6.20E-08,-9.995204926,,,,,,,,,,,,,,
6.81085,4.96E-08,-9.995250702,,,,,,,,,,,,,,
6.81095,4.07E-08,-9.995466232,,,,,,,,,,,,,,
6.81105,-2.11E-06,-8.112670898,,,,,,,,,,,,,,
6.81115,-4.06E-06,-0.002279878,,,,,,,,,,,,,,
6.81125,1.86E-06,-0.001570226,,,,,,,,,,,,,,
6.81135,2.99E-06,-0.000967251,,,,,,,,,,,,,,
6.81145,3.33E-06,-0.001191089,,,,,,,,,,,,,,
6.81155,3.46E-06,-0.001061402,,,,,,,,,,,,,,
6.81165,3.53E-06,-0.00115872,,,,,,,,,,,,,,
6.81175,3.57E-06,-0.001643619,,,,,,,,,,,,,,
6.81185,3.59E-06,-0.001431462,,,,,,,,,,,,,,
6.81195,3.60E-06,-0.001285029,,,,,,,,,,,,,,
6.81205,5.09E-06,-1.873661995,,,,,,,,,,,,,,
6.81215,5.44E-06,-9.993904114,,,,,,,,,,,,,,
6.81225,1.02E-06,-9.994308472,,,,,,,,,,,,,,
6.81235,3.59E-07,-9.994646072,,,,,,,,,,,,,,
6.81245,1.81E-07,-9.995118141,,,,,,,,,,,,,,
6.81255,1.15E-07,-9.995447159,,,,,,,,,,,,,,
6.81265,8.16E-08,-9.995541573,,,,,,,,,,,,,,
6.81275,6.22E-08,-9.995486259,,,,,,,,,,,,,,
6.81285,4.93E-08,-9.995337486,,,,,,,,,,,,,,
6.81295,4.02E-08,-9.995688438,,,,,,,,,,,,,,
6.81305,-2.09E-06,-8.13310051,,,,,,,,,,,,,,
6.81315,-4.09E-06,-0.00279215,,,,,,,,,,,,,,
6.81325,1.86E-06,-0.002376703,,,,,,,,,,,,,,
6.81335,2.99E-06,-0.001711664,,,,,,,,,,,,,,
6.81345,3.33E-06,-0.001543346,,,,,,,,,,,,,,
6.81355,3.47E-06,-0.001353285,,,,,,,,,,,,,,
6.81365,3.53E-06,-0.001165475,,,,,,,,,,,,,,
6.81375,3.57E-06,-0.001423933,,,,,,,,,,,,,,
6.81385,3.59E-06,-0.001241049,,,,,,,,,,,,,,
6.81395,3.60E-06,-0.001297906,,,,,,,,,,,,,,
6.81405,5.07E-06,-1.853781939,,,,,,,,,,,,,,
6.81415,5.46E-06,-9.993867874,,,,,,,,,,,,,,
6.81425,1.03E-06,-9.994656563,,,,,,,,,,,,,,
6.81435,3.60E-07,-9.995034218,,,,,,,,,,,,,,
6.81445,1.81E-07,-9.995306015,,,,,,,,,,,,,,
6.81455,1.14E-07,-9.995433807,,,,,,,,,,,,,,
6.81465,8.11E-08,-9.995606422,,,,,,,,,,,,,,
6.81475,6.21E-08,-9.99547863,,,,,,,,,,,,,,
6.81485,4.93E-08,-9.995700836,,,,,,,,,,,,,,
6.81495,4.07E-08,-9.995960236,,,,,,,,,,,,,,
6.81505,-2.07E-06,-8.153026581,,,,,,,,,,,,,,
6.81515,-4.11E-06,-0.002435741,,,,,,,,,,,,,,
6.81525,1.85E-06,-0.002162646,,,,,,,,,,,,,,
6.81535,2.99E-06,-0.001780131,,,,,,,,,,,,,,
6.81545,3.33E-06,-0.001373339,,,,,,,,,,,,,,
6.81555,3.47E-06,-0.001308813,,,,,,,,,,,,,,
6.81565,3.54E-06,-0.001184193,,,,,,,,,,,,,,
6.81575,3.57E-06,-0.001117626,,,,,,,,,,,,,,
6.81585,3.59E-06,-0.001129799,,,,,,,,,,,,,,
6.81595,3.60E-06,-0.001279822,,,,,,,,,,,,,,
6.81605,5.06E-06,-1.834020495,,,,,,,,,,,,,,
6.81615,5.48E-06,-9.994240761,,,,,,,,,,,,,,
6.81625,1.03E-06,-9.994700432,,,,,,,,,,,,,,
6.81635,3.60E-07,-9.995138168,,,,,,,,,,,,,,
6.81645,1.81E-07,-9.995052338,,,,,,,,,,,,,,
6.81655,1.14E-07,-9.995384216,,,,,,,,,,,,,,
6.81665,8.11E-08,-9.995397568,,,,,,,,,,,,,,
6.81675,6.17E-08,-9.995384216,,,,,,,,,,,,,,
6.81685,4.93E-08,-9.995473862,,,,,,,,,,,,,,
6.81695,4.01E-08,-9.995438576,,,,,,,,,,,,,,
6.81705,-2.04E-06,-8.172793388,,,,,,,,,,,,,,
6.81715,-4.13E-06,-0.002325616,,,,,,,,,,,,,,
6.81725,1.85E-06,-0.001670851,,,,,,,,,,,,,,
6.81735,3.00E-06,-0.001073154,,,,,,,,,,,,,,
6.81745,3.33E-06,-0.000918768,,,,,,,,,,,,,,
6.81755,3.47E-06,-0.000980551,,,,,,,,,,,,,,
6.81765,3.54E-06,-0.001036,,,,,,,,,,,,,,
6.81775,3.57E-06,-0.000970558,,,,,,,,,,,,,,
6.81785,3.59E-06,-0.000886048,,,,,,,,,,,,,,
6.81795,3.61E-06,-0.000876196,,,,,,,,,,,,,,
6.81805,5.04E-06,-1.813886523,,,,,,,,,,,,,,
6.81815,5.49E-06,-9.994270325,,,,,,,,,,,,,,
6.81825,1.03E-06,-9.994695663,,,,,,,,,,,,,,
6.81835,3.61E-07,-9.995364189,,,,,,,,,,,,,,
6.81845,1.81E-07,-9.995567322,,,,,,,,,,,,,,
6.81855,1.14E-07,-9.995457649,,,,,,,,,,,,,,
6.81865,8.13E-08,-9.995698929,,,,,,,,,,,,,,
6.81875,6.20E-08,-9.995757103,,,,,,,,,,,,,,
6.81885,4.95E-08,-9.995492935,,,,,,,,,,,,,,
6.81895,4.04E-08,-9.995420456,,,,,,,,,,,,,,
6.81905,-2.02E-06,-8.19285202,,,,,,,,,,,,,,
6.81915,-4.16E-06,-0.002485983,,,,,,,,,,,,,,
6.81925,1.85E-06,-0.001899685,,,,,,,,,,,,,,
6.81935,3.00E-06,-0.001407749,,,,,,,,,,,,,,
6.81945,3.34E-06,-0.001542713,,,,,,,,,,,,,,
6.81955,3.47E-06,-0.001317749,,,,,,,,,,,,,,
6.81965,3.54E-06,-0.001414926,,,,,,,,,,,,,,
6.81975,3.57E-06,-0.001455317,,,,,,,,,,,,,,
6.81985,3.60E-06,-0.001322957,,,,,,,,,,,,,,
6.81995,3.61E-06,-0.001365388,,,,,,,,,,,,,,
6.82005,5.03E-06,-1.794275641,,,,,,,,,,,,,,
6.82015,5.51E-06,-9.994119644,,,,,,,,,,,,,,
6.82025,1.03E-06,-9.994799614,,,,,,,,,,,,,,
6.82035,3.61E-07,-9.995845795,,,,,,,,,,,,,,
6.82045,1.81E-07,-9.995770454,,,,,,,,,,,,,,
6.82055,1.14E-07,-9.995646477,,,,,,,,,,,,,,
6.82065,8.14E-08,-9.995715141,,,,,,,,,,,,,,
6.82075,6.21E-08,-9.996069908,,,,,,,,,,,,,,
6.82085,4.93E-08,-9.995893478,,,,,,,,,,,,,,
6.82095,4.01E-08,-9.995863914,,,,,,,,,,,,,,
6.82105,-2.00E-06,-8.212960243,,,,,,,,,,,,,,
6.82115,-4.18E-06,-0.002772306,,,,,,,,,,,,,,
6.82125,1.85E-06,-0.002273967,,,,,,,,,,,,,,
6.82135,3.00E-06,-0.002058574,,,,,,,,,,,,,,
6.82145,3.34E-06,-0.001834666,,,,,,,,,,,,,,
6.82155,3.47E-06,-0.001363277,,,,,,,,,,,,,,
6.82165,3.54E-06,-0.001418445,,,,,,,,,,,,,,
6.82175,3.58E-06,-0.001316694,,,,,,,,,,,,,,
6.82185,3.60E-06,-0.001113403,,,,,,,,,,,,,,
6.82195,3.61E-06,-0.001082935,,,,,,,,,,,,,,
6.82205,5.01E-06,-1.774030209,,,,,,,,,,,,,,
6.82215,5.53E-06,-9.994251251,,,,,,,,,,,,,,
6.82225,1.04E-06,-9.994860649,,,,,,,,,,,,,,
6.82235,3.62E-07,-9.995417595,,,,,,,,,,,,,,
6.82245,1.82E-07,-9.995329857,,,,,,,,,,,,,,
6.82255,1.15E-07,-9.995554924,,,,,,,,,,,,,,
6.82265,8.16E-08,-9.995388985,,,,,,,,,,,,,,
6.82275,6.18E-08,-9.995079041,,,,,,,,,,,,,,
6.82285,4.93E-08,-9.995187759,,,,,,,,,,,,,,
6.82295,4.03E-08,-9.995280266,,,,,,,,,,,,,,
6.82305,-1.98E-06,-8.232725143,,,,,,,,,,,,,,
6.82315,-4.20E-06,-0.002489501,,,,,,,,,,,,,,
6.82325,1.84E-06,-0.001952038,,,,,,,,,,,,,,
6.82335,3.00E-06,-0.001563823,,,,,,,,,,,,,,
6.82345,3.34E-06,-0.001466857,,,,,,,,,,,,,,
6.82355,3.47E-06,-0.001125084,,,,,,,,,,,,,,
6.82365,3.54E-06,-0.001095601,,,,,,,,,,,,,,
6.82375,3.58E-06,-0.001073224,,,,,,,,,,,,,,
6.82385,3.60E-06,-0.001143521,,,,,,,,,,,,,,
6.82395,3.61E-06,-0.000792811,,,,,,,,,,,,,,
6.82405,5.00E-06,-1.753656864,,,,,,,,,,,,,,
6.82415,5.55E-06,-9.99394989,,,,,,,,,,,,,,
6.82425,1.04E-06,-9.99477005,,,,,,,,,,,,,,
6.82435,3.62E-07,-9.994844437,,,,,,,,,,,,,,
6.82445,1.82E-07,-9.994818687,,,,,,,,,,,,,,
6.82455,1.15E-07,-9.994953156,,,,,,,,,,,,,,
6.82465,8.14E-08,-9.99518013,,,,,,,,,,,,,,
6.82475,6.23E-08,-9.99512291,,,,,,,,,,,,,,
6.82485,4.94E-08,-9.99501133,,,,,,,,,,,,,,
6.82495,4.06E-08,-9.9949646,,,,,,,,,,,,,,
6.82505,-1.95E-06,-8.252158165,,,,,,,,,,,,,,
6.82515,-4.22E-06,-0.002171161,,,,,,,,,,,,,,
6.82525,1.84E-06,-0.001521181,,,,,,,,,,,,,,
6.82535,3.00E-06,-0.001400782,,,,,,,,,,,,,,
6.82545,3.34E-06,-0.001435122,,,,,,,,,,,,,,
6.82555,3.48E-06,-0.001231831,,,,,,,,,,,,,,
6.82565,3.54E-06,-0.001015664,,,,,,,,,,,,,,
6.82575,3.58E-06,-0.00098041,,,,,,,,,,,,,,
6.82585,3.60E-06,-0.001136695,,,,,,,,,,,,,,
6.82595,3.61E-06,-0.001090112,,,,,,,,,,,,,,
6.82605,4.99E-06,-1.733653307,,,,,,,,,,,,,,
6.82615,5.57E-06,-9.99358654,,,,,,,,,,,,,,
6.82625,1.04E-06,-9.994080544,,,,,,,,,,,,,,
6.82635,3.63E-07,-9.994929314,,,,,,,,,,,,,,
6.82645,1.82E-07,-9.994730949,,,,,,,,,,,,,,
6.82655,1.15E-07,-9.994997025,,,,,,,,,,,,,,
6.82665,8.17E-08,-9.994994164,,,,,,,,,,,,,,
6.82675,6.19E-08,-9.9950037,,,,,,,,,,,,,,
6.82685,4.92E-08,-9.994942665,,,,,,,,,,,,,,
6.82695,4.04E-08,-9.994853973,,,,,,,,,,,,,,
6.82705,-1.93E-06,-8.2721138,,,,,,,,,,,,,,
6.82715,-4.24E-06,-0.001863446,,,,,,,,,,,,,,
6.82725,1.84E-06,-0.001391775,,,,,,,,,,,,,,
6.82735,3.00E-06,-0.001238727,,,,,,,,,,,,,,
6.82745,3.34E-06,-0.001273489,,,,,,,,,,,,,,
6.82755,3.48E-06,-0.000934953,,,,,,,,,,,,,,
6.82765,3.55E-06,-0.000848683,,,,,,,,,,,,,,
6.82775,3.58E-06,-0.000686135,,,,,,,,,,,,,,
6.82785,3.61E-06,-0.000528794,,,,,,,,,,,,,,
6.82795,3.62E-06,-0.000549341,,,,,,,,,,,,,,
6.82805,4.97E-06,-1.713763714,,,,,,,,,,,,,,
6.82815,5.59E-06,-9.994024277,,,,,,,,,,,,,,
6.82825,1.05E-06,-9.994592667,,,,,,,,,,,,,,
6.82835,3.64E-07,-9.995135307,,,,,,,,,,,,,,
6.82845,1.82E-07,-9.994997978,,,,,,,,,,,,,,
6.82855,1.15E-07,-9.995100975,,,,,,,,,,,,,,
6.82865,8.17E-08,-9.995203972,,,,,,,,,,,,,,
6.82875,6.22E-08,-9.995381355,,,,,,,,,,,,,,
6.82885,4.95E-08,-9.99566555,,,,,,,,,,,,,,
6.82895,4.06E-08,-9.995681763,,,,,,,,,,,,,,
6.82905,-1.91E-06,-8.292772293,,,,,,,,,,,,,,
6.82915,-4.27E-06,-0.002583089,,,,,,,,,,,,,,
6.82925,1.84E-06,-0.002013538,,,,,,,,,,,,,,
6.82935,3.00E-06,-0.001533565,,,,,,,,,,,,,,
6.82945,3.34E-06,-0.001481282,,,,,,,,,,,,,,
6.82955,3.48E-06,-0.001063443,,,,,,,,,,,,,,
6.82965,3.55E-06,-0.00128728,,,,,,,,,,,,,,
6.82975,3.58E-06,-0.000834398,,,,,,,,,,,,,,
6.82985,3.61E-06,-0.000935445,,,,,,,,,,,,,,
6.82995,3.62E-06,-0.001076883,,,,,,,,,,,,,,
6.83005,4.96E-06,-1.693748832,,,,,,,,,,,,,,
6.83015,5.61E-06,-9.994357109,,,,,,,,,,,,,,
6.83025,1.05E-06,-9.994722366,,,,,,,,,,,,,,
6.83035,3.64E-07,-9.995418549,,,,,,,,,,,,,,
6.83045,1.83E-07,-9.995799065,,,,,,,,,,,,,,
6.83055,1.15E-07,-9.99587059,,,,,,,,,,,,,,
6.83065,8.18E-08,-9.996155739,,,,,,,,,,,,,,
6.83075,6.22E-08,-9.995952606,,,,,,,,,,,,,,
6.83085,4.95E-08,-9.995739937,,,,,,,,,,,,,,
6.83095,4.08E-08,-9.995598793,,,,,,,,,,,,,,
6.83105,-1.88E-06,-8.31256485,,,,,,,,,,,,,,
6.83115,-4.29E-06,-0.002254827,,,,,,,,,,,,,,
6.83125,1.83E-06,-0.00160928,,,,,,,,,,,,,,
6.83135,3.00E-06,-0.00119897,,,,,,,,,,,,,,
6.83145,3.34E-06,-0.00105711,,,,,,,,,,,,,,
6.83155,3.48E-06,-0.000885274,,,,,,,,,,,,,,
6.83165,3.55E-06,-0.000724555,,,,,,,,,,,,,,
6.83175,3.59E-06,-0.000715408,,,,,,,,,,,,,,
6.83185,3.61E-06,-0.000790982,,,,,,,,,,,,,,
6.83195,3.62E-06,-0.000796682,,,,,,,,,,,,,,
6.83205,4.94E-06,-1.673456669,,,,,,,,,,,,,,
6.83215,5.63E-06,-9.993531227,,,,,,,,,,,,,,
6.83225,1.05E-06,-9.994222641,,,,,,,,,,,,,,
6.83235,3.65E-07,-9.994920731,,,,,,,,,,,,,,
6.83245,1.83E-07,-9.995082855,,,,,,,,,,,,,,
6.83255,1.15E-07,-9.995139122,,,,,,,,,,,,,,
6.83265,8.17E-08,-9.994894028,,,,,,,,,,,,,,
6.83275,6.19E-08,-9.995283127,,,,,,,,,,,,,,
6.83285,4.91E-08,-9.995311737,,,,,,,,,,,,,,
6.83295,4.03E-08,-9.994931221,,,,,,,,,,,,,,
6.83305,-1.86E-06,-8.332147598,,,,,,,,,,,,,,
6.83315,-4.31E-06,-0.002280511,,,,,,,,,,,,,,
6.83325,1.83E-06,-0.001829951,,,,,,,,,,,,,,
6.83335,3.00E-06,-0.001317186,,,,,,,,,,,,,,
6.83345,3.35E-06,-0.001243231,,,,,,,,,,,,,,
6.83355,3.48E-06,-0.001174693,,,,,,,,,,,,,,
6.83365,3.55E-06,-0.001372143,,,,,,,,,,,,,,
6.83375,3.58E-06,-0.001120792,,,,,,,,,,,,,,
6.83385,3.61E-06,-0.000835172,,,,,,,,,,,,,,
6.83395,3.62E-06,-0.000880629,,,,,,,,,,,,,,
6.83405,4.93E-06,-1.653935194,,,,,,,,,,,,,,
6.83415,5.65E-06,-9.994057655,,,,,,,,,,,,,,
6.83425,1.05E-06,-9.994696617,,,,,,,,,,,,,,
6.83435,3.66E-07,-9.995298386,,,,,,,,,,,,,,
6.83445,1.83E-07,-9.995323181,,,,,,,,,,,,,,
6.83455,1.15E-07,-9.995559692,,,,,,,,,,,,,,
6.83465,8.19E-08,-9.99532032,,,,,,,,,,,,,,
6.83475,6.20E-08,-9.995448112,,,,,,,,,,,,,,
6.83485,4.94E-08,-9.995495796,,,,,,,,,,,,,,
6.83495,4.04E-08,-9.995422363,,,,,,,,,,,,,,
6.83505,-1.84E-06,-8.35240078,,,,,,,,,,,,,,
6.83515,-4.33E-06,-0.002247298,,,,,,,,,,,,,,
6.83525,1.83E-06,-0.001727778,,,,,,,,,,,,,,
6.83535,3.00E-06,-0.001188555,,,,,,,,,,,,,,
6.83545,3.35E-06,-0.001145913,,,,,,,,,,,,,,
6.83555,3.49E-06,-0.000994624,,,,,,,,,,,,,,
6.83565,3.55E-06,-0.00108779,,,,,,,,,,,,,,
6.83575,3.59E-06,-0.000854101,,,,,,,,,,,,,,
6.83585,3.61E-06,-0.000852694,,,,,,,,,,,,,,
6.83595,3.63E-06,-0.000694227,,,,,,,,,,,,,,
6.83605,4.92E-06,-1.633692503,,,,,,,,,,,,,,
6.83615,5.67E-06,-9.994155884,,,,,,,,,,,,,,
6.83625,1.06E-06,-9.994695663,,,,,,,,,,,,,,
6.83635,3.66E-07,-9.99516964,,,,,,,,,,,,,,
6.83645,1.83E-07,-9.995243073,,,,,,,,,,,,,,
6.83655,1.15E-07,-9.995337486,,,,,,,,,,,,,,
6.83665,8.17E-08,-9.995330811,,,,,,,,,,,,,,
6.83675,6.22E-08,-9.995441437,,,,,,,,,,,,,,
6.83685,4.97E-08,-9.995206833,,,,,,,,,,,,,,
6.83695,4.04E-08,-9.995656967,,,,,,,,,,,,,,
6.83705,-1.82E-06,-8.372673035,,,,,,,,,,,,,,
6.83715,-4.36E-06,-0.002104171,,,,,,,,,,,,,,
6.83725,1.83E-06,-0.00147319,,,,,,,,,,,,,,
6.83735,3.00E-06,-0.001269126,,,,,,,,,,,,,,
6.83745,3.35E-06,-0.001273911,,,,,,,,,,,,,,
6.83755,3.49E-06,-0.000937908,,,,,,,,,,,,,,
6.83765,3.56E-06,-0.000873945,,,,,,,,,,,,,,
6.83775,3.59E-06,-0.000983787,,,,,,,,,,,,,,
6.83785,3.61E-06,-0.000765298,,,,,,,,,,,,,,
6.83795,3.63E-06,-0.000821873,,,,,,,,,,,,,,
6.83805,4.90E-06,-1.613682747,,,,,,,,,,,,,,
6.83815,5.69E-06,-9.994105339,,,,,,,,,,,,,,
6.83825,1.06E-06,-9.994647026,,,,,,,,,,,,,,
6.83835,3.67E-07,-9.995335579,,,,,,,,,,,,,,
6.83845,1.83E-07,-9.995389938,,,,,,,,,,,,,,
6.83855,1.15E-07,-9.995370865,,,,,,,,,,,,,,
6.83865,8.16E-08,-9.99546051,,,,,,,,,,,,,,
6.83875,6.21E-08,-9.995235443,,,,,,,,,,,,,,
6.83885,4.94E-08,-9.995333672,,,,,,,,,,,,,,
6.83895,4.05E-08,-9.995409012,,,,,,,,,,,,,,
6.83905,-1.79E-06,-8.392564774,,,,,,,,,,,,,,
6.83915,-4.38E-06,-0.002277626,,,,,,,,,,,,,,
6.83925,1.82E-06,-0.002078909,,,,,,,,,,,,,,
6.83935,3.00E-06,-0.001393253,,,,,,,,,,,,,,
6.83945,3.35E-06,-0.001217899,,,,,,,,,,,,,,
6.83955,3.49E-06,-0.001045007,,,,,,,,,,,,,,
6.83965,3.56E-06,-0.001026852,,,,,,,,,,,,,,
6.83975,3.60E-06,-0.000820958,,,,,,,,,,,,,,
6.83985,3.62E-06,-0.000718082,,,,,,,,,,,,,,
6.83995,3.63E-06,-0.000647574,,,,,,,,,,,,,,
6.84005,4.89E-06,-1.593755841,,,,,,,,,,,,,,
6.84015,5.71E-06,-9.99401474,,,,,,,,,,,,,,
6.84025,1.06E-06,-9.994380951,,,,,,,,,,,,,,
6.84035,3.67E-07,-9.994876862,,,,,,,,,,,,,,
6.84045,1.83E-07,-9.995035172,,,,,,,,,,,,,,
6.84055,1.15E-07,-9.995244026,,,,,,,,,,,,,,
6.84065,8.20E-08,-9.995369911,,,,,,,,,,,,,,
6.84075,6.23E-08,-9.995248795,,,,,,,,,,,,,,
6.84085,4.93E-08,-9.995305061,,,,,,,,,,,,,,
6.84095,4.04E-08,-9.995563507,,,,,,,,,,,,,,
6.84105,-1.77E-06,-8.412367821,,,,,,,,,,,,,,
6.84115,-4.40E-06,-0.002045063,,,,,,,,,,,,,,
6.84125,1.82E-06,-0.001653822,,,,,,,,,,,,,,
6.84135,3.01E-06,-0.000876618,,,,,,,,,,,,,,
6.84145,3.35E-06,-0.000784156,,,,,,,,,,,,,,
6.84155,3.49E-06,-0.000727863,,,,,,,,,,,,,,
6.84165,3.56E-06,-0.000645955,,,,,,,,,,,,,,
6.84175,3.59E-06,-0.000843546,,,,,,,,,,,,,,
6.84185,3.62E-06,-0.000998494,,,,,,,,,,,,,,
6.84195,3.63E-06,-0.000893647,,,,,,,,,,,,,,
6.84205,4.87E-06,-1.573866963,,,,,,,,,,,,,,
6.84215,5.73E-06,-9.994131088,,,,,,,,,,,,,,
6.84225,1.06E-06,-9.994720459,,,,,,,,,,,,,,
6.84235,3.68E-07,-9.995492935,,,,,,,,,,,,,,
6.84245,1.83E-07,-9.99532795,,,,,,,,,,,,,,
6.84255,1.15E-07,-9.995512009,,,,,,,,,,,,,,
6.84265,8.20E-08,-9.995635033,,,,,,,,,,,,,,
6.84275,6.21E-08,-9.995635986,,,,,,,,,,,,,,
6.84285,4.95E-08,-9.995630264,,,,,,,,,,,,,,
6.84295,4.04E-08,-9.995508194,,,,,,,,,,,,,,
6.84305,-1.75E-06,-8.432738304,,,,,,,,,,,,,,
6.84315,-4.43E-06,-0.002337368,,,,,,,,,,,,,,
6.84325,1.82E-06,-0.001682039,,,,,,,,,,,,,,
6.84335,3.01E-06,-0.001282707,,,,,,,,,,,,,,
6.84345,3.35E-06,-0.001112348,,,,,,,,,,,,,,
6.84355,3.49E-06,-0.001176875,,,,,,,,,,,,,,
6.84365,3.56E-06,-0.000977384,,,,,,,,,,,,,,
6.84375,3.60E-06,-0.000971403,,,,,,,,,,,,,,
6.84385,3.62E-06,-0.001065976,,,,,,,,,,,,,,
6.84395,3.63E-06,-0.001063865,,,,,,,,,,,,,,
6.84405,4.86E-06,-1.554109931,,,,,,,,,,,,,,
6.84415,5.74E-06,-9.9941082,,,,,,,,,,,,,,
6.84425,1.07E-06,-9.994875908,,,,,,,,,,,,,,
6.84435,3.68E-07,-9.995658875,,,,,,,,,,,,,,
6.84445,1.84E-07,-9.995678902,,,,,,,,,,,,,,
6.84455,1.15E-07,-9.995654106,,,,,,,,,,,,,,
6.84465,8.22E-08,-9.995785713,,,,,,,,,,,,,,
6.84475,6.22E-08,-9.995903969,,,,,,,,,,,,,,
6.84485,4.98E-08,-9.995956421,,,,,,,,,,,,,,
6.84495,4.05E-08,-9.996071815,,,,,,,,,,,,,,
6.84505,-1.73E-06,-8.452804565,,,,,,,,,,,,,,
6.84515,-4.45E-06,-0.002555013,,,,,,,,,,,,,,
6.84525,1.81E-06,-0.002061529,,,,,,,,,,,,,,
6.84535,3.01E-06,-0.001787308,,,,,,,,,,,,,,
6.84545,3.35E-06,-0.001470516,,,,,,,,,,,,,,
6.84555,3.49E-06,-0.001303817,,,,,,,,,,,,,,
6.84565,3.56E-06,-0.001298187,,,,,,,,,,,,,,
6.84575,3.60E-06,-0.001570156,,,,,,,,,,,,,,
6.84585,3.62E-06,-0.001329219,,,,,,,,,,,,,,
6.84595,3.63E-06,-0.001081316,,,,,,,,,,,,,,
6.84605,4.85E-06,-1.534086585,,,,,,,,,,,,,,
6.84615,5.76E-06,-9.994076729,,,,,,,,,,,,,,
6.84625,1.07E-06,-9.994618416,,,,,,,,,,,,,,
6.84635,3.69E-07,-9.99520874,,,,,,,,,,,,,,
6.84645,1.84E-07,-9.995212555,,,,,,,,,,,,,,
6.84655,1.15E-07,-9.99521637,,,,,,,,,,,,,,
6.84665,8.21E-08,-9.995433807,,,,,,,,,,,,,,
6.84675,6.22E-08,-9.995581627,,,,,,,,,,,,,,
6.84685,4.96E-08,-9.995456696,,,,,,,,,,,,,,
6.84695,4.05E-08,-9.995762825,,,,,,,,,,,,,,
6.84705,-1.70E-06,-8.472877502,,,,,,,,,,,,,,
6.84715,-4.47E-06,-0.002932039,,,,,,,,,,,,,,
6.84725,1.81E-06,-0.002478383,,,,,,,,,,,,,,
6.84735,3.01E-06,-0.001810741,,,,,,,,,,,,,,
6.84745,3.36E-06,-0.00194676,,,,,,,,,,,,,,
6.84755,3.50E-06,-0.001416404,,,,,,,,,,,,,,
6.84765,3.56E-06,-0.001537506,,,,,,,,,,,,,,
6.84775,3.60E-06,-0.00116449,,,,,,,,,,,,,,
6.84785,3.62E-06,-0.000981043,,,,,,,,,,,,,,
6.84795,3.63E-06,-0.001003983,,,,,,,,,,,,,,
6.84805,4.83E-06,-1.513898015,,,,,,,,,,,,,,
6.84815,5.78E-06,-9.993860245,,,,,,,,,,,,,,
6.84825,1.07E-06,-9.994428635,,,,,,,,,,,,,,
6.84835,3.70E-07,-9.994852066,,,,,,,,,,,,,,
6.84845,1.84E-07,-9.99491024,,,,,,,,,,,,,,
6.84855,1.16E-07,-9.995060921,,,,,,,,,,,,,,
6.84865,8.20E-08,-9.995101929,,,,,,,,,,,,,,
6.84875,6.23E-08,-9.99536705,,,,,,,,,,,,,,
6.84885,4.95E-08,-9.995212555,,,,,,,,,,,,,,
6.84895,4.05E-08,-9.995295525,,,,,,,,,,,,,,
6.84905,-1.68E-06,-8.492577553,,,,,,,,,,,,,,
6.84915,-4.49E-06,-0.00236467,,,,,,,,,,,,,,
6.84925,1.81E-06,-0.001986095,,,,,,,,,,,,,,
6.84935,3.01E-06,-0.001234435,,,,,,,,,,,,,,
6.84945,3.36E-06,-0.001448702,,,,,,,,,,,,,,
6.84955,3.50E-06,-0.000983928,,,,,,,,,,,,,,
6.84965,3.57E-06,-0.00089414,,,,,,,,,,,,,,
6.84975,3.60E-06,-0.000833554,,,,,,,,,,,,,,
6.84985,3.63E-06,-0.001093419,,,,,,,,,,,,,,
6.84995,3.64E-06,-0.001225428,,,,,,,,,,,,,,
6.85005,4.82E-06,-1.494123936,,,,,,,,,,,,,,
6.85015,5.80E-06,-9.994336128,,,,,,,,,,,,,,
6.85025,1.08E-06,-9.994826317,,,,,,,,,,,,,,
6.85035,3.71E-07,-9.995350838,,,,,,,,,,,,,,
6.85045,1.85E-07,-9.995296478,,,,,,,,,,,,,,
6.85055,1.16E-07,-9.995477676,,,,,,,,,,,,,,
6.85065,8.20E-08,-9.995651245,,,,,,,,,,,,,,
6.85075,6.24E-08,-9.995833397,,,,,,,,,,,,,,
6.85085,4.95E-08,-9.995732307,,,,,,,,,,,,,,
6.85095,4.05E-08,-9.995936394,,,,,,,,,,,,,,
6.85105,-1.66E-06,-8.512810707,,,,,,,,,,,,,,
6.85115,-4.51E-06,-0.002656271,,,,,,,,,,,,,,
6.85125,1.80E-06,-0.002209018,,,,,,,,,,,,,,
6.85135,3.01E-06,-0.001411619,,,,,,,,,,,,,,
6.85145,3.36E-06,-0.001209947,,,,,,,,,,,,,,
6.85155,3.50E-06,-0.001049299,,,,,,,,,,,,,,
6.85165,3.57E-06,-0.001077868,,,,,,,,,,,,,,
6.85175,3.61E-06,-0.001221135,,,,,,,,,,,,,,
6.85185,3.63E-06,-0.001117626,,,,,,,,,,,,,,
6.85195,3.64E-06,-0.001209384,,,,,,,,,,,,,,
6.85205,4.81E-06,-1.474330425,,,,,,,,,,,,,,
6.85215,5.82E-06,-9.994261742,,,,,,,,,,,,,,
6.85225,1.08E-06,-9.994755745,,,,,,,,,,,,,,
6.85235,3.71E-07,-9.995387077,,,,,,,,,,,,,,
6.85245,1.85E-07,-9.995408058,,,,,,,,,,,,,,
6.85255,1.16E-07,-9.995407104,,,,,,,,,,,,,,
6.85265,8.21E-08,-9.995540619,,,,,,,,,,,,,,
6.85275,6.26E-08,-9.995520592,,,,,,,,,,,,,,
6.85285,4.98E-08,-9.995649338,,,,,,,,,,,,,,
6.85295,4.08E-08,-9.995479584,,,,,,,,,,,,,,
6.85305,-1.63E-06,-8.532307625,,,,,,,,,,,,,,
6.85315,-4.54E-06,-0.002390072,,,,,,,,,,,,,,
6.85325,1.80E-06,-0.001792375,,,,,,,,,,,,,,
6.85335,3.01E-06,-0.001307898,,,,,,,,,,,,,,
6.85345,3.36E-06,-0.001297413,,,,,,,,,,,,,,
6.85355,3.50E-06,-0.001266593,,,,,,,,,,,,,,
6.85365,3.57E-06,-0.001330134,,,,,,,,,,,,,,
6.85375,3.61E-06,-0.001418304,,,,,,,,,,,,,,
6.85385,3.63E-06,-0.001454121,,,,,,,,,,,,,,
6.85395,3.64E-06,-0.001313527,,,,,,,,,,,,,,
6.85405,4.79E-06,-1.454375029,,,,,,,,,,,,,,
6.85415,5.84E-06,-9.994338989,,,,,,,,,,,,,,
6.85425,1.08E-06,-9.995112419,,,,,,,,,,,,,,
6.85435,3.72E-07,-9.995859146,,,,,,,,,,,,,,
6.85445,1.85E-07,-9.995932579,,,,,,,,,,,,,,
6.85455,1.16E-07,-9.995631218,,,,,,,,,,,,,,
6.85465,8.22E-08,-9.995797157,,,,,,,,,,,,,,
6.85475,6.26E-08,-9.995787621,,,,,,,,,,,,,,
6.85485,4.99E-08,-9.995832443,,,,,,,,,,,,,,
6.85495,4.08E-08,-9.996099472,,,,,,,,,,,,,,
6.85505,-1.61E-06,-8.55287075,,,,,,,,,,,,,,
6.85515,-4.56E-06,-0.002982633,,,,,,,,,,,,,,
6.85525,1.80E-06,-0.002404216,,,,,,,,,,,,,,
6.85535,3.01E-06,-0.002047667,,,,,,,,,,,,,,
6.85545,3.36E-06,-0.001759865,,,,,,,,,,,,,,
6.85555,3.50E-06,-0.001397475,,,,,,,,,,,,,,
6.85565,3.57E-06,-0.001415348,,,,,,,,,,,,,,
6.85575,3.61E-06,-0.001205936,,,,,,,,,,,,,,
6.85585,3.63E-06,-0.001162449,,,,,,,,,,,,,,
6.85595,3.64E-06,-0.001107704,,,,,,,,,,,,,,
6.85605,4.78E-06,-1.43443203,,,,,,,,,,,,,,
6.85615,5.86E-06,-9.994462013,,,,,,,,,,,,,,
6.85625,1.08E-06,-9.995060921,,,,,,,,,,,,,,
6.85635,3.73E-07,-9.995656013,,,,,,,,,,,,,,
6.85645,1.85E-07,-9.995754242,,,,,,,,,,,,,,
6.85655,1.16E-07,-9.995820045,,,,,,,,,,,,,,
6.85665,8.22E-08,-9.995819092,,,,,,,,,,,,,,
6.85675,6.24E-08,-9.995679855,,,,,,,,,,,,,,
6.85685,4.95E-08,-9.995962143,,,,,,,,,,,,,,
6.85695,4.03E-08,-9.996179581,,,,,,,,,,,,,,
6.85705,-1.59E-06,-8.573249817,,,,,,,,,,,,,,
6.85715,-4.58E-06,-0.002789546,,,,,,,,,,,,,,
6.85725,1.79E-06,-0.002411816,,,,,,,,,,,,,,
6.85735,3.01E-06,-0.001893,,,,,,,,,,,,,,
6.85745,3.36E-06,-0.00179533,,,,,,,,,,,,,,
6.85755,3.50E-06,-0.001506896,,,,,,,,,,,,,,
6.85765,3.57E-06,-0.001305435,,,,,,,,,,,,,,
6.85775,3.61E-06,-0.001311627,,,,,,,,,,,,,,
6.85785,3.63E-06,-0.001554816,,,,,,,,,,,,,,
6.85795,3.65E-06,-0.001184052,,,,,,,,,,,,,,
6.85805,4.76E-06,-1.414609671,,,,,,,,,,,,,,
6.85815,5.88E-06,-9.994706154,,,,,,,,,,,,,,
6.85825,1.09E-06,-9.995308876,,,,,,,,,,,,,,
6.85835,3.73E-07,-9.99582386,,,,,,,,,,,,,,
6.85845,1.85E-07,-9.996026039,,,,,,,,,,,,,,
6.85855,1.16E-07,-9.995933533,,,,,,,,,,,,,,
6.85865,8.24E-08,-9.996193886,,,,,,,,,,,,,,
6.85875,6.28E-08,-9.995874405,,,,,,,,,,,,,,
6.85885,4.97E-08,-9.995938301,,,,,,,,,,,,,,
6.85895,4.07E-08,-9.995676041,,,,,,,,,,,,,,
6.85905,-1.57E-06,-8.592715263,,,,,,,,,,,,,,
6.85915,-4.61E-06,-0.002666474,,,,,,,,,,,,,,
6.85925,1.79E-06,-0.002096924,,,,,,,,,,,,,,
6.85935,3.01E-06,-0.001318312,,,,,,,,,,,,,,
6.85945,3.36E-06,-0.001058728,,,,,,,,,,,,,,
6.85955,3.50E-06,-0.000910958,,,,,,,,,,,,,,
6.85965,3.57E-06,-0.000754391,,,,,,,,,,,,,,
6.85975,3.61E-06,-0.000904765,,,,,,,,,,,,,,
6.85985,3.63E-06,-0.000765579,,,,,,,,,,,,,,
6.85995,3.64E-06,-0.000875422,,,,,,,,,,,,,,
6.86005,4.75E-06,-1.394151926,,,,,,,,,,,,,,
6.86015,5.90E-06,-9.994099617,,,,,,,,,,,,,,
6.86025,1.09E-06,-9.994735718,,,,,,,,,,,,,,
6.86035,3.74E-07,-9.994959831,,,,,,,,,,,,,,
6.86045,1.85E-07,-9.995101929,,,,,,,,,,,,,,
6.86055,1.16E-07,-9.995160103,,,,,,,,,,,,,,
6.86065,8.24E-08,-9.995265961,,,,,,,,,,,,,,
6.86075,6.27E-08,-9.995516777,,,,,,,,,,,,,,
6.86085,4.96E-08,-9.995669365,,,,,,,,,,,,,,
6.86095,4.06E-08,-9.995921135,,,,,,,,,,,,,,
6.86105,-1.54E-06,-8.612697601,,,,,,,,,,,,,,
6.86115,-4.63E-06,-0.002524896,,,,,,,,,,,,,,
6.86125,1.79E-06,-0.001895533,,,,,,,,,,,,,,
6.86135,3.01E-06,-0.001412745,,,,,,,,,,,,,,
6.86145,3.37E-06,-0.00148283,,,,,,,,,,,,,,
6.86155,3.51E-06,-0.001321408,,,,,,,,,,,,,,
6.86165,3.57E-06,-0.001184122,,,,,,,,,,,,,,
6.86175,3.61E-06,-0.001002787,,,,,,,,,,,,,,
6.86185,3.64E-06,-0.001124451,,,,,,,,,,,,,,
6.86195,3.65E-06,-0.001201222,,,,,,,,,,,,,,
6.86205,4.73E-06,-1.37422061,,,,,,,,,,,,,,
6.86215,5.92E-06,-9.993863106,,,,,,,,,,,,,,
6.86225,1.09E-06,-9.994628906,,,,,,,,,,,,,,
6.86235,3.75E-07,-9.995294571,,,,,,,,,,,,,,
6.86245,1.86E-07,-9.995553017,,,,,,,,,,,,,,
6.86255,1.16E-07,-9.995564461,,,,,,,,,,,,,,
6.86265,8.29E-08,-9.995639801,,,,,,,,,,,,,,
6.86275,6.28E-08,-9.995577812,,,,,,,,,,,,,,
6.86285,4.99E-08,-9.995770454,,,,,,,,,,,,,,
6.86295,4.09E-08,-9.995474815,,,,,,,,,,,,,,
6.86305,-1.52E-06,-8.63212204,,,,,,,,,,,,,,
6.86315,-4.65E-06,-0.002266578,,,,,,,,,,,,,,
6.86325,1.79E-06,-0.001648545,,,,,,,,,,,,,,
6.86335,3.01E-06,-0.001369469,,,,,,,,,,,,,,
6.86345,3.37E-06,-0.000937275,,,,,,,,,,,,,,
6.86355,3.51E-06,-0.001062387,,,,,,,,,,,,,,
6.86365,3.58E-06,-0.001000394,,,,,,,,,,,,,,
6.86375,3.62E-06,-0.000898573,,,,,,,,,,,,,,
6.86385,3.64E-06,-0.000817088,,,,,,,,,,,,,,
6.86395,3.65E-06,-0.000730818,,,,,,,,,,,,,,
6.86405,4.72E-06,-1.354002833,,,,,,,,,,,,,,
6.86415,5.93E-06,-9.994256973,,,,,,,,,,,,,,
6.86425,1.10E-06,-9.994555473,,,,,,,,,,,,,,
6.86435,3.75E-07,-9.995119095,,,,,,,,,,,,,,
6.86445,1.86E-07,-9.995203018,,,,,,,,,,,,,,
6.86455,1.16E-07,-9.99520874,,,,,,,,,,,,,,
6.86465,8.27E-08,-9.995504379,,,,,,,,,,,,,,
6.86475,6.27E-08,-9.995427132,,,,,,,,,,,,,,
6.86485,4.96E-08,-9.995462418,,,,,,,,,,,,,,
6.86495,4.05E-08,-9.995602608,,,,,,,,,,,,,,
6.86505,-1.50E-06,-8.652709961,,,,,,,,,,,,,,
6.86515,-4.67E-06,-0.00260814,,,,,,,,,,,,,,
6.86525,1.78E-06,-0.001995876,,,,,,,,,,,,,,
6.86535,3.01E-06,-0.001596825,,,,,,,,,,,,,,
6.86545,3.37E-06,-0.001408382,,,,,,,,,,,,,,
6.86555,3.51E-06,-0.001366866,,,,,,,,,,,,,,
6.86565,3.58E-06,-0.001265115,,,,,,,,,,,,,,
6.86575,3.62E-06,-0.00119517,,,,,,,,,,,,,,
6.86585,3.64E-06,-0.001217547,,,,,,,,,,,,,,
6.86595,3.65E-06,-0.001479312,,,,,,,,,,,,,,
6.86605,4.71E-06,-1.334623694,,,,,,,,,,,,,,
6.86615,5.95E-06,-9.994438171,,,,,,,,,,,,,,
6.86625,1.10E-06,-9.995074272,,,,,,,,,,,,,,
6.86635,3.76E-07,-9.995713234,,,,,,,,,,,,,,
6.86645,1.86E-07,-9.995739937,,,,,,,,,,,,,,
6.86655,1.17E-07,-9.995970726,,,,,,,,,,,,,,
6.86665,8.26E-08,-9.995938301,,,,,,,,,,,,,,
6.86675,6.29E-08,-9.99570179,,,,,,,,,,,,,,
6.86685,5.03E-08,-9.9958992,,,,,,,,,,,,,,
6.86695,4.12E-08,-9.995914459,,,,,,,,,,,,,,
6.86705,-1.47E-06,-8.672850609,,,,,,,,,,,,,,
6.86715,-4.69E-06,-0.002833103,,,,,,,,,,,,,,
6.86725,1.78E-06,-0.002291066,,,,,,,,,,,,,,
6.86735,3.01E-06,-0.00193522,,,,,,,,,,,,,,
6.86745,3.37E-06,-0.001548764,,,,,,,,,,,,,,
6.86755,3.51E-06,-0.00147706,,,,,,,,,,,,,,
6.86765,3.58E-06,-0.001305998,,,,,,,,,,,,,,
6.86775,3.62E-06,-0.001313457,,,,,,,,,,,,,,
6.86785,3.64E-06,-0.001079346,,,,,,,,,,,,,,
6.86795,3.65E-06,-0.001040714,,,,,,,,,,,,,,
6.86805,4.69E-06,-1.314308286,,,,,,,,,,,,,,
6.86815,5.97E-06,-9.99403286,,,,,,,,,,,,,,
6.86825,1.10E-06,-9.994615555,,,,,,,,,,,,,,
6.86835,3.77E-07,-9.995051384,,,,,,,,,,,,,,
6.86845,1.86E-07,-9.995371819,,,,,,,,,,,,,,
6.86855,1.16E-07,-9.995410919,,,,,,,,,,,,,,
6.86865,8.26E-08,-9.995473862,,,,,,,,,,,,,,
6.86875,6.29E-08,-9.995355606,,,,,,,,,,,,,,
6.86885,4.99E-08,-9.995506287,,,,,,,,,,,,,,
6.86895,4.08E-08,-9.995513916,,,,,,,,,,,,,,
6.86905,-1.45E-06,-8.692168236,,,,,,,,,,,,,,
6.86915,-4.72E-06,-0.002391198,,,,,,,,,,,,,,
6.86925,1.78E-06,-0.001783227,,,,,,,,,,,,,,
6.86935,3.02E-06,-0.001229509,,,,,,,,,,,,,,
6.86945,3.37E-06,-0.001234998,,,,,,,,,,,,,,
6.86955,3.51E-06,-0.001029104,,,,,,,,,,,,,,
6.86965,3.59E-06,-0.000729411,,,,,,,,,,,,,,
6.86975,3.62E-06,-0.000729974,,,,,,,,,,,,,,
6.86985,3.64E-06,-0.000817651,,,,,,,,,,,,,,
6.86995,3.66E-06,-0.000800622,,,,,,,,,,,,,,
6.87005,4.68E-06,-1.29395473,,,,,,,,,,,,,,
6.87015,5.99E-06,-9.994017601,,,,,,,,,,,,,,
6.87025,1.11E-06,-9.994911194,,,,,,,,,,,,,,
6.87035,3.77E-07,-9.995024681,,,,,,,,,,,,,,
6.87045,1.87E-07,-9.995232582,,,,,,,,,,,,,,
6.87055,1.17E-07,-9.995168686,,,,,,,,,,,,,,
6.87065,8.31E-08,-9.995504379,,,,,,,,,,,,,,
6.87075,6.30E-08,-9.995229721,,,,,,,,,,,,,,
6.87085,4.96E-08,-9.995352745,,,,,,,,,,,,,,
6.87095,4.10E-08,-9.995698929,,,,,,,,,,,,,,
6.87105,-1.43E-06,-8.712228775,,,,,,,,,,,,,,
6.87115,-4.74E-06,-0.002401331,,,,,,,,,,,,,,
6.87125,1.77E-06,-0.001880123,,,,,,,,,,,,,,
6.87135,3.01E-06,-0.001319297,,,,,,,,,,,,,,
6.87145,3.38E-06,-0.000944312,,,,,,,,,,,,,,
6.87155,3.52E-06,-0.00079647,,,,,,,,,,,,,,
6.87165,3.59E-06,-0.000744328,,,,,,,,,,,,,,
6.87175,3.62E-06,-0.000758965,,,,,,,,,,,,,,
6.87185,3.65E-06,-0.000797244,,,,,,,,,,,,,,
6.87195,3.66E-06,-0.000767761,,,,,,,,,,,,,,
6.87205,4.66E-06,-1.274210691,,,,,,,,,,,,,,
6.87215,6.01E-06,-9.99393177,,,,,,,,,,,,,,
6.87225,1.11E-06,-9.994361877,,,,,,,,,,,,,,
6.87235,3.78E-07,-9.99488163,,,,,,,,,,,,,,
6.87245,1.86E-07,-9.995031357,,,,,,,,,,,,,,
6.87255,1.17E-07,-9.995235443,,,,,,,,,,,,,,
6.87265,8.27E-08,-9.99557972,,,,,,,,,,,,,,
6.87275,6.28E-08,-9.995548248,,,,,,,,,,,,,,
6.87285,4.96E-08,-9.995464325,,,,,,,,,,,,,,
6.87295,4.10E-08,-9.995537758,,,,,,,,,,,,,,
6.87305,-1.41E-06,-8.73239994,,,,,,,,,,,,,,
6.87315,-4.76E-06,-0.002318157,,,,,,,,,,,,,,
6.87325,1.77E-06,-0.001885682,,,,,,,,,,,,,,
6.87335,3.01E-06,-0.001186445,,,,,,,,,,,,,,
6.87345,3.38E-06,-0.00124316,,,,,,,,,,,,,,
6.87355,3.52E-06,-0.001173004,,,,,,,,,,,,,,
6.87365,3.59E-06,-0.001238094,,,,,,,,,,,,,,
6.87375,3.63E-06,-0.00093636,,,,,,,,,,,,,,
6.87385,3.65E-06,-0.000872889,,,,,,,,,,,,,,
6.87395,3.66E-06,-0.000907017,,,,,,,,,,,,,,
6.87405,4.65E-06,-1.254163146,,,,,,,,,,,,,,
6.87415,6.03E-06,-9.993611336,,,,,,,,,,,,,,
6.87425,1.11E-06,-9.994047165,,,,,,,,,,,,,,
6.87435,3.79E-07,-9.994375229,,,,,,,,,,,,,,
6.87445,1.87E-07,-9.994445801,,,,,,,,,,,,,,
6.87455,1.17E-07,-9.994852066,,,,,,,,,,,,,,
6.87465,8.31E-08,-9.994853973,,,,,,,,,,,,,,
6.87475,6.32E-08,-9.99519825,,,,,,,,,,,,,,
6.87485,5.02E-08,-9.995477676,,,,,,,,,,,,,,
6.87495,4.09E-08,-9.995676994,,,,,,,,,,,,,,
6.87505,-1.38E-06,-8.752353668,,,,,,,,,,,,,,
6.87515,-4.78E-06,-0.002197689,,,,,,,,,,,,,,
6.87525,1.77E-06,-0.001360814,,,,,,,,,,,,,,
6.87535,3.02E-06,-0.0011051,,,,,,,,,,,,,,
6.87545,3.38E-06,-0.000785493,,,,,,,,,,,,,,
6.87555,3.52E-06,-0.001118188,,,,,,,,,,,,,,
6.87565,3.59E-06,-0.000920527,,,,,,,,,,,,,,
6.87575,3.63E-06,-0.00108005,,,,,,,,,,,,,,
6.87585,3.65E-06,-0.001102426,,,,,,,,,,,,,,
6.87595,3.66E-06,-0.00078479,,,,,,,,,,,,,,
6.87605,4.64E-06,-1.234101534,,,,,,,,,,,,,,
6.87615,6.05E-06,-9.993894577,,,,,,,,,,,,,,
6.87625,1.11E-06,-9.994530678,,,,,,,,,,,,,,
6.87635,3.79E-07,-9.995214462,,,,,,,,,,,,,,
6.87645,1.87E-07,-9.995286942,,,,,,,,,,,,,,
6.87655,1.17E-07,-9.995265961,,,,,,,,,,,,,,
6.87665,8.29E-08,-9.995371819,,,,,,,,,,,,,,
6.87675,6.30E-08,-9.99505043,,,,,,,,,,,,,,
6.87685,5.03E-08,-9.995349884,,,,,,,,,,,,,,
6.87695,4.10E-08,-9.995465279,,,,,,,,,,,,,,
6.87705,-1.36E-06,-8.772144318,,,,,,,,,,,,,,
6.87715,-4.81E-06,-0.00230338,,,,,,,,,,,,,,
6.87725,1.76E-06,-0.001690906,,,,,,,,,,,,,,
6.87735,3.02E-06,-0.001177437,,,,,,,,,,,,,,
6.87745,3.38E-06,-0.001152879,,,,,,,,,,,,,,
6.87755,3.52E-06,-0.000962396,,,,,,,,,,,,,,
6.87765,3.59E-06,-0.000888862,,,,,,,,,,,,,,
6.87775,3.63E-06,-0.001029456,,,,,,,,,,,,,,
6.87785,3.65E-06,-0.000698731,,,,,,,,,,,,,,
6.87795,3.66E-06,-0.000842279,,,,,,,,,,,,,,
6.87805,4.62E-06,-1.21392405,,,,,,,,,,,,,,
6.87815,6.07E-06,-9.993733406,,,,,,,,,,,,,,
6.87825,1.12E-06,-9.99438858,,,,,,,,,,,,,,
6.87835,3.80E-07,-9.994937897,,,,,,,,,,,,,,
6.87845,1.87E-07,-9.995105743,,,,,,,,,,,,,,
6.87855,1.17E-07,-9.995319366,,,,,,,,,,,,,,
6.87865,8.29E-08,-9.995182991,,,,,,,,,,,,,,
6.87875,6.29E-08,-9.995250702,,,,,,,,,,,,,,
6.87885,4.99E-08,-9.995329857,,,,,,,,,,,,,,
6.87895,4.07E-08,-9.995436668,,,,,,,,,,,,,,
6.87905,-1.34E-06,-8.792280197,,,,,,,,,,,,,,
6.87915,-4.83E-06,-0.002655567,,,,,,,,,,,,,,
6.87925,1.76E-06,-0.001891452,,,,,,,,,,,,,,
6.87935,3.02E-06,-0.001323308,,,,,,,,,,,,,,
6.87945,3.38E-06,-0.001171667,,,,,,,,,,,,,,
6.87955,3.52E-06,-0.000959863,,,,,,,,,,,,,,
6.87965,3.59E-06,-0.000896181,,,,,,,,,,,,,,
6.87975,3.63E-06,-0.000986391,,,,,,,,,,,,,,
6.87985,3.66E-06,-0.000719982,,,,,,,,,,,,,,
6.87995,3.67E-06,-0.000880981,,,,,,,,,,,,,,
6.88005,4.61E-06,-1.194203258,,,,,,,,,,,,,,
6.88015,6.09E-06,-9.994334221,,,,,,,,,,,,,,
6.88025,1.12E-06,-9.994668007,,,,,,,,,,,,,,
6.88035,3.81E-07,-9.995207787,,,,,,,,,,,,,,
6.88045,1.87E-07,-9.995354652,,,,,,,,,,,,,,
6.88055,1.17E-07,-9.995623589,,,,,,,,,,,,,,
6.88065,8.29E-08,-9.995569229,,,,,,,,,,,,,,
6.88075,6.31E-08,-9.995573044,,,,,,,,,,,,,,
6.88085,5.02E-08,-9.995547295,,,,,,,,,,,,,,
6.88095,4.11E-08,-9.995651245,,,,,,,,,,,,,,
6.88105,-1.32E-06,-8.812414169,,,,,,,,,,,,,,
6.88115,-4.85E-06,-0.002294514,,,,,,,,,,,,,,
6.88125,1.76E-06,-0.001800889,,,,,,,,,,,,,,
6.88135,3.02E-06,-0.001443355,,,,,,,,,,,,,,
6.88145,3.38E-06,-0.001265115,,,,,,,,,,,,,,
6.88155,3.53E-06,-0.000996735,,,,,,,,,,,,,,
6.88165,3.60E-06,-0.001010527,,,,,,,,,,,,,,
6.88175,3.63E-06,-0.000874015,,,,,,,,,,,,,,
6.88185,3.66E-06,-0.000592476,,,,,,,,,,,,,,
6.88195,3.67E-06,-0.000750169,,,,,,,,,,,,,,
6.88205,4.60E-06,-1.174211383,,,,,,,,,,,,,,
6.88215,6.10E-06,-9.993981361,,,,,,,,,,,,,,
6.88225,1.12E-06,-9.994491577,,,,,,,,,,,,,,
6.88235,3.81E-07,-9.995054245,,,,,,,,,,,,,,
6.88245,1.88E-07,-9.995375633,,,,,,,,,,,,,,
6.88255,1.17E-07,-9.995569229,,,,,,,,,,,,,,
6.88265,8.29E-08,-9.995750427,,,,,,,,,,,,,,
6.88275,6.29E-08,-9.995563507,,,,,,,,,,,,,,
6.88285,4.95E-08,-9.995627403,,,,,,,,,,,,,,
6.88295,4.06E-08,-9.995882034,,,,,,,,,,,,,,
6.88305,-1.29E-06,-8.83253479,,,,,,,,,,,,,,
6.88315,-4.87E-06,-0.002353622,,,,,,,,,,,,,,
6.88325,1.75E-06,-0.001717575,,,,,,,,,,,,,,
6.88335,3.02E-06,-0.001197562,,,,,,,,,,,,,,
6.88345,3.38E-06,-0.001469109,,,,,,,,,,,,,,
6.88355,3.53E-06,-0.001161042,,,,,,,,,,,,,,
6.88365,3.60E-06,-0.001334708,,,,,,,,,,,,,,
6.88375,3.64E-06,-0.001384598,,,,,,,,,,,,,,
6.88385,3.66E-06,-0.001186585,,,,,,,,,,,,,,
6.88395,3.67E-06,-0.001143661,,,,,,,,,,,,,,
6.88405,4.58E-06,-1.154325604,,,,,,,,,,,,,,
6.88415,6.12E-06,-9.994158745,,,,,,,,,,,,,,
6.88425,1.12E-06,-9.994385719,,,,,,,,,,,,,,
6.88435,3.81E-07,-9.994903564,,,,,,,,,,,,,,
6.88445,1.88E-07,-9.994941711,,,,,,,,,,,,,,
6.88455,1.17E-07,-9.995048523,,,,,,,,,,,,,,
6.88465,8.28E-08,-9.994940758,,,,,,,,,,,,,,
6.88475,6.27E-08,-9.99536705,,,,,,,,,,,,,,
6.88485,4.96E-08,-9.995265007,,,,,,,,,,,,,,
6.88495,4.07E-08,-9.995491982,,,,,,,,,,,,,,
6.88505,-1.27E-06,-8.852437019,,,,,,,,,,,,,,
6.88515,-4.89E-06,-0.002290855,,,,,,,,,,,,,,
6.88525,1.75E-06,-0.001884626,,,,,,,,,,,,,,
6.88535,3.02E-06,-0.00129685,,,,,,,,,,,,,,
6.88545,3.39E-06,-0.000999831,,,,,,,,,,,,,,
6.88555,3.53E-06,-0.000706471,,,,,,,,,,,,,,
6.88565,3.60E-06,-0.000737081,,,,,,,,,,,,,,
6.88575,3.64E-06,-0.001117837,,,,,,,,,,,,,,
6.88585,3.66E-06,-0.001231268,,,,,,,,,,,,,,
6.88595,3.67E-06,-0.001037055,,,,,,,,,,,,,,
6.88605,4.57E-06,-1.134328961,,,,,,,,,,,,,,
6.88615,6.14E-06,-9.994243622,,,,,,,,,,,,,,
6.88625,1.13E-06,-9.994794846,,,,,,,,,,,,,,
6.88635,3.82E-07,-9.995480537,,,,,,,,,,,,,,
6.88645,1.88E-07,-9.995491982,,,,,,,,,,,,,,
6.88655,1.17E-07,-9.995503426,,,,,,,,,,,,,,
6.88665,8.28E-08,-9.995809555,,,,,,,,,,,,,,
6.88675,6.30E-08,-9.99575901,,,,,,,,,,,,,,
6.88685,4.99E-08,-9.995513916,,,,,,,,,,,,,,
6.88695,4.09E-08,-9.995833397,,,,,,,,,,,,,,
6.88705,-1.25E-06,-8.872623444,,,,,,,,,,,,,,
6.88715,-4.92E-06,-0.002392113,,,,,,,,,,,,,,
6.88725,1.75E-06,-0.001638482,,,,,,,,,,,,,,
6.88735,3.02E-06,-0.001193903,,,,,,,,,,,,,,
6.88745,3.38E-06,-0.000678043,,,,,,,,,,,,,,
6.88755,3.53E-06,-0.000654822,,,,,,,,,,,,,,
6.88765,3.60E-06,-0.000590014,,,,,,,,,,,,,,
6.88775,3.64E-06,-0.000767268,,,,,,,,,,,,,,
6.88785,3.66E-06,-0.000855649,,,,,,,,,,,,,,
6.88795,3.67E-06,-0.00061049,,,,,,,,,,,,,,
6.88805,4.55E-06,-1.113832235,,,,,,,,,,,,,,
6.88815,6.16E-06,-9.994009018,,,,,,,,,,,,,,
6.88825,1.13E-06,-9.994411469,,,,,,,,,,,,,,
6.88835,3.83E-07,-9.99510479,,,,,,,,,,,,,,
6.88845,1.88E-07,-9.995015144,,,,,,,,,,,,,,
6.88855,1.17E-07,-9.99510479,,,,,,,,,,,,,,
6.88865,8.31E-08,-9.995394707,,,,,,,,,,,,,,
6.88875,6.32E-08,-9.995326996,,,,,,,,,,,,,,
6.88885,5.01E-08,-9.995518684,,,,,,,,,,,,,,
6.88895,4.10E-08,-9.995696068,,,,,,,,,,,,,,
6.88905,-1.23E-06,-8.892223358,,,,,,,,,,,,,,
6.88915,-4.94E-06,-0.002195297,,,,,,,,,,,,,,
6.88925,1.74E-06,-0.001904399,,,,,,,,,,,,,,
6.88935,3.02E-06,-0.001211214,,,,,,,,,,,,,,
6.88945,3.39E-06,-0.001420696,,,,,,,,,,,,,,
6.88955,3.53E-06,-0.001249775,,,,,,,,,,,,,,
6.88965,3.60E-06,-0.001248508,,,,,,,,,,,,,,
6.88975,3.64E-06,-0.000927072,,,,,,,,,,,,,,
6.88985,3.67E-06,-0.000799918,,,,,,,,,,,,,,
6.88995,3.68E-06,-0.001146969,,,,,,,,,,,,,,
6.89005,4.54E-06,-1.09431839,,,,,,,,,,,,,,
6.89015,6.18E-06,-9.993788719,,,,,,,,,,,,,,
6.89025,1.13E-06,-9.994736671,,,,,,,,,,,,,,
6.89035,3.83E-07,-9.995064735,,,,,,,,,,,,,,
6.89045,1.88E-07,-9.995299339,,,,,,,,,,,,,,
6.89055,1.17E-07,-9.99560833,,,,,,,,,,,,,,
6.89065,8.28E-08,-9.995305061,,,,,,,,,,,,,,
6.89075,6.29E-08,-9.995720863,,,,,,,,,,,,,,
6.89085,4.99E-08,-9.995583534,,,,,,,,,,,,,,
6.89095,4.08E-08,-9.995780945,,,,,,,,,,,,,,
6.89105,-1.20E-06,-8.912466049,,,,,,,,,,,,,,
6.89115,-4.96E-06,-0.002363544,,,,,,,,,,,,,,
6.89125,1.74E-06,-0.00197737,,,,,,,,,,,,,,
6.89135,3.02E-06,-0.001602032,,,,,,,,,,,,,,
6.89145,3.39E-06,-0.001438007,,,,,,,,,,,,,,
6.89155,3.53E-06,-0.001330134,,,,,,,,,,,,,,
6.89165,3.60E-06,-0.001151542,,,,,,,,,,,,,,
6.89175,3.64E-06,-0.000993146,,,,,,,,,,,,,,
6.89185,3.66E-06,-0.001445184,,,,,,,,,,,,,,
6.89195,3.68E-06,-0.001292277,,,,,,,,,,,,,,
6.89205,4.52E-06,-1.074320316,,,,,,,,,,,,,,
6.89215,6.20E-06,-9.994486809,,,,,,,,,,,,,,
6.89225,1.14E-06,-9.995066643,,,,,,,,,,,,,,
6.89235,3.84E-07,-9.995465279,,,,,,,,,,,,,,
6.89245,1.88E-07,-9.995734215,,,,,,,,,,,,,,
6.89255,1.17E-07,-9.995928764,,,,,,,,,,,,,,
6.89265,8.30E-08,-9.995976448,,,,,,,,,,,,,,
6.89275,6.28E-08,-9.99587059,,,,,,,,,,,,,,
6.89285,4.99E-08,-9.99566555,,,,,,,,,,,,,,
6.89295,4.08E-08,-9.995824814,,,,,,,,,,,,,,
6.89305,-1.18E-06,-8.932274818,,,,,,,,,,,,,,
6.89315,-4.99E-06,-0.002467828,,,,,,,,,,,,,,
6.89325,1.74E-06,-0.001951686,,,,,,,,,,,,,,
6.89335,3.02E-06,-0.00113761,,,,,,,,,,,,,,
6.89345,3.39E-06,-0.000949308,,,,,,,,,,,,,,
6.89355,3.54E-06,-0.001046977,,,,,,,,,,,,,,
6.89365,3.61E-06,-0.001036774,,,,,,,,,,,,,,
6.89375,3.65E-06,-0.000721037,,,,,,,,,,,,,,
6.89385,3.67E-06,-0.000893929,,,,,,,,,,,,,,
6.89395,3.68E-06,-0.000814484,,,,,,,,,,,,,,
6.89405,4.51E-06,-1.054021001,,,,,,,,,,,,,,
6.89415,6.22E-06,-9.994278908,,,,,,,,,,,,,,
6.89425,1.14E-06,-9.994606018,,,,,,,,,,,,,,
6.89435,3.85E-07,-9.995368004,,,,,,,,,,,,,,
6.89445,1.89E-07,-9.995262146,,,,,,,,,,,,,,
6.89455,1.18E-07,-9.995580673,,,,,,,,,,,,,,
6.89465,8.34E-08,-9.995827675,,,,,,,,,,,,,,
6.89475,6.30E-08,-9.995620728,,,,,,,,,,,,,,
6.89485,5.01E-08,-9.99571991,,,,,,,,,,,,,,
6.89495,4.09E-08,-9.995782852,,,,,,,,,,,,,,
6.89505,-1.16E-06,-8.952544212,,,,,,,,,,,,,,
6.89515,-5.01E-06,-0.002494427,,,,,,,,,,,,,,
6.89525,1.73E-06,-0.002315061,,,,,,,,,,,,,,
6.89535,3.02E-06,-0.001888215,,,,,,,,,,,,,,
6.89545,3.39E-06,-0.00144631,,,,,,,,,,,,,,
6.89555,3.54E-06,-0.001373128,,,,,,,,,,,,,,
6.89565,3.61E-06,-0.0011165,,,,,,,,,,,,,,
6.89575,3.65E-06,-0.001245342,,,,,,,,,,,,,,
6.89585,3.67E-06,-0.00098428,,,,,,,,,,,,,,
6.89595,3.68E-06,-0.001187711,,,,,,,,,,,,,,
6.89605,4.50E-06,-1.034434915,,,,,,,,,,,,,,
6.89615,6.24E-06,-9.994324684,,,,,,,,,,,,,,
6.89625,1.14E-06,-9.994777679,,,,,,,,,,,,,,
6.89635,3.86E-07,-9.995347023,,,,,,,,,,,,,,
6.89645,1.89E-07,-9.995280266,,,,,,,,,,,,,,
6.89655,1.18E-07,-9.99546814,,,,,,,,,,,,,,
6.89665,8.32E-08,-9.995678902,,,,,,,,,,,,,,
6.89675,6.29E-08,-9.995597839,,,,,,,,,,,,,,
6.89685,4.99E-08,-9.995861053,,,,,,,,,,,,,,
6.89695,4.08E-08,-9.996339798,,,,,,,,,,,,,,
6.89705,-1.13E-06,-8.972388268,,,,,,,,,,,,,,
6.89715,-5.03E-06,-0.002488375,,,,,,,,,,,,,,
6.89725,1.73E-06,-0.00195246,,,,,,,,,,,,,,
6.89735,3.02E-06,-0.001263285,,,,,,,,,,,,,,
6.89745,3.39E-06,-0.001129658,,,,,,,,,,,,,,
6.89755,3.54E-06,-0.001049229,,,,,,,,,,,,,,
6.89765,3.61E-06,-0.000906665,,,,,,,,,,,,,,
6.89775,3.65E-06,-0.000889496,,,,,,,,,,,,,,
6.89785,3.67E-06,-0.000980691,,,,,,,,,,,,,,
6.89795,3.68E-06,-0.000713719,,,,,,,,,,,,,,
6.89805,4.48E-06,-1.013919473,,,,,,,,,,,,,,
6.89815,6.25E-06,-9.994256973,,,,,,,,,,,,,,
6.89825,1.15E-06,-9.99489975,,,,,,,,,,,,,,
6.89835,3.86E-07,-9.995495796,,,,,,,,,,,,,,
6.89845,1.89E-07,-9.995845795,,,,,,,,,,,,,,
6.89855,1.17E-07,-9.995782852,,,,,,,,,,,,,,
6.89865,8.26E-08,-9.995634079,,,,,,,,,,,,,,
6.89875,6.27E-08,-9.995769501,,,,,,,,,,,,,,
6.89885,4.99E-08,-9.995548248,,,,,,,,,,,,,,
6.89895,4.12E-08,-9.995378494,,,,,,,,,,,,,,
6.89905,-1.11E-06,-8.992228508,,,,,,,,,,,,,,
6.89915,-5.05E-06,-0.002449181,,,,,,,,,,,,,,
6.89925,1.73E-06,-0.001923961,,,,,,,,,,,,,,
6.89935,3.02E-06,-0.001366443,,,,,,,,,,,,,,
6.89945,3.39E-06,-0.001376436,,,,,,,,,,,,,,
6.89955,3.54E-06,-0.00123739,,,,,,,,,,,,,,
6.89965,3.61E-06,-0.00128341,,,,,,,,,,,,,,
6.89975,3.65E-06,-0.001358422,,,,,,,,,,,,,,
6.89985,3.67E-06,-0.001165053,,,,,,,,,,,,,,
6.89995,3.68E-06,-0.00115492,,,,,,,,,,,,,,
6.90005,4.47E-06,-0.99451679,,,,,,,,,,,,,,
6.90015,6.27E-06,-9.994299889,,,,,,,,,,,,,,
6.90025,1.15E-06,-9.994649887,,,,,,,,,,,,,,
6.90035,3.87E-07,-9.995333672,,,,,,,,,,,,,,
6.90045,1.89E-07,-9.995165825,,,,,,,,,,,,,,
6.90055,1.17E-07,-9.995569229,,,,,,,,,,,,,,
6.90065,8.26E-08,-9.99564743,,,,,,,,,,,,,,
6.90075,6.27E-08,-9.995542526,,,,,,,,,,,,,,
6.90085,4.96E-08,-9.995797157,,,,,,,,,,,,,,
6.90095,4.05E-08,-9.995943069,,,,,,,,,,,,,,
6.90105,-1.09E-06,-9.012637138,,,,,,,,,,,,,,
6.90115,-5.08E-06,-0.002422089,,,,,,,,,,,,,,
6.90125,1.72E-06,-0.00214414,,,,,,,,,,,,,,
6.90135,3.02E-06,-0.001434629,,,,,,,,,,,,,,
6.90145,3.39E-06,-0.001493104,,,,,,,,,,,,,,
6.90155,3.54E-06,-0.001200307,,,,,,,,,,,,,,
6.90165,3.61E-06,-0.001035226,,,,,,,,,,,,,,
6.90175,3.65E-06,-0.001174764,,,,,,,,,,,,,,
6.90185,3.67E-06,-0.001262441,,,,,,,,,,,,,,
6.90195,3.68E-06,-0.001519984,,,,,,,,,,,,,,
6.90205,4.45E-06,-0.974893689,,,,,,,,,,,,,,
6.90215,6.29E-06,-9.994653702,,,,,,,,,,,,,,
6.90225,1.15E-06,-9.995591164,,,,,,,,,,,,,,
6.90235,3.88E-07,-9.995419502,,,,,,,,,,,,,,
6.90245,1.89E-07,-9.995492935,,,,,,,,,,,,,,
6.90255,1.17E-07,-9.995544434,,,,,,,,,,,,,,
6.90265,8.29E-08,-9.99566555,,,,,,,,,,,,,,
6.90275,6.30E-08,-9.995573044,,,,,,,,,,,,,,
6.90285,4.98E-08,-9.995685577,,,,,,,,,,,,,,
6.90295,4.05E-08,-9.995632172,,,,,,,,,,,,,,
6.90305,-1.07E-06,-9.032232285,,,,,,,,,,,,,,
6.90315,-5.10E-06,-0.002695958,,,,,,,,,,,,,,
6.90325,1.72E-06,-0.00216919,,,,,,,,,,,,,,
6.90335,3.02E-06,-0.001678873,,,,,,,,,,,,,,
6.90345,3.40E-06,-0.001383894,,,,,,,,,,,,,,
6.90355,3.54E-06,-0.001326897,,,,,,,,,,,,,,
6.90365,3.61E-06,-0.001203122,,,,,,,,,,,,,,
6.90375,3.65E-06,-0.001065835,,,,,,,,,,,,,,
6.90385,3.68E-06,-0.001114741,,,,,,,,,,,,,,
6.90395,3.69E-06,-0.000991528,,,,,,,,,,,,,,
6.90405,4.44E-06,-0.954541504,,,,,,,,,,,,,,
6.90415,6.31E-06,-9.994100571,,,,,,,,,,,,,,
6.90425,1.16E-06,-9.994757652,,,,,,,,,,,,,,
6.90435,3.89E-07,-9.995233536,,,,,,,,,,,,,,
6.90445,1.90E-07,-9.99557209,,,,,,,,,,,,,,
6.90455,1.18E-07,-9.995407104,,,,,,,,,,,,,,
6.90465,8.35E-08,-9.995412827,,,,,,,,,,,,,,
6.90475,6.33E-08,-9.995605469,,,,,,,,,,,,,,
6.90485,5.02E-08,-9.995508194,,,,,,,,,,,,,,
6.90495,4.07E-08,-9.995491028,,,,,,,,,,,,,,
6.90505,-1.04E-06,-9.052060127,,,,,,,,,,,,,,
6.90515,-5.12E-06,-0.002370159,,,,,,,,,,,,,,
6.90525,1.72E-06,-0.001472135,,,,,,,,,,,,,,
6.90535,3.02E-06,-0.001114037,,,,,,,,,,,,,,
6.90545,3.40E-06,-0.001052114,,,,,,,,,,,,,,
6.90555,3.54E-06,-0.000991317,,,,,,,,,,,,,,
6.90565,3.62E-06,-0.001046203,,,,,,,,,,,,,,
6.90575,3.65E-06,-0.001137328,,,,,,,,,,,,,,
6.90585,3.68E-06,-0.000979214,,,,,,,,,,,,,,
6.90595,3.69E-06,-0.001127547,,,,,,,,,,,,,,
6.90605,4.43E-06,-0.93467927,,,,,,,,,,,,,,
6.90615,6.33E-06,-9.994400024,,,,,,,,,,,,,,
6.90625,1.16E-06,-9.994991302,,,,,,,,,,,,,,
6.90635,3.89E-07,-9.995142937,,,,,,,,,,,,,,
6.90645,1.90E-07,-9.995184898,,,,,,,,,,,,,,
6.90655,1.18E-07,-9.995345116,,,,,,,,,,,,,,
6.90665,8.30E-08,-9.995354652,,,,,,,,,,,,,,
6.90675,6.32E-08,-9.995501518,,,,,,,,,,,,,,
6.90685,4.97E-08,-9.995426178,,,,,,,,,,,,,,
6.90695,4.08E-08,-9.995602608,,,,,,,,,,,,,,
6.90705,-1.02E-06,-9.071905136,,,,,,,,,,,,,,
6.90715,-5.14E-06,-0.00234356,,,,,,,,,,,,,,
6.90725,1.71E-06,-0.001582963,,,,,,,,,,,,,,
6.90735,3.03E-06,-0.001077727,,,,,,,,,,,,,,
6.90745,3.40E-06,-0.001079487,,,,,,,,,,,,,,
6.90755,3.55E-06,-0.000906736,,,,,,,,,,,,,,
6.90765,3.62E-06,-0.000908354,,,,,,,,,,,,,,
6.90775,3.66E-06,-0.00081561,,,,,,,,,,,,,,
6.90785,3.68E-06,-0.000832569,,,,,,,,,,,,,,
6.90795,3.69E-06,-0.000620412,,,,,,,,,,,,,,
6.90805,4.41E-06,-0.914175272,,,,,,,,,,,,,,
6.90815,6.35E-06,-9.994065285,,,,,,,,,,,,,,
6.90825,1.16E-06,-9.994274139,,,,,,,,,,,,,,
6.90835,3.89E-07,-9.994830132,,,,,,,,,,,,,,
6.90845,1.91E-07,-9.995211601,,,,,,,,,,,,,,
6.90855,1.18E-07,-9.995183945,,,,,,,,,,,,,,
6.90865,8.33E-08,-9.995232582,,,,,,,,,,,,,,
6.90875,6.33E-08,-9.995181084,,,,,,,,,,,,,,
6.90885,5.00E-08,-9.995206833,,,,,,,,,,,,,,
6.90895,4.07E-08,-9.995518684,,,,,,,,,,,,,,
6.90905,-9.97E-07,-9.091767311,,,,,,,,,,,,,,
6.90915,-5.16E-06,-0.001883571,,,,,,,,,,,,,,
6.90925,1.71E-06,-0.001499719,,,,,,,,,,,,,,
6.90935,3.02E-06,-0.00108399,,,,,,,,,,,,,,
6.90945,3.40E-06,-0.000740036,,,,,,,,,,,,,,
6.90955,3.55E-06,-0.000687402,,,,,,,,,,,,,,
6.90965,3.62E-06,-0.00077726,,,,,,,,,,,,,,
6.90975,3.66E-06,-0.000594376,,,,,,,,,,,,,,
6.90985,3.68E-06,-0.000574955,,,,,,,,,,,,,,
6.90995,3.69E-06,-0.00049347,,,,,,,,,,,,,,
6.91005,4.40E-06,-0.894251943,,,,,,,,,,,,,,
6.91015,6.37E-06,-9.99388504,,,,,,,,,,,,,,
6.91025,1.16E-06,-9.994480133,,,,,,,,,,,,,,
6.91035,3.90E-07,-9.995125771,,,,,,,,,,,,,,
6.91045,1.90E-07,-9.995096207,,,,,,,,,,,,,,
6.91055,1.18E-07,-9.995085716,,,,,,,,,,,,,,
6.91065,8.35E-08,-9.995054245,,,,,,,,,,,,,,
6.91075,6.35E-08,-9.99541378,,,,,,,,,,,,,,
6.91085,4.99E-08,-9.995491028,,,,,,,,,,,,,,
6.91095,4.09E-08,-9.995644569,,,,,,,,,,,,,,
6.91105,-9.75E-07,-9.112155914,,,,,,,,,,,,,,
6.91115,-5.19E-06,-0.00247402,,,,,,,,,,,,,,
6.91125,1.70E-06,-0.001771757,,,,,,,,,,,,,,
6.91135,3.02E-06,-0.001102778,,,,,,,,,,,,,,
6.91145,3.40E-06,-0.00098808,,,,,,,,,,,,,,
6.91155,3.55E-06,-0.000916094,,,,,,,,,,,,,,
6.91165,3.62E-06,-0.000791897,,,,,,,,,,,,,,
6.91175,3.66E-06,-0.000641522,,,,,,,,,,,,,,
6.91185,3.68E-06,-0.000722304,,,,,,,,,,,,,,
6.91195,3.70E-06,-0.000659888,,,,,,,,,,,,,,
6.91205,4.39E-06,-0.874458611,,,,,,,,,,,,,,
6.91215,6.39E-06,-9.993598938,,,,,,,,,,,,,,
6.91225,1.17E-06,-9.994115829,,,,,,,,,,,,,,
6.91235,3.91E-07,-9.994765282,,,,,,,,,,,,,,
6.91245,1.91E-07,-9.995197296,,,,,,,,,,,,,,
6.91255,1.19E-07,-9.9948349,,,,,,,,,,,,,,
6.91265,8.36E-08,-9.994974136,,,,,,,,,,,,,,
6.91275,6.31E-08,-9.995007515,,,,,,,,,,,,,,
6.91285,5.00E-08,-9.99534893,,,,,,,,,,,,,,
6.91295,4.10E-08,-9.995377541,,,,,,,,,,,,,,
6.91305,-9.52E-07,-9.132011414,,,,,,,,,,,,,,
6.91315,-5.21E-06,-0.002203741,,,,,,,,,,,,,,
6.91325,1.70E-06,-0.001641719,,,,,,,,,,,,,,
6.91335,3.03E-06,-0.001105241,,,,,,,,,,,,,,
6.91345,3.40E-06,-0.001146758,,,,,,,,,,,,,,
6.91355,3.55E-06,-0.000825602,,,,,,,,,,,,,,
6.91365,3.62E-06,-0.000792952,,,,,,,,,,,,,,
6.91375,3.66E-06,-0.00080027,,,,,,,,,,,,,,
6.91385,3.68E-06,-0.000700349,,,,,,,,,,,,,,
6.91395,3.70E-06,-0.000605143,,,,,,,,,,,,,,
6.91405,4.37E-06,-0.854119658,,,,,,,,,,,,,,
6.91415,6.40E-06,-9.993222237,,,,,,,,,,,,,,
6.91425,1.17E-06,-9.994017601,,,,,,,,,,,,,,
6.91435,3.92E-07,-9.995009422,,,,,,,,,,,,,,
6.91445,1.91E-07,-9.99505806,,,,,,,,,,,,,,
6.91455,1.19E-07,-9.995396614,,,,,,,,,,,,,,
6.91465,8.34E-08,-9.995601654,,,,,,,,,,,,,,
6.91475,6.34E-08,-9.995501518,,,,,,,,,,,,,,
6.91485,5.02E-08,-9.995563507,,,,,,,,,,,,,,
6.91495,4.11E-08,-9.995551109,,,,,,,,,,,,,,
6.91505,-9.29E-07,-9.151957512,,,,,,,,,,,,,,
6.91515,-5.23E-06,-0.002279033,,,,,,,,,,,,,,
6.91525,1.70E-06,-0.002093053,,,,,,,,,,,,,,
6.91535,3.03E-06,-0.001448491,,,,,,,,,,,,,,
6.91545,3.40E-06,-0.001417389,,,,,,,,,,,,,,
6.91555,3.55E-06,-0.00138692,,,,,,,,,,,,,,
6.91565,3.63E-06,-0.001150276,,,,,,,,,,,,,,
6.91575,3.67E-06,-0.000983717,,,,,,,,,,,,,,
6.91585,3.69E-06,-0.001334145,,,,,,,,,,,,,,
6.91595,3.70E-06,-0.001384106,,,,,,,,,,,,,,
6.91605,4.36E-06,-0.834821522,,,,,,,,,,,,,,
6.91615,6.42E-06,-9.994617462,,,,,,,,,,,,,,
6.91625,1.17E-06,-9.995024681,,,,,,,,,,,,,,
6.91635,3.92E-07,-9.995656967,,,,,,,,,,,,,,
6.91645,1.91E-07,-9.995620728,,,,,,,,,,,,,,
6.91655,1.19E-07,-9.995465279,,,,,,,,,,,,,,
6.91665,8.36E-08,-9.995339394,,,,,,,,,,,,,,
6.91675,6.35E-08,-9.995515823,,,,,,,,,,,,,,
6.91685,5.05E-08,-9.995458603,,,,,,,,,,,,,,
6.91695,4.11E-08,-9.995475769,,,,,,,,,,,,,,
6.91705,-9.06E-07,-9.172262192,,,,,,,,,,,,,,
6.91715,-5.25E-06,-0.002576334,,,,,,,,,,,,,,
6.91725,1.70E-06,-0.002098401,,,,,,,,,,,,,,
6.91735,3.03E-06,-0.001665222,,,,,,,,,,,,,,
6.91745,3.41E-06,-0.001594503,,,,,,,,,,,,,,
6.91755,3.55E-06,-0.001424426,,,,,,,,,,,,,,
6.91765,3.63E-06,-0.00134857,,,,,,,,,,,,,,
6.91775,3.66E-06,-0.001246538,,,,,,,,,,,,,,
6.91785,3.69E-06,-0.001182223,,,,,,,,,,,,,,
6.91795,3.70E-06,-0.000971403,,,,,,,,,,,,,,
6.91805,4.34E-06,-0.814509213,,,,,,,,,,,,,,
6.91815,6.44E-06,-9.993767738,,,,,,,,,,,,,,
6.91825,1.18E-06,-9.99426651,,,,,,,,,,,,,,
6.91835,3.94E-07,-9.994812965,,,,,,,,,,,,,,
6.91845,1.92E-07,-9.995082855,,,,,,,,,,,,,,
6.91855,1.19E-07,-9.995233536,,,,,,,,,,,,,,
6.91865,8.39E-08,-9.99516964,,,,,,,,,,,,,,
6.91875,6.36E-08,-9.995223999,,,,,,,,,,,,,,
6.91885,4.99E-08,-9.995326996,,,,,,,,,,,,,,
6.91895,4.11E-08,-9.995704651,,,,,,,,,,,,,,
6.91905,-8.83E-07,-9.191892624,,,,,,,,,,,,,,
6.91915,-5.27E-06,-0.002129433,,,,,,,,,,,,,,
6.91925,1.69E-06,-0.001815103,,,,,,,,,,,,,,
6.91935,3.03E-06,-0.001556575,,,,,,,,,,,,,,
6.91945,3.41E-06,-0.001482619,,,,,,,,,,,,,,
6.91955,3.56E-06,-0.001061895,,,,,,,,,,,,,,
6.91965,3.63E-06,-0.000959159,,,,,,,,,,,,,,
6.91975,3.67E-06,-0.001042544,,,,,,,,,,,,,,
6.91985,3.69E-06,-0.001096304,,,,,,,,,,,,,,
6.91995,3.70E-06,-0.001019534,,,,,,,,,,,,,,
6.92005,4.33E-06,-0.794514656,,,,,,,,,,,,,,
6.92015,6.46E-06,-9.993893623,,,,,,,,,,,,,,
6.92025,1.18E-06,-9.994729042,,,,,,,,,,,,,,
6.92035,3.94E-07,-9.995409966,,,,,,,,,,,,,,
6.92045,1.91E-07,-9.995449066,,,,,,,,,,,,,,
6.92055,1.19E-07,-9.995481491,,,,,,,,,,,,,,
6.92065,8.38E-08,-9.995892525,,,,,,,,,,,,,,
6.92075,6.34E-08,-9.995550156,,,,,,,,,,,,,,
6.92085,5.01E-08,-9.995928764,,,,,,,,,,,,,,
6.92095,4.07E-08,-9.995704651,,,,,,,,,,,,,,
6.92105,-8.61E-07,-9.212223053,,,,,,,,,,,,,,
6.92115,-5.29E-06,-0.002895097,,,,,,,,,,,,,,
6.92125,1.69E-06,-0.002322872,,,,,,,,,,,,,,
6.92135,3.03E-06,-0.001912069,,,,,,,,,,,,,,
6.92145,3.41E-06,-0.001776402,,,,,,,,,,,,,,
6.92155,3.56E-06,-0.0013485,,,,,,,,,,,,,,
6.92165,3.63E-06,-0.001249212,,,,,,,,,,,,,,
6.92175,3.67E-06,-0.001450954,,,,,,,,,,,,,,
6.92185,3.69E-06,-0.001118118,,,,,,,,,,,,,,
6.92195,3.71E-06,-0.001363488,,,,,,,,,,,,,,
6.92205,4.32E-06,-0.775096655,,,,,,,,,,,,,,
6.92215,6.48E-06,-9.994513512,,,,,,,,,,,,,,
6.92225,1.18E-06,-9.995170593,,,,,,,,,,,,,,
6.92235,3.94E-07,-9.995632172,,,,,,,,,,,,,,
6.92245,1.92E-07,-9.995785713,,,,,,,,,,,,,,
6.92255,1.19E-07,-9.995845795,,,,,,,,,,,,,,
6.92265,8.40E-08,-9.995983124,,,,,,,,,,,,,,
6.92275,6.36E-08,-9.996180534,,,,,,,,,,,,,,
6.92285,5.00E-08,-9.995787621,,,,,,,,,,,,,,
6.92295,4.09E-08,-9.995965958,,,,,,,,,,,,,,
6.92305,-8.38E-07,-9.232718468,,,,,,,,,,,,,,
6.92315,-5.32E-06,-0.002711157,,,,,,,,,,,,,,
6.92325,1.68E-06,-0.002183193,,,,,,,,,,,,,,
6.92335,3.03E-06,-0.001865486,,,,,,,,,,,,,,
6.92345,3.41E-06,-0.001747199,,,,,,,,,,,,,,
6.92355,3.56E-06,-0.001372073,,,,,,,,,,,,,,
6.92365,3.63E-06,-0.001304309,,,,,,,,,,,,,,
6.92375,3.67E-06,-0.001241401,,,,,,,,,,,,,,
6.92385,3.69E-06,-0.001234224,,,,,,,,,,,,,,
6.92395,3.71E-06,-0.001246116,,,,,,,,,,,,,,
6.92405,4.30E-06,-0.754873395,,,,,,,,,,,,,,
6.92415,6.50E-06,-9.994264603,,,,,,,,,,,,,,
6.92425,1.19E-06,-9.994988441,,,,,,,,,,,,,,
6.92435,3.95E-07,-9.995546341,,,,,,,,,,,,,,
6.92445,1.92E-07,-9.995530128,,,,,,,,,,,,,,
6.92455,1.19E-07,-9.995746613,,,,,,,,,,,,,,
6.92465,8.40E-08,-9.995912552,,,,,,,,,,,,,,
6.92475,6.38E-08,-9.996152878,,,,,,,,,,,,,,
6.92485,5.00E-08,-9.9960289,,,,,,,,,,,,,,
6.92495,4.11E-08,-9.996058464,,,,,,,,,,,,,,
6.92505,-8.15E-07,-9.252269745,,,,,,,,,,,,,,
6.92515,-5.34E-06,-0.002815371,,,,,,,,,,,,,,
6.92525,1.68E-06,-0.002085594,,,,,,,,,,,,,,
6.92535,3.03E-06,-0.00159387,,,,,,,,,,,,,,
6.92545,3.41E-06,-0.001431322,,,,,,,,,,,,,,
6.92555,3.56E-06,-0.001528991,,,,,,,,,,,,,,
6.92565,3.63E-06,-0.00120861,,,,,,,,,,,,,,
6.92575,3.67E-06,-0.001025234,,,,,,,,,,,,,,
6.92585,3.69E-06,-0.001107,,,,,,,,,,,,,,
6.92595,3.71E-06,-0.001284184,,,,,,,,,,,,,,
6.92605,4.29E-06,-0.73480618,,,,,,,,,,,,,,
6.92615,6.52E-06,-9.994244576,,,,,,,,,,,,,,
6.92625,1.19E-06,-9.995017052,,,,,,,,,,,,,,
6.92635,3.96E-07,-9.995494843,,,,,,,,,,,,,,
6.92645,1.92E-07,-9.995360374,,,,,,,,,,,,,,
6.92655,1.19E-07,-9.995536804,,,,,,,,,,,,,,
6.92665,8.35E-08,-9.995517731,,,,,,,,,,,,,,
6.92675,6.33E-08,-9.99590683,,,,,,,,,,,,,,
6.92685,5.01E-08,-9.99580574,,,,,,,,,,,,,,
6.92695,4.08E-08,-9.995691299,,,,,,,,,,,,,,
6.92705,-7.93E-07,-9.272373199,,,,,,,,,,,,,,
6.92715,-5.36E-06,-0.003135963,,,,,,,,,,,,,,
6.92725,1.68E-06,-0.002233858,,,,,,,,,,,,,,
6.92735,3.03E-06,-0.001949856,,,,,,,,,,,,,,
6.92745,3.41E-06,-0.001850076,,,,,,,,,,,,,,
6.92755,3.56E-06,-0.001814118,,,,,,,,,,,,,,
6.92765,3.64E-06,-0.001634894,,,,,,,,,,,,,,
6.92775,3.68E-06,-0.001409649,,,,,,,,,,,,,,
6.92785,3.70E-06,-0.001293613,,,,,,,,,,,,,,
6.92795,3.71E-06,-0.001383402,,,,,,,,,,,,,,
6.92805,4.28E-06,-0.714879036,,,,,,,,,,,,,,
6.92815,6.53E-06,-9.994130135,,,,,,,,,,,,,,
6.92825,1.19E-06,-9.994680405,,,,,,,,,,,,,,
6.92835,3.96E-07,-9.995382309,,,,,,,,,,,,,,
6.92845,1.92E-07,-9.995606422,,,,,,,,,,,,,,
6.92855,1.19E-07,-9.995418549,,,,,,,,,,,,,,
6.92865,8.38E-08,-9.995653152,,,,,,,,,,,,,,
6.92875,6.36E-08,-9.995802879,,,,,,,,,,,,,,
6.92885,5.02E-08,-9.996153831,,,,,,,,,,,,,,
6.92895,4.11E-08,-9.996012688,,,,,,,,,,,,,,
6.92905,-7.70E-07,-9.292266846,,,,,,,,,,,,,,
6.92915,-5.38E-06,-0.00261968,,,,,,,,,,,,,,
6.92925,1.67E-06,-0.002056251,,,,,,,,,,,,,,
6.92935,3.03E-06,-0.001684713,,,,,,,,,,,,,,
6.92945,3.42E-06,-0.001445184,,,,,,,,,,,,,,
6.92955,3.57E-06,-0.001483182,,,,,,,,,,,,,,
6.92965,3.64E-06,-0.001690343,,,,,,,,,,,,,,
6.92975,3.68E-06,-0.001526599,,,,,,,,,,,,,,
6.92985,3.70E-06,-0.001483745,,,,,,,,,,,,,,
6.92995,3.71E-06,-0.001449899,,,,,,,,,,,,,,
6.93005,4.26E-06,-0.69500941,,,,,,,,,,,,,,
6.93015,6.55E-06,-9.994533539,,,,,,,,,,,,,,
6.93025,1.20E-06,-9.995129585,,,,,,,,,,,,,,
6.93035,3.97E-07,-9.995564461,,,,,,,,,,,,,,
6.93045,1.93E-07,-9.995371819,,,,,,,,,,,,,,
6.93055,1.19E-07,-9.995718002,,,,,,,,,,,,,,
6.93065,8.41E-08,-9.995842934,,,,,,,,,,,,,,
6.93075,6.36E-08,-9.99608326,,,,,,,,,,,,,,
6.93085,5.03E-08,-9.995991707,,,,,,,,,,,,,,
6.93095,4.10E-08,-9.99601841,,,,,,,,,,,,,,
6.93105,-7.47E-07,-9.312108994,,,,,,,,,,,,,,
6.93115,-5.40E-06,-0.002806786,,,,,,,,,,,,,,
6.93125,1.67E-06,-0.0022689,,,,,,,,,,,,,,
6.93135,3.03E-06,-0.001608154,,,,,,,,,,,,,,
6.93145,3.42E-06,-0.001483886,,,,,,,,,,,,,,
6.93155,3.57E-06,-0.001309094,,,,,,,,,,,,,,
6.93165,3.64E-06,-0.001171316,,,,,,,,,,,,,,
6.93175,3.68E-06,-0.000960074,,,,,,,,,,,,,,
6.93185,3.70E-06,-0.001132825,,,,,,,,,,,,,,
6.93195,3.72E-06,-0.001206147,,,,,,,,,,,,,,
6.93205,4.25E-06,-0.674991548,,,,,,,,,,,,,,
6.93215,6.57E-06,-9.994205475,,,,,,,,,,,,,,
6.93225,1.20E-06,-9.994721413,,,,,,,,,,,,,,
6.93235,3.98E-07,-9.995171547,,,,,,,,,,,,,,
6.93245,1.93E-07,-9.995368958,,,,,,,,,,,,,,
6.93255,1.20E-07,-9.995671272,,,,,,,,,,,,,,
6.93265,8.40E-08,-9.995603561,,,,,,,,,,,,,,
6.93275,6.37E-08,-9.995788574,,,,,,,,,,,,,,
6.93285,5.05E-08,-9.99540329,,,,,,,,,,,,,,
6.93295,4.12E-08,-9.995405197,,,,,,,,,,,,,,
6.93305,-7.24E-07,-9.331952095,,,,,,,,,,,,,,
6.93315,-5.43E-06,-0.002144492,,,,,,,,,,,,,,
6.93325,1.67E-06,-0.001767043,,,,,,,,,,,,,,
6.93335,3.03E-06,-0.001468968,,,,,,,,,,,,,,
6.93345,3.42E-06,-0.00121621,,,,,,,,,,,,,,
6.93355,3.57E-06,-0.000752421,,,,,,,,,,,,,,
6.93365,3.64E-06,-0.000788308,,,,,,,,,,,,,,
6.93375,3.68E-06,-0.000875211,,,,,,,,,,,,,,
6.93385,3.71E-06,-0.001070409,,,,,,,,,,,,,,
6.93395,3.72E-06,-0.001045077,,,,,,,,,,,,,,
6.93405,4.24E-06,-0.654966176,,,,,,,,,,,,,,
6.93415,6.59E-06,-9.994344711,,,,,,,,,,,,,,
6.93425,1.20E-06,-9.99474144,,,,,,,,,,,,,,
6.93435,3.98E-07,-9.995256424,,,,,,,,,,,,,,
6.93445,1.93E-07,-9.99575901,,,,,,,,,,,,,,
6.93455,1.20E-07,-9.995491982,,,,,,,,,,,,,,
6.93465,8.43E-08,-9.995512009,,,,,,,,,,,,,,
6.93475,6.36E-08,-9.995390892,,,,,,,,,,,,,,
6.93485,5.05E-08,-9.995574951,,,,,,,,,,,,,,
6.93495,4.16E-08,-9.995691299,,,,,,,,,,,,,,
6.93505,-7.01E-07,-9.351935387,,,,,,,,,,,,,,
6.93515,-5.45E-06,-0.002611306,,,,,,,,,,,,,,
6.93525,1.66E-06,-0.002078206,,,,,,,,,,,,,,
6.93535,3.03E-06,-0.00148269,,,,,,,,,,,,,,
6.93545,3.42E-06,-0.001268141,,,,,,,,,,,,,,
6.93555,3.57E-06,-0.001077939,,,,,,,,,,,,,,
6.93565,3.64E-06,-0.001182434,,,,,,,,,,,,,,
6.93575,3.68E-06,-0.001078994,,,,,,,,,,,,,,
6.93585,3.71E-06,-0.001117626,,,,,,,,,,,,,,
6.93595,3.72E-06,-0.001221065,,,,,,,,,,,,,,
6.93605,4.22E-06,-0.634866416,,,,,,,,,,,,,,
6.93615,6.61E-06,-9.994081497,,,,,,,,,,,,,,
6.93625,1.21E-06,-9.994937897,,,,,,,,,,,,,,
6.93635,3.99E-07,-9.995452881,,,,,,,,,,,,,,
6.93645,1.93E-07,-9.99559021,,,,,,,,,,,,,,
6.93655,1.20E-07,-9.995782852,,,,,,,,,,,,,,
6.93665,8.46E-08,-9.995800018,,,,,,,,,,,,,,
6.93675,6.37E-08,-9.995574951,,,,,,,,,,,,,,
6.93685,5.01E-08,-9.995758057,,,,,,,,,,,,,,
6.93695,4.11E-08,-9.995829582,,,,,,,,,,,,,,
6.93705,-6.78E-07,-9.37207222,,,,,,,,,,,,,,
6.93715,-5.47E-06,-0.002515115,,,,,,,,,,,,,,
6.93725,1.66E-06,-0.002235969,,,,,,,,,,,,,,
6.93735,3.03E-06,-0.001891241,,,,,,,,,,,,,,
6.93745,3.42E-06,-0.001458483,,,,,,,,,,,,,,
6.93755,3.57E-06,-0.001441173,,,,,,,,,,,,,,
6.93765,3.65E-06,-0.001240697,,,,,,,,,,,,,,
6.93775,3.69E-06,-0.001113333,,,,,,,,,,,,,,
6.93785,3.71E-06,-0.000868878,,,,,,,,,,,,,,
6.93795,3.72E-06,-0.000957118,,,,,,,,,,,,,,
6.93805,4.21E-06,-0.614719033,,,,,,,,,,,,,,
6.93815,6.63E-06,-9.993985176,,,,,,,,,,,,,,
6.93825,1.21E-06,-9.994678497,,,,,,,,,,,,,,
6.93835,4.00E-07,-9.995062828,,,,,,,,,,,,,,
6.93845,1.94E-07,-9.995441437,,,,,,,,,,,,,,
6.93855,1.20E-07,-9.995587349,,,,,,,,,,,,,,
6.93865,8.45E-08,-9.995528221,,,,,,,,,,,,,,
6.93875,6.35E-08,-9.99571228,,,,,,,,,,,,,,
6.93885,5.09E-08,-9.99611187,,,,,,,,,,,,,,
6.93895,4.14E-08,-9.996106148,,,,,,,,,,,,,,
6.93905,-6.56E-07,-9.392426491,,,,,,,,,,,,,,
6.93915,-5.49E-06,-0.002902204,,,,,,,,,,,,,,
6.93925,1.66E-06,-0.002440385,,,,,,,,,,,,,,
6.93935,3.03E-06,-0.001740937,,,,,,,,,,,,,,
6.93945,3.42E-06,-0.001640945,,,,,,,,,,,,,,
6.93955,3.57E-06,-0.001388961,,,,,,,,,,,,,,
6.93965,3.65E-06,-0.00132753,,,,,,,,,,,,,,
6.93975,3.69E-06,-0.001465802,,,,,,,,,,,,,,
6.93985,3.71E-06,-0.001610124,,,,,,,,,,,,,,
6.93995,3.72E-06,-0.00165727,,,,,,,,,,,,,,
6.94005,4.19E-06,-0.594970524,,,,,,,,,,,,,,
6.94015,6.65E-06,-9.994356155,,,,,,,,,,,,,,
6.94025,1.21E-06,-9.994728088,,,,,,,,,,,,,,
6.94035,4.01E-07,-9.995722771,,,,,,,,,,,,,,
6.94045,1.94E-07,-9.995793343,,,,,,,,,,,,,,
6.94055,1.20E-07,-9.995884895,,,,,,,,,,,,,,
6.94065,8.44E-08,-9.995757103,,,,,,,,,,,,,,
6.94075,6.40E-08,-9.995891571,,,,,,,,,,,,,,
6.94085,5.11E-08,-9.996026039,,,,,,,,,,,,,,
6.94095,4.17E-08,-9.996304512,,,,,,,,,,,,,,
6.94105,-6.33E-07,-9.412549019,,,,,,,,,,,,,,
6.94115,-5.51E-06,-0.003130545,,,,,,,,,,,,,,
6.94125,1.65E-06,-0.002524333,,,,,,,,,,,,,,
6.94135,3.04E-06,-0.002130911,,,,,,,,,,,,,,
6.94145,3.43E-06,-0.002077573,,,,,,,,,,,,,,
6.94155,3.58E-06,-0.001688302,,,,,,,,,,,,,,
6.94165,3.65E-06,-0.001423933,,,,,,,,,,,,,,
6.94175,3.69E-06,-0.001511188,,,,,,,,,,,,,,
6.94185,3.72E-06,-0.001099119,,,,,,,,,,,,,,
6.94195,3.73E-06,-0.000981817,,,,,,,,,,,,,,
6.94205,4.18E-06,-0.575035751,,,,,,,,,,,,,,
6.94215,6.66E-06,-9.994673729,,,,,,,,,,,,,,
6.94225,1.22E-06,-9.995166779,,,,,,,,,,,,,,
6.94235,4.02E-07,-9.99547863,,,,,,,,,,,,,,
6.94245,1.94E-07,-9.995532036,,,,,,,,,,,,,,
6.94255,1.20E-07,-9.995944977,,,,,,,,,,,,,,
6.94265,8.48E-08,-9.995844841,,,,,,,,,,,,,,
6.94275,6.40E-08,-9.996017456,,,,,,,,,,,,,,
6.94285,5.09E-08,-9.995985031,,,,,,,,,,,,,,
6.94295,4.16E-08,-9.99585247,,,,,,,,,,,,,,
6.94305,-6.10E-07,-9.432188988,,,,,,,,,,,,,,
6.94315,-5.54E-06,-0.002421808,,,,,,,,,,,,,,
6.94325,1.65E-06,-0.001639116,,,,,,,,,,,,,,
6.94335,3.03E-06,-0.00184128,,,,,,,,,,,,,,
6.94345,3.43E-06,-0.001520336,,,,,,,,,,,,,,
6.94355,3.58E-06,-0.001635175,,,,,,,,,,,,,,
6.94365,3.65E-06,-0.001223106,,,,,,,,,,,,,,
6.94375,3.69E-06,-0.001302128,,,,,,,,,,,,,,
6.94385,3.72E-06,-0.001285943,,,,,,,,,,,,,,
6.94395,3.73E-06,-0.001139369,,,,,,,,,,,,,,
6.94405,4.17E-06,-0.554931343,,,,,,,,,,,,,,
6.94415,6.68E-06,-9.994497299,,,,,,,,,,,,,,
6.94425,1.22E-06,-9.994765282,,,,,,,,,,,,,,
6.94435,4.02E-07,-9.995393753,,,,,,,,,,,,,,
6.94445,1.94E-07,-9.995382309,,,,,,,,,,,,,,
6.94455,1.20E-07,-9.995562553,,,,,,,,,,,,,,
6.94465,8.44E-08,-9.995742798,,,,,,,,,,,,,,
6.94475,6.40E-08,-9.995967865,,,,,,,,,,,,,,
6.94485,5.05E-08,-9.995983124,,,,,,,,,,,,,,
6.94495,4.14E-08,-9.995951653,,,,,,,,,,,,,,
6.94505,-5.87E-07,-9.452255249,,,,,,,,,,,,,,
6.94515,-5.56E-06,-0.00273663,,,,,,,,,,,,,,
6.94525,1.64E-06,-0.002106705,,,,,,,,,,,,,,
6.94535,3.03E-06,-0.001715464,,,,,,,,,,,,,,
6.94545,3.43E-06,-0.001675143,,,,,,,,,,,,,,
6.94555,3.58E-06,-0.00147502,,,,,,,,,,,,,,
6.94565,3.65E-06,-0.001289814,,,,,,,,,,,,,,
6.94575,3.69E-06,-0.001132121,,,,,,,,,,,,,,
6.94585,3.72E-06,-0.001221206,,,,,,,,,,,,,,
6.94595,3.73E-06,-0.001172934,,,,,,,,,,,,,,
6.94605,4.15E-06,-0.535072982,,,,,,,,,,,,,,
6.94615,6.70E-06,-9.994250298,,,,,,,,,,,,,,
6.94625,1.22E-06,-9.994839668,,,,,,,,,,,,,,
6.94635,4.03E-07,-9.995577812,,,,,,,,,,,,,,
6.94645,1.95E-07,-9.99555397,,,,,,,,,,,,,,
6.94655,1.21E-07,-9.99547863,,,,,,,,,,,,,,
6.94665,8.46E-08,-9.995597839,,,,,,,,,,,,,,
6.94675,6.44E-08,-9.995733261,,,,,,,,,,,,,,
6.94685,5.06E-08,-9.995692253,,,,,,,,,,,,,,
6.94695,4.13E-08,-9.995681763,,,,,,,,,,,,,,
6.94705,-5.65E-07,-9.471944809,,,,,,,,,,,,,,
6.94715,-5.58E-06,-0.002913462,,,,,,,,,,,,,,
6.94725,1.64E-06,-0.002203529,,,,,,,,,,,,,,
6.94735,3.04E-06,-0.001466716,,,,,,,,,,,,,,
6.94745,3.43E-06,-0.001177578,,,,,,,,,,,,,,
6.94755,3.58E-06,-0.001512103,,,,,,,,,,,,,,
6.94765,3.65E-06,-0.001312683,,,,,,,,,,,,,,
6.94775,3.69E-06,-0.001212128,,,,,,,,,,,,,,
6.94785,3.72E-06,-0.001159494,,,,,,,,,,,,,,
6.94795,3.73E-06,-0.001067172,,,,,,,,,,,,,,
6.94805,4.14E-06,-0.514809608,,,,,,,,,,,,,,
6.94815,6.72E-06,-9.99417305,,,,,,,,,,,,,,
6.94825,1.23E-06,-9.995024681,,,,,,,,,,,,,,
6.94835,4.04E-07,-9.995279312,,,,,,,,,,,,,,
6.94845,1.95E-07,-9.995490074,,,,,,,,,,,,,,
6.94855,1.20E-07,-9.995779037,,,,,,,,,,,,,,
6.94865,8.48E-08,-9.995537758,,,,,,,,,,,,,,
6.94875,6.41E-08,-9.995671272,,,,,,,,,,,,,,
6.94885,5.05E-08,-9.99578476,,,,,,,,,,,,,,
6.94895,4.15E-08,-9.995987892,,,,,,,,,,,,,,
6.94905,-5.42E-07,-9.491904259,,,,,,,,,,,,,,
6.94915,-5.60E-06,-0.002675059,,,,,,,,,,,,,,
6.94925,1.64E-06,-0.00208665,,,,,,,,,,,,,,
6.94935,3.04E-06,-0.00170329,,,,,,,,,,,,,,
6.94945,3.43E-06,-0.001544613,,,,,,,,,,,,,,
6.94955,3.58E-06,-0.001322253,,,,,,,,,,,,,,
6.94965,3.66E-06,-0.001597036,,,,,,,,,,,,,,
6.94975,3.70E-06,-0.001470164,,,,,,,,,,,,,,
6.94985,3.72E-06,-0.001507529,,,,,,,,,,,,,,
6.94995,3.73E-06,-0.001335411,,,,,,,,,,,,,,
6.95005,4.13E-06,-0.495224386,,,,,,,,,,,,,,
6.95015,6.74E-06,-9.994529724,,,,,,,,,,,,,,
6.95025,1.23E-06,-9.995390892,,,,,,,,,,,,,,
6.95035,4.05E-07,-9.995950699,,,,,,,,,,,,,,
6.95045,1.95E-07,-9.995969772,,,,,,,,,,,,,,
6.95055,1.20E-07,-9.995806694,,,,,,,,,,,,,,
6.95065,8.49E-08,-9.995767593,,,,,,,,,,,,,,
6.95075,6.40E-08,-9.995929718,,,,,,,,,,,,,,
6.95085,5.10E-08,-9.996033669,,,,,,,,,,,,,,
6.95095,4.16E-08,-9.995988846,,,,,,,,,,,,,,
6.95105,-5.19E-07,-9.512089729,,,,,,,,,,,,,,
6.95115,-5.62E-06,-0.003039279,,,,,,,,,,,,,,
6.95125,1.63E-06,-0.002385499,,,,,,,,,,,,,,
6.95135,3.04E-06,-0.001852468,,,,,,,,,,,,,,
6.95145,3.43E-06,-0.001799904,,,,,,,,,,,,,,
6.95155,3.58E-06,-0.001395153,,,,,,,,,,,,,,
6.95165,3.66E-06,-0.001190596,,,,,,,,,,,,,,
6.95175,3.70E-06,-0.001281088,,,,,,,,,,,,,,
6.95185,3.72E-06,-0.001237038,,,,,,,,,,,,,,
6.95195,3.74E-06,-0.001254208,,,,,,,,,,,,,,
6.95205,4.11E-06,-0.475141227,,,,,,,,,,,,,,
6.95215,6.76E-06,-9.994301796,,,,,,,,,,,,,,
6.95225,1.23E-06,-9.995051384,,,,,,,,,,,,,,
6.95235,4.05E-07,-9.995641708,,,,,,,,,,,,,,
6.95245,1.95E-07,-9.995513916,,,,,,,,,,,,,,
6.95255,1.20E-07,-9.995816231,,,,,,,,,,,,,,
6.95265,8.48E-08,-9.995969772,,,,,,,,,,,,,,
6.95275,6.37E-08,-9.995692253,,,,,,,,,,,,,,
6.95285,5.08E-08,-9.995987892,,,,,,,,,,,,,,
6.95295,4.15E-08,-9.996204376,,,,,,,,,,,,,,
6.95305,-4.96E-07,-9.532184601,,,,,,,,,,,,,,
6.95315,-5.65E-06,-0.002952727,,,,,,,,,,,,,,
6.95325,1.63E-06,-0.002553324,,,,,,,,,,,,,,
6.95335,3.04E-06,-0.001978918,,,,,,,,,,,,,,
6.95345,3.43E-06,-0.00215181,,,,,,,,,,,,,,
6.95355,3.58E-06,-0.001726723,,,,,,,,,,,,,,
6.95365,3.66E-06,-0.001610547,,,,,,,,,,,,,,
6.95375,3.70E-06,-0.001433433,,,,,,,,,,,,,,
6.95385,3.72E-06,-0.001219095,,,,,,,,,,,,,,
6.95395,3.74E-06,-0.001384528,,,,,,,,,,,,,,
6.95405,4.10E-06,-0.454993099,,,,,,,,,,,,,,
6.95415,6.77E-06,-9.994087219,,,,,,,,,,,,,,
6.95425,1.24E-06,-9.994602203,,,,,,,,,,,,,,
6.95435,4.06E-07,-9.995253563,,,,,,,,,,,,,,
6.95445,1.95E-07,-9.995129585,,,,,,,,,,,,,,
6.95455,1.20E-07,-9.995279312,,,,,,,,,,,,,,
6.95465,8.46E-08,-9.995314598,,,,,,,,,,,,,,
6.95475,6.40E-08,-9.995388985,,,,,,,,,,,,,,
6.95485,5.05E-08,-9.995661736,,,,,,,,,,,,,,
6.95495,4.12E-08,-9.995912552,,,,,,,,,,,,,,
6.95505,-4.74E-07,-9.551990509,,,,,,,,,,,,,,
6.95515,-5.67E-06,-0.002886371,,,,,,,,,,,,,,
6.95525,1.62E-06,-0.002285718,,,,,,,,,,,,,,
6.95535,3.04E-06,-0.001491626,,,,,,,,,,,,,,
6.95545,3.43E-06,-0.001511822,,,,,,,,,,,,,,
6.95555,3.59E-06,-0.001434981,,,,,,,,,,,,,,
6.95565,3.66E-06,-0.001347374,,,,,,,,,,,,,,
6.95575,3.70E-06,-0.001207695,,,,,,,,,,,,,,
6.95585,3.72E-06,-0.001061121,,,,,,,,,,,,,,
6.95595,3.74E-06,-0.001166038,,,,,,,,,,,,,,
6.95605,4.08E-06,-0.435185641,,,,,,,,,,,,,,
6.95615,6.79E-06,-9.994089127,,,,,,,,,,,,,,
6.95625,1.24E-06,-9.994738579,,,,,,,,,,,,,,
6.95635,4.06E-07,-9.995221138,,,,,,,,,,,,,,
6.95645,1.96E-07,-9.995206833,,,,,,,,,,,,,,
6.95655,1.20E-07,-9.995617867,,,,,,,,,,,,,,
6.95665,8.45E-08,-9.995980263,,,,,,,,,,,,,,
6.95675,6.37E-08,-9.99590683,,,,,,,,,,,,,,
6.95685,5.06E-08,-9.995975494,,,,,,,,,,,,,,
6.95695,4.12E-08,-9.995851517,,,,,,,,,,,,,,
6.95705,-4.51E-07,-9.572127342,,,,,,,,,,,,,,
6.95715,-5.69E-06,-0.00277885,,,,,,,,,,,,,,
6.95725,1.62E-06,-0.002378955,,,,,,,,,,,,,,
6.95735,3.04E-06,-0.001698787,,,,,,,,,,,,,,
6.95745,3.43E-06,-0.0017434,,,,,,,,,,,,,,
6.95755,3.59E-06,-0.001442721,,,,,,,,,,,,,,
6.95765,3.66E-06,-0.001482971,,,,,,,,,,,,,,
6.95775,3.70E-06,-0.00140606,,,,,,,,,,,,,,
6.95785,3.73E-06,-0.000923694,,,,,,,,,,,,,,
6.95795,3.74E-06,-0.001285521,,,,,,,,,,,,,,
6.95805,4.07E-06,-0.414898396,,,,,,,,,,,,,,
6.95815,6.81E-06,-9.994501114,,,,,,,,,,,,,,
6.95825,1.24E-06,-9.995036125,,,,,,,,,,,,,,
6.95835,4.07E-07,-9.99545002,,,,,,,,,,,,,,
6.95845,1.96E-07,-9.995962143,,,,,,,,,,,,,,
6.95855,1.21E-07,-9.995594978,,,,,,,,,,,,,,
6.95865,8.47E-08,-9.995705605,,,,,,,,,,,,,,
6.95875,6.42E-08,-9.996038437,,,,,,,,,,,,,,
6.95885,5.07E-08,-9.995872498,,,,,,,,,,,,,,
6.95895,4.15E-08,-9.995829582,,,,,,,,,,,,,,
6.95905,-4.28E-07,-9.592010498,,,,,,,,,,,,,,
6.95915,-5.71E-06,-0.002936261,,,,,,,,,,,,,,
6.95925,1.61E-06,-0.002103679,,,,,,,,,,,,,,
6.95935,3.04E-06,-0.001581766,,,,,,,,,,,,,,
6.95945,3.43E-06,-0.00141957,,,,,,,,,,,,,,
6.95955,3.59E-06,-0.001623916,,,,,,,,,,,,,,
6.95965,3.66E-06,-0.001583877,,,,,,,,,,,,,,
6.95975,3.70E-06,-0.001414363,,,,,,,,,,,,,,
6.95985,3.73E-06,-0.001386076,,,,,,,,,,,,,,
6.95995,3.74E-06,-0.001188907,,,,,,,,,,,,,,
6.96005,4.06E-06,-0.39502281,,,,,,,,,,,,,,
6.96015,6.83E-06,-9.994125366,,,,,,,,,,,,,,
6.96025,1.25E-06,-9.995171547,,,,,,,,,,,,,,
6.96035,4.08E-07,-9.99551487,,,,,,,,,,,,,,
6.96045,1.96E-07,-9.995534897,,,,,,,,,,,,,,
6.96055,1.21E-07,-9.995728493,,,,,,,,,,,,,,
6.96065,8.50E-08,-9.995803833,,,,,,,,,,,,,,
6.96075,6.42E-08,-9.995974541,,,,,,,,,,,,,,
6.96085,5.11E-08,-9.995979309,,,,,,,,,,,,,,
6.96095,4.18E-08,-9.995909691,,,,,,,,,,,,,,
6.96105,-4.04E-07,-9.611899376,,,,,,,,,,,,,,
6.96115,-5.73E-06,-0.002805238,,,,,,,,,,,,,,
6.96125,1.61E-06,-0.00196583,,,,,,,,,,,,,,
6.96135,3.04E-06,-0.001626801,,,,,,,,,,,,,,
6.96145,3.44E-06,-0.001182363,,,,,,,,,,,,,,
6.96155,3.59E-06,-0.00117976,,,,,,,,,,,,,,
6.96165,3.67E-06,-0.000994624,,,,,,,,,,,,,,
6.96175,3.71E-06,-0.000814344,,,,,,,,,,,,,,
6.96185,3.73E-06,-0.001261878,,,,,,,,,,,,,,
6.96195,3.74E-06,-0.001233801,,,,,,,,,,,,,,
6.96205,4.04E-06,-0.375086367,,,,,,,,,,,,,,
6.96215,6.85E-06,-9.994060516,,,,,,,,,,,,,,
6.96225,1.25E-06,-9.994794846,,,,,,,,,,,,,,
6.96235,4.09E-07,-9.995411873,,,,,,,,,,,,,,
6.96245,1.96E-07,-9.99539566,,,,,,,,,,,,,,
6.96255,1.21E-07,-9.995643616,,,,,,,,,,,,,,
6.96265,8.50E-08,-9.99577713,,,,,,,,,,,,,,
6.96275,6.41E-08,-9.99578476,,,,,,,,,,,,,,
6.96285,5.05E-08,-9.995635986,,,,,,,,,,,,,,
6.96295,4.14E-08,-9.995758057,,,,,,,,,,,,,,
6.96305,-3.83E-07,-9.632089615,,,,,,,,,,,,,,
6.96315,-5.75E-06,-0.002750563,,,,,,,,,,,,,,
6.96325,1.61E-06,-0.001951897,,,,,,,,,,,,,,
6.96335,3.04E-06,-0.001435333,,,,,,,,,,,,,,
6.96345,3.44E-06,-0.001436318,,,,,,,,,,,,,,
6.96355,3.59E-06,-0.001072591,,,,,,,,,,,,,,
6.96365,3.67E-06,-0.001378054,,,,,,,,,,,,,,
6.96375,3.71E-06,-0.001279329,,,,,,,,,,,,,,
6.96385,3.73E-06,-0.00120087,,,,,,,,,,,,,,
6.96395,3.75E-06,-0.001138806,,,,,,,,,,,,,,
6.96405,4.03E-06,-0.355225265,,,,,,,,,,,,,,
6.96415,6.87E-06,-9.9944067,,,,,,,,,,,,,,
6.96425,1.25E-06,-9.995167732,,,,,,,,,,,,,,
6.96435,4.10E-07,-9.995702744,,,,,,,,,,,,,,
6.96445,1.97E-07,-9.995475769,,,,,,,,,,,,,,
6.96455,1.21E-07,-9.995714188,,,,,,,,,,,,,,
6.96465,8.52E-08,-9.995963097,,,,,,,,,,,,,,
6.96475,6.41E-08,-9.996080399,,,,,,,,,,,,,,
6.96485,5.09E-08,-9.996081352,,,,,,,,,,,,,,
6.96495,4.13E-08,-9.996110916,,,,,,,,,,,,,,
6.96505,-3.60E-07,-9.652397156,,,,,,,,,,,,,,
6.96515,-5.78E-06,-0.002625591,,,,,,,,,,,,,,
6.96525,1.60E-06,-0.002071591,,,,,,,,,,,,,,
6.96535,3.04E-06,-0.001683165,,,,,,,,,,,,,,
6.96545,3.44E-06,-0.001541376,,,,,,,,,,,,,,
6.96555,3.60E-06,-0.001236194,,,,,,,,,,,,,,
6.96565,3.67E-06,-0.001443073,,,,,,,,,,,,,,
6.96575,3.71E-06,-0.001428085,,,,,,,,,,,,,,
6.96585,3.74E-06,-0.001163012,,,,,,,,,,,,,,
6.96595,3.75E-06,-0.001120299,,,,,,,,,,,,,,
6.96605,4.02E-06,-0.335249752,,,,,,,,,,,,,,
6.96615,6.88E-06,-9.994566917,,,,,,,,,,,,,,
6.96625,1.26E-06,-9.994896889,,,,,,,,,,,,,,
6.96635,4.10E-07,-9.995412827,,,,,,,,,,,,,,
6.96645,1.97E-07,-9.995762825,,,,,,,,,,,,,,
6.96655,1.21E-07,-9.995807648,,,,,,,,,,,,,,
6.96665,8.48E-08,-9.996007919,,,,,,,,,,,,,,
6.96675,6.40E-08,-9.9961586,,,,,,,,,,,,,,
6.96685,5.06E-08,-9.996200562,,,,,,,,,,,,,,
6.96695,4.10E-08,-9.99634552,,,,,,,,,,,,,,
6.96705,-3.37E-07,-9.672468185,,,,,,,,,,,,,,
6.96715,-5.80E-06,-0.002796794,,,,,,,,,,,,,,
6.96725,1.60E-06,-0.001926987,,,,,,,,,,,,,,
6.96735,3.04E-06,-0.001496833,,,,,,,,,,,,,,
6.96745,3.44E-06,-0.001360321,,,,,,,,,,,,,,
6.96755,3.60E-06,-0.001223739,,,,,,,,,,,,,,
6.96765,3.67E-06,-0.001201714,,,,,,,,,,,,,,
6.96775,3.71E-06,-0.00133126,,,,,,,,,,,,,,
6.96785,3.74E-06,-0.001347866,,,,,,,,,,,,,,
6.96795,3.75E-06,-0.001125859,,,,,,,,,,,,,,
6.96805,4.00E-06,-0.315447837,,,,,,,,,,,,,,
6.96815,6.90E-06,-9.994926453,,,,,,,,,,,,,,
6.96825,1.26E-06,-9.995373726,,,,,,,,,,,,,,
6.96835,4.11E-07,-9.996007919,,,,,,,,,,,,,,
6.96845,1.97E-07,-9.996002197,,,,,,,,,,,,,,
6.96855,1.21E-07,-9.99608326,,,,,,,,,,,,,,
6.96865,8.53E-08,-9.996086121,,,,,,,,,,,,,,
6.96875,6.42E-08,-9.996116638,,,,,,,,,,,,,,
6.96885,5.10E-08,-9.996350288,,,,,,,,,,,,,,
6.96895,4.13E-08,-9.996119499,,,,,,,,,,,,,,
6.96905,-3.14E-07,-9.692318916,,,,,,,,,,,,,,
6.96915,-5.82E-06,-0.003005503,,,,,,,,,,,,,,
6.96925,1.60E-06,-0.002442426,,,,,,,,,,,,,,
6.96935,3.04E-06,-0.001900177,,,,,,,,,,,,,,
6.96945,3.44E-06,-0.001758036,,,,,,,,,,,,,,
6.96955,3.60E-06,-0.001766832,,,,,,,,,,,,,,
6.96965,3.67E-06,-0.001553127,,,,,,,,,,,,,,
6.96975,3.71E-06,-0.001793149,,,,,,,,,,,,,,
6.96985,3.74E-06,-0.001649248,,,,,,,,,,,,,,
6.96995,3.75E-06,-0.001355325,,,,,,,,,,,,,,
6.97005,3.99E-06,-0.295143366,,,,,,,,,,,,,,
6.97015,6.92E-06,-9.994697571,,,,,,,,,,,,,,
6.97025,1.26E-06,-9.995399475,,,,,,,,,,,,,,
6.97035,4.12E-07,-9.995959282,,,,,,,,,,,,,,
6.97045,1.98E-07,-9.995850563,,,,,,,,,,,,,,
6.97055,1.21E-07,-9.995894432,,,,,,,,,,,,,,
6.97065,8.52E-08,-9.995597839,,,,,,,,,,,,,,
6.97075,6.46E-08,-9.996077538,,,,,,,,,,,,,,
6.97085,5.06E-08,-9.995995522,,,,,,,,,,,,,,
6.97095,4.16E-08,-9.996238708,,,,,,,,,,,,,,
6.97105,-2.91E-07,-9.712133408,,,,,,,,,,,,,,
6.97115,-5.84E-06,-0.002714324,,,,,,,,,,,,,,
6.97125,1.59E-06,-0.002224851,,,,,,,,,,,,,,
6.97135,3.04E-06,-0.001644323,,,,,,,,,,,,,,
6.97145,3.44E-06,-0.001436107,,,,,,,,,,,,,,
6.97155,3.60E-06,-0.001378828,,,,,,,,,,,,,,
6.97165,3.68E-06,-0.001437233,,,,,,,,,,,,,,
6.97175,3.72E-06,-0.001317538,,,,,,,,,,,,,,
6.97185,3.74E-06,-0.0011051,,,,,,,,,,,,,,
6.97195,3.75E-06,-0.000991739,,,,,,,,,,,,,,
6.97205,3.97E-06,-0.275001794,,,,,,,,,,,,,,
6.97215,6.94E-06,-9.994128227,,,,,,,,,,,,,,
6.97225,1.27E-06,-9.994610786,,,,,,,,,,,,,,
6.97235,4.13E-07,-9.995271683,,,,,,,,,,,,,,
6.97245,1.98E-07,-9.995405197,,,,,,,,,,,,,,
6.97255,1.22E-07,-9.995659828,,,,,,,,,,,,,,
6.97265,8.54E-08,-9.995697975,,,,,,,,,,,,,,
6.97275,6.45E-08,-9.995689392,,,,,,,,,,,,,,
6.97285,5.11E-08,-9.995704651,,,,,,,,,,,,,,
6.97295,4.14E-08,-9.995847702,,,,,,,,,,,,,,
6.97305,-2.69E-07,-9.731992722,,,,,,,,,,,,,,
6.97315,-5.86E-06,-0.00249703,,,,,,,,,,,,,,
6.97325,1.59E-06,-0.001685347,,,,,,,,,,,,,,
6.97335,3.04E-06,-0.001304591,,,,,,,,,,,,,,
6.97345,3.44E-06,-0.00123162,,,,,,,,,,,,,,
6.97355,3.60E-06,-0.000976821,,,,,,,,,,,,,,
6.97365,3.68E-06,-0.001093771,,,,,,,,,,,,,,
6.97375,3.72E-06,-0.000910606,,,,,,,,,,,,,,
6.97385,3.74E-06,-0.001032622,,,,,,,,,,,,,,
6.97395,3.75E-06,-0.001183559,,,,,,,,,,,,,,
6.97405,3.96E-06,-0.255061388,,,,,,,,,,,,,,
6.97415,6.96E-06,-9.994116783,,,,,,,,,,,,,,
6.97425,1.27E-06,-9.994968414,,,,,,,,,,,,,,
6.97435,4.13E-07,-9.99547863,,,,,,,,,,,,,,
6.97445,1.98E-07,-9.995434761,,,,,,,,,,,,,,
6.97455,1.21E-07,-9.995691299,,,,,,,,,,,,,,
6.97465,8.48E-08,-9.995512962,,,,,,,,,,,,,,
6.97475,6.41E-08,-9.995404243,,,,,,,,,,,,,,
6.97485,5.10E-08,-9.995503426,,,,,,,,,,,,,,
6.97495,4.14E-08,-9.995842934,,,,,,,,,,,,,,
6.97505,-2.46E-07,-9.751607895,,,,,,,,,,,,,,
6.97515,-5.88E-06,-0.002869624,,,,,,,,,,,,,,
6.97525,1.58E-06,-0.002371073,,,,,,,,,,,,,,
6.97535,3.04E-06,-0.001525262,,,,,,,,,,,,,,
6.97545,3.45E-06,-0.001737981,,,,,,,,,,,,,,
6.97555,3.60E-06,-0.00143857,,,,,,,,,,,,,,
6.97565,3.68E-06,-0.001273489,,,,,,,,,,,,,,
6.97575,3.72E-06,-0.001119525,,,,,,,,,,,,,,
6.97585,3.74E-06,-0.0010341,,,,,,,,,,,,,,
6.97595,3.76E-06,-0.001285029,,,,,,,,,,,,,,
6.97605,3.95E-06,-0.235044777,,,,,,,,,,,,,,
6.97615,6.98E-06,-9.994293213,,,,,,,,,,,,,,
6.97625,1.27E-06,-9.994612694,,,,,,,,,,,,,,
6.97635,4.14E-07,-9.99537468,,,,,,,,,,,,,,
6.97645,1.98E-07,-9.995552063,,,,,,,,,,,,,,
6.97655,1.22E-07,-9.995972633,,,,,,,,,,,,,,
6.97665,8.54E-08,-9.996182442,,,,,,,,,,,,,,
6.97675,6.45E-08,-9.996371269,,,,,,,,,,,,,,
6.97685,5.08E-08,-9.995898247,,,,,,,,,,,,,,
6.97695,4.15E-08,-9.995742798,,,,,,,,,,,,,,
6.97705,-2.24E-07,-9.771824837,,,,,,,,,,,,,,
6.97715,-5.90E-06,-0.002764706,,,,,,,,,,,,,,
6.97725,1.58E-06,-0.002077854,,,,,,,,,,,,,,
6.97735,3.04E-06,-0.001472838,,,,,,,,,,,,,,
6.97745,3.45E-06,-0.001596332,,,,,,,,,,,,,,
6.97755,3.61E-06,-0.001288617,,,,,,,,,,,,,,
6.97765,3.68E-06,-0.00131205,,,,,,,,,,,,,,
6.97775,3.72E-06,-0.001560797,,,,,,,,,,,,,,
6.97785,3.75E-06,-0.001557208,,,,,,,,,,,,,,
6.97795,3.76E-06,-0.00154609,,,,,,,,,,,,,,
6.97805,3.93E-06,-0.215365514,,,,,,,,,,,,,,
6.97815,6.99E-06,-9.993908882,,,,,,,,,,,,,,
6.97825,1.28E-06,-9.994775772,,,,,,,,,,,,,,
6.97835,4.14E-07,-9.995100975,,,,,,,,,,,,,,
6.97845,1.98E-07,-9.995166779,,,,,,,,,,,,,,
6.97855,1.22E-07,-9.995573997,,,,,,,,,,,,,,
6.97865,8.51E-08,-9.995674133,,,,,,,,,,,,,,
6.97875,6.43E-08,-9.995581627,,,,,,,,,,,,,,
6.97885,5.06E-08,-9.995714188,,,,,,,,,,,,,,
6.97895,4.16E-08,-9.995693207,,,,,,,,,,,,,,
6.97905,-2.00E-07,-9.79139328,,,,,,,,,,,,,,
6.97915,-5.93E-06,-0.002811782,,,,,,,,,,,,,,
6.97925,1.57E-06,-0.001975259,,,,,,,,,,,,,,
6.97935,3.04E-06,-0.001550312,,,,,,,,,,,,,,
6.97945,3.45E-06,-0.001309165,,,,,,,,,,,,,,
6.97955,3.60E-06,-0.0009555,,,,,,,,,,,,,,
6.97965,3.68E-06,-0.00111847,,,,,,,,,,,,,,
6.97975,3.72E-06,-0.001129307,,,,,,,,,,,,,,
6.97985,3.75E-06,-0.001143732,,,,,,,,,,,,,,
6.97995,3.76E-06,-0.001074068,,,,,,,,,,,,,,
6.98005,3.92E-06,-0.195293814,,,,,,,,,,,,,,
6.98015,7.01E-06,-9.994208336,,,,,,,,,,,,,,
6.98025,1.28E-06,-9.994592667,,,,,,,,,,,,,,
6.98035,4.15E-07,-9.995354652,,,,,,,,,,,,,,
6.98045,1.98E-07,-9.995544434,,,,,,,,,,,,,,
6.98055,1.22E-07,-9.995833397,,,,,,,,,,,,,,
6.98065,8.52E-08,-9.995728493,,,,,,,,,,,,,,
6.98075,6.41E-08,-9.99575901,,,,,,,,,,,,,,
6.98085,5.08E-08,-9.995634079,,,,,,,,,,,,,,
6.98095,4.15E-08,-9.995567322,,,,,,,,,,,,,,
6.98105,-1.77E-07,-9.811814308,,,,,,,,,,,,,,
6.98115,-5.95E-06,-0.003016198,,,,,,,,,,,,,,
6.98125,1.57E-06,-0.002230973,,,,,,,,,,,,,,
6.98135,3.04E-06,-0.001763524,,,,,,,,,,,,,,
6.98145,3.45E-06,-0.001618568,,,,,,,,,,,,,,
6.98155,3.61E-06,-0.001476638,,,,,,,,,,,,,,
6.98165,3.68E-06,-0.001418726,,,,,,,,,,,,,,
6.98175,3.72E-06,-0.001155483,,,,,,,,,,,,,,
6.98185,3.75E-06,-0.001004898,,,,,,,,,,,,,,
6.98195,3.76E-06,-0.001588029,,,,,,,,,,,,,,
6.98205,3.91E-06,-0.175315917,,,,,,,,,,,,,,
6.98215,7.03E-06,-9.993888855,,,,,,,,,,,,,,
6.98225,1.28E-06,-9.994909286,,,,,,,,,,,,,,
6.98235,4.16E-07,-9.995563507,,,,,,,,,,,,,,
6.98245,1.99E-07,-9.995810509,,,,,,,,,,,,,,
6.98255,1.22E-07,-9.995932579,,,,,,,,,,,,,,
6.98265,8.51E-08,-9.99571991,,,,,,,,,,,,,,
6.98275,6.42E-08,-9.996160507,,,,,,,,,,,,,,
6.98285,5.09E-08,-9.995616913,,,,,,,,,,,,,,
6.98295,4.15E-08,-9.995679855,,,,,,,,,,,,,,
6.98305,-1.55E-07,-9.831490517,,,,,,,,,,,,,,
6.98315,-5.97E-06,-0.002800664,,,,,,,,,,,,,,
6.98325,1.57E-06,-0.002278681,,,,,,,,,,,,,,
6.98335,3.04E-06,-0.001686402,,,,,,,,,,,,,,
6.98345,3.45E-06,-0.001629405,,,,,,,,,,,,,,
6.98355,3.61E-06,-0.001572548,,,,,,,,,,,,,,
6.98365,3.69E-06,-0.001674369,,,,,,,,,,,,,,
6.98375,3.73E-06,-0.001606043,,,,,,,,,,,,,,
6.98385,3.75E-06,-0.001716871,,,,,,,,,,,,,,
6.98395,3.77E-06,-0.001471924,,,,,,,,,,,,,,
6.98405,3.89E-06,-0.155267358,,,,,,,,,,,,,,
6.98415,7.05E-06,-9.994222641,,,,,,,,,,,,,,
6.98425,1.29E-06,-9.994796753,,,,,,,,,,,,,,
6.98435,4.17E-07,-9.995332718,,,,,,,,,,,,,,
6.98445,1.99E-07,-9.99539566,,,,,,,,,,,,,,
6.98455,1.22E-07,-9.995521545,,,,,,,,,,,,,,
6.98465,8.54E-08,-9.99579525,,,,,,,,,,,,,,
6.98475,6.44E-08,-9.995833397,,,,,,,,,,,,,,
6.98485,5.11E-08,-9.995873451,,,,,,,,,,,,,,
6.98495,4.14E-08,-9.995897293,,,,,,,,,,,,,,
6.98505,-1.32E-07,-9.852016449,,,,,,,,,,,,,,
6.98515,-5.99E-06,-0.003068481,,,,,,,,,,,,,,
6.98525,1.56E-06,-0.002419838,,,,,,,,,,,,,,
6.98535,3.04E-06,-0.001781116,,,,,,,,,,,,,,
6.98545,3.45E-06,-0.0016477,,,,,,,,,,,,,,
6.98555,3.61E-06,-0.001502041,,,,,,,,,,,,,,
6.98565,3.69E-06,-0.00170505,,,,,,,,,,,,,,
6.98575,3.73E-06,-0.001384035,,,,,,,,,,,,,,
6.98585,3.75E-06,-0.001425481,,,,,,,,,,,,,,
6.98595,3.77E-06,-0.001203825,,,,,,,,,,,,,,
6.98605,3.88E-06,-0.135403037,,,,,,,,,,,,,,
6.98615,7.07E-06,-9.994208336,,,,,,,,,,,,,,
6.98625,1.29E-06,-9.994843483,,,,,,,,,,,,,,
6.98635,4.18E-07,-9.995758057,,,,,,,,,,,,,,
6.98645,1.99E-07,-9.995563507,,,,,,,,,,,,,,
6.98655,1.22E-07,-9.995753288,,,,,,,,,,,,,,
6.98665,8.51E-08,-9.995628357,,,,,,,,,,,,,,
6.98675,6.43E-08,-9.995786667,,,,,,,,,,,,,,
6.98685,5.05E-08,-9.99594593,,,,,,,,,,,,,,
6.98695,4.16E-08,-9.995925903,,,,,,,,,,,,,,
6.98705,-1.09E-07,-9.872020721,,,,,,,,,,,,,,
6.98715,-6.01E-06,-0.003107535,,,,,,,,,,,,,,
6.98725,1.56E-06,-0.002255812,,,,,,,,,,,,,,
6.98735,3.04E-06,-0.001897996,,,,,,,,,,,,,,
6.98745,3.45E-06,-0.001455317,,,,,,,,,,,,,,
6.98755,3.61E-06,-0.001527302,,,,,,,,,,,,,,
6.98765,3.69E-06,-0.001391987,,,,,,,,,,,,,,
6.98775,3.73E-06,-0.001391846,,,,,,,,,,,,,,
6.98785,3.75E-06,-0.001359266,,,,,,,,,,,,,,
6.98795,3.77E-06,-0.001147532,,,,,,,,,,,,,,
6.98805,3.86E-06,-0.115301639,,,,,,,,,,,,,,
6.98815,7.08E-06,-9.993904114,,,,,,,,,,,,,,
6.98825,1.30E-06,-9.99447155,,,,,,,,,,,,,,
6.98835,4.19E-07,-9.99509716,,,,,,,,,,,,,,
6.98845,1.99E-07,-9.995217323,,,,,,,,,,,,,,
6.98855,1.22E-07,-9.995499611,,,,,,,,,,,,,,
6.98865,8.57E-08,-9.995505333,,,,,,,,,,,,,,
6.98875,6.47E-08,-9.995491028,,,,,,,,,,,,,,
6.98885,5.11E-08,-9.995883942,,,,,,,,,,,,,,
6.98895,4.15E-08,-9.995833397,,,,,,,,,,,,,,
6.98905,-8.66E-08,-9.891692162,,,,,,,,,,,,,,
6.98915,-6.03E-06,-0.002887427,,,,,,,,,,,,,,
6.98925,1.55E-06,-0.002221755,,,,,,,,,,,,,,
6.98935,3.04E-06,-0.001664518,,,,,,,,,,,,,,
6.98945,3.46E-06,-0.001577896,,,,,,,,,,,,,,
6.98955,3.62E-06,-0.001305787,,,,,,,,,,,,,,
6.98965,3.69E-06,-0.001440188,,,,,,,,,,,,,,
6.98975,3.73E-06,-0.001558053,,,,,,,,,,,,,,
6.98985,3.76E-06,-0.00120481,,,,,,,,,,,,,,
6.98995,3.77E-06,-0.001027697,,,,,,,,,,,,,,
6.99005,3.85E-06,-0.09528707,,,,,,,,,,,,,,
6.99015,7.10E-06,-9.994389534,,,,,,,,,,,,,,
6.99025,1.30E-06,-9.994970322,,,,,,,,,,,,,,
6.99035,4.19E-07,-9.995301247,,,,,,,,,,,,,,
6.99045,2.00E-07,-9.995676994,,,,,,,,,,,,,,
6.99055,1.22E-07,-9.995820045,,,,,,,,,,,,,,
6.99065,8.53E-08,-9.996110916,,,,,,,,,,,,,,
6.99075,6.42E-08,-9.996150017,,,,,,,,,,,,,,
6.99085,5.08E-08,-9.996274948,,,,,,,,,,,,,,
6.99095,4.15E-08,-9.996154785,,,,,,,,,,,,,,
6.99105,-6.38E-08,-9.911775589,,,,,,,,,,,,,,
6.99115,-6.06E-06,-0.002539462,,,,,,,,,,,,,,
6.99125,1.55E-06,-0.001953515,,,,,,,,,,,,,,
6.99135,3.04E-06,-0.001366373,,,,,,,,,,,,,,
6.99145,3.46E-06,-0.001361447,,,,,,,,,,,,,,
6.99155,3.62E-06,-0.001219798,,,,,,,,,,,,,,
6.99165,3.69E-06,-0.001133317,,,,,,,,,,,,,,
6.99175,3.73E-06,-0.000923483,,,,,,,,,,,,,,
6.99185,3.76E-06,-0.001013764,,,,,,,,,,,,,,
6.99195,3.77E-06,-0.000846713,,,,,,,,,,,,,,
6.99205,3.84E-06,-0.075109117,,,,,,,,,,,,,,
6.99215,7.12E-06,-9.994578362,,,,,,,,,,,,,,
6.99225,1.30E-06,-9.995648384,,,,,,,,,,,,,,
6.99235,4.20E-07,-9.99612999,,,,,,,,,,,,,,
6.99245,2.00E-07,-9.995763779,,,,,,,,,,,,,,
6.99255,1.22E-07,-9.996200562,,,,,,,,,,,,,,
6.99265,8.56E-08,-9.996001244,,,,,,,,,,,,,,
6.99275,6.44E-08,-9.996458054,,,,,,,,,,,,,,
6.99285,5.09E-08,-9.996591568,,,,,,,,,,,,,,
6.99295,4.13E-08,-9.996416092,,,,,,,,,,,,,,
6.99305,-4.11E-08,-9.932178497,,,,,,,,,,,,,,
6.99315,-6.08E-06,-0.002754996,,,,,,,,,,,,,,
6.99325,1.54E-06,-0.00183741,,,,,,,,,,,,,,
6.99335,3.04E-06,-0.001661563,,,,,,,,,,,,,,
6.99345,3.46E-06,-0.001535887,,,,,,,,,,,,,,
6.99355,3.62E-06,-0.001493104,,,,,,,,,,,,,,
6.99365,3.70E-06,-0.001560445,,,,,,,,,,,,,,
6.99375,3.74E-06,-0.001533424,,,,,,,,,,,,,,
6.99385,3.76E-06,-0.001281721,,,,,,,,,,,,,,
6.99395,3.77E-06,-0.001378265,,,,,,,,,,,,,,
6.99405,3.82E-06,-0.055557989,,,,,,,,,,,,,,
6.99415,7.14E-06,-9.994433403,,,,,,,,,,,,,,
6.99425,1.31E-06,-9.995540619,,,,,,,,,,,,,,
6.99435,4.21E-07,-9.9960289,,,,,,,,,,,,,,
6.99445,2.00E-07,-9.995844841,,,,,,,,,,,,,,
6.99455,1.22E-07,-9.99630928,,,,,,,,,,,,,,
6.99465,8.52E-08,-9.996273041,,,,,,,,,,,,,,
6.99475,6.44E-08,-9.995996475,,,,,,,,,,,,,,
6.99485,5.10E-08,-9.99615097,,,,,,,,,,,,,,
6.99495,4.13E-08,-9.996198654,,,,,,,,,,,,,,
6.99505,-1.81E-08,-9.951814651,,,,,,,,,,,,,,
6.99515,-6.10E-06,-0.003067496,,,,,,,,,,,,,,
6.99525,1.54E-06,-0.002252857,,,,,,,,,,,,,,
6.99535,3.04E-06,-0.001730311,,,,,,,,,,,,,,
6.99545,3.46E-06,-0.001669092,,,,,,,,,,,,,,
6.99555,3.62E-06,-0.001139791,,,,,,,,,,,,,,
6.99565,3.69E-06,-0.001423722,,,,,,,,,,,,,,
6.99575,3.74E-06,-0.001323801,,,,,,,,,,,,,,
6.99585,3.76E-06,-0.001208821,,,,,,,,,,,,,,
6.99595,3.78E-06,-0.001028682,,,,,,,,,,,,,,
6.99605,3.81E-06,-0.035390873,,,,,,,,,,,,,,
6.99615,7.16E-06,-9.993933678,,,,,,,,,,,,,,
6.99625,1.31E-06,-9.994872093,,,,,,,,,,,,,,
6.99635,4.21E-07,-9.995585442,,,,,,,,,,,,,,
6.99645,2.00E-07,-9.995660782,,,,,,,,,,,,,,
6.99655,1.22E-07,-9.995764732,,,,,,,,,,,,,,
6.99665,8.53E-08,-9.996112823,,,,,,,,,,,,,,
6.99675,6.43E-08,-9.995957375,,,,,,,,,,,,,,
6.99685,5.07E-08,-9.996072769,,,,,,,,,,,,,,
6.99695,4.16E-08,-9.996070862,,,,,,,,,,,,,,
6.99705,4.11E-09,-9.971749306,,,,,,,,,,,,,,
6.99715,-6.12E-06,-0.002991922,,,,,,,,,,,,,,
6.99725,1.54E-06,-0.002122396,,,,,,,,,,,,,,
6.99735,3.04E-06,-0.001628701,,,,,,,,,,,,,,
6.99745,3.46E-06,-0.001460313,,,,,,,,,,,,,,
6.99755,3.62E-06,-0.001171879,,,,,,,,,,,,,,
6.99765,3.70E-06,-0.001060206,,,,,,,,,,,,,,
6.99775,3.74E-06,-0.001114881,,,,,,,,,,,,,,
6.99785,3.76E-06,-0.001255967,,,,,,,,,,,,,,
6.99795,3.78E-06,-0.00110897,,,,,,,,,,,,,,
6.99805,3.80E-06,-0.015366386,,,,,,,,,,,,,,
6.99815,7.17E-06,-9.993891716,,,,,,,,,,,,,,
6.99825,1.31E-06,-9.994721413,,,,,,,,,,,,,,
6.99835,4.22E-07,-9.995620728,,,,,,,,,,,,,,
6.99845,2.01E-07,-9.995764732,,,,,,,,,,,,,,
6.99855,1.22E-07,-9.995747566,,,,,,,,,,,,,,
6.99865,8.57E-08,-9.995848656,,,,,,,,,,,,,,
6.99875,6.43E-08,-9.995923996,,,,,,,,,,,,,,
6.99885,5.10E-08,-9.995851517,,,,,,,,,,,,,,
6.99895,4.16E-08,-9.995881081,,,,,,,,,,,,,,
6.99905,2.70E-08,-9.991658211,,,,,,,,,,,,,,
6.99915,-6.14E-06,-0.003101483,,,,,,,,,,,,,,
6.99925,1.53E-06,-0.002198393,,,,,,,,,,,,,,
6.99935,3.05E-06,-0.001803,,,,,,,,,,,,,,
6.99945,3.46E-06,-0.001621383,,,,,,,,,,,,,,
6.99955,3.62E-06,-0.001585848,,,,,,,,,,,,,,
6.99965,3.70E-06,-0.001392057,,,,,,,,,,,,,,
6.99975,3.74E-06,-0.001362362,,,,,,,,,,,,,,
6.99985,3.77E-06,-0.001428437,,,,,,,,,,,,,,
6.99995,3.78E-06,-0.001247312,,,,,,,,,,,,,,
7.00005,3.79E-06,-0.001593236,,,,,,,,,,,,,,
7.00015,7.19E-06,-9.988955498,,,,,,,,,,,,,,
7.00025,1.32E-06,-9.995402336,,,,,,,,,,,,,,
7.00035,4.23E-07,-9.996042252,,,,,,,,,,,,,,
7.00045,2.00E-07,-9.99606514,,,,,,,,,,,,,,
7.00055,1.23E-07,-9.996107101,,,,,,,,,,,,,,
7.00065,8.60E-08,-9.996031761,,,,,,,,,,,,,,
7.00075,6.51E-08,-9.996121407,,,,,,,,,,,,,,
7.00085,5.10E-08,-9.996292114,,,,,,,,,,,,,,
7.00095,4.18E-08,-9.996089935,,,,,,,,,,,,,,
7.00105,3.51E-08,-9.996210098,,,,,,,,,,,,,,
7.00115,-6.15E-06,-0.018917317,,,,,,,,,,,,,,
7.00125,1.53E-06,-0.002482112,,,,,,,,,,,,,,
7.00135,3.04E-06,-0.002005446,,,,,,,,,,,,,,
7.00145,3.46E-06,-0.001734815,,,,,,,,,,,,,,
7.00155,3.62E-06,-0.001341252,,,,,,,,,,,,,,
7.00165,3.70E-06,-0.001436388,,,,,,,,,,,,,,
7.00175,3.74E-06,-0.001274051,,,,,,,,,,,,,,
7.00185,3.77E-06,-0.001361729,,,,,,,,,,,,,,
7.00195,3.78E-06,-0.001165616,,,,,,,,,,,,,,
7.00205,3.79E-06,-0.001138525,,,,,,,,,,,,,,
7.00215,7.19E-06,-9.968763351,,,,,,,,,,,,,,
7.00225,1.32E-06,-9.995249748,,,,,,,,,,,,,,
7.00235,4.24E-07,-9.99565506,,,,,,,,,,,,,,
7.00245,2.01E-07,-9.99592495,,,,,,,,,,,,,,
7.00255,1.23E-07,-9.995948792,,,,,,,,,,,,,,
7.00265,8.58E-08,-9.995819092,,,,,,,,,,,,,,
7.00275,6.48E-08,-9.995838165,,,,,,,,,,,,,,
7.00285,5.09E-08,-9.995995522,,,,,,,,,,,,,,
7.00295,4.14E-08,-9.996084213,,,,,,,,,,,,,,
7.00305,3.44E-08,-9.996053696,,,,,,,,,,,,,,
7.00315,-6.15E-06,-0.038802262,,,,,,,,,,,,,,
7.00325,1.52E-06,-0.002157721,,,,,,,,,,,,,,
7.00335,3.04E-06,-0.001866049,,,,,,,,,,,,,,
7.00345,3.46E-06,-0.001539335,,,,,,,,,,,,,,
7.00355,3.62E-06,-0.001358844,,,,,,,,,,,,,,
7.00365,3.70E-06,-0.001429774,,,,,,,,,,,,,,
7.00375,3.74E-06,-0.00153075,,,,,,,,,,,,,,
7.00385,3.77E-06,-0.001727778,,,,,,,,,,,,,,
7.00395,3.78E-06,-0.001266874,,,,,,,,,,,,,,
7.00405,3.79E-06,-0.000930097,,,,,,,,,,,,,,
7.00415,7.20E-06,-9.948464394,,,,,,,,,,,,,,
7.00425,1.32E-06,-9.994936943,,,,,,,,,,,,,,
7.00435,4.25E-07,-9.995591164,,,,,,,,,,,,,,
7.00445,2.01E-07,-9.99552536,,,,,,,,,,,,,,
7.00455,1.23E-07,-9.995433807,,,,,,,,,,,,,,
7.00465,8.60E-08,-9.995818138,,,,,,,,,,,,,,
7.00475,6.43E-08,-9.995914459,,,,,,,,,,,,,,
7.00485,5.13E-08,-9.995858192,,,,,,,,,,,,,,
7.00495,4.15E-08,-9.996099472,,,,,,,,,,,,,,
7.00505,3.48E-08,-9.996124268,,,,,,,,,,,,,,
7.00515,-6.14E-06,-0.059150789,,,,,,,,,,,,,,
7.00525,1.52E-06,-0.002561557,,,,,,,,,,,,,,
7.00535,3.04E-06,-0.001903555,,,,,,,,,,,,,,
7.00545,3.46E-06,-0.001818551,,,,,,,,,,,,,,
7.00555,3.63E-06,-0.001696254,,,,,,,,,,,,,,
7.00565,3.70E-06,-0.001626872,,,,,,,,,,,,,,
7.00575,3.74E-06,-0.001634682,,,,,,,,,,,,,,
7.00585,3.77E-06,-0.001763173,,,,,,,,,,,,,,
7.00595,3.78E-06,-0.001580218,,,,,,,,,,,,,,
7.00605,3.79E-06,-0.001114811,,,,,,,,,,,,,,
7.00615,7.20E-06,-9.928542137,,,,,,,,,,,,,,
7.00625,1.33E-06,-9.995189667,,,,,,,,,,,,,,
7.00635,4.25E-07,-9.995732307,,,,,,,,,,,,,,
7.00645,2.01E-07,-9.995689392,,,,,,,,,,,,,,
7.00655,1.23E-07,-9.995881081,,,,,,,,,,,,,,
7.00665,8.60E-08,-9.995811462,,,,,,,,,,,,,,
7.00675,6.49E-08,-9.995907784,,,,,,,,,,,,,,
7.00685,5.12E-08,-9.996178627,,,,,,,,,,,,,,
7.00695,4.21E-08,-9.996212959,,,,,,,,,,,,,,
7.00705,3.51E-08,-9.995963097,,,,,,,,,,,,,,
7.00715,-6.14E-06,-0.078490391,,,,,,,,,,,,,,
7.00725,1.51E-06,-0.002168487,,,,,,,,,,,,,,
7.00735,3.05E-06,-0.001874915,,,,,,,,,,,,,,
7.00745,3.47E-06,-0.001727637,,,,,,,,,,,,,,
7.00755,3.63E-06,-0.001656144,,,,,,,,,,,,,,
7.00765,3.71E-06,-0.001475583,,,,,,,,,,,,,,
7.00775,3.75E-06,-0.001522588,,,,,,,,,,,,,,
7.00785,3.77E-06,-0.001800256,,,,,,,,,,,,,,
7.00795,3.78E-06,-0.001870834,,,,,,,,,,,,,,
7.00805,3.79E-06,-0.001780342,,,,,,,,,,,,,,
7.00815,7.20E-06,-9.908983231,,,,,,,,,,,,,,
7.00825,1.33E-06,-9.995544434,,,,,,,,,,,,,,
7.00835,4.26E-07,-9.996088028,,,,,,,,,,,,,,
7.00845,2.02E-07,-9.996287346,,,,,,,,,,,,,,
7.00855,1.23E-07,-9.996084213,,,,,,,,,,,,,,
7.00865,8.66E-08,-9.996232033,,,,,,,,,,,,,,
7.00875,6.53E-08,-9.996403694,,,,,,,,,,,,,,
7.00885,5.12E-08,-9.996388435,,,,,,,,,,,,,,
7.00895,4.19E-08,-9.996197701,,,,,,,,,,,,,,
7.00905,3.51E-08,-9.996362686,,,,,,,,,,,,,,
7.00915,-6.14E-06,-0.098949254,,,,,,,,,,,,,,
7.00925,1.51E-06,-0.002499141,,,,,,,,,,,,,,
7.00935,3.05E-06,-0.002077291,,,,,,,,,,,,,,
7.00945,3.47E-06,-0.001879067,,,,,,,,,,,,,,
7.00955,3.63E-06,-0.001663814,,,,,,,,,,,,,,
7.00965,3.71E-06,-0.00176071,,,,,,,,,,,,,,
7.00975,3.75E-06,-0.001542431,,,,,,,,,,,,,,
7.00985,3.77E-06,-0.001511681,,,,,,,,,,,,,,
7.00995,3.79E-06,-0.001268774,,,,,,,,,,,,,,
7.01005,3.79E-06,-0.001338226,,,,,,,,,,,,,,
7.01015,7.20E-06,-9.888705254,,,,,,,,,,,,,,
7.01025,1.34E-06,-9.994922638,,,,,,,,,,,,,,
7.01035,4.27E-07,-9.995437622,,,,,,,,,,,,,,
7.01045,2.02E-07,-9.99525547,,,,,,,,,,,,,,
7.01055,1.23E-07,-9.995482445,,,,,,,,,,,,,,
7.01065,8.63E-08,-9.995940208,,,,,,,,,,,,,,
7.01075,6.50E-08,-9.99579525,,,,,,,,,,,,,,
7.01085,5.14E-08,-9.995994568,,,,,,,,,,,,,,
7.01095,4.19E-08,-9.996191978,,,,,,,,,,,,,,
7.01105,3.46E-08,-9.996023178,,,,,,,,,,,,,,
7.01115,-6.14E-06,-0.118988588,,,,,,,,,,,,,,
7.01125,1.51E-06,-0.002795387,,,,,,,,,,,,,,
7.01135,3.04E-06,-0.002128166,,,,,,,,,,,,,,
7.01145,3.47E-06,-0.002178549,,,,,,,,,,,,,,
7.01155,3.63E-06,-0.002139214,,,,,,,,,,,,,,
7.01165,3.71E-06,-0.001896729,,,,,,,,,,,,,,
7.01175,3.75E-06,-0.001787027,,,,,,,,,,,,,,
7.01185,3.78E-06,-0.001952741,,,,,,,,,,,,,,
7.01195,3.79E-06,-0.001738826,,,,,,,,,,,,,,
7.01205,3.80E-06,-0.001700968,,,,,,,,,,,,,,
7.01215,7.20E-06,-9.86874485,,,,,,,,,,,,,,
7.01225,1.34E-06,-9.995006561,,,,,,,,,,,,,,
7.01235,4.28E-07,-9.995513916,,,,,,,,,,,,,,
7.01245,2.02E-07,-9.995661736,,,,,,,,,,,,,,
7.01255,1.23E-07,-9.995972633,,,,,,,,,,,,,,
7.01265,8.62E-08,-9.995893478,,,,,,,,,,,,,,
7.01275,6.48E-08,-9.995844841,,,,,,,,,,,,,,
7.01285,5.12E-08,-9.996134758,,,,,,,,,,,,,,
7.01295,4.15E-08,-9.996031761,,,,,,,,,,,,,,
7.01305,3.44E-08,-9.995961189,,,,,,,,,,,,,,
7.01315,-6.14E-06,-0.138892189,,,,,,,,,,,,,,
7.01325,1.50E-06,-0.002706443,,,,,,,,,,,,,,
7.01335,3.05E-06,-0.001960271,,,,,,,,,,,,,,
7.01345,3.47E-06,-0.002134851,,,,,,,,,,,,,,
7.01355,3.63E-06,-0.001835791,,,,,,,,,,,,,,
7.01365,3.71E-06,-0.001638764,,,,,,,,,,,,,,
7.01375,3.75E-06,-0.001867316,,,,,,,,,,,,,,
7.01385,3.78E-06,-0.001805111,,,,,,,,,,,,,,
7.01395,3.79E-06,-0.0016629,,,,,,,,,,,,,,
7.01405,3.80E-06,-0.00160351,,,,,,,,,,,,,,
7.01415,7.21E-06,-9.84865284,,,,,,,,,,,,,,
7.01425,1.34E-06,-9.994970322,,,,,,,,,,,,,,
7.01435,4.28E-07,-9.995323181,,,,,,,,,,,,,,
7.01445,2.02E-07,-9.995493889,,,,,,,,,,,,,,
7.01455,1.23E-07,-9.995602608,,,,,,,,,,,,,,
7.01465,8.62E-08,-9.995553017,,,,,,,,,,,,,,
7.01475,6.46E-08,-9.995686531,,,,,,,,,,,,,,
7.01485,5.10E-08,-9.99564743,,,,,,,,,,,,,,
7.01495,4.17E-08,-9.995848656,,,,,,,,,,,,,,
7.01505,3.42E-08,-9.99576664,,,,,,,,,,,,,,
7.01515,-6.14E-06,-0.158882886,,,,,,,,,,,,,,
7.01525,1.49E-06,-0.00239155,,,,,,,,,,,,,,
7.01535,3.05E-06,-0.002007557,,,,,,,,,,,,,,
7.01545,3.47E-06,-0.001743259,,,,,,,,,,,,,,
7.01555,3.63E-06,-0.001424496,,,,,,,,,,,,,,
7.01565,3.71E-06,-0.001253926,,,,,,,,,,,,,,
7.01575,3.75E-06,-0.001166179,,,,,,,,,,,,,,
7.01585,3.78E-06,-0.001445958,,,,,,,,,,,,,,
7.01595,3.79E-06,-0.00140993,,,,,,,,,,,,,,
7.01605,3.80E-06,-0.00133513,,,,,,,,,,,,,,
7.01615,7.21E-06,-9.828770638,,,,,,,,,,,,,,
7.01625,1.35E-06,-9.995289803,,,,,,,,,,,,,,
7.01635,4.29E-07,-9.995398521,,,,,,,,,,,,,,
7.01645,2.02E-07,-9.995838165,,,,,,,,,,,,,,
7.01655,1.23E-07,-9.99596405,,,,,,,,,,,,,,
7.01665,8.62E-08,-9.996098518,,,,,,,,,,,,,,
7.01675,6.48E-08,-9.996102333,,,,,,,,,,,,,,
7.01685,5.14E-08,-9.996173859,,,,,,,,,,,,,,
7.01695,4.20E-08,-9.996228218,,,,,,,,,,,,,,
7.01705,3.50E-08,-9.995987892,,,,,,,,,,,,,,
7.01715,-6.13E-06,-0.178673968,,,,,,,,,,,,,,
7.01725,1.49E-06,-0.002330823,,,,,,,,,,,,,,
7.01735,3.05E-06,-0.002085102,,,,,,,,,,,,,,
7.01745,3.47E-06,-0.001769857,,,,,,,,,,,,,,
7.01755,3.64E-06,-0.001812289,,,,,,,,,,,,,,
7.01765,3.71E-06,-0.001755432,,,,,,,,,,,,,,
7.01775,3.76E-06,-0.00153645,,,,,,,,,,,,,,
7.01785,3.78E-06,-0.001765284,,,,,,,,,,,,,,
7.01795,3.79E-06,-0.001391564,,,,,,,,,,,,,,
7.01805,3.80E-06,-0.001434418,,,,,,,,,,,,,,
7.01815,7.21E-06,-9.808582306,,,,,,,,,,,,,,
7.01825,1.35E-06,-9.994823456,,,,,,,,,,,,,,
7.01835,4.30E-07,-9.995236397,,,,,,,,,,,,,,
7.01845,2.03E-07,-9.995362282,,,,,,,,,,,,,,
7.01855,1.23E-07,-9.99530983,,,,,,,,,,,,,,
7.01865,8.60E-08,-9.995574951,,,,,,,,,,,,,,
7.01875,6.47E-08,-9.99571991,,,,,,,,,,,,,,
7.01885,5.11E-08,-9.995661736,,,,,,,,,,,,,,
7.01895,4.16E-08,-9.995959282,,,,,,,,,,,,,,
7.01905,3.43E-08,-9.99555397,,,,,,,,,,,,,,
7.01915,-6.13E-06,-0.198703095,,,,,,,,,,,,,,
7.01925,1.49E-06,-0.002365303,,,,,,,,,,,,,,
7.01935,3.05E-06,-0.00175501,,,,,,,,,,,,,,
7.01945,3.47E-06,-0.001262793,,,,,,,,,,,,,,
7.01955,3.64E-06,-0.001272011,,,,,,,,,,,,,,
7.01965,3.71E-06,-0.001314583,,,,,,,,,,,,,,
7.01975,3.76E-06,-0.001461228,,,,,,,,,,,,,,
7.01985,3.78E-06,-0.001188907,,,,,,,,,,,,,,
7.01995,3.80E-06,-0.00115302,,,,,,,,,,,,,,
7.02005,3.80E-06,-0.000976469,,,,,,,,,,,,,,
7.02015,7.22E-06,-9.788175583,,,,,,,,,,,,,,
7.02025,1.35E-06,-9.99462986,,,,,,,,,,,,,,
7.02035,4.30E-07,-9.995475769,,,,,,,,,,,,,,
7.02045,2.03E-07,-9.995812416,,,,,,,,,,,,,,
7.02055,1.23E-07,-9.995987892,,,,,,,,,,,,,,
7.02065,8.65E-08,-9.995788574,,,,,,,,,,,,,,
7.02075,6.49E-08,-9.995944023,,,,,,,,,,,,,,
7.02085,5.12E-08,-9.996041298,,,,,,,,,,,,,,
7.02095,4.17E-08,-9.996047974,,,,,,,,,,,,,,
7.02105,3.45E-08,-9.99633503,,,,,,,,,,,,,,
7.02115,-6.13E-06,-0.218392074,,,,,,,,,,,,,,
7.02125,1.48E-06,-0.00230148,,,,,,,,,,,,,,
7.02135,3.05E-06,-0.002182138,,,,,,,,,,,,,,
7.02145,3.47E-06,-0.001668107,,,,,,,,,,,,,,
7.02155,3.64E-06,-0.001495074,,,,,,,,,,,,,,
7.02165,3.71E-06,-0.00140029,,,,,,,,,,,,,,
7.02175,3.76E-06,-0.001312824,,,,,,,,,,,,,,
7.02185,3.78E-06,-0.000898432,,,,,,,,,,,,,,
7.02195,3.80E-06,-0.001288055,,,,,,,,,,,,,,
7.02205,3.81E-06,-0.001410563,,,,,,,,,,,,,,
7.02215,3.81E-06,-0.001111293,,,,,,,,,,,,,,
7.02225,3.81E-06,-0.001136132,,,,,,,,,,,,,,
7.02235,3.81E-06,-0.00123345,,,,,,,,,,,,,,
7.02245,3.80E-06,-0.001166671,,,,,,,,,,,,,,
7.02255,3.80E-06,-0.001134303,,,,,,,,,,,,,,
7.02265,3.79E-06,-0.001216069,,,,,,,,,,,,,,
7.02275,3.78E-06,-0.00125653,,,,,,,,,,,,,,
7.02285,3.77E-06,-0.001093842,,,,,,,,,,,,,,
7.02295,3.77E-06,-0.001186233,,,,,,,,,,,,,,
7.02305,3.76E-06,-0.001266381,,,,,,,,,,,,,,
7.02315,3.75E-06,-0.001223739,,,,,,,,,,,,,,
7.02325,3.74E-06,-0.001149291,,,,,,,,,,,,,,
7.02335,3.74E-06,-0.001041911,,,,,,,,,,,,,,
7.02345,3.73E-06,-0.000767761,,,,,,,,,,,,,,
7.02355,3.72E-06,-0.001062247,,,,,,,,,,,,,,
7.02365,3.72E-06,-0.001029667,,,,,,,,,,,,,,
7.02375,3.71E-06,-0.001296147,,,,,,,,,,,,,,
7.02385,3.70E-06,-0.001017423,,,,,,,,,,,,,,
7.02395,3.69E-06,-0.001143169,,,,,,,,,,,,,,
7.02405,3.69E-06,-0.001159846,,,,,,,,,,,,,,
7.02415,3.68E-06,-0.001027134,,,,,,,,,,,,,,
7.02425,3.68E-06,-0.000969784,,,,,,,,,,,,,,
7.02435,3.67E-06,-0.001109393,,,,,,,,,,,,,,
7.02445,3.66E-06,-0.00086149,,,,,,,,,,,,,,
7.02455,3.66E-06,-0.000858464,,,,,,,,,,,,,,
7.02465,3.65E-06,-0.000705064,,,,,,,,,,,,,,
7.02475,3.65E-06,-0.000886188,,,,,,,,,,,,,,
7.02485,3.64E-06,-0.000929886,,,,,,,,,,,,,,
7.02495,3.63E-06,-0.001160479,,,,,,,,,,,,,,
7.02505,3.63E-06,-0.001225146,,,,,,,,,,,,,,
7.02515,3.62E-06,-0.001153513,,,,,,,,,,,,,,
7.02525,3.62E-06,-0.001133458,,,,,,,,,,,,,,
7.02535,3.61E-06,-0.001079979,,,,,,,,,,,,,,
7.02545,3.61E-06,-0.000907861,,,,,,,,,,,,,,
7.02555,3.60E-06,-0.000998705,,,,,,,,,,,,,,
7.02565,3.60E-06,-0.00107829,,,,,,,,,,,,,,
7.02575,3.59E-06,-0.001081668,,,,,,,,,,,,,,
7.02585,3.59E-06,-0.000968659,,,,,,,,,,,,,,
7.02595,3.58E-06,-0.000953459,,,,,,,,,,,,,,
7.02605,3.58E-06,-0.001344348,,,,,,,,,,,,,,
7.02615,3.57E-06,-0.00148459,,,,,,,,,,,,,,
7.02625,3.57E-06,-0.001225639,,,,,,,,,,,,,,
7.02635,3.57E-06,-0.001236616,,,,,,,,,,,,,,
7.02645,3.56E-06,-0.00112804,,,,,,,,,,,,,,
7.02655,3.56E-06,-0.000974569,,,,,,,,,,,,,,
7.02665,3.56E-06,-0.00108399,,,,,,,,,,,,,,
7.02675,3.55E-06,-0.001269266,,,,,,,,,,,,,,
7.02685,3.55E-06,-0.001303887,,,,,,,,,,,,,,
7.02695,3.55E-06,-0.001171034,,,,,,,,,,,,,,
7.02705,3.54E-06,-0.001511188,,,,,,,,,,,,,,
7.02715,3.54E-06,-0.001115937,,,,,,,,,,,,,,
7.02725,3.54E-06,-0.001204388,,,,,,,,,,,,,,
7.02735,3.53E-06,-0.000886962,,,,,,,,,,,,,,
7.02745,3.53E-06,-0.000943538,,,,,,,,,,,,,,
7.02755,3.52E-06,-0.000937908,,,,,,,,,,,,,,
7.02765,3.52E-06,-0.000888651,,,,,,,,,,,,,,
7.02775,3.52E-06,-0.000808574,,,,,,,,,,,,,,
7.02785,3.51E-06,-0.000969996,,,,,,,,,,,,,,
7.02795,3.51E-06,-0.000916939,,,,,,,,,,,,,,
7.02805,3.51E-06,-0.001176734,,,,,,,,,,,,,,
7.02815,3.51E-06,-0.001075687,,,,,,,,,,,,,,
7.02825,3.50E-06,-0.000928268,,,,,,,,,,,,,,
7.02835,3.50E-06,-0.001148587,,,,,,,,,,,,,,
7.02845,3.50E-06,-0.001207203,,,,,,,,,,,,,,
7.02855,3.49E-06,-0.000850794,,,,,,,,,,,,,,
7.02865,3.49E-06,-0.00075988,,,,,,,,,,,,,,
7.02875,3.49E-06,-0.000995046,,,,,,,,,,,,,,
7.02885,3.49E-06,-0.000929675,,,,,,,,,,,,,,
7.02895,3.48E-06,-0.000984562,,,,,,,,,,,,,,
7.02905,3.48E-06,-0.000927353,,,,,,,,,,,,,,
7.02915,3.48E-06,-0.001090042,,,,,,,,,,,,,,
7.02925,3.47E-06,-0.00130832,,,,,,,,,,,,,,
7.02935,3.47E-06,-0.001129588,,,,,,,,,,,,,,
7.02945,3.47E-06,-0.001287843,,,,,,,,,,,,,,
7.02955,3.46E-06,-0.001167445,,,,,,,,,,,,,,
7.02965,3.46E-06,-0.000932631,,,,,,,,,,,,,,
7.02975,3.46E-06,-0.001089127,,,,,,,,,,,,,,
7.02985,3.46E-06,-0.000983576,,,,,,,,,,,,,,
7.02995,3.46E-06,-0.000828136,,,,,,,,,,,,,,
7.03005,3.45E-06,-0.001113826,,,,,,,,,,,,,,
7.03015,3.45E-06,-0.001009401,,,,,,,,,,,,,,
7.03025,3.45E-06,-0.000985828,,,,,,,,,,,,,,
7.03035,3.45E-06,-0.000979354,,,,,,,,,,,,,,
7.03045,3.44E-06,-0.000877322,,,,,,,,,,,,,,
7.03055,3.44E-06,-0.000657355,,,,,,,,,,,,,,
7.03065,3.44E-06,-0.000903639,,,,,,,,,,,,,,
7.03075,3.44E-06,-0.000957892,,,,,,,,,,,,,,
7.03085,3.44E-06,-0.000735884,,,,,,,,,,,,,,
7.03095,3.43E-06,-0.001019112,,,,,,,,,,,,,,
7.03105,3.43E-06,-0.000969714,,,,,,,,,,,,,,
7.03115,3.43E-06,-0.000886188,,,,,,,,,,,,,,
7.03125,3.43E-06,-0.00077712,,,,,,,,,,,,,,
7.03135,3.42E-06,-0.000719067,,,,,,,,,,,,,,
7.03145,3.42E-06,-0.000870004,,,,,,,,,,,,,,
7.03155,3.42E-06,-0.000683391,,,,,,,,,,,,,,
7.03165,3.42E-06,-0.00083081,,,,,,,,,,,,,,
7.03175,3.41E-06,-0.000934953,,,,,,,,,,,,,,
7.03185,3.41E-06,-0.000935868,,,,,,,,,,,,,,
7.03195,3.41E-06,-0.000889285,,,,,,,,,,,,,,
7.03205,3.41E-06,-0.001169205,,,,,,,,,,,,,,
7.03215,3.41E-06,-0.001126351,,,,,,,,,,,,,,
7.03225,3.40E-06,-0.000969996,,,,,,,,,,,,,,
7.03235,3.40E-06,-0.001123747,,,,,,,,,,,,,,
7.03245,3.40E-06,-0.001207625,,,,,,,,,,,,,,
7.03255,3.40E-06,-0.00107245,,,,,,,,,,,,,,
7.03265,3.40E-06,-0.00098435,,,,,,,,,,,,,,
7.03275,3.40E-06,-0.001168712,,,,,,,,,,,,,,
7.03285,3.39E-06,-0.001202559,,,,,,,,,,,,,,
7.03295,3.39E-06,-0.001234716,,,,,,,,,,,,,,
7.03305,3.39E-06,-0.001171245,,,,,,,,,,,,,,
7.03315,3.39E-06,-0.001207062,,,,,,,,,,,,,,
7.03325,3.39E-06,-0.000866486,,,,,,,,,,,,,,
7.03335,3.38E-06,-0.000940371,,,,,,,,,,,,,,
7.03345,3.38E-06,-0.000927283,,,,,,,,,,,,,,
7.03355,3.38E-06,-0.000986039,,,,,,,,,,,,,,
7.03365,3.38E-06,-0.000930097,,,,,,,,,,,,,,
7.03375,3.38E-06,-0.001017845,,,,,,,,,,,,,,
7.03385,3.38E-06,-0.00109926,,,,,,,,,,,,,,
7.03395,3.37E-06,-0.001161183,,,,,,,,,,,,,,
7.03405,3.37E-06,-0.001233942,,,,,,,,,,,,,,
7.03415,3.37E-06,-0.001260471,,,,,,,,,,,,,,
7.03425,3.37E-06,-0.000653625,,,,,,,,,,,,,,
7.03435,3.37E-06,-0.001020871,,,,,,,,,,,,,,
7.03445,3.37E-06,-0.001083357,,,,,,,,,,,,,,
7.03455,3.37E-06,-0.001023545,,,,,,,,,,,,,,
7.03465,3.36E-06,-0.001395505,,,,,,,,,,,,,,
7.03475,3.36E-06,-0.001277922,,,,,,,,,,,,,,
7.03485,3.36E-06,-0.001410212,,,,,,,,,,,,,,
7.03495,3.36E-06,-0.00120481,,,,,,,,,,,,,,
7.03505,3.36E-06,-0.001306913,,,,,,,,,,,,,,
7.03515,3.36E-06,-0.001191722,,,,,,,,,,,,,,
7.03525,3.35E-06,-0.001330415,,,,,,,,,,,,,,
7.03535,3.35E-06,-0.001393112,,,,,,,,,,,,,,
7.03545,3.35E-06,-0.001716941,,,,,,,,,,,,,,
7.03555,3.35E-06,-0.001482619,,,,,,,,,,,,,,
7.03565,3.35E-06,-0.001196718,,,,,,,,,,,,,,
7.03575,3.35E-06,-0.001001872,,,,,,,,,,,,,,
7.03585,3.35E-06,-0.001096445,,,,,,,,,,,,,,
7.03595,3.34E-06,-0.001052466,,,,,,,,,,,,,,
7.03605,3.34E-06,-0.000899417,,,,,,,,,,,,,,
7.03615,3.34E-06,-0.000737433,,,,,,,,,,,,,,
7.03625,3.34E-06,-0.000587621,,,,,,,,,,,,,,
7.03635,3.34E-06,-0.000800341,,,,,,,,,,,,,,
7.03645,3.34E-06,-0.000965211,,,,,,,,,,,,,,
7.03655,3.33E-06,-0.00099195,,,,,,,,,,,,,,
7.03665,3.33E-06,-0.000570452,,,,,,,,,,,,,,
7.03675,3.33E-06,-0.00093256,,,,,,,,,,,,,,
7.03685,3.33E-06,-0.000963381,,,,,,,,,,,,,,
7.03695,3.33E-06,-0.001070761,,,,,,,,,,,,,,
7.03705,3.33E-06,-0.001276796,,,,,,,,,,,,,,
7.03715,3.33E-06,-0.001310361,,,,,,,,,,,,,,
7.03725,3.33E-06,-0.001219798,,,,,,,,,,,,,,
7.03735,3.33E-06,-0.001170823,,,,,,,,,,,,,,
7.03745,3.32E-06,-0.000970418,,,,,,,,,,,,,,
7.03755,3.32E-06,-0.000970699,,,,,,,,,,,,,,
7.03765,3.32E-06,-0.00117786,,,,,,,,,,,,,,
7.03775,3.32E-06,-0.001085327,,,,,,,,,,,,,,
7.03785,3.32E-06,-0.001142535,,,,,,,,,,,,,,
7.03795,3.32E-06,-0.001070339,,,,,,,,,,,,,,
7.03805,3.32E-06,-0.001109252,,,,,,,,,,,,,,
7.03815,3.32E-06,-0.001032481,,,,,,,,,,,,,,
7.03825,3.31E-06,-0.000738769,,,,,,,,,,,,,,
7.03835,3.31E-06,-0.000740529,,,,,,,,,,,,,,
7.03845,3.31E-06,-0.001043177,,,,,,,,,,,,,,
7.03855,3.31E-06,-0.000989276,,,,,,,,,,,,,,
7.03865,3.31E-06,-0.000777964,,,,,,,,,,,,,,
7.03875,3.31E-06,-0.001124029,,,,,,,,,,,,,,
7.03885,3.31E-06,-0.001320846,,,,,,,,,,,,,,
7.03895,3.30E-06,-0.001221558,,,,,,,,,,,,,,
7.03905,3.30E-06,-0.001211425,,,,,,,,,,,,,,
7.03915,3.30E-06,-0.001255263,,,,,,,,,,,,,,
7.03925,3.30E-06,-0.00103417,,,,,,,,,,,,,,
7.03935,3.30E-06,-0.001020097,,,,,,,,,,,,,,
7.03945,3.30E-06,-0.001019323,,,,,,,,,,,,,,
7.03955,3.30E-06,-0.001092927,,,,,,,,,,,,,,
7.03965,3.30E-06,-0.000936079,,,,,,,,,,,,,,
7.03975,3.29E-06,-0.001215506,,,,,,,,,,,,,,
7.03985,3.29E-06,-0.001025937,,,,,,,,,,,,,,
7.03995,3.29E-06,-0.001385442,,,,,,,,,,,,,,
7.04005,3.29E-06,-0.001240768,,,,,,,,,,,,,,
7.04015,3.29E-06,-0.001431744,,,,,,,,,,,,,,
7.04025,3.29E-06,-0.001463128,,,,,,,,,,,,,,
7.04035,3.29E-06,-0.001457076,,,,,,,,,,,,,,
7.04045,3.29E-06,-0.001172582,,,,,,,,,,,,,,
7.04055,3.29E-06,-0.001272855,,,,,,,,,,,,,,
7.04065,3.29E-06,-0.001099893,,,,,,,,,,,,,,
7.04075,3.28E-06,-0.001176382,,,,,,,,,,,,,,
7.04085,3.28E-06,-0.00138692,,,,,,,,,,,,,,
7.04095,3.28E-06,-0.000993357,,,,,,,,,,,,,,
7.04105,3.28E-06,-0.001052677,,,,,,,,,,,,,,
7.04115,3.28E-06,-0.001000324,,,,,,,,,,,,,,
7.04125,3.28E-06,-0.001132262,,,,,,,,,,,,,,
7.04135,3.28E-06,-0.001198548,,,,,,,,,,,,,,
7.04145,3.28E-06,-0.001199814,,,,,,,,,,,,,,
7.04155,3.27E-06,-0.001238938,,,,,,,,,,,,,,
7.04165,3.27E-06,-0.001258641,,,,,,,,,,,,,,
7.04175,3.27E-06,-0.001291854,,,,,,,,,,,,,,
7.04185,3.27E-06,-0.001002576,,,,,,,,,,,,,,
7.04195,3.27E-06,-0.001039377,,,,,,,,,,,,,,
7.04205,3.27E-06,-0.00091912,,,,,,,,,,,,,,
7.04215,3.27E-06,-0.001004546,,,,,,,,,,,,,,
7.04225,3.27E-06,-0.001255967,,,,,,,,,,,,,,
7.04235,3.27E-06,-0.001320423,,,,,,,,,,,,,,
7.04245,3.27E-06,-0.001136625,,,,,,,,,,,,,,
7.04255,3.27E-06,-0.001009823,,,,,,,,,,,,,,
7.04265,3.27E-06,-0.001066328,,,,,,,,,,,,,,
7.04275,3.26E-06,-0.001125084,,,,,,,,,,,,,,
7.04285,3.26E-06,-0.001045148,,,,,,,,,,,,,,
7.04295,3.26E-06,-0.001082794,,,,,,,,,,,,,,
7.04305,3.26E-06,-0.000872467,,,,,,,,,,,,,,
7.04315,3.26E-06,-0.000991669,,,,,,,,,,,,,,
7.04325,3.26E-06,-0.00119327,,,,,,,,,,,,,,
7.04335,3.26E-06,-0.001039588,,,,,,,,,,,,,,
7.04345,3.26E-06,-0.001087227,,,,,,,,,,,,,,
7.04355,3.26E-06,-0.001310853,,,,,,,,,,,,,,
7.04365,3.26E-06,-0.001230705,,,,,,,,,,,,,,
7.04375,3.26E-06,-0.001206429,,,,,,,,,,,,,,
7.04385,3.25E-06,-0.001296358,,,,,,,,,,,,,,
7.04395,3.25E-06,-0.001357718,,,,,,,,,,,,,,
7.04405,3.25E-06,-0.001553971,,,,,,,,,,,,,,
7.04415,3.25E-06,-0.001134303,,,,,,,,,,,,,,
7.04425,3.25E-06,-0.001194537,,,,,,,,,,,,,,
7.04435,3.25E-06,-0.001063795,,,,,,,,,,,,,,
7.04445,3.25E-06,-0.001090675,,,,,,,,,,,,,,
7.04455,3.25E-06,-0.001306069,,,,,,,,,,,,,,
7.04465,3.25E-06,-0.001304168,,,,,,,,,,,,,,
7.04475,3.25E-06,-0.001114529,,,,,,,,,,,,,,
7.04485,3.25E-06,-0.001043459,,,,,,,,,,,,,,
7.04495,3.25E-06,-0.001253293,,,,,,,,,,,,,,
7.04505,3.24E-06,-0.001201784,,,,,,,,,,,,,,
7.04515,3.24E-06,-0.001330556,,,,,,,,,,,,,,
7.04525,3.24E-06,-0.001186796,,,,,,,,,,,,,,
7.04535,3.24E-06,-0.001193763,,,,,,,,,,,,,,
7.04545,3.24E-06,-0.000942201,,,,,,,,,,,,,,
7.04555,3.24E-06,-0.001264622,,,,,,,,,,,,,,
7.04565,3.24E-06,-0.001127407,,,,,,,,,,,,,,
7.04575,3.24E-06,-0.001268704,,,,,,,,,,,,,,
7.04585,3.24E-06,-0.00108786,,,,,,,,,,,,,,
7.04595,3.24E-06,-0.001052114,,,,,,,,,,,,,,
7.04605,3.24E-06,-0.001317749,,,,,,,,,,,,,,
7.04615,3.23E-06,-0.00125076,,,,,,,,,,,,,,
7.04625,3.23E-06,-0.001792656,,,,,,,,,,,,,,
7.04635,3.23E-06,-0.001545035,,,,,,,,,,,,,,
7.04645,3.23E-06,-0.001193481,,,,,,,,,,,,,,
7.04655,3.23E-06,-0.00116442,,,,,,,,,,,,,,
7.04665,3.23E-06,-0.001083286,,,,,,,,,,,,,,
7.04675,3.23E-06,-0.0011051,,,,,,,,,,,,,,
7.04685,3.23E-06,-0.000873171,,,,,,,,,,,,,,
7.04695,3.23E-06,-0.000993217,,,,,,,,,,,,,,
7.04705,3.23E-06,-0.000828839,,,,,,,,,,,,,,
7.04715,3.23E-06,-0.000859942,,,,,,,,,,,,,,
7.04725,3.23E-06,-0.001044585,,,,,,,,,,,,,,
7.04735,3.23E-06,-0.001343856,,,,,,,,,,,,,,
7.04745,3.22E-06,-0.001197,,,,,,,,,,,,,,
7.04755,3.22E-06,-0.000974569,,,,,,,,,,,,,,
7.04765,3.22E-06,-0.000946704,,,,,,,,,,,,,,
7.04775,3.22E-06,-0.000861208,,,,,,,,,,,,,,
7.04785,3.22E-06,-0.000755165,,,,,,,,,,,,,,
7.04795,3.22E-06,-0.000819692,,,,,,,,,,,,,,
7.04805,3.22E-06,-0.000687964,,,,,,,,,,,,,,
7.04815,3.22E-06,-0.000972318,,,,,,,,,,,,,,
7.04825,3.22E-06,-0.001156679,,,,,,,,,,,,,,
7.04835,3.22E-06,-0.001078642,,,,,,,,,,,,,,
7.04845,3.22E-06,-0.000876407,,,,,,,,,,,,,,
7.04855,3.22E-06,-0.000822858,,,,,,,,,,,,,,
7.04865,3.22E-06,-0.000876267,,,,,,,,,,,,,,
7.04875,3.21E-06,-0.000785704,,,,,,,,,,,,,,
7.04885,3.21E-06,-0.000935938,,,,,,,,,,,,,,
7.04895,3.21E-06,-0.000932208,,,,,,,,,,,,,,
7.04905,3.21E-06,-0.000834961,,,,,,,,,,,,,,
7.04915,3.21E-06,-0.001035085,,,,,,,,,,,,,,
7.04925,3.21E-06,-0.001190315,,,,,,,,,,,,,,
7.04935,3.21E-06,-0.000866697,,,,,,,,,,,,,,
7.04945,3.21E-06,-0.000673328,,,,,,,,,,,,,,
7.04955,3.21E-06,-0.000625619,,,,,,,,,,,,,,
7.04965,3.21E-06,-0.000892733,,,,,,,,,,,,,,
7.04975,3.21E-06,-0.001048807,,,,,,,,,,,,,,
7.04985,3.21E-06,-0.000846713,,,,,,,,,,,,,,
7.04995,3.21E-06,-0.000837494,,,,,,,,,,,,,,
7.05005,3.21E-06,-0.001010738,,,,,,,,,,,,,,
7.05015,3.21E-06,-0.000928972,,,,,,,,,,,,,,
7.05025,3.21E-06,-0.001008697,,,,,,,,,,,,,,
7.05035,3.21E-06,-0.001023052,,,,,,,,,,,,,,
7.05045,3.20E-06,-0.001094967,,,,,,,,,,,,,,
7.05055,3.20E-06,-0.000928901,,,,,,,,,,,,,,
7.05065,3.20E-06,-0.001272785,,,,,,,,,,,,,,
7.05075,3.20E-06,-0.0012661,,,,,,,,,,,,,,
7.05085,3.20E-06,-0.001250478,,,,,,,,,,,,,,
7.05095,3.20E-06,-0.001202418,,,,,,,,,,,,,,
7.05105,3.20E-06,-0.001113122,,,,,,,,,,,,,,
7.05115,3.20E-06,-0.001354059,,,,,,,,,,,,,,
7.05125,3.20E-06,-0.001202418,,,,,,,,,,,,,,
7.05135,3.20E-06,-0.001003209,,,,,,,,,,,,,,
7.05145,3.20E-06,-0.001247101,,,,,,,,,,,,,,
7.05155,3.20E-06,-0.000969644,,,,,,,,,,,,,,
7.05165,3.20E-06,-0.00095177,,,,,,,,,,,,,,
7.05175,3.20E-06,-0.001001661,,,,,,,,,,,,,,
7.05185,3.19E-06,-0.00100152,,,,,,,,,,,,,,
7.05195,3.19E-06,-0.00092109,,,,,,,,,,,,,,
7.05205,3.19E-06,-0.000908143,,,,,,,,,,,,,,
7.05215,3.19E-06,-0.000536394,,,,,,,,,,,,,,
7.05225,3.19E-06,-0.000751224,,,,,,,,,,,,,,
7.05235,3.19E-06,-0.000856423,,,,,,,,,,,,,,
7.05245,3.19E-06,-0.000750028,,,,,,,,,,,,,,
7.05255,3.19E-06,-0.000728777,,,,,,,,,,,,,,
7.05265,3.19E-06,-0.000867611,,,,,,,,,,,,,,
7.05275,3.19E-06,-0.000864938,,,,,,,,,,,,,,
7.05285,3.19E-06,-0.000878659,,,,,,,,,,,,,,
7.05295,3.19E-06,-0.000915672,,,,,,,,,,,,,,
7.05305,3.19E-06,-0.000931857,,,,,,,,,,,,,,
7.05315,3.19E-06,-0.000821873,,,,,,,,,,,,,,
7.05325,3.18E-06,-0.000756713,,,,,,,,,,,,,,
7.05335,3.18E-06,-0.001144295,,,,,,,,,,,,,,
7.05345,3.18E-06,-0.001076461,,,,,,,,,,,,,,
7.05355,3.18E-06,-0.000933968,,,,,,,,,,,,,,
7.05365,3.18E-06,-0.000747284,,,,,,,,,,,,,,
7.05375,3.18E-06,-0.001139862,,,,,,,,,,,,,,
7.05385,3.18E-06,-0.001011934,,,,,,,,,,,,,,
7.05395,3.18E-06,-0.000939386,,,,,,,,,,,,,,
7.05405,3.18E-06,-0.000809418,,,,,,,,,,,,,,
7.05415,3.18E-06,-0.001216984,,,,,,,,,,,,,,
7.05425,3.18E-06,-0.001253645,,,,,,,,,,,,,,
7.05435,3.18E-06,-0.000971121,,,,,,,,,,,,,,
7.05445,3.18E-06,-0.000687753,,,,,,,,,,,,,,
7.05455,3.18E-06,-0.000594658,,,,,,,,,,,,,,
7.05465,3.18E-06,-0.000808081,,,,,,,,,,,,,,
7.05475,3.18E-06,-0.000700771,,,,,,,,,,,,,,
7.05485,3.18E-06,-0.000815962,,,,,,,,,,,,,,
7.05495,3.18E-06,-0.000709567,,,,,,,,,,,,,,
7.05505,3.17E-06,-0.000696831,,,,,,,,,,,,,,
7.05515,3.17E-06,-0.000902443,,,,,,,,,,,,,,
7.05525,3.17E-06,-0.000990191,,,,,,,,,,,,,,
7.05535,3.17E-06,-0.001067243,,,,,,,,,,,,,,
7.05545,3.17E-06,-0.000897236,,,,,,,,,,,,,,
7.05555,3.17E-06,-0.000712734,,,,,,,,,,,,,,
7.05565,3.17E-06,-0.000766987,,,,,,,,,,,,,,
7.05575,3.17E-06,-0.000862052,,,,,,,,,,,,,,
7.05585,3.17E-06,-0.000934179,,,,,,,,,,,,,,
7.05595,3.17E-06,-0.000661718,,,,,,,,,,,,,,
7.05605,3.17E-06,-0.000457301,,,,,,,,,,,,,,
7.05615,3.17E-06,-0.000829824,,,,,,,,,,,,,,
7.05625,3.17E-06,-0.000957259,,,,,,,,,,,,,,
7.05635,3.17E-06,-0.001060699,,,,,,,,,,,,,,
7.05645,3.17E-06,-0.000938753,,,,,,,,,,,,,,
7.05655,3.17E-06,-0.000689794,,,,,,,,,,,,,,
7.05665,3.17E-06,-0.000823351,,,,,,,,,,,,,,
7.05675,3.17E-06,-0.000924679,,,,,,,,,,,,,,
7.05685,3.17E-06,-0.000901036,,,,,,,,,,,,,,
7.05695,3.17E-06,-0.000975484,,,,,,,,,,,,,,
7.05705,3.16E-06,-0.000865078,,,,,,,,,,,,,,
7.05715,3.16E-06,-0.000698379,,,,,,,,,,,,,,
7.05725,3.16E-06,-0.000927775,,,,,,,,,,,,,,
7.05735,3.16E-06,-0.00091342,,,,,,,,,,,,,,
7.05745,3.16E-06,-0.000803015,,,,,,,,,,,,,,
7.05755,3.16E-06,-0.000918065,,,,,,,,,,,,,,
7.05765,3.16E-06,-0.000919191,,,,,,,,,,,,,,
7.05775,3.16E-06,-0.000902795,,,,,,,,,,,,,,
7.05785,3.16E-06,-0.000887666,,,,,,,,,,,,,,
7.05795,3.16E-06,-0.000816103,,,,,,,,,,,,,,
7.05805,3.16E-06,-0.000644689,,,,,,,,,,,,,,
7.05815,3.16E-06,-0.000919261,,,,,,,,,,,,,,
7.05825,3.16E-06,-0.001233168,,,,,,,,,,,,,,
7.05835,3.16E-06,-0.001274263,,,,,,,,,,,,,,
7.05845,3.16E-06,-0.00105324,,,,,,,,,,,,,,
7.05855,3.16E-06,-0.000729833,,,,,,,,,,,,,,
7.05865,3.16E-06,-0.000675932,,,,,,,,,,,,,,
7.05875,3.16E-06,-0.00084235,,,,,,,,,,,,,,
7.05885,3.16E-06,-0.000705627,,,,,,,,,,,,,,
7.05895,3.15E-06,-0.000705345,,,,,,,,,,,,,,
7.05905,3.15E-06,-0.000594236,,,,,,,,,,,,,,
7.05915,3.15E-06,-0.00084439,,,,,,,,,,,,,,
7.05925,3.15E-06,-0.000770998,,,,,,,,,,,,,,
7.05935,3.15E-06,-0.000781623,,,,,,,,,,,,,,
7.05945,3.15E-06,-0.000935938,,,,,,,,,,,,,,
7.05955,3.15E-06,-0.000906665,,,,,,,,,,,,,,
7.05965,3.15E-06,-0.00075622,,,,,,,,,,,,,,
7.05975,3.15E-06,-0.000841787,,,,,,,,,,,,,,
7.05985,3.15E-06,-0.00081364,,,,,,,,,,,,,,
7.05995,3.15E-06,-0.000789574,,,,,,,,,,,,,,
7.06005,3.15E-06,-0.001014467,,,,,,,,,,,,,,
7.06015,3.15E-06,-0.001225076,,,,,,,,,,,,,,
7.06025,3.15E-06,-0.001002083,,,,,,,,,,,,,,
7.06035,3.15E-06,-0.001105522,,,,,,,,,,,,,,
7.06045,3.15E-06,-0.000965774,,,,,,,,,,,,,,
7.06055,3.15E-06,-0.000983647,,,,,,,,,,,,,,
7.06065,3.15E-06,-0.00074088,,,,,,,,,,,,,,
7.06075,3.14E-06,-0.000955289,,,,,,,,,,,,,,
7.06085,3.14E-06,-0.00122585,,,,,,,,,,,,,,
7.06095,3.14E-06,-0.001004968,,,,,,,,,,,,,,
7.06105,3.14E-06,-0.000926368,,,,,,,,,,,,,,
7.06115,3.14E-06,-0.001274122,,,,,,,,,,,,,,
7.06125,3.14E-06,-0.001306209,,,,,,,,,,,,,,
7.06135,3.14E-06,-0.001169064,,,,,,,,,,,,,,
7.06145,3.14E-06,-0.001236968,,,,,,,,,,,,,,
7.06155,3.14E-06,-0.001213888,,,,,,,,,,,,,,
7.06165,3.14E-06,-0.001323801,,,,,,,,,,,,,,
7.06175,3.14E-06,-0.001165897,,,,,,,,,,,,,,
7.06185,3.14E-06,-0.001147391,,,,,,,,,,,,,,
7.06195,3.14E-06,-0.001260471,,,,,,,,,,,,,,
7.06205,3.14E-06,-0.001319016,,,,,,,,,,,,,,
7.06215,3.14E-06,-0.00154412,,,,,,,,,,,,,,
7.06225,3.14E-06,-0.001200377,,,,,,,,,,,,,,
7.06235,3.14E-06,-0.001360955,,,,,,,,,,,,,,
7.06245,3.14E-06,-0.001037337,,,,,,,,,,,,,,
7.06255,3.14E-06,-0.001219728,,,,,,,,,,,,,,
7.06265,3.14E-06,-0.001286084,,,,,,,,,,,,,,
7.06275,3.14E-06,-0.001208329,,,,,,,,,,,,,,
7.06285,3.14E-06,-0.001087016,,,,,,,,,,,,,,
7.06295,3.14E-06,-0.001178986,,,,,,,,,,,,,,
7.06305,3.13E-06,-0.001069424,,,,,,,,,,,,,,
7.06315,3.13E-06,-0.001240557,,,,,,,,,,,,,,
7.06325,3.13E-06,-0.001142958,,,,,,,,,,,,,,
7.06335,3.13E-06,-0.001214873,,,,,,,,,,,,,,
7.06345,3.13E-06,-0.001033255,,,,,,,,,,,,,,
7.06355,3.13E-06,-0.001233942,,,,,,,,,,,,,,
7.06365,3.13E-06,-0.001127266,,,,,,,,,,,,,,
7.06375,3.13E-06,-0.001176241,,,,,,,,,,,,,,
7.06385,3.13E-06,-0.0012585,,,,,,,,,,,,,,
7.06395,3.13E-06,-0.001428155,,,,,,,,,,,,,,
7.06405,3.13E-06,-0.001314512,,,,,,,,,,,,,,
7.06415,3.13E-06,-0.001126844,,,,,,,,,,,,,,
7.06425,3.13E-06,-0.001067383,,,,,,,,,,,,,,
7.06435,3.13E-06,-0.001126914,,,,,,,,,,,,,,
7.06445,3.13E-06,-0.001203262,,,,,,,,,,,,,,
7.06455,3.13E-06,-0.001183067,,,,,,,,,,,,,,
7.06465,3.13E-06,-0.001162379,,,,,,,,,,,,,,
7.06475,3.13E-06,-0.001136836,,,,,,,,,,,,,,
7.06485,3.13E-06,-0.001253926,,,,,,,,,,,,,,
7.06495,3.13E-06,-0.001093208,,,,,,,,,,,,,,
7.06505,3.13E-06,-0.001361729,,,,,,,,,,,,,,
7.06515,3.12E-06,-0.001167375,,,,,,,,,,,,,,
7.06525,3.12E-06,-0.001003701,,,,,,,,,,,,,,
7.06535,3.12E-06,-0.001311627,,,,,,,,,,,,,,
7.06545,3.12E-06,-0.001090253,,,,,,,,,,,,,,
7.06555,3.12E-06,-0.001263215,,,,,,,,,,,,,,
7.06565,3.12E-06,-0.00099779,,,,,,,,,,,,,,
7.06575,3.12E-06,-0.000779371,,,,,,,,,,,,,,
7.06585,3.12E-06,-0.000726737,,,,,,,,,,,,,,
7.06595,3.12E-06,-0.00093446,,,,,,,,,,,,,,
7.06605,3.12E-06,-0.001008346,,,,,,,,,,,,,,
7.06615,3.12E-06,-0.001155553,,,,,,,,,,,,,,
7.06625,3.12E-06,-0.001346952,,,,,,,,,,,,,,
7.06635,3.12E-06,-0.001111855,,,,,,,,,,,,,,
7.06645,3.12E-06,-0.001144506,,,,,,,,,,,,,,
7.06655,3.12E-06,-0.001120229,,,,,,,,,,,,,,
7.06665,3.12E-06,-0.000962959,,,,,,,,,,,,,,
7.06675,3.12E-06,-0.000793234,,,,,,,,,,,,,,
7.06685,3.12E-06,-0.00082321,,,,,,,,,,,,,,
7.06695,3.12E-06,-0.000935938,,,,,,,,,,,,,,
7.06705,3.12E-06,-0.000857831,,,,,,,,,,,,,,
7.06715,3.12E-06,-0.00062006,,,,,,,,,,,,,,
7.06725,3.12E-06,-0.000770857,,,,,,,,,,,,,,
7.06735,3.12E-06,-0.000920527,,,,,,,,,,,,,,
7.06745,3.11E-06,-0.000882318,,,,,,,,,,,,,,
7.06755,3.12E-06,-0.000946704,,,,,,,,,,,,,,
7.06765,3.11E-06,-0.000996524,,,,,,,,,,,,,,
7.06775,3.11E-06,-0.000938893,,,,,,,,,,,,,,
7.06785,3.11E-06,-0.000778808,,,,,,,,,,,,,,
7.06795,3.11E-06,-0.001180604,,,,,,,,,,,,,,
7.06805,3.11E-06,-0.001087227,,,,,,,,,,,,,,
7.06815,3.11E-06,-0.001040081,,,,,,,,,,,,,,
7.06825,3.11E-06,-0.001252378,,,,,,,,,,,,,,
7.06835,3.11E-06,-0.001052044,,,,,,,,,,,,,,
7.06845,3.11E-06,-0.001270604,,,,,,,,,,,,,,
7.06855,3.11E-06,-0.001251252,,,,,,,,,,,,,,
7.06865,3.11E-06,-0.001081457,,,,,,,,,,,,,,
7.06875,3.11E-06,-0.001167375,,,,,,,,,,,,,,
7.06885,3.11E-06,-0.000891958,,,,,,,,,,,,,,
7.06895,3.11E-06,-0.001200799,,,,,,,,,,,,,,
7.06905,3.11E-06,-0.000991669,,,,,,,,,,,,,,
7.06915,3.11E-06,-0.001089901,,,,,,,,,,,,,,
7.06925,3.11E-06,-0.001089268,,,,,,,,,,,,,,
7.06935,3.11E-06,-0.000912295,,,,,,,,,,,,,,
7.06945,3.11E-06,-0.000897447,,,,,,,,,,,,,,
7.06955,3.11E-06,-0.000943538,,,,,,,,,,,,,,
7.06965,3.11E-06,-0.001034804,,,,,,,,,,,,,,
7.06975,3.11E-06,-0.001107774,,,,,,,,,,,,,,
7.06985,3.11E-06,-0.000973232,,,,,,,,,,,,,,
7.06995,3.11E-06,-0.000987869,,,,,,,,,,,,,,
7.07005,3.11E-06,-0.0010398,,,,,,,,,,,,,,
7.07015,3.10E-06,-0.001153653,,,,,,,,,,,,,,
7.07025,3.10E-06,-0.001111363,,,,,,,,,,,,,,
7.07035,3.10E-06,-0.001200659,,,,,,,,,,,,,,
7.07045,3.10E-06,-0.001294106,,,,,,,,,,,,,,
7.07055,3.10E-06,-0.001087016,,,,,,,,,,,,,,
7.07065,3.10E-06,-0.001194959,,,,,,,,,,,,,,
7.07075,3.10E-06,-0.001108056,,,,,,,,,,,,,,
7.07085,3.10E-06,-0.00140993,,,,,,,,,,,,,,
7.07095,3.10E-06,-0.00140986,,,,,,,,,,,,,,
7.07105,3.10E-06,-0.001257586,,,,,,,,,,,,,,
7.07115,3.10E-06,-0.001164912,,,,,,,,,,,,,,
7.07125,3.10E-06,-0.000940301,,,,,,,,,,,,,,
7.07135,3.10E-06,-0.001047751,,,,,,,,,,,,,,
7.07145,3.10E-06,-0.000999761,,,,,,,,,,,,,,
7.07155,3.10E-06,-0.000825884,,,,,,,,,,,,,,
7.07165,3.10E-06,-0.001011723,,,,,,,,,,,,,,
7.07175,3.10E-06,-0.001054014,,,,,,,,,,,,,,
7.07185,3.10E-06,-0.000996665,,,,,,,,,,,,,,
7.07195,3.10E-06,-0.00129868,,,,,,,,,,,,,,
7.07205,3.10E-06,-0.001119314,,,,,,,,,,,,,,
7.07215,3.10E-06,-0.001448773,,,,,,,,,,,,,,
7.07225,3.10E-06,-0.001232746,,,,,,,,,,,,,,
7.07235,3.10E-06,-0.001414363,,,,,,,,,,,,,,
7.07245,3.09E-06,-0.001291995,,,,,,,,,,,,,,
7.07255,3.09E-06,-0.001219095,,,,,,,,,,,,,,
7.07265,3.09E-06,-0.00117983,,,,,,,,,,,,,,
7.07275,3.09E-06,-0.001340337,,,,,,,,,,,,,,
7.07285,3.10E-06,-0.001278696,,,,,,,,,,,,,,
7.07295,3.09E-06,-0.001500352,,,,,,,,,,,,,,
7.07305,3.09E-06,-0.001077376,,,,,,,,,,,,,,
7.07315,3.09E-06,-0.000890481,,,,,,,,,,,,,,
7.07325,3.09E-06,-0.001040151,,,,,,,,,,,,,,
7.07335,3.09E-06,-0.001463691,,,,,,,,,,,,,,
7.07345,3.09E-06,-0.00150774,,,,,,,,,,,,,,
7.07355,3.09E-06,-0.001341463,,,,,,,,,,,,,,
7.07365,3.09E-06,-0.001444832,,,,,,,,,,,,,,
7.07375,3.09E-06,-0.001203262,,,,,,,,,,,,,,
7.07385,3.09E-06,-0.001169275,,,,,,,,,,,,,,
7.07395,3.09E-06,-0.001076953,,,,,,,,,,,,,,
7.07405,3.09E-06,-0.001083357,,,,,,,,,,,,,,
7.07415,3.09E-06,-0.001112841,,,,,,,,,,,,,,
7.07425,3.09E-06,-0.001232324,,,,,,,,,,,,,,
7.07435,3.09E-06,-0.001159564,,,,,,,,,,,,,,
7.07445,3.09E-06,-0.001154779,,,,,,,,,,,,,,
7.07455,3.09E-06,-0.001116711,,,,,,,,,,,,,,
7.07465,3.09E-06,-0.001036563,,,,,,,,,,,,,,
7.07475,3.09E-06,-0.001324997,,,,,,,,,,,,,,
7.07485,3.09E-06,-0.001159142,,,,,,,,,,,,,,
7.07495,3.09E-06,-0.001394238,,,,,,,,,,,,,,
7.07505,3.09E-06,-0.001154779,,,,,,,,,,,,,,
7.07515,3.09E-06,-0.001085186,,,,,,,,,,,,,,
7.07525,3.09E-06,-0.000934108,,,,,,,,,,,,,,
7.07535,3.09E-06,-0.00117793,,,,,,,,,,,,,,
7.07545,3.09E-06,-0.001164772,,,,,,,,,,,,,,
7.07555,3.08E-06,-0.001288125,,,,,,,,,,,,,,
7.07565,3.08E-06,-0.001114459,,,,,,,,,,,,,,
7.07575,3.08E-06,-0.001225569,,,,,,,,,,,,,,
7.07585,3.08E-06,-0.0015805,,,,,,,,,,,,,,
7.07595,3.08E-06,-0.001167234,,,,,,,,,,,,,,
7.07605,3.08E-06,-0.000977525,,,,,,,,,,,,,,
7.07615,3.08E-06,-0.001228383,,,,,,,,,,,,,,
7.07625,3.08E-06,-0.001059221,,,,,,,,,,,,,,
7.07635,3.08E-06,-0.001061684,,,,,,,,,,,,,,
7.07645,3.08E-06,-0.001131206,,,,,,,,,,,,,,
7.07655,3.08E-06,-0.00119524,,,,,,,,,,,,,,
7.07665,3.08E-06,-0.001124733,,,,,,,,,,,,,,
7.07675,3.08E-06,-0.001156327,,,,,,,,,,,,,,
7.07685,3.08E-06,-0.001041559,,,,,,,,,,,,,,
7.07695,3.08E-06,-0.000925101,,,,,,,,,,,,,,
7.07705,3.08E-06,-0.001141761,,,,,,,,,,,,,,
7.07715,3.08E-06,-0.000910747,,,,,,,,,,,,,,
7.07725,3.08E-06,-0.001120018,,,,,,,,,,,,,,
7.07735,3.08E-06,-0.001212551,,,,,,,,,,,,,,
7.07745,3.08E-06,-0.001010597,,,,,,,,,,,,,,
7.07755,3.08E-06,-0.000968729,,,,,,,,,,,,,,
7.07765,3.08E-06,-0.000866626,,,,,,,,,,,,,,
7.07775,3.08E-06,-0.001001309,,,,,,,,,,,,,,
7.07785,3.08E-06,-0.001041629,,,,,,,,,,,,,,
7.07795,3.08E-06,-0.001050847,,,,,,,,,,,,,,
7.07805,3.08E-06,-0.001198336,,,,,,,,,,,,,,
7.07815,3.08E-06,-0.001200659,,,,,,,,,,,,,,
7.07825,3.08E-06,-0.000983013,,,,,,,,,,,,,,
7.07835,3.08E-06,-0.000960285,,,,,,,,,,,,,,
7.07845,3.08E-06,-0.001138454,,,,,,,,,,,,,,
7.07855,3.08E-06,-0.001050073,,,,,,,,,,,,,,
7.07865,3.08E-06,-0.000725611,,,,,,,,,,,,,,
7.07875,3.08E-06,-0.000998142,,,,,,,,,,,,,,
7.07885,3.08E-06,-0.001011582,,,,,,,,,,,,,,
7.07895,3.08E-06,-0.00117019,,,,,,,,,,,,,,
7.07905,3.08E-06,-0.000892662,,,,,,,,,,,,,,
7.07915,3.08E-06,-0.000971684,,,,,,,,,,,,,,
7.07925,3.07E-06,-0.000674665,,,,,,,,,,,,,,
7.07935,3.07E-06,-0.000535901,,,,,,,,,,,,,,
7.07945,3.07E-06,-0.000637371,,,,,,,,,,,,,,
7.07955,3.07E-06,-0.000648418,,,,,,,,,,,,,,
7.07965,3.07E-06,-0.000702179,,,,,,,,,,,,,,
7.07975,3.07E-06,-0.000874367,,,,,,,,,,,,,,
7.07985,3.07E-06,-0.000931083,,,,,,,,,,,,,,
7.07995,3.07E-06,-0.000810825,,,,,,,,,,,,,,
7.08005,3.07E-06,-0.000685713,,,,,,,,,,,,,,
7.08015,3.07E-06,-0.000637793,,,,,,,,,,,,,,
7.08025,3.07E-06,-0.000851427,,,,,,,,,,,,,,
7.08035,3.07E-06,-0.000545331,,,,,,,,,,,,,,
7.08045,3.07E-06,-0.000759598,,,,,,,,,,,,,,
7.08055,3.07E-06,-0.000694931,,,,,,,,,,,,,,
7.08065,3.07E-06,-0.000622453,,,,,,,,,,,,,,
7.08075,3.07E-06,-0.001038463,,,,,,,,,,,,,,
7.08085,3.07E-06,-0.000819199,,,,,,,,,,,,,,
7.08095,3.07E-06,-0.000914406,,,,,,,,,,,,,,
7.08105,3.07E-06,-0.00082898,,,,,,,,,,,,,,
7.08115,3.07E-06,-0.000940512,,,,,,,,,,,,,,
7.08125,3.07E-06,-0.000945578,,,,,,,,,,,,,,
7.08135,3.07E-06,-0.000651303,,,,,,,,,,,,,,
7.08145,3.07E-06,-0.000614501,,,,,,,,,,,,,,
7.08155,3.07E-06,-0.000798793,,,,,,,,,,,,,,
7.08165,3.07E-06,-0.000808714,,,,,,,,,,,,,,
7.08175,3.07E-06,-0.00075995,,,,,,,,,,,,,,
7.08185,3.07E-06,-0.000933123,,,,,,,,,,,,,,
7.08195,3.07E-06,-0.000949871,,,,,,,,,,,,,,
7.08205,3.07E-06,-0.001140636,,,,,,,,,,,,,,
7.08215,3.06E-06,-0.00076762,,,,,,,,,,,,,,
7.08225,3.07E-06,-0.001095812,,,,,,,,,,,,,,
7.08235,3.06E-06,-0.001151754,,,,,,,,,,,,,,
7.08245,3.06E-06,-0.001087931,,,,,,,,,,,,,,
7.08255,3.06E-06,-0.001032833,,,,,,,,,,,,,,
7.08265,3.06E-06,-0.0009536,,,,,,,,,,,,,,
7.08275,3.06E-06,-0.000667277,,,,,,,,,,,,,,
7.08285,3.06E-06,-0.000700138,,,,,,,,,,,,,,
7.08295,3.06E-06,-0.001159986,,,,,,,,,,,,,,
7.08305,3.06E-06,-0.000959581,,,,,,,,,,,,,,
7.08315,3.06E-06,-0.001052888,,,,,,,,,,,,,,
7.08325,3.06E-06,-0.00097858,,,,,,,,,,,,,,
7.08335,3.06E-06,-0.000931646,,,,,,,,,,,,,,
7.08345,3.06E-06,-0.000833906,,,,,,,,,,,,,,
7.08355,3.06E-06,-0.00046476,,,,,,,,,,,,,,
7.08365,3.06E-06,-0.000962185,,,,,,,,,,,,,,
7.08375,3.06E-06,-0.000688105,,,,,,,,,,,,,,
7.08385,3.06E-06,-0.001164279,,,,,,,,,,,,,,
7.08395,3.06E-06,-0.000858745,,,,,,,,,,,,,,
7.08405,3.06E-06,-0.001086523,,,,,,,,,,,,,,
7.08415,3.06E-06,-0.00089984,,,,,,,,,,,,,,
7.08425,3.06E-06,-0.000957541,,,,,,,,,,,,,,
7.08435,3.06E-06,-0.000911943,,,,,,,,,,,,,,
7.08445,3.06E-06,-0.001060839,,,,,,,,,,,,,,
7.08455,3.06E-06,-0.001087438,,,,,,,,,,,,,,
7.08465,3.06E-06,-0.000923272,,,,,,,,,,,,,,
7.08475,3.05E-06,-0.00077346,,,,,,,,,,,,,,
7.08485,3.05E-06,-0.0010994,,,,,,,,,,,,,,
7.08495,3.06E-06,-0.000952122,,,,,,,,,,,,,,
7.08505,3.05E-06,-0.000941778,,,,,,,,,,,,,,
7.08515,3.05E-06,-0.001009331,,,,,,,,,,,,,,
7.08525,3.05E-06,-0.000869019,,,,,,,,,,,,,,
7.08535,3.06E-06,-0.00092292,,,,,,,,,,,,,,
7.08545,3.05E-06,-0.00077332,,,,,,,,,,,,,,
7.08555,3.05E-06,-0.000762272,,,,,,,,,,,,,,
7.08565,3.05E-06,-0.000866837,,,,,,,,,,,,,,
7.08575,3.05E-06,-0.00068719,,,,,,,,,,,,,,
7.08585,3.05E-06,-0.000700842,,,,,,,,,,,,,,
7.08595,3.05E-06,-0.000854664,,,,,,,,,,,,,,
7.08605,3.05E-06,-0.001005461,,,,,,,,,,,,,,
7.08615,3.05E-06,-0.000644548,,,,,,,,,,,,,,
7.08625,3.05E-06,-0.000695846,,,,,,,,,,,,,,
7.08635,3.05E-06,-0.000784508,,,,,,,,,,,,,,
7.08645,3.05E-06,-0.000910535,,,,,,,,,,,,,,
7.08655,3.05E-06,-0.000847698,,,,,,,,,,,,,,
7.08665,3.05E-06,-0.000682687,,,,,,,,,,,,,,
7.08675,3.05E-06,-0.000822225,,,,,,,,,,,,,,
7.08685,3.05E-06,-0.000823351,,,,,,,,,,,,,,
7.08695,3.05E-06,-0.000810473,,,,,,,,,,,,,,
7.08705,3.05E-06,-0.000800481,,,,,,,,,,,,,,
7.08715,3.05E-06,-0.00081167,,,,,,,,,,,,,,
7.08725,3.05E-06,-0.00083848,,,,,,,,,,,,,,
7.08735,3.05E-06,-0.0008021,,,,,,,,,,,,,,
7.08745,3.05E-06,-0.000726385,,,,,,,,,,,,,,
7.08755,3.05E-06,-0.0005549,,,,,,,,,,,,,,
7.08765,3.05E-06,-0.000721318,,,,,,,,,,,,,,
7.08775,3.05E-06,-0.000970488,,,,,,,,,,,,,,
7.08785,3.05E-06,-0.000853608,,,,,,,,,,,,,,
7.08795,3.05E-06,-0.000976891,,,,,,,,,,,,,,
7.08805,3.05E-06,-0.001005742,,,,,,,,,,,,,,
7.08815,3.05E-06,-0.000834539,,,,,,,,,,,,,,
7.08825,3.05E-06,-0.000828628,,,,,,,,,,,,,,
7.08835,3.05E-06,-0.000837987,,,,,,,,,,,,,,
7.08845,3.05E-06,-0.000890903,,,,,,,,,,,,,,
7.08855,3.04E-06,-0.000703093,,,,,,,,,,,,,,
7.08865,3.04E-06,-0.001018901,,,,,,,,,,,,,,
7.08875,3.04E-06,-0.001050566,,,,,,,,,,,,,,
7.08885,3.04E-06,-0.001135358,,,,,,,,,,,,,,
7.08895,3.04E-06,-0.000996313,,,,,,,,,,,,,,
7.08905,3.04E-06,-0.001011934,,,,,,,,,,,,,,
7.08915,3.04E-06,-0.001131347,,,,,,,,,,,,,,
7.08925,3.04E-06,-0.001127195,,,,,,,,,,,,,,
7.08935,3.04E-06,-0.001103552,,,,,,,,,,,,,,
7.08945,3.04E-06,-0.001238305,,,,,,,,,,,,,,
7.08955,3.04E-06,-0.001117907,,,,,,,,,,,,,,
7.08965,3.04E-06,-0.0010303,,,,,,,,,,,,,,
7.08975,3.04E-06,-0.00104761,,,,,,,,,,,,,,
7.08985,3.04E-06,-0.001012075,,,,,,,,,,,,,,
7.08995,3.04E-06,-0.001045007,,,,,,,,,,,,,,
7.09005,3.04E-06,-0.000982802,,,,,,,,,,,,,,
7.09015,3.04E-06,-0.00112037,,,,,,,,,,,,,,
7.09025,3.04E-06,-0.000804,,,,,,,,,,,,,,
7.09035,3.04E-06,-0.001203544,,,,,,,,,,,,,,
7.09045,3.04E-06,-0.001296991,,,,,,,,,,,,,,
7.09055,3.04E-06,-0.001114881,,,,,,,,,,,,,,
7.09065,3.04E-06,-0.001367499,,,,,,,,,,,,,,
7.09075,3.04E-06,-0.001002435,,,,,,,,,,,,,,
7.09085,3.04E-06,-0.001109182,,,,,,,,,,,,,,
7.09095,3.04E-06,-0.001229439,,,,,,,,,,,,,,
7.09105,3.04E-06,-0.001326897,,,,,,,,,,,,,,
7.09115,3.04E-06,-0.001200448,,,,,,,,,,,,,,
7.09125,3.04E-06,-0.001151191,,,,,,,,,,,,,,
7.09135,3.04E-06,-0.001149291,,,,,,,,,,,,,,
7.09145,3.04E-06,-0.000939175,,,,,,,,,,,,,,
7.09155,3.04E-06,-0.000930238,,,,,,,,,,,,,,
7.09165,3.04E-06,-0.001035437,,,,,,,,,,,,,,
7.09175,3.04E-06,-0.001117203,,,,,,,,,,,,,,
7.09185,3.03E-06,-0.001144928,,,,,,,,,,,,,,
7.09195,3.03E-06,-0.001363629,,,,,,,,,,,,,,
7.09205,3.03E-06,-0.001200659,,,,,,,,,,,,,,
7.09215,3.03E-06,-0.001060487,,,,,,,,,,,,,,
7.09225,3.03E-06,-0.000906595,,,,,,,,,,,,,,
7.09235,3.03E-06,-0.000974992,,,,,,,,,,,,,,
7.09245,3.03E-06,-0.000889285,,,,,,,,,,,,,,
7.09255,3.03E-06,-0.000537731,,,,,,,,,,,,,,
7.09265,3.03E-06,-0.000900403,,,,,,,,,,,,,,
7.09275,3.03E-06,-0.001012708,,,,,,,,,,,,,,
7.09285,3.03E-06,-0.000733633,,,,,,,,,,,,,,
7.09295,3.03E-06,-0.000834046,,,,,,,,,,,,,,
7.09305,3.03E-06,-0.000946563,,,,,,,,,,,,,,
7.09315,3.03E-06,-0.000793163,,,,,,,,,,,,,,
7.09325,3.03E-06,-0.000864164,,,,,,,,,,,,,,
7.09335,3.03E-06,-0.000738136,,,,,,,,,,,,,,
7.09345,3.03E-06,-0.000994835,,,,,,,,,,,,,,
7.09355,3.03E-06,-0.001082864,,,,,,,,,,,,,,
7.09365,3.03E-06,-0.000908143,,,,,,,,,,,,,,
7.09375,3.03E-06,-0.000884289,,,,,,,,,,,,,,
7.09385,3.03E-06,-0.001092575,,,,,,,,,,,,,,
7.09395,3.03E-06,-0.001009964,,,,,,,,,,,,,,
7.09405,3.03E-06,-0.001384879,,,,,,,,,,,,,,
7.09415,3.03E-06,-0.001042262,,,,,,,,,,,,,,
7.09425,3.03E-06,-0.001118118,,,,,,,,,,,,,,
7.09435,3.03E-06,-0.001064076,,,,,,,,,,,,,,
7.09445,3.03E-06,-0.001152246,,,,,,,,,,,,,,
7.09455,3.03E-06,-0.0011032,,,,,,,,,,,,,,
7.09465,3.03E-06,-0.001154357,,,,,,,,,,,,,,
7.09475,3.03E-06,-0.001210299,,,,,,,,,,,,,,
7.09485,3.03E-06,-0.001020378,,,,,,,,,,,,,,
7.09495,3.03E-06,-0.000882881,,,,,,,,,,,,,,
7.09505,3.03E-06,-0.000852483,,,,,,,,,,,,,,
7.09515,3.03E-06,-0.000940371,,,,,,,,,,,,,,
7.09525,3.03E-06,-0.001059291,,,,,,,,,,,,,,
7.09535,3.03E-06,-0.001072098,,,,,,,,,,,,,,
7.09545,3.03E-06,-0.001021645,,,,,,,,,,,,,,
7.09555,3.03E-06,-0.001258852,,,,,,,,,,,,,,
7.09565,3.03E-06,-0.001073505,,,,,,,,,,,,,,
7.09575,3.03E-06,-0.001133177,,,,,,,,,,,,,,
7.09585,3.03E-06,-0.001007009,,,,,,,,,,,,,,
7.09595,3.03E-06,-0.0011818,,,,,,,,,,,,,,
7.09605,3.03E-06,-0.00119904,,,,,,,,,,,,,,
7.09615,3.03E-06,-0.00122015,,,,,,,,,,,,,,
7.09625,3.02E-06,-0.001164772,,,,,,,,,,,,,,
7.09635,3.02E-06,-0.001042614,,,,,,,,,,,,,,
7.09645,3.03E-06,-0.001088775,,,,,,,,,,,,,,
7.09655,3.02E-06,-0.001192144,,,,,,,,,,,,,,
7.09665,3.02E-06,-0.00105324,,,,,,,,,,,,,,
7.09675,3.02E-06,-0.001173004,,,,,,,,,,,,,,
7.09685,3.02E-06,-0.000999128,,,,,,,,,,,,,,
7.09695,3.02E-06,-0.001230846,,,,,,,,,,,,,,
7.09705,3.02E-06,-0.001250619,,,,,,,,,,,,,,
7.09715,3.02E-06,-0.00117786,,,,,,,,,,,,,,
7.09725,3.02E-06,-0.001180534,,,,,,,,,,,,,,
7.09735,3.02E-06,-0.00077726,,,,,,,,,,,,,,
7.09745,3.02E-06,-0.001075265,,,,,,,,,,,,,,
7.09755,3.02E-06,-0.001028893,,,,,,,,,,,,,,
7.09765,3.02E-06,-0.000844672,,,,,,,,,,,,,,
7.09775,3.02E-06,-0.000951911,,,,,,,,,,,,,,
7.09785,3.02E-06,-0.000885555,,,,,,,,,,,,,,
7.09795,3.02E-06,-0.001025797,,,,,,,,,,,,,,
7.09805,3.02E-06,-0.001113896,,,,,,,,,,,,,,
7.09815,3.02E-06,-0.001244357,,,,,,,,,,,,,,
7.09825,3.02E-06,-0.001347515,,,,,,,,,,,,,,
7.09835,3.02E-06,-0.001231761,,,,,,,,,,,,,,
7.09845,3.02E-06,-0.00108969,,,,,,,,,,,,,,
7.09855,3.02E-06,-0.001121425,,,,,,,,,,,,,,
7.09865,3.02E-06,-0.001070902,,,,,,,,,,,,,,
7.09875,3.02E-06,-0.001176171,,,,,,,,,,,,,,
7.09885,3.02E-06,-0.000693735,,,,,,,,,,,,,,
7.09895,3.02E-06,-0.000897588,,,,,,,,,,,,,,
7.09905,3.02E-06,-0.001018478,,,,,,,,,,,,,,
7.09915,3.02E-06,-0.001163364,,,,,,,,,,,,,,
7.09925,3.02E-06,-0.001212621,,,,,,,,,,,,,,
7.09935,3.02E-06,-0.001207836,,,,,,,,,,,,,,
7.09945,3.02E-06,-0.001158438,,,,,,,,,,,,,,
7.09955,3.02E-06,-0.000994554,,,,,,,,,,,,,,
7.09965,3.02E-06,-0.001204177,,,,,,,,,,,,,,
7.09975,3.02E-06,-0.001002013,,,,,,,,,,,,,,
7.09985,3.01E-06,-0.001182082,,,,,,,,,,,,,,
7.09995,3.02E-06,-0.000965562,,,,,,,,,,,,,,
,,,,,,,,,,,,,,,,
,,,,,,,,,,,,,,,,
,,,,,,,,,,,,,,,,
,,,,,,,,,,,,,,,,
,,,,,,,,,,,,,,,,
,,,,,,,,,,,,,,,,
,,,,,,,,,,,,,,,,
,,,,,,,,,,,,,,,,
,,,,,,,,,,,,,,,,
,,,,,,,,,,,,,,,,
,,,,,,,,,,,,,,,,
,,,,,,,,,,,,,,,,
,,,,,,,,,,,,,,,,
,,,,,,,,,,,,,,,,
,,,,,,,,,,,,,,,,
,,,,,,,,,,,,,,,,
,,,,,,,,,,,,,,,,
,,,,,,,,,,,,,,,,
,,,,,,,,,,,,,,,,
,,,,,,,,,,,,,,,,
,,,,,,,,,,,,,,,,
,,,,,,,,,,,,,,,,
,,,,,,,,,,,,,,,,
,,,,,,,,,,,,,,,,
,,,,,,,,,,,,,,,,
,,,,,,,,,,,,,,,,
,,,,,,,,,,,,,,,,
,,,,,,,,,,,,,,,,
,,,,,,,,,,,,,,,,
,,,,,,,,,,,,,,,,
,,,,,,,,,,,,,,,,
,,,,,,,,,,,,,,,,
,,,,,,,,,,,,,,,,
,,,,,,,,,,,,,,,,
,,,,,,,,,,,,,,,,
,,,,,,,,,,,,,,,,
,,,,,,,,,,,,,,,,
,,,,,,,,,,,,,,,,
,,,,,,,,,,,,,,,,
,,,,,,,,,,,,,,,,
,,,,,,,,,,,,,,,,
,,,,,,,,,,,,,,,,
,,,,,,,,,,,,,,,,
,,,,,,,,,,,,,,,,
,,,,,,,,,,,,,,,,
,,,,,,,,,,,,,,,,
,,,,,,,,,,,,,,,,
,,,,,,,,,,,,,,,,
,,,,,,,,,,,,,,,,
,,,,,,,,,,,,,,,,
,,,,,,,,,,,,,,,,
,,,,,,,,,,,,,,,,
,,,,,,,,,,,,,,,,
,,,,,,,,,,,,,,,,
,,,,,,,,,,,,,,,,
,,,,,,,,,,,,,,,,
,,,,,,,,,,,,,,,,
,,,,,,,,,,,,,,,,
,,,,,,,,,,,,,,,,
,,,,,,,,,,,,,,,,
,,,,,,,,,,,,,,,,
,,,,,,,,,,,,,,,,
,,,,,,,,,,,,,,,,
,,,,,,,,,,,,,,,,
,,,,,,,,,,,,,,,,
,,,,,,,,,,,,,,,,
,,,,,,,,,,,,,,,,
,,,,,,,,,,,,,,,,
,,,,,,,,,,,,,,,,
,,,,,,,,,,,,,,,,
,,,,,,,,,,,,,,,,
,,,,,,,,,,,,,,,,
,,,,,,,,,,,,,,,,
,,,,,,,,,,,,,,,,
,,,,,,,,,,,,,,,,
,,,,,,,,,,,,,,,,
,,,,,,,,,,,,,,,,
,,,,,,,,,,,,,,,,
,,,,,,,,,,,,,,,,
,,,,,,,,,,,,,,,,
,,,,,,,,,,,,,,,,
,,,,,,,,,,,,,,,,
,,,,,,,,,,,,,,,,
,,,,,,,,,,,,,,,,
,,,,,,,,,,,,,,,,
,,,,,,,,,,,,,,,,
,,,,,,,,,,,,,,,,
,,,,,,,,,,,,,,,,
,,,,,,,,,,,,,,,,
,,,,,,,,,,,,,,,,
,,,,,,,,,,,,,,,,
,,,,,,,,,,,,,,,,
,,,,,,,,,,,,,,,,
,,,,,,,,,,,,,,,,
,,,,,,,,,,,,,,,,
,,,,,,,,,,,,,,,,
,,,,,,,,,,,,,,,,
,,,,,,,,,,,,,,,,
,,,,,,,,,,,,,,,,
,,,,,,,,,,,,,,,,
,,,,,,,,,,,,,,,,
,,,,,,,,,,,,,,,,
,,,,,,,,,,,,,,,,
,,,,,,,,,,,,,,,,
,,,,,,,,,,,,,,,,
,,,,,,,,,,,,,,,,
,,,,,,,,,,,,,,,,
,,,,,,,,,,,,,,,,
,,,,,,,,,,,,,,,,
,,,,,,,,,,,,,,,,
,,,,,,,,,,,,,,,,
,,,,,,,,,,,,,,,,
,,,,,,,,,,,,,,,,
,,,,,,,,,,,,,,,,
,,,,,,,,,,,,,,,,
,,,,,,,,,,,,,,,,
,,,,,,,,,,,,,,,,
,,,,,,,,,,,,,,,,
,,,,,,,,,,,,,,,,
,,,,,,,,,,,,,,,,
,,,,,,,,,,,,, MeasResult1_time, MeasResult1_value, MeasResult2_time, MeasResult2_value
,,,,,,,,,,,,,,,,
,,,,,,,,,,,,,,,,
,,,,,,,,,,,,,,,,
,,,,,,,,,,,,,,,,
,,,,,,,,,,,,,,,,
,,,,,,,,,,,,,,,,
,,,,,,,,,,,,,,,,
,,,,,,,,,,,,,,,,
,,,,,,,,,,,,,,,,
,,,,,,,,,,,,,,,,
,,,,,,,,,,,,,,,,
,,,,,,,,,,,,,,,,
,,,,,,,,,,,,,,,,
,,,,,,,,,,,,,,,,
,,,,,,,,,,,,,,,,
,,,,,,,,,,,,,,,,
,,,,,,,,,,,,,,,,
,,,,,,,,,,,,,,,,
,,,,,,,,,,,,,,,,
,,,,,,,,,,,,,,,,
,,,,,,,,,,,,,,,,
,,,,,,,,,,,,,,,,
,,,,,,,,,,,,,,,,
,,,,,,,,,,,,,,,,
,,,,,,,,,,,,,,,,
,,,,,,,,,,,,,,,,
,,,,,,,,,,,,,,,,
,,,,,,,,,,,,,,,,
,,,,,,,,,,,,,,,,
,,,,,,,,,,,,,,,,
,,,,,,,,,,,,,,,,
,,,,,,,,,,,,,,,,
,,,,,,,,,,,,,,,,
,,,,,,,,,,,,,,,,
,,,,,,,,,,,,,,,,
,,,,,,,,,,,,,,,,
,,,,,,,,,,,,,,,,
,,,,,,,,,,,,,,,,
,,,,,,,,,,,,,,,,
,,,,,,,,,,,,,,,,
,,,,,,,,,,,,,,,,
,,,,,,,,,,,,,,,,
,,,,,,,,,,,,,,,,
,,,,,,,,,,,,,,,,
,,,,,,,,,,,,,,,,
,,,,,,,,,,,,,,,,
,,,,,,,,,,,,,,,,
,,,,,,,,,,,,,,,,
,,,,,,,,,,,,,,,,
,,,,,,,,,,,,,,,,
,,,,,,,,,,,,,,,,
,,,,,,,,,,,,,,,,
,,,,,,,,,,,,,,,,
,,,,,,,,,,,,,,,,
,,,,,,,,,,,,,,,,
,,,,,,,,,,,,,,,,
,,,,,,,,,,,,,,,,
,,,,,,,,,,,,,,,,
,,,,,,,,,,,,,,,,
,,,,,,,,,,,,,,,,
,,,,,,,,,,,,,,,,
,,,,,,,,,,,,,,,,
,,,,,,,,,,,,,,,,
,,,,,,,,,,,,,,,,
,,,,,,,,,,,,,,,,
,,,,,,,,,,,,,,,,
,,,,,,,,,,,,,,,,
,,,,,,,,,,,,,,,,
,,,,,,,,,,,,,,,,
,,,,,,,,,,,,,,,,
,,,,,,,,,,,,,,,,
,,,,,,,,,,,,,,,,
,,,,,,,,,,,,,,,,
,,,,,,,,,,,,,,,,
,,,,,,,,,,,,,,,,
,,,,,,,,,,,,,,,,
,,,,,,,,,,,,,,,,
,,,,,,,,,,,,,,,,
,,,,,,,,,,,,,,,,
,,,,,,,,,,,,,,,,
,,,,,,,,,,,,,,,,
,,,,,,,,,,,,,,,,
,,,,,,,,,,,,,,,,
,,,,,,,,,,,,,,,,
,,,,,,,,,,,,,,,,
,,,,,,,,,,,,,,,,
,,,,,,,,,,,,,,,,
,,,,,,,,,,,,,,,,
,,,,,,,,,,,,,,,,
,,,,,,,,,,,,,,,,
,,,,,,,,,,,,,,,,
,,,,,,,,,,,,,,,,
,,,,,,,,,,,,,,,,
,,,,,,,,,,,,,,,,
,,,,,,,,,,,,,,,,
,,,,,,,,,,,,,,,,
,,,,,,,,,,,,,,,,
,,,,,,,,,,,,,,,,
,,,,,,,,,,,,,,,,
,,,,,,,,,,,,,,,,
,,,,,,,,,,,,,,,,
,,,,,,,,,,,,,,,,
,,,,,,,,,,,,,,,,
,,,,,,,,,,,,,,,,
,,,,,,,,,,,,,,,,
,,,,,,,,,,,,,,,,
,,,,,,,,,,,,,,,,
,,,,,,,,,,,,,,,,
,,,,,,,,,,,,,,,,
,,,,,,,,,,,,,,,,
,,,,,,,,,,,,,,,,
,,,,,,,,,,,,,,,,
,,,,,,,,,,,,,,,,
,,,,,,,,,,,,,,,,
,,,,,,,,,,,,,,,,
,,,,,,,,,,,,,,,,
,,,,,,,,,,,,,,,,
,,,,,,,,,,,,,,,,
,,,,,,,,,,,,,,,,
,,,,,,,,,,,,,,,,
,,,,,,,,,,,,,,,,
,,,,,,,,,,,,,,,,
,,,,,,,,,,,,,,,,
,,,,,,,,,,,,,,,,
,,,,,,,,,,,,,,,,
,,,,,,,,,,,,,,,,
,,,,,,,,,,,,,,,,
,,,,,,,,,,,,,,,,
,,,,,,,,,,,,,,,,
,,,,,,,,,,,,,,,,
,,,,,,,,,,,,,,,,
,,,,,,,,,,,,,,,,
,,,,,,,,,,,,,,,,
,,,,,,,,,,,,,,,,
,,,,,,,,,,,,,,,,
,,,,,,,,,,,,,,,,
,,,,,,,,,,,,,,,,
,,,,,,,,,,,,,,,,
,,,,,,,,,,,,,,,,
,,,,,,,,,,,,,,,,
,,,,,,,,,,,,,,,,
,,,,,,,,,,,,,,,,
,,,,,,,,,,,,,,,,
,,,,,,,,,,,,,,,,
,,,,,,,,,,,,,,,,
,,,,,,,,,,,,,,,,
,,,,,,,,,,,,,,,,
,,,,,,,,,,,,,,,,
,,,,,,,,,,,,,,,,
,,,,,,,,,,,,,,,,
,,,,,,,,,,,,,,,,
,,,,,,,,,,,,,,,,
,,,,,,,,,,,,,,,,
,,,,,,,,,,,,,,,,
,,,,,,,,,,,,,,,,
,,,,,,,,,,,,,,,,
,,,,,,,,,,,,,,,,
,,,,,,,,,,,,,,,,
,,,,,,,,,,,,,,,,
,,,,,,,,,,,,,,,,
,,,,,,,,,,,,,,,,
,,,,,,,,,,,,,,,,
,,,,,,,,,,,,,,,,
,,,,,,,,,,,,,,,,
,,,,,,,,,,,,,,,,
,,,,,,,,,,,,,,,,
,,,,,,,,,,,,,,,,
,,,,,,,,,,,,,,,,
,,,,,,,,,,,,,,,,
,,,,,,,,,,,,,,,,
,,,,,,,,,,,,,,,,
,,,,,,,,,,,,,,,,
,,,,,,,,,,,,,,,,
,,,,,,,,,,,,,,,,
,,,,,,,,,,,,,,,,
,,,,,,,,,,,,,,,,
,,,,,,,,,,,,,,,,
,,,,,,,,,,,,,,,,
,,,,,,,,,,,,,,,,
,,,,,,,,,,,,,,,,
,,,,,,,,,,,,,,,,
,,,,,,,,,,,,,,,,
,,,,,,,,,,,,,,,,
,,,,,,,,,,,,,,,,
,,,,,,,,,,,,,,,,
,,,,,,,,,,,,,,,,
,,,,,,,,,,,,,,,,
,,,,,,,,,,,,,,,,
,,,,,,,,,,,,,,,,
,,,,,,,,,,,,,,,,
,,,,,,,,,,,,,,,,
,,,,,,,,,,,,,,,,
,,,,,,,,,,,,,,,,
,,,,,,,,,,,,,,,,
,,,,,,,,,,,,,,,,
,,,,,,,,,,,,,,,,
,,,,,,,,,,,,,,,,
,,,,,,,,,,,,,,,,
,,,,,,,,,,,,,,,,
,,,,,,,,,,,,,,,,
,,,,,,,,,,,,,,,,
,,,,,,,,,,,,,,,,
,,,,,,,,,,,,,,,,
,,,,,,,,,,,,,,,,
,,,,,,,,,,,,,,,,
,,,,,,,,,,,,,,,,
,,,,,,,,,,,,,,,,
,,,,,,,,,,,,,,,,
,,,,,,,,,,,,,,,,
,,,,,,,,,,,,,,,,
,,,,,,,,,,,,,,,,
,,,,,,,,,,,,,,,,
,,,,,,,,,,,,,,,,
,,,,,,,,,,,,,,,,
,,,,,,,,,,,,,,,,
,,,,,,,,,,,,,,,,
,,,,,,,,,,,,,,,,
,,,,,,,,,,,,,,,,
,,,,,,,,,,,,,,,,
,,,,,,,,,,,,,,,,
,,,,,,,,,,,,,,,,
,,,,,,,,,,,,,,,,
,,,,,,,,,,,,,,,,
,,,,,,,,,,,,,,,,
,,,,,,,,,,,,,,,,
,,,,,,,,,,,,,,,,
,,,,,,,,,,,,,,,,
,,,,,,,,,,,,,,,,
,,,,,,,,,,,,,,,,
,,,,,,,,,,,,,,,,
,,,,,,,,,,,,,,,,
,,,,,,,,,,,,,,,,
,,,,,,,,,,,,,,,,
,,,,,,,,,,,,,,,,
,,,,,,,,,,,,,,,,
,,,,,,,,,,,,,,,,
,,,,,,,,,,,,,,,,
,,,,,,,,,,,,,,,,
,,,,,,,,,,,,,,,,
,,,,,,,,,,,,,,,,
,,,,,,,,,,,,,,,,
,,,,,,,,,,,,,,,,
,,,,,,,,,,,,,,,,
,,,,,,,,,,,,,,,,
,,,,,,,,,,,,,,,,
,,,,,,,,,,,,,,,,
,,,,,,,,,,,,,,,,
,,,,,,,,,,,,,,,,
,,,,,,,,,,,,,,,,
,,,,,,,,,,,,,,,,
,,,,,,,,,,,,,,,,
,,,,,,,,,,,,,,,,
,,,,,,,,,,,,,,,,
,,,,,,,,,,,,,,,,
,,,,,,,,,,,,,,,,
,,,,,,,,,,,,,,,,
,,,,,,,,,,,,,,,,
,,,,,,,,,,,,,,,,
,,,,,,,,,,,,,,,,
,,,,,,,,,,,,,,,,
,,,,,,,,,,,,,,,,
,,,,,,,,,,,,,,,,
,,,,,,,,,,,,,,,,
,,,,,,,,,,,,,,,,
,,,,,,,,,,,,,,,,
,,,,,,,,,,,,,,,,
,,,,,,,,,,,,,,,,
,,,,,,,,,,,,,,,,
,,,,,,,,,,,,,,,,
,,,,,,,,,,,,,,,,
,,,,,,,,,,,,,,,,
,,,,,,,,,,,,,,,,
,,,,,,,,,,,,,,,,
,,,,,,,,,,,,,,,,
,,,,,,,,,,,,,,,,
,,,,,,,,,,,,,,,,
,,,,,,,,,,,,,,,,
,,,,,,,,,,,,,,,,
,,,,,,,,,,,,,,,,
,,,,,,,,,,,,,,,,
,,,,,,,,,,,,,,,,
,,,,,,,,,,,,,,,,
,,,,,,,,,,,,,,,,
,,,,,,,,,,,,,,,,
,,,,,,,,,,,,,,,,
,,,,,,,,,,,,,,,,
,,,,,,,,,,,,,,,,
,,,,,,,,,,,,,,,,
,,,,,,,,,,,,,,,,
,,,,,,,,,,,,,,,,
,,,,,,,,,,,,,,,,
,,,,,,,,,,,,,,,,
,,,,,,,,,,,,,,,,
,,,,,,,,,,,,,,,,
,,,,,,,,,,,,,,,,
,,,,,,,,,,,,,,,,
,,,,,,,,,,,,,,,,
,,,,,,,,,,,,,,,,
,,,,,,,,,,,,,,,,
,,,,,,,,,,,,,,,,
,,,,,,,,,,,,,,,,
,,,,,,,,,,,,,,,,
,,,,,,,,,,,,,,,,
,,,,,,,,,,,,,,,,
,,,,,,,,,,,,,,,,
,,,,,,,,,,,,,,,,
,,,,,,,,,,,,,,,,
,,,,,,,,,,,,,,,,
,,,,,,,,,,,,,,,,
,,,,,,,,,,,,,,,,
,,,,,,,,,,,,,,,,
,,,,,,,,,,,,,,,,
,,,,,,,,,,,,,,,,
,,,,,,,,,,,,,,,,
,,,,,,,,,,,,,,,,
,,,,,,,,,,,,,,,,
,,,,,,,,,,,,,,,,
,,,,,,,,,,,,,,,,
,,,,,,,,,,,,,,,,
,,,,,,,,,,,,,,,,
,,,,,,,,,,,,,,,,
,,,,,,,,,,,,,,,,
,,,,,,,,,,,,,,,,
,,,,,,,,,,,,,,,,
,,,,,,,,,,,,,,,,
,,,,,,,,,,,,,,,,
,,,,,,,,,,,,,,,,
,,,,,,,,,,,,,,,,
,,,,,,,,,,,,,,,,
,,,,,,,,,,,,,,,,
,,,,,,,,,,,,,,,,
,,,,,,,,,,,,,,,,
,,,,,,,,,,,,,,,,
,,,,,,,,,,,,,,,,
,,,,,,,,,,,,,,,,
,,,,,,,,,,,,,,,,
,,,,,,,,,,,,,,,,
,,,,,,,,,,,,,,,,
,,,,,,,,,,,,,,,,
,,,,,,,,,,,,,,,,
,,,,,,,,,,,,,,,,
,,,,,,,,,,,,,,,,
,,,,,,,,,,,,,,,,
,,,,,,,,,,,,,,,,
,,,,,,,,,,,,,,,,
,,,,,,,,,,,,,,,,
,,,,,,,,,,,,,,,,
,,,,,,,,,,,,,,,,
,,,,,,,,,,,,,,,,
,,,,,,,,,,,,,,,,
,,,,,,,,,,,,,,,,
,,,,,,,,,,,,,,,,
,,,,,,,,,,,,,,,,
,,,,,,,,,,,,,,,,
,,,,,,,,,,,,,,,,
,,,,,,,,,,,,,,,,
,,,,,,,,,,,,,,,,
,,,,,,,,,,,,,,,,
,,,,,,,,,,,,,,,,
,,,,,,,,,,,,,,,,
,,,,,,,,,,,,,,,,
,,,,,,,,,,,,,,,,
,,,,,,,,,,,,,,,,
,,,,,,,,,,,,,,,,
,,,,,,,,,,,,,,,,
,,,,,,,,,,,,,,,,
,,,,,,,,,,,,,,,,
,,,,,,,,,,,,,,,,
,,,,,,,,,,,,,,,,
,,,,,,,,,,,,,,,,
,,,,,,,,,,,,,,,,
,,,,,,,,,,,,,,,,
,,,,,,,,,,,,,,,,
,,,,,,,,,,,,,,,,
,,,,,,,,,,,,,,,,
,,,,,,,,,,,,,,,,
,,,,,,,,,,,,,,,,
,,,,,,,,,,,,,,,,
,,,,,,,,,,,,,,,,
,,,,,,,,,,,,,,,,
,,,,,,,,,,,,,,,,
,,,,,,,,,,,,,,,,
,,,,,,,,,,,,,,,,
,,,,,,,,,,,,,,,,
,,,,,,,,,,,,,,,,
,,,,,,,,,,,,,,,,
,,,,,,,,,,,,,,,,
,,,,,,,,,,,,,,,,
,,,,,,,,,,,,,,,,
,,,,,,,,,,,,,,,,
,,,,,,,,,,,,,,,,
,,,,,,,,,,,,,,,,
,,,,,,,,,,,,,,,,
,,,,,,,,,,,,,,,,
,,,,,,,,,,,,,,,,
,,,,,,,,,,,,,,,,
,,,,,,,,,,,,,,,,
,,,,,,,,,,,,,,,,
,,,,,,,,,,,,,,,,
,,,,,,,,,,,,,,,,
,,,,,,,,,,,,,,,,
,,,,,,,,,,,,,,,,
,,,,,,,,,,,,,,,,
,,,,,,,,,,,,,,,,
,,,,,,,,,,,,,,,,
,,,,,,,,,,,,,,,,
,,,,,,,,,,,,,,,,
,,,,,,,,,,,,,,,,
,,,,,,,,,,,,,,,,
,,,,,,,,,,,,,,,,
,,,,,,,,,,,,,,,,
,,,,,,,,,,,,,,,,
,,,,,,,,,,,,,,,,
,,,,,,,,,,,,,,,,
,,,,,,,,,,,,,,,,
,,,,,,,,,,,,,,,,
,,,,,,,,,,,,,,,,
,,,,,,,,,,,,,,,,
,,,,,,,,,,,,,,,,
,,,,,,,,,,,,,,,,
,,,,,,,,,,,,,,,,
,,,,,,,,,,,,,,,,
,,,,,,,,,,,,,,,,
,,,,,,,,,,,,,,,,
,,,,,,,,,,,,,,,,
,,,,,,,,,,,,,,,,
,,,,,,,,,,,,,,,,
,,,,,,,,,,,,,,,,
,,,,,,,,,,,,,,,,
,,,,,,,,,,,,,,,,
,,,,,,,,,,,,,,,,
,,,,,,,,,,,,,,,,
,,,,,,,,,,,,,,,,
,,,,,,,,,,,,,,,,
,,,,,,,,,,,,,,,,
,,,,,,,,,,,,,,,,
,,,,,,,,,,,,,,,,
,,,,,,,,,,,,,,,,
,,,,,,,,,,,,,,,,
,,,,,,,,,,,,,,,,
,,,,,,,,,,,,,,,,
,,,,,,,,,,,,,,,,
,,,,,,,,,,,,,,,,
,,,,,,,,,,,,,,,,
,,,,,,,,,,,,,,,,
,,,,,,,,,,,,,,,,
,,,,,,,,,,,,,,,,
,,,,,,,,,,,,,,,,
,,,,,,,,,,,,,,,,
,,,,,,,,,,,,,,,,
,,,,,,,,,,,,,,,,
,,,,,,,,,,,,,,,,
,,,,,,,,,,,,,,,,
,,,,,,,,,,,,,,,,
,,,,,,,,,,,,,,,,
,,,,,,,,,,,,,,,,
,,,,,,,,,,,,,,,,
,,,,,,,,,,,,,,,,
,,,,,,,,,,,,,,,,
,,,,,,,,,,,,,,,,
,,,,,,,,,,,,,,,,
,,,,,,,,,,,,,,,,
,,,,,,,,,,,,,,,,
,,,,,,,,,,,,,,,,
,,,,,,,,,,,,,,,,
,,,,,,,,,,,,,,,,
,,,,,,,,,,,,,,,,
,,,,,,,,,,,,,,,,
,,,,,,,,,,,,,,,,
,,,,,,,,,,,,,,,,
,,,,,,,,,,,,,,,,
,,,,,,,,,,,,,,,,
,,,,,,,,,,,,,,,,
,,,,,,,,,,,,,,,,
,,,,,,,,,,,,,,,,
,,,,,,,,,,,,,,,,
,,,,,,,,,,,,,,,,
,,,,,,,,,,,,,,,,
,,,,,,,,,,,,,,,,
,,,,,,,,,,,,,,,,
,,,,,,,,,,,,,,,,
,,,,,,,,,,,,,,,,
,,,,,,,,,,,,,,,,
,,,,,,,,,,,,,,,,
,,,,,,,,,,,,,,,,
,,,,,,,,,,,,,,,,
,,,,,,,,,,,,,,,,
,,,,,,,,,,,,,,,,
,,,,,,,,,,,,,,,,
,,,,,,,,,,,,,,,,
,,,,,,,,,,,,,,,,
,,,,,,,,,,,,,,,,
,,,,,,,,,,,,,,,,
,,,,,,,,,,,,,,,,
,,,,,,,,,,,,,,,,
,,,,,,,,,,,,,,,,
,,,,,,,,,,,,,,,,
,,,,,,,,,,,,,,,,
,,,,,,,,,,,,,,,,
,,,,,,,,,,,,,,,,
,,,,,,,,,,,,,,,,
,,,,,,,,,,,,,,,,
,,,,,,,,,,,,,,,,
,,,,,,,,,,,,,,,,
,,,,,,,,,,,,,,,,
,,,,,,,,,,,,,,,,
,,,,,,,,,,,,,,,,
,,,,,,,,,,,,,,,,
,,,,,,,,,,,,,,,,
,,,,,,,,,,,,,,,,
,,,,,,,,,,,,,,,,
,,,,,,,,,,,,,,,,
,,,,,,,,,,,,,,,,
,,,,,,,,,,,,,,,,
,,,,,,,,,,,,,,,,
,,,,,,,,,,,,,,,,
,,,,,,,,,,,,,,,,
,,,,,,,,,,,,,,,,
,,,,,,,,,,,,,,,,
,,,,,,,,,,,,,,,,
,,,,,,,,,,,,,,,,
,,,,,,,,,,,,,,,,
,,,,,,,,,,,,,,,,
,,,,,,,,,,,,,,,,
,,,,,,,,,,,,,,,,
,,,,,,,,,,,,,,,,
,,,,,,,,,,,,,,,,
,,,,,,,,,,,,,,,,
,,,,,,,,,,,,,,,,
,,,,,,,,,,,,,,,,
,,,,,,,,,,,,,,,,
,,,,,,,,,,,,,,,,
,,,,,,,,,,,,,,,,
,,,,,,,,,,,,,,,,
,,,,,,,,,,,,,,,,
,,,,,,,,,,,,,,,,
,,,,,,,,,,,,,,,,
,,,,,,,,,,,,,,,,
,,,,,,,,,,,,,,,,
,,,,,,,,,,,,,,,,
,,,,,,,,,,,,,,,,
,,,,,,,,,,,,,,,,
,,,,,,,,,,,,,,,,
,,,,,,,,,,,,,,,,
,,,,,,,,,,,,,,,,
,,,,,,,,,,,,,,,,
,,,,,,,,,,,,,,,,
,,,,,,,,,,,,,,,,
,,,,,,,,,,,,,,,,
,,,,,,,,,,,,,,,,
,,,,,,,,,,,,,,,,
,,,,,,,,,,,,,,,,
,,,,,,,,,,,,,,,,
,,,,,,,,,,,,,,,,
,,,,,,,,,,,,,,,,
,,,,,,,,,,,,,,,,
,,,,,,,,,,,,,,,,
,,,,,,,,,,,,,,,,
,,,,,,,,,,,,,,,,
,,,,,,,,,,,,,,,,
,,,,,,,,,,,,,,,,
,,,,,,,,,,,,,,,,
,,,,,,,,,,,,,,,,
,,,,,,,,,,,,,,,,
,,,,,,,,,,,,,,,,
,,,,,,,,,,,,,,,,
,,,,,,,,,,,,,,,,
,,,,,,,,,,,,,,,,
,,,,,,,,,,,,,,,,
,,,,,,,,,,,,,,,,
,,,,,,,,,,,,,,,,
,,,,,,,,,,,,,,,,
,,,,,,,,,,,,,,,,
,,,,,,,,,,,,,,,,
,,,,,,,,,,,,,,,,
,,,,,,,,,,,,,,,,
,,,,,,,,,,,,,,,,
,,,,,,,,,,,,,,,,
,,,,,,,,,,,,,,,,
,,,,,,,,,,,,,,,,
,,,,,,,,,,,,,,,,
,,,,,,,,,,,,,,,,
,,,,,,,,,,,,,,,,
,,,,,,,,,,,,,,,,
,,,,,,,,,,,,,,,,
,,,,,,,,,,,,,,,,
,,,,,,,,,,,,,,,,
,,,,,,,,,,,,,,,,
,,,,,,,,,,,,,,,,
,,,,,,,,,,,,,,,,
,,,,,,,,,,,,,,,,
,,,,,,,,,,,,,,,,
,,,,,,,,,,,,,,,,
,,,,,,,,,,,,,,,,
,,,,,,,,,,,,,,,,
,,,,,,,,,,,,,,,,
,,,,,,,,,,,,,,,,
,,,,,,,,,,,,,,,,
,,,,,,,,,,,,,,,,
,,,,,,,,,,,,,,,,
,,,,,,,,,,,,,,,,
,,,,,,,,,,,,,,,,
,,,,,,,,,,,,,,,,
,,,,,,,,,,,,,,,,
,,,,,,,,,,,,,,,,
,,,,,,,,,,,,,,,,
,,,,,,,,,,,,,,,,
,,,,,,,,,,,,,,,,
,,,,,,,,,,,,,,,,
,,,,,,,,,,,,,,,,
,,,,,,,,,,,,,,,,
,,,,,,,,,,,,,,,,
,,,,,,,,,,,,,,,,
,,,,,,,,,,,,,,,,
,,,,,,,,,,,,,,,,
,,,,,,,,,,,,,,,,
,,,,,,,,,,,,,,,,
,,,,,,,,,,,,,,,,
,,,,,,,,,,,,,,,,
,,,,,,,,,,,,,,,,
,,,,,,,,,,,,,,,,
,,,,,,,,,,,,,,,,
,,,,,,,,,,,,,,,,
,,,,,,,,,,,,,,,,
,,,,,,,,,,,,,,,,
,,,,,,,,,,,,,,,,
,,,,,,,,,,,,,,,,
,,,,,,,,,,,,,,,,
,,,,,,,,,,,,,,,,
,,,,,,,,,,,,,,,,
,,,,,,,,,,,,,,,,
,,,,,,,,,,,,,,,,
,,,,,,,,,,,,,,,,
,,,,,,,,,,,,,,,,
,,,,,,,,,,,,,,,,
,,,,,,,,,,,,,,,,
,,,,,,,,,,,,,,,,
,,,,,,,,,,,,,,,,
,,,,,,,,,,,,,,,,
,,,,,,,,,,,,,,,,
,,,,,,,,,,,,,,,,
,,,,,,,,,,,,,,,,
,,,,,,,,,,,,,,,,
,,,,,,,,,,,,,,,,
,,,,,,,,,,,,,,,,
,,,,,,,,,,,,,,,,
,,,,,,,,,,,,,,,,
,,,,,,,,,,,,,,,,
,,,,,,,,,,,,,,,,
,,,,,,,,,,,,,,,,
,,,,,,,,,,,,,,,,
,,,,,,,,,,,,,,,,
,,,,,,,,,,,,,,,,
,,,,,,,,,,,,,,,,
,,,,,,,,,,,,,,,,
,,,,,,,,,,,,,,,,
,,,,,,,,,,,,,,,,
,,,,,,,,,,,,,,,,
,,,,,,,,,,,,,,,,
,,,,,,,,,,,,,,,,
,,,,,,,,,,,,,,,,
,,,,,,,,,,,,,,,,
,,,,,,,,,,,,,,,,
,,,,,,,,,,,,,,,,
,,,,,,,,,,,,,,,,
,,,,,,,,,,,,,,,,
,,,,,,,,,,,,,,,,
,,,,,,,,,,,,,,,,
,,,,,,,,,,,,,,,,
,,,,,,,,,,,,,,,,
,,,,,,,,,,,,,,,,
,,,,,,,,,,,,,,,,
,,,,,,,,,,,,,,,,
,,,,,,,,,,,,,,,,
,,,,,,,,,,,,,,,,
,,,,,,,,,,,,,,,,
,,,,,,,,,,,,,,,,
,,,,,,,,,,,,,,,,
,,,,,,,,,,,,,,,,
,,,,,,,,,,,,,,,,
,,,,,,,,,,,,,,,,
,,,,,,,,,,,,,,,,
,,,,,,,,,,,,,,,,
,,,,,,,,,,,,,,,,
,,,,,,,,,,,,,,,,
,,,,,,,,,,,,,,,,
,,,,,,,,,,,,,,,,
,,,,,,,,,,,,,,,,
,,,,,,,,,,,,,,,,
,,,,,,,,,,,,,,,,
,,,,,,,,,,,,,,,,
,,,,,,,,,,,,,,,,
,,,,,,,,,,,,,,,,
,,,,,,,,,,,,,,,,
,,,,,,,,,,,,,,,,
,,,,,,,,,,,,,,,,
,,,,,,,,,,,,,,,,
,,,,,,,,,,,,,,,,
,,,,,,,,,,,,,,,,
,,,,,,,,,,,,,,,,
,,,,,,,,,,,,,,,,
,,,,,,,,,,,,,,,,
,,,,,,,,,,,,,,,,
,,,,,,,,,,,,,,,,
,,,,,,,,,,,,,,,,
,,,,,,,,,,,,,,,,
,,,,,,,,,,,,,,,,
,,,,,,,,,,,,,,,,
,,,,,,,,,,,,,,,,
,,,,,,,,,,,,,,,,
,,,,,,,,,,,,,,,,
,,,,,,,,,,,,,,,,
,,,,,,,,,,,,,,,,
,,,,,,,,,,,,,,,,
,,,,,,,,,,,,,,,,
,,,,,,,,,,,,,,,,
,,,,,,,,,,,,,,,,
,,,,,,,,,,,,,,,,
,,,,,,,,,,,,,,,,
,,,,,,,,,,,,,,,,
,,,,,,,,,,,,,,,,
,,,,,,,,,,,,,,,,
,,,,,,,,,,,,,,,,
,,,,,,,,,,,,,,,,
,,,,,,,,,,,,,,,,
,,,,,,,,,,,,,,,,
,,,,,,,,,,,,,,,,
,,,,,,,,,,,,,,,,
,,,,,,,,,,,,,,,,
,,,,,,,,,,,,,,,,
,,,,,,,,,,,,,,,,
,,,,,,,,,,,,,,,,
,,,,,,,,,,,,,,,,
,,,,,,,,,,,,,,,,
,,,,,,,,,,,,,,,,
,,,,,,,,,,,,,,,,
,,,,,,,,,,,,,,,,
,,,,,,,,,,,,,,,,
,,,,,,,,,,,,,,,,
,,,,,,,,,,,,,,,,
,,,,,,,,,,,,,,,,
,,,,,,,,,,,,,,,,
,,,,,,,,,,,,,,,,
,,,,,,,,,,,,,,,,
,,,,,,,,,,,,,,,,
,,,,,,,,,,,,,,,,
,,,,,,,,,,,,,,,,
,,,,,,,,,,,,,,,,
,,,,,,,,,,,,,,,,
,,,,,,,,,,,,,,,,
,,,,,,,,,,,,,,,,
,,,,,,,,,,,,,,,,
,,,,,,,,,,,,,,,,
,,,,,,,,,,,,,,,,
,,,,,,,,,,,,,,,,
,,,,,,,,,,,,,,,,
,,,,,,,,,,,,,,,,
,,,,,,,,,,,,,,,,
,,,,,,,,,,,,,,,,
,,,,,,,,,,,,,,,,
,,,,,,,,,,,,,,,,
,,,,,,,,,,,,,,,,
,,,,,,,,,,,,,,,,
,,,,,,,,,,,,,,,,
,,,,,,,,,,,,,,,,
,,,,,,,,,,,,,,,,
,,,,,,,,,,,,,,,,
,,,,,,,,,,,,,,,,
,,,,,,,,,,,,,,,,
,,,,,,,,,,,,,,,,
,,,,,,,,,,,,,,,,
,,,,,,,,,,,,,,,,
,,,,,,,,,,,,,,,,
,,,,,,,,,,,,,,,,
,,,,,,,,,,,,,,,,
,,,,,,,,,,,,,,,,
,,,,,,,,,,,,,,,,
,,,,,,,,,,,,,,,,
,,,,,,,,,,,,,,,,
,,,,,,,,,,,,,,,,
,,,,,,,,,,,,,,,,
,,,,,,,,,,,,,,,,
,,,,,,,,,,,,,,,,
,,,,,,,,,,,,,,,,
,,,,,,,,,,,,,,,,
,,,,,,,,,,,,,,,,
,,,,,,,,,,,,,,,,
,,,,,,,,,,,,,,,,
,,,,,,,,,,,,,,,,
,,,,,,,,,,,,,,,,
,,,,,,,,,,,,,,,,
,,,,,,,,,,,,,,,,
,,,,,,,,,,,,,,,,
,,,,,,,,,,,,,,,,
,,,,,,,,,,,,,,,,
,,,,,,,,,,,,,,,,
,,,,,,,,,,,,,,,,
,,,,,,,,,,,,,,,,
,,,,,,,,,,,,,,,,
,,,,,,,,,,,,,,,,
,,,,,,,,,,,,,,,,
,,,,,,,,,,,,,,,,
,,,,,,,,,,,,,,,,
,,,,,,,,,,,,,,,,
,,,,,,,,,,,,,,,,
,,,,,,,,,,,,,,,,
,,,,,,,,,,,,,,,,
,,,,,,,,,,,,,,,,
,,,,,,,,,,,,,,,,
,,,,,,,,,,,,,,,,
,,,,,,,,,,,,,,,,
,,,,,,,,,,,,,,,,
,,,,,,,,,,,,,,,,
,,,,,,,,,,,,,,,,
,,,,,,,,,,,,,,,,
,,,,,,,,,,,,,,,,
,,,,,,,,,,,,,,,,
,,,,,,,,,,,,,,,,
,,,,,,,,,,,,,,,,
,,,,,,,,,,,,,,,,
,,,,,,,,,,,,,,,,
,,,,,,,,,,,,,,,,
,,,,,,,,,,,,,,,,
,,,,,,,,,,,,,,,,
,,,,,,,,,,,,,,,,
,,,,,,,,,,,,,,,,
,,,,,,,,,,,,,,,,
,,,,,,,,,,,,,,,,
,,,,,,,,,,,,,,,,
,,,,,,,,,,,,,,,,
,,,,,,,,,,,,,,,,
,,,,,,,,,,,,,,,,
,,,,,,,,,,,,,,,,
,,,,,,,,,,,,,,,,
,,,,,,,,,,,,,,,,
,,,,,,,,,,,,,,,,
,,,,,,,,,,,,,,,,
,,,,,,,,,,,,,,,,
,,,,,,,,,,,,,,,,
,,,,,,,,,,,,,,,,
,,,,,,,,,,,,,,,,
,,,,,,,,,,,,,,,,
,,,,,,,,,,,,,,,,
,,,,,,,,,,,,,,,,
,,,,,,,,,,,,,,,,
,,,,,,,,,,,,,,,,
,,,,,,,,,,,,,,,,
,,,,,,,,,,,,,,,,
,,,,,,,,,,,,,,,,
,,,,,,,,,,,,,,,,
,,,,,,,,,,,,,,,,
,,,,,,,,,,,,,,,,
,,,,,,,,,,,,,,,,
,,,,,,,,,,,,,,,,
,,,,,,,,,,,,,,,,
,,,,,,,,,,,,,,,,
,,,,,,,,,,,,,,,,
,,,,,,,,,,,,,,,,
,,,,,,,,,,,,,,,,
,,,,,,,,,,,,,,,,
,,,,,,,,,,,,,,,,
,,,,,,,,,,,,,,,,
,,,,,,,,,,,,,,,,
,,,,,,,,,,,,,,,,
,,,,,,,,,,,,,,,,
,,,,,,,,,,,,,,,,
,,,,,,,,,,,,,,,,
,,,,,,,,,,,,,,,,
,,,,,,,,,,,,,,,,
,,,,,,,,,,,,,,,,
,,,,,,,,,,,,,,,,
,,,,,,,,,,,,,,,,
,,,,,,,,,,,,,,,,
,,,,,,,,,,,,,,,,
,,,,,,,,,,,,,,,,
,,,,,,,,,,,,,,,,
,,,,,,,,,,,,,,,,
,,,,,,,,,,,,,,,,
,,,,,,,,,,,,,,,,
,,,,,,,,,,,,,,,,
,,,,,,,,,,,,,,,,
,,,,,,,,,,,,,,,,
,,,,,,,,,,,,,,,,
,,,,,,,,,,,,,,,,
,,,,,,,,,,,,,,,,
,,,,,,,,,,,,,,,,
,,,,,,,,,,,,,,,,
,,,,,,,,,,,,,,,,
,,,,,,,,,,,,,,,,
,,,,,,,,,,,,,,,,
,,,,,,,,,,,,,,,,
,,,,,,,,,,,,,,,,
,,,,,,,,,,,,,,,,
,,,,,,,,,,,,,,,,
,,,,,,,,,,,,,,,,
,,,,,,,,,,,,,,,,
,,,,,,,,,,,,,,,,
,,,,,,,,,,,,,,,,
,,,,,,,,,,,,,,,,
,,,,,,,,,,,,,,,,
,,,,,,,,,,,,,,,,
,,,,,,,,,,,,,,,,
,,,,,,,,,,,,,,,,
,,,,,,,,,,,,,,,,
,,,,,,,,,,,,,,,,
,,,,,,,,,,,,,,,,
,,,,,,,,,,,,,,,,
,,,,,,,,,,,,,,,,
,,,,,,,,,,,,,,,,
,,,,,,,,,,,,,,,,
,,,,,,,,,,,,,,,,
,,,,,,,,,,,,,,,,
,,,,,,,,,,,,,,,,
,,,,,,,,,,,,,,,,
,,,,,,,,,,,,,,,,
,,,,,,,,,,,,,,,,
,,,,,,,,,,,,,,,,
,,,,,,,,,,,,,,,,
,,,,,,,,,,,,,,,,
,,,,,,,,,,,,,,,,
,,,,,,,,,,,,,,,,
,,,,,,,,,,,,,,,,
,,,,,,,,,,,,,,,,
,,,,,,,,,,,,,,,,
,,,,,,,,,,,,,,,,
,,,,,,,,,,,,,,,,
,,,,,,,,,,,,,,,,
,,,,,,,,,,,,,,,,
,,,,,,,,,,,,,,,,
,,,,,,,,,,,,,,,,
,,,,,,,,,,,,,,,,
,,,,,,,,,,,,,,,,
,,,,,,,,,,,,,,,,
,,,,,,,,,,,,,,,,
,,,,,,,,,,,,,,,,
,,,,,,,,,,,,,,,,
,,,,,,,,,,,,,,,,
,,,,,,,,,,,,,,,,
,,,,,,,,,,,,,,,,
,,,,,,,,,,,,,,,,
,,,,,,,,,,,,,,,,
,,,,,,,,,,,,,,,,
,,,,,,,,,,,,,,,,
,,,,,,,,,,,,,,,,
,,,,,,,,,,,,,,,,
,,,,,,,,,,,,,,,,
,,,,,,,,,,,,,,,,
,,,,,,,,,,,,,,,,
,,,,,,,,,,,,,,,,
,,,,,,,,,,,,,,,,
,,,,,,,,,,,,,,,,
,,,,,,,,,,,,,,,,
,,,,,,,,,,,,,,,,
,,,,,,,,,,,,,,,,
,,,,,,,,,,,,,,,,
,,,,,,,,,,,,,,,,
,,,,,,,,,,,,,,,,
,,,,,,,,,,,,,,,,
,,,,,,,,,,,,,,,,
,,,,,,,,,,,,,,,,
,,,,,,,,,,,,,,,,
,,,,,,,,,,,,,,,,
,,,,,,,,,,,,,,,,
,,,,,,,,,,,,,,,,
,,,,,,,,,,,,,,,,
,,,,,,,,,,,,,,,,
,,,,,,,,,,,,,,,,
,,,,,,,,,,,,,,,,
,,,,,,,,,,,,,,,,
,,,,,,,,,,,,,,,,
,,,,,,,,,,,,,,,,
,,,,,,,,,,,,,,,,
,,,,,,,,,,,,,,,,
,,,,,,,,,,,,,,,,
,,,,,,,,,,,,,,,,
,,,,,,,,,,,,,,,,
,,,,,,,,,,,,,,,,
,,,,,,,,,,,,,,,,
,,,,,,,,,,,,,,,,
,,,,,,,,,,,,,,,,
,,,,,,,,,,,,,,,,
,,,,,,,,,,,,,,,,
,,,,,,,,,,,,,,,,
,,,,,,,,,,,,,,,,
,,,,,,,,,,,,,,,,
,,,,,,,,,,,,,,,,
,,,,,,,,,,,,,,,,
,,,,,,,,,,,,,,,,
,,,,,,,,,,,,,,,,
,,,,,,,,,,,,,,,,
,,,,,,,,,,,,,,,,
,,,,,,,,,,,,,,,,
,,,,,,,,,,,,,,,,
,,,,,,,,,,,,,,,,
,,,,,,,,,,,,,,,,
,,,,,,,,,,,,,,,,
,,,,,,,,,,,,,,,,
,,,,,,,,,,,,,,,,
,,,,,,,,,,,,,,,,
,,,,,,,,,,,,,,,,
,,,,,,,,,,,,,,,,
,,,,,,,,,,,,,,,,
,,,,,,,,,,,,,,,,
,,,,,,,,,,,,,,,,
,,,,,,,,,,,,,,,,
,,,,,,,,,,,,,,,,
,,,,,,,,,,,,,,,,
,,,,,,,,,,,,,,,,
,,,,,,,,,,,,,,,,
,,,,,,,,,,,,,,,,
,,,,,,,,,,,,,,,,
,,,,,,,,,,,,,,,,
,,,,,,,,,,,,,,,,
,,,,,,,,,,,,,,,,
,,,,,,,,,,,,,,,,
,,,,,,,,,,,,,,,,
,,,,,,,,,,,,,,,,
,,,,,,,,,,,,,,,,
,,,,,,,,,,,,,,,,
,,,,,,,,,,,,,,,,
,,,,,,,,,,,,,,,,
,,,,,,,,,,,,,,,,
,,,,,,,,,,,,,,,,
,,,,,,,,,,,,,,,,
,,,,,,,,,,,,,,,,
,,,,,,,,,,,,,,,,
,,,,,,,,,,,,,,,,
,,,,,,,,,,,,,,,,
,,,,,,,,,,,,,,,,
,,,,,,,,,,,,,,,,
,,,,,,,,,,,,,,,,
,,,,,,,,,,,,,,,,
,,,,,,,,,,,,,,,,
,,,,,,,,,,,,,,,,
,,,,,,,,,,,,,,,,
,,,,,,,,,,,,,,,,
,,,,,,,,,,,,,,,,
,,,,,,,,,,,,,,,,
,,,,,,,,,,,,,,,,
,,,,,,,,,,,,,,,,
,,,,,,,,,,,,,,,,
,,,,,,,,,,,,,,,,
,,,,,,,,,,,,,,,,
,,,,,,,,,,,,,,,,
,,,,,,,,,,,,,,,,
,,,,,,,,,,,,,,,,
,,,,,,,,,,,,,,,,
,,,,,,,,,,,,,,,,
,,,,,,,,,,,,,,,,
,,,,,,,,,,,,,,,,
,,,,,,,,,,,,,,,,
,,,,,,,,,,,,,,,,
,,,,,,,,,,,,,,,,
,,,,,,,,,,,,,,,,
,,,,,,,,,,,,,,,,
,,,,,,,,,,,,,,,,
,,,,,,,,,,,,,,,,
,,,,,,,,,,,,,,,,
,,,,,,,,,,,,,,,,
,,,,,,,,,,,,,,,,
,,,,,,,,,,,,,,,,
,,,,,,,,,,,,,,,,
,,,,,,,,,,,,,,,,
,,,,,,,,,,,,,,,,
,,,,,,,,,,,,,,,,
,,,,,,,,,,,,,,,,
,,,,,,,,,,,,,,,,
,,,,,,,,,,,,,,,,
,,,,,,,,,,,,,,,,
,,,,,,,,,,,,,,,,
,,,,,,,,,,,,,,,,
,,,,,,,,,,,,,,,,
,,,,,,,,,,,,,,,,
,,,,,,,,,,,,,,,,
,,,,,,,,,,,,,,,,
,,,,,,,,,,,,,,,,
,,,,,,,,,,,,,,,,
,,,,,,,,,,,,,,,,
,,,,,,,,,,,,,,,,
,,,,,,,,,,,,,,,,
,,,,,,,,,,,,,,,,
,,,,,,,,,,,,,,,,
,,,,,,,,,,,,,,,,
,,,,,,,,,,,,,,,,
,,,,,,,,,,,,,,,,
,,,,,,,,,,,,,,,,
,,,,,,,,,,,,,,,,
,,,,,,,,,,,,,,,,
,,,,,,,,,,,,,,,,
,,,,,,,,,,,,,,,,
,,,,,,,,,,,,,,,,
,,,,,,,,,,,,,,,,
,,,,,,,,,,,,,,,,
,,,,,,,,,,,,,,,,
,,,,,,,,,,,,,,,,
,,,,,,,,,,,,,,,,
,,,,,,,,,,,,,,,,
,,,,,,,,,,,,,,,,
,,,,,,,,,,,,,,,,
,,,,,,,,,,,,,,,,
,,,,,,,,,,,,,,,,
,,,,,,,,,,,,,,,,
,,,,,,,,,,,,,,,,
,,,,,,,,,,,,,,,,
,,,,,,,,,,,,,,,,
,,,,,,,,,,,,,,,,
,,,,,,,,,,,,,,,,
,,,,,,,,,,,,,,,,
,,,,,,,,,,,,,,,,
,,,,,,,,,,,,,,,,
,,,,,,,,,,,,,,,,
,,,,,,,,,,,,,,,,
,,,,,,,,,,,,,,,,
,,,,,,,,,,,,,,,,
,,,,,,,,,,,,,,,,
,,,,,,,,,,,,,,,,
,,,,,,,,,,,,,,,,
,,,,,,,,,,,,,,,,
,,,,,,,,,,,,,,,,
,,,,,,,,,,,,,,,,
,,,,,,,,,,,,,,,,
,,,,,,,,,,,,,,,,
,,,,,,,,,,,,,,,,
,,,,,,,,,,,,,,,,
,,,,,,,,,,,,,,,,
,,,,,,,,,,,,,,,,
,,,,,,,,,,,,,,,,
,,,,,,,,,,,,,,,,
,,,,,,,,,,,,,,,,
,,,,,,,,,,,,,,,,
,,,,,,,,,,,,,,,,
,,,,,,,,,,,,,,,,
,,,,,,,,,,,,,,,,
,,,,,,,,,,,,,,,,
,,,,,,,,,,,,,,,,
,,,,,,,,,,,,,,,,
,,,,,,,,,,,,,,,,
,,,,,,,,,,,,,,,,
,,,,,,,,,,,,,,,,
,,,,,,,,,,,,,,,,
,,,,,,,,,,,,,,,,
,,,,,,,,,,,,,,,,
,,,,,,,,,,,,,,,,
,,,,,,,,,,,,,,,,
,,,,,,,,,,,,,,,,
,,,,,,,,,,,,,,,,
,,,,,,,,,,,,,,,,
,,,,,,,,,,,,,,,,
,,,,,,,,,,,,,,,,
,,,,,,,,,,,,,,,,
,,,,,,,,,,,,,,,,
,,,,,,,,,,,,,,,,
,,,,,,,,,,,,,,,,
,,,,,,,,,,,,,,,,
,,,,,,,,,,,,,,,,
,,,,,,,,,,,,,,,,
,,,,,,,,,,,,,,,,
,,,,,,,,,,,,,,,,
,,,,,,,,,,,,,,,,
,,,,,,,,,,,,,,,,
,,,,,,,,,,,,,,,,
,,,,,,,,,,,,,,,,
,,,,,,,,,,,,,,,,
,,,,,,,,,,,,,,,,
,,,,,,,,,,,,,,,,
,,,,,,,,,,,,,,,,
,,,,,,,,,,,,,,,,
,,,,,,,,,,,,,,,,
,,,,,,,,,,,,,,,,
,,,,,,,,,,,,,,,,
,,,,,,,,,,,,,,,,
,,,,,,,,,,,,,,,,
,,,,,,,,,,,,,,,,
,,,,,,,,,,,,,,,,
,,,,,,,,,,,,,,,,
,,,,,,,,,,,,,,,,
,,,,,,,,,,,,,,,,
,,,,,,,,,,,,,,,,
,,,,,,,,,,,,,,,,
,,,,,,,,,,,,,,,,
,,,,,,,,,,,,,,,,
,,,,,,,,,,,,,,,,
,,,,,,,,,,,,,,,,
,,,,,,,,,,,,,,,,
,,,,,,,,,,,,,,,,
,,,,,,,,,,,,,,,,
,,,,,,,,,,,,,,,,
,,,,,,,,,,,,,,,,
,,,,,,,,,,,,,,,,
,,,,,,,,,,,,,,,,
,,,,,,,,,,,,,,,,
,,,,,,,,,,,,,,,,
,,,,,,,,,,,,,,,,
,,,,,,,,,,,,,,,,
,,,,,,,,,,,,,,,,
,,,,,,,,,,,,,,,,
,,,,,,,,,,,,,,,,
,,,,,,,,,,,,,,,,
,,,,,,,,,,,,,,,,
,,,,,,,,,,,,,,,,
,,,,,,,,,,,,,,,,
,,,,,,,,,,,,,,,,
,,,,,,,,,,,,,,,,
,,,,,,,,,,,,,,,,
,,,,,,,,,,,,,,,,
,,,,,,,,,,,,,,,,
,,,,,,,,,,,,,,,,
,,,,,,,,,,,,,,,,
,,,,,,,,,,,,,,,,
,,,,,,,,,,,,,,,,
,,,,,,,,,,,,,,,,
,,,,,,,,,,,,,,,,
,,,,,,,,,,,,,,,,
,,,,,,,,,,,,,,,,
,,,,,,,,,,,,,,,,
,,,,,,,,,,,,,,,,
,,,,,,,,,,,,,,,,
,,,,,,,,,,,,,,,,
,,,,,,,,,,,,,,,,
,,,,,,,,,,,,,,,,
,,,,,,,,,,,,,,,,
,,,,,,,,,,,,,,,,
,,,,,,,,,,,,,,,,
,,,,,,,,,,,,,,,,
,,,,,,,,,,,,,,,,
,,,,,,,,,,,,,,,,
,,,,,,,,,,,,,,,,
,,,,,,,,,,,,,,,,
,,,,,,,,,,,,,,,,
,,,,,,,,,,,,,,,,
,,,,,,,,,,,,,,,,
,,,,,,,,,,,,,,,,
,,,,,,,,,,,,,,,,
,,,,,,,,,,,,,,,,
,,,,,,,,,,,,,,,,
,,,,,,,,,,,,,,,,
,,,,,,,,,,,,,,,,
,,,,,,,,,,,,,,,,
,,,,,,,,,,,,,,,,
,,,,,,,,,,,,,,,,
,,,,,,,,,,,,,,,,
,,,,,,,,,,,,,,,,
,,,,,,,,,,,,,,,,
,,,,,,,,,,,,,,,,
,,,,,,,,,,,,,,,,
,,,,,,,,,,,,,,,,
,,,,,,,,,,,,,,,,
,,,,,,,,,,,,,,,,
,,,,,,,,,,,,,,,,
,,,,,,,,,,,,,,,,
,,,,,,,,,,,,,,,,
,,,,,,,,,,,,,,,,
,,,,,,,,,,,,,,,,
,,,,,,,,,,,,,,,,
,,,,,,,,,,,,,,,,
,,,,,,,,,,,,,,,,
,,,,,,,,,,,,,,,,
,,,,,,,,,,,,,,,,
,,,,,,,,,,,,,,,,
,,,,,,,,,,,,,,,,
,,,,,,,,,,,,,,,,
,,,,,,,,,,,,,,,,
,,,,,,,,,,,,,,,,
,,,,,,,,,,,,,,,,
,,,,,,,,,,,,,,,,
,,,,,,,,,,,,,,,,
,,,,,,,,,,,,,,,,
,,,,,,,,,,,,,,,,
,,,,,,,,,,,,,,,,
,,,,,,,,,,,,,,,,
,,,,,,,,,,,,,,,,
,,,,,,,,,,,,,,,,
,,,,,,,,,,,,,,,,
,,,,,,,,,,,,,,,,
,,,,,,,,,,,,,,,,
,,,,,,,,,,,,,,,,
,,,,,,,,,,,,,,,,
,,,,,,,,,,,,,,,,
,,,,,,,,,,,,,,,,
,,,,,,,,,,,,,,,,
,,,,,,,,,,,,,,,,
,,,,,,,,,,,,,,,,
,,,,,,,,,,,,,,,,
,,,,,,,,,,,,,,,,
,,,,,,,,,,,,,,,,
,,,,,,,,,,,,,,,,
,,,,,,,,,,,,,,,,
,,,,,,,,,,,,,,,,
,,,,,,,,,,,,,,,,
,,,,,,,,,,,,,,,,
,,,,,,,,,,,,,,,,
,,,,,,,,,,,,,,,,
,,,,,,,,,,,,,,,,
,,,,,,,,,,,,,,,,
,,,,,,,,,,,,,,,,
,,,,,,,,,,,,,,,,
,,,,,,,,,,,,,,,,
,,,,,,,,,,,,,,,,
,,,,,,,,,,,,,,,,
,,,,,,,,,,,,,,,,
,,,,,,,,,,,,,,,,
,,,,,,,,,,,,,,,,
,,,,,,,,,,,,,,,,
,,,,,,,,,,,,,,,,
,,,,,,,,,,,,,,,,
,,,,,,,,,,,,,,,,
,,,,,,,,,,,,,,,,
,,,,,,,,,,,,,,,,
,,,,,,,,,,,,,,,,
,,,,,,,,,,,,,,,,
,,,,,,,,,,,,,,,,
,,,,,,,,,,,,,,,,
,,,,,,,,,,,,,,,,
,,,,,,,,,,,,,,,,
,,,,,,,,,,,,,,,,
,,,,,,,,,,,,,,,,
,,,,,,,,,,,,,,,,
,,,,,,,,,,,,,,,,
,,,,,,,,,,,,,,,,
,,,,,,,,,,,,,,,,
,,,,,,,,,,,,,,,,
,,,,,,,,,,,,,,,,
,,,,,,,,,,,,,,,,
,,,,,,,,,,,,,,,,
,,,,,,,,,,,,,,,,
,,,,,,,,,,,,,,,,
,,,,,,,,,,,,,,,,
,,,,,,,,,,,,,,,,
,,,,,,,,,,,,,,,,
,,,,,,,,,,,,,,,,
,,,,,,,,,,,,,,,,
,,,,,,,,,,,,,,,,
,,,,,,,,,,,,,,,,
,,,,,,,,,,,,,,,,
,,,,,,,,,,,,,,,,
,,,,,,,,,,,,,,,,
,,,,,,,,,,,,,,,,
,,,,,,,,,,,,,,,,
,,,,,,,,,,,,,,,,
,,,,,,,,,,,,,,,,
,,,,,,,,,,,,,,,,
,,,,,,,,,,,,,,,,
,,,,,,,,,,,,,,,,
,,,,,,,,,,,,,,,,
,,,,,,,,,,,,,,,,
,,,,,,,,,,,,,,,,
,,,,,,,,,,,,,,,,
,,,,,,,,,,,,,,,,
,,,,,,,,,,,,,,,,
,,,,,,,,,,,,,,,,
,,,,,,,,,,,,,,,,
,,,,,,,,,,,,,,,,
,,,,,,,,,,,,,,,,
,,,,,,,,,,,,,,,,
,,,,,,,,,,,,,,,,
,,,,,,,,,,,,,,,,
,,,,,,,,,,,,,,,,
,,,,,,,,,,,,,,,,
,,,,,,,,,,,,,,,,
,,,,,,,,,,,,,,,,
,,,,,,,,,,,,,,,,
,,,,,,,,,,,,,,,,
,,,,,,,,,,,,,,,,
,,,,,,,,,,,,,,,,
,,,,,,,,,,,,,,,,
,,,,,,,,,,,,,,,,
,,,,,,,,,,,,,,,,
,,,,,,,,,,,,,,,,
,,,,,,,,,,,,,,,,
,,,,,,,,,,,,,,,,
,,,,,,,,,,,,,,,,
,,,,,,,,,,,,,,,,
,,,,,,,,,,,,,,,,
,,,,,,,,,,,,,,,,
,,,,,,,,,,,,,,,,
,,,,,,,,,,,,,,,,
,,,,,,,,,,,,,,,,
,,,,,,,,,,,,,,,,
,,,,,,,,,,,,,,,,
,,,,,,,,,,,,,,,,
,,,,,,,,,,,,,,,,
,,,,,,,,,,,,,,,,
,,,,,,,,,,,,,,,,
,,,,,,,,,,,,,,,,
,,,,,,,,,,,,,,,,
,,,,,,,,,,,,,,,,
,,,,,,,,,,,,,,,,
,,,,,,,,,,,,,,,,
,,,,,,,,,,,,,,,,
,,,,,,,,,,,,,,,,
,,,,,,,,,,,,,,,,
,,,,,,,,,,,,,,,,
,,,,,,,,,,,,,,,,
,,,,,,,,,,,,,,,,
,,,,,,,,,,,,,,,,
,,,,,,,,,,,,,,,,
,,,,,,,,,,,,,,,,
,,,,,,,,,,,,,,,,
,,,,,,,,,,,,,,,,
,,,,,,,,,,,,,,,,
,,,,,,,,,,,,,,,,
,,,,,,,,,,,,,,,,
,,,,,,,,,,,,,,,,
,,,,,,,,,,,,,,,,
,,,,,,,,,,,,,,,,
,,,,,,,,,,,,,,,,
,,,,,,,,,,,,,,,,
,,,,,,,,,,,,,,,,
,,,,,,,,,,,,,,,,
,,,,,,,,,,,,,,,,
,,,,,,,,,,,,,,,,
,,,,,,,,,,,,,,,,
,,,,,,,,,,,,,,,,
,,,,,,,,,,,,,,,,
,,,,,,,,,,,,,,,,
,,,,,,,,,,,,,,,,
,,,,,,,,,,,,,,,,
,,,,,,,,,,,,,,,,
,,,,,,,,,,,,,,,,
,,,,,,,,,,,,,,,,
,,,,,,,,,,,,,,,,
,,,,,,,,,,,,,,,,
,,,,,,,,,,,,,,,,
,,,,,,,,,,,,,,,,
,,,,,,,,,,,,,,,,
,,,,,,,,,,,,,,,,
,,,,,,,,,,,,,,,,
,,,,,,,,,,,,,,,,
,,,,,,,,,,,,,,,,
,,,,,,,,,,,,,,,,
,,,,,,,,,,,,,,,,
,,,,,,,,,,,,,,,,
,,,,,,,,,,,,,,,,
,,,,,,,,,,,,,,,,
,,,,,,,,,,,,,,,,
,,,,,,,,,,,,,,,,
,,,,,,,,,,,,,,,,
,,,,,,,,,,,,,,,,
,,,,,,,,,,,,,,,,
,,,,,,,,,,,,,,,,
,,,,,,,,,,,,,,,,
,,,,,,,,,,,,,,,,
,,,,,,,,,,,,,,,,
,,,,,,,,,,,,,,,,
,,,,,,,,,,,,,,,,
,,,,,,,,,,,,,,,,
,,,,,,,,,,,,,,,,
,,,,,,,,,,,,,,,,
,,,,,,,,,,,,,,,,
,,,,,,,,,,,,,,,,
,,,,,,,,,,,,,,,,
,,,,,,,,,,,,,,,,
,,,,,,,,,,,,,,,,
,,,,,,,,,,,,,,,,
,,,,,,,,,,,,,,,,
,,,,,,,,,,,,,,,,
,,,,,,,,,,,,,,,,
,,,,,,,,,,,,,,,,
,,,,,,,,,,,,,,,,
,,,,,,,,,,,,,,,,
,,,,,,,,,,,,,,,,
,,,,,,,,,,,,,,,,
,,,,,,,,,,,,,,,,
,,,,,,,,,,,,,,,,
,,,,,,,,,,,,,,,,
,,,,,,,,,,,,,,,,
,,,,,,,,,,,,,,,,
,,,,,,,,,,,,,,,,
,,,,,,,,,,,,,,,,
,,,,,,,,,,,,,,,,
,,,,,,,,,,,,,,,,
,,,,,,,,,,,,,,,,
,,,,,,,,,,,,,,,,
,,,,,,,,,,,,,,,,
,,,,,,,,,,,,,,,,
,,,,,,,,,,,,,,,,
,,,,,,,,,,,,,,,,
,,,,,,,,,,,,,,,,
,,,,,,,,,,,,,,,,
,,,,,,,,,,,,,,,,
,,,,,,,,,,,,,,,,
,,,,,,,,,,,,,,,,
,,,,,,,,,,,,,,,,
,,,,,,,,,,,,,,,,
,,,,,,,,,,,,,,,,
,,,,,,,,,,,,,,,,
,,,,,,,,,,,,,,,,
,,,,,,,,,,,,,,,,
,,,,,,,,,,,,,,,,
,,,,,,,,,,,,,,,,
,,,,,,,,,,,,,,,,
,,,,,,,,,,,,,,,,
,,,,,,,,,,,,,,,,
,,,,,,,,,,,,,,,,
,,,,,,,,,,,,,,,,
,,,,,,,,,,,,,,,,
,,,,,,,,,,,,,,,,
,,,,,,,,,,,,,,,,
,,,,,,,,,,,,,,,,
,,,,,,,,,,,,,,,,
,,,,,,,,,,,,,,,,
,,,,,,,,,,,,,,,,
,,,,,,,,,,,,,,,,
,,,,,,,,,,,,,,,,
,,,,,,,,,,,,,,,,
,,,,,,,,,,,,,,,,
,,,,,,,,,,,,,,,,
,,,,,,,,,,,,,,,,
,,,,,,,,,,,,,,,,
,,,,,,,,,,,,,,,,
,,,,,,,,,,,,,,,,
,,,,,,,,,,,,,,,,
,,,,,,,,,,,,,,,,
,,,,,,,,,,,,,,,,
,,,,,,,,,,,,,,,,
,,,,,,,,,,,,,,,,
,,,,,,,,,,,,,,,,
,,,,,,,,,,,,,,,,
,,,,,,,,,,,,,,,,
,,,,,,,,,,,,,,,,
,,,,,,,,,,,,,,,,
,,,,,,,,,,,,,,,,
,,,,,,,,,,,,,,,,
,,,,,,,,,,,,,,,,
,,,,,,,,,,,,,,,,
,,,,,,,,,,,,,,,,
,,,,,,,,,,,,,,,,
,,,,,,,,,,,,,,,,
,,,,,,,,,,,,,,,,
,,,,,,,,,,,,,,,,
,,,,,,,,,,,,,,,,
,,,,,,,,,,,,,,,,
,,,,,,,,,,,,,,,,
,,,,,,,,,,,,,,,,
,,,,,,,,,,,,,,,,
,,,,,,,,,,,,,,,,
,,,,,,,,,,,,,,,,
,,,,,,,,,,,,,,,,
,,,,,,,,,,,,,,,,
,,,,,,,,,,,,,,,,
,,,,,,,,,,,,,,,,
,,,,,,,,,,,,,,,,
,,,,,,,,,,,,,,,,
,,,,,,,,,,,,,,,,
,,,,,,,,,,,,,,,,
,,,,,,,,,,,,,,,,
,,,,,,,,,,,,,,,,
,,,,,,,,,,,,,,,,
,,,,,,,,,,,,,,,,
,,,,,,,,,,,,,,,,
,,,,,,,,,,,,,,,,
,,,,,,,,,,,,,,,,
,,,,,,,,,,,,,,,,
,,,,,,,,,,,,,,,,
,,,,,,,,,,,,,,,,
,,,,,,,,,,,,,,,,
,,,,,,,,,,,,,,,,
,,,,,,,,,,,,,,,,
,,,,,,,,,,,,,,,,
,,,,,,,,,,,,,,,,
,,,,,,,,,,,,,,,,
,,,,,,,,,,,,,,,,
,,,,,,,,,,,,,,,,
,,,,,,,,,,,,,,,,
,,,,,,,,,,,,,,,,
,,,,,,,,,,,,,,,,
,,,,,,,,,,,,,,,,
,,,,,,,,,,,,,,,,
,,,,,,,,,,,,,,,,
,,,,,,,,,,,,,,,,
,,,,,,,,,,,,,,,,
,,,,,,,,,,,,,,,,
,,,,,,,,,,,,,,,,
,,,,,,,,,,,,,,,,
,,,,,,,,,,,,,,,,
,,,,,,,,,,,,,,,,
,,,,,,,,,,,,,,,,
,,,,,,,,,,,,,,,,
,,,,,,,,,,,,,,,,
,,,,,,,,,,,,,,,,
,,,,,,,,,,,,,,,,
,,,,,,,,,,,,,,,,
,,,,,,,,,,,,,,,,
,,,,,,,,,,,,,,,,
,,,,,,,,,,,,,,,,
,,,,,,,,,,,,,,,,
,,,,,,,,,,,,,,,,
,,,,,,,,,,,,,,,,
,,,,,,,,,,,,,,,,
,,,,,,,,,,,,,,,,
,,,,,,,,,,,,,,,,
,,,,,,,,,,,,,,,,
,,,,,,,,,,,,,,,,
,,,,,,,,,,,,,,,,
,,,,,,,,,,,,,,,,
,,,,,,,,,,,,,,,,
,,,,,,,,,,,,,,,,
,,,,,,,,,,,,,,,,
,,,,,,,,,,,,,,,,
,,,,,,,,,,,,,,,,
,,,,,,,,,,,,,,,,
,,,,,,,,,,,,,,,,
,,,,,,,,,,,,,,,,
,,,,,,,,,,,,,,,,
,,,,,,,,,,,,,,,,
,,,,,,,,,,,,,,,,
,,,,,,,,,,,,,,,,
,,,,,,,,,,,,,,,,
,,,,,,,,,,,,,,,,
,,,,,,,,,,,,,,,,
,,,,,,,,,,,,,,,,
,,,,,,,,,,,,,,,,
,,,,,,,,,,,,,,,,
,,,,,,,,,,,,,,,,
,,,,,,,,,,,,,,,,
,,,,,,,,,,,,,,,,
,,,,,,,,,,,,,,,,
,,,,,,,,,,,,,,,,
,,,,,,,,,,,,,,,,
,,,,,,,,,,,,,,,,
,,,,,,,,,,,,,,,,
,,,,,,,,,,,,,,,,
,,,,,,,,,,,,,,,,
,,,,,,,,,,,,,,,,
,,,,,,,,,,,,,,,,
,,,,,,,,,,,,,,,,
,,,,,,,,,,,,,,,,
,,,,,,,,,,,,,,,,
,,,,,,,,,,,,,,,,
,,,,,,,,,,,,,,,,
,,,,,,,,,,,,,,,,
,,,,,,,,,,,,,,,,
,,,,,,,,,,,,,,,,
,,,,,,,,,,,,,,,,
,,,,,,,,,,,,,,,,
,,,,,,,,,,,,,,,,
,,,,,,,,,,,,,,,,
,,,,,,,,,,,,,,,,
,,,,,,,,,,,,,,,,
,,,,,,,,,,,,,,,,
,,,,,,,,,,,,,,,,
,,,,,,,,,,,,,,,,
,,,,,,,,,,,,,,,,
,,,,,,,,,,,,,,,,
,,,,,,,,,,,,,,,,
,,,,,,,,,,,,,,,,
,,,,,,,,,,,,,,,,
,,,,,,,,,,,,,,,,
,,,,,,,,,,,,,,,,
,,,,,,,,,,,,,,,,
,,,,,,,,,,,,,,,,
,,,,,,,,,,,,,,,,
,,,,,,,,,,,,,,,,
,,,,,,,,,,,,,,,,
,,,,,,,,,,,,,,,,
,,,,,,,,,,,,,,,,
,,,,,,,,,,,,,,,,
,,,,,,,,,,,,,,,,
,,,,,,,,,,,,,,,,
,,,,,,,,,,,,,,,,
,,,,,,,,,,,,,,,,
,,,,,,,,,,,,,,,,
,,,,,,,,,,,,,,,,
,,,,,,,,,,,,,,,,
,,,,,,,,,,,,,,,,
,,,,,,,,,,,,,,,,
,,,,,,,,,,,,,,,,
,,,,,,,,,,,,,,,,
,,,,,,,,,,,,,,,,
,,,,,,,,,,,,,,,,
,,,,,,,,,,,,,,,,
,,,,,,,,,,,,,,,,
,,,,,,,,,,,,,,,,
,,,,,,,,,,,,,,,,
,,,,,,,,,,,,,,,,
,,,,,,,,,,,,,,,,
,,,,,,,,,,,,,,,,
,,,,,,,,,,,,,,,,
,,,,,,,,,,,,,,,,
,,,,,,,,,,,,,,,,
,,,,,,,,,,,,,,,,
,,,,,,,,,,,,,,,,
,,,,,,,,,,,,,,,,
,,,,,,,,,,,,,,,,
,,,,,,,,,,,,,,,,
,,,,,,,,,,,,,,,,
,,,,,,,,,,,,,,,,
,,,,,,,,,,,,,,,,
,,,,,,,,,,,,,,,,
,,,,,,,,,,,,,,,,
,,,,,,,,,,,,,,,,
,,,,,,,,,,,,,,,,
,,,,,,,,,,,,,,,,
,,,,,,,,,,,,,,,,
,,,,,,,,,,,,,,,,
,,,,,,,,,,,,,,,,
,,,,,,,,,,,,,,,,
,,,,,,,,,,,,,,,,
,,,,,,,,,,,,,,,,
,,,,,,,,,,,,,,,,
,,,,,,,,,,,,,,,,
,,,,,,,,,,,,,,,,
,,,,,,,,,,,,,,,,
,,,,,,,,,,,,,,,,
,,,,,,,,,,,,,,,,
,,,,,,,,,,,,,,,,
,,,,,,,,,,,,,,,,
,,,,,,,,,,,,,,,,
,,,,,,,,,,,,,,,,
,,,,,,,,,,,,,,,,
,,,,,,,,,,,,,,,,
,,,,,,,,,,,,,,,,
,,,,,,,,,,,,,,,,
,,,,,,,,,,,,,,,,
,,,,,,,,,,,,,,,,
,,,,,,,,,,,,,,,,
,,,,,,,,,,,,,,,,
,,,,,,,,,,,,,,,,
,,,,,,,,,,,,,,,,
,,,,,,,,,,,,,,,,
,,,,,,,,,,,,,,,,
,,,,,,,,,,,,,,,,
,,,,,,,,,,,,,,,,
,,,,,,,,,,,,,,,,
,,,,,,,,,,,,,,,,
,,,,,,,,,,,,,,,,
,,,,,,,,,,,,,,,,
,,,,,,,,,,,,,,,,
,,,,,,,,,,,,,,,,
,,,,,,,,,,,,,,,,
,,,,,,,,,,,,,,,,
,,,,,,,,,,,,,,,,
,,,,,,,,,,,,,,,,
,,,,,,,,,,,,,,,,
,,,,,,,,,,,,,,,,
,,,,,,,,,,,,,,,,
,,,,,,,,,,,,,,,,
,,,,,,,,,,,,,,,,
,,,,,,,,,,,,,,,,
,,,,,,,,,,,,,,,,
,,,,,,,,,,,,,,,,
,,,,,,,,,,,,,,,,
,,,,,,,,,,,,,,,,
,,,,,,,,,,,,,,,,
,,,,,,,,,,,,,,,,
,,,,,,,,,,,,,,,,
,,,,,,,,,,,,,,,,
,,,,,,,,,,,,,,,,
,,,,,,,,,,,,,,,,
,,,,,,,,,,,,,,,,
,,,,,,,,,,,,,,,,
,,,,,,,,,,,,,,,,
,,,,,,,,,,,,,,,,
,,,,,,,,,,,,,,,,
,,,,,,,,,,,,,,,,
,,,,,,,,,,,,,,,,
,,,,,,,,,,,,,,,,
,,,,,,,,,,,,,,,,
,,,,,,,,,,,,,,,,
,,,,,,,,,,,,,,,,
,,,,,,,,,,,,,,,,
,,,,,,,,,,,,,,,,
,,,,,,,,,,,,,,,,
,,,,,,,,,,,,,,,,
,,,,,,,,,,,,,,,,
,,,,,,,,,,,,,,,,
,,,,,,,,,,,,,,,,
,,,,,,,,,,,,,,,,
,,,,,,,,,,,,,,,,
,,,,,,,,,,,,,,,,
,,,,,,,,,,,,,,,,
,,,,,,,,,,,,,,,,
,,,,,,,,,,,,,,,,
,,,,,,,,,,,,,,,,
,,,,,,,,,,,,,,,,
,,,,,,,,,,,,,,,,
,,,,,,,,,,,,,,,,
,,,,,,,,,,,,,,,,
,,,,,,,,,,,,,,,,
,,,,,,,,,,,,,,,,
,,,,,,,,,,,,,,,,
,,,,,,,,,,,,,,,,
,,,,,,,,,,,,,,,,
,,,,,,,,,,,,,,,,
,,,,,,,,,,,,,,,,
,,,,,,,,,,,,,,,,
,,,,,,,,,,,,,,,,
,,,,,,,,,,,,,,,,
,,,,,,,,,,,,,,,,
,,,,,,,,,,,,,,,,
,,,,,,,,,,,,,,,,
,,,,,,,,,,,,,,,,
,,,,,,,,,,,,,,,,
,,,,,,,,,,,,,,,,
,,,,,,,,,,,,,,,,
,,,,,,,,,,,,,,,,
,,,,,,,,,,,,,,,,
,,,,,,,,,,,,,,,,
,,,,,,,,,,,,,,,,
,,,,,,,,,,,,,,,,
,,,,,,,,,,,,,,,,
,,,,,,,,,,,,,,,,
,,,,,,,,,,,,,,,,
,,,,,,,,,,,,,,,,
,,,,,,,,,,,,,,,,
,,,,,,,,,,,,,,,,
,,,,,,,,,,,,,,,,
,,,,,,,,,,,,,,,,
,,,,,,,,,,,,,,,,
,,,,,,,,,,,,,,,,
,,,,,,,,,,,,,,,,
,,,,,,,,,,,,,,,,
,,,,,,,,,,,,,,,,
,,,,,,,,,,,,,,,,
,,,,,,,,,,,,,,,,
,,,,,,,,,,,,,,,,
,,,,,,,,,,,,,,,,
,,,,,,,,,,,,,,,,
,,,,,,,,,,,,,,,,
,,,,,,,,,,,,,,,,
,,,,,,,,,,,,,,,,
,,,,,,,,,,,,,,,,
,,,,,,,,,,,,,,,,
,,,,,,,,,,,,,,,,
,,,,,,,,,,,,,,,,
,,,,,,,,,,,,,,,,
,,,,,,,,,,,,,,,,
,,,,,,,,,,,,,,,,
,,,,,,,,,,,,,,,,
,,,,,,,,,,,,,,,,
,,,,,,,,,,,,,,,,
,,,,,,,,,,,,,,,,
,,,,,,,,,,,,,,,,
,,,,,,,,,,,,,,,,
,,,,,,,,,,,,,,,,
,,,,,,,,,,,,,,,,
,,,,,,,,,,,,,,,,
,,,,,,,,,,,,,,,,
,,,,,,,,,,,,,,,,
,,,,,,,,,,,,,,,,
,,,,,,,,,,,,,,,,
,,,,,,,,,,,,,,,,
,,,,,,,,,,,,,,,,
,,,,,,,,,,,,,,,,
,,,,,,,,,,,,,,,,
,,,,,,,,,,,,,,,,
,,,,,,,,,,,,,,,,
,,,,,,,,,,,,,,,,
,,,,,,,,,,,,,,,,
,,,,,,,,,,,,,,,,
,,,,,,,,,,,,,,,,
,,,,,,,,,,,,,,,,
,,,,,,,,,,,,,,,,
,,,,,,,,,,,,,,,,
,,,,,,,,,,,,,,,,
,,,,,,,,,,,,,,,,
,,,,,,,,,,,,,,,,
,,,,,,,,,,,,,,,,
,,,,,,,,,,,,,,,,
,,,,,,,,,,,,,,,,
,,,,,,,,,,,,,,,,
,,,,,,,,,,,,,,,,
,,,,,,,,,,,,,,,,
,,,,,,,,,,,,,,,,
,,,,,,,,,,,,,,,,
,,,,,,,,,,,,,,,,
,,,,,,,,,,,,,,,,
,,,,,,,,,,,,,,,,
,,,,,,,,,,,,,,,,
,,,,,,,,,,,,,,,,
,,,,,,,,,,,,,,,,
,,,,,,,,,,,,,,,,
,,,,,,,,,,,,,,,,
,,,,,,,,,,,,,,,,
,,,,,,,,,,,,,,,,
,,,,,,,,,,,,,,,,
,,,,,,,,,,,,,,,,
,,,,,,,,,,,,,,,,
,,,,,,,,,,,,,,,,
,,,,,,,,,,,,,,,,
,,,,,,,,,,,,,,,,
,,,,,,,,,,,,,,,,
,,,,,,,,,,,,,,,,
,,,,,,,,,,,,,,,,
,,,,,,,,,,,,,,,,
,,,,,,,,,,,,,,,,
,,,,,,,,,,,,,,,,
,,,,,,,,,,,,,,,,
,,,,,,,,,,,,,,,,
,,,,,,,,,,,,,,,,
,,,,,,,,,,,,,,,,
,,,,,,,,,,,,,,,,
,,,,,,,,,,,,,,,,
,,,,,,,,,,,,,,,,
,,,,,,,,,,,,,,,,
,,,,,,,,,,,,,,,,
,,,,,,,,,,,,,,,,
,,,,,,,,,,,,,,,,
,,,,,,,,,,,,,,,,
,,,,,,,,,,,,,,,,
,,,,,,,,,,,,,,,,
,,,,,,,,,,,,,,,,
,,,,,,,,,,,,,,,,
,,,,,,,,,,,,,,,,
,,,,,,,,,,,,,,,,
,,,,,,,,,,,,,,,,
,,,,,,,,,,,,,,,,
,,,,,,,,,,,,,,,,
,,,,,,,,,,,,,,,,
,,,,,,,,,,,,,,,,
,,,,,,,,,,,,,,,,
,,,,,,,,,,,,,,,,
,,,,,,,,,,,,,,,,
,,,,,,,,,,,,,,,,
,,,,,,,,,,,,,,,,
,,,,,,,,,,,,,,,,
,,,,,,,,,,,,,,,,
,,,,,,,,,,,,,,,,
,,,,,,,,,,,,,,,,
,,,,,,,,,,,,,,,,
,,,,,,,,,,,,,,,,
,,,,,,,,,,,,,,,,
,,,,,,,,,,,,,,,,
,,,,,,,,,,,,,,,,
,,,,,,,,,,,,,,,,
,,,,,,,,,,,,,,,,
,,,,,,,,,,,,,,,,
,,,,,,,,,,,,,,,,
,,,,,,,,,,,,,,,,
,,,,,,,,,,,,,,,,
,,,,,,,,,,,,,,,,
,,,,,,,,,,,,,,,,
,,,,,,,,,,,,,,,,
,,,,,,,,,,,,,,,,
,,,,,,,,,,,,,,,,
,,,,,,,,,,,,,,,,
,,,,,,,,,,,,,,,,
,,,,,,,,,,,,,,,,
,,,,,,,,,,,,,,,,
,,,,,,,,,,,,,,,,
,,,,,,,,,,,,,,,,
,,,,,,,,,,,,,,,,
,,,,,,,,,,,,,,,,
,,,,,,,,,,,,,,,,
,,,,,,,,,,,,,,,,
,,,,,,,,,,,,,,,,
,,,,,,,,,,,,,,,,
,,,,,,,,,,,,,,,,
,,,,,,,,,,,,,,,,
,,,,,,,,,,,,,,,,
,,,,,,,,,,,,,,,,
,,,,,,,,,,,,,,,,
,,,,,,,,,,,,,,,,
,,,,,,,,,,,,,,,,
,,,,,,,,,,,,,,,,
,,,,,,,,,,,,,,,,
,,,,,,,,,,,,,,,,
,,,,,,,,,,,,,,,,
,,,,,,,,,,,,,,,,
,,,,,,,,,,,,,,,,
,,,,,,,,,,,,,,,,
,,,,,,,,,,,,,,,,
,,,,,,,,,,,,,,,,
,,,,,,,,,,,,,,,,
,,,,,,,,,,,,,,,,
,,,,,,,,,,,,,,,,
,,,,,,,,,,,,,,,,
,,,,,,,,,,,,,,,,
,,,,,,,,,,,,,,,,
,,,,,,,,,,,,,,,,
,,,,,,,,,,,,,,,,
,,,,,,,,,,,,,,,,
,,,,,,,,,,,,,,,,
,,,,,,,,,,,,,,,,
,,,,,,,,,,,,,,,,
,,,,,,,,,,,,,,,,
,,,,,,,,,,,,,,,,
,,,,,,,,,,,,,,,,
,,,,,,,,,,,,,,,,
,,,,,,,,,,,,,,,,
,,,,,,,,,,,,,,,,
,,,,,,,,,,,,,,,,
,,,,,,,,,,,,,,,,
,,,,,,,,,,,,,,,,
,,,,,,,,,,,,,,,,
,,,,,,,,,,,,,,,,
,,,,,,,,,,,,,,,,
,,,,,,,,,,,,,,,,
,,,,,,,,,,,,,,,,
,,,,,,,,,,,,,,,,
,,,,,,,,,,,,,,,,
,,,,,,,,,,,,,,,,
,,,,,,,,,,,,,,,,
,,,,,,,,,,,,,,,,
,,,,,,,,,,,,,,,,
,,,,,,,,,,,,,,,,
,,,,,,,,,,,,,,,,
,,,,,,,,,,,,,,,,
,,,,,,,,,,,,,,,,
,,,,,,,,,,,,,,,,
,,,,,,,,,,,,,,,,
,,,,,,,,,,,,,,,,
,,,,,,,,,,,,,,,,
,,,,,,,,,,,,,,,,
,,,,,,,,,,,,,,,,
,,,,,,,,,,,,,,,,
,,,,,,,,,,,,,,,,
,,,,,,,,,,,,,,,,
,,,,,,,,,,,,,,,,
,,,,,,,,,,,,,,,,
,,,,,,,,,,,,,,,,
,,,,,,,,,,,,,,,,
,,,,,,,,,,,,,,,,
,,,,,,,,,,,,,,,,
,,,,,,,,,,,,,,,,
,,,,,,,,,,,,,,,,
,,,,,,,,,,,,,,,,
,,,,,,,,,,,,,,,,
,,,,,,,,,,,,,,,,
,,,,,,,,,,,,,,,,
,,,,,,,,,,,,,,,,
,,,,,,,,,,,,,,,,
,,,,,,,,,,,,,,,,
,,,,,,,,,,,,,,,,
,,,,,,,,,,,,,,,,
,,,,,,,,,,,,,,,,
,,,,,,,,,,,,,,,,
,,,,,,,,,,,,,,,,
,,,,,,,,,,,,,,,,
,,,,,,,,,,,,,,,,
,,,,,,,,,,,,,,,,
,,,,,,,,,,,,,,,,
,,,,,,,,,,,,,,,,
,,,,,,,,,,,,,,,,
,,,,,,,,,,,,,,,,
,,,,,,,,,,,,,,,,
,,,,,,,,,,,,,,,,
,,,,,,,,,,,,,,,,
,,,,,,,,,,,,,,,,
,,,,,,,,,,,,,,,,
,,,,,,,,,,,,,,,,
,,,,,,,,,,,,,,,,
,,,,,,,,,,,,,,,,
,,,,,,,,,,,,,,,,
,,,,,,,,,,,,,,,,
,,,,,,,,,,,,,,,,
,,,,,,,,,,,,,,,,
,,,,,,,,,,,,,,,,
,,,,,,,,,,,,,,,,
,,,,,,,,,,,,,,,,
,,,,,,,,,,,,,,,,
,,,,,,,,,,,,,,,,
,,,,,,,,,,,,,,,,
,,,,,,,,,,,,,,,,
,,,,,,,,,,,,,,,,
,,,,,,,,,,,,,,,,
,,,,,,,,,,,,,,,,
,,,,,,,,,,,,,,,,
,,,,,,,,,,,,,,,,
,,,,,,,,,,,,,,,,
,,,,,,,,,,,,,,,,
,,,,,,,,,,,,,,,,
,,,,,,,,,,,,,,,,
,,,,,,,,,,,,,,,,
,,,,,,,,,,,,,,,,
,,,,,,,,,,,,,,,,
,,,,,,,,,,,,,,,,
,,,,,,,,,,,,,,,,
,,,,,,,,,,,,,,,,
,,,,,,,,,,,,,,,,
,,,,,,,,,,,,,,,,
,,,,,,,,,,,,,,,,
,,,,,,,,,,,,,,,,
,,,,,,,,,,,,,,,,
,,,,,,,,,,,,,,,,
,,,,,,,,,,,,,,,,
,,,,,,,,,,,,,,,,
,,,,,,,,,,,,,,,,
,,,,,,,,,,,,,,,,
,,,,,,,,,,,,,,,,
,,,,,,,,,,,,,,,,
,,,,,,,,,,,,,,,,
,,,,,,,,,,,,,,,,
,,,,,,,,,,,,,,,,
,,,,,,,,,,,,,,,,
,,,,,,,,,,,,,,,,
,,,,,,,,,,,,,,,,
,,,,,,,,,,,,,,,,
,,,,,,,,,,,,,,,,
,,,,,,,,,,,,,,,,
,,,,,,,,,,,,,,,,
,,,,,,,,,,,,,,,,
,,,,,,,,,,,,,,,,
,,,,,,,,,,,,,,,,
,,,,,,,,,,,,,,,,
,,,,,,,,,,,,,,,,
,,,,,,,,,,,,,,,,
,,,,,,,,,,,,,,,,
,,,,,,,,,,,,,,,,
,,,,,,,,,,,,,,,,
,,,,,,,,,,,,,,,,
,,,,,,,,,,,,,,,,
,,,,,,,,,,,,,,,,
,,,,,,,,,,,,,,,,
,,,,,,,,,,,,,,,,
,,,,,,,,,,,,,,,,
,,,,,,,,,,,,,,,,
,,,,,,,,,,,,,,,,
,,,,,,,,,,,,,,,,
,,,,,,,,,,,,,,,,
,,,,,,,,,,,,,,,,
,,,,,,,,,,,,,,,,
,,,,,,,,,,,,,,,,
,,,,,,,,,,,,,,,,
,,,,,,,,,,,,,,,,
,,,,,,,,,,,,,,,,
,,,,,,,,,,,,,,,,
,,,,,,,,,,,,,,,,
,,,,,,,,,,,,,,,,
,,,,,,,,,,,,,,,,
,,,,,,,,,,,,,,,,
,,,,,,,,,,,,,,,,
,,,,,,,,,,,,,,,,
,,,,,,,,,,,,,,,,
,,,,,,,,,,,,,,,,
,,,,,,,,,,,,,,,,
,,,,,,,,,,,,,,,,
,,,,,,,,,,,,,,,,
,,,,,,,,,,,,,,,,
,,,,,,,,,,,,,,,,
,,,,,,,,,,,,,,,,
,,,,,,,,,,,,,,,,
,,,,,,,,,,,,,,,,
,,,,,,,,,,,,,,,,
,,,,,,,,,,,,,,,,
,,,,,,,,,,,,,,,,
,,,,,,,,,,,,,,,,
,,,,,,,,,,,,,,,,
,,,,,,,,,,,,,,,,
,,,,,,,,,,,,,,,,
,,,,,,,,,,,,,,,,
,,,,,,,,,,,,,,,,
,,,,,,,,,,,,,,,,
,,,,,,,,,,,,,,,,
,,,,,,,,,,,,,,,,
,,,,,,,,,,,,,,,,
,,,,,,,,,,,,,,,,
,,,,,,,,,,,,,,,,
,,,,,,,,,,,,,,,,
,,,,,,,,,,,,,,,,
,,,,,,,,,,,,,,,,
,,,,,,,,,,,,,,,,
,,,,,,,,,,,,,,,,
,,,,,,,,,,,,,,,,
,,,,,,,,,,,,,,,,
,,,,,,,,,,,,,,,,
,,,,,,,,,,,,,,,,
,,,,,,,,,,,,,,,,
,,,,,,,,,,,,,,,,
,,,,,,,,,,,,,,,,
,,,,,,,,,,,,,,,,
,,,,,,,,,,,,,,,,
,,,,,,,,,,,,,,,,
,,,,,,,,,,,,,,,,
,,,,,,,,,,,,,,,,
,,,,,,,,,,,,,,,,
,,,,,,,,,,,,,,,,
,,,,,,,,,,,,,,,,
,,,,,,,,,,,,,,,,
,,,,,,,,,,,,,,,,
,,,,,,,,,,,,,,,,
,,,,,,,,,,,,,,,,
,,,,,,,,,,,,,,,,
,,,,,,,,,,,,,,,,
,,,,,,,,,,,,,,,,
,,,,,,,,,,,,,,,,
,,,,,,,,,,,,,,,,
,,,,,,,,,,,,,,,,
,,,,,,,,,,,,,,,,
,,,,,,,,,,,,,,,,
,,,,,,,,,,,,,,,,
,,,,,,,,,,,,,,,,
,,,,,,,,,,,,,,,,
,,,,,,,,,,,,,,,,
,,,,,,,,,,,,,,,,
,,,,,,,,,,,,,,,,
,,,,,,,,,,,,,,,,
,,,,,,,,,,,,,,,,
,,,,,,,,,,,,,,,,
,,,,,,,,,,,,,,,,
,,,,,,,,,,,,,,,,
,,,,,,,,,,,,,,,,
,,,,,,,,,,,,,,,,
,,,,,,,,,,,,,,,,
,,,,,,,,,,,,,,,,
,,,,,,,,,,,,,,,,
,,,,,,,,,,,,,,,,
,,,,,,,,,,,,,,,,
,,,,,,,,,,,,,,,,
,,,,,,,,,,,,,,,,
,,,,,,,,,,,,,,,,
,,,,,,,,,,,,,,,,
,,,,,,,,,,,,,,,,
,,,,,,,,,,,,,,,,
,,,,,,,,,,,,,,,,
,,,,,,,,,,,,,,,,
,,,,,,,,,,,,,,,,
,,,,,,,,,,,,,,,,
,,,,,,,,,,,,,,,,
,,,,,,,,,,,,,,,,
,,,,,,,,,,,,,,,,
,,,,,,,,,,,,,,,,
,,,,,,,,,,,,,,,,
,,,,,,,,,,,,,,,,
,,,,,,,,,,,,,,,,
,,,,,,,,,,,,,,,,
,,,,,,,,,,,,,,,,
,,,,,,,,,,,,,,,,
,,,,,,,,,,,,,,,,
,,,,,,,,,,,,,,,,
,,,,,,,,,,,,,,,,
,,,,,,,,,,,,,,,,
,,,,,,,,,,,,,,,,
,,,,,,,,,,,,,,,,
,,,,,,,,,,,,,,,,
,,,,,,,,,,,,,,,,
,,,,,,,,,,,,,,,,
,,,,,,,,,,,,,,,,
,,,,,,,,,,,,,,,,
,,,,,,,,,,,,,,,,
,,,,,,,,,,,,,,,,
,,,,,,,,,,,,,,,,
,,,,,,,,,,,,,,,,
,,,,,,,,,,,,,,,,
,,,,,,,,,,,,,,,,
,,,,,,,,,,,,,,,,
,,,,,,,,,,,,,,,,
,,,,,,,,,,,,,,,,
,,,,,,,,,,,,,,,,
,,,,,,,,,,,,,,,,
,,,,,,,,,,,,,,,,
,,,,,,,,,,,,,,,,
,,,,,,,,,,,,,,,,
,,,,,,,,,,,,,,,,
,,,,,,,,,,,,,,,,
,,,,,,,,,,,,,,,,
,,,,,,,,,,,,,,,,
,,,,,,,,,,,,,,,,
,,,,,,,,,,,,,,,,
,,,,,,,,,,,,,,,,
,,,,,,,,,,,,,,,,
,,,,,,,,,,,,,,,,
,,,,,,,,,,,,,,,,
,,,,,,,,,,,,,,,,
,,,,,,,,,,,,,,,,
,,,,,,,,,,,,,,,,
,,,,,,,,,,,,,,,,
,,,,,,,,,,,,,,,,
,,,,,,,,,,,,,,,,
,,,,,,,,,,,,,,,,
,,,,,,,,,,,,,,,,
,,,,,,,,,,,,,,,,
,,,,,,,,,,,,,,,,
,,,,,,,,,,,,,,,,
,,,,,,,,,,,,,,,,
,,,,,,,,,,,,,,,,
,,,,,,,,,,,,,,,,
,,,,,,,,,,,,,,,,
,,,,,,,,,,,,,,,,
,,,,,,,,,,,,,,,,
,,,,,,,,,,,,,,,,
,,,,,,,,,,,,,,,,
,,,,,,,,,,,,,,,,
,,,,,,,,,,,,,,,,
,,,,,,,,,,,,,,,,
,,,,,,,,,,,,,,,,
,,,,,,,,,,,,,,,,
,,,,,,,,,,,,,,,,
,,,,,,,,,,,,,,,,
,,,,,,,,,,,,,,,,
,,,,,,,,,,,,,,,,
,,,,,,,,,,,,,,,,
,,,,,,,,,,,,,,,,
,,,,,,,,,,,,,,,,
,,,,,,,,,,,,,,,,
,,,,,,,,,,,,,,,,
,,,,,,,,,,,,,,,,
,,,,,,,,,,,,,,,,
,,,,,,,,,,,,,,,,
,,,,,,,,,,,,,,,,
,,,,,,,,,,,,,,,,
,,,,,,,,,,,,,,,,
,,,,,,,,,,,,,,,,
,,,,,,,,,,,,,,,,
,,,,,,,,,,,,,,,,
,,,,,,,,,,,,,,,,
,,,,,,,,,,,,,,,,
,,,,,,,,,,,,,,,,
,,,,,,,,,,,,,,,,
,,,,,,,,,,,,,,,,
,,,,,,,,,,,,,,,,
,,,,,,,,,,,,,,,,
,,,,,,,,,,,,,,,,
,,,,,,,,,,,,,,,,
,,,,,,,,,,,,,,,,
,,,,,,,,,,,,,,,,
,,,,,,,,,,,,,,,,
,,,,,,,,,,,,,,,,
,,,,,,,,,,,,,,,,
,,,,,,,,,,,,,,,,
,,,,,,,,,,,,,,,,
,,,,,,,,,,,,,,,,
,,,,,,,,,,,,,,,,
,,,,,,,,,,,,,,,,
,,,,,,,,,,,,,,,,
,,,,,,,,,,,,,,,,
,,,,,,,,,,,,,,,,
,,,,,,,,,,,,,,,,
,,,,,,,,,,,,,,,,
,,,,,,,,,,,,,,,,
,,,,,,,,,,,,,,,,
,,,,,,,,,,,,,,,,
,,,,,,,,,,,,,,,,
,,,,,,,,,,,,,,,,
,,,,,,,,,,,,,,,,
,,,,,,,,,,,,,,,,
,,,,,,,,,,,,,,,,
,,,,,,,,,,,,,,,,
,,,,,,,,,,,,,,,,
,,,,,,,,,,,,,,,,
,,,,,,,,,,,,,,,,
,,,,,,,,,,,,,,,,
,,,,,,,,,,,,,,,,
,,,,,,,,,,,,,,,,
,,,,,,,,,,,,,,,,
,,,,,,,,,,,,,,,,
,,,,,,,,,,,,,,,,
,,,,,,,,,,,,,,,,
,,,,,,,,,,,,,,,,
,,,,,,,,,,,,,,,,
,,,,,,,,,,,,,,,,
,,,,,,,,,,,,,,,,
,,,,,,,,,,,,,,,,
,,,,,,,,,,,,,,,,
,,,,,,,,,,,,,,,,
,,,,,,,,,,,,,,,,
,,,,,,,,,,,,,,,,
,,,,,,,,,,,,,,,,
,,,,,,,,,,,,,,,,
,,,,,,,,,,,,,,,,
,,,,,,,,,,,,,,,,
,,,,,,,,,,,,,,,,
,,,,,,,,,,,,,,,,
,,,,,,,,,,,,,,,,
,,,,,,,,,,,,,,,,
,,,,,,,,,,,,,,,,
,,,,,,,,,,,,,,,,
,,,,,,,,,,,,,,,,
,,,,,,,,,,,,,,,,
,,,,,,,,,,,,,,,,
,,,,,,,,,,,,,,,,
,,,,,,,,,,,,,,,,
,,,,,,,,,,,,,,,,
,,,,,,,,,,,,,,,,
,,,,,,,,,,,,,,,,
,,,,,,,,,,,,,,,,
,,,,,,,,,,,,,,,,
,,,,,,,,,,,,,,,,
,,,,,,,,,,,,,,,,
,,,,,,,,,,,,,,,,
,,,,,,,,,,,,,,,,
,,,,,,,,,,,,,,,,
,,,,,,,,,,,,,,,,
,,,,,,,,,,,,,,,,
,,,,,,,,,,,,,,,,
,,,,,,,,,,,,,,,,
,,,,,,,,,,,,,,,,
,,,,,,,,,,,,,,,,
,,,,,,,,,,,,,,,,
,,,,,,,,,,,,,,,,
,,,,,,,,,,,,,,,,
,,,,,,,,,,,,,,,,
,,,,,,,,,,,,,,,,
,,,,,,,,,,,,,,,,
,,,,,,,,,,,,,,,,
,,,,,,,,,,,,,,,,
,,,,,,,,,,,,,,,,
,,,,,,,,,,,,,,,,
,,,,,,,,,,,,,,,,
,,,,,,,,,,,,,,,,
,,,,,,,,,,,,,,,,
,,,,,,,,,,,,,,,,
,,,,,,,,,,,,,,,,
,,,,,,,,,,,,,,,,
,,,,,,,,,,,,,,,,
,,,,,,,,,,,,,,,,
,,,,,,,,,,,,,,,,
,,,,,,,,,,,,,,,,
,,,,,,,,,,,,,,,,
,,,,,,,,,,,,,,,,
,,,,,,,,,,,,,,,,
,,,,,,,,,,,,,,,,
,,,,,,,,,,,,,,,,
,,,,,,,,,,,,,,,,
,,,,,,,,,,,,,,,,
,,,,,,,,,,,,,,,,
,,,,,,,,,,,,,,,,
,,,,,,,,,,,,,,,,
,,,,,,,,,,,,,,,,
,,,,,,,,,,,,,,,,
,,,,,,,,,,,,,,,,
,,,,,,,,,,,,,,,,
,,,,,,,,,,,,,,,,
,,,,,,,,,,,,,,,,
,,,,,,,,,,,,,,,,
,,,,,,,,,,,,,,,,
,,,,,,,,,,,,,,,,
,,,,,,,,,,,,,,,,
,,,,,,,,,,,,,,,,
,,,,,,,,,,,,,,,,
,,,,,,,,,,,,,,,,
,,,,,,,,,,,,,,,,
,,,,,,,,,,,,,,,,
,,,,,,,,,,,,,,,,
,,,,,,,,,,,,,,,,
,,,,,,,,,,,,,,,,
,,,,,,,,,,,,,,,,
,,,,,,,,,,,,,,,,
,,,,,,,,,,,,,,,,
,,,,,,,,,,,,,,,,
,,,,,,,,,,,,,,,,
,,,,,,,,,,,,,,,,
,,,,,,,,,,,,,,,,
,,,,,,,,,,,,,,,,
,,,,,,,,,,,,,,,,
,,,,,,,,,,,,,,,,
,,,,,,,,,,,,,,,,
,,,,,,,,,,,,,,,,
,,,,,,,,,,,,,,,,
,,,,,,,,,,,,,,,,
,,,,,,,,,,,,,,,,
,,,,,,,,,,,,,,,,
,,,,,,,,,,,,,,,,
,,,,,,,,,,,,,,,,
,,,,,,,,,,,,,,,,
,,,,,,,,,,,,,,,,
,,,,,,,,,,,,,,,,
,,,,,,,,,,,,,,,,
,,,,,,,,,,,,,,,,
,,,,,,,,,,,,,,,,
,,,,,,,,,,,,,,,,
,,,,,,,,,,,,,,,,
,,,,,,,,,,,,,,,,
,,,,,,,,,,,,,,,,
,,,,,,,,,,,,,,,,
,,,,,,,,,,,,,,,,
,,,,,,,,,,,,,,,,
,,,,,,,,,,,,,,,,
,,,,,,,,,,,,,,,,
,,,,,,,,,,,,,,,,
,,,,,,,,,,,,,,,,
,,,,,,,,,,,,,,,,
,,,,,,,,,,,,,,,,
,,,,,,,,,,,,,,,,
,,,,,,,,,,,,,,,,
,,,,,,,,,,,,,,,,
,,,,,,,,,,,,,,,,
,,,,,,,,,,,,,,,,
,,,,,,,,,,,,,,,,
,,,,,,,,,,,,,,,,
,,,,,,,,,,,,,,,,
,,,,,,,,,,,,,,,,
,,,,,,,,,,,,,,,,
,,,,,,,,,,,,,,,,
,,,,,,,,,,,,,,,,
,,,,,,,,,,,,,,,,
,,,,,,,,,,,,,,,,
,,,,,,,,,,,,,,,,
,,,,,,,,,,,,,,,,
,,,,,,,,,,,,,,,,
,,,,,,,,,,,,,,,,
,,,,,,,,,,,,,,,,
,,,,,,,,,,,,,,,,
,,,,,,,,,,,,,,,,
,,,,,,,,,,,,,,,,
,,,,,,,,,,,,,,,,
,,,,,,,,,,,,,,,,
,,,,,,,,,,,,,,,,
,,,,,,,,,,,,,,,,
,,,,,,,,,,,,,,,,
,,,,,,,,,,,,,,,,
,,,,,,,,,,,,,,,,
,,,,,,,,,,,,,,,,
,,,,,,,,,,,,,,,,
,,,,,,,,,,,,,,,,
,,,,,,,,,,,,,,,,
,,,,,,,,,,,,,,,,
,,,,,,,,,,,,,,,,
,,,,,,,,,,,,,,,,
,,,,,,,,,,,,,,,,
,,,,,,,,,,,,,,,,
,,,,,,,,,,,,,,,,
,,,,,,,,,,,,,,,,
,,,,,,,,,,,,,,,,
,,,,,,,,,,,,,,,,
,,,,,,,,,,,,,,,,
,,,,,,,,,,,,,,,,
,,,,,,,,,,,,,,,,
,,,,,,,,,,,,,,,,
,,,,,,,,,,,,,,,,
,,,,,,,,,,,,,,,,
,,,,,,,,,,,,,,,,
,,,,,,,,,,,,,,,,
,,,,,,,,,,,,,,,,
,,,,,,,,,,,,,,,,
,,,,,,,,,,,,,,,,
,,,,,,,,,,,,,,,,
,,,,,,,,,,,,,,,,
,,,,,,,,,,,,,,,,
,,,,,,,,,,,,,,,,
,,,,,,,,,,,,,,,,
,,,,,,,,,,,,,,,,
,,,,,,,,,,,,,,,,
,,,,,,,,,,,,,,,,
,,,,,,,,,,,,,,,,
,,,,,,,,,,,,,,,,
,,,,,,,,,,,,,,,,
,,,,,,,,,,,,,,,,
,,,,,,,,,,,,,,,,
,,,,,,,,,,,,,,,,
,,,,,,,,,,,,,,,,
,,,,,,,,,,,,,,,,
,,,,,,,,,,,,,,,,
,,,,,,,,,,,,,,,,
,,,,,,,,,,,,,,,,
,,,,,,,,,,,,,,,,
,,,,,,,,,,,,,,,,
,,,,,,,,,,,,,,,,
,,,,,,,,,,,,,,,,
,,,,,,,,,,,,,,,,
,,,,,,,,,,,,,,,,
,,,,,,,,,,,,,,,,
,,,,,,,,,,,,,,,,
,,,,,,,,,,,,,,,,
,,,,,,,,,,,,,,,,
,,,,,,,,,,,,,,,,
,,,,,,,,,,,,,,,,
,,,,,,,,,,,,,,,,
,,,,,,,,,,,,,,,,
,,,,,,,,,,,,,,,,
,,,,,,,,,,,,,,,,
,,,,,,,,,,,,,,,,
,,,,,,,,,,,,,,,,
,,,,,,,,,,,,,,,,
,,,,,,,,,,,,,,,,
,,,,,,,,,,,,,,,,
,,,,,,,,,,,,,,,,
,,,,,,,,,,,,,,,,
,,,,,,,,,,,,,,,,
,,,,,,,,,,,,,,,,
,,,,,,,,,,,,,,,,
,,,,,,,,,,,,,,,,
,,,,,,,,,,,,,,,,
,,,,,,,,,,,,,,,,
,,,,,,,,,,,,,,,,
,,,,,,,,,,,,,,,,
,,,,,,,,,,,,,,,,
,,,,,,,,,,,,,,,,
,,,,,,,,,,,,,,,,
,,,,,,,,,,,,,,,,
,,,,,,,,,,,,,,,,
,,,,,,,,,,,,,,,,
,,,,,,,,,,,,,,,,
,,,,,,,,,,,,,,,,
,,,,,,,,,,,,,,,,
,,,,,,,,,,,,,,,,
,,,,,,,,,,,,,,,,
,,,,,,,,,,,,,,,,
,,,,,,,,,,,,,,,,
,,,,,,,,,,,,,,,,
,,,,,,,,,,,,,,,,
,,,,,,,,,,,,,,,,
,,,,,,,,,,,,,,,,
,,,,,,,,,,,,,,,,
,,,,,,,,,,,,,,,,
,,,,,,,,,,,,,,,,
,,,,,,,,,,,,,,,,
,,,,,,,,,,,,,,,,
,,,,,,,,,,,,,,,,
,,,,,,,,,,,,,,,,
,,,,,,,,,,,,,,,,
,,,,,,,,,,,,,,,,
,,,,,,,,,,,,,,,,
,,,,,,,,,,,,,,,,
,,,,,,,,,,,,,,,,
,,,,,,,,,,,,,,,,
,,,,,,,,,,,,,,,,
,,,,,,,,,,,,,,,,
,,,,,,,,,,,,,,,,
,,,,,,,,,,,,,,,,
,,,,,,,,,,,,,,,,
,,,,,,,,,,,,,,,,
,,,,,,,,,,,,,,,,
,,,,,,,,,,,,,,,,
,,,,,,,,,,,,,,,,
,,,,,,,,,,,,,,,,
,,,,,,,,,,,,,,,,
,,,,,,,,,,,,,,,,
,,,,,,,,,,,,,,,,
,,,,,,,,,,,,,,,,
,,,,,,,,,,,,,,,,
,,,,,,,,,,,,,,,,
,,,,,,,,,,,,,,,,
,,,,,,,,,,,,,,,,
,,,,,,,,,,,,,,,,
,,,,,,,,,,,,,,,,
,,,,,,,,,,,,,,,,
,,,,,,,,,,,,,,,,
,,,,,,,,,,,,,,,,
,,,,,,,,,,,,,,,,
,,,,,,,,,,,,,,,,
,,,,,,,,,,,,,,,,
,,,,,,,,,,,,,,,,
,,,,,,,,,,,,,,,,
,,,,,,,,,,,,,,,,
,,,,,,,,,,,,,,,,
,,,,,,,,,,,,,,,,
,,,,,,,,,,,,,,,,
,,,,,,,,,,,,,,,,
,,,,,,,,,,,,,,,,
,,,,,,,,,,,,,,,,
,,,,,,,,,,,,,,,,
,,,,,,,,,,,,,,,,
,,,,,,,,,,,,,,,,
,,,,,,,,,,,,,,,,
,,,,,,,,,,,,,,,,
,,,,,,,,,,,,,,,,
,,,,,,,,,,,,,,,,
,,,,,,,,,,,,,,,,
,,,,,,,,,,,,,,,,
,,,,,,,,,,,,,,,,
,,,,,,,,,,,,,,,,
,,,,,,,,,,,,,,,,
,,,,,,,,,,,,,,,,
,,,,,,,,,,,,,,,,
,,,,,,,,,,,,,,,,
,,,,,,,,,,,,,,,,
,,,,,,,,,,,,,,,,
,,,,,,,,,,,,,,,,
,,,,,,,,,,,,,,,,
,,,,,,,,,,,,,,,,
,,,,,,,,,,,,,,,,
,,,,,,,,,,,,,,,,
,,,,,,,,,,,,,,,,
,,,,,,,,,,,,,,,,
,,,,,,,,,,,,,,,,
,,,,,,,,,,,,,,,,
,,,,,,,,,,,,,,,,
,,,,,,,,,,,,,,,,
,,,,,,,,,,,,,,,,
,,,,,,,,,,,,,,,,
,,,,,,,,,,,,,,,,
,,,,,,,,,,,,,,,,
,,,,,,,,,,,,,,,,
,,,,,,,,,,,,,,,,
,,,,,,,,,,,,,,,,
,,,,,,,,,,,,,,,,
,,,,,,,,,,,,,,,,
,,,,,,,,,,,,,,,,
,,,,,,,,,,,,,,,,
,,,,,,,,,,,,,,,,
,,,,,,,,,,,,,,,,
,,,,,,,,,,,,,,,,
,,,,,,,,,,,,,,,,
,,,,,,,,,,,,,,,,
,,,,,,,,,,,,,,,,
,,,,,,,,,,,,,,,,
,,,,,,,,,,,,,,,,
,,,,,,,,,,,,,,,,
,,,,,,,,,,,,,,,,
,,,,,,,,,,,,,,,,
,,,,,,,,,,,,,,,,
,,,,,,,,,,,,,,,,
,,,,,,,,,,,,,,,,
,,,,,,,,,,,,,,,,
,,,,,,,,,,,,,,,,
,,,,,,,,,,,,,,,,
,,,,,,,,,,,,,,,,
,,,,,,,,,,,,,,,,
,,,,,,,,,,,,,,,,
,,,,,,,,,,,,,,,,
,,,,,,,,,,,,,,,,
,,,,,,,,,,,,,,,,
,,,,,,,,,,,,,,,,
,,,,,,,,,,,,,,,,
,,,,,,,,,,,,,,,,
,,,,,,,,,,,,,,,,
,,,,,,,,,,,,,,,,
,,,,,,,,,,,,,,,,
,,,,,,,,,,,,,,,,
,,,,,,,,,,,,,,,,
,,,,,,,,,,,,,,,,
,,,,,,,,,,,,,,,,
,,,,,,,,,,,,,,,,
,,,,,,,,,,,,,,,,
,,,,,,,,,,,,,,,,
,,,,,,,,,,,,,,,,
,,,,,,,,,,,,,,,,
,,,,,,,,,,,,,,,,
,,,,,,,,,,,,,,,,
,,,,,,,,,,,,,,,,
,,,,,,,,,,,,,,,,
,,,,,,,,,,,,,,,,
,,,,,,,,,,,,,,,,
,,,,,,,,,,,,,,,,
,,,,,,,,,,,,,,,,
,,,,,,,,,,,,,,,,
,,,,,,,,,,,,,,,,
,,,,,,,,,,,,,,,,
,,,,,,,,,,,,,,,,
,,,,,,,,,,,,,,,,
,,,,,,,,,,,,,,,,
,,,,,,,,,,,,,,,,
,,,,,,,,,,,,,,,,
,,,,,,,,,,,,,,,,
,,,,,,,,,,,,,,,,
,,,,,,,,,,,,,,,,
,,,,,,,,,,,,,,,,
,,,,,,,,,,,,,,,,
,,,,,,,,,,,,,,,,
,,,,,,,,,,,,,,,,
,,,,,,,,,,,,,,,,
,,,,,,,,,,,,,,,,
,,,,,,,,,,,,,,,,
,,,,,,,,,,,,,,,,
,,,,,,,,,,,,,,,,
,,,,,,,,,,,,,,,,
,,,,,,,,,,,,,,,,
,,,,,,,,,,,,,,,,
,,,,,,,,,,,,,,,,
,,,,,,,,,,,,,,,,
,,,,,,,,,,,,,,,,
,,,,,,,,,,,,,,,,
,,,,,,,,,,,,,,,,
,,,,,,,,,,,,,,,,
,,,,,,,,,,,,,,,,
,,,,,,,,,,,,,,,,
,,,,,,,,,,,,,,,,
,,,,,,,,,,,,,,,,
,,,,,,,,,,,,,,,,
,,,,,,,,,,,,,,,,
,,,,,,,,,,,,,,,,
,,,,,,,,,,,,,,,,
,,,,,,,,,,,,,,,,
,,,,,,,,,,,,,,,,
,,,,,,,,,,,,,,,,
,,,,,,,,,,,,,,,,
,,,,,,,,,,,,,,,,
,,,,,,,,,,,,,,,,
,,,,,,,,,,,,,,,,
,,,,,,,,,,,,,,,,
,,,,,,,,,,,,,,,,
,,,,,,,,,,,,,,,,
,,,,,,,,,,,,,,,,
,,,,,,,,,,,,,,,,
,,,,,,,,,,,,,,,,
,,,,,,,,,,,,,,,,
,,,,,,,,,,,,,,,,
,,,,,,,,,,,,,,,,
,,,,,,,,,,,,,,,,
,,,,,,,,,,,,,,,,
,,,,,,,,,,,,,,,,
,,,,,,,,,,,,,,,,
,,,,,,,,,,,,,,,,
,,,,,,,,,,,,,,,,
,,,,,,,,,,,,,,,,
,,,,,,,,,,,,,,,,
,,,,,,,,,,,,,,,,
,,,,,,,,,,,,,,,,
,,,,,,,,,,,,,,,,
,,,,,,,,,,,,,,,,
,,,,,,,,,,,,,,,,
,,,,,,,,,,,,,,,,
,,,,,,,,,,,,,,,,
,,,,,,,,,,,,,,,,
,,,,,,,,,,,,,,,,
,,,,,,,,,,,,,,,,
,,,,,,,,,,,,,,,,
,,,,,,,,,,,,,,,,
,,,,,,,,,,,,,,,,
,,,,,,,,,,,,,,,,
,,,,,,,,,,,,,,,,
,,,,,,,,,,,,,,,,
,,,,,,,,,,,,,,,,
,,,,,,,,,,,,,,,,
,,,,,,,,,,,,,,,,
,,,,,,,,,,,,,,,,
,,,,,,,,,,,,,,,,
,,,,,,,,,,,,,,,,
,,,,,,,,,,,,,,,,
,,,,,,,,,,,,,,,,
,,,,,,,,,,,,,,,,
,,,,,,,,,,,,,,,,
,,,,,,,,,,,,,,,,
,,,,,,,,,,,,,,,,
,,,,,,,,,,,,,,,,
,,,,,,,,,,,,,,,,
,,,,,,,,,,,,,,,,
,,,,,,,,,,,,,,,,
,,,,,,,,,,,,,,,,
,,,,,,,,,,,,,,,,
,,,,,,,,,,,,,,,,
,,,,,,,,,,,,,,,,
,,,,,,,,,,,,,,,,
,,,,,,,,,,,,,,,,
,,,,,,,,,,,,,,,,
,,,,,,,,,,,,,,,,
,,,,,,,,,,,,,,,,
,,,,,,,,,,,,,,,,
,,,,,,,,,,,,,,,,
,,,,,,,,,,,,,,,,
,,,,,,,,,,,,,,,,
,,,,,,,,,,,,,,,,
,,,,,,,,,,,,,,,,
,,,,,,,,,,,,,,,,
,,,,,,,,,,,,,,,,
,,,,,,,,,,,,,,,,
,,,,,,,,,,,,,,,,
,,,,,,,,,,,,,,,,
,,,,,,,,,,,,,,,,
,,,,,,,,,,,,,,,,
,,,,,,,,,,,,,,,,
,,,,,,,,,,,,,,,,
,,,,,,,,,,,,,,,,
,,,,,,,,,,,,,,,,
,,,,,,,,,,,,,,,,
,,,,,,,,,,,,,,,,
,,,,,,,,,,,,,,,,
,,,,,,,,,,,,,,,,
,,,,,,,,,,,,,,,,
,,,,,,,,,,,,,,,,
,,,,,,,,,,,,,,,,
,,,,,,,,,,,,,,,,
,,,,,,,,,,,,,,,,
,,,,,,,,,,,,,,,,
,,,,,,,,,,,,,,,,
,,,,,,,,,,,,,,,,
,,,,,,,,,,,,,,,,
,,,,,,,,,,,,,,,,
,,,,,,,,,,,,,,,,
,,,,,,,,,,,,,,,,
,,,,,,,,,,,,,,,,
,,,,,,,,,,,,,,,,
,,,,,,,,,,,,,,,,
,,,,,,,,,,,,,,,,
,,,,,,,,,,,,,,,,
,,,,,,,,,,,,,,,,
,,,,,,,,,,,,,,,,
,,,,,,,,,,,,,,,,
,,,,,,,,,,,,,,,,
,,,,,,,,,,,,,,,,
,,,,,,,,,,,,,,,,
,,,,,,,,,,,,,,,,
,,,,,,,,,,,,,,,,
,,,,,,,,,,,,,,,,
,,,,,,,,,,,,,,,,
,,,,,,,,,,,,,,,,
,,,,,,,,,,,,,,,,
,,,,,,,,,,,,,,,,
,,,,,,,,,,,,,,,,
,,,,,,,,,,,,,,,,
,,,,,,,,,,,,,,,,
,,,,,,,,,,,,,,,,
,,,,,,,,,,,,,,,,
,,,,,,,,,,,,,,,,
,,,,,,,,,,,,,,,,
,,,,,,,,,,,,,,,,
,,,,,,,,,,,,,,,,
,,,,,,,,,,,,,,,,
,,,,,,,,,,,,,,,,
,,,,,,,,,,,,,,,,
,,,,,,,,,,,,,,,,
,,,,,,,,,,,,,,,,
,,,,,,,,,,,,,,,,
,,,,,,,,,,,,,,,,
,,,,,,,,,,,,,,,,
,,,,,,,,,,,,,,,,
,,,,,,,,,,,,,,,,
,,,,,,,,,,,,,,,,
,,,,,,,,,,,,,,,,
,,,,,,,,,,,,,,,,
,,,,,,,,,,,,,,,,
,,,,,,,,,,,,,,,,
,,,,,,,,,,,,,,,,
,,,,,,,,,,,,,,,,
,,,,,,,,,,,,,,,,
,,,,,,,,,,,,,,,,
,,,,,,,,,,,,,,,,
,,,,,,,,,,,,,,,,
,,,,,,,,,,,,,,,,
,,,,,,,,,,,,,,,,
,,,,,,,,,,,,,,,,
,,,,,,,,,,,,,,,,
,,,,,,,,,,,,,,,,
,,,,,,,,,,,,,,,,
,,,,,,,,,,,,,,,,
,,,,,,,,,,,,,,,,
,,,,,,,,,,,,,,,,
,,,,,,,,,,,,,,,,
,,,,,,,,,,,,,,,,
,,,,,,,,,,,,,,,,
,,,,,,,,,,,,,,,,
,,,,,,,,,,,,,,,,
,,,,,,,,,,,,,,,,
,,,,,,,,,,,,,,,,
,,,,,,,,,,,,,,,,
,,,,,,,,,,,,,,,,
,,,,,,,,,,,,,,,,
,,,,,,,,,,,,,,,,
,,,,,,,,,,,,,,,,
,,,,,,,,,,,,,,,,
,,,,,,,,,,,,,,,,
,,,,,,,,,,,,,,,,
,,,,,,,,,,,,,,,,
,,,,,,,,,,,,,,,,
,,,,,,,,,,,,,,,,
,,,,,,,,,,,,,,,,
,,,,,,,,,,,,,,,,
,,,,,,,,,,,,,,,,
,,,,,,,,,,,,,,,,
,,,,,,,,,,,,,,,,
,,,,,,,,,,,,,,,,
,,,,,,,,,,,,,,,,
,,,,,,,,,,,,,,,,
,,,,,,,,,,,,,,,,
,,,,,,,,,,,,,,,,
,,,,,,,,,,,,,,,,
,,,,,,,,,,,,,,,,
,,,,,,,,,,,,,,,,
,,,,,,,,,,,,,,,,
,,,,,,,,,,,,,,,,
,,,,,,,,,,,,,,,,
,,,,,,,,,,,,,,,,
,,,,,,,,,,,,,,,,
,,,,,,,,,,,,,,,,
,,,,,,,,,,,,,,,,
,,,,,,,,,,,,,,,,
,,,,,,,,,,,,,,,,
,,,,,,,,,,,,,,,,
,,,,,,,,,,,,,,,,
,,,,,,,,,,,,,,,,
,,,,,,,,,,,,,,,,
,,,,,,,,,,,,,,,,
,,,,,,,,,,,,,,,,
,,,,,,,,,,,,,,,,
,,,,,,,,,,,,,,,,
,,,,,,,,,,,,,,,,
,,,,,,,,,,,,,,,,
,,,,,,,,,,,,,,,,
,,,,,,,,,,,,,,,,
,,,,,,,,,,,,,,,,
,,,,,,,,,,,,,,,,
,,,,,,,,,,,,,,,,
,,,,,,,,,,,,,,,,
,,,,,,,,,,,,,,,,
,,,,,,,,,,,,,,,,
,,,,,,,,,,,,,,,,
,,,,,,,,,,,,,,,,
,,,,,,,,,,,,,,,,
,,,,,,,,,,,,,,,,
,,,,,,,,,,,,,,,,
,,,,,,,,,,,,,,,,
,,,,,,,,,,,,,,,,
,,,,,,,,,,,,,,,,
,,,,,,,,,,,,,,,,
,,,,,,,,,,,,,,,,
,,,,,,,,,,,,,,,,
,,,,,,,,,,,,,,,,
,,,,,,,,,,,,,,,,
,,,,,,,,,,,,,,,,
,,,,,,,,,,,,,,,,
,,,,,,,,,,,,,,,,
,,,,,,,,,,,,,,,,
,,,,,,,,,,,,,,,,
,,,,,,,,,,,,,,,,
,,,,,,,,,,,,,,,,
,,,,,,,,,,,,,,,,
,,,,,,,,,,,,,,,,
,,,,,,,,,,,,,,,,
,,,,,,,,,,,,,,,,
,,,,,,,,,,,,,,,,
,,,,,,,,,,,,,,,,
,,,,,,,,,,,,,,,,
,,,,,,,,,,,,,,,,
,,,,,,,,,,,,,,,,
,,,,,,,,,,,,,,,,
,,,,,,,,,,,,,,,,
,,,,,,,,,,,,,,,,
,,,,,,,,,,,,,,,,
,,,,,,,,,,,,,,,,
,,,,,,,,,,,,,,,,
,,,,,,,,,,,,,,,,
,,,,,,,,,,,,,,,,
,,,,,,,,,,,,,,,,
,,,,,,,,,,,,,,,,
,,,,,,,,,,,,,,,,
,,,,,,,,,,,,,,,,
,,,,,,,,,,,,,,,,
,,,,,,,,,,,,,,,,
,,,,,,,,,,,,,,,,
,,,,,,,,,,,,,,,,
,,,,,,,,,,,,,,,,
,,,,,,,,,,,,,,,,
,,,,,,,,,,,,,,,,
,,,,,,,,,,,,,,,,
,,,,,,,,,,,,,,,,
,,,,,,,,,,,,,,,,
,,,,,,,,,,,,,,,,
,,,,,,,,,,,,,,,,
,,,,,,,,,,,,,,,,
,,,,,,,,,,,,,,,,
,,,,,,,,,,,,,,,,
,,,,,,,,,,,,,,,,
,,,,,,,,,,,,,,,,
,,,,,,,,,,,,,,,,
,,,,,,,,,,,,,,,,
,,,,,,,,,,,,,,,,
,,,,,,,,,,,,,,,,
,,,,,,,,,,,,,,,,
,,,,,,,,,,,,,,,,
,,,,,,,,,,,,,,,,
,,,,,,,,,,,,,,,,
,,,,,,,,,,,,,,,,
,,,,,,,,,,,,,,,,
,,,,,,,,,,,,,,,,
,,,,,,,,,,,,,,,,
,,,,,,,,,,,,,,,,
,,,,,,,,,,,,,,,,
,,,,,,,,,,,,,,,,
,,,,,,,,,,,,,,,,
,,,,,,,,,,,,,,,,
,,,,,,,,,,,,,,,,
,,,,,,,,,,,,,,,,
,,,,,,,,,,,,,,,,
,,,,,,,,,,,,,,,,
,,,,,,,,,,,,,,,,
,,,,,,,,,,,,,,,,
,,,,,,,,,,,,,,,,
,,,,,,,,,,,,,,,,
,,,,,,,,,,,,,,,,
,,,,,,,,,,,,,,,,
,,,,,,,,,,,,,,,,
,,,,,,,,,,,,,,,,
,,,,,,,,,,,,,,,,
,,,,,,,,,,,,,,,,
,,,,,,,,,,,,,,,,
,,,,,,,,,,,,,,,,
,,,,,,,,,,,,,,,,
,,,,,,,,,,,,,,,,
,,,,,,,,,,,,,,,,
,,,,,,,,,,,,,,,,
,,,,,,,,,,,,,,,,
,,,,,,,,,,,,,,,,
,,,,,,,,,,,,,,,,
,,,,,,,,,,,,,,,,
,,,,,,,,,,,,,,,,
,,,,,,,,,,,,,,,,
,,,,,,,,,,,,,,,,
,,,,,,,,,,,,,,,,
,,,,,,,,,,,,,,,,
,,,,,,,,,,,,,,,,
,,,,,,,,,,,,,,,,
,,,,,,,,,,,,,,,,
,,,,,,,,,,,,,,,,
,,,,,,,,,,,,,,,,
,,,,,,,,,,,,,,,,
,,,,,,,,,,,,,,,,
,,,,,,,,,,,,,,,,
,,,,,,,,,,,,,,,,
,,,,,,,,,,,,,,,,
,,,,,,,,,,,,,,,,
,,,,,,,,,,,,,,,,
,,,,,,,,,,,,,,,,
,,,,,,,,,,,,,,,,
,,,,,,,,,,,,,,,,
,,,,,,,,,,,,,,,,
,,,,,,,,,,,,,,,,
,,,,,,,,,,,,,,,,
,,,,,,,,,,,,,,,,
,,,,,,,,,,,,,,,,
,,,,,,,,,,,,,,,,
,,,,,,,,,,,,,,,,
,,,,,,,,,,,,,,,,
,,,,,,,,,,,,,,,,
,,,,,,,,,,,,,,,,
,,,,,,,,,,,,,,,,
,,,,,,,,,,,,,,,,
,,,,,,,,,,,,,,,,
,,,,,,,,,,,,,,,,
,,,,,,,,,,,,,,,,
,,,,,,,,,,,,,,,,
,,,,,,,,,,,,,,,,
,,,,,,,,,,,,,,,,
,,,,,,,,,,,,,,,,
,,,,,,,,,,,,,,,,
,,,,,,,,,,,,,,,,
,,,,,,,,,,,,,,,,
,,,,,,,,,,,,,,,,
,,,,,,,,,,,,,,,,
,,,,,,,,,,,,,,,,
,,,,,,,,,,,,,,,,
,,,,,,,,,,,,,,,,
,,,,,,,,,,,,,,,,
,,,,,,,,,,,,,,,,
,,,,,,,,,,,,,,,,
,,,,,,,,,,,,,,,,
,,,,,,,,,,,,,,,,
,,,,,,,,,,,,,,,,
,,,,,,,,,,,,,,,,
,,,,,,,,,,,,,,,,
,,,,,,,,,,,,,,,,
,,,,,,,,,,,,,,,,
,,,,,,,,,,,,,,,,
,,,,,,,,,,,,,,,,
,,,,,,,,,,,,,,,,
,,,,,,,,,,,,,,,,
,,,,,,,,,,,,,,,,
,,,,,,,,,,,,,,,,
,,,,,,,,,,,,,,,,
,,,,,,,,,,,,,,,,
,,,,,,,,,,,,,,,,
,,,,,,,,,,,,,,,,
,,,,,,,,,,,,,,,,
,,,,,,,,,,,,,,,,
,,,,,,,,,,,,,,,,
,,,,,,,,,,,,,,,,
,,,,,,,,,,,,,,,,
,,,,,,,,,,,,,,,,
,,,,,,,,,,,,,,,,
,,,,,,,,,,,,,,,,
,,,,,,,,,,,,,,,,
,,,,,,,,,,,,,,,,
,,,,,,,,,,,,,,,,
,,,,,,,,,,,,,,,,
,,,,,,,,,,,,,,,,
,,,,,,,,,,,,,,,,
,,,,,,,,,,,,,,,,
,,,,,,,,,,,,,,,,
,,,,,,,,,,,,,,,,
,,,,,,,,,,,,,,,,
,,,,,,,,,,,,,,,,
,,,,,,,,,,,,,,,,
,,,,,,,,,,,,,,,,
,,,,,,,,,,,,,,,,
,,,,,,,,,,,,,,,,
,,,,,,,,,,,,,,,,
,,,,,,,,,,,,,,,,
,,,,,,,,,,,,,,,,
,,,,,,,,,,,,,,,,
,,,,,,,,,,,,,,,,
,,,,,,,,,,,,,,,,
,,,,,,,,,,,,,,,,
,,,,,,,,,,,,,,,,
,,,,,,,,,,,,,,,,
,,,,,,,,,,,,,,,,
,,,,,,,,,,,,,,,,
,,,,,,,,,,,,,,,,
,,,,,,,,,,,,,,,,
,,,,,,,,,,,,,,,,
,,,,,,,,,,,,,,,,
,,,,,,,,,,,,,,,,
,,,,,,,,,,,,,,,,
,,,,,,,,,,,,,,,,
,,,,,,,,,,,,,,,,
,,,,,,,,,,,,,,,,
,,,,,,,,,,,,,,,,
,,,,,,,,,,,,,,,,
,,,,,,,,,,,,,,,,
,,,,,,,,,,,,,,,,
,,,,,,,,,,,,,,,,
,,,,,,,,,,,,,,,,
,,,,,,,,,,,,,,,,
,,,,,,,,,,,,,,,,
,,,,,,,,,,,,,,,,
,,,,,,,,,,,,,,,,
,,,,,,,,,,,,,,,,
,,,,,,,,,,,,,,,,
,,,,,,,,,,,,,,,,
,,,,,,,,,,,,,,,,
,,,,,,,,,,,,,,,,
,,,,,,,,,,,,,,,,
,,,,,,,,,,,,,,,,
,,,,,,,,,,,,,,,,
,,,,,,,,,,,,,,,,
,,,,,,,,,,,,,,,,
,,,,,,,,,,,,,,,,
,,,,,,,,,,,,,,,,
,,,,,,,,,,,,,,,,
,,,,,,,,,,,,,,,,
,,,,,,,,,,,,,,,,
,,,,,,,,,,,,,,,,
,,,,,,,,,,,,,,,,
,,,,,,,,,,,,,,,,
,,,,,,,,,,,,,,,,
,,,,,,,,,,,,,,,,
,,,,,,,,,,,,,,,,
,,,,,,,,,,,,,,,,
,,,,,,,,,,,,,,,,
,,,,,,,,,,,,,,,,
,,,,,,,,,,,,,,,,
,,,,,,,,,,,,,,,,
,,,,,,,,,,,,,,,,
,,,,,,,,,,,,,,,,
,,,,,,,,,,,,,,,,
,,,,,,,,,,,,,,,,
,,,,,,,,,,,,,,,,
,,,,,,,,,,,,,,,,
,,,,,,,,,,,,,,,,
,,,,,,,,,,,,,,,,
,,,,,,,,,,,,,,,,
,,,,,,,,,,,,,,,,
,,,,,,,,,,,,,,,,
,,,,,,,,,,,,,,,,
,,,,,,,,,,,,,,,,
,,,,,,,,,,,,,,,,
,,,,,,,,,,,,,,,,
,,,,,,,,,,,,,,,,
,,,,,,,,,,,,,,,,
,,,,,,,,,,,,,,,,
,,,,,,,,,,,,,,,,
,,,,,,,,,,,,,,,,
,,,,,,,,,,,,,,,,
,,,,,,,,,,,,,,,,
,,,,,,,,,,,,,,,,
,,,,,,,,,,,,,,,,
,,,,,,,,,,,,,,,,
,,,,,,,,,,,,,,,,
,,,,,,,,,,,,,,,,
,,,,,,,,,,,,,,,,
,,,,,,,,,,,,,,,,
,,,,,,,,,,,,,,,,
,,,,,,,,,,,,,,,,
,,,,,,,,,,,,,,,,
,,,,,,,,,,,,,,,,
,,,,,,,,,,,,,,,,
,,,,,,,,,,,,,,,,
,,,,,,,,,,,,,,,,
,,,,,,,,,,,,,,,,
,,,,,,,,,,,,,,,,
,,,,,,,,,,,,,,,,
,,,,,,,,,,,,,,,,
,,,,,,,,,,,,,,,,
,,,,,,,,,,,,,,,,
,,,,,,,,,,,,,,,,
,,,,,,,,,,,,,,,,
,,,,,,,,,,,,,,,,
,,,,,,,,,,,,,,,,
,,,,,,,,,,,,,,,,
,,,,,,,,,,,,,,,,
,,,,,,,,,,,,,,,,
,,,,,,,,,,,,,,,,
,,,,,,,,,,,,,,,,
,,,,,,,,,,,,,,,,
,,,,,,,,,,,,,,,,
,,,,,,,,,,,,,,,,
,,,,,,,,,,,,,,,,
,,,,,,,,,,,,,,,,
,,,,,,,,,,,,,,,,
,,,,,,,,,,,,,,,,
,,,,,,,,,,,,,,,,
,,,,,,,,,,,,,,,,
,,,,,,,,,,,,,,,,
,,,,,,,,,,,,,,,,
,,,,,,,,,,,,,,,,
,,,,,,,,,,,,,,,,
,,,,,,,,,,,,,,,,
,,,,,,,,,,,,,,,,
,,,,,,,,,,,,,,,,
,,,,,,,,,,,,,,,,
,,,,,,,,,,,,,,,,
,,,,,,,,,,,,,,,,
,,,,,,,,,,,,,,,,
,,,,,,,,,,,,,,,,
,,,,,,,,,,,,,,,,
,,,,,,,,,,,,,,,,
,,,,,,,,,,,,,,,,
,,,,,,,,,,,,,,,,
,,,,,,,,,,,,,,,,
,,,,,,,,,,,,,,,,
,,,,,,,,,,,,,,,,
,,,,,,,,,,,,,,,,
,,,,,,,,,,,,,,,,
,,,,,,,,,,,,,,,,
,,,,,,,,,,,,,,,,
,,,,,,,,,,,,,,,,
,,,,,,,,,,,,,,,,
,,,,,,,,,,,,,,,,
,,,,,,,,,,,,,,,,
,,,,,,,,,,,,,,,,
,,,,,,,,,,,,,,,,
,,,,,,,,,,,,,,,,
,,,,,,,,,,,,,,,,
,,,,,,,,,,,,,,,,
,,,,,,,,,,,,,,,,
,,,,,,,,,,,,,,,,
,,,,,,,,,,,,,,,,
,,,,,,,,,,,,,,,,
,,,,,,,,,,,,,,,,
,,,,,,,,,,,,,,,,
,,,,,,,,,,,,,,,,
,,,,,,,,,,,,,,,,
,,,,,,,,,,,,,,,,
,,,,,,,,,,,,,,,,
,,,,,,,,,,,,,,,,
,,,,,,,,,,,,,,,,
,,,,,,,,,,,,,,,,
,,,,,,,,,,,,,,,,
,,,,,,,,,,,,,,,,
,,,,,,,,,,,,,,,,
,,,,,,,,,,,,,,,,
,,,,,,,,,,,,,,,,
,,,,,,,,,,,,,,,,
,,,,,,,,,,,,,,,,
,,,,,,,,,,,,,,,,
,,,,,,,,,,,,,,,,
,,,,,,,,,,,,,,,,
,,,,,,,,,,,,,,,,
,,,,,,,,,,,,,,,,
,,,,,,,,,,,,,,,,
,,,,,,,,,,,,,,,,
,,,,,,,,,,,,,,,,
,,,,,,,,,,,,,,,,
,,,,,,,,,,,,,,,,
,,,,,,,,,,,,,,,,
,,,,,,,,,,,,,,,,
,,,,,,,,,,,,,,,,
,,,,,,,,,,,,,,,,
,,,,,,,,,,,,,,,,
,,,,,,,,,,,,,,,,
,,,,,,,,,,,,,,,,
,,,,,,,,,,,,,,,,
,,,,,,,,,,,,,,,,
,,,,,,,,,,,,,,,,
,,,,,,,,,,,,,,,,
,,,,,,,,,,,,,,,,
,,,,,,,,,,,,,,,,
,,,,,,,,,,,,,,,,
,,,,,,,,,,,,,,,,
,,,,,,,,,,,,,,,,
,,,,,,,,,,,,,,,,
,,,,,,,,,,,,,,,,
,,,,,,,,,,,,,,,,
,,,,,,,,,,,,,,,,
,,,,,,,,,,,,,,,,
,,,,,,,,,,,,,,,,
,,,,,,,,,,,,,,,,
,,,,,,,,,,,,,,,,
,,,,,,,,,,,,,,,,
,,,,,,,,,,,,,,,,
,,,,,,,,,,,,,,,,
,,,,,,,,,,,,,,,,
,,,,,,,,,,,,,,,,
,,,,,,,,,,,,,,,,
,,,,,,,,,,,,,,,,
,,,,,,,,,,,,,,,,
,,,,,,,,,,,,,,,,
,,,,,,,,,,,,,,,,
,,,,,,,,,,,,,,,,
,,,,,,,,,,,,,,,,
,,,,,,,,,,,,,,,,
,,,,,,,,,,,,,,,,
,,,,,,,,,,,,,,,,
,,,,,,,,,,,,,,,,
,,,,,,,,,,,,,,,,
,,,,,,,,,,,,,,,,
,,,,,,,,,,,,,,,,
,,,,,,,,,,,,,,,,
,,,,,,,,,,,,,,,,
,,,,,,,,,,,,,,,,
,,,,,,,,,,,,,,,,
,,,,,,,,,,,,,,,,
,,,,,,,,,,,,,,,,
,,,,,,,,,,,,,,,,
,,,,,,,,,,,,,,,,
,,,,,,,,,,,,,,,,
,,,,,,,,,,,,,,,,
,,,,,,,,,,,,,,,,
,,,,,,,,,,,,,,,,
,,,,,,,,,,,,,,,,
,,,,,,,,,,,,,,,,
,,,,,,,,,,,,,,,,
,,,,,,,,,,,,,,,,
,,,,,,,,,,,,,,,,
,,,,,,,,,,,,,,,,
,,,,,,,,,,,,,,,,
,,,,,,,,,,,,,,,,
,,,,,,,,,,,,,,,,
,,,,,,,,,,,,,,,,
,,,,,,,,,,,,,,,,
,,,,,,,,,,,,,,,,
,,,,,,,,,,,,,,,,
,,,,,,,,,,,,,,,,
,,,,,,,,,,,,,,,,
,,,,,,,,,,,,,,,,
,,,,,,,,,,,,,,,,
,,,,,,,,,,,,,,,,
,,,,,,,,,,,,,,,,
,,,,,,,,,,,,,,,,
,,,,,,,,,,,,,,,,
,,,,,,,,,,,,,,,,
,,,,,,,,,,,,,,,,
,,,,,,,,,,,,,,,,
,,,,,,,,,,,,,,,,
,,,,,,,,,,,,,,,,
,,,,,,,,,,,,,,,,
,,,,,,,,,,,,,,,,
,,,,,,,,,,,,,,,,
,,,,,,,,,,,,,,,,
,,,,,,,,,,,,,,,,
,,,,,,,,,,,,,,,,
,,,,,,,,,,,,,,,,
,,,,,,,,,,,,,,,,
,,,,,,,,,,,,,,,,
,,,,,,,,,,,,,,,,
,,,,,,,,,,,,,,,,
,,,,,,,,,,,,,,,,
,,,,,,,,,,,,,,,,
,,,,,,,,,,,,,,,,
,,,,,,,,,,,,,,,,
,,,,,,,,,,,,,,,,
,,,,,,,,,,,,,,,,
,,,,,,,,,,,,,,,,
,,,,,,,,,,,,,,,,
,,,,,,,,,,,,,,,,
,,,,,,,,,,,,,,,,
,,,,,,,,,,,,,,,,
,,,,,,,,,,,,,,,,
,,,,,,,,,,,,,,,,
,,,,,,,,,,,,,,,,
,,,,,,,,,,,,,,,,
,,,,,,,,,,,,,,,,
,,,,,,,,,,,,,,,,
,,,,,,,,,,,,,,,,
,,,,,,,,,,,,,,,,
,,,,,,,,,,,,,,,,
,,,,,,,,,,,,,,,,
,,,,,,,,,,,,,,,,
,,,,,,,,,,,,,,,,
,,,,,,,,,,,,,,,,
,,,,,,,,,,,,,,,,
,,,,,,,,,,,,,,,,
,,,,,,,,,,,,,,,,
,,,,,,,,,,,,,,,,
,,,,,,,,,,,,,,,,
,,,,,,,,,,,,,,,,
,,,,,,,,,,,,,,,,
,,,,,,,,,,,,,,,,
,,,,,,,,,,,,,,,,
,,,,,,,,,,,,,,,,
,,,,,,,,,,,,,,,,
,,,,,,,,,,,,,,,,
,,,,,,,,,,,,,,,,
,,,,,,,,,,,,,,,,
,,,,,,,,,,,,,,,,
,,,,,,,,,,,,,,,,
,,,,,,,,,,,,,,,,
,,,,,,,,,,,,,,,,
,,,,,,,,,,,,,,,,
,,,,,,,,,,,,,,,,
,,,,,,,,,,,,,,,,
,,,,,,,,,,,,,,,,
,,,,,,,,,,,,,,,,
,,,,,,,,,,,,,,,,
,,,,,,,,,,,,,,,,
,,,,,,,,,,,,,,,,
,,,,,,,,,,,,,,,,
,,,,,,,,,,,,,,,,
,,,,,,,,,,,,,,,,
,,,,,,,,,,,,,,,,
,,,,,,,,,,,,,,,,
,,,,,,,,,,,,,,,,
,,,,,,,,,,,,,,,,
,,,,,,,,,,,,,,,,
,,,,,,,,,,,,,,,,
,,,,,,,,,,,,,,,,
,,,,,,,,,,,,,,,,
,,,,,,,,,,,,,,,,
,,,,,,,,,,,,,,,,
,,,,,,,,,,,,,,,,
,,,,,,,,,,,,,,,,
,,,,,,,,,,,,,,,,
,,,,,,,,,,,,,,,,
,,,,,,,,,,,,,,,,
,,,,,,,,,,,,,,,,
,,,,,,,,,,,,,,,,
,,,,,,,,,,,,,,,,
,,,,,,,,,,,,,,,,
,,,,,,,,,,,,,,,,
,,,,,,,,,,,,,,,,
,,,,,,,,,,,,,,,,
,,,,,,,,,,,,,,,,
,,,,,,,,,,,,,,,,
,,,,,,,,,,,,,,,,
,,,,,,,,,,,,,,,,
,,,,,,,,,,,,,,,,
,,,,,,,,,,,,,,,,
,,,,,,,,,,,,,,,,
,,,,,,,,,,,,,,,,
,,,,,,,,,,,,,,,,
,,,,,,,,,,,,,,,,
,,,,,,,,,,,,,,,,
,,,,,,,,,,,,,,,,
,,,,,,,,,,,,,,,,
,,,,,,,,,,,,,,,,
,,,,,,,,,,,,,,,,
,,,,,,,,,,,,,,,,
,,,,,,,,,,,,,,,,
,,,,,,,,,,,,,,,,
,,,,,,,,,,,,,,,,
,,,,,,,,,,,,,,,,
,,,,,,,,,,,,,,,,
,,,,,,,,,,,,,,,,
,,,,,,,,,,,,,,,,
,,,,,,,,,,,,,,,,
,,,,,,,,,,,,,,,,
,,,,,,,,,,,,,,,,
,,,,,,,,,,,,,,,,
,,,,,,,,,,,,,,,,
,,,,,,,,,,,,,,,,
,,,,,,,,,,,,,,,,
,,,,,,,,,,,,,,,,
,,,,,,,,,,,,,,,,
,,,,,,,,,,,,,,,,
,,,,,,,,,,,,,,,,
,,,,,,,,,,,,,,,,
,,,,,,,,,,,,,,,,
,,,,,,,,,,,,,,,,
,,,,,,,,,,,,,,,,
,,,,,,,,,,,,,,,,
,,,,,,,,,,,,,,,,
,,,,,,,,,,,,,,,,
,,,,,,,,,,,,,,,,
,,,,,,,,,,,,,,,,
,,,,,,,,,,,,,,,,
,,,,,,,,,,,,,,,,
,,,,,,,,,,,,,,,,
,,,,,,,,,,,,,,,,
,,,,,,,,,,,,,,,,
,,,,,,,,,,,,,,,,
,,,,,,,,,,,,,,,,
,,,,,,,,,,,,,,,,
,,,,,,,,,,,,,,,,
,,,,,,,,,,,,,,,,
,,,,,,,,,,,,,,,,
,,,,,,,,,,,,,,,,
,,,,,,,,,,,,,,,,
,,,,,,,,,,,,,,,,
,,,,,,,,,,,,,,,,
,,,,,,,,,,,,,,,,
,,,,,,,,,,,,,,,,
,,,,,,,,,,,,,,,,
,,,,,,,,,,,,,,,,
,,,,,,,,,,,,,,,,
,,,,,,,,,,,,,,,,
,,,,,,,,,,,,,,,,
,,,,,,,,,,,,,,,,
,,,,,,,,,,,,,,,,
,,,,,,,,,,,,,,,,
,,,,,,,,,,,,,,,,
,,,,,,,,,,,,,,,,
,,,,,,,,,,,,,,,,
,,,,,,,,,,,,,,,,
,,,,,,,,,,,,,,,,
,,,,,,,,,,,,,,,,
,,,,,,,,,,,,,,,,
,,,,,,,,,,,,,,,,
,,,,,,,,,,,,,,,,
,,,,,,,,,,,,,,,,
,,,,,,,,,,,,,,,,
,,,,,,,,,,,,,,,,
,,,,,,,,,,,,,,,,
,,,,,,,,,,,,,,,,
,,,,,,,,,,,,,,,,
,,,,,,,,,,,,,,,,
,,,,,,,,,,,,,,,,
,,,,,,,,,,,,,,,,
,,,,,,,,,,,,,,,,
,,,,,,,,,,,,,,,,
,,,,,,,,,,,,,,,,
,,,,,,,,,,,,,,,,
,,,,,,,,,,,,,,,,
,,,,,,,,,,,,,,,,
,,,,,,,,,,,,,,,,
,,,,,,,,,,,,,,,,
,,,,,,,,,,,,,,,,
,,,,,,,,,,,,,,,,
,,,,,,,,,,,,,,,,
,,,,,,,,,,,,,,,,
,,,,,,,,,,,,,,,,
,,,,,,,,,,,,,,,,
,,,,,,,,,,,,,,,,
,,,,,,,,,,,,,,,,
,,,,,,,,,,,,,,,,
,,,,,,,,,,,,,,,,
,,,,,,,,,,,,,,,,
,,,,,,,,,,,,,,,,
,,,,,,,,,,,,,,,,
,,,,,,,,,,,,,,,,
,,,,,,,,,,,,,,,,
,,,,,,,,,,,,,,,,
,,,,,,,,,,,,,,,,
,,,,,,,,,,,,,,,,
,,,,,,,,,,,,,,,,
,,,,,,,,,,,,,,,,
,,,,,,,,,,,,,,,,
,,,,,,,,,,,,,,,,
,,,,,,,,,,,,,,,,
,,,,,,,,,,,,,,,,
,,,,,,,,,,,,,,,,
,,,,,,,,,,,,,,,,
,,,,,,,,,,,,,,,,
,,,,,,,,,,,,,,,,
,,,,,,,,,,,,,,,,
,,,,,,,,,,,,,,,,
,,,,,,,,,,,,,,,,
,,,,,,,,,,,,,,,,
,,,,,,,,,,,,,,,,
,,,,,,,,,,,,,,,,
,,,,,,,,,,,,,,,,
,,,,,,,,,,,,,,,,
,,,,,,,,,,,,,,,,
,,,,,,,,,,,,,,,,
,,,,,,,,,,,,,,,,
,,,,,,,,,,,,,,,,
,,,,,,,,,,,,,,,,
,,,,,,,,,,,,,,,,
,,,,,,,,,,,,,,,,
,,,,,,,,,,,,,,,,
,,,,,,,,,,,,,,,,
,,,,,,,,,,,,,,,,
,,,,,,,,,,,,,,,,
,,,,,,,,,,,,,,,,
,,,,,,,,,,,,,,,,
,,,,,,,,,,,,,,,,
,,,,,,,,,,,,,,,,
,,,,,,,,,,,,,,,,
,,,,,,,,,,,,,,,,
,,,,,,,,,,,,,,,,
,,,,,,,,,,,,,,,,
,,,,,,,,,,,,,,,,
,,,,,,,,,,,,,,,,
,,,,,,,,,,,,,,,,
,,,,,,,,,,,,,,,,
,,,,,,,,,,,,,,,,
,,,,,,,,,,,,,,,,
,,,,,,,,,,,,,,,,
,,,,,,,,,,,,,,,,
,,,,,,,,,,,,,,,,
,,,,,,,,,,,,,,,,
,,,,,,,,,,,,,,,,
,,,,,,,,,,,,,,,,
,,,,,,,,,,,,,,,,
,,,,,,,,,,,,,,,,
,,,,,,,,,,,,,,,,
,,,,,,,,,,,,,,,,
,,,,,,,,,,,,,,,,
,,,,,,,,,,,,,,,,
,,,,,,,,,,,,,,,,
,,,,,,,,,,,,,,,,
,,,,,,,,,,,,,,,,
,,,,,,,,,,,,,,,,
,,,,,,,,,,,,,,,,
,,,,,,,,,,,,,,,,
,,,,,,,,,,,,,,,,
,,,,,,,,,,,,,,,,
,,,,,,,,,,,,,,,,
,,,,,,,,,,,,,,,,
,,,,,,,,,,,,,,,,
,,,,,,,,,,,,,,,,
,,,,,,,,,,,,,,,,
,,,,,,,,,,,,,,,,
,,,,,,,,,,,,,,,,
,,,,,,,,,,,,,,,,
,,,,,,,,,,,,,,,,
,,,,,,,,,,,,,,,,
,,,,,,,,,,,,,,,,
,,,,,,,,,,,,,,,,
,,,,,,,,,,,,,,,,
,,,,,,,,,,,,,,,,
,,,,,,,,,,,,,,,,
,,,,,,,,,,,,,,,,
,,,,,,,,,,,,,,,,
,,,,,,,,,,,,,,,,
,,,,,,,,,,,,,,,,
,,,,,,,,,,,,,,,,
,,,,,,,,,,,,,,,,
,,,,,,,,,,,,,,,,
,,,,,,,,,,,,,,,,
,,,,,,,,,,,,,,,,
,,,,,,,,,,,,,,,,
,,,,,,,,,,,,,,,,
,,,,,,,,,,,,,,,,
,,,,,,,,,,,,,,,,
,,,,,,,,,,,,,,,,
,,,,,,,,,,,,,,,,
,,,,,,,,,,,,,,,,
,,,,,,,,,,,,,,,,
,,,,,,,,,,,,,,,,
,,,,,,,,,,,,,,,,
,,,,,,,,,,,,,,,,
,,,,,,,,,,,,,,,,
,,,,,,,,,,,,,,,,
,,,,,,,,,,,,,,,,
,,,,,,,,,,,,,,,,
,,,,,,,,,,,,,,,,
,,,,,,,,,,,,,,,,
,,,,,,,,,,,,,,,,
,,,,,,,,,,,,,,,,
,,,,,,,,,,,,,,,,
,,,,,,,,,,,,,,,,
,,,,,,,,,,,,,,,,
,,,,,,,,,,,,,,,,
,,,,,,,,,,,,,,,,
,,,,,,,,,,,,,,,,
,,,,,,,,,,,,,,,,
,,,,,,,,,,,,,,,,
,,,,,,,,,,,,,,,,
,,,,,,,,,,,,,,,,
,,,,,,,,,,,,,,,,
,,,,,,,,,,,,,,,,
,,,,,,,,,,,,,,,,
,,,,,,,,,,,,,,,,
,,,,,,,,,,,,,,,,
,,,,,,,,,,,,,,,,
,,,,,,,,,,,,,,,,
,,,,,,,,,,,,,,,,
,,,,,,,,,,,,,,,,
,,,,,,,,,,,,,,,,
,,,,,,,,,,,,,,,,
,,,,,,,,,,,,,,,,
,,,,,,,,,,,,,,,,
,,,,,,,,,,,,,,,,
,,,,,,,,,,,,,,,,
,,,,,,,,,,,,,,,,
,,,,,,,,,,,,,,,,
,,,,,,,,,,,,,,,,
,,,,,,,,,,,,,,,,
,,,,,,,,,,,,,,,,
,,,,,,,,,,,,,,,,
,,,,,,,,,,,,,,,,
,,,,,,,,,,,,,,,,
,,,,,,,,,,,,,,,,
,,,,,,,,,,,,,,,,
,,,,,,,,,,,,,,,,
,,,,,,,,,,,,,,,,
,,,,,,,,,,,,,,,,
,,,,,,,,,,,,,,,,
,,,,,,,,,,,,,,,,
,,,,,,,,,,,,,,,,
,,,,,,,,,,,,,,,,
,,,,,,,,,,,,,,,,
,,,,,,,,,,,,,,,,
,,,,,,,,,,,,,,,,
,,,,,,,,,,,,,,,,
,,,,,,,,,,,,,,,,
,,,,,,,,,,,,,,,,
,,,,,,,,,,,,,,,,
,,,,,,,,,,,,,,,,
,,,,,,,,,,,,,,,,
,,,,,,,,,,,,,,,,
,,,,,,,,,,,,,,,,
,,,,,,,,,,,,,,,,
,,,,,,,,,,,,,,,,
,,,,,,,,,,,,,,,,
,,,,,,,,,,,,,,,,
,,,,,,,,,,,,,,,,
,,,,,,,,,,,,,,,,
,,,,,,,,,,,,,,,,
,,,,,,,,,,,,,,,,
,,,,,,,,,,,,,,,,
,,,,,,,,,,,,,,,,
,,,,,,,,,,,,,,,,
,,,,,,,,,,,,,,,,
,,,,,,,,,,,,,,,,
,,,,,,,,,,,,,,,,
,,,,,,,,,,,,,,,,
,,,,,,,,,,,,,,,,
,,,,,,,,,,,,,,,,
,,,,,,,,,,,,,,,,
,,,,,,,,,,,,,,,,
,,,,,,,,,,,,,,,,
,,,,,,,,,,,,,,,,
,,,,,,,,,,,,,,,,
,,,,,,,,,,,,,,,,
,,,,,,,,,,,,,,,,
,,,,,,,,,,,,,,,,
,,,,,,,,,,,,,,,,
,,,,,,,,,,,,,,,,
,,,,,,,,,,,,,,,,
,,,,,,,,,,,,,,,,
,,,,,,,,,,,,,,,,
,,,,,,,,,,,,,,,,
,,,,,,,,,,,,,,,,
,,,,,,,,,,,,,,,,
,,,,,,,,,,,,,,,,
,,,,,,,,,,,,,,,,
,,,,,,,,,,,,,,,,
,,,,,,,,,,,,,,,,
,,,,,,,,,,,,,,,,
,,,,,,,,,,,,,,,,
,,,,,,,,,,,,,,,,
,,,,,,,,,,,,,,,,
,,,,,,,,,,,,,,,,
,,,,,,,,,,,,,,,,
,,,,,,,,,,,,,,,,
,,,,,,,,,,,,,,,,
,,,,,,,,,,,,,,,,
,,,,,,,,,,,,,,,,
,,,,,,,,,,,,,,,,
,,,,,,,,,,,,,,,,
,,,,,,,,,,,,,,,,
,,,,,,,,,,,,,,,,
,,,,,,,,,,,,,,,,
,,,,,,,,,,,,,,,,
,,,,,,,,,,,,,,,,
,,,,,,,,,,,,,,,,
,,,,,,,,,,,,,,,,
,,,,,,,,,,,,,,,,
,,,,,,,,,,,,,,,,
,,,,,,,,,,,,,,,,
,,,,,,,,,,,,,,,,
,,,,,,,,,,,,,,,,
,,,,,,,,,,,,,,,,
,,,,,,,,,,,,,,,,
,,,,,,,,,,,,,,,,
,,,,,,,,,,,,,,,,
,,,,,,,,,,,,,,,,
,,,,,,,,,,,,,,,,
,,,,,,,,,,,,,,,,
,,,,,,,,,,,,,,,,
,,,,,,,,,,,,,,,,
,,,,,,,,,,,,,,,,
,,,,,,,,,,,,,,,,
,,,,,,,,,,,,,,,,
,,,,,,,,,,,,,,,,
,,,,,,,,,,,,,,,,
,,,,,,,,,,,,,,,,
,,,,,,,,,,,,,,,,
,,,,,,,,,,,,,,,,
,,,,,,,,,,,,,,,,
,,,,,,,,,,,,,,,,
,,,,,,,,,,,,,,,,
,,,,,,,,,,,,,,,,
,,,,,,,,,,,,,,,,
,,,,,,,,,,,,,,,,
,,,,,,,,,,,,,,,,
,,,,,,,,,,,,,,,,
,,,,,,,,,,,,,,,,
,,,,,,,,,,,,,,,,
,,,,,,,,,,,,,,,,
,,,,,,,,,,,,,,,,
,,,,,,,,,,,,,,,,
,,,,,,,,,,,,,,,,
,,,,,,,,,,,,,,,,
,,,,,,,,,,,,,,,,
,,,,,,,,,,,,,,,,
,,,,,,,,,,,,,,,,
,,,,,,,,,,,,,,,,
,,,,,,,,,,,,,,,,
,,,,,,,,,,,,,,,,
,,,,,,,,,,,,,,,,
,,,,,,,,,,,,,,,,
,,,,,,,,,,,,,,,,
,,,,,,,,,,,,,,,,
,,,,,,,,,,,,,,,,
,,,,,,,,,,,,,,,,
,,,,,,,,,,,,,,,,
,,,,,,,,,,,,,,,,
,,,,,,,,,,,,,,,,
,,,,,,,,,,,,,,,,
,,,,,,,,,,,,,,,,
,,,,,,,,,,,,,,,,
,,,,,,,,,,,,,,,,
,,,,,,,,,,,,,,,,
,,,,,,,,,,,,,,,,
,,,,,,,,,,,,,,,,
,,,,,,,,,,,,,,,,
,,,,,,,,,,,,,,,,
,,,,,,,,,,,,,,,,
,,,,,,,,,,,,,,,,
,,,,,,,,,,,,,,,,
,,,,,,,,,,,,,,,,
,,,,,,,,,,,,,,,,
,,,,,,,,,,,,,,,,
,,,,,,,,,,,,,,,,
,,,,,,,,,,,,,,,,
,,,,,,,,,,,,,,,,
,,,,,,,,,,,,,,,,
,,,,,,,,,,,,,,,,
,,,,,,,,,,,,,,,,
,,,,,,,,,,,,,,,,
,,,,,,,,,,,,,,,,
,,,,,,,,,,,,,,,,
,,,,,,,,,,,,,,,,
,,,,,,,,,,,,,,,,
,,,,,,,,,,,,,,,,
,,,,,,,,,,,,,,,,
,,,,,,,,,,,,,,,,
,,,,,,,,,,,,,,,,
,,,,,,,,,,,,,,,,
,,,,,,,,,,,,,,,,
,,,,,,,,,,,,,,,,
,,,,,,,,,,,,,,,,
,,,,,,,,,,,,,,,,
,,,,,,,,,,,,,,,,
,,,,,,,,,,,,,,,,
,,,,,,,,,,,,,,,,
,,,,,,,,,,,,,,,,
,,,,,,,,,,,,,,,,
,,,,,,,,,,,,,,,,
,,,,,,,,,,,,,,,,
,,,,,,,,,,,,,,,,
,,,,,,,,,,,,,,,,
,,,,,,,,,,,,,,,,
,,,,,,,,,,,,,,,,
,,,,,,,,,,,,,,,,
,,,,,,,,,,,,,,,,
,,,,,,,,,,,,,,,,
,,,,,,,,,,,,,,,,
,,,,,,,,,,,,,,,,
,,,,,,,,,,,,,,,,
,,,,,,,,,,,,,,,,
,,,,,,,,,,,,,,,,
,,,,,,,,,,,,,,,,
,,,,,,,,,,,,,,,,
,,,,,,,,,,,,,,,,
,,,,,,,,,,,,,,,,
,,,,,,,,,,,,,,,,
,,,,,,,,,,,,,,,,
,,,,,,,,,,,,,,,,
,,,,,,,,,,,,,,,,
,,,,,,,,,,,,,,,,
,,,,,,,,,,,,,,,,
,,,,,,,,,,,,,,,,
,,,,,,,,,,,,,,,,
,,,,,,,,,,,,,,,,
,,,,,,,,,,,,,,,,
,,,,,,,,,,,,,,,,
,,,,,,,,,,,,,,,,
,,,,,,,,,,,,,,,,
,,,,,,,,,,,,,,,,
,,,,,,,,,,,,,,,,
,,,,,,,,,,,,,,,,
,,,,,,,,,,,,,,,,
,,,,,,,,,,,,,,,,
,,,,,,,,,,,,,,,,
,,,,,,,,,,,,,,,,
,,,,,,,,,,,,,,,,
,,,,,,,,,,,,,,,,
,,,,,,,,,,,,,,,,
,,,,,,,,,,,,,,,,
,,,,,,,,,,,,,,,,
,,,,,,,,,,,,,,,,
,,,,,,,,,,,,,,,,
,,,,,,,,,,,,,,,,
,,,,,,,,,,,,,,,,
,,,,,,,,,,,,,,,,
,,,,,,,,,,,,,,,,
,,,,,,,,,,,,,,,,
,,,,,,,,,,,,,,,,
,,,,,,,,,,,,,,,,
,,,,,,,,,,,,,,,,
,,,,,,,,,,,,,,,,
,,,,,,,,,,,,,,,,
,,,,,,,,,,,,,,,,
,,,,,,,,,,,,,,,,
,,,,,,,,,,,,,,,,
,,,,,,,,,,,,,,,,
,,,,,,,,,,,,,,,,
,,,,,,,,,,,,,,,,
,,,,,,,,,,,,,,,,
,,,,,,,,,,,,,,,,
,,,,,,,,,,,,,,,,
,,,,,,,,,,,,,,,,
,,,,,,,,,,,,,,,,
,,,,,,,,,,,,,,,,
,,,,,,,,,,,,,,,,
,,,,,,,,,,,,,,,,
,,,,,,,,,,,,,,,,
,,,,,,,,,,,,,,,,
,,,,,,,,,,,,,,,,
,,,,,,,,,,,,,,,,
,,,,,,,,,,,,,,,,
,,,,,,,,,,,,,,,,
,,,,,,,,,,,,,,,,
,,,,,,,,,,,,,,,,
,,,,,,,,,,,,,,,,
,,,,,,,,,,,,,,,,
,,,,,,,,,,,,,,,,
,,,,,,,,,,,,,,,,
,,,,,,,,,,,,,,,,
,,,,,,,,,,,,,,,,
,,,,,,,,,,,,,,,,
,,,,,,,,,,,,,,,,
,,,,,,,,,,,,,,,,
,,,,,,,,,,,,,,,,
,,,,,,,,,,,,,,,,
,,,,,,,,,,,,,,,,
,,,,,,,,,,,,,,,,
,,,,,,,,,,,,,,,,
,,,,,,,,,,,,,,,,
,,,,,,,,,,,,,,,,
,,,,,,,,,,,,,,,,
,,,,,,,,,,,,,,,,
,,,,,,,,,,,,,,,,
,,,,,,,,,,,,,,,,
,,,,,,,,,,,,,,,,
,,,,,,,,,,,,,,,,
,,,,,,,,,,,,,,,,
,,,,,,,,,,,,,,,,
,,,,,,,,,,,,,,,,
,,,,,,,,,,,,,,,,
,,,,,,,,,,,,,,,,
,,,,,,,,,,,,,,,,
,,,,,,,,,,,,,,,,
,,,,,,,,,,,,,,,,
,,,,,,,,,,,,,,,,
,,,,,,,,,,,,,,,,
,,,,,,,,,,,,,,,,
,,,,,,,,,,,,,,,,
,,,,,,,,,,,,,,,,
,,,,,,,,,,,,,,,,
,,,,,,,,,,,,,,,,
,,,,,,,,,,,,,,,,
,,,,,,,,,,,,,,,,
,,,,,,,,,,,,,,,,
,,,,,,,,,,,,,,,,
,,,,,,,,,,,,,,,,
,,,,,,,,,,,,,,,,
,,,,,,,,,,,,,,,,
,,,,,,,,,,,,,,,,
,,,,,,,,,,,,,,,,
,,,,,,,,,,,,,,,,
,,,,,,,,,,,,,,,,
,,,,,,,,,,,,,,,,
,,,,,,,,,,,,,,,,
,,,,,,,,,,,,,,,,
,,,,,,,,,,,,,,,,
,,,,,,,,,,,,,,,,
,,,,,,,,,,,,,,,,
,,,,,,,,,,,,,,,,
,,,,,,,,,,,,,,,,
,,,,,,,,,,,,,,,,
,,,,,,,,,,,,,,,,
,,,,,,,,,,,,,,,,
,,,,,,,,,,,,,,,,
,,,,,,,,,,,,,,,,
,,,,,,,,,,,,,,,,
,,,,,,,,,,,,,,,,
,,,,,,,,,,,,,,,,
,,,,,,,,,,,,,,,,
,,,,,,,,,,,,,,,,
,,,,,,,,,,,,,,,,
,,,,,,,,,,,,,,,,
,,,,,,,,,,,,,,,,
,,,,,,,,,,,,,,,,
,,,,,,,,,,,,,,,,
,,,,,,,,,,,,,,,,
,,,,,,,,,,,,,,,,
,,,,,,,,,,,,,,,,
,,,,,,,,,,,,,,,,
,,,,,,,,,,,,,,,,
,,,,,,,,,,,,,,,,
,,,,,,,,,,,,,,,,
,,,,,,,,,,,,,,,,
,,,,,,,,,,,,,,,,
,,,,,,,,,,,,,,,,
,,,,,,,,,,,,,,,,
,,,,,,,,,,,,,,,,
,,,,,,,,,,,,,,,,
,,,,,,,,,,,,,,,,
,,,,,,,,,,,,,,,,
,,,,,,,,,,,,,,,,
,,,,,,,,,,,,,,,,
,,,,,,,,,,,,,,,,
,,,,,,,,,,,,,,,,
,,,,,,,,,,,,,,,,
,,,,,,,,,,,,,,,,
,,,,,,,,,,,,,,,,
,,,,,,,,,,,,,,,,
,,,,,,,,,,,,,,,,
,,,,,,,,,,,,,,,,
,,,,,,,,,,,,,,,,
,,,,,,,,,,,,,,,,
,,,,,,,,,,,,,,,,
,,,,,,,,,,,,,,,,
,,,,,,,,,,,,,,,,
,,,,,,,,,,,,,,,,
,,,,,,,,,,,,,,,,
,,,,,,,,,,,,,,,,
,,,,,,,,,,,,,,,,
,,,,,,,,,,,,,,,,
,,,,,,,,,,,,,,,,
,,,,,,,,,,,,,,,,
,,,,,,,,,,,,,,,,
,,,,,,,,,,,,,,,,
,,,,,,,,,,,,,,,,
,,,,,,,,,,,,,,,,
,,,,,,,,,,,,,,,,
,,,,,,,,,,,,,,,,
,,,,,,,,,,,,,,,,
,,,,,,,,,,,,,,,,
,,,,,,,,,,,,,,,,
,,,,,,,,,,,,,,,,
,,,,,,,,,,,,,,,,
,,,,,,,,,,,,,,,,
,,,,,,,,,,,,,,,,
,,,,,,,,,,,,,,,,
,,,,,,,,,,,,,,,,
,,,,,,,,,,,,,,,,
,,,,,,,,,,,,,,,,
,,,,,,,,,,,,,,,,
,,,,,,,,,,,,,,,,
,,,,,,,,,,,,,,,,
,,,,,,,,,,,,,,,,
,,,,,,,,,,,,,,,,
,,,,,,,,,,,,,,,,
,,,,,,,,,,,,,,,,
,,,,,,,,,,,,,,,,
,,,,,,,,,,,,,,,,
,,,,,,,,,,,,,,,,
,,,,,,,,,,,,,,,,
,,,,,,,,,,,,,,,,
,,,,,,,,,,,,,,,,
,,,,,,,,,,,,,,,,
,,,,,,,,,,,,,,,,
,,,,,,,,,,,,,,,,
,,,,,,,,,,,,,,,,
,,,,,,,,,,,,,,,,
,,,,,,,,,,,,,,,,
,,,,,,,,,,,,,,,,
,,,,,,,,,,,,,,,,
,,,,,,,,,,,,,,,,
,,,,,,,,,,,,,,,,
,,,,,,,,,,,,,,,,
,,,,,,,,,,,,,,,,
,,,,,,,,,,,,,,,,
,,,,,,,,,,,,,,,,
,,,,,,,,,,,,,,,,
,,,,,,,,,,,,,,,,
,,,,,,,,,,,,,,,,
,,,,,,,,,,,,,,,,
,,,,,,,,,,,,,,,,
,,,,,,,,,,,,,,,,
,,,,,,,,,,,,,,,,
,,,,,,,,,,,,,,,,
,,,,,,,,,,,,,,,,
,,,,,,,,,,,,,,,,
,,,,,,,,,,,,,,,,
,,,,,,,,,,,,,,,,
,,,,,,,,,,,,,,,,
,,,,,,,,,,,,,,,,
,,,,,,,,,,,,,,,,
,,,,,,,,,,,,,,,,
,,,,,,,,,,,,,,,,
,,,,,,,,,,,,,,,,
,,,,,,,,,,,,,,,,
,,,,,,,,,,,,,,,,
,,,,,,,,,,,,,,,,
,,,,,,,,,,,,,,,,
,,,,,,,,,,,,,,,,
,,,,,,,,,,,,,,,,
,,,,,,,,,,,,,,,,
,,,,,,,,,,,,,,,,
,,,,,,,,,,,,,,,,
,,,,,,,,,,,,,,,,
,,,,,,,,,,,,,,,,
,,,,,,,,,,,,,,,,
,,,,,,,,,,,,,,,,
,,,,,,,,,,,,,,,,
,,,,,,,,,,,,,,,,
,,,,,,,,,,,,,,,,
,,,,,,,,,,,,,,,,
,,,,,,,,,,,,,,,,
,,,,,,,,,,,,,,,,
,,,,,,,,,,,,,,,,
,,,,,,,,,,,,,,,,
,,,,,,,,,,,,,,,,
,,,,,,,,,,,,,,,,
,,,,,,,,,,,,,,,,
,,,,,,,,,,,,,,,,
,,,,,,,,,,,,,,,,
,,,,,,,,,,,,,,,,
,,,,,,,,,,,,,,,,
,,,,,,,,,,,,,,,,
,,,,,,,,,,,,,,,,
,,,,,,,,,,,,,,,,
,,,,,,,,,,,,,,,,
,,,,,,,,,,,,,,,,
,,,,,,,,,,,,,,,,
,,,,,,,,,,,,,,,,
,,,,,,,,,,,,,,,,
,,,,,,,,,,,,,,,,
,,,,,,,,,,,,,,,,
,,,,,,,,,,,,,,,,
,,,,,,,,,,,,,,,,
,,,,,,,,,,,,,,,,
,,,,,,,,,,,,,,,,
,,,,,,,,,,,,,,,,
,,,,,,,,,,,,,,,,
,,,,,,,,,,,,,,,,
,,,,,,,,,,,,,,,,
,,,,,,,,,,,,,,,,
,,,,,,,,,,,,,,,,
,,,,,,,,,,,,,,,,
,,,,,,,,,,,,,,,,
,,,,,,,,,,,,,,,,
,,,,,,,,,,,,,,,,
,,,,,,,,,,,,,,,,
,,,,,,,,,,,,,,,,
,,,,,,,,,,,,,,,,
,,,,,,,,,,,,,,,,
,,,,,,,,,,,,,,,,
,,,,,,,,,,,,,,,,
,,,,,,,,,,,,,,,,
,,,,,,,,,,,,,,,,
,,,,,,,,,,,,,,,,
,,,,,,,,,,,,,,,,
,,,,,,,,,,,,,,,,
,,,,,,,,,,,,,,,,
,,,,,,,,,,,,,,,,
,,,,,,,,,,,,,,,,
,,,,,,,,,,,,,,,,
,,,,,,,,,,,,,,,,
,,,,,,,,,,,,,,,,
,,,,,,,,,,,,,,,,
,,,,,,,,,,,,,,,,
,,,,,,,,,,,,,,,,
,,,,,,,,,,,,,,,,
,,,,,,,,,,,,,,,,
,,,,,,,,,,,,,,,,
,,,,,,,,,,,,,,,,
,,,,,,,,,,,,,,,,
,,,,,,,,,,,,,,,,
,,,,,,,,,,,,,,,,
,,,,,,,,,,,,,,,,
,,,,,,,,,,,,,,,,
,,,,,,,,,,,,,,,,
,,,,,,,,,,,,,,,,
,,,,,,,,,,,,,,,,
,,,,,,,,,,,,,,,,
,,,,,,,,,,,,,,,,
,,,,,,,,,,,,,,,,
,,,,,,,,,,,,,,,,
,,,,,,,,,,,,,,,,
,,,,,,,,,,,,,,,,
,,,,,,,,,,,,,,,,
,,,,,,,,,,,,,,,,
,,,,,,,,,,,,,,,,
,,,,,,,,,,,,,,,,
,,,,,,,,,,,,,,,,
,,,,,,,,,,,,,,,,
,,,,,,,,,,,,,,,,
,,,,,,,,,,,,,,,,
,,,,,,,,,,,,,,,,
,,,,,,,,,,,,,,,,
,,,,,,,,,,,,,,,,
,,,,,,,,,,,,,,,,
,,,,,,,,,,,,,,,,
,,,,,,,,,,,,,,,,
,,,,,,,,,,,,,,,,
,,,,,,,,,,,,,,,,
,,,,,,,,,,,,,,,,
,,,,,,,,,,,,,,,,
,,,,,,,,,,,,,,,,
,,,,,,,,,,,,,,,,
,,,,,,,,,,,,,,,,
,,,,,,,,,,,,,,,,
,,,,,,,,,,,,,,,,
,,,,,,,,,,,,,,,,
,,,,,,,,,,,,,,,,
,,,,,,,,,,,,,,,,
,,,,,,,,,,,,,,,,
,,,,,,,,,,,,,,,,
,,,,,,,,,,,,,,,,
,,,,,,,,,,,,,,,,
,,,,,,,,,,,,,,,,
,,,,,,,,,,,,,,,,
,,,,,,,,,,,,,,,,
,,,,,,,,,,,,,,,,
,,,,,,,,,,,,,,,,
,,,,,,,,,,,,,,,,
,,,,,,,,,,,,,,,,
,,,,,,,,,,,,,,,,
,,,,,,,,,,,,,,,,
,,,,,,,,,,,,,,,,
,,,,,,,,,,,,,,,,
,,,,,,,,,,,,,,,,
,,,,,,,,,,,,,,,,
,,,,,,,,,,,,,,,,
,,,,,,,,,,,,,,,,
,,,,,,,,,,,,,,,,
,,,,,,,,,,,,,,,,
,,,,,,,,,,,,,,,,
,,,,,,,,,,,,,,,,
,,,,,,,,,,,,,,,,
,,,,,,,,,,,,,,,,
,,,,,,,,,,,,,,,,
,,,,,,,,,,,,,,,,
,,,,,,,,,,,,,,,,
,,,,,,,,,,,,,,,,
,,,,,,,,,,,,,,,,
,,,,,,,,,,,,,,,,
,,,,,,,,,,,,,,,,
,,,,,,,,,,,,,,,,
,,,,,,,,,,,,,,,,
,,,,,,,,,,,,,,,,
,,,,,,,,,,,,,,,,
,,,,,,,,,,,,,,,,
,,,,,,,,,,,,,,,,
,,,,,,,,,,,,,,,,
,,,,,,,,,,,,,,,,
,,,,,,,,,,,,,,,,
,,,,,,,,,,,,,,,,
,,,,,,,,,,,,,,,,
,,,,,,,,,,,,,,,,
,,,,,,,,,,,,,,,,
,,,,,,,,,,,,,,,,
,,,,,,,,,,,,,,,,
,,,,,,,,,,,,,,,,
,,,,,,,,,,,,,,,,
,,,,,,,,,,,,,,,,
,,,,,,,,,,,,,,,,
,,,,,,,,,,,,,,,,
,,,,,,,,,,,,,,,,
,,,,,,,,,,,,,,,,
,,,,,,,,,,,,,,,,
,,,,,,,,,,,,,,,,
,,,,,,,,,,,,,,,,
,,,,,,,,,,,,,,,,
,,,,,,,,,,,,,,,,
,,,,,,,,,,,,,,,,
,,,,,,,,,,,,,,,,
,,,,,,,,,,,,,,,,
,,,,,,,,,,,,,,,,
,,,,,,,,,,,,,,,,
,,,,,,,,,,,,,,,,
,,,,,,,,,,,,,,,,
,,,,,,,,,,,,,,,,
,,,,,,,,,,,,,,,,
,,,,,,,,,,,,,,,,
,,,,,,,,,,,,,,,,
,,,,,,,,,,,,,,,,
,,,,,,,,,,,,,,,,
,,,,,,,,,,,,,,,,
,,,,,,,,,,,,,,,,
,,,,,,,,,,,,,,,,
,,,,,,,,,,,,,,,,
,,,,,,,,,,,,,,,,
,,,,,,,,,,,,,,,,
,,,,,,,,,,,,,,,,
,,,,,,,,,,,,,,,,
,,,,,,,,,,,,,,,,
,,,,,,,,,,,,,,,,
,,,,,,,,,,,,,,,,
,,,,,,,,,,,,,,,,
,,,,,,,,,,,,,,,,
,,,,,,,,,,,,,,,,
,,,,,,,,,,,,,,,,
,,,,,,,,,,,,,,,,
,,,,,,,,,,,,,,,,
,,,,,,,,,,,,,,,,
,,,,,,,,,,,,,,,,
,,,,,,,,,,,,,,,,
,,,,,,,,,,,,,,,,
,,,,,,,,,,,,,,,,
,,,,,,,,,,,,,,,,
,,,,,,,,,,,,,,,,
,,,,,,,,,,,,,,,,
,,,,,,,,,,,,,,,,
,,,,,,,,,,,,,,,,
,,,,,,,,,,,,,,,,
,,,,,,,,,,,,,,,,
,,,,,,,,,,,,,,,,
,,,,,,,,,,,,,,,,
,,,,,,,,,,,,,,,,
,,,,,,,,,,,,,,,,
,,,,,,,,,,,,,,,,
,,,,,,,,,,,,,,,,
,,,,,,,,,,,,,,,,
,,,,,,,,,,,,,,,,
,,,,,,,,,,,,,,,,
,,,,,,,,,,,,,,,,
,,,,,,,,,,,,,,,,
,,,,,,,,,,,,,,,,
,,,,,,,,,,,,,,,,
,,,,,,,,,,,,,,,,
,,,,,,,,,,,,,,,,
,,,,,,,,,,,,,,,,
,,,,,,,,,,,,,,,,
,,,,,,,,,,,,,,,,
,,,,,,,,,,,,,,,,
,,,,,,,,,,,,,,,,
,,,,,,,,,,,,,,,,
,,,,,,,,,,,,,,,,
,,,,,,,,,,,,,,,,
,,,,,,,,,,,,,,,,
,,,,,,,,,,,,,,,,
,,,,,,,,,,,,,,,,
,,,,,,,,,,,,,,,,
,,,,,,,,,,,,,,,,
,,,,,,,,,,,,,,,,
,,,,,,,,,,,,,,,,
,,,,,,,,,,,,,,,,
,,,,,,,,,,,,,,,,
,,,,,,,,,,,,,,,,
,,,,,,,,,,,,,,,,
,,,,,,,,,,,,,,,,
,,,,,,,,,,,,,,,,
,,,,,,,,,,,,,,,,
,,,,,,,,,,,,,,,,
,,,,,,,,,,,,,,,,
,,,,,,,,,,,,,,,,
,,,,,,,,,,,,,,,,
,,,,,,,,,,,,,,,,
,,,,,,,,,,,,,,,,
,,,,,,,,,,,,,,,,
,,,,,,,,,,,,,,,,
,,,,,,,,,,,,,,,,
,,,,,,,,,,,,,,,,
,,,,,,,,,,,,,,,,
,,,,,,,,,,,,,,,,
,,,,,,,,,,,,,,,,
,,,,,,,,,,,,,,,,
,,,,,,,,,,,,,,,,
,,,,,,,,,,,,,,,,
,,,,,,,,,,,,,,,,
,,,,,,,,,,,,,,,,
,,,,,,,,,,,,,,,,
,,,,,,,,,,,,,,,,
,,,,,,,,,,,,,,,,
,,,,,,,,,,,,,,,,
,,,,,,,,,,,,,,,,
,,,,,,,,,,,,,,,,
,,,,,,,,,,,,,,,,
,,,,,,,,,,,,,,,,
,,,,,,,,,,,,,,,,
,,,,,,,,,,,,,,,,
,,,,,,,,,,,,,,,,
,,,,,,,,,,,,,,,,
,,,,,,,,,,,,,,,,
,,,,,,,,,,,,,,,,
,,,,,,,,,,,,,,,,
,,,,,,,,,,,,,,,,
,,,,,,,,,,,,,,,,
,,,,,,,,,,,,,,,,
,,,,,,,,,,,,,,,,
,,,,,,,,,,,,,,,,
,,,,,,,,,,,,,,,,
,,,,,,,,,,,,,,,,
,,,,,,,,,,,,,,,,
,,,,,,,,,,,,,,,,
,,,,,,,,,,,,,,,,
,,,,,,,,,,,,,,,,
,,,,,,,,,,,,,,,,
,,,,,,,,,,,,,,,,
,,,,,,,,,,,,,,,,
,,,,,,,,,,,,,,,,
,,,,,,,,,,,,,,,,
,,,,,,,,,,,,,,,,
,,,,,,,,,,,,,,,,
,,,,,,,,,,,,,,,,
,,,,,,,,,,,,,,,,
,,,,,,,,,,,,,,,,
,,,,,,,,,,,,,,,,
,,,,,,,,,,,,,,,,
,,,,,,,,,,,,,,,,
,,,,,,,,,,,,,,,,
,,,,,,,,,,,,,,,,
,,,,,,,,,,,,,,,,
,,,,,,,,,,,,,,,,
,,,,,,,,,,,,,,,,
,,,,,,,,,,,,,,,,
,,,,,,,,,,,,,,,,
,,,,,,,,,,,,,,,,
,,,,,,,,,,,,,,,,
,,,,,,,,,,,,,,,,
,,,,,,,,,,,,,,,,
,,,,,,,,,,,,,,,,
,,,,,,,,,,,,,,,,
,,,,,,,,,,,,,,,,
,,,,,,,,,,,,,,,,
,,,,,,,,,,,,,,,,
,,,,,,,,,,,,,,,,
,,,,,,,,,,,,,,,,
,,,,,,,,,,,,,,,,
,,,,,,,,,,,,,,,,
,,,,,,,,,,,,,,,,
,,,,,,,,,,,,,,,,
,,,,,,,,,,,,,,,,
,,,,,,,,,,,,,,,,
,,,,,,,,,,,,,,,,
,,,,,,,,,,,,,,,,
,,,,,,,,,,,,,,,,
,,,,,,,,,,,,,,,,
,,,,,,,,,,,,,,,,
,,,,,,,,,,,,,,,,
,,,,,,,,,,,,,,,,
,,,,,,,,,,,,,,,,
,,,,,,,,,,,,,,,,
,,,,,,,,,,,,,,,,
,,,,,,,,,,,,,,,,
,,,,,,,,,,,,,,,,
,,,,,,,,,,,,,,,,
,,,,,,,,,,,,,,,,
,,,,,,,,,,,,,,,,
,,,,,,,,,,,,,,,,
,,,,,,,,,,,,,,,,
,,,,,,,,,,,,,,,,
,,,,,,,,,,,,,,,,
,,,,,,,,,,,,,,,,
,,,,,,,,,,,,,,,,
,,,,,,,,,,,,,,,,
,,,,,,,,,,,,,,,,
,,,,,,,,,,,,,,,,
,,,,,,,,,,,,,,,,
,,,,,,,,,,,,,,,,
,,,,,,,,,,,,,,,,
,,,,,,,,,,,,,,,,
,,,,,,,,,,,,,,,,
,,,,,,,,,,,,,,,,
,,,,,,,,,,,,,,,,
,,,,,,,,,,,,,,,,
,,,,,,,,,,,,,,,,
,,,,,,,,,,,,,,,,
,,,,,,,,,,,,,,,,
,,,,,,,,,,,,,,,,
,,,,,,,,,,,,,,,,
,,,,,,,,,,,,,,,,
,,,,,,,,,,,,,,,,
,,,,,,,,,,,,,,,,
,,,,,,,,,,,,,,,,
,,,,,,,,,,,,,,,,
,,,,,,,,,,,,,,,,
,,,,,,,,,,,,,,,,
,,,,,,,,,,,,,,,,
,,,,,,,,,,,,,,,,
,,,,,,,,,,,,,,,,
,,,,,,,,,,,,,,,,
,,,,,,,,,,,,,,,,
,,,,,,,,,,,,,,,,
,,,,,,,,,,,,,,,,
,,,,,,,,,,,,,,,,
,,,,,,,,,,,,,,,,
,,,,,,,,,,,,,,,,
,,,,,,,,,,,,,,,,
,,,,,,,,,,,,,,,,
,,,,,,,,,,,,,,,,
,,,,,,,,,,,,,,,,
,,,,,,,,,,,,,,,,
,,,,,,,,,,,,,,,,
,,,,,,,,,,,,,,,,
,,,,,,,,,,,,,,,,
,,,,,,,,,,,,,,,,
,,,,,,,,,,,,,,,,
,,,,,,,,,,,,,,,,
,,,,,,,,,,,,,,,,
,,,,,,,,,,,,,,,,
,,,,,,,,,,,,,,,,
,,,,,,,,,,,,,,,,
,,,,,,,,,,,,,,,,
,,,,,,,,,,,,,,,,
,,,,,,,,,,,,,,,,
,,,,,,,,,,,,,,,,
,,,,,,,,,,,,,,,,
,,,,,,,,,,,,,,,,
,,,,,,,,,,,,,,,,
,,,,,,,,,,,,,,,,
,,,,,,,,,,,,,,,,
,,,,,,,,,,,,,,,,
,,,,,,,,,,,,,,,,
,,,,,,,,,,,,,,,,
,,,,,,,,,,,,,,,,
,,,,,,,,,,,,,,,,
,,,,,,,,,,,,,,,,
,,,,,,,,,,,,,,,,
,,,,,,,,,,,,,,,,
,,,,,,,,,,,,,,,,
,,,,,,,,,,,,,,,,
,,,,,,,,,,,,,,,,
,,,,,,,,,,,,,,,,
,,,,,,,,,,,,,,,,
,,,,,,,,,,,,,,,,
,,,,,,,,,,,,,,,,
,,,,,,,,,,,,,,,,
,,,,,,,,,,,,,,,,
,,,,,,,,,,,,,,,,
,,,,,,,,,,,,,,,,
,,,,,,,,,,,,,,,,
,,,,,,,,,,,,,,,,
,,,,,,,,,,,,,,,,
,,,,,,,,,,,,,,,,
,,,,,,,,,,,,,,,,
,,,,,,,,,,,,,,,,
,,,,,,,,,,,,,,,,
,,,,,,,,,,,,,,,,
,,,,,,,,,,,,,,,,
,,,,,,,,,,,,,,,,
,,,,,,,,,,,,,,,,
,,,,,,,,,,,,,,,,
,,,,,,,,,,,,,,,,
,,,,,,,,,,,,,,,,
,,,,,,,,,,,,,,,,
,,,,,,,,,,,,,,,,
,,,,,,,,,,,,,,,,
,,,,,,,,,,,,,,,,
,,,,,,,,,,,,,,,,
,,,,,,,,,,,,,,,,
,,,,,,,,,,,,,,,,
,,,,,,,,,,,,,,,,
,,,,,,,,,,,,,,,,
,,,,,,,,,,,,,,,,
,,,,,,,,,,,,,,,,
,,,,,,,,,,,,,,,,
,,,,,,,,,,,,,,,,
,,,,,,,,,,,,,,,,
,,,,,,,,,,,,,,,,
,,,,,,,,,,,,,,,,
,,,,,,,,,,,,,,,,
,,,,,,,,,,,,,,,,
,,,,,,,,,,,,,,,,
,,,,,,,,,,,,,,,,
,,,,,,,,,,,,,,,,
,,,,,,,,,,,,,,,,
,,,,,,,,,,,,,,,,
,,,,,,,,,,,,,,,,
,,,,,,,,,,,,,,,,
,,,,,,,,,,,,,,,,
,,,,,,,,,,,,,,,,
,,,,,,,,,,,,,,,,
,,,,,,,,,,,,,,,,
,,,,,,,,,,,,,,,,
,,,,,,,,,,,,,,,,
,,,,,,,,,,,,,,,,
,,,,,,,,,,,,,,,,
,,,,,,,,,,,,,,,,
,,,,,,,,,,,,,,,,
,,,,,,,,,,,,,,,,
,,,,,,,,,,,,,,,,
,,,,,,,,,,,,,,,,
,,,,,,,,,,,,,,,,
,,,,,,,,,,,,,,,,
,,,,,,,,,,,,,,,,
,,,,,,,,,,,,,,,,
,,,,,,,,,,,,,,,,
,,,,,,,,,,,,,,,,
,,,,,,,,,,,,,,,,
,,,,,,,,,,,,,,,,
,,,,,,,,,,,,,,,,
,,,,,,,,,,,,,,,,
,,,,,,,,,,,,,,,,
,,,,,,,,,,,,,,,,
,,,,,,,,,,,,,,,,
,,,,,,,,,,,,,,,,
,,,,,,,,,,,,,,,,
,,,,,,,,,,,,,,,,
,,,,,,,,,,,,,,,,
,,,,,,,,,,,,,,,,
,,,,,,,,,,,,,,,,
,,,,,,,,,,,,,,,,
,,,,,,,,,,,,,,,,
,,,,,,,,,,,,,,,,
,,,,,,,,,,,,,,,,
,,,,,,,,,,,,,,,,
,,,,,,,,,,,,,,,,
,,,,,,,,,,,,,,,,
,,,,,,,,,,,,,,,,
,,,,,,,,,,,,,,,,
,,,,,,,,,,,,,,,,
,,,,,,,,,,,,,,,,
,,,,,,,,,,,,,,,,
,,,,,,,,,,,,,,,,
,,,,,,,,,,,,,,,,
,,,,,,,,,,,,,,,,
,,,,,,,,,,,,,,,,
,,,,,,,,,,,,,,,,
,,,,,,,,,,,,,,,,
,,,,,,,,,,,,,,,,
,,,,,,,,,,,,,,,,
,,,,,,,,,,,,,,,,
,,,,,,,,,,,,,,,,
,,,,,,,,,,,,,,,,
,,,,,,,,,,,,,,,,
,,,,,,,,,,,,,,,,
,,,,,,,,,,,,,,,,
,,,,,,,,,,,,,,,,
,,,,,,,,,,,,,,,,
,,,,,,,,,,,,,,,,
,,,,,,,,,,,,,,,,
,,,,,,,,,,,,,,,,
,,,,,,,,,,,,,,,,
,,,,,,,,,,,,,,,,
,,,,,,,,,,,,,,,,
,,,,,,,,,,,,,,,,
,,,,,,,,,,,,,,,,
,,,,,,,,,,,,,,,,
,,,,,,,,,,,,,,,,
,,,,,,,,,,,,,,,,
,,,,,,,,,,,,,,,,
,,,,,,,,,,,,,,,,
,,,,,,,,,,,,,,,,
,,,,,,,,,,,,,,,,
,,,,,,,,,,,,,,,,
,,,,,,,,,,,,,,,,
,,,,,,,,,,,,,,,,
,,,,,,,,,,,,,,,,
,,,,,,,,,,,,,,,,
,,,,,,,,,,,,,,,,
,,,,,,,,,,,,,,,,
,,,,,,,,,,,,,,,,
,,,,,,,,,,,,,,,,
,,,,,,,,,,,,,,,,
,,,,,,,,,,,,,,,,
,,,,,,,,,,,,,,,,
,,,,,,,,,,,,,,,,
,,,,,,,,,,,,,,,,
,,,,,,,,,,,,,,,,
,,,,,,,,,,,,,,,,
,,,,,,,,,,,,,,,,
,,,,,,,,,,,,,,,,
,,,,,,,,,,,,,,,,
,,,,,,,,,,,,,,,,
,,,,,,,,,,,,,,,,
,,,,,,,,,,,,,,,,
,,,,,,,,,,,,,,,,
,,,,,,,,,,,,,,,,
,,,,,,,,,,,,,,,,
,,,,,,,,,,,,,,,,
,,,,,,,,,,,,,,,,
,,,,,,,,,,,,,,,,
,,,,,,,,,,,,,,,,
,,,,,,,,,,,,,,,,
,,,,,,,,,,,,,,,,
,,,,,,,,,,,,,,,,
,,,,,,,,,,,,,,,,
,,,,,,,,,,,,,,,,
,,,,,,,,,,,,,,,,
,,,,,,,,,,,,,,,,
,,,,,,,,,,,,,,,,
,,,,,,,,,,,,,,,,
,,,,,,,,,,,,,,,,
,,,,,,,,,,,,,,,,
,,,,,,,,,,,,,,,,
,,,,,,,,,,,,,,,,
,,,,,,,,,,,,,,,,
,,,,,,,,,,,,,,,,
,,,,,,,,,,,,,,,,
,,,,,,,,,,,,,,,,
,,,,,,,,,,,,,,,,
,,,,,,,,,,,,,,,,
,,,,,,,,,,,,,,,,
,,,,,,,,,,,,,,,,
,,,,,,,,,,,,,,,,
,,,,,,,,,,,,,,,,
,,,,,,,,,,,,,,,,
,,,,,,,,,,,,,,,,
,,,,,,,,,,,,,,,,
,,,,,,,,,,,,,,,,
,,,,,,,,,,,,,,,,
,,,,,,,,,,,,,,,,
,,,,,,,,,,,,,,,,
,,,,,,,,,,,,,,,,
,,,,,,,,,,,,,,,,
,,,,,,,,,,,,,,,,
,,,,,,,,,,,,,,,,
,,,,,,,,,,,,,,,,
,,,,,,,,,,,,,,,,
,,,,,,,,,,,,,,,,
,,,,,,,,,,,,,,,,
,,,,,,,,,,,,,,,,
,,,,,,,,,,,,,,,,
,,,,,,,,,,,,,,,,
,,,,,,,,,,,,,,,,
,,,,,,,,,,,,,,,,
,,,,,,,,,,,,,,,,
,,,,,,,,,,,,,,,,
,,,,,,,,,,,,,,,,
,,,,,,,,,,,,,,,,
,,,,,,,,,,,,,,,,
,,,,,,,,,,,,,,,,
,,,,,,,,,,,,,,,,
,,,,,,,,,,,,,,,,
,,,,,,,,,,,,,,,,
,,,,,,,,,,,,,,,,
,,,,,,,,,,,,,,,,
,,,,,,,,,,,,,,,,
,,,,,,,,,,,,,,,,
,,,,,,,,,,,,,,,,
,,,,,,,,,,,,,,,,
,,,,,,,,,,,,,,,,
,,,,,,,,,,,,,,,,
,,,,,,,,,,,,,,,,
,,,,,,,,,,,,,,,,
,,,,,,,,,,,,,,,,
,,,,,,,,,,,,,,,,
,,,,,,,,,,,,,,,,
,,,,,,,,,,,,,,,,
,,,,,,,,,,,,,,,,
,,,,,,,,,,,,,,,,
,,,,,,,,,,,,,,,,
,,,,,,,,,,,,,,,,
,,,,,,,,,,,,,,,,
,,,,,,,,,,,,,,,,
,,,,,,,,,,,,,,,,
,,,,,,,,,,,,,,,,
,,,,,,,,,,,,,,,,
,,,,,,,,,,,,,,,,
,,,,,,,,,,,,,,,,
,,,,,,,,,,,,,,,,
,,,,,,,,,,,,,,,,
,,,,,,,,,,,,,,,,
,,,,,,,,,,,,,,,,
,,,,,,,,,,,,,,,,
,,,,,,,,,,,,,,,,
,,,,,,,,,,,,,,,,
,,,,,,,,,,,,,,,,
,,,,,,,,,,,,,,,,
,,,,,,,,,,,,,,,,
,,,,,,,,,,,,,,,,
,,,,,,,,,,,,,,,,
,,,,,,,,,,,,,,,,
,,,,,,,,,,,,,,,,
,,,,,,,,,,,,,,,,
,,,,,,,,,,,,,,,,
,,,,,,,,,,,,,,,,
,,,,,,,,,,,,,,,,
,,,,,,,,,,,,,,,,
,,,,,,,,,,,,,,,,
,,,,,,,,,,,,,,,,
,,,,,,,,,,,,,,,,
,,,,,,,,,,,,,,,,
,,,,,,,,,,,,,,,,
,,,,,,,,,,,,,,,,
,,,,,,,,,,,,,,,,
,,,,,,,,,,,,,,,,
,,,,,,,,,,,,,,,,
,,,,,,,,,,,,,,,,
,,,,,,,,,,,,,,,,
,,,,,,,,,,,,,,,,
,,,,,,,,,,,,,,,,
,,,,,,,,,,,,,,,,
,,,,,,,,,,,,,,,,
,,,,,,,,,,,,,,,,
,,,,,,,,,,,,,,,,
,,,,,,,,,,,,,,,,
,,,,,,,,,,,,,,,,
,,,,,,,,,,,,,,,,
,,,,,,,,,,,,,,,,
,,,,,,,,,,,,,,,,
,,,,,,,,,,,,,,,,
,,,,,,,,,,,,,,,,
,,,,,,,,,,,,,,,,
,,,,,,,,,,,,,,,,
,,,,,,,,,,,,,,,,
,,,,,,,,,,,,,,,,
,,,,,,,,,,,,,,,,
,,,,,,,,,,,,,,,,
,,,,,,,,,,,,,,,,
,,,,,,,,,,,,,,,,
,,,,,,,,,,,,,,,,
,,,,,,,,,,,,,,,,
,,,,,,,,,,,,,,,,
,,,,,,,,,,,,,,,,
,,,,,,,,,,,,,,,,
,,,,,,,,,,,,,,,,
,,,,,,,,,,,,,,,,
,,,,,,,,,,,,,,,,
,,,,,,,,,,,,,,,,
,,,,,,,,,,,,,,,,
,,,,,,,,,,,,,,,,
,,,,,,,,,,,,,,,,
,,,,,,,,,,,,,,,,
,,,,,,,,,,,,,,,,
,,,,,,,,,,,,,,,,
,,,,,,,,,,,,,,,,
,,,,,,,,,,,,,,,,
,,,,,,,,,,,,,,,,
,,,,,,,,,,,,,,,,
,,,,,,,,,,,,,,,,
,,,,,,,,,,,,,,,,
,,,,,,,,,,,,,,,,
,,,,,,,,,,,,,,,,
,,,,,,,,,,,,,,,,
,,,,,,,,,,,,,,,,
,,,,,,,,,,,,,,,,
,,,,,,,,,,,,,,,,
,,,,,,,,,,,,,,,,
,,,,,,,,,,,,,,,,
,,,,,,,,,,,,,,,,
,,,,,,,,,,,,,,,,
,,,,,,,,,,,,,,,,
,,,,,,,,,,,,,,,,
,,,,,,,,,,,,,,,,
,,,,,,,,,,,,,,,,
,,,,,,,,,,,,,,,,
,,,,,,,,,,,,,,,,
,,,,,,,,,,,,,,,,
,,,,,,,,,,,,,,,,
,,,,,,,,,,,,,,,,
,,,,,,,,,,,,,,,,
,,,,,,,,,,,,,,,,
,,,,,,,,,,,,,,,,
,,,,,,,,,,,,,,,,
,,,,,,,,,,,,,,,,
,,,,,,,,,,,,,,,,
,,,,,,,,,,,,,,,,
,,,,,,,,,,,,,,,,
,,,,,,,,,,,,,,,,
,,,,,,,,,,,,,,,,
,,,,,,,,,,,,,,,,
,,,,,,,,,,,,,,,,
,,,,,,,,,,,,,,,,
,,,,,,,,,,,,,,,,
,,,,,,,,,,,,,,,,
,,,,,,,,,,,,,,,,
,,,,,,,,,,,,,,,,
,,,,,,,,,,,,,,,,
,,,,,,,,,,,,,,,,
,,,,,,,,,,,,,,,,
,,,,,,,,,,,,,,,,
,,,,,,,,,,,,,,,,
,,,,,,,,,,,,,,,,
,,,,,,,,,,,,,,,,
,,,,,,,,,,,,,,,,
,,,,,,,,,,,,,,,,
,,,,,,,,,,,,,,,,
,,,,,,,,,,,,,,,,
,,,,,,,,,,,,,,,,
,,,,,,,,,,,,,,,,
,,,,,,,,,,,,,,,,
,,,,,,,,,,,,,,,,
,,,,,,,,,,,,,,,,
,,,,,,,,,,,,,,,,
,,,,,,,,,,,,,,,,
,,,,,,,,,,,,,,,,
,,,,,,,,,,,,,,,,
,,,,,,,,,,,,,,,,
,,,,,,,,,,,,,,,,
,,,,,,,,,,,,,,,,
,,,,,,,,,,,,,,,,
,,,,,,,,,,,,,,,,
,,,,,,,,,,,,,,,,
,,,,,,,,,,,,,,,,
,,,,,,,,,,,,,,,,
,,,,,,,,,,,,,,,,
,,,,,,,,,,,,,,,,
,,,,,,,,,,,,,,,,
,,,,,,,,,,,,,,,,
,,,,,,,,,,,,,,,,
,,,,,,,,,,,,,,,,
,,,,,,,,,,,,,,,,
,,,,,,,,,,,,,,,,
,,,,,,,,,,,,,,,,
,,,,,,,,,,,,,,,,
,,,,,,,,,,,,,,,,
,,,,,,,,,,,,,,,,
,,,,,,,,,,,,,,,,
,,,,,,,,,,,,,,,,
,,,,,,,,,,,,,,,,
,,,,,,,,,,,,,,,,
,,,,,,,,,,,,,,,,
,,,,,,,,,,,,,,,,
,,,,,,,,,,,,,,,,
,,,,,,,,,,,,,,,,
,,,,,,,,,,,,,,,,
,,,,,,,,,,,,,,,,
,,,,,,,,,,,,,,,,
,,,,,,,,,,,,,,,,
,,,,,,,,,,,,,,,,
,,,,,,,,,,,,,,,,
,,,,,,,,,,,,,,,,
,,,,,,,,,,,,,,,,
,,,,,,,,,,,,,,,,
,,,,,,,,,,,,,,,,
,,,,,,,,,,,,,,,,
,,,,,,,,,,,,,,,,
,,,,,,,,,,,,,,,,
,,,,,,,,,,,,,,,,
,,,,,,,,,,,,,,,,
,,,,,,,,,,,,,,,,
,,,,,,,,,,,,,,,,
,,,,,,,,,,,,,,,,
,,,,,,,,,,,,,,,,
,,,,,,,,,,,,,,,,
,,,,,,,,,,,,,,,,
,,,,,,,,,,,,,,,,
,,,,,,,,,,,,,,,,
,,,,,,,,,,,,,,,,
,,,,,,,,,,,,,,,,
,,,,,,,,,,,,,,,,
,,,,,,,,,,,,,,,,
,,,,,,,,,,,,,,,,
,,,,,,,,,,,,,,,,
,,,,,,,,,,,,,,,,
,,,,,,,,,,,,,,,,
,,,,,,,,,,,,,,,,
,,,,,,,,,,,,,,,,
,,,,,,,,,,,,,,,,
,,,,,,,,,,,,,,,,
,,,,,,,,,,,,,,,,
,,,,,,,,,,,,,,,,
,,,,,,,,,,,,,,,,
,,,,,,,,,,,,,,,,
,,,,,,,,,,,,,,,,
,,,,,,,,,,,,,,,,
,,,,,,,,,,,,,,,,
,,,,,,,,,,,,,,,,
,,,,,,,,,,,,,,,,
,,,,,,,,,,,,,,,,
,,,,,,,,,,,,,,,,
,,,,,,,,,,,,,,,,
,,,,,,,,,,,,,,,,
,,,,,,,,,,,,,,,,
,,,,,,,,,,,,,,,,
,,,,,,,,,,,,,,,,
,,,,,,,,,,,,,,,,
,,,,,,,,,,,,,,,,
,,,,,,,,,,,,,,,,
,,,,,,,,,,,,,,,,
,,,,,,,,,,,,,,,,
,,,,,,,,,,,,,,,,
,,,,,,,,,,,,,,,,
,,,,,,,,,,,,,,,,
,,,,,,,,,,,,,,,,
,,,,,,,,,,,,,,,,
,,,,,,,,,,,,,,,,
,,,,,,,,,,,,,,,,
,,,,,,,,,,,,,,,,
,,,,,,,,,,,,,,,,
,,,,,,,,,,,,,,,,
,,,,,,,,,,,,,,,,
,,,,,,,,,,,,,,,,
,,,,,,,,,,,,,,,,
,,,,,,,,,,,,,,,,
,,,,,,,,,,,,,,,,
,,,,,,,,,,,,,,,,
,,,,,,,,,,,,,,,,
,,,,,,,,,,,,,,,,
,,,,,,,,,,,,,,,,
,,,,,,,,,,,,,,,,
,,,,,,,,,,,,,,,,
,,,,,,,,,,,,,,,,
,,,,,,,,,,,,,,,,
,,,,,,,,,,,,,,,,
,,,,,,,,,,,,,,,,
,,,,,,,,,,,,,,,,
,,,,,,,,,,,,,,,,
,,,,,,,,,,,,,,,,
,,,,,,,,,,,,,,,,
,,,,,,,,,,,,,,,,
,,,,,,,,,,,,,,,,
,,,,,,,,,,,,,,,,
,,,,,,,,,,,,,,,,
,,,,,,,,,,,,,,,,
,,,,,,,,,,,,,,,,
,,,,,,,,,,,,,,,,
,,,,,,,,,,,,,,,,
,,,,,,,,,,,,,,,,
,,,,,,,,,,,,,,,,
,,,,,,,,,,,,,,,,
,,,,,,,,,,,,,,,,
,,,,,,,,,,,,,,,,
,,,,,,,,,,,,,,,,
,,,,,,,,,,,,,,,,
,,,,,,,,,,,,,,,,
,,,,,,,,,,,,,,,,
,,,,,,,,,,,,,,,,
,,,,,,,,,,,,,,,,
,,,,,,,,,,,,,,,,
,,,,,,,,,,,,,,,,
,,,,,,,,,,,,,,,,
,,,,,,,,,,,,,,,,
,,,,,,,,,,,,,,,,
,,,,,,,,,,,,,,,,
,,,,,,,,,,,,,,,,
,,,,,,,,,,,,,,,,
,,,,,,,,,,,,,,,,
,,,,,,,,,,,,,,,,
,,,,,,,,,,,,,,,,
,,,,,,,,,,,,,,,,
,,,,,,,,,,,,,,,,
,,,,,,,,,,,,,,,,
,,,,,,,,,,,,,,,,
,,,,,,,,,,,,,,,,
,,,,,,,,,,,,,,,,
,,,,,,,,,,,,,,,,
,,,,,,,,,,,,,,,,
,,,,,,,,,,,,,,,,
,,,,,,,,,,,,,,,,
,,,,,,,,,,,,,,,,
,,,,,,,,,,,,,,,,
,,,,,,,,,,,,,,,,
,,,,,,,,,,,,,,,,
,,,,,,,,,,,,,,,,
,,,,,,,,,,,,,,,,
,,,,,,,,,,,,,,,,
,,,,,,,,,,,,,,,,
,,,,,,,,,,,,,,,,
,,,,,,,,,,,,,,,,
,,,,,,,,,,,,,,,,
,,,,,,,,,,,,,,,,
,,,,,,,,,,,,,,,,
,,,,,,,,,,,,,,,,
,,,,,,,,,,,,,,,,
,,,,,,,,,,,,,,,,
,,,,,,,,,,,,,,,,
,,,,,,,,,,,,,,,,
,,,,,,,,,,,,,,,,
,,,,,,,,,,,,,,,,
,,,,,,,,,,,,,,,,
,,,,,,,,,,,,,,,,
,,,,,,,,,,,,,,,,
,,,,,,,,,,,,,,,,
,,,,,,,,,,,,,,,,
,,,,,,,,,,,,,,,,
,,,,,,,,,,,,,,,,
,,,,,,,,,,,,,,,,
,,,,,,,,,,,,,,,,
,,,,,,,,,,,,,,,,
,,,,,,,,,,,,,,,,
,,,,,,,,,,,,,,,,
,,,,,,,,,,,,,,,,
,,,,,,,,,,,,,,,,
,,,,,,,,,,,,,,,,
,,,,,,,,,,,,,,,,
,,,,,,,,,,,,,,,,
,,,,,,,,,,,,,,,,
,,,,,,,,,,,,,,,,
,,,,,,,,,,,,,,,,
,,,,,,,,,,,,,,,,
,,,,,,,,,,,,,,,,
,,,,,,,,,,,,,,,,
,,,,,,,,,,,,,,,,
,,,,,,,,,,,,,,,,
,,,,,,,,,,,,,,,,
,,,,,,,,,,,,,,,,
,,,,,,,,,,,,,,,,
,,,,,,,,,,,,,,,,
,,,,,,,,,,,,,,,,
,,,,,,,,,,,,,,,,
,,,,,,,,,,,,,,,,
,,,,,,,,,,,,,,,,
,,,,,,,,,,,,,,,,
,,,,,,,,,,,,,,,,
,,,,,,,,,,,,,,,,
,,,,,,,,,,,,,,,,
,,,,,,,,,,,,,,,,
,,,,,,,,,,,,,,,,
,,,,,,,,,,,,,,,,
,,,,,,,,,,,,,,,,
,,,,,,,,,,,,,,,,
,,,,,,,,,,,,,,,,
,,,,,,,,,,,,,,,,
,,,,,,,,,,,,,,,,
,,,,,,,,,,,,,,,,
,,,,,,,,,,,,,,,,
,,,,,,,,,,,,,,,,
,,,,,,,,,,,,,,,,
,,,,,,,,,,,,,,,,
,,,,,,,,,,,,,,,,
,,,,,,,,,,,,,,,,
,,,,,,,,,,,,,,,,
,,,,,,,,,,,,,,,,
,,,,,,,,,,,,,,,,
,,,,,,,,,,,,,,,,
,,,,,,,,,,,,,,,,
,,,,,,,,,,,,,,,,
,,,,,,,,,,,,,,,,
,,,,,,,,,,,,,,,,
,,,,,,,,,,,,,,,,
,,,,,,,,,,,,,,,,
,,,,,,,,,,,,,,,,
,,,,,,,,,,,,,,,,
,,,,,,,,,,,,,,,,
,,,,,,,,,,,,,,,,
,,,,,,,,,,,,,,,,
,,,,,,,,,,,,,,,,
,,,,,,,,,,,,,,,,
,,,,,,,,,,,,,,,,
,,,,,,,,,,,,,,,,
,,,,,,,,,,,,,,,,
,,,,,,,,,,,,,,,,
,,,,,,,,,,,,,,,,
,,,,,,,,,,,,,,,,
,,,,,,,,,,,,,,,,
,,,,,,,,,,,,,,,,
,,,,,,,,,,,,,,,,
,,,,,,,,,,,,,,,,
,,,,,,,,,,,,,,,,
,,,,,,,,,,,,,,,,
,,,,,,,,,,,,,,,,
,,,,,,,,,,,,,,,,
,,,,,,,,,,,,,,,,
,,,,,,,,,,,,,,,,
,,,,,,,,,,,,,,,,
,,,,,,,,,,,,,,,,
,,,,,,,,,,,,,,,,
,,,,,,,,,,,,,,,,
,,,,,,,,,,,,,,,,
,,,,,,,,,,,,,,,,
,,,,,,,,,,,,,,,,
,,,,,,,,,,,,,,,,
,,,,,,,,,,,,,,,,
,,,,,,,,,,,,,,,,
,,,,,,,,,,,,,,,,
,,,,,,,,,,,,,,,,
,,,,,,,,,,,,,,,,
,,,,,,,,,,,,,,,,
,,,,,,,,,,,,,,,,
,,,,,,,,,,,,,,,,
,,,,,,,,,,,,,,,,
,,,,,,,,,,,,,,,,
,,,,,,,,,,,,,,,,
,,,,,,,,,,,,,,,,
,,,,,,,,,,,,,,,,
,,,,,,,,,,,,,,,,
,,,,,,,,,,,,,,,,
,,,,,,,,,,,,,,,,
,,,,,,,,,,,,,,,,
,,,,,,,,,,,,,,,,
,,,,,,,,,,,,,,,,
,,,,,,,,,,,,,,,,
,,,,,,,,,,,,,,,,
,,,,,,,,,,,,,,,,
,,,,,,,,,,,,,,,,
,,,,,,,,,,,,,,,,
,,,,,,,,,,,,,,,,
,,,,,,,,,,,,,,,,
,,,,,,,,,,,,,,,,
,,,,,,,,,,,,,,,,
,,,,,,,,,,,,,,,,
,,,,,,,,,,,,,,,,
,,,,,,,,,,,,,,,,
,,,,,,,,,,,,,,,,
,,,,,,,,,,,,,,,,
,,,,,,,,,,,,,,,,
,,,,,,,,,,,,,,,,
,,,,,,,,,,,,,,,,
,,,,,,,,,,,,,,,,
,,,,,,,,,,,,,,,,
,,,,,,,,,,,,,,,,
,,,,,,,,,,,,,,,,
,,,,,,,,,,,,,,,,
,,,,,,,,,,,,,,,,
,,,,,,,,,,,,,,,,
,,,,,,,,,,,,,,,,
,,,,,,,,,,,,,,,,
,,,,,,,,,,,,,,,,
,,,,,,,,,,,,,,,,
,,,,,,,,,,,,,,,,
,,,,,,,,,,,,,,,,
,,,,,,,,,,,,,,,,
,,,,,,,,,,,,,,,,
,,,,,,,,,,,,,,,,
,,,,,,,,,,,,,,,,
,,,,,,,,,,,,,,,,
,,,,,,,,,,,,,,,,
,,,,,,,,,,,,,,,,
,,,,,,,,,,,,,,,,
,,,,,,,,,,,,,,,,
,,,,,,,,,,,,,,,,
,,,,,,,,,,,,,,,,
,,,,,,,,,,,,,,,,
,,,,,,,,,,,,,,,,
,,,,,,,,,,,,,,,,
,,,,,,,,,,,,,,,,
,,,,,,,,,,,,,,,,
,,,,,,,,,,,,,,,,
,,,,,,,,,,,,,,,,
,,,,,,,,,,,,,,,,
,,,,,,,,,,,,,,,,
,,,,,,,,,,,,,,,,
,,,,,,,,,,,,,,,,
,,,,,,,,,,,,,,,,
,,,,,,,,,,,,,,,,
,,,,,,,,,,,,,,,,
,,,,,,,,,,,,,,,,
,,,,,,,,,,,,,,,,
,,,,,,,,,,,,,,,,
,,,,,,,,,,,,,,,,
,,,,,,,,,,,,,,,,
,,,,,,,,,,,,,,,,
,,,,,,,,,,,,,,,,
,,,,,,,,,,,,,,,,
,,,,,,,,,,,,,,,,
,,,,,,,,,,,,,,,,
,,,,,,,,,,,,,,,,
,,,,,,,,,,,,,,,,
,,,,,,,,,,,,,,,,
,,,,,,,,,,,,,,,,
,,,,,,,,,,,,,,,,
,,,,,,,,,,,,,,,,
,,,,,,,,,,,,,,,,
,,,,,,,,,,,,,,,,
,,,,,,,,,,,,,,,,
,,,,,,,,,,,,,,,,
,,,,,,,,,,,,,,,,
,,,,,,,,,,,,,,,,
,,,,,,,,,,,,,,,,
,,,,,,,,,,,,,,,,
,,,,,,,,,,,,,,,,
,,,,,,,,,,,,,,,,
,,,,,,,,,,,,,,,,
,,,,,,,,,,,,,,,,
,,,,,,,,,,,,,,,,
,,,,,,,,,,,,,,,,
,,,,,,,,,,,,,,,,
,,,,,,,,,,,,,,,,
,,,,,,,,,,,,,,,,
,,,,,,,,,,,,,,,,
,,,,,,,,,,,,,,,,
,,,,,,,,,,,,,,,,
,,,,,,,,,,,,,,,,
,,,,,,,,,,,,,,,,
,,,,,,,,,,,,,,,,
,,,,,,,,,,,,,,,,
,,,,,,,,,,,,,,,,
,,,,,,,,,,,,,,,,
,,,,,,,,,,,,,,,,
,,,,,,,,,,,,,,,,
,,,,,,,,,,,,,,,,
,,,,,,,,,,,,,,,,
,,,,,,,,,,,,,,,,
,,,,,,,,,,,,,,,,
,,,,,,,,,,,,,,,,
,,,,,,,,,,,,,,,,
,,,,,,,,,,,,,,,,
,,,,,,,,,,,,,,,,
,,,,,,,,,,,,,,,,
,,,,,,,,,,,,,,,,
,,,,,,,,,,,,,,,,
,,,,,,,,,,,,,,,,
,,,,,,,,,,,,,,,,
,,,,,,,,,,,,,,,,
,,,,,,,,,,,,,,,,
,,,,,,,,,,,,,,,,
,,,,,,,,,,,,,,,,
,,,,,,,,,,,,,,,,
,,,,,,,,,,,,,,,,
,,,,,,,,,,,,,,,,
,,,,,,,,,,,,,,,,
,,,,,,,,,,,,,,,,
,,,,,,,,,,,,,,,,
,,,,,,,,,,,,,,,,
,,,,,,,,,,,,,,,,
,,,,,,,,,,,,,,,,
,,,,,,,,,,,,,,,,
,,,,,,,,,,,,,,,,
,,,,,,,,,,,,,,,,
,,,,,,,,,,,,,,,,
,,,,,,,,,,,,,,,,
,,,,,,,,,,,,,,,,
,,,,,,,,,,,,,,,,
,,,,,,,,,,,,,,,,
,,,,,,,,,,,,,,,,
,,,,,,,,,,,,,,,,
,,,,,,,,,,,,,,,,
,,,,,,,,,,,,,,,,
,,,,,,,,,,,,,,,,
,,,,,,,,,,,,,,,,
,,,,,,,,,,,,,,,,
,,,,,,,,,,,,,,,,
,,,,,,,,,,,,,,,,
,,,,,,,,,,,,,,,,
,,,,,,,,,,,,,,,,
,,,,,,,,,,,,,,,,
,,,,,,,,,,,,,,,,
,,,,,,,,,,,,,,,,
,,,,,,,,,,,,,,,,
,,,,,,,,,,,,,,,,
,,,,,,,,,,,,,,,,
,,,,,,,,,,,,,,,,
,,,,,,,,,,,,,,,,
,,,,,,,,,,,,,,,,
,,,,,,,,,,,,,,,,
,,,,,,,,,,,,,,,,
,,,,,,,,,,,,,,,,
,,,,,,,,,,,,,,,,
,,,,,,,,,,,,,,,,
,,,,,,,,,,,,,,,,
,,,,,,,,,,,,,,,,
,,,,,,,,,,,,,,,,
,,,,,,,,,,,,,,,,
,,,,,,,,,,,,,,,,
,,,,,,,,,,,,,,,,
,,,,,,,,,,,,,,,,
,,,,,,,,,,,,,,,,
,,,,,,,,,,,,,,,,
,,,,,,,,,,,,,,,,
,,,,,,,,,,,,,,,,
,,,,,,,,,,,,,,,,
,,,,,,,,,,,,,,,,
,,,,,,,,,,,,,,,,
,,,,,,,,,,,,,,,,
,,,,,,,,,,,,,,,,
,,,,,,,,,,,,,,,,
,,,,,,,,,,,,,,,,
,,,,,,,,,,,,,,,,
,,,,,,,,,,,,,,,,
,,,,,,,,,,,,,,,,
,,,,,,,,,,,,,,,,
,,,,,,,,,,,,,,,,
,,,,,,,,,,,,,,,,
,,,,,,,,,,,,,,,,
,,,,,,,,,,,,,,,,
,,,,,,,,,,,,,,,,
,,,,,,,,,,,,,,,,
,,,,,,,,,,,,,,,,
,,,,,,,,,,,,,,,,
,,,,,,,,,,,,,,,,
,,,,,,,,,,,,,,,,
,,,,,,,,,,,,,,,,
,,,,,,,,,,,,,,,,
,,,,,,,,,,,,,,,,
,,,,,,,,,,,,,,,,
,,,,,,,,,,,,,,,,
,,,,,,,,,,,,,,,,
,,,,,,,,,,,,,,,,
,,,,,,,,,,,,,,,,
,,,,,,,,,,,,,,,,
,,,,,,,,,,,,,,,,
,,,,,,,,,,,,,,,,
,,,,,,,,,,,,,,,,
,,,,,,,,,,,,,,,,
,,,,,,,,,,,,,,,,
,,,,,,,,,,,,,,,,
,,,,,,,,,,,,,,,,
,,,,,,,,,,,,,,,,
,,,,,,,,,,,,,,,,
,,,,,,,,,,,,,,,,
,,,,,,,,,,,,,,,,
,,,,,,,,,,,,,,,,
,,,,,,,,,,,,,,,,
,,,,,,,,,,,,,,,,
,,,,,,,,,,,,,,,,
,,,,,,,,,,,,,,,,
,,,,,,,,,,,,,,,,
,,,,,,,,,,,,,,,,
,,,,,,,,,,,,,,,,
,,,,,,,,,,,,,,,,
,,,,,,,,,,,,,,,,
,,,,,,,,,,,,,,,,
,,,,,,,,,,,,,,,,
,,,,,,,,,,,,,,,,
,,,,,,,,,,,,,,,,
,,,,,,,,,,,,,,,,
,,,,,,,,,,,,,,,,
,,,,,,,,,,,,,,,,
,,,,,,,,,,,,,,,,
,,,,,,,,,,,,,,,,
,,,,,,,,,,,,,,,,
,,,,,,,,,,,,,,,,
,,,,,,,,,,,,,,,,
,,,,,,,,,,,,,,,,
,,,,,,,,,,,,,,,,
,,,,,,,,,,,,,,,,
,,,,,,,,,,,,,,,,
,,,,,,,,,,,,,,,,
,,,,,,,,,,,,,,,,
,,,,,,,,,,,,,,,,
,,,,,,,,,,,,,,,,
,,,,,,,,,,,,,,,,
,,,,,,,,,,,,,,,,
,,,,,,,,,,,,,,,,
,,,,,,,,,,,,,,,,
,,,,,,,,,,,,,,,,
,,,,,,,,,,,,,,,,
,,,,,,,,,,,,,,,,
,,,,,,,,,,,,,,,,
,,,,,,,,,,,,,,,,
,,,,,,,,,,,,,,,,
,,,,,,,,,,,,,,,,
,,,,,,,,,,,,,,,,
,,,,,,,,,,,,,,,,
,,,,,,,,,,,,,,,,
,,,,,,,,,,,,,,,,
,,,,,,,,,,,,,,,,
,,,,,,,,,,,,,,,,
,,,,,,,,,,,,,,,,
,,,,,,,,,,,,,,,,
,,,,,,,,,,,,,,,,
,,,,,,,,,,,,,,,,
,,,,,,,,,,,,,,,,
,,,,,,,,,,,,,,,,
,,,,,,,,,,,,,,,,
,,,,,,,,,,,,,,,,
,,,,,,,,,,,,,,,,
,,,,,,,,,,,,,,,,
,,,,,,,,,,,,,,,,
,,,,,,,,,,,,,,,,
,,,,,,,,,,,,,,,,
,,,,,,,,,,,,,,,,
,,,,,,,,,,,,,,,,
,,,,,,,,,,,,,,,,
,,,,,,,,,,,,,,,,
,,,,,,,,,,,,,,,,
,,,,,,,,,,,,,,,,
,,,,,,,,,,,,,,,,
,,,,,,,,,,,,,,,,
,,,,,,,,,,,,,,,,
,,,,,,,,,,,,,,,,
,,,,,,,,,,,,,,,,
,,,,,,,,,,,,,,,,
,,,,,,,,,,,,,,,,
,,,,,,,,,,,,,,,,
,,,,,,,,,,,,,,,,
,,,,,,,,,,,,,,,,
,,,,,,,,,,,,,,,,
,,,,,,,,,,,,,,,,
,,,,,,,,,,,,,,,,
,,,,,,,,,,,,,,,,
,,,,,,,,,,,,,,,,
,,,,,,,,,,,,,,,,
,,,,,,,,,,,,,,,,
,,,,,,,,,,,,,,,,
,,,,,,,,,,,,,,,,
,,,,,,,,,,,,,,,,
,,,,,,,,,,,,,,,,
,,,,,,,,,,,,,,,,
,,,,,,,,,,,,,,,,
,,,,,,,,,,,,,,,,
,,,,,,,,,,,,,,,,
,,,,,,,,,,,,,,,,
,,,,,,,,,,,,,,,,
,,,,,,,,,,,,,,,,
,,,,,,,,,,,,,,,,
,,,,,,,,,,,,,,,,
,,,,,,,,,,,,,,,,
,,,,,,,,,,,,,,,,
,,,,,,,,,,,,,,,,
,,,,,,,,,,,,,,,,
,,,,,,,,,,,,,,,,
,,,,,,,,,,,,,,,,
,,,,,,,,,,,,,,,,
,,,,,,,,,,,,,,,,
,,,,,,,,,,,,,,,,
,,,,,,,,,,,,,,,,
,,,,,,,,,,,,,,,,
,,,,,,,,,,,,,,,,
,,,,,,,,,,,,,,,,
,,,,,,,,,,,,,,,,
,,,,,,,,,,,,,,,,
,,,,,,,,,,,,,,,,
,,,,,,,,,,,,,,,,
,,,,,,,,,,,,,,,,
,,,,,,,,,,,,,,,,
,,,,,,,,,,,,,,,,
,,,,,,,,,,,,,,,,
,,,,,,,,,,,,,,,,
,,,,,,,,,,,,,,,,
,,,,,,,,,,,,,,,,
,,,,,,,,,,,,,,,,
,,,,,,,,,,,,,,,,
,,,,,,,,,,,,,,,,
,,,,,,,,,,,,,,,,
,,,,,,,,,,,,,,,,
,,,,,,,,,,,,,,,,
,,,,,,,,,,,,,,,,
,,,,,,,,,,,,,,,,
,,,,,,,,,,,,,,,,
,,,,,,,,,,,,,,,,
,,,,,,,,,,,,,,,,
,,,,,,,,,,,,,,,,
,,,,,,,,,,,,,,,,
,,,,,,,,,,,,,,,,
,,,,,,,,,,,,,,,,
,,,,,,,,,,,,,,,,
,,,,,,,,,,,,,,,,
,,,,,,,,,,,,,,,,
,,,,,,,,,,,,,,,,
,,,,,,,,,,,,,,,,
,,,,,,,,,,,,,,,,
,,,,,,,,,,,,,,,,
,,,,,,,,,,,,,,,,
,,,,,,,,,,,,,,,,
,,,,,,,,,,,,,,,,
,,,,,,,,,,,,,,,,
,,,,,,,,,,,,,,,,
,,,,,,,,,,,,,,,,
,,,,,,,,,,,,,,,,
,,,,,,,,,,,,,,,,
,,,,,,,,,,,,,,,,
,,,,,,,,,,,,,,,,
,,,,,,,,,,,,,,,,
,,,,,,,,,,,,,,,,
,,,,,,,,,,,,,,,,
,,,,,,,,,,,,,,,,
,,,,,,,,,,,,,,,,
,,,,,,,,,,,,,,,,
,,,,,,,,,,,,,,,,
,,,,,,,,,,,,,,,,
,,,,,,,,,,,,,,,,
,,,,,,,,,,,,,,,,
,,,,,,,,,,,,,,,,
,,,,,,,,,,,,,,,,
,,,,,,,,,,,,,,,,
,,,,,,,,,,,,,,,,
,,,,,,,,,,,,,,,,
,,,,,,,,,,,,,,,,
,,,,,,,,,,,,,,,,
,,,,,,,,,,,,,,,,
,,,,,,,,,,,,,,,,
,,,,,,,,,,,,,,,,
,,,,,,,,,,,,,,,,
,,,,,,,,,,,,,,,,
,,,,,,,,,,,,,,,,
,,,,,,,,,,,,,,,,
,,,,,,,,,,,,,,,,
,,,,,,,,,,,,,,,,
,,,,,,,,,,,,,,,,
,,,,,,,,,,,,,,,,
,,,,,,,,,,,,,,,,
,,,,,,,,,,,,,,,,
,,,,,,,,,,,,,,,,
,,,,,,,,,,,,,,,,
,,,,,,,,,,,,,,,,
,,,,,,,,,,,,,,,,
,,,,,,,,,,,,,,,,
,,,,,,,,,,,,,,,,
,,,,,,,,,,,,,,,,
,,,,,,,,,,,,,,,,
,,,,,,,,,,,,,,,,
,,,,,,,,,,,,,,,,
,,,,,,,,,,,,,,,,
,,,,,,,,,,,,,,,,
,,,,,,,,,,,,,,,,
,,,,,,,,,,,,,,,,
,,,,,,,,,,,,,,,,
,,,,,,,,,,,,,,,,
,,,,,,,,,,,,,,,,
,,,,,,,,,,,,,,,,
,,,,,,,,,,,,,,,,
,,,,,,,,,,,,,,,,
,,,,,,,,,,,,,,,,
,,,,,,,,,,,,,,,,
,,,,,,,,,,,,,,,,
,,,,,,,,,,,,,,,,
,,,,,,,,,,,,,,,,
,,,,,,,,,,,,,,,,
,,,,,,,,,,,,,,,,
,,,,,,,,,,,,,,,,
,,,,,,,,,,,,,,,,
,,,,,,,,,,,,,,,,
,,,,,,,,,,,,,,,,
,,,,,,,,,,,,,,,,
,,,,,,,,,,,,,,,,
,,,,,,,,,,,,,,,,
,,,,,,,,,,,,,,,,
,,,,,,,,,,,,,,,,
,,,,,,,,,,,,,,,,
,,,,,,,,,,,,,,,,
,,,,,,,,,,,,,,,,
,,,,,,,,,,,,,,,,
,,,,,,,,,,,,,,,,
,,,,,,,,,,,,,,,,
,,,,,,,,,,,,,,,,
,,,,,,,,,,,,,,,,
,,,,,,,,,,,,,,,,
,,,,,,,,,,,,,,,,
,,,,,,,,,,,,,,,,
,,,,,,,,,,,,,,,,
,,,,,,,,,,,,,,,,
,,,,,,,,,,,,,,,,
,,,,,,,,,,,,,,,,
,,,,,,,,,,,,,,,,
,,,,,,,,,,,,,,,,
,,,,,,,,,,,,,,,,
,,,,,,,,,,,,,,,,
,,,,,,,,,,,,,,,,
,,,,,,,,,,,,,,,,
,,,,,,,,,,,,,,,,
,,,,,,,,,,,,,,,,
,,,,,,,,,,,,,,,,
,,,,,,,,,,,,,,,,
,,,,,,,,,,,,,,,,
,,,,,,,,,,,,,,,,
,,,,,,,,,,,,,,,,
,,,,,,,,,,,,,,,,
,,,,,,,,,,,,,,,,
,,,,,,,,,,,,,,,,
,,,,,,,,,,,,,,,,
,,,,,,,,,,,,,,,,
,,,,,,,,,,,,,,,,
,,,,,,,,,,,,,,,,
,,,,,,,,,,,,,,,,
,,,,,,,,,,,,,,,,
,,,,,,,,,,,,,,,,
,,,,,,,,,,,,,,,,
,,,,,,,,,,,,,,,,
,,,,,,,,,,,,,,,,
,,,,,,,,,,,,,,,,
,,,,,,,,,,,,,,,,
,,,,,,,,,,,,,,,,
,,,,,,,,,,,,,,,,
,,,,,,,,,,,,,,,,
,,,,,,,,,,,,,,,,
,,,,,,,,,,,,,,,,
,,,,,,,,,,,,,,,,
,,,,,,,,,,,,,,,,
,,,,,,,,,,,,,,,,
,,,,,,,,,,,,,,,,
,,,,,,,,,,,,,,,,
,,,,,,,,,,,,,,,,
,,,,,,,,,,,,,,,,
,,,,,,,,,,,,,,,,
,,,,,,,,,,,,,,,,
,,,,,,,,,,,,,,,,
,,,,,,,,,,,,,,,,
,,,,,,,,,,,,,,,,
,,,,,,,,,,,,,,,,
,,,,,,,,,,,,,,,,
,,,,,,,,,,,,,,,,
,,,,,,,,,,,,,,,,
,,,,,,,,,,,,,,,,
,,,,,,,,,,,,,,,,
,,,,,,,,,,,,,,,,
,,,,,,,,,,,,,,,,
,,,,,,,,,,,,,,,,
,,,,,,,,,,,,,,,,
,,,,,,,,,,,,,,,,
,,,,,,,,,,,,,,,,
,,,,,,,,,,,,,,,,
,,,,,,,,,,,,,,,,
,,,,,,,,,,,,,,,,
,,,,,,,,,,,,,,,,
,,,,,,,,,,,,,,,,
,,,,,,,,,,,,,,,,
,,,,,,,,,,,,,,,,
,,,,,,,,,,,,,,,,
,,,,,,,,,,,,,,,,
,,,,,,,,,,,,,,,,
,,,,,,,,,,,,,,,,
,,,,,,,,,,,,,,,,
,,,,,,,,,,,,,,,,
,,,,,,,,,,,,,,,,
,,,,,,,,,,,,,,,,
,,,,,,,,,,,,,,,,
,,,,,,,,,,,,,,,,
,,,,,,,,,,,,,,,,
,,,,,,,,,,,,,,,,
,,,,,,,,,,,,,,,,
,,,,,,,,,,,,,,,,
,,,,,,,,,,,,,,,,
,,,,,,,,,,,,,,,,
,,,,,,,,,,,,,,,,
,,,,,,,,,,,,,,,,
,,,,,,,,,,,,,,,,
,,,,,,,,,,,,,,,,
,,,,,,,,,,,,,,,,
,,,,,,,,,,,,,,,,
,,,,,,,,,,,,,,,,
,,,,,,,,,,,,,,,,
,,,,,,,,,,,,,,,,
,,,,,,,,,,,,,,,,
,,,,,,,,,,,,,,,,
,,,,,,,,,,,,,,,,
,,,,,,,,,,,,,,,,
,,,,,,,,,,,,,,,,
,,,,,,,,,,,,,,,,
,,,,,,,,,,,,,,,,
,,,,,,,,,,,,,,,,
,,,,,,,,,,,,,,,,
,,,,,,,,,,,,,,,,
,,,,,,,,,,,,,,,,
,,,,,,,,,,,,,,,,
,,,,,,,,,,,,,,,,
,,,,,,,,,,,,,,,,
,,,,,,,,,,,,,,,,
,,,,,,,,,,,,,,,,
,,,,,,,,,,,,,,,,
,,,,,,,,,,,,,,,,
,,,,,,,,,,,,,,,,
,,,,,,,,,,,,,,,,
,,,,,,,,,,,,,,,,
,,,,,,,,,,,,,,,,
,,,,,,,,,,,,,,,,
,,,,,,,,,,,,,,,,
,,,,,,,,,,,,,,,,
,,,,,,,,,,,,,,,,
,,,,,,,,,,,,,,,,
,,,,,,,,,,,,,,,,
,,,,,,,,,,,,,,,,
,,,,,,,,,,,,,,,,
,,,,,,,,,,,,,,,,
,,,,,,,,,,,,,,,,
,,,,,,,,,,,,,,,,
,,,,,,,,,,,,,,,,
,,,,,,,,,,,,,,,,
,,,,,,,,,,,,,,,,
,,,,,,,,,,,,,,,,
,,,,,,,,,,,,,,,,
,,,,,,,,,,,,,,,,
,,,,,,,,,,,,,,,,
,,,,,,,,,,,,,,,,
,,,,,,,,,,,,,,,,
,,,,,,,,,,,,,,,,
,,,,,,,,,,,,,,,,
,,,,,,,,,,,,,,,,
,,,,,,,,,,,,,,,,
,,,,,,,,,,,,,,,,
,,,,,,,,,,,,,,,,
,,,,,,,,,,,,,,,,
,,,,,,,,,,,,,,,,
,,,,,,,,,,,,,,,,
,,,,,,,,,,,,,,,,
,,,,,,,,,,,,,,,,
,,,,,,,,,,,,,,,,
,,,,,,,,,,,,,,,,
,,,,,,,,,,,,,,,,
,,,,,,,,,,,,,,,,
,,,,,,,,,,,,,,,,
,,,,,,,,,,,,,,,,
,,,,,,,,,,,,,,,,
,,,,,,,,,,,,,,,,
,,,,,,,,,,,,,,,,
,,,,,,,,,,,,,,,,
,,,,,,,,,,,,,,,,
,,,,,,,,,,,,,,,,
,,,,,,,,,,,,,,,,
,,,,,,,,,,,,,,,,
,,,,,,,,,,,,,,,,
,,,,,,,,,,,,,,,,
,,,,,,,,,,,,,,,,
,,,,,,,,,,,,,,,,
,,,,,,,,,,,,,,,,
,,,,,,,,,,,,,,,,
,,,,,,,,,,,,,,,,
,,,,,,,,,,,,,,,,
,,,,,,,,,,,,,,,,
,,,,,,,,,,,,,,,,
,,,,,,,,,,,,,,,,
,,,,,,,,,,,,,,,,
,,,,,,,,,,,,,,,,
,,,,,,,,,,,,,,,,
,,,,,,,,,,,,,,,,
,,,,,,,,,,,,,,,,
,,,,,,,,,,,,,,,,
,,,,,,,,,,,,,,,,
,,,,,,,,,,,,,,,,
,,,,,,,,,,,,,,,,
,,,,,,,,,,,,,,,,
,,,,,,,,,,,,,,,,
,,,,,,,,,,,,,,,,
,,,,,,,,,,,,,,,,
,,,,,,,,,,,,,,,,
,,,,,,,,,,,,,,,,
,,,,,,,,,,,,,,,,
,,,,,,,,,,,,,,,,
,,,,,,,,,,,,,,,,
,,,,,,,,,,,,,,,,
,,,,,,,,,,,,,,,,
,,,,,,,,,,,,,,,,
,,,,,,,,,,,,,,,,
,,,,,,,,,,,,,,,,
,,,,,,,,,,,,,,,,
,,,,,,,,,,,,,,,,
,,,,,,,,,,,,,,,,
,,,,,,,,,,,,,,,,
,,,,,,,,,,,,,,,,
,,,,,,,,,,,,,,,,
,,,,,,,,,,,,,,,,
,,,,,,,,,,,,,,,,
,,,,,,,,,,,,,,,,
,,,,,,,,,,,,,,,,
,,,,,,,,,,,,,,,,
,,,,,,,,,,,,,,,,
,,,,,,,,,,,,,,,,
,,,,,,,,,,,,,,,,
,,,,,,,,,,,,,,,,
,,,,,,,,,,,,,,,,
,,,,,,,,,,,,,,,,
,,,,,,,,,,,,,,,,
,,,,,,,,,,,,,,,,
,,,,,,,,,,,,,,,,
,,,,,,,,,,,,,,,,
,,,,,,,,,,,,,,,,
,,,,,,,,,,,,,,,,
,,,,,,,,,,,,,,,,
,,,,,,,,,,,,,,,,
,,,,,,,,,,,,,,,,
,,,,,,,,,,,,,,,,
,,,,,,,,,,,,,,,,
,,,,,,,,,,,,,,,,
,,,,,,,,,,,,,,,,
,,,,,,,,,,,,,,,,
,,,,,,,,,,,,,,,,
,,,,,,,,,,,,,,,,
,,,,,,,,,,,,,,,,
,,,,,,,,,,,,,,,,
,,,,,,,,,,,,,,,,
,,,,,,,,,,,,,,,,
,,,,,,,,,,,,,,,,
,,,,,,,,,,,,,,,,
,,,,,,,,,,,,,,,,
,,,,,,,,,,,,,,,,
,,,,,,,,,,,,,,,,
,,,,,,,,,,,,,,,,
,,,,,,,,,,,,,,,,
,,,,,,,,,,,,,,,,
,,,,,,,,,,,,,,,,
,,,,,,,,,,,,,,,,
,,,,,,,,,,,,,,,,
,,,,,,,,,,,,,,,,
,,,,,,,,,,,,,,,,
,,,,,,,,,,,,,,,,
,,,,,,,,,,,,,,,,
,,,,,,,,,,,,,,,,
,,,,,,,,,,,,,,,,
,,,,,,,,,,,,,,,,
,,,,,,,,,,,,,,,,
,,,,,,,,,,,,,,,,
,,,,,,,,,,,,,,,,
,,,,,,,,,,,,,,,,
,,,,,,,,,,,,,,,,
,,,,,,,,,,,,,,,,
,,,,,,,,,,,,,,,,
,,,,,,,,,,,,,,,,
,,,,,,,,,,,,,,,,
,,,,,,,,,,,,,,,,
,,,,,,,,,,,,,,,,
,,,,,,,,,,,,,,,,
,,,,,,,,,,,,,,,,
,,,,,,,,,,,,,,,,
,,,,,,,,,,,,,,,,
,,,,,,,,,,,,,,,,
,,,,,,,,,,,,,,,,
,,,,,,,,,,,,,,,,
,,,,,,,,,,,,,,,,
,,,,,,,,,,,,,,,,
,,,,,,,,,,,,,,,,
,,,,,,,,,,,,,,,,
,,,,,,,,,,,,,,,,
,,,,,,,,,,,,,,,,
,,,,,,,,,,,,,,,,
,,,,,,,,,,,,,,,,
,,,,,,,,,,,,,,,,
,,,,,,,,,,,,,,,,
,,,,,,,,,,,,,,,,
,,,,,,,,,,,,,,,,
,,,,,,,,,,,,,,,,
,,,,,,,,,,,,,,,,
,,,,,,,,,,,,,,,,
,,,,,,,,,,,,,,,,
,,,,,,,,,,,,,,,,
,,,,,,,,,,,,,,,,
,,,,,,,,,,,,,,,,
,,,,,,,,,,,,,,,,
,,,,,,,,,,,,,,,,
,,,,,,,,,,,,,,,,
,,,,,,,,,,,,,,,,
,,,,,,,,,,,,,,,,
,,,,,,,,,,,,,,,,
,,,,,,,,,,,,,,,,
,,,,,,,,,,,,,,,,
,,,,,,,,,,,,,,,,
,,,,,,,,,,,,,,,,
,,,,,,,,,,,,,,,,
,,,,,,,,,,,,,,,,
,,,,,,,,,,,,,,,,
,,,,,,,,,,,,,,,,
,,,,,,,,,,,,,,,,
,,,,,,,,,,,,,,,,
,,,,,,,,,,,,,,,,
,,,,,,,,,,,,,,,,
,,,,,,,,,,,,,,,,
,,,,,,,,,,,,,,,,
,,,,,,,,,,,,,,,,
,,,,,,,,,,,,,,,,
,,,,,,,,,,,,,,,,
,,,,,,,,,,,,,,,,
,,,,,,,,,,,,,,,,
,,,,,,,,,,,,,,,,
,,,,,,,,,,,,,,,,
,,,,,,,,,,,,,,,,
,,,,,,,,,,,,,,,,
,,,,,,,,,,,,,,,,
,,,,,,,,,,,,,,,,
,,,,,,,,,,,,,,,,
,,,,,,,,,,,,,,,,
,,,,,,,,,,,,,,,,
,,,,,,,,,,,,,,,,
,,,,,,,,,,,,,,,,
,,,,,,,,,,,,,,,,
,,,,,,,,,,,,,,,,
,,,,,,,,,,,,,,,,
,,,,,,,,,,,,,,,,
,,,,,,,,,,,,,,,,
,,,,,,,,,,,,,,,,
,,,,,,,,,,,,,,,,
,,,,,,,,,,,,,,,,
,,,,,,,,,,,,,,,,
,,,,,,,,,,,,,,,,
,,,,,,,,,,,,,,,,
,,,,,,,,,,,,,,,,
,,,,,,,,,,,,,,,,
,,,,,,,,,,,,,,,,
,,,,,,,,,,,,,,,,
,,,,,,,,,,,,,,,,
,,,,,,,,,,,,,,,,
,,,,,,,,,,,,,,,,
,,,,,,,,,,,,,,,,
,,,,,,,,,,,,,,,,
,,,,,,,,,,,,,,,,
,,,,,,,,,,,,,,,,
,,,,,,,,,,,,,,,,
,,,,,,,,,,,,,,,,
,,,,,,,,,,,,,,,,
,,,,,,,,,,,,,,,,
,,,,,,,,,,,,,,,,
,,,,,,,,,,,,,,,,
,,,,,,,,,,,,,,,,
,,,,,,,,,,,,,,,,
,,,,,,,,,,,,,,,,
,,,,,,,,,,,,,,,,
,,,,,,,,,,,,,,,,
,,,,,,,,,,,,,,,,
,,,,,,,,,,,,,,,,
,,,,,,,,,,,,,,,,
,,,,,,,,,,,,,,,,
,,,,,,,,,,,,,,,,
,,,,,,,,,,,,,,,,
,,,,,,,,,,,,,,,,
,,,,,,,,,,,,,,,,
,,,,,,,,,,,,,,,,
,,,,,,,,,,,,,,,,
,,,,,,,,,,,,,,,,
,,,,,,,,,,,,,,,,
,,,,,,,,,,,,,,,,
,,,,,,,,,,,,,,,,
,,,,,,,,,,,,,,,,
,,,,,,,,,,,,,,,,
,,,,,,,,,,,,,,,,
,,,,,,,,,,,,,,,,
,,,,,,,,,,,,,,,,
,,,,,,,,,,,,,,,,
,,,,,,,,,,,,,,,,
,,,,,,,,,,,,,,,,
,,,,,,,,,,,,,,,,
,,,,,,,,,,,,,,,,
,,,,,,,,,,,,,,,,
,,,,,,,,,,,,,,,,
,,,,,,,,,,,,,,,,
,,,,,,,,,,,,,,,,
,,,,,,,,,,,,,,,,
,,,,,,,,,,,,,,,,
,,,,,,,,,,,,,,,,
,,,,,,,,,,,,,,,,
,,,,,,,,,,,,,,,,
,,,,,,,,,,,,,,,,
,,,,,,,,,,,,,,,,
,,,,,,,,,,,,,,,,
,,,,,,,,,,,,,,,,
,,,,,,,,,,,,,,,,
,,,,,,,,,,,,,,,,
,,,,,,,,,,,,,,,,
,,,,,,,,,,,,,,,,
,,,,,,,,,,,,,,,,
,,,,,,,,,,,,,,,,
,,,,,,,,,,,,,,,,
,,,,,,,,,,,,,,,,
,,,,,,,,,,,,,,,,
,,,,,,,,,,,,,,,,
,,,,,,,,,,,,,,,,
,,,,,,,,,,,,,,,,
,,,,,,,,,,,,,,,,
,,,,,,,,,,,,,,,,
,,,,,,,,,,,,,,,,
,,,,,,,,,,,,,,,,
,,,,,,,,,,,,,,,,
,,,,,,,,,,,,,,,,
,,,,,,,,,,,,,,,,
,,,,,,,,,,,,,,,,
,,,,,,,,,,,,,,,,
,,,,,,,,,,,,,,,,
,,,,,,,,,,,,,,,,
,,,,,,,,,,,,,,,,
,,,,,,,,,,,,,,,,
,,,,,,,,,,,,,,,,
,,,,,,,,,,,,,,,,
,,,,,,,,,,,,,,,,
,,,,,,,,,,,,,,,,
,,,,,,,,,,,,,,,,
,,,,,,,,,,,,,,,,
,,,,,,,,,,,,,,,,
,,,,,,,,,,,,,,,,
,,,,,,,,,,,,,,,,
,,,,,,,,,,,,,,,,
,,,,,,,,,,,,,,,,
,,,,,,,,,,,,,,,,
,,,,,,,,,,,,,,,,
,,,,,,,,,,,,,,,,
,,,,,,,,,,,,,,,,
,,,,,,,,,,,,,,,,
,,,,,,,,,,,,,,,,
,,,,,,,,,,,,,,,,
,,,,,,,,,,,,,,,,
,,,,,,,,,,,,,,,,
,,,,,,,,,,,,,,,,
,,,,,,,,,,,,,,,,
,,,,,,,,,,,,,,,,
,,,,,,,,,,,,,,,,
,,,,,,,,,,,,,,,,
,,,,,,,,,,,,,,,,
,,,,,,,,,,,,,,,,
,,,,,,,,,,,,,,,,
,,,,,,,,,,,,,,,,
,,,,,,,,,,,,,,,,
,,,,,,,,,,,,,,,,
,,,,,,,,,,,,,,,,
,,,,,,,,,,,,,,,,
,,,,,,,,,,,,,,,,
,,,,,,,,,,,,,,,,
,,,,,,,,,,,,,,,,
,,,,,,,,,,,,,,,,
,,,,,,,,,,,,,,,,
,,,,,,,,,,,,,,,,
,,,,,,,,,,,,,,,,
,,,,,,,,,,,,,,,,
,,,,,,,,,,,,,,,,
,,,,,,,,,,,,,,,,
,,,,,,,,,,,,,,,,
,,,,,,,,,,,,,,,,
,,,,,,,,,,,,,,,,
,,,,,,,,,,,,,,,,
,,,,,,,,,,,,,,,,
,,,,,,,,,,,,,,,,
,,,,,,,,,,,,,,,,
,,,,,,,,,,,,,,,,
,,,,,,,,,,,,,,,,
,,,,,,,,,,,,,,,,
,,,,,,,,,,,,,,,,
,,,,,,,,,,,,,,,,
,,,,,,,,,,,,,,,,
,,,,,,,,,,,,,,,,
,,,,,,,,,,,,,,,,
,,,,,,,,,,,,,,,,
,,,,,,,,,,,,,,,,
,,,,,,,,,,,,,,,,
,,,,,,,,,,,,,,,,
,,,,,,,,,,,,,,,,
,,,,,,,,,,,,,,,,
,,,,,,,,,,,,,,,,
,,,,,,,,,,,,,,,,
,,,,,,,,,,,,,,,,
,,,,,,,,,,,,,,,,
,,,,,,,,,,,,,,,,
,,,,,,,,,,,,,,,,
,,,,,,,,,,,,,,,,
,,,,,,,,,,,,,,,,
,,,,,,,,,,,,,,,,
,,,,,,,,,,,,,,,,
,,,,,,,,,,,,,,,,
,,,,,,,,,,,,,,,,
,,,,,,,,,,,,,,,,
,,,,,,,,,,,,,,,,
,,,,,,,,,,,,,,,,
,,,,,,,,,,,,,,,,
,,,,,,,,,,,,,,,,
,,,,,,,,,,,,,,,,
,,,,,,,,,,,,,,,,
,,,,,,,,,,,,,,,,
,,,,,,,,,,,,,,,,
,,,,,,,,,,,,,,,,
,,,,,,,,,,,,,,,,
,,,,,,,,,,,,,,,,
,,,,,,,,,,,,,,,,
,,,,,,,,,,,,,,,,
,,,,,,,,,,,,,,,,
,,,,,,,,,,,,,,,,
,,,,,,,,,,,,,,,,
,,,,,,,,,,,,,,,,
,,,,,,,,,,,,,,,,
,,,,,,,,,,,,,,,,
,,,,,,,,,,,,,,,,
,,,,,,,,,,,,,,,,
,,,,,,,,,,,,,,,,
,,,,,,,,,,,,,,,,
,,,,,,,,,,,,,,,,
,,,,,,,,,,,,,,,,
,,,,,,,,,,,,,,,,
,,,,,,,,,,,,,,,,
,,,,,,,,,,,,,,,,
,,,,,,,,,,,,,,,,
,,,,,,,,,,,,,,,,
,,,,,,,,,,,,,,,,
,,,,,,,,,,,,,,,,
,,,,,,,,,,,,,,,,
,,,,,,,,,,,,,,,,
,,,,,,,,,,,,,,,,
,,,,,,,,,,,,,,,,
,,,,,,,,,,,,,,,,
,,,,,,,,,,,,,,,,
,,,,,,,,,,,,,,,,
,,,,,,,,,,,,,,,,
,,,,,,,,,,,,,,,,
,,,,,,,,,,,,,,,,
,,,,,,,,,,,,,,,,
,,,,,,,,,,,,,,,,
,,,,,,,,,,,,,,,,
,,,,,,,,,,,,,,,,
,,,,,,,,,,,,,,,,
,,,,,,,,,,,,,,,,
,,,,,,,,,,,,,,,,
,,,,,,,,,,,,,,,,
,,,,,,,,,,,,,,,,
,,,,,,,,,,,,,,,,
,,,,,,,,,,,,,,,,
,,,,,,,,,,,,,,,,
,,,,,,,,,,,,,,,,
,,,,,,,,,,,,,,,,
,,,,,,,,,,,,,,,,
,,,,,,,,,,,,,,,,
,,,,,,,,,,,,,,,,
,,,,,,,,,,,,,,,,
,,,,,,,,,,,,,,,,
,,,,,,,,,,,,,,,,
,,,,,,,,,,,,,,,,
,,,,,,,,,,,,,,,,
,,,,,,,,,,,,,,,,
,,,,,,,,,,,,,,,,
,,,,,,,,,,,,,,,,
,,,,,,,,,,,,,,,,
,,,,,,,,,,,,,,,,
,,,,,,,,,,,,,,,,
,,,,,,,,,,,,,,,,
,,,,,,,,,,,,,,,,
,,,,,,,,,,,,,,,,
,,,,,,,,,,,,,,,,
,,,,,,,,,,,,,,,,
,,,,,,,,,,,,,,,,
,,,,,,,,,,,,,,,,
,,,,,,,,,,,,,,,,
,,,,,,,,,,,,,,,,
,,,,,,,,,,,,,,,,
,,,,,,,,,,,,,,,,
,,,,,,,,,,,,,,,,
,,,,,,,,,,,,,,,,
,,,,,,,,,,,,,,,,
,,,,,,,,,,,,,,,,
,,,,,,,,,,,,,,,,
,,,,,,,,,,,,,,,,
,,,,,,,,,,,,,,,,
,,,,,,,,,,,,,,,,
,,,,,,,,,,,,,,,,
,,,,,,,,,,,,,,,,
,,,,,,,,,,,,,,,,
,,,,,,,,,,,,,,,,
,,,,,,,,,,,,,,,,
,,,,,,,,,,,,,,,,
,,,,,,,,,,,,,,,,
,,,,,,,,,,,,,,,,
,,,,,,,,,,,,,,,,
,,,,,,,,,,,,,,,,
,,,,,,,,,,,,,,,,
,,,,,,,,,,,,,,,,
,,,,,,,,,,,,,,,,
,,,,,,,,,,,,,,,,
,,,,,,,,,,,,,,,,
,,,,,,,,,,,,,,,,
,,,,,,,,,,,,,,,,
,,,,,,,,,,,,,,,,
,,,,,,,,,,,,,,,,
,,,,,,,,,,,,,,,,
,,,,,,,,,,,,,,,,
,,,,,,,,,,,,,,,,
,,,,,,,,,,,,,,,,
,,,,,,,,,,,,,,,,
,,,,,,,,,,,,,,,,
,,,,,,,,,,,,,,,,
,,,,,,,,,,,,,,,,
,,,,,,,,,,,,,,,,
,,,,,,,,,,,,,,,,
,,,,,,,,,,,,,,,,
,,,,,,,,,,,,,,,,
,,,,,,,,,,,,,,,,
,,,,,,,,,,,,,,,,
,,,,,,,,,,,,,,,,
,,,,,,,,,,,,,,,,
,,,,,,,,,,,,,,,,
,,,,,,,,,,,,,,,,
,,,,,,,,,,,,,,,,
,,,,,,,,,,,,,,,,
,,,,,,,,,,,,,,,,
,,,,,,,,,,,,,,,,
,,,,,,,,,,,,,,,,
,,,,,,,,,,,,,,,,
,,,,,,,,,,,,,,,,
,,,,,,,,,,,,,,,,
,,,,,,,,,,,,,,,,
,,,,,,,,,,,,,,,,
,,,,,,,,,,,,,,,,
,,,,,,,,,,,,,,,,
,,,,,,,,,,,,,,,,
,,,,,,,,,,,,,,,,
,,,,,,,,,,,,,,,,
,,,,,,,,,,,,,,,,
,,,,,,,,,,,,,,,,
,,,,,,,,,,,,,,,,
,,,,,,,,,,,,,,,,
,,,,,,,,,,,,,,,,
,,,,,,,,,,,,,,,,
,,,,,,,,,,,,,,,,
,,,,,,,,,,,,,,,,
,,,,,,,,,,,,,,,,
,,,,,,,,,,,,,,,,
,,,,,,,,,,,,,,,,
,,,,,,,,,,,,,,,,
,,,,,,,,,,,,,,,,
,,,,,,,,,,,,,,,,
,,,,,,,,,,,,,,,,
,,,,,,,,,,,,,,,,
,,,,,,,,,,,,,,,,
,,,,,,,,,,,,,,,,
,,,,,,,,,,,,,,,,
,,,,,,,,,,,,,,,,
,,,,,,,,,,,,,,,,
,,,,,,,,,,,,,,,,
,,,,,,,,,,,,,,,,
,,,,,,,,,,,,,,,,
,,,,,,,,,,,,,,,,
,,,,,,,,,,,,,,,,
,,,,,,,,,,,,,,,,
,,,,,,,,,,,,,,,,
,,,,,,,,,,,,,,,,
,,,,,,,,,,,,,,,,
,,,,,,,,,,,,,,,,
,,,,,,,,,,,,,,,,
,,,,,,,,,,,,,,,,
,,,,,,,,,,,,,,,,
,,,,,,,,,,,,,,,,
,,,,,,,,,,,,,,,,
,,,,,,,,,,,,,,,,
,,,,,,,,,,,,,,,,
,,,,,,,,,,,,,,,,
,,,,,,,,,,,,,,,,
,,,,,,,,,,,,,,,,
,,,,,,,,,,,,,,,,
,,,,,,,,,,,,,,,,
,,,,,,,,,,,,,,,,
,,,,,,,,,,,,,,,,
,,,,,,,,,,,,,,,,
,,,,,,,,,,,,,,,,
,,,,,,,,,,,,,,,,
,,,,,,,,,,,,,,,,
,,,,,,,,,,,,,,,,
,,,,,,,,,,,,,,,,
,,,,,,,,,,,,,,,,
,,,,,,,,,,,,,,,,
,,,,,,,,,,,,,,,,
,,,,,,,,,,,,,,,,
,,,,,,,,,,,,,,,,
,,,,,,,,,,,,,,,,
,,,,,,,,,,,,,,,,
,,,,,,,,,,,,,,,,
,,,,,,,,,,,,,,,,
,,,,,,,,,,,,,,,,
,,,,,,,,,,,,,,,,
,,,,,,,,,,,,,,,,
,,,,,,,,,,,,,,,,
,,,,,,,,,,,,,,,,
,,,,,,,,,,,,,,,,
,,,,,,,,,,,,,,,,
,,,,,,,,,,,,,,,,
,,,,,,,,,,,,,,,,
,,,,,,,,,,,,,,,,
,,,,,,,,,,,,,,,,
,,,,,,,,,,,,,,,,
,,,,,,,,,,,,,,,,
,,,,,,,,,,,,,,,,
,,,,,,,,,,,,,,,,
,,,,,,,,,,,,,,,,
,,,,,,,,,,,,,,,,
,,,,,,,,,,,,,,,,
,,,,,,,,,,,,,,,,
,,,,,,,,,,,,,,,,
,,,,,,,,,,,,,,,,
,,,,,,,,,,,,,,,,
,,,,,,,,,,,,,,,,
,,,,,,,,,,,,,,,,
,,,,,,,,,,,,,,,,
,,,,,,,,,,,,,,,,
,,,,,,,,,,,,,,,,
,,,,,,,,,,,,,,,,
,,,,,,,,,,,,,,,,
,,,,,,,,,,,,,,,,
,,,,,,,,,,,,,,,,
,,,,,,,,,,,,,,,,
,,,,,,,,,,,,,,,,
,,,,,,,,,,,,,,,,
,,,,,,,,,,,,,,,,
,,,,,,,,,,,,,,,,
,,,,,,,,,,,,,,,,
,,,,,,,,,,,,,,,,
,,,,,,,,,,,,,,,,
,,,,,,,,,,,,,,,,
,,,,,,,,,,,,,,,,
,,,,,,,,,,,,,,,,
,,,,,,,,,,,,,,,,
,,,,,,,,,,,,,,,,
,,,,,,,,,,,,,,,,
,,,,,,,,,,,,,,,,
,,,,,,,,,,,,,,,,
,,,,,,,,,,,,,,,,
,,,,,,,,,,,,,,,,
,,,,,,,,,,,,,,,,
,,,,,,,,,,,,,,,,
,,,,,,,,,,,,,,,,
,,,,,,,,,,,,,,,,
,,,,,,,,,,,,,,,,
,,,,,,,,,,,,,,,,
,,,,,,,,,,,,,,,,
,,,,,,,,,,,,,,,,
,,,,,,,,,,,,,,,,
,,,,,,,,,,,,,,,,
,,,,,,,,,,,,,,,,
,,,,,,,,,,,,,,,,
,,,,,,,,,,,,,,,,
,,,,,,,,,,,,,,,,
,,,,,,,,,,,,,,,,
,,,,,,,,,,,,,,,,
,,,,,,,,,,,,,,,,
,,,,,,,,,,,,,,,,
,,,,,,,,,,,,,,,,
,,,,,,,,,,,,,,,,
,,,,,,,,,,,,,,,,
,,,,,,,,,,,,,,,,
,,,,,,,,,,,,,,,,
,,,,,,,,,,,,,,,,
,,,,,,,,,,,,,,,,
,,,,,,,,,,,,,,,,
,,,,,,,,,,,,,,,,
,,,,,,,,,,,,,,,,
,,,,,,,,,,,,,,,,
,,,,,,,,,,,,,,,,
,,,,,,,,,,,,,,,,
,,,,,,,,,,,,,,,,
,,,,,,,,,,,,,,,,
,,,,,,,,,,,,,,,,
,,,,,,,,,,,,,,,,
,,,,,,,,,,,,,,,,
,,,,,,,,,,,,,,,,
,,,,,,,,,,,,,,,,
,,,,,,,,,,,,,,,,
,,,,,,,,,,,,,,,,
,,,,,,,,,,,,,,,,
,,,,,,,,,,,,,,,,
,,,,,,,,,,,,,,,,
,,,,,,,,,,,,,,,,
,,,,,,,,,,,,,,,,
,,,,,,,,,,,,,,,,
,,,,,,,,,,,,,,,,
,,,,,,,,,,,,,,,,
,,,,,,,,,,,,,,,,
,,,,,,,,,,,,,,,,
,,,,,,,,,,,,,,,,
,,,,,,,,,,,,,,,,
,,,,,,,,,,,,,,,,
,,,,,,,,,,,,,,,,
,,,,,,,,,,,,,,,,
,,,,,,,,,,,,,,,,
,,,,,,,,,,,,,,,,
,,,,,,,,,,,,,,,,
,,,,,,,,,,,,,,,,
,,,,,,,,,,,,,,,,
,,,,,,,,,,,,,,,,
,,,,,,,,,,,,,,,,
,,,,,,,,,,,,,,,,
,,,,,,,,,,,,,,,,
,,,,,,,,,,,,,,,,
,,,,,,,,,,,,,,,,
,,,,,,,,,,,,,,,,
,,,,,,,,,,,,,,,,
,,,,,,,,,,,,,,,,
,,,,,,,,,,,,,,,,
,,,,,,,,,,,,,,,,
,,,,,,,,,,,,,,,,
,,,,,,,,,,,,,,,,
,,,,,,,,,,,,,,,,
,,,,,,,,,,,,,,,,
,,,,,,,,,,,,,,,,
,,,,,,,,,,,,,,,,
,,,,,,,,,,,,,,,,
,,,,,,,,,,,,,,,,
,,,,,,,,,,,,,,,,
,,,,,,,,,,,,,,,,
,,,,,,,,,,,,,,,,
,,,,,,,,,,,,,,,,
,,,,,,,,,,,,,,,,
,,,,,,,,,,,,,,,,
,,,,,,,,,,,,,,,,
,,,,,,,,,,,,,,,,
,,,,,,,,,,,,,,,,
,,,,,,,,,,,,,,,,
,,,,,,,,,,,,,,,,
,,,,,,,,,,,,,,,,
,,,,,,,,,,,,,,,,
,,,,,,,,,,,,,,,,
,,,,,,,,,,,,,,,,
,,,,,,,,,,,,,,,,
,,,,,,,,,,,,,,,,
,,,,,,,,,,,,,,,,
,,,,,,,,,,,,,,,,
,,,,,,,,,,,,,,,,
,,,,,,,,,,,,,,,,
,,,,,,,,,,,,,,,,
,,,,,,,,,,,,,,,,
,,,,,,,,,,,,,,,,
,,,,,,,,,,,,,,,,
,,,,,,,,,,,,,,,,
,,,,,,,,,,,,,,,,
,,,,,,,,,,,,,,,,
,,,,,,,,,,,,,,,,
,,,,,,,,,,,,,,,,
,,,,,,,,,,,,,,,,
,,,,,,,,,,,,,,,,
,,,,,,,,,,,,,,,,
,,,,,,,,,,,,,,,,
,,,,,,,,,,,,,,,,
,,,,,,,,,,,,,,,,
,,,,,,,,,,,,,,,,
,,,,,,,,,,,,,,,,
,,,,,,,,,,,,,,,,
,,,,,,,,,,,,,,,,
,,,,,,,,,,,,,,,,
,,,,,,,,,,,,,,,,
,,,,,,,,,,,,,,,,
,,,,,,,,,,,,,,,,
,,,,,,,,,,,,,,,,
,,,,,,,,,,,,,,,,
,,,,,,,,,,,,,,,,
,,,,,,,,,,,,,,,,
,,,,,,,,,,,,,,,,
,,,,,,,,,,,,,,,,
,,,,,,,,,,,,,,,,
,,,,,,,,,,,,,,,,
,,,,,,,,,,,,,,,,
,,,,,,,,,,,,,,,,
,,,,,,,,,,,,,,,,
,,,,,,,,,,,,,,,,
,,,,,,,,,,,,,,,,
,,,,,,,,,,,,,,,,
,,,,,,,,,,,,,,,,
,,,,,,,,,,,,,,,,
,,,,,,,,,,,,,,,,
,,,,,,,,,,,,,,,,
,,,,,,,,,,,,,,,,
,,,,,,,,,,,,,,,,
,,,,,,,,,,,,,,,,
,,,,,,,,,,,,,,,,
,,,,,,,,,,,,,,,,
,,,,,,,,,,,,,,,,
,,,,,,,,,,,,,,,,
,,,,,,,,,,,,,,,,
,,,,,,,,,,,,,,,,
,,,,,,,,,,,,,,,,
,,,,,,,,,,,,,,,,
,,,,,,,,,,,,,,,,
,,,,,,,,,,,,,,,,
,,,,,,,,,,,,,,,,
,,,,,,,,,,,,,,,,
,,,,,,,,,,,,,,,,
,,,,,,,,,,,,,,,,
,,,,,,,,,,,,,,,,
,,,,,,,,,,,,,,,,
,,,,,,,,,,,,,,,,
,,,,,,,,,,,,,,,,
,,,,,,,,,,,,,,,,
,,,,,,,,,,,,,,,,
,,,,,,,,,,,,,,,,
,,,,,,,,,,,,,,,,
,,,,,,,,,,,,,,,,
,,,,,,,,,,,,,,,,
,,,,,,,,,,,,,,,,
,,,,,,,,,,,,,,,,
,,,,,,,,,,,,,,,,
,,,,,,,,,,,,,,,,
,,,,,,,,,,,,,,,,
,,,,,,,,,,,,,,,,
,,,,,,,,,,,,,,,,
,,,,,,,,,,,,,,,,
,,,,,,,,,,,,,,,,
,,,,,,,,,,,,,,,,
,,,,,,,,,,,,,,,,
,,,,,,,,,,,,,,,,
,,,,,,,,,,,,,,,,
,,,,,,,,,,,,,,,,
,,,,,,,,,,,,,,,,
,,,,,,,,,,,,,,,,
,,,,,,,,,,,,,,,,
,,,,,,,,,,,,,,,,
,,,,,,,,,,,,,,,,
,,,,,,,,,,,,,,,,
,,,,,,,,,,,,,,,,
,,,,,,,,,,,,,,,,
,,,,,,,,,,,,,,,,
,,,,,,,,,,,,,,,,
,,,,,,,,,,,,,,,,
,,,,,,,,,,,,,,,,
,,,,,,,,,,,,,,,,
,,,,,,,,,,,,,,,,
,,,,,,,,,,,,,,,,
,,,,,,,,,,,,,,,,
,,,,,,,,,,,,,,,,
,,,,,,,,,,,,,,,,
,,,,,,,,,,,,,,,,
,,,,,,,,,,,,,,,,
,,,,,,,,,,,,,,,,
,,,,,,,,,,,,,,,,
,,,,,,,,,,,,,,,,
,,,,,,,,,,,,,,,,
,,,,,,,,,,,,,,,,
,,,,,,,,,,,,,,,,
,,,,,,,,,,,,,,,,
,,,,,,,,,,,,,,,,
,,,,,,,,,,,,,,,,
,,,,,,,,,,,,,,,,
,,,,,,,,,,,,,,,,
,,,,,,,,,,,,,,,,
,,,,,,,,,,,,,,,,
,,,,,,,,,,,,,,,,
,,,,,,,,,,,,,,,,
,,,,,,,,,,,,,,,,
,,,,,,,,,,,,,,,,
,,,,,,,,,,,,,,,,
,,,,,,,,,,,,,,,,
,,,,,,,,,,,,,,,,
,,,,,,,,,,,,,,,,
,,,,,,,,,,,,,,,,
,,,,,,,,,,,,,,,,
,,,,,,,,,,,,,,,,
,,,,,,,,,,,,,,,,
,,,,,,,,,,,,,,,,
,,,,,,,,,,,,,,,,
,,,,,,,,,,,,,,,,
,,,,,,,,,,,,,,,,
,,,,,,,,,,,,,,,,
,,,,,,,,,,,,,,,,
,,,,,,,,,,,,,,,,
,,,,,,,,,,,,,,,,
,,,,,,,,,,,,,,,,
,,,,,,,,,,,,,,,,
,,,,,,,,,,,,,,,,
,,,,,,,,,,,,,,,,
,,,,,,,,,,,,,,,,
,,,,,,,,,,,,,,,,
,,,,,,,,,,,,,,,,
,,,,,,,,,,,,,,,,
,,,,,,,,,,,,,,,,
,,,,,,,,,,,,,,,,
,,,,,,,,,,,,,,,,
,,,,,,,,,,,,,,,,
,,,,,,,,,,,,,,,,
,,,,,,,,,,,,,,,,
,,,,,,,,,,,,,,,,
,,,,,,,,,,,,,,,,
,,,,,,,,,,,,,,,,
,,,,,,,,,,,,,,,,
,,,,,,,,,,,,,,,,
,,,,,,,,,,,,,,,,
,,,,,,,,,,,,,,,,
,,,,,,,,,,,,,,,,
,,,,,,,,,,,,,,,,
,,,,,,,,,,,,,,,,
,,,,,,,,,,,,,,,,
,,,,,,,,,,,,,,,,
,,,,,,,,,,,,,,,,
,,,,,,,,,,,,,,,,
,,,,,,,,,,,,,,,,
,,,,,,,,,,,,,,,,
,,,,,,,,,,,,,,,,
,,,,,,,,,,,,,,,,
,,,,,,,,,,,,,,,,
,,,,,,,,,,,,,,,,
,,,,,,,,,,,,,,,,
,,,,,,,,,,,,,,,,
,,,,,,,,,,,,,,,,
,,,,,,,,,,,,,,,,
,,,,,,,,,,,,,,,,
,,,,,,,,,,,,,,,,
,,,,,,,,,,,,,,,,
,,,,,,,,,,,,,,,,
,,,,,,,,,,,,,,,,
,,,,,,,,,,,,,,,,
,,,,,,,,,,,,,,,,
,,,,,,,,,,,,,,,,
,,,,,,,,,,,,,,,,
,,,,,,,,,,,,,,,,
,,,,,,,,,,,,,,,,
,,,,,,,,,,,,,,,,
,,,,,,,,,,,,,,,,
,,,,,,,,,,,,,,,,
,,,,,,,,,,,,,,,,
,,,,,,,,,,,,,,,,
,,,,,,,,,,,,,,,,
,,,,,,,,,,,,,,,,
,,,,,,,,,,,,,,,,
,,,,,,,,,,,,,,,,
,,,,,,,,,,,,,,,,
,,,,,,,,,,,,,,,,
,,,,,,,,,,,,,,,,
,,,,,,,,,,,,,,,,
,,,,,,,,,,,,,,,,
,,,,,,,,,,,,,,,,
,,,,,,,,,,,,,,,,
,,,,,,,,,,,,,,,,
,,,,,,,,,,,,,,,,
,,,,,,,,,,,,,,,,
,,,,,,,,,,,,,,,,
,,,,,,,,,,,,,,,,
,,,,,,,,,,,,,,,,
,,,,,,,,,,,,,,,,
,,,,,,,,,,,,,,,,
,,,,,,,,,,,,,,,,
,,,,,,,,,,,,,,,,
,,,,,,,,,,,,,,,,
,,,,,,,,,,,,,,,,
,,,,,,,,,,,,,,,,
,,,,,,,,,,,,,,,,
,,,,,,,,,,,,,,,,
,,,,,,,,,,,,,,,,
,,,,,,,,,,,,,,,,
,,,,,,,,,,,,,,,,
,,,,,,,,,,,,,,,,
,,,,,,,,,,,,,,,,
,,,,,,,,,,,,,,,,
,,,,,,,,,,,,,,,,
,,,,,,,,,,,,,,,,
,,,,,,,,,,,,,,,,
,,,,,,,,,,,,,,,,
,,,,,,,,,,,,,,,,
,,,,,,,,,,,,,,,,
,,,,,,,,,,,,,,,,
,,,,,,,,,,,,,,,,
,,,,,,,,,,,,,,,,
,,,,,,,,,,,,,,,,
,,,,,,,,,,,,,,,,
,,,,,,,,,,,,,,,,
,,,,,,,,,,,,,,,,
,,,,,,,,,,,,,,,,
,,,,,,,,,,,,,,,,
,,,,,,,,,,,,,,,,
,,,,,,,,,,,,,,,,
,,,,,,,,,,,,,,,,
,,,,,,,,,,,,,,,,
,,,,,,,,,,,,,,,,
,,,,,,,,,,,,,,,,
,,,,,,,,,,,,,,,,
,,,,,,,,,,,,,,,,
,,,,,,,,,,,,,,,,
,,,,,,,,,,,,,,,,
,,,,,,,,,,,,,,,,
,,,,,,,,,,,,,,,,
,,,,,,,,,,,,,,,,
,,,,,,,,,,,,,,,,
,,,,,,,,,,,,,,,,
,,,,,,,,,,,,,,,,
,,,,,,,,,,,,,,,,
,,,,,,,,,,,,,,,,
,,,,,,,,,,,,,,,,
,,,,,,,,,,,,,,,,
,,,,,,,,,,,,,,,,
,,,,,,,,,,,,,,,,
,,,,,,,,,,,,,,,,
,,,,,,,,,,,,,,,,
,,,,,,,,,,,,,,,,
,,,,,,,,,,,,,,,,
,,,,,,,,,,,,,,,,
,,,,,,,,,,,,,,,,
,,,,,,,,,,,,,,,,
,,,,,,,,,,,,,,,,
,,,,,,,,,,,,,,,,
,,,,,,,,,,,,,,,,
,,,,,,,,,,,,,,,,
,,,,,,,,,,,,,,,,
,,,,,,,,,,,,,,,,
,,,,,,,,,,,,,,,,
,,,,,,,,,,,,,,,,
,,,,,,,,,,,,,,,,
,,,,,,,,,,,,,,,,
,,,,,,,,,,,,,,,,
,,,,,,,,,,,,,,,,
,,,,,,,,,,,,,,,,
,,,,,,,,,,,,,,,,
,,,,,,,,,,,,,,,,
,,,,,,,,,,,,,,,,
,,,,,,,,,,,,,,,,
,,,,,,,,,,,,,,,,
,,,,,,,,,,,,,,,,
,,,,,,,,,,,,,,,,
,,,,,,,,,,,,,,,,
,,,,,,,,,,,,,,,,
,,,,,,,,,,,,,,,,
,,,,,,,,,,,,,,,,
,,,,,,,,,,,,,,,,
,,,,,,,,,,,,,,,,
,,,,,,,,,,,,,,,,
,,,,,,,,,,,,,,,,
,,,,,,,,,,,,,,,,
,,,,,,,,,,,,,,,,
,,,,,,,,,,,,,,,,
,,,,,,,,,,,,,,,,
,,,,,,,,,,,,,,,,
,,,,,,,,,,,,,,,,
,,,,,,,,,,,,,,,,
,,,,,,,,,,,,,,,,
,,,,,,,,,,,,,,,,
,,,,,,,,,,,,,,,,
,,,,,,,,,,,,,,,,
,,,,,,,,,,,,,,,,
,,,,,,,,,,,,,,,,
,,,,,,,,,,,,,,,,
,,,,,,,,,,,,,,,,
,,,,,,,,,,,,,,,,
,,,,,,,,,,,,,,,,
,,,,,,,,,,,,,,,,
,,,,,,,,,,,,,,,,
,,,,,,,,,,,,,,,,
,,,,,,,,,,,,,,,,
,,,,,,,,,,,,,,,,
,,,,,,,,,,,,,,,,
,,,,,,,,,,,,,,,,
,,,,,,,,,,,,,,,,
,,,,,,,,,,,,,,,,
,,,,,,,,,,,,,,,,
,,,,,,,,,,,,,,,,
,,,,,,,,,,,,,,,,
,,,,,,,,,,,,,,,,
,,,,,,,,,,,,,,,,
,,,,,,,,,,,,,,,,
,,,,,,,,,,,,,,,,
,,,,,,,,,,,,,,,,
,,,,,,,,,,,,,,,,
,,,,,,,,,,,,,,,,
,,,,,,,,,,,,,,,,
,,,,,,,,,,,,,,,,
,,,,,,,,,,,,,,,,
,,,,,,,,,,,,,,,,
,,,,,,,,,,,,,,,,
,,,,,,,,,,,,,,,,
,,,,,,,,,,,,,,,,
,,,,,,,,,,,,,,,,
,,,,,,,,,,,,,,,,
,,,,,,,,,,,,,,,,
,,,,,,,,,,,,,,,,
,,,,,,,,,,,,,,,,
,,,,,,,,,,,,,,,,
,,,,,,,,,,,,,,,,
,,,,,,,,,,,,,,,,
,,,,,,,,,,,,,,,,
,,,,,,,,,,,,,,,,
,,,,,,,,,,,,,,,,
,,,,,,,,,,,,,,,,
,,,,,,,,,,,,,,,,
,,,,,,,,,,,,,,,,
,,,,,,,,,,,,,,,,
,,,,,,,,,,,,,,,,
,,,,,,,,,,,,,,,,
,,,,,,,,,,,,,,,,
,,,,,,,,,,,,,,,,
,,,,,,,,,,,,,,,,
,,,,,,,,,,,,,,,,
,,,,,,,,,,,,,,,,
,,,,,,,,,,,,,,,,
,,,,,,,,,,,,,,,,
,,,,,,,,,,,,,,,,
,,,,,,,,,,,,,,,,
,,,,,,,,,,,,,,,,
,,,,,,,,,,,,,,,,
,,,,,,,,,,,,,,,,
,,,,,,,,,,,,,,,,
,,,,,,,,,,,,,,,,
,,,,,,,,,,,,,,,,
,,,,,,,,,,,,,,,,
,,,,,,,,,,,,,,,,
,,,,,,,,,,,,,,,,
,,,,,,,,,,,,,,,,
,,,,,,,,,,,,,,,,
,,,,,,,,,,,,,,,,
,,,,,,,,,,,,,,,,
,,,,,,,,,,,,,,,,
,,,,,,,,,,,,,,,,
,,,,,,,,,,,,,,,,
,,,,,,,,,,,,,,,,
,,,,,,,,,,,,,,,,
,,,,,,,,,,,,,,,,
,,,,,,,,,,,,,,,,
,,,,,,,,,,,,,,,,
,,,,,,,,,,,,,,,,
,,,,,,,,,,,,,,,,
,,,,,,,,,,,,,,,,
,,,,,,,,,,,,,,,,
,,,,,,,,,,,,,,,,
,,,,,,,,,,,,,,,,
,,,,,,,,,,,,,,,,
,,,,,,,,,,,,,,,,
,,,,,,,,,,,,,,,,
,,,,,,,,,,,,,,,,
,,,,,,,,,,,,,,,,
,,,,,,,,,,,,,,,,
,,,,,,,,,,,,,,,,
,,,,,,,,,,,,,,,,
,,,,,,,,,,,,,,,,
,,,,,,,,,,,,,,,,
,,,,,,,,,,,,,,,,
,,,,,,,,,,,,,,,,
,,,,,,,,,,,,,,,,
,,,,,,,,,,,,,,,,
,,,,,,,,,,,,,,,,
,,,,,,,,,,,,,,,,
,,,,,,,,,,,,,,,,
,,,,,,,,,,,,,,,,
,,,,,,,,,,,,,,,,
,,,,,,,,,,,,,,,,
,,,,,,,,,,,,,,,,
,,,,,,,,,,,,,,,,
,,,,,,,,,,,,,,,,
,,,,,,,,,,,,,,,,
,,,,,,,,,,,,,,,,
,,,,,,,,,,,,,,,,
,,,,,,,,,,,,,,,,
,,,,,,,,,,,,,,,,
,,,,,,,,,,,,,,,,
,,,,,,,,,,,,,,,,
,,,,,,,,,,,,,,,,
,,,,,,,,,,,,,,,,
,,,,,,,,,,,,,,,,
,,,,,,,,,,,,,,,,
,,,,,,,,,,,,,,,,
,,,,,,,,,,,,,,,,
,,,,,,,,,,,,,,,,
,,,,,,,,,,,,,,,,
,,,,,,,,,,,,,,,,
,,,,,,,,,,,,,,,,
,,,,,,,,,,,,,,,,
,,,,,,,,,,,,,,,,
,,,,,,,,,,,,,,,,
,,,,,,,,,,,,,,,,
,,,,,,,,,,,,,,,,
,,,,,,,,,,,,,,,,
,,,,,,,,,,,,,,,,
,,,,,,,,,,,,,,,,
,,,,,,,,,,,,,,,,
,,,,,,,,,,,,,,,,
,,,,,,,,,,,,,,,,
,,,,,,,,,,,,,,,,
,,,,,,,,,,,,,,,,
,,,,,,,,,,,,,,,,
,,,,,,,,,,,,,,,,
,,,,,,,,,,,,,,,,
,,,,,,,,,,,,,,,,
,,,,,,,,,,,,,,,,
,,,,,,,,,,,,,,,,
,,,,,,,,,,,,,,,,
,,,,,,,,,,,,,,,,
,,,,,,,,,,,,,,,,
,,,,,,,,,,,,,,,,
,,,,,,,,,,,,,,,,
,,,,,,,,,,,,,,,,
,,,,,,,,,,,,,,,,
,,,,,,,,,,,,,,,,
,,,,,,,,,,,,,,,,
,,,,,,,,,,,,,,,,
,,,,,,,,,,,,,,,,
,,,,,,,,,,,,,,,,
,,,,,,,,,,,,,,,,
,,,,,,,,,,,,,,,,
,,,,,,,,,,,,,,,,
,,,,,,,,,,,,,,,,
,,,,,,,,,,,,,,,,
,,,,,,,,,,,,,,,,
,,,,,,,,,,,,,,,,
,,,,,,,,,,,,,,,,
,,,,,,,,,,,,,,,,
,,,,,,,,,,,,,,,,
,,,,,,,,,,,,,,,,
,,,,,,,,,,,,,,,,
,,,,,,,,,,,,,,,,
,,,,,,,,,,,,,,,,
,,,,,,,,,,,,,,,,
,,,,,,,,,,,,,,,,
,,,,,,,,,,,,,,,,
,,,,,,,,,,,,,,,,
,,,,,,,,,,,,,,,,
,,,,,,,,,,,,,,,,
,,,,,,,,,,,,,,,,
,,,,,,,,,,,,,,,,
,,,,,,,,,,,,,,,,
,,,,,,,,,,,,,,,,
,,,,,,,,,,,,,,,,
,,,,,,,,,,,,,,,,
,,,,,,,,,,,,,,,,
,,,,,,,,,,,,,,,,
,,,,,,,,,,,,,,,,
,,,,,,,,,,,,,,,,
,,,,,,,,,,,,,,,,
,,,,,,,,,,,,,,,,
,,,,,,,,,,,,,,,,
,,,,,,,,,,,,,,,,
,,,,,,,,,,,,,,,,
,,,,,,,,,,,,,,,,
,,,,,,,,,,,,,,,,
,,,,,,,,,,,,,,,,
,,,,,,,,,,,,,,,,
,,,,,,,,,,,,,,,,
,,,,,,,,,,,,,,,,
,,,,,,,,,,,,,,,,
,,,,,,,,,,,,,,,,
,,,,,,,,,,,,,,,,
,,,,,,,,,,,,,,,,
,,,,,,,,,,,,,,,,
,,,,,,,,,,,,,,,,
,,,,,,,,,,,,,,,,
,,,,,,,,,,,,,,,,
,,,,,,,,,,,,,,,,
,,,,,,,,,,,,,,,,
,,,,,,,,,,,,,,,,
,,,,,,,,,,,,,,,,
,,,,,,,,,,,,,,,,
,,,,,,,,,,,,,,,,
,,,,,,,,,,,,,,,,
,,,,,,,,,,,,,,,,
,,,,,,,,,,,,,,,,
,,,,,,,,,,,,,,,,
,,,,,,,,,,,,,,,,
,,,,,,,,,,,,,,,,
,,,,,,,,,,,,,,,,
,,,,,,,,,,,,,,,,
,,,,,,,,,,,,,,,,
,,,,,,,,,,,,,,,,
,,,,,,,,,,,,,,,,
,,,,,,,,,,,,,,,,
,,,,,,,,,,,,,,,,
,,,,,,,,,,,,,,,,
,,,,,,,,,,,,,,,,
,,,,,,,,,,,,,,,,
,,,,,,,,,,,,,,,,
,,,,,,,,,,,,,,,,
,,,,,,,,,,,,,,,,
,,,,,,,,,,,,,,,,
,,,,,,,,,,,,,,,,
,,,,,,,,,,,,,,,,
,,,,,,,,,,,,,,,,
,,,,,,,,,,,,,,,,
,,,,,,,,,,,,,,,,
,,,,,,,,,,,,,,,,
,,,,,,,,,,,,,,,,
,,,,,,,,,,,,,,,,
,,,,,,,,,,,,,,,,
,,,,,,,,,,,,,,,,
,,,,,,,,,,,,,,,,
,,,,,,,,,,,,,,,,
,,,,,,,,,,,,,,,,
,,,,,,,,,,,,,,,,
,,,,,,,,,,,,,,,,
,,,,,,,,,,,,,,,,
,,,,,,,,,,,,,,,,
,,,,,,,,,,,,,,,,
,,,,,,,,,,,,,,,,
,,,,,,,,,,,,,,,,
,,,,,,,,,,,,,,,,
,,,,,,,,,,,,,,,,
,,,,,,,,,,,,,,,,
,,,,,,,,,,,,,,,,
,,,,,,,,,,,,,,,,
,,,,,,,,,,,,,,,,
,,,,,,,,,,,,,,,,
,,,,,,,,,,,,,,,,
,,,,,,,,,,,,,,,,
,,,,,,,,,,,,,,,,
,,,,,,,,,,,,,,,,
,,,,,,,,,,,,,,,,
,,,,,,,,,,,,,,,,
,,,,,,,,,,,,,,,,
,,,,,,,,,,,,,,,,
,,,,,,,,,,,,,,,,
,,,,,,,,,,,,,,,,
,,,,,,,,,,,,,,,,
,,,,,,,,,,,,,,,,
,,,,,,,,,,,,,,,,
,,,,,,,,,,,,,,,,
,,,,,,,,,,,,,,,,
,,,,,,,,,,,,,,,,
,,,,,,,,,,,,,,,,
,,,,,,,,,,,,,,,,
,,,,,,,,,,,,,,,,
,,,,,,,,,,,,,,,,
,,,,,,,,,,,,,,,,
,,,,,,,,,,,,,,,,
,,,,,,,,,,,,,,,,
,,,,,,,,,,,,,,,,
,,,,,,,,,,,,,,,,
,,,,,,,,,,,,,,,,
,,,,,,,,,,,,,,,,
,,,,,,,,,,,,,,,,
,,,,,,,,,,,,,,,,
,,,,,,,,,,,,,,,,
,,,,,,,,,,,,,,,,
,,,,,,,,,,,,,,,,
,,,,,,,,,,,,,,,,
,,,,,,,,,,,,,,,,
,,,,,,,,,,,,,,,,
,,,,,,,,,,,,,,,,
,,,,,,,,,,,,,,,,
,,,,,,,,,,,,,,,,
,,,,,,,,,,,,,,,,
,,,,,,,,,,,,,,,,
,,,,,,,,,,,,,,,,
,,,,,,,,,,,,,,,,
,,,,,,,,,,,,,,,,
,,,,,,,,,,,,,,,,
,,,,,,,,,,,,,,,,
,,,,,,,,,,,,,,,,
,,,,,,,,,,,,,,,,
,,,,,,,,,,,,,,,,
,,,,,,,,,,,,,,,,
,,,,,,,,,,,,,,,,
,,,,,,,,,,,,,,,,
,,,,,,,,,,,,,,,,
,,,,,,,,,,,,,,,,
,,,,,,,,,,,,,,,,
,,,,,,,,,,,,,,,,
,,,,,,,,,,,,,,,,
,,,,,,,,,,,,,,,,
,,,,,,,,,,,,,,,,
,,,,,,,,,,,,,,,,
,,,,,,,,,,,,,,,,
,,,,,,,,,,,,,,,,
,,,,,,,,,,,,,,,,
,,,,,,,,,,,,,,,,
,,,,,,,,,,,,,,,,
,,,,,,,,,,,,,,,,
,,,,,,,,,,,,,,,,
,,,,,,,,,,,,,,,,
,,,,,,,,,,,,,,,,
,,,,,,,,,,,,,,,,
,,,,,,,,,,,,,,,,
,,,,,,,,,,,,,,,,
,,,,,,,,,,,,,,,,
,,,,,,,,,,,,,,,,
,,,,,,,,,,,,,,,,
,,,,,,,,,,,,,,,,
,,,,,,,,,,,,,,,,
,,,,,,,,,,,,,,,,
,,,,,,,,,,,,,,,,
,,,,,,,,,,,,,,,,
,,,,,,,,,,,,,,,,
,,,,,,,,,,,,,,,,
,,,,,,,,,,,,,,,,
,,,,,,,,,,,,,,,,
,,,,,,,,,,,,,,,,
,,,,,,,,,,,,,,,,
,,,,,,,,,,,,,,,,
,,,,,,,,,,,,,,,,
,,,,,,,,,,,,,,,,
,,,,,,,,,,,,,,,,
,,,,,,,,,,,,,,,,
,,,,,,,,,,,,,,,,
,,,,,,,,,,,,,,,,
,,,,,,,,,,,,,,,,
,,,,,,,,,,,,,,,,
,,,,,,,,,,,,,,,,
,,,,,,,,,,,,,,,,
,,,,,,,,,,,,,,,,
,,,,,,,,,,,,,,,,
,,,,,,,,,,,,,,,,
,,,,,,,,,,,,,,,,
,,,,,,,,,,,,,,,,
,,,,,,,,,,,,,,,,
,,,,,,,,,,,,,,,,
,,,,,,,,,,,,,,,,
,,,,,,,,,,,,,,,,
,,,,,,,,,,,,,,,,
,,,,,,,,,,,,,,,,
,,,,,,,,,,,,,,,,
,,,,,,,,,,,,,,,,
,,,,,,,,,,,,,,,,
,,,,,,,,,,,,,,,,
,,,,,,,,,,,,,,,,
,,,,,,,,,,,,,,,,
,,,,,,,,,,,,,,,,
,,,,,,,,,,,,,,,,
,,,,,,,,,,,,,,,,
,,,,,,,,,,,,,,,,
,,,,,,,,,,,,,,,,
,,,,,,,,,,,,,,,,
,,,,,,,,,,,,,,,,
,,,,,,,,,,,,,,,,
,,,,,,,,,,,,,,,,
,,,,,,,,,,,,,,,,
,,,,,,,,,,,,,,,,
,,,,,,,,,,,,,,,,
,,,,,,,,,,,,,,,,
,,,,,,,,,,,,,,,,
,,,,,,,,,,,,,,,,
,,,,,,,,,,,,,,,,
,,,,,,,,,,,,,,,,
,,,,,,,,,,,,,,,,
,,,,,,,,,,,,,,,,
,,,,,,,,,,,,,,,,
,,,,,,,,,,,,,,,,
,,,,,,,,,,,,,,,,
,,,,,,,,,,,,,,,,
,,,,,,,,,,,,,,,,
,,,,,,,,,,,,,,,,
,,,,,,,,,,,,,,,,
,,,,,,,,,,,,,,,,
,,,,,,,,,,,,,,,,
,,,,,,,,,,,,,,,,
,,,,,,,,,,,,,,,,
,,,,,,,,,,,,,,,,
,,,,,,,,,,,,,,,,
,,,,,,,,,,,,,,,,
,,,,,,,,,,,,,,,,
,,,,,,,,,,,,,,,,
,,,,,,,,,,,,,,,,
,,,,,,,,,,,,,,,,
,,,,,,,,,,,,,,,,
,,,,,,,,,,,,,,,,
,,,,,,,,,,,,,,,,
,,,,,,,,,,,,,,,,
,,,,,,,,,,,,,,,,
,,,,,,,,,,,,,,,,
,,,,,,,,,,,,,,,,
,,,,,,,,,,,,,,,,
,,,,,,,,,,,,,,,,
,,,,,,,,,,,,,,,,
,,,,,,,,,,,,,,,,
,,,,,,,,,,,,,,,,
,,,,,,,,,,,,,,,,
,,,,,,,,,,,,,,,,
,,,,,,,,,,,,,,,,
,,,,,,,,,,,,,,,,
,,,,,,,,,,,,,,,,
,,,,,,,,,,,,,,,,
,,,,,,,,,,,,,,,,
,,,,,,,,,,,,,,,,
,,,,,,,,,,,,,,,,
,,,,,,,,,,,,,,,,
,,,,,,,,,,,,,,,,
,,,,,,,,,,,,,,,,
,,,,,,,,,,,,,,,,
,,,,,,,,,,,,,,,,
,,,,,,,,,,,,,,,,
,,,,,,,,,,,,,,,,
,,,,,,,,,,,,,,,,
,,,,,,,,,,,,,,,,
,,,,,,,,,,,,,,,,
,,,,,,,,,,,,,,,,
,,,,,,,,,,,,,,,,
,,,,,,,,,,,,,,,,
,,,,,,,,,,,,,,,,
,,,,,,,,,,,,,,,,
,,,,,,,,,,,,,,,,
,,,,,,,,,,,,,,,,
,,,,,,,,,,,,,,,,
,,,,,,,,,,,,,,,,
,,,,,,,,,,,,,,,,
,,,,,,,,,,,,,,,,
,,,,,,,,,,,,,,,,
,,,,,,,,,,,,,,,,
,,,,,,,,,,,,,,,,
,,,,,,,,,,,,,,,,
,,,,,,,,,,,,,,,,
,,,,,,,,,,,,,,,,
,,,,,,,,,,,,,,,,
,,,,,,,,,,,,,,,,
,,,,,,,,,,,,,,,,
,,,,,,,,,,,,,,,,
,,,,,,,,,,,,,,,,
,,,,,,,,,,,,,,,,
,,,,,,,,,,,,,,,,
,,,,,,,,,,,,,,,,
,,,,,,,,,,,,,,,,
,,,,,,,,,,,,,,,,
,,,,,,,,,,,,,,,,
,,,,,,,,,,,,,,,,
,,,,,,,,,,,,,,,,
,,,,,,,,,,,,,,,,
,,,,,,,,,,,,,,,,
,,,,,,,,,,,,,,,,
,,,,,,,,,,,,,,,,
,,,,,,,,,,,,,,,,
,,,,,,,,,,,,,,,,
,,,,,,,,,,,,,,,,
,,,,,,,,,,,,,,,,
,,,,,,,,,,,,,,,,
,,,,,,,,,,,,,,,,
,,,,,,,,,,,,,,,,
,,,,,,,,,,,,,,,,
,,,,,,,,,,,,,,,,
,,,,,,,,,,,,,,,,
,,,,,,,,,,,,,,,,
,,,,,,,,,,,,,,,,
,,,,,,,,,,,,,,,,
,,,,,,,,,,,,,,,,
,,,,,,,,,,,,,,,,
,,,,,,,,,,,,,,,,
,,,,,,,,,,,,,,,,
,,,,,,,,,,,,,,,,
,,,,,,,,,,,,,,,,
,,,,,,,,,,,,,,,,
,,,,,,,,,,,,,,,,
,,,,,,,,,,,,,,,,
,,,,,,,,,,,,,,,,
,,,,,,,,,,,,,,,,
,,,,,,,,,,,,,,,,
,,,,,,,,,,,,,,,,
,,,,,,,,,,,,,,,,
,,,,,,,,,,,,,,,,
,,,,,,,,,,,,,,,,
,,,,,,,,,,,,,,,,
,,,,,,,,,,,,,,,,
,,,,,,,,,,,,,,,,
,,,,,,,,,,,,,,,,
,,,,,,,,,,,,,,,,
,,,,,,,,,,,,,,,,
,,,,,,,,,,,,,,,,
,,,,,,,,,,,,,,,,
,,,,,,,,,,,,,,,,
,,,,,,,,,,,,,,,,
,,,,,,,,,,,,,,,,
,,,,,,,,,,,,,,,,
,,,,,,,,,,,,,,,,
,,,,,,,,,,,,,,,,
,,,,,,,,,,,,,,,,
,,,,,,,,,,,,,,,,
,,,,,,,,,,,,,,,,
,,,,,,,,,,,,,,,,
,,,,,,,,,,,,,,,,
,,,,,,,,,,,,,,,,
,,,,,,,,,,,,,,,,
,,,,,,,,,,,,,,,,
,,,,,,,,,,,,,,,,
,,,,,,,,,,,,,,,,
,,,,,,,,,,,,,,,,
,,,,,,,,,,,,,,,,
,,,,,,,,,,,,,,,,
,,,,,,,,,,,,,,,,
,,,,,,,,,,,,,,,,
,,,,,,,,,,,,,,,,
,,,,,,,,,,,,,,,,
,,,,,,,,,,,,,,,,
,,,,,,,,,,,,,,,,
,,,,,,,,,,,,,,,,
,,,,,,,,,,,,,,,,
,,,,,,,,,,,,,,,,
,,,,,,,,,,,,,,,,
,,,,,,,,,,,,,,,,
,,,,,,,,,,,,,,,,
,,,,,,,,,,,,,,,,
,,,,,,,,,,,,,,,,
,,,,,,,,,,,,,,,,
,,,,,,,,,,,,,,,,
,,,,,,,,,,,,,,,,
,,,,,,,,,,,,,,,,
,,,,,,,,,,,,,,,,
,,,,,,,,,,,,,,,,
,,,,,,,,,,,,,,,,
,,,,,,,,,,,,,,,,
,,,,,,,,,,,,,,,,
,,,,,,,,,,,,,,,,
,,,,,,,,,,,,,,,,
,,,,,,,,,,,,,,,,
,,,,,,,,,,,,,,,,
,,,,,,,,,,,,,,,,
,,,,,,,,,,,,,,,,
,,,,,,,,,,,,,,,,
,,,,,,,,,,,,,,,,
,,,,,,,,,,,,,,,,
,,,,,,,,,,,,,,,,
,,,,,,,,,,,,,,,,
,,,,,,,,,,,,,,,,
,,,,,,,,,,,,,,,,
,,,,,,,,,,,,,,,,
,,,,,,,,,,,,,,,,
,,,,,,,,,,,,,,,,
,,,,,,,,,,,,,,,,
,,,,,,,,,,,,,,,,
,,,,,,,,,,,,,,,,
,,,,,,,,,,,,,,,,
,,,,,,,,,,,,,,,,
,,,,,,,,,,,,,,,,
,,,,,,,,,,,,,,,,
,,,,,,,,,,,,,,,,
,,,,,,,,,,,,,,,,
,,,,,,,,,,,,,,,,
,,,,,,,,,,,,,,,,
,,,,,,,,,,,,,,,,
,,,,,,,,,,,,,,,,
,,,,,,,,,,,,,,,,
,,,,,,,,,,,,,,,,
,,,,,,,,,,,,,,,,
,,,,,,,,,,,,,,,,
,,,,,,,,,,,,,,,,
,,,,,,,,,,,,,,,,
,,,,,,,,,,,,,,,,
,,,,,,,,,,,,,,,,
,,,,,,,,,,,,,,,,
,,,,,,,,,,,,,,,,
,,,,,,,,,,,,,,,,
,,,,,,,,,,,,,,,,
,,,,,,,,,,,,,,,,
,,,,,,,,,,,,,,,,
,,,,,,,,,,,,,,,,
,,,,,,,,,,,,,,,,
,,,,,,,,,,,,,,,,
,,,,,,,,,,,,,,,,
,,,,,,,,,,,,,,,,
,,,,,,,,,,,,,,,,
,,,,,,,,,,,,,,,,
,,,,,,,,,,,,,,,,
,,,,,,,,,,,,,,,,
,,,,,,,,,,,,,,,,
,,,,,,,,,,,,,,,,
,,,,,,,,,,,,,,,,
,,,,,,,,,,,,,,,,
,,,,,,,,,,,,,,,,
,,,,,,,,,,,,,,,,
,,,,,,,,,,,,,,,,
,,,,,,,,,,,,,,,,
,,,,,,,,,,,,,,,,
,,,,,,,,,,,,,,,,
,,,,,,,,,,,,,,,,
,,,,,,,,,,,,,,,,
,,,,,,,,,,,,,,,,
,,,,,,,,,,,,,,,,
,,,,,,,,,,,,,,,,
,,,,,,,,,,,,,,,,
,,,,,,,,,,,,,,,,
,,,,,,,,,,,,,,,,
,,,,,,,,,,,,,,,,
,,,,,,,,,,,,,,,,
,,,,,,,,,,,,,,,,
,,,,,,,,,,,,,,,,
,,,,,,,,,,,,,,,,
,,,,,,,,,,,,,,,,
,,,,,,,,,,,,,,,,
,,,,,,,,,,,,,,,,
,,,,,,,,,,,,,,,,
,,,,,,,,,,,,,,,,
,,,,,,,,,,,,,,,,
,,,,,,,,,,,,,,,,
,,,,,,,,,,,,,,,,
,,,,,,,,,,,,,,,,
,,,,,,,,,,,,,,,,
,,,,,,,,,,,,,,,,
,,,,,,,,,,,,,,,,
,,,,,,,,,,,,,,,,
,,,,,,,,,,,,,,,,
,,,,,,,,,,,,,,,,
,,,,,,,,,,,,,,,,
,,,,,,,,,,,,,,,,
,,,,,,,,,,,,,,,,
,,,,,,,,,,,,,,,,
,,,,,,,,,,,,,,,,
,,,,,,,,,,,,,,,,
,,,,,,,,,,,,,,,,
,,,,,,,,,,,,,,,,
,,,,,,,,,,,,,,,,
,,,,,,,,,,,,,,,,
,,,,,,,,,,,,,,,,
,,,,,,,,,,,,,,,,
,,,,,,,,,,,,,,,,
,,,,,,,,,,,,,,,,
,,,,,,,,,,,,,,,,
,,,,,,,,,,,,,,,,
,,,,,,,,,,,,,,,,
,,,,,,,,,,,,,,,,
,,,,,,,,,,,,,,,,
,,,,,,,,,,,,,,,,
,,,,,,,,,,,,,,,,
,,,,,,,,,,,,,,,,
,,,,,,,,,,,,,,,,
,,,,,,,,,,,,,,,,
,,,,,,,,,,,,,,,,
,,,,,,,,,,,,,,,,
,,,,,,,,,,,,,,,,
,,,,,,,,,,,,,,,,
,,,,,,,,,,,,,,,,
,,,,,,,,,,,,,,,,
,,,,,,,,,,,,,,,,
,,,,,,,,,,,,,,,,
,,,,,,,,,,,,,,,,
,,,,,,,,,,,,,,,,
,,,,,,,,,,,,,,,,
,,,,,,,,,,,,,,,,
,,,,,,,,,,,,,,,,
,,,,,,,,,,,,,,,,
,,,,,,,,,,,,,,,,
,,,,,,,,,,,,,,,,
,,,,,,,,,,,,,,,,
,,,,,,,,,,,,,,,,
,,,,,,,,,,,,,,,,
,,,,,,,,,,,,,,,,
,,,,,,,,,,,,,,,,
,,,,,,,,,,,,,,,,
,,,,,,,,,,,,,,,,
,,,,,,,,,,,,,,,,
,,,,,,,,,,,,,,,,
,,,,,,,,,,,,,,,,
,,,,,,,,,,,,,,,,
,,,,,,,,,,,,,,,,
,,,,,,,,,,,,,,,,
,,,,,,,,,,,,,,,,
,,,,,,,,,,,,,,,,
,,,,,,,,,,,,,,,,
,,,,,,,,,,,,,,,,
,,,,,,,,,,,,,,,,
,,,,,,,,,,,,,,,,
,,,,,,,,,,,,,,,,
,,,,,,,,,,,,,,,,
,,,,,,,,,,,,,,,,
,,,,,,,,,,,,,,,,
,,,,,,,,,,,,,,,,
,,,,,,,,,,,,,,,,
,,,,,,,,,,,,,,,,
,,,,,,,,,,,,,,,,
,,,,,,,,,,,,,,,,
,,,,,,,,,,,,,,,,
,,,,,,,,,,,,,,,,
,,,,,,,,,,,,,,,,
,,,,,,,,,,,,,,,,
,,,,,,,,,,,,,,,,
,,,,,,,,,,,,,,,,
,,,,,,,,,,,,,,,,
,,,,,,,,,,,,,,,,
,,,,,,,,,,,,,,,,
,,,,,,,,,,,,,,,,
,,,,,,,,,,,,,,,,
,,,,,,,,,,,,,,,,
,,,,,,,,,,,,,,,,
,,,,,,,,,,,,,,,,
,,,,,,,,,,,,,,,,
,,,,,,,,,,,,,,,,
,,,,,,,,,,,,,,,,
,,,,,,,,,,,,,,,,
,,,,,,,,,,,,,,,,
,,,,,,,,,,,,,,,,
,,,,,,,,,,,,,,,,
,,,,,,,,,,,,,,,,
,,,,,,,,,,,,,,,,
,,,,,,,,,,,,,,,,
,,,,,,,,,,,,,,,,
,,,,,,,,,,,,,,,,
,,,,,,,,,,,,,,,,
,,,,,,,,,,,,,,,,
,,,,,,,,,,,,,,,,
,,,,,,,,,,,,,,,,
,,,,,,,,,,,,,,,,
,,,,,,,,,,,,,,,,
,,,,,,,,,,,,,,,,
,,,,,,,,,,,,,,,,
,,,,,,,,,,,,,,,,
,,,,,,,,,,,,,,,,
,,,,,,,,,,,,,,,,
,,,,,,,,,,,,,,,,
,,,,,,,,,,,,,,,,
,,,,,,,,,,,,,,,,
,,,,,,,,,,,,,,,,
,,,,,,,,,,,,,,,,
,,,,,,,,,,,,,,,,
,,,,,,,,,,,,,,,,
,,,,,,,,,,,,,,,,
,,,,,,,,,,,,,,,,
,,,,,,,,,,,,,,,,
,,,,,,,,,,,,,,,,
,,,,,,,,,,,,,,,,
,,,,,,,,,,,,,,,,
,,,,,,,,,,,,,,,,
,,,,,,,,,,,,,,,,
,,,,,,,,,,,,,,,,
,,,,,,,,,,,,,,,,
,,,,,,,,,,,,,,,,
,,,,,,,,,,,,,,,,
,,,,,,,,,,,,,,,,
,,,,,,,,,,,,,,,,
,,,,,,,,,,,,,,,,
,,,,,,,,,,,,,,,,
,,,,,,,,,,,,,,,,
,,,,,,,,,,,,,,,,
,,,,,,,,,,,,,,,,
,,,,,,,,,,,,,,,,
,,,,,,,,,,,,,,,,
,,,,,,,,,,,,,,,,
,,,,,,,,,,,,,,,,
,,,,,,,,,,,,,,,,
,,,,,,,,,,,,,,,,
,,,,,,,,,,,,,,,,
,,,,,,,,,,,,,,,,
,,,,,,,,,,,,,,,,
,,,,,,,,,,,,,,,,
,,,,,,,,,,,,,,,,
,,,,,,,,,,,,,,,,
,,,,,,,,,,,,,,,,
,,,,,,,,,,,,,,,,
,,,,,,,,,,,,,,,,
,,,,,,,,,,,,,,,,
,,,,,,,,,,,,,,,,
,,,,,,,,,,,,,,,,
,,,,,,,,,,,,,,,,
,,,,,,,,,,,,,,,,
,,,,,,,,,,,,,,,,
,,,,,,,,,,,,,,,,
,,,,,,,,,,,,,,,,
,,,,,,,,,,,,,,,,
,,,,,,,,,,,,,,,,
,,,,,,,,,,,,,,,,
,,,,,,,,,,,,,,,,
,,,,,,,,,,,,,,,,
,,,,,,,,,,,,,,,,
,,,,,,,,,,,,,,,,
,,,,,,,,,,,,,,,,
,,,,,,,,,,,,,,,,
,,,,,,,,,,,,,,,,
,,,,,,,,,,,,,,,,
,,,,,,,,,,,,,,,,
,,,,,,,,,,,,,,,,
,,,,,,,,,,,,,,,,
,,,,,,,,,,,,,,,,
,,,,,,,,,,,,,,,,
,,,,,,,,,,,,,,,,
,,,,,,,,,,,,,,,,
,,,,,,,,,,,,,,,,
,,,,,,,,,,,,,,,,
,,,,,,,,,,,,,,,,
,,,,,,,,,,,,,,,,
,,,,,,,,,,,,,,,,
,,,,,,,,,,,,,,,,
,,,,,,,,,,,,,,,,
,,,,,,,,,,,,,,,,
,,,,,,,,,,,,,,,,
,,,,,,,,,,,,,,,,
,,,,,,,,,,,,,,,,
,,,,,,,,,,,,,,,,
,,,,,,,,,,,,,,,,
,,,,,,,,,,,,,,,,
,,,,,,,,,,,,,,,,
,,,,,,,,,,,,,,,,
,,,,,,,,,,,,,,,,
,,,,,,,,,,,,,,,,
,,,,,,,,,,,,,,,,
,,,,,,,,,,,,,,,,
,,,,,,,,,,,,,,,,
,,,,,,,,,,,,,,,,
,,,,,,,,,,,,,,,,
,,,,,,,,,,,,,,,,
,,,,,,,,,,,,,,,,
,,,,,,,,,,,,,,,,
,,,,,,,,,,,,,,,,
,,,,,,,,,,,,,,,,
,,,,,,,,,,,,,,,,
,,,,,,,,,,,,,,,,
,,,,,,,,,,,,,,,,
,,,,,,,,,,,,,,,,
,,,,,,,,,,,,,,,,
,,,,,,,,,,,,,,,,
,,,,,,,,,,,,,,,,
,,,,,,,,,,,,,,,,
,,,,,,,,,,,,,,,,
,,,,,,,,,,,,,,,,
,,,,,,,,,,,,,,,,
,,,,,,,,,,,,,,,,
,,,,,,,,,,,,,,,,
,,,,,,,,,,,,,,,,
,,,,,,,,,,,,,,,,
,,,,,,,,,,,,,,,,
,,,,,,,,,,,,,,,,
,,,,,,,,,,,,,,,,
,,,,,,,,,,,,,,,,
,,,,,,,,,,,,,,,,
,,,,,,,,,,,,,,,,
,,,,,,,,,,,,,,,,
,,,,,,,,,,,,,,,,
,,,,,,,,,,,,,,,,
,,,,,,,,,,,,,,,,
,,,,,,,,,,,,,,,,
,,,,,,,,,,,,,,,,
,,,,,,,,,,,,,,,,
,,,,,,,,,,,,,,,,
,,,,,,,,,,,,,,,,
,,,,,,,,,,,,,,,,
,,,,,,,,,,,,,,,,
,,,,,,,,,,,,,,,,
,,,,,,,,,,,,,,,,
,,,,,,,,,,,,,,,,
,,,,,,,,,,,,,,,,
,,,,,,,,,,,,,,,,
,,,,,,,,,,,,,,,,
,,,,,,,,,,,,,,,,
,,,,,,,,,,,,,,,,
,,,,,,,,,,,,,,,,
,,,,,,,,,,,,,,,,
,,,,,,,,,,,,,,,,
,,,,,,,,,,,,,,,,
,,,,,,,,,,,,,,,,
,,,,,,,,,,,,,,,,
,,,,,,,,,,,,,,,,
,,,,,,,,,,,,,,,,
,,,,,,,,,,,,,,,,
,,,,,,,,,,,,,,,,
,,,,,,,,,,,,,,,,
,,,,,,,,,,,,,,,,
,,,,,,,,,,,,,,,,
,,,,,,,,,,,,,,,,
,,,,,,,,,,,,,,,,
,,,,,,,,,,,,,,,,
,,,,,,,,,,,,,,,,
,,,,,,,,,,,,,,,,
,,,,,,,,,,,,,,,,
,,,,,,,,,,,,,,,,
,,,,,,,,,,,,,,,,
,,,,,,,,,,,,,,,,
,,,,,,,,,,,,,,,,
,,,,,,,,,,,,,,,,
,,,,,,,,,,,,,,,,
,,,,,,,,,,,,,,,,
,,,,,,,,,,,,,,,,
,,,,,,,,,,,,,,,,
,,,,,,,,,,,,,,,,
,,,,,,,,,,,,,,,,
,,,,,,,,,,,,,,,,
,,,,,,,,,,,,,,,,
,,,,,,,,,,,,,,,,
,,,,,,,,,,,,,,,,
,,,,,,,,,,,,,,,,
,,,,,,,,,,,,,,,,
,,,,,,,,,,,,,,,,
,,,,,,,,,,,,,,,,
,,,,,,,,,,,,,,,,
,,,,,,,,,,,,,,,,
,,,,,,,,,,,,,,,,
,,,,,,,,,,,,,,,,
,,,,,,,,,,,,,,,,
,,,,,,,,,,,,,,,,
,,,,,,,,,,,,,,,,
,,,,,,,,,,,,,,,,
,,,,,,,,,,,,,,,,
,,,,,,,,,,,,,,,,
,,,,,,,,,,,,,,,,
,,,,,,,,,,,,,,,,
,,,,,,,,,,,,,,,,
,,,,,,,,,,,,,,,,
,,,,,,,,,,,,,,,,
,,,,,,,,,,,,,,,,
,,,,,,,,,,,,,,,,
,,,,,,,,,,,,,,,,
,,,,,,,,,,,,,,,,
,,,,,,,,,,,,,,,,
,,,,,,,,,,,,,,,,
,,,,,,,,,,,,,,,,
,,,,,,,,,,,,,,,,
,,,,,,,,,,,,,,,,
,,,,,,,,,,,,,,,,
,,,,,,,,,,,,,,,,
,,,,,,,,,,,,,,,,
,,,,,,,,,,,,,,,,
,,,,,,,,,,,,,,,,
,,,,,,,,,,,,,,,,
,,,,,,,,,,,,,,,,
,,,,,,,,,,,,,,,,
,,,,,,,,,,,,,,,,
,,,,,,,,,,,,,,,,
,,,,,,,,,,,,,,,,
,,,,,,,,,,,,,,,,
,,,,,,,,,,,,,,,,
,,,,,,,,,,,,,,,,
,,,,,,,,,,,,,,,,
,,,,,,,,,,,,,,,,
,,,,,,,,,,,,,,,,
,,,,,,,,,,,,,,,,
,,,,,,,,,,,,,,,,
,,,,,,,,,,,,,,,,
,,,,,,,,,,,,,,,,
,,,,,,,,,,,,,,,,
,,,,,,,,,,,,,,,,
,,,,,,,,,,,,,,,,
,,,,,,,,,,,,,,,,
,,,,,,,,,,,,,,,,
,,,,,,,,,,,,,,,,
,,,,,,,,,,,,,,,,
,,,,,,,,,,,,,,,,
,,,,,,,,,,,,,,,,
,,,,,,,,,,,,,,,,
,,,,,,,,,,,,,,,,
,,,,,,,,,,,,,,,,
,,,,,,,,,,,,,,,,
,,,,,,,,,,,,,,,,
,,,,,,,,,,,,,,,,
,,,,,,,,,,,,,,,,
,,,,,,,,,,,,,,,,
,,,,,,,,,,,,,,,,
,,,,,,,,,,,,,,,,
,,,,,,,,,,,,,,,,
,,,,,,,,,,,,,,,,
,,,,,,,,,,,,,,,,
,,,,,,,,,,,,,,,,
,,,,,,,,,,,,,,,,
,,,,,,,,,,,,,,,,
,,,,,,,,,,,,,,,,
,,,,,,,,,,,,,,,,
,,,,,,,,,,,,,,,,
,,,,,,,,,,,,,,,,
,,,,,,,,,,,,,,,,
,,,,,,,,,,,,,,,,
,,,,,,,,,,,,,,,,
,,,,,,,,,,,,,,,,
,,,,,,,,,,,,,,,,
,,,,,,,,,,,,,,,,
,,,,,,,,,,,,,,,,
,,,,,,,,,,,,,,,,
,,,,,,,,,,,,,,,,
,,,,,,,,,,,,,,,,
,,,,,,,,,,,,,,,,
,,,,,,,,,,,,,,,,
,,,,,,,,,,,,,,,,
,,,,,,,,,,,,,,,,
,,,,,,,,,,,,,,,,
,,,,,,,,,,,,,,,,
,,,,,,,,,,,,,,,,
,,,,,,,,,,,,,,,,
,,,,,,,,,,,,,,,,
,,,,,,,,,,,,,,,,
,,,,,,,,,,,,,,,,
,,,,,,,,,,,,,,,,
,,,,,,,,,,,,,,,,
,,,,,,,,,,,,,,,,
,,,,,,,,,,,,,,,,
,,,,,,,,,,,,,,,,
,,,,,,,,,,,,,,,,
,,,,,,,,,,,,,,,,
,,,,,,,,,,,,,,,,
,,,,,,,,,,,,,,,,
,,,,,,,,,,,,,,,,
,,,,,,,,,,,,,,,,
,,,,,,,,,,,,,,,,
,,,,,,,,,,,,,,,,
,,,,,,,,,,,,,,,,
,,,,,,,,,,,,,,,,
,,,,,,,,,,,,,,,,
,,,,,,,,,,,,,,,,
,,,,,,,,,,,,,,,,
,,,,,,,,,,,,,,,,
,,,,,,,,,,,,,,,,
,,,,,,,,,,,,,,,,
,,,,,,,,,,,,,,,,
,,,,,,,,,,,,,,,,
,,,,,,,,,,,,,,,,
,,,,,,,,,,,,,,,,
,,,,,,,,,,,,,,,,
,,,,,,,,,,,,,,,,
,,,,,,,,,,,,,,,,
,,,,,,,,,,,,,,,,
,,,,,,,,,,,,,,,,
,,,,,,,,,,,,,,,,
,,,,,,,,,,,,,,,,
,,,,,,,,,,,,,,,,
,,,,,,,,,,,,,,,,
,,,,,,,,,,,,,,,,
,,,,,,,,,,,,,,,,
,,,,,,,,,,,,,,,,
,,,,,,,,,,,,,,,,
,,,,,,,,,,,,,,,,
,,,,,,,,,,,,,,,,
,,,,,,,,,,,,,,,,
,,,,,,,,,,,,,,,,
,,,,,,,,,,,,,,,,
,,,,,,,,,,,,,,,,
,,,,,,,,,,,,,,,,
,,,,,,,,,,,,,,,,
,,,,,,,,,,,,,,,,
,,,,,,,,,,,,,,,,
,,,,,,,,,,,,,,,,
,,,,,,,,,,,,,,,,
,,,,,,,,,,,,,,,,
,,,,,,,,,,,,,,,,
,,,,,,,,,,,,,,,,
,,,,,,,,,,,,,,,,
,,,,,,,,,,,,,,,,
,,,,,,,,,,,,,,,,
,,,,,,,,,,,,,,,,
,,,,,,,,,,,,,,,,
,,,,,,,,,,,,,,,,
,,,,,,,,,,,,,,,,
,,,,,,,,,,,,,,,,
,,,,,,,,,,,,,,,,
,,,,,,,,,,,,,,,,
,,,,,,,,,,,,,,,,
,,,,,,,,,,,,,,,,
,,,,,,,,,,,,,,,,
,,,,,,,,,,,,,,,,
,,,,,,,,,,,,,,,,
,,,,,,,,,,,,,,,,
,,,,,,,,,,,,,,,,
,,,,,,,,,,,,,,,,
,,,,,,,,,,,,,,,,
,,,,,,,,,,,,,,,,
,,,,,,,,,,,,,,,,
,,,,,,,,,,,,,,,,
,,,,,,,,,,,,,,,,
,,,,,,,,,,,,,,,,
,,,,,,,,,,,,,,,,
,,,,,,,,,,,,,,,,
,,,,,,,,,,,,,,,,
,,,,,,,,,,,,,,,,
,,,,,,,,,,,,,,,,
,,,,,,,,,,,,,,,,
,,,,,,,,,,,,,,,,
,,,,,,,,,,,,,,,,
,,,,,,,,,,,,,,,,
,,,,,,,,,,,,,,,,
,,,,,,,,,,,,,,,,
,,,,,,,,,,,,,,,,
,,,,,,,,,,,,,,,,
,,,,,,,,,,,,,,,,
,,,,,,,,,,,,,,,,
,,,,,,,,,,,,,,,,
,,,,,,,,,,,,,,,,
,,,,,,,,,,,,,,,,
,,,,,,,,,,,,,,,,
,,,,,,,,,,,,,,,,
,,,,,,,,,,,,,,,,
,,,,,,,,,,,,,,,,
,,,,,,,,,,,,,,,,
,,,,,,,,,,,,,,,,
,,,,,,,,,,,,,,,,
,,,,,,,,,,,,,,,,
,,,,,,,,,,,,,,,,
,,,,,,,,,,,,,,,,
,,,,,,,,,,,,,,,,
,,,,,,,,,,,,,,,,
,,,,,,,,,,,,,,,,
,,,,,,,,,,,,,,,,
,,,,,,,,,,,,,,,,
,,,,,,,,,,,,,,,,
,,,,,,,,,,,,,,,,
,,,,,,,,,,,,,,,,
,,,,,,,,,,,,,,,,
,,,,,,,,,,,,,,,,
,,,,,,,,,,,,,,,,
,,,,,,,,,,,,,,,,
,,,,,,,,,,,,,,,,
,,,,,,,,,,,,,,,,
,,,,,,,,,,,,,,,,
,,,,,,,,,,,,,,,,
,,,,,,,,,,,,,,,,
,,,,,,,,,,,,,,,,
,,,,,,,,,,,,,,,,
,,,,,,,,,,,,,,,,
,,,,,,,,,,,,,,,,
,,,,,,,,,,,,,,,,
,,,,,,,,,,,,,,,,
,,,,,,,,,,,,,,,,
,,,,,,,,,,,,,,,,
,,,,,,,,,,,,,,,,
,,,,,,,,,,,,,,,,
,,,,,,,,,,,,,,,,
,,,,,,,,,,,,,,,,
,,,,,,,,,,,,,,,,
,,,,,,,,,,,,,,,,
,,,,,,,,,,,,,,,,
,,,,,,,,,,,,,,,,
,,,,,,,,,,,,,,,,
,,,,,,,,,,,,,,,,
,,,,,,,,,,,,,,,,
,,,,,,,,,,,,,,,,
,,,,,,,,,,,,,,,,
,,,,,,,,,,,,,,,,
,,,,,,,,,,,,,,,,
,,,,,,,,,,,,,,,,
,,,,,,,,,,,,,,,,
,,,,,,,,,,,,,,,,
,,,,,,,,,,,,,,,,
,,,,,,,,,,,,,,,,
,,,,,,,,,,,,,,,,
,,,,,,,,,,,,,,,,
,,,,,,,,,,,,,,,,
,,,,,,,,,,,,,,,,
,,,,,,,,,,,,,,,,
,,,,,,,,,,,,,,,,
,,,,,,,,,,,,,,,,
,,,,,,,,,,,,,,,,
,,,,,,,,,,,,,,,,
,,,,,,,,,,,,,,,,
,,,,,,,,,,,,,,,,
,,,,,,,,,,,,,,,,
,,,,,,,,,,,,,,,,
,,,,,,,,,,,,,,,,
,,,,,,,,,,,,,,,,
,,,,,,,,,,,,,,,,
,,,,,,,,,,,,,,,,
,,,,,,,,,,,,,,,,
,,,,,,,,,,,,,,,,
,,,,,,,,,,,,,,,,
,,,,,,,,,,,,,,,,
,,,,,,,,,,,,,,,,
,,,,,,,,,,,,,,,,
,,,,,,,,,,,,,,,,
,,,,,,,,,,,,,,,,
,,,,,,,,,,,,,,,,
,,,,,,,,,,,,,,,,
,,,,,,,,,,,,,,,,
,,,,,,,,,,,,,,,,
,,,,,,,,,,,,,,,,
,,,,,,,,,,,,,,,,
,,,,,,,,,,,,,,,,
,,,,,,,,,,,,,,,,
,,,,,,,,,,,,,,,,
,,,,,,,,,,,,,,,,
,,,,,,,,,,,,,,,,
,,,,,,,,,,,,,,,,
,,,,,,,,,,,,,,,,
,,,,,,,,,,,,,,,,
,,,,,,,,,,,,,,,,
,,,,,,,,,,,,,,,,
,,,,,,,,,,,,,,,,
,,,,,,,,,,,,,,,,
,,,,,,,,,,,,,,,,
,,,,,,,,,,,,,,,,
,,,,,,,,,,,,,,,,
,,,,,,,,,,,,,,,,
,,,,,,,,,,,,,,,,
,,,,,,,,,,,,,,,,
,,,,,,,,,,,,,,,,
,,,,,,,,,,,,,,,,
,,,,,,,,,,,,,,,,
,,,,,,,,,,,,,,,,
,,,,,,,,,,,,,,,,
,,,,,,,,,,,,,,,,
,,,,,,,,,,,,,,,,
,,,,,,,,,,,,,,,,
,,,,,,,,,,,,,,,,
,,,,,,,,,,,,,,,,
,,,,,,,,,,,,,,,,
,,,,,,,,,,,,,,,,
,,,,,,,,,,,,,,,,
,,,,,,,,,,,,,,,,
,,,,,,,,,,,,,,,,
,,,,,,,,,,,,,,,,
,,,,,,,,,,,,,,,,
,,,,,,,,,,,,,,,,
,,,,,,,,,,,,,,,,
,,,,,,,,,,,,,,,,
,,,,,,,,,,,,,,,,
,,,,,,,,,,,,,,,,
,,,,,,,,,,,,,,,,
,,,,,,,,,,,,,,,,
,,,,,,,,,,,,,,,,
,,,,,,,,,,,,,,,,
,,,,,,,,,,,,,,,,
,,,,,,,,,,,,,,,,
,,,,,,,,,,,,,,,,
,,,,,,,,,,,,,,,,
,,,,,,,,,,,,,,,,
,,,,,,,,,,,,,,,,
,,,,,,,,,,,,,,,,
,,,,,,,,,,,,,,,,
,,,,,,,,,,,,,,,,
,,,,,,,,,,,,,,,,
,,,,,,,,,,,,,,,,
,,,,,,,,,,,,,,,,
,,,,,,,,,,,,,,,,
,,,,,,,,,,,,,,,,
,,,,,,,,,,,,,,,,
,,,,,,,,,,,,,,,,
,,,,,,,,,,,,,,,,
,,,,,,,,,,,,,,,,
,,,,,,,,,,,,,,,,
,,,,,,,,,,,,,,,,
,,,,,,,,,,,,,,,,
,,,,,,,,,,,,,,,,
,,,,,,,,,,,,,,,,
,,,,,,,,,,,,,,,,
,,,,,,,,,,,,,,,,
,,,,,,,,,,,,,,,,
,,,,,,,,,,,,,,,,
,,,,,,,,,,,,,,,,
,,,,,,,,,,,,,,,,
,,,,,,,,,,,,,,,,
,,,,,,,,,,,,,,,,
,,,,,,,,,,,,,,,,
,,,,,,,,,,,,,,,,
,,,,,,,,,,,,,,,,
,,,,,,,,,,,,,,,,
,,,,,,,,,,,,,,,,
,,,,,,,,,,,,,,,,
,,,,,,,,,,,,,,,,
,,,,,,,,,,,,,,,,
,,,,,,,,,,,,,,,,
,,,,,,,,,,,,,,,,
,,,,,,,,,,,,,,,,
,,,,,,,,,,,,,,,,
,,,,,,,,,,,,,,,,
,,,,,,,,,,,,,,,,
,,,,,,,,,,,,,,,,
,,,,,,,,,,,,,,,,
,,,,,,,,,,,,,,,,
,,,,,,,,,,,,,,,,
,,,,,,,,,,,,,,,,
,,,,,,,,,,,,,,,,
,,,,,,,,,,,,,,,,
,,,,,,,,,,,,,,,,
,,,,,,,,,,,,,,,,
,,,,,,,,,,,,,,,,
,,,,,,,,,,,,,,,,
,,,,,,,,,,,,,,,,
,,,,,,,,,,,,,,,,
,,,,,,,,,,,,,,,,
,,,,,,,,,,,,,,,,
,,,,,,,,,,,,,,,,
,,,,,,,,,,,,,,,,
,,,,,,,,,,,,,,,,
,,,,,,,,,,,,,,,,
,,,,,,,,,,,,,,,,
,,,,,,,,,,,,,,,,
,,,,,,,,,,,,,,,,
,,,,,,,,,,,,,,,,
,,,,,,,,,,,,,,,,
,,,,,,,,,,,,,,,,
,,,,,,,,,,,,,,,,
,,,,,,,,,,,,,,,,
,,,,,,,,,,,,,,,,
,,,,,,,,,,,,,,,,
,,,,,,,,,,,,,,,,
,,,,,,,,,,,,,,,,
,,,,,,,,,,,,,,,,
,,,,,,,,,,,,,,,,
,,,,,,,,,,,,,,,,
,,,,,,,,,,,,,,,,
,,,,,,,,,,,,,,,,
,,,,,,,,,,,,,,,,
,,,,,,,,,,,,,,,,
,,,,,,,,,,,,,,,,
,,,,,,,,,,,,,,,,
,,,,,,,,,,,,,,,,
,,,,,,,,,,,,,,,,
,,,,,,,,,,,,,,,,
,,,,,,,,,,,,,,,,
,,,,,,,,,,,,,,,,
,,,,,,,,,,,,,,,,
,,,,,,,,,,,,,,,,
,,,,,,,,,,,,,,,,
,,,,,,,,,,,,,,,,
,,,,,,,,,,,,,,,,
,,,,,,,,,,,,,,,,
,,,,,,,,,,,,,,,,
,,,,,,,,,,,,,,,,
,,,,,,,,,,,,,,,,
,,,,,,,,,,,,,,,,
,,,,,,,,,,,,,,,,
,,,,,,,,,,,,,,,,
,,,,,,,,,,,,,,,,
,,,,,,,,,,,,,,,,
,,,,,,,,,,,,,,,,
,,,,,,,,,,,,,,,,
,,,,,,,,,,,,,,,,
,,,,,,,,,,,,,,,,
,,,,,,,,,,,,,,,,
,,,,,,,,,,,,,,,,
,,,,,,,,,,,,,,,,
,,,,,,,,,,,,,,,,
,,,,,,,,,,,,,,,,
,,,,,,,,,,,,,,,,
,,,,,,,,,,,,,,,,
,,,,,,,,,,,,,,,,
,,,,,,,,,,,,,,,,
,,,,,,,,,,,,,,,,
,,,,,,,,,,,,,,,,
,,,,,,,,,,,,,,,,
,,,,,,,,,,,,,,,,
,,,,,,,,,,,,,,,,
,,,,,,,,,,,,,,,,
,,,,,,,,,,,,,,,,
,,,,,,,,,,,,,,,,
,,,,,,,,,,,,,,,,
,,,,,,,,,,,,,,,,
,,,,,,,,,,,,,,,,
,,,,,,,,,,,,,,,,
,,,,,,,,,,,,,,,,
,,,,,,,,,,,,,,,,
,,,,,,,,,,,,,,,,
,,,,,,,,,,,,,,,,
,,,,,,,,,,,,,,,,
,,,,,,,,,,,,,,,,
,,,,,,,,,,,,,,,,
,,,,,,,,,,,,,,,,
,,,,,,,,,,,,,,,,
,,,,,,,,,,,,,,,,
,,,,,,,,,,,,,,,,
,,,,,,,,,,,,,,,,
,,,,,,,,,,,,,,,,
,,,,,,,,,,,,,,,,
,,,,,,,,,,,,,,,,
,,,,,,,,,,,,,,,,
,,,,,,,,,,,,,,,,
,,,,,,,,,,,,,,,,
,,,,,,,,,,,,,,,,
,,,,,,,,,,,,,,,,
,,,,,,,,,,,,,,,,
,,,,,,,,,,,,,,,,
,,,,,,,,,,,,,,,,
,,,,,,,,,,,,,,,,
,,,,,,,,,,,,,,,,
,,,,,,,,,,,,,,,,
,,,,,,,,,,,,,,,,
,,,,,,,,,,,,,,,,
,,,,,,,,,,,,,,,,
,,,,,,,,,,,,,,,,
,,,,,,,,,,,,,,,,
,,,,,,,,,,,,,,,,
,,,,,,,,,,,,,,,,
,,,,,,,,,,,,,,,,
,,,,,,,,,,,,,,,,
,,,,,,,,,,,,,,,,
,,,,,,,,,,,,,,,,
,,,,,,,,,,,,,,,,
,,,,,,,,,,,,,,,,
,,,,,,,,,,,,,,,,
,,,,,,,,,,,,,,,,
,,,,,,,,,,,,,,,,
,,,,,,,,,,,,,,,,
,,,,,,,,,,,,,,,,
,,,,,,,,,,,,,,,,
,,,,,,,,,,,,,,,,
,,,,,,,,,,,,,,,,
,,,,,,,,,,,,,,,,
,,,,,,,,,,,,,,,,
,,,,,,,,,,,,,,,,
,,,,,,,,,,,,,,,,
,,,,,,,,,,,,,,,,
,,,,,,,,,,,,,,,,
,,,,,,,,,,,,,,,,
,,,,,,,,,,,,,,,,
,,,,,,,,,,,,,,,,
,,,,,,,,,,,,,,,,
,,,,,,,,,,,,,,,,
,,,,,,,,,,,,,,,,
,,,,,,,,,,,,,,,,
,,,,,,,,,,,,,,,,
,,,,,,,,,,,,,,,,
,,,,,,,,,,,,,,,,
,,,,,,,,,,,,,,,,
,,,,,,,,,,,,,,,,
,,,,,,,,,,,,,,,,
,,,,,,,,,,,,,,,,
,,,,,,,,,,,,,,,,
,,,,,,,,,,,,,,,,
,,,,,,,,,,,,,,,,
,,,,,,,,,,,,,,,,
,,,,,,,,,,,,,,,,
,,,,,,,,,,,,,,,,
,,,,,,,,,,,,,,,,
,,,,,,,,,,,,,,,,
,,,,,,,,,,,,,,,,
,,,,,,,,,,,,,,,,
,,,,,,,,,,,,,,,,
,,,,,,,,,,,,,,,,
,,,,,,,,,,,,,,,,
,,,,,,,,,,,,,,,,
,,,,,,,,,,,,,,,,
,,,,,,,,,,,,,,,,
,,,,,,,,,,,,,,,,
,,,,,,,,,,,,,,,,
,,,,,,,,,,,,,,,,
,,,,,,,,,,,,,,,,
,,,,,,,,,,,,,,,,
,,,,,,,,,,,,,,,,
,,,,,,,,,,,,,,,,
,,,,,,,,,,,,,,,,
,,,,,,,,,,,,,,,,
,,,,,,,,,,,,,,,,
,,,,,,,,,,,,,,,,
,,,,,,,,,,,,,,,,
,,,,,,,,,,,,,,,,
,,,,,,,,,,,,,,,,
,,,,,,,,,,,,,,,,
,,,,,,,,,,,,,,,,
,,,,,,,,,,,,,,,,
,,,,,,,,,,,,,,,,
,,,,,,,,,,,,,,,,
,,,,,,,,,,,,,,,,
,,,,,,,,,,,,,,,,
,,,,,,,,,,,,,,,,
,,,,,,,,,,,,,,,,
,,,,,,,,,,,,,,,,
,,,,,,,,,,,,,,,,
,,,,,,,,,,,,,,,,
,,,,,,,,,,,,,,,,
,,,,,,,,,,,,,,,,
,,,,,,,,,,,,,,,,
,,,,,,,,,,,,,,,,
,,,,,,,,,,,,,,,,
,,,,,,,,,,,,,,,,
,,,,,,,,,,,,,,,,
,,,,,,,,,,,,,,,,
,,,,,,,,,,,,,,,,
,,,,,,,,,,,,,,,,
,,,,,,,,,,,,,,,,
,,,,,,,,,,,,,,,,
,,,,,,,,,,,,,,,,
,,,,,,,,,,,,,,,,
,,,,,,,,,,,,,,,,
,,,,,,,,,,,,,,,,
,,,,,,,,,,,,,,,,
,,,,,,,,,,,,,,,,
,,,,,,,,,,,,,,,,
,,,,,,,,,,,,,,,,
,,,,,,,,,,,,,,,,
,,,,,,,,,,,,,,,,
,,,,,,,,,,,,,,,,
,,,,,,,,,,,,,,,,
,,,,,,,,,,,,,,,,
,,,,,,,,,,,,,,,,
,,,,,,,,,,,,,,,,
,,,,,,,,,,,,,,,,
,,,,,,,,,,,,,,,,
,,,,,,,,,,,,,,,,
,,,,,,,,,,,,,,,,
,,,,,,,,,,,,,,,,
,,,,,,,,,,,,,,,,
,,,,,,,,,,,,,,,,
,,,,,,,,,,,,,,,,
,,,,,,,,,,,,,,,,
,,,,,,,,,,,,,,,,
,,,,,,,,,,,,,,,,
,,,,,,,,,,,,,,,,
,,,,,,,,,,,,,,,,
,,,,,,,,,,,,,,,,
,,,,,,,,,,,,,,,,
,,,,,,,,,,,,,,,,
,,,,,,,,,,,,,,,,
,,,,,,,,,,,,,,,,
,,,,,,,,,,,,,,,,
,,,,,,,,,,,,,,,,
,,,,,,,,,,,,,,,,
,,,,,,,,,,,,,,,,
,,,,,,,,,,,,,,,,
,,,,,,,,,,,,,,,,
,,,,,,,,,,,,,,,,
,,,,,,,,,,,,,,,,
,,,,,,,,,,,,,,,,
,,,,,,,,,,,,,,,,
,,,,,,,,,,,,,,,,
,,,,,,,,,,,,,,,,
,,,,,,,,,,,,,,,,
,,,,,,,,,,,,,,,,
,,,,,,,,,,,,,,,,
,,,,,,,,,,,,,,,,
,,,,,,,,,,,,,,,,
,,,,,,,,,,,,,,,,
,,,,,,,,,,,,,,,,
,,,,,,,,,,,,,,,,
,,,,,,,,,,,,,,,,
,,,,,,,,,,,,,,,,
,,,,,,,,,,,,,,,,
,,,,,,,,,,,,,,,,
,,,,,,,,,,,,,,,,
,,,,,,,,,,,,,,,,
,,,,,,,,,,,,,,,,
,,,,,,,,,,,,,,,,
,,,,,,,,,,,,,,,,
,,,,,,,,,,,,,,,,
,,,,,,,,,,,,,,,,
,,,,,,,,,,,,,,,,
,,,,,,,,,,,,,,,,
,,,,,,,,,,,,,,,,
,,,,,,,,,,,,,,,,
,,,,,,,,,,,,,,,,
,,,,,,,,,,,,,,,,
,,,,,,,,,,,,,,,,
,,,,,,,,,,,,,,,,
,,,,,,,,,,,,,,,,
,,,,,,,,,,,,,,,,
,,,,,,,,,,,,,,,,
,,,,,,,,,,,,,,,,
,,,,,,,,,,,,,,,,
,,,,,,,,,,,,,,,,
,,,,,,,,,,,,,,,,
,,,,,,,,,,,,,,,,
,,,,,,,,,,,,,,,,
,,,,,,,,,,,,,,,,
,,,,,,,,,,,,,,,,
,,,,,,,,,,,,,,,,
,,,,,,,,,,,,,,,,
,,,,,,,,,,,,,,,,
,,,,,,,,,,,,,,,,
,,,,,,,,,,,,,,,,
,,,,,,,,,,,,,,,,
,,,,,,,,,,,,,,,,
,,,,,,,,,,,,,,,,
,,,,,,,,,,,,,,,,
,,,,,,,,,,,,,,,,
,,,,,,,,,,,,,,,,
,,,,,,,,,,,,,,,,
,,,,,,,,,,,,,,,,
,,,,,,,,,,,,,,,,
,,,,,,,,,,,,,,,,
,,,,,,,,,,,,,,,,
,,,,,,,,,,,,,,,,
,,,,,,,,,,,,,,,,
,,,,,,,,,,,,,,,,
,,,,,,,,,,,,,,,,
,,,,,,,,,,,,,,,,
,,,,,,,,,,,,,,,,
,,,,,,,,,,,,,,,,
,,,,,,,,,,,,,,,,
,,,,,,,,,,,,,,,,
,,,,,,,,,,,,,,,,
,,,,,,,,,,,,,,,,
,,,,,,,,,,,,,,,,
,,,,,,,,,,,,,,,,
,,,,,,,,,,,,,,,,
,,,,,,,,,,,,,,,,
,,,,,,,,,,,,,,,,
,,,,,,,,,,,,,,,,
,,,,,,,,,,,,,,,,
,,,,,,,,,,,,,,,,
,,,,,,,,,,,,,,,,
,,,,,,,,,,,,,,,,
,,,,,,,,,,,,,,,,
,,,,,,,,,,,,,,,,
,,,,,,,,,,,,,,,,
,,,,,,,,,,,,,,,,
,,,,,,,,,,,,,,,,
,,,,,,,,,,,,,,,,
,,,,,,,,,,,,,,,,
,,,,,,,,,,,,,,,,
,,,,,,,,,,,,,,,,
,,,,,,,,,,,,,,,,
,,,,,,,,,,,,,,,,
,,,,,,,,,,,,,,,,
,,,,,,,,,,,,,,,,
,,,,,,,,,,,,,,,,
,,,,,,,,,,,,,,,,
,,,,,,,,,,,,,,,,
,,,,,,,,,,,,,,,,
,,,,,,,,,,,,,,,,
,,,,,,,,,,,,,,,,
,,,,,,,,,,,,,,,,
,,,,,,,,,,,,,,,,
,,,,,,,,,,,,,,,,
,,,,,,,,,,,,,,,,
,,,,,,,,,,,,,,,,
,,,,,,,,,,,,,,,,
,,,,,,,,,,,,,,,,
,,,,,,,,,,,,,,,,
,,,,,,,,,,,,,,,,
,,,,,,,,,,,,,,,,
,,,,,,,,,,,,,,,,
,,,,,,,,,,,,,,,,
,,,,,,,,,,,,,,,,
,,,,,,,,,,,,,,,,
,,,,,,,,,,,,,,,,
,,,,,,,,,,,,,,,,
,,,,,,,,,,,,,,,,
,,,,,,,,,,,,,,,,
,,,,,,,,,,,,,,,,
,,,,,,,,,,,,,,,,
,,,,,,,,,,,,,,,,
,,,,,,,,,,,,,,,,
,,,,,,,,,,,,,,,,
,,,,,,,,,,,,,,,,
,,,,,,,,,,,,,,,,
,,,,,,,,,,,,,,,,
,,,,,,,,,,,,,,,,
,,,,,,,,,,,,,,,,
,,,,,,,,,,,,,,,,
,,,,,,,,,,,,,,,,
,,,,,,,,,,,,,,,,
,,,,,,,,,,,,,,,,
,,,,,,,,,,,,,,,,
,,,,,,,,,,,,,,,,
,,,,,,,,,,,,,,,,
,,,,,,,,,,,,,,,,
,,,,,,,,,,,,,,,,
,,,,,,,,,,,,,,,,
,,,,,,,,,,,,,,,,
,,,,,,,,,,,,,,,,
,,,,,,,,,,,,,,,,
,,,,,,,,,,,,,,,,
,,,,,,,,,,,,,,,,
,,,,,,,,,,,,,,,,
,,,,,,,,,,,,,,,,
,,,,,,,,,,,,,,,,
,,,,,,,,,,,,,,,,
,,,,,,,,,,,,,,,,
,,,,,,,,,,,,,,,,
,,,,,,,,,,,,,,,,
,,,,,,,,,,,,,,,,
,,,,,,,,,,,,,,,,
,,,,,,,,,,,,,,,,
,,,,,,,,,,,,,,,,
,,,,,,,,,,,,,,,,
,,,,,,,,,,,,,,,,
,,,,,,,,,,,,,,,,
,,,,,,,,,,,,,,,,
,,,,,,,,,,,,,,,,
,,,,,,,,,,,,,,,,
,,,,,,,,,,,,,,,,
,,,,,,,,,,,,,,,,
,,,,,,,,,,,,,,,,
,,,,,,,,,,,,,,,,
,,,,,,,,,,,,,,,,
,,,,,,,,,,,,,,,,
,,,,,,,,,,,,,,,,
,,,,,,,,,,,,,,,,
,,,,,,,,,,,,,,,,
,,,,,,,,,,,,,,,,
,,,,,,,,,,,,,,,,
,,,,,,,,,,,,,,,,
,,,,,,,,,,,,,,,,
,,,,,,,,,,,,,,,,
,,,,,,,,,,,,,,,,
,,,,,,,,,,,,,,,,
,,,,,,,,,,,,,,,,
,,,,,,,,,,,,,,,,
,,,,,,,,,,,,,,,,
,,,,,,,,,,,,,,,,
,,,,,,,,,,,,,,,,
,,,,,,,,,,,,,,,,
,,,,,,,,,,,,,,,,
,,,,,,,,,,,,,,,,
,,,,,,,,,,,,,,,,
,,,,,,,,,,,,,,,,
,,,,,,,,,,,,,,,,
,,,,,,,,,,,,,,,,
,,,,,,,,,,,,,,,,
,,,,,,,,,,,,,,,,
,,,,,,,,,,,,,,,,
,,,,,,,,,,,,,,,,
,,,,,,,,,,,,,,,,
,,,,,,,,,,,,,,,,
,,,,,,,,,,,,,,,,
,,,,,,,,,,,,,,,,
,,,,,,,,,,,,,,,,
,,,,,,,,,,,,,,,,
,,,,,,,,,,,,,,,,
,,,,,,,,,,,,,,,,
,,,,,,,,,,,,,,,,
,,,,,,,,,,,,,,,,
,,,,,,,,,,,,,,,,
,,,,,,,,,,,,,,,,
,,,,,,,,,,,,,,,,
,,,,,,,,,,,,,,,,
,,,,,,,,,,,,,,,,
,,,,,,,,,,,,,,,,
,,,,,,,,,,,,,,,,
,,,,,,,,,,,,,,,,
,,,,,,,,,,,,,,,,
,,,,,,,,,,,,,,,,
,,,,,,,,,,,,,,,,
,,,,,,,,,,,,,,,,
,,,,,,,,,,,,,,,,
,,,,,,,,,,,,,,,,
,,,,,,,,,,,,,,,,
,,,,,,,,,,,,,,,,
,,,,,,,,,,,,,,,,
,,,,,,,,,,,,,,,,
,,,,,,,,,,,,,,,,
,,,,,,,,,,,,,,,,
,,,,,,,,,,,,,,,,
,,,,,,,,,,,,,,,,
,,,,,,,,,,,,,,,,
,,,,,,,,,,,,,,,,
,,,,,,,,,,,,,,,,
,,,,,,,,,,,,,,,,
,,,,,,,,,,,,,,,,
,,,,,,,,,,,,,,,,
,,,,,,,,,,,,,,,,
,,,,,,,,,,,,,,,,
,,,,,,,,,,,,,,,,
,,,,,,,,,,,,,,,,
,,,,,,,,,,,,,,,,
,,,,,,,,,,,,,,,,
,,,,,,,,,,,,,,,,
,,,,,,,,,,,,,,,,
,,,,,,,,,,,,,,,,
,,,,,,,,,,,,,,,,
,,,,,,,,,,,,,,,,
,,,,,,,,,,,,,,,,
,,,,,,,,,,,,,,,,
,,,,,,,,,,,,,,,,
,,,,,,,,,,,,,,,,
,,,,,,,,,,,,,,,,
,,,,,,,,,,,,,,,,
,,,,,,,,,,,,,,,,
,,,,,,,,,,,,,,,,
,,,,,,,,,,,,,,,,
,,,,,,,,,,,,,,,,
,,,,,,,,,,,,,,,,
,,,,,,,,,,,,,,,,
,,,,,,,,,,,,,,,,
,,,,,,,,,,,,,,,,
,,,,,,,,,,,,,,,,
,,,,,,,,,,,,,,,,
,,,,,,,,,,,,,,,,
,,,,,,,,,,,,,,,,
,,,,,,,,,,,,,,,,
,,,,,,,,,,,,,,,,
,,,,,,,,,,,,,,,,
,,,,,,,,,,,,,,,,
,,,,,,,,,,,,,,,,
,,,,,,,,,,,,,,,,
,,,,,,,,,,,,,,,,
,,,,,,,,,,,,,,,,
,,,,,,,,,,,,,,,,
,,,,,,,,,,,,,,,,
,,,,,,,,,,,,,,,,
,,,,,,,,,,,,,,,,
,,,,,,,,,,,,,,,,
,,,,,,,,,,,,,,,,
,,,,,,,,,,,,,,,,
,,,,,,,,,,,,,,,,
,,,,,,,,,,,,,,,,
,,,,,,,,,,,,,,,,
,,,,,,,,,,,,,,,,
,,,,,,,,,,,,,,,,
,,,,,,,,,,,,,,,,
,,,,,,,,,,,,,,,,
,,,,,,,,,,,,,,,,
,,,,,,,,,,,,,,,,
,,,,,,,,,,,,,,,,
,,,,,,,,,,,,,,,,
,,,,,,,,,,,,,,,,
,,,,,,,,,,,,,,,,
,,,,,,,,,,,,,,,,
,,,,,,,,,,,,,,,,
,,,,,,,,,,,,,,,,
,,,,,,,,,,,,,,,,
,,,,,,,,,,,,,,,,
,,,,,,,,,,,,,,,,
,,,,,,,,,,,,,,,,
,,,,,,,,,,,,,,,,
,,,,,,,,,,,,,,,,
,,,,,,,,,,,,,,,,
,,,,,,,,,,,,,,,,
,,,,,,,,,,,,,,,,
,,,,,,,,,,,,,,,,
,,,,,,,,,,,,,,,,
,,,,,,,,,,,,,,,,
,,,,,,,,,,,,,,,,
,,,,,,,,,,,,,,,,
,,,,,,,,,,,,,,,,
,,,,,,,,,,,,,,,,
,,,,,,,,,,,,,,,,
,,,,,,,,,,,,,,,,
,,,,,,,,,,,,,,,,
,,,,,,,,,,,,,,,,
,,,,,,,,,,,,,,,,
,,,,,,,,,,,,,,,,
,,,,,,,,,,,,,,,,
,,,,,,,,,,,,,,,,
,,,,,,,,,,,,,,,,
,,,,,,,,,,,,,,,,
,,,,,,,,,,,,,,,,
,,,,,,,,,,,,,,,,
,,,,,,,,,,,,,,,,
,,,,,,,,,,,,,,,,
,,,,,,,,,,,,,,,,
,,,,,,,,,,,,,,,,
,,,,,,,,,,,,,,,,
,,,,,,,,,,,,,,,,
,,,,,,,,,,,,,,,,
,,,,,,,,,,,,,,,,
,,,,,,,,,,,,,,,,
,,,,,,,,,,,,,,,,
,,,,,,,,,,,,,,,,
,,,,,,,,,,,,,,,,
,,,,,,,,,,,,,,,,
,,,,,,,,,,,,,,,,
,,,,,,,,,,,,,,,,
,,,,,,,,,,,,,,,,
,,,,,,,,,,,,,,,,
,,,,,,,,,,,,,,,,
,,,,,,,,,,,,,,,,
,,,,,,,,,,,,,,,,
,,,,,,,,,,,,,,,,
,,,,,,,,,,,,,,,,
,,,,,,,,,,,,,,,,
,,,,,,,,,,,,,,,,
,,,,,,,,,,,,,,,,
,,,,,,,,,,,,,,,,
,,,,,,,,,,,,,,,,
,,,,,,,,,,,,,,,,
,,,,,,,,,,,,,,,,
,,,,,,,,,,,,,,,,
,,,,,,,,,,,,,,,,
,,,,,,,,,,,,,,,,
,,,,,,,,,,,,,,,,
,,,,,,,,,,,,,,,,
,,,,,,,,,,,,,,,,
,,,,,,,,,,,,,,,,
,,,,,,,,,,,,,,,,
,,,,,,,,,,,,,,,,
,,,,,,,,,,,,,,,,
,,,,,,,,,,,,,,,,
,,,,,,,,,,,,,,,,
,,,,,,,,,,,,,,,,
,,,,,,,,,,,,,,,,
,,,,,,,,,,,,,,,,
,,,,,,,,,,,,,,,,
,,,,,,,,,,,,,,,,
,,,,,,,,,,,,,,,,
,,,,,,,,,,,,,,,,
,,,,,,,,,,,,,,,,
,,,,,,,,,,,,,,,,
,,,,,,,,,,,,,,,,
,,,,,,,,,,,,,,,,
,,,,,,,,,,,,,,,,
,,,,,,,,,,,,,,,,
,,,,,,,,,,,,,,,,
,,,,,,,,,,,,,,,,
,,,,,,,,,,,,,,,,
,,,,,,,,,,,,,,,,
,,,,,,,,,,,,,,,,
,,,,,,,,,,,,,,,,
,,,,,,,,,,,,,,,,
,,,,,,,,,,,,,,,,
,,,,,,,,,,,,,,,,
,,,,,,,,,,,,,,,,
,,,,,,,,,,,,,,,,
,,,,,,,,,,,,,,,,
,,,,,,,,,,,,,,,,
,,,,,,,,,,,,,,,,
,,,,,,,,,,,,,,,,
,,,,,,,,,,,,,,,,
,,,,,,,,,,,,,,,,
,,,,,,,,,,,,,,,,
,,,,,,,,,,,,,,,,
,,,,,,,,,,,,,,,,
,,,,,,,,,,,,,,,,
,,,,,,,,,,,,,,,,
,,,,,,,,,,,,,,,,
,,,,,,,,,,,,,,,,
,,,,,,,,,,,,,,,,
,,,,,,,,,,,,,,,,
,,,,,,,,,,,,,,,,
,,,,,,,,,,,,,,,,
,,,,,,,,,,,,,,,,
,,,,,,,,,,,,,,,,
,,,,,,,,,,,,,,,,
,,,,,,,,,,,,,,,,
,,,,,,,,,,,,,,,,
,,,,,,,,,,,,,,,,
,,,,,,,,,,,,,,,,
,,,,,,,,,,,,,,,,
,,,,,,,,,,,,,,,,
,,,,,,,,,,,,,,,,
,,,,,,,,,,,,,,,,
,,,,,,,,,,,,,,,,
,,,,,,,,,,,,,,,,
,,,,,,,,,,,,,,,,
,,,,,,,,,,,,,,,,
,,,,,,,,,,,,,,,,
,,,,,,,,,,,,,,,,
,,,,,,,,,,,,,,,,
,,,,,,,,,,,,,,,,
,,,,,,,,,,,,,,,,
,,,,,,,,,,,,,,,,
,,,,,,,,,,,,,,,,
,,,,,,,,,,,,,,,,
,,,,,,,,,,,,,,,,
,,,,,,,,,,,,,,,,
,,,,,,,,,,,,,,,,
,,,,,,,,,,,,,,,,
,,,,,,,,,,,,,,,,
,,,,,,,,,,,,,,,,
,,,,,,,,,,,,,,,,
,,,,,,,,,,,,,,,,
,,,,,,,,,,,,,,,,
,,,,,,,,,,,,,,,,
,,,,,,,,,,,,,,,,
,,,,,,,,,,,,,,,,
,,,,,,,,,,,,,,,,
,,,,,,,,,,,,,,,,
,,,,,,,,,,,,,,,,
,,,,,,,,,,,,,,,,
,,,,,,,,,,,,,,,,
,,,,,,,,,,,,,,,,
,,,,,,,,,,,,,,,,
,,,,,,,,,,,,,,,,
,,,,,,,,,,,,,,,,
,,,,,,,,,,,,,,,,
,,,,,,,,,,,,,,,,
,,,,,,,,,,,,,,,,
,,,,,,,,,,,,,,,,
,,,,,,,,,,,,,,,,
,,,,,,,,,,,,,,,,
,,,,,,,,,,,,,,,,
,,,,,,,,,,,,,,,,
,,,,,,,,,,,,,,,,
,,,,,,,,,,,,,,,,
,,,,,,,,,,,,,,,,
,,,,,,,,,,,,,,,,
,,,,,,,,,,,,,,,,
,,,,,,,,,,,,,,,,
,,,,,,,,,,,,,,,,
,,,,,,,,,,,,,,,,
,,,,,,,,,,,,,,,,
,,,,,,,,,,,,,,,,
,,,,,,,,,,,,,,,,
,,,,,,,,,,,,,,,,
,,,,,,,,,,,,,,,,
,,,,,,,,,,,,,,,,
,,,,,,,,,,,,,,,,
,,,,,,,,,,,,,,,,
,,,,,,,,,,,,,,,,
,,,,,,,,,,,,,,,,
,,,,,,,,,,,,,,,,
,,,,,,,,,,,,,,,,
,,,,,,,,,,,,,,,,
,,,,,,,,,,,,,,,,
,,,,,,,,,,,,,,,,
,,,,,,,,,,,,,,,,
,,,,,,,,,,,,,,,,
,,,,,,,,,,,,,,,,
,,,,,,,,,,,,,,,,
,,,,,,,,,,,,,,,,
,,,,,,,,,,,,,,,,
,,,,,,,,,,,,,,,,
,,,,,,,,,,,,,,,,
,,,,,,,,,,,,,,,,
,,,,,,,,,,,,,,,,
,,,,,,,,,,,,,,,,
,,,,,,,,,,,,,,,,
,,,,,,,,,,,,,,,,
,,,,,,,,,,,,,,,,
,,,,,,,,,,,,,,,,
,,,,,,,,,,,,,,,,
,,,,,,,,,,,,,,,,
,,,,,,,,,,,,,,,,
,,,,,,,,,,,,,,,,
,,,,,,,,,,,,,,,,
,,,,,,,,,,,,,,,,
,,,,,,,,,,,,,,,,
,,,,,,,,,,,,,,,,
,,,,,,,,,,,,,,,,
,,,,,,,,,,,,,,,,
,,,,,,,,,,,,,,,,
,,,,,,,,,,,,,,,,
,,,,,,,,,,,,,,,,
,,,,,,,,,,,,,,,,
,,,,,,,,,,,,,,,,
,,,,,,,,,,,,,,,,
,,,,,,,,,,,,,,,,
,,,,,,,,,,,,,,,,
,,,,,,,,,,,,,,,,
,,,,,,,,,,,,,,,,
,,,,,,,,,,,,,,,,
,,,,,,,,,,,,,,,,
,,,,,,,,,,,,,,,,
,,,,,,,,,,,,,,,,
,,,,,,,,,,,,,,,,
,,,,,,,,,,,,,,,,
,,,,,,,,,,,,,,,,
,,,,,,,,,,,,,,,,
,,,,,,,,,,,,,,,,
,,,,,,,,,,,,,,,,
,,,,,,,,,,,,,,,,
,,,,,,,,,,,,,,,,
,,,,,,,,,,,,,,,,
,,,,,,,,,,,,,,,,
,,,,,,,,,,,,,,,,
,,,,,,,,,,,,,,,,
,,,,,,,,,,,,,,,,
,,,,,,,,,,,,,,,,
,,,,,,,,,,,,,,,,
,,,,,,,,,,,,,,,,
,,,,,,,,,,,,,,,,
,,,,,,,,,,,,,,,,
,,,,,,,,,,,,,,,,
,,,,,,,,,,,,,,,,
,,,,,,,,,,,,,,,,
,,,,,,,,,,,,,,,,
,,,,,,,,,,,,,,,,
,,,,,,,,,,,,,,,,
,,,,,,,,,,,,,,,,
,,,,,,,,,,,,,,,,
,,,,,,,,,,,,,,,,
,,,,,,,,,,,,,,,,
,,,,,,,,,,,,,,,,
,,,,,,,,,,,,,,,,
,,,,,,,,,,,,,,,,
,,,,,,,,,,,,,,,,
,,,,,,,,,,,,,,,,
,,,,,,,,,,,,,,,,
,,,,,,,,,,,,,,,,
,,,,,,,,,,,,,,,,
,,,,,,,,,,,,,,,,
,,,,,,,,,,,,,,,,
,,,,,,,,,,,,,,,,
,,,,,,,,,,,,,,,,
,,,,,,,,,,,,,,,,
,,,,,,,,,,,,,,,,
,,,,,,,,,,,,,,,,
,,,,,,,,,,,,,,,,
,,,,,,,,,,,,,,,,
,,,,,,,,,,,,,,,,
,,,,,,,,,,,,,,,,
,,,,,,,,,,,,,,,,
,,,,,,,,,,,,,,,,
,,,,,,,,,,,,,,,,
,,,,,,,,,,,,,,,,
,,,,,,,,,,,,,,,,
,,,,,,,,,,,,,,,,
,,,,,,,,,,,,,,,,
,,,,,,,,,,,,,,,,
,,,,,,,,,,,,,,,,
,,,,,,,,,,,,,,,,
,,,,,,,,,,,,,,,,
,,,,,,,,,,,,,,,,
,,,,,,,,,,,,,,,,
,,,,,,,,,,,,,,,,
,,,,,,,,,,,,,,,,
,,,,,,,,,,,,,,,,
,,,,,,,,,,,,,,,,
,,,,,,,,,,,,,,,,
,,,,,,,,,,,,,,,,
,,,,,,,,,,,,,,,,
,,,,,,,,,,,,,,,,
,,,,,,,,,,,,,,,,
,,,,,,,,,,,,,,,,
,,,,,,,,,,,,,,,,
,,,,,,,,,,,,,,,,
,,,,,,,,,,,,,,,,
,,,,,,,,,,,,,,,,
,,,,,,,,,,,,,,,,
,,,,,,,,,,,,,,,,
,,,,,,,,,,,,,,,,
,,,,,,,,,,,,,,,,
,,,,,,,,,,,,,,,,
,,,,,,,,,,,,,,,,
,,,,,,,,,,,,,,,,
,,,,,,,,,,,,,,,,
,,,,,,,,,,,,,,,,
,,,,,,,,,,,,,,,,
,,,,,,,,,,,,,,,,
,,,,,,,,,,,,,,,,
,,,,,,,,,,,,,,,,
,,,,,,,,,,,,,,,,
,,,,,,,,,,,,,,,,
,,,,,,,,,,,,,,,,
,,,,,,,,,,,,,,,,
,,,,,,,,,,,,,,,,
,,,,,,,,,,,,,,,,
,,,,,,,,,,,,,,,,
,,,,,,,,,,,,,,,,
,,,,,,,,,,,,,,,,
,,,,,,,,,,,,,,,,
,,,,,,,,,,,,,,,,
,,,,,,,,,,,,,,,,
,,,,,,,,,,,,,,,,
,,,,,,,,,,,,,,,,
,,,,,,,,,,,,,,,,
,,,,,,,,,,,,,,,,
,,,,,,,,,,,,,,,,
,,,,,,,,,,,,,,,,
,,,,,,,,,,,,,,,,
,,,,,,,,,,,,,,,,
,,,,,,,,,,,,,,,,
,,,,,,,,,,,,,,,,
,,,,,,,,,,,,,,,,
,,,,,,,,,,,,,,,,
,,,,,,,,,,,,,,,,
,,,,,,,,,,,,,,,,
,,,,,,,,,,,,,,,,
,,,,,,,,,,,,,,,,
,,,,,,,,,,,,,,,,
,,,,,,,,,,,,,,,,
,,,,,,,,,,,,,,,,
,,,,,,,,,,,,,,,,
,,,,,,,,,,,,,,,,
,,,,,,,,,,,,,,,,
,,,,,,,,,,,,,,,,
,,,,,,,,,,,,,,,,
,,,,,,,,,,,,,,,,
,,,,,,,,,,,,,,,,
,,,,,,,,,,,,,,,,
,,,,,,,,,,,,,,,,
,,,,,,,,,,,,,,,,
,,,,,,,,,,,,,,,,
,,,,,,,,,,,,,,,,
,,,,,,,,,,,,,,,,
,,,,,,,,,,,,,,,,
,,,,,,,,,,,,,,,,
,,,,,,,,,,,,,,,,
,,,,,,,,,,,,,,,,
,,,,,,,,,,,,,,,,
,,,,,,,,,,,,,,,,
,,,,,,,,,,,,,,,,
,,,,,,,,,,,,,,,,
,,,,,,,,,,,,,,,,
,,,,,,,,,,,,,,,,
,,,,,,,,,,,,,,,,
,,,,,,,,,,,,,,,,
,,,,,,,,,,,,,,,,
,,,,,,,,,,,,,,,,
,,,,,,,,,,,,,,,,
,,,,,,,,,,,,,,,,
,,,,,,,,,,,,,,,,
,,,,,,,,,,,,,,,,
,,,,,,,,,,,,,,,,
,,,,,,,,,,,,,,,,
,,,,,,,,,,,,,,,,
,,,,,,,,,,,,,,,,
,,,,,,,,,,,,,,,,
,,,,,,,,,,,,,,,,
,,,,,,,,,,,,,,,,
,,,,,,,,,,,,,,,,
,,,,,,,,,,,,,,,,
,,,,,,,,,,,,,,,,
,,,,,,,,,,,,,,,,
,,,,,,,,,,,,,,,,
,,,,,,,,,,,,,,,,
,,,,,,,,,,,,,,,,
,,,,,,,,,,,,,,,,
,,,,,,,,,,,,,,,,
,,,,,,,,,,,,,,,,
,,,,,,,,,,,,,,,,
,,,,,,,,,,,,,,,,
,,,,,,,,,,,,,,,,
,,,,,,,,,,,,,,,,
,,,,,,,,,,,,,,,,
,,,,,,,,,,,,,,,,
,,,,,,,,,,,,,,,,
,,,,,,,,,,,,,,,,
,,,,,,,,,,,,,,,,
,,,,,,,,,,,,,,,,
,,,,,,,,,,,,,,,,
,,,,,,,,,,,,,,,,
,,,,,,,,,,,,,,,,
,,,,,,,,,,,,,,,,
,,,,,,,,,,,,,,,,
,,,,,,,,,,,,,,,,
,,,,,,,,,,,,,,,,
,,,,,,,,,,,,,,,,
,,,,,,,,,,,,,,,,
,,,,,,,,,,,,,,,,
,,,,,,,,,,,,,,,,
,,,,,,,,,,,,,,,,
,,,,,,,,,,,,,,,,
,,,,,,,,,,,,,,,,
,,,,,,,,,,,,,,,,
,,,,,,,,,,,,,,,,
,,,,,,,,,,,,,,,,
,,,,,,,,,,,,,,,,
,,,,,,,,,,,,,,,,
,,,,,,,,,,,,,,,,
,,,,,,,,,,,,,,,,
,,,,,,,,,,,,,,,,
,,,,,,,,,,,,,,,,
,,,,,,,,,,,,,,,,
,,,,,,,,,,,,,,,,
,,,,,,,,,,,,,,,,
,,,,,,,,,,,,,,,,
,,,,,,,,,,,,,,,,
,,,,,,,,,,,,,,,,
,,,,,,,,,,,,,,,,
,,,,,,,,,,,,,,,,
,,,,,,,,,,,,,,,,
,,,,,,,,,,,,,,,,
,,,,,,,,,,,,,,,,
,,,,,,,,,,,,,,,,
,,,,,,,,,,,,,,,,
,,,,,,,,,,,,,,,,
,,,,,,,,,,,,,,,,
,,,,,,,,,,,,,,,,
,,,,,,,,,,,,,,,,
,,,,,,,,,,,,,,,,
,,,,,,,,,,,,,,,,
,,,,,,,,,,,,,,,,
,,,,,,,,,,,,,,,,
,,,,,,,,,,,,,,,,
,,,,,,,,,,,,,,,,
,,,,,,,,,,,,,,,,
,,,,,,,,,,,,,,,,
,,,,,,,,,,,,,,,,
,,,,,,,,,,,,,,,,
,,,,,,,,,,,,,,,,
,,,,,,,,,,,,,,,,
,,,,,,,,,,,,,,,,
,,,,,,,,,,,,,,,,
,,,,,,,,,,,,,,,,
,,,,,,,,,,,,,,,,
,,,,,,,,,,,,,,,,
,,,,,,,,,,,,,,,,
,,,,,,,,,,,,,,,,
,,,,,,,,,,,,,,,,
,,,,,,,,,,,,,,,,
,,,,,,,,,,,,,,,,
,,,,,,,,,,,,,,,,
,,,,,,,,,,,,,,,,
,,,,,,,,,,,,,,,,
,,,,,,,,,,,,,,,,
,,,,,,,,,,,,,,,,
,,,,,,,,,,,,,,,,
,,,,,,,,,,,,,,,,
,,,,,,,,,,,,,,,,
,,,,,,,,,,,,,,,,
,,,,,,,,,,,,,,,,
,,,,,,,,,,,,,,,,
,,,,,,,,,,,,,,,,
,,,,,,,,,,,,,,,,
,,,,,,,,,,,,,,,,
,,,,,,,,,,,,,,,,
,,,,,,,,,,,,,,,,
,,,,,,,,,,,,,,,,
,,,,,,,,,,,,,,,,
,,,,,,,,,,,,,,,,
,,,,,,,,,,,,,,,,
,,,,,,,,,,,,,,,,
,,,,,,,,,,,,,,,,
,,,,,,,,,,,,,,,,
,,,,,,,,,,,,,,,,
,,,,,,,,,,,,,,,,
,,,,,,,,,,,,,,,,
,,,,,,,,,,,,,,,,
,,,,,,,,,,,,,,,,
,,,,,,,,,,,,,,,,
,,,,,,,,,,,,,,,,
,,,,,,,,,,,,,,,,
,,,,,,,,,,,,,,,,
,,,,,,,,,,,,,,,,
,,,,,,,,,,,,,,,,
,,,,,,,,,,,,,,,,
,,,,,,,,,,,,,,,,
,,,,,,,,,,,,,,,,
,,,,,,,,,,,,,,,,
,,,,,,,,,,,,,,,,
,,,,,,,,,,,,,,,,
,,,,,,,,,,,,,,,,
,,,,,,,,,,,,,,,,
,,,,,,,,,,,,,,,,
,,,,,,,,,,,,,,,,
,,,,,,,,,,,,,,,,
,,,,,,,,,,,,,,,,
,,,,,,,,,,,,,,,,
,,,,,,,,,,,,,,,,
,,,,,,,,,,,,,,,,
,,,,,,,,,,,,,,,,
,,,,,,,,,,,,,,,,
,,,,,,,,,,,,,,,,
,,,,,,,,,,,,,,,,
,,,,,,,,,,,,,,,,
,,,,,,,,,,,,,,,,
,,,,,,,,,,,,,,,,
,,,,,,,,,,,,,,,,
,,,,,,,,,,,,,,,,
,,,,,,,,,,,,,,,,
,,,,,,,,,,,,,,,,
,,,,,,,,,,,,,,,,
,,,,,,,,,,,,,,,,
,,,,,,,,,,,,,,,,
,,,,,,,,,,,,,,,,
,,,,,,,,,,,,,,,,
,,,,,,,,,,,,,,,,
,,,,,,,,,,,,,,,,
,,,,,,,,,,,,,,,,
,,,,,,,,,,,,,,,,
,,,,,,,,,,,,,,,,
,,,,,,,,,,,,,,,,
,,,,,,,,,,,,,,,,
,,,,,,,,,,,,,,,,
,,,,,,,,,,,,,,,,
,,,,,,,,,,,,,,,,
,,,,,,,,,,,,,,,,
,,,,,,,,,,,,,,,,
,,,,,,,,,,,,,,,,
,,,,,,,,,,,,,,,,
,,,,,,,,,,,,,,,,
,,,,,,,,,,,,,,,,
,,,,,,,,,,,,,,,,
,,,,,,,,,,,,,,,,
,,,,,,,,,,,,,,,,
,,,,,,,,,,,,,,,,
,,,,,,,,,,,,,,,,
,,,,,,,,,,,,,,,,
,,,,,,,,,,,,,,,,
,,,,,,,,,,,,,,,,
,,,,,,,,,,,,,,,,
,,,,,,,,,,,,,,,,
,,,,,,,,,,,,,,,,
,,,,,,,,,,,,,,,,
,,,,,,,,,,,,,,,,
,,,,,,,,,,,,,,,,
,,,,,,,,,,,,,,,,
,,,,,,,,,,,,,,,,
,,,,,,,,,,,,,,,,
,,,,,,,,,,,,,,,,
,,,,,,,,,,,,,,,,
,,,,,,,,,,,,,,,,
,,,,,,,,,,,,,,,,
,,,,,,,,,,,,,,,,
,,,,,,,,,,,,,,,,
,,,,,,,,,,,,,,,,
,,,,,,,,,,,,,,,,
,,,,,,,,,,,,,,,,
,,,,,,,,,,,,,,,,
,,,,,,,,,,,,,,,,
,,,,,,,,,,,,,,,,
,,,,,,,,,,,,,,,,
,,,,,,,,,,,,,,,,
,,,,,,,,,,,,,,,,
,,,,,,,,,,,,,,,,
,,,,,,,,,,,,,,,,
,,,,,,,,,,,,,,,,
,,,,,,,,,,,,,,,,
,,,,,,,,,,,,,,,,
,,,,,,,,,,,,,,,,
,,,,,,,,,,,,,,,,
,,,,,,,,,,,,,,,,
,,,,,,,,,,,,,,,,
,,,,,,,,,,,,,,,,
,,,,,,,,,,,,,,,,
,,,,,,,,,,,,,,,,
,,,,,,,,,,,,,,,,
,,,,,,,,,,,,,,,,
,,,,,,,,,,,,,,,,
,,,,,,,,,,,,,,,,
,,,,,,,,,,,,,,,,
,,,,,,,,,,,,,,,,
,,,,,,,,,,,,,,,,
,,,,,,,,,,,,,,,,
,,,,,,,,,,,,,,,,
,,,,,,,,,,,,,,,,
,,,,,,,,,,,,,,,,
,,,,,,,,,,,,,,,,
,,,,,,,,,,,,,,,,
,,,,,,,,,,,,,,,,
,,,,,,,,,,,,,,,,
,,,,,,,,,,,,,,,,
,,,,,,,,,,,,,,,,
,,,,,,,,,,,,,,,,
,,,,,,,,,,,,,,,,
,,,,,,,,,,,,,,,,
,,,,,,,,,,,,,,,,
,,,,,,,,,,,,,,,,
,,,,,,,,,,,,,,,,
,,,,,,,,,,,,,,,,
,,,,,,,,,,,,,,,,
,,,,,,,,,,,,,,,,
,,,,,,,,,,,,,,,,
,,,,,,,,,,,,,,,,
,,,,,,,,,,,,,,,,
,,,,,,,,,,,,,,,,
,,,,,,,,,,,,,,,,
,,,,,,,,,,,,,,,,
,,,,,,,,,,,,,,,,
,,,,,,,,,,,,,,,,
,,,,,,,,,,,,,,,,
,,,,,,,,,,,,,,,,
,,,,,,,,,,,,,,,,
,,,,,,,,,,,,,,,,
,,,,,,,,,,,,,,,,
,,,,,,,,,,,,,,,,
,,,,,,,,,,,,,,,,
,,,,,,,,,,,,,,,,
,,,,,,,,,,,,,,,,
,,,,,,,,,,,,,,,,
,,,,,,,,,,,,,,,,
,,,,,,,,,,,,,,,,
,,,,,,,,,,,,,,,,
,,,,,,,,,,,,,,,,
,,,,,,,,,,,,,,,,
,,,,,,,,,,,,,,,,
,,,,,,,,,,,,,,,,
,,,,,,,,,,,,,,,,
,,,,,,,,,,,,,,,,
,,,,,,,,,,,,,,,,
,,,,,,,,,,,,,,,,
,,,,,,,,,,,,,,,,
,,,,,,,,,,,,,,,,
,,,,,,,,,,,,,,,,
,,,,,,,,,,,,,,,,
,,,,,,,,,,,,,,,,
,,,,,,,,,,,,,,,,
,,,,,,,,,,,,,,,,
,,,,,,,,,,,,,,,,
,,,,,,,,,,,,,,,,
,,,,,,,,,,,,,,,,
,,,,,,,,,,,,,,,,
,,,,,,,,,,,,,,,,
,,,,,,,,,,,,,,,,
,,,,,,,,,,,,,,,,
,,,,,,,,,,,,,,,,
,,,,,,,,,,,,,,,,
,,,,,,,,,,,,,,,,
,,,,,,,,,,,,,,,,
,,,,,,,,,,,,,,,,
,,,,,,,,,,,,,,,,
,,,,,,,,,,,,,,,,
,,,,,,,,,,,,,,,,
,,,,,,,,,,,,,,,,
,,,,,,,,,,,,,,,,
,,,,,,,,,,,,,,,,
,,,,,,,,,,,,,,,,
,,,,,,,,,,,,,,,,
,,,,,,,,,,,,,,,,
,,,,,,,,,,,,,,,,
,,,,,,,,,,,,,,,,
,,,,,,,,,,,,,,,,
,,,,,,,,,,,,,,,,
,,,,,,,,,,,,,,,,
,,,,,,,,,,,,,,,,
,,,,,,,,,,,,,,,,
,,,,,,,,,,,,,,,,
,,,,,,,,,,,,,,,,
,,,,,,,,,,,,,,,,
,,,,,,,,,,,,,,,,
,,,,,,,,,,,,,,,,
,,,,,,,,,,,,,,,,
,,,,,,,,,,,,,,,,
,,,,,,,,,,,,,,,,
,,,,,,,,,,,,,,,,
,,,,,,,,,,,,,,,,
,,,,,,,,,,,,,,,,
,,,,,,,,,,,,,,,,
,,,,,,,,,,,,,,,,
,,,,,,,,,,,,,,,,
,,,,,,,,,,,,,,,,
,,,,,,,,,,,,,,,,
,,,,,,,,,,,,,,,,
,,,,,,,,,,,,,,,,
,,,,,,,,,,,,,,,,
,,,,,,,,,,,,,,,,
,,,,,,,,,,,,,,,,
,,,,,,,,,,,,,,,,
,,,,,,,,,,,,,,,,
,,,,,,,,,,,,,,,,
,,,,,,,,,,,,,,,,
,,,,,,,,,,,,,,,,
,,,,,,,,,,,,,,,,
,,,,,,,,,,,,,,,,
,,,,,,,,,,,,,,,,
,,,,,,,,,,,,,,,,
,,,,,,,,,,,,,,,,
,,,,,,,,,,,,,,,,
,,,,,,,,,,,,,,,,
,,,,,,,,,,,,,,,,
,,,,,,,,,,,,,,,,
,,,,,,,,,,,,,,,,
,,,,,,,,,,,,,,,,
,,,,,,,,,,,,,,,,
,,,,,,,,,,,,,,,,
,,,,,,,,,,,,,,,,
,,,,,,,,,,,,,,,,
,,,,,,,,,,,,,,,,
,,,,,,,,,,,,,,,,
,,,,,,,,,,,,,,,,
,,,,,,,,,,,,,,,,
,,,,,,,,,,,,,,,,
,,,,,,,,,,,,,,,,
,,,,,,,,,,,,,,,,
,,,,,,,,,,,,,,,,
,,,,,,,,,,,,,,,,
,,,,,,,,,,,,,,,,
,,,,,,,,,,,,,,,,
,,,,,,,,,,,,,,,,
,,,,,,,,,,,,,,,,
,,,,,,,,,,,,,,,,
,,,,,,,,,,,,,,,,
,,,,,,,,,,,,,,,,
,,,,,,,,,,,,,,,,
,,,,,,,,,,,,,,,,
,,,,,,,,,,,,,,,,
,,,,,,,,,,,,,,,,
,,,,,,,,,,,,,,,,
,,,,,,,,,,,,,,,,
,,,,,,,,,,,,,,,,
,,,,,,,,,,,,,,,,
,,,,,,,,,,,,,,,,
,,,,,,,,,,,,,,,,
,,,,,,,,,,,,,,,,
,,,,,,,,,,,,,,,,
,,,,,,,,,,,,,,,,
,,,,,,,,,,,,,,,,
,,,,,,,,,,,,,,,,
,,,,,,,,,,,,,,,,
,,,,,,,,,,,,,,,,
,,,,,,,,,,,,,,,,
,,,,,,,,,,,,,,,,
,,,,,,,,,,,,,,,,
,,,,,,,,,,,,,,,,
,,,,,,,,,,,,,,,,
,,,,,,,,,,,,,,,,
,,,,,,,,,,,,,,,,
,,,,,,,,,,,,,,,,
,,,,,,,,,,,,,,,,
,,,,,,,,,,,,,,,,
,,,,,,,,,,,,,,,,
,,,,,,,,,,,,,,,,
,,,,,,,,,,,,,,,,
,,,,,,,,,,,,,,,,
,,,,,,,,,,,,,,,,
,,,,,,,,,,,,,,,,
,,,,,,,,,,,,,,,,
,,,,,,,,,,,,,,,,
,,,,,,,,,,,,,,,,
,,,,,,,,,,,,,,,,
,,,,,,,,,,,,,,,,
,,,,,,,,,,,,,,,,
,,,,,,,,,,,,,,,,
,,,,,,,,,,,,,,,,
,,,,,,,,,,,,,,,,
,,,,,,,,,,,,,,,,
,,,,,,,,,,,,,,,,
,,,,,,,,,,,,,,,,
,,,,,,,,,,,,,,,,
,,,,,,,,,,,,,,,,
,,,,,,,,,,,,,,,,
,,,,,,,,,,,,,,,,
,,,,,,,,,,,,,,,,
,,,,,,,,,,,,,,,,
,,,,,,,,,,,,,,,,
,,,,,,,,,,,,,,,,
,,,,,,,,,,,,,,,,
,,,,,,,,,,,,,,,,
,,,,,,,,,,,,,,,,
,,,,,,,,,,,,,,,,
,,,,,,,,,,,,,,,,
,,,,,,,,,,,,,,,,
,,,,,,,,,,,,,,,,
,,,,,,,,,,,,,,,,
,,,,,,,,,,,,,,,,
,,,,,,,,,,,,,,,,
,,,,,,,,,,,,,,,,
,,,,,,,,,,,,,,,,
,,,,,,,,,,,,,,,,
,,,,,,,,,,,,,,,,
,,,,,,,,,,,,,,,,
,,,,,,,,,,,,,,,,
,,,,,,,,,,,,,,,,
,,,,,,,,,,,,,,,,
,,,,,,,,,,,,,,,,
,,,,,,,,,,,,,,,,
,,,,,,,,,,,,,,,,
,,,,,,,,,,,,,,,,
,,,,,,,,,,,,,,,,
,,,,,,,,,,,,,,,,
,,,,,,,,,,,,,,,,
,,,,,,,,,,,,,,,,
,,,,,,,,,,,,,,,,
,,,,,,,,,,,,,,,,
,,,,,,,,,,,,,,,,
,,,,,,,,,,,,,,,,
,,,,,,,,,,,,,,,,
,,,,,,,,,,,,,,,,
,,,,,,,,,,,,,,,,
,,,,,,,,,,,,,,,,
,,,,,,,,,,,,,,,,
,,,,,,,,,,,,,,,,
,,,,,,,,,,,,,,,,
,,,,,,,,,,,,,,,,
,,,,,,,,,,,,,,,,
,,,,,,,,,,,,,,,,
,,,,,,,,,,,,,,,,
,,,,,,,,,,,,,,,,
,,,,,,,,,,,,,,,,
,,,,,,,,,,,,,,,,
,,,,,,,,,,,,,,,,
,,,,,,,,,,,,,,,,
,,,,,,,,,,,,,,,,
,,,,,,,,,,,,,,,,
,,,,,,,,,,,,,,,,
,,,,,,,,,,,,,,,,
,,,,,,,,,,,,,,,,
,,,,,,,,,,,,,,,,
,,,,,,,,,,,,,,,,
,,,,,,,,,,,,,,,,
,,,,,,,,,,,,,,,,
,,,,,,,,,,,,,,,,
,,,,,,,,,,,,,,,,
,,,,,,,,,,,,,,,,
,,,,,,,,,,,,,,,,
,,,,,,,,,,,,,,,,
,,,,,,,,,,,,,,,,
,,,,,,,,,,,,,,,,
,,,,,,,,,,,,,,,,
,,,,,,,,,,,,,,,,
,,,,,,,,,,,,,,,,
,,,,,,,,,,,,,,,,
,,,,,,,,,,,,,,,,
,,,,,,,,,,,,,,,,
,,,,,,,,,,,,,,,,
,,,,,,,,,,,,,,,,
,,,,,,,,,,,,,,,,
,,,,,,,,,,,,,,,,
,,,,,,,,,,,,,,,,
,,,,,,,,,,,,,,,,
,,,,,,,,,,,,,,,,
,,,,,,,,,,,,,,,,
,,,,,,,,,,,,,,,,
,,,,,,,,,,,,,,,,
,,,,,,,,,,,,,,,,
,,,,,,,,,,,,,,,,
,,,,,,,,,,,,,,,,
,,,,,,,,,,,,,,,,
,,,,,,,,,,,,,,,,
,,,,,,,,,,,,,,,,
,,,,,,,,,,,,,,,,
,,,,,,,,,,,,,,,,
,,,,,,,,,,,,,,,,
,,,,,,,,,,,,,,,,
,,,,,,,,,,,,,,,,
,,,,,,,,,,,,,,,,
,,,,,,,,,,,,,,,,
,,,,,,,,,,,,,,,,
,,,,,,,,,,,,,,,,
,,,,,,,,,,,,,,,,
,,,,,,,,,,,,,,,,
,,,,,,,,,,,,,,,,
,,,,,,,,,,,,,,,,
,,,,,,,,,,,,,,,,
,,,,,,,,,,,,,,,,
,,,,,,,,,,,,,,,,
,,,,,,,,,,,,,,,,
,,,,,,,,,,,,,,,,
,,,,,,,,,,,,,,,,
,,,,,,,,,,,,,,,,
,,,,,,,,,,,,,,,,
,,,,,,,,,,,,,,,,
,,,,,,,,,,,,,,,,
,,,,,,,,,,,,,,,,
,,,,,,,,,,,,,,,,
,,,,,,,,,,,,,,,,
,,,,,,,,,,,,,,,,
,,,,,,,,,,,,,,,,
,,,,,,,,,,,,,,,,
,,,,,,,,,,,,,,,,
,,,,,,,,,,,,,,,,
,,,,,,,,,,,,,,,,
,,,,,,,,,,,,,,,,
,,,,,,,,,,,,,,,,
,,,,,,,,,,,,,,,,
,,,,,,,,,,,,,,,,
,,,,,,,,,,,,,,,,
,,,,,,,,,,,,,,,,
,,,,,,,,,,,,,,,,
,,,,,,,,,,,,,,,,
,,,,,,,,,,,,,,,,
,,,,,,,,,,,,,,,,
,,,,,,,,,,,,,,,,
,,,,,,,,,,,,,,,,
,,,,,,,,,,,,,,,,
,,,,,,,,,,,,,,,,
,,,,,,,,,,,,,,,,
,,,,,,,,,,,,,,,,
,,,,,,,,,,,,,,,,
,,,,,,,,,,,,,,,,
,,,,,,,,,,,,,,,,
,,,,,,,,,,,,,,,,
,,,,,,,,,,,,,,,,
,,,,,,,,,,,,,,,,
,,,,,,,,,,,,,,,,
,,,,,,,,,,,,,,,,
,,,,,,,,,,,,,,,,
,,,,,,,,,,,,,,,,
,,,,,,,,,,,,,,,,
,,,,,,,,,,,,,,,,
,,,,,,,,,,,,,,,,
,,,,,,,,,,,,,,,,
,,,,,,,,,,,,,,,,
,,,,,,,,,,,,,,,,
,,,,,,,,,,,,,,,,
,,,,,,,,,,,,,,,,
,,,,,,,,,,,,,,,,
,,,,,,,,,,,,,,,,
,,,,,,,,,,,,,,,,
,,,,,,,,,,,,,,,,
,,,,,,,,,,,,,,,,
,,,,,,,,,,,,,,,,
,,,,,,,,,,,,,,,,
,,,,,,,,,,,,,,,,
,,,,,,,,,,,,,,,,
,,,,,,,,,,,,,,,,
,,,,,,,,,,,,,,,,
,,,,,,,,,,,,,,,,
,,,,,,,,,,,,,,,,
,,,,,,,,,,,,,,,,
,,,,,,,,,,,,,,,,
,,,,,,,,,,,,,,,,
,,,,,,,,,,,,,,,,
,,,,,,,,,,,,,,,,
,,,,,,,,,,,,,,,,
,,,,,,,,,,,,,,,,
,,,,,,,,,,,,,,,,
,,,,,,,,,,,,,,,,
,,,,,,,,,,,,,,,,
,,,,,,,,,,,,,,,,
,,,,,,,,,,,,,,,,
,,,,,,,,,,,,,,,,
,,,,,,,,,,,,,,,,
,,,,,,,,,,,,,,,,
,,,,,,,,,,,,,,,,
,,,,,,,,,,,,,,,,
,,,,,,,,,,,,,,,,
,,,,,,,,,,,,,,,,
,,,,,,,,,,,,,,,,
,,,,,,,,,,,,,,,,
,,,,,,,,,,,,,,,,
,,,,,,,,,,,,,,,,
,,,,,,,,,,,,,,,,
,,,,,,,,,,,,,,,,
,,,,,,,,,,,,,,,,
,,,,,,,,,,,,,,,,
,,,,,,,,,,,,,,,,
,,,,,,,,,,,,,,,,
,,,,,,,,,,,,,,,,
,,,,,,,,,,,,,,,,
,,,,,,,,,,,,,,,,
,,,,,,,,,,,,,,,,
,,,,,,,,,,,,,,,,
,,,,,,,,,,,,,,,,
,,,,,,,,,,,,,,,,
,,,,,,,,,,,,,,,,
,,,,,,,,,,,,,,,,
,,,,,,,,,,,,,,,,
,,,,,,,,,,,,,,,,
,,,,,,,,,,,,,,,,
,,,,,,,,,,,,,,,,
,,,,,,,,,,,,,,,,
,,,,,,,,,,,,,,,,
,,,,,,,,,,,,,,,,
,,,,,,,,,,,,,,,,
,,,,,,,,,,,,,,,,
,,,,,,,,,,,,,,,,
,,,,,,,,,,,,,,,,
,,,,,,,,,,,,,,,,
,,,,,,,,,,,,,,,,
,,,,,,,,,,,,,,,,
,,,,,,,,,,,,,,,,
,,,,,,,,,,,,,,,,
,,,,,,,,,,,,,,,,
,,,,,,,,,,,,,,,,
,,,,,,,,,,,,,,,,
,,,,,,,,,,,,,,,,
,,,,,,,,,,,,,,,,
,,,,,,,,,,,,,,,,
,,,,,,,,,,,,,,,,
,,,,,,,,,,,,,,,,
,,,,,,,,,,,,,,,,
,,,,,,,,,,,,,,,,
,,,,,,,,,,,,,,,,
,,,,,,,,,,,,,,,,
,,,,,,,,,,,,,,,,
,,,,,,,,,,,,,,,,
,,,,,,,,,,,,,,,,
,,,,,,,,,,,,,,,,
,,,,,,,,,,,,,,,,
,,,,,,,,,,,,,,,,
,,,,,,,,,,,,,,,,
,,,,,,,,,,,,,,,,
,,,,,,,,,,,,,,,,
,,,,,,,,,,,,,,,,
,,,,,,,,,,,,,,,,
,,,,,,,,,,,,,,,,
,,,,,,,,,,,,,,,,
,,,,,,,,,,,,,,,,
,,,,,,,,,,,,,,,,
,,,,,,,,,,,,,,,,
,,,,,,,,,,,,,,,,
,,,,,,,,,,,,,,,,
,,,,,,,,,,,,,,,,
,,,,,,,,,,,,,,,,
,,,,,,,,,,,,,,,,
,,,,,,,,,,,,,,,,
,,,,,,,,,,,,,,,,
,,,,,,,,,,,,,,,,
,,,,,,,,,,,,,,,,
,,,,,,,,,,,,,,,,
,,,,,,,,,,,,,,,,
,,,,,,,,,,,,,,,,
,,,,,,,,,,,,,,,,
,,,,,,,,,,,,,,,,
,,,,,,,,,,,,,,,,
,,,,,,,,,,,,,,,,
,,,,,,,,,,,,,,,,
,,,,,,,,,,,,,,,,
,,,,,,,,,,,,,,,,
,,,,,,,,,,,,,,,,
,,,,,,,,,,,,,,,,
,,,,,,,,,,,,,,,,
,,,,,,,,,,,,,,,,
,,,,,,,,,,,,,,,,
,,,,,,,,,,,,,,,,
,,,,,,,,,,,,,,,,
,,,,,,,,,,,,,,,,
,,,,,,,,,,,,,,,,
,,,,,,,,,,,,,,,,
,,,,,,,,,,,,,,,,
,,,,,,,,,,,,,,,,
,,,,,,,,,,,,,,,,
,,,,,,,,,,,,,,,,
,,,,,,,,,,,,,,,,
,,,,,,,,,,,,,,,,
,,,,,,,,,,,,,,,,
,,,,,,,,,,,,,,,,
,,,,,,,,,,,,,,,,
,,,,,,,,,,,,,,,,
,,,,,,,,,,,,,,,,
,,,,,,,,,,,,,,,,
,,,,,,,,,,,,,,,,
,,,,,,,,,,,,,,,,
,,,,,,,,,,,,,,,,
,,,,,,,,,,,,,,,,
,,,,,,,,,,,,,,,,
,,,,,,,,,,,,,,,,
,,,,,,,,,,,,,,,,
,,,,,,,,,,,,,,,,
,,,,,,,,,,,,,,,,
,,,,,,,,,,,,,,,,
,,,,,,,,,,,,,,,,
,,,,,,,,,,,,,,,,
,,,,,,,,,,,,,,,,
,,,,,,,,,,,,,,,,
,,,,,,,,,,,,,,,,
,,,,,,,,,,,,,,,,
,,,,,,,,,,,,,,,,
,,,,,,,,,,,,,,,,
,,,,,,,,,,,,,,,,
,,,,,,,,,,,,,,,,
,,,,,,,,,,,,,,,,
,,,,,,,,,,,,,,,,
,,,,,,,,,,,,,,,,
,,,,,,,,,,,,,,,,
,,,,,,,,,,,,,,,,
,,,,,,,,,,,,,,,,
,,,,,,,,,,,,,,,,
,,,,,,,,,,,,,,,,
,,,,,,,,,,,,,,,,
,,,,,,,,,,,,,,,,
,,,,,,,,,,,,,,,,
,,,,,,,,,,,,,,,,
,,,,,,,,,,,,,,,,
,,,,,,,,,,,,,,,,
,,,,,,,,,,,,,,,,
,,,,,,,,,,,,,,,,
,,,,,,,,,,,,,,,,
,,,,,,,,,,,,,,,,
,,,,,,,,,,,,,,,,
,,,,,,,,,,,,,,,,
,,,,,,,,,,,,,,,,
,,,,,,,,,,,,,,,,
,,,,,,,,,,,,,,,,
,,,,,,,,,,,,,,,,
,,,,,,,,,,,,,,,,
,,,,,,,,,,,,,,,,
,,,,,,,,,,,,,,,,
,,,,,,,,,,,,,,,,
,,,,,,,,,,,,,,,,
,,,,,,,,,,,,,,,,
,,,,,,,,,,,,,,,,
,,,,,,,,,,,,,,,,
,,,,,,,,,,,,,,,,
,,,,,,,,,,,,,,,,
,,,,,,,,,,,,,,,,
,,,,,,,,,,,,,,,,
,,,,,,,,,,,,,,,,
,,,,,,,,,,,,,,,,
,,,,,,,,,,,,,,,,
,,,,,,,,,,,,,,,,
,,,,,,,,,,,,,,,,
,,,,,,,,,,,,,,,,
,,,,,,,,,,,,,,,,
,,,,,,,,,,,,,,,,
,,,,,,,,,,,,,,,,
,,,,,,,,,,,,,,,,
,,,,,,,,,,,,,,,,
,,,,,,,,,,,,,,,,
,,,,,,,,,,,,,,,,
,,,,,,,,,,,,,,,,
,,,,,,,,,,,,,,,,
,,,,,,,,,,,,,,,,
,,,,,,,,,,,,,,,,
,,,,,,,,,,,,,,,,
,,,,,,,,,,,,,,,,
,,,,,,,,,,,,,,,,
,,,,,,,,,,,,,,,,
,,,,,,,,,,,,,,,,
,,,,,,,,,,,,,,,,
,,,,,,,,,,,,,,,,
,,,,,,,,,,,,,,,,
,,,,,,,,,,,,,,,,
,,,,,,,,,,,,,,,,
,,,,,,,,,,,,,,,,
,,,,,,,,,,,,,,,,
,,,,,,,,,,,,,,,,
,,,,,,,,,,,,,,,,
,,,,,,,,,,,,,,,,
,,,,,,,,,,,,,,,,
,,,,,,,,,,,,,,,,
,,,,,,,,,,,,,,,,
,,,,,,,,,,,,,,,,
,,,,,,,,,,,,,,,,
,,,,,,,,,,,,,,,,
,,,,,,,,,,,,,,,,
,,,,,,,,,,,,,,,,
,,,,,,,,,,,,,,,,
,,,,,,,,,,,,,,,,
,,,,,,,,,,,,,,,,
,,,,,,,,,,,,,,,,
,,,,,,,,,,,,,,,,
,,,,,,,,,,,,,,,,
,,,,,,,,,,,,,,,,
,,,,,,,,,,,,,,,,
,,,,,,,,,,,,,,,,
,,,,,,,,,,,,,,,,
,,,,,,,,,,,,,,,,
,,,,,,,,,,,,,,,,
,,,,,,,,,,,,,,,,
,,,,,,,,,,,,,,,,
,,,,,,,,,,,,,,,,
,,,,,,,,,,,,,,,,
,,,,,,,,,,,,,,,,
,,,,,,,,,,,,,,,,
,,,,,,,,,,,,,,,,
,,,,,,,,,,,,,,,,
,,,,,,,,,,,,,,,,
,,,,,,,,,,,,,,,,
,,,,,,,,,,,,,,,,
,,,,,,,,,,,,,,,,
,,,,,,,,,,,,,,,,
,,,,,,,,,,,,,,,,
,,,,,,,,,,,,,,,,
,,,,,,,,,,,,,,,,
,,,,,,,,,,,,,,,,
,,,,,,,,,,,,,,,,
,,,,,,,,,,,,,,,,
,,,,,,,,,,,,,,,,
,,,,,,,,,,,,,,,,
,,,,,,,,,,,,,,,,
,,,,,,,,,,,,,,,,
,,,,,,,,,,,,,,,,
,,,,,,,,,,,,,,,,
,,,,,,,,,,,,,,,,
,,,,,,,,,,,,,,,,
,,,,,,,,,,,,,,,,
,,,,,,,,,,,,,,,,
,,,,,,,,,,,,,,,,
,,,,,,,,,,,,,,,,
,,,,,,,,,,,,,,,,
,,,,,,,,,,,,,,,,
,,,,,,,,,,,,,,,,
,,,,,,,,,,,,,,,,
,,,,,,,,,,,,,,,,
,,,,,,,,,,,,,,,,
,,,,,,,,,,,,,,,,
,,,,,,,,,,,,,,,,
,,,,,,,,,,,,,,,,
,,,,,,,,,,,,,,,,
,,,,,,,,,,,,,,,,
,,,,,,,,,,,,,,,,
,,,,,,,,,,,,,,,,
,,,,,,,,,,,,,,,,
,,,,,,,,,,,,,,,,
,,,,,,,,,,,,,,,,
,,,,,,,,,,,,,,,,
,,,,,,,,,,,,,,,,
,,,,,,,,,,,,,,,,
,,,,,,,,,,,,,,,,
,,,,,,,,,,,,,,,,
,,,,,,,,,,,,,,,,
,,,,,,,,,,,,,,,,
,,,,,,,,,,,,,,,,
,,,,,,,,,,,,,,,,
,,,,,,,,,,,,,,,,
,,,,,,,,,,,,,,,,
,,,,,,,,,,,,,,,,
,,,,,,,,,,,,,,,,
,,,,,,,,,,,,,,,,
,,,,,,,,,,,,,,,,
,,,,,,,,,,,,,,,,
,,,,,,,,,,,,,,,,
,,,,,,,,,,,,,,,,
,,,,,,,,,,,,,,,,
,,,,,,,,,,,,,,,,
,,,,,,,,,,,,,,,,
,,,,,,,,,,,,,,,,
,,,,,,,,,,,,,,,,
,,,,,,,,,,,,,,,,
,,,,,,,,,,,,,,,,
,,,,,,,,,,,,,,,,
,,,,,,,,,,,,,,,,
,,,,,,,,,,,,,,,,
,,,,,,,,,,,,,,,,
,,,,,,,,,,,,,,,,
,,,,,,,,,,,,,,,,
,,,,,,,,,,,,,,,,
,,,,,,,,,,,,,,,,
,,,,,,,,,,,,,,,,
,,,,,,,,,,,,,,,,
,,,,,,,,,,,,,,,,
,,,,,,,,,,,,,,,,
,,,,,,,,,,,,,,,,
,,,,,,,,,,,,,,,,
,,,,,,,,,,,,,,,,
,,,,,,,,,,,,,,,,
,,,,,,,,,,,,,,,,
,,,,,,,,,,,,,,,,
,,,,,,,,,,,,,,,,
,,,,,,,,,,,,,,,,
,,,,,,,,,,,,,,,,
,,,,,,,,,,,,,,,,
,,,,,,,,,,,,,,,,
,,,,,,,,,,,,,,,,
,,,,,,,,,,,,,,,,
,,,,,,,,,,,,,,,,
,,,,,,,,,,,,,,,,
,,,,,,,,,,,,,,,,
,,,,,,,,,,,,,,,,
,,,,,,,,,,,,,,,,
,,,,,,,,,,,,,,,,
,,,,,,,,,,,,,,,,
,,,,,,,,,,,,,,,,
,,,,,,,,,,,,,,,,
,,,,,,,,,,,,,,,,
,,,,,,,,,,,,,,,,
,,,,,,,,,,,,,,,,
,,,,,,,,,,,,,,,,
,,,,,,,,,,,,,,,,
,,,,,,,,,,,,,,,,
,,,,,,,,,,,,,,,,
,,,,,,,,,,,,,,,,
,,,,,,,,,,,,,,,,
,,,,,,,,,,,,,,,,
,,,,,,,,,,,,,,,,
,,,,,,,,,,,,,,,,
,,,,,,,,,,,,,,,,
,,,,,,,,,,,,,,,,
,,,,,,,,,,,,,,,,
,,,,,,,,,,,,,,,,
,,,,,,,,,,,,,,,,
,,,,,,,,,,,,,,,,
,,,,,,,,,,,,,,,,
,,,,,,,,,,,,,,,,
,,,,,,,,,,,,,,,,
,,,,,,,,,,,,,,,,
,,,,,,,,,,,,,,,,
,,,,,,,,,,,,,,,,
,,,,,,,,,,,,,,,,
,,,,,,,,,,,,,,,,
,,,,,,,,,,,,,,,,
,,,,,,,,,,,,,,,,
,,,,,,,,,,,,,,,,
,,,,,,,,,,,,,,,,
,,,,,,,,,,,,,,,,
,,,,,,,,,,,,,,,,
,,,,,,,,,,,,,,,,
,,,,,,,,,,,,,,,,
,,,,,,,,,,,,,,,,
,,,,,,,,,,,,,,,,
,,,,,,,,,,,,,,,,
,,,,,,,,,,,,,,,,
,,,,,,,,,,,,,,,,
,,,,,,,,,,,,,,,,
,,,,,,,,,,,,,,,,
,,,,,,,,,,,,,,,,
,,,,,,,,,,,,,,,,
,,,,,,,,,,,,,,,,
,,,,,,,,,,,,,,,,
,,,,,,,,,,,,,,,,
,,,,,,,,,,,,,,,,
,,,,,,,,,,,,,,,,
,,,,,,,,,,,,,,,,
,,,,,,,,,,,,,,,,
,,,,,,,,,,,,,,,,
,,,,,,,,,,,,,,,,
,,,,,,,,,,,,,,,,
,,,,,,,,,,,,,,,,
,,,,,,,,,,,,,,,,
,,,,,,,,,,,,,,,,
,,,,,,,,,,,,,,,,
,,,,,,,,,,,,,,,,
,,,,,,,,,,,,,,,,
,,,,,,,,,,,,,,,,
,,,,,,,,,,,,,,,,
,,,,,,,,,,,,,,,,
,,,,,,,,,,,,,,,,
,,,,,,,,,,,,,,,,
,,,,,,,,,,,,,,,,
,,,,,,,,,,,,,,,,
,,,,,,,,,,,,,,,,
,,,,,,,,,,,,,,,,
,,,,,,,,,,,,,,,,
,,,,,,,,,,,,,,,,
,,,,,,,,,,,,,,,,
,,,,,,,,,,,,,,,,
,,,,,,,,,,,,,,,,
,,,,,,,,,,,,,,,,
,,,,,,,,,,,,,,,,
,,,,,,,,,,,,,,,,
,,,,,,,,,,,,,,,,
,,,,,,,,,,,,,,,,
,,,,,,,,,,,,,,,,
,,,,,,,,,,,,,,,,
,,,,,,,,,,,,,,,,
,,,,,,,,,,,,,,,,
,,,,,,,,,,,,,,,,
,,,,,,,,,,,,,,,,
,,,,,,,,,,,,,,,,
,,,,,,,,,,,,,,,,
,,,,,,,,,,,,,,,,
,,,,,,,,,,,,,,,,
,,,,,,,,,,,,,,,,
,,,,,,,,,,,,,,,,
,,,,,,,,,,,,,,,,
,,,,,,,,,,,,,,,,
,,,,,,,,,,,,,,,,
,,,,,,,,,,,,,,,,
,,,,,,,,,,,,,,,,
,,,,,,,,,,,,,,,,
,,,,,,,,,,,,,,,,
,,,,,,,,,,,,,,,,
,,,,,,,,,,,,,,,,
,,,,,,,,,,,,,,,,
,,,,,,,,,,,,,,,,
,,,,,,,,,,,,,,,,
,,,,,,,,,,,,,,,,
,,,,,,,,,,,,,,,,
,,,,,,,,,,,,,,,,
,,,,,,,,,,,,,,,,
,,,,,,,,,,,,,,,,
,,,,,,,,,,,,,,,,
,,,,,,,,,,,,,,,,
,,,,,,,,,,,,,,,,
,,,,,,,,,,,,,,,,
,,,,,,,,,,,,,,,,
,,,,,,,,,,,,,,,,
,,,,,,,,,,,,,,,,
,,,,,,,,,,,,,,,,
,,,,,,,,,,,,,,,,
,,,,,,,,,,,,,,,,
,,,,,,,,,,,,,,,,
,,,,,,,,,,,,,,,,
,,,,,,,,,,,,,,,,
,,,,,,,,,,,,,,,,
,,,,,,,,,,,,,,,,
,,,,,,,,,,,,,,,,
,,,,,,,,,,,,,,,,
,,,,,,,,,,,,,,,,
,,,,,,,,,,,,,,,,
,,,,,,,,,,,,,,,,
,,,,,,,,,,,,,,,,
,,,,,,,,,,,,,,,,
,,,,,,,,,,,,,,,,
,,,,,,,,,,,,,,,,
,,,,,,,,,,,,,,,,
,,,,,,,,,,,,,,,,
,,,,,,,,,,,,,,,,
,,,,,,,,,,,,,,,,
,,,,,,,,,,,,,,,,
,,,,,,,,,,,,,,,,
,,,,,,,,,,,,,,,,
,,,,,,,,,,,,,,,,
,,,,,,,,,,,,,,,,
,,,,,,,,,,,,,,,,
,,,,,,,,,,,,,,,,
,,,,,,,,,,,,,,,,
,,,,,,,,,,,,,,,,
,,,,,,,,,,,,,,,,
,,,,,,,,,,,,,,,,
,,,,,,,,,,,,,,,,
,,,,,,,,,,,,,,,,
,,,,,,,,,,,,,,,,
,,,,,,,,,,,,,,,,
,,,,,,,,,,,,,,,,
,,,,,,,,,,,,,,,,
,,,,,,,,,,,,,,,,
,,,,,,,,,,,,,,,,
,,,,,,,,,,,,,,,,
,,,,,,,,,,,,,,,,
,,,,,,,,,,,,,,,,
,,,,,,,,,,,,,,,,
,,,,,,,,,,,,,,,,
,,,,,,,,,,,,,,,,
,,,,,,,,,,,,,,,,
,,,,,,,,,,,,,,,,
,,,,,,,,,,,,,,,,
,,,,,,,,,,,,,,,,
,,,,,,,,,,,,,,,,
,,,,,,,,,,,,,,,,
,,,,,,,,,,,,,,,,
,,,,,,,,,,,,,,,,
,,,,,,,,,,,,,,,,
,,,,,,,,,,,,,,,,
,,,,,,,,,,,,,,,,
,,,,,,,,,,,,,,,,
,,,,,,,,,,,,,,,,
,,,,,,,,,,,,,,,,
,,,,,,,,,,,,,,,,
,,,,,,,,,,,,,,,,
,,,,,,,,,,,,,,,,
,,,,,,,,,,,,,,,,
,,,,,,,,,,,,,,,,
,,,,,,,,,,,,,,,,
,,,,,,,,,,,,,,,,
,,,,,,,,,,,,,,,,
,,,,,,,,,,,,,,,,
,,,,,,,,,,,,,,,,
,,,,,,,,,,,,,,,,
,,,,,,,,,,,,,,,,
,,,,,,,,,,,,,,,,
,,,,,,,,,,,,,,,,
,,,,,,,,,,,,,,,,
,,,,,,,,,,,,,,,,
,,,,,,,,,,,,,,,,
,,,,,,,,,,,,,,,,
,,,,,,,,,,,,,,,,
,,,,,,,,,,,,,,,,
,,,,,,,,,,,,,,,,
,,,,,,,,,,,,,,,,
,,,,,,,,,,,,,,,,
,,,,,,,,,,,,,,,,
,,,,,,,,,,,,,,,,
,,,,,,,,,,,,,,,,
,,,,,,,,,,,,,,,,
,,,,,,,,,,,,,,,,
,,,,,,,,,,,,,,,,
,,,,,,,,,,,,,,,,
,,,,,,,,,,,,,,,,
,,,,,,,,,,,,,,,,
,,,,,,,,,,,,,,,,
,,,,,,,,,,,,,,,,
,,,,,,,,,,,,,,,,
,,,,,,,,,,,,,,,,
,,,,,,,,,,,,,,,,
,,,,,,,,,,,,,,,,
,,,,,,,,,,,,,,,,
,,,,,,,,,,,,,,,,
,,,,,,,,,,,,,,,,
,,,,,,,,,,,,,,,,
,,,,,,,,,,,,,,,,
,,,,,,,,,,,,,,,,
,,,,,,,,,,,,,,,,
,,,,,,,,,,,,,,,,
,,,,,,,,,,,,,,,,
,,,,,,,,,,,,,,,,
,,,,,,,,,,,,,,,,
,,,,,,,,,,,,,,,,
,,,,,,,,,,,,,,,,
,,,,,,,,,,,,,,,,
,,,,,,,,,,,,,,,,
,,,,,,,,,,,,,,,,
,,,,,,,,,,,,,,,,
,,,,,,,,,,,,,,,,
,,,,,,,,,,,,,,,,
,,,,,,,,,,,,,,,,
,,,,,,,,,,,,,,,,
,,,,,,,,,,,,,,,,
,,,,,,,,,,,,,,,,
,,,,,,,,,,,,,,,,
,,,,,,,,,,,,,,,,
,,,,,,,,,,,,,,,,
,,,,,,,,,,,,,,,,
,,,,,,,,,,,,,,,,
,,,,,,,,,,,,,,,,
,,,,,,,,,,,,,,,,
,,,,,,,,,,,,,,,,
,,,,,,,,,,,,,,,,
,,,,,,,,,,,,,,,,
,,,,,,,,,,,,,,,,
,,,,,,,,,,,,,,,,
,,,,,,,,,,,,,,,,
,,,,,,,,,,,,,,,,
,,,,,,,,,,,,,,,,
,,,,,,,,,,,,,,,,
,,,,,,,,,,,,,,,,
,,,,,,,,,,,,,,,,
,,,,,,,,,,,,,,,,
,,,,,,,,,,,,,,,,
,,,,,,,,,,,,,,,,
,,,,,,,,,,,,,,,,
,,,,,,,,,,,,,,,,
,,,,,,,,,,,,,,,,
,,,,,,,,,,,,,,,,
,,,,,,,,,,,,,,,,
,,,,,,,,,,,,,,,,
,,,,,,,,,,,,,,,,
,,,,,,,,,,,,,,,,
,,,,,,,,,,,,,,,,
,,,,,,,,,,,,,,,,
,,,,,,,,,,,,,,,,
,,,,,,,,,,,,,,,,
,,,,,,,,,,,,,,,,
,,,,,,,,,,,,,,,,
,,,,,,,,,,,,,,,,
,,,,,,,,,,,,,,,,
,,,,,,,,,,,,,,,,
,,,,,,,,,,,,,,,,
,,,,,,,,,,,,,,,,
,,,,,,,,,,,,,,,,
,,,,,,,,,,,,,,,,
,,,,,,,,,,,,,,,,
,,,,,,,,,,,,,,,,
,,,,,,,,,,,,,,,,
,,,,,,,,,,,,,,,,
,,,,,,,,,,,,,,,,
,,,,,,,,,,,,,,,,
,,,,,,,,,,,,,,,,
,,,,,,,,,,,,,,,,
,,,,,,,,,,,,,,,,
,,,,,,,,,,,,,,,,
,,,,,,,,,,,,,,,,
,,,,,,,,,,,,,,,,
,,,,,,,,,,,,,,,,
,,,,,,,,,,,,,,,,
,,,,,,,,,,,,,,,,
,,,,,,,,,,,,,,,,
,,,,,,,,,,,,,,,,
,,,,,,,,,,,,,,,,
,,,,,,,,,,,,,,,,
,,,,,,,,,,,,,,,,
,,,,,,,,,,,,,,,,
,,,,,,,,,,,,,,,,
,,,,,,,,,,,,,,,,
,,,,,,,,,,,,,,,,
,,,,,,,,,,,,,,,,
,,,,,,,,,,,,,,,,
,,,,,,,,,,,,,,,,
,,,,,,,,,,,,,,,,
,,,,,,,,,,,,,,,,
,,,,,,,,,,,,,,,,
,,,,,,,,,,,,,,,,
,,,,,,,,,,,,,,,,
,,,,,,,,,,,,,,,,
,,,,,,,,,,,,,,,,
,,,,,,,,,,,,,,,,
,,,,,,,,,,,,,,,,
,,,,,,,,,,,,,,,,
,,,,,,,,,,,,,,,,
,,,,,,,,,,,,,,,,
,,,,,,,,,,,,,,,,
,,,,,,,,,,,,,,,,
,,,,,,,,,,,,,,,,
,,,,,,,,,,,,,,,,
,,,,,,,,,,,,,,,,
,,,,,,,,,,,,,,,,
,,,,,,,,,,,,,,,,
,,,,,,,,,,,,,,,,
,,,,,,,,,,,,,,,,
,,,,,,,,,,,,,,,,
,,,,,,,,,,,,,,,,
,,,,,,,,,,,,,,,,
,,,,,,,,,,,,,,,,
,,,,,,,,,,,,,,,,
,,,,,,,,,,,,,,,,
,,,,,,,,,,,,,,,,
,,,,,,,,,,,,,,,,
,,,,,,,,,,,,,,,,
,,,,,,,,,,,,,,,,
,,,,,,,,,,,,,,,,
,,,,,,,,,,,,,,,,
,,,,,,,,,,,,,,,,
,,,,,,,,,,,,,,,,
,,,,,,,,,,,,,,,,
,,,,,,,,,,,,,,,,
,,,,,,,,,,,,,,,,
,,,,,,,,,,,,,,,,
,,,,,,,,,,,,,,,,
,,,,,,,,,,,,,,,,
,,,,,,,,,,,,,,,,
,,,,,,,,,,,,,,,,
,,,,,,,,,,,,,,,,
,,,,,,,,,,,,,,,,
,,,,,,,,,,,,,,,,
,,,,,,,,,,,,,,,,
,,,,,,,,,,,,,,,,
,,,,,,,,,,,,,,,,
,,,,,,,,,,,,,,,,
,,,,,,,,,,,,,,,,
,,,,,,,,,,,,,,,,
,,,,,,,,,,,,,,,,
,,,,,,,,,,,,,,,,
,,,,,,,,,,,,,,,,
,,,,,,,,,,,,,,,,
,,,,,,,,,,,,,,,,
,,,,,,,,,,,,,,,,
,,,,,,,,,,,,,,,,
,,,,,,,,,,,,,,,,
,,,,,,,,,,,,,,,,
,,,,,,,,,,,,,,,,
,,,,,,,,,,,,,,,,
,,,,,,,,,,,,,,,,
,,,,,,,,,,,,,,,,
,,,,,,,,,,,,,,,,
,,,,,,,,,,,,,,,,
,,,,,,,,,,,,,,,,
,,,,,,,,,,,,,,,,
,,,,,,,,,,,,,,,,
,,,,,,,,,,,,,,,,
,,,,,,,,,,,,,,,,
,,,,,,,,,,,,,,,,
,,,,,,,,,,,,,,,,
,,,,,,,,,,,,,,,,
,,,,,,,,,,,,,,,,
,,,,,,,,,,,,,,,,
,,,,,,,,,,,,,,,,
,,,,,,,,,,,,,,,,
,,,,,,,,,,,,,,,,
,,,,,,,,,,,,,,,,
,,,,,,,,,,,,,,,,
,,,,,,,,,,,,,,,,
,,,,,,,,,,,,,,,,
,,,,,,,,,,,,,,,,
,,,,,,,,,,,,,,,,
,,,,,,,,,,,,,,,,
,,,,,,,,,,,,,,,,
,,,,,,,,,,,,,,,,
,,,,,,,,,,,,,,,,
,,,,,,,,,,,,,,,,
,,,,,,,,,,,,,,,,
,,,,,,,,,,,,,,,,
,,,,,,,,,,,,,,,,
,,,,,,,,,,,,,,,,
,,,,,,,,,,,,,,,,
,,,,,,,,,,,,,,,,
,,,,,,,,,,,,,,,,
,,,,,,,,,,,,,,,,
,,,,,,,,,,,,,,,,
,,,,,,,,,,,,,,,,
,,,,,,,,,,,,,,,,
,,,,,,,,,,,,,,,,
,,,,,,,,,,,,,,,,
,,,,,,,,,,,,,,,,
,,,,,,,,,,,,,,,,
,,,,,,,,,,,,,,,,
,,,,,,,,,,,,,,,,
,,,,,,,,,,,,,,,,
,,,,,,,,,,,,,,,,
,,,,,,,,,,,,,,,,
,,,,,,,,,,,,,,,,
,,,,,,,,,,,,,,,,
,,,,,,,,,,,,,,,,
,,,,,,,,,,,,,,,,
,,,,,,,,,,,,,,,,
,,,,,,,,,,,,,,,,
,,,,,,,,,,,,,,,,
,,,,,,,,,,,,,,,,
,,,,,,,,,,,,,,,,
,,,,,,,,,,,,,,,,
,,,,,,,,,,,,,,,,
,,,,,,,,,,,,,,,,
,,,,,,,,,,,,,,,,
,,,,,,,,,,,,,,,,
,,,,,,,,,,,,,,,,
,,,,,,,,,,,,,,,,
,,,,,,,,,,,,,,,,
,,,,,,,,,,,,,,,,
,,,,,,,,,,,,,,,,
,,,,,,,,,,,,,,,,
,,,,,,,,,,,,,,,,
,,,,,,,,,,,,,,,,
,,,,,,,,,,,,,,,,
,,,,,,,,,,,,,,,,
,,,,,,,,,,,,,,,,
,,,,,,,,,,,,,,,,
,,,,,,,,,,,,,,,,
,,,,,,,,,,,,,,,,
,,,,,,,,,,,,,,,,
,,,,,,,,,,,,,,,,
,,,,,,,,,,,,,,,,
,,,,,,,,,,,,,,,,
,,,,,,,,,,,,,,,,
,,,,,,,,,,,,,,,,
,,,,,,,,,,,,,,,,
,,,,,,,,,,,,,,,,
,,,,,,,,,,,,,,,,
,,,,,,,,,,,,,,,,
,,,,,,,,,,,,,,,,
,,,,,,,,,,,,,,,,
,,,,,,,,,,,,,,,,
,,,,,,,,,,,,,,,,
,,,,,,,,,,,,,,,,
,,,,,,,,,,,,,,,,
,,,,,,,,,,,,,,,,
,,,,,,,,,,,,,,,,
,,,,,,,,,,,,,,,,
,,,,,,,,,,,,,,,,
,,,,,,,,,,,,,,,,
,,,,,,,,,,,,,,,,
,,,,,,,,,,,,,,,,
,,,,,,,,,,,,,,,,
,,,,,,,,,,,,,,,,
,,,,,,,,,,,,,,,,
,,,,,,,,,,,,,,,,
,,,,,,,,,,,,,,,,
,,,,,,,,,,,,,,,,
,,,,,,,,,,,,,,,,
,,,,,,,,,,,,,,,,
,,,,,,,,,,,,,,,,
,,,,,,,,,,,,,,,,
,,,,,,,,,,,,,,,,
,,,,,,,,,,,,,,,,
,,,,,,,,,,,,,,,,
,,,,,,,,,,,,,,,,
,,,,,,,,,,,,,,,,
,,,,,,,,,,,,,,,,
,,,,,,,,,,,,,,,,
,,,,,,,,,,,,,,,,
,,,,,,,,,,,,,,,,
,,,,,,,,,,,,,,,,
,,,,,,,,,,,,,,,,
,,,,,,,,,,,,,,,,
,,,,,,,,,,,,,,,,
,,,,,,,,,,,,,,,,
,,,,,,,,,,,,,,,,
,,,,,,,,,,,,,,,,
,,,,,,,,,,,,,,,,
,,,,,,,,,,,,,,,,
,,,,,,,,,,,,,,,,
,,,,,,,,,,,,,,,,
,,,,,,,,,,,,,,,,
,,,,,,,,,,,,,,,,
,,,,,,,,,,,,,,,,
,,,,,,,,,,,,,,,,
,,,,,,,,,,,,,,,,
,,,,,,,,,,,,,,,,
,,,,,,,,,,,,,,,,
,,,,,,,,,,,,,,,,
,,,,,,,,,,,,,,,,
,,,,,,,,,,,,,,,,
,,,,,,,,,,,,,,,,
,,,,,,,,,,,,,,,,
,,,,,,,,,,,,,,,,
,,,,,,,,,,,,,,,,
,,,,,,,,,,,,,,,,
,,,,,,,,,,,,,,,,
,,,,,,,,,,,,,,,,
,,,,,,,,,,,,,,,,
,,,,,,,,,,,,,,,,
,,,,,,,,,,,,,,,,
,,,,,,,,,,,,,,,,
,,,,,,,,,,,,,,,,
,,,,,,,,,,,,,,,,
,,,,,,,,,,,,,,,,
,,,,,,,,,,,,,,,,
,,,,,,,,,,,,,,,,
,,,,,,,,,,,,,,,,
,,,,,,,,,,,,,,,,
,,,,,,,,,,,,,,,,
,,,,,,,,,,,,,,,,
,,,,,,,,,,,,,,,,
,,,,,,,,,,,,,,,,
,,,,,,,,,,,,,,,,
,,,,,,,,,,,,,,,,
,,,,,,,,,,,,,,,,
,,,,,,,,,,,,,,,,
,,,,,,,,,,,,,,,,
,,,,,,,,,,,,,,,,
,,,,,,,,,,,,,,,,
,,,,,,,,,,,,,,,,
,,,,,,,,,,,,,,,,
,,,,,,,,,,,,,,,,
,,,,,,,,,,,,,,,,
,,,,,,,,,,,,,,,,
,,,,,,,,,,,,,,,,
,,,,,,,,,,,,,,,,
,,,,,,,,,,,,,,,,
,,,,,,,,,,,,,,,,
,,,,,,,,,,,,,,,,
,,,,,,,,,,,,,,,,
,,,,,,,,,,,,,,,,
,,,,,,,,,,,,,,,,
,,,,,,,,,,,,,,,,
,,,,,,,,,,,,,,,,
,,,,,,,,,,,,,,,,
,,,,,,,,,,,,,,,,
,,,,,,,,,,,,,,,,
,,,,,,,,,,,,,,,,
,,,,,,,,,,,,,,,,
,,,,,,,,,,,,,,,,
,,,,,,,,,,,,,,,,
,,,,,,,,,,,,,,,,
,,,,,,,,,,,,,,,,
,,,,,,,,,,,,,,,,
,,,,,,,,,,,,,,,,
,,,,,,,,,,,,,,,,
,,,,,,,,,,,,,,,,
,,,,,,,,,,,,,,,,
,,,,,,,,,,,,,,,,
,,,,,,,,,,,,,,,,
,,,,,,,,,,,,,,,,
,,,,,,,,,,,,,,,,
,,,,,,,,,,,,,,,,
,,,,,,,,,,,,,,,,
,,,,,,,,,,,,,,,,
,,,,,,,,,,,,,,,,
,,,,,,,,,,,,,,,,
,,,,,,,,,,,,,,,,
,,,,,,,,,,,,,,,,
,,,,,,,,,,,,,,,,
,,,,,,,,,,,,,,,,
,,,,,,,,,,,,,,,,
,,,,,,,,,,,,,,,,
,,,,,,,,,,,,,,,,
,,,,,,,,,,,,,,,,
,,,,,,,,,,,,,,,,
,,,,,,,,,,,,,,,,
,,,,,,,,,,,,,,,,
,,,,,,,,,,,,,,,,
,,,,,,,,,,,,,,,,
,,,,,,,,,,,,,,,,
,,,,,,,,,,,,,,,,
,,,,,,,,,,,,,,,,
,,,,,,,,,,,,,,,,
,,,,,,,,,,,,,,,,
,,,,,,,,,,,,,,,,
,,,,,,,,,,,,,,,,
,,,,,,,,,,,,,,,,
,,,,,,,,,,,,,,,,
,,,,,,,,,,,,,,,,
,,,,,,,,,,,,,,,,
,,,,,,,,,,,,,,,,
,,,,,,,,,,,,,,,,
,,,,,,,,,,,,,,,,
,,,,,,,,,,,,,,,,
,,,,,,,,,,,,,,,,
,,,,,,,,,,,,,,,,
,,,,,,,,,,,,,,,,
,,,,,,,,,,,,,,,,
,,,,,,,,,,,,,,,,
,,,,,,,,,,,,,,,,
,,,,,,,,,,,,,,,,
,,,,,,,,,,,,,,,,
,,,,,,,,,,,,,,,,
,,,,,,,,,,,,,,,,
,,,,,,,,,,,,,,,,
,,,,,,,,,,,,,,,,
,,,,,,,,,,,,,,,,
,,,,,,,,,,,,,,,,
,,,,,,,,,,,,,,,,
,,,,,,,,,,,,,,,,
,,,,,,,,,,,,,,,,
,,,,,,,,,,,,,,,,
,,,,,,,,,,,,,,,,
,,,,,,,,,,,,,,,,
,,,,,,,,,,,,,,,,
,,,,,,,,,,,,,,,,
,,,,,,,,,,,,,,,,
,,,,,,,,,,,,,,,,
,,,,,,,,,,,,,,,,
,,,,,,,,,,,,,,,,
,,,,,,,,,,,,,,,,
,,,,,,,,,,,,,,,,
,,,,,,,,,,,,,,,,
,,,,,,,,,,,,,,,,
,,,,,,,,,,,,,,,,
,,,,,,,,,,,,,,,,
,,,,,,,,,,,,,,,,
,,,,,,,,,,,,,,,,
,,,,,,,,,,,,,,,,
,,,,,,,,,,,,,,,,
,,,,,,,,,,,,,,,,
,,,,,,,,,,,,,,,,
,,,,,,,,,,,,,,,,
,,,,,,,,,,,,,,,,
,,,,,,,,,,,,,,,,
,,,,,,,,,,,,,,,,
,,,,,,,,,,,,,,,,
,,,,,,,,,,,,,,,,
,,,,,,,,,,,,,,,,
,,,,,,,,,,,,,,,,
,,,,,,,,,,,,,,,,
,,,,,,,,,,,,,,,,
,,,,,,,,,,,,,,,,
,,,,,,,,,,,,,,,,
,,,,,,,,,,,,,,,,
,,,,,,,,,,,,,,,,
,,,,,,,,,,,,,,,,
,,,,,,,,,,,,,,,,
,,,,,,,,,,,,,,,,
,,,,,,,,,,,,,,,,
,,,,,,,,,,,,,,,,
,,,,,,,,,,,,,,,,
,,,,,,,,,,,,,,,,
,,,,,,,,,,,,,,,,
,,,,,,,,,,,,,,,,
,,,,,,,,,,,,,,,,
,,,,,,,,,,,,,,,,
,,,,,,,,,,,,,,,,
,,,,,,,,,,,,,,,,
,,,,,,,,,,,,,,,,
,,,,,,,,,,,,,,,,
,,,,,,,,,,,,,,,,
,,,,,,,,,,,,,,,,
,,,,,,,,,,,,,,,,
,,,,,,,,,,,,,,,,
,,,,,,,,,,,,,,,,
,,,,,,,,,,,,,,,,
,,,,,,,,,,,,,,,,
,,,,,,,,,,,,,,,,
,,,,,,,,,,,,,,,,
,,,,,,,,,,,,,,,,
,,,,,,,,,,,,,,,,
,,,,,,,,,,,,,,,,
,,,,,,,,,,,,,,,,
,,,,,,,,,,,,,,,,
,,,,,,,,,,,,,,,,
,,,,,,,,,,,,,,,,
,,,,,,,,,,,,,,,,
,,,,,,,,,,,,,,,,
,,,,,,,,,,,,,,,,
,,,,,,,,,,,,,,,,
,,,,,,,,,,,,,,,,
,,,,,,,,,,,,,,,,
,,,,,,,,,,,,,,,,
,,,,,,,,,,,,,,,,
,,,,,,,,,,,,,,,,
,,,,,,,,,,,,,,,,
,,,,,,,,,,,,,,,,
,,,,,,,,,,,,,,,,
,,,,,,,,,,,,,,,,
,,,,,,,,,,,,,,,,
,,,,,,,,,,,,,,,,
,,,,,,,,,,,,,,,,
,,,,,,,,,,,,,,,,
,,,,,,,,,,,,,,,,
,,,,,,,,,,,,,,,,
,,,,,,,,,,,,,,,,
,,,,,,,,,,,,,,,,
,,,,,,,,,,,,,,,,
,,,,,,,,,,,,,,,,
,,,,,,,,,,,,,,,,
,,,,,,,,,,,,,,,,
,,,,,,,,,,,,,,,,
,,,,,,,,,,,,,,,,
,,,,,,,,,,,,,,,,
,,,,,,,,,,,,,,,,
,,,,,,,,,,,,,,,,
,,,,,,,,,,,,,,,,
,,,,,,,,,,,,,,,,
,,,,,,,,,,,,,,,,
,,,,,,,,,,,,,,,,
,,,,,,,,,,,,,,,,
,,,,,,,,,,,,,,,,
,,,,,,,,,,,,,,,,
,,,,,,,,,,,,,,,,
,,,,,,,,,,,,,,,,
,,,,,,,,,,,,,,,,
,,,,,,,,,,,,,,,,
,,,,,,,,,,,,,,,,
,,,,,,,,,,,,,,,,
,,,,,,,,,,,,,,,,
,,,,,,,,,,,,,,,,
,,,,,,,,,,,,,,,,
,,,,,,,,,,,,,,,,
,,,,,,,,,,,,,,,,
,,,,,,,,,,,,,,,,
,,,,,,,,,,,,,,,,
,,,,,,,,,,,,,,,,
,,,,,,,,,,,,,,,,
,,,,,,,,,,,,,,,,
,,,,,,,,,,,,,,,,
,,,,,,,,,,,,,,,,
,,,,,,,,,,,,,,,,
,,,,,,,,,,,,,,,,
,,,,,,,,,,,,,,,,
,,,,,,,,,,,,,,,,
,,,,,,,,,,,,,,,,
,,,,,,,,,,,,,,,,
,,,,,,,,,,,,,,,,
,,,,,,,,,,,,,,,,
,,,,,,,,,,,,,,,,
,,,,,,,,,,,,,,,,
,,,,,,,,,,,,,,,,
,,,,,,,,,,,,,,,,
,,,,,,,,,,,,,,,,
,,,,,,,,,,,,,,,,
,,,,,,,,,,,,,,,,
,,,,,,,,,,,,,,,,
,,,,,,,,,,,,,,,,
,,,,,,,,,,,,,,,,
,,,,,,,,,,,,,,,,
,,,,,,,,,,,,,,,,
,,,,,,,,,,,,,,,,
,,,,,,,,,,,,,,,,
,,,,,,,,,,,,,,,,
,,,,,,,,,,,,,,,,
,,,,,,,,,,,,,,,,
,,,,,,,,,,,,,,,,
,,,,,,,,,,,,,,,,
,,,,,,,,,,,,,,,,
,,,,,,,,,,,,,,,,
,,,,,,,,,,,,,,,,
,,,,,,,,,,,,,,,,
,,,,,,,,,,,,,,,,
,,,,,,,,,,,,,,,,
,,,,,,,,,,,,,,,,
,,,,,,,,,,,,,,,,
,,,,,,,,,,,,,,,,
,,,,,,,,,,,,,,,,
,,,,,,,,,,,,,,,,
,,,,,,,,,,,,,,,,
,,,,,,,,,,,,,,,,
,,,,,,,,,,,,,,,,
,,,,,,,,,,,,,,,,
,,,,,,,,,,,,,,,,
,,,,,,,,,,,,,,,,
,,,,,,,,,,,,,,,,
,,,,,,,,,,,,,,,,
,,,,,,,,,,,,,,,,
,,,,,,,,,,,,,,,,
,,,,,,,,,,,,,,,,
,,,,,,,,,,,,,,,,
,,,,,,,,,,,,,,,,
,,,,,,,,,,,,,,,,
,,,,,,,,,,,,,,,,
,,,,,,,,,,,,,,,,
,,,,,,,,,,,,,,,,
,,,,,,,,,,,,,,,,
,,,,,,,,,,,,,,,,
,,,,,,,,,,,,,,,,
,,,,,,,,,,,,,,,,
,,,,,,,,,,,,,,,,
,,,,,,,,,,,,,,,,
,,,,,,,,,,,,,,,,
,,,,,,,,,,,,,,,,
,,,,,,,,,,,,,,,,
,,,,,,,,,,,,,,,,
,,,,,,,,,,,,,,,,
,,,,,,,,,,,,,,,,
,,,,,,,,,,,,,,,,
,,,,,,,,,,,,,,,,
,,,,,,,,,,,,,,,,
,,,,,,,,,,,,,,,,
,,,,,,,,,,,,,,,,
,,,,,,,,,,,,,,,,
,,,,,,,,,,,,,,,,
,,,,,,,,,,,,,,,,
,,,,,,,,,,,,,,,,
,,,,,,,,,,,,,,,,
,,,,,,,,,,,,,,,,
,,,,,,,,,,,,,,,,
,,,,,,,,,,,,,,,,
,,,,,,,,,,,,,,,,
,,,,,,,,,,,,,,,,
,,,,,,,,,,,,,,,,
,,,,,,,,,,,,,,,,
,,,,,,,,,,,,,,,,
,,,,,,,,,,,,,,,,
,,,,,,,,,,,,,,,,
,,,,,,,,,,,,,,,,
,,,,,,,,,,,,,,,,
,,,,,,,,,,,,,,,,
,,,,,,,,,,,,,,,,
,,,,,,,,,,,,,,,,
,,,,,,,,,,,,,,,,
,,,,,,,,,,,,,,,,
,,,,,,,,,,,,,,,,
,,,,,,,,,,,,,,,,
,,,,,,,,,,,,,,,,
,,,,,,,,,,,,,,,,
,,,,,,,,,,,,,,,,
,,,,,,,,,,,,,,,,
,,,,,,,,,,,,,,,,
,,,,,,,,,,,,,,,,
,,,,,,,,,,,,,,,,
,,,,,,,,,,,,,,,,
,,,,,,,,,,,,,,,,
,,,,,,,,,,,,,,,,
,,,,,,,,,,,,,,,,
,,,,,,,,,,,,,,,,
,,,,,,,,,,,,,,,,
,,,,,,,,,,,,,,,,
,,,,,,,,,,,,,,,,
,,,,,,,,,,,,,,,,
,,,,,,,,,,,,,,,,
,,,,,,,,,,,,,,,,
,,,,,,,,,,,,,,,,
,,,,,,,,,,,,,,,,
,,,,,,,,,,,,,,,,
,,,,,,,,,,,,,,,,
,,,,,,,,,,,,,,,,
,,,,,,,,,,,,,,,,
,,,,,,,,,,,,,,,,
,,,,,,,,,,,,,,,,
,,,,,,,,,,,,,,,,
,,,,,,,,,,,,,,,,
,,,,,,,,,,,,,,,,
,,,,,,,,,,,,,,,,
,,,,,,,,,,,,,,,,
,,,,,,,,,,,,,,,,
,,,,,,,,,,,,,,,,
,,,,,,,,,,,,,,,,
,,,,,,,,,,,,,,,,
,,,,,,,,,,,,,,,,
,,,,,,,,,,,,,,,,
,,,,,,,,,,,,,,,,
,,,,,,,,,,,,,,,,
,,,,,,,,,,,,,,,,
,,,,,,,,,,,,,,,,
,,,,,,,,,,,,,,,,
,,,,,,,,,,,,,,,,
,,,,,,,,,,,,,,,,
,,,,,,,,,,,,,,,,
,,,,,,,,,,,,,,,,
,,,,,,,,,,,,,,,,
,,,,,,,,,,,,,,,,
,,,,,,,,,,,,,,,,
,,,,,,,,,,,,,,,,
,,,,,,,,,,,,,,,,
,,,,,,,,,,,,,,,,
,,,,,,,,,,,,,,,,
,,,,,,,,,,,,,,,,
,,,,,,,,,,,,,,,,
,,,,,,,,,,,,,,,,
,,,,,,,,,,,,,,,,
,,,,,,,,,,,,,,,,
,,,,,,,,,,,,,,,,
,,,,,,,,,,,,,,,,
,,,,,,,,,,,,,,,,
,,,,,,,,,,,,,,,,
,,,,,,,,,,,,,,,,
,,,,,,,,,,,,,,,,
,,,,,,,,,,,,,,,,
,,,,,,,,,,,,,,,,
,,,,,,,,,,,,,,,,
,,,,,,,,,,,,,,,,
,,,,,,,,,,,,,,,,
,,,,,,,,,,,,,,,,
,,,,,,,,,,,,,,,,
,,,,,,,,,,,,,,,,
,,,,,,,,,,,,,,,,
,,,,,,,,,,,,,,,,
,,,,,,,,,,,,,,,,
,,,,,,,,,,,,,,,,
,,,,,,,,,,,,,,,,
,,,,,,,,,,,,,,,,
,,,,,,,,,,,,,,,,
,,,,,,,,,,,,,,,,
,,,,,,,,,,,,,,,,
,,,,,,,,,,,,,,,,
,,,,,,,,,,,,,,,,
,,,,,,,,,,,,,,,,
,,,,,,,,,,,,,,,,
,,,,,,,,,,,,,,,,
,,,,,,,,,,,,,,,,
,,,,,,,,,,,,,,,,
,,,,,,,,,,,,,,,,
,,,,,,,,,,,,,,,,
,,,,,,,,,,,,,,,,
,,,,,,,,,,,,,,,,
,,,,,,,,,,,,,,,,
,,,,,,,,,,,,,,,,
,,,,,,,,,,,,,,,,
,,,,,,,,,,,,,,,,
,,,,,,,,,,,,,,,,
,,,,,,,,,,,,,,,,
,,,,,,,,,,,,,,,,
,,,,,,,,,,,,,,,,
,,,,,,,,,,,,,,,,
,,,,,,,,,,,,,,,,
,,,,,,,,,,,,,,,,
,,,,,,,,,,,,,,,,
,,,,,,,,,,,,,,,,
,,,,,,,,,,,,,,,,
,,,,,,,,,,,,,,,,
,,,,,,,,,,,,,,,,
,,,,,,,,,,,,,,,,
,,,,,,,,,,,,,,,,
,,,,,,,,,,,,,,,,
,,,,,,,,,,,,,,,,
,,,,,,,,,,,,,,,,
,,,,,,,,,,,,,,,,
,,,,,,,,,,,,,,,,
,,,,,,,,,,,,,,,,
,,,,,,,,,,,,,,,,
,,,,,,,,,,,,,,,,
,,,,,,,,,,,,,,,,
,,,,,,,,,,,,,,,,
,,,,,,,,,,,,,,,,
,,,,,,,,,,,,,,,,
,,,,,,,,,,,,,,,,
,,,,,,,,,,,,,,,,
,,,,,,,,,,,,,,,,
,,,,,,,,,,,,,,,,
,,,,,,,,,,,,,,,,
,,,,,,,,,,,,,,,,
,,,,,,,,,,,,,,,,
,,,,,,,,,,,,,,,,
,,,,,,,,,,,,,,,,
,,,,,,,,,,,,,,,,
,,,,,,,,,,,,,,,,
,,,,,,,,,,,,,,,,
,,,,,,,,,,,,,,,,
,,,,,,,,,,,,,,,,
,,,,,,,,,,,,,,,,
,,,,,,,,,,,,,,,,
,,,,,,,,,,,,,,,,
,,,,,,,,,,,,,,,,
,,,,,,,,,,,,,,,,
,,,,,,,,,,,,,,,,
,,,,,,,,,,,,,,,,
,,,,,,,,,,,,,,,,
,,,,,,,,,,,,,,,,
,,,,,,,,,,,,,,,,
,,,,,,,,,,,,,,,,
,,,,,,,,,,,,,,,,
,,,,,,,,,,,,,,,,
,,,,,,,,,,,,,,,,
,,,,,,,,,,,,,,,,
,,,,,,,,,,,,,,,,
,,,,,,,,,,,,,,,,
,,,,,,,,,,,,,,,,
,,,,,,,,,,,,,,,,
,,,,,,,,,,,,,,,,
,,,,,,,,,,,,,,,,
,,,,,,,,,,,,,,,,
,,,,,,,,,,,,,,,,
,,,,,,,,,,,,,,,,
,,,,,,,,,,,,,,,,
,,,,,,,,,,,,,,,,
,,,,,,,,,,,,,,,,
,,,,,,,,,,,,,,,,
,,,,,,,,,,,,,,,,
,,,,,,,,,,,,,,,,
,,,,,,,,,,,,,,,,
,,,,,,,,,,,,,,,,
,,,,,,,,,,,,,,,,
,,,,,,,,,,,,,,,,
,,,,,,,,,,,,,,,,
,,,,,,,,,,,,,,,,
,,,,,,,,,,,,,,,,
,,,,,,,,,,,,,,,,
,,,,,,,,,,,,,,,,
,,,,,,,,,,,,,,,,
,,,,,,,,,,,,,,,,
,,,,,,,,,,,,,,,,
,,,,,,,,,,,,,,,,
,,,,,,,,,,,,,,,,
,,,,,,,,,,,,,,,,
,,,,,,,,,,,,,,,,
,,,,,,,,,,,,,,,,
,,,,,,,,,,,,,,,,
,,,,,,,,,,,,,,,,
,,,,,,,,,,,,,,,,
,,,,,,,,,,,,,,,,
,,,,,,,,,,,,,,,,
,,,,,,,,,,,,,,,,
,,,,,,,,,,,,,,,,
,,,,,,,,,,,,,,,,
,,,,,,,,,,,,,,,,
,,,,,,,,,,,,,,,,
,,,,,,,,,,,,,,,,
,,,,,,,,,,,,,,,,
,,,,,,,,,,,,,,,,
,,,,,,,,,,,,,,,,
,,,,,,,,,,,,,,,,
,,,,,,,,,,,,,,,,
,,,,,,,,,,,,,,,,
,,,,,,,,,,,,,,,,
,,,,,,,,,,,,,,,,
,,,,,,,,,,,,,,,,
,,,,,,,,,,,,,,,,
,,,,,,,,,,,,,,,,
,,,,,,,,,,,,,,,,
,,,,,,,,,,,,,,,,
,,,,,,,,,,,,,,,,
,,,,,,,,,,,,,,,,
,,,,,,,,,,,,,,,,
,,,,,,,,,,,,,,,,
,,,,,,,,,,,,,,,,
,,,,,,,,,,,,,,,,
,,,,,,,,,,,,,,,,
,,,,,,,,,,,,,,,,
,,,,,,,,,,,,,,,,
,,,,,,,,,,,,,,,,
,,,,,,,,,,,,,,,,
,,,,,,,,,,,,,,,,
,,,,,,,,,,,,,,,,
,,,,,,,,,,,,,,,,
,,,,,,,,,,,,,,,,
,,,,,,,,,,,,,,,,
,,,,,,,,,,,,,,,,
,,,,,,,,,,,,,,,,
,,,,,,,,,,,,,,,,
,,,,,,,,,,,,,,,,
,,,,,,,,,,,,,,,,
,,,,,,,,,,,,,,,,
,,,,,,,,,,,,,,,,
,,,,,,,,,,,,,,,,
,,,,,,,,,,,,,,,,
,,,,,,,,,,,,,,,,
,,,,,,,,,,,,,,,,
,,,,,,,,,,,,,,,,
,,,,,,,,,,,,,,,,
,,,,,,,,,,,,,,,,
,,,,,,,,,,,,,,,,
,,,,,,,,,,,,,,,,
,,,,,,,,,,,,,,,,
,,,,,,,,,,,,,,,,
,,,,,,,,,,,,,,,,
,,,,,,,,,,,,,,,,
,,,,,,,,,,,,,,,,
,,,,,,,,,,,,,,,,
,,,,,,,,,,,,,,,,
,,,,,,,,,,,,,,,,
,,,,,,,,,,,,,,,,
,,,,,,,,,,,,,,,,
,,,,,,,,,,,,,,,,
,,,,,,,,,,,,,,,,
,,,,,,,,,,,,,,,,
,,,,,,,,,,,,,,,,
,,,,,,,,,,,,,,,,
,,,,,,,,,,,,,,,,
,,,,,,,,,,,,,,,,
,,,,,,,,,,,,,,,,
,,,,,,,,,,,,,,,,
,,,,,,,,,,,,,,,,
,,,,,,,,,,,,,,,,
,,,,,,,,,,,,,,,,
,,,,,,,,,,,,,,,,
,,,,,,,,,,,,,,,,
,,,,,,,,,,,,,,,,
,,,,,,,,,,,,,,,,
,,,,,,,,,,,,,,,,
,,,,,,,,,,,,,,,,
,,,,,,,,,,,,,,,,
,,,,,,,,,,,,,,,,
,,,,,,,,,,,,,,,,
,,,,,,,,,,,,,,,,
,,,,,,,,,,,,,,,,
,,,,,,,,,,,,,,,,
,,,,,,,,,,,,,,,,
,,,,,,,,,,,,,,,,
,,,,,,,,,,,,,,,,
,,,,,,,,,,,,,,,,
,,,,,,,,,,,,,,,,
,,,,,,,,,,,,,,,,
,,,,,,,,,,,,,,,,
,,,,,,,,,,,,,,,,
,,,,,,,,,,,,,,,,
,,,,,,,,,,,,,,,,
,,,,,,,,,,,,,,,,
,,,,,,,,,,,,,,,,
,,,,,,,,,,,,,,,,
,,,,,,,,,,,,,,,,
,,,,,,,,,,,,,,,,
,,,,,,,,,,,,,,,,
,,,,,,,,,,,,,,,,
,,,,,,,,,,,,,,,,
,,,,,,,,,,,,,,,,
,,,,,,,,,,,,,,,,
,,,,,,,,,,,,,,,,
,,,,,,,,,,,,,,,,
,,,,,,,,,,,,,,,,
,,,,,,,,,,,,,,,,
,,,,,,,,,,,,,,,,
,,,,,,,,,,,,,,,,
,,,,,,,,,,,,,,,,
,,,,,,,,,,,,,,,,
,,,,,,,,,,,,,,,,
,,,,,,,,,,,,,,,,
,,,,,,,,,,,,,,,,
,,,,,,,,,,,,,,,,
,,,,,,,,,,,,,,,,
,,,,,,,,,,,,,,,,
,,,,,,,,,,,,,,,,
,,,,,,,,,,,,,,,,
,,,,,,,,,,,,,,,,
,,,,,,,,,,,,,,,,
,,,,,,,,,,,,,,,,
,,,,,,,,,,,,,,,,
,,,,,,,,,,,,,,,,
,,,,,,,,,,,,,,,,
,,,,,,,,,,,,,,,,
,,,,,,,,,,,,,,,,
,,,,,,,,,,,,,,,,
,,,,,,,,,,,,,,,,
,,,,,,,,,,,,,,,,
,,,,,,,,,,,,,,,,
,,,,,,,,,,,,,,,,
,,,,,,,,,,,,,,,,
,,,,,,,,,,,,,,,,
,,,,,,,,,,,,,,,,
,,,,,,,,,,,,,,,,
,,,,,,,,,,,,,,,,
,,,,,,,,,,,,,,,,
,,,,,,,,,,,,,,,,
,,,,,,,,,,,,,,,,
,,,,,,,,,,,,,,,,
,,,,,,,,,,,,,,,,
,,,,,,,,,,,,,,,,
,,,,,,,,,,,,,,,,
,,,,,,,,,,,,,,,,
,,,,,,,,,,,,,,,,
,,,,,,,,,,,,,,,,
,,,,,,,,,,,,,,,,
,,,,,,,,,,,,,,,,
,,,,,,,,,,,,,,,,
,,,,,,,,,,,,,,,,
,,,,,,,,,,,,,,,,
,,,,,,,,,,,,,,,,
,,,,,,,,,,,,,,,,
,,,,,,,,,,,,,,,,
,,,,,,,,,,,,,,,,
,,,,,,,,,,,,,,,,
,,,,,,,,,,,,,,,,
,,,,,,,,,,,,,,,,
,,,,,,,,,,,,,,,,
,,,,,,,,,,,,,,,,
,,,,,,,,,,,,,,,,
,,,,,,,,,,,,,,,,
,,,,,,,,,,,,,,,,
,,,,,,,,,,,,,,,,
,,,,,,,,,,,,,,,,
,,,,,,,,,,,,,,,,
,,,,,,,,,,,,,,,,
,,,,,,,,,,,,,,,,
,,,,,,,,,,,,,,,,
,,,,,,,,,,,,,,,,
,,,,,,,,,,,,,,,,
,,,,,,,,,,,,,,,,
,,,,,,,,,,,,,,,,
,,,,,,,,,,,,,,,,
,,,,,,,,,,,,,,,,
,,,,,,,,,,,,,,,,
,,,,,,,,,,,,,,,,
,,,,,,,,,,,,,,,,
,,,,,,,,,,,,,,,,
,,,,,,,,,,,,,,,,
,,,,,,,,,,,,,,,,
,,,,,,,,,,,,,,,,
,,,,,,,,,,,,,,,,
,,,,,,,,,,,,,,,,
,,,,,,,,,,,,,,,,
,,,,,,,,,,,,,,,,
,,,,,,,,,,,,,,,,
,,,,,,,,,,,,,,,,
,,,,,,,,,,,,,,,,
,,,,,,,,,,,,,,,,
,,,,,,,,,,,,,,,,
,,,,,,,,,,,,,,,,
,,,,,,,,,,,,,,,,
,,,,,,,,,,,,,,,,
,,,,,,,,,,,,,,,,
,,,,,,,,,,,,,,,,
,,,,,,,,,,,,,,,,
,,,,,,,,,,,,,,,,
,,,,,,,,,,,,,,,,
,,,,,,,,,,,,,,,,
,,,,,,,,,,,,,,,,
,,,,,,,,,,,,,,,,
,,,,,,,,,,,,,,,,
,,,,,,,,,,,,,,,,
,,,,,,,,,,,,,,,,
,,,,,,,,,,,,,,,,
,,,,,,,,,,,,,,,,
,,,,,,,,,,,,,,,,
,,,,,,,,,,,,,,,,
,,,,,,,,,,,,,,,,
,,,,,,,,,,,,,,,,
,,,,,,,,,,,,,,,,
,,,,,,,,,,,,,,,,
,,,,,,,,,,,,,,,,
,,,,,,,,,,,,,,,,
,,,,,,,,,,,,,,,,
,,,,,,,,,,,,,,,,
,,,,,,,,,,,,,,,,
,,,,,,,,,,,,,,,,
,,,,,,,,,,,,,,,,
,,,,,,,,,,,,,,,,
,,,,,,,,,,,,,,,,
,,,,,,,,,,,,,,,,
,,,,,,,,,,,,,,,,
,,,,,,,,,,,,,,,,
,,,,,,,,,,,,,,,,
,,,,,,,,,,,,,,,,
,,,,,,,,,,,,,,,,
,,,,,,,,,,,,,,,,
,,,,,,,,,,,,,,,,
,,,,,,,,,,,,,,,,
,,,,,,,,,,,,,,,,
,,,,,,,,,,,,,,,,
,,,,,,,,,,,,,,,,
,,,,,,,,,,,,,,,,
,,,,,,,,,,,,,,,,
,,,,,,,,,,,,,,,,
,,,,,,,,,,,,,,,,
,,,,,,,,,,,,,,,,
,,,,,,,,,,,,,,,,
,,,,,,,,,,,,,,,,
,,,,,,,,,,,,,,,,
,,,,,,,,,,,,,,,,
,,,,,,,,,,,,,,,,
,,,,,,,,,,,,,,,,
,,,,,,,,,,,,,,,,
,,,,,,,,,,,,,,,,
,,,,,,,,,,,,,,,,
,,,,,,,,,,,,,,,,
,,,,,,,,,,,,,,,,
,,,,,,,,,,,,,,,,
,,,,,,,,,,,,,,,,
,,,,,,,,,,,,,,,,
,,,,,,,,,,,,,,,,
,,,,,,,,,,,,,,,,
,,,,,,,,,,,,,,,,
,,,,,,,,,,,,,,,,
,,,,,,,,,,,,,,,,
,,,,,,,,,,,,,,,,
,,,,,,,,,,,,,,,,
,,,,,,,,,,,,,,,,
,,,,,,,,,,,,,,,,
,,,,,,,,,,,,,,,,
,,,,,,,,,,,,,,,,
,,,,,,,,,,,,,,,,
,,,,,,,,,,,,,,,,
,,,,,,,,,,,,,,,,
,,,,,,,,,,,,,,,,
,,,,,,,,,,,,,,,,
,,,,,,,,,,,,,,,,
,,,,,,,,,,,,,,,,
,,,,,,,,,,,,,,,,
,,,,,,,,,,,,,,,,
,,,,,,,,,,,,,,,,
,,,,,,,,,,,,,,,,
,,,,,,,,,,,,,,,,
,,,,,,,,,,,,,,,,
,,,,,,,,,,,,,,,,
,,,,,,,,,,,,,,,,
,,,,,,,,,,,,,,,,
,,,,,,,,,,,,,,,,
,,,,,,,,,,,,,,,,
,,,,,,,,,,,,,,,,
,,,,,,,,,,,,,,,,
,,,,,,,,,,,,,,,,
,,,,,,,,,,,,,,,,
,,,,,,,,,,,,,,,,
,,,,,,,,,,,,,,,,
,,,,,,,,,,,,,,,,
,,,,,,,,,,,,,,,,
,,,,,,,,,,,,,,,,
,,,,,,,,,,,,,,,,
,,,,,,,,,,,,,,,,
,,,,,,,,,,,,,,,,
,,,,,,,,,,,,,,,,
,,,,,,,,,,,,,,,,
,,,,,,,,,,,,,,,,
,,,,,,,,,,,,,,,,
,,,,,,,,,,,,,,,,
,,,,,,,,,,,,,,,,
,,,,,,,,,,,,,,,,
,,,,,,,,,,,,,,,,
,,,,,,,,,,,,,,,,
,,,,,,,,,,,,,,,,
,,,,,,,,,,,,,,,,
,,,,,,,,,,,,,,,,
,,,,,,,,,,,,,,,,
,,,,,,,,,,,,,,,,
,,,,,,,,,,,,,,,,
,,,,,,,,,,,,,,,,
,,,,,,,,,,,,,,,,
,,,,,,,,,,,,,,,,
,,,,,,,,,,,,,,,,
,,,,,,,,,,,,,,,,
,,,,,,,,,,,,,,,,
,,,,,,,,,,,,,,,,
,,,,,,,,,,,,,,,,
,,,,,,,,,,,,,,,,
,,,,,,,,,,,,,,,,
,,,,,,,,,,,,,,,,
,,,,,,,,,,,,,,,,
,,,,,,,,,,,,,,,,
,,,,,,,,,,,,,,,,
,,,,,,,,,,,,,,,,
,,,,,,,,,,,,,,,,
,,,,,,,,,,,,,,,,
,,,,,,,,,,,,,,,,
,,,,,,,,,,,,,,,,
,,,,,,,,,,,,,,,,
,,,,,,,,,,,,,,,,
,,,,,,,,,,,,,,,,
,,,,,,,,,,,,,,,,
,,,,,,,,,,,,,,,,
,,,,,,,,,,,,,,,,
,,,,,,,,,,,,,,,,
,,,,,,,,,,,,,,,,
,,,,,,,,,,,,,,,,
,,,,,,,,,,,,,,,,
,,,,,,,,,,,,,,,,
,,,,,,,,,,,,,,,,
,,,,,,,,,,,,,,,,
,,,,,,,,,,,,,,,,
,,,,,,,,,,,,,,,,
,,,,,,,,,,,,,,,,
,,,,,,,,,,,,,,,,
,,,,,,,,,,,,,,,,
,,,,,,,,,,,,,,,,
,,,,,,,,,,,,,,,,
,,,,,,,,,,,,,,,,
,,,,,,,,,,,,,,,,
,,,,,,,,,,,,,,,,
,,,,,,,,,,,,,,,,
,,,,,,,,,,,,,,,,
,,,,,,,,,,,,,,,,
,,,,,,,,,,,,,,,,
,,,,,,,,,,,,,,,,
,,,,,,,,,,,,,,,,
,,,,,,,,,,,,,,,,
,,,,,,,,,,,,,,,,
,,,,,,,,,,,,,,,,
,,,,,,,,,,,,,,,,
,,,,,,,,,,,,,,,,
,,,,,,,,,,,,,,,,
,,,,,,,,,,,,,,,,
,,,,,,,,,,,,,,,,
,,,,,,,,,,,,,,,,
,,,,,,,,,,,,,,,,
,,,,,,,,,,,,,,,,
,,,,,,,,,,,,,,,,
,,,,,,,,,,,,,,,,
,,,,,,,,,,,,,,,,
,,,,,,,,,,,,,,,,
,,,,,,,,,,,,,,,,
,,,,,,,,,,,,,,,,
,,,,,,,,,,,,,,,,
,,,,,,,,,,,,,,,,
,,,,,,,,,,,,,,,,
,,,,,,,,,,,,,,,,
,,,,,,,,,,,,,,,,
,,,,,,,,,,,,,,,,
,,,,,,,,,,,,,,,,
,,,,,,,,,,,,,,,,
,,,,,,,,,,,,,,,,
,,,,,,,,,,,,,,,,
,,,,,,,,,,,,,,,,
,,,,,,,,,,,,,,,,
,,,,,,,,,,,,,,,,
,,,,,,,,,,,,,,,,
,,,,,,,,,,,,,,,,
,,,,,,,,,,,,,,,,
,,,,,,,,,,,,,,,,
,,,,,,,,,,,,,,,,
,,,,,,,,,,,,,,,,
,,,,,,,,,,,,,,,,
,,,,,,,,,,,,,,,,
,,,,,,,,,,,,,,,,
,,,,,,,,,,,,,,,,
,,,,,,,,,,,,,,,,
,,,,,,,,,,,,,,,,
,,,,,,,,,,,,,,,,
,,,,,,,,,,,,,,,,
,,,,,,,,,,,,,,,,
,,,,,,,,,,,,,,,,
,,,,,,,,,,,,,,,,
,,,,,,,,,,,,,,,,
,,,,,,,,,,,,,,,,
,,,,,,,,,,,,,,,,
,,,,,,,,,,,,,,,,
,,,,,,,,,,,,,,,,
,,,,,,,,,,,,,,,,
,,,,,,,,,,,,,,,,
,,,,,,,,,,,,,,,,
,,,,,,,,,,,,,,,,
,,,,,,,,,,,,,,,,
,,,,,,,,,,,,,,,,
,,,,,,,,,,,,,,,,
,,,,,,,,,,,,,,,,
,,,,,,,,,,,,,,,,
,,,,,,,,,,,,,,,,
,,,,,,,,,,,,,,,,
,,,,,,,,,,,,,,,,
,,,,,,,,,,,,,,,,
,,,,,,,,,,,,,,,,
,,,,,,,,,,,,,,,,
,,,,,,,,,,,,,,,,
,,,,,,,,,,,,,,,,
,,,,,,,,,,,,,,,,
,,,,,,,,,,,,,,,,
,,,,,,,,,,,,,,,,
,,,,,,,,,,,,,,,,
,,,,,,,,,,,,,,,,
,,,,,,,,,,,,,,,,
,,,,,,,,,,,,,,,,
,,,,,,,,,,,,,,,,
,,,,,,,,,,,,,,,,
,,,,,,,,,,,,,,,,
,,,,,,,,,,,,,,,,
,,,,,,,,,,,,,,,,
,,,,,,,,,,,,,,,,
,,,,,,,,,,,,,,,,
,,,,,,,,,,,,,,,,
,,,,,,,,,,,,,,,,
,,,,,,,,,,,,,,,,
,,,,,,,,,,,,,,,,
,,,,,,,,,,,,,,,,
,,,,,,,,,,,,,,,,
,,,,,,,,,,,,,,,,
,,,,,,,,,,,,,,,,
,,,,,,,,,,,,,,,,
,,,,,,,,,,,,,,,,
,,,,,,,,,,,,,,,,
,,,,,,,,,,,,,,,,
,,,,,,,,,,,,,,,,
,,,,,,,,,,,,,,,,
,,,,,,,,,,,,,,,,
,,,,,,,,,,,,,,,,
,,,,,,,,,,,,,,,,
,,,,,,,,,,,,,,,,
,,,,,,,,,,,,,,,,
,,,,,,,,,,,,,,,,
,,,,,,,,,,,,,,,,
,,,,,,,,,,,,,,,,
,,,,,,,,,,,,,,,,
,,,,,,,,,,,,,,,,
,,,,,,,,,,,,,,,,
,,,,,,,,,,,,,,,,
,,,,,,,,,,,,,,,,
,,,,,,,,,,,,,,,,
,,,,,,,,,,,,,,,,
,,,,,,,,,,,,,,,,
,,,,,,,,,,,,,,,,
,,,,,,,,,,,,,,,,
,,,,,,,,,,,,,,,,
,,,,,,,,,,,,,,,,
,,,,,,,,,,,,,,,,
,,,,,,,,,,,,,,,,
,,,,,,,,,,,,,,,,
,,,,,,,,,,,,,,,,
,,,,,,,,,,,,,,,,
,,,,,,,,,,,,,,,,
,,,,,,,,,,,,,,,,
,,,,,,,,,,,,,,,,
,,,,,,,,,,,,,,,,
,,,,,,,,,,,,,,,,
,,,,,,,,,,,,,,,,
,,,,,,,,,,,,,,,,
,,,,,,,,,,,,,,,,
,,,,,,,,,,,,,,,,
,,,,,,,,,,,,,,,,
,,,,,,,,,,,,,,,,
,,,,,,,,,,,,,,,,
,,,,,,,,,,,,,,,,
,,,,,,,,,,,,,,,,
,,,,,,,,,,,,,,,,
,,,,,,,,,,,,,,,,
,,,,,,,,,,,,,,,,
,,,,,,,,,,,,,,,,
,,,,,,,,,,,,,,,,
,,,,,,,,,,,,,,,,
,,,,,,,,,,,,,,,,
,,,,,,,,,,,,,,,,
,,,,,,,,,,,,,,,,
,,,,,,,,,,,,,,,,
,,,,,,,,,,,,,,,,
,,,,,,,,,,,,,,,,
,,,,,,,,,,,,,,,,
,,,,,,,,,,,,,,,,
,,,,,,,,,,,,,,,,
,,,,,,,,,,,,,,,,
,,,,,,,,,,,,,,,,
,,,,,,,,,,,,,,,,
,,,,,,,,,,,,,,,,
,,,,,,,,,,,,,,,,
,,,,,,,,,,,,,,,,
,,,,,,,,,,,,,,,,
,,,,,,,,,,,,,,,,
,,,,,,,,,,,,,,,,
,,,,,,,,,,,,,,,,
,,,,,,,,,,,,,,,,
,,,,,,,,,,,,,,,,
,,,,,,,,,,,,,,,,
,,,,,,,,,,,,,,,,
,,,,,,,,,,,,,,,,
,,,,,,,,,,,,,,,,
,,,,,,,,,,,,,,,,
,,,,,,,,,,,,,,,,
,,,,,,,,,,,,,,,,
,,,,,,,,,,,,,,,,
,,,,,,,,,,,,,,,,
,,,,,,,,,,,,,,,,
,,,,,,,,,,,,,,,,
,,,,,,,,,,,,,,,,
,,,,,,,,,,,,,,,,
,,,,,,,,,,,,,,,,
,,,,,,,,,,,,,,,,
,,,,,,,,,,,,,,,,
,,,,,,,,,,,,,,,,
,,,,,,,,,,,,,,,,
,,,,,,,,,,,,,,,,
,,,,,,,,,,,,,,,,
,,,,,,,,,,,,,,,,
,,,,,,,,,,,,,,,,
,,,,,,,,,,,,,,,,
,,,,,,,,,,,,,,,,
,,,,,,,,,,,,,,,,
,,,,,,,,,,,,,,,,
,,,,,,,,,,,,,,,,
,,,,,,,,,,,,,,,,
,,,,,,,,,,,,,,,,
,,,,,,,,,,,,,,,,
,,,,,,,,,,,,,,,,
,,,,,,,,,,,,,,,,
,,,,,,,,,,,,,,,,
,,,,,,,,,,,,,,,,
,,,,,,,,,,,,,,,,
,,,,,,,,,,,,,,,,
,,,,,,,,,,,,,,,,
,,,,,,,,,,,,,,,,
,,,,,,,,,,,,,,,,
,,,,,,,,,,,,,,,,
,,,,,,,,,,,,,,,,
,,,,,,,,,,,,,,,,
,,,,,,,,,,,,,,,,
,,,,,,,,,,,,,,,,
,,,,,,,,,,,,,,,,
,,,,,,,,,,,,,,,,
,,,,,,,,,,,,,,,,
,,,,,,,,,,,,,,,,
,,,,,,,,,,,,,,,,
,,,,,,,,,,,,,,,,
,,,,,,,,,,,,,,,,
,,,,,,,,,,,,,,,,
,,,,,,,,,,,,,,,,
,,,,,,,,,,,,,,,,
,,,,,,,,,,,,,,,,
,,,,,,,,,,,,,,,,
,,,,,,,,,,,,,,,,
,,,,,,,,,,,,,,,,
,,,,,,,,,,,,,,,,
,,,,,,,,,,,,,,,,
,,,,,,,,,,,,,,,,
,,,,,,,,,,,,,,,,
,,,,,,,,,,,,,,,,
,,,,,,,,,,,,,,,,
,,,,,,,,,,,,,,,,
,,,,,,,,,,,,,,,,
,,,,,,,,,,,,,,,,
,,,,,,,,,,,,,,,,
,,,,,,,,,,,,,,,,
,,,,,,,,,,,,,,,,
,,,,,,,,,,,,,,,,
,,,,,,,,,,,,,,,,
,,,,,,,,,,,,,,,,
,,,,,,,,,,,,,,,,
,,,,,,,,,,,,,,,,
,,,,,,,,,,,,,,,,
,,,,,,,,,,,,,,,,
,,,,,,,,,,,,,,,,
,,,,,,,,,,,,,,,,
,,,,,,,,,,,,,,,,
,,,,,,,,,,,,,,,,
,,,,,,,,,,,,,,,,
,,,,,,,,,,,,,,,,
,,,,,,,,,,,,,,,,
,,,,,,,,,,,,,,,,
,,,,,,,,,,,,,,,,
,,,,,,,,,,,,,,,,
,,,,,,,,,,,,,,,,
,,,,,,,,,,,,,,,,
,,,,,,,,,,,,,,,,
,,,,,,,,,,,,,,,,
,,,,,,,,,,,,,,,,
,,,,,,,,,,,,,,,,
,,,,,,,,,,,,,,,,
,,,,,,,,,,,,,,,,
,,,,,,,,,,,,,,,,
,,,,,,,,,,,,,,,,
,,,,,,,,,,,,,,,,
,,,,,,,,,,,,,,,,
,,,,,,,,,,,,,,,,
,,,,,,,,,,,,,,,,
,,,,,,,,,,,,,,,,
,,,,,,,,,,,,,,,,
,,,,,,,,,,,,,,,,
,,,,,,,,,,,,,,,,
,,,,,,,,,,,,,,,,
,,,,,,,,,,,,,,,,
,,,,,,,,,,,,,,,,
,,,,,,,,,,,,,,,,
,,,,,,,,,,,,,,,,
,,,,,,,,,,,,,,,,
,,,,,,,,,,,,,,,,
,,,,,,,,,,,,,,,,
,,,,,,,,,,,,,,,,
,,,,,,,,,,,,,,,,
,,,,,,,,,,,,,,,,
,,,,,,,,,,,,,,,,
,,,,,,,,,,,,,,,,
,,,,,,,,,,,,,,,,
,,,,,,,,,,,,,,,,
,,,,,,,,,,,,,,,,
,,,,,,,,,,,,,,,,
,,,,,,,,,,,,,,,,
,,,,,,,,,,,,,,,,
,,,,,,,,,,,,,,,,
,,,,,,,,,,,,,,,,
,,,,,,,,,,,,,,,,
,,,,,,,,,,,,,,,,
,,,,,,,,,,,,,,,,
,,,,,,,,,,,,,,,,
,,,,,,,,,,,,,,,,
,,,,,,,,,,,,,,,,
,,,,,,,,,,,,,,,,
,,,,,,,,,,,,,,,,
,,,,,,,,,,,,,,,,
,,,,,,,,,,,,,,,,
,,,,,,,,,,,,,,,,
,,,,,,,,,,,,,,,,
,,,,,,,,,,,,,,,,
,,,,,,,,,,,,,,,,
,,,,,,,,,,,,,,,,
,,,,,,,,,,,,,,,,
,,,,,,,,,,,,,,,,
,,,,,,,,,,,,,,,,
,,,,,,,,,,,,,,,,
,,,,,,,,,,,,,,,,
,,,,,,,,,,,,,,,,
,,,,,,,,,,,,,,,,
,,,,,,,,,,,,,,,,
,,,,,,,,,,,,,,,,
,,,,,,,,,,,,,,,,
,,,,,,,,,,,,,,,,
,,,,,,,,,,,,,,,,
,,,,,,,,,,,,,,,,
,,,,,,,,,,,,,,,,
,,,,,,,,,,,,,,,,
,,,,,,,,,,,,,,,,
,,,,,,,,,,,,,,,,
,,,,,,,,,,,,,,,,
,,,,,,,,,,,,,,,,
,,,,,,,,,,,,,,,,
,,,,,,,,,,,,,,,,
,,,,,,,,,,,,,,,,
,,,,,,,,,,,,,,,,
,,,,,,,,,,,,,,,,
,,,,,,,,,,,,,,,,
,,,,,,,,,,,,,,,,
,,,,,,,,,,,,,,,,
,,,,,,,,,,,,,,,,
,,,,,,,,,,,,,,,,
,,,,,,,,,,,,,,,,
,,,,,,,,,,,,,,,,
,,,,,,,,,,,,,,,,
,,,,,,,,,,,,,,,,
,,,,,,,,,,,,,,,,
,,,,,,,,,,,,,,,,
,,,,,,,,,,,,,,,,
,,,,,,,,,,,,,,,,
,,,,,,,,,,,,,,,,
,,,,,,,,,,,,,,,,
,,,,,,,,,,,,,,,,
,,,,,,,,,,,,,,,,
,,,,,,,,,,,,,,,,
,,,,,,,,,,,,,,,,
,,,,,,,,,,,,,,,,
,,,,,,,,,,,,,,,,
,,,,,,,,,,,,,,,,
,,,,,,,,,,,,,,,,
,,,,,,,,,,,,,,,,
,,,,,,,,,,,,,,,,
,,,,,,,,,,,,,,,,
,,,,,,,,,,,,,,,,
,,,,,,,,,,,,,,,,
,,,,,,,,,,,,,,,,
,,,,,,,,,,,,,,,,
,,,,,,,,,,,,,,,,
,,,,,,,,,,,,,,,,
,,,,,,,,,,,,,,,,
,,,,,,,,,,,,,,,,
,,,,,,,,,,,,,,,,
,,,,,,,,,,,,,,,,
,,,,,,,,,,,,,,,,
,,,,,,,,,,,,,,,,
,,,,,,,,,,,,,,,,
,,,,,,,,,,,,,,,,
,,,,,,,,,,,,,,,,
,,,,,,,,,,,,,,,,
,,,,,,,,,,,,,,,,
,,,,,,,,,,,,,,,,
,,,,,,,,,,,,,,,,
,,,,,,,,,,,,,,,,
,,,,,,,,,,,,,,,,
,,,,,,,,,,,,,,,,
,,,,,,,,,,,,,,,,
,,,,,,,,,,,,,,,,
,,,,,,,,,,,,,,,,
,,,,,,,,,,,,,,,,
,,,,,,,,,,,,,,,,
,,,,,,,,,,,,,,,,
,,,,,,,,,,,,,,,,
,,,,,,,,,,,,,,,,
,,,,,,,,,,,,,,,,
,,,,,,,,,,,,,,,,
,,,,,,,,,,,,,,,,
,,,,,,,,,,,,,,,,
,,,,,,,,,,,,,,,,
,,,,,,,,,,,,,,,,
,,,,,,,,,,,,,,,,
,,,,,,,,,,,,,,,,
,,,,,,,,,,,,,,,,
,,,,,,,,,,,,,,,,
,,,,,,,,,,,,,,,,
,,,,,,,,,,,,,,,,
,,,,,,,,,,,,,,,,
,,,,,,,,,,,,,,,,
,,,,,,,,,,,,,,,,
,,,,,,,,,,,,,,,,
,,,,,,,,,,,,,,,,
,,,,,,,,,,,,,,,,
,,,,,,,,,,,,,,,,
,,,,,,,,,,,,,,,,
,,,,,,,,,,,,,,,,
,,,,,,,,,,,,,,,,
,,,,,,,,,,,,,,,,
,,,,,,,,,,,,,,,,
,,,,,,,,,,,,,,,,
,,,,,,,,,,,,,,,,
,,,,,,,,,,,,,,,,
,,,,,,,,,,,,,,,,
,,,,,,,,,,,,,,,,
,,,,,,,,,,,,,,,,
,,,,,,,,,,,,,,,,
,,,,,,,,,,,,,,,,
,,,,,,,,,,,,,,,,
,,,,,,,,,,,,,,,,
,,,,,,,,,,,,,,,,
,,,,,,,,,,,,,,,,
,,,,,,,,,,,,,,,,
,,,,,,,,,,,,,,,,
,,,,,,,,,,,,,,,,
,,,,,,,,,,,,,,,,
,,,,,,,,,,,,,,,,
,,,,,,,,,,,,,,,,
,,,,,,,,,,,,,,,,
,,,,,,,,,,,,,,,,
,,,,,,,,,,,,,,,,
,,,,,,,,,,,,,,,,
,,,,,,,,,,,,,,,,
,,,,,,,,,,,,,,,,
,,,,,,,,,,,,,,,,
,,,,,,,,,,,,,,,,
,,,,,,,,,,,,,,,,
,,,,,,,,,,,,,,,,
,,,,,,,,,,,,,,,,
,,,,,,,,,,,,,,,,
,,,,,,,,,,,,,,,,
,,,,,,,,,,,,,,,,
,,,,,,,,,,,,,,,,
,,,,,,,,,,,,,,,,
,,,,,,,,,,,,,,,,
,,,,,,,,,,,,,,,,
,,,,,,,,,,,,,,,,
,,,,,,,,,,,,,,,,
,,,,,,,,,,,,,,,,
,,,,,,,,,,,,,,,,
,,,,,,,,,,,,,,,,
,,,,,,,,,,,,,,,,
,,,,,,,,,,,,,,,,
,,,,,,,,,,,,,,,,
,,,,,,,,,,,,,,,,
,,,,,,,,,,,,,,,,
,,,,,,,,,,,,,,,,
,,,,,,,,,,,,,,,,
,,,,,,,,,,,,,,,,
,,,,,,,,,,,,,,,,
,,,,,,,,,,,,,,,,
,,,,,,,,,,,,,,,,
,,,,,,,,,,,,,,,,
,,,,,,,,,,,,,,,,
,,,,,,,,,,,,,,,,
,,,,,,,,,,,,,,,,
,,,,,,,,,,,,,,,,
,,,,,,,,,,,,,,,,
,,,,,,,,,,,,,,,,
,,,,,,,,,,,,,,,,
,,,,,,,,,,,,,,,,
,,,,,,,,,,,,,,,,
,,,,,,,,,,,,,,,,
,,,,,,,,,,,,,,,,
,,,,,,,,,,,,,,,,
,,,,,,,,,,,,,,,,
,,,,,,,,,,,,,,,,
,,,,,,,,,,,,,,,,
,,,,,,,,,,,,,,,,
,,,,,,,,,,,,,,,,
,,,,,,,,,,,,,,,,
,,,,,,,,,,,,,,,,
,,,,,,,,,,,,,,,,
,,,,,,,,,,,,,,,,
,,,,,,,,,,,,,,,,
,,,,,,,,,,,,,,,,
,,,,,,,,,,,,,,,,
,,,,,,,,,,,,,,,,
,,,,,,,,,,,,,,,,
,,,,,,,,,,,,,,,,
,,,,,,,,,,,,,,,,
,,,,,,,,,,,,,,,,
,,,,,,,,,,,,,,,,
,,,,,,,,,,,,,,,,
,,,,,,,,,,,,,,,,
,,,,,,,,,,,,,,,,
,,,,,,,,,,,,,,,,
,,,,,,,,,,,,,,,,
,,,,,,,,,,,,,,,,
,,,,,,,,,,,,,,,,
,,,,,,,,,,,,,,,,
,,,,,,,,,,,,,,,,
,,,,,,,,,,,,,,,,
,,,,,,,,,,,,,,,,
,,,,,,,,,,,,,,,,
,,,,,,,,,,,,,,,,
,,,,,,,,,,,,,,,,
,,,,,,,,,,,,,,,,
,,,,,,,,,,,,,,,,
,,,,,,,,,,,,,,,,
,,,,,,,,,,,,,,,,
,,,,,,,,,,,,,,,,
,,,,,,,,,,,,,,,,
,,,,,,,,,,,,,,,,
,,,,,,,,,,,,,,,,
,,,,,,,,,,,,,,,,
,,,,,,,,,,,,,,,,
,,,,,,,,,,,,,,,,
,,,,,,,,,,,,,,,,
,,,,,,,,,,,,,,,,
,,,,,,,,,,,,,,,,
,,,,,,,,,,,,,,,,
,,,,,,,,,,,,,,,,
,,,,,,,,,,,,,,,,
,,,,,,,,,,,,,,,,
,,,,,,,,,,,,,,,,
,,,,,,,,,,,,,,,,
,,,,,,,,,,,,,,,,
,,,,,,,,,,,,,,,,
,,,,,,,,,,,,,,,,
,,,,,,,,,,,,,,,,
,,,,,,,,,,,,,,,,
,,,,,,,,,,,,,,,,
,,,,,,,,,,,,,,,,
,,,,,,,,,,,,,,,,
,,,,,,,,,,,,,,,,
,,,,,,,,,,,,,,,,
,,,,,,,,,,,,,,,,
,,,,,,,,,,,,,,,,
,,,,,,,,,,,,,,,,
,,,,,,,,,,,,,,,,
,,,,,,,,,,,,,,,,
,,,,,,,,,,,,,,,,
,,,,,,,,,,,,,,,,
,,,,,,,,,,,,,,,,
,,,,,,,,,,,,,,,,
,,,,,,,,,,,,,,,,
,,,,,,,,,,,,,,,,
,,,,,,,,,,,,,,,,
,,,,,,,,,,,,,,,,
,,,,,,,,,,,,,,,,
,,,,,,,,,,,,,,,,
,,,,,,,,,,,,,,,,
,,,,,,,,,,,,,,,,
,,,,,,,,,,,,,,,,
,,,,,,,,,,,,,,,,
,,,,,,,,,,,,,,,,
,,,,,,,,,,,,,,,,
,,,,,,,,,,,,,,,,
,,,,,,,,,,,,,,,,
,,,,,,,,,,,,,,,,
,,,,,,,,,,,,,,,,
,,,,,,,,,,,,,,,,
,,,,,,,,,,,,,,,,
,,,,,,,,,,,,,,,,
,,,,,,,,,,,,,,,,
,,,,,,,,,,,,,,,,
,,,,,,,,,,,,,,,,
,,,,,,,,,,,,,,,,
,,,,,,,,,,,,,,,,
,,,,,,,,,,,,,,,,
,,,,,,,,,,,,,,,,
,,,,,,,,,,,,,,,,
,,,,,,,,,,,,,,,,
,,,,,,,,,,,,,,,,
,,,,,,,,,,,,,,,,
,,,,,,,,,,,,,,,,
,,,,,,,,,,,,,,,,
,,,,,,,,,,,,,,,,
,,,,,,,,,,,,,,,,
,,,,,,,,,,,,,,,,
,,,,,,,,,,,,,,,,
,,,,,,,,,,,,,,,,
,,,,,,,,,,,,,,,,
,,,,,,,,,,,,,,,,
,,,,,,,,,,,,,,,,
,,,,,,,,,,,,,,,,
,,,,,,,,,,,,,,,,
,,,,,,,,,,,,,,,,
,,,,,,,,,,,,,,,,
,,,,,,,,,,,,,,,,
,,,,,,,,,,,,,,,,
,,,,,,,,,,,,,,,,
,,,,,,,,,,,,,,,,
,,,,,,,,,,,,,,,,
,,,,,,,,,,,,,,,,
,,,,,,,,,,,,,,,,
,,,,,,,,,,,,,,,,
,,,,,,,,,,,,,,,,
,,,,,,,,,,,,,,,,
,,,,,,,,,,,,,,,,
,,,,,,,,,,,,,,,,
,,,,,,,,,,,,,,,,
,,,,,,,,,,,,,,,,
,,,,,,,,,,,,,,,,
,,,,,,,,,,,,,,,,
,,,,,,,,,,,,,,,,
,,,,,,,,,,,,,,,,
,,,,,,,,,,,,,,,,
,,,,,,,,,,,,,,,,
,,,,,,,,,,,,,,,,
,,,,,,,,,,,,,,,,
,,,,,,,,,,,,,,,,
,,,,,,,,,,,,,,,,
,,,,,,,,,,,,,,,,
,,,,,,,,,,,,,,,,
,,,,,,,,,,,,,,,,
,,,,,,,,,,,,,,,,
,,,,,,,,,,,,,,,,
,,,,,,,,,,,,,,,,
,,,,,,,,,,,,,,,,
,,,,,,,,,,,,,,,,
,,,,,,,,,,,,,,,,
,,,,,,,,,,,,,,,,
,,,,,,,,,,,,,,,,
,,,,,,,,,,,,,,,,
,,,,,,,,,,,,,,,,
,,,,,,,,,,,,,,,,
,,,,,,,,,,,,,,,,
,,,,,,,,,,,,,,,,
,,,,,,,,,,,,,,,,
,,,,,,,,,,,,,,,,
,,,,,,,,,,,,,,,,
,,,,,,,,,,,,,,,,
,,,,,,,,,,,,,,,,
,,,,,,,,,,,,,,,,
,,,,,,,,,,,,,,,,
,,,,,,,,,,,,,,,,
,,,,,,,,,,,,,,,,
,,,,,,,,,,,,,,,,
,,,,,,,,,,,,,,,,
,,,,,,,,,,,,,,,,
,,,,,,,,,,,,,,,,
,,,,,,,,,,,,,,,,
,,,,,,,,,,,,,,,,
,,,,,,,,,,,,,,,,
,,,,,,,,,,,,,,,,
,,,,,,,,,,,,,,,,
,,,,,,,,,,,,,,,,
,,,,,,,,,,,,,,,,
,,,,,,,,,,,,,,,,
,,,,,,,,,,,,,,,,
,,,,,,,,,,,,,,,,
,,,,,,,,,,,,,,,,
,,,,,,,,,,,,,,,,
,,,,,,,,,,,,,,,,
,,,,,,,,,,,,,,,,
,,,,,,,,,,,,,,,,
,,,,,,,,,,,,,,,,
,,,,,,,,,,,,,,,,
,,,,,,,,,,,,,,,,
,,,,,,,,,,,,,,,,
,,,,,,,,,,,,,,,,
,,,,,,,,,,,,,,,,
,,,,,,,,,,,,,,,,
,,,,,,,,,,,,,,,,
,,,,,,,,,,,,,,,,
,,,,,,,,,,,,,,,,
,,,,,,,,,,,,,,,,
,,,,,,,,,,,,,,,,
,,,,,,,,,,,,,,,,
,,,,,,,,,,,,,,,,
,,,,,,,,,,,,,,,,
,,,,,,,,,,,,,,,,
,,,,,,,,,,,,,,,,
,,,,,,,,,,,,,,,,
,,,,,,,,,,,,,,,,
,,,,,,,,,,,,,,,,
,,,,,,,,,,,,,,,,
,,,,,,,,,,,,,,,,
,,,,,,,,,,,,,,,,
,,,,,,,,,,,,,,,,
,,,,,,,,,,,,,,,,
,,,,,,,,,,,,,,,,
,,,,,,,,,,,,,,,,
,,,,,,,,,,,,,,,,
,,,,,,,,,,,,,,,,
,,,,,,,,,,,,,,,,
,,,,,,,,,,,,,,,,
,,,,,,,,,,,,,,,,
,,,,,,,,,,,,,,,,
,,,,,,,,,,,,,,,,
,,,,,,,,,,,,,,,,
,,,,,,,,,,,,,,,,
,,,,,,,,,,,,,,,,
,,,,,,,,,,,,,,,,
,,,,,,,,,,,,,,,,
,,,,,,,,,,,,,,,,
,,,,,,,,,,,,,,,,
,,,,,,,,,,,,,,,,
,,,,,,,,,,,,,,,,
,,,,,,,,,,,,,,,,
,,,,,,,,,,,,,,,,
,,,,,,,,,,,,,,,,
,,,,,,,,,,,,,,,,
,,,,,,,,,,,,,,,,
,,,,,,,,,,,,,,,,
,,,,,,,,,,,,,,,,
,,,,,,,,,,,,,,,,
,,,,,,,,,,,,,,,,
,,,,,,,,,,,,,,,,
,,,,,,,,,,,,,,,,
,,,,,,,,,,,,,,,,
,,,,,,,,,,,,,,,,
,,,,,,,,,,,,,,,,
,,,,,,,,,,,,,,,,
,,,,,,,,,,,,,,,,
,,,,,,,,,,,,,,,,
,,,,,,,,,,,,,,,,
,,,,,,,,,,,,,,,,
,,,,,,,,,,,,,,,,
,,,,,,,,,,,,,,,,
,,,,,,,,,,,,,,,,
,,,,,,,,,,,,,,,,
,,,,,,,,,,,,,,,,
,,,,,,,,,,,,,,,,
,,,,,,,,,,,,,,,,
,,,,,,,,,,,,,,,,
,,,,,,,,,,,,,,,,
,,,,,,,,,,,,,,,,
,,,,,,,,,,,,,,,,
,,,,,,,,,,,,,,,,
,,,,,,,,,,,,,,,,
,,,,,,,,,,,,,,,,
,,,,,,,,,,,,,,,,
,,,,,,,,,,,,,,,,
,,,,,,,,,,,,,,,,
,,,,,,,,,,,,,,,,
,,,,,,,,,,,,,,,,
,,,,,,,,,,,,,,,,
,,,,,,,,,,,,,,,,
,,,,,,,,,,,,,,,,
,,,,,,,,,,,,,,,,
,,,,,,,,,,,,,,,,
,,,,,,,,,,,,,,,,
,,,,,,,,,,,,,,,,
,,,,,,,,,,,,,,,,
,,,,,,,,,,,,,,,,
,,,,,,,,,,,,,,,,
,,,,,,,,,,,,,,,,
,,,,,,,,,,,,,,,,
,,,,,,,,,,,,,,,,
,,,,,,,,,,,,,,,,
,,,,,,,,,,,,,,,,
,,,,,,,,,,,,,,,,
,,,,,,,,,,,,,,,,
,,,,,,,,,,,,,,,,
,,,,,,,,,,,,,,,,
,,,,,,,,,,,,,,,,
,,,,,,,,,,,,,,,,
,,,,,,,,,,,,,,,,
,,,,,,,,,,,,,,,,
,,,,,,,,,,,,,,,,
,,,,,,,,,,,,,,,,
,,,,,,,,,,,,,,,,
,,,,,,,,,,,,,,,,
,,,,,,,,,,,,,,,,
,,,,,,,,,,,,,,,,
,,,,,,,,,,,,,,,,
,,,,,,,,,,,,,,,,
,,,,,,,,,,,,,,,,
,,,,,,,,,,,,,,,,
,,,,,,,,,,,,,,,,
,,,,,,,,,,,,,,,,
,,,,,,,,,,,,,,,,
,,,,,,,,,,,,,,,,
,,,,,,,,,,,,,,,,
,,,,,,,,,,,,,,,,
,,,,,,,,,,,,,,,,
,,,,,,,,,,,,,,,,
,,,,,,,,,,,,,,,,
,,,,,,,,,,,,,,,,
,,,,,,,,,,,,,,,,
,,,,,,,,,,,,,,,,
,,,,,,,,,,,,,,,,
,,,,,,,,,,,,,,,,
,,,,,,,,,,,,,,,,
,,,,,,,,,,,,,,,,
,,,,,,,,,,,,,,,,
,,,,,,,,,,,,,,,,
,,,,,,,,,,,,,,,,
,,,,,,,,,,,,,,,,
,,,,,,,,,,,,,,,,
,,,,,,,,,,,,,,,,
,,,,,,,,,,,,,,,,
,,,,,,,,,,,,,,,,
,,,,,,,,,,,,,,,,
,,,,,,,,,,,,,,,,
,,,,,,,,,,,,,,,,
,,,,,,,,,,,,,,,,
,,,,,,,,,,,,,,,,
,,,,,,,,,,,,,,,,
,,,,,,,,,,,,,,,,
,,,,,,,,,,,,,,,,
,,,,,,,,,,,,,,,,
,,,,,,,,,,,,,,,,
,,,,,,,,,,,,,,,,
,,,,,,,,,,,,,,,,
,,,,,,,,,,,,,,,,
,,,,,,,,,,,,,,,,
,,,,,,,,,,,,,,,,
