Device ID,
Remarks,_A3_228
Time,MeasResult1_value,MeasResult2_value,MeasResult1_time,MeasResult2_time
5.90005,1.3244447473E-05,-0.000253970356425,5.90005,5.90005
5.90015,1.3223523638E-05,-0.000421163800638,5.90015,5.90015
5.90025,1.3232762285E-05,-0.00056175829377,5.90025,5.90025
5.90035,1.3251871678E-05,-0.00061523768818,5.90035,5.90035
5.90045,1.3262720131E-05,-0.000424400699558,5.90045,5.90045
5.90055,1.3251126802E-05,-0.000585120345932,5.90055,5.90055
5.90065,1.3247555216E-05,-0.000424611818744,5.90065,5.90065
5.90075,1.3280515304E-05,-0.000148067119881,5.90075,5.90075
5.90085,1.3258382751E-05,-0.000240741253947,5.90085,5.90085
5.90095,1.325699759E-05,-2.8864393244E-05,5.90095,5.90095
5.90105,1.3228016542E-05,-0.000129208594444,5.90105,5.90105
5.90115,1.3248708456E-05,-0.000101835605165,5.90115,5.90115
5.90125,1.3228599528E-05,-0.000144548743265,5.90125,5.90125
5.90135,1.3260013475E-05,-0.000376058160327,5.90135,5.90135
5.90145,1.3213286365E-05,-0.000160944386153,5.90145,5.90145
5.90155,1.3209503777E-05,-0.000207879580557,5.90155,5.90155
5.90165,1.3220394976E-05,-0.000328137830365,5.90165,5.90165
5.90175,1.3230153854E-05,-0.000468873040518,5.90175,5.90175
5.90185,1.3245593436E-05,-0.000406879174989,5.90185,5.90185
5.90195,1.3245789887E-05,-3.9067697799E-05,5.90195,5.90195
5.90205,1.3232262972E-05,-7.6855103543E-05,5.90205,5.90205
5.90215,1.3250964912E-05,-5.4759671912E-05,5.90215,5.90215
5.90225,1.3228578609E-05,-0.000311179232085,5.90225,5.90225
5.90235,1.3242225577E-05,-0.000313219905365,5.90235,5.90235
5.90245,1.324456025E-05,-0.000735566252843,5.90245,5.90245
5.90255,1.324117784E-05,-0.000568161718547,5.90255,5.90255
5.90265,1.3225358998E-05,-0.000464088050649,5.90265,5.90265
5.90275,1.323359902E-05,-0.000403290439863,5.90275,5.90275
5.90285,1.3241115084E-05,-0.000493149855174,5.90285,5.90285
5.90295,1.32462892E-05,-0.000295346515486,5.90295,5.90295
5.90305,1.3234765902E-05,-0.0005222116597,5.90305,5.90305
5.90315,1.3271860553E-05,-0.000406105129514,5.90315,5.90315
5.90325,1.3226912415E-05,-0.000500116264448,5.90325,5.90325
5.90335,1.3241255147E-05,-0.000640358892269,5.90335,5.90335
5.90345,1.3245881746E-05,-0.0004243303556,5.90345,5.90345
5.90355,1.3257742467E-05,-0.00048540942953,5.90355,5.90355
5.90365,1.3229584511E-05,-0.000304072105791,5.90365,5.90365
5.90375,1.324657751E-05,-0.000190287682926,5.90375,5.90375
5.90385,1.3256196326E-05,-0.000164955345099,5.90385,5.90385
5.90395,1.3252005374E-05,-0.000362125370884,5.90395,5.90395
5.90405,1.3261722415E-05,-0.000220756861381,5.90405,5.90405
5.90415,1.3255028534E-05,-0.000221108697588,5.90415,5.90415
5.90425,1.326236179E-05,-0.000379295088351,5.90425,5.90425
5.90435,1.3271755051E-05,-0.000410819775425,5.90435,5.90435
5.90445,1.324918594E-05,-0.000357410754077,5.90445,5.90445
5.90455,1.3276466234E-05,-0.000619318976533,5.90455,5.90455
5.90465,1.3266812857E-05,-0.000456417968962,5.90465,5.90465
5.90475,1.325548601E-05,-0.000379787641577,5.90475,5.90475
5.90485,1.3268619114E-05,-0.000571750453673,5.90485,5.90485
5.90495,1.3255127669E-05,-0.000697497394867,5.90495,5.90495
5.90505,1.3250972188E-05,-0.000475557957543,5.90505,5.90505
5.90515,1.3254290934E-05,-0.00038189868792,5.90515,5.90515
5.90525,1.3221365407E-05,-0.000317160476698,5.90525,5.90525
5.90535,1.3264963854E-05,-0.000285072863335,5.90535,5.90535
5.90545,1.325528865E-05,-0.000171288425918,5.90545,5.90545
5.90555,1.3251260498E-05,-0.000428482046118,5.90555,5.90555
5.90565,1.3236762243E-05,-0.000333063566359,5.90565,5.90565
5.90575,1.3256273633E-05,-0.000200279886485,5.90575,5.90575
5.90585,1.324992445E-05,-0.000144126533996,5.90585,5.90585
5.90595,1.3238393876E-05,-0.000340381782735,5.90595,5.90595
5.90605,1.3250458323E-05,-6.4681502408E-05,5.90605,5.90605
5.90615,1.3237310668E-05,9.3645612651E-05,5.90615,5.90615
5.90625,1.3233064237E-05,-0.000103454054624,5.90625,5.90625
5.90635,1.3254796613E-05,-0.000254955521086,5.90635,5.90635
5.90645,1.3279109226E-05,-0.000399912794819,5.90645,5.90645
5.90655,1.3244918591E-05,-0.000100850455055,5.90655,5.90655
5.90665,1.3267776012E-05,-8.1780832261E-05,5.90665,5.90665
5.90675,1.328334929E-05,-0.000137441616971,5.90675,5.90675
5.90685,1.3310488612E-05,-0.000179028866114,5.90685,5.90685
5.90695,1.3270208001E-05,0.000157820861205,5.90695,5.90695
5.90705,1.3275735E-05,-9.4587740023E-05,5.90705,5.90705
5.90715,1.3274335288E-05,2.3418737328E-05,5.90715,5.90715
5.90725,1.3288108676E-05,-0.000153907632921,5.90725,5.90725
5.90735,1.3290035895E-05,-0.000147433805978,5.90735,5.90735
5.90745,1.3269744159E-05,-0.000115135080705,5.90745,5.90745
5.90755,1.326583515E-05,-1.983968332E-06,5.90755,5.90755
5.90765,1.3260948435E-05,-3.7519610487E-05,5.90765,5.90765
5.90775,1.3236473933E-05,-8.3821498265E-05,5.90775,5.90775
5.90785,1.327046175E-05,-2.562748341E-05,5.90785,5.90785
5.90795,1.3273990589E-05,-0.000165588659002,5.90795,5.90795
5.90805,1.3263494111E-05,-0.000209779507713,5.90805,5.90805
5.90815,1.3246929484E-05,-7.8121716797E-05,5.90815,5.90815
5.90825,1.3273232071E-05,-0.000373243470676,5.90825,5.90825
5.90835,1.3288790797E-05,-0.000180576957064,5.90835,5.90835
5.90845,1.3266939277E-05,4.481049109E-05,5.90845,5.90845
5.90855,1.3278940969E-05,2.552976548E-05,5.90855,5.90855
5.90865,1.3270292584E-05,-0.000200279886485,5.90865,5.90865
5.90875,1.3273013792E-05,-5.4618936701E-05,5.90875,5.90875
5.90885,1.3282090549E-05,-4.2867548473E-05,5.90885,5.90885
5.90895,1.3251780729E-05,-6.8270252086E-05,5.90895,5.90895
5.90905,1.3263916117E-05,-0.000232648977544,5.90905,5.90905
5.90915,1.3267515897E-05,-0.000128856758238,5.90915,5.90915
5.90925,1.3248686628E-05,-0.000125408754684,5.90925,5.90925
5.90935,1.3244440197E-05,9.7375093901E-05,5.90935,5.90935
5.90945,1.3243518879E-05,-0.000122945886687,5.90945,5.90945
5.90955,1.3252089957E-05,-0.000342281709891,5.90955,5.90955
5.90965,1.3257103092E-05,-0.000280006381217,5.90965,5.90965
5.90975,1.3252230929E-05,-0.000222516042413,5.90975,5.90975
5.90985,1.3246381059E-05,-0.000149896673975,5.90985,5.90985
5.90995,1.3264681911E-05,-0.000231452737353,5.90995,5.90995
5.91005,1.3268358998E-05,-9.3391492555E-05,5.91005,5.91005
5.91015,1.3241874512E-05,-5.8418787376E-05,5.91015,5.91015
5.91025,1.3225619114E-05,-0.000129278967506,5.91025,5.91025
5.91035,1.322755179E-05,-7.6643998909E-05,5.91035,5.91035
5.91045,1.3251449673E-05,-0.000356918171747,5.91045,5.91045
5.91055,1.3274110643E-05,-0.000143000652315,5.91055,5.91055
5.91065,1.3227208001E-05,-0.000220053174417,5.91065,5.91065
5.91075,1.3267051145E-05,-0.000345448264852,5.91075,5.91075
5.91085,1.3226940609E-05,-0.000405471830163,5.91085,5.91085
5.91095,1.3226511328E-05,-2.1827632736E-05,5.91095,5.91095
5.91105,1.3254438272E-05,-6.3203784521E-05,5.91105,5.91105
5.91115,1.3273963305E-05,-4.04750499E-05,5.91115,5.91115
5.91125,1.3243646208E-05,-0.000112109271868,5.91125,5.91125
5.91135,1.3245052287E-05,-0.000165166449733,5.91135,5.91135
5.91145,1.3243652575E-05,-0.000175440116436,5.91145,5.91145
5.91155,1.3245086848E-05,-0.000192891282495,5.91155,5.91155
5.91165,1.3244166439E-05,0.000128618310555,5.91165,5.91165
5.91175,1.3250753909E-05,-2.3938660888E-05,5.91175,5.91175
5.91185,1.3245305126E-05,-0.000138356394018,5.91185,5.91185
5.91195,1.3260062588E-05,-0.000127519771922,5.91195,5.91195
5.91205,1.3255373233E-05,-0.000142719174619,5.91205,5.91205
5.91215,1.3264885638E-05,8.4005245299E-05,5.91215,5.91215
5.91225,1.3275685887E-05,-0.000315823504934,5.91225,5.91225
5.91235,1.3254093574E-05,-0.000278176827123,5.91235,5.91235
5.91245,1.3283897715E-05,-0.000116823903227,5.91245,5.91245
5.91255,1.3272529031E-05,-0.000358255172614,5.91255,5.91255
5.91265,1.3253643374E-05,-0.000162562850164,5.91265,5.91265
5.91275,1.3223650058E-05,-6.0881655372E-05,5.91275,5.91275
5.91285,1.3245607079E-05,-0.000262766319793,5.91285,5.91285
5.91295,1.3257067621E-05,-0.000138567498652,5.91295,5.91295
5.91305,1.3230968761E-05,-2.1686897526E-05,5.91305,5.91305
5.91315,1.3243386093E-05,-0.000120412652905,5.91315,5.91315
5.91325,1.3273364857E-05,-0.000392735295463,5.91325,5.91325
5.91335,1.3247091374E-05,-0.00016446277732,5.91335,5.91335
5.91345,1.3261236745E-05,4.2066152673E-05,5.91345,5.91345
5.91355,1.3260379092E-05,8.5201492766E-05,5.91355,5.91355
5.91365,1.3256273633E-05,4.9806589232E-05,5.91365,5.91365
5.91375,1.3255014892E-05,-3.4212331229E-05,5.91375,5.91375
5.91385,1.3274173398E-05,0.000103778547782,5.91385,5.91385
5.91395,1.3265708731E-05,4.3754975195E-05,5.91395,5.91395
5.91405,1.327271184E-05,9.5264062111E-05,5.91405,5.91405
5.91415,1.3274813682E-05,9.8289870948E-05,5.91415,5.91415
5.91425,1.3241613487E-05,-0.000121116325317,5.91425,5.91425
5.91435,1.3260280866E-05,-7.3336719652E-05,5.91435,5.91435
5.91445,1.3238252905E-05,8.4920022346E-05,5.91445,5.91445
5.91455,1.3255303202E-05,-0.000259177584667,5.91455,5.91455
5.91465,1.3252828467E-05,0.000124466620036,5.91465,5.91465
5.91475,1.3246050003E-05,-4.6667399147E-05,5.91475,5.91475
5.91485,1.3244089132E-05,-5.293011418E-05,5.91485,5.91485
5.91495,1.327013797E-05,-0.00012519765005,5.91495,5.91495
5.91505,1.3269617739E-05,0.000154513589223,5.91505,5.91505
5.91515,1.3261532331E-05,0.00030123005854,5.91515,5.91515
5.91525,1.3258467334E-05,-9.4235903816E-05,5.91525,5.91525
5.91535,1.3244194633E-05,-1.1553962395E-05,5.91535,5.91535
5.91545,1.3233964637E-05,-0.000128082712763,5.91545,5.91545
5.91555,1.3229794604E-05,-0.000282187771518,5.91555,5.91555
5.91565,1.3228423995E-05,2.1800282411E-05,5.91565,5.91565
5.91575,1.3258882063E-05,-0.000390835368307,5.91575,5.91575
5.91585,1.324828645E-05,-0.000245455885306,5.91585,5.91585
5.91595,1.3266439964E-05,-0.000392453803215,5.91595,5.91595
5.91605,1.3249453332E-05,-0.000305409077555,5.91605,5.91605
5.91615,1.323179913E-05,-0.000142156233778,5.91615,5.91615
5.91625,1.3244946786E-05,1.6593079636E-05,5.91625,5.91625
5.91635,1.3246492927E-05,0.000112644862384,5.91635,5.91635
5.91645,1.3255682461E-05,0.000113630012493,5.91645,5.91645
5.91655,1.3249080439E-05,0.000132136687171,5.91655,5.91655
5.91665,1.3234513062E-05,-2.0842486265E-05,5.91665,5.91665
5.91675,1.3256076272E-05,8.9423556346E-05,5.91675,5.91675
5.91685,1.3243146896E-05,-3.1256891816E-05,5.91685,5.91685
5.91695,1.3235145161E-05,-1.676116517E-05,5.91695,5.91695
5.91705,1.323331071E-05,9.8712080217E-05,5.91705,5.91705
5.91715,1.3242935893E-05,-0.000243274495006,5.91715,5.91715
5.91725,1.3232642232E-05,-0.000194509746507,5.91725,5.91725
5.91735,1.3231215235E-05,4.466975588E-05,5.91735,5.91735
5.91745,1.3238576685E-05,-5.4196731071E-05,5.91745,5.91745
5.91755,1.3250346456E-05,-0.000185643424629,5.91755,5.91755
5.91765,1.3257004866E-05,-0.000417997245677,5.91765,5.91765
5.91775,1.3246957678E-05,-0.000273040001048,5.91775,5.91775
5.91785,1.3248925825E-05,-0.000277613871731,5.91785,5.91785
5.91795,1.3248546566E-05,-0.000265088456217,5.91795,5.91795
5.91805,1.3220233086E-05,-0.000205768563319,5.91805,5.91805
5.91815,1.3235848201E-05,-0.000443259224994,5.91815,5.91815
5.91825,1.3263705114E-05,-0.000211327598663,5.91825,5.91825
5.91835,1.3257876162E-05,-0.000312586576911,5.91835,5.91835
5.91845,1.3245235095E-05,-0.000240670895437,5.91845,5.91845
5.91855,1.3257806131E-05,-0.000364447507309,5.91855,5.91855
5.91865,1.3257644241E-05,-0.000460780749563,5.91865,5.91865
5.91875,1.3256954844E-05,-0.000649858498946,5.91875,5.91875
5.91885,1.3223220776E-05,-0.000302875851048,5.91885,5.91885
5.91895,1.3270384443E-05,-0.000416589900851,5.91895,5.91895
5.91905,1.3266095266E-05,-0.000286620925181,5.91905,5.91905
5.91915,1.3288228729E-05,-0.000284650654066,5.91915,5.91915
5.91925,1.3267655959E-05,-0.00031723084976,5.91925,5.91925
5.91935,1.3261532331E-05,-0.000372258306015,5.91935,5.91935
5.91945,1.3235616279E-05,-0.000109576038085,5.91945,5.91945
5.91955,1.3242555724E-05,-0.000270506745437,5.91955,5.91955
5.91965,1.3252504687E-05,-6.8410990934E-05,5.91965,5.91965
5.91975,1.3224845134E-05,-0.000223853028729,5.91975,5.91975
5.91985,1.3226356714E-05,-0.000278458290268,5.91985,5.91985
5.91995,1.3233718164E-05,-0.000349388836185,5.91995,5.91995
5.92005,1.3236565792E-05,-0.000247637275606,5.92005,5.92005
5.92015,1.3263213077E-05,-0.000278387917206,5.92015,5.92015
5.92025,1.3226694136E-05,-4.061578511E-05,5.92025,5.92025
5.92035,1.326653819E-05,-0.000153837259859,5.92035,5.92035
5.92045,1.3248996765E-05,-0.000336511584464,5.92045,5.92045
5.92055,1.3235996448E-05,-0.000387739186408,5.92055,5.92055
5.92065,1.3240840417E-05,-0.000469998922199,5.92065,5.92065
5.92075,1.3227453564E-05,-0.000678427750245,5.92075,5.92075
5.92085,1.322549906E-05,-0.000368739943951,5.92085,5.92085
5.92095,1.3218580534E-05,-0.000338481855579,5.92095,5.92095
5.92105,1.3216795196E-05,-0.00052594114095,5.92105,5.92105
5.92115,1.3241290617E-05,-0.00043720760732,5.92115,5.92115
5.92125,1.3220380424E-05,-0.000391327921534,5.92125,5.92125
5.92135,1.321257605E-05,-0.000341578037478,5.92135,5.92135
5.92145,1.3223340829E-05,-0.00044297776185,5.92145,5.92145
5.92155,1.3231046978E-05,-0.000567528419197,5.92155,5.92155
5.92165,1.3239603504E-05,-0.000619600468781,5.92165,5.92165
5.92175,1.3241156921E-05,-0.000473095104098,5.92175,5.92175
5.92185,1.3219980247E-05,-0.000331374729285,5.92185,5.92185
5.92195,1.3208006749E-05,-0.000229060227866,5.92195,5.92195
5.92205,1.3227208001E-05,-0.000225049283472,5.92205,5.92205
5.92215,1.3276796381E-05,-0.000554791884497,5.92215,5.92215
5.92225,1.3262094399E-05,-0.000631140719634,5.92225,5.92225
5.92235,1.3237106941E-05,-0.000317582685966,5.92235,5.92235
5.92245,1.3242591194E-05,-0.00036508080666,5.92245,5.92245
5.92255,1.3232607671E-05,-0.000302594387904,5.92255,5.92255
5.92265,1.3231398043E-05,-0.000309138558805,5.92265,5.92265
5.92275,1.3192953702E-05,-0.000457966059912,5.92275,5.92275
5.92285,1.3202909031E-05,-0.000394353730371,5.92285,5.92285
5.92295,1.3218574168E-05,-0.000593212607782,5.92295,5.92295
5.92305,1.3203675735E-05,-0.000584979599807,5.92305,5.92305
5.92315,1.3181907889E-05,-0.000519467343111,5.92315,5.92315
5.92325,1.3194795429E-05,-0.000530655786861,5.92325,5.92325
5.92335,1.3205903997E-05,-0.000602430780418,5.92335,5.92335
5.92345,1.3189142919E-05,-0.00043565951637,5.92345,5.92345
5.92355,1.3208414202E-05,-0.000507856719196,5.92355,5.92355
5.92365,1.3219368157E-05,-0.000385839259252,5.92365,5.92365
5.92375,1.3209974895E-05,-0.000257418374531,5.92375,5.92375
5.92385,1.3205643882E-05,-0.000222938251682,5.92385,5.92385
5.92395,1.323851302E-05,-4.1671297367E-05,5.92395,5.92395
5.92405,1.3242500245E-05,-7.1014590503E-05,5.92405,5.92405
5.92415,1.3225449948E-05,8.3934879513E-05,5.92415,5.92415
5.92425,1.3255211343E-05,2.067440073E-05,5.92425,5.92425
5.92435,1.3257636965E-05,-8.0795689428E-05,5.92435,5.92435
5.92445,1.3260962987E-05,-1.0357713109E-05,5.92445,5.92445
5.92455,1.3226876945E-05,-0.000302735104924,5.92455,5.92455
5.92465,1.3230504919E-05,-0.000142578443047,5.92465,5.92465
5.92475,1.321691434E-05,8.4286715719E-05,5.92475,5.92475
5.92485,1.3219311768E-05,-0.000117105373647,5.92485,5.92485
5.92495,1.3216232219E-05,-1.6972267986E-05,5.92495,5.92495
5.92505,1.3250887605E-05,-0.000424893281888,5.92505,5.92505
5.92515,1.3239279724E-05,-2.6120056646E-05,5.92515,5.92515
5.92525,1.3231861885E-05,-9.6206196758E-05,5.92525,5.92525
5.92535,1.3234407561E-05,-7.8192082583E-05,5.92535,5.92535
5.92545,1.3204737115E-05,3.8125566789E-05,5.92545,5.92545
5.92555,1.3267480426E-05,-6.5596286731E-05,5.92555,5.92555
5.92565,1.323106062E-05,0.00012038530258,5.92565,5.92565
5.92575,1.3225429029E-05,6.0572834627E-05,5.92575,5.92575
5.92585,1.3235461665E-05,0.000143114040839,5.92585,5.92585
5.92595,1.3241965462E-05,0.000125873979414,5.92595,5.92595
5.92605,1.319772764E-05,0.000257531763054,5.92605,5.92605
5.92615,1.3226497686E-05,0.000309251947328,5.92615,5.92615
5.92625,1.3218355889E-05,5.7687761E-05,5.92625,5.92625
5.92635,1.3202213268E-05,0.000134388450533,5.92635,5.92635
5.92645,1.3236966879E-05,-0.000391961249989,5.92645,5.92645
5.92655,1.3232410311E-05,-0.000206753698876,5.92655,5.92655
5.92665,1.3223059796E-05,6.1628350522E-05,5.92665,5.92665
5.92675,1.3226842384E-05,-0.000184165706742,5.92675,5.92675
5.92685,1.3224894246E-05,-0.000161296222359,5.92685,5.92685
5.92695,1.3214060345E-05,0.000180831077159,5.92695,5.92695
5.92705,1.31834895E-05,0.000201800619834,5.92705,5.92705
5.92715,1.3216957086E-05,-0.000164884972037,5.92715,5.92715
5.92725,1.3222707821E-05,-0.000239756103838,5.92725,5.92725
5.92735,1.3207310076E-05,0.000225021925871,5.92735,5.92735
5.92745,1.3213821148E-05,-0.000371554633602,5.92745,5.92745
5.92755,1.3205981304E-05,-0.000381476478651,5.92755,5.92755
5.92765,1.3214277715E-05,-0.000541703484487,5.92765,5.92765
5.92775,1.3200244211E-05,-0.000261921901256,5.92775,5.92775
5.92785,1.3205813048E-05,-0.00024932611268,5.92785,5.92785
5.92795,1.321855234E-05,-0.000246933603194,5.92795,5.92795
5.92805,1.3228480384E-05,-0.000307097914629,5.92805,5.92805
5.92815,1.3205692994E-05,-0.000132586239488,5.92815,5.92815
5.92825,1.321929085E-05,-7.221083797E-05,5.92825,5.92825
5.92835,1.3231573575E-05,-0.000222727147047,5.92835,5.92835
5.92845,1.3232775927E-05,-0.000411453074776,5.92845,5.92845
5.92855,1.3238970496E-05,-0.000598841987085,5.92855,5.92855
5.92865,1.3235764527E-05,-0.000307942333166,5.92865,5.92865
5.92875,1.3245318769E-05,-0.000240530149313,5.92875,5.92875
5.92885,1.3222019334E-05,-0.000182054674951,5.92885,5.92885
5.92895,1.3237240637E-05,-3.491600728E-05,5.92895,5.92895
5.92905,1.3217786545E-05,9.969722305E-05,5.92905,5.92905
5.92915,1.3219143511E-05,0.000113981848699,5.92915,5.92915
5.92925,1.3235321603E-05,0.000214959363802,5.92925,5.92925
5.92935,1.3244229194E-05,-9.654037058E-06,5.92935,5.92935
5.92945,1.3229626347E-05,-0.000259740510955,5.92945,5.92945
5.92955,1.3235208826E-05,5.5928572692E-05,5.92955,5.92955
5.92965,1.3220036635E-05,-0.000213086794247,5.92965,5.92965
5.92975,1.3233226127E-05,-0.000272617791779,5.92975,5.92975
5.92985,1.32191999E-05,-0.000138356394018,5.92985,5.92985
5.92995,1.3236418454E-05,-0.000254251848673,5.92995,5.92995
5.93005,1.3225393559E-05,-0.000145463520312,5.93005,5.93005
5.93015,1.3216358639E-05,-0.000516582280397,5.93015,5.93015
5.93025,1.319715102E-05,-0.000349529582309,5.93025,5.93025
5.93035,1.3212217709E-05,-0.000366840016795,5.93035,5.93035
5.93045,1.3230033801E-05,-0.000398646167014,5.93045,5.93045
5.93055,1.3209081771E-05,6.7891065555E-05,5.93055,5.93055
5.93065,1.3225098883E-05,-5.1170925872E-05,5.93065,5.93065
5.93075,1.3231271623E-05,-0.000146167192725,5.93075,5.93075
5.93085,1.3217969354E-05,-0.000120271914057,5.93085,5.93085
5.93095,1.3227453564E-05,0.000374201248633,5.93095,5.93095
5.93105,1.3222285816E-05,-0.000148841165355,5.93105,5.93105
5.93115,1.324150162E-05,-0.00035860700882,5.93115,5.93115
5.93125,1.3235721781E-05,-0.000109857508505,5.93125,5.93125
5.93135,1.3196960936E-05,-0.000276136153843,5.93135,5.93135
5.93145,1.3212780686E-05,-0.000308294169372,5.93145,5.93145
5.93155,1.3229921933E-05,-3.146799645E-05,5.93155,5.93155
5.93165,1.3239849068E-05,-4.6737764933E-05,5.93165,5.93165
5.93175,1.3218468666E-05,-7.5447751442E-05,5.93175,5.93175
5.93185,1.3243160538E-05,-6.0529815528E-05,5.93185,5.93185
5.93195,1.3249108633E-05,-0.000142296979902,5.93195,5.93195
5.93205,1.326628535E-05,-0.000147152342834,5.93205,5.93205
5.93215,1.3247808056E-05,-0.000241093090153,5.93215,5.93215
5.93225,1.3237086023E-05,-0.000135612048325,5.93225,5.93225
5.93235,1.3236081031E-05,-0.000156018664711,5.93235,5.93235
5.93245,1.3248652067E-05,-0.000201757604373,5.93245,5.93245
5.93255,1.3228951502E-05,-0.000280850799754,5.93255,5.93255
5.93265,1.3243069588E-05,1.0048892364E-05,5.93265,5.93265
5.93275,1.3226377632E-05,-9.3672962976E-05,5.93275,5.93275
5.93285,1.3228269381E-05,-0.00029330587131,5.93285,5.93285
5.93295,1.3229190699E-05,-0.000511515827384,5.93295,5.93295
5.93305,1.3221850168E-05,-0.000340381782735,5.93305,5.93305
5.93315,1.3195885003E-05,-0.000343407591572,5.93315,5.93315
5.93325,1.3240320186E-05,-0.000366840016795,5.93325,5.93325
5.93335,1.3241733541E-05,-0.00018254724273,5.93335,5.93335
5.93345,1.3246381059E-05,-6.698598099E-06,5.93345,5.93345
5.93355,1.3242380192E-05,-0.000123719932162,5.93355,5.93355
5.93365,1.3219530047E-05,-0.00018036585243,5.93365,5.93365
5.93375,1.3222658708E-05,-0.000235463681747,5.93375,5.93375
5.93385,1.3230772311E-05,-0.000176847475814,5.93385,5.93385
5.93395,1.3216774278E-05,-8.4595536464E-05,5.93395,5.93395
5.93405,1.3226384908E-05,0.000121440811199,5.93405,5.93405
5.93415,1.3247456991E-05,3.997278327E-06,5.93415,5.93415
5.93425,1.3242084606E-05,7.1550181019E-05,5.93425,5.93425
5.93435,1.3253060388E-05,-0.000216182961594,5.93435,5.93435
5.93445,1.3204617971E-05,8.5060761194E-05,5.93445,5.93445
5.93455,1.3230041077E-05,3.2003586966E-05,5.93455,5.93455
5.93465,1.3210404177E-05,4.3895710405E-05,5.93465,5.93465
5.93475,1.3214833416E-05,1.1034038835E-05,5.93475,5.93475
5.93485,1.3223769201E-05,-9.0436049504E-05,5.93485,5.93485
5.93495,1.3201467482E-05,-8.3258557424E-05,5.93495,5.93495
5.93505,1.3210853467E-05,-0.000174736444023,5.93505,5.93505
5.93515,1.3243062313E-05,-0.000462399213575,5.93515,5.93515
5.93525,1.3238112842E-05,-0.000379435805371,5.93525,5.93525
5.93535,1.3199471141E-05,-0.000335948629072,5.93535,5.93535
5.93545,1.32388368E-05,-0.000506660435349,5.93545,5.93545
5.93555,1.322402295E-05,-0.000184869379154,5.93555,5.93555
5.93565,1.3248237337E-05,-0.000342492829077,5.93565,5.93565
5.93575,1.3247941752E-05,-0.000427074672189,5.93575,5.93575
5.93585,1.3255759768E-05,-3.1397627026E-05,5.93585,5.93585
5.93595,1.3245312402E-05,-0.000103172584204,5.93595,5.93595
5.93605,1.3257271348E-05,6.2965329562E-05,5.93605,5.93605
5.93615,1.3255254089E-05,8.8649510872E-05,5.93615,5.93615
5.93625,1.3280290659E-05,-6.665179535E-05,5.93625,5.93625
5.93635,1.3257342289E-05,-1.1553962395E-05,5.93635,5.93635
5.93645,1.3212583326E-05,9.1886417067E-05,5.93645,5.93645
5.93655,1.3230202967E-05,-0.000207668475923,5.93655,5.93655
5.93665,1.3229809156E-05,-0.000359592144378,5.93665,5.93665
5.93675,1.3232818674E-05,-0.000292320706649,5.93675,5.93675
5.93685,1.3267227587E-05,-0.000231311991229,5.93685,5.93685
5.93695,1.3253094949E-05,-0.000381476478651,5.93695,5.93695
5.93705,1.3252378267E-05,-0.000153977991431,5.93705,5.93705
5.93715,1.3245256014E-05,5.5154527217E-05,5.93715,5.93715
5.93725,1.328077542E-05,-0.000316316058161,5.93725,5.93725
5.93735,1.3257630599E-05,-0.000240248686168,5.93735,5.93735
5.93745,1.3241972738E-05,3.1370276702E-05,5.93745,5.93745
5.93755,1.3220816982E-05,7.5209296483E-05,5.93755,5.93755
5.93765,1.3227165255E-05,-0.00017135879898,5.93765,5.93765
5.93775,1.3250542906E-05,-4.378232552E-05,5.93775,5.93775
5.93785,1.3245248738E-05,-3.743158459E-06,5.93785,5.93785
5.93795,1.3266355381E-05,-0.000172132844455,5.93795,5.93795
5.93805,1.3251998098E-05,-0.000187965546502,5.93805,5.93805
5.93815,1.3239258806E-05,-0.000305901659885,5.93815,5.93815
5.93825,1.3255858903E-05,-0.000414971465943,5.93825,5.93825
5.93835,1.3240299268E-05,-0.000587301736232,5.93835,5.93835
5.93845,1.3231067896E-05,-0.000561828666832,5.93845,5.93845
5.93855,1.3236390259E-05,-7.5588483014E-05,5.93855,5.93855
5.93865,1.3251323253E-05,-0.000257559120655,5.93865,5.93865
5.93875,1.3274968296E-05,-0.000404416321544,5.93875,5.93875
5.93885,1.3246620256E-05,-0.000261218228843,5.93885,5.93885
5.93895,1.3247287825E-05,0.000108563544927,5.93895,5.93895
5.93905,1.3223586393E-05,2.5740868296E-05,5.93905,5.93905
5.93915,1.3245578884E-05,-0.000186347097042,5.93915,5.93915
5.93925,1.320762658E-05,-0.000333063566359,5.93925,5.93925
5.93935,1.3212752492E-05,-0.000452195905382,5.93935,5.93935
5.93945,1.3228725948E-05,-0.000429607927799,5.93945,5.93945
5.93955,1.3250753909E-05,-0.000181139897904,5.93955,5.93955
5.93965,1.3203380149E-05,-0.000336441211402,5.93965,5.93965
5.93975,1.3229204342E-05,-8.7410240667E-05,5.93975,5.93975
5.93985,1.3218889762E-05,7.7812896052E-05,5.93985,5.93985
5.93995,1.3199921341E-05,-0.00025319631095,5.93995,5.93995
5.94005,1.3199168279E-05,3.2777628803E-05,5.94005,5.94005
5.94015,1.3213701095E-05,3.4888656955E-05,5.94015,5.94015
5.94025,1.3213595594E-05,0.000295037694741,5.94025,5.94025
5.94035,1.3231299818E-05,-9.6980234957E-05,5.94035,5.94035
5.94045,1.3210516045E-05,-0.000157214904903,5.94045,5.94045
5.94055,1.3211416444E-05,5.8461806475E-05,5.94055,5.94055
5.94065,1.3193213817E-05,-0.000280921172816,5.94065,5.94065
5.94075,1.3185971511E-05,-0.000174525339389,5.94075,5.94075
5.94085,1.3204688003E-05,-0.000342000246746,5.94085,5.94085
5.94095,1.3241628039E-05,-0.000720085401554,5.94095,5.94095
5.94105,1.3211669284E-05,-0.000256503612036,5.94105,5.94105
5.94115,1.3244419279E-05,-0.000301046296954,5.94115,5.94115
5.94125,1.3255542399E-05,-1.9083296138E-05,5.94125,5.94125
5.94135,1.3209933059E-05,-1.4790872228E-05,5.94135,5.94135
5.94145,1.3223348105E-05,7.797129001E-06,5.94145,5.94145
5.94155,1.3222855159E-05,-7.7066200902E-05,5.94155,5.94155
5.94165,1.3245417904E-05,-0.000269732699962,5.94165,5.94165
5.94175,1.3202458831E-05,-0.000304986868287,5.94175,5.94175
5.94185,1.3247470633E-05,-0.00012308661826,5.94185,5.94185
5.94195,1.3254839359E-05,-0.00015496314154,5.94195,5.94195
5.94205,1.327942573E-05,-0.000174947548658,5.94205,5.94205
5.94215,1.3244707588E-05,-9.2617447081E-05,5.94215,5.94215
5.94225,1.3228958778E-05,-0.000202320545213,5.94225,5.94225
5.94235,1.3284297893E-05,-3.8082551328E-05,5.94235,5.94235
5.94245,1.3254142686E-05,-0.000197676286916,5.94245,5.94245
5.94255,1.3245642549E-05,-0.000144126533996,5.94255,5.94255
5.94265,1.3246542949E-05,-0.000113798094389,5.94265,5.94265
5.94275,1.3245382434E-05,-8.598522982E-06,5.94275,5.94275
5.94285,1.3230476725E-05,-0.000162562850164,5.94285,5.94285
5.94295,1.3264604604E-05,-0.000184236065252,5.94295,5.94295
5.94305,1.3264204426E-05,-0.00040476815775,5.94305,5.94305
5.94315,1.3222342204E-05,-0.000144126533996,5.94315,5.94315
5.94325,1.3227777345E-05,-0.000221319802222,5.94325,5.94325
5.94335,1.3280473468E-05,-1.9153663743E-05,5.94335,5.94335
5.94345,1.3250184566E-05,0.000107015453978,5.94345,5.94345
5.94355,1.3227770069E-05,-8.739258192E-06,5.94355,5.94355
5.94365,1.3245635273E-05,-0.000379928387702,5.94365,5.94365
5.94375,1.3256251805E-05,-0.000245033676038,5.94375,5.94375
5.94385,1.3238717656E-05,-0.000338904064847,5.94385,5.94385
5.94395,1.322386106E-05,-0.000181280629477,5.94395,5.94395
5.94405,1.3238281099E-05,-0.000252492638538,5.94405,5.94405
5.94415,1.3248194591E-05,-0.000422852637712,5.94415,5.94415
5.94425,1.3247435163E-05,-0.000309138558805,5.94425,5.94425
5.94435,1.3236945051E-05,-0.000249677948887,5.94435,5.94435
5.94445,1.3266530914E-05,-0.00031617534114,5.94445,5.94445
5.94455,1.3256688362E-05,-0.00015341505059,5.94455,5.94455
5.94465,1.3237121493E-05,0.00014212889073,5.94465,5.94465
5.94475,1.3213307284E-05,5.8039600844E-05,5.94475,5.94475
5.94485,1.3253130419E-05,4.2066152673E-05,5.94485,5.94485
5.94495,1.324947425E-05,4.2136522097E-05,5.94495,5.94495
5.94505,1.3229816432E-05,-0.000137441616971,5.94505,5.94505
5.94515,1.3237106941E-05,-9.794772268E-06,5.94515,5.94515
5.94525,1.3256266357E-05,0.000157820861205,5.94525,5.94525
5.94535,1.324096047E-05,4.0236594941E-05,5.94535,5.94535
5.94545,1.3255640624E-05,-1.5776018699E-05,5.94545,5.94545
5.94555,1.3232403944E-05,6.2402388721E-05,5.94555,5.94555
5.94565,1.3249270523E-05,-1.6127856725E-05,5.94565,5.94565
5.94575,1.324574805E-05,0.000164505792782,5.94575,5.94575
5.94585,1.3252455574E-05,0.000404811173212,5.94585,5.94585
5.94595,1.3266601854E-05,0.000240362074692,5.94595,5.94595
5.94605,1.3252237295E-05,-0.000110561188194,5.94605,5.94605
5.94615,1.3240953194E-05,-8.1006794062E-05,5.94615,5.94615
5.94625,1.3258593754E-05,1.152661207E-05,5.94625,5.94625
5.94635,1.3272971955E-05,1.5537565559E-05,5.94635,5.94635
5.94645,1.3260090782E-05,9.2308626336E-05,5.94645,5.94645
5.94655,1.3239849068E-05,-2.6401527066E-05,5.94655,5.94655
5.94665,1.3255661543E-05,-0.000177128938958,5.94665,5.94665
5.94675,1.3231784578E-05,2.2380882E-06,5.94675,5.94675
5.94685,1.3258305444E-05,-6.4329666202E-05,5.94685,5.94685
5.94695,1.3261321328E-05,-0.000261992274318,5.94695,5.94695
5.94705,1.3237909116E-05,-0.000228989869356,5.94705,5.94705
5.94715,1.3233612663E-05,-6.135657259E-06,5.94715,5.94715
5.94725,1.3252652025E-05,-0.000157566741109,5.94725,5.94725
5.94735,1.3248763935E-05,-0.000288661598461,5.94735,5.94735
5.94745,1.3247259631E-05,-0.00022343081946,5.94745,5.94745
5.94755,1.323433662E-05,-0.000346222310327,5.94755,5.94755
5.94765,1.3233422578E-05,3.293602276E-06,5.94765,5.94765
5.94775,1.3261609638E-05,0.000110604203655,5.94775,5.94775
5.94785,1.3240214685E-05,0.000221925758524,5.94785,5.94785
5.94795,1.3270243471E-05,0.000181042181794,5.94795,5.94795
5.94805,1.3257236787E-05,0.000236491847318,5.94805,5.94805
5.94815,1.3275846868E-05,0.000153387707542,5.94815,5.94815
5.94825,1.327541122E-05,0.000105115526821,5.94825,5.94825
5.94835,1.3277161997E-05,0.000158946742886,5.94835,5.94835
5.94845,1.3272936485E-05,8.4779290773E-05,5.94845,5.94845
5.94855,1.3284235138E-05,0.000230229139561,5.94855,5.94855
5.94865,1.3261370441E-05,-6.235937326E-05,5.94865,5.94865
5.94875,1.3276261598E-05,9.2449357908E-05,5.94875,5.94875
5.94885,1.3251555174E-05,-2.5064542569E-05,5.94885,5.94885
5.94895,1.3238456631E-05,0.000404951890232,5.94895,5.94895
5.94905,1.3257348655E-05,0.000373638322344,5.94905,5.94905
5.94915,1.326849997E-05,-0.00015869262279,5.94915,5.94915
5.94925,1.3252497411E-05,6.3809740823E-05,5.94925,5.94925
5.94935,1.3250395568E-05,0.000113137437438,5.94935,5.94935
5.94945,1.3261384993E-05,0.00012249633437,5.94945,5.94945
5.94955,1.324166351E-05,6.3246799982E-05,5.94955,5.94955
5.94965,1.3244890397E-05,-0.000155174246174,5.94965,5.94965
5.94975,1.3213357306E-05,-0.000337285600835,5.94975,5.94975
5.94985,1.3246880371E-05,-0.000134486166644,5.94985,5.94985
5.94995,1.3253861653E-05,0.000214959363802,5.94995,5.94995
5.95005,1.3227074305E-05,0.000135443973704,5.95005,5.95005
5.95015,1.325725043E-05,0.000176257177372,5.95015,5.95015
5.95025,1.322206117E-05,-8.3962229837E-05,5.95025,5.95025
5.95035,1.3214777027E-05,-0.000237785818172,5.95035,5.95035
5.95045,1.3226223018E-05,-4.6808134357E-05,5.95045,5.95045
5.95055,1.3235046936E-05,-0.00017297724844,5.95055,5.95055
5.95065,1.3223945643E-05,7.2183487646E-05,5.95065,5.95065
5.95075,1.323009019E-05,9.837789548E-06,5.95075,5.95075
5.95085,1.3241115084E-05,-5.5815187807E-05,5.95085,5.95085
5.95095,1.3280297935E-05,0.000254435581155,5.95095,5.95095
5.95105,1.3242443856E-05,6.2402388721E-05,5.95105,5.95105
5.95115,1.3237114217E-05,0.000311151874484,5.95115,5.95115
5.95125,1.3245346963E-05,0.000242332360358,5.95125,5.95125
5.95135,1.3232319361E-05,-1.632130193E-06,5.95135,5.95135
5.95145,1.3235448023E-05,0.000103567443148,5.95145,5.95145
5.95155,1.3260801097E-05,0.000305522466078,5.95155,5.95155
5.95165,1.3265301277E-05,0.000195819375222,5.95165,5.95165
5.95175,1.3237114217E-05,0.000200745111215,5.95175,5.95175
5.95185,1.3232115634E-05,1.112206405E-06,5.95185,5.95185
5.95195,1.3224367649E-05,5.9446952946E-05,5.95195,5.95195
5.95205,1.3237690837E-05,0.000372723530745,5.95205,5.95205
5.95215,1.3238372958E-05,0.000397070718464,5.95215,5.95215
5.95225,1.3231292542E-05,-0.000107042804302,5.95225,5.95225
5.95235,1.3259809748E-05,-0.00032891187584,5.95235,5.95235
5.95245,1.3238422071E-05,-0.000101694866316,5.95245,5.95245
5.95255,1.3245206901E-05,-0.000152359541971,5.95255,5.95255
5.95265,1.3238822248E-05,-0.000293165125186,5.95265,5.95265
5.95275,1.3236643099E-05,-0.000226315896725,5.95275,5.95275
5.95285,1.3262551875E-05,-0.000293868797598,5.95285,5.95285
5.95295,1.3241206034E-05,5.49265565E-07,5.95295,5.95295
5.95305,1.3243371541E-05,-0.000416801020037,5.95305,5.95305
5.95315,1.3258256331E-05,-5.3563424444E-05,5.95315,5.95315
5.95325,1.324738605E-05,-9.0858258773E-05,5.95325,5.95325
5.95335,1.3254325495E-05,5.9658053942E-05,5.95335,5.95335
5.95345,1.3229626347E-05,-6.3907464209E-05,5.95345,5.95345
5.95355,1.3257348655E-05,-0.000112038906082,5.95355,5.95355
5.95365,1.323160177E-05,-0.000169599603396,5.95365,5.95365
5.95375,1.3239075997E-05,-0.000242148613324,5.95375,5.95375
5.95385,1.3232494894E-05,-0.000153203960508,5.95385,5.95385
5.95395,1.3229119759E-05,-9.9372737168E-05,5.95395,5.95395
5.95405,1.3226919691E-05,0.000145436162711,5.95405,5.95405
5.95415,1.3240291992E-05,-0.000117246105219,5.95415,5.95415
5.95425,1.3247990864E-05,-0.000131389999297,5.95425,5.95425
5.95435,1.3237515304E-05,-6.4962972829E-05,5.95435,5.95435
5.95445,1.3244587535E-05,-9.7050608019E-05,5.95445,5.95445
5.95455,1.3227960153E-05,9.2871567176E-05,5.95455,5.95455
5.95465,1.3247203242E-05,9.0549438028E-05,5.95465,5.95465
5.95475,1.3240531189E-05,-0.000215620020754,5.95475,5.95475
5.95485,1.3246261005E-05,1.581903598E-05,5.95485,5.95485
5.95495,1.3276255231E-05,-3.3297554182E-05,5.95495,5.95495
5.95505,1.3244573893E-05,-0.000149967047037,5.95505,5.95505
5.95515,1.3252638382E-05,-0.000434674380813,5.95515,5.95515
5.95525,1.3261455024E-05,-0.000538325868547,5.95525,5.95525
5.95535,1.3219993889E-05,-0.000134556539706,5.95535,5.95535
5.95545,1.3235602637E-05,-0.000133289926453,5.95545,5.95545
5.95555,1.3241852685E-05,-0.000359732890502,5.95555,5.95555
5.95565,1.3237078747E-05,-0.000215620020754,5.95565,5.95565
5.95575,1.3259057596E-05,-4.8145117034E-05,5.95575,5.95575
5.95585,1.3247849893E-05,-0.000183673124411,5.95585,5.95585
5.95595,1.3273386685E-05,-0.000136174989166,5.95595,5.95595
5.95605,1.3238738575E-05,-0.000160029609106,5.95605,5.95605
5.95615,1.3231369849E-05,-0.00036508080666,5.95615,5.95615
5.95625,1.3252764802E-05,-3.2804979128E-05,5.95625,5.95625
5.95635,1.3266242604E-05,-2.6542262276E-05,5.95635,5.95635
5.95645,1.3242063687E-05,-1.2398373656E-05,5.95645,5.95645
5.95655,1.3252476492E-05,-4.8215486459E-05,5.95655,5.95655
5.95665,1.3268886505E-05,-5.5533717386E-05,5.95665,5.95665
5.95675,1.3269645933E-05,-0.000203587158467,5.95675,5.95675
5.95685,1.3235138795E-05,-0.0004361520987,5.95685,5.95685
5.95695,1.3231960111E-05,-0.000313430995448,5.95695,5.95695
5.95705,1.3254459191E-05,-0.000299990788335,5.95705,5.95705
5.95715,1.3256146303E-05,-0.000263821828412,5.95715,5.95715
5.95725,1.3222834241E-05,-0.000231663841987,5.95725,5.95725
5.95735,1.3270208001E-05,-0.000336933764629,5.95735,5.95735
5.95745,1.3230484001E-05,-0.000361421698472,5.95745,5.95745
5.95755,1.3271502212E-05,-0.00058315001661,5.95755,5.95755
5.95765,1.3251070413E-05,-0.000599264225457,5.95765,5.95765
5.95775,1.3275530364E-05,-0.000336089375196,5.95775,5.95775
5.95785,1.326612346E-05,-0.000246933603194,5.95785,5.95785
5.95795,1.3239420696E-05,-0.000199716945644,5.95795,5.95795
5.95805,1.3221048903E-05,-0.000157426009537,5.95805,5.95805
5.95815,1.3225372641E-05,-0.000445862824563,5.95815,5.95815
5.95825,1.320582669E-05,-0.000346081564203,5.95825,5.95825
5.95835,1.3228051102E-05,-0.000240811627009,5.95835,5.95835
5.95845,1.3249854419E-05,-0.000227793614613,5.95845,5.95845
5.95855,1.3231356206E-05,-0.000117175739433,5.95855,5.95855
5.95865,1.3213251805E-05,-0.000132234403281,5.95865,5.95865
5.95875,1.3232621313E-05,-0.000261499691987,5.95875,5.95875
5.95885,1.3215732906E-05,-2.6190424251E-05,5.95885,5.95885
5.95895,1.3228627722E-05,-1.3664990547E-05,5.95895,5.95895
5.95905,1.3241923625E-05,-0.000140256321174,5.95905,5.95905
5.95915,1.3239841792E-05,-7.17351327E-07,5.95915,5.95915
5.95925,1.3249200492E-05,1.1878450096E-05,5.95925,5.95925
5.95935,1.3221006157E-05,0.000168024169398,5.95935,5.95935
5.95945,1.3218960703E-05,0.00015380991681,5.95945,5.95945
5.95955,1.3233408936E-05,-3.7589976273E-05,5.95955,5.95955
5.95965,1.3203105482E-05,1.7226388081E-05,5.95965,5.95965
5.95975,1.3222019334E-05,-7.3829294706E-05,5.95975,5.95975
5.95985,1.3249305994E-05,-8.4877006884E-05,5.95985,5.95985
5.95995,1.3242619389E-05,-0.000189372905879,5.95995,5.95995
5.96005,1.3265940652E-05,-0.000225190015044,5.96005,5.96005
5.96015,1.3255921658E-05,-0.000203798263101,5.96015,5.96015
5.96025,1.3261827917E-05,-0.000227582509979,5.96025,5.96025
5.96035,1.325503581E-05,3.3199834434E-05,5.96035,5.96035
5.96045,1.3253875295E-05,-0.000261499691987,5.96045,5.96045
5.96055,1.3273695913E-05,-0.000166433062986,5.96055,5.96055
5.96065,1.3266138012E-05,-0.000406175502576,5.96065,5.96065
5.96075,1.3272529031E-05,-3.0693950976E-05,5.96075,5.96075
5.96085,1.3256913007E-05,9.8993550637E-05,5.96085,5.96085
5.96095,1.3278343431E-05,-0.000237785818172,5.96095,5.96095
5.96105,1.3284361557E-05,-0.00016235174553,5.96105,5.96105
5.96115,1.3254319128E-05,-7.9106866906E-05,5.96115,5.96115
5.96125,1.3248237337E-05,-0.000404908874771,5.96125,5.96125
5.96135,1.3249389667E-05,-0.000473869149573,5.96135,5.96135
5.96145,1.3249579752E-05,-0.000272125209449,5.96145,5.96145
5.96155,1.3232319361E-05,-0.000169599603396,5.96155,5.96155
5.96165,1.3250936718E-05,-0.00024193750869,5.96165,5.96165
5.96175,1.3222462258E-05,-0.000421304546762,5.96175,5.96175
5.96185,1.3234878679E-05,-0.00032532311161,5.96185,5.96185
5.96195,1.3237142412E-05,-0.000117457209853,5.96195,5.96195
5.96205,1.3261103049E-05,-0.000100146782643,5.96205,5.96205
5.96215,1.32610121E-05,-0.000141171098221,5.96215,5.96215
5.96225,1.3251323253E-05,-0.000251155666774,5.96225,5.96225
5.96235,1.3216373191E-05,-0.000306816451484,5.96235,5.96235
5.96245,1.3208793462E-05,-0.000382883823477,5.96245,5.96245
5.96255,1.3208084056E-05,-0.00032468981226,5.96255,5.96255
5.96265,1.3217532796E-05,-0.00042665246292,5.96265,5.96265
5.96275,1.3218960703E-05,-0.000329756294377,5.96275,5.96275
5.96285,1.321511445E-05,-0.000534948194399,5.96285,5.96285
5.96295,1.3209940334E-05,-0.000101202291262,5.96295,5.96295
5.96305,1.3212393242E-05,-0.000164603508892,5.96305,5.96305
5.96315,1.3217926607E-05,-0.000234408173128,5.96315,5.96315
5.96325,1.3237078747E-05,-0.000286620925181,5.96325,5.96325
5.96335,1.3224620488E-05,-0.000448325707112,5.96335,5.96335
5.96345,1.3235278857E-05,-0.000400334974984,5.96345,5.96345
5.96355,1.3283616681E-05,-0.000575972546358,5.96355,5.96355
5.96365,1.3242000932E-05,-0.000190146951354,5.96365,5.96365
5.96375,1.3230061995E-05,-0.000329404429067,5.96375,5.96375
5.96385,1.3245375158E-05,-0.000420460128225,5.96385,5.96385
5.96395,1.3219269931E-05,-0.000267903145868,5.96395,5.96395
5.96405,1.3240207409E-05,-6.768965704E-06,5.96405,5.96405
5.96415,1.3236903214E-05,-0.000270788237685,5.96415,5.96415
5.96425,1.3234779544E-05,-0.000106128027255,5.96425,5.96425
5.96435,1.3264942027E-05,-0.000127801249619,5.96435,5.96435
5.96445,1.3218721506E-05,-0.000299498206005,5.96445,5.96445
5.96455,1.3222954294E-05,-0.000269169773674,5.96455,5.96455
5.96465,1.3230498553E-05,-0.000222727147047,5.96465,5.96465
5.96475,1.3215649233E-05,-8.832502499E-05,5.96475,5.96475
5.96485,1.32203877E-05,-0.000270014192211,5.96485,5.96485
5.96495,1.3253130419E-05,-8.8958331617E-05,5.96495,5.96495
5.96505,1.3258895706E-05,8.168311615E-05,5.96505,5.96505
5.96515,1.3248876712E-05,-0.00011992007785,5.96515,5.96515
5.96525,1.3241079614E-05,-0.000220545756747,5.96525,5.96525
5.96535,1.3230976037E-05,-0.000200139154913,5.96535,5.96535
5.96545,1.3211324585E-05,4.138013537E-06,5.96545,5.96545
5.96555,1.324067216E-05,-6.4892607043E-05,5.96555,5.96555
5.96565,1.322893695E-05,-0.000111335226393,5.96565,5.96565
5.96575,1.3237240637E-05,-0.000102750382212,5.96575,5.96575
5.96585,1.3204273273E-05,-8.2695616584E-05,5.96585,5.96585
5.96595,1.322067601E-05,-0.000132234403281,5.96595,5.96595
5.96605,1.3255043086E-05,6.5217092924E-05,5.96605,5.96605
5.96615,1.3261475942E-05,1.3567272617E-05,5.96615,5.96615
5.96625,1.3248426512E-05,2.4263148589E-05,5.96625,5.96625
5.96635,1.3243167814E-05,-4.1319461161E-05,5.96635,5.96635
5.96645,1.3246858543E-05,-2.5697851015E-05,5.96645,5.96645
5.96655,1.3228093849E-05,2.0604033125E-05,5.96655,5.96655
5.96665,1.320624142E-05,-2.1475794711E-05,5.96665,5.96665
5.96675,1.3228501302E-05,-0.000197746645426,5.96675,5.96675
5.96685,1.3263908841E-05,-0.000252774130786,5.96685,5.96685
5.96695,1.3248792129E-05,-9.979493916E-05,5.96695,5.96695
5.96705,1.3222257621E-05,0.000192934297957,5.96705,5.96705
5.96715,1.3253770703E-05,1.9689254259E-05,5.96715,5.96715
5.96725,1.3256322745E-05,-0.000198661422473,5.96725,5.96725
5.96735,1.3238534848E-05,-0.000160381445312,5.96735,5.96735
5.96745,1.3209778444E-05,-0.000308153423248,5.96745,5.96745
5.96755,1.3225238945E-05,-0.000298231578199,5.96755,5.96755
5.96765,1.3245706214E-05,-8.7410240667E-05,5.96765,5.96765
5.96775,1.3237528947E-05,-0.000120342279843,5.96775,5.96775
5.96785,1.3243196008E-05,-0.000391187204514,5.96785,5.96785
5.96795,1.3256371858E-05,-0.000221882743062,5.96795,5.96795
5.96805,1.3234147445E-05,-2.1827632736E-05,5.96805,5.96805
5.96815,1.3229900105E-05,-0.00019894290017,5.96815,5.96815
5.96825,1.3232783203E-05,-0.000111616696813,5.96825,5.96825
5.96835,1.323414017E-05,-0.000370921334252,5.96835,5.96835
5.96845,1.3240341104E-05,-0.000253266684012,5.96845,5.96845
5.96855,1.3225485418E-05,-0.000264877337031,5.96855,5.96855
5.96865,1.3225393559E-05,-0.000132234403281,5.96865,5.96865
5.96875,1.3239398868E-05,-0.000235815517954,5.96875,5.96875
5.96885,1.3244004549E-05,3.1581381336E-05,5.96885,5.96885
5.96895,1.3237585335E-05,0.000208767014556,5.96895,5.96895
5.96905,1.3245691662E-05,6.0572834627E-05,5.96905,5.96905
5.96915,1.3205102732E-05,8.9493922133E-05,5.96915,5.96915
5.96925,1.3231784578E-05,-0.000290561525617,5.96925,5.96925
5.96935,1.323908964E-05,-0.000424189609475,5.96935,5.96935
5.96945,1.3224303984E-05,-0.000102117075585,5.96945,5.96945
5.96955,1.3223193491E-05,-0.000203938994673,5.96955,5.96955
5.96965,1.3234513062E-05,0.000156765352585,5.96965,5.96965
5.96975,1.3246690287E-05,6.4020845457E-05,5.96975,5.96975
5.96985,1.323597553E-05,-0.00014905226999,5.96985,5.96985
5.96995,1.3220436813E-05,0.000195608270587,5.96995,5.96995
5.97005,1.3190232494E-05,0.000148250866914,5.97005,5.97005
5.97015,1.3212520571E-05,-0.000272406672593,5.97015,5.97015
5.97025,1.3209194549E-05,-0.000217871784116,5.97025,5.97025
5.97035,1.3185824173E-05,6.4302315877E-05,5.97035,5.97035
5.97045,1.3228227544E-05,-0.000266214337898,5.97045,5.97045
5.97055,1.3230104742E-05,-0.000168755199411,5.97055,5.97055
5.97065,1.3234281141E-05,-0.000187332247151,5.97065,5.97065
5.97075,1.3220050278E-05,0.000183927244507,5.97075,5.97075
5.97085,1.324902405E-05,-0.000148700433783,5.97085,5.97085
5.97095,1.3245832633E-05,0.000186390112503,5.97095,5.97095
5.97105,1.3220296751E-05,-0.000103594793472,5.97105,5.97105
5.97115,1.3237121493E-05,-0.000143000652315,5.97115,5.97115
5.97125,1.3242823115E-05,-0.000268677191343,5.97125,5.97125
5.97135,1.3227291674E-05,-1.2539108866E-05,5.97135,5.97135
5.97145,1.326040001E-05,2.0463297915E-05,5.97145,5.97145
5.97155,1.3224754184E-05,-2.2601676392E-05,5.97155,5.97155
5.97165,1.3222988855E-05,-0.000192257983144,5.97165,5.97165
5.97175,1.3217125343E-05,7.0987240179E-05,5.97175,5.97175
5.97185,1.3214313185E-05,0.000244724855293,5.97185,5.97185
5.97195,1.3232002857E-05,1.9267048629E-05,5.97195,5.97195
5.97205,1.3203591152E-05,-0.000145252415678,5.97205,5.97205
5.97215,1.3214383216E-05,-0.000313219905365,5.97215,5.97215
5.97225,1.3210917132E-05,-0.000301679596305,5.97225,5.97225
5.97235,1.3237086023E-05,-2.3094249627E-05,5.97235,5.97235
5.97245,1.3244643924E-05,-0.000288661598461,5.97245,5.97245
5.97255,1.323160177E-05,-0.000267129100394,5.97255,5.97255
5.97265,1.3248652067E-05,-0.00036775477929,5.97265,5.97265
5.97275,1.3237240637E-05,4.3051299144E-05,5.97275,5.97275
5.97285,1.3230174773E-05,0.000294052559184,5.97285,5.97285
5.97295,1.3252497411E-05,0.000168446378666,5.97295,5.97295
5.97305,1.323626384E-05,0.000241206478677,5.97305,5.97305
5.97315,1.3205566574E-05,0.000290393450996,5.97315,5.97315
5.97325,1.3206740732E-05,0.000116796552902,5.97325,5.97325
5.97335,1.3211451915E-05,0.000197085988475,5.97335,5.97335
5.97345,1.3225519979E-05,-9.7824646218E-05,5.97345,5.97345
5.97355,1.3213546481E-05,-1.5705651094E-05,5.97355,5.97355
5.97365,1.3239075997E-05,-7.6784730481E-05,5.97365,5.97365
5.97375,1.3250852135E-05,-0.000276276899967,5.97375,5.97375
5.97385,1.3245452465E-05,-0.000173188353074,5.97385,5.97385
5.97395,1.3231840967E-05,0.000112222660391,5.97395,5.97395
5.97405,1.3259514162E-05,9.2167887487E-05,5.97405,5.97405
5.97415,1.3229274373E-05,-0.000413845584262,5.97415,5.97415
5.97425,1.3199653949E-05,-0.000351077673258,5.97425,5.97425
5.97435,1.3224986105E-05,-5.643083568E-06,5.97435,5.97435
5.97445,1.3249038602E-05,-0.000166221958352,5.97445,5.97445
5.97455,1.3214917999E-05,5.404630429E-06,5.97455,5.97455
5.97465,1.3226405827E-05,-0.000205557458685,5.97465,5.97465
5.97475,1.3217645574E-05,-0.000257910956861,5.97475,5.97475
5.97485,1.3233373465E-05,-0.000103805898107,5.97485,5.97485
5.97495,1.3233739082E-05,-8.0092009739E-05,5.97495,5.97495
5.97505,1.3243477042E-05,0.000125170292449,5.97505,5.97505
5.97515,1.3237156054E-05,4.2699462938E-05,5.97515,5.97515
5.97525,1.3268422663E-05,-6.848135672E-05,5.97525,5.97525
5.97535,1.3227770069E-05,-5.4548570915E-05,5.97535,5.97535
5.97545,1.3255591512E-05,-9.8246855487E-05,5.97545,5.97545
5.97555,1.3221786503E-05,-0.000130264117615,5.97555,5.97555
5.97565,1.3228782336E-05,-1.702497798E-06,5.97565,5.97565
5.97575,1.3218679669E-05,-6.3555620727E-05,5.97575,5.97575
5.97585,1.3243181456E-05,-0.000250240875175,5.97585,5.97585
5.97595,1.3253482393E-05,-0.000307168287691,5.97595,5.97595
5.97605,1.3252806639E-05,-0.000194298641873,5.97605,5.97605
5.97615,1.3206838958E-05,-0.000104439204733,5.97615,5.97615
5.97625,1.3243350622E-05,-8.5580686573E-05,5.97625,5.97625
5.97635,1.3216344996E-05,-1.7253738406E-05,5.97635,5.97635
5.97645,1.3219600078E-05,-6.6792534199E-05,5.97645,5.97645
5.97655,1.3220451365E-05,-0.000418841664214,5.97655,5.97655
5.97665,1.3236059203E-05,-0.000359099562047,5.97665,5.97665
5.97675,1.3248005416E-05,3.9181082684E-05,5.97675,5.97675
5.97685,1.325455105E-05,-6.8270252086E-05,5.97685,5.97685
5.97695,1.3254276382E-05,2.0111459889E-05,5.97695,5.97695
5.97705,1.3273547665E-05,-0.000235182218603,5.97705,5.97705
5.97715,1.3254698388E-05,-1.1272491975E-05,5.97715,5.97715
5.97725,1.3271417629E-05,-0.000321664003422,5.97725,5.97725
5.97735,1.324841287E-05,-0.000408990192227,5.97735,5.97735
5.97745,1.3246296476E-05,-0.000392946385546,5.97745,5.97745
5.97755,1.3244820366E-05,-0.000554017839022,5.97755,5.97755
5.97765,1.3253264115E-05,-0.000268747564405,5.97765,5.97765
5.97775,1.3274278899E-05,-0.000286691298243,5.97775,5.97775
5.97785,1.326833808E-05,-0.000585894391406,5.97785,5.97785
5.97795,1.3243989997E-05,-0.0004594437778,5.97795,5.97795
5.97805,1.3247287825E-05,-0.000456277222838,5.97805,5.97805
5.97815,1.323151082E-05,-0.000619670841843,5.97815,5.97815
5.97825,1.3230666809E-05,-0.00036029581679,5.97825,5.97825
5.97835,1.3253671568E-05,-0.00037148426054,5.97835,5.97835
5.97845,1.3236938685E-05,-0.000355721917003,5.97845,5.97845
5.97855,1.3228093849E-05,-0.000313290249323,5.97855,5.97855
5.97865,1.3260505511E-05,-0.000405331084039,5.97865,5.97865
5.97875,1.3238914107E-05,-0.000289083807729,5.97875,5.97875
5.97885,1.3256364582E-05,-0.000493712781463,5.97885,5.97885
5.97895,1.3241037777E-05,-0.000261570065049,5.97895,5.97895
5.97905,1.32462892E-05,-0.000455573550425,5.97905,5.97905
5.97915,1.327598784E-05,-0.000304846151266,5.97915,5.97915
5.97925,1.3256976672E-05,-0.000319482613122,5.97925,5.97925
5.97935,1.3256856619E-05,-0.000446847989224,5.97935,5.97935
5.97945,1.3273604054E-05,-0.000350725837052,5.97945,5.97945
5.97955,1.3274152479E-05,-0.000194861582713,5.97955,5.97955
5.97965,1.3269210285E-05,-0.000195072687347,5.97965,5.97965
5.97975,1.3272401702E-05,-0.000231945305131,5.97975,5.97975
5.97985,1.3268394468E-05,-0.000132164044771,5.97985,5.97985
5.97995,1.3254845726E-05,-0.000279795291135,5.97995,5.97995
5.98005,1.3231616322E-05,-0.000223571565584,5.98005,5.98005
5.98015,1.3269807823E-05,-0.000314556877129,5.98015,5.98015
5.98025,1.3273963305E-05,-0.000207949953619,5.98025,5.98025
5.98035,1.3267290342E-05,-0.000111757435661,5.98035,5.98035
5.98045,1.3250402844E-05,-4.8426587455E-05,5.98045,5.98045
5.98055,1.321691434E-05,0.000241980524152,5.98055,5.98055
5.98065,1.3221484551E-05,-0.000136526825372,5.98065,5.98065
5.98075,1.3202093214E-05,3.645440302E-06,5.98075,5.98075
5.98085,1.3260316337E-05,-0.000154118737555,5.98085,5.98085
5.98095,1.324432742E-05,-0.000138778588735,5.98095,5.98095
5.98105,1.3264049812E-05,-0.000329756294377,5.98105,5.98105
5.98115,1.3228712305E-05,-0.000227863987675,5.98115,5.98115
5.98125,1.3254916666E-05,4.2629093514E-05,5.98125,5.98125
5.98135,1.3238604879E-05,3.7351524952E-05,5.98135,5.98135
5.98145,1.3232796846E-05,0.000208907746128,5.98145,5.98145
5.98155,1.3220485926E-05,0.000184419826837,5.98155,5.98155
5.98165,1.3224233953E-05,0.000223333103349,5.98165,5.98165
5.98175,1.3253566067E-05,3.8125566789E-05,5.98175,5.98175
5.98185,1.3243231479E-05,0.000348094879882,5.98185,5.98185
5.98195,1.3259760635E-05,0.000448650185717,5.98195,5.98195
5.98205,1.3265258531E-05,0.000200393275009,5.98205,5.98205
5.98215,1.3262474567E-05,0.000322692154441,5.98215,5.98215
5.98225,1.3244383808E-05,0.000117992800369,5.98225,5.98225
5.98235,1.3272156139E-05,-0.000145815356518,5.98235,5.98235
5.98245,1.3283749468E-05,-0.000532063131686,5.98245,5.98245
5.98255,1.3290267816E-05,-0.000310264440486,5.98255,5.98255
5.98265,1.3254283658E-05,2.0604033125E-05,5.98265,5.98265
5.98275,1.3215199033E-05,-0.000129419699078,5.98275,5.98275
5.98285,1.3260133528E-05,-0.000113446258183,5.98285,5.98285
5.98295,1.3273569493E-05,-2.6682997486E-05,5.98295,5.98295
5.98305,1.3244841284E-05,-1.3735358152E-05,5.98305,5.98305
5.98315,1.3254079931E-05,6.0713569837E-05,5.98315,5.98315
5.98325,1.3247048628E-05,0.000273294106591,5.98325,5.98325
5.98335,1.3244383808E-05,0.000182731004315,5.98335,5.98335
5.98345,1.3229464457E-05,-1.9786972189E-05,5.98345,5.98345
5.98355,1.3256287275E-05,-0.000242078240262,5.98355,5.98355
5.98365,1.3238070096E-05,-7.8684657637E-05,5.98365,5.98365
5.98375,1.3248637515E-05,6.6694818088E-05,5.98375,5.98375
5.98385,1.3233929167E-05,8.196458657E-05,5.98385,5.98385
5.98395,1.326236179E-05,0.000160776311532,5.98395,5.98395
5.98405,1.3246985873E-05,7.0635403972E-05,5.98405,5.98405
5.98415,1.3247435163E-05,0.000194834225113,5.98415,5.98415
5.98425,1.3284530723E-05,0.000282512279227,5.98425,5.98425
5.98435,1.3257742467E-05,2.496682464E-05,5.98435,5.98435
5.98445,1.3260892956E-05,0.000186460485565,5.98445,5.98445
5.98455,1.3265427697E-05,-2.9005128454E-05,5.98455,5.98455
5.98465,1.3237268831E-05,-1.5001975044E-05,5.98465,5.98465
5.98475,1.3252602912E-05,-0.000119005300803,5.98475,5.98475
5.98485,1.3234575817E-05,8.2105318143E-05,5.98485,5.98485
5.98495,1.3231580851E-05,0.000108070969873,5.98495,5.98495
5.98505,1.3262713765E-05,8.9423556346E-05,5.98505,5.98505
5.98515,1.3243765352E-05,8.9845758339E-05,5.98515,5.98515
5.98525,1.3254396436E-05,-0.000175721594132,5.98525,5.98525
5.98535,1.3273653167E-05,-3.0693950976E-05,5.98535,5.98535
5.98545,1.3275060155E-05,0.000230158766499,5.98545,5.98545
5.98555,1.3231693629E-05,-7.0170179242E-05,5.98555,5.98555
5.98565,1.3249832591E-05,-7.1436792496E-05,5.98565,5.98565
5.98575,1.3246331946E-05,-0.000200772454264,5.98575,5.98575
5.98585,1.3217554624E-05,-2.6612629881E-05,5.98585,5.98585
5.98595,1.3251239579E-05,0.000162324387929,5.98595,5.98595
5.98605,1.3260548258E-05,-2.3023882022E-05,5.98605,5.98605
5.98615,1.3246472008E-05,-0.000225752955885,5.98615,5.98615
5.98625,1.3241775378E-05,2.1870650016E-05,5.98625,5.98625
5.98635,1.3242000932E-05,-0.000285495043499,5.98635,5.98635
5.98645,1.3247568859E-05,-0.000124564336147,5.98645,5.98645
5.98655,1.3246675735E-05,-0.000111687069875,5.98655,5.98655
5.98665,1.3233781829E-05,-0.000174314234755,5.98665,5.98665
5.98675,1.3249101357E-05,0.0002090484777,5.98675,5.98675
5.98685,1.3245930859E-05,-5.8840993006E-05,5.98685,5.98685
5.98695,1.3250367374E-05,4.5162327297E-05,5.98695,5.98695
5.98705,1.3217624655E-05,6.3669009251E-05,5.98705,5.98705
5.98715,1.3236341147E-05,-6.81998863E-05,5.98715,5.98715
5.98725,1.3243329704E-05,6.81198253E-06,5.98725,5.98725
5.98735,1.3226265764E-05,4.067645932E-06,5.98735,5.98735
5.98745,1.3230378499E-05,-3.2453142921E-05,5.98745,5.98745
5.98755,1.3254149962E-05,-0.000259599764831,5.98755,5.98755
5.98765,1.3252834833E-05,-0.000386331841582,5.98765,5.98765
5.98775,1.3247646166E-05,-7.2844144597E-05,5.98775,5.98775
5.98785,1.3241458873E-05,-0.000129349340568,5.98785,5.98785
5.98795,1.3254473743E-05,-0.000261218228843,5.98795,5.98795
5.98805,1.323912511E-05,-0.000198168854695,5.98805,5.98805
5.98815,1.3255043086E-05,-0.000277613871731,5.98815,5.98815
5.98825,1.3263311303E-05,-0.000469013786642,5.98825,5.98825
5.98835,1.3264815607E-05,-0.000161507326993,5.98835,5.98835
5.98845,1.3271122043E-05,0.000343028397765,5.98845,5.98845
5.98855,1.3267086615E-05,0.00022755516693,5.98855,5.98855
5.98865,1.3274370758E-05,7.0213194704E-05,5.98865,5.98865
5.98875,1.3264372683E-05,0.000110604203655,5.98875,5.98875
5.98885,1.3258895706E-05,0.000202293187613,5.98885,5.98885
5.98895,1.3274567209E-05,0.000129603460664,5.98895,5.98895
5.98905,1.3256336388E-05,-8.7832449935E-05,5.98905,5.98905
5.98915,1.3260499145E-05,-1.2328006051E-05,5.98915,5.98915
5.98925,1.3255232261E-05,0.000191878789337,5.98925,5.98925
5.98935,1.326599704E-05,0.000245710019954,5.98935,5.98935
5.98945,1.3254557416E-05,-5.7996581745E-05,5.98945,5.98945
5.98955,1.3284220586E-05,-6.2289007474E-05,5.98955,5.98955
5.98965,1.3290366041E-05,-0.000142930279253,5.98965,5.98965
5.98975,1.326284746E-05,3.8758877054E-05,5.98975,5.98975
5.98985,1.3265806956E-05,0.000460190465674,5.98985,5.98985
5.98995,1.3255408703E-05,-9.6206196758E-05,5.98995,5.98995
5.99005,1.325715948E-05,0.000119048316265,5.99005,5.99005
5.99015,1.3259634216E-05,0.000101737881778,5.99015,5.99015
5.99025,1.3230097466E-05,2.939998376E-05,5.99025,5.99025
5.99035,1.3236741324E-05,6.4935622504E-05,5.99035,5.99035
5.99045,1.3268731891E-05,0.000168024169398,5.99045,5.99045
5.99055,1.3247540664E-05,0.000317133119097,5.99055,5.99055
5.99065,1.3250964912E-05,0.000189275189769,5.99065,5.99065
5.99075,1.3249566109E-05,0.000343239516951,5.99075,5.99075
5.99085,1.3240123735E-05,0.000339861871907,5.99085,5.99085
5.99095,1.3213068996E-05,0.000559268053621,5.99095,5.99095
5.99105,1.3241571651E-05,0.000427188060712,5.99105,5.99105
5.99115,1.3251281416E-05,0.000262738962192,5.99115,5.99115
5.99125,1.3260499145E-05,0.000451887084637,5.99125,5.99125
5.99135,1.3245691662E-05,0.000330221490003,5.99135,5.99135
5.99145,1.3248891264E-05,9.5052964753E-05,5.99145,5.99145
5.99155,1.3244946786E-05,0.00040150390123,5.99155,5.99155
5.99165,1.3227615455E-05,0.000454138847999,5.99165,5.99165
5.99175,1.3231362573E-05,0.000415366317611,5.99175,5.99175
5.99185,1.3254600162E-05,0.000117218754895,5.99185,5.99185
5.99195,1.3267621398E-05,0.000328603055095,5.99195,5.99195
5.99205,1.3279271116E-05,7.5701871538E-05,5.99205,5.99205
5.99215,1.3255548765E-05,-0.000107465013571,5.99215,5.99215
5.99225,1.3266967471E-05,0.000181956958841,5.99225,5.99225
5.99235,1.3285809473E-05,0.000307070557028,5.99235,5.99235
5.99245,1.3252188182E-05,0.00021643708169,5.99245,5.99245
5.99255,1.3252856661E-05,0.000212144659599,5.99255,5.99255
5.99265,1.3288214177E-05,0.000138117931783,5.99265,5.99265
5.99275,1.3248230061E-05,5.615733244E-06,5.99275,5.99275
5.99285,1.3233739082E-05,9.4771494332E-05,5.99285,5.99285
5.99295,1.3256568309E-05,-1.633895954E-05,5.99295,5.99295
5.99305,1.3261096683E-05,4.9454753025E-05,5.99305,5.99305
5.99315,1.3253418729E-05,4.839923713E-05,5.99315,5.99315
5.99325,1.3261694221E-05,2.982218939E-05,5.99325,5.99325
5.99335,1.3293136362E-05,0.000315233191941,5.99335,5.99335
5.99345,1.3284523448E-05,-4.7371075198E-05,5.99345,5.99345
5.99355,1.3287574802E-05,6.894658145E-05,5.99355,5.99355
5.99365,1.3280789972E-05,-2.3586822863E-05,5.99365,5.99365
5.99375,1.3280417079E-05,0.000190893639228,5.99375,5.99375
5.99385,1.3278940969E-05,0.000406992563512,5.99385,5.99385
5.99395,1.323871038E-05,0.000103497077362,5.99395,5.99395
5.99405,1.3254613805E-05,2.067440073E-05,5.99405,5.99405
5.99415,1.3249453332E-05,0.000182308795047,5.99415,5.99415
5.99425,1.3259127627E-05,0.000151980348164,5.99425,5.99425
5.99435,1.3258727449E-05,0.000259994645603,5.99435,5.99435
5.99445,1.3224254872E-05,0.000247258081799,5.99445,5.99445
5.99455,1.3230695004E-05,0.000481441500597,5.99455,5.99455
5.99465,1.3248405594E-05,0.000250776472967,5.99465,5.99465
5.99475,1.327631162E-05,0.000276108825346,5.99475,5.99475
5.99485,1.3254662917E-05,2.2855796487E-05,5.99485,5.99485
5.99495,1.3235054212E-05,6.4865256718E-05,5.99495,5.99495
5.99505,1.3246725757E-05,0.000209329955396,5.99505,5.99505
5.99515,1.3279960513E-05,0.000323114363709,5.99515,5.99515
5.99525,1.3280642634E-05,0.00029018233181,5.99525,5.99525
5.99535,1.3252975805E-05,-4.0404680476E-05,5.99535,5.99535
5.99545,1.3267220311E-05,6.3739375037E-05,5.99545,5.99545
5.99555,1.3268956536E-05,-0.000113868460176,5.99555,5.99555
5.99565,1.3264148038E-05,9.7726930107E-05,5.99565,5.99565
5.99575,1.3259570551E-05,0.000283567787847,5.99575,5.99575
5.99585,1.326551137E-05,-0.000225893687457,5.99585,5.99585
5.99595,1.3265940652E-05,-0.000279936008155,5.99595,5.99595
5.99605,1.3263416804E-05,0.00046954935533,5.99605,5.99605
5.99615,1.3271227544E-05,-2.7808879167E-05,5.99615,5.99615
5.99625,1.3291680261E-05,2.7500058422E-05,5.99625,5.99625
5.99635,1.3297769328E-05,7.2605696914E-05,5.99635,5.99635
5.99645,1.3262228094E-05,3.4396085539E-05,5.99645,5.99645
5.99655,1.3285205569E-05,-0.000166221958352,5.99655,5.99655
5.99665,1.3305756511E-05,-0.000153837259859,5.99665,5.99665
5.99675,1.3290942661E-05,-0.000117035007861,5.99675,5.99675
5.99685,1.3272746401E-05,0.00025197272771,5.99685,5.99685
5.99695,1.3290042261E-05,0.000197226720047,5.99695,5.99695
5.99705,1.3283897715E-05,0.000457235029899,5.99705,5.99705
5.99715,1.3268710973E-05,0.000459627539385,5.99715,5.99715
5.99725,1.3264189874E-05,3.52404968E-05,5.99725,5.99725
5.99735,1.3268415387E-05,-1.5213077859E-05,5.99735,5.99735
5.99745,1.3273547665E-05,9.681215306E-05,5.99745,5.99745
5.99755,1.3271930584E-05,-0.000142437711474,5.99755,5.99755
5.99765,1.3288671653E-05,0.000133332941914,5.99765,5.99765
5.99775,1.3288038645E-05,0.000175060937181,5.99775,5.99775
5.99785,1.3251696146E-05,3.0877705285E-05,5.99785,5.99785
5.99795,1.3264238987E-05,-0.000153203960508,5.99795,5.99795
5.99805,1.3262369066E-05,0.000178579313797,5.99805,5.99805
5.99815,1.3278709048E-05,0.000261050154222,5.99815,5.99815
5.99825,1.3256814782E-05,0.000455405475805,5.99825,5.99825
5.99835,1.3275200217E-05,0.000509518140461,5.99835,5.99835
5.99845,1.3291054529E-05,0.000490659673233,5.99845,5.99845
5.99855,1.327566406E-05,0.000489533762448,5.99855,5.99855
5.99865,1.3237964595E-05,0.000482919218484,5.99865,5.99865
5.99875,1.3259310435E-05,0.000293489603791,5.99875,5.99875
5.99885,1.3243575268E-05,0.000548572163098,5.99885,5.99885
5.99895,1.3258551007E-05,0.000624991429504,5.99895,5.99895
5.99905,1.3261890672E-05,0.00031832937384,5.99905,5.99905
5.99915,1.3261651475E-05,0.00035653897794,5.99915,5.99915
5.99925,1.3267585928E-05,0.000277797633316,5.99925,5.99925
5.99935,1.327987593E-05,0.000232410529861,5.99935,5.99935
5.99945,1.3274609955E-05,0.000335006508976,5.99945,5.99945
5.99955,1.3266102542E-05,0.00025739101693,5.99955,5.99955
5.99965,1.3241143279E-05,0.000208063342143,5.99965,5.99965
5.99975,1.3256273633E-05,0.000604373693932,5.99975,5.99975
5.99985,1.3297038095E-05,0.000202574665309,5.99985,5.99985
5.99995,1.3271875105E-05,0.00057256751461,5.99995,5.99995
6.00005,1.3437964299E-05,-9.98983478546143,6.00005,6.00005
6.00015,7.56586758E-07,-9.9964714050293,6.00015,6.00015
6.00025,2.07631345E-07,-9.99673080444336,6.00025,6.00025
6.00035,6.5558773E-08,-9.99705219268799,6.00035,6.00035
6.00045,1.6406037E-08,-9.9970760345459,6.00045,6.00045
6.00055,-2.7248566E-08,-9.99736785888672,6.00055,6.00055
6.00065,-2.4949475E-08,-9.99735736846924,6.00065,6.00065
6.00075,-6.2374738E-08,-9.99746513366699,6.00075,6.00075
6.00085,-6.7900991E-08,-9.99735260009766,6.00085,6.00085
6.00095,-6.113028E-08,-9.99789333343506,6.00095,6.00095
6.00105,-7.886405911E-06,-0.017312275245786,6.00105,6.00105
6.00115,1.2698072169E-05,-0.000748162041418,6.00115,6.00115
6.00125,1.5852818251E-05,-0.000318567821523,6.00125,6.00125
6.00135,1.6720567146E-05,-0.000382461614208,6.00135,6.00135
6.00145,1.7059559468E-05,-1.0428080714E-05,6.00145,6.00145
6.00155,1.7239535737E-05,-5.3985630075E-05,6.00155,6.00155
6.00165,1.7349977497E-05,1.7296755686E-05,6.00165,6.00165
6.00175,1.7364143787E-05,0.000149024912389,6.00175,6.00175
6.00185,1.7390375433E-05,3.4747921745E-05,6.00185,6.00185
6.00195,1.7396479961E-05,-0.000106761333882,6.00195,6.00195
6.00205,1.3705791389E-05,-9.97060298919678,6.00205,6.00205
6.00215,6.93287973E-07,-9.9968318939209,6.00215,6.00215
6.00225,1.54913963E-07,-9.99730777740479,6.00225,6.00225
6.00235,3.0045904E-08,-9.99761295318604,6.00235,6.00235
6.00245,-2.992102E-09,-9.99759769439697,6.00245,6.00245
6.00255,-8.497265E-09,-9.99785995483398,6.00255,6.00255
6.00265,-2.866177E-08,-9.99777317047119,6.00265,6.00265
6.00275,-3.6937092E-08,-9.99773406982422,6.00275,6.00275
6.00285,-9.0659888E-08,-9.99787139892578,6.00285,6.00285
6.00295,-4.1626674E-08,-9.99798774719238,6.00295,6.00295
6.00305,-7.194134014E-06,-0.037362046539783,6.00305,6.00305
6.00315,1.4121695131E-05,-0.00128830387257,6.00315,6.00315
6.00325,1.7439451767E-05,-0.000416097347625,6.00325,6.00325
6.00335,1.8388574972E-05,-0.00035065546399,6.00335,6.00335
6.00345,1.8742191969E-05,-0.000399420212489,6.00345,6.00345
6.00355,1.891055399E-05,-0.000239333909121,6.00355,6.00355
6.00365,1.8971912141E-05,2.589926225E-06,6.00365,6.00365
6.00375,1.9060662453E-05,3.925144847E-05,6.00375,6.00375
6.00385,1.9077846446E-05,-0.000125127276988,6.00385,6.00385
6.00395,1.9091126887E-05,6.4302315877E-05,6.00395,6.00395
6.00405,1.3877027413E-05,-9.95034790039063,6.00405,6.00405
6.00415,7.01239856E-07,-9.99690723419189,6.00415,6.00415
6.00425,1.4159049E-07,-9.99747848510742,6.00425,6.00425
6.00435,3.5501852E-08,-9.99784851074219,6.00435,6.00435
6.00445,-1.6962419E-08,-9.99793529510498,6.00445,6.00445
6.00455,-2.0435664E-08,-9.99783420562744,6.00455,6.00455
6.00465,-3.8849485E-08,-9.99798011779785,6.00465,6.00465
6.00475,-6.2740341E-08,-9.99780654907227,6.00475,6.00475
6.00485,-5.0366033E-08,-9.99793720245361,6.00485,6.00485
6.00495,-5.4085355E-08,-9.99777126312256,6.00495,6.00495
6.00505,-6.661349289E-06,-0.05727593973279,6.00505,6.00505
6.00515,1.5065214939E-05,-0.00118746701628,6.00515,6.00515
6.00525,1.8570955945E-05,-0.000509193690959,6.00525,6.00525
6.00535,1.9562166926E-05,-0.000170725485077,6.00535,6.00535
6.00545,1.9912429707E-05,-0.00019204687851,6.00545,6.00545
6.00555,2.0069021048E-05,1.3496905012E-05,6.00555,6.00555
6.00565,2.0165540263E-05,-0.000398435076931,6.00565,6.00565
6.00575,2.0211593437E-05,-0.000312868040055,6.00575,6.00575
6.00585,2.0198831407E-05,4.0658800572E-05,6.00585,6.00585
6.00595,2.0215164113E-05,-0.000259459047811,6.00595,6.00595
6.00605,1.3993065295E-05,-9.93092155456543,6.00605,6.00605
6.00615,6.62387322E-07,-9.99706363677979,6.00615,6.00615
6.00625,1.12292895E-07,-9.99757957458496,6.00625,6.00625
6.00635,1.3896021E-08,-9.997802734375,6.00635,6.00635
6.00645,-5.4584547E-08,-9.99781131744385,6.00645,6.00645
6.00655,-7.8651176E-08,-9.99786472320557,6.00655,6.00655
6.00665,-8.4732875E-08,-9.99832725524902,6.00665,6.00665
6.00675,-8.4845368E-08,-9.9981632232666,6.00675,6.00675
6.00685,-8.1772882E-08,-9.9981575012207,6.00685,6.00685
6.00695,-9.3064443E-08,-9.99825191497803,6.00695,6.00695
6.00705,-6.301587291E-06,-0.077785424888134,6.00705,6.00705
6.00715,1.5810042896E-05,-0.001109218224883,6.00715,6.00715
6.00725,1.9415874704E-05,-0.00077898305608,6.00725,6.00725
6.00735,2.0451205273E-05,-0.000830281060189,6.00735,6.00735
6.00745,2.0825014872E-05,-0.000719029863831,6.00745,6.00745
6.00755,2.1013673177E-05,-0.000872431264725,6.00755,6.00755
6.00765,2.1090583687E-05,-0.000311882904498,6.00765,6.00765
6.00775,2.1145875508E-05,-0.000305268360535,6.00775,6.00775
6.00785,2.1174195354E-05,-0.000470280385343,6.00785,6.00785
6.00795,2.1179552277E-05,-0.000323634303641,6.00795,6.00795
6.00805,1.4136360733E-05,-9.91039371490479,6.00805,6.00805
6.00815,6.89856904E-07,-9.99710273742676,6.00815,6.00815
6.00825,1.38068032E-07,-9.99724864959717,6.00825,6.00825
6.00835,-1.0409659E-08,-9.99753475189209,6.00835,6.00835
6.00845,-5.5273571E-08,-9.9976110458374,6.00845,6.00845
6.00855,-8.3256388E-08,-9.99772167205811,6.00855,6.00855
6.00865,-7.0945354E-08,-9.99776172637939,6.00865,6.00865
6.00875,-1.07562073E-07,-9.99777793884277,6.00875,6.00875
6.00885,-1.29631943E-07,-9.99767589569092,6.00885,6.00885
6.00895,-1.22650292E-07,-9.99777889251709,6.00895,6.00895
6.00905,-6.028818007E-06,-0.09773737937212,6.00905,6.00905
6.00915,1.6386095012E-05,-0.001343542360701,6.00915,6.00915
6.00925,2.0100842448E-05,-0.000940969330259,6.00925,6.00925
6.00935,2.1164161808E-05,-0.000852587574627,6.00935,6.00935
6.00945,2.1580606699E-05,-0.000824159069452,6.00945,6.00945
6.00955,2.17476736E-05,-0.000717341084965,6.00955,6.00955
6.00965,2.1862515496E-05,-0.000834221660625,6.00965,6.00965
6.00975,2.1928964998E-05,-0.00019950584101,6.00975,6.00975
6.00985,2.1917370759E-05,-0.000327926711179,6.00985,6.00985
6.00995,2.1925014153E-05,-0.000359521771315,6.00995,6.00995
6.01005,1.4256145732E-05,-9.89059448242188,6.01005,6.01005
6.01015,6.87599993E-07,-9.99698543548584,6.01015,6.01015
6.01025,1.11540594E-07,-9.99776935577393,6.01025,6.01025
6.01035,1.9105888E-08,-9.99783992767334,6.01035,6.01035
6.01045,-3.1045232E-08,-9.99801921844482,6.01045,6.01045
6.01055,-5.0478526E-08,-9.99822902679443,6.01055,6.01055
6.01065,-7.0347731E-08,-9.99821949005127,6.01065,6.01065
6.01075,-1.05319231E-07,-9.99844646453857,6.01075,6.01075
6.01085,-6.8955622E-08,-9.99826240539551,6.01085,6.01085
6.01095,-1.02731875E-07,-9.99838256835938,6.01095,6.01095
6.01105,-5.701334885E-06,-0.117790810763836,6.01105,6.01105
6.01115,1.7001344531E-05,-0.001432768534869,6.01115,6.01115
6.01125,2.0790042981E-05,-0.000984104699455,6.01125,6.01125
6.01135,2.1847448807E-05,-0.000768568657804,6.01135,6.01135
6.01145,2.2269377951E-05,-0.000986497150734,6.01145,6.01145
6.01155,2.247143675E-05,-0.000856528175063,6.01155,6.01155
6.01165,2.2532578441E-05,-0.000710515421815,6.01165,6.01165
6.01175,2.2564581741E-05,-0.000401460856665,6.01175,6.01175
6.01185,2.2613834517E-05,-0.000525026407558,6.01185,6.01185
6.01195,2.2595580958E-05,-0.000611578521784,6.01195,6.01195
6.01205,1.4374299099E-05,-9.87100982666016,6.01205,6.01205
6.01215,6.61269439E-07,-9.9972677230835,6.01215,6.01215
6.01225,1.27036614E-07,-9.99791812896729,6.01225,6.01225
6.01235,-1.2097065E-08,-9.99796485900879,6.01235,6.01235
6.01245,-5.7207057E-08,-9.9977912902832,6.01245,6.01245
6.01255,-4.8727841E-08,-9.99797344207764,6.01255,6.01255
6.01265,-6.9356382E-08,-9.99779891967773,6.01265,6.01265
6.01275,-9.8070409E-08,-9.99792957305908,6.01275,6.01275
6.01285,-1.10240826E-07,-9.99801921844482,6.01285,6.01285
6.01295,-1.13882813E-07,-9.99812126159668,6.01295,6.01295
6.01305,-5.49573133E-06,-0.137552216649055,6.01305,6.01305
6.01315,1.7437581846E-05,-0.00108796718996,6.01315,6.01315
6.01325,2.134229544E-05,-0.000822962843813,6.01325,6.01325
6.01335,2.2458914827E-05,-0.000377043324988,6.01335,6.01335
6.01345,2.2844151317E-05,-0.000277191691566,6.01345,6.01345
6.01355,2.3017988497E-05,-0.00040800505667,6.01355,6.01355
6.01365,2.3162909201E-05,-0.000382954196539,6.01365,6.01365
6.01375,2.3210106519E-05,-0.000360366189852,6.01375,6.01375
6.01385,2.3219057766E-05,-0.000351922062691,6.01385,6.01385
6.01395,2.3250006052E-05,-0.000249114993494,6.01395,6.01395
6.01405,1.4479544006E-05,-9.85081481933594,6.01405,6.01405
6.01415,6.679698E-07,-9.99734497070313,6.01415,6.01415
6.01425,1.12278833E-07,-9.99758052825928,6.01425,6.01425
6.01435,-3.631911E-09,-9.99785995483398,6.01435,6.01435
6.01445,-7.0860985E-08,-9.99790477752686,6.01445,6.01445
6.01455,-7.1810149E-08,-9.99815464019775,6.01455,6.01455
6.01465,-8.5007073E-08,-9.99813270568848,6.01465,6.01465
6.01475,-9.8464142E-08,-9.998291015625,6.01475,6.01475
6.01485,-9.5940059E-08,-9.99824714660645,6.01485,6.01485
6.01495,-1.33400476E-07,-9.99822616577148,6.01495,6.01495
6.01505,-5.293974027E-06,-0.157808795571327,6.01505,6.01505
6.01515,1.7881060558E-05,-0.001379289082251,6.01515,6.01515
6.01525,2.1859837943E-05,-0.000985863851383,6.01525,6.01525
6.01535,2.2951089704E-05,-0.000724800047465,6.01535,6.01535
6.01545,2.3373158911E-05,-0.000433689245256,6.01545,6.01545
6.01555,2.3552038328E-05,-0.000687364430632,6.01555,6.01555
6.01565,2.3682412575E-05,-0.00056731730001,6.01565,6.01565
6.01575,2.3722557671E-05,-0.000519326596987,6.01575,6.01575
6.01585,2.3755279472E-05,-0.000250733457506,6.01585,6.01585
6.01595,2.3748199965E-05,0.000119892727525,6.01595,6.01595
6.01605,1.4579481103E-05,-9.83053493499756,6.01605,6.01605
6.01615,6.86172712E-07,-9.9969425201416,6.01615,6.01615
6.01625,8.8113772E-08,-9.99765396118164,6.01625,6.01625
6.01635,-2.9554689E-08,-9.9977331161499,6.01635,6.01635
6.01645,-6.2613786E-08,-9.99787425994873,6.01645,6.01645
6.01655,-6.9496998E-08,-9.99796009063721,6.01655,6.01655
6.01665,-9.8112594E-08,-9.99789237976074,6.01665,6.01665
6.01675,-8.9035758E-08,-9.99782657623291,6.01675,6.01675
6.01685,-8.8114717E-08,-9.99790191650391,6.01685,6.01685
6.01695,-9.6748607E-08,-9.99800205230713,6.01695,6.01695
6.01705,-5.074955425E-06,-0.177734017372131,6.01705,6.01705
6.01715,1.8316446585E-05,-0.00138400378637,6.01715,6.01715
6.01725,2.2329499188E-05,-0.000849632138852,6.01725,6.01725
6.01735,2.3472055545E-05,-0.000716355920304,6.01735,6.01735
6.01745,2.3861832233E-05,-0.000462751049781,6.01745,6.01745
6.01755,2.4072533051E-05,-0.000794534338638,6.01755,6.01755
6.01765,2.4195151127E-05,-0.000607286114246,6.01765,6.01765
6.01775,2.4221264539E-05,-0.0004286931362,6.01775,6.01775
6.01785,2.4240633138E-05,-0.000611719267908,6.01785,6.01785
6.01795,2.4271730581E-05,-0.000673642789479,6.01795,6.01795
6.01805,1.4671269128E-05,-9.81099414825439,6.01805,6.01805
6.01815,6.70064992E-07,-9.99778938293457,6.01815,6.01815
6.01825,1.45330901E-07,-9.99797534942627,6.01825,6.01825
6.01835,-1.213295E-09,-9.99807739257813,6.01835,6.01835
6.01845,-5.6117276E-08,-9.99801254272461,6.01845,6.01845
6.01855,-6.9637615E-08,-9.99791622161865,6.01855,6.01855
6.01865,-5.2742461E-08,-9.99792575836182,6.01865,6.01865
6.01875,-7.7378594E-08,-9.99824810028076,6.01875,6.01875
6.01885,-9.7831361E-08,-9.99785995483398,6.01885,6.01885
6.01895,-8.904982E-08,-9.99793815612793,6.01895,6.01895
6.01905,-4.86511226E-06,-0.197582900524139,6.01905,6.01905
6.01915,1.8681403162E-05,-0.001313565764576,6.01915,6.01915
6.01925,2.2763668312E-05,-0.000637192337308,6.01925,6.01925
6.01935,2.3884900656E-05,-0.000743728887755,6.01935,6.01935
6.01945,2.4312179448E-05,-0.00049828668125,6.01945,6.01945
6.01955,2.4514070901E-05,-0.000344463100191,6.01955,6.01955
6.01965,2.4646165912E-05,-0.000698975112755,6.01965,6.01965
6.01975,2.4712178856E-05,-0.000915144395549,6.01975,6.01975
6.01985,2.4750659577E-05,-0.000895300705452,6.01985,6.01985
6.01995,2.4730916266E-05,-0.000527137424797,6.01995,6.01995
6.02005,1.4768877918E-05,-9.79111194610596,6.02005,6.02005
6.02015,6.75549074E-07,-9.99747371673584,6.02015,6.02015
6.02025,1.12609285E-07,-9.99787521362305,6.02025,6.02025
6.02035,-6.106773E-09,-9.99793910980225,6.02035,6.02035
6.02045,-5.8444488E-08,-9.99804306030273,6.02045,6.02045
6.02055,-8.6968683E-08,-9.99784851074219,6.02055,6.02055
6.02065,-8.466256E-08,-9.99783611297607,6.02065,6.02065
6.02075,-7.0017286E-08,-9.99779033660889,6.02075,6.02075
6.02085,-7.1057848E-08,-9.99790096282959,6.02085,6.02085
6.02095,-1.17784943E-07,-9.99807739257813,6.02095,6.02095
6.02105,-4.704928415E-06,-0.217916175723076,6.02105,6.02105
6.02115,1.9073964722E-05,-0.001497436314821,6.02115,6.02115
6.02125,2.3165777748E-05,-0.00082563678734,6.02125,6.02125
6.02135,2.4311793823E-05,-0.000516230415087,6.02135,6.02135
6.02145,2.475103247E-05,-0.000451140396763,6.02145,6.02145
6.02155,2.4948803912E-05,-0.000349881418515,6.02155,6.02155
6.02165,2.5032175472E-05,-0.000372539798263,6.02165,6.02165
6.02175,2.5110864954E-05,-0.00010479104094,6.02175,6.02175
6.02185,2.514499829E-05,-0.000473165448057,6.02185,6.02185
6.02195,2.5164566978E-05,-0.000373876770027,6.02195,6.02195
6.02205,1.4906373508E-05,-9.77071857452393,6.02205,6.02205
6.02215,7.04727142E-07,-9.99697780609131,6.02215,6.02215
6.02225,9.8055409E-08,-9.99744510650635,6.02225,6.02225
6.02235,-7.674655E-09,-9.99766635894775,6.02235,6.02235
6.02245,-8.0001101E-08,-9.99782752990723,6.02245,6.02245
6.02255,-8.9633382E-08,-9.99773216247559,6.02255,6.02255
6.02265,-8.9162313E-08,-9.99765205383301,6.02265,6.02265
6.02275,-1.10789237E-07,-9.997878074646,6.02275,6.02275
6.02285,-1.22615134E-07,-9.99800968170166,6.02285,6.02285
6.02295,-1.05839511E-07,-9.99806785583496,6.02295,6.02295
6.02305,-4.582022029E-06,-0.237929984927177,6.02305,6.02305
6.02315,1.9368972062E-05,-0.001436638762243,6.02315,6.02315
6.02325,2.3547348974E-05,-0.000911696406547,6.02325,6.02325
6.02335,2.4708924684E-05,-0.000760898634326,6.02335,6.02335
6.02345,2.5142418963E-05,-0.000456980924355,6.02345,6.02345
6.02355,2.5346145776E-05,-0.000337778183166,6.02355,6.02355
6.02365,2.5499228286E-05,-3.6956669646E-05,6.02365,6.02365
6.02375,2.5535577151E-05,-0.000190991355339,6.02375,6.02375
6.02385,2.5557541449E-05,-0.000120483018691,6.02385,6.02385
6.02395,2.5591445592E-05,-0.000138004557812,6.02395,6.02395
6.02405,1.5007934053E-05,-9.75046348571777,6.02405,6.02405
6.02415,6.831213E-07,-9.99705791473389,6.02415,6.02415
6.02425,9.3597841E-08,-9.99729537963867,6.02425,6.02425
6.02435,-3.9411955E-08,-9.99789619445801,6.02435,6.02435
6.02445,-8.0057347E-08,-9.99769687652588,6.02445,6.02445
6.02455,-1.02731875E-07,-9.99773406982422,6.02455,6.02455
6.02465,-1.24288491E-07,-9.99761867523193,6.02465,6.02465
6.02475,-8.0739341E-08,-9.99764633178711,6.02475,6.02475
6.02485,-1.11794648E-07,-9.99767017364502,6.02485,6.02485
6.02495,-1.33709833E-07,-9.9977388381958,6.02495,6.02495
6.02505,-4.441686087E-06,-0.257660567760467,6.02505,6.02505
6.02515,1.9681227059E-05,-0.001154112746008,6.02515,6.02515
6.02525,2.3901662644E-05,-0.000638247875031,6.02525,6.02525
6.02535,2.508480793E-05,-0.000602782587521,6.02535,6.02535
6.02545,2.5545392418E-05,-0.000412016001064,6.02545,6.02545
6.02555,2.5734312658E-05,-0.000316808640491,6.02555,6.02555
6.02565,2.5856155844E-05,-0.000403853366151,6.02565,6.02565
6.02575,2.5889306926E-05,-0.00048386133858,6.02575,6.02575
6.02585,2.5933446523E-05,-0.00034382980084,6.02585,6.02585
6.02595,2.593053614E-05,-0.0002600219741,6.02595,6.02595
6.02605,1.5102844372E-05,-9.73047161102295,6.02605,6.02605
6.02615,7.00536759E-07,-9.99670791625977,6.02615,6.02615
6.02625,1.09874279E-07,-9.99715614318848,6.02625,6.02625
6.02635,-1.0311227E-08,-9.99739265441895,6.02635,6.02635
6.02645,-3.8772146E-08,-9.99724674224854,6.02645,6.02645
6.02655,-4.3356266E-08,-9.99754428863525,6.02655,6.02655
6.02665,-5.7101595E-08,-9.99776458740234,6.02665,6.02665
6.02675,-1.0024295E-07,-9.99779033660889,6.02675,6.02675
6.02685,-1.31748223E-07,-9.99804306030273,6.02685,6.02685
6.02695,-1.10346292E-07,-9.99800586700439,6.02695,6.02695
6.02705,-4.323159828E-06,-0.277907997369766,6.02705,6.02705
6.02715,1.9953764422E-05,-0.001389070181176,6.02715,6.02715
6.02725,2.4251054128E-05,-0.000817474152427,6.02725,6.02725
6.02735,2.5420826205E-05,-0.000581672298722,6.02735,6.02735
6.02745,2.5879962777E-05,-0.000505041971337,6.02745,6.02745
6.02755,2.6087787774E-05,-0.000698763993569,6.02755,6.02755
6.02765,2.6222773158E-05,-0.000445229525212,6.02765,6.02765
6.02775,2.6267982321E-05,-0.000345588981872,6.02775,6.02775
6.02785,2.6293208066E-05,-0.000368247361621,6.02785,6.02785
6.02795,2.6266696295E-05,-0.000277332408587,6.02795,6.02795
6.02805,1.5179157344E-05,-9.71077919006348,6.02805,6.02805
6.02815,7.00072746E-07,-9.99721813201904,6.02815,6.02815
6.02825,1.11864011E-07,-9.99788475036621,6.02825,6.02825
6.02835,8.545538E-09,-9.99772644042969,6.02835,6.02835
6.02845,-1.9964597E-08,-9.997971534729,6.02845,6.02845
6.02855,-4.8284896E-08,-9.99782371520996,6.02855,6.02855
6.02865,-7.4601402E-08,-9.99796009063721,6.02865,6.02865
6.02875,-7.8841012E-08,-9.99778652191162,6.02875,6.02875
6.02885,-1.002781E-07,-9.99778842926025,6.02885,6.02885
6.02895,-1.02007689E-07,-9.99796676635742,6.02895,6.02895
6.02905,-4.156809609E-06,-0.297557801008224,6.02905,6.02905
6.02915,2.0297087758E-05,-0.001263041864149,6.02915,6.02915
6.02925,2.4586721338E-05,-0.000729655381292,6.02925,6.02925
6.02935,2.5765199098E-05,-0.000747810234316,6.02935,6.02935
6.02945,2.6235709811E-05,-0.000292954035103,6.02945,6.02945
6.02955,2.6426379918E-05,-0.000318497448461,6.02955,6.02955
6.02965,2.6524798159E-05,-0.000262836692855,6.02965,6.02965
6.02975,2.6595240342E-05,-0.000235111845541,6.02975,6.02975
6.02985,2.6628116757E-05,-0.000200983558898,6.02985,6.02985
6.02995,2.6630641514E-05,-0.000273532554274,6.02995,6.02995
6.03005,1.528770008E-05,-9.69053268432617,6.03005,6.03005
6.03015,7.13093868E-07,-9.99660491943359,6.03015,6.03015
6.03025,1.42616997E-07,-9.99716854095459,6.03025,6.03025
6.03035,2.2916614E-08,-9.99721813201904,6.03035,6.03035
6.03045,-2.3065205E-08,-9.99734878540039,6.03045,6.03045
6.03055,-2.6686099E-08,-9.99743366241455,6.03055,6.03055
6.03065,-4.8024756E-08,-9.9974946975708,6.03065,6.03065
6.03075,-8.9162313E-08,-9.99745845794678,6.03075,6.03075
6.03085,-8.945058E-08,-9.99784851074219,6.03085,6.03085
6.03095,-1.05445785E-07,-9.99786758422852,6.03095,6.03095
6.03105,-4.068037924E-06,-0.317380219697952,6.03105,6.03105
6.03115,2.0465955458E-05,-0.001194855663925,6.03115,6.03115
6.03125,2.4846476663E-05,-0.000734088534955,6.03125,6.03125
6.03135,2.6047642677E-05,-0.000699678785168,6.03135,6.03135
6.03145,2.6507685106E-05,-0.000449592305813,6.03145,6.03145
6.03155,2.6753210477E-05,-0.000139341529575,6.03155,6.03155
6.03165,2.6876819902E-05,-0.00043024122715,6.03165,6.03165
6.03175,2.690891597E-05,-0.000387739186408,6.03175,6.03175
6.03185,2.6946705475E-05,-0.000252703757724,6.03185,6.03185
6.03195,2.6983780117E-05,-0.000482383620692,6.03195,6.03195
6.03205,1.5389048713E-05,-9.6707067489624,6.03205,6.03205
6.03215,6.65755124E-07,-9.99723625183105,6.03215,6.03215
6.03225,7.9789231E-08,-9.99713039398193,6.03225,6.03225
6.03235,-3.8329201E-08,-9.99767303466797,6.03235,6.03235
6.03245,-1.02745936E-07,-9.99799060821533,6.03245,6.03245
6.03255,-1.02499854E-07,-9.99799060821533,6.03255,6.03255
6.03265,-1.14185141E-07,-9.99796772003174,6.03265,6.03265
6.03275,-1.09390093E-07,-9.9977388381958,6.03275,6.03275
6.03285,-1.10486909E-07,-9.99776744842529,6.03285,6.03285
6.03295,-1.22249531E-07,-9.99793148040771,6.03295,6.03295
6.03305,-3.987281616E-06,-0.337717950344086,6.03305,6.03305
6.03315,2.0741184926E-05,-0.001497999299318,6.03315,6.03315
6.03325,2.5123428713E-05,-0.001065519987606,6.03325,6.03325
6.03335,2.6370533305E-05,-0.000851532095112,6.03335,6.03335
6.03345,2.6828101909E-05,-0.000542266468983,6.03345,6.03345
6.03355,2.704167855E-05,-0.000523759750649,6.03355,6.03355
6.03365,2.7149995731E-05,-0.000568935764022,6.03365,6.03365
6.03375,2.7224192308E-05,-0.000398716540076,6.03375,6.03375
6.03385,2.7272544685E-05,-0.000453462533187,6.03385,6.03385
6.03395,2.7274019885E-05,-0.000289154180791,6.03395,6.03395
6.03405,1.5473327949E-05,-9.65069103240967,6.03405,6.03405
6.03415,6.9695102E-07,-9.99706840515137,6.03415,6.03415
6.03425,9.21073E-08,-9.99770832061768,6.03425,6.03425
6.03435,-8.968333E-09,-9.99812316894531,6.03435,6.03435
6.03445,-3.7169109E-08,-9.99810123443604,6.03445,6.03445
6.03455,-8.4746937E-08,-9.99841594696045,6.03455,6.03455
6.03465,-9.3964388E-08,-9.99864482879639,6.03465,6.03465
6.03475,-6.3661389E-08,-9.99868869781494,6.03475,6.03475
6.03485,-9.2825388E-08,-9.99874019622803,6.03485,6.03485
6.03495,-1.08173758E-07,-9.99851131439209,6.03495,6.03495
6.03505,-3.871898116E-06,-0.357838988304138,6.03505,6.03505
6.03515,2.1005720555E-05,-0.001370493206196,6.03515,6.03515
6.03525,2.5428778827E-05,-0.000956872361712,6.03525,6.03525
6.03535,2.663973828E-05,-0.00084400275955,6.03535,6.03535
6.03545,2.7117182981E-05,-0.000611437833868,6.03545,6.03545
6.03555,2.7353018595E-05,-0.000712063512765,6.03555,6.03555
6.03565,2.7465906896E-05,-0.000732962682378,6.03565,6.03565
6.03575,2.7536159905E-05,-0.000677513016853,6.03575,6.03575
6.03585,2.7556625355E-05,-0.00056668400066,6.03585,6.03585
6.03595,2.7555501219E-05,-0.000552540121134,6.03595,6.03595
6.03605,1.5552348486E-05,-9.63107681274414,6.03605,6.03605
6.03615,6.74009357E-07,-9.99755764007568,6.03615,6.03615
6.03625,8.5280334E-08,-9.99773216247559,6.03625,6.03625
6.03635,-3.2430311E-08,-9.99789237976074,6.03635,6.03635
6.03645,-8.8824834E-08,-9.99799346923828,6.03645,6.03645
6.03655,-7.4292046E-08,-9.99812889099121,6.03655,6.03655
6.03665,-9.3844868E-08,-9.99803066253662,6.03665,6.03665
6.03675,-1.05593429E-07,-9.99779415130615,6.03675,6.03675
6.03685,-9.6158018E-08,-9.99796295166016,6.03685,6.03685
6.03695,-8.8838895E-08,-9.9981517791748,6.03695,6.03695
6.03705,-3.768523356E-06,-0.377831846475601,6.03705,6.03705
6.03715,2.1163874408E-05,-0.001538671785966,6.03715,6.03715
6.03725,2.5657780498E-05,-0.000826481205877,6.03725,6.03725
6.03735,2.6946643629E-05,-0.000746262143366,6.03735,6.03735
6.03745,2.7396237783E-05,-0.000452336651506,6.03745,6.03745
6.03755,2.7621113986E-05,-0.00062797422288,6.03755,6.03755
6.03765,2.775496614E-05,-0.000386613304727,6.03765,6.03765
6.03775,2.7798136216E-05,-0.000602923333645,6.03775,6.03775
6.03785,2.7828735256E-05,-0.000327223038767,6.03785,6.03785
6.03795,2.7854122891E-05,-0.000507997407112,6.03795,6.03795
6.03805,1.5670297216E-05,-9.61092281341553,6.03805,6.03805
6.03815,6.98364204E-07,-9.99731540679932,6.03815,6.03815
6.03825,1.10717984E-07,-9.99745655059814,6.03825,6.03825
6.03835,4.798089E-09,-9.99753761291504,6.03835,6.03835
6.03845,-3.3520092E-08,-9.99772071838379,6.03845,6.03845
6.03855,-5.2383889E-08,-9.99774837493896,6.03855,6.03855
6.03865,-7.3553807E-08,-9.99791622161865,6.03865,6.03865
6.03875,-1.13418778E-07,-9.99788284301758,6.03875,6.03875
6.03885,-1.16997484E-07,-9.99787998199463,6.03885,6.03885
6.03895,-1.02963888E-07,-9.99790859222412,6.03895,6.03895
6.03905,-3.704036317E-06,-0.397757977247238,6.03905,6.03905
6.03915,2.1404877771E-05,-0.00137872621417,6.03915,6.03915
6.03925,2.5911531338E-05,-0.000951805908699,6.03925,6.03925
6.03935,2.7150059395E-05,-0.000564010057133,6.03935,6.03935
6.03945,2.764967212E-05,-0.000207598117413,6.03945,6.03945
6.03955,2.7883392249E-05,-0.000220897592953,6.03955,6.03955
6.03965,2.8012414987E-05,-0.000321101077134,6.03965,6.03965
6.03975,2.8076607123E-05,0.000202433933737,6.03975,6.03975
6.03985,2.8136848414E-05,4.7273355449E-05,6.03985,6.03985
6.03995,2.8145515898E-05,-6.1937171267E-05,6.03995,6.03995
6.04005,1.577252624E-05,-9.59057712554932,6.04005,6.04005
6.04015,6.91502123E-07,-9.99727916717529,6.04015,6.04015
6.04025,7.3749725E-08,-9.99739456176758,6.04025,6.04025
6.04035,-5.7530478E-08,-9.99727058410645,6.04035,6.04035
6.04045,-9.4519827E-08,-9.99748611450195,6.04045,6.04045
6.04055,-9.5806477E-08,-9.99768447875977,6.04055,6.04055
6.04065,-5.6904732E-08,-9.99799537658691,6.04065,6.04065
6.04075,-9.9828128E-08,-9.9980001449585,6.04075,6.04075
6.04085,-8.599843E-08,-9.9981689453125,6.04085,6.04085
6.04095,-9.8907087E-08,-9.99840641021729,6.04095,6.04095
6.04105,-3.605639449E-06,-0.417503118515015,6.04105,6.04105
6.04115,2.1638878025E-05,-0.001196896308102,6.04115,6.04115
6.04125,2.6172538128E-05,-0.000626848312095,6.04125,6.04125
6.04135,2.7434127333E-05,-0.000321804749547,6.04135,6.04135
6.04145,2.7906588002E-05,-4.4767471991E-05,6.04145,6.04145
6.04155,2.8146501791E-05,-2.1827632736E-05,6.04155,6.04155
6.04165,2.8274533179E-05,0.000133614405058,6.04165,6.04165
6.04175,2.8322770959E-05,-0.000205838921829,6.04175,6.04175
6.04185,2.8362657758E-05,-0.000235252577113,6.04185,6.04185
6.04195,2.8401391319E-05,-0.000258614629274,6.04195,6.04195
6.04205,1.5829160475E-05,-9.57062911987305,6.04205,6.04205
6.04215,6.54315897E-07,-9.99704074859619,6.04215,6.04215
6.04225,6.1262917E-08,-9.99741554260254,6.04225,6.04225
6.04235,-3.3119335E-08,-9.99766159057617,6.04235,6.04235
6.04245,-8.6349971E-08,-9.9978609085083,6.04245,6.04245
6.04255,-1.17953682E-07,-9.99777698516846,6.04255,6.04255
6.04265,-1.26981305E-07,-9.99765872955322,6.04265,6.04265
6.04275,-1.10690806E-07,-9.99766159057617,6.04275,6.04275
6.04285,-1.34356682E-07,-9.99764251708984,6.04285,6.04285
6.04295,-1.34145751E-07,-9.99751567840576,6.04295,6.04295
6.04305,-3.535865289E-06,-0.437183678150177,6.04305,6.04305
6.04315,2.181417949E-05,-0.000998107832856,6.04315,6.04315
6.04325,2.6370646083E-05,-0.001006903708912,6.04325,6.04325
6.04335,2.767487058E-05,-0.000856950413436,6.04335,6.04335
6.04345,2.818766734E-05,-0.000362125370884,6.04345,6.04345
6.04355,2.8367692721E-05,-0.000424541445682,6.04355,6.04355
6.04365,2.8510101401E-05,-0.000538466614671,6.04365,6.04365
6.04375,2.8573176678E-05,-0.000205275980989,6.04375,6.04375
6.04385,2.8626547646E-05,-0.00017931034381,6.04385,6.04385
6.04395,2.8645959901E-05,-1.5424180674E-05,6.04395,6.04395
6.04405,1.5921770682E-05,-9.55062580108643,6.04405,6.04405
6.04415,6.72251645E-07,-9.99734592437744,6.04415,6.04415
6.04425,8.8704361E-08,-9.99771785736084,6.04425,6.04425
6.04435,-4.0354088E-08,-9.99806022644043,6.04435,6.04435
6.04445,-8.0950272E-08,-9.99807929992676,6.04445,6.04445
6.04455,-6.0617026E-08,-9.99818515777588,6.04455,6.04455
6.04465,-1.09179169E-07,-9.99785709381104,6.04465,6.04465
6.04475,-1.18143518E-07,-9.99800586700439,6.04475,6.04475
6.04485,-1.16090504E-07,-9.99813461303711,6.04485,6.04485
6.04495,-1.33941853E-07,-9.99819374084473,6.04495,6.04495
6.04505,-3.464649808E-06,-0.457648694515228,6.04505,6.04505
6.04515,2.1997544536E-05,-0.001472807722166,6.04515,6.04515
6.04525,2.6619827622E-05,-0.001023791963235,6.04525,6.04525
6.04535,2.7924508686E-05,-0.001012251712382,6.04535,6.04535
6.04545,2.8420585295E-05,-0.000870812800713,6.04545,6.04545
6.04555,2.866581417E-05,-0.000901070889086,6.04555,6.04555
6.04565,2.8797045161E-05,-0.000660554389469,6.04565,6.04565
6.04575,2.8843302061E-05,-0.000620233768132,6.04575,6.04575
6.04585,2.8848406146E-05,-0.000577731698286,6.04585,6.04585
6.04595,2.8909180401E-05,-0.000492375809699,6.04595,6.04595
6.04605,1.6079908164E-05,-9.53089904785156,6.04605,6.04605
6.04615,7.06892649E-07,-9.99700927734375,6.04615,6.04615
6.04625,1.22635285E-07,-9.99736022949219,6.04625,6.04625
6.04635,-2.1680126E-08,-9.99739933013916,6.04635,6.04635
6.04645,-5.8451519E-08,-9.99757766723633,6.04645,6.04645
6.04655,-9.1018457E-08,-9.99731540679932,6.04655,6.04655
6.04665,-1.24872045E-07,-9.99774074554443,6.04665,6.04665
6.04675,-1.26453983E-07,-9.9979248046875,6.04675,6.04675
6.04685,-1.49873784E-07,-9.99779415130615,6.04685,6.04685
6.04695,-1.46998161E-07,-9.99784374237061,6.04695,6.04695
6.04705,-3.392238796E-06,-0.477136433124542,6.04705,6.04705
6.04715,2.2178757717E-05,-0.000944276573136,6.04715,6.04715
6.04725,2.6876368793E-05,-0.000423697027145,6.04725,6.04725
6.04735,2.8200807719E-05,-0.000452758860774,6.04735,6.04735
6.04745,2.8657721487E-05,-0.000274939928204,6.04745,6.04745
6.04755,2.8886921427E-05,-4.35880906E-07,6.04755,6.04755
6.04765,2.8999744245E-05,-0.000156159396283,6.04765,6.04765
6.04775,2.9055985578E-05,-0.000293376215268,6.04775,6.04775
6.04785,2.9131151678E-05,-0.000413493718952,6.04785,6.04785
6.04795,2.9116175938E-05,-0.000396464776713,6.04795,6.04795
6.04805,1.6121073713E-05,-9.51098728179932,6.04805,6.04805
6.04815,7.04298259E-07,-9.99721813201904,6.04815,6.04815
6.04825,9.8568655E-08,-9.99742221832275,6.04825,6.04825
6.04835,-5.4507208E-08,-9.99777317047119,6.04835,6.04835
6.04845,-6.8294725E-08,-9.99785709381104,6.04845,6.04845
6.04855,-6.7310403E-08,-9.99808406829834,6.04855,6.04855
6.04865,-9.4105005E-08,-9.99824810028076,6.04865,6.04865
6.04875,-9.9279717E-08,-9.99834823608398,6.04875,6.04875
6.04885,-9.8597724E-08,-9.99825954437256,6.04885,6.04885
6.04895,-1.08166724E-07,-9.99804973602295,6.04895,6.04895
6.04905,-3.328412731E-06,-0.497810661792755,6.04905,6.04905
6.04915,2.2398928195E-05,-0.001237428048626,6.04915,6.04915
6.04925,2.7062933441E-05,-0.000791719590779,6.04925,6.04925
6.04935,2.8398009817E-05,-0.000129841908347,6.04935,6.04935
6.04945,2.8876114811E-05,-0.000156159396283,6.04945,6.04945
6.04955,2.9153616197E-05,-0.000256714702118,6.04955,6.04955
6.04965,2.9265167541E-05,-0.000513063918334,6.04965,6.04965
6.04975,2.9326638469E-05,-0.000482383620692,6.04975,6.04975
6.04985,2.9388747862E-05,-0.000444807315944,6.04985,6.04985
6.04995,2.9420674764E-05,-0.000483509502374,6.04995,6.04995
6.05005,1.6237407181E-05,-9.49068641662598,6.05005,6.05005
6.05015,7.02934301E-07,-9.99695682525635,6.05015,6.05015
6.05025,9.4075936E-08,-9.99726390838623,6.05025,6.05025
6.05035,-3.603787E-09,-9.99747657775879,6.05035,6.05035
6.05045,-5.0963656E-08,-9.99747371673584,6.05045,6.05045
6.05055,-5.1258951E-08,-9.99745559692383,6.05055,6.05055
6.05065,-6.8111923E-08,-9.99764728546143,6.05065,6.05065
6.05075,-8.2356443E-08,-9.99797439575195,6.05075,6.05075
6.05085,-1.01909258E-07,-9.99805545806885,6.05085,6.05085
6.05095,-1.27550805E-07,-9.99807643890381,6.05095,6.05095
6.05105,-3.248042958E-06,-0.517794072628021,6.05105,6.05105
6.05115,2.2565523977E-05,-0.001608687569387,6.05115,6.05115
6.05125,2.7307283744E-05,-0.001123010297306,6.05125,6.05125
6.05135,2.8596412449E-05,-0.000891641597264,6.05135,6.05135
6.05145,2.9109989555E-05,-0.000632829556707,6.05145,6.05145
6.05155,2.9358754546E-05,-0.00055056985002,6.05155,6.05155
6.05165,2.9467015338E-05,-0.000371554633602,6.05165,6.05165
6.05175,2.9545059078E-05,-0.00049645715626,6.05175,6.05175
6.05185,2.9548320526E-05,-0.000166714540683,6.05185,6.05185
6.05195,2.9576845918E-05,-0.000240530149313,6.05195,6.05195
6.05205,1.6314957975E-05,-9.47055912017822,6.05205,6.05205
6.05215,7.02863986E-07,-9.99662208557129,6.05215,6.05215
6.05225,8.5941238E-08,-9.99726581573486,6.05225,6.05225
6.05235,-6.7310403E-08,-9.99774932861328,6.05235,6.05235
6.05245,-5.3150252E-08,-9.99774932861328,6.05245,6.05245
6.05255,-1.03336525E-07,-9.99734115600586,6.05255,6.05255
6.05265,-1.21363655E-07,-9.99760150909424,6.05265,6.05265
6.05275,-1.14311696E-07,-9.99780750274658,6.05275,6.05275
6.05285,-1.15598347E-07,-9.99788856506348,6.05285,6.05285
6.05295,-1.50886223E-07,-9.99787712097168,6.05295,6.05295
6.05305,-3.227955858E-06,-0.537690341472626,6.05305,6.05305
6.05315,2.270060213E-05,-0.001206606975757,6.05315,6.05315
6.05325,2.7457203032E-05,-0.000465917604743,6.05325,6.05325
6.05335,2.8796166589E-05,-0.000459725240944,6.05335,6.05335
6.05345,2.9301965697E-05,-0.000465847231681,6.05345,6.05345
6.05355,2.9545277357E-05,-0.000558802857995,6.05355,6.05355
6.05365,2.96672697E-05,-0.000474995031254,6.05365,6.05365
6.05375,2.9766988519E-05,-0.000411523447838,6.05375,6.05375
6.05385,2.980028512E-05,-0.000552680867258,6.05385,6.05385
6.05395,2.9817827453E-05,-0.000262695946731,6.05395,6.05395
6.05405,1.6379261069E-05,-9.45065498352051,6.05405,6.05405
6.05415,6.74255432E-07,-9.99703788757324,6.05415,6.05415
6.05425,7.3173197E-08,-9.99746036529541,6.05425,6.05425
6.05435,-6.768304E-08,-9.99772644042969,6.05435,6.05435
6.05445,-1.03470114E-07,-9.99755191802979,6.05445,6.05445
6.05455,-9.9771881E-08,-9.99766254425049,6.05455,6.05455
6.05465,-1.14965566E-07,-9.99736022949219,6.05465,6.05465
6.05475,-1.03055292E-07,-9.99772930145264,6.05475,6.05475
6.05485,-1.12652415E-07,-9.99762725830078,6.05485,6.05485
6.05495,-1.09073703E-07,-9.99723434448242,6.05495,6.05495
6.05505,-3.12659904E-06,-0.557301878929138,6.05505,6.05505
6.05515,2.2848747903E-05,-0.001075090025552,6.05515,6.05515
6.05525,2.770640458E-05,-0.000483650248498,6.05525,6.05525
6.05535,2.905384099E-05,-0.000489068566822,6.05535,6.05535
6.05545,2.95406644E-05,-0.000312868040055,6.05545,6.05545
6.05555,2.9792910937E-05,-0.000309068214847,6.05555,6.05555
6.05565,2.9910635931E-05,-0.000120764489111,6.05565,6.05565
6.05575,2.998760101E-05,0.000143888086313,6.05575,6.05575
6.05585,3.001938785E-05,-0.000146519028931,6.05585,6.05585
6.05595,3.0044227969E-05,5.2902763855E-05,6.05595,6.05595
6.05605,1.654251173E-05,-9.43046474456787,6.05605,6.05605
6.05615,7.1374069E-07,-9.99725246429443,6.05615,6.05615
6.05625,8.2278156E-08,-9.99758434295654,6.05625,6.05625
6.05635,3.16693E-09,-9.99778747558594,6.05635,6.05635
6.05645,-8.2166608E-08,-9.99767875671387,6.05645,6.05645
6.05655,-7.5557601E-08,-9.99792194366455,6.05655,6.05655
6.05665,-1.13228943E-07,-9.99806976318359,6.05665,6.05665
6.05675,-9.4238594E-08,-9.99795818328857,6.05675,6.05675
6.05685,-1.12047758E-07,-9.99799251556396,6.05685,6.05685
6.05695,-1.10058025E-07,-9.99814128875732,6.05695,6.05695
6.05705,-3.068242904E-06,-0.57739120721817,6.05705,6.05705
6.05715,2.3068983865E-05,-0.000936536176596,6.05715,6.05715
6.05725,2.7870912163E-05,-0.00035966251744,6.05725,6.05725
6.05735,2.9235763577E-05,-0.000302805477986,6.05735,6.05735
6.05745,2.9769526009E-05,-0.000153907632921,6.05745,6.05745
6.05755,2.9986273148E-05,-0.000295346515486,6.05755,6.05755
6.05765,3.013155947E-05,-0.000281835935311,6.05765,6.05765
6.05775,3.0192875784E-05,-0.000439951953012,6.05775,6.05775
6.05785,3.0216167943E-05,-0.000188106292626,6.05785,6.05785
6.05795,3.0230559787E-05,4.4177180825E-05,6.05795,6.05795
6.05805,1.6600542949E-05,-9.41062450408936,6.05805,6.05805
6.05815,6.93562129E-07,-9.99720764160156,6.05815,6.05815
6.05825,1.06464313E-07,-9.99740695953369,6.05825,6.05825
6.05835,-3.9573663E-08,-9.99753761291504,6.05835,6.05835
6.05845,-8.7559279E-08,-9.99783706665039,6.05845,6.05845
6.05855,-1.04152107E-07,-9.99790954589844,6.05855,6.05855
6.05865,-1.23332285E-07,-9.99785900115967,6.05865,6.05865
6.05875,-1.24204121E-07,-9.99783420562744,6.05875,6.05875
6.05885,-1.05424689E-07,-9.99771118164063,6.05885,6.05885
6.05895,-1.39594661E-07,-9.99813747406006,6.05895,6.05895
6.05905,-3.022155624E-06,-0.597148835659027,6.05905,6.05905
6.05915,2.3173995942E-05,-0.000941250764299,6.05915,6.05915
6.05925,2.8051064874E-05,-0.00044466656982,6.05925,6.05925
6.05935,2.9441212973E-05,-0.000369232497178,6.05935,6.05935
6.05945,2.9936200008E-05,-0.000262273737462,6.05945,6.05945
6.05955,3.0184874049E-05,-0.000294431752991,6.05955,6.05955
6.05965,3.0343573599E-05,-0.000401179393521,6.05965,6.05965
6.05975,3.0397915907E-05,3.0525865441E-05,6.05975,6.05975
6.05985,3.0436352972E-05,-2.105358908E-05,6.05985,6.05985
6.05995,3.0473876905E-05,8.078599421E-06,6.05995,6.05995
6.06005,1.6736836187E-05,-9.39085960388184,6.06005,6.06005
6.06015,7.17003047E-07,-9.99700832366943,6.06015,6.06015
6.06025,1.10774231E-07,-9.99776268005371,6.06025,6.06025
6.06035,7.3352E-11,-9.99781131744385,6.06035,6.06035
6.06045,-8.15268E-08,-9.99774932861328,6.06045,6.06045
6.06055,-9.4308902E-08,-9.99769687652588,6.06055,6.06055
6.06065,-9.3746436E-08,-9.99783611297607,6.06065,6.06065
6.06075,-1.14663237E-07,-9.99781322479248,6.06075,6.06075
6.06085,-1.32219299E-07,-9.99746417999268,6.06085,6.06085
6.06095,-1.43475702E-07,-9.99755668640137,6.06095,6.06095
6.06105,-2.975435564E-06,-0.617254018783569,6.06105,6.06105
6.06115,2.3346483431E-05,-0.000843158341013,6.06115,6.06115
6.06125,2.8227279472E-05,-0.000194087537238,6.06125,6.06125
6.06135,2.9624661693E-05,0.000164716897416,6.06135,6.06135
6.06145,3.0143777622E-05,0.000126155442558,6.06145,6.06145
6.06155,3.036489943E-05,0.000325436500134,6.06155,6.06155
6.06165,3.0518593121E-05,0.000114474423754,6.06165,6.06165
6.06175,3.0583516491E-05,8.5060761194E-05,6.06175,6.06175
6.06185,3.0593233532E-05,-0.000100217148429,6.06185,6.06185
6.06195,3.0619303288E-05,0.000316077610478,6.06195,6.06195
6.06205,1.6774944015E-05,-9.37054824829102,6.06205,6.06205
6.06215,7.12622807E-07,-9.99688053131104,6.06215,6.06215
6.06225,8.7396621E-08,-9.99740791320801,6.06225,6.06225
6.06235,-3.3302136E-08,-9.9975700378418,6.06235,6.06235
6.06245,-5.4978276E-08,-9.99778938293457,6.06245,6.06245
6.06255,-7.5782587E-08,-9.99790096282959,6.06255,6.06255
6.06265,-1.08750285E-07,-9.99805068969727,6.06265,6.06265
6.06275,-1.30953737E-07,-9.99813175201416,6.06275,6.06275
6.06285,-1.29997545E-07,-9.99824523925781,6.06285,6.06285
6.06295,-1.38772052E-07,-9.99813365936279,6.06295,6.06295
6.06305,-2.936512601E-06,-0.637288928031921,6.06305,6.06305
6.06315,2.3489617888E-05,-0.001121532637626,6.06315,6.06315
6.06325,2.8431833925E-05,-0.000776449858677,6.06325,6.06325
6.06335,2.9793944123E-05,-0.000399138749344,6.06335,6.06335
6.06345,3.0356946809E-05,-0.000429396808613,6.06345,6.06345
6.06355,3.0610914109E-05,-0.000167910780874,6.06355,6.06355
6.06365,3.0726903788E-05,0.000166898287716,6.06365,6.06365
6.06375,3.0810755561E-05,5.4873056797E-05,6.06375,6.06375
6.06385,3.0845661968E-05,-3.2453142921E-05,6.06385,6.06385
6.06395,3.0858140235E-05,-4.8567322665E-05,6.06395,6.06395
6.06405,1.6903833966E-05,-9.35066413879395,6.06405,6.06405
6.06415,7.25798657E-07,-9.99715232849121,6.06415,6.06415
6.06425,9.0159752E-08,-9.99779891967773,6.06425,6.06425
6.06435,-3.0588225E-08,-9.99783229827881,6.06435,6.06435
6.06445,-9.0814567E-08,-9.99796009063721,6.06445,6.06445
6.06455,-8.0331553E-08,-9.99794769287109,6.06455,6.06455
6.06465,-1.171381E-07,-9.99812984466553,6.06465,6.06465
6.06475,-1.24344737E-07,-9.99810218811035,6.06475,6.06475
6.06485,-1.33562196E-07,-9.99793243408203,6.06485,6.06485
6.06495,-1.2511812E-07,-9.99793338775635,6.06495,6.06495
6.06505,-2.870253866E-06,-0.657376527786255,6.06505,6.06505
6.06515,2.3626536859E-05,-0.000905926222913,6.06515,6.06515
6.06525,2.8579483114E-05,-0.000364588253433,6.06525,6.06525
6.06535,2.9997656384E-05,-0.000201335395104,6.06535,6.06535
6.06545,3.0511246223E-05,-0.000218997665797,6.06545,6.06545
6.06555,3.0795159546E-05,-0.000384502287488,6.06555,6.06555
6.06565,3.0915380194E-05,0.000164927987498,6.06565,6.06565
6.06575,3.0969968066E-05,7.2535323852E-05,6.06575,6.06575
6.06585,3.10196192E-05,9.0338333393E-05,6.06585,6.06585
6.06595,3.1035022403E-05,0.00011081530829,6.06595,6.06595
6.06605,1.7022015527E-05,-9.33006858825684,6.06605,6.06605
6.06615,7.51531559E-07,-9.99674701690674,6.06615,6.06615
6.06625,1.10570333E-07,-9.99711322784424,6.06625,6.06625
6.06635,-2.9125806E-08,-9.99736499786377,6.06635,6.06635
6.06645,-4.692091E-08,-9.99771690368652,6.06645,6.06645
6.06655,-6.5946416E-08,-9.99762058258057,6.06655,6.06655
6.06665,-9.7458724E-08,-9.99738883972168,6.06665,6.06665
6.06675,-8.8009251E-08,-9.99757671356201,6.06675,6.06675
6.06685,-9.1939505E-08,-9.99772930145264,6.06685,6.06685
6.06695,-1.19964511E-07,-9.99750709533691,6.06695,6.06695
6.06705,-2.817712129E-06,-0.676757991313934,6.06705,6.06705
6.06715,2.3811315259E-05,-0.000441148207756,6.06715,6.06715
6.06725,2.8820781154E-05,-0.000123860663734,6.06725,6.06725
6.06735,3.0214023354E-05,-8.2836348156E-05,6.06735,6.06735
6.06745,3.0723698728E-05,0.000170416664332,6.06745,6.06745
6.06755,3.0957184208E-05,8.5553336248E-05,6.06755,6.06755
6.06765,3.1094336009E-05,9.6178846434E-05,6.06765,6.06765
6.06775,3.1195369957E-05,0.000431199005106,6.06775,6.06775
6.06785,3.1227136787E-05,0.000381660211133,6.06785,6.06785
6.06795,3.1233696063E-05,0.000556382990908,6.06795,6.06795
6.06805,1.7111377019E-05,-9.31052017211914,6.06805,6.06805
6.06815,7.30966349E-07,-9.99658489227295,6.06815,6.06815
6.06825,1.26143689E-07,-9.99690723419189,6.06825,6.06825
6.06835,-2.7593078E-08,-9.99706840515137,6.06835,6.06835
6.06845,-6.7957238E-08,-9.99724674224854,6.06845,6.06845
6.06855,-6.5531594E-08,-9.99751472473145,6.06855,6.06855
6.06865,-8.5935149E-08,-9.99721908569336,6.06865,6.06865
6.06875,-1.00840573E-07,-9.99737358093262,6.06875,6.06875
6.06885,-9.7690744E-08,-9.99790477752686,6.06885,6.06885
6.06895,-8.5843745E-08,-9.99799823760986,6.06895,6.06895
6.06905,-2.783542186E-06,-0.697017848491669,6.06905,6.06905
6.06915,2.3900860469E-05,-0.000804526498541,6.06915,6.06915
6.06925,2.895938087E-05,-0.000293094752124,6.06925,6.06925
6.06935,3.0344628613E-05,-0.000141945143696,6.06935,6.06935
6.06945,3.0866718589E-05,-0.000101835605165,6.06945,6.06945
6.06955,3.1105515518E-05,0.000139806754305,6.06955,6.06955
6.06965,3.1215386116E-05,-0.000111757435661,6.06965,6.06965
6.06975,3.1309537007E-05,-0.000109505672299,6.06975,6.06975
6.06985,3.1358646083E-05,0.000142832563142,6.06985,6.06985
6.06995,3.1374474929E-05,2.3137266908E-05,6.06995,6.06995
6.07005,1.7192105588E-05,-9.29067420959473,6.07005,6.07005
6.07015,7.14021951E-07,-9.99709320068359,6.07015,6.07015
6.07025,6.4855691E-08,-9.99739456176758,6.07025,6.07025
6.07035,-1.6582753E-08,-9.99787521362305,6.07035,6.07035
6.07045,-7.4650622E-08,-9.9977855682373,6.07045,6.07045
6.07055,-8.5225032E-08,-9.99819374084473,6.07055,6.07055
6.07065,-1.06669155E-07,-9.99802398681641,6.07065,6.07065
6.07075,-1.11098593E-07,-9.99794483184814,6.07075,6.07075
6.07085,-8.7594429E-08,-9.99786472320557,6.07085,6.07085
6.07095,-1.20273867E-07,-9.99827003479004,6.07095,6.07095
6.07105,-2.735767566E-06,-0.717068731784821,6.07105,6.07105
6.07115,2.4066015612E-05,-0.000776872038841,6.07115,6.07115
6.07125,2.909925206E-05,-0.000418771291152,6.07125,6.07125
6.07135,3.0522340239E-05,-0.000184165706742,6.07135,6.07135
6.07145,3.1057359593E-05,-9.1984140454E-05,6.07145,6.07145
6.07155,3.133352584E-05,-0.00026375145535,6.07155,6.07155
6.07165,3.1454856071E-05,1.95661778E-06,6.07165,6.07165
6.07175,3.1513452996E-05,0.000336062017595,6.07175,6.07175
6.07185,3.1536204915E-05,0.000271464552497,6.07185,6.07185
6.07195,3.1575262256E-05,5.3747175116E-05,6.07195,6.07195
6.07205,1.7289996322E-05,-9.27068519592285,6.07205,6.07205
6.07215,7.33609909E-07,-9.99697780609131,6.07215,6.07215
6.07225,1.13670943E-07,-9.99738502502441,6.07225,6.07225
6.07235,-1.6814772E-08,-9.9976224899292,6.07235,6.07235
6.07245,-5.6208677E-08,-9.997971534729,6.07245,6.07245
6.07255,-8.9190436E-08,-9.99775981903076,6.07255,6.07255
6.07265,-1.21405833E-07,-9.9978141784668,6.07265,6.07265
6.07275,-1.28232799E-07,-9.99760341644287,6.07275,6.07275
6.07285,-1.38673627E-07,-9.99793815612793,6.07285,6.07285
6.07295,-1.32753641E-07,-9.99766635894775,6.07295,6.07295
6.07305,-2.762287977E-06,-0.737124383449554,6.07305,6.07305
6.07315,2.4164208298E-05,-0.000790945545305,6.07315,6.07315
6.07325,2.9280459785E-05,-0.000181280629477,6.07325,6.07325
6.07335,3.0679770134E-05,-8.248451195E-05,6.07335,6.07335
6.07345,3.1216983189E-05,0.000102582293039,6.07345,6.07345
6.07355,3.1465890061E-05,6.9298417657E-05,6.07355,6.07355
6.07365,3.1588810089E-05,0.00048840790987,6.07365,6.07365
6.07375,3.1650892197E-05,0.000147617567563,6.07375,6.07375
6.07385,3.1675583159E-05,0.000137132796226,6.07385,6.07385
6.07395,3.1742569263E-05,0.000215311200009,6.07395,6.07395
6.07405,1.7380631107E-05,-9.25049686431885,6.07405,6.07405
6.07415,7.05662274E-07,-9.9970006942749,6.07415,6.07415
6.07425,1.04235532E-07,-9.99751663208008,6.07425,6.07425
6.07435,-2.802269E-09,-9.99786472320557,6.07435,6.07435
6.07445,-7.3286635E-08,-9.99799251556396,6.07445,6.07445
6.07455,-7.9909704E-08,-9.99793815612793,6.07455,6.07455
6.07465,-9.7817299E-08,-9.9980936050415,6.07465,6.07465
6.07475,-9.3528477E-08,-9.99781227111816,6.07475,6.07475
6.07485,-1.09200265E-07,-9.99792861938477,6.07485,6.07485
6.07495,-1.04665361E-07,-9.99789333343506,6.07495,6.07495
6.07505,-2.651242539E-06,-0.757034003734589,6.07505,6.07505
6.07515,2.4324315746E-05,-0.000596942089032,6.07515,6.07515
6.07525,2.9425140383E-05,-0.000187050769455,6.07525,6.07525
6.07535,3.0876322853E-05,-0.000160451818374,6.07535,6.07535
6.07545,3.1437724829E-05,-0.000114853610285,6.07545,6.07545
6.07555,3.1659870729E-05,-0.00015707417333,6.07555,6.07555
6.07565,3.1782234146E-05,0.00021108915098,6.07565,6.07565
6.07575,3.1883893826E-05,0.000214466796024,6.07575,6.07575
6.07585,3.1899460737E-05,3.6507113691E-05,6.07585,6.07585
6.07595,3.1927858799E-05,0.000222770162509,6.07595,6.07595
6.07605,1.7478501832E-05,-9.23046779632568,6.07605,6.07605
6.07615,7.33602917E-07,-9.99678325653076,6.07615,6.07615
6.07625,1.0512845E-07,-9.99718952178955,6.07625,6.07625
6.07635,-1.065647E-09,-9.99738025665283,6.07635,6.07635
6.07645,-2.760714E-08,-9.99732780456543,6.07645,6.07645
6.07655,-6.8350971E-08,-9.99770069122314,6.07655,6.07655
6.07665,-8.5358622E-08,-9.99797630310059,6.07665,6.07665
6.07675,-1.10472847E-07,-9.99801063537598,6.07675,6.07675
6.07685,-8.3368882E-08,-9.99779415130615,6.07685,6.07685
6.07695,-1.07154278E-07,-9.99769496917725,6.07695,6.07695
6.07705,-2.63550055E-06,-0.777182698249817,6.07705,6.07705
6.07715,2.4435592422E-05,-0.000872149772476,6.07715,6.07715
6.07725,2.9572704079E-05,-0.000461765914224,6.07725,6.07725
6.07735,3.1004434277E-05,-6.0177979321E-05,6.07735,6.07735
6.07745,3.1554689485E-05,-6.1022390582E-05,6.07745,6.07745
6.07755,3.1800867873E-05,0.000182027317351,6.07755,6.07755
6.07765,3.1940555345E-05,0.000572426826693,6.07765,6.07765
6.07775,3.201117579E-05,0.000317766447552,6.07775,6.07775
6.07785,3.2064806874E-05,0.000212215032661,6.07785,6.07785
6.07795,3.2068983273E-05,0.000199759961106,6.07795,6.07795
6.07805,1.7582240616E-05,-9.21049308776855,6.07805,6.07805
6.07815,7.40851704E-07,-9.9969596862793,6.07815,6.07815
6.07825,7.903693E-08,-9.99713611602783,6.07825,6.07825
6.07835,-5.1582372E-08,-9.99747276306152,6.07835,6.07835
6.07845,-8.961932E-08,-9.99758243560791,6.07845,6.07845
6.07855,-9.4006573E-08,-9.9977388381958,6.07855,6.07855
6.07865,-9.0111477E-08,-9.99772644042969,6.07865,6.07865
6.07875,-1.04911436E-07,-9.99758052825928,6.07875,6.07875
6.07885,-1.19127833E-07,-9.99769306182861,6.07885,6.07885
6.07895,-1.30313936E-07,-9.99792385101318,6.07895,6.07895
6.07905,-2.591592647E-06,-0.797101318836212,6.07905,6.07905
6.07915,2.4539276637E-05,-0.000983119476587,6.07915,6.07915
6.07925,2.9712948162E-05,-0.000412719702581,6.07925,6.07925
6.07935,3.1151292205E-05,-0.000329193338985,6.07935,6.07935
6.07945,3.1688421586E-05,-0.000229552810197,6.07945,6.07945
6.07955,3.197035403E-05,7.6687014371E-05,6.07955,6.07955
6.07965,3.2106443541E-05,2.7781528843E-05,6.07965,6.07965
6.07975,3.2178282709E-05,-0.000139974843478,6.07975,6.07975
6.07985,3.2182968425E-05,-8.8184286142E-05,6.07985,6.07985
6.07995,3.2226882468E-05,2.6796382372E-05,6.07995,6.07995
6.08005,1.7685188141E-05,-9.19073581695557,6.08005,6.08005
6.08015,7.63561388E-07,-9.99699878692627,6.08015,6.08015
6.08025,1.15119299E-07,-9.99733352661133,6.08025,6.08025
6.08035,-2.2819126E-08,-9.99754524230957,6.08035,6.08035
6.08045,-4.3060968E-08,-9.99774074554443,6.08045,6.08045
6.08055,-5.1940944E-08,-9.9980993270874,6.08055,6.08055
6.08065,-6.5454259E-08,-9.99804210662842,6.08065,6.08065
6.08075,-6.0103773E-08,-9.99803066253662,6.08075,6.08075
6.08085,-7.130393E-08,-9.99827194213867,6.08085,6.08085
6.08095,-1.11632936E-07,-9.99821853637695,6.08095,6.08095
6.08105,-2.588632697E-06,-0.817184329032898,6.08105,6.08105
6.08115,2.4653851142E-05,-0.000829858880024,6.08115,6.08115
6.08125,2.9855878893E-05,-0.000487731565954,6.08125,6.08125
6.08135,3.1339524867E-05,-4.1952767788E-05,6.08135,6.08135
6.08145,3.1895277061E-05,0.000101737881778,6.08145,6.08145
6.08155,3.2162402931E-05,-7.3688555858E-05,6.08155,6.08155
6.08165,3.2306532376E-05,0.000245921110036,6.08165,6.08165
6.08175,3.2351923437E-05,0.000439572759205,6.08175,6.08175
6.08185,3.2390638808E-05,0.000218196277274,6.08185,6.08185
6.08195,3.2410633139E-05,0.000287789822323,6.08195,6.08195
6.08205,1.7752894564E-05,-9.17078685760498,6.08205,6.08205
6.08215,7.42904717E-07,-9.99704074859619,6.08215,6.08215
6.08225,1.18726135E-07,-9.9974479675293,6.08225,6.08225
6.08235,-3.048349E-09,-9.99780654907227,6.08235,6.08235
6.08245,-1.9226356E-08,-9.99802780151367,6.08245,6.08245
6.08255,-5.8339026E-08,-9.99791622161865,6.08255,6.08255
6.08265,-7.5199026E-08,-9.9978199005127,6.08265,6.08265
6.08275,-8.3980567E-08,-9.99779510498047,6.08275,6.08275
6.08285,-9.2312135E-08,-9.99796962738037,6.08285,6.08285
6.08295,-8.2131457E-08,-9.9979305267334,6.08295,6.08295
6.08305,-2.537574574E-06,-0.837148606777191,6.08305,6.08305
6.08315,2.4767294235E-05,-0.00083126622485,6.08315,6.08315
6.08325,3.003902566E-05,-0.000236448831856,6.08325,6.08325
6.08335,3.1511750421E-05,-0.000187121142517,6.08335,6.08335
6.08345,3.203102824E-05,0.000177312700544,6.08345,6.08345
6.08355,3.230056609E-05,0.000341972889146,6.08355,6.08355
6.08365,3.2445379475E-05,6.1628350522E-05,6.08365,6.08365
6.08375,3.2496569474E-05,0.000282230786979,6.08375,6.08375
6.08385,3.2539803215E-05,0.000371527276002,6.08385,6.08385
6.08395,3.2582651329E-05,3.1018440495E-05,6.08395,6.08395
6.08405,1.787792462E-05,-9.15065479278564,6.08405,6.08405
6.08415,7.42243799E-07,-9.99680805206299,6.08415,6.08415
6.08425,1.08531388E-07,-9.99763011932373,6.08425,6.08425
6.08435,1.535771E-09,-9.99778938293457,6.08435,6.08435
6.08445,-6.0342821E-08,-9.99771595001221,6.08445,6.08445
6.08455,-7.5184964E-08,-9.99771404266357,6.08455,6.08455
6.08465,-1.02830306E-07,-9.99785137176514,6.08465,6.08465
6.08475,-8.4198525E-08,-9.99808597564697,6.08475,6.08475
6.08485,-1.21708155E-07,-9.99782466888428,6.08485,6.08485
6.08495,-1.02689683E-07,-9.99782180786133,6.08495,6.08495
6.08505,-2.521136594E-06,-0.856995105743408,6.08505,6.08505
6.08515,2.4913493689E-05,-0.00074605102418,6.08515,6.08515
6.08525,3.0176001019E-05,-0.00028753571678,6.08525,6.08525
6.08535,3.1626972486E-05,-0.000251788966125,6.08535,6.08535
6.08545,3.2199201087E-05,0.000105608101876,6.08545,6.08545
6.08555,3.246196502E-05,0.000268227653578,6.08555,6.08555
6.08565,3.2572610507E-05,0.000255983672105,6.08565,6.08565
6.08575,3.2644464227E-05,0.000130447864649,6.08575,6.08575
6.08585,3.2693202229E-05,0.000254083744949,6.08585,6.08585
6.08595,3.2702359022E-05,0.000287297269097,6.08595,6.08595
6.08605,1.795875869E-05,-9.13076591491699,6.08605,6.08605
6.08615,7.81813469E-07,-9.99687004089355,6.08615,6.08615
6.08625,1.37407127E-07,-9.99733638763428,6.08625,6.08625
6.08635,-3.9327581E-08,-9.99774265289307,6.08635,6.08635
6.08645,-9.9314875E-08,-9.9978141784668,6.08645,6.08645
6.08655,-1.09861162E-07,-9.99777412414551,6.08655,6.08655
6.08665,-1.06887107E-07,-9.99793720245361,6.08665,6.08665
6.08675,-1.16392833E-07,-9.99807453155518,6.08675,6.08675
6.08685,-9.3633936E-08,-9.99808597564697,6.08685,6.08685
6.08695,-9.5152608E-08,-9.99820804595947,6.08695,6.08695
6.08705,-2.486010317E-06,-0.877476990222931,6.08705,6.08705
6.08715,2.5041617846E-05,-0.001127865631133,6.08715,6.08715
6.08725,3.0312407034E-05,-0.000710445048753,6.08725,6.08725
6.08735,3.1793202652E-05,-0.00062114855973,6.08735,6.08735
6.08745,3.2356205338E-05,-0.000531852070708,6.08745,6.08745
6.08755,3.2583022403E-05,-0.000499905145261,6.08755,6.08755
6.08765,3.2728385122E-05,-0.000432070781244,6.08765,6.08765
6.08775,3.2808733522E-05,0.000113911482913,6.08775,6.08775
6.08785,3.2834686863E-05,-6.9677604188E-05,6.08785,6.08785
6.08795,3.2859756175E-05,-0.000100357880001,6.08795,6.08795
6.08805,1.8061697119E-05,-9.11075687408447,6.08805,6.08805
6.08815,7.63884827E-07,-9.99712657928467,6.08815,6.08815
6.08825,1.39003134E-07,-9.99764823913574,6.08825,6.08825
6.08835,1.412804E-08,-9.99788761138916,6.08835,6.08835
6.08845,-5.5695423E-08,-9.99814224243164,6.08845,6.08845
6.08855,-1.01023375E-07,-9.99821758270264,6.08855,6.08855
6.08865,-7.9593313E-08,-9.99825191497803,6.08865,6.08865
6.08875,-7.6098978E-08,-9.99823665618896,6.08875,6.08875
6.08885,-7.0635998E-08,-9.99828815460205,6.08885,6.08885
6.08895,-1.22502641E-07,-9.99858283996582,6.08895,6.08895
6.08905,-2.460249334E-06,-0.897172272205353,6.08905,6.08905
6.08915,2.5124201784E-05,-0.000908881658688,6.08915,6.08915
6.08925,3.0431459891E-05,-0.000612985924818,6.08925,6.08925
6.08935,3.1940176996E-05,-0.00059806794161,6.08935,6.08935
6.08945,3.2522613765E-05,-0.000554721511435,6.08945,6.08945
6.08955,3.2742023905E-05,-0.000122664408991,6.08955,6.08955
6.08965,3.288624066E-05,-0.000255518447375,6.08965,6.08965
6.08975,3.2969404856E-05,-0.000310897768941,6.08975,6.08975
6.08985,3.3022894058E-05,-0.000113727728603,6.08985,6.08985
6.08995,3.3018754038E-05,-1.4298298993E-05,6.08995,6.08995
6.09005,1.8156360966E-05,-9.09144592285156,6.09005,6.09005
6.09015,8.03700573E-07,-9.99773216247559,6.09015,6.09015
6.09025,1.2418208E-07,-9.99800205230713,6.09025,6.09025
6.09035,6.513619E-09,-9.99808216094971,6.09035,6.09035
6.09045,-5.0844129E-08,-9.99853897094727,6.09045,6.09045
6.09055,-5.3649444E-08,-9.99854373931885,6.09055,6.09055
6.09065,-7.2464019E-08,-9.99854278564453,6.09065,6.09065
6.09075,-6.5180053E-08,-9.99827575683594,6.09075,6.09075
6.09085,-6.6023752E-08,-9.99854850769043,6.09085,6.09085
6.09095,-8.774208E-08,-9.99840927124023,6.09095,6.09095
6.09105,-2.425383173E-06,-0.91748434305191,6.09105,6.09105
6.09115,2.5196521165E-05,-0.001203299732879,6.09115,6.09115
6.09125,3.0575713026E-05,-0.000447622034699,6.09125,6.09125
6.09135,3.2087220461E-05,-0.000479780021124,6.09135,6.09135
6.09145,3.2596450183E-05,-0.000504619791172,6.09145,6.09145
6.09155,3.2879634091E-05,-0.000197535540792,6.09155,6.09155
6.09165,3.302773257E-05,-0.00047485428513,6.09165,6.09165
6.09175,3.3080243156E-05,-0.000530866906047,6.09175,6.09175
6.09185,3.3117092244E-05,-0.000566121074371,6.09185,6.09185
6.09195,3.3148367947E-05,-0.000465847231681,6.09195,6.09195
6.09205,1.824778883E-05,-9.07125091552734,6.09205,6.09205
6.09215,7.76617696E-07,-9.99745082855225,6.09215,6.09215
6.09225,1.3964997E-07,-9.99791622161865,6.09225,6.09225
6.09235,7.905729E-09,-9.99800777435303,6.09235,6.09235
6.09245,-4.4994454E-08,-9.99808311462402,6.09245,6.09245
6.09255,-6.9925882E-08,-9.99812507629395,6.09255,6.09255
6.09265,-8.668745E-08,-9.99820327758789,6.09265,6.09265
6.09275,-1.0411695E-07,-9.99813270568848,6.09275,6.09275
6.09285,-1.31994312E-07,-9.9982328414917,6.09285,6.09285
6.09295,-9.8337587E-08,-9.99842739105225,6.09295,6.09295
6.09305,-2.428399512E-06,-0.937372088432312,6.09305,6.09305
6.09315,2.5302420909E-05,-0.001253612572327,6.09315,6.09315
6.09325,3.0689090636E-05,-0.000700030650478,6.09325,6.09325
6.09335,3.2182215364E-05,-0.000381757941796,6.09335,6.09335
6.09345,3.273389666E-05,-1.190580042E-05,6.09345,6.09345
6.09355,3.299067248E-05,-2.7879246772E-05,6.09355,6.09355
6.09365,3.3143816836E-05,-0.000100639350421,6.09365,6.09365
6.09375,3.3238622564E-05,7.9712823208E-05,6.09375,6.09375
6.09385,3.3247157262E-05,-0.00014060815738,6.09385,6.09385
6.09395,3.3281856304E-05,0.000260205735685,6.09395,6.09395
6.09405,1.8329670638E-05,-9.05100059509277,6.09405,6.09405
6.09415,7.7279293E-07,-9.99728012084961,6.09415,6.09415
6.09425,1.18810505E-07,-9.99744033813477,6.09425,6.09425
6.09435,1.0232943E-08,-9.99762344360352,6.09435,6.09435
6.09445,-3.2170167E-08,-9.99784755706787,6.09445,6.09445
6.09455,-4.6070177E-08,-9.99833202362061,6.09455,6.09455
6.09465,-8.1315875E-08,-9.99779510498047,6.09465,6.09465
6.09475,-8.135806E-08,-9.99803066253662,6.09475,6.09475
6.09485,-4.6639677E-08,-9.99836921691895,6.09485,6.09485
6.09495,-8.6764793E-08,-9.99813556671143,6.09495,6.09495
6.09505,-2.383837909E-06,-0.957308888435364,6.09505,6.09505
6.09515,2.5437426302E-05,-0.001025340054184,6.09515,6.09515
6.09525,3.0822862755E-05,-0.000609748996794,6.09525,6.09525
6.09535,3.2318119338E-05,-0.000739014300052,6.09535,6.09535
6.09545,3.2872623706E-05,-0.00061706721317,6.09545,6.09545
6.09555,3.3136708225E-05,-0.000492586928885,6.09555,6.09555
6.09565,3.3259664633E-05,-0.000442344462499,6.09565,6.09565
6.09575,3.3323849493E-05,-6.6018488724E-05,6.09575,6.09575
6.09585,3.3384851122E-05,-0.000173047621502,6.09585,6.09585
6.09595,3.342668424E-05,-0.000464299140731,6.09595,6.09595
6.09605,1.8448246919E-05,-9.03115749359131,6.09605,6.09605
6.09615,8.16904503E-07,-9.99729251861572,6.09615,6.09615
6.09625,1.4543636E-07,-9.99744701385498,6.09625,6.09625
6.09635,5.8302927E-08,-9.99757957458496,6.09635,6.09635
6.09645,-1.7180376E-08,-9.99787139892578,6.09645,6.09645
6.09655,-3.8223739E-08,-9.9978723526001,6.09655,6.09655
6.09665,-6.8379094E-08,-9.99789905548096,6.09665,6.09665
6.09675,-8.5112539E-08,-9.99808502197266,6.09675,6.09675
6.09685,-9.3865957E-08,-9.99819660186768,6.09685,6.09685
6.09695,-8.0212033E-08,-9.99819564819336,6.09695,6.09695
6.09705,-2.385736252E-06,-0.977330863475799,6.09705,6.09705
6.09715,2.552622027E-05,-0.001092892955057,6.09715,6.09715
6.09725,3.0956918636E-05,-0.000526855932549,6.09725,6.09725
6.09735,3.2449526771E-05,-0.00062114855973,6.09735,6.09735
6.09745,3.3027838072E-05,-0.000581883417908,6.09745,6.09745
6.09755,3.3273332519E-05,-0.000504338298924,6.09755,6.09755
6.09765,3.3399875974E-05,-0.000341507664416,6.09765,6.09765
6.09775,3.3498017729E-05,-0.000297105696518,6.09775,6.09775
6.09785,3.3547359635E-05,-7.0592381235E-05,6.09785,6.09785
6.09795,3.3571785025E-05,3.3692409488E-05,6.09795,6.09795
6.09805,1.8565753635E-05,-9.01126384735107,6.09805,6.09805
6.09815,8.35332401E-07,-9.99761295318604,6.09815,6.09815
6.09825,1.5406323E-07,-9.99787521362305,6.09825,6.09825
6.09835,1.0134512E-08,-9.99801921844482,6.09835,6.09835
6.09845,-1.3053262E-08,-9.99832344055176,6.09845,6.09845
6.09855,-2.4302636E-08,-9.99825477600098,6.09855,6.09855
6.09865,-3.2936534E-08,-9.99824523925781,6.09865,6.09865
6.09875,-2.9899201E-08,-9.99819183349609,6.09875,6.09875
6.09885,-3.9123687E-08,-9.99820804595947,6.09885,6.09885
6.09895,-3.2127982E-08,-9.99812984466553,6.09895,6.09895
6.09905,-2.353780928E-06,-0.997045695781708,6.09905,6.09905
6.09915,2.5631548851E-05,-0.001118577201851,6.09915,6.09915
6.09925,3.1125517125E-05,-0.000964964681771,6.09925,6.09925
6.09935,3.2589498005E-05,-0.000599616032559,6.09935,6.09935
6.09945,3.3151318348E-05,-0.000516652653459,6.09945,6.09945
6.09955,3.3389864257E-05,-0.000490194419399,6.09955,6.09955
6.09965,3.3529839129E-05,-0.000648521527182,6.09965,6.09965
6.09975,3.3602969779E-05,-0.000384431914426,6.09975,6.09975
6.09985,3.3658398024E-05,-0.000362899416359,6.09985,6.09985
6.09995,3.369690603E-05,-0.000207316639717,6.09995,6.09995
6.10005,1.8628574253E-05,-8.99106502532959,6.10005,6.10005
6.10015,7.87311649E-07,-9.99728775024414,6.10015,6.10015
6.10025,1.23176662E-07,-9.99786949157715,6.10025,6.10025
6.10035,-1.185172E-09,-9.99791431427002,6.10035,6.10035
6.10045,-5.4746256E-08,-9.99772357940674,6.10045,6.10045
6.10055,-8.9478704E-08,-9.99782657623291,6.10055,6.10055
6.10065,-1.00742135E-07,-9.99783802032471,6.10065,6.10065
6.10075,-1.06205114E-07,-9.99823951721191,6.10075,6.10075
6.10085,-8.9021697E-08,-9.99817085266113,6.10085,6.10085
6.10095,-1.10479881E-07,-9.99849128723145,6.10095,6.10095
6.10105,-2.342615971E-06,-1.01759684085846,6.10105,6.10105
6.10115,2.5662337066E-05,-0.001531072077341,6.10115,6.10115
6.10125,3.1161249353E-05,-0.001053487067111,6.10125,6.10125
6.10135,3.2695283153E-05,-0.000952650327235,6.10135,6.10135
6.10145,3.3241343772E-05,-0.000691938330419,6.10145,6.10145
6.10155,3.3505562897E-05,-0.000708263658453,6.10155,6.10155
6.10165,3.3658125176E-05,-0.000490405538585,6.10165,6.10165
6.10175,3.3773634641E-05,-0.000216394066229,6.10175,6.10175
6.10185,3.3802298276E-05,-0.000129278967506,6.10185,6.10185
6.10195,3.3825755963E-05,-4.2445342842E-05,6.10195,6.10195
6.10205,1.8713801182E-05,-8.97092914581299,6.10205,6.10205
6.10215,7.81349456E-07,-9.99707984924316,6.10215,6.10215
6.10225,1.00762286E-07,-9.99749851226807,6.10225,6.10225
6.10235,-4.60069E-08,-9.99765396118164,6.10235,6.10235
6.10245,-7.8384005E-08,-9.99765777587891,6.10245,6.10245
6.10255,-7.8208231E-08,-9.99793148040771,6.10255,6.10255
6.10265,-1.05888724E-07,-9.9979887008667,6.10265,6.10265
6.10275,-1.46984092E-07,-9.99809265136719,6.10275,6.10275
6.10285,-1.182771E-07,-9.99840068817139,6.10285,6.10285
6.10295,-1.28289045E-07,-9.9982967376709,6.10295,6.10295
6.10305,-2.368440391E-06,-1.0374139547348,6.10305,6.10305
6.10315,2.5758532502E-05,-0.001201399834827,6.10315,6.10315
6.10325,3.1275289075E-05,-0.000674627895933,6.10325,6.10325
6.10335,3.2807874959E-05,-0.000558873231057,6.10335,6.10335
6.10345,3.3359974623E-05,-0.000244470749749,6.10345,6.10345
6.10355,3.3643747884E-05,-0.000130967790028,6.10355,6.10355
6.10365,3.3778775105E-05,-0.000171006962773,6.10365,6.10365
6.10375,3.3854066714E-05,-2.0279545424E-05,6.10375,6.10375
6.10385,3.3900156268E-05,8.4357081505E-05,6.10385,6.10385
6.10395,3.3918280678E-05,-0.000293728051474,6.10395,6.10395
6.10405,1.8799564714E-05,-8.95087051391602,6.10405,6.10405
6.10415,7.66507299E-07,-9.99688720703125,6.10415,6.10415
6.10425,1.13115505E-07,-9.9976978302002,6.10425,6.10425
6.10435,2.4329816E-08,-9.99795722961426,6.10435,6.10435
6.10445,-6.255754E-08,-9.99808883666992,6.10445,6.10445
6.10455,-6.902593E-08,-9.99782276153564,6.10455,6.10455
6.10465,-8.534456E-08,-9.99804401397705,6.10465,6.10465
6.10475,-1.03104504E-07,-9.99806022644043,6.10475,6.10475
6.10485,-9.0941121E-08,-9.99804401397705,6.10485,6.10485
6.10495,-1.36416716E-07,-9.99812030792236,6.10495,6.10495
6.10505,-2.324483376E-06,-1.05734848976135,6.10505,6.10505
6.10515,2.5879280656E-05,-0.000869616575073,6.10515,6.10515
6.10525,3.144672155E-05,-0.000666394887958,6.10525,6.10525
6.10535,3.2986095903E-05,-0.000435870635556,6.10535,6.10535
6.10545,3.3539170545E-05,-0.000333133939421,6.10545,6.10545
6.10555,3.379001646E-05,-0.000198028123123,6.10555,6.10555
6.10565,3.3911434002E-05,-0.0001491226285,6.10565,6.10565
6.10575,3.3996155253E-05,6.5357831772E-05,6.10575,6.10575
6.10585,3.4062984923E-05,6.3035702624E-05,6.10585,6.10585
6.10595,3.4077445889E-05,9.0056862973E-05,6.10595,6.10595
6.10605,1.8904655008E-05,-8.93086719512939,6.10605,6.10605
6.10615,7.81637709E-07,-9.9968843460083,6.10615,6.10615
6.10625,1.28428724E-07,-9.99753379821777,6.10625,6.10625
6.10635,-9.179258E-09,-9.99739742279053,6.10635,6.10635
6.10645,-2.8246948E-08,-9.99732208251953,6.10645,6.10645
6.10655,-8.3861046E-08,-9.99747180938721,6.10655,6.10655
6.10665,-8.3706368E-08,-9.99757957458496,6.10665,6.10665
6.10675,-9.5194792E-08,-9.99760341644287,6.10675,6.10675
6.10685,-6.5988601E-08,-9.99787330627441,6.10685,6.10685
6.10695,-8.9084971E-08,-9.9977912902832,6.10695,6.10695
6.10705,-2.290988277E-06,-1.07717823982239,6.10705,6.10705
6.10715,2.59781973E-05,-0.001166990026832,6.10715,6.10715
6.10725,3.1604402466E-05,-0.00066336907912,6.10725,6.10725
6.10735,3.3098891436E-05,-0.000522915332112,6.10735,6.10735
6.10745,3.366223973E-05,-0.000627200177405,6.10745,6.10745
6.10755,3.3908239857E-05,-0.000462328840513,6.10755,6.10755
6.10765,3.4025655623E-05,-0.000395127775846,6.10765,6.10765
6.10775,3.4097007301E-05,-0.000135471316753,6.10775,6.10775
6.10785,3.4195949411E-05,-0.000133782494231,6.10785,6.10785
6.10795,3.4190510632E-05,-0.000127801249619,6.10795,6.10795
6.10805,1.8988645024E-05,-8.91085052490234,6.10805,6.10805
6.10815,7.98012593E-07,-9.9970178604126,6.10815,6.10815
6.10825,1.17362148E-07,-9.9977912902832,6.10825,6.10825
6.10835,-1.5647649E-08,-9.99776268005371,6.10835,6.10835
6.10845,-4.5324906E-08,-9.99780941009521,6.10845,6.10845
6.10855,-6.1095122E-08,-9.9977970123291,6.10855,6.10855
6.10865,-5.5456375E-08,-9.99796676635742,6.10865,6.10865
6.10875,-8.7643649E-08,-9.99808979034424,6.10875,6.10875
6.10885,-1.26608668E-07,-9.99810981750488,6.10885,6.10885
6.10895,-1.22003456E-07,-9.99835300445557,6.10895,6.10895
6.10905,-2.25521535E-06,-1.09733104705811,6.10905,6.10905
6.10915,2.6081495889E-05,-0.000723814882804,6.10915,6.10915
6.10925,3.1666542782E-05,-0.000289506016998,6.10925,6.10925
6.10935,3.3207987144E-05,-0.00030618312303,6.10935,6.10935
6.10945,3.3731983422E-05,-8.3328923211E-05,6.10945,6.10945
6.10955,3.4005941416E-05,-0.00011063155398,6.10955,6.10955
6.10965,3.4173324821E-05,-0.000111898167233,6.10965,6.10965
6.10975,3.4252141631E-05,-8.4454804892E-05,6.10975,6.10975
6.10985,3.4308079194E-05,-0.000198028123123,6.10985,6.10985
6.10995,3.4313379729E-05,-0.000150600346387,6.10995,6.10995
6.11005,1.9114278984E-05,-8.89098930358887,6.11005,6.11005
6.11015,8.00424175E-07,-9.99708366394043,6.11015,6.11015
6.11025,8.1082909E-08,-9.99759197235107,6.11025,6.11025
6.11035,-4.4966331E-08,-9.99740791320801,6.11035,6.11035
6.11045,-7.9937827E-08,-9.99794960021973,6.11045,6.11045
6.11055,-7.3532711E-08,-9.99794673919678,6.11055,6.11055
6.11065,-1.02380326E-07,-9.99786567687988,6.11065,6.11065
6.11075,-1.35678476E-07,-9.99811172485352,6.11075,6.11075
6.11085,-1.14234354E-07,-9.99807453155518,6.11085,6.11085
6.11095,-1.1075408E-07,-9.99824047088623,6.11095,6.11095
6.11105,-2.269635615E-06,-1.11718738079071,6.11105,6.11105
6.11115,2.6128891477E-05,-0.001146513037384,6.11115,6.11115
6.11125,3.1777188269E-05,-0.000681594305206,6.11125,6.11125
6.11135,3.3308009733E-05,-0.000399209093302,6.11135,6.11135
6.11145,3.3867756429E-05,-6.065289654E-06,6.11145,6.11145
6.11155,3.4127166145E-05,-0.000127449413412,6.11155,6.11155
6.11165,3.4284748835E-05,5.3747175116E-05,6.11165,6.11165
6.11175,3.4360000427E-05,-0.000259810884017,6.11175,6.11175
6.11185,3.4421063901E-05,-7.0522015449E-05,6.11185,6.11185
6.11195,3.444608592E-05,-0.00030871637864,6.11195,6.11195
6.11205,1.9193306798E-05,-8.871169090271,6.11205,6.11205
6.11215,8.0180223E-07,-9.99759197235107,6.11215,6.11215
6.11225,1.21060381E-07,-9.99779319763184,6.11225,6.11225
6.11235,5.810533E-09,-9.99814701080322,6.11235,6.11235
6.11245,-6.7008074E-08,-9.99806118011475,6.11245,6.11245
6.11255,-1.03216998E-07,-9.99802589416504,6.11255,6.11255
6.11265,-8.432508E-08,-9.99843120574951,6.11265,6.11265
6.11275,-1.00067176E-07,-9.99851512908936,6.11275,6.11275
6.11285,-8.1322902E-08,-9.99825668334961,6.11285,6.11285
6.11295,-1.11365765E-07,-9.9980411529541,6.11295,6.11295
6.11305,-2.27784767E-06,-1.13725686073303,6.11305,6.11305
6.11315,2.6217163395E-05,-0.000892697134987,6.11315,6.11315
6.11325,3.1881336326E-05,-0.000625792774372,6.11325,6.11325
6.11335,3.3434509533E-05,-0.000652532500681,6.11335,6.11335
6.11345,3.3990079828E-05,-0.000528404023498,6.11345,6.11345
6.11355,3.4251290344E-05,-0.000622978084721,6.11355,6.11355
6.11365,3.4406406485E-05,-0.000429678271757,6.11365,6.11365
6.11375,3.448922871E-05,-0.000134063971927,6.11375,6.11375
6.11385,3.4526219679E-05,-4.7582176194E-05,6.11385,6.11385
6.11395,3.4543809306E-05,-0.000153766901349,6.11395,6.11395
6.11405,1.9317632905E-05,-8.85133743286133,6.11405,6.11405
6.11415,8.28856969E-07,-9.99747276306152,6.11415,6.11415
6.11425,1.28843539E-07,-9.99787521362305,6.11425,6.11425
6.11435,-1.7806123E-08,-9.99788379669189,6.11435,6.11435
6.11445,-6.0328759E-08,-9.99804973602295,6.11445,6.11445
6.11455,-8.9035758E-08,-9.99820709228516,6.11455,6.11455
6.11465,-9.1869197E-08,-9.99830722808838,6.11465,6.11465
6.11475,-1.20140285E-07,-9.9984827041626,6.11475,6.11475
6.11485,-1.0839171E-07,-9.99870681762695,6.11485,6.11485
6.11495,-1.03498238E-07,-9.99855709075928,6.11495,6.11495
6.11505,-2.250588977E-06,-1.15761268138885,6.11505,6.11505
6.11515,2.6315841751E-05,-0.0013264430454,6.11515,6.11515
6.11525,3.2019484934E-05,-0.001115269842558,6.11525,6.11525
6.11535,3.3567750506E-05,-0.000748936086893,6.11535,6.11535
6.11545,3.4122709621E-05,-0.000749639817514,6.11545,6.11545
6.11555,3.4387259802E-05,-0.000719311356079,6.11555,6.11555
6.11565,3.4556956962E-05,-0.000767302059103,6.11565,6.11565
6.11575,3.463277244E-05,-0.000434111454524,6.11575,6.11575
6.11585,3.4653134207E-05,-0.000363180879503,6.11585,6.11585
6.11595,3.4715292713E-05,-0.000471828476293,6.11595,6.11595
6.11605,1.9373506802E-05,-8.83105087280273,6.11605,6.11605
6.11615,8.10900133E-07,-9.99717044830322,6.11615,6.11615
6.11625,1.42047497E-07,-9.99754810333252,6.11625,6.11625
6.11635,1.4711601E-08,-9.99791145324707,6.11635,6.11635
6.11645,-3.5052821E-08,-9.99798488616943,6.11645,6.11645
6.11655,-5.9590519E-08,-9.99799060821533,6.11655,6.11655
6.11665,-9.8063381E-08,-9.99812889099121,6.11665,6.11665
6.11675,-8.6335909E-08,-9.99827289581299,6.11675,6.11675
6.11685,-8.5028169E-08,-9.99836349487305,6.11685,6.11685
6.11695,-1.16238155E-07,-9.99815940856934,6.11695,6.11695
6.11705,-2.2745362E-06,-1.17747890949249,6.11705,6.11705
6.11715,2.6380144845E-05,-0.001625153585337,6.11715,6.11715
6.11725,3.2094154449E-05,-0.000777012784965,6.11725,6.11725
6.11735,3.3654883737E-05,-0.000792141829152,6.11735,6.11735
6.11745,3.4230957681E-05,-0.00051848217845,6.11745,6.11745
6.11755,3.4490542021E-05,-0.000408638356021,6.11755,6.11755
6.11765,3.4652774048E-05,-0.00022870839166,6.11765,6.11765
6.11775,3.4758446418E-05,-0.000721633492503,6.11775,6.11775
6.11785,3.4787604818E-05,-0.000498990353663,6.11785,6.11785
6.11795,3.4806631447E-05,-0.000430874526501,6.11795,6.11795
6.11805,1.951025115E-05,-8.81116199493408,6.11805,6.11805
6.11815,8.33061449E-07,-9.9975118637085,6.11815,6.11815
6.11825,1.22199381E-07,-9.99778938293457,6.11825,6.11825
6.11835,-5.614613E-09,-9.99798488616943,6.11835,6.11835
6.11845,-4.8193495E-08,-9.99835681915283,6.11845,6.11845
6.11855,-5.2531536E-08,-9.99847888946533,6.11855,6.11855
6.11865,-2.3733136E-08,-9.99812984466553,6.11865,6.11865
6.11875,-7.5789622E-08,-9.99836444854736,6.11875,6.11875
6.11885,-6.7099478E-08,-9.9981050491333,6.11885,6.11885
6.11895,-7.9403478E-08,-9.99789237976074,6.11895,6.11895
6.11905,-2.247804787E-06,-1.19696605205536,6.11905,6.11905
6.11915,2.6483681722E-05,-0.000965949788224,6.11915,6.11915
6.11925,3.2212432416E-05,-0.000716144801117,6.11925,6.11925
6.11935,3.3790489397E-05,-0.000655558309518,6.11935,6.11935
6.11945,3.4325552406E-05,-0.00052256352501,6.11945,6.11945
6.11955,3.464276233E-05,-0.000450155261206,6.11955,6.11955
6.11965,3.4778226109E-05,-0.000459514150862,6.11965,6.11965
6.11975,3.4874738049E-05,-0.000178677029908,6.11975,6.11975
6.11985,3.4935434087E-05,-6.235937326E-05,6.11985,6.11985
6.11995,3.4921336919E-05,-0.000230749050388,6.11995,6.11995
6.12005,1.9628587324E-05,-8.79146766662598,6.12005,6.12005
6.12015,8.54343853E-07,-9.99750900268555,6.12015,6.12015
6.12025,1.43327114E-07,-9.99773120880127,6.12025,6.12025
6.12035,2.90194E-08,-9.99775981903076,6.12035,6.12035
6.12045,-2.6967331E-08,-9.99807071685791,6.12045,6.12045
6.12055,-4.0775941E-08,-9.99786376953125,6.12055,6.12055
6.12065,-3.9840835E-08,-9.99827671051025,6.12065,6.12065
6.12075,-5.0591019E-08,-9.99827289581299,6.12075,6.12075
6.12085,-9.4505765E-08,-9.99782657623291,6.12085,6.12085
6.12095,-1.01824888E-07,-9.99796485900879,6.12095,6.12095
6.12105,-2.220300075E-06,-1.21740424633026,6.12105,6.12105
6.12115,2.659677375E-05,-0.001120054861531,6.12115,6.12115
6.12125,3.2370626286E-05,-0.000505534582771,6.12125,6.12125
6.12135,3.3916305256E-05,-0.000397872121539,6.12135,6.12135
6.12145,3.4491182305E-05,-0.00029703535256,6.12145,6.12145
6.12155,3.4772165236E-05,-0.000143915429362,6.12155,6.12155
6.12165,3.4920918552E-05,-0.000266214337898,6.12165,6.12165
6.12175,3.4997341572E-05,-0.000362266117008,6.12175,6.12175
6.12185,3.5039360228E-05,-0.000587653543334,6.12185,6.12185
6.12195,3.5060922528E-05,-0.000491109210998,6.12195,6.12195
6.12205,1.9715362214E-05,-8.77107620239258,6.12205,6.12205
6.12215,8.75830153E-07,-9.99746894836426,6.12215,6.12215
6.12225,1.6357599E-07,-9.99792194366455,6.12225,6.12225
6.12235,-1.1063529E-08,-9.99777507781982,6.12235,6.12235
6.12245,-7.2513238E-08,-9.99808406829834,6.12245,6.12245
6.12255,-8.087293E-08,-9.99813652038574,6.12255,6.12255
6.12265,-5.2700276E-08,-9.99850654602051,6.12265,6.12265
6.12275,-6.8547834E-08,-9.99844646453857,6.12275,6.12275
6.12285,-6.5102711E-08,-9.99867534637451,6.12285,6.12285
6.12295,-7.5100594E-08,-9.99860763549805,6.12295,6.12295
6.12305,-2.243621566E-06,-1.23755502700806,6.12305,6.12305
6.12315,2.664600288E-05,-0.001287248334847,6.12315,6.12315
6.12325,3.2443742384E-05,-0.001015910762362,6.12325,6.12325
6.12335,3.4014090488E-05,-0.000924221822061,6.12335,6.12335
6.12345,3.4601329389E-05,-0.000425315491157,6.12345,6.12345
6.12355,3.4898552258E-05,-0.000446003570687,6.12355,6.12355
6.12365,3.5040637158E-05,-0.000357762590284,6.12365,6.12365
6.12375,3.5134133213E-05,-0.000615519122221,6.12375,6.12375
6.12385,3.5192239011E-05,-0.000641203310806,6.12385,6.12385
6.12395,3.5232322261E-05,-0.000538888794836,6.12395,6.12395
6.12405,1.980914567E-05,-8.75113773345947,6.12405,6.12405
6.12415,8.49014441E-07,-9.99718952178955,6.12415,6.12415
6.12425,1.44093477E-07,-9.99771881103516,6.12425,6.12425
6.12435,1.3502294E-08,-9.99787044525146,6.12435,6.12435
6.12445,-5.4619701E-08,-9.99798393249512,6.12445,6.12445
6.12455,-5.0450403E-08,-9.99825000762939,6.12455,6.12455
6.12465,-6.4856636E-08,-9.99815559387207,6.12465,6.12465
6.12475,-6.9869635E-08,-9.99820327758789,6.12475,6.12475
6.12485,-9.0062265E-08,-9.99832534790039,6.12485,6.12485
6.12495,-6.1868519E-08,-9.99808883666992,6.12495,6.12495
6.12505,-2.196036576E-06,-1.25734329223633,6.12505,6.12505
6.12515,2.671079892E-05,-0.001194081618451,6.12515,6.12515
6.12525,3.251821181E-05,-0.000509615871124,6.12525,6.12525
6.12535,3.4113283618E-05,-0.000398083211621,6.12535,6.12535
6.12545,3.472233584E-05,-0.00047689495841,6.12545,6.12545
6.12555,3.4980508644E-05,-0.000289013434667,6.12555,6.12555
6.12565,3.5129600292E-05,-0.000283735862467,6.12565,6.12565
6.12575,3.5254441173E-05,-9.7261705378E-05,6.12575,6.12575
6.12585,3.5289926018E-05,-0.000114149930596,6.12585,6.12585
6.12595,3.5280860175E-05,-0.000299709325191,6.12595,6.12595
6.12605,1.9911516574E-05,-8.73123168945313,6.12605,6.12605
6.12615,8.63448804E-07,-9.99742603302002,6.12615,6.12615
6.12625,1.41112395E-07,-9.99765682220459,6.12625,6.12625
6.12635,1.2665621E-08,-9.99799346923828,6.12635,6.12635
6.12645,-2.6742345E-08,-9.99821472167969,6.12645,6.12645
6.12655,-4.7961478E-08,-9.99820423126221,6.12655,6.12655
6.12665,-4.8509886E-08,-9.99820995330811,6.12665,6.12665
6.12675,-8.2637676E-08,-9.9981632232666,6.12675,6.12675
6.12685,-5.5393095E-08,-9.99830532073975,6.12685,6.12685
6.12695,-8.1836156E-08,-9.99829864501953,6.12695,6.12695
6.12705,-2.221361683E-06,-1.27759552001953,6.12705,6.12705
6.12715,2.6764262657E-05,-0.001644293544814,6.12715,6.12715
6.12725,3.2604621083E-05,-0.001262619625777,6.12725,6.12725
6.12735,3.4171855077E-05,-0.000746965815779,6.12735,6.12735
6.12745,3.477874634E-05,-0.000570202362724,6.12745,6.12745
6.12755,3.5055127228E-05,-0.00046894341358,6.12755,6.12755
6.12765,3.523491614E-05,-0.000634799827822,6.12765,6.12765
6.12775,3.533724157E-05,-0.000456558715086,6.12775,6.12775
6.12785,3.537712837E-05,-0.000369443616364,6.12785,6.12785
6.12795,3.5412740544E-05,-0.000368458451703,6.12795,6.12795
6.12805,2.0011915694E-05,-8.71127605438232,6.12805,6.12805
6.12815,8.56256236E-07,-9.99738025665283,6.12815,6.12815
6.12825,1.75212051E-07,-9.99783039093018,6.12825,6.12825
6.12835,3.6092445E-08,-9.9977445602417,6.12835,6.12835
6.12845,-2.2755847E-08,-9.99810218811035,6.12845,6.12845
6.12855,-5.3895523E-08,-9.99825000762939,6.12855,6.12855
6.12865,-6.0736546E-08,-9.9983434677124,6.12865,6.12865
6.12875,-6.0145958E-08,-9.99820709228516,6.12875,6.12875
6.12885,-8.0120628E-08,-9.99824714660645,6.12885,6.12885
6.12895,-4.5971746E-08,-9.99848937988281,6.12895,6.12895
6.12905,-2.202048108E-06,-1.29720389842987,6.12905,6.12905
6.12915,2.685806794E-05,-0.001257553230971,6.12915,6.12915
6.12925,3.273898983E-05,-0.000663158018142,6.12925,6.12925
6.12935,3.4328615584E-05,-0.00071874842979,6.12935,6.12935
6.12945,3.4951957787E-05,-0.000871938711498,6.12945,6.12945
6.12955,3.5250206565E-05,-0.000750906416215,6.12955,6.12955
6.12965,3.5374767322E-05,-0.000610452669207,6.12965,6.12965
6.12975,3.546805965E-05,-0.000366910389857,6.12975,6.12975
6.12985,3.5498229408E-05,-0.000431437481893,6.12985,6.12985
6.12995,3.5503649997E-05,-0.00035234427196,6.12995,6.12995
6.13005,2.0082386982E-05,-8.69137287139893,6.13005,6.13005
6.13015,8.48184811E-07,-9.99764728546143,6.13015,6.13015
6.13025,1.24878127E-07,-9.99794960021973,6.13025,6.13025
6.13035,1.9598048E-08,-9.99798774719238,6.13035,6.13035
6.13045,-2.2207441E-08,-9.9982385635376,6.13045,6.13045
6.13055,-3.5277807E-08,-9.99828243255615,6.13055,6.13055
6.13065,-6.572143E-08,-9.99820709228516,6.13065,6.13065
6.13075,-8.734132E-08,-9.99833297729492,6.13075,6.13075
6.13085,-8.6708546E-08,-9.99814891815186,6.13085,6.13085
6.13095,-9.3296457E-08,-9.99808216094971,6.13095,6.13095
6.13105,-2.237019544E-06,-1.31703889369965,6.13105,6.13105
6.13115,2.6927744329E-05,-0.001255160663277,6.13115,6.13115
6.13125,3.282527905E-05,-0.000585120345932,6.13125,6.13125
6.13135,3.4384702303E-05,-0.000506801181473,6.13135,6.13135
6.13145,3.5013057641E-05,-0.000435378053226,6.13145,6.13145
6.13155,3.5311044485E-05,-0.000533048296347,6.13155,6.13155
6.13165,3.546294829E-05,-0.000588216527831,6.13165,6.13165
6.13175,3.5564029531E-05,-0.000523478316609,6.13175,6.13175
6.13185,3.563624341E-05,-0.000340803992003,6.13185,6.13185
6.13195,3.5647513869E-05,-0.000402868230594,6.13195,6.13195
6.13205,2.0189319912E-05,-8.67088985443115,6.13205,6.13205
6.13215,8.35606613E-07,-9.99706077575684,6.13215,6.13215
6.13225,1.23218854E-07,-9.99764347076416,6.13225,6.13225
6.13235,6.640175E-09,-9.99781513214111,6.13235,6.13235
6.13245,-3.1410835E-08,-9.99772834777832,6.13245,6.13245
6.13255,-7.703408E-08,-9.99794006347656,6.13255,6.13255
6.13265,-1.10522066E-07,-9.99780559539795,6.13265,6.13265
6.13275,-9.7486847E-08,-9.9980297088623,6.13275,6.13275
6.13285,-1.16371737E-07,-9.99783897399902,6.13285,6.13285
6.13295,-1.11084532E-07,-9.99822521209717,6.13295,6.13295
6.13305,-2.244092457E-06,-1.33750927448273,6.13305,6.13305
6.13315,2.6984214855E-05,-0.001127936062403,6.13315,6.13315
6.13325,3.2904677937E-05,-0.000561265682336,6.13325,6.13325
6.13335,3.4495282307E-05,-0.000495260872412,6.13335,6.13335
6.13345,3.5119093809E-05,-0.000753228552639,6.13345,6.13345
6.13355,3.5405329982E-05,-0.000367262226064,6.13355,6.13355
6.13365,3.5567616578E-05,-0.000251718593063,6.13365,6.13365
6.13375,3.5664008465E-05,-0.000109435306513,6.13375,6.13375
6.13385,3.5683398892E-05,3.1018440495E-05,6.13385,6.13385
6.13395,3.5738408769E-05,-8.2132675743E-05,6.13395,6.13395
6.13405,2.0275609131E-05,-8.65123748779297,6.13405,6.13405
6.13415,8.69565667E-07,-9.99726104736328,6.13415,6.13415
6.13425,1.41210819E-07,-9.99756050109863,6.13425,6.13425
6.13435,-2.092152E-09,-9.99777317047119,6.13435,6.13435
6.13445,-4.6210793E-08,-9.99782848358154,6.13445,6.13445
6.13455,-8.3959478E-08,-9.99790859222412,6.13455,6.13455
6.13465,-8.3727457E-08,-9.99804019927979,6.13465,6.13465
6.13475,-9.4983868E-08,-9.99783515930176,6.13475,6.13475
6.13485,-1.01304607E-07,-9.99792671203613,6.13485,6.13485
6.13495,-1.0053121E-07,-9.99818229675293,6.13495,6.13495
6.13505,-2.208368642E-06,-1.35743808746338,6.13505,6.13505
6.13515,2.7047501135E-05,-0.001123080728576,6.13515,6.13515
6.13525,3.3006461308E-05,-0.000867224065587,6.13525,6.13525
6.13535,3.4599626815E-05,-0.000652673246805,6.13535,6.13535
6.13545,3.5212815419E-05,-0.000366840016795,6.13545,6.13545
6.13555,3.5508266592E-05,-0.00060369737912,6.13555,6.13555
6.13565,3.5630113416E-05,-0.00063761457568,6.13565,6.13565
6.13575,3.5712288081E-05,-0.000485339056468,6.13575,6.13575
6.13585,3.5810789996E-05,-0.000425245118095,6.13585,6.13585
6.13595,3.5845292587E-05,-0.000638247875031,6.13595,6.13595
6.13605,2.0369428967E-05,-8.63132572174072,6.13605,6.13605
6.13615,8.77777666E-07,-9.99722957611084,6.13615,6.13615
6.13625,1.23732107E-07,-9.99775409698486,6.13625,6.13625
6.13635,-1.51635E-10,-9.9978199005127,6.13635,6.13635
6.13645,-7.680206E-08,-9.9979133605957,6.13645,6.13645
6.13655,-8.7109299E-08,-9.99799919128418,6.13655,6.13655
6.13665,-1.04138046E-07,-9.99835681915283,6.13665,6.13665
6.13675,-1.1189308E-07,-9.99830913543701,6.13675,6.13675
6.13685,-1.18973155E-07,-9.99829864501953,6.13685,6.13685
6.13695,-1.1596395E-07,-9.99844074249268,6.13695,6.13695
6.13705,-2.207764055E-06,-1.3774551153183,6.13705,6.13705
6.13715,2.7134106858E-05,-0.001058764639311,6.13715,6.13715
6.13725,3.3097294363E-05,-0.000637755321804,6.13725,6.13725
6.13735,3.4726195736E-05,-0.000837106723338,6.13735,6.13735
6.13745,3.5356155422E-05,-0.000706082268152,6.13745,6.13745
6.13755,3.5604014556E-05,-0.000617982004769,6.13755,6.13755
6.13765,3.5749497329E-05,-0.000426019163569,6.13765,6.13765
6.13775,3.5850334825E-05,-0.000239052431425,6.13775,6.13775
6.13785,3.5900739022E-05,-0.000390061322832,6.13785,6.13785
6.13795,3.5936987842E-05,-0.000503564253449,6.13795,6.13795
6.13805,2.046381087E-05,-8.61137771606445,6.13805,6.13805
6.13815,8.48269167E-07,-9.99709415435791,6.13815,6.13815
6.13825,1.0207706E-07,-9.99748516082764,6.13825,6.13825
6.13835,-2.3339409E-08,-9.9976282119751,6.13835,6.13835
6.13845,-5.9920971E-08,-9.99810791015625,6.13845,6.13845
6.13855,-6.4308225E-08,-9.99836730957031,6.13855,6.13855
6.13865,-8.6532772E-08,-9.99792194366455,6.13865,6.13865
6.13875,-8.2806416E-08,-9.9982385635376,6.13875,6.13875
6.13885,-9.9082854E-08,-9.99850463867188,6.13885,6.13885
6.13895,-1.00889785E-07,-9.9984130859375,6.13895,6.13895
6.13905,-2.223794354E-06,-1.39762794971466,6.13905,6.13905
6.13915,2.7175503419E-05,-0.001557600684464,6.13915,6.13915
6.13925,3.3176420402E-05,-0.000853220932186,6.13925,6.13925
6.13935,3.482635293E-05,-0.000535511178896,6.13935,6.13935
6.13945,3.5440469219E-05,-0.000184236065252,6.13945,6.13945
6.13955,3.5729790397E-05,-0.000395620358177,6.13955,6.13955
6.13965,3.5877052142E-05,-0.000187050769455,6.13965,6.13965
6.13975,3.595085218E-05,-0.000711007975042,6.13975,6.13975
6.13985,3.6006727896E-05,-0.000350303627783,6.13985,6.13985
6.13995,3.6055676901E-05,-0.000185713783139,6.13995,6.13995
6.14005,2.055479672E-05,-8.59117221832275,6.14005,6.14005
6.14015,8.30410784E-07,-9.99732780456543,6.14015,6.14015
6.14025,1.14500587E-07,-9.99810886383057,6.14025,6.14025
6.14035,-4.756848E-09,-9.99825954437256,6.14035,6.14035
6.14045,-6.1341204E-08,-9.99810981750488,6.14045,6.14045
6.14055,-8.8993573E-08,-9.99801254272461,6.14055,6.14055
6.14065,-8.1681478E-08,-9.99822807312012,6.14065,6.14065
6.14075,-1.01606936E-07,-9.99785614013672,6.14075,6.14075
6.14085,-1.07252717E-07,-9.99802684783936,6.14085,6.14085
6.14095,-1.09383066E-07,-9.99799060821533,6.14095,6.14095
6.14105,-2.224159971E-06,-1.41671919822693,6.14105,6.14105
6.14115,2.7258109185E-05,-0.00104764662683,6.14115,6.14115
6.14125,3.3274154703E-05,-0.000332922820235,6.14125,6.14125
6.14135,3.4907207009E-05,-0.000167910780874,6.14135,6.14135
6.14145,3.5558558011E-05,-0.000298513070447,6.14145,6.14145
6.14155,3.581416604E-05,-0.000236378458794,6.14155,6.14155
6.14165,3.5983288399E-05,-3.1608731661E-05,6.14165,6.14165
6.14175,3.6065335735E-05,7.8164732258E-05,6.14175,6.14175
6.14185,3.6107248889E-05,7.3027898907E-05,6.14185,6.14185
6.14195,3.6135574192E-05,2.8977778129E-05,6.14195,6.14195
6.14205,2.0674104235E-05,-8.57077217102051,6.14205,6.14205
6.14215,8.58470969E-07,-9.99660396575928,6.14215,6.14215
6.14225,1.18726135E-07,-9.99715423583984,6.14225,6.14225
6.14235,-1.0831511E-08,-9.99743938446045,6.14235,6.14235
6.14245,-4.8530978E-08,-9.99775218963623,6.14245,6.14245
6.14255,-9.7754025E-08,-9.997483253479,6.14255,6.14255
6.14265,-1.09136984E-07,-9.99741840362549,6.14265,6.14265
6.14275,-9.1566868E-08,-9.99779796600342,6.14275,6.14275
6.14285,-1.26214942E-07,-9.99783611297607,6.14285,6.14285
6.14295,-9.5679923E-08,-9.99767589569092,6.14295,6.14295
6.14305,-2.220018814E-06,-1.4367949962616,6.14305,6.14305
6.14315,2.7317633794E-05,-0.000785175419878,6.14315,6.14315
6.14325,3.3343163523E-05,-0.000421163800638,6.14325,6.14325
6.14335,3.4995431633E-05,-0.000231804573559,6.14335,6.14335
6.14345,3.5626773752E-05,-0.00041124195559,6.14345,6.14345
6.14355,3.5930828744E-05,-0.000331585848471,6.14355,6.14355
6.14365,3.6090725189E-05,-0.000174806817085,6.14365,6.14365
6.14375,3.6208337406E-05,-5.004504419E-05,6.14375,6.14375
6.14385,3.624288729E-05,-5.6307759223E-05,6.14385,6.14385
6.14395,3.6264533264E-05,-9.6839503385E-05,6.14395,6.14395
6.14405,2.0773140932E-05,-8.55090522766113,6.14405,6.14405
6.14415,8.85012469E-07,-9.99663257598877,6.14415,6.14415
6.14425,1.41119415E-07,-9.99686527252197,6.14425,6.14425
6.14435,-5.10136E-09,-9.99683856964111,6.14435,6.14435
6.14445,-5.0302756E-08,-9.99699687957764,6.14445,6.14445
6.14455,-8.0886991E-08,-9.99710655212402,6.14455,6.14455
6.14465,-8.0331553E-08,-9.99752426147461,6.14465,6.14465
6.14475,-1.18628641E-07,-9.9978666305542,6.14475,6.14475
6.14485,-1.23536182E-07,-9.99787902832031,6.14485,6.14485
6.14495,-1.38997038E-07,-9.99786186218262,6.14495,6.14495
6.14505,-2.244865982E-06,-1.45702600479126,6.14505,6.14505
6.14515,2.737818977E-05,-0.000550429103896,6.14515,6.14515
6.14525,3.3448817703E-05,-0.000349459209247,6.14525,6.14525
6.14535,3.5125169234E-05,-0.000207527744351,6.14535,6.14535
6.14545,3.57602039E-05,0.000169994455064,6.14545,6.14545
6.14555,3.605069287E-05,0.00026470926241,6.14555,6.14555
6.14565,3.6191569961E-05,0.000216859290958,6.14565,6.14565
6.14575,3.6299541534E-05,0.000151558153448,6.14575,6.14575
6.14585,3.631673826E-05,0.000362731341738,6.14585,6.14585
6.14595,3.6372057366E-05,0.000297219085041,6.14595,6.14595
6.14605,2.0877296265E-05,-8.53042888641357,6.14605,6.14605
6.14615,8.88872364E-07,-9.99641799926758,6.14615,6.14615
6.14625,1.32541771E-07,-9.99682807922363,6.14625,6.14625
6.14635,9.283778E-09,-9.99735450744629,6.14635,6.14635
6.14645,-2.9681244E-08,-9.99740123748779,6.14645,6.14645
6.14655,-7.8313697E-08,-9.99760913848877,6.14655,6.14655
6.14665,-1.09312758E-07,-9.99759483337402,6.14665,6.14665
6.14675,-9.8808648E-08,-9.99763488769531,6.14675,6.14675
6.14685,-9.7557162E-08,-9.99766731262207,6.14685,6.14685
6.14695,-1.37541662E-07,-9.99761486053467,6.14695,6.14695
6.14705,-2.253078037E-06,-1.47668409347534,6.14705,6.14705
6.14715,2.7440357371E-05,-0.000978053081781,6.14715,6.14715
6.14725,3.3552747482E-05,-0.00027156228316,6.14725,6.14725
6.14735,3.5198299884E-05,-0.000347277818946,6.14735,6.14735
6.14745,3.5840068449E-05,-0.000212875689613,6.14745,6.14745
6.14755,3.6121513403E-05,-0.000273462181212,6.14755,6.14755
6.14765,3.6282617657E-05,-3.2453142921E-05,6.14765,6.14765
6.14775,3.6388188164E-05,5.6210043113E-05,6.14775,6.14775
6.14785,3.6435118091E-05,0.000529924756847,6.14785,6.14785
6.14795,3.6445369915E-05,0.000228821780183,6.14795,6.14795
6.14805,2.0960091206E-05,-8.5107593536377,6.14805,6.14805
6.14815,8.72799831E-07,-9.99673175811768,6.14815,6.14815
6.14825,1.65136839E-07,-9.99717330932617,6.14825,6.14825
6.14835,1.479524E-09,-9.99698066711426,6.14835,6.14835
6.14845,-2.8753171E-08,-9.99734210968018,6.14845,6.14845
6.14855,-4.789117E-08,-9.99759483337402,6.14855,6.14855
6.14865,-8.9070909E-08,-9.99764919281006,6.14865,6.14865
6.14875,-1.13214881E-07,-9.99765682220459,6.14875,6.14875
6.14885,-1.00060142E-07,-9.99789428710938,6.14885,6.14885
6.14895,-1.22017525E-07,-9.99788379669189,6.14895,6.14895
6.14905,-2.245435326E-06,-1.49681890010834,6.14905,6.14905
6.14915,2.7514561225E-05,-0.000818600063212,6.14915,6.14915
6.14925,3.3657219319E-05,-0.000449029379524,6.14925,6.14925
6.14935,3.5350261896E-05,-0.000218505098019,6.14935,6.14935
6.14945,3.5928966099E-05,0.000126718383399,6.14945,6.14945
6.14955,3.6226920201E-05,0.000164576151292,6.14955,6.14955
6.14965,3.637311238E-05,0.000180127404747,6.14965,6.14965
6.14975,3.64757434E-05,0.000366249703802,6.14975,6.14975
6.14985,3.6527097109E-05,0.000242332360358,6.14985,6.14985
6.14995,3.6572437239E-05,0.000277305050986,6.14995,6.14995
6.15005,2.1066918634E-05,-8.4909725189209,6.15005,6.15005
6.15015,8.93245556E-07,-9.99669742584229,6.15015,6.15015
6.15025,1.36000949E-07,-9.99709606170654,6.15025,6.15025
6.15035,8.208056E-09,-9.99747848510742,6.15035,6.15035
6.15045,-5.4022077E-08,-9.99763965606689,6.15045,6.15045
6.15055,-1.06725402E-07,-9.9977445602417,6.15055,6.15055
6.15065,-1.0032732E-07,-9.99779605865479,6.15065,6.15065
6.15075,-1.05649676E-07,-9.99772453308105,6.15075,6.15075
6.15085,-1.19057525E-07,-9.99758815765381,6.15085,6.15085
6.15095,-1.37865072E-07,-9.99756145477295,6.15095,6.15095
6.15105,-2.234101657E-06,-1.51681709289551,6.15105,6.15105
6.15115,2.7566202334E-05,-0.001038498827256,6.15115,6.15115
6.15125,3.3708522096E-05,-0.000439951953012,6.15125,6.15125
6.15135,3.5418590414E-05,-0.000264595873887,6.15135,6.15135
6.15145,3.6070770875E-05,-8.304745279E-05,6.15145,6.15145
6.15155,3.632779044E-05,-6.0177979321E-05,6.15155,6.15155
6.15165,3.6480556446E-05,0.000121792654681,6.15165,6.15165
6.15175,3.6593319237E-05,6.95271774E-06,6.15175,6.15175
6.15185,3.6663604988E-05,-0.000132234403281,6.15185,6.15185
6.15195,3.6636178265E-05,-0.000118723830383,6.15195,6.15195
6.15205,2.1165582439E-05,-8.47079372406006,6.15205,6.15205
6.15215,9.00529528E-07,-9.99685096740723,6.15215,6.15215
6.15225,1.37596956E-07,-9.99712944030762,6.15225,6.15225
6.15235,-3.062411E-09,-9.99710178375244,6.15235,6.15235
6.15245,-3.6023078E-08,-9.99748611450195,6.15245,6.15245
6.15255,-7.5902115E-08,-9.99763965606689,6.15255,6.15255
6.15265,-9.2565251E-08,-9.99758625030518,6.15265,6.15265
6.15275,-9.1025491E-08,-9.99753475189209,6.15275,6.15275
6.15285,-6.2290368E-08,-9.99754047393799,6.15285,6.15285
6.15295,-1.02900614E-07,-9.99761199951172,6.15295,6.15295
6.15305,-2.22010317E-06,-1.53648197650909,6.15305,6.15305
6.15315,2.7643309295E-05,-0.000243344853516,6.15315,6.15315
6.15325,3.382183786E-05,-9.5150680863E-05,6.15325,6.15325
6.15335,3.5508710425E-05,-0.000124071768369,6.15335,6.15335
6.15345,3.6127959902E-05,1.9618886654E-05,6.15345,6.15345
6.15355,3.6401481339E-05,4.868070755E-05,6.15355,6.15355
6.15365,3.6562356399E-05,4.6640048822E-05,6.15365,6.15365
6.15375,3.6651148548E-05,0.000265624054009,6.15375,6.15375
6.15385,3.6710425775E-05,2.8485204894E-05,6.15385,6.15385
6.15395,3.6713794543E-05,-6.0037244111E-05,6.15395,6.15395
6.15405,2.1211464627E-05,-8.45071506500244,6.15405,6.15405
6.15415,8.50617482E-07,-9.99684047698975,6.15415,6.15415
6.15425,1.00691977E-07,-9.99711322784424,6.15425,6.15425
6.15435,-9.81277E-10,-9.99724006652832,6.15435,6.15435
6.15445,-8.0268279E-08,-9.99729919433594,6.15445,6.15445
6.15455,-1.01909258E-07,-9.9974365234375,6.15455,6.15455
6.15465,-8.1477587E-08,-9.99768352508545,6.15465,6.15465
6.15475,-1.01297573E-07,-9.99777793884277,6.15475,6.15475
6.15485,-1.19690299E-07,-9.99731731414795,6.15485,6.15485
6.15495,-1.11450134E-07,-9.99752807617188,6.15495,6.15495
6.15505,-2.239944251E-06,-1.55672109127045,6.15505,6.15505
6.15515,2.7687097827E-05,-0.000707630300894,6.15515,6.15515
6.15525,3.3877200622E-05,-0.000412719702581,6.15525,6.15525
6.15535,3.5564706195E-05,-0.000254181475611,6.15535,6.15535
6.15545,3.6224973883E-05,8.1049809523E-05,6.15545,6.15545
6.15555,3.6500343413E-05,0.000104763690615,6.15555,6.15555
6.15565,3.6695626477E-05,0.000207359655178,6.15565,6.15565
6.15575,3.6782723328E-05,0.000228962511756,6.15575,6.15575
6.15585,3.6808702134E-05,1.0048892364E-05,6.15585,6.15585
6.15595,3.6870525946E-05,-7.4181130913E-05,6.15595,6.15595
6.15605,2.136733201E-05,-8.4305534362793,6.15605,6.15605
6.15615,9.01675605E-07,-9.99671363830566,6.15615,6.15615
6.15625,1.38461758E-07,-9.99701690673828,6.15625,6.15625
6.15635,8.475229E-09,-9.99698734283447,6.15635,6.15635
6.15645,-4.1387626E-08,-9.99756240844727,6.15645,6.15645
6.15655,-9.1876224E-08,-9.99769592285156,6.15655,6.15655
6.15665,-9.5391655E-08,-9.99779319763184,6.15665,6.15665
6.15675,-1.11330614E-07,-9.99754428863525,6.15675,6.15675
6.15685,-1.08855751E-07,-9.99786472320557,6.15685,6.15685
6.15695,-1.14986662E-07,-9.99771976470947,6.15695,6.15695
6.15705,-2.302075927E-06,-1.57687067985535,6.15705,6.15705
6.15715,2.7748068533E-05,-0.000955042836722,6.15715,6.15715
6.15725,3.3971926314E-05,-0.000491883256473,6.15725,6.15725
6.15735,3.5680819565E-05,-0.000388091022614,6.15735,6.15735
6.15745,3.6303885281E-05,-0.000167770049302,6.15745,6.15745
6.15755,3.660899165E-05,9.1675319709E-05,6.15755,6.15755
6.15765,3.6761350202E-05,-3.8856593164E-05,6.15765,6.15765
6.15775,3.6854889913E-05,-0.000115205446491,6.15775,6.15775
6.15785,3.6918481783E-05,5.2269457228E-05,6.15785,6.15785
6.15795,3.6961639125E-05,5.2269457228E-05,6.15795,6.15795
6.15805,2.1447167455E-05,-8.41068077087402,6.15805,6.15805
6.15815,8.76469926E-07,-9.99693870544434,6.15815,6.15815
6.15825,1.26010107E-07,-9.99713325500488,6.15825,6.15825
6.15835,-1.7412395E-08,-9.99748039245605,6.15835,6.15835
6.15845,-8.9837279E-08,-9.99748039245605,6.15845,6.15845
6.15855,-8.8810772E-08,-9.99774169921875,6.15855,6.15855
6.15865,-1.10655648E-07,-9.99774646759033,6.15865,6.15865
6.15875,-1.03877902E-07,-9.99756050109863,6.15875,6.15875
6.15885,-1.03273244E-07,-9.99748611450195,6.15885,6.15885
6.15895,-8.8353765E-08,-9.99766445159912,6.15895,6.15895
6.15905,-2.239051355E-06,-1.59633588790894,6.15905,6.15905
6.15915,2.7796546419E-05,-0.000283524772385,6.15915,6.15915
6.15925,3.4049342503E-05,7.2957533121E-05,6.15925,6.15925
6.15935,3.5773788113E-05,0.000263161171461,6.15935,6.15935
6.15945,3.6409735912E-05,0.000445765123004,6.15945,6.15945
6.15955,3.6713554437E-05,0.000672982132528,6.15955,6.15955
6.15965,3.6903969885E-05,0.000446539168479,6.15965,6.15965
6.15975,3.7010595406E-05,0.00028476404259,6.15975,6.15975
6.15985,3.7036192225E-05,0.000356890814146,6.15985,6.15985
6.15995,3.7051675463E-05,0.000515640131198,6.15995,6.15995
6.16005,2.1577119696E-05,-8.39083957672119,6.16005,6.16005
6.16015,9.03250509E-07,-9.99677562713623,6.16015,6.16015
6.16025,1.14465429E-07,-9.99715518951416,6.16025,6.16025
6.16035,1.3439015E-08,-9.9971981048584,6.16035,6.16035
6.16045,-4.0775941E-08,-9.9973669052124,6.16045,6.16045
6.16055,-8.5000046E-08,-9.99759006500244,6.16055,6.16055
6.16065,-1.03357621E-07,-9.99759006500244,6.16065,6.16065
6.16075,-7.6239594E-08,-9.99789142608643,6.16075,6.16075
6.16085,-9.5609607E-08,-9.99773979187012,6.16085,6.16085
6.16095,-7.2421834E-08,-9.99759101867676,6.16095,6.16095
6.16105,-2.243403515E-06,-1.61688113212586,6.16105,6.16105
6.16115,2.791058796E-05,-0.000909233523998,6.16115,6.16115
6.16125,3.4121745557E-05,-0.000556621467695,6.16125,6.16125
6.16135,3.5848097468E-05,-0.000375565577997,6.16135,6.16135
6.16145,3.6534584069E-05,-0.000235534054809,6.16145,6.16145
6.16155,3.6816963984E-05,-4.024628652E-06,6.16155,6.16155
6.16165,3.6945424654E-05,9.5897376013E-05,6.16165,6.16165
6.16175,3.7090514525E-05,0.000277305050986,6.16175,6.16175
6.16185,3.7124107621E-05,0.000408751744544,6.16185,6.16185
6.16195,3.7159366912E-05,0.000365123822121,6.16195,6.16195
6.16205,2.167124876E-05,-8.37089920043945,6.16205,6.16205
6.16215,8.78930734E-07,-9.99705410003662,6.16215,6.16215
6.16225,1.59821511E-07,-9.99731826782227,6.16225,6.16225
6.16235,-5.431811E-09,-9.99735260009766,6.16235,6.16235
6.16245,-4.4073413E-08,-9.99756336212158,6.16245,6.16245
6.16255,-3.4124746E-08,-9.99794483184814,6.16255,6.16255
6.16265,-4.356016E-08,-9.99786472320557,6.16265,6.16265
6.16275,-5.4176759E-08,-9.99792766571045,6.16275,6.16275
6.16285,-8.3734491E-08,-9.99776458740234,6.16285,6.16285
6.16295,-9.7268895E-08,-9.99809741973877,6.16295,6.16295
6.16305,-2.285159781E-06,-1.63683354854584,6.16305,6.16305
6.16315,2.7946985938E-05,-0.001345864497125,6.16315,6.16315
6.16325,3.4244338167E-05,-0.000497723754961,6.16325,6.16325
6.16335,3.5981829569E-05,-0.000171781008248,6.16335,6.16335
6.16345,3.6652912968E-05,2.2574326067E-05,6.16345,6.16345
6.16355,3.6917615944E-05,-0.00012949007214,6.16355,6.16355
6.16365,3.7072044506E-05,-0.000122242214275,6.16365,6.16365
6.16375,3.7179026549E-05,0.000115811402793,6.16375,6.16375
6.16385,3.7209130824E-05,0.000227836630074,6.16385,6.16385
6.16395,3.7255922507E-05,0.000348376343027,6.16395,6.16395
6.16405,2.1770953026E-05,-8.35081005096436,6.16405,6.16405
6.16415,9.0616129E-07,-9.99696826934814,6.16415,6.16415
6.16425,1.14423244E-07,-9.99739646911621,6.16425,6.16425
6.16435,-2.2762878E-08,-9.9975757598877,6.16435,6.16435
6.16445,-8.1646327E-08,-9.99779605865479,6.16445,6.16445
6.16455,-9.9462518E-08,-9.99768733978271,6.16455,6.16455
6.16465,-7.9199587E-08,-9.99744319915771,6.16465,6.16465
6.16475,-5.8739786E-08,-9.99758243560791,6.16475,6.16475
6.16485,-9.8724279E-08,-9.99788093566895,6.16485,6.16485
6.16495,-1.0044684E-07,-9.99803161621094,6.16495,6.16495
6.16505,-2.290672001E-06,-1.65682971477509,6.16505,6.16505
6.16515,2.7969899747E-05,-0.000983471400104,6.16515,6.16515
6.16525,3.4302280255E-05,-0.000627763103694,6.16525,6.16525
6.16535,3.6011697375E-05,-0.000473658030387,6.16535,6.16535
6.16545,3.6688736145E-05,-0.000292461452773,6.16545,6.16545
6.16555,3.7000398152E-05,-0.000292883662041,6.16555,6.16555
6.16565,3.7195302866E-05,-6.2500112108E-05,6.16565,6.16565
6.16575,3.7268506276E-05,-5.7715111325E-05,6.16575,6.16575
6.16585,3.7335776142E-05,-0.000179451075383,6.16585,6.16585
6.16595,3.736081635E-05,0.000210948404856,6.16595,6.16595
6.16605,2.1873773221E-05,-8.3306188583374,6.16605,6.16605
6.16615,9.3174657E-07,-9.99660110473633,6.16615,6.16615
6.16625,1.7725101E-07,-9.99710369110107,6.16625,6.16625
6.16635,1.3291367E-08,-9.99756526947021,6.16635,6.16635
6.16645,-3.5945739E-08,-9.9976224899292,6.16645,6.16645
6.16655,-5.5231386E-08,-9.99791145324707,6.16655,6.16655
6.16665,-7.1022697E-08,-9.99785709381104,6.16665,6.16665
6.16675,-1.00144518E-07,-9.9979133605957,6.16675,6.16675
6.16685,-8.3172019E-08,-9.99791431427002,6.16685,6.16685
6.16695,-9.2108245E-08,-9.99812698364258,6.16695,6.16695
6.16705,-2.258976792E-06,-1.67717480659485,6.16705,6.16705
6.16715,2.8059079341E-05,-0.00102365121711,6.16715,6.16715
6.16725,3.4380962461E-05,-0.000789467827417,6.16725,6.16725
6.16735,3.6152119719E-05,-0.000588357215747,6.16735,6.16735
6.16745,3.6815275962E-05,-0.000475417211419,6.16745,6.16745
6.16755,3.7124107621E-05,-0.000297598278848,6.16755,6.16755
6.16765,3.7274530769E-05,-0.000172555053723,6.16765,6.16765
6.16775,3.736319195E-05,-4.7582176194E-05,6.16775,6.16775
6.16785,3.742390254E-05,1.3708007828E-05,6.16785,6.16785
6.16795,3.7474779674E-05,-0.000119146032375,6.16795,6.16795
6.16805,2.195945126E-05,-8.31067371368408,6.16805,6.16805
6.16815,9.14260795E-07,-9.99655246734619,6.16815,6.16815
6.16825,1.49162716E-07,-9.99703598022461,6.16825,6.16825
6.16835,1.1800825E-08,-9.99726963043213,6.16835,6.16835
6.16845,-5.1793297E-08,-9.99735546112061,6.16845,6.16845
6.16855,-8.0212033E-08,-9.996994972229,6.16855,6.16855
6.16865,-9.4484676E-08,-9.99722003936768,6.16865,6.16865
6.16875,-1.40037614E-07,-9.99724388122559,6.16875,6.16875
6.16885,-1.25012662E-07,-9.99742031097412,6.16885,6.16885
6.16895,-1.05853573E-07,-9.99736881256104,6.16895,6.16895
6.16905,-2.267828677E-06,-1.69658923149109,6.16905,6.16905
6.16915,2.8082849894E-05,-0.00069974915823,6.16915,6.16915
6.16925,3.4451692045E-05,-0.000107887215563,6.16925,6.16925
6.16935,3.6231012928E-05,-0.000303016597172,6.16935,6.16935
6.16945,3.689600635E-05,0.000167531601619,6.16945,6.16945
6.16955,3.7201221858E-05,0.000338313780958,6.16955,6.16955
6.16965,3.7339152186E-05,0.000370331050362,6.16965,6.16965
6.16975,3.7455254642E-05,-3.4564171074E-05,6.16975,6.16975
6.16985,3.7496938603E-05,-0.00019739480922,6.16985,6.16985
6.16995,3.7529287511E-05,3.4255350329E-05,6.16995,6.16995
6.17005,2.2088312107E-05,-8.29055690765381,6.17005,6.17005
6.17015,9.48437844E-07,-9.99659824371338,6.17015,6.17015
6.17025,1.42377942E-07,-9.99723625183105,6.17025,6.17025
6.17035,1.0457931E-08,-9.99718856811523,6.17035,6.17035
6.17045,-4.4143722E-08,-9.99729824066162,6.17045,6.17045
6.17055,-6.9419663E-08,-9.99746608734131,6.17055,6.17055
6.17065,-8.196271E-08,-9.99743366241455,6.17065,6.17065
6.17075,-1.08890902E-07,-9.99744129180908,6.17075,6.17075
6.17085,-1.11773559E-07,-9.99760150909424,6.17085,6.17085
6.17095,-1.13707046E-07,-9.9978494644165,6.17095,6.17095
6.17105,-2.333616521E-06,-1.71680402755737,6.17105,6.17105
6.17115,2.8110074709E-05,-0.000873557117302,6.17115,6.17115
6.17125,3.4491633414E-05,-0.000440725998487,6.17125,6.17125
6.17135,3.6276382161E-05,-0.000390131695895,6.17135,6.17135
6.17145,3.6964829633E-05,2.0744768335E-05,6.17145,6.17145
6.17155,3.7291407352E-05,4.9173282605E-05,6.17155,6.17155
6.17165,3.7422523746E-05,-0.000134063971927,6.17165,6.17165
6.17175,3.7507274101E-05,0.000272871897323,6.17175,6.17175
6.17185,3.7591376895E-05,7.7601791418E-05,6.17185,6.17185
6.17195,3.7625308323E-05,0.000190260339878,6.17195,6.17195
6.17205,2.2133759558E-05,-8.27074527740479,6.17205,6.17205
6.17215,9.1251718E-07,-9.99695014953613,6.17215,6.17215
6.17225,1.31051223E-07,-9.99720001220703,6.17225,6.17225
6.17235,-1.4143045E-08,-9.99711894989014,6.17235,6.17235
6.17245,-7.5986485E-08,-9.99713134765625,6.17245,6.17245
6.17255,-6.8273629E-08,-9.99743270874023,6.17255,6.17255
6.17265,-8.4985984E-08,-9.99767780303955,6.17265,6.17265
6.17275,-1.19767648E-07,-9.9976634979248,6.17275,6.17275
6.17285,-1.01578813E-07,-9.99760627746582,6.17285,6.17285
6.17295,-8.5984368E-08,-9.99759006500244,6.17295,6.17295
6.17305,-2.295467084E-06,-1.73670148849487,6.17305,6.17305
6.17315,2.8206446586E-05,-0.000600179017056,6.17315,6.17315
6.17325,3.4652828617E-05,1.27059948E-07,6.17325,6.17325
6.17335,3.6427783925E-05,9.697054338E-06,6.17335,6.17335
6.17345,3.7075031287E-05,0.000109689426608,6.17345,6.17345
6.17355,3.7380614231E-05,9.9556491477E-05,6.17355,6.17355
6.17365,3.753582132E-05,0.000245710019954,6.17365,6.17365
6.17375,3.7645691918E-05,0.000430917541962,6.17375,6.17375
6.17385,3.7668360164E-05,0.000224740462727,6.17385,6.17385
6.17395,3.7715231883E-05,0.000218477740418,6.17395,6.17395
6.17405,2.2262887796E-05,-8.25077629089355,6.17405,6.17405
6.17415,9.36147899E-07,-9.99672794342041,6.17415,6.17415
6.17425,1.34095586E-07,-9.99710941314697,6.17425,6.17425
6.17435,-1.7813154E-08,-9.99734878540039,6.17435,6.17435
6.17445,-4.0536889E-08,-9.99802207946777,6.17445,6.17445
6.17455,-7.3174142E-08,-9.99758720397949,6.17455,6.17455
6.17465,-9.3872991E-08,-9.99767112731934,6.17465,6.17465
6.17475,-1.0280921E-07,-9.99769401550293,6.17475,6.17475
6.17485,-8.5161751E-08,-9.99754333496094,6.17485,6.17485
6.17495,-9.7465758E-08,-9.9976282119751,6.17495,6.17495
6.17505,-2.319758551E-06,-1.75658309459686,6.17505,6.17505
6.17515,2.8215776183E-05,-0.000662032107357,6.17515,6.17515
6.17525,3.4668250009E-05,-0.000448959006462,6.17525,6.17525
6.17535,3.6456083762E-05,2.4474251404E-05,6.17535,6.17535
6.17545,3.7135410821E-05,0.000138610514114,6.17545,6.17545
6.17555,3.7432429963E-05,-0.000170021812664,6.17555,6.17555
6.17565,3.7619072828E-05,4.0377330151E-05,6.17565,6.17565
6.17575,3.7679572415E-05,7.823510532E-05,6.17575,6.17575
6.17585,3.7759986299E-05,0.000360549951438,6.17585,6.17585
6.17595,3.7764562876E-05,0.0004084702814,6.17595,6.17595
6.17605,2.2330194042E-05,-8.23068237304688,6.17605,6.17605
6.17615,9.00874056E-07,-9.99702739715576,6.17615,6.17615
6.17625,1.37266511E-07,-9.997314453125,6.17625,6.17625
6.17635,-3.079915E-08,-9.99746131896973,6.17635,6.17635
6.17645,-7.59443E-08,-9.99742031097412,6.17645,6.17645
6.17655,-7.389832E-08,-9.99752044677734,6.17655,6.17655
6.17665,-9.5194792E-08,-9.99798583984375,6.17665,6.17665
6.17675,-9.0083354E-08,-9.99798393249512,6.17675,6.17675
6.17685,-9.958908E-08,-9.99787330627441,6.17685,6.17685
6.17695,-9.0090388E-08,-9.99777793884277,6.17695,6.17695
6.17705,-2.343684628E-06,-1.77655458450317,6.17705,6.17705
6.17715,2.8298529287E-05,-0.000786582764704,6.17715,6.17715
6.17725,3.4808410419E-05,-0.000157426009537,6.17725,6.17725
6.17735,3.6592911783E-05,-0.000343689054716,6.17735,6.17735
6.17745,3.7231362512E-05,-0.000157285277965,6.17745,6.17745
6.17755,3.7538717152E-05,1.6804182451E-05,6.17755,6.17755
6.17765,3.7721434637E-05,0.000235436338698,6.17765,6.17765
6.17775,3.7796566176E-05,0.000248172873398,6.17775,6.17775
6.17785,3.7867361243E-05,0.000214466796024,6.17785,6.17785
6.17795,3.7894456909E-05,0.000210244732443,6.17795,6.17795
6.17805,2.2466430892E-05,-8.21064758300781,6.17805,6.17805
6.17815,9.30333385E-07,-9.99664306640625,6.17815,6.17815
6.17825,1.52994545E-07,-9.99720573425293,6.17825,6.17825
6.17835,1.8733253E-08,-9.997145652771,6.17835,6.17835
6.17845,-6.0244389E-08,-9.99754810333252,6.17845,6.17845
6.17855,-1.34954306E-07,-9.99782371520996,6.17855,6.17855
6.17865,-1.01388977E-07,-9.99795436859131,6.17865,6.17865
6.17875,-1.05361416E-07,-9.9976692199707,6.17875,6.17875
6.17885,-1.1420623E-07,-9.99753475189209,6.17885,6.17885
6.17895,-1.09488525E-07,-9.99783611297607,6.17895,6.17895
6.17905,-2.352599722E-06,-1.79702472686768,6.17905,6.17905
6.17915,2.8350474167E-05,-0.000906911387574,6.17915,6.17915
6.17925,3.4868648072E-05,-0.000747036188841,6.17925,6.17925
6.17935,3.6643821659E-05,-0.000293516961392,6.17935,6.17935
6.17945,3.7333324144E-05,-0.000290913361823,6.17945,6.17945
6.17955,3.7629437429E-05,-0.000164744240465,6.17955,6.17955
6.17965,3.7786176108E-05,-6.3907464209E-05,6.17965,6.17965
6.17975,3.7872374378E-05,-0.000313712458592,6.17975,6.17975
6.17985,3.7907942897E-05,-0.000248129857937,6.17985,6.17985
6.17995,3.7936682929E-05,8.724215877E-05,6.17995,6.17995
6.18005,2.2525504392E-05,-8.19122219085693,6.18005,6.18005
6.18015,9.40239829E-07,-9.99704170227051,6.18015,6.18015
6.18025,1.31578545E-07,-9.99760055541992,6.18025,6.18025
6.18035,-3.2001427E-08,-9.99764919281006,6.18035,6.18035
6.18045,-5.2025314E-08,-9.99779033660889,6.18045,6.18045
6.18055,-7.2829629E-08,-9.99746227264404,6.18055,6.18055
6.18065,-1.03413868E-07,-9.99730110168457,6.18065,6.18065
6.18075,-9.6502532E-08,-9.99753952026367,6.18075,6.18075
6.18085,-8.1428368E-08,-9.99722290039063,6.18085,6.18085
6.18095,-1.11717313E-07,-9.99758148193359,6.18095,6.18095
6.18105,-2.371899427E-06,-1.81684732437134,6.18105,6.18105
6.18115,2.842286267E-05,-0.001102462993003,6.18115,6.18115
6.18125,3.4985368984E-05,-0.00049828668125,6.18125,6.18125
6.18135,3.6760822695E-05,-0.000488716701511,6.18135,6.18135
6.18145,3.740856846E-05,-0.000383376405807,6.18145,6.18145
6.18155,3.7749923649E-05,-0.000417434319388,6.18155,6.18155
6.18165,3.7897043512E-05,-0.000109153836092,6.18165,6.18165
6.18175,3.7957663153E-05,-0.00015341505059,6.18175,6.18175
6.18185,3.8031445001E-05,-9.2828551715E-05,6.18185,6.18185
6.18195,3.8071353629E-05,0.000323888409184,6.18195,6.18195
6.18205,2.2689591788E-05,-8.17086505889893,6.18205,6.18205
6.18215,9.56551389E-07,-9.99688816070557,6.18215,6.18215
6.18225,1.81314846E-07,-9.99734020233154,6.18225,6.18225
6.18235,4.6005955E-08,-9.99758529663086,6.18235,6.18235
6.18245,-3.0637441E-08,-9.99792766571045,6.18245,6.18245
6.18255,-8.1934587E-08,-9.99803447723389,6.18255,6.18255
6.18265,-7.4369382E-08,-9.99795627593994,6.18265,6.18265
6.18275,-6.4146519E-08,-9.99769401550293,6.18275,6.18275
6.18285,-7.4038937E-08,-9.99795532226563,6.18285,6.18285
6.18295,-9.4983868E-08,-9.99804401397705,6.18295,6.18295
6.18305,-2.343241704E-06,-1.83704471588135,6.18305,6.18305
6.18315,2.8429774829E-05,-0.000500890309922,6.18315,6.18315
6.18325,3.4980657801E-05,-0.000232578619034,6.18325,6.18325
6.18335,3.6818193621E-05,-0.000302524014842,6.18335,6.18335
6.18345,3.748033123E-05,0.000202926501515,6.18345,6.18345
6.18355,3.7790956412E-05,0.000115811402793,6.18355,6.18355
6.18365,3.7965532101E-05,0.000240995374043,6.18365,6.18365
6.18375,3.8082715037E-05,3.4818291169E-05,6.18375,6.18375
6.18385,3.8105852582E-05,0.000250002427492,6.18385,6.18385
6.18395,3.8148318708E-05,0.000394467118895,6.18395,6.18395
6.18405,2.2774474928E-05,-8.15073013305664,6.18405,6.18405
6.18415,9.70641281E-07,-9.99688529968262,6.18415,6.18415
6.18425,1.16124717E-07,-9.99747467041016,6.18425,6.18425
6.18435,-2.0850484E-08,-9.99757289886475,6.18435,6.18435
6.18445,-4.2189143E-08,-9.99777412414551,6.18445,6.18445
6.18455,-8.5675005E-08,-9.99755668640137,6.18455,6.18455
6.18465,-1.05783265E-07,-9.99783802032471,6.18465,6.18465
6.18475,-9.8696155E-08,-9.99782085418701,6.18475,6.18475
6.18485,-7.8693361E-08,-9.99798583984375,6.18485,6.18485
6.18495,-7.9860484E-08,-9.99804592132568,6.18495,6.18495
6.18505,-2.359082146E-06,-1.85683441162109,6.18505,6.18505
6.18515,2.8520085834E-05,-0.001269093481824,6.18515,6.18515
6.18525,3.5081284295E-05,-0.001010070322081,6.18525,6.18525
6.18535,3.6899189581E-05,-0.000356777454726,6.18535,6.18535
6.18545,3.7573208829E-05,-0.000122031102364,6.18545,6.18545
6.18555,3.7898564187E-05,-6.276392469E-06,6.18555,6.18555
6.18565,3.804015796E-05,-0.00014377469779,6.18565,6.18565
6.18575,3.8143047277E-05,-0.000187402605661,6.18575,6.18575
6.18585,3.8212750951E-05,-0.000220193920541,6.18585,6.18585
6.18595,3.8221111026E-05,-0.000107394640509,6.18595,6.18595
6.18605,2.2836473363E-05,-8.13105583190918,6.18605,6.18605
6.18615,9.35135461E-07,-9.99682903289795,6.18615,6.18615
6.18625,1.39017189E-07,-9.99700164794922,6.18625,6.18625
6.18635,-3.7815948E-08,-9.99729442596436,6.18635,6.18635
6.18645,-5.9288194E-08,-9.9973611831665,6.18645,6.18645
6.18655,-6.0926382E-08,-9.99747753143311,6.18655,6.18655
6.18665,-7.3188204E-08,-9.99756908416748,6.18665,6.18665
6.18675,-1.02113155E-07,-9.99753952026367,6.18675,6.18675
6.18685,-9.5743196E-08,-9.99774360656738,6.18685,6.18685
6.18695,-1.14684333E-07,-9.99762153625488,6.18695,6.18695
6.18705,-2.390214831E-06,-1.87666416168213,6.18705,6.18705
6.18715,2.8509230106E-05,-0.000806356081739,6.18715,6.18715
6.18725,3.5145258153E-05,-0.000485198310344,6.18725,6.18725
6.18735,3.6970832298E-05,-0.000238770968281,6.18735,6.18735
6.18745,3.7640566006E-05,1.2582126146E-05,6.18745,6.18745
6.18755,3.7967001845E-05,-9.5221046649E-05,6.18755,6.18755
6.18765,3.8146077713E-05,-0.000239967208472,6.18765,6.18765
6.18775,3.8258513086E-05,-0.000292039243504,6.18775,6.18775
6.18785,3.8296671846E-05,-0.000226878837566,6.18785,6.18785
6.18795,3.8358663005E-05,-0.000110138978926,6.18795,6.18795
6.18805,2.2999925932E-05,-8.11102867126465,6.18805,6.18805
6.18815,9.6623296E-07,-9.99663829803467,6.18815,6.18815
6.18825,1.45886347E-07,-9.99678039550781,6.18825,6.18825
6.18835,-3.357707E-09,-9.99686431884766,6.18835,6.18835
6.18845,-6.6740903E-08,-9.99723529815674,6.18845,6.18845
6.18855,-8.9802121E-08,-9.99771213531494,6.18855,6.18855
6.18865,-1.17250593E-07,-9.99763107299805,6.18865,6.18865
6.18875,-8.6673388E-08,-9.99758434295654,6.18875,6.18875
6.18885,-1.08778409E-07,-9.99726486206055,6.18885,6.18885
6.18895,-1.22193285E-07,-9.99733734130859,6.18895,6.18895
6.18905,-2.422352964E-06,-1.8965334892273,6.18905,6.18905
6.18915,2.8560963983E-05,-0.000687645922881,6.18915,6.18915
6.18925,3.5193384974E-05,-0.000174736444023,6.18925,6.18925
6.18935,3.7027602957E-05,0.000136780945468,6.18935,6.18935
6.18945,3.7719488319E-05,0.000318118283758,6.18945,6.18945
6.18955,3.8003232476E-05,0.000268227653578,6.18955,6.18955
6.18965,3.8185535232E-05,0.000260346481809,6.18965,6.18965
6.18975,3.8286376366E-05,0.000492841063533,6.18975,6.18975
6.18985,3.8335383579E-05,0.000344224652508,6.18985,6.18985
6.18995,3.8352216507E-05,0.000262035289779,6.18995,6.18995
6.19005,2.3017011699E-05,-8.09027004241943,6.19005,6.19005
6.19015,9.29342036E-07,-9.99637985229492,6.19015,6.19015
6.19025,1.50934497E-07,-9.99677181243896,6.19025,6.19025
6.19035,-4.0811095E-08,-9.99678134918213,6.19035,6.19035
6.19045,-7.4214704E-08,-9.99727249145508,6.19045,6.19045
6.19055,-7.8805854E-08,-9.99725437164307,6.19055,6.19055
6.19065,-1.28028901E-07,-9.99739074707031,6.19065,6.19065
6.19075,-1.41619552E-07,-9.99741554260254,6.19075,6.19075
6.19085,-1.06725402E-07,-9.99745178222656,6.19085,6.19085
6.19095,-1.22481552E-07,-9.99735641479492,6.19095,6.19095
6.19105,-2.412706635E-06,-1.91638088226318,6.19105,6.19105
6.19115,2.8601003578E-05,-0.000447340542451,6.19115,6.19115
6.19125,3.5250923247E-05,-0.000429959764006,6.19125,6.19125
6.19135,3.7096222513E-05,3.6296009057E-05,6.19135,6.19135
6.19145,3.7756857637E-05,8.2738632045E-05,6.19145,6.19145
6.19155,3.8101417886E-05,0.000242965674261,6.19155,6.19155
6.19165,3.8273257815E-05,0.000211792823393,6.19165,6.19165
6.19175,3.8386875531E-05,0.000225725612836,6.19175,6.19175
6.19185,3.8423837395E-05,0.000492278079037,6.19185,6.19185
6.19195,3.8470145228E-05,0.000199900692678,6.19195,6.19195
6.19205,2.3122622224E-05,-8.07091999053955,6.19205,6.19205
6.19215,9.03236412E-07,-9.99675369262695,6.19215,6.19215
6.19225,9.6825005E-08,-9.99702930450439,6.19225,6.19225
6.19235,-3.8540126E-08,-9.99717617034912,6.19235,6.19235
6.19245,-8.8199087E-08,-9.99714088439941,6.19245,6.19245
6.19255,-1.0716834E-07,-9.99695777893066,6.19255,6.19255
6.19265,-1.290976E-07,-9.99741554260254,6.19265,6.19265
6.19275,-1.47251271E-07,-9.99769306182861,6.19275,6.19275
6.19285,-1.26313367E-07,-9.99776077270508,6.19285,6.19285
6.19295,-1.39081408E-07,-9.99767112731934,6.19295,6.19295
6.19305,-2.439416903E-06,-1.93685841560364,6.19305,6.19305
6.19315,2.863158079E-05,-0.000881227198988,6.19315,6.19315
6.19325,3.532701885E-05,-0.000508349272422,6.19325,6.19325
6.19335,3.7206340494E-05,2.9611086575E-05,6.19335,6.19335
6.19345,3.7874306145E-05,0.000268579489784,6.19345,6.19345
6.19355,3.820508573E-05,0.000722309807315,6.19355,6.19355
6.19365,3.8350379327E-05,0.000352457660483,6.19365,6.19365
6.19375,3.8476991904E-05,0.000642653671093,6.19375,6.19375
6.19385,3.8515147025E-05,0.000716539681889,6.19385,6.19385
6.19395,3.8506816054E-05,0.000580448715482,6.19395,6.19395
6.19405,2.3246062483E-05,-8.05028438568115,6.19405,6.19405
6.19415,9.25615666E-07,-9.99634456634521,6.19415,6.19415
6.19425,1.21981415E-07,-9.99703598022461,6.19425,6.19425
6.19435,-2.6411895E-08,-9.99685001373291,6.19435,6.19435
6.19445,-5.0914437E-08,-9.99713516235352,6.19445,6.19445
6.19455,-9.3127717E-08,-9.99715995788574,6.19455,6.19455
6.19465,-1.13805477E-07,-9.99711322784424,6.19465,6.19465
6.19475,-1.04123984E-07,-9.99711513519287,6.19475,6.19475
6.19485,-1.03821655E-07,-9.99728012084961,6.19485,6.19485
6.19495,-1.30560011E-07,-9.99734878540039,6.19495,6.19495
6.19505,-2.450216243E-06,-1.95635259151459,6.19505,6.19505
6.19515,2.8678075978E-05,-0.000438826071331,6.19515,6.19515
6.19525,3.5403987567E-05,-0.000211397971725,6.19525,6.19525
6.19535,3.7249010347E-05,-8.065495058E-05,6.19535,6.19535
6.19545,3.7954527215E-05,0.000251128309174,6.19545,6.19545
6.19555,3.8231613871E-05,2.1659547201E-05,6.19555,6.19555
6.19565,3.8435733586E-05,-1.350659772E-06,6.19565,6.19565
6.19575,3.8540172682E-05,0.000246695155511,6.19575,6.19575
6.19585,3.8598729589E-05,0.000384052720619,6.19585,6.19585
6.19595,3.8651076466E-05,0.000459134957055,6.19595,6.19595
6.19605,2.3326410883E-05,-8.03073024749756,6.19605,6.19605
6.19615,9.22838467E-07,-9.99642086029053,6.19615,6.19615
6.19625,1.26038231E-07,-9.99710273742676,6.19625,6.19625
6.19635,-2.0801268E-08,-9.99702644348145,6.19635,6.19635
6.19645,-1.2658758E-07,-9.99755001068115,6.19645,6.19645
6.19655,-1.28682771E-07,-9.99722003936768,6.19655,6.19655
6.19665,-1.30918579E-07,-9.99728965759277,6.19665,6.19665
6.19675,-1.60919257E-07,-9.99733829498291,6.19675,6.19675
6.19685,-1.56925736E-07,-9.997483253479,6.19685,6.19685
6.19695,-1.27656264E-07,-9.99751472473145,6.19695,6.19695
6.19705,-2.498152526E-06,-1.97623729705811,6.19705,6.19705
6.19715,2.8718068279E-05,-0.000555988110136,6.19715,6.19715
6.19725,3.5468718124E-05,8.30736042E-07,6.19725,6.19725
6.19735,3.733817357E-05,0.000288212031592,6.19735,6.19735
6.19745,3.8040074287E-05,0.000159580056788,6.19745,6.19745
6.19755,3.8356378354E-05,0.000409736909205,6.19755,6.19755
6.19765,3.8547237637E-05,6.1135775468E-05,6.19765,6.19765
6.19775,3.8645739551E-05,6.6413347668E-05,6.19775,6.19775
6.19785,3.868195563E-05,0.000379971403163,6.19785,6.19785
6.19795,3.8709895307E-05,0.000326984591084,6.19795,6.19795
6.19805,2.3463098842E-05,-8.01012802124023,6.19805,6.19805
6.19815,9.57465431E-07,-9.99622917175293,6.19815,6.19815
6.19825,1.09677416E-07,-9.9968433380127,6.19825,6.19825
6.19835,-3.612854E-08,-9.99729156494141,6.19835,6.19835
6.19845,-8.1252594E-08,-9.99743270874023,6.19845,6.19845
6.19855,-1.10233799E-07,-9.9974308013916,6.19855,6.19855
6.19865,-1.27037552E-07,-9.99744319915771,6.19865,6.19865
6.19875,-1.05192669E-07,-9.99737548828125,6.19875,6.19875
6.19885,-1.10655648E-07,-9.99759387969971,6.19885,6.19885
6.19895,-1.22355004E-07,-9.99757671356201,6.19895,6.19895
6.19905,-2.49126947E-06,-1.99659562110901,6.19905,6.19905
6.19915,2.8797157938E-05,-0.000761742994655,6.19915,6.19915
6.19925,3.5539513192E-05,-0.000481398485135,6.19925,6.19925
6.19935,3.7418150896E-05,-5.431980753E-06,6.19935,6.19935
6.19945,3.8108413719E-05,-0.000285002490273,6.19945,6.19945
6.19955,3.8440310163E-05,-8.5369581939E-05,6.19955,6.19955
6.19965,3.8602513087E-05,0.000126155442558,6.19965,6.19965
6.19975,3.8703969039E-05,-1.2257638446E-05,6.19975,6.19975
6.19985,3.878827556E-05,-0.000213016421185,6.19985,6.19985
6.19995,3.8811907871E-05,-0.000151444764924,6.19995,6.19995
6.20005,2.3567794415E-05,-7.99094533920288,6.20005,6.20005
6.20015,9.81018843E-07,-9.99680137634277,6.20015,6.20015
6.20025,1.26699121E-07,-9.99734115600586,6.20025,6.20025
6.20035,-2.8767232E-08,-9.99730205535889,6.20035,6.20035
6.20045,-8.8592813E-08,-9.99719429016113,6.20045,6.20045
6.20055,-7.996595E-08,-9.9973611831665,6.20055,6.20055
6.20065,-7.7554361E-08,-9.99737453460693,6.20065,6.20065
6.20075,-9.7838395E-08,-9.99753665924072,6.20075,6.20075
6.20085,-1.03434957E-07,-9.99775123596191,6.20085,6.20085
6.20095,-1.08722162E-07,-9.99769878387451,6.20095,6.20095
6.20105,-2.476701411E-06,-2.01700448989868,6.20105,6.20105
6.20115,2.8837830541E-05,-0.000704815611243,6.20115,6.20115
6.20125,3.5654247768E-05,-0.000402868230594,6.20125,6.20125
6.20135,3.753038618E-05,-0.000189302532817,6.20135,6.20135
6.20145,3.8215472159E-05,-0.000120131182484,6.20145,6.20145
6.20155,3.8520964154E-05,6.4583786298E-05,6.20155,6.20155
6.20165,3.8675978431E-05,-7.375892892E-05,6.20165,6.20165
6.20175,3.8813388528E-05,0.000178157104529,6.20175,6.20175
6.20185,3.8852755097E-05,0.000213200168218,6.20185,6.20185
6.20195,3.888997162E-05,-2.124703542E-06,6.20195,6.20195
6.20205,2.3666099878E-05,-7.97107267379761,6.20205,6.20205
6.20215,9.59666068E-07,-9.99674129486084,6.20215,6.20215
6.20225,9.2522122E-08,-9.99739742279053,6.20225,6.20225
6.20235,-3.7021461E-08,-9.99742412567139,6.20235,6.20235
6.20245,-8.7791292E-08,-9.99734020233154,6.20245,6.20245
6.20255,-1.09769765E-07,-9.99740028381348,6.20255,6.20255
6.20265,-1.11668093E-07,-9.99735832214355,6.20265,6.20265
6.20275,-1.1673734E-07,-9.99754428863525,6.20275,6.20275
6.20285,-1.19823895E-07,-9.99762439727783,6.20285,6.20285
6.20295,-1.52011168E-07,-9.99746322631836,6.20295,6.20295
6.20305,-2.524666115E-06,-2.03637313842773,6.20305,6.20305
6.20315,2.8869504604E-05,-0.000835066079162,6.20315,6.20315
6.20325,3.5660443245E-05,-5.7292905694E-05,6.20325,6.20325
6.20335,3.7585065002E-05,4.6147473768E-05,6.20335,6.20335
6.20345,3.8254554966E-05,6.2402388721E-05,6.20345,6.20345
6.20355,3.8586294977E-05,0.000196734152269,6.20355,6.20355
6.20365,3.8778187445E-05,0.000260064989561,6.20365,6.20365
6.20375,3.8865011447E-05,7.0987240179E-05,6.20375,6.20375
6.20385,3.8917594793E-05,0.000126929488033,6.20385,6.20385
6.20395,3.893776011E-05,0.000275686616078,6.20395,6.20395
6.20405,2.376111479E-05,-7.95086002349854,6.20405,6.20405
6.20415,9.80554773E-07,-9.99691009521484,6.20415,6.20415
6.20425,1.66887517E-07,-9.99754524230957,6.20425,6.20425
6.20435,-3.5748876E-08,-9.99766159057617,6.20435,6.20435
6.20445,-6.8393156E-08,-9.99742031097412,6.20445,6.20445
6.20455,-8.5126601E-08,-9.99782848358154,6.20455,6.20455
6.20465,-9.8956299E-08,-9.99801540374756,6.20465,6.20465
6.20475,-9.6073649E-08,-9.99806785583496,6.20475,6.20475
6.20485,-9.7191553E-08,-9.9979829788208,6.20485,6.20485
6.20495,-9.4435457E-08,-9.99751377105713,6.20495,6.20495
6.20505,-2.511897947E-06,-2.05638694763184,6.20505,6.20505
6.20515,2.8920374461E-05,-0.000351781345671,6.20515,6.20515
6.20525,3.5800097976E-05,-0.000277613871731,6.20525,6.20525
6.20535,3.7694582716E-05,-0.000234337800066,6.20535,6.20535
6.20545,3.8364294596E-05,0.000173794309376,6.20545,6.20545
6.20555,3.869156717E-05,0.000398407719331,6.20555,6.20555
6.20565,3.8842124923E-05,0.000485522818053,6.20565,6.20565
6.20575,3.8925067201E-05,0.000480034126667,6.20575,6.20575
6.20585,3.9011745685E-05,0.000575030397158,6.20585,6.20585
6.20595,3.9034315705E-05,0.000371034722775,6.20595,6.20595
6.20605,2.3854350729E-05,-7.9310827255249,6.20605,6.20605
6.20615,9.56101417E-07,-9.99715709686279,6.20615,6.20615
6.20625,1.2352821E-07,-9.9976053237915,6.20625,6.20625
6.20635,5.775379E-09,-9.99733638763428,6.20635,6.20635
6.20645,-6.7823656E-08,-9.99746704101563,6.20645,6.20645
6.20655,-9.6818916E-08,-9.99752521514893,6.20655,6.20655
6.20665,-7.3216327E-08,-9.99789047241211,6.20665,6.20665
6.20675,-1.18059141E-07,-9.99779033660889,6.20675,6.20675
6.20685,-1.08665915E-07,-9.99774169921875,6.20685,6.20685
6.20695,-1.23979135E-07,-9.99810600280762,6.20695,6.20695
6.20705,-2.5545894E-06,-2.07678318023682,6.20705,6.20705
6.20715,2.8939259209E-05,-0.000620093022007,6.20715,6.20715
6.20725,3.5826309613E-05,-0.000144830206409,6.20725,6.20725
6.20735,3.7736481318E-05,-6.637032493E-05,6.20735,6.20735
6.20745,3.842611477E-05,0.000101104575151,6.20745,6.20745
6.20755,3.8715232222E-05,0.000330714072334,6.20755,6.20755
6.20765,3.8902591768E-05,0.000398900272558,6.20765,6.20765
6.20775,3.9019843825E-05,0.000451464875368,6.20775,6.20775
6.20785,3.9055885281E-05,0.000354427960701,6.20785,6.20785
6.20795,3.911384556E-05,0.000275968079222,6.20795,6.20795
6.20805,2.3956410587E-05,-7.91113948822021,6.20805,6.20805
6.20815,9.83240625E-07,-9.99733543395996,6.20815,6.20815
6.20825,1.42940408E-07,-9.9973840713501,6.20825,6.20825
6.20835,-3.1045232E-08,-9.99745273590088,6.20835,6.20835
6.20845,-6.8097862E-08,-9.9975528717041,6.20845,6.20845
6.20855,-6.7204937E-08,-9.9978666305542,6.20855,6.20855
6.20865,-1.01093683E-07,-9.99806499481201,6.20865,6.20865
6.20875,-8.9731813E-08,-9.99787425994873,6.20875,6.20875
6.20885,-8.0809649E-08,-9.99775791168213,6.20885,6.20885
6.20895,-7.5726341E-08,-9.99783134460449,6.20895,6.20895
6.20905,-2.541195499E-06,-2.09665584564209,6.20905,6.20905
6.20915,2.9024164178E-05,-0.000988678541034,6.20915,6.20915
6.20925,3.5937726352E-05,-0.000380983896321,6.20925,6.20925
6.20935,3.7835270632E-05,-0.000441500043962,6.20935,6.20935
6.20945,3.8516991481E-05,-0.000117035007861,6.20945,6.20945
6.20955,3.8850943383E-05,-0.000163688731845,6.20955,6.20955
6.20965,3.9015576476E-05,0.000150221167132,6.20965,6.20965
6.20975,3.9114500396E-05,0.000371738395188,6.20975,6.20975
6.20985,3.9173010009E-05,0.000253591191722,6.20985,6.20985
6.20995,3.9200065657E-05,0.000488126417622,6.20995,6.20995
6.21005,2.4082952223E-05,-7.89086294174194,6.21005,6.21005
6.21015,9.82593747E-07,-9.99691867828369,6.21015,6.21015
6.21025,1.23007922E-07,-9.99733257293701,6.21025,6.21025
6.21035,-1.9366974E-08,-9.99716949462891,6.21035,6.21035
6.21045,-5.5470437E-08,-9.99752807617188,6.21045,6.21045
6.21055,-8.0809649E-08,-9.99772453308105,6.21055,6.21055
6.21065,-9.4583108E-08,-9.99784374237061,6.21065,6.21065
6.21075,-1.04834101E-07,-9.9976921081543,6.21075,6.21075
6.21085,-1.064301E-07,-9.99807071685791,6.21085,6.21085
6.21095,-9.1461402E-08,-9.99807929992676,6.21095,6.21095
6.21105,-2.551587158E-06,-2.11661958694458,6.21105,6.21105
6.21115,2.9052145692E-05,-0.000686168204993,6.21115,6.21115
6.21125,3.5985332943E-05,-0.000549162505195,6.21125,6.21125
6.21135,3.7904097553E-05,-0.000345448264852,6.21135,6.21135
6.21145,3.8586833398E-05,-0.000162562850164,6.21145,6.21145
6.21155,3.8917616621E-05,-2.8582922823E-05,6.21155,6.21155
6.21165,3.9133519749E-05,6.4302315877E-05,6.21165,6.21165
6.21175,3.9231064875E-05,-0.000257981329923,6.21175,6.21175
6.21185,3.9253191062E-05,-7.4532967119E-05,6.21185,6.21185
6.21195,3.9268892579E-05,9.3786344223E-05,6.21195,6.21195
6.21205,2.418312215E-05,-7.87114858627319,6.21205,6.21205
6.21215,1.020876766E-06,-9.99695777893066,6.21215,6.21215
6.21225,1.50941531E-07,-9.99731254577637,6.21225,6.21225
6.21235,3.314578E-09,-9.99735450744629,6.21235,6.21235
6.21245,-4.7181054E-08,-9.99762535095215,6.21245,6.21245
6.21255,-5.9056173E-08,-9.99758720397949,6.21255,6.21255
6.21265,-6.2824718E-08,-9.99773597717285,6.21265,6.21265
6.21275,-7.8468375E-08,-9.99786472320557,6.21275,6.21275
6.21285,-1.09629141E-07,-9.99772262573242,6.21285,6.21285
6.21295,-1.06380888E-07,-9.99774360656738,6.21295,6.21295
6.21305,-2.586179107E-06,-2.13675332069397,6.21305,6.21305
6.21315,2.9111008189E-05,-0.001025410485454,6.21315,6.21315
6.21325,3.6076220567E-05,-0.000797700835392,6.21325,6.21325
6.21335,3.7983852962E-05,-0.000527981843334,6.21335,6.21335
6.21345,3.8691236114E-05,-0.00032314172131,6.21345,6.21345
6.21355,3.8995891373E-05,-0.000171992112882,6.21355,6.21355
6.21365,3.9171336539E-05,0.000153739543748,6.21365,6.21365
6.21375,3.9287115214E-05,-0.000179873284651,6.21375,6.21375
6.21385,3.9358772483E-05,-0.000146659760503,6.21385,6.21385
6.21395,3.9363196265E-05,-9.372566637E-06,6.21395,6.21395
6.21405,2.4288106943E-05,-7.85131072998047,6.21405,6.21405
6.21415,1.006393177E-06,-9.9973030090332,6.21415,6.21415
6.21425,1.68216346E-07,-9.99771881103516,6.21425,6.21425
6.21435,-8.370709E-09,-9.9979248046875,6.21435,6.21435
6.21445,-4.9156725E-08,-9.99793815612793,6.21445,6.21445
6.21455,-4.9958242E-08,-9.99785041809082,6.21455,6.21455
6.21465,-8.9886491E-08,-9.99794960021973,6.21465,6.21465
6.21475,-5.4844691E-08,-9.99827766418457,6.21475,6.21475
6.21485,-8.0767464E-08,-9.99810886383057,6.21485,6.21485
6.21495,-7.7245005E-08,-9.99837779998779,6.21495,6.21495
6.21505,-2.592689498E-06,-2.15697193145752,6.21505,6.21505
6.21515,2.9108547096E-05,-0.000972282898147,6.21515,6.21515
6.21525,3.6116878618E-05,-0.000803189526778,6.21525,6.21525
6.21535,3.8058191421E-05,-0.000309490395011,6.21535,6.21535
6.21545,3.8757531001E-05,-0.00021970133821,6.21545,6.21545
6.21555,3.9071248466E-05,1.6874550056E-05,6.21555,6.21555
6.21565,3.9239635953E-05,-3.2523508708E-05,6.21565,6.21565
6.21575,3.9328584535E-05,0.000226499643759,6.21575,6.21575
6.21585,3.938331065E-05,0.000163520642673,6.21585,6.21585
6.21595,3.943750562E-05,0.000436758069554,6.21595,6.21595
6.21605,2.4388809834E-05,-7.8310112953186,6.21605,6.21605
6.21615,1.006815069E-06,-9.99686336517334,6.21615,6.21615
6.21625,1.5218599E-07,-9.99727249145508,6.21625,6.21625
6.21635,-5.684921E-09,-9.99758148193359,6.21635,6.21635
6.21645,-6.7767409E-08,-9.99763965606689,6.21645,6.21645
6.21655,-8.1702574E-08,-9.99782562255859,6.21655,6.21655
6.21665,-7.671769E-08,-9.99797439575195,6.21665,6.21665
6.21675,-6.8927498E-08,-9.99778461456299,6.21675,6.21675
6.21685,-9.6622053E-08,-9.99755191802979,6.21685,6.21685
6.21695,-1.18635676E-07,-9.99799633026123,6.21695,6.21695
6.21705,-2.627471304E-06,-2.17691087722778,6.21705,6.21705
6.21715,2.9151506169E-05,-0.000730570172891,6.21715,6.21715
6.21725,3.6147808714E-05,-0.000338974437909,6.21725,6.21725
6.21735,3.808897236E-05,-0.000307871960104,6.21735,6.21735
6.21745,3.8822861825E-05,-0.000388583604945,6.21745,6.21745
6.21755,3.9114966057E-05,-7.54300936E-06,6.21755,6.21755
6.21765,3.9265269152E-05,8.752362919E-05,6.21765,6.21765
6.21775,3.9424518036E-05,0.000110393099021,6.21775,6.21775
6.21785,3.9470389311E-05,0.000409666536143,6.21785,6.21785
6.21795,3.9491173084E-05,0.000209189223824,6.21795,6.21795
6.21805,2.4449007469E-05,-7.8111891746521,6.21805,6.21805
6.21815,1.017523005E-06,-9.99725151062012,6.21815,6.21815
6.21825,1.39600758E-07,-9.9973030090332,6.21825,6.21825
6.21835,-3.2120951E-08,-9.9974308013916,6.21835,6.21835
6.21845,-5.6525064E-08,-9.99769973754883,6.21845,6.21845
6.21855,-6.8590019E-08,-9.99791049957275,6.21855,6.21855
6.21865,-1.16006134E-07,-9.99789905548096,6.21865,6.21865
6.21875,-1.15176491E-07,-9.99801254272461,6.21875,6.21875
6.21885,-1.08447956E-07,-9.99772453308105,6.21885,6.21885
6.21895,-7.4292046E-08,-9.99788951873779,6.21895,6.21895
6.21905,-2.631570169E-06,-2.1969575881958,6.21905,6.21905
6.21915,2.918012251E-05,-0.00059996789787,6.21915,6.21915
6.21925,3.6248096876E-05,-0.000404486665502,6.21925,6.21925
6.21935,3.8188369217E-05,-0.000343055755366,6.21935,6.21935
6.21945,3.8892092562E-05,-0.000306957168505,6.21945,6.21945
6.21955,3.9203780034E-05,-7.1999733336E-05,6.21955,6.21955
6.21965,3.9399790694E-05,-3.7167770643E-05,6.21965,6.21965
6.21975,3.9509755879E-05,-5.9685404267E-05,6.21975,6.21975
6.21985,3.956841465E-05,0.000139384559589,6.21985,6.21985
6.21995,3.9592669054E-05,0.000309111230308,6.21995,6.21995
6.22005,2.4582383048E-05,-7.79100894927979,6.22005,6.22005
6.22015,1.03420723E-06,-9.99705219268799,6.22015,6.22015
6.22025,1.75120661E-07,-9.99734210968018,6.22025,6.22025
6.22035,-1.459375E-09,-9.99723720550537,6.22035,6.22035
6.22045,-4.6562338E-08,-9.99745178222656,6.22045,6.22045
6.22055,-8.1892402E-08,-9.99771404266357,6.22055,6.22055
6.22065,-1.01522566E-07,-9.99794292449951,6.22065,6.22065
6.22075,-9.3739402E-08,-9.99774742126465,6.22075,6.22075
6.22085,-9.0786443E-08,-9.99805450439453,6.22085,6.22085
6.22095,-1.1571084E-07,-9.99828433990479,6.22095,6.22095
6.22105,-2.66852453E-06,-2.21699810028076,6.22105,6.22105
6.22115,2.9210390494E-05,-0.001092963386327,6.22115,6.22115
6.22125,3.6307330447E-05,-0.000698623247445,6.22125,6.22125
6.22135,3.8265101466E-05,-0.0008073412464,6.22135,6.22135
6.22145,3.8950198359E-05,-0.000555284437723,6.22145,6.22145
6.22155,3.9245162043E-05,-0.000138567498652,6.22155,6.22155
6.22165,3.9468020987E-05,0.000213974213693,6.22165,6.22165
6.22175,3.9567879867E-05,-9.8246855487E-05,6.22175,6.22175
6.22185,3.9630896936E-05,-0.000156722337124,6.22185,6.22185
6.22195,3.9652753912E-05,-0.000247074349318,6.22195,6.22195
6.22205,2.4673587177E-05,-7.77165699005127,6.22205,6.22205
6.22215,1.01089995E-06,-9.99743270874023,6.22215,6.22215
6.22225,1.55933435E-07,-9.99760913848877,6.22225,6.22225
6.22235,-1.1773645E-08,-9.99788761138916,6.22235,6.22235
6.22245,-2.0259893E-08,-9.99826526641846,6.22245,6.22245
6.22255,-4.9669978E-08,-9.99827289581299,6.22255,6.22255
6.22265,-5.0246506E-08,-9.99782466888428,6.22265,6.22265
6.22275,-8.1407272E-08,-9.9979133605957,6.22275,6.22275
6.22285,-8.2609553E-08,-9.9981107711792,6.22285,6.22285
6.22295,-1.00988217E-07,-9.99791240692139,6.22295,6.22295
6.22305,-2.69297766E-06,-2.2366464138031,6.22305,6.22305
6.22315,2.9267523132E-05,-0.000698834366631,6.22315,6.22315
6.22325,3.6390028981E-05,-0.000472109939437,6.22325,6.22325
6.22335,3.8345162466E-05,-0.000371554633602,6.22335,6.22335
6.22345,3.9062309952E-05,-0.000259740510955,6.22345,6.22345
6.22355,3.9405309508E-05,-0.000355299707735,6.22355,6.22355
6.22365,3.9564005419E-05,-9.1421199613E-05,6.22365,6.22365
6.22375,3.9630311221E-05,0.000166827914654,6.22375,6.22375
6.22385,3.9705344534E-05,-0.000222797520109,6.22385,6.22385
6.22395,3.9727379772E-05,-6.4048195782E-05,6.22395,6.22395
6.22405,2.4784274501E-05,-7.75136947631836,6.22405,6.22405
6.22415,1.026283485E-06,-9.99714374542236,6.22415,6.22415
6.22425,1.43179463E-07,-9.99767780303955,6.22425,6.22425
6.22435,-3.4637999E-08,-9.99812793731689,6.22435,6.22435
6.22445,-1.00151546E-07,-9.99809169769287,6.22445,6.22445
6.22455,-1.0704882E-07,-9.99792575836182,6.22455,6.22455
6.22465,-8.8431101E-08,-9.99800395965576,6.22465,6.22465
6.22475,-1.06978511E-07,-9.99789619445801,6.22475,6.22475
6.22485,-1.11211087E-07,-9.99772930145264,6.22485,6.22485
6.22495,-1.04194292E-07,-9.99817657470703,6.22495,6.22495
6.22505,-2.726022785E-06,-2.25703597068787,6.22505,6.22505
6.22515,2.9300384995E-05,-0.001238765078597,6.22515,6.22515
6.22525,3.6460191041E-05,-0.000950750429183,6.22525,6.22525
6.22535,3.8403020881E-05,-0.000329263712047,6.22535,6.22535
6.22545,3.9084035961E-05,-8.8958331617E-05,6.22545,6.22545
6.22555,3.9436239604E-05,-8.3258557424E-05,6.22555,6.22555
6.22565,3.9637743612E-05,-0.000159255563631,6.22565,6.22565
6.22575,3.9765585825E-05,-0.00013849712559,6.22575,6.22575
6.22585,3.9803060645E-05,-0.000409693893744,6.22585,6.22585
6.22595,3.9802245738E-05,-0.000363110535545,6.22595,6.22595
6.22605,2.4920644137E-05,-7.73132848739624,6.22605,6.22605
6.22615,1.076385388E-06,-9.99717044830322,6.22615,6.22615
6.22625,1.4884634E-07,-9.99744415283203,6.22625,6.22625
6.22635,1.142819E-08,-9.99776840209961,6.22635,6.22635
6.22645,-2.3283162E-08,-9.99791526794434,6.22645,6.22645
6.22655,-4.0958742E-08,-9.99781227111816,6.22655,6.22655
6.22665,-7.5937265E-08,-9.99787330627441,6.22665,6.22665
6.22675,-7.4524067E-08,-9.99800300598145,6.22675,6.22675
6.22685,-8.8177991E-08,-9.99788761138916,6.22685,6.22685
6.22695,-1.03449018E-07,-9.99783802032471,6.22695,6.22695
6.22705,-2.712832838E-06,-2.27673220634461,6.22705,6.22705
6.22715,2.9333183193E-05,-0.001399836502969,6.22715,6.22715
6.22725,3.6494817323E-05,-0.000727685110178,6.22725,6.22725
6.22735,3.8467394916E-05,-0.000475276494399,6.22735,6.22735
6.22745,3.9183742047E-05,-0.000400757184252,6.22745,6.22745
6.22755,3.9525151806E-05,-0.00042805983685,6.22755,6.22755
6.22765,3.9692407881E-05,-0.000304423941998,6.22765,6.22765
6.22775,3.9783339162E-05,-0.000461273331894,6.22775,6.22775
6.22785,3.9865306462E-05,-0.000546277384274,6.22785,6.22785
6.22795,3.9877286326E-05,-0.000431367108831,6.22795,6.22795
6.22805,2.5011580874E-05,-7.71130275726318,6.22805,6.22805
6.22815,1.05039237E-06,-9.99696826934814,6.22815,6.22815
6.22825,1.78059551E-07,-9.9975118637085,6.22825,6.22825
6.22835,-8.757407E-09,-9.99769973754883,6.22835,6.22835
6.22845,-6.3780909E-08,-9.9976110458374,6.22845,6.22845
6.22855,-6.9700896E-08,-9.99782085418701,6.22855,6.22855
6.22865,-7.039695E-08,-9.9978609085083,6.22865,6.22865
6.22875,-8.005032E-08,-9.99771404266357,6.22875,6.22875
6.22885,-7.1943738E-08,-9.99780464172363,6.22885,6.22885
6.22895,-7.7891848E-08,-9.99815082550049,6.22895,6.22895
6.22905,-2.768200829E-06,-2.29688429832459,6.22905,6.22905
6.22915,2.9315873689E-05,-0.000872923817951,6.22915,6.22915
6.22925,3.6549023207E-05,-0.00061861530412,6.22925,6.22925
6.22935,3.8503105316E-05,-0.000189654369024,6.22935,6.22935
6.22945,3.9230777475E-05,2.51955862E-06,6.22945,6.22945
6.22955,3.9562633901E-05,0.000210878046346,6.22955,6.22955
6.22965,3.9740043576E-05,0.000152050721226,6.22965,6.22965
6.22975,3.9847116568E-05,0.000161198506248,6.22975,6.22975
6.22985,3.9892205677E-05,0.0001866715902,6.22985,6.22985
6.22995,3.9941736759E-05,2.801029041E-06,6.22995,6.22995
6.23005,2.5124483727E-05,-7.69110250473022,6.23005,6.23005
6.23015,1.051889853E-06,-9.99690055847168,6.23015,6.23015
6.23025,1.71612257E-07,-9.99716758728027,6.23025,6.23025
6.23035,-7.576222E-09,-9.99749279022217,6.23035,6.23035
6.23045,-6.2086471E-08,-9.99787044525146,6.23045,6.23045
6.23055,-9.4414368E-08,-9.99782943725586,6.23055,6.23055
6.23065,-8.6553861E-08,-9.99788093566895,6.23065,6.23065
6.23075,-8.6645265E-08,-9.9979772567749,6.23075,6.23075
6.23085,-9.7367327E-08,-9.99779224395752,6.23085,6.23085
6.23095,-9.8794587E-08,-9.99799346923828,6.23095,6.23095
6.23105,-2.750040267E-06,-2.31641435623169,6.23105,6.23105
6.23115,2.9396882383E-05,-0.000877075537574,6.23115,6.23115
6.23125,3.6647561501E-05,-0.000651125155855,6.23125,6.23125
6.23135,3.8597769162E-05,1.815882456E-06,6.23135,6.23135
6.23145,3.9335100155E-05,-0.000358818098903,6.23145,6.23145
6.23155,3.9654794818E-05,-5.6096658227E-05,6.23155,6.23155
6.23165,3.9832666516E-05,0.000152402557433,6.23165,6.23165
6.23175,3.9892747736E-05,0.00029377109604,6.23175,6.23175
6.23185,3.9989394281E-05,0.000199548856472,6.23185,6.23185
6.23195,4.0014732804E-05,8.0486868683E-05,6.23195,6.23195
6.23205,2.5208235456E-05,-7.67102718353271,6.23205,6.23205
6.23215,1.082678068E-06,-9.99677085876465,6.23215,6.23215
6.23225,1.79739928E-07,-9.99719524383545,6.23225,6.23225
6.23235,1.592018E-09,-9.99763488769531,6.23235,6.23235
6.23245,-6.8871252E-08,-9.99778175354004,6.23245,6.23245
6.23255,-4.6414687E-08,-9.99763870239258,6.23255,6.23255
6.23265,-5.3058852E-08,-9.99760818481445,6.23265,6.23265
6.23275,-5.5154047E-08,-9.9976634979248,6.23275,6.23275
6.23285,-7.4995128E-08,-9.99786567687988,6.23285,6.23285
6.23295,-5.3684598E-08,-9.99792766571045,6.23295,6.23295
6.23305,-2.758878054E-06,-2.33650159835815,6.23305,6.23305
6.23315,2.9401326174E-05,-0.000579490908422,6.23315,6.23315
6.23325,3.6714769521E-05,-0.000161788804689,6.23325,6.23325
6.23335,3.8710171793E-05,-0.000125901322463,6.23335,6.23335
6.23345,3.9410839236E-05,-4.6456294513E-05,6.23345,6.23345
6.23355,3.9759983338E-05,0.000308055692585,6.23355,6.23355
6.23365,3.9954626118E-05,7.6475909736E-05,6.23365,6.23365
6.23375,4.0013255784E-05,0.000133614405058,6.23375,6.23375
6.23385,4.0065369831E-05,0.000119681622891,6.23385,6.23385
6.23395,4.0096467274E-05,0.000207711505936,6.23395,6.23395
6.23405,2.5305584131E-05,-7.65137672424316,6.23405,6.23405
6.23415,1.035859555E-06,-9.9971752166748,6.23415,6.23415
6.23425,1.51953969E-07,-9.99753570556641,6.23425,6.23425
6.23435,-2.0941886E-08,-9.99738216400146,6.23435,6.23435
6.23445,-7.5100594E-08,-9.99753570556641,6.23445,6.23445
6.23455,-5.6996132E-08,-9.99754524230957,6.23455,6.23455
6.23465,-1.21152723E-07,-9.99758529663086,6.23465,6.23465
6.23475,-1.23557271E-07,-9.997802734375,6.23475,6.23475
6.23485,-1.09186203E-07,-9.99774169921875,6.23485,6.23485
6.23495,-9.9441429E-08,-9.99777507781982,6.23495,6.23495
6.23505,-2.818893336E-06,-2.35643029212952,6.23505,6.23505
6.23515,2.9431623261E-05,-0.000375917443307,6.23515,6.23515
6.23525,3.6755969631E-05,-0.000445440615295,6.23525,6.23525
6.23535,3.8725371269E-05,-3.2242038287E-05,6.23535,6.23535
6.23545,3.9432274207E-05,0.000176538655069,6.23545,6.23545
6.23555,3.9789061702E-05,0.000160354102263,6.23555,6.23555
6.23565,3.9928272599E-05,0.000171261082869,6.23565,6.23565
6.23575,4.0084578359E-05,7.1268710599E-05,6.23575,6.23575
6.23585,4.015165905E-05,8.2457161625E-05,6.23585,6.23585
6.23595,4.0162667574E-05,0.000259994645603,6.23595,6.23595
6.23605,2.539543857E-05,-7.63120603561401,6.23605,6.23605
6.23615,1.053373353E-06,-9.9972095489502,6.23615,6.23615
6.23625,1.65868045E-07,-9.99728298187256,6.23625,6.23625
6.23635,-2.4928383E-08,-9.99745941162109,6.23635,6.23635
6.23645,-7.2625731E-08,-9.99735069274902,6.23645,6.23645
6.23655,-4.4825715E-08,-9.99743938446045,6.23655,6.23655
6.23665,-8.7622553E-08,-9.99744415283203,6.23665,6.23665
6.23675,-9.1714512E-08,-9.99726104736328,6.23675,6.23675
6.23685,-9.1679361E-08,-9.99753379821777,6.23685,6.23685
6.23695,-8.677182E-08,-9.99789905548096,6.23695,6.23695
6.23705,-2.79129722E-06,-2.37643384933472,6.23705,6.23705
6.23715,2.9519445889E-05,-0.000698130694218,6.23715,6.23715
6.23725,3.6792607716E-05,-0.000262344110524,6.23725,6.23725
6.23735,3.8789279643E-05,0.000103497077362,6.23735,6.23735
6.23745,3.9525835746E-05,0.00042915836093,6.23745,6.23745
6.23755,3.9849990571E-05,0.000354920543032,6.23755,6.23755
6.23765,4.0069473471E-05,0.00020215245604,6.23765,6.23765
6.23775,4.0169648855E-05,0.000174286891706,6.23775,6.23775
6.23785,4.0217411879E-05,0.000488689343911,6.23785,6.23785
6.23795,4.0240913222E-05,0.000501285132486,6.23795,6.23795
6.23805,2.5532392101E-05,-7.61089992523193,6.23805,6.23805
6.23815,1.066338314E-06,-9.99713516235352,6.23815,6.23815
6.23825,1.65474319E-07,-9.99755668640137,6.23825,6.23825
6.23835,-6.155989E-09,-9.99748516082764,6.23835,6.23835
6.23845,-3.4244273E-08,-9.9980583190918,6.23845,6.23845
6.23855,-7.81098E-08,-9.99813365936279,6.23855,6.23855
6.23865,-5.6257893E-08,-9.99847221374512,6.23865,6.23865
6.23875,-7.1514854E-08,-9.99835205078125,6.23875,6.23875
6.23885,-8.5808594E-08,-9.99856185913086,6.23885,6.23885
6.23895,-9.6797827E-08,-9.99824237823486,6.23895,6.23895
6.23905,-2.839022727E-06,-2.39654207229614,6.23905,6.23905
6.23915,2.9538723538E-05,-0.000856105994899,6.23915,6.23915
6.23925,3.6844805436E-05,-0.000464932440082,6.23925,6.23925
6.23935,3.8875889004E-05,-0.000180084374733,6.23935,6.23935
6.23945,3.9610935346E-05,-0.000195635628188,6.23945,6.23945
6.23955,3.9927148464E-05,-0.000300694460748,6.23955,6.23955
6.23965,4.0107250243E-05,2.9259248549E-05,6.23965,6.23965
6.23975,4.0206261474E-05,-5.5533717386E-05,6.23975,6.23975
6.23985,4.0285820432E-05,7.3942675954E-05,6.23985,6.23985
6.23995,4.0279872337E-05,0.000370190304238,6.23995,6.23995
6.24005,2.5593146347E-05,-7.59135866165161,6.24005,6.24005
6.24015,1.062513547E-06,-9.99725151062012,6.24015,6.24015
6.24025,1.52544558E-07,-9.99752712249756,6.24025,6.24025
6.24035,4.537948E-09,-9.99770164489746,6.24035,6.24035
6.24045,-6.8259567E-08,-9.99776077270508,6.24045,6.24045
6.24055,-5.6447725E-08,-9.9980640411377,6.24055,6.24055
6.24065,-6.4336348E-08,-9.99796676635742,6.24065,6.24065
6.24075,-9.1032518E-08,-9.99759960174561,6.24075,6.24075
6.24085,-1.07133189E-07,-9.9978199005127,6.24085,6.24085
6.24095,-1.30890456E-07,-9.99777030944824,6.24095,6.24095
6.24105,-2.896478918E-06,-2.41661739349365,6.24105,6.24105
6.24115,2.9535307476E-05,-0.00089811545331,6.24115,6.24115
6.24125,3.6886463931E-05,-0.000283243280137,6.24125,6.24125
6.24135,3.8941212551E-05,-5.2156072343E-05,6.24135,6.24135
6.24145,3.9638525777E-05,0.000184067990631,6.24145,6.24145
6.24155,3.9947248297E-05,0.000210244732443,6.24155,6.24155
6.24165,4.013972648E-05,2.1026238755E-05,6.24165,6.24165
6.24175,4.0242088289E-05,0.000354639050784,6.24175,6.24175
6.24185,4.0305239963E-05,0.000323044019751,6.24185,6.24185
6.24195,4.037142935E-05,0.00044766505016,6.24195,6.24195
6.24205,2.5711256967E-05,-7.57092189788818,6.24205,6.24205
6.24215,1.064875846E-06,-9.99656963348389,6.24215,6.24215
6.24225,1.481081E-07,-9.99713802337646,6.24225,6.24225
6.24235,-9.53153E-10,-9.99771308898926,6.24235,6.24235
6.24245,-6.4462903E-08,-9.99786281585693,6.24245,6.24245
6.24255,-9.6973601E-08,-9.99801826477051,6.24255,6.24255
6.24265,-1.06690244E-07,-9.9979362487793,6.24265,6.24265
6.24275,-1.30700627E-07,-9.99792289733887,6.24275,6.24275
6.24285,-1.26264155E-07,-9.99776554107666,6.24285,6.24285
6.24295,-1.27810949E-07,-9.99779796600342,6.24295,6.24295
6.24305,-2.878915893E-06,-2.43680357933044,6.24305,6.24305
6.24315,2.9549601095E-05,-0.000584346300457,6.24315,6.24315
6.24325,3.694157931E-05,-0.000245666975388,6.24325,6.24325
6.24335,3.898227078E-05,0.000243880451308,6.24335,6.24335
6.24345,3.9720594941E-05,0.000143395503983,6.24345,6.24345
6.24355,4.0064762288E-05,1.4622786694E-05,6.24355,6.24355
6.24365,4.0219907532E-05,0.000144732490298,6.24365,6.24365
6.24375,4.0335762606E-05,7.7109223639E-05,6.24375,6.24375
6.24385,4.0447081119E-05,0.000106030311144,6.24385,6.24385
6.24395,4.0423336031E-05,0.000217562963371,6.24395,6.24395
6.24405,2.5808092687E-05,-7.55133104324341,6.24405,6.24405
6.24415,1.071632596E-06,-9.99727725982666,6.24415,6.24415
6.24425,1.38960942E-07,-9.99745845794678,6.24425,6.24425
6.24435,-1.8720135E-08,-9.99759197235107,6.24435,6.24435
6.24445,-9.2192614E-08,-9.99783897399902,6.24445,6.24445
6.24455,-9.7022813E-08,-9.99785995483398,6.24455,6.24455
6.24465,-1.36754196E-07,-9.99811935424805,6.24465,6.24465
6.24475,-1.25082977E-07,-9.99789714813232,6.24475,6.24475
6.24485,-1.47075497E-07,-9.99813365936279,6.24485,6.24485
6.24495,-1.42182017E-07,-9.99818706512451,6.24495,6.24495
6.24505,-2.946644145E-06,-2.45667004585266,6.24505,6.24505
6.24515,2.9559036193E-05,-0.000518411805388,6.24515,6.24515
6.24525,3.6985220504E-05,-0.000239263536059,6.24525,6.24525
6.24535,3.9032016502E-05,4.5303062507E-05,6.24535,6.24535
6.24545,3.977301094E-05,9.5827002951E-05,6.24545,6.24545
6.24555,4.0103779611E-05,7.0916874392E-05,6.24555,6.24555
6.24565,4.0337989049E-05,0.000152121094288,6.24565,6.24565
6.24575,4.0419174184E-05,0.000410581298638,6.24575,6.24575
6.24585,4.0456536226E-05,0.000273857061984,6.24585,6.24585
6.24595,4.0481587348E-05,6.3880113885E-05,6.24595,6.24595
6.24605,2.5917219318E-05,-7.53124952316284,6.24605,6.24605
6.24615,1.039817903E-06,-9.99724864959717,6.24615,6.24615
6.24625,1.3566347E-07,-9.99743843078613,6.24625,6.24625
6.24635,-1.7159284E-08,-9.99751377105713,6.24635,6.24635
6.24645,-5.902805E-08,-9.99773120880127,6.24645,6.24645
6.24655,-8.694056E-08,-9.99765110015869,6.24655,6.24655
6.24665,-1.12223532E-07,-9.99772262573242,6.24665,6.24665
6.24675,-1.24295511E-07,-9.99797439575195,6.24675,6.24675
6.24685,-1.17855251E-07,-9.99814128875732,6.24685,6.24685
6.24695,-1.12244621E-07,-9.99785232543945,6.24695,6.24695
6.24705,-2.941603043E-06,-2.47631478309631,6.24705,6.24705
6.24715,2.9607788747E-05,-0.000409342028433,6.24715,6.24715
6.24725,3.7078112655E-05,9.3012298748E-05,6.24725,6.24725
6.24735,3.9128626668E-05,6.9368783443E-05,6.24735,6.24735
6.24745,3.9867198211E-05,0.000265483307885,6.24745,6.24745
6.24755,4.0236554923E-05,0.000336484226864,6.24755,6.24755
6.24765,4.0408875066E-05,0.000415577407693,6.24765,6.24765
6.24775,4.0508039092E-05,0.00010180825484,6.24775,6.24775
6.24785,4.0550039557E-05,0.000207711505936,6.24785,6.24785
6.24795,4.0578081098E-05,0.000357735232683,6.24795,6.24795
6.24805,2.6014371542E-05,-7.51144695281982,6.24805,6.24805
6.24815,1.083774805E-06,-9.99695491790771,6.24815,6.24815
6.24825,1.70888072E-07,-9.99726486206055,6.24825,6.24825
6.24835,2.0469875E-08,-9.99738311767578,6.24835,6.24835
6.24845,-5.1315197E-08,-9.99752426147461,6.24845,6.24845
6.24855,-7.0882081E-08,-9.99792766571045,6.24855,6.24855
6.24865,-9.1313758E-08,-9.99799060821533,6.24865,6.24865
6.24875,-7.859493E-08,-9.99775886535645,6.24875,6.24875
6.24885,-5.1919852E-08,-9.99779319763184,6.24885,6.24885
6.24895,-5.5519653E-08,-9.99782657623291,6.24895,6.24895
6.24905,-2.939922524E-06,-2.49630832672119,6.24905,6.24905
6.24915,2.9632697988E-05,-0.000498708919622,6.24915,6.24915
6.24925,3.7104295188E-05,-0.000271140073892,6.24925,6.24925
6.24935,3.9148348151E-05,-8.9521272457E-05,6.24935,6.24935
6.24945,3.9885013393E-05,5.8109966631E-05,6.24945,6.24945
6.24955,4.024808004E-05,0.0003882747842,6.24955,6.24955
6.24965,4.04366765E-05,0.000403755664593,6.24965,6.24965
6.24975,4.0561881178E-05,0.000458009075373,6.24975,6.24975
6.24985,4.060547144E-05,0.000435421068687,6.24985,6.24985
6.24995,4.0632879973E-05,0.000261261244304,6.24995,6.24995
6.25005,2.6133559004E-05,-7.49116039276123,6.25005,6.25005
6.25015,1.085047415E-06,-9.9967155456543,6.25015,6.25015
6.25025,1.6432125E-07,-9.9971809387207,6.25025,6.25025
6.25035,3.05371E-10,-9.99753379821777,6.25035,6.25035
6.25045,-5.5175139E-08,-9.99751949310303,6.25045,6.25045
6.25055,-1.12504765E-07,-9.99767398834229,6.25055,6.25055
6.25065,-1.04489587E-07,-9.99818420410156,6.25065,6.25065
6.25075,-1.13193792E-07,-9.998122215271,6.25075,6.25075
6.25085,-1.13446902E-07,-9.99795532226563,6.25085,6.25085
6.25095,-1.40550867E-07,-9.99806594848633,6.25095,6.25095
6.25105,-2.997744332E-06,-2.51669192314148,6.25105,6.25105
6.25115,2.9672844903E-05,-0.001199077698402,6.25115,6.25115
6.25125,3.7184607208E-05,-0.000645354972221,6.25125,6.25125
6.25135,3.9230319089E-05,-0.000679412914906,6.25135,6.25135
6.25145,3.9994250983E-05,-0.000523689377587,6.25145,6.25145
6.25155,4.0328766772E-05,-0.000305479450617,6.25155,6.25155
6.25165,4.0544276999E-05,-6.0389080318E-05,6.25165,6.25165
6.25175,4.0638587961E-05,-7.6432894275E-05,6.25175,6.25175
6.25185,4.0700550016E-05,0.000102300822618,6.25185,6.25185
6.25195,4.0735703806E-05,0.00014480286336,6.25195,6.25195
6.25205,2.623834007E-05,-7.47137832641602,6.25205,6.25205
6.25215,1.122177423E-06,-9.99721336364746,6.25215,6.25215
6.25225,1.62844771E-07,-9.99753665924072,6.25225,6.25225
6.25235,2.1911202E-08,-9.99794292449951,6.25235,6.25235
6.25245,-2.4984629E-08,-9.99789714813232,6.25245,6.25245
6.25255,-4.4551513E-08,-9.99776744842529,6.25255,6.25255
6.25265,-6.6269834E-08,-9.99788093566895,6.25265,6.25265
6.25275,-8.0549512E-08,-9.99788856506348,6.25275,6.25275
6.25285,-6.6916677E-08,-9.99788284301758,6.25285,6.25285
6.25295,-9.1257512E-08,-9.99783229827881,6.25295,6.25295
6.25305,-2.993153203E-06,-2.5362913608551,6.25305,6.25305
6.25315,2.9716133213E-05,-0.000376550742658,6.25315,6.25315
6.25325,3.7274734495E-05,-0.000241867135628,6.25325,6.25325
6.25335,3.9351827581E-05,-0.0002376450866,6.25335,6.25335
6.25345,4.0086102672E-05,-0.000150318883243,6.25345,6.25345
6.25355,4.0406703192E-05,4.8891812185E-05,6.25355,6.25355
6.25365,4.0617647755E-05,0.000277727260254,6.25365,6.25365
6.25375,4.0726175939E-05,0.000213692750549,6.25375,6.25375
6.25385,4.0771883505E-05,0.000338032317813,6.25385,6.25385
6.25395,4.0812832594E-05,0.00044344298658,6.25395,6.25395
6.25405,2.6366567909E-05,-7.45122718811035,6.25405,6.25405
6.25415,1.113276312E-06,-9.99697494506836,6.25415,6.25415
6.25425,1.96009339E-07,-9.99724292755127,6.25425,6.25425
6.25435,-5.523212E-09,-9.99761581420898,6.25435,6.25435
6.25445,-6.5229266E-08,-9.99778079986572,6.25445,6.25445
6.25455,-8.9556039E-08,-9.99763011932373,6.25455,6.25455
6.25465,-1.16744374E-07,-9.99771976470947,6.25465,6.25465
6.25475,-9.7943854E-08,-9.9979772567749,6.25475,6.25475
6.25485,-1.26622737E-07,-9.99787902832031,6.25485,6.25485
6.25495,-1.18473963E-07,-9.99775314331055,6.25495,6.25495
6.25505,-3.024953912E-06,-2.55619716644287,6.25505,6.25505
6.25515,2.9745606298E-05,-0.000473165448057,6.25515,6.25515
6.25525,3.7278154196E-05,-0.00030294622411,6.25525,6.25525
6.25535,3.933561311E-05,4.419483957E-06,6.25535,6.25535
6.25545,4.0106267988E-05,0.000497485278174,6.25545,6.25545
6.25555,4.0451883251E-05,0.000449705694336,6.25555,6.25555
6.25565,4.0630151489E-05,0.000501214759424,6.25565,6.25565
6.25575,4.0718296077E-05,0.000483411771711,6.25575,6.25575
6.25585,4.0797673137E-05,0.000471449282486,6.25585,6.25585
6.25595,4.0847753553E-05,0.000808017561212,6.25595,6.25595
6.25605,2.6440604415E-05,-7.43101215362549,6.25605,6.25605
6.25615,1.083859161E-06,-9.99723052978516,6.25615,6.25615
6.25625,1.56327161E-07,-9.99746131896973,6.25625,6.25625
6.25635,-3.6655855E-08,-9.99795532226563,6.25635,6.25635
6.25645,-5.9161636E-08,-9.99820137023926,6.25645,6.25645
6.25655,-6.1826334E-08,-9.997971534729,6.25655,6.25655
6.25665,-9.8513354E-08,-9.9979248046875,6.25665,6.25665
6.25675,-1.12821155E-07,-9.99818420410156,6.25675,6.25675
6.25685,-1.26292278E-07,-9.99813365936279,6.25685,6.25685
6.25695,-9.5384621E-08,-9.99861335754395,6.25695,6.25695
6.25705,-3.016755954E-06,-2.57670474052429,6.25705,6.25705
6.25715,2.9771950722E-05,-0.000798897119239,6.25715,6.25715
6.25725,3.735505743E-05,-0.000130967790028,6.25725,6.25725
6.25735,3.9456961531E-05,7.084650133E-05,6.25735,6.25735
6.25745,4.0206043195E-05,0.000204685697099,6.25745,6.25745
6.25755,4.0542417992E-05,0.000287719478365,6.25755,6.25755
6.25765,4.0745413571E-05,8.9916124125E-05,6.25765,6.25765
6.25775,4.085072942E-05,0.000149165643961,6.25775,6.25775
6.25785,4.0893806727E-05,0.000476656481624,6.25785,6.25785
6.25795,4.0934795834E-05,0.000511066231411,6.25795,6.25795
6.25805,2.6560317565E-05,-7.41141176223755,6.25805,6.25805
6.25815,1.121045443E-06,-9.99706268310547,6.25815,6.25815
6.25825,1.4078897E-07,-9.99736595153809,6.25825,6.25825
6.25835,-2.535097E-09,-9.99790287017822,6.25835,6.25835
6.25845,-4.7841954E-08,-9.99798202514648,6.25845,6.25845
6.25855,-7.3342882E-08,-9.99787044525146,6.25855,6.25855
6.25865,-9.7304046E-08,-9.99818325042725,6.25865,6.25865
6.25875,-8.9809149E-08,-9.99799346923828,6.25875,6.25875
6.25885,-9.1995751E-08,-9.99807262420654,6.25885,6.25885
6.25895,-1.20175429E-07,-9.99793148040771,6.25895,6.25895
6.25905,-3.0609026E-06,-2.59613513946533,6.25905,6.25905
6.25915,2.978010707E-05,-0.000365643762052,6.25915,6.25915
6.25925,3.7400412111E-05,0.000199900692678,6.25925,6.25925
6.25935,3.9495615056E-05,0.000138680872624,6.25935,6.25935
6.25945,4.0257858927E-05,0.000176749759703,6.25945,6.25945
6.25955,4.0621565859E-05,0.000165350196767,6.25955,6.25955
6.25965,4.0796057874E-05,0.000306366884615,6.25965,6.25965
6.25975,4.0892758989E-05,0.000251269055298,6.25975,6.25975
6.25985,4.0947415982E-05,0.000432747096056,6.25985,6.25985
6.25995,4.0952436393E-05,0.000672278460115,6.25995,6.25995
6.26005,2.6661702577E-05,-7.39105319976807,6.26005,6.26005
6.26015,1.099404471E-06,-9.9970760345459,6.26015,6.26015
6.26025,1.62591661E-07,-9.99751663208008,6.26025,6.26025
6.26035,2.1179991E-08,-9.99749851226807,6.26035,6.26035
6.26045,-7.1564074E-08,-9.99760055541992,6.26045,6.26045
6.26055,-7.6865341E-08,-9.99781703948975,6.26055,6.26055
6.26065,-5.5083738E-08,-9.99763965606689,6.26065,6.26065
6.26075,-7.7948094E-08,-9.9977912902832,6.26075,6.26075
6.26085,-1.0004608E-07,-9.99782752990723,6.26085,6.26085
6.26095,-6.5454259E-08,-9.9977331161499,6.26095,6.26095
6.26105,-3.068411615E-06,-2.61616325378418,6.26105,6.26105
6.26115,2.9815275411E-05,-0.000434252171544,6.26115,6.26115
6.26125,3.7473408156E-05,-0.000235815517954,6.26125,6.26125
6.26135,3.9550301153E-05,1.9337416234E-05,6.26135,6.26135
6.26145,4.0288316086E-05,0.000341832172126,6.26145,6.26145
6.26155,4.0650265873E-05,0.000372653157683,6.26155,6.26155
6.26165,4.0860966692E-05,0.000386374857044,6.26165,6.26165
6.26175,4.0957515012E-05,0.000540128094144,6.26175,6.26175
6.26185,4.1012157453E-05,0.000510573678184,6.26185,6.26185
6.26195,4.1019735363E-05,0.000203419069294,6.26195,6.26195
6.26205,2.6756042644E-05,-7.37116861343384,6.26205,6.26205
6.26215,1.123611696E-06,-9.99708652496338,6.26215,6.26215
6.26225,1.87959003E-07,-9.99749183654785,6.26225,6.26225
6.26235,4.2835037E-08,-9.9974308013916,6.26235,6.26235
6.26245,-3.0426516E-08,-9.99772453308105,6.26245,6.26245
6.26255,-6.4898821E-08,-9.99767875671387,6.26255,6.26255
6.26265,-5.1715958E-08,-9.99761199951172,6.26265,6.26265
6.26275,-5.8753848E-08,-9.99758052825928,6.26275,6.26275
6.26285,-7.0186026E-08,-9.99799156188965,6.26285,6.26285
6.26295,-7.5648998E-08,-9.99795150756836,6.26295,6.26295
6.26305,-3.091163535E-06,-2.63630056381226,6.26305,6.26305
6.26315,2.9863971577E-05,-0.0004190527834,6.26315,6.26315
6.26325,3.7551722926E-05,0.000139314186526,6.26325,6.26325
6.26335,3.9647595258E-05,0.000175975714228,6.26335,6.26335
6.26345,4.0400576836E-05,0.000186319753993,6.26345,6.26345
6.26355,4.075324614E-05,0.000369486631826,6.26355,6.26355
6.26365,4.0928673116E-05,0.000506492331624,6.26365,6.26365
6.26375,4.1067287384E-05,0.000137554990943,6.26375,6.26375
6.26385,4.1107032303E-05,0.000384967512218,6.26385,6.26385
6.26395,4.1129889723E-05,0.000434647023212,6.26395,6.26395
6.26405,2.6908992368E-05,-7.35129451751709,6.26405,6.26405
6.26415,1.150195317E-06,-9.99699974060059,6.26415,6.26415
6.26425,1.94800023E-07,-9.99721622467041,6.26425,6.26425
6.26435,2.8386623E-08,-9.99757862091064,6.26435,6.26435
6.26445,-1.3503237E-08,-9.99763774871826,6.26445,6.26445
6.26455,-2.0618467E-08,-9.99787139892578,6.26455,6.26455
6.26465,-5.8507766E-08,-9.99794960021973,6.26465,6.26465
6.26475,-7.2710101E-08,-9.99777030944824,6.26475,6.26475
6.26485,-7.9487847E-08,-9.99787521362305,6.26485,6.26485
6.26495,-9.8787559E-08,-9.99769973754883,6.26495,6.26495
6.26505,-3.125593594E-06,-2.65583610534668,6.26505,6.26505
6.26515,2.9887243727E-05,-0.000347840745235,6.26515,6.26515
6.26525,3.7583551602E-05,0.000164505792782,6.26525,6.26525
6.26535,3.9713479055E-05,0.000338313780958,6.26535,6.26535
6.26545,4.043770241E-05,0.000587133632507,6.26545,6.26545
6.26555,4.0805691242E-05,0.00046940863831,6.26555,6.26555
6.26565,4.1011538997E-05,0.000441543059424,6.26565,6.26565
6.26575,4.1102666728E-05,0.000353583542164,6.26575,6.26575
6.26585,4.115759657E-05,0.00036026845919,6.26585,6.26585
6.26595,4.1210816562E-05,0.000490518927108,6.26595,6.26595
6.26605,2.7000738555E-05,-7.33113145828247,6.26605,6.26605
6.26615,1.154371716E-06,-9.99698352813721,6.26615,6.26615
6.26625,1.99109948E-07,-9.99735832214355,6.26625,6.26625
6.26635,4.4206054E-08,-9.99757289886475,6.26635,6.26635
6.26645,-3.962361E-09,-9.99782180786133,6.26645,6.26645
6.26655,-3.9433047E-08,-9.99756526947021,6.26655,6.26655
6.26665,-6.2079444E-08,-9.99804306030273,6.26665,6.26665
6.26675,-6.0216266E-08,-9.99817657470703,6.26675,6.26675
6.26685,-9.2136368E-08,-9.9979362487793,6.26685,6.26685
6.26695,-8.1941621E-08,-9.99800682067871,6.26695,6.26695
6.26705,-3.120531346E-06,-2.6763870716095,6.26705,6.26705
6.26715,2.9906508644E-05,-0.000454588414868,6.26715,6.26715
6.26725,3.7626748963E-05,5.9446952946E-05,6.26725,6.26725
6.26735,3.974277206E-05,0.000196311943,6.26735,6.26735
6.26745,4.0519422328E-05,0.000108633910713,6.26745,6.26745
6.26755,4.0855207772E-05,0.000263583380729,6.26755,6.26755
6.26765,4.1049715946E-05,0.000335076852934,6.26765,6.26765
6.26775,4.1144478018E-05,0.000259783526417,6.26775,6.26775
6.26785,4.121397069E-05,0.000345702370396,6.26785,6.26785
6.26795,4.1244311433E-05,0.000381660211133,6.26795,6.26795
6.26805,2.7078316634E-05,-7.31159162521362,6.26805,6.26805
6.26815,1.151664833E-06,-9.99710559844971,6.26815,6.26815
6.26825,1.95404681E-07,-9.99736785888672,6.26825,6.26825
6.26835,3.4637058E-08,-9.99768257141113,6.26835,6.26835
6.26845,-2.7719635E-08,-9.99792098999023,6.26845,6.26845
6.26855,-6.9061088E-08,-9.9978723526001,6.26855,6.26855
6.26865,-6.3780909E-08,-9.99807357788086,6.26865,6.26865
6.26875,-7.5958361E-08,-9.99834728240967,6.26875,6.26875
6.26885,-6.2726279E-08,-9.99832439422607,6.26885,6.26885
6.26895,-5.7249242E-08,-9.99846172332764,6.26895,6.26895
6.26905,-3.149104714E-06,-2.69635510444641,6.26905,6.26905
6.26915,2.9916162021E-05,-0.000601093750447,6.26915,6.26915
6.26925,3.7695146602E-05,-0.000188809965039,6.26925,6.26925
6.26935,3.9813530748E-05,0.000209329955396,6.26935,6.26935
6.26945,4.0525945224E-05,0.000167250123923,6.26945,6.26945
6.26955,4.0909359086E-05,0.000289197196253,6.26955,6.26955
6.26965,4.1095543565E-05,0.000512966187671,6.26965,6.26965
6.26975,4.1179962864E-05,0.000645327672828,6.26975,6.26975
6.26985,4.1260467697E-05,0.000418040261138,6.26985,6.26985
6.26995,4.13240341E-05,0.000661160331219,6.26995,6.26995
6.27005,2.7208063329E-05,-7.29128789901733,6.27005,6.27005
6.27015,1.147608032E-06,-9.99715805053711,6.27015,6.27015
6.27025,2.1055618E-07,-9.99764537811279,6.27025,6.27025
6.27035,5.7402978E-08,-9.99818134307861,6.27035,6.27035
6.27045,-3.6191821E-08,-9.99815464019775,6.27045,6.27045
6.27055,-4.9691071E-08,-9.99818515777588,6.27055,6.27055
6.27065,-3.9158842E-08,-9.99848079681396,6.27065,6.27065
6.27075,-6.099669E-08,-9.99845218658447,6.27075,6.27075
6.27085,-4.8995012E-08,-9.99841117858887,6.27085,6.27085
6.27095,-6.6417485E-08,-9.998215675354,6.27095,6.27095
6.27105,-3.176658765E-06,-2.71644949913025,6.27105,6.27105
6.27115,2.9958380765E-05,-0.000590116425883,6.27115,6.27115
6.27125,3.7724297727E-05,-0.000177340043592,6.27125,6.27125
6.27135,3.9866168663E-05,-0.000294783589197,6.27135,6.27135
6.27145,4.0624636313E-05,0.000102441561467,6.27145,6.27145
6.27155,4.1002003854E-05,0.000140862277476,6.27155,6.27155
6.27165,4.1182043788E-05,8.7734726549E-05,6.27165,6.27165
6.27175,4.1280633013E-05,-1.5705651094E-05,6.27175,6.27175
6.27185,4.135641575E-05,0.000170838873601,6.27185,6.27185
6.27195,4.1377130401E-05,0.000312348129228,6.27195,6.27195
6.27205,2.7302819944E-05,-7.27150392532349,6.27205,6.27205
6.27215,1.160221359E-06,-9.99733924865723,6.27215,6.27215
6.27225,1.43074004E-07,-9.99754428863525,6.27225,6.27225
6.27235,1.7313019E-08,-9.99810886383057,6.27235,6.27235
6.27245,-4.5099917E-08,-9.99827289581299,6.27245,6.27245
6.27255,-8.0240156E-08,-9.99828910827637,6.27255,6.27255
6.27265,-8.5098478E-08,-9.99810028076172,6.27265,6.27265
6.27275,-1.08658888E-07,-9.9980993270874,6.27275,6.27275
6.27285,-1.1665297E-07,-9.99831771850586,6.27285,6.27285
6.27295,-1.04988779E-07,-9.99841785430908,6.27295,6.27295
6.27305,-3.254265266E-06,-2.73676586151123,6.27305,6.27305
6.27315,2.9931601603E-05,-0.000849350704812,6.27315,6.27315
6.27325,3.7777954276E-05,-0.000409482774558,6.27325,6.27325
6.27335,3.9923597797E-05,-0.000246229930781,6.27335,6.27335
6.27345,4.0673025069E-05,4.466975588E-05,6.27345,6.27345
6.27355,4.1036386392E-05,0.000264357426204,6.27355,6.27355
6.27365,4.119886944E-05,0.00013523286907,6.27365,6.27365
6.27375,4.1323371988E-05,0.00023656222038,6.27375,6.27375
6.27385,4.1383085772E-05,-4.5682252676E-05,6.27385,6.27385
6.27395,4.1416507884E-05,0.00019997106574,6.27395,6.27395
6.27405,2.7411235351E-05,-7.25135517120361,6.27405,6.27405
6.27415,1.147783792E-06,-9.99710559844971,6.27415,6.27415
6.27425,1.54928031E-07,-9.99735164642334,6.27425,6.27425
6.27435,-2.3149576E-08,-9.99767780303955,6.27435,6.27435
6.27445,-4.8657533E-08,-9.99795818328857,6.27445,6.27445
6.27455,-7.3117896E-08,-9.99795436859131,6.27455,6.27455
6.27465,-7.4474848E-08,-9.99799919128418,6.27465,6.27465
6.27475,-5.6595372E-08,-9.9980936050415,6.27475,6.27475
6.27485,-1.03350587E-07,-9.99830436706543,6.27485,6.27485
6.27495,-8.8930292E-08,-9.99820041656494,6.27495,6.27495
6.27505,-3.250974942E-06,-2.75671339035034,6.27505,6.27505
6.27515,3.00264619E-05,-0.000924714375287,6.27515,6.27515
6.27525,3.7843539758E-05,-0.000551906821784,6.27525,6.27525
6.27535,3.9993006794E-05,-0.000390624249121,6.27535,6.27535
6.27545,4.0758553951E-05,-0.000227723256103,6.27545,6.27545
6.27555,4.1092935135E-05,-0.000409693893744,6.27555,6.27555
6.27565,4.127322245E-05,-3.5690052755E-05,6.27565,6.27565
6.27575,4.1393814172E-05,0.000425077043474,6.27575,6.27575
6.27585,4.1467890696E-05,0.000415155198425,6.27585,6.27585
6.27595,4.147855725E-05,0.00047700831783,6.27595,6.27595
6.27605,2.7507487175E-05,-7.23072481155396,6.27605,6.27605
6.27615,1.1968732E-06,-9.99677467346191,6.27615,6.27615
6.27625,2.08552393E-07,-9.9970235824585,6.27625,6.27625
6.27635,5.444929E-09,-9.99760150909424,6.27635,6.27635
6.27645,-2.9906232E-08,-9.99800968170166,6.27645,6.27645
6.27655,-6.6501855E-08,-9.99778652191162,6.27655,6.27655
6.27665,-7.5648998E-08,-9.99777221679688,6.27665,6.27665
6.27675,-8.7397567E-08,-9.99771976470947,6.27675,6.27675
6.27685,-7.0678183E-08,-9.99784469604492,6.27685,6.27685
6.27695,-1.05649676E-07,-9.99774551391602,6.27695,6.27695
6.27705,-3.278655413E-06,-2.77650785446167,6.27705,6.27705
6.27715,2.9998063837E-05,-0.000779123802204,6.27715,6.27715
6.27725,3.7898986193E-05,-0.000591946009081,6.27725,6.27725
6.27735,4.0016671846E-05,-0.000293798424536,6.27735,6.27735
6.27745,4.0791896026E-05,-5.2719013183E-05,6.27745,6.27745
6.27755,4.1151412006E-05,-0.000259388674749,6.27755,6.27755
6.27765,4.1336021241E-05,-0.000179099239176,6.27765,6.27765
6.27775,4.1444851377E-05,-0.000424752535764,6.27775,6.27775
6.27785,4.151491521E-05,-2.758011988E-06,6.27785,6.27785
6.27795,4.1552520997E-05,-0.000200490991119,6.27795,6.27795
6.27805,2.7558580769E-05,-7.21110963821411,6.27805,6.27805
6.27815,1.146764362E-06,-9.9969539642334,6.27815,6.27815
6.27825,1.84900586E-07,-9.99739170074463,6.27825,6.27825
6.27835,1.9246505E-08,-9.99778270721436,6.27835,6.27835
6.27845,-3.9243211E-08,-9.9978609085083,6.27845,6.27845
6.27855,-7.8981628E-08,-9.99778366088867,6.27855,6.27855
6.27865,-8.2954067E-08,-9.99797439575195,6.27865,6.27865
6.27875,-8.620232E-08,-9.99810409545898,6.27875,6.27875
6.27885,-8.1969745E-08,-9.99826240539551,6.27885,6.27885
6.27895,-1.07744874E-07,-9.9981517791748,6.27895,6.27895
6.27905,-3.316193215E-06,-2.79674983024597,6.27905,6.27905
6.27915,3.0016835808E-05,-0.00102301791776,6.27915,6.27915
6.27925,3.7911282561E-05,-0.00075878755888,6.27925,6.27925
6.27935,4.0077364247E-05,-0.000469717459055,6.27935,6.27935
6.27945,4.0835326217E-05,-0.000193313491764,6.27945,6.27945
6.27955,4.1185467126E-05,-0.000195072687347,6.27955,6.27955
6.27965,4.137140786E-05,3.0033292205E-05,6.27965,6.27965
6.27975,4.1509934817E-05,4.509196151E-05,6.27975,6.27975
6.27985,4.1570772737E-05,-0.000209568403079,6.27985,6.27985
6.27995,4.1595634684E-05,-0.000169318140252,6.27995,6.27995
6.28005,2.7672002034E-05,-7.191565990448,6.28005,6.28005
6.28015,1.140900622E-06,-9.99736976623535,6.28015,6.28015
6.28025,1.66564092E-07,-9.99792003631592,6.28025,6.28025
6.28035,-2.3627674E-08,-9.99811935424805,6.28035,6.28035
6.28045,-3.2184229E-08,-9.99804782867432,6.28045,6.28045
6.28055,-4.5388184E-08,-9.99813461303711,6.28055,6.28055
6.28065,-7.8292608E-08,-9.99834156036377,6.28065,6.28065
6.28075,-1.14262477E-07,-9.99820899963379,6.28075,6.28075
6.28085,-1.23718991E-07,-9.99829292297363,6.28085,6.28085
6.28095,-9.4681539E-08,-9.99829864501953,6.28095,6.28095
6.28105,-3.346573521E-06,-2.81641173362732,6.28105,6.28105
6.28115,3.0070044886E-05,-0.00072585552698,6.28115,6.28115
6.28125,3.7987516407E-05,-0.000426863582106,6.28125,6.28125
6.28135,4.0155406168E-05,-0.000143704324728,6.28135,6.28135
6.28145,4.0928061935E-05,0.000230651334277,6.28145,6.28145
6.28155,4.1266379412E-05,0.000111730085337,6.28155,6.28155
6.28165,4.1464376409E-05,-0.000102257807157,6.28165,6.28165
6.28175,4.1563307605E-05,0.000225021925871,6.28175,6.28175
6.28185,4.164366328E-05,0.000262387125986,6.28185,6.28185
6.28195,4.1684223106E-05,0.000171753650648,6.28195,6.28195
6.28205,2.7808597224E-05,-7.17125368118286,6.28205,6.28205
6.28215,1.176476758E-06,-9.996750831604,6.28215,6.28215
6.28225,1.9012451E-07,-9.9973840713501,6.28225,6.28225
6.28235,1.9492585E-08,-9.99753665924072,6.28235,6.28235
6.28245,-5.9231944E-08,-9.99735069274902,6.28245,6.28245
6.28255,-6.9553245E-08,-9.99760723114014,6.28255,6.28255
6.28265,-6.6115156E-08,-9.99795818328857,6.28265,6.28265
6.28275,-7.6035697E-08,-9.99811363220215,6.28275,6.28275
6.28285,-1.18452874E-07,-9.99817276000977,6.28285,6.28285
6.28295,-8.5710163E-08,-9.99803256988525,6.28295,6.28295
6.28305,-3.351059149E-06,-2.83634638786316,6.28305,6.28305
6.28315,3.0062776204E-05,-0.000897411780898,6.28315,6.28315
6.28325,3.8016623876E-05,-0.00040223490214,6.28325,6.28325
6.28335,4.0188915591E-05,1.18257401E-06,6.28335,6.28335
6.28345,4.0979120968E-05,1.6804182451E-05,6.28345,6.28345
6.28355,4.1320839955E-05,-0.000127801249619,6.28355,6.28355
6.28365,4.1545456043E-05,-0.000252211175393,6.28365,6.28365
6.28375,4.1643255827E-05,0.00013368477812,6.28375,6.28375
6.28385,4.1689538193E-05,5.2973133279E-05,6.28385,6.28385
6.28395,4.1722280002E-05,0.000131362641696,6.28395,6.28395
6.28405,2.7908470656E-05,-7.15128660202026,6.28405,6.28405
6.28415,1.168538915E-06,-9.99700260162354,6.28415,6.28415
6.28425,1.23429771E-07,-9.99741744995117,6.28425,6.28425
6.28435,-7.737932E-09,-9.99749946594238,6.28435,6.28435
6.28445,-4.1268098E-08,-9.9979887008667,6.28445,6.28445
6.28455,-5.3593197E-08,-9.99786281585693,6.28455,6.28455
6.28465,-8.1315875E-08,-9.99813175201416,6.28465,6.28465
6.28475,-1.08694039E-07,-9.99797821044922,6.28475,6.28475
6.28485,-1.21771436E-07,-9.99800682067871,6.28485,6.28485
6.28495,-1.11351703E-07,-9.9977445602417,6.28495,6.28495
6.28505,-3.383766625E-06,-2.85647654533386,6.28505,6.28505
6.28515,3.0077892006E-05,-0.000877286598552,6.28515,6.28515
6.28525,3.8083686377E-05,-0.000413704838138,6.28525,6.28525
6.28535,4.0252965846E-05,2.3066899303E-05,6.28535,6.28535
6.28545,4.10577195E-05,-5.009775123E-06,6.28545,6.28545
6.28555,4.141232057E-05,-5.0819086027E-05,6.28555,6.28555
6.28565,4.1574086936E-05,-2.534601299E-05,6.28565,6.28565
6.28575,4.1693343519E-05,-8.9873108664E-05,6.28575,6.28575
6.28585,4.1755651182E-05,0.00020151915669,6.28585,6.28585
6.28595,4.1784856876E-05,7.4435251008E-05,6.28595,6.28595
6.28605,2.7997517464E-05,-7.13144540786743,6.28605,6.28605
6.28615,1.180456138E-06,-9.99677658081055,6.28615,6.28615
6.28625,1.52748456E-07,-9.99724674224854,6.28625,6.28625
6.28635,-6.725489E-09,-9.99752140045166,6.28635,6.28635
6.28645,-6.0103773E-08,-9.99756526947021,6.28645,6.28645
6.28655,-8.8536567E-08,-9.99781036376953,6.28655,6.28655
6.28665,-8.9373238E-08,-9.9979419708252,6.28665,6.28665
6.28675,-8.2693923E-08,-9.99790287017822,6.28675,6.28675
6.28685,-9.8808648E-08,-9.99766254425049,6.28685,6.28685
6.28695,-1.21595662E-07,-9.99770641326904,6.28695,6.28695
6.28705,-3.390699021E-06,-2.87647557258606,6.28705,6.28705
6.28715,3.0070832508E-05,-0.000724940735381,6.28715,6.28715
6.28725,3.8109756133E-05,-0.000121608900372,6.28725,6.28725
6.28735,4.0286791773E-05,2.7148220397E-05,6.28735,6.28735
6.28745,4.10598077E-05,-0.000134415808134,6.28745,6.28745
6.28755,4.1410963604E-05,-0.000156370500918,6.28755,6.28755
6.28765,4.1631647036E-05,0.000148743449245,6.28765,6.28765
6.28775,4.1725106712E-05,0.00013523286907,6.28775,6.28775
6.28785,4.1785082431E-05,0.000128759042127,6.28785,6.28785
6.28795,4.180959877E-05,0.000125451770145,6.28795,6.28795
6.28805,2.8114553061E-05,-7.11133003234863,6.28805,6.28805
6.28815,1.197435722E-06,-9.99701023101807,6.28815,6.28815
6.28825,1.57557565E-07,-9.99709701538086,6.28825,6.28825
6.28835,-7.175464E-09,-9.99738311767578,6.28835,6.28835
6.28845,-5.0977718E-08,-9.99777889251709,6.28845,6.28845
6.28855,-9.2776176E-08,-9.99792766571045,6.28855,6.28855
6.28865,-8.9155279E-08,-9.9978723526001,6.28865,6.28865
6.28875,-9.1644203E-08,-9.99758434295654,6.28875,6.28875
6.28885,-1.39292339E-07,-9.9977970123291,6.28885,6.28885
6.28895,-1.23332285E-07,-9.9980583190918,6.28895,6.28895
6.28905,-3.445371021E-06,-2.89668726921082,6.28905,6.28905
6.28915,3.0086799597E-05,-0.000829788506962,6.28915,6.28915
6.28925,3.815036689E-05,-0.000366769643733,6.28925,6.28925
6.28935,4.0329483454E-05,-0.000342211336829,6.28935,6.28935
6.28945,4.111981616E-05,-0.000323845393723,6.28945,6.28945
6.28955,4.148932203E-05,-0.000293657707516,6.28955,6.28955
6.28965,4.1674451495E-05,0.000167742691701,6.28965,6.28965
6.28975,4.1786017391E-05,0.000282090069959,6.28975,6.28975
6.28985,4.1851915739E-05,0.00045512401266,6.28985,6.28985
6.28995,4.1885523387E-05,0.000564827118069,6.28995,6.28995
6.29005,2.8184749681E-05,-7.09112501144409,6.29005,6.29005
6.29015,1.232561885E-06,-9.99679946899414,6.29015,6.29015
6.29025,1.81293743E-07,-9.99727630615234,6.29025,6.29025
6.29035,2.0125363E-08,-9.99747943878174,6.29035,6.29035
6.29045,-7.0368827E-08,-9.9973087310791,6.29045,6.29045
6.29055,-6.7296341E-08,-9.99767589569092,6.29055,6.29055
6.29065,-8.7306169E-08,-9.99756622314453,6.29065,6.29065
6.29075,-8.6188258E-08,-9.99783992767334,6.29075,6.29075
6.29085,-8.298219E-08,-9.99767398834229,6.29085,6.29085
6.29095,-7.3209293E-08,-9.99790668487549,6.29095,6.29095
6.29105,-3.426893954E-06,-2.91650867462158,6.29105,6.29105
6.29115,3.0157953006E-05,-0.001196474069729,6.29115,6.29115
6.29125,3.8239813875E-05,-0.000487872282974,6.29125,6.29125
6.29135,4.0443697799E-05,-0.000235252577113,6.29135,6.29135
6.29145,4.1209354094E-05,-0.000249818665907,6.29145,6.29145
6.29155,4.1565759602E-05,-0.000449944142019,6.29155,6.29155
6.29165,4.1797742597E-05,-0.000266706891125,6.29165,6.29165
6.29175,4.1939765651E-05,-0.000165236822795,6.29175,6.29175
6.29185,4.1961371608E-05,-0.000316667894367,6.29185,6.29185
6.29195,4.1999712266E-05,-0.000115346185339,6.29195,6.29195
6.29205,2.8362270314E-05,-7.07171297073364,6.29205,6.29205
6.29215,1.184470761E-06,-9.99680137634277,6.29215,6.29215
6.29225,1.55483463E-07,-9.99734210968018,6.29225,6.29225
6.29235,-4.827157E-09,-9.99748992919922,6.29235,6.29235
6.29245,-4.9346557E-08,-9.99783706665039,6.29245,6.29245
6.29255,-5.5125923E-08,-9.99784088134766,6.29255,6.29255
6.29265,-8.9984923E-08,-9.99788761138916,6.29265,6.29265
6.29275,-1.04946594E-07,-9.99821186065674,6.29275,6.29275
6.29285,-1.29294463E-07,-9.99836730957031,6.29285,6.29285
6.29295,-1.21848771E-07,-9.99828910827637,6.29295,6.29295
6.29305,-3.511327577E-06,-2.9365336894989,6.29305,6.29305
6.29315,3.017475683E-05,-0.000759209797252,6.29315,6.29315
6.29325,3.8282203604E-05,-0.000242359717959,6.29325,6.29325
6.29335,4.0466205974E-05,-0.000244752212893,6.29335,6.29335
6.29345,4.1276707634E-05,-0.000309068214847,6.29345,6.29345
6.29355,4.1627237806E-05,-0.000139904470416,6.29355,6.29355
6.29365,4.1836105083E-05,-6.8973931775E-05,6.29365,6.29365
6.29375,4.1908657295E-05,3.7351524952E-05,6.29375,6.29375
6.29385,4.1988434532E-05,0.000257742882241,6.29385,6.29385
6.29395,4.2009287426E-05,0.000231566111324,6.29395,6.29395
6.29405,2.8411332096E-05,-7.05100011825562,6.29405,6.29405
6.29415,1.223597565E-06,-9.99671077728271,6.29415,6.29415
6.29425,1.90490113E-07,-9.997314453125,6.29425,6.29425
6.29435,1.8388741E-08,-9.99704456329346,6.29435,6.29435
6.29445,-5.982254E-08,-9.99758338928223,6.29445,6.29445
6.29455,-6.1432601E-08,-9.99747943878174,6.29455,6.29455
6.29465,-1.11351703E-07,-9.99749565124512,6.29465,6.29465
6.29475,-1.34216066E-07,-9.99771499633789,6.29475,6.29475
6.29485,-1.20351203E-07,-9.99764251708984,6.29485,6.29485
6.29495,-1.08996367E-07,-9.99768161773682,6.29495,6.29495
6.29505,-3.530071808E-06,-2.95645523071289,6.29505,6.29505
6.29515,3.0193599741E-05,-0.000794182473328,6.29515,6.29515
6.29525,3.8327270886E-05,-0.000803752453066,6.29525,6.29525
6.29535,4.0550017729E-05,-0.000454236578662,6.29535,6.29535
6.29545,4.1278628487E-05,-2.2672043997E-05,6.29545,6.29545
6.29555,4.1620594857E-05,5.2128722018E-05,6.29555,6.29555
6.29565,4.1823728679E-05,0.00018512349925,6.29565,6.29565
6.29575,4.1947823775E-05,0.000258446554653,6.29575,6.29575
6.29585,4.2048512114E-05,0.000148110135342,6.29585,6.29585
6.29595,4.2080224375E-05,0.000146210208186,6.29595,6.29595
6.29605,2.8530877898E-05,-7.03123140335083,6.29605,6.29605
6.29615,1.181285825E-06,-9.99630641937256,6.29615,6.29615
6.29625,1.49472086E-07,-9.99678516387939,6.29625,6.29625
6.29635,-9.151135E-09,-9.99703407287598,6.29635,6.29635
6.29645,-8.1793971E-08,-9.99749374389648,6.29645,6.29645
6.29655,-1.06437135E-07,-9.99738597869873,6.29655,6.29655
6.29665,-1.23550251E-07,-9.99740409851074,6.29665,6.29665
6.29675,-1.2658758E-07,-9.99750804901123,6.29675,6.29675
6.29685,-1.02577189E-07,-9.99745655059814,6.29685,6.29685
6.29695,-1.2331823E-07,-9.99728298187256,6.29695,6.29695
6.29705,-3.575856908E-06,-2.97601127624512,6.29705,6.29705
6.29715,3.0169498132E-05,-0.000497512635775,6.29715,6.29715
6.29725,3.833075607E-05,-0.000199928050279,6.29725,6.29725
6.29735,4.0568476834E-05,-0.000111757435661,6.29735,6.29735
6.29745,4.1345250793E-05,0.000210033627809,6.29745,6.29745
6.29755,4.1711060476E-05,0.000438939459855,6.29755,6.29755
6.29765,4.1901330405E-05,0.000290815631161,6.29765,6.29765
6.29775,4.2017458327E-05,0.000218829576625,6.29775,6.29775
6.29785,4.2090247007E-05,5.367680933E-05,6.29785,6.29785
6.29795,4.2085910536E-05,-2.2038735551E-05,6.29795,6.29795
6.29805,2.8596814445E-05,-7.01144027709961,6.29805,6.29805
6.29815,1.181440553E-06,-9.99696159362793,6.29815,6.29815
6.29825,1.37920381E-07,-9.99730587005615,6.29825,6.29825
6.29835,-4.8573163E-08,-9.99736499786377,6.29835,6.29835
6.29845,-6.9532156E-08,-9.99758529663086,6.29845,6.29845
6.29855,-9.0990333E-08,-9.99765396118164,6.29855,6.29855
6.29865,-1.06507443E-07,-9.9976863861084,6.29865,6.29865
6.29875,-1.28633559E-07,-9.99780559539795,6.29875,6.29875
6.29885,-1.07688628E-07,-9.99778461456299,6.29885,6.29885
6.29895,-1.12357121E-07,-9.99775409698486,6.29895,6.29895
6.29905,-3.597146133E-06,-2.99644994735718,6.29905,6.29905
6.29915,3.0187362427E-05,-0.000904870743398,6.29915,6.29915
6.29925,3.840046702E-05,-0.000224275237997,6.29925,6.29925
6.29935,4.0621376684E-05,-0.000118583091535,6.29935,6.29935
6.29945,4.1387978854E-05,-0.000174314234755,6.29945,6.29945
6.29955,4.1757764848E-05,-0.000399068376282,6.29955,6.29955
6.29965,4.1939252696E-05,-0.000219349502004,6.29965,6.29965
6.29975,4.2057316023E-05,-7.7558775956E-05,6.29975,6.29975
6.29985,4.2145489715E-05,2.9188880944E-05,6.29985,6.29985
6.29995,4.2174528062E-05,7.4294519436E-05,6.29995,6.29995
6.30005,2.871171273E-05,-6.99122905731201,6.30005,6.30005
6.30015,1.182839696E-06,-9.99695777893066,6.30015,6.30015
6.30025,1.36057196E-07,-9.99753952026367,6.30025,6.30025
6.30035,-2.710795E-08,-9.99778938293457,6.30035,6.30035
6.30045,-9.2642587E-08,-9.99776935577393,6.30045,6.30045
6.30055,-1.06219176E-07,-9.99769687652588,6.30055,6.30055
6.30065,-1.16807648E-07,-9.99800586700439,6.30065,6.30065
6.30075,-1.30018634E-07,-9.99781799316406,6.30075,6.30075
6.30085,-1.16702189E-07,-9.99783039093018,6.30085,6.30085
6.30095,-1.11295456E-07,-9.99776554107666,6.30095,6.30095
6.30105,-3.608880661E-06,-3.01609134674072,6.30105,6.30105
6.30115,3.0244664231E-05,-0.000675050134305,6.30115,6.30115
6.30125,3.8449001295E-05,-0.000540788751096,6.30125,6.30125
6.30135,4.0672173782E-05,-0.000120623750263,6.30135,6.30135
6.30145,4.1439430788E-05,-0.000183532392839,6.30145,6.30145
6.30155,4.1776933358E-05,9.9626857264E-05,6.30155,6.30155
6.30165,4.2021354602E-05,-4.5330412831E-05,6.30165,6.30165
6.30175,4.2164108891E-05,-0.000217590320972,6.30175,6.30175
6.30185,4.2226507503E-05,0.00013846976799,6.30185,6.30185
6.30195,4.2245006625E-05,0.000243458242039,6.30195,6.30195
6.30205,2.8830118026E-05,-6.97145223617554,6.30205,6.30205
6.30215,1.239937205E-06,-9.99717330932617,6.30215,6.30215
6.30225,1.69474873E-07,-9.99764156341553,6.30225,6.30225
6.30235,-9.305814E-09,-9.99743175506592,6.30235,6.30235
6.30245,-6.6635437E-08,-9.99777984619141,6.30245,6.30245
6.30255,-7.8130896E-08,-9.99785041809082,6.30255,6.30255
6.30265,-1.00123422E-07,-9.99774837493896,6.30265,6.30265
6.30275,-1.02577189E-07,-9.99769496917725,6.30275,6.30275
6.30285,-9.2769142E-08,-9.99774169921875,6.30285,6.30285
6.30295,-8.8578751E-08,-9.99786472320557,6.30295,6.30295
6.30305,-3.607509825E-06,-3.03622794151306,6.30305,6.30305
6.30315,3.0276654797E-05,-0.000881930871401,6.30315,6.30315
6.30325,3.8542217226E-05,-0.000692501314916,6.30325,6.30325
6.30335,4.0742383135E-05,-0.000447833124781,6.30335,6.30335
6.30345,4.152393376E-05,-6.2570477894E-05,6.30345,6.30345
6.30355,4.1912746383E-05,-7.6081058069E-05,6.30355,6.30355
6.30365,4.2110721552E-05,9.2941932962E-05,6.30365,6.30365
6.30375,4.2198676965E-05,-2.969114803E-06,6.30375,6.30375
6.30385,4.2271098209E-05,-3.4001230233E-05,6.30385,6.30385
6.30395,4.2310166464E-05,4.825850192E-05,6.30395,6.30395
6.30405,2.8947401006E-05,-6.95172119140625,6.30405,6.30405
6.30415,1.235592208E-06,-9.9969367980957,6.30415,6.30415
6.30425,1.84865428E-07,-9.99730587005615,6.30425,6.30425
6.30435,5.444929E-09,-9.99730396270752,6.30435,6.30435
6.30445,-6.6304992E-08,-9.99752807617188,6.30445,6.30445
6.30455,-6.1488848E-08,-9.99777507781982,6.30455,6.30455
6.30465,-6.2058348E-08,-9.99809741973877,6.30465,6.30465
6.30475,-9.2037936E-08,-9.99789333343506,6.30475,6.30475
6.30485,-9.0519272E-08,-9.99788379669189,6.30485,6.30485
6.30495,-8.0718252E-08,-9.99814224243164,6.30495,6.30495
6.30505,-3.654602324E-06,-3.05633640289307,6.30505,6.30505
6.30515,3.0236606108E-05,-0.000628677895293,6.30515,6.30515
6.30525,3.8571648474E-05,-0.00054684036877,6.30525,6.30525
6.30535,4.0834296669E-05,-4.9693204346E-05,6.30535,6.30535
6.30545,4.1589220928E-05,3.2073952752E-05,6.30545,6.30545
6.30555,4.1955037887E-05,0.00037926773075,6.30555,6.30555
6.30565,4.213471766E-05,0.000168446378666,6.30565,6.30565
6.30575,4.229228216E-05,0.000167250123923,6.30575,6.30575
6.30585,4.234691005E-05,0.000379549193894,6.30585,6.30585
6.30595,4.2363903049E-05,0.000171120336745,6.30595,6.30595
6.30605,2.905216752E-05,-6.93131637573242,6.30605,6.30605
6.30615,1.229819873E-06,-9.99668312072754,6.30615,6.30615
6.30625,1.50203292E-07,-9.99706745147705,6.30625,6.30625
6.30635,-1.4164137E-08,-9.9974365234375,6.30635,6.30635
6.30645,-2.9421102E-08,-9.99755764007568,6.30645,6.30645
6.30655,-6.9335293E-08,-9.99781703948975,6.30655,6.30655
6.30665,-9.4140162E-08,-9.99755954742432,6.30665,6.30665
6.30675,-8.2989217E-08,-9.99775981903076,6.30675,6.30675
6.30685,-9.7606375E-08,-9.99775886535645,6.30685,6.30685
6.30695,-1.22544833E-07,-9.99782848358154,6.30695,6.30695
6.30705,-3.705112022E-06,-3.07626700401306,6.30705,6.30705
6.30715,3.0295095712E-05,-0.000589764560573,6.30715,6.30715
6.30725,3.8567170122E-05,-0.000428411673056,6.30725,6.30725
6.30735,4.0828821511E-05,-0.00019788739155,6.30735,6.30735
6.30745,4.1655010136E-05,-7.683744116E-06,6.30745,6.30745
6.30755,4.2017964006E-05,-7.0944224717E-05,6.30755,6.30755
6.30765,4.217688911E-05,-9.733207844E-05,6.30765,6.30765
6.30775,4.2307918193E-05,1.2863596567E-05,6.30775,6.30775
6.30785,4.2393701733E-05,3.925144847E-05,6.30785,6.30785
6.30795,4.2381867388E-05,0.000408118445193,6.30795,6.30795
6.30805,2.9139933758E-05,-6.91133546829224,6.30805,6.30805
6.30815,1.227162215E-06,-9.9968090057373,6.30815,6.30815
6.30825,1.56144367E-07,-9.9973201751709,6.30825,6.30825
6.30835,-1.0065147E-08,-9.997389793396,6.30835,6.30835
6.30845,-7.2485115E-08,-9.99760341644287,6.30845,6.30845
6.30855,-9.1665299E-08,-9.99767017364502,6.30855,6.30855
6.30865,-1.20351203E-07,-9.99790954589844,6.30865,6.30865
6.30875,-1.30433463E-07,-9.99789524078369,6.30875,6.30875
6.30885,-1.39130634E-07,-9.99812507629395,6.30885,6.30885
6.30895,-1.00510121E-07,-9.9981575012207,6.30895,6.30895
6.30905,-3.713520982E-06,-3.09648132324219,6.30905,6.30905
6.30915,3.0283446904E-05,-0.000726137019228,6.30915,6.30915
6.30925,3.8651327486E-05,-0.000796715728939,6.30925,6.30925
6.30935,4.0928545786E-05,-0.000273673300399,6.30935,6.30935
6.30945,4.1685474571E-05,-2.9075496059E-05,6.30945,6.30945
6.30955,4.2067313188E-05,-8.598522982E-06,6.30955,6.30955
6.30965,4.2255742301E-05,-0.000189654369024,6.30965,6.30965
6.30975,4.2377410864E-05,-5.6659599068E-05,6.30975,6.30975
6.30985,4.2426436266E-05,5.3747175116E-05,6.30985,6.30985
6.30995,4.2476025556E-05,-1.0920653949E-05,6.30995,6.30995
6.31005,2.9283313779E-05,-6.89149951934815,6.31005,6.31005
6.31015,1.234664069E-06,-9.99679183959961,6.31015,6.31015
6.31025,1.79739928E-07,-9.99724102020264,6.31025,6.31025
6.31035,1.7038815E-08,-9.99728775024414,6.31035,6.31035
6.31045,-2.4759643E-08,-9.99748039245605,6.31045,6.31045
6.31055,-6.6740903E-08,-9.99766254425049,6.31055,6.31055
6.31065,-7.5227149E-08,-9.99778938293457,6.31065,6.31065
6.31075,-7.520606E-08,-9.99784469604492,6.31075,6.31075
6.31085,-8.7060087E-08,-9.99787521362305,6.31085,6.31085
6.31095,-9.8175875E-08,-9.99807167053223,6.31095,6.31095
6.31105,-3.706103371E-06,-3.1165943145752,6.31105,6.31105
6.31115,3.0313305615E-05,-0.001242494559847,6.31115,6.31115
6.31125,3.8664180465E-05,-0.0007946047117,6.31125,6.31125
6.31135,4.0978142351E-05,-0.000655065698083,6.31135,6.31135
6.31145,4.1776707803E-05,-0.000137511975481,6.31145,6.31145
6.31155,4.2113148083E-05,-0.000151304033352,6.31155,6.31155
6.31165,4.2285402742E-05,-0.000150952197146,6.31165,6.31165
6.31175,4.2414689233E-05,-0.000251085293712,6.31175,6.31175
6.31185,4.2464958824E-05,-8.105949746E-06,6.31185,6.31185
6.31195,4.2523006414E-05,5.8813642681E-05,6.31195,6.31195
6.31205,2.9327531593E-05,-6.87159109115601,6.31205,6.31205
6.31215,1.223766276E-06,-9.99719905853271,6.31215,6.31215
6.31225,1.73482462E-07,-9.9976863861084,6.31225,6.31225
6.31235,-2.3550335E-08,-9.99766254425049,6.31235,6.31235
6.31245,-6.6297957E-08,-9.99778175354004,6.31245,6.31245
6.31255,-4.5142105E-08,-9.99783515930176,6.31255,6.31255
6.31265,-1.10261922E-07,-9.99774551391602,6.31265,6.31265
6.31275,-1.08208909E-07,-9.99778652191162,6.31275,6.31275
6.31285,-9.3261306E-08,-9.99819469451904,6.31285,6.31285
6.31295,-1.4334212E-07,-9.99797439575195,6.31295,6.31295
6.31305,-3.776264521E-06,-3.13638067245483,6.31305,6.31305
6.31315,3.0331220842E-05,-0.000611297087744,6.31315,6.31315
6.31325,3.8718768337E-05,-0.000191624669242,6.31325,6.31325
6.31335,4.1027669795E-05,-0.000124353231513,6.31335,6.31335
6.31345,4.1834755393E-05,-4.061578511E-05,6.31345,6.31345
6.31355,4.2182186007E-05,7.2816794273E-05,6.31355,6.31355
6.31365,4.2359748477E-05,1.0752568414E-05,6.31365,6.31365
6.31375,4.2483323341E-05,5.9306217736E-05,6.31375,6.31375
6.31385,4.2576291889E-05,0.000123833306134,6.31385,6.31385
6.31395,4.2587365897E-05,0.000158665279741,6.31395,6.31395
6.31405,2.9495631679E-05,-6.85101222991943,6.31405,6.31405
6.31415,1.235908599E-06,-9.99661064147949,6.31415,6.31415
6.31425,1.46877696E-07,-9.99746513366699,6.31425,6.31425
6.31435,-3.835805E-09,-9.99769020080566,6.31435,6.31435
6.31445,-6.3991834E-08,-9.99774074554443,6.31445,6.31445
6.31455,-7.7983245E-08,-9.9979190826416,6.31455,6.31455
6.31465,-9.5848662E-08,-9.99817848205566,6.31465,6.31465
6.31475,-1.03216998E-07,-9.99816608428955,6.31475,6.31475
6.31485,-1.05016902E-07,-9.99826240539551,6.31485,6.31485
6.31495,-1.27909374E-07,-9.99806880950928,6.31495,6.31495
6.31505,-3.809288273E-06,-3.15650272369385,6.31505,6.31505
6.31515,3.0351715395E-05,-0.000773424049839,6.31515,6.31515
6.31525,3.8790054532E-05,-0.00015862226428,6.31525,6.31525
6.31535,4.1088795115E-05,0.000184560558409,6.31535,6.31535
6.31545,4.1894003516E-05,0.000261894543655,6.31545,6.31545
6.31555,4.2249947001E-05,0.000322621810483,6.31555,6.31555
6.31565,4.2452265916E-05,0.000482356263092,6.31565,6.31565
6.31575,4.2545132601E-05,0.000379478820832,6.31575,6.31575
6.31585,4.2628173105E-05,0.000427680643043,6.31585,6.31585
6.31595,4.2634273996E-05,0.000289267569315,6.31595,6.31595
6.31605,2.9579636248E-05,-6.83122825622559,6.31605,6.31605
6.31615,1.26001737E-06,-9.99745941162109,6.31615,6.31615
6.31625,1.68413209E-07,-9.9973840713501,6.31625,6.31625
6.31635,-7.182495E-09,-9.99746990203857,6.31635,6.31635
6.31645,-3.1213972E-08,-9.99782657623291,6.31645,6.31645
6.31655,-6.9862601E-08,-9.99796962738037,6.31655,6.31655
6.31665,-6.4673827E-08,-9.99826431274414,6.31665,6.31665
6.31675,-1.10676744E-07,-9.99814891815186,6.31675,6.31675
6.31685,-1.23908819E-07,-9.9979190826416,6.31685,6.31685
6.31695,-1.07941737E-07,-9.99782276153564,6.31695,6.31695
6.31705,-3.84245277E-06,-3.17612290382385,6.31705,6.31705
6.31715,3.0377075745E-05,-0.000621429993771,6.31715,6.31715
6.31725,3.8836235035E-05,-0.000278458290268,6.31725,6.31725
6.31735,4.1113438783E-05,-0.000195705986698,6.31735,6.31735
6.31745,4.1904157115E-05,-6.0670550738E-05,6.31745,6.31745
6.31755,4.2294635932E-05,-0.000325112021528,6.31755,6.31755
6.31765,4.2454910727E-05,-3.6112258385E-05,6.31765,6.31765
6.31775,4.2580784793E-05,0.000101386045571,6.31775,6.31775
6.31785,4.2631203542E-05,0.000169361155713,6.31785,6.31785
6.31795,4.2671053961E-05,0.000536468985956,6.31795,6.31795
6.31805,2.9690287192E-05,-6.81086683273315,6.31805,6.31805
6.31815,1.248142212E-06,-9.99637889862061,6.31815,6.31815
6.31825,1.69207695E-07,-9.99692916870117,6.31825,6.31825
6.31835,-9.052703E-09,-9.997314453125,6.31835,6.31835
6.31845,-7.6330998E-08,-9.99748802185059,6.31845,6.31845
6.31855,-6.8097862E-08,-9.9977388381958,6.31855,6.31855
6.31865,-7.1268779E-08,-9.99779415130615,6.31865,6.31865
6.31875,-1.20843367E-07,-9.99765014648438,6.31875,6.31875
6.31885,-1.04060703E-07,-9.99759864807129,6.31885,6.31885
6.31895,-1.05241888E-07,-9.99778461456299,6.31895,6.31895
6.31905,-3.883759291E-06,-3.19632506370544,6.31905,6.31905
6.31915,3.0358121876E-05,-0.000855402322486,6.31915,6.31915
6.31925,3.8835121813E-05,-0.000219771711272,6.31925,6.31925
6.31935,4.115149568E-05,-0.000168895930983,6.31935,6.31935
6.31945,4.194201756E-05,-3.8856593164E-05,6.31945,6.31945
6.31955,4.231188359E-05,3.6647848901E-05,6.31955,6.31955
6.31965,4.2522020522E-05,0.000243176778895,6.31965,6.31965
6.31975,4.2620937165E-05,9.1816051281E-05,6.31975,6.31975
6.31985,4.2700372433E-05,6.2120918301E-05,6.31985,6.31985
6.31995,4.2731153371E-05,0.00034957259777,6.31995,6.31995
6.32005,2.9775699659E-05,-6.79127359390259,6.32005,6.32005
6.32015,1.261318062E-06,-9.99704265594482,6.32015,6.32015
6.32025,1.75570634E-07,-9.99739265441895,6.32025,6.32025
6.32035,-1.5317198E-08,-9.99768257141113,6.32035,6.32035
6.32045,-6.1207615E-08,-9.99751377105713,6.32045,6.32045
6.32055,-9.9652354E-08,-9.99769592285156,6.32055,6.32055
6.32065,-1.0089682E-07,-9.99745273590088,6.32065,6.32065
6.32075,-1.26925059E-07,-9.99761581420898,6.32075,6.32075
6.32085,-1.24949381E-07,-9.99742794036865,6.32085,6.32085
6.32095,-1.06718367E-07,-9.99753952026367,6.32095,6.32095
6.32105,-3.873718924E-06,-3.21623611450195,6.32105,6.32105
6.32115,3.0394225178E-05,-0.00114334654063,6.32115,6.32115
6.32125,3.8905331166E-05,-0.000741266063415,6.32125,6.32125
6.32135,4.1207356844E-05,-0.000211749807931,6.32135,6.32135
6.32145,4.2060677515E-05,-0.000254814774962,6.32145,6.32145
6.32155,4.2419847887E-05,7.1761285653E-05,6.32155,6.32155
6.32165,4.2592921091E-05,8.641540262E-06,6.32165,6.32165
6.32175,4.2711642891E-05,-9.8739430541E-05,6.32175,6.32175
6.32185,4.2802770622E-05,7.1479815233E-05,6.32185,6.32185
6.32195,4.284939132E-05,0.000124607351609,6.32195,6.32195
6.32205,2.9937584259E-05,-6.77152299880982,6.32205,6.32205
6.32215,1.279499884E-06,-9.99689197540283,6.32215,6.32215
6.32225,1.97612366E-07,-9.99713897705078,6.32225,6.32225
6.32235,8.0383E-11,-9.9976110458374,6.32235,6.32235
6.32245,-4.9452019E-08,-9.99773693084717,6.32245,6.32245
6.32255,-6.3070793E-08,-9.99794578552246,6.32255,6.32255
6.32265,-1.13003956E-07,-9.9977970123291,6.32265,6.32265
6.32275,-9.9300813E-08,-9.99812889099121,6.32275,6.32275
6.32285,-1.13369559E-07,-9.99824619293213,6.32285,6.32285
6.32295,-1.05066114E-07,-9.99851036071777,6.32295,6.32295
6.32305,-3.923356871E-06,-3.23664116859436,6.32305,6.32305
6.32315,3.0399160096E-05,-0.001226732158102,6.32315,6.32315
6.32325,3.8943046093E-05,-0.00089966354426,6.32325,6.32325
6.32335,4.1259383579E-05,-0.000672587251756,6.32335,6.32335
6.32345,4.2088300688E-05,-0.00019155429618,6.32345,6.32345
6.32355,4.2458610551E-05,-0.000242781912675,6.32355,6.32355
6.32365,4.2617957661E-05,-0.000348896282958,6.32365,6.32365
6.32375,4.2743424274E-05,-0.000271421537036,6.32375,6.32375
6.32385,4.2827243306E-05,-9.9724573374E-05,6.32385,6.32385
6.32395,4.2861251131E-05,-0.000212946048123,6.32395,6.32395
6.32405,3.0035384043E-05,-6.75187873840332,6.32405,6.32405
6.32415,1.289757961E-06,-9.99744510650635,6.32415,6.32415
6.32425,1.83367845E-07,-9.99771118164063,6.32425,6.32425
6.32435,1.322809E-08,-9.99786376953125,6.32435,6.32435
6.32445,-6.1038875E-08,-9.99794006347656,6.32445,6.32445
6.32455,-8.0936211E-08,-9.99821758270264,6.32455,6.32455
6.32465,-7.0537567E-08,-9.9985294342041,6.32465,6.32465
6.32475,-5.62368E-08,-9.99847507476807,6.32475,6.32475
6.32485,-7.0994574E-08,-9.99868869781494,6.32485,6.32485
6.32495,-6.2107567E-08,-9.99843502044678,6.32495,6.32495
6.32505,-3.901955097E-06,-3.25684356689453,6.32505,6.32505
6.32515,3.0441866329E-05,-0.001167553011328,6.32515,6.32515
6.32525,3.8997724914E-05,-0.000841680623125,6.32525,6.32525
6.32535,4.1308128857E-05,-0.000713681918569,6.32535,6.32535
6.32545,4.2132265662E-05,-0.000509897363372,6.32545,6.32545
6.32555,4.2501109419E-05,-0.000340663245879,6.32555,6.32555
6.32565,4.2730287532E-05,1.9548519049E-05,6.32565,6.32565
6.32575,4.2845658754E-05,-6.8059147452E-05,6.32575,6.32575
6.32585,4.2889736505E-05,-0.000115768387332,6.32585,6.32585
6.32595,4.2925359594E-05,3.9884758735E-05,6.32595,6.32595
6.32605,3.0130158848E-05,-6.73191356658936,6.32605,6.32605
6.32615,1.307088951E-06,-9.99774551391602,6.32615,6.32615
6.32625,1.6887725E-07,-9.99775123596191,6.32625,6.32625
6.32635,-3.631911E-09,-9.99768447875977,6.32635,6.32635
6.32645,-3.7675331E-08,-9.99780082702637,6.32645,6.32645
6.32655,-4.6963095E-08,-9.9980640411377,6.32655,6.32655
6.32665,-7.6795033E-08,-9.99787330627441,6.32665,6.32665
6.32675,-1.08398744E-07,-9.99796772003174,6.32675,6.32675
6.32685,-8.1632265E-08,-9.99820041656494,6.32685,6.32685
6.32695,-1.04194292E-07,-9.99814128875732,6.32695,6.32695
6.32705,-3.932855634E-06,-3.2762303352356,6.32705,6.32705
6.32715,3.0465595046E-05,-0.0009232366574,6.32715,6.32715
6.32725,3.9079113776E-05,-0.000741336436477,6.32725,6.32725
6.32735,4.1374943976E-05,-0.000627903849818,6.32735,6.32735
6.32745,4.220543633E-05,-0.000345518637914,6.32745,6.32745
6.32755,4.2556210246E-05,-0.000100639350421,6.32755,6.32755
6.32765,4.2806244892E-05,-0.000133852867293,6.32765,6.32765
6.32775,4.2911149649E-05,-0.000369373243302,6.32775,6.32775
6.32785,4.2993033276E-05,-0.000553736346774,6.32785,6.32785
6.32795,4.3013427785E-05,-0.000195143045858,6.32795,6.32795
6.32805,3.0250212149E-05,-6.71158027648926,6.32805,6.32805
6.32815,1.338095103E-06,-9.99721336364746,6.32815,6.32815
6.32825,2.39642844E-07,-9.99757671356201,6.32825,6.32825
6.32835,1.7987981E-08,-9.99793338775635,6.32835,6.32835
6.32845,-2.5722871E-08,-9.99791145324707,6.32845,6.32845
6.32855,-5.3860369E-08,-9.99819183349609,6.32855,6.32855
6.32865,-3.2908407E-08,-9.99826145172119,6.32865,6.32865
6.32875,-9.2818361E-08,-9.99842929840088,6.32875,6.32875
6.32885,-8.5991395E-08,-9.99839496612549,6.32885,6.32885
6.32895,-8.053545E-08,-9.99868965148926,6.32895,6.32895
6.32905,-3.95976258E-06,-3.29670238494873,6.32905,6.32905
6.32915,3.0453164072E-05,-0.00118964840658,6.32915,6.32915
6.32925,3.9089296479E-05,-0.000833306869026,6.32925,6.32925
6.32935,4.1452050937E-05,-0.000689897686243,6.32935,6.32935
6.32945,4.2280862544E-05,-0.000409060565289,6.32945,6.32945
6.32955,4.2630133976E-05,-0.000397238822188,6.32955,6.32955
6.32965,4.2827574362E-05,-0.000233915605349,6.32965,6.32965
6.32975,4.297646592E-05,-0.000259318301687,6.32975,6.32975
6.32985,4.3002095481E-05,-0.000124353231513,6.32985,6.32985
6.32995,4.3070042011E-05,-8.9802742878E-05,6.32995,6.32995
6.33005,3.0360568417E-05,-6.69178342819214,6.33005,6.33005
6.33015,1.338467769E-06,-9.99734115600586,6.33015,6.33015
6.33025,1.91340845E-07,-9.99782657623291,6.33025,6.33025
6.33035,5.02235E-10,-9.99804496765137,6.33035,6.33035
6.33045,-2.6011136E-08,-9.99799156188965,6.33045,6.33045
6.33055,-5.6307108E-08,-9.99784755706787,6.33055,6.33055
6.33065,-2.2544922E-08,-9.99791240692139,6.33065,6.33065
6.33075,-3.6796475E-08,-9.99804782867432,6.33075,6.33075
6.33085,-6.1573225E-08,-9.99804306030273,6.33085,6.33085
6.33095,-9.2417601E-08,-9.99817276000977,6.33095,6.33095
6.33105,-4.005414212E-06,-3.31631517410278,6.33105,6.33105
6.33115,3.0458071706E-05,-0.001211603172123,6.33115,6.33115
6.33125,3.9132970414E-05,-0.000785456912126,6.33125,6.33125
6.33135,4.1452542064E-05,-0.000511093589012,6.33135,6.33135
6.33145,4.2301027861E-05,-0.000564924848732,6.33145,6.33145
6.33155,4.2653602577E-05,-0.000319482613122,6.33155,6.33155
6.33165,4.287275442E-05,-8.1006794062E-05,6.33165,6.33165
6.33175,4.3015581468E-05,-0.000113798094389,6.33175,6.33175
6.33185,4.3055453716E-05,-0.000251718593063,6.33185,6.33185
6.33195,4.3081381591E-05,-9.2898917501E-05,6.33195,6.33195
6.33205,3.0426355806E-05,-6.67190456390381,6.33205,6.33205
6.33215,1.291986678E-06,-9.99739551544189,6.33215,6.33215
6.33225,1.71675538E-07,-9.99782752990723,6.33225,6.33225
6.33235,-1.5085181E-08,-9.99794006347656,6.33235,6.33235
6.33245,-9.7191553E-08,-9.99807834625244,6.33245,6.33245
6.33255,-1.2698834E-07,-9.99821186065674,6.33255,6.33255
6.33265,-1.02415484E-07,-9.99816036224365,6.33265,6.33265
6.33275,-1.17496676E-07,-9.99838924407959,6.33275,6.33275
6.33285,-1.34588689E-07,-9.99845790863037,6.33285,6.33285
6.33295,-1.33372353E-07,-9.99859428405762,6.33295,6.33295
6.33305,-4.056929356E-06,-3.33675456047058,6.33305,6.33305
6.33315,3.0455463275E-05,-0.001101266709156,6.33315,6.33315
6.33325,3.9150785597E-05,-0.000495823856909,6.33325,6.33325
6.33335,4.1495521145E-05,-0.000316104968078,6.33335,6.33335
6.33345,4.2322033551E-05,-5.6026288803E-05,6.33345,6.33345
6.33355,4.2721661885E-05,-0.000295698351692,6.33355,6.33355
6.33365,4.2915326048E-05,-0.000469717459055,6.33365,6.33365
6.33375,4.3029445806E-05,-0.000250240875175,6.33375,6.33375
6.33385,4.3098079914E-05,3.2566527807E-05,6.33385,6.33385
6.33395,4.3118285248E-05,0.000260909408098,6.33395,6.33395
6.33405,3.0517989217E-05,-6.65136003494263,6.33405,6.33405
6.33415,1.275358727E-06,-9.9967679977417,6.33415,6.33415
6.33425,1.83508476E-07,-9.997145652771,6.33425,6.33425
6.33435,-4.876373E-09,-9.99740028381348,6.33435,6.33435
6.33445,-5.7178934E-08,-9.99753761291504,6.33445,6.33445
6.33455,-8.38048E-08,-9.99723434448242,6.33455,6.33455
6.33465,-8.2384567E-08,-9.99738693237305,6.33465,6.33465
6.33475,-8.1252594E-08,-9.99727725982666,6.33475,6.33475
6.33485,-1.19212203E-07,-9.99747467041016,6.33485,6.33485
6.33495,-9.4801059E-08,-9.99719142913818,6.33495,6.33495
6.33505,-4.046326922E-06,-3.35593581199646,6.33505,6.33505
6.33515,3.0530656659E-05,-0.000642047729343,6.33515,6.33515
6.33525,3.9243237552E-05,-0.000379998760764,6.33525,6.33525
6.33535,4.1582312406E-05,-5.7222539908E-05,6.33535,6.33535
6.33545,4.2396619392E-05,-0.000257418374531,6.33545,6.33545
6.33555,4.2776482587E-05,0.000164927987498,6.33555,6.33555
6.33565,4.2969648348E-05,-2.0209177819E-05,6.33565,6.33565
6.33575,4.3097243179E-05,0.000201096947421,6.33575,6.33575
6.33585,4.3152969738E-05,8.6045904027E-05,6.33585,6.33585
6.33595,4.3223561079E-05,3.7281155528E-05,6.33595,6.33595
6.33605,3.0680828786E-05,-6.63145589828491,6.33605,6.33605
6.33615,1.355749532E-06,-9.99714851379395,6.33615,6.33615
6.33625,1.96410099E-07,-9.99708080291748,6.33625,6.33625
6.33635,3.9853955E-08,-9.997633934021,6.33635,6.33635
6.33645,-1.6196056E-08,-9.99767684936523,6.33645,6.33645
6.33655,-4.1999311E-08,-9.99788379669189,6.33655,6.33655
6.33665,-9.226995E-08,-9.99746227264404,6.33665,6.33665
6.33675,-8.7031964E-08,-9.9974536895752,6.33675,6.33675
6.33685,-1.03941176E-07,-9.99773788452148,6.33685,6.33685
6.33695,-1.04004457E-07,-9.99795055389404,6.33695,6.33695
6.33705,-4.107776476E-06,-3.37668991088867,6.33705,6.33705
6.33715,3.048616054E-05,-0.000910077942535,6.33715,6.33715
6.33725,3.927007856E-05,-0.000705941522028,6.33725,6.33725
6.33735,4.1648963816E-05,-0.000418771291152,6.33735,6.33735
6.33745,4.2460149416E-05,-0.000492516555823,6.33745,6.33745
6.33755,4.2854149797E-05,-0.000425737700425,6.33755,6.33755
6.33765,4.3031624955E-05,-0.000138074916322,6.33765,6.33765
6.33775,4.3108888349E-05,-0.000193735701032,6.33775,6.33775
6.33785,4.3236010242E-05,-0.000116894269013,6.33785,6.33785
6.33795,4.3261345127E-05,-0.000139904470416,6.33795,6.33795
6.33805,3.075571658E-05,-6.61163187026978,6.33805,6.33805
6.33815,1.347305556E-06,-9.99674034118652,6.33815,6.33815
6.33825,2.01331702E-07,-9.99701499938965,6.33825,6.33825
6.33835,2.1130775E-08,-9.99736499786377,6.33835,6.33835
6.33845,-7.2168724E-08,-9.99743843078613,6.33845,6.33845
6.33855,-8.4613347E-08,-9.99770450592041,6.33855,6.33855
6.33865,-8.4198525E-08,-9.99815654754639,6.33865,6.33865
6.33875,-8.7320231E-08,-9.99821949005127,6.33875,6.33875
6.33885,-1.07252717E-07,-9.99837589263916,6.33885,6.33885
6.33895,-1.15928792E-07,-9.9985294342041,6.33895,6.33895
6.33905,-4.156415798E-06,-3.3968186378479,6.33905,6.33905
6.33915,3.0473385777E-05,-0.001222650869749,6.33915,6.33915
6.33925,3.9284470404E-05,-0.000919788668398,6.33925,6.33925
6.33935,4.1684750613E-05,-0.000547614414245,6.33935,6.33935
6.33945,4.2511284846E-05,-0.000310968142003,6.33945,6.33945
6.33955,4.2887870222E-05,-0.000617348705418,6.33955,6.33955
6.33965,4.3102525524E-05,-0.000570343108848,6.33965,6.33965
6.33975,4.3190957513E-05,-0.000226386269787,6.33975,6.33975
6.33985,4.3254833145E-05,-0.000113516623969,6.33985,6.33985
6.33995,4.3272313633E-05,-0.000273391837254,6.33995,6.33995
6.34005,3.0869068723E-05,-6.59180927276611,6.34005,6.34005
6.34015,1.339149662E-06,-9.99753189086914,6.34015,6.34015
6.34025,1.49922059E-07,-9.99760723114014,6.34025,6.34025
6.34035,-1.7960801E-08,-9.99740886688232,6.34035,6.34035
6.34045,-7.2780409E-08,-9.99776268005371,6.34045,6.34045
6.34055,-8.2932971E-08,-9.99784851074219,6.34055,6.34055
6.34065,-1.13714073E-07,-9.99780654907227,6.34065,6.34065
6.34075,-1.23325265E-07,-9.99795722961426,6.34075,6.34075
6.34085,-1.11211087E-07,-9.99785995483398,6.34085,6.34085
6.34095,-8.20963E-08,-9.99793529510498,6.34095,6.34095
6.34105,-4.161288416E-06,-3.41627788543701,6.34105,6.34105
6.34115,3.0539300496E-05,-0.000957646407187,6.34115,6.34115
6.34125,3.9366255805E-05,-0.000786934630014,6.34125,6.34125
6.34135,4.1742950998E-05,-0.000491531391162,6.34135,6.34135
6.34145,4.2563300667E-05,-0.000398716540076,6.34145,6.34145
6.34155,4.2941694119E-05,-0.00033264135709,6.34155,6.34155
6.34165,4.3156895117E-05,8.1894220784E-05,6.34165,6.34165
6.34175,4.3243118853E-05,-0.000226949210628,6.34175,6.34175
6.34185,4.3320185796E-05,-8.317052561E-06,6.34185,6.34185
6.34195,4.3353349611E-05,-4.3852694944E-05,6.34195,6.34195
6.34205,3.0963303288E-05,-6.57148122787476,6.34205,6.34205
6.34215,1.321551508E-06,-9.99691867828369,6.34215,6.34215
6.34225,1.86229414E-07,-9.99727630615234,6.34225,6.34225
6.34235,-1.1942387E-08,-9.99763679504395,6.34235,6.34235
6.34245,-6.4990218E-08,-9.99757957458496,6.34245,6.34245
6.34255,-8.249706E-08,-9.99782466888428,6.34255,6.34255
6.34265,-1.08026107E-07,-9.99777698516846,6.34265,6.34265
6.34275,-9.0455991E-08,-9.99772453308105,6.34275,6.34275
6.34285,-1.4912851E-07,-9.99757480621338,6.34285,6.34285
6.34295,-1.30229566E-07,-9.99745082855225,6.34295,6.34295
6.34305,-4.193855148E-06,-3.43620324134827,6.34305,6.34305
6.34315,3.0534116377E-05,-0.001053346320987,6.34315,6.34315
6.34325,3.9376238419E-05,-0.000698060321156,6.34325,6.34325
6.34335,4.1772593249E-05,-0.000348825909896,6.34335,6.34335
6.34345,4.2618095904E-05,-0.000157707487233,6.34345,6.34345
6.34355,4.2989286158E-05,0.000199337751837,6.34355,6.34355
6.34365,4.3231651944E-05,-5.8559522586E-05,6.34365,6.34365
6.34375,4.333355173E-05,-2.6542262276E-05,6.34375,6.34375
6.34385,4.3384665332E-05,-0.000244330003625,6.34385,6.34385
6.34395,4.3380965508E-05,0.000295741367154,6.34395,6.34395
6.34405,3.1108811527E-05,-6.55119514465332,6.34405,6.34405
6.34415,1.351256856E-06,-9.99639797210693,6.34415,6.34415
6.34425,1.8613801E-07,-9.99686336517334,6.34425,6.34425
6.34435,1.8163753E-08,-9.99727249145508,6.34435,6.34435
6.34445,-4.9079386E-08,-9.99737930297852,6.34445,6.34445
6.34455,-5.1118334E-08,-9.9975004196167,6.34455,6.34455
6.34465,-6.8906409E-08,-9.99758052825928,6.34465,6.34465
6.34475,-1.18734107E-07,-9.99736976623535,6.34475,6.34475
6.34485,-8.7545217E-08,-9.99732685089111,6.34485,6.34485
6.34495,-8.9696655E-08,-9.99742221832275,6.34495,6.34495
6.34505,-4.210693987E-06,-3.45585680007935,6.34505,6.34505
6.34515,3.0559716834E-05,-0.000817051972263,6.34515,6.34515
6.34525,3.9438491513E-05,-0.000655347190332,6.34525,6.34525
6.34535,4.1807066737E-05,-0.000284720998025,6.34535,6.34535
6.34545,4.2661511543E-05,4.3543874199E-05,6.34545,6.34545
6.34555,4.3044299673E-05,0.000153035871335,6.34555,6.34555
6.34565,4.3252170144E-05,9.5052964753E-05,6.34565,6.34565
6.34575,4.3377556722E-05,0.00010370817472,6.34575,6.34575
6.34585,4.341975E-05,3.0666600651E-05,6.34585,6.34585
6.34595,4.3446769268E-05,0.000185616067029,6.34595,6.34595
6.34605,3.122011185E-05,-6.53145742416382,6.34605,6.34605
6.34615,1.393013122E-06,-9.99699211120605,6.34615,6.34615
6.34625,1.95728106E-07,-9.99718570709229,6.34625,6.34625
6.34635,4.348115E-09,-9.99745845794678,6.34635,6.34635
6.34645,-6.746581E-09,-9.99767112731934,6.34645,6.34645
6.34655,-2.1265306E-08,-9.99784088134766,6.34655,6.34655
6.34665,-4.9965273E-08,-9.99783420562744,6.34665,6.34665
6.34675,-6.5869074E-08,-9.99760913848877,6.34675,6.34675
6.34685,-9.027319E-08,-9.99769687652588,6.34685,6.34685
6.34695,-9.4519827E-08,-9.99770641326904,6.34695,6.34695
6.34705,-4.230999366E-06,-3.47610473632813,6.34705,6.34705
6.34715,3.0583774787E-05,-0.000615800614469,6.34715,6.34715
6.34725,3.946643119E-05,-0.000486113101942,6.34725,6.34725
6.34735,4.1845145461E-05,-0.000230889796512,6.34735,6.34735
6.34745,4.2727042455E-05,-8.304745279E-05,6.34745,6.34745
6.34755,4.3089341489E-05,-1.3031682101E-05,6.34755,6.34755
6.34765,4.3285672291E-05,0.000114052214485,6.34765,6.34765
6.34775,4.3401920266E-05,9.0267967607E-05,6.34775,6.34775
6.34785,4.3466392526E-05,-3.2664243918E-05,6.34785,6.34785
6.34795,4.351487587E-05,-8.2273407315E-05,6.34795,6.34795
6.34805,3.1293850043E-05,-6.51159429550171,6.34805,6.34805
6.34815,1.364910759E-06,-9.99725437164307,6.34815,6.34815
6.34825,1.62683065E-07,-9.99724388122559,6.34825,6.34825
6.34835,8.911142E-09,-9.99760913848877,6.34835,6.34835
6.34845,-4.3616406E-08,-9.99793529510498,6.34845,6.34845
6.34855,-5.0844129E-08,-9.99782276153564,6.34855,6.34855
6.34865,-5.8367149E-08,-9.99764919281006,6.34865,6.34865
6.34875,-8.6096861E-08,-9.99795722961426,6.34875,6.34875
6.34885,-1.04637238E-07,-9.99787044525146,6.34885,6.34885
6.34895,-1.05009867E-07,-9.99773025512695,6.34895,6.34895
6.34905,-4.258103218E-06,-3.49622774124146,6.34905,6.34905
6.34915,3.0579769373E-05,-0.00108268961776,6.34915,6.34915
6.34925,3.9509886847E-05,-0.000628677895293,6.34925,6.34925
6.34935,4.1917010094E-05,-6.0811285948E-05,6.34935,6.34935
6.34945,4.2789819418E-05,-6.276392469E-06,6.34945,6.34945
6.34955,4.3137650209E-05,0.000158383802045,6.34955,6.34955
6.34965,4.3345229642E-05,0.000130236760015,6.34965,6.34965
6.34975,4.3453968829E-05,-5.0256145187E-05,6.34975,6.34975
6.34985,4.3558819016E-05,1.9478151444E-05,6.34985,6.34985
6.34995,4.3610125431E-05,0.000108845015347,6.34995,6.34995
6.35005,3.1432849937E-05,-6.49119329452515,6.35005,6.35005
6.35015,1.381686388E-06,-9.99695014953613,6.35015,6.35015
6.35025,1.98350619E-07,-9.99685287475586,6.35025,6.35025
6.35035,2.0244887E-08,-9.99731540679932,6.35035,6.35035
6.35045,-3.8160461E-08,-9.99751377105713,6.35045,6.35045
6.35055,-3.6536331E-08,-9.99739742279053,6.35055,6.35055
6.35065,-7.8039491E-08,-9.99730205535889,6.35065,6.35065
6.35075,-8.5611731E-08,-9.99733829498291,6.35075,6.35075
6.35085,-7.1845307E-08,-9.99747467041016,6.35085,6.35085
6.35095,-7.170469E-08,-9.99759674072266,6.35095,6.35095
6.35105,-4.281902875E-06,-3.51619553565979,6.35105,6.35105
6.35115,3.0618768506E-05,-0.00074112531729,6.35115,6.35115
6.35125,3.9603433834E-05,-0.000316386431223,6.35125,6.35125
6.35135,4.1987568693E-05,-0.000192539446289,6.35135,6.35135
6.35145,4.2805575504E-05,-0.000303509150399,6.35145,6.35145
6.35155,4.3220748921E-05,-0.000300061161397,6.35155,6.35155
6.35165,4.3401792936E-05,-0.000259177584667,6.35165,6.35165
6.35175,4.3515046855E-05,-0.00015496314154,6.35175,6.35175
6.35185,4.3546366214E-05,-6.0177979321E-05,6.35185,6.35185
6.35195,4.3627776904E-05,0.000134318092023,6.35195,6.35195
6.35205,3.1512510759E-05,-6.47159862518311,6.35205,6.35205
6.35215,1.339923074E-06,-9.99689292907715,6.35215,6.35215
6.35225,1.77089291E-07,-9.99735736846924,6.35225,6.35225
6.35235,8.918173E-09,-9.99749851226807,6.35235,6.35235
6.35245,-5.6018841E-08,-9.99760437011719,6.35245,6.35245
6.35255,-6.8829067E-08,-9.9977502822876,6.35255,6.35255
6.35265,-8.6863224E-08,-9.99773502349854,6.35265,6.35265
6.35275,-1.002781E-07,-9.997633934021,6.35275,6.35275
6.35285,-8.782645E-08,-9.99759197235107,6.35285,6.35285
6.35295,-9.4182347E-08,-9.99764251708984,6.35295,6.35295
6.35305,-4.332644494E-06,-3.53604125976563,6.35305,6.35305
6.35315,3.0590490496E-05,-0.000724237062968,6.35315,6.35315
6.35325,3.9564172766E-05,-0.000394846312702,6.35325,6.35325
6.35335,4.2010251491E-05,-0.000101554134744,6.35335,6.35335
6.35345,4.2873289203E-05,-3.3438289393E-05,6.35345,6.35345
6.35355,4.3249969167E-05,7.0776135544E-05,6.35355,6.35355
6.35365,4.3461084715E-05,7.1057605965E-05,6.35365,6.35365
6.35375,4.3574174924E-05,-0.000254533311818,6.35375,6.35375
6.35385,4.3620599172E-05,0.000384052720619,6.35385,6.35385
6.35395,4.3670414016E-05,0.000118977950478,6.35395,6.35395
6.35405,3.1607920391E-05,-6.45166254043579,6.35405,6.35405
6.35415,1.398300356E-06,-9.99702548980713,6.35415,6.35415
6.35425,1.76583072E-07,-9.9975757598877,6.35425,6.35425
6.35435,-4.405305E-09,-9.99798679351807,6.35435,6.35435
6.35445,-6.1095122E-08,-9.99801731109619,6.35445,6.35445
6.35455,-7.9853457E-08,-9.99801349639893,6.35455,6.35455
6.35465,-8.4957861E-08,-9.99826240539551,6.35465,6.35465
6.35475,-9.5476025E-08,-9.99820899963379,6.35475,6.35475
6.35485,-7.472093E-08,-9.99831104278564,6.35485,6.35485
6.35495,-6.0174081E-08,-9.99808788299561,6.35495,6.35495
6.35505,-4.350762993E-06,-3.55601716041565,6.35505,6.35505
6.35515,3.0596194847E-05,-0.000989734078757,6.35515,6.35515
6.35525,3.9637194277E-05,-0.000578505743761,6.35525,6.35525
6.35535,4.2067244067E-05,-0.000138848961797,6.35535,6.35535
6.35545,4.2908832256E-05,-1.2398373656E-05,6.35545,6.35545
6.35555,4.329269359E-05,-0.000161366595421,6.35555,6.35555
6.35565,4.3510110117E-05,-5.4337466281E-05,6.35565,6.35565
6.35575,4.3646901759E-05,0.000394818955101,6.35575,6.35575
6.35585,4.3709336751E-05,0.000529924756847,6.35585,6.35585
6.35595,4.3750100303E-05,0.000608595728409,6.35595,6.35595
6.35605,3.1733910873E-05,-6.43139982223511,6.35605,6.35605
6.35615,1.39241547E-06,-9.99712085723877,6.35615,6.35615
6.35625,2.15119215E-07,-9.99757194519043,6.35625,6.35625
6.35635,3.7020516E-08,-9.99769115447998,6.35635,6.35635
6.35645,-2.4190143E-08,-9.99760913848877,6.35645,6.35645
6.35655,-6.1629471E-08,-9.99769020080566,6.35655,6.35655
6.35665,-5.404317E-08,-9.99774837493896,6.35665,6.35665
6.35675,-8.8845923E-08,-9.99804782867432,6.35675,6.35675
6.35685,-8.4107128E-08,-9.99804973602295,6.35685,6.35685
6.35695,-9.6214265E-08,-9.99766254425049,6.35695,6.35695
6.35705,-4.3835621E-06,-3.57580018043518,6.35705,6.35705
6.35715,3.0608905945E-05,-0.00015707417333,6.35715,6.35715
6.35725,3.9679409383E-05,0.000139806754305,6.35725,6.35725
6.35735,4.2134677642E-05,0.000142058517667,6.35735,6.35735
6.35745,4.2979427235E-05,0.000442598568043,6.35745,6.35745
6.35755,4.3347779865E-05,-3.109850013E-06,6.35755,6.35755
6.35765,4.3570089474E-05,0.000183223572094,6.35765,6.35765
6.35775,4.3670490413E-05,0.000367445958545,6.35775,6.35775
6.35785,4.3759220716E-05,0.000350417016307,6.35785,6.35785
6.35795,4.3805364839E-05,0.000216296350118,6.35795,6.35795
6.35805,3.1825966289E-05,-6.41149854660034,6.35805,6.35805
6.35815,1.407046739E-06,-9.99692058563232,6.35815,6.35815
6.35825,1.76034661E-07,-9.99699401855469,6.35825,6.35825
6.35835,1.6469317E-08,-9.9974250793457,6.35835,6.35835
6.35845,-2.5518975E-08,-9.99765682220459,6.35845,6.35845
6.35855,-4.9142663E-08,-9.99767684936523,6.35855,6.35855
6.35865,-6.4357444E-08,-9.99768447875977,6.35865,6.35865
6.35875,-5.4036139E-08,-9.99789047241211,6.35875,6.35875
6.35885,-6.3288752E-08,-9.99763202667236,6.35885,6.35885
6.35895,-9.4512799E-08,-9.99769973754883,6.35895,6.35895
6.35905,-4.390402864E-06,-3.59595251083374,6.35905,6.35905
6.35915,3.0615141441E-05,-0.000625229848083,6.35915,6.35915
6.35925,3.9694456063E-05,-0.000218997665797,6.35925,6.35925
6.35935,4.216423622E-05,-0.000259459047811,6.35935,6.35935
6.35945,4.3025895138E-05,7.8868411947E-05,6.35945,6.35945
6.35955,4.3441257731E-05,1.7085652871E-05,6.35955,6.35955
6.35965,4.3610762077E-05,0.000104552585981,6.35965,6.35965
6.35975,4.374454511E-05,5.6069307902E-05,6.35975,6.35975
6.35985,4.3815718527E-05,0.000401926081395,6.35985,6.35985
6.35995,4.3828767957E-05,0.000460964511149,6.35995,6.35995
6.36005,3.1965031667E-05,-6.39132928848267,6.36005,6.36005
6.36015,1.442250209E-06,-9.99651718139648,6.36015,6.36015
6.36025,2.27620077E-07,-9.9972562789917,6.36025,6.36025
6.36035,-1.230096E-08,-9.99754238128662,6.36035,6.36035
6.36045,-3.4652061E-08,-9.99767208099365,6.36045,6.36045
6.36055,-4.4270276E-08,-9.9975004196167,6.36055,6.36055
6.36065,-5.0443372E-08,-9.99784660339355,6.36065,6.36065
6.36075,-8.8402977E-08,-9.99789428710938,6.36075,6.36075
6.36085,-7.908006E-08,-9.99761867523193,6.36085,6.36085
6.36095,-6.6783088E-08,-9.99751663208008,6.36095,6.36095
6.36105,-4.416325737E-06,-3.61594605445862,6.36105,6.36105
6.36115,3.0651426641E-05,-0.00059279036941,6.36115,6.36115
6.36125,3.9752903831E-05,-0.000302312924759,6.36125,6.36125
6.36135,4.2205429054E-05,2.589926225E-06,6.36135,6.36135
6.36145,4.3051641114E-05,4.452902067E-05,6.36145,6.36145
6.36155,4.3464438932E-05,0.000248946918873,6.36155,6.36155
6.36165,4.3669810111E-05,0.000142973294714,6.36165,6.36165
6.36175,4.3768093747E-05,2.5881603506E-05,6.36175,6.36175
6.36185,4.3859516154E-05,5.2902763855E-05,6.36185,6.36185
6.36195,4.3885502237E-05,-0.000265932874754,6.36195,6.36195
6.36205,3.2033643947E-05,-6.37147569656372,6.36205,6.36205
6.36215,1.403446959E-06,-9.99711608886719,6.36215,6.36215
6.36225,1.83656113E-07,-9.99699115753174,6.36225,6.36225
6.36235,-1.8319376E-08,-9.99744129180908,6.36235,6.36235
6.36245,-6.1369327E-08,-9.99740600585938,6.36245,6.36245
6.36255,-6.3091889E-08,-9.99734497070313,6.36255,6.36255
6.36265,-9.4526861E-08,-9.99763298034668,6.36265,6.36265
6.36275,-9.328943E-08,-9.99778270721436,6.36275,6.36275
6.36285,-9.0898936E-08,-9.99778652191162,6.36285,6.36285
6.36295,-9.5862724E-08,-9.99791240692139,6.36295,6.36295
6.36305,-4.471194643E-06,-3.63629031181336,6.36305,6.36305
6.36315,3.0653474823E-05,-0.000861172447912,6.36315,6.36315
6.36325,3.9798342186E-05,-0.000636629411019,6.36325,6.36325
6.36335,4.222779171E-05,-0.000138215647894,6.36335,6.36335
6.36345,4.3082647608E-05,0.000179212613148,6.36345,6.36345
6.36355,4.3465286581E-05,-0.000112953683129,6.36355,6.36355
6.36365,4.3664051191E-05,-7.050436125E-06,6.36365,6.36365
6.36375,4.3826581532E-05,0.00012038530258,6.36375,6.36375
6.36385,4.390788672E-05,-0.000104720675154,6.36385,6.36385
6.36395,4.3939089664E-05,0.000107015453978,6.36395,6.36395
6.36405,3.2160103729E-05,-6.35157060623169,6.36405,6.36405
6.36415,1.453070695E-06,-9.99672317504883,6.36415,6.36415
6.36425,2.16630852E-07,-9.99709415435791,6.36425,6.36425
6.36435,1.1055555E-08,-9.99743461608887,6.36435,6.36435
6.36445,-1.83475E-08,-9.99769878387451,6.36445,6.36445
6.36455,-6.4821478E-08,-9.99778270721436,6.36455,6.36455
6.36465,-7.0178992E-08,-9.99770832061768,6.36465,6.36465
6.36475,-8.9000601E-08,-9.9977912902832,6.36475,6.36475
6.36485,-8.432508E-08,-9.99789237976074,6.36485,6.36485
6.36495,-1.0098119E-07,-9.99783802032471,6.36495,6.36495
6.36505,-4.520305083E-06,-3.65611743927002,6.36505,6.36505
6.36515,3.0617065931E-05,-0.001008662977256,6.36515,6.36515
6.36525,3.9834427298E-05,-0.000743377080653,6.36525,6.36525
6.36535,4.2289968405E-05,-0.000289294897811,6.36535,6.36535
6.36545,4.3132073188E-05,-0.000325886067003,6.36545,6.36545
6.36555,4.3548450776E-05,-0.000284720998025,6.36555,6.36555
6.36565,4.3737509259E-05,-0.000130686326884,6.36565,6.36565
6.36575,4.3845255277E-05,3.953291889E-05,6.36575,6.36575
6.36585,4.3921991164E-05,-3.0553215765E-05,6.36585,6.36585
6.36595,4.3975109293E-05,-4.990430898E-05,6.36595,6.36595
6.36605,3.2262920286E-05,-6.33141994476318,6.36605,6.36605
6.36615,1.423309072E-06,-9.99674701690674,6.36615,6.36615
6.36625,2.20300961E-07,-9.99705600738525,6.36625,6.36625
6.36635,3.9256332E-08,-9.99740791320801,6.36635,6.36635
6.36645,-6.9567307E-08,-9.99741172790527,6.36645,6.36645
6.36655,-8.5653916E-08,-9.99784851074219,6.36655,6.36655
6.36665,-7.6246621E-08,-9.99790668487549,6.36665,6.36665
6.36675,-7.2203882E-08,-9.99798393249512,6.36675,6.36675
6.36685,-8.7418663E-08,-9.99796962738037,6.36685,6.36685
6.36695,-1.092776E-07,-9.99802780151367,6.36695,6.36695
6.36705,-4.511432053E-06,-3.67599534988403,6.36705,6.36705
6.36715,3.0643750506E-05,-0.000797560147475,6.36715,6.36715
6.36725,3.9862141421E-05,-0.000487520446768,6.36725,6.36725
6.36735,4.2327475967E-05,-0.000134063971927,6.36735,6.36735
6.36745,4.3188229029E-05,-0.000113868460176,6.36745,6.36745
6.36755,4.3581014324E-05,-0.000168825557921,6.36755,6.36755
6.36765,4.3760086555E-05,2.9188880944E-05,6.36765,6.36765
6.36775,4.3894528062E-05,0.000253168982454,6.36775,6.36775
6.36785,4.398344754E-05,0.000140721531352,6.36785,6.36785
6.36795,4.4043928938E-05,0.000308337184833,6.36795,6.36795
6.36805,3.2389849366E-05,-6.31150245666504,6.36805,6.36805
6.36815,1.442868893E-06,-9.99695873260498,6.36815,6.36815
6.36825,2.04256537E-07,-9.99733352661133,6.36825,6.36825
6.36835,9.248623E-09,-9.99738693237305,6.36835,6.36835
6.36845,-2.2010576E-08,-9.99761295318604,6.36845,6.36845
6.36855,-5.5864163E-08,-9.99773025512695,6.36855,6.36855
6.36865,-8.0507327E-08,-9.9976110458374,6.36865,6.36865
6.36875,-7.899569E-08,-9.99793910980225,6.36875,6.36875
6.36885,-8.4599286E-08,-9.99787712097168,6.36885,6.36885
6.36895,-8.6821039E-08,-9.99794769287109,6.36895,6.36895
6.36905,-4.552541668E-06,-3.69622468948364,6.36905,6.36905
6.36915,3.0614788557E-05,-0.000601586361881,6.36915,6.36915
6.36925,3.9888163883E-05,-0.000178536298336,6.36925,6.36925
6.36935,4.2382605898E-05,-5.6448494433E-05,6.36935,6.36935
6.36945,4.3262109102E-05,-9.442934243E-06,6.36945,6.36945
6.36955,4.3647287384E-05,0.000429650943261,6.36955,6.36955
6.36965,4.3820367864E-05,0.000166053869179,6.36965,6.36965
6.36975,4.3918313168E-05,-3.5971523175E-05,6.36975,6.36975
6.36985,4.4015454478E-05,0.000242121255724,6.36985,6.36985
6.36995,4.4066728151E-05,4.2840198148E-05,6.36995,6.36995
6.37005,3.2445161196E-05,-6.29168605804443,6.37005,6.37005
6.37015,1.410379355E-06,-9.99686241149902,6.37015,6.37015
6.37025,1.81792942E-07,-9.99711990356445,6.37025,6.37025
6.37035,-8.258216E-09,-9.99752521514893,6.37035,6.37035
6.37045,-6.3422334E-08,-9.99763107299805,6.37045,6.37045
6.37055,-9.5890847E-08,-9.99811935424805,6.37055,6.37055
6.37065,-9.2621498E-08,-9.9981050491333,6.37065,6.37065
6.37075,-1.19746545E-07,-9.99845790863037,6.37075,6.37075
6.37085,-1.04742696E-07,-9.99819850921631,6.37085,6.37085
6.37095,-1.205551E-07,-9.99832725524902,6.37095,6.37095
6.37105,-4.579687811E-06,-3.7164740562439,6.37105,6.37105
6.37115,3.0662009522E-05,-0.000738240254577,6.37115,6.37115
6.37125,3.990202822E-05,-0.000614041404333,6.37125,6.37125
6.37135,4.2415973439E-05,-0.000294502096949,6.37135,6.37135
6.37145,4.3280790123E-05,-0.000490405538585,6.37145,6.37145
6.37155,4.3645643018E-05,-0.000136737930006,6.37155,6.37155
6.37165,4.386013461E-05,-0.000183954602107,6.37165,6.37165
6.37175,4.3968324462E-05,-3.5901153751E-05,6.37175,6.37175
6.37185,4.4028587581E-05,-0.000279936008155,6.37185,6.37185
6.37195,4.4084670662E-05,-0.000114501774078,6.37195,6.37195
6.37205,3.2572777855E-05,-6.27206325531006,6.37205,6.37205
6.37215,1.424349648E-06,-9.99722576141357,6.37215,6.37215
6.37225,1.92943887E-07,-9.99750137329102,6.37225,6.37225
6.37235,7.160458E-09,-9.99772453308105,6.37235,6.37235
6.37245,-3.8371386E-08,-9.99795246124268,6.37245,6.37245
6.37255,-7.9030848E-08,-9.9979248046875,6.37255,6.37255
6.37265,-9.1060642E-08,-9.99783229827881,6.37265,6.37265
6.37275,-1.39327497E-07,-9.99776268005371,6.37275,6.37275
6.37285,-1.28598401E-07,-9.99798011779785,6.37285,6.37285
6.37295,-1.11738402E-07,-9.99813938140869,6.37295,6.37295
6.37305,-4.649898074E-06,-3.73632979393005,6.37305,6.37305
6.37315,3.0654118746E-05,-0.0012838706607,6.37315,6.37315
6.37325,3.9948692574E-05,-0.000723463017493,6.37325,6.37325
6.37335,4.2434239731E-05,-0.000212383107282,6.37335,6.37335
6.37345,4.3325675506E-05,-4.962283856E-05,6.37345,6.37345
6.37355,4.371765317E-05,-9.578398749E-05,6.37355,6.37355
6.37365,4.3920212192E-05,-9.1210094979E-05,6.37365,6.37365
6.37375,4.4043175876E-05,6.0643200413E-05,6.37375,6.37375
6.37385,4.4122145482E-05,5.9869158576E-05,6.37385,6.37385
6.37395,4.4154214265E-05,-0.00022554185125,6.37395,6.37395
6.37405,3.2703446777E-05,-6.25161123275757,6.37405,6.37405
6.37415,1.462963155E-06,-9.99710750579834,6.37415,6.37415
6.37425,2.26396708E-07,-9.9973258972168,6.37425,6.37425
6.37435,-1.6906172E-08,-9.99764251708984,6.37435,6.37435
6.37445,-7.7990279E-08,-9.9978084564209,6.37445,6.37445
6.37455,-1.13728134E-07,-9.99781799316406,6.37455,6.37455
6.37465,-1.03814621E-07,-9.99797248840332,6.37465,6.37465
6.37475,-1.18466936E-07,-9.99784183502197,6.37475,6.37475
6.37485,-1.29196025E-07,-9.99794387817383,6.37485,6.37485
6.37495,-1.01227265E-07,-9.99818706512451,6.37495,6.37495
6.37505,-4.665295364E-06,-3.75629425048828,6.37505,6.37505
6.37515,3.0627648812E-05,-0.00104173575528,6.37515,6.37515
6.37525,3.9951708459E-05,-0.000469154503662,6.37525,6.37525
6.37535,4.2484523874E-05,-0.000210272090044,6.37535,6.37535
6.37545,4.3347536121E-05,-0.000238419132074,6.37545,6.37545
6.37555,4.3754669605E-05,-0.000233071186813,6.37555,6.37555
6.37565,4.3958763854E-05,-6.7777677032E-05,6.37565,6.37565
6.37575,4.4100266678E-05,-0.000176847475814,6.37575,6.37575
6.37585,4.4172607886E-05,0.0001866715902,6.37585,6.37585
6.37595,4.4185446313E-05,0.000107015453978,6.37595,6.37595
6.37605,3.2787080272E-05,-6.23173475265503,6.37605,6.37605
6.37615,1.459300051E-06,-9.9967622756958,6.37615,6.37615
6.37625,1.90911962E-07,-9.99694728851318,6.37625,6.37625
6.37635,-1.6920234E-08,-9.99729824066162,6.37635,6.37635
6.37645,-6.5222238E-08,-9.99758529663086,6.37645,6.37645
6.37655,-8.982321E-08,-9.99781608581543,6.37655,6.37655
6.37665,-1.33168456E-07,-9.99797344207764,6.37665,6.37665
6.37675,-1.36318292E-07,-9.99755001068115,6.37675,6.37675
6.37685,-1.16301429E-07,-9.99775123596191,6.37685,6.37685
6.37695,-1.42118751E-07,-9.99763202667236,6.37695,6.37695
6.37705,-4.715411251E-06,-3.77613854408264,6.37705,6.37705
6.37715,3.063548138E-05,-0.000598912360147,6.37715,6.37715
6.37725,4.0016242565E-05,-0.000314627250191,6.37725,6.37725
6.37735,4.2540970753E-05,-2.95145696E-07,6.37735,6.37735
6.37745,4.3437332351E-05,4.6710414608E-05,6.37745,6.37745
6.37755,4.3824311433E-05,-0.000120764489111,6.37755,6.37755
6.37765,4.4003965741E-05,0.000153106229845,6.37765,6.37765
6.37775,4.4143314881E-05,2.3700207748E-05,6.37775,6.37775
6.37785,4.4222433644E-05,0.000256898463704,6.37785,6.37785
6.37795,4.4244461606E-05,0.000419799471274,6.37795,6.37795
6.37805,3.2889056456E-05,-6.21149682998657,6.37805,6.37805
6.37815,1.444422765E-06,-9.99691390991211,6.37815,6.37815
6.37825,1.97752996E-07,-9.99733066558838,6.37825,6.37825
6.37835,-1.1703337E-08,-9.99743556976318,6.37835,6.37835
6.37845,-6.9616526E-08,-9.99789714813232,6.37845,6.37845
6.37855,-1.06387915E-07,-9.99764537811279,6.37855,6.37855
6.37865,-9.6938443E-08,-9.99769401550293,6.37865,6.37865
6.37875,-1.37548682E-07,-9.99770355224609,6.37875,6.37875
6.37885,-1.23845538E-07,-9.99767589569092,6.37885,6.37885
6.37895,-1.14332792E-07,-9.99794673919678,6.37895,6.37895
6.37905,-4.74442777E-06,-3.79605340957642,6.37905,6.37905
6.37915,3.0625378713E-05,-0.000440655625425,6.37915,6.37915
6.37925,4.00420613E-05,4.0377330151E-05,6.37925,6.37925
6.37935,4.2588875658E-05,8.513112698E-05,6.37935,6.37935
6.37945,4.346341666E-05,5.0228794862E-05,6.37945,6.37945
6.37955,4.3871648813E-05,0.000402629782911,6.37955,6.37955
6.37965,4.4060492655E-05,0.000127703533508,6.37965,6.37965
6.37975,4.4163134589E-05,-9.7965385066E-05,6.37975,6.37975
6.37985,4.4232248911E-05,-0.000114501774078,6.37985,6.37985
6.37995,4.4275129767E-05,0.00024606185616,6.37995,6.37995
6.38005,3.3005078876E-05,-6.19156646728516,6.38005,6.38005
6.38015,1.473706334E-06,-9.99659061431885,6.38015,6.38015
6.38025,1.80168811E-07,-9.9969367980957,6.38025,6.38025
6.38035,-3.5692629E-08,-9.99731731414795,6.38035,6.38035
6.38045,-7.5522443E-08,-9.99734401702881,6.38045,6.38045
6.38055,-7.6007574E-08,-9.99779605865479,6.38055,6.38055
6.38065,-1.0830734E-07,-9.99783420562744,6.38065,6.38065
6.38075,-1.25568107E-07,-9.99778747558594,6.38075,6.38075
6.38085,-1.2821873E-07,-9.99778747558594,6.38085,6.38085
6.38095,-1.33463757E-07,-9.99760341644287,6.38095,6.38095
6.38105,-4.78605034E-06,-3.81592702865601,6.38105,6.38105
6.38115,3.0632527341E-05,-0.000804174691439,6.38115,6.38115
6.38125,4.0048664232E-05,-0.000397661031457,6.38125,6.38125
6.38135,4.2608535296E-05,-1.676116517E-05,6.38135,6.38135
6.38145,4.3500964239E-05,1.1034038835E-05,6.38145,6.38145
6.38155,4.3887856009E-05,0.000161691088579,6.38155,6.38155
6.38165,4.4110649469E-05,0.000505155359861,6.38165,6.38165
6.38175,4.4249496568E-05,0.000400378019549,6.38175,6.38175
6.38185,4.4338190492E-05,0.000632661452983,6.38185,6.38185
6.38195,4.4375672587E-05,0.000374412367819,6.38195,6.38195
6.38205,3.3123520552E-05,-6.17113971710205,6.38205,6.38205
6.38215,1.446686724E-06,-9.99693298339844,6.38215,6.38215
6.38225,1.85174784E-07,-9.99756813049316,6.38225,6.38225
6.38235,4.383269E-09,-9.99766540527344,6.38235,6.38235
6.38245,-3.9201026E-08,-9.99784564971924,6.38245,6.38245
6.38255,-8.4803183E-08,-9.99817276000977,6.38255,6.38255
6.38265,-7.5416985E-08,-9.99801540374756,6.38265,6.38265
6.38275,-1.0517158E-07,-9.99808216094971,6.38275,6.38275
6.38285,-1.15661621E-07,-9.99770069122314,6.38285,6.38285
6.38295,-1.09748669E-07,-9.99806118011475,6.38295,6.38295
6.38305,-4.779532901E-06,-3.8363196849823,6.38305,6.38305
6.38315,3.0667859392E-05,-0.001006692647934,6.38315,6.38315
6.38325,4.01496618E-05,-0.000771946331952,6.38325,6.38325
6.38335,4.2694158765E-05,-0.000402094185119,6.38335,6.38335
6.38345,4.3546275265E-05,-0.000124986545416,6.38345,6.38345
6.38355,4.3969303078E-05,-9.0295317932E-05,6.38355,6.38355
6.38365,4.4208314648E-05,-2.077211866E-05,6.38365,6.38365
6.38375,4.4299518777E-05,-0.000125056918478,6.38375,6.38375
6.38385,4.4370470277E-05,0.000233325306908,6.38385,6.38385
6.38395,4.4416050514E-05,0.000364209059626,6.38395,6.38395
6.38405,3.323450801E-05,-6.15143918991089,6.38405,6.38405
6.38415,1.487374334E-06,-9.99703216552734,6.38415,6.38415
6.38425,1.79683681E-07,-9.99700260162354,6.38425,6.38425
6.38435,1.5077205E-08,-9.99765968322754,6.38435,6.38435
6.38445,-2.596895E-08,-9.99765491485596,6.38445,6.38445
6.38455,-4.5486615E-08,-9.9977445602417,6.38455,6.38455
6.38465,-6.9349355E-08,-9.99817848205566,6.38465,6.38465
6.38475,-6.0863101E-08,-9.99783229827881,6.38475,6.38475
6.38485,-6.6972923E-08,-9.99810314178467,6.38485,6.38485
6.38495,-8.7819416E-08,-9.99809551239014,6.38495,6.38495
6.38505,-4.792153049E-06,-3.85628461837769,6.38505,6.38505
6.38515,3.066976933E-05,-0.000882141990587,6.38515,6.38515
6.38525,4.0177157643E-05,-0.000479920738144,6.38525,6.38525
6.38535,4.2737319745E-05,0.000125381397083,6.38535,6.38535
6.38545,4.3649983127E-05,-3.9771373849E-05,6.38545,6.38545
6.38555,4.4017750042E-05,0.000113911482913,6.38555,6.38555
6.38565,4.4240088755E-05,2.496682464E-05,6.38565,6.38565
6.38575,4.4374693971E-05,0.000319666374708,6.38575,6.38575
6.38585,4.4446696847E-05,0.000132981105708,6.38585,6.38585
6.38595,4.4476633775E-05,5.5295262428E-05,6.38595,6.38595
6.38605,3.3350948797E-05,-6.13149499893188,6.38605,6.38605
6.38615,1.465698119E-06,-9.99677276611328,6.38615,6.38615
6.38625,2.15175461E-07,-9.99707508087158,6.38625,6.38625
6.38635,7.765112E-09,-9.9978084564209,6.38635,6.38635
6.38645,-6.9405601E-08,-9.99785232543945,6.38645,6.38645
6.38655,-7.996595E-08,-9.99777221679688,6.38655,6.38655
6.38665,-7.1711717E-08,-9.99764919281006,6.38665,6.38665
6.38675,-4.9325465E-08,-9.99768733978271,6.38675,6.38675
6.38685,-8.457819E-08,-9.99800586700439,6.38685,6.38685
6.38695,-7.2492149E-08,-9.99789524078369,6.38695,6.38695
6.38705,-4.821661605E-06,-3.87593913078308,6.38705,6.38705
6.38715,3.0700270145E-05,-0.00069974915823,6.38715,6.38715
6.38725,4.0220329538E-05,-0.000271843746305,6.38725,6.38725
6.38735,4.277572225E-05,-0.000193454223336,6.38735,6.38735
6.38745,4.3686013669E-05,7.4646355642E-05,6.38745,6.38745
6.38755,4.4085794798E-05,0.000130236760015,6.38755,6.38755
6.38765,4.4301086746E-05,0.000492278079037,6.38765,6.38765
6.38775,4.4409272959E-05,9.9134282209E-05,6.38775,6.38775
6.38785,4.4470089051E-05,0.00028849352384,6.38785,6.38785
6.38795,4.4524240366E-05,0.000167813064763,6.38795,6.38795
6.38805,3.3498727134E-05,-6.11171531677246,6.38805,6.38805
6.38815,1.553619086E-06,-9.99705410003662,6.38815,6.38815
6.38825,2.48030659E-07,-9.99715900421143,6.38825,6.38825
6.38835,6.1333232E-08,-9.99759578704834,6.38835,6.38835
6.38845,-1.4810976E-08,-9.99765300750732,6.38845,6.38845
6.38855,-6.5426136E-08,-9.99733638763428,6.38855,6.38855
6.38865,-1.18565367E-07,-9.99769973754883,6.38865,6.38865
6.38875,-8.4929738E-08,-9.99765491485596,6.38875,6.38875
6.38885,-1.21855805E-07,-9.99767303466797,6.38885,6.38885
6.38895,-1.01072587E-07,-9.99771404266357,6.38895,6.38895
6.38905,-4.909505151E-06,-3.89574933052063,6.38905,6.38905
6.38915,3.0669722037E-05,-0.000398927630158,6.38915,6.38915
6.38925,4.0245926357E-05,-0.000112250010716,6.38925,6.38925
6.38935,4.2819039663E-05,-1.162433E-05,6.38935,6.38935
6.38945,4.37154049E-05,0.000279204978142,6.38945,6.38945
6.38955,4.4127966248E-05,0.000237265892792,6.38955,6.38955
6.38965,4.4325301133E-05,0.000326562381815,6.38965,6.38965
6.38975,4.4448770495E-05,0.000248524709605,6.38975,6.38975
6.38985,4.4531319872E-05,0.000155287634698,6.38985,6.38985
6.38995,4.4584881834E-05,0.000297782040434,6.38995,6.38995
6.39005,3.3562413591E-05,-6.09152364730835,6.39005,6.39005
6.39015,1.503566295E-06,-9.99702453613281,6.39015,6.39015
6.39025,2.24006214E-07,-9.99724674224854,6.39025,6.39025
6.39035,9.881401E-09,-9.99733829498291,6.39035,6.39035
6.39045,-2.7382153E-08,-9.99753761291504,6.39045,6.39045
6.39055,-2.252383E-08,-9.99776649475098,6.39055,6.39055
6.39065,-5.5069677E-08,-9.99777603149414,6.39065,6.39065
6.39075,-9.0554423E-08,-9.99799251556396,6.39075,6.39075
6.39085,-1.09502587E-07,-9.99798583984375,6.39085,6.39085
6.39095,-8.6764793E-08,-9.9979076385498,6.39095,6.39095
6.39105,-4.881037512E-06,-3.9159152507782,6.39105,6.39105
6.39115,3.069075683E-05,-0.000440796371549,6.39115,6.39115
6.39125,4.0291452024E-05,-0.000247918767855,6.39125,6.39125
6.39135,4.2896630475E-05,-0.000231452737353,6.39135,6.39135
6.39145,4.3773656216E-05,-0.000146448670421,6.39145,6.39145
6.39155,4.4180866098E-05,-0.000108239051769,6.39155,6.39155
6.39165,4.4402218919E-05,-4.406379594E-05,6.39165,6.39165
6.39175,4.4494452595E-05,-7.3336719652E-05,6.39175,6.39175
6.39185,4.4561504183E-05,0.000186882694834,6.39185,6.39185
6.39195,4.4582273404E-05,0.000400870572776,6.39195,6.39195
6.39205,3.367660247E-05,-6.07182788848877,6.39205,6.39205
6.39215,1.522985599E-06,-9.99715518951416,6.39215,6.39215
6.39225,1.83937345E-07,-9.99731826782227,6.39225,6.39225
6.39235,1.992777E-09,-9.99793338775635,6.39235,6.39235
6.39245,-2.9547659E-08,-9.99793434143066,6.39245,6.39245
6.39255,-1.00910881E-07,-9.99810981750488,6.39255,6.39255
6.39265,-1.10022874E-07,-9.99811840057373,6.39265,6.39265
6.39275,-9.6509559E-08,-9.9984884262085,6.39275,6.39275
6.39285,-1.09404155E-07,-9.99866199493408,6.39285,6.39285
6.39295,-1.05565306E-07,-9.99858283996582,6.39295,6.39295
6.39305,-4.93951984E-06,-3.93596196174622,6.39305,6.39305
6.39315,3.0701383366E-05,-0.000916199933272,6.39315,6.39315
6.39325,4.0336715756E-05,-0.000250240875175,6.39325,6.39325
6.39335,4.2928320909E-05,9.5686271379E-05,6.39335,6.39335
6.39345,4.3829775677E-05,0.000174990564119,6.39345,6.39345
6.39355,4.4243097364E-05,0.000327054964146,6.39355,6.39355
6.39365,4.4407050154E-05,0.000502762850374,6.39365,6.39365
6.39375,4.4516647904E-05,0.000572497199755,6.39375,6.39375
6.39385,4.4634485675E-05,0.00043598402408,6.39385,6.39385
6.39395,4.4683361921E-05,0.000537735584658,6.39395,6.39395
6.39405,3.379480404E-05,-6.05157947540283,6.39405,6.39405
6.39415,1.539648679E-06,-9.99666976928711,6.39415,6.39415
6.39425,2.38946797E-07,-9.99711513519287,6.39425,6.39425
6.39435,9.614229E-09,-9.99752426147461,6.39435,6.39435
6.39445,-5.0731636E-08,-9.99758720397949,6.39445,6.39445
6.39455,-6.3260629E-08,-9.997802734375,6.39455,6.39455
6.39465,-4.364453E-08,-9.9977970123291,6.39465,6.39465
6.39475,-8.599843E-08,-9.99766635894775,6.39475,6.39475
6.39485,-7.5712279E-08,-9.99777317047119,6.39485,6.39485
6.39495,-9.1306724E-08,-9.99804401397705,6.39495,6.39495
6.39505,-4.953602911E-06,-3.95597434043884,6.39505,6.39505
6.39515,3.0672465073E-05,-0.000590468291193,6.39515,6.39515
6.39525,4.0340099076E-05,-0.000175229011802,6.39525,6.39525
6.39535,4.2934789235E-05,4.0729169996E-05,6.39535,6.39535
6.39545,4.3839914724E-05,0.000107226558612,6.39545,6.39545
6.39555,4.4263135351E-05,5.0369530072E-05,6.39555,6.39555
6.39565,4.4475047616E-05,3.7281155528E-05,6.39565,6.39565
6.39575,4.4609158067E-05,-4.869039913E-06,6.39575,6.39575
6.39585,4.4650078053E-05,7.726761396E-06,6.39585,6.39585
6.39595,4.4707030611E-05,-0.000250944547588,6.39595,6.39595
6.39605,3.3898431866E-05,-6.03227710723877,6.39605,6.39605
6.39615,1.520679461E-06,-9.99724292755127,6.39615,6.39615
6.39625,1.90454955E-07,-9.99754524230957,6.39625,6.39625
6.39635,-1.36087E-08,-9.99772071838379,6.39635,6.39635
6.39645,-4.1155605E-08,-9.99803447723389,6.39645,6.39645
6.39655,-8.4964888E-08,-9.99824333190918,6.39655,6.39655
6.39665,-1.31614641E-07,-9.99830627441406,6.39665,6.39665
6.39675,-1.28886668E-07,-9.99826622009277,6.39675,6.39675
6.39685,-1.36184696E-07,-9.9980001449585,6.39685,6.39685
6.39695,-1.08265155E-07,-9.99804210662842,6.39695,6.39695
6.39705,-5.049960691E-06,-3.97591066360474,6.39705,6.39705
6.39715,3.0688199331E-05,-0.00065372872632,6.39715,6.39715
6.39725,4.0371323848E-05,-0.0004519848153,6.39725,6.39725
6.39735,4.299298962E-05,-0.000141663666,6.39735,6.39735
6.39745,4.3880623707E-05,-0.000167207108461,6.39745,6.39745
6.39755,4.4306234486E-05,-0.000229693541769,6.39755,6.39755
6.39765,4.4494921895E-05,0.000284201087197,6.39765,6.39765
6.39775,4.460969285E-05,-5.994922049E-06,6.39775,6.39775
6.39785,4.4697768317E-05,-0.000120553384477,6.39785,6.39785
6.39795,4.4730477384E-05,-0.00021597185696,6.39795,6.39795
6.39805,3.3961423469E-05,-6.01192951202393,6.39805,6.39805
6.39815,1.502532768E-06,-9.99716567993164,6.39815,6.39815
6.39825,2.03539386E-07,-9.99734401702881,6.39825,6.39825
6.39835,-1.7721753E-08,-9.99776172637939,6.39835,6.39835
6.39845,-7.3082738E-08,-9.99776840209961,6.39845,6.39845
6.39855,-9.9617203E-08,-9.99777317047119,6.39855,6.39855
6.39865,-8.514769E-08,-9.99790573120117,6.39865,6.39865
6.39875,-1.1420623E-07,-9.99805450439453,6.39875,6.39875
6.39885,-1.25666531E-07,-9.99778270721436,6.39885,6.39885
6.39895,-1.20084039E-07,-9.99803638458252,6.39895,6.39895
6.39905,-5.060647709E-06,-3.99608445167542,6.39905,6.39905
6.39915,3.0668386898E-05,-0.000548318086658,6.39915,6.39915
6.39925,4.042693763E-05,-0.00011752757564,6.39925,6.39925
6.39935,4.3021660531E-05,4.771321983E-06,6.39935,6.39935
6.39945,4.3916737923E-05,0.000391793146264,6.39945,6.39945
6.39955,4.4309363147E-05,0.000379549193894,6.39955,6.39955
6.39965,4.4546184654E-05,0.000368994049495,6.39965,6.39965
6.39975,4.4648906623E-05,0.000529432203621,6.39975,6.39975
6.39985,4.4744447223E-05,0.000335428718245,6.39985,6.39985
6.39995,4.4786160288E-05,0.000410722044762,6.39995,6.39995
6.40005,3.4103184589E-05,-5.99154186248779,6.40005,6.40005
6.40015,1.533735713E-06,-9.99697399139404,6.40015,6.40015
6.40025,1.91228352E-07,-9.99738121032715,6.40025,6.40025
6.40035,3.012251E-09,-9.99775981903076,6.40035,6.40035
6.40045,-5.9492088E-08,-9.99806022644043,6.40045,6.40045
6.40055,-1.01789738E-07,-9.99796390533447,6.40055,6.40055
6.40065,-1.188466E-07,-9.99796104431152,6.40065,6.40065
6.40075,-7.745593E-08,-9.99802207946777,6.40075,6.40075
6.40085,-1.08954183E-07,-9.99809455871582,6.40085,6.40085
6.40095,-1.14965566E-07,-9.99777030944824,6.40095,6.40095
6.40105,-5.054073881E-06,-4.01603937149048,6.40105,6.40105
6.40115,3.0711358704E-05,-0.000794956518803,6.40115,6.40115
6.40125,4.0476996219E-05,-0.000410538283177,6.40125,6.40125
6.40135,4.3070125685E-05,0.000191104743863,6.40135,6.40135
6.40145,4.396179429E-05,0.000215381573071,6.40145,6.40145
6.40155,4.4377105951E-05,0.000246272946242,6.40155,6.40155
6.40165,4.4599040848E-05,0.000212355764234,6.40165,6.40165
6.40175,4.4707627239E-05,7.5983341958E-05,6.40175,6.40175
6.40185,4.4816435548E-05,0.000107437663246,6.40185,6.40185
6.40195,4.4861291826E-05,0.000287367642159,6.40195,6.40195
6.40205,3.4225471609E-05,-5.97179508209229,6.40205,6.40205
6.40215,1.540836934E-06,-9.99727058410645,6.40215,6.40215
6.40225,2.22072728E-07,-9.99816513061523,6.40225,6.40225
6.40235,1.2405479E-08,-9.99837017059326,6.40235,6.40235
6.40245,-5.8838218E-08,-9.99799823760986,6.40245,6.40245
6.40255,-6.6466697E-08,-9.9980354309082,6.40255,6.40255
6.40265,-7.8130896E-08,-9.99821949005127,6.40265,6.40265
6.40275,-6.555269E-08,-9.99819374084473,6.40275,6.40275
6.40285,-1.05396566E-07,-9.99798107147217,6.40285,6.40285
6.40295,-7.3694423E-08,-9.99800682067871,6.40295,6.40295
6.40305,-5.068058272E-06,-4.03612518310547,6.40305,6.40305
6.40315,3.069635568E-05,-0.00084055471234,6.40315,6.40315
6.40325,4.0508257371E-05,-0.00051510456251,6.40325,6.40325
6.40335,4.3128045945E-05,4.6147473768E-05,6.40335,6.40335
6.40345,4.4030344725E-05,0.000386445230106,6.40345,6.40345
6.40355,4.4423431973E-05,0.000566164089832,6.40355,6.40355
6.40365,4.4676409743E-05,0.000321707018884,6.40365,6.40365
6.40375,4.4812753913E-05,0.000101737881778,6.40375,6.40375
6.40385,4.4852913561E-05,-4.6245193516E-05,6.40385,6.40385
6.40395,4.4908454583E-05,-1.9998075004E-05,6.40395,6.40395
6.40405,3.4318760299E-05,-5.95202159881592,6.40405,6.40405
6.40415,1.540900257E-06,-9.99732398986816,6.40415,6.40415
6.40425,2.14106763E-07,-9.99748134613037,6.40425,6.40425
6.40435,7.153428E-09,-9.99765300750732,6.40435,6.40435
6.40445,-3.2310787E-08,-9.99787998199463,6.40445,6.40445
6.40455,-8.43743E-08,-9.99769973754883,6.40455,6.40455
6.40465,-9.939221E-08,-9.99789810180664,6.40465,6.40465
6.40475,-8.7924882E-08,-9.99783229827881,6.40475,6.40475
6.40485,-1.08040169E-07,-9.99786472320557,6.40485,6.40485
6.40495,-1.08075326E-07,-9.99806690216064,6.40495,6.40495
6.40505,-5.151627192E-06,-4.05601978302002,6.40505,6.40505
6.40515,3.0695038731E-05,-0.000641836610157,6.40515,6.40515
6.40525,4.0514809371E-05,-0.000421937846113,6.40525,6.40525
6.40535,4.3129839469E-05,-0.000501101429109,6.40535,6.40535
6.40545,4.4055923354E-05,-0.000261147855781,6.40545,6.40545
6.40555,4.4474294555E-05,-4.990430898E-05,6.40555,6.40555
6.40565,4.4703076128E-05,0.00012995529687,6.40565,6.40565
6.40575,4.4824049837E-05,0.00021059656865,6.40575,6.40575
6.40585,4.4882483053E-05,0.000139243813464,6.40585,6.40585
6.40595,4.4904372771E-05,0.000274771824479,6.40595,6.40595
6.40605,3.4413322282E-05,-5.93156003952026,6.40605,6.40605
6.40615,1.560298301E-06,-9.99725151062012,6.40615,6.40615
6.40625,1.98442009E-07,-9.99760246276855,6.40625,6.40625
6.40635,1.5049082E-08,-9.99786758422852,6.40635,6.40635
6.40645,-7.2161697E-08,-9.99804401397705,6.40645,6.40645
6.40655,-7.3342882E-08,-9.99818515777588,6.40655,6.40655
6.40665,-1.05734046E-07,-9.99808311462402,6.40665,6.40665
6.40675,-9.8203998E-08,-9.99813652038574,6.40675,6.40675
6.40685,-1.08525299E-07,-9.99795341491699,6.40685,6.40685
6.40695,-9.5110423E-08,-9.99818992614746,6.40695,6.40695
6.40705,-5.158882686E-06,-4.07635164260864,6.40705,6.40705
6.40715,3.0704264645E-05,-0.001057779532857,6.40715,6.40715
6.40725,4.0579991037E-05,-0.000889882445335,6.40725,6.40725
6.40735,4.3239513616E-05,-0.000270577118499,6.40735,6.40735
6.40745,4.4132728362E-05,-7.2421942605E-05,6.40745,6.40745
6.40755,4.4525113481E-05,-4.8848793085E-05,6.40755,6.40755
6.40765,4.4727494242E-05,2.4474251404E-05,6.40765,6.40765
6.40775,4.4875770982E-05,6.4161584305E-05,6.40775,6.40775
6.40785,4.4946304115E-05,0.000219814726734,6.40785,6.40785
6.40795,4.5000495447E-05,0.000233606784604,6.40795,6.40795
6.40805,3.4541262721E-05,-5.91183042526245,6.40805,6.40805
6.40815,1.560319447E-06,-9.99714660644531,6.40815,6.40815
6.40825,2.10703831E-07,-9.99740314483643,6.40825,6.40825
6.40835,2.5039933E-08,-9.99792671203613,6.40835,6.40835
6.40845,-6.1580252E-08,-9.99801635742188,6.40845,6.40845
6.40855,-8.440945E-08,-9.99803829193115,6.40855,6.40855
6.40865,-1.13460963E-07,-9.99802589416504,6.40865,6.40865
6.40875,-1.15281956E-07,-9.99798583984375,6.40875,6.40875
6.40885,-1.37787737E-07,-9.99806690216064,6.40885,6.40885
6.40895,-1.5433838E-07,-9.9979887008667,6.40895,6.40895
6.40905,-5.198002782E-06,-4.09601449966431,6.40905,6.40905
6.40915,3.0661060009E-05,-0.00062980374787,6.40915,6.40915
6.40925,4.0568094846E-05,-0.000445440615295,6.40925,6.40925
6.40935,4.3231560994E-05,6.2754232204E-05,6.40935,6.40935
6.40945,4.414549403E-05,0.000278430932667,6.40945,6.40945
6.40955,4.4577020162E-05,0.000341621052939,6.40955,6.40955
6.40965,4.4763655751E-05,0.000507688615471,6.40965,6.40965
6.40975,4.4901466026E-05,0.000361323996913,6.40975,6.40975
6.40985,4.4992495532E-05,0.000149798957864,6.40985,6.40985
6.40995,4.5015436626E-05,0.00013523286907,6.40995,6.40995
6.41005,3.463970279E-05,-5.89167594909668,6.41005,6.41005
6.41015,1.577552098E-06,-9.99715709686279,6.41015,6.41015
6.41025,2.0779305E-07,-9.99749374389648,6.41025,6.41025
6.41035,8.658032E-09,-9.99800586700439,6.41035,6.41035
6.41045,-6.3513738E-08,-9.99821758270264,6.41045,6.41045
6.41055,-4.1605581E-08,-9.99843406677246,6.41055,6.41055
6.41065,-5.7650002E-08,-9.99825096130371,6.41065,6.41065
6.41075,-5.4261129E-08,-9.9982271194458,6.41075,6.41075
6.41085,-9.1637176E-08,-9.99806880950928,6.41085,6.41085
6.41095,-9.7915731E-08,-9.99819183349609,6.41095,6.41095
6.41105,-5.228966529E-06,-4.11640119552612,6.41105,6.41105
6.41115,3.0708222766E-05,-0.000979812233709,6.41115,6.41115
6.41125,4.0626000555E-05,-0.000642258848529,6.41125,6.41125
6.41135,4.3323110731E-05,-0.000243696689722,6.41135,6.41135
6.41145,4.4221815187E-05,0.000189908489119,6.41145,6.41145
6.41155,4.4607375457E-05,0.000159861519933,6.41155,6.41155
6.41165,4.4812401029E-05,5.381754454E-05,6.41165,6.41165
6.41175,4.496735346E-05,-4.657937097E-06,6.41175,6.41175
6.41185,4.5030461479E-05,0.000102019352198,6.41185,6.41185
6.41195,4.5082048018E-05,-9.1069356131E-05,6.41195,6.41195
6.41205,3.4737586248E-05,-5.87207555770874,6.41205,6.41205
6.41215,1.573523377E-06,-9.99709129333496,6.41215,6.41215
6.41225,1.98174845E-07,-9.9975414276123,6.41225,6.41225
6.41235,-2.5308049E-08,-9.99787521362305,6.41235,6.41235
6.41245,-6.7408834E-08,-9.99804306030273,6.41245,6.41245
6.41255,-9.0716135E-08,-9.9979829788208,6.41255,6.41255
6.41265,-8.4901615E-08,-9.99808502197266,6.41265,6.41265
6.41275,-7.4179553E-08,-9.99793434143066,6.41275,6.41275
6.41285,-9.5574457E-08,-9.99794769287109,6.41285,6.41285
6.41295,-9.8021196E-08,-9.99810123443604,6.41295,6.41295
6.41305,-5.206453807E-06,-4.13625144958496,6.41305,6.41305
6.41315,3.0683368095E-05,-0.000973549496848,6.41315,6.41315
6.41325,4.0638715291E-05,-0.000539522094186,6.41325,6.41325
6.41335,4.3298594392E-05,-0.00021062392625,6.41335,6.41335
6.41345,4.4248168706E-05,-2.3797925678E-05,6.41345,6.41345
6.41355,4.4654523663E-05,4.0095859731E-05,6.41355,6.41355
6.41365,4.4845353841E-05,9.653068264E-05,6.41365,6.41365
6.41375,4.4984466513E-05,-2.9286598874E-05,6.41375,6.41375
6.41385,4.5077824325E-05,6.6905915446E-05,6.41385,6.41385
6.41395,4.5104763558E-05,3.6366378481E-05,6.41395,6.41395
6.41405,3.4847991628E-05,-5.85177516937256,6.41405,6.41405
6.41415,1.608424554E-06,-9.99727535247803,6.41415,6.41415
6.41425,2.42982509E-07,-9.99752807617188,6.41425,6.41425
6.41435,3.0559157E-08,-9.99743556976318,6.41435,6.41435
6.41445,-3.8997133E-08,-9.99775505065918,6.41445,6.41445
6.41455,-6.2367711E-08,-9.9978551864624,6.41455,6.41455
6.41465,-6.9729019E-08,-9.99802589416504,6.41465,6.41465
6.41475,-6.5243327E-08,-9.9980936050415,6.41475,6.41475
6.41485,-1.11597785E-07,-9.99827671051025,6.41485,6.41485
6.41495,-8.4669594E-08,-9.99811458587646,6.41495,6.41495
6.41505,-5.271468126E-06,-4.15639686584473,6.41505,6.41505
6.41515,3.0658986361E-05,-0.001088107936084,6.41515,6.41515
6.41525,4.0693561459E-05,-0.001024214201607,6.41525,6.41525
6.41535,4.3403044401E-05,-0.000490616599564,6.41535,6.41535
6.41545,4.4309716031E-05,-0.000254251848673,6.41545,6.41545
6.41555,4.4712240197E-05,-0.000455292087281,6.41555,6.41555
6.41565,4.4931512093E-05,-0.000493290601298,6.41565,6.41565
6.41575,4.5019009121E-05,-0.000522070971783,6.41575,6.41575
6.41585,4.5119311835E-05,-7.164789713E-05,6.41585,6.41585
6.41595,4.5149299694E-05,0.000200956215849,6.41595,6.41595
6.41605,3.4974626033E-05,-5.83183813095093,6.41605,6.41605
6.41615,1.589047542E-06,-9.99685382843018,6.41615,6.41615
6.41625,2.0713918E-07,-9.9971981048584,6.41625,6.41625
6.41635,-6.437224E-09,-9.9972620010376,6.41635,6.41635
6.41645,-4.715293E-08,-9.9977502822876,6.41645,6.41645
6.41655,-5.8528858E-08,-9.99788284301758,6.41655,6.41655
6.41665,-6.9272012E-08,-9.99769973754883,6.41665,6.41665
6.41675,-7.3511622E-08,-9.99781894683838,6.41675,6.41675
6.41685,-7.6823156E-08,-9.99774932861328,6.41685,6.41685
6.41695,-7.9431601E-08,-9.99737644195557,6.41695,6.41695
6.41705,-5.258179499E-06,-4.1762261390686,6.41705,6.41705
6.41715,3.0692001019E-05,-0.001123010297306,6.41715,6.41715
6.41725,4.072300726E-05,-0.000838654814288,6.41725,6.41725
6.41735,4.3416643166E-05,-0.000648732646368,6.41735,6.41735
6.41745,4.4338070438E-05,-0.000569428375456,6.41745,6.41745
6.41755,4.4763197366E-05,-0.0002270899422,6.41755,6.41755
6.41765,4.4991378672E-05,-0.000442907388788,6.41765,6.41765
6.41775,4.5127289923E-05,-0.00035860700882,6.41775,6.41775
6.41785,4.5172368118E-05,-0.000201968709007,6.41785,6.41785
6.41795,4.5227501687E-05,-9.8457960121E-05,6.41795,6.41795
6.41805,3.5108438169E-05,-5.81200075149536,6.41805,6.41805
6.41815,1.627654001E-06,-9.99727153778076,6.41815,6.41815
6.41825,2.43495748E-07,-9.99751091003418,6.41825,6.41825
6.41835,-7.027816E-09,-9.9975471496582,6.41835,6.41835
6.41845,-4.5219444E-08,-9.99746990203857,6.41845,6.41845
6.41855,-4.2955506E-08,-9.99763584136963,6.41855,6.41855
6.41865,-3.5109068E-08,-9.99783229827881,6.41865,6.41865
6.41875,-7.8763669E-08,-9.99781227111816,6.41875,6.41875
6.41885,-7.2499176E-08,-9.99770259857178,6.41885,6.41885
6.41895,-8.2208793E-08,-9.99814701080322,6.41895,6.41895
6.41905,-5.337909442E-06,-4.19620227813721,6.41905,6.41905
6.41915,3.0665250961E-05,-0.00108796718996,6.41915,6.41915
6.41925,4.0754654037E-05,-0.000847661867738,6.41925,6.41925
6.41935,4.3479496526E-05,-0.000360366189852,6.41935,6.41935
6.41945,4.439892291E-05,-2.590895383E-05,6.41945,6.41945
6.41955,4.4833563152E-05,1.5467197954E-05,6.41955,6.41955
6.41965,4.5059536205E-05,-3.5619683331E-05,6.41965,6.41965
6.41975,4.5171305828E-05,-7.959944196E-05,6.41975,6.41975
6.41985,4.5250213589E-05,7.9360987002E-05,6.41985,6.41985
6.41995,4.5276072342E-05,7.9149882367E-05,6.41995,6.41995
6.42005,3.5198059777E-05,-5.79168081283569,6.42005,6.42005
6.42015,1.615778842E-06,-9.99685764312744,6.42015,6.42015
6.42025,2.06773578E-07,-9.997389793396,6.42025,6.42025
6.42035,2.9181109E-08,-9.99754428863525,6.42035,6.42035
6.42045,-6.458316E-09,-9.99772834777832,6.42045,6.42045
6.42055,-8.2272074E-08,-9.99771595001221,6.42055,6.42055
6.42065,-5.4943122E-08,-9.99787616729736,6.42065,6.42065
6.42075,-4.8924704E-08,-9.99787998199463,6.42075,6.42075
6.42085,-3.5566075E-08,-9.99766445159912,6.42085,6.42085
6.42095,-8.2447841E-08,-9.99776077270508,6.42095,6.42095
6.42105,-5.331588909E-06,-4.21589040756226,6.42105,6.42105
6.42115,3.0695075111E-05,-0.000759069051128,6.42115,6.42115
6.42125,4.0789062041E-05,-0.000681453559082,6.42125,6.42125
6.42135,4.3495845603E-05,-0.000104931779788,6.42135,6.42135
6.42145,4.4441585487E-05,4.424755025E-05,6.42145,6.42145
6.42155,4.4852728024E-05,0.000194341657334,6.42155,6.42155
6.42165,4.5061355195E-05,5.9095113102E-05,6.42165,6.42165
6.42175,4.5171502279E-05,0.000426414015237,6.42175,6.42175
6.42185,4.5230899559E-05,0.000335639808327,6.42185,6.42185
6.42195,4.5280205086E-05,0.000142058517667,6.42195,6.42195
6.42205,3.5287717765E-05,-5.77148914337158,6.42205,6.42205
6.42215,1.611574362E-06,-9.99680519104004,6.42215,6.42215
6.42225,2.2553894E-07,-9.99732208251953,6.42225,6.42225
6.42235,9.719691E-09,-9.99777317047119,6.42235,6.42235
6.42245,-3.4356766E-08,-9.9977912902832,6.42245,6.42245
6.42255,-5.9527242E-08,-9.99790573120117,6.42255,6.42255
6.42265,-7.8918355E-08,-9.99812412261963,6.42265,6.42265
6.42275,-7.8890224E-08,-9.9979419708252,6.42275,6.42275
6.42285,-1.03385744E-07,-9.99801826477051,6.42285,6.42285
6.42295,-7.9712841E-08,-9.99829578399658,6.42295,6.42295
6.42305,-5.386380508E-06,-4.23627233505249,6.42305,6.42305
6.42315,3.0678089388E-05,-0.000934917712584,6.42315,6.42315
6.42325,4.0846181946E-05,-0.000679061107803,6.42325,6.42325
6.42335,4.3561638449E-05,-0.000595745805185,6.42335,6.42335
6.42345,4.4487362175E-05,-0.000175932698767,6.42345,6.42345
6.42355,4.488291961E-05,-0.000140256321174,6.42355,6.42355
6.42365,4.5121159928E-05,-0.000163196149515,6.42365,6.42365
6.42375,4.5225035137E-05,2.8555572499E-05,6.42375,6.42375
6.42385,4.5279630285E-05,-0.000283735862467,6.42385,6.42385
6.42395,4.5380191295E-05,0.000311081501422,6.42395,6.42395
6.42405,3.5468685383E-05,-5.7519063949585,6.42405,6.42405
6.42415,1.656635163E-06,-9.9971981048584,6.42415,6.42415
6.42425,2.46772146E-07,-9.99763011932373,6.42425,6.42425
6.42435,4.3390475E-08,-9.99804878234863,6.42435,6.42435
6.42445,-1.5303137E-08,-9.99818992614746,6.42445,6.42445
6.42455,-3.8385448E-08,-9.99805355072021,6.42455,6.42455
6.42465,-4.9817626E-08,-9.99804401397705,6.42465,6.42465
6.42475,-6.3190321E-08,-9.99805545806885,6.42475,6.42475
6.42485,-5.854292E-08,-9.99807167053223,6.42485,6.42485
6.42495,-7.1282841E-08,-9.99833965301514,6.42495,6.42495
6.42505,-5.397003861E-06,-4.25621604919434,6.42505,6.42505
6.42515,3.0678565963E-05,-0.001006974140182,6.42515,6.42515
6.42525,4.0823288145E-05,-0.000506519689225,6.42525,6.42525
6.42535,4.3594136514E-05,-6.6018488724E-05,6.42535,6.42535
6.42545,4.454471491E-05,-7.9740173533E-05,6.42545,6.42545
6.42555,4.4908454583E-05,0.000164505792782,6.42555,6.42555
6.42565,4.5142456656E-05,0.000265131471679,6.42565,6.42565
6.42575,4.5257973397E-05,0.000180127404747,6.42575,6.42575
6.42585,4.5356671762E-05,0.000279697560472,6.42585,6.42585
6.42595,4.5374265028E-05,0.000358861114364,6.42595,6.42595
6.42605,3.5507233406E-05,-5.73176050186157,6.42605,6.42605
6.42615,1.63659729E-06,-9.99707508087158,6.42615,6.42615
6.42625,2.15344201E-07,-9.99743556976318,6.42625,6.42625
6.42635,1.208206E-08,-9.99784755706787,6.42635,6.42635
6.42645,-4.8341143E-08,-9.99773979187012,6.42645,6.42645
6.42655,-4.4354646E-08,-9.99787044525146,6.42655,6.42655
6.42665,-7.6654416E-08,-9.99795436859131,6.42665,6.42665
6.42675,-1.13018018E-07,-9.99783706665039,6.42675,6.42675
6.42685,-9.2509005E-08,-9.99783611297607,6.42685,6.42685
6.42695,-9.5307286E-08,-9.99778747558594,6.42695,6.42695
6.42705,-5.47924401E-06,-4.27584981918335,6.42705,6.42705
6.42715,3.0699651688E-05,-0.00020851289446,6.42715,6.42715
6.42725,4.0889546653E-05,-0.000139623007271,6.42725,6.42725
6.42735,4.3570307753E-05,0.000172738800757,6.42735,6.42735
6.42745,4.4536798669E-05,0.00015753939806,6.42745,6.42745
6.42755,4.4942647946E-05,-3.118652603E-05,6.42755,6.42755
6.42765,4.5183340262E-05,0.000190260339878,6.42765,6.42765
6.42775,4.5296692406E-05,0.000226570016821,6.42775,6.42775
6.42785,4.5403936383E-05,0.000167601960129,6.42785,6.42785
6.42795,4.5448068704E-05,0.000294967321679,6.42795,6.42795
6.42805,3.5676894186E-05,-5.7116289138794,6.42805,6.42805
6.42815,1.674057671E-06,-9.99656772613525,6.42815,6.42815
6.42825,2.77848528E-07,-9.99704265594482,6.42825,6.42825
6.42835,4.6181729E-08,-9.99753570556641,6.42835,6.42835
6.42845,-1.2961861E-08,-9.99761295318604,6.42845,6.42845
6.42855,-2.4640118E-08,-9.99735450744629,6.42855,6.42855
6.42865,-3.1052263E-08,-9.99772834777832,6.42865,6.42865
6.42875,-3.3892729E-08,-9.99785041809082,6.42875,6.42875
6.42885,-6.5250362E-08,-9.99737739562988,6.42885,6.42885
6.42895,-8.0099532E-08,-9.99749660491943,6.42895,6.42895
6.42905,-5.492750461E-06,-4.29535722732544,6.42905,6.42905
6.42915,3.0668190448E-05,-0.000313360622386,6.42915,6.42915
6.42925,4.0932758566E-05,6.6905915446E-05,6.42925,6.42925
6.42935,4.3649495638E-05,0.00020531899645,6.42935,6.42935
6.42945,4.4579588575E-05,0.000401363155106,6.42945,6.42945
6.42955,4.4995063945E-05,0.000229947661865,6.42955,6.42955
6.42965,4.5207802032E-05,0.000448790931841,6.42965,6.42965
6.42975,4.5371376473E-05,0.00043971350533,6.42975,6.42975
6.42985,4.5416363719E-05,0.000424021534855,6.42985,6.42985
6.42995,4.5459746616E-05,0.000445976213086,6.42995,6.42995
6.43005,3.5736771679E-05,-5.6916389465332,6.43005,6.43005
6.43015,1.641947733E-06,-9.99695777893066,6.43015,6.43015
6.43025,2.17284722E-07,-9.99715042114258,6.43025,6.43025
6.43035,2.8583486E-08,-9.9971923828125,6.43035,6.43035
6.43045,-2.5687717E-08,-9.99750232696533,6.43045,6.43045
6.43055,-5.526654E-08,-9.99751281738281,6.43055,6.43055
6.43065,-8.196271E-08,-9.99734592437744,6.43065,6.43065
6.43075,-1.13524237E-07,-9.99778079986572,6.43075,6.43075
6.43085,-8.2222854E-08,-9.99775218963623,6.43085,6.43085
6.43095,-9.5412744E-08,-9.99765968322754,6.43095,6.43095
6.43105,-5.519235401E-06,-4.31565475463867,6.43105,6.43105
6.43115,3.0646493542E-05,-0.000298794533592,6.43115,6.43115
6.43125,4.0921826439E-05,-0.00017508828023,6.43125,6.43125
6.43135,4.3672636821E-05,-9.091096217E-06,6.43135,6.43135
6.43145,4.4633030484E-05,0.000122144483612,6.43145,6.43145
6.43155,4.5039319957E-05,0.000194552761968,6.43155,6.43155
6.43165,4.5253404096E-05,0.000583756016567,6.43165,6.43165
6.43175,4.5397671784E-05,0.00021805553115,6.43175,6.43175
6.43185,4.5480606786E-05,0.000311081501422,6.43185,6.43185
6.43195,4.5530025091E-05,0.000544983427972,6.43195,6.43195
6.43205,3.5816443415E-05,-5.6712908744812,6.43205,6.43205
6.43215,1.619195814E-06,-9.99637222290039,6.43215,6.43215
6.43225,1.66810182E-07,-9.99720668792725,6.43225,6.43225
6.43235,-4.0726725E-08,-9.99721717834473,6.43235,6.43235
6.43245,-1.07027724E-07,-9.99731922149658,6.43245,6.43245
6.43255,-9.6221292E-08,-9.99747562408447,6.43255,6.43255
6.43265,-1.1018458E-07,-9.99732780456543,6.43265,6.43265
6.43275,-1.52362702E-07,-9.99746799468994,6.43275,6.43275
6.43285,-1.2348697E-07,-9.9976978302002,6.43285,6.43285
6.43295,-6.156619E-08,-9.99791049957275,6.43295,6.43295
6.43305,-5.516212241E-06,-4.33561420440674,6.43305,6.43305
6.43315,3.0726307159E-05,-3.8575122744E-05,6.43315,6.43315
6.43325,4.0994193114E-05,0.000135373600642,6.43325,6.43325
6.43335,4.3786880269E-05,0.000411496090237,6.43335,6.43335
6.43345,4.4672135118E-05,0.000332402909407,6.43345,6.43345
6.43355,4.510207873E-05,0.000264568516286,6.43355,6.43355
6.43365,4.5341108489E-05,9.0619803814E-05,6.43365,6.43365
6.43375,4.5476161176E-05,0.000411425717175,6.43375,6.43375
6.43385,4.5534103265E-05,0.000543787202332,6.43385,6.43385
6.43395,4.5564491302E-05,0.000319455255521,6.43395,6.43395
6.43405,3.59542355E-05,-5.65157508850098,6.43405,6.43405
6.43415,1.710990773E-06,-9.99660396575928,6.43415,6.43415
6.43425,2.49929002E-07,-9.99695777893066,6.43425,6.43425
6.43435,3.6542421E-08,-9.99743175506592,6.43435,6.43435
6.43445,-2.8057116E-08,-9.997389793396,6.43445,6.43445
6.43455,-8.7960039E-08,-9.99748992919922,6.43455,6.43455
6.43465,-8.9141217E-08,-9.99761772155762,6.43465,6.43465
6.43475,-8.6420279E-08,-9.99800395965576,6.43475,6.43475
6.43485,-5.8331995E-08,-9.99802207946777,6.43485,6.43485
6.43495,-9.0470053E-08,-9.99796962738037,6.43495,6.43495
6.43505,-5.556956239E-06,-4.35606241226196,6.43505,6.43505
6.43515,3.070040475E-05,-0.001086771022528,6.43515,6.43515
6.43525,4.1022958612E-05,-0.000820781453513,6.43525,6.43525
6.43535,4.3781899876E-05,-0.000487942656036,6.43535,6.43535
6.43545,4.4739026634E-05,-0.000160592549946,6.43545,6.43545
6.43555,4.5171458623E-05,3.9955124521E-05,6.43555,6.43555
6.43565,4.5393593609E-05,0.000405725935707,6.43565,6.43565
6.43575,4.5506865717E-05,4.7132620239E-05,6.43575,6.43575
6.43585,4.5589113142E-05,0.000156694979523,6.43585,6.43585
6.43595,4.5615550334E-05,9.1182744654E-05,6.43595,6.43595
6.43605,3.6029225157E-05,-5.63205575942993,6.43605,6.43605
6.43615,1.65580559E-06,-9.99725341796875,6.43615,6.43615
6.43625,2.07483694E-07,-9.9971399307251,6.43625,6.43625
6.43635,-2.236915E-08,-9.99767589569092,6.43635,6.43635
6.43645,-8.3987601E-08,-9.99761295318604,6.43645,6.43645
6.43655,-7.6478642E-08,-9.99801063537598,6.43655,6.43655
6.43665,-1.13714073E-07,-9.99816799163818,6.43665,6.43665
6.43675,-1.26306347E-07,-9.99787998199463,6.43675,6.43675
6.43685,-1.10409573E-07,-9.99774742126465,6.43685,6.43685
6.43695,-1.19085648E-07,-9.99755954742432,6.43695,6.43695
6.43705,-5.618694104E-06,-4.37583351135254,6.43705,6.43705
6.43715,3.0662493373E-05,-0.000601023377385,6.43715,6.43715
6.43725,4.1039817006E-05,-0.000434604007751,6.43725,6.43725
6.43735,4.3801264837E-05,-7.9951278167E-05,6.43735,6.43735
6.43745,4.4710945076E-05,0.000206444878131,6.43745,6.43745
6.43755,4.5175987907E-05,8.8719876658E-05,6.43755,6.43755
6.43765,4.5387248974E-05,0.0001686574833,6.43765,6.43765
6.43775,4.5539603889E-05,0.000285186222754,6.43775,6.43775
6.43785,4.560227535E-05,0.000403474172344,6.43785,6.43785
6.43795,4.5646986109E-05,0.000264287053142,6.43795,6.43795
6.43805,3.6162742617E-05,-5.61180019378662,6.43805,6.43805
6.43815,1.66204893E-06,-9.99698543548584,6.43815,6.43815
6.43825,2.0453777E-07,-9.99747848510742,6.43825,6.43825
6.43835,9.543919E-09,-9.99742031097412,6.43835,6.43835
6.43845,-4.7877108E-08,-9.9976282119751,6.43845,6.43845
6.43855,-8.5878902E-08,-9.99776840209961,6.43855,6.43855
6.43865,-8.9070909E-08,-9.99763965606689,6.43865,6.43865
6.43875,-1.04088826E-07,-9.99772930145264,6.43875,6.43875
6.43885,-7.4706868E-08,-9.99764156341553,6.43885,6.43885
6.43895,-8.1632265E-08,-9.99758243560791,6.43895,6.43895
6.43905,-5.60391527E-06,-4.39580202102661,6.43905,6.43905
6.43915,3.0676139431E-05,-0.000789327139501,6.43915,6.43915
6.43925,4.107037239E-05,-0.000412297493313,6.43925,6.43925
6.43935,4.3866068154E-05,-0.000133219553391,6.43935,6.43935
6.43945,4.4840911869E-05,-8.8817592768E-05,6.43945,6.43945
6.43955,4.523012467E-05,2.51955862E-06,6.43955,6.43955
6.43965,4.5477070671E-05,0.000214537154534,6.43965,6.43965
6.43975,4.5622778998E-05,0.000290041585686,6.43975,6.43975
6.43985,4.5701333875E-05,0.000124888829305,6.43985,6.43985
6.43995,4.572139369E-05,0.000331277027726,6.43995,6.43995
6.44005,3.6301356886E-05,-5.59197664260864,6.44005,6.44005
6.44015,1.710695415E-06,-9.99693775177002,6.44015,6.44015
6.44025,2.36788324E-07,-9.99692535400391,6.44025,6.44025
6.44035,1.4156163E-08,-9.99725246429443,6.44035,6.44035
6.44045,-4.822865E-08,-9.99744510650635,6.44045,6.44045
6.44055,-4.985278E-08,-9.99752140045166,6.44055,6.44055
6.44065,-4.7623995E-08,-9.99783611297607,6.44065,6.44065
6.44075,-7.5670094E-08,-9.99772834777832,6.44075,6.44075
6.44085,-8.7235854E-08,-9.99784183502197,6.44085,6.44085
6.44095,-8.4296957E-08,-9.99787044525146,6.44095,6.44095
6.44105,-5.671685813E-06,-4.41567230224609,6.44105,6.44105
6.44115,3.0646464438E-05,-0.000833377242088,6.44115,6.44115
6.44125,4.1101364332E-05,-0.000496386783198,6.44125,6.44125
6.44135,4.3902207835E-05,-0.000371976842871,6.44135,6.44135
6.44145,4.4848744437E-05,-1.5213077859E-05,6.44145,6.44145
6.44155,4.5305016101E-05,0.000226218180615,6.44155,6.44155
6.44165,4.5527543989E-05,5.1213941333E-05,6.44165,6.44165
6.44175,4.5628879889E-05,0.000102230456832,6.44175,6.44175
6.44185,4.5706718083E-05,0.000244161929004,6.44185,6.44185
6.44195,4.5766952098E-05,7.2535323852E-05,6.44195,6.44195
6.44205,3.6404799175E-05,-5.57198190689087,6.44205,6.44205
6.44215,1.687135068E-06,-9.99691200256348,6.44215,6.44215
6.44225,2.16138687E-07,-9.99711036682129,6.44225,6.44225
6.44235,-9.39092E-10,-9.99715614318848,6.44235,6.44235
6.44245,-4.4910085E-08,-9.9971866607666,6.44245,6.44245
6.44255,-8.2602519E-08,-9.99731731414795,6.44255,6.44255
6.44265,-8.4803183E-08,-9.99749660491943,6.44265,6.44265
6.44275,-9.9645327E-08,-9.99758911132813,6.44275,6.44275
6.44285,-9.0793471E-08,-9.99731063842773,6.44285,6.44285
6.44295,-8.7221792E-08,-9.99740505218506,6.44295,6.44295
6.44305,-5.682808478E-06,-4.43562889099121,6.44305,6.44305
6.44315,3.065842975E-05,-0.000580827880185,6.44315,6.44315
6.44325,4.113500836E-05,-0.000317160476698,6.44325,6.44325
6.44335,4.3925458158E-05,9.5897376013E-05,6.44335,6.44335
6.44345,4.4885822717E-05,-0.000188035919564,6.44345,6.44345
6.44355,4.5354739996E-05,-0.000103454054624,6.44355,6.44355
6.44365,4.5519296691E-05,-2.8160717193E-05,6.44365,6.44365
6.44375,4.5686560043E-05,-1.9083296138E-05,6.44375,6.44375
6.44385,4.575436833E-05,0.000211300241062,6.44385,6.44385
6.44395,4.581921894E-05,0.000250706099905,6.44395,6.44395
6.44405,3.6506389733E-05,-5.55148792266846,6.44405,6.44405
6.44415,1.699642894E-06,-9.99661159515381,6.44415,6.44415
6.44425,2.16827715E-07,-9.99709796905518,6.44425,6.44425
6.44435,-2.1933237E-08,-9.99713134765625,6.44435,6.44435
6.44445,-5.7368769E-08,-9.9973258972168,6.44445,6.44445
6.44455,-7.4334231E-08,-9.99747848510742,6.44455,6.44455
6.44465,-9.2044964E-08,-9.99768161773682,6.44465,6.44465
6.44475,-9.3127717E-08,-9.99767971038818,6.44475,6.44475
6.44485,-6.7985368E-08,-9.99750328063965,6.44485,6.44485
6.44495,-7.0010252E-08,-9.99769592285156,6.44495,6.44495
6.44505,-5.746289844E-06,-4.45561790466309,6.44505,6.44505
6.44515,3.0637871532E-05,-0.001027310383506,6.44515,6.44515
6.44525,4.1160412366E-05,-0.00055922503816,6.44525,6.44525
6.44535,4.3943950004E-05,0.000185545708518,6.44535,6.44535
6.44545,4.4933451136E-05,4.9736223446E-05,6.44545,6.44545
6.44555,4.5371565648E-05,0.000161479983944,6.44555,6.44555
6.44565,4.5570228394E-05,6.1206141254E-05,6.44565,6.44565
6.44575,4.5684959332E-05,-2.5979321435E-05,6.44575,6.44575
6.44585,4.5818691433E-05,0.000343309890013,6.44585,6.44585
6.44595,4.5865839638E-05,0.000277727260254,6.44595,6.44595
6.44605,3.6588840885E-05,-5.53175926208496,6.44605,6.44605
6.44615,1.712003154E-06,-9.99671459197998,6.44615,6.44615
6.44625,2.24357763E-07,-9.99691772460938,6.44625,6.44625
6.44635,3.254889E-08,-9.99730587005615,6.44635,6.44635
6.44645,-4.0614228E-08,-9.99728965759277,6.44645,6.44645
6.44655,-9.5328375E-08,-9.99783325195313,6.44655,6.44655
6.44665,-8.0556539E-08,-9.9977331161499,6.44665,6.44665
6.44675,-7.4882635E-08,-9.99746608734131,6.44675,6.44675
6.44685,-7.2295279E-08,-9.99774932861328,6.44685,6.44685
6.44695,-9.0751286E-08,-9.99807548522949,6.44695,6.44695
6.44705,-5.749931915E-06,-4.47603368759155,6.44705,6.44705
6.44715,3.0662886275E-05,-0.0009508911171,6.44715,6.44715
6.44725,4.1172024794E-05,-0.000351640599547,6.44725,6.44725
6.44735,4.4005158998E-05,0.000131714477902,6.44735,6.44735
6.44745,4.4963642722E-05,0.000104411854409,6.44745,6.44745
6.44755,4.5398079237E-05,0.00016499836056,6.44755,6.44755
6.44765,4.5618566219E-05,3.52404968E-05,6.44765,6.44765
6.44775,4.5768098062E-05,4.1925417463E-05,6.44775,6.44775
6.44785,4.5816246711E-05,0.000106593251985,6.44785,6.44785
6.44795,4.5902776037E-05,5.6210043113E-05,6.44795,6.44795
6.44805,3.677299901E-05,-5.51166963577271,6.44805,6.44805
6.44815,1.737152616E-06,-9.99714660644531,6.44815,6.44815
6.44825,2.45858132E-07,-9.99740886688232,6.44825,6.44825
6.44835,2.9138924E-08,-9.99783992767334,6.44835,6.44835
6.44845,-3.111554E-08,-9.99781322479248,6.44845,6.44845
6.44855,-4.7504471E-08,-9.99818992614746,6.44855,6.44855
6.44865,-8.2743135E-08,-9.99801254272461,6.44865,6.44865
6.44875,-4.8552071E-08,-9.99796104431152,6.44875,6.44875
6.44885,-7.0305546E-08,-9.99802017211914,6.44885,6.44885
6.44895,-7.6106005E-08,-9.99796009063721,6.44895,6.44895
6.44905,-5.741375389E-06,-4.4959831237793,6.44905,6.44905
6.44915,3.0676674214E-05,-0.000900859769899,6.44915,6.44915
6.44925,4.1252205847E-05,-0.000340452155797,6.44925,6.44925
6.44935,4.4058117055E-05,-5.643083568E-06,6.44935,6.44935
6.44945,4.5049346227E-05,-0.000130334476125,6.44945,6.44945
6.44955,4.5463028073E-05,3.1370276702E-05,6.44955,6.44955
6.44965,4.5641463657E-05,9.7304728115E-05,6.44965,6.44965
6.44975,4.5789514843E-05,-3.2171672501E-05,6.44975,6.44975
6.44985,4.588469892E-05,8.852643077E-06,6.44985,6.44985
6.44995,4.5941662393E-05,5.4802691011E-05,6.44995,6.44995
6.45005,3.684926196E-05,-5.49157953262329,6.45005,6.45005
6.45015,1.756937422E-06,-9.99658966064453,6.45015,6.45015
6.45025,2.40915426E-07,-9.99672317504883,6.45025,6.45025
6.45035,1.7348173E-08,-9.99729919433594,6.45035,6.45035
6.45045,-4.1654797E-08,-9.99728584289551,6.45045,6.45045
6.45055,-5.5758701E-08,-9.99743747711182,6.45055,6.45055
6.45065,-5.7509386E-08,-9.997239112854,6.45065,6.45065
6.45075,-6.3809033E-08,-9.99759387969971,6.45075,6.45075
6.45085,-7.7322348E-08,-9.99775218963623,6.45085,6.45085
6.45095,-6.2283341E-08,-9.99795627593994,6.45095,6.45095
6.45105,-5.823636457E-06,-4.5158634185791,6.45105,6.45105
6.45115,3.0629154935E-05,-0.000730570172891,6.45115,6.45115
6.45125,4.1287268687E-05,-0.00069855293259,6.45125,6.45125
6.45135,4.4099673687E-05,-0.000173962398549,6.45135,6.45135
6.45145,4.5037824748E-05,0.000144521385664,6.45145,6.45145
6.45155,4.549537698E-05,-2.576821862E-05,6.45155,6.45155
6.45165,4.5716169552E-05,-0.000160592549946,6.45165,6.45165
6.45175,4.5828535804E-05,8.3301572886E-05,6.45175,6.45175
6.45185,4.5893804781E-05,0.000375819712644,6.45185,6.45185
6.45195,4.5951455832E-05,0.00030341144884,6.45195,6.45195
6.45205,3.698245564E-05,-5.47154664993286,6.45205,6.45205
6.45215,1.757127279E-06,-9.99673748016357,6.45215,6.45215
6.45225,2.38595248E-07,-9.99697589874268,6.45225,6.45225
6.45235,3.152869E-09,-9.99747180938721,6.45235,6.45235
6.45245,-6.4350409E-08,-9.99759197235107,6.45245,6.45245
6.45255,-8.9394334E-08,-9.99768733978271,6.45255,6.45255
6.45265,-9.8815683E-08,-9.99761867523193,6.45265,6.45265
6.45275,-1.05923881E-07,-9.99797630310059,6.45275,6.45275
6.45285,-1.35397244E-07,-9.9978551864624,6.45285,6.45285
6.45295,-1.4148597E-07,-9.99806594848633,6.45295,6.45295
6.45305,-5.865329513E-06,-4.53605461120605,6.45305,6.45305
6.45315,3.0611190596E-05,-0.000899733917322,6.45315,6.45315
6.45325,4.1267096094E-05,-0.000897552468814,6.45325,6.45325
6.45335,4.412249109E-05,-0.000340663245879,6.45335,6.45335
6.45345,4.5067732572E-05,-0.000326800829498,6.45345,6.45345
6.45355,4.5528529881E-05,-6.1514961999E-05,6.45355,6.45355
6.45365,4.5732085709E-05,0.000118907577416,6.45365,6.45365
6.45375,4.590124081E-05,-4.869039913E-06,6.45375,6.45375
6.45385,4.5962959121E-05,3.4607186535E-05,6.45385,6.45385
6.45395,4.5980094001E-05,5.7476660004E-05,6.45395,6.45395
6.45405,3.7022884499E-05,-5.4518985748291,6.45405,6.45405
6.45415,1.738425226E-06,-9.99655723571777,6.45415,6.45415
6.45425,1.95594509E-07,-9.99661254882813,6.45425,6.45425
6.45435,4.699658E-09,-9.99723529815674,6.45435,6.45435
6.45445,-2.3655797E-08,-9.99751472473145,6.45445,6.45445
6.45455,-7.9361293E-08,-9.99752426147461,6.45455,6.45455
6.45465,-1.02752963E-07,-9.99762630462646,6.45465,6.45465
6.45475,-1.34912113E-07,-9.99755668640137,6.45475,6.45475
6.45485,-1.38533011E-07,-9.9974250793457,6.45485,6.45485
6.45495,-1.32845045E-07,-9.99788188934326,6.45495,6.45495
6.45505,-5.925471669E-06,-4.55586194992065,6.45505,6.45505
6.45515,3.0601218896E-05,-0.001030125073157,6.45515,6.45515
6.45525,4.1292238166E-05,-0.00071466708323,6.45525,6.45525
6.45535,4.4134019845E-05,-0.000516371161211,6.45535,6.45535
6.45545,4.5095715905E-05,-0.000274517718935,6.45545,6.45545
6.45555,4.5590906666E-05,-0.000159185205121,6.45555,6.45555
6.45565,4.5798402425E-05,0.000299893057672,6.45565,6.45565
6.45575,4.5925637096E-05,0.000180690345587,6.45575,6.45575
6.45585,4.6020097216E-05,0.000338735990226,6.45585,6.45585
6.45595,4.6039054723E-05,0.000309744529659,6.45595,6.45595
6.45605,3.7163226807E-05,-5.43191289901733,6.45605,6.45605
6.45615,1.737412731E-06,-9.99666595458984,6.45615,6.45615
6.45625,2.22093831E-07,-9.99693584442139,6.45625,6.45625
6.45635,1.5801385E-08,-9.99711894989014,6.45635,6.45635
6.45645,-5.6813331E-08,-9.9976634979248,6.45645,6.45645
6.45655,-6.7387745E-08,-9.99783325195313,6.45655,6.45655
6.45665,-8.2082238E-08,-9.99759769439697,6.45665,6.45665
6.45675,-9.2459786E-08,-9.99788284301758,6.45675,6.45675
6.45685,-1.0976273E-07,-9.99787330627441,6.45685,6.45685
6.45695,-9.9033642E-08,-9.99778270721436,6.45695,6.45695
6.45705,-5.883687209E-06,-4.57593393325806,6.45705,6.45705
6.45715,3.0647130188E-05,-0.001034769346006,6.45715,6.45715
6.45725,4.1323521145E-05,-0.000889389833901,6.45725,6.45725
6.45735,4.4192889618E-05,-0.000348333327565,6.45735,6.45735
6.45745,4.5169068471E-05,-0.000263892201474,6.45745,6.45745
6.45755,4.5651020628E-05,-0.000107816849777,6.45755,6.45755
6.45765,4.5843342377E-05,-0.000375284114853,6.45765,6.45765
6.45775,4.5991364459E-05,-0.000306816451484,6.45775,6.45775
6.45785,4.6072702389E-05,-0.00015496314154,6.45785,6.45785
6.45795,4.610144606E-05,-0.000127871622681,6.45795,6.45795
6.45805,3.731099423E-05,-5.41217279434204,6.45805,6.45805
6.45815,1.800381142E-06,-9.99702739715576,6.45815,6.45815
6.45825,2.39945166E-07,-9.99722003936768,6.45825,6.45825
6.45835,2.1594813E-08,-9.99760246276855,6.45835,6.45835
6.45845,-4.827157E-09,-9.99779605865479,6.45845,6.45845
6.45855,-5.4218944E-08,-9.99805068969727,6.45855,6.45855
6.45865,-8.0071409E-08,-9.99806785583496,6.45865,6.45865
6.45875,-7.4573279E-08,-9.99798488616943,6.45875,6.45875
6.45885,-6.3787944E-08,-9.99822616577148,6.45885,6.45885
6.45895,-9.2452758E-08,-9.99813842773438,6.45895,6.45895
6.45905,-5.923720892E-06,-4.59605360031128,6.45905,6.45905
6.45915,3.0622439226E-05,-0.00092168856645,6.45915,6.45915
6.45925,4.13731359E-05,-0.000539873959497,6.45925,6.45925
6.45935,4.4243421144E-05,-0.000221741996938,6.45935,6.45935
6.45945,4.5226421207E-05,0.00014803976228,6.45945,6.45945
6.45955,4.5679011237E-05,-0.000146307924297,6.45955,6.45955
6.45965,4.5887038141E-05,0.000222347967792,6.45965,6.45965
6.45975,4.6007062338E-05,0.000266186980298,6.45975,6.45975
6.45985,4.6087185183E-05,4.0940270992E-05,6.45985,6.45985
6.45995,4.6146196837E-05,2.4474251404E-05,6.45995,6.45995
6.46005,3.7385219912E-05,-5.39213275909424,6.46005,6.46005
6.46015,1.802609859E-06,-9.99715232849121,6.46015,6.46015
6.46025,2.47636933E-07,-9.99756526947021,6.46025,6.46025
6.46035,3.7547832E-08,-9.99791431427002,6.46035,6.46035
6.46045,5.775379E-09,-9.99755859375,6.46045,6.46045
6.46055,-1.4248508E-08,-9.99805641174316,6.46055,6.46055
6.46065,-6.7275245E-08,-9.99802589416504,6.46065,6.46065
6.46075,-7.9452697E-08,-9.99823474884033,6.46075,6.46075
6.46085,-9.2825388E-08,-9.99832344055176,6.46085,6.46085
6.46095,-7.5557601E-08,-9.99824905395508,6.46095,6.46095
6.46105,-5.955535471E-06,-4.61629629135132,6.46105,6.46105
6.46115,3.0606563087E-05,-0.001296255388297,6.46115,6.46115
6.46125,4.1403553041E-05,-0.00068919401383,6.46125,6.46125
6.46135,4.4307915232E-05,-0.00027156228316,6.46135,6.46135
6.46145,4.5281394705E-05,-2.1827632736E-05,6.46145,6.46145
6.46155,4.5668177336E-05,0.00034908001544,6.46155,6.46155
6.46165,4.58981267E-05,0.000309533439577,6.46165,6.46165
6.46175,4.6050696255E-05,8.7805099611E-05,6.46175,6.46175
6.46185,4.6127366659E-05,0.000261190871242,6.46185,6.46185
6.46195,4.617835657E-05,0.000419869844336,6.46195,6.46195
6.46205,3.7551526475E-05,-5.3717303276062,6.46205,6.46205
6.46215,1.80596362E-06,-9.99688720703125,6.46215,6.46215
6.46225,2.19063523E-07,-9.99716663360596,6.46225,6.46225
6.46235,3.0847424E-08,-9.9976110458374,6.46235,6.46235
6.46245,-4.1549335E-08,-9.99756336212158,6.46245,6.46245
6.46255,-7.301243E-08,-9.99763107299805,6.46255,6.46255
6.46265,-5.1223797E-08,-9.99790191650391,6.46265,6.46265
6.46275,-4.4136691E-08,-9.99758243560791,6.46275,6.46275
6.46285,-5.8043732E-08,-9.99758529663086,6.46285,6.46285
6.46295,-7.4045964E-08,-9.99743938446045,6.46295,6.46295
6.46305,-5.957180747E-06,-4.63549327850342,6.46305,6.46305
6.46315,3.0679191696E-05,-0.000690038432367,6.46315,6.46315
6.46325,4.1474522732E-05,-0.000523689377587,6.46325,6.46325
6.46335,4.4355401769E-05,-0.000174314234755,6.46335,6.46335
6.46345,4.535403059E-05,0.000336695316946,6.46345,6.46345
6.46355,4.5758944907E-05,0.00010370817472,6.46355,6.46355
6.46365,4.6011900849E-05,0.000182449526619,6.46365,6.46365
6.46375,4.6154120355E-05,9.125311044E-05,6.46375,6.46375
6.46385,4.623660061E-05,9.040869918E-05,6.46385,6.46385
6.46395,4.6259814553E-05,0.000298415339785,6.46395,6.46395
6.46405,3.7619844079E-05,-5.3517894744873,6.46405,6.46405
6.46415,1.811532002E-06,-9.99688243865967,6.46415,6.46415
6.46425,2.74403419E-07,-9.99732398986816,6.46425,6.46425
6.46435,5.3683653E-08,-9.99777412414551,6.46435,6.46435
6.46445,-2.186996E-08,-9.99758148193359,6.46445,6.46445
6.46455,-5.3255715E-08,-9.99782085418701,6.46455,6.46455
6.46465,-7.5220122E-08,-9.99807929992676,6.46465,6.46465
6.46475,-8.7636614E-08,-9.99788188934326,6.46475,6.46475
6.46485,-7.9136306E-08,-9.99791145324707,6.46485,6.46485
6.46495,-5.797342E-08,-9.99806690216064,6.46495,6.46495
6.46505,-5.982210496E-06,-4.65572595596313,6.46505,6.46505
6.46515,3.0592509574E-05,-0.000732962682378,6.46515,6.46515
6.46525,4.1461902583E-05,-0.000462751049781,6.46525,6.46525
6.46535,4.4348256779E-05,-0.000430944899563,6.46535,6.46535
6.46545,4.5374996262E-05,-0.000283313653199,6.46545,6.46545
6.46555,4.5797129133E-05,-0.000204290830879,6.46555,6.46555
6.46565,4.6020435548E-05,3.1792482332E-05,6.46565,6.46565
6.46575,4.6169312554E-05,0.000112152287329,6.46575,6.46575
6.46585,4.621811604E-05,0.000199056288693,6.46585,6.46585
6.46595,4.628579336E-05,0.000111448614916,6.46595,6.46595
6.46605,3.7739882828E-05,-5.33186626434326,6.46605,6.46605
6.46615,1.828799782E-06,-9.99705410003662,6.46615,6.46615
6.46625,2.65375803E-07,-9.9973726272583,6.46625,6.46625
6.46635,7.0431163E-08,-9.99739170074463,6.46635,6.46635
6.46645,2.625554E-09,-9.99772167205811,6.46645,6.46645
6.46655,-4.8826273E-08,-9.9980640411377,6.46655,6.46655
6.46665,-4.8931735E-08,-9.9979305267334,6.46665,6.46665
6.46675,-6.3084855E-08,-9.99805450439453,6.46675,6.46675
6.46685,-6.335906E-08,-9.99793338775635,6.46685,6.46685
6.46695,-5.7214088E-08,-9.99798583984375,6.46695,6.46695
6.46705,-6.001489055E-06,-4.67599630355835,6.46705,6.46705
6.46715,3.0615374271E-05,-0.001024003140628,6.46715,6.46715
6.46725,4.1488863644E-05,-0.000545432965737,6.46725,6.46725
6.46735,4.4419677579E-05,-0.000541492423508,6.46735,6.46735
6.46745,4.5410739403E-05,-0.000353540526703,6.46745,6.46745
6.46755,4.5840144594E-05,-0.000223501192522,6.46755,6.46755
6.46765,4.6068675147E-05,-1.619822433E-05,6.46765,6.46765
6.46775,4.6208548156E-05,0.000130518237711,6.46775,6.46775
6.46785,4.6310458856E-05,0.000173090636963,6.46785,6.46785
6.46795,4.6312568884E-05,0.000169079678017,6.46795,6.46795
6.46805,3.7843448808E-05,-5.31227445602417,6.46805,6.46805
6.46815,1.857577104E-06,-9.99739456176758,6.46815,6.46815
6.46825,2.73306597E-07,-9.99746131896973,6.46825,6.46825
6.46835,5.2214205E-08,-9.99744033813477,6.46835,6.46835
6.46845,2.822418E-09,-9.997633934021,6.46845,6.46845
6.46855,-2.731961E-09,-9.99783515930176,6.46855,6.46855
6.46865,-1.8966215E-08,-9.99777698516846,6.46865,6.46865
6.46875,-4.0593136E-08,-9.99811363220215,6.46875,6.46875
6.46885,-4.062829E-08,-9.99820518493652,6.46885,6.46885
6.46895,-5.492203E-08,-9.99811840057373,6.46895,6.46895
6.46905,-6.059458428E-06,-4.6959662437439,6.46905,6.46905
6.46915,3.0599097954E-05,-0.001007818500511,6.46915,6.46915
6.46925,4.1509385483E-05,-0.000715933681931,6.46925,6.46925
6.46935,4.4430056732E-05,-0.00035438494524,6.46935,6.46935
6.46945,4.5448447054E-05,-0.000366277061403,6.46945,6.46945
6.46955,4.5885884902E-05,-6.9747969974E-05,6.46955,6.46955
6.46965,4.6082033805E-05,8.3864513726E-05,6.46965,6.46965
6.46975,4.6201530495E-05,0.000169572260347,6.46975,6.46975
6.46985,4.6272787586E-05,0.000310588948196,6.46985,6.46985
6.46995,4.6335215302E-05,0.00058938539587,6.46995,6.46995
6.47005,3.7917059672E-05,-5.29139184951782,6.47005,6.47005
6.47015,1.794749437E-06,-9.99657821655273,6.47015,6.47015
6.47025,2.15112181E-07,-9.99666690826416,6.47025,6.47025
6.47035,-6.605964E-09,-9.99730682373047,6.47035,6.47035
6.47045,-5.2861989E-08,-9.99792098999023,6.47045,6.47045
6.47055,-6.7436957E-08,-9.99766540527344,6.47055,6.47055
6.47065,-7.3223354E-08,-9.99756240844727,6.47065,6.47065
6.47075,-5.7882019E-08,-9.99747848510742,6.47075,6.47075
6.47085,-1.00053114E-07,-9.99763011932373,6.47085,6.47085
6.47095,-1.12603196E-07,-9.99743556976318,6.47095,6.47095
6.47105,-6.137873697E-06,-4.71558713912964,6.47105,6.47105
6.47115,3.0557297578E-05,-0.000309068214847,6.47115,6.47115
6.47125,4.1526156565E-05,-3.2593878132E-05,6.47125,6.47125
6.47135,4.4471340516E-05,-3.8645492168E-05,6.47135,6.47135
6.47145,4.5446824515E-05,0.00014958785323,6.47145,6.47145
6.47155,4.5912933274E-05,0.000195608270587,6.47155,6.47155
6.47165,4.6123910579E-05,0.000195326807443,6.47165,6.47165
6.47175,4.6247012506E-05,0.000164505792782,6.47175,6.47175
6.47185,4.6348890464E-05,0.000464482902316,6.47185,6.47185
6.47195,4.6386026952E-05,0.000202926501515,6.47195,6.47195
6.47205,3.8029655116E-05,-5.27160358428955,6.47205,6.47205
6.47215,1.827435881E-06,-9.99662303924561,6.47215,6.47215
6.47225,2.30727721E-07,-9.99721622467041,6.47225,6.47225
6.47235,3.8602462E-08,-9.9974422454834,6.47235,6.47235
6.47245,-2.2903496E-08,-9.9977445602417,6.47245,6.47245
6.47255,-8.6659327E-08,-9.99795913696289,6.47255,6.47255
6.47265,-9.893521E-08,-9.9977502822876,6.47265,6.47265
6.47275,-9.9096916E-08,-9.99781036376953,6.47275,6.47275
6.47285,-8.3284512E-08,-9.99779796600342,6.47285,6.47285
6.47295,-1.02703751E-07,-9.99789142608643,6.47295,6.47295
6.47305,-6.16906982E-06,-4.73587083816528,6.47305,6.47305
6.47315,3.0553317629E-05,-0.000978686381131,6.47315,6.47315
6.47325,4.1557599616E-05,-0.000700241711456,6.47325,6.47325
6.47335,4.4486871047E-05,-0.000561195309274,6.47335,6.47335
6.47345,4.5507611503E-05,-0.00033637083834,6.47345,6.47345
6.47355,4.595475184E-05,7.2605696914E-05,6.47355,6.47355
6.47365,4.6170178393E-05,8.9634653705E-05,6.47365,6.47365
6.47375,4.6296128858E-05,0.000272520061117,6.47375,6.47375
6.47385,4.6372253564E-05,5.7617395214E-05,6.47385,6.47385
6.47395,4.6424618631E-05,6.2683859142E-05,6.47395,6.47395
6.47405,3.815283344E-05,-5.25199413299561,6.47405,6.47405
6.47415,1.867933634E-06,-9.99706268310547,6.47415,6.47415
6.47425,2.94567911E-07,-9.9972038269043,6.47425,6.47425
6.47435,3.1459109E-08,-9.99732971191406,6.47435,6.47435
6.47445,-4.5578016E-08,-9.99735069274902,6.47445,6.47445
6.47455,-4.4994454E-08,-9.99748802185059,6.47455,6.47455
6.47465,-6.2761437E-08,-9.99755001068115,6.47465,6.47465
6.47475,-7.6246621E-08,-9.99766540527344,6.47475,6.47475
6.47485,-9.8070409E-08,-9.99744033813477,6.47485,6.47485
6.47495,-7.7062204E-08,-9.99791526794434,6.47495,6.47495
6.47505,-6.180839137E-06,-4.75584316253662,6.47505,6.47505
6.47515,3.0544390029E-05,-0.000904870743398,6.47515,6.47515
6.47525,4.1591436457E-05,-0.000536777777597,6.47525,6.47525
6.47535,4.4540680392E-05,-0.000202039067517,6.47535,6.47535
6.47545,4.5571661758E-05,-0.000109505672299,6.47545,6.47545
6.47555,4.5968547056E-05,-8.4665909526E-05,6.47555,6.47555
6.47565,4.619549145E-05,3.1088806281E-05,6.47565,6.47565
6.47575,4.63521028E-05,-0.000136034257594,6.47575,6.47575
6.47585,4.641898704E-05,0.000106733983557,6.47585,6.47585
6.47595,4.6451652452E-05,-9.923199832E-05,6.47595,6.47595
6.47605,3.8242666051E-05,-5.23180913925171,6.47605,6.47605
6.47615,1.849097885E-06,-9.99626922607422,6.47615,6.47615
6.47625,2.40064708E-07,-9.99666309356689,6.47625,6.47625
6.47635,6.11286E-09,-9.99700355529785,6.47635,6.47635
6.47645,-2.8626616E-08,-9.99705791473389,6.47645,6.47645
6.47655,-6.5784704E-08,-9.99700736999512,6.47655,6.47655
6.47665,-8.1983806E-08,-9.99739265441895,6.47665,6.47665
6.47675,-7.5965389E-08,-9.99756717681885,6.47675,6.47675
6.47685,-1.17278717E-07,-9.99780654907227,6.47685,6.47685
6.47695,-1.06465258E-07,-9.99750518798828,6.47695,6.47695
6.47705,-6.209785624E-06,-4.7759747505188,6.47705,6.47705
6.47715,3.0536950362E-05,-0.000937873148359,6.47715,6.47715
6.47725,4.1621347918E-05,-0.000582024164032,6.47725,6.47725
6.47735,4.4542935939E-05,-0.000182687988854,6.47735,6.47735
6.47745,4.5574251999E-05,-0.000178395552211,6.47745,6.47745
6.47755,4.6005396143E-05,0.000320440391079,6.47755,6.47755
6.47765,4.6246168495E-05,0.000465538410936,6.47765,6.47765
6.47775,4.6374265366E-05,0.000221433176193,6.47775,6.47775
6.47785,4.6457662393E-05,5.0651000493E-05,6.47785,6.47785
6.47795,4.6502984333E-05,-1.8942560928E-05,6.47795,6.47795
6.47805,3.8366895751E-05,-5.2120509147644,6.47805,6.47805
6.47815,1.860895736E-06,-9.99699878692627,6.47815,6.47815
6.47825,2.51124249E-07,-9.99714088439941,6.47825,6.47825
6.47835,-2.956948E-09,-9.99771118164063,6.47835,6.47835
6.47845,-2.048488E-08,-9.99738311767578,6.47845,6.47845
6.47855,-3.0925705E-08,-9.99766254425049,6.47855,6.47855
6.47865,-8.09573E-08,-9.99779796600342,6.47865,6.47865
6.47875,-1.04320847E-07,-9.99780941009521,6.47875,6.47875
6.47885,-8.7348354E-08,-9.9978494644165,6.47885,6.47885
6.47895,-6.9405601E-08,-9.99764633178711,6.47895,6.47895
6.47905,-6.197966741E-06,-4.79566097259521,6.47905,6.47905
6.47915,3.0531635275E-05,-0.000819162989501,6.47915,6.47915
6.47925,4.1699404392E-05,-0.000544447859284,6.47925,6.47925
6.47935,4.4655796955E-05,-0.000216886634007,6.47935,6.47935
6.47945,4.5625751227E-05,-0.000248270604061,6.47945,6.47945
6.47955,4.6082554036E-05,-5.009775123E-06,6.47955,6.47955
6.47965,4.6321369155E-05,-0.000274517718935,6.47965,6.47965
6.47975,4.6442492021E-05,-4.7722911404E-05,6.47975,6.47975
6.47985,4.6519937314E-05,0.000175201668753,6.47985,6.47985
6.47995,4.656008241E-05,3.939218368E-05,6.47995,6.47995
6.48005,3.8479134673E-05,-5.19180011749268,6.48005,6.48005
6.48015,1.877488558E-06,-9.99655055999756,6.48015,6.48015
6.48025,2.80506214E-07,-9.99678802490234,6.48025,6.48025
6.48035,6.308391E-08,-9.9973611831665,6.48035,6.48035
6.48045,-9.10895E-09,-9.99763107299805,6.48045,6.48045
6.48055,-4.6463907E-08,-9.99766063690186,6.48055,6.48055
6.48065,-4.2428191E-08,-9.9976921081543,6.48065,6.48065
6.48075,-6.5608937E-08,-9.99789237976074,6.48075,6.48075
6.48085,-7.0354766E-08,-9.99799156188965,6.48085,6.48085
6.48095,-9.7627471E-08,-9.99783039093018,6.48095,6.48095
6.48105,-6.274187854E-06,-4.81573820114136,6.48105,6.48105
6.48115,3.0505192626E-05,-0.000870320247486,6.48115,6.48115
6.48125,4.163613994E-05,-0.000954057672061,6.48125,6.48125
6.48135,4.4623873691E-05,-0.000376198906451,6.48135,6.48135
6.48145,4.5623699407E-05,-0.000526785559487,6.48145,6.48145
6.48155,4.6053235565E-05,-0.00044839605107,6.48155,6.48155
6.48165,4.6309665777E-05,-0.000435448426288,6.48165,6.48165
6.48175,4.645125955E-05,-0.000406879174989,6.48175,6.48175
6.48185,4.6560890041E-05,-0.000141734039062,6.48185,6.48185
6.48195,4.6588633268E-05,-0.000235956264078,6.48195,6.48195
6.48205,3.8587684685E-05,-5.17185211181641,6.48205,6.48205
6.48215,1.908065769E-06,-9.99698638916016,6.48215,6.48215
6.48225,2.35993838E-07,-9.99681377410889,6.48225,6.48225
6.48235,1.610371E-08,-9.997314453125,6.48235,6.48235
6.48245,-4.9037201E-08,-9.99775695800781,6.48245,6.48245
6.48255,-4.7687273E-08,-9.99788570404053,6.48255,6.48255
6.48265,-6.283878E-08,-9.99777698516846,6.48265,6.48265
6.48275,-1.02591251E-07,-9.99772548675537,6.48275,6.48275
6.48285,-1.01149929E-07,-9.99808597564697,6.48285,6.48285
6.48295,-1.1950047E-07,-9.9978199005127,6.48295,6.48295
6.48305,-6.316401141E-06,-4.83608245849609,6.48305,6.48305
6.48315,3.047249993E-05,-0.001331087318249,6.48315,6.48315
6.48325,4.1682458686E-05,-0.001083815586753,6.48325,6.48325
6.48335,4.4631819037E-05,-0.000855894875713,6.48335,6.48335
6.48345,4.5638251322E-05,-0.000446214660769,6.48345,6.48345
6.48355,4.6107801609E-05,-0.000122031102364,6.48355,6.48355
6.48365,4.6346962336E-05,-0.000139341529575,6.48365,6.48365
6.48375,4.6436776756E-05,-0.00010908346303,6.48375,6.48375
6.48385,4.6553894208E-05,-0.000191132101463,6.48385,6.48385
6.48395,4.6597218898E-05,-0.000208935103728,6.48395,6.48395
6.48405,3.864903556E-05,-5.15198230743408,6.48405,6.48405
6.48415,1.888611337E-06,-9.99710845947266,6.48415,6.48415
6.48425,2.25173338E-07,-9.99730682373047,6.48425,6.48425
6.48435,-3.596756E-09,-9.99757194519043,6.48435,6.48435
6.48445,-4.093765E-08,-9.9975757598877,6.48445,6.48445
6.48455,-8.1027608E-08,-9.99761009216309,6.48455,6.48455
6.48465,-8.6673388E-08,-9.99777984619141,6.48465,6.48465
6.48475,-7.1528916E-08,-9.99763870239258,6.48475,6.48475
6.48485,-8.945058E-08,-9.99784374237061,6.48485,6.48485
6.48495,-9.3570662E-08,-9.99775981903076,6.48495,6.48495
6.48505,-6.372114058E-06,-4.8560938835144,6.48505,6.48505
6.48515,3.0466431781E-05,-0.000866450020112,6.48515,6.48515
6.48525,4.1694202082E-05,-0.00055922503816,6.48525,6.48525
6.48535,4.4686828915E-05,-0.000204501935514,6.48535,6.48535
6.48545,4.5721590141E-05,-0.000420178665081,6.48545,6.48545
6.48555,4.6151562856E-05,-0.000208020326681,6.48555,6.48555
6.48565,4.6363093134E-05,-0.000334259821102,6.48565,6.48565
6.48575,4.6507539082E-05,8.724215877E-05,6.48575,6.48575
6.48585,4.6615063184E-05,0.000101597150206,6.48585,6.48585
6.48595,4.6630757424E-05,6.7257758928E-05,6.48595,6.48595
6.48605,3.8816160668E-05,-5.13199090957642,6.48605,6.48605
6.48615,1.882677338E-06,-9.99702548980713,6.48615,6.48615
6.48625,2.30685529E-07,-9.99723720550537,6.48625,6.48625
6.48635,1.3530417E-08,-9.99763584136963,6.48635,6.48635
6.48645,-4.5310845E-08,-9.99783134460449,6.48645,6.48645
6.48655,-8.4817245E-08,-9.9978084564209,6.48655,6.48655
6.48665,-1.06760552E-07,-9.99823570251465,6.48665,6.48665
6.48675,-8.0922149E-08,-9.99838829040527,6.48675,6.48675
6.48685,-5.8585105E-08,-9.99834728240967,6.48685,6.48685
6.48695,-7.4833423E-08,-9.99845695495605,6.48695,6.48695
6.48705,-6.328986728E-06,-4.8760576248169,6.48705,6.48705
6.48715,3.0479171983E-05,-0.000987693434581,6.48715,6.48715
6.48725,4.1756738938E-05,-0.00076132081449,6.48725,6.48725
6.48735,4.4762404286E-05,-0.000267692055786,6.48735,6.48735
6.48745,4.5809581934E-05,-0.000344252010109,6.48745,6.48745
6.48755,4.6221615776E-05,-0.00029703535256,6.48755,6.48755
6.48765,4.6448818466E-05,-1.0146610293E-05,6.48765,6.48765
6.48775,4.6585730161E-05,0.000122707424453,6.48775,6.48775
6.48785,4.6690245654E-05,0.000266820279649,6.48785,6.48785
6.48795,4.6725770517E-05,-5.220877938E-06,6.48795,6.48795
6.48805,3.8937309E-05,-5.11202192306519,6.48805,6.48805
6.48815,1.957745781E-06,-9.99638938903809,6.48815,6.48815
6.48825,2.59701892E-07,-9.99688816070557,6.48825,6.48825
6.48835,4.8635496E-08,-9.99769306182861,6.48835,6.48835
6.48845,-2.546976E-08,-9.99758148193359,6.48845,6.48845
6.48855,-1.7159284E-08,-9.99808883666992,6.48855,6.48855
6.48865,-2.8718016E-08,-9.99795818328857,6.48865,6.48865
6.48875,-6.0406101E-08,-9.9981632232666,6.48875,6.48875
6.48885,-7.7252039E-08,-9.99781227111816,6.48885,6.48885
6.48895,-8.8051436E-08,-9.99786186218262,6.48895,6.48895
6.48905,-6.356104677E-06,-4.89574527740479,6.48905,6.48905
6.48915,3.0486018659E-05,-0.000646199390758,6.48915,6.48915
6.48925,4.1809515096E-05,-0.000551132776309,6.48925,6.48925
6.48935,4.4835018343E-05,-0.000338341138558,6.48935,6.48935
6.48945,4.581095709E-05,-0.000321171421092,6.48945,6.48945
6.48955,4.6285786084E-05,-0.000160944386153,6.48955,6.48955
6.48965,4.6529061365E-05,-0.000115486916911,6.48965,6.48965
6.48975,4.6648649004E-05,-0.000268466101261,6.48975,6.48975
6.48985,4.6710931201E-05,-9.0998990345E-05,6.48985,6.48985
6.48995,4.6742672566E-05,0.000105326631456,6.48995,6.48995
6.49005,3.9034221118E-05,-5.09198188781738,6.49005,6.49005
6.49015,1.933700332E-06,-9.99685096740723,6.49015,6.49015
6.49025,2.73812816E-07,-9.99720478057861,6.49025,6.49025
6.49035,4.9598725E-08,-9.99775123596191,6.49035,6.49035
6.49045,-1.4726607E-08,-9.99780178070068,6.49045,6.49045
6.49055,-5.9766293E-08,-9.99766635894775,6.49055,6.49055
6.49065,-8.9513854E-08,-9.99762153625488,6.49065,6.49065
6.49075,-6.0286574E-08,-9.99788761138916,6.49075,6.49075
6.49085,-8.7123361E-08,-9.99788570404053,6.49085,6.49085
6.49095,-1.12399306E-07,-9.99810409545898,6.49095,6.49095
6.49105,-6.438070159E-06,-4.91577816009521,6.49105,6.49105
6.49115,3.0489640267E-05,-0.000994659843855,6.49115,6.49115
6.49125,4.1841783968E-05,-0.000867153692525,6.49125,6.49125
6.49135,4.4837612222E-05,-0.000187965546502,6.49135,6.49135
6.49145,4.5860426326E-05,-5.572715963E-06,6.49145,6.49145
6.49155,4.6321783884E-05,0.000294826604659,6.49155,6.49155
6.49165,4.6542583732E-05,5.3254603699E-05,6.49165,6.49165
6.49175,4.6690947784E-05,0.000144662117236,6.49175,6.49175
6.49185,4.6786561143E-05,2.6163073926E-05,6.49185,6.49185
6.49195,4.6813544031E-05,0.000118133539218,6.49195,6.49195
6.49205,3.9150225348E-05,-5.0719747543335,6.49205,6.49205
6.49215,1.966000127E-06,-9.99702644348145,6.49215,6.49215
6.49225,3.11603685E-07,-9.9969596862793,6.49225,6.49225
6.49235,4.5837215E-08,-9.99734020233154,6.49235,6.49235
6.49245,-9.298783E-09,-9.99741363525391,6.49245,6.49245
6.49255,-1.9395097E-08,-9.99753952026367,6.49255,6.49255
6.49265,-6.7957238E-08,-9.99765014648438,6.49265,6.49265
6.49275,-6.9236854E-08,-9.99767780303955,6.49275,6.49275
6.49285,-8.7861601E-08,-9.99759769439697,6.49285,6.49285
6.49295,-6.0399067E-08,-9.99775218963623,6.49295,6.49295
6.49305,-6.459387805E-06,-4.93554353713989,6.49305,6.49305
6.49315,3.0470129786E-05,-0.000487520446768,6.49315,6.49315
6.49325,4.1816951125E-05,-0.000178325193701,6.49325,6.49325
6.49335,4.486540638E-05,7.767216448E-05,6.49335,6.49335
6.49345,4.5879172831E-05,0.000166264973814,6.49345,6.49345
6.49355,4.6311484766E-05,-5.009775123E-06,6.49355,6.49355
6.49365,4.6539749746E-05,0.000286030641291,6.49365,6.49365
6.49375,4.6687036956E-05,0.000369345885701,6.49375,6.49375
6.49385,4.6780303819E-05,-0.000145111684105,6.49385,6.49385
6.49395,4.6841276344E-05,-0.000109435306513,6.49395,6.49395
6.49405,3.9252015995E-05,-5.05201959609985,6.49405,6.49405
6.49415,1.932392479E-06,-9.99705028533936,6.49415,6.49415
6.49425,2.43594201E-07,-9.99707126617432,6.49425,6.49425
6.49435,4.1710102E-08,-9.99744892120361,6.49435,6.49435
6.49445,-3.6346499E-08,-9.99768543243408,6.49445,6.49445
6.49455,-8.5942176E-08,-9.99762439727783,6.49455,6.49455
6.49465,-6.6867457E-08,-9.99791812896729,6.49465,6.49465
6.49475,-6.1889608E-08,-9.99807834625244,6.49475,6.49475
6.49485,-9.5834601E-08,-9.99805355072021,6.49485,6.49485
6.49495,-1.2519547E-07,-9.99804496765137,6.49495,6.49495
6.49505,-6.472282621E-06,-4.95593357086182,6.49505,6.49505
6.49515,3.0436571251E-05,-0.000921266386285,6.49515,6.49515
6.49525,4.184829595E-05,-0.00062079669442,6.49525,6.49525
6.49535,4.4896805775E-05,-0.000353540526703,6.49535,6.49535
6.49545,4.5900847908E-05,-0.000343055755366,6.49545,6.49545
6.49555,4.6357057727E-05,-0.000148067119881,6.49555,6.49555
6.49565,4.6602712246E-05,0.000234591920162,6.49565,6.49565
6.49575,4.6743876737E-05,5.1354676543E-05,6.49575,6.49575
6.49585,4.6809578635E-05,0.000151909989654,6.49585,6.49585
6.49595,4.6833763918E-05,0.000259642780293,6.49595,6.49595
6.49605,3.9360587834E-05,-5.03189611434937,6.49605,6.49605
6.49615,1.949393209E-06,-9.99705219268799,6.49615,6.49615
6.49625,2.27381037E-07,-9.99695491790771,6.49625,6.49625
6.49635,2.1925263E-08,-9.9972677230835,6.49635,6.49635
6.49645,-4.3117215E-08,-9.99773216247559,6.49645,6.49645
6.49655,-6.1952889E-08,-9.99796676635742,6.49655,6.49655
6.49665,-6.2571601E-08,-9.99780941009521,6.49665,6.49665
6.49675,-5.0042612E-08,-9.99774169921875,6.49675,6.49675
6.49685,-7.0200088E-08,-9.99781322479248,6.49685,6.49685
6.49695,-6.7654916E-08,-9.9979076385498,6.49695,6.49695
6.49705,-6.487412975E-06,-4.97574329376221,6.49705,6.49705
6.49715,3.0433695429E-05,-0.000718537310604,6.49715,6.49715
6.49725,4.1869436245E-05,-0.000358255172614,6.49725,6.49725
6.49735,4.4914468162E-05,0.000109196851554,6.49735,6.49735
6.49745,4.5964661695E-05,0.000241417583311,6.49745,6.49745
6.49755,4.640179759E-05,3.9744023525E-05,6.49755,6.49755
6.49765,4.6650879085E-05,0.000411003507907,6.49765,6.49765
6.49775,4.6778390242E-05,0.000404670427088,6.49775,6.49775
6.49785,4.685744716E-05,0.00036230913247,6.49785,6.49785
6.49795,4.688489571E-05,0.00032205885509,6.49795,6.49795
6.49805,3.9440816181E-05,-5.01213598251343,6.49805,6.49805
6.49815,1.942390327E-06,-9.99689865112305,6.49815,6.49815
6.49825,2.67337413E-07,-9.99752902984619,6.49825,6.49825
6.49835,2.2333053E-08,-9.99762153625488,6.49835,6.49835
6.49845,-2.2917558E-08,-9.99783706665039,6.49845,6.49845
6.49855,-4.8995012E-08,-9.99791431427002,6.49855,6.49855
6.49865,-6.2578636E-08,-9.99782371520996,6.49865,6.49865
6.49875,-7.8573841E-08,-9.99820995330811,6.49875,6.49875
6.49885,-1.05628587E-07,-9.99811172485352,6.49885,6.49885
6.49895,-7.5318553E-08,-9.99833679199219,6.49895,6.49895
6.49905,-6.5260474E-06,-4.99604034423828,6.49905,6.49905
6.49915,3.042149001E-05,-0.000710656109732,6.49915,6.49915
6.49925,4.1935374611E-05,-0.000330741429934,6.49925,6.49925
6.49935,4.5003795094E-05,-3.3086449548E-05,6.49935,6.49935
6.49945,4.6001332521E-05,5.3043499065E-05,6.49945,6.49945
6.49955,4.6441866289E-05,0.000110744935228,6.49955,6.49955
6.49965,4.6680710511E-05,0.000136077273055,6.49965,6.49965
6.49975,4.6829667554E-05,0.000179775553988,6.49975,6.49975
6.49985,4.6925055358E-05,-4.8848793085E-05,6.49985,6.49985
6.49995,4.69881561E-05,0.000310307455948,6.49995,6.49995
6.50005,3.9576210838E-05,-4.99221563339233,6.50005,6.50005
6.50015,1.943803682E-06,-9.99747276306152,6.50015,6.50015
6.50025,2.47854899E-07,-9.99775409698486,6.50025,6.50025
6.50035,2.7500734E-08,-9.9980297088623,6.50035,6.50035
6.50045,-1.3918058E-08,-9.99812316894531,6.50045,6.50045
6.50055,-3.496142E-08,-9.99810695648193,6.50055,6.50055
6.50065,-4.9079386E-08,-9.99806213378906,6.50065,6.50065
6.50075,-5.8064824E-08,-9.99828052520752,6.50075,6.50075
6.50085,-5.0471495E-08,-9.99823760986328,6.50085,6.50085
6.50095,-8.3474347E-08,-9.99808692932129,6.50095,6.50095
6.50105,-6.558234873E-06,-5.01558923721313,6.50105,6.50105
6.50115,3.0400080504E-05,-0.000445722107543,6.50115,6.50115
6.50125,4.1959305236E-05,-0.000246089184657,6.50125,6.50125
6.50135,4.5036595111E-05,0.000115318835014,6.50135,6.50135
6.50145,4.6067529183E-05,0.000409314699937,6.50145,6.50145
6.50155,4.6492088586E-05,0.000385319348425,6.50155,6.50155
6.50165,4.6717694204E-05,0.000450127903605,6.50165,6.50165
6.50175,4.6845147153E-05,0.000394818955101,6.50175,6.50175
6.50185,4.6943368943E-05,0.000368431123206,6.50185,6.50185
6.50195,4.6972301789E-05,0.000322903273627,6.50195,6.50195
6.50205,3.9661768824E-05,-4.97182464599609,6.50205,6.50205
6.50215,1.942172503E-06,-9.99706649780273,6.50215,6.50215
6.50225,2.46842461E-07,-9.99781703948975,6.50225,6.50225
6.50235,4.3706866E-08,-9.99824047088623,6.50235,6.50235
6.50245,-4.3525006E-08,-9.99798011779785,6.50245,6.50245
6.50255,-7.8454313E-08,-9.9981517791748,6.50255,6.50255
6.50265,-1.17855251E-07,-9.99802207946777,6.50265,6.50265
6.50275,-6.8969683E-08,-9.99834251403809,6.50275,6.50275
6.50285,-9.0055231E-08,-9.9979362487793,6.50285,6.50285
6.50295,-9.2410573E-08,-9.99815940856934,6.50295,6.50295
6.50305,-6.590689281E-06,-5.0358772277832,6.50305,6.50305
6.50315,3.0377505027E-05,-0.000530726159923,6.50315,6.50315
6.50325,4.1951116145E-05,-0.000388865068089,6.50325,6.50325
6.50335,4.5044806029E-05,-0.000249396485742,6.50335,6.50335
6.50345,4.6057713917E-05,0.000272027478786,6.50345,6.50345
6.50355,4.6472323447E-05,0.000193708343431,6.50355,6.50355
6.50365,4.6721783292E-05,0.000484115444124,6.50365,6.50365
6.50375,4.6898239816E-05,0.000389611755963,6.50375,6.50375
6.50385,4.6934495913E-05,0.000385460065445,6.50385,6.50385
6.50395,4.6993955038E-05,0.000173723950866,6.50395,6.50395
6.50405,3.980008114E-05,-4.95204591751099,6.50405,6.50405
6.50415,2.007102466E-06,-9.99719619750977,6.50415,6.50415
6.50425,2.58583981E-07,-9.99736881256104,6.50425,6.50425
6.50435,4.0599225E-08,-9.99790477752686,6.50435,6.50435
6.50445,-2.3072236E-08,-9.99801063537598,6.50445,6.50445
6.50455,-7.6563012E-08,-9.99795627593994,6.50455,6.50455
6.50465,-7.5241211E-08,-9.99807167053223,6.50465,6.50465
6.50475,-8.7095238E-08,-9.99800300598145,6.50475,6.50475
6.50485,-1.00917909E-07,-9.99781036376953,6.50485,6.50485
6.50495,-1.13707046E-07,-9.99799919128418,6.50495,6.50495
6.50505,-6.627601124E-06,-5.05554294586182,6.50505,6.50505
6.50515,3.0386461731E-05,-0.000614393269643,6.50515,6.50515
6.50525,4.1970666643E-05,-0.000444174016593,6.50525,6.50525
6.50535,4.5061467972E-05,-0.000286128371954,6.50535,6.50535
6.50545,4.6111603297E-05,-6.065289654E-06,6.50545,6.50545
6.50555,4.6532142733E-05,-2.2249838366E-05,6.50555,6.50555
6.50565,4.678876212E-05,2.8133366868E-05,6.50565,6.50565
6.50575,4.6953879064E-05,0.000178016372956,6.50575,6.50575
6.50585,4.7017128963E-05,0.000186812321772,6.50585,6.50585
6.50595,4.7079971409E-05,0.000463497737655,6.50595,6.50595
6.50605,3.9919083065E-05,-4.93162965774536,6.50605,6.50605
6.50615,2.013029416E-06,-9.99685668945313,6.50615,6.50615
6.50625,2.66486666E-07,-9.99719715118408,6.50625,6.50625
6.50635,-1.5844513E-08,-9.99736499786377,6.50635,6.50635
6.50645,-5.7368769E-08,-9.99742221832275,6.50645,6.50645
6.50655,-8.1491649E-08,-9.99763488769531,6.50655,6.50655
6.50665,-8.6680423E-08,-9.99797439575195,6.50665,6.50665
6.50675,-8.5485176E-08,-9.99776554107666,6.50675,6.50675
6.50685,-9.3802683E-08,-9.99769020080566,6.50685,6.50685
6.50695,-1.0932682E-07,-9.9976749420166,6.50695,6.50695
6.50705,-6.667740308E-06,-5.07551431655884,6.50705,6.50705
6.50715,3.0356954085E-05,-0.000377254415071,6.50715,6.50715
6.50725,4.2004401621E-05,-0.000328982248902,6.50725,6.50725
6.50735,4.5100441639E-05,0.000165279838257,6.50735,6.50735
6.50745,4.6128585382E-05,0.000210174359381,6.50745,6.50745
6.50755,4.6567634854E-05,0.00030355216586,6.50755,6.50755
6.50765,4.6818156989E-05,0.000274560734397,6.50765,6.50765
6.50775,4.6957185987E-05,0.000274771824479,6.50775,6.50775
6.50785,4.705851461E-05,0.000104834056401,6.50785,6.50785
6.50795,4.7132751206E-05,0.000396367046051,6.50795,6.50795
6.50805,4.0021994209E-05,-4.91185665130615,6.50805,6.50805
6.50815,2.023217121E-06,-9.99657154083252,6.50815,6.50815
6.50825,2.64377405E-07,-9.99711513519287,6.50825,6.50825
6.50835,3.1409893E-08,-9.99748802185059,6.50835,6.50835
6.50845,-4.4628852E-08,-9.99752521514893,6.50845,6.50845
6.50855,-6.3415307E-08,-9.99758338928223,6.50855,6.50855
6.50865,-5.3944738E-08,-9.99764919281006,6.50865,6.50865
6.50875,-8.2588457E-08,-9.99786376953125,6.50875,6.50875
6.50885,-6.4828512E-08,-9.99784755706787,6.50885,6.50885
6.50895,-8.628669E-08,-9.99767971038818,6.50895,6.50895
6.50905,-6.658705843E-06,-5.09552240371704,6.50905,6.50905
6.50915,3.0350000088E-05,-0.000908881658688,6.50915,6.50915
6.50925,4.2018822569E-05,-0.000464721349999,6.50925,6.50925
6.50935,4.5112286898E-05,-5.3000483604E-05,6.50935,6.50935
6.50945,4.6171451686E-05,0.000147828672198,6.50945,6.50945
6.50955,4.6644705435E-05,4.3121668568E-05,6.50955,6.50955
6.50965,4.6875269618E-05,0.000248806172749,6.50965,6.50965
6.50975,4.7023007937E-05,0.000264498172328,6.50975,6.50975
6.50985,4.7105910198E-05,0.000288141687633,6.50985,6.50985
6.50995,4.7134883062E-05,0.000176890491275,6.50995,6.50995
6.51005,4.0105485823E-05,-4.89184761047363,6.51005,6.51005
6.51015,2.000915174E-06,-9.99684715270996,6.51015,6.51015
6.51025,2.52150755E-07,-9.99733543395996,6.51025,6.51025
6.51035,1.8543419E-08,-9.99775695800781,6.51035,6.51035
6.51045,-5.4879845E-08,-9.99767971038818,6.51045,6.51045
6.51055,-6.8899375E-08,-9.99788856506348,6.51055,6.51055
6.51065,-7.4517033E-08,-9.99817276000977,6.51065,6.51065
6.51075,-8.7573341E-08,-9.99783897399902,6.51075,6.51075
6.51085,-9.0807532E-08,-9.99796104431152,6.51085,6.51085
6.51095,-1.06233237E-07,-9.99805545806885,6.51095,6.51095
6.51105,-6.731341728E-06,-5.11567449569702,6.51105,6.51105
6.51115,3.0332599636E-05,-0.000659076671582,6.51115,6.51115
6.51125,4.2054307414E-05,-0.00033418944804,6.51125,6.51125
6.51135,4.5188862714E-05,1.6170874005E-05,6.51135,6.51135
6.51145,4.6227964049E-05,-7.613376965E-06,6.51145,6.51145
6.51155,4.6665223636E-05,0.000214185318328,6.51155,6.51155
6.51165,4.6897013817E-05,0.000500862952322,6.51165,6.51165
6.51175,4.7030891437E-05,0.000335499062203,6.51175,6.51175
6.51185,4.7133798944E-05,0.00023339567997,6.51185,6.51185
6.51195,4.7179684771E-05,9.9626857264E-05,6.51195,6.51195
6.51205,4.0200156946E-05,-4.87179946899414,6.51205,6.51205
6.51215,2.013655148E-06,-9.99710559844971,6.51215,6.51215
6.51225,2.59104269E-07,-9.99747943878174,6.51225,6.51225
6.51235,2.0420659E-08,-9.99800777435303,6.51235,6.51235
6.51245,-4.3651561E-08,-9.99838352203369,6.51245,6.51245
6.51255,-5.4851721E-08,-9.99817276000977,6.51255,6.51255
6.51265,-7.557869E-08,-9.99834632873535,6.51265,6.51265
6.51275,-7.8651176E-08,-9.99828052520752,6.51275,6.51275
6.51285,-9.0027108E-08,-9.9982967376709,6.51285,6.51285
6.51295,-7.0228211E-08,-9.99836254119873,6.51295,6.51295
6.51305,-6.695139746E-06,-5.13613891601563,6.51305,6.51305
6.51315,3.0315548429E-05,-0.001053487067111,6.51315,6.51315
6.51325,4.207494203E-05,-0.000461836287286,6.51325,6.51325
6.51335,4.5214557758E-05,-0.000107253908936,6.51335,6.51335
6.51345,4.625272777E-05,-0.000258966465481,6.51345,6.51345
6.51355,4.6691617172E-05,-0.000143000652315,6.51355,6.51355
6.51365,4.6907567594E-05,0.000119400152471,6.51365,6.51365
6.51375,4.7070123401E-05,0.000136499482323,6.51375,6.51375
6.51385,4.7157802328E-05,1.7718961317E-05,6.51385,6.51385
6.51395,4.7218360123E-05,0.000165842779097,6.51395,6.51395
6.51405,4.0359609557E-05,-4.8520188331604,6.51405,6.51405
6.51415,2.072629968E-06,-9.9971866607666,6.51415,6.51415
6.51425,2.45766728E-07,-9.9971752166748,6.51425,6.51425
6.51435,5.3332112E-08,-9.9975414276123,6.51435,6.51435
6.51445,-3.6016047E-08,-9.99755382537842,6.51445,6.51445
6.51455,-6.1812273E-08,-9.99797534942627,6.51455,6.51455
6.51465,-6.6832307E-08,-9.99800205230713,6.51465,6.51465
6.51475,-7.6323964E-08,-9.9981107711792,6.51475,6.51475
6.51485,-5.3811153E-08,-9.99845504760742,6.51485,6.51485
6.51495,-1.03807594E-07,-9.99828910827637,6.51495,6.51495
6.51505,-6.754550213E-06,-5.15579605102539,6.51505,6.51505
6.51515,3.0307723137E-05,-0.00097361986991,6.51515,6.51515
6.51525,4.2132327508E-05,-0.000907755806111,6.51525,6.51525
6.51535,4.5255033911E-05,-0.000346714863554,6.51535,6.51535
6.51545,4.6323373681E-05,-0.000152078078827,6.51545,6.51545
6.51555,4.6769757319E-05,-5.4689306126E-05,6.51555,6.51555
6.51565,4.7002464271E-05,-0.000149193001562,6.51565,6.51565
6.51575,4.7132642067E-05,0.000130096028442,6.51575,6.51575
6.51585,4.7196706873E-05,-8.8113920356E-05,6.51585,6.51585
6.51595,4.727034684E-05,-9.3461858341E-05,6.51595,6.51595
6.51605,4.0475020796E-05,-4.83222484588623,6.51605,6.51605
6.51615,2.033601731E-06,-9.99678230285645,6.51615,6.51615
6.51625,2.62654851E-07,-9.99708366394043,6.51625,6.51625
6.51635,9.71266E-09,-9.99753761291504,6.51635,6.51635
6.51645,-4.8038817E-08,-9.99778079986572,6.51645,6.51645
6.51655,-5.640554E-08,-9.99793910980225,6.51655,6.51655
6.51665,-9.722671E-08,-9.99820518493652,6.51665,6.51665
6.51675,-7.3603019E-08,-9.99806499481201,6.51675,6.51675
6.51685,-7.2267156E-08,-9.99786472320557,6.51685,6.51685
6.51695,-8.196271E-08,-9.99801445007324,6.51695,6.51695
6.51705,-6.812969787E-06,-5.17557430267334,6.51705,6.51705
6.51715,3.0250977943E-05,-0.000518904416822,6.51715,6.51715
6.51725,4.2103045416E-05,-0.000432774453657,6.51725,6.51725
6.51735,4.5237669838E-05,-0.000154540932272,6.51735,6.51735
6.51745,4.6313060011E-05,-0.000122805155115,6.51745,6.51745
6.51755,4.6787889005E-05,-5.4337466281E-05,6.51755,6.51755
6.51765,4.70033483E-05,9.2027155915E-05,6.51765,6.51765
6.51775,4.7161043767E-05,0.000346054206602,6.51775,6.51775
6.51785,4.7244957386E-05,0.000140932635986,6.51785,6.51785
6.51795,4.7285589972E-05,0.000181534749572,6.51795,6.51795
6.51805,4.0544324293E-05,-4.81190299987793,6.51805,6.51805
6.51815,2.027576329E-06,-9.99703407287598,6.51815,6.51815
6.51825,2.45633146E-07,-9.99727535247803,6.51825,6.51825
6.51835,-8.673037E-09,-9.99770069122314,6.51835,6.51835
6.51845,-6.2684094E-08,-9.99739646911621,6.51845,6.51845
6.51855,-8.3397005E-08,-9.99775409698486,6.51855,6.51855
6.51865,-1.00714011E-07,-9.99790859222412,6.51865,6.51865
6.51875,-8.7074149E-08,-9.9978199005127,6.51875,6.51875
6.51885,-1.13130511E-07,-9.99817371368408,6.51885,6.51885
6.51895,-1.23859607E-07,-9.99801063537598,6.51895,6.51895
6.51905,-6.864710031E-06,-5.19582939147949,6.51905,6.51905
6.51915,3.0261460779E-05,-0.000706926628482,6.51915,6.51915
6.51925,4.2145700718E-05,-0.0004436110612,6.51925,6.51925
6.51935,4.5286025852E-05,-0.000245033676038,6.51935,6.51935
6.51945,4.6342138376E-05,-1.3735358152E-05,6.51945,6.51945
6.51955,4.6834236855E-05,-0.000127941981191,6.51955,6.51955
6.51965,4.7045738029E-05,8.3160834038E-05,6.51965,6.51965
6.51975,4.7173594794E-05,0.000196593420696,6.51975,6.51975
6.51985,4.7243567678E-05,0.000305874302285,6.51985,6.51985
6.51995,4.728818385E-05,0.000287649105303,6.51995,6.51995
6.52005,4.0653983888E-05,-4.79186105728149,6.52005,6.52005
6.52015,2.053126536E-06,-9.99675559997559,6.52015,6.52015
6.52025,2.19738482E-07,-9.99712085723877,6.52025,6.52025
6.52035,-2.3986248E-08,-9.99718856811523,6.52035,6.52035
6.52045,-8.5316429E-08,-9.99748229980469,6.52045,6.52045
6.52055,-8.4233683E-08,-9.99765014648438,6.52055,6.52055
6.52065,-7.8088711E-08,-9.99789237976074,6.52065,6.52065
6.52075,-1.00137484E-07,-9.99789810180664,6.52075,6.52075
6.52085,-1.19978566E-07,-9.99822521209717,6.52085,6.52085
6.52095,-9.1341882E-08,-9.99802589416504,6.52095,6.52095
6.52105,-6.849171768E-06,-5.21580839157105,6.52105,6.52105
6.52115,3.0260138374E-05,-0.00055612885626,6.52115,6.52115
6.52125,4.2176459829E-05,-0.000584557361435,6.52125,6.52125
6.52135,4.534441905E-05,-0.000129138235934,6.52135,6.52135
6.52145,4.6372071665E-05,0.000129603460664,6.52145,6.52145
6.52155,4.681714563E-05,0.000434787769336,6.52155,6.52155
6.52165,4.7091853048E-05,0.000342606188497,6.52165,6.52165
6.52175,4.7241177526E-05,0.000130447864649,6.52175,6.52175
6.52185,4.73198088E-05,5.5435997638E-05,6.52185,6.52185
6.52195,4.733903188E-05,0.000337750825565,6.52195,6.52195
6.52205,4.0753413487E-05,-4.77214050292969,6.52205,6.52205
6.52215,2.051867796E-06,-9.99698638916016,6.52215,6.52215
6.52225,2.40957633E-07,-9.99709892272949,6.52225,6.52225
6.52235,2.13969E-10,-9.99764919281006,6.52235,6.52235
6.52245,-5.7769526E-08,-9.99770450592041,6.52245,6.52245
6.52255,-7.916443E-08,-9.9977388381958,6.52255,6.52255
6.52265,-1.12082915E-07,-9.99779224395752,6.52265,6.52265
6.52275,-1.13538299E-07,-9.99803352355957,6.52275,6.52275
6.52285,-1.0719647E-07,-9.99797630310059,6.52285,6.52285
6.52295,-1.21314429E-07,-9.99792098999023,6.52295,6.52295
6.52305,-6.918236068E-06,-5.23549699783325,6.52305,6.52305
6.52315,3.0197332308E-05,-0.000839499232825,6.52315,6.52315
6.52325,4.2162271711E-05,-0.000146730133565,6.52325,6.52325
6.52335,4.5366818085E-05,7.7320320997E-05,6.52335,6.52335
6.52345,4.6410936193E-05,5.2410192438E-05,6.52345,6.52345
6.52355,4.6860266593E-05,0.000507336750161,6.52355,6.52355
6.52365,4.7101755626E-05,0.000255631835898,6.52365,6.52365
6.52375,4.7230383643E-05,5.4450851167E-05,6.52375,6.52375
6.52385,4.7338638979E-05,0.000120455668366,6.52385,6.52385
6.52395,4.7392859415E-05,0.000354498333763,6.52395,6.52395
6.52405,4.0848965E-05,-4.75211572647095,6.52405,6.52405
6.52415,2.066885827E-06,-9.9966344833374,6.52415,6.52415
6.52425,2.41527118E-07,-9.99718570709229,6.52425,6.52425
6.52435,-2.0520034E-08,-9.99773216247559,6.52435,6.52435
6.52445,-6.3105951E-08,-9.99757385253906,6.52445,6.52445
6.52455,-8.3741519E-08,-9.9978199005127,6.52455,6.52455
6.52465,-9.6797827E-08,-9.99785804748535,6.52465,6.52465
6.52475,-1.17215443E-07,-9.99791049957275,6.52475,6.52475
6.52485,-1.02345176E-07,-9.99786281585693,6.52485,6.52485
6.52495,-1.22193285E-07,-9.99809455871582,6.52495,6.52495
6.52505,-6.922594821E-06,-5.25557994842529,6.52505,6.52505
6.52515,3.020200711E-05,-0.000750554550905,6.52515,6.52515
6.52525,4.2168619984E-05,-0.000483579875436,6.52525,6.52525
6.52535,4.5398224756E-05,-0.000177128938958,6.52535,6.52535
6.52545,4.6485991334E-05,-0.000155455723871,6.52545,6.52545
6.52555,4.6902223403E-05,0.000343098770827,6.52555,6.52555
6.52565,4.7176738008E-05,0.000636602053419,6.52565,6.52565
6.52575,4.7295827244E-05,0.000609158712905,6.52575,6.52575
6.52585,4.7412369895E-05,0.000356187141733,6.52585,6.52585
6.52595,4.7448542318E-05,0.000271886761766,6.52595,6.52595
6.52605,4.1017548938E-05,-4.73221349716187,6.52605,6.52605
6.52615,2.108459284E-06,-9.99698829650879,6.52615,6.52615
6.52625,2.53261618E-07,-9.99713706970215,6.52625,6.52625
6.52635,3.8293102E-08,-9.99742412567139,6.52635,6.52635
6.52645,-3.7541746E-08,-9.9976224899292,6.52645,6.52645
6.52655,-6.2578636E-08,-9.99784183502197,6.52655,6.52655
6.52665,-7.2513238E-08,-9.99799537658691,6.52665,6.52665
6.52675,-8.5253156E-08,-9.99792671203613,6.52675,6.52675
6.52685,-1.19809826E-07,-9.99805164337158,6.52685,6.52685
6.52695,-9.3528477E-08,-9.99777889251709,6.52695,6.52695
6.52705,-6.920991837E-06,-5.27551507949829,6.52705,6.52705
6.52715,3.0198752938E-05,-0.00074450293323,6.52715,6.52715
6.52725,4.2227202357E-05,-0.000508912198711,6.52725,6.52725
6.52735,4.5434004278E-05,3.1792482332E-05,6.52735,6.52735
6.52745,4.6488854423E-05,3.5451597796E-05,6.52745,6.52745
6.52755,4.6967859817E-05,0.000162465134053,6.52755,6.52755
6.52765,4.7228371841E-05,0.000271253462415,6.52765,6.52765
6.52775,4.7370838729E-05,0.000513810606208,6.52775,6.52775
6.52785,4.7430265113E-05,0.000289337913273,6.52785,6.52785
6.52795,4.7472272854E-05,0.000250706099905,6.52795,6.52795
6.52805,4.108991925E-05,-4.71219682693482,6.52805,6.52805
6.52815,2.070548817E-06,-9.9970817565918,6.52815,6.52815
6.52825,2.58246502E-07,-9.99720001220703,6.52825,6.52825
6.52835,3.6570544E-08,-9.99788665771484,6.52835,6.52835
6.52845,-4.658343E-08,-9.99772548675537,6.52845,6.52845
6.52855,-8.0858868E-08,-9.99799156188965,6.52855,6.52855
6.52865,-9.5356498E-08,-9.99826049804688,6.52865,6.52865
6.52875,-8.7397567E-08,-9.99849700927734,6.52875,6.52875
6.52885,-1.05326258E-07,-9.99834156036377,6.52885,6.52885
6.52895,-1.07723778E-07,-9.99812602996826,6.52895,6.52895
6.52905,-6.946879694E-06,-5.29570579528809,6.52905,6.52905
6.52915,3.0173878258E-05,-0.000864409375936,6.52915,6.52915
6.52925,4.2270301492E-05,-0.000440163043095,6.52925,6.52925
6.52935,4.5468554163E-05,-0.000130053012981,6.52935,6.52935
6.52945,4.654773511E-05,-0.000136949034641,6.52945,6.52945
6.52955,4.6998753533E-05,3.1018440495E-05,6.52955,6.52955
6.52965,4.7208039177E-05,0.000479823036585,6.52965,6.52965
6.52975,4.7377321607E-05,0.000472152954899,6.52975,6.52975
6.52985,4.7477256885E-05,0.000470182683785,6.52985,6.52985
6.52995,4.7501689551E-05,0.000699510681443,6.52995,6.52995
6.53005,4.1196661186E-05,-4.69203996658325,6.53005,6.53005
6.53015,2.076925966E-06,-9.99726009368896,6.53015,6.53015
6.53025,2.48368139E-07,-9.99735355377197,6.53025,6.53025
6.53035,-7.920735E-09,-9.99751091003418,6.53035,6.53035
6.53045,-5.1476906E-08,-9.99760341644287,6.53045,6.53045
6.53055,-8.7488971E-08,-9.99777793884277,6.53055,6.53055
6.53065,-8.6631204E-08,-9.9976921081543,6.53065,6.53065
6.53075,-6.9553245E-08,-9.997633934021,6.53075,6.53075
6.53085,-9.0259128E-08,-9.99802780151367,6.53085,6.53085
6.53095,-9.0575519E-08,-9.99809646606445,6.53095,6.53095
6.53105,-6.993022907E-06,-5.3155632019043,6.53105,6.53105
6.53115,3.0152608815E-05,-0.000700523203705,6.53115,6.53115
6.53125,4.227296813E-05,-0.000104228100099,6.53125,6.53125
6.53135,4.5489308832E-05,0.000399181764806,6.53135,6.53135
6.53145,4.6564244258E-05,0.000483974727103,6.53145,6.53145
6.53155,4.7024062951E-05,0.000337469362421,6.53155,6.53155
6.53165,4.7282814194E-05,0.000281245651422,6.53165,6.53165
6.53175,4.7385161452E-05,0.000672911759466,6.53175,6.53175
6.53185,4.7506739065E-05,0.000331558490871,6.53185,6.53185
6.53195,4.7574972996E-05,0.000377297430532,6.53195,6.53195
6.53205,4.1337792936E-05,-4.67210292816162,6.53205,6.53205
6.53215,2.111538834E-06,-9.99727916717529,6.53215,6.53215
6.53225,2.34756399E-07,-9.99759101867676,6.53225,6.53225
6.53235,1.4156163E-08,-9.99770450592041,6.53235,6.53235
6.53245,-5.4507208E-08,-9.9979419708252,6.53245,6.53245
6.53255,-1.15521004E-07,-9.99796104431152,6.53255,6.53255
6.53265,-1.22804977E-07,-9.99818134307861,6.53265,6.53265
6.53275,-1.19240326E-07,-9.99813652038574,6.53275,6.53275
6.53285,-1.07498792E-07,-9.99823951721191,6.53285,6.53285
6.53295,-1.23290107E-07,-9.99804401397705,6.53295,6.53295
6.53305,-7.034062037E-06,-5.33557605743408,6.53305,6.53305
6.53315,3.0133147447E-05,-0.000694330839906,6.53315,6.53315
6.53325,4.2267511162E-05,-0.000293868797598,6.53325,6.53325
6.53335,4.5552678785E-05,0.000189908489119,6.53335,6.53335
6.53345,4.6605149691E-05,0.000286312104436,6.53345,6.53345
6.53355,4.7067631385E-05,0.00032360694604,6.53355,6.53355
6.53365,4.7295307013E-05,0.000292574841296,6.53365,6.53365
6.53375,4.7443740186E-05,0.000240784269408,6.53375,6.53375
6.53385,4.7527508286E-05,5.4873056797E-05,6.53385,6.53385
6.53395,4.7591311159E-05,0.000288071314571,6.53395,6.53395
6.53405,4.1422084905E-05,-4.65235280990601,6.53405,6.53405
6.53415,2.108213266E-06,-9.99721145629883,6.53415,6.53415
6.53425,2.21074345E-07,-9.99739360809326,6.53425,6.53425
6.53435,-1.549297E-08,-9.99775218963623,6.53435,6.53435
6.53445,-8.0085471E-08,-9.99813175201416,6.53445,6.53445
6.53455,-8.8381888E-08,-9.99820518493652,6.53455,6.53455
6.53465,-1.25743867E-07,-9.99831962585449,6.53465,6.53465
6.53475,-1.38624401E-07,-9.99804973602295,6.53475,6.53475
6.53485,-1.32957538E-07,-9.99815940856934,6.53485,6.53485
6.53495,-1.29413976E-07,-9.99820709228516,6.53495,6.53495
6.53505,-7.077344435E-06,-5.35578775405884,6.53505,6.53505
6.53515,3.011442459E-05,-0.000996911549009,6.53515,6.53515
6.53525,4.2294410378E-05,-0.0009254180477,6.53525,6.53525
6.53535,4.5519318519E-05,-0.000485479802592,6.53535,6.53535
6.53545,4.6610093705E-05,-0.00043551879935,6.53545,6.53545
6.53555,4.7075754992E-05,-0.000634659139905,6.53555,6.53555
6.53565,4.732988964E-05,-0.00049863854656,6.53565,6.53565
6.53575,4.7454315791E-05,-4.7793280828E-05,6.53575,6.53575
6.53585,4.7523906687E-05,7.4083414802E-05,6.53585,6.53585
6.53595,4.7622401325E-05,0.000192723193322,6.53595,6.53595
6.53605,4.1532475734E-05,-4.63221311569214,6.53605,6.53605
6.53615,2.125509127E-06,-9.99724006652832,6.53615,6.53615
6.53625,2.38531982E-07,-9.99749374389648,6.53625,6.53625
6.53635,-3.413954E-09,-9.99798011779785,6.53635,6.53635
6.53645,-8.4641471E-08,-9.99795150756836,6.53645,6.53645
6.53655,-1.32191175E-07,-9.99833106994629,6.53655,6.53655
6.53665,-1.07871429E-07,-9.99850273132324,6.53665,6.53665
6.53675,-9.6762669E-08,-9.99861145019531,6.53675,6.53675
6.53685,-1.17820093E-07,-9.99821949005127,6.53685,6.53685
6.53695,-9.4878402E-08,-9.99820899963379,6.53695,6.53695
6.53705,-7.06763467E-06,-5.37567758560181,6.53705,6.53705
6.53715,3.0096523915E-05,-0.001001485507004,6.53715,6.53715
6.53725,4.2328974814E-05,-0.000622274412308,6.53725,6.53725
6.53735,4.5622968173E-05,-1.1694697605E-05,6.53735,6.53735
6.53745,4.6655590268E-05,-3.07643204E-05,6.53745,6.53745
6.53755,4.7120807722E-05,0.000129673819174,6.53755,6.53755
6.53765,4.7405043006E-05,-9.8457960121E-05,6.53765,6.53765
6.53775,4.7507914132E-05,0.0001761164458,6.53775,6.53775
6.53785,4.7560515668E-05,-8.3610393631E-05,6.53785,6.53785
6.53795,4.7634159273E-05,-9.761354886E-05,6.53795,6.53795
6.53805,4.1646875616E-05,-4.61279249191284,6.53805,6.53805
6.53815,2.167954335E-06,-9.99764537811279,6.53815,6.53815
6.53825,2.4979542E-07,-9.99790096282959,6.53825,6.53825
6.53835,-2.985072E-09,-9.99816608428955,6.53835,6.53835
6.53845,-3.783704E-08,-9.99853992462158,6.53845,6.53845
6.53855,-7.8517594E-08,-9.99828910827637,6.53855,6.53855
6.53865,-8.3319669E-08,-9.99839878082275,6.53865,6.53865
6.53875,-1.24021312E-07,-9.9981164932251,6.53875,6.53875
6.53885,-1.04426306E-07,-9.99839973449707,6.53885,6.53885
6.53895,-1.17468552E-07,-9.99826812744141,6.53895,6.53895
6.53905,-7.087391168E-06,-5.39562320709229,6.53905,6.53905
6.53915,3.0107252314E-05,-0.000798263819888,6.53915,6.53915
6.53925,4.2417577788E-05,-0.000292813288979,6.53925,6.53925
6.53935,4.5675922593E-05,9.0549438028E-05,6.53935,6.53935
6.53945,4.6726749133E-05,-6.8762827141E-05,6.53945,6.53945
6.53955,4.7202189307E-05,-1.1202124369E-05,6.53955,6.53955
6.53965,4.7434346925E-05,0.000276249542367,6.53965,6.53965
6.53975,4.7581186664E-05,0.000230018034927,6.53975,6.53975
6.53985,4.7676294344E-05,-0.000227230673772,6.53985,6.53985
6.53995,4.773386172E-05,0.000289689749479,6.53995,6.53995
6.54005,4.1802828491E-05,-4.59241676330566,6.54005,6.54005
6.54015,2.147585974E-06,-9.99704074859619,6.54015,6.54015
6.54025,2.73531583E-07,-9.99746894836426,6.54025,6.54025
6.54035,4.6638732E-08,-9.99783706665039,6.54035,6.54035
6.54045,-1.4881286E-08,-9.9976921081543,6.54045,6.54045
6.54055,-6.7218998E-08,-9.99800968170166,6.54055,6.54055
6.54065,-5.8915557E-08,-9.99797058105469,6.54065,6.54065
6.54075,-6.3077827E-08,-9.9983434677124,6.54075,6.54075
6.54085,-6.1741964E-08,-9.99833297729492,6.54085,6.54085
6.54095,-9.9912498E-08,-9.99812126159668,6.54095,6.54095
6.54105,-7.13439249E-06,-5.41607046127319,6.54105,6.54105
6.54115,3.0080058423E-05,-0.001201681327075,6.54115,6.54115
6.54125,4.2371804739E-05,-0.000886082591023,6.54125,6.54125
6.54135,4.5644694183E-05,-0.000481750321342,6.54135,6.54135
6.54145,4.6746281441E-05,-0.00032891187584,6.54145,6.54145
6.54155,4.7193596401E-05,-0.000346785236616,6.54155,6.54155
6.54165,4.7442237701E-05,-0.000206261131098,6.54165,6.54165
6.54175,4.7623234423E-05,-0.000185502693057,6.54175,6.54175
6.54185,4.7709825594E-05,-0.000263258902123,6.54185,6.54185
6.54195,4.7756402637E-05,-2.6894100301E-05,6.54195,6.54195
6.54205,4.1897357733E-05,-4.57230949401855,6.54205,6.54205
6.54215,2.22950257E-06,-9.99685668945313,6.54215,6.54215
6.54225,3.05564186E-07,-9.99722862243652,6.54225,6.54225
6.54235,5.9568482E-08,-9.99773216247559,6.54235,6.54235
6.54245,-1.3756348E-08,-9.99788475036621,6.54245,6.54245
6.54255,-3.4687215E-08,-9.99798107147217,6.54255,6.54255
6.54265,-7.25273E-08,-9.99792098999023,6.54265,6.54265
6.54275,-1.05916854E-07,-9.99807643890381,6.54275,6.54275
6.54285,-1.02464696E-07,-9.99814987182617,6.54285,6.54285
6.54295,-7.0389916E-08,-9.99803161621094,6.54295,6.54295
6.54305,-7.11639359E-06,-5.43555688858032,6.54305,6.54305
6.54315,3.0120878364E-05,-0.000912329705898,6.54315,6.54315
6.54325,4.2482577555E-05,-0.000538325868547,6.54325,6.54325
6.54335,4.5742610382E-05,0.000313403637847,6.54335,6.54335
6.54345,4.6807279432E-05,0.000158243070473,6.54345,6.54345
6.54355,4.7293877287E-05,0.000357313023414,6.54355,6.54355
6.54365,4.7540150263E-05,0.000329236354446,6.54365,6.54365
6.54375,4.7683341108E-05,0.000145717640407,6.54375,6.54375
6.54385,4.7755565902E-05,-5.6870700064E-05,6.54385,6.54385
6.54395,4.7793047997E-05,-5.8348421589E-05,6.54395,6.54395
6.54405,4.2021642003E-05,-4.55227851867676,6.54405,6.54405
6.54415,2.206729505E-06,-9.99737930297852,6.54415,6.54415
6.54425,2.9605846E-07,-9.99774742126465,6.54425,6.54425
6.54435,6.2690184E-08,-9.997878074646,6.54435,6.54435
6.54445,-1.7025698E-08,-9.99796104431152,6.54445,6.54445
6.54455,-3.7605023E-08,-9.99772930145264,6.54455,6.54455
6.54465,-2.9653121E-08,-9.99813842773438,6.54465,6.54465
6.54475,-6.1123245E-08,-9.99802303314209,6.54475,6.54475
6.54485,-8.3361854E-08,-9.99812412261963,6.54485,6.54485
6.54495,-6.4251978E-08,-9.9982795715332,6.54495,6.54495
6.54505,-7.148257282E-06,-5.45587968826294,6.54505,6.54505
6.54515,3.004204882E-05,-0.001201470149681,6.54515,6.54515
6.54525,4.2442537961E-05,-0.000842947221827,6.54525,6.54525
6.54535,4.5752545702E-05,-0.000437770562712,6.54535,6.54535
6.54545,4.683262523E-05,-0.000254181475611,6.54545,6.54545
6.54555,4.731264562E-05,-6.6862899985E-05,6.54555,6.54555
6.54565,4.7568843001E-05,0.00021481863223,6.54565,6.54565
6.54575,4.770853775E-05,3.4747921745E-05,6.54575,6.54575
6.54585,4.7748719226E-05,8.1260906882E-05,6.54585,6.54585
6.54595,4.78166221E-05,7.3239003541E-05,6.54595,6.54595
6.54605,4.2100036808E-05,-4.53232145309448,6.54605,6.54605
6.54615,2.227962796E-06,-9.99665927886963,6.54615,6.54615
6.54625,2.78122741E-07,-9.99678230285645,6.54625,6.54625
6.54635,4.7067616E-08,-9.9970874786377,6.54635,6.54635
6.54645,-9.868283E-09,-9.99759292602539,6.54645,6.54645
6.54655,-1.9444313E-08,-9.99747371673584,6.54655,6.54655
6.54665,-5.4619701E-08,-9.99772453308105,6.54665,6.54665
6.54675,-6.1678683E-08,-9.99785137176514,6.54675,6.54675
6.54685,-4.3749992E-08,-9.99779319763184,6.54685,6.54685
6.54695,-3.8947917E-08,-9.9979772567749,6.54695,6.54695
6.54705,-7.140846719E-06,-5.47558212280273,6.54705,6.54705
6.54715,3.0107561543E-05,-0.000610311923083,6.54715,6.54715
6.54725,4.2514351662E-05,-0.000480202230392,6.54725,6.54725
6.54735,4.5812870667E-05,-0.000105916922621,6.54735,6.54735
6.54745,4.689096022E-05,-2.335806357E-06,6.54745,6.54745
6.54755,4.7357360017E-05,-3.4423435864E-05,6.54755,6.54755
6.54765,4.759139847E-05,0.000166405719938,6.54765,6.54765
6.54775,4.7730656661E-05,0.000279979023617,6.54775,6.54775
6.54785,4.7830348194E-05,0.000141847413033,6.54785,6.54785
6.54795,4.7887009714E-05,0.000342324725352,6.54795,6.54795
6.54805,4.2243871576E-05,-4.51227283477783,6.54805,6.54805
6.54815,2.243817335E-06,-9.99713230133057,6.54815,6.54815
6.54825,3.3235878E-07,-9.99728775024414,6.54825,6.54825
6.54835,1.00551361E-07,-9.99790573120117,6.54835,6.54835
6.54845,2.9441251E-08,-9.99795246124268,6.54845,6.54845
6.54855,4.045788E-09,-9.99804496765137,6.54855,6.54855
6.54865,-3.6480085E-08,-9.99820518493652,6.54865,6.54865
6.54875,-5.5118893E-08,-9.99838066101074,6.54875,6.54875
6.54885,-6.7668978E-08,-9.9982738494873,6.54885,6.54885
6.54895,-5.7453139E-08,-9.99813556671143,6.54895,6.54895
6.54905,-7.189950338E-06,-5.49566745758057,6.54905,6.54905
6.54915,3.0017223253E-05,-0.0008349957061,6.54915,6.54915
6.54925,4.2507304897E-05,-0.000446425779955,6.54925,6.54925
6.54935,4.5811673772E-05,3.3973879908E-05,6.54935,6.54935
6.54945,4.6917080908E-05,0.000121018609207,6.54945,6.54945
6.54955,4.7396260925E-05,0.000196523047634,6.54955,6.54955
6.54965,4.7619578254E-05,0.000372864276869,6.54965,6.54965
6.54975,4.7797104344E-05,0.000440417177742,6.54975,6.54975
6.54985,4.7838770115E-05,0.000298415339785,6.54985,6.54985
6.54995,4.7919787903E-05,0.000413466390455,6.54995,6.54995
6.55005,4.236957102E-05,-4.49184513092041,6.55005,6.55005
6.55015,2.266976935E-06,-9.9970645904541,6.55015,6.55015
6.55025,2.89941624E-07,-9.99734687805176,6.55025,6.55025
6.55035,5.2404037E-08,-9.99768257141113,6.55035,6.55035
6.55045,2.2086972E-08,-9.99793338775635,6.55045,6.55045
6.55055,-1.1710368E-08,-9.99811458587646,6.55055,6.55055
6.55065,-3.9601787E-08,-9.99805736541748,6.55065,6.55065
6.55075,-4.5036639E-08,-9.99785995483398,6.55075,6.55075
6.55085,-4.6541246E-08,-9.99775314331055,6.55085,6.55085
6.55095,-1.02478758E-07,-9.99767589569092,6.55095,6.55095
6.55105,-7.238428225E-06,-5.51528406143188,6.55105,6.55105
6.55115,2.9995610021E-05,-0.000631844392046,6.55115,6.55115
6.55125,4.2511848733E-05,-0.000624033622444,6.55125,6.55125
6.55135,4.5837583457E-05,0.000223966417252,6.55135,6.55135
6.55145,4.6935172577E-05,-7.4110765127E-05,6.55145,6.55145
6.55155,4.7448818805E-05,0.000177945999894,6.55155,6.55155
6.55165,4.7670284403E-05,0.000508955214173,6.55165,6.55165
6.55175,4.7772351536E-05,0.000842286564875,6.55175,6.55175
6.55185,4.7891579015E-05,0.000522043614183,6.55185,6.55185
6.55195,4.7937686759E-05,0.000568556599319,6.55195,6.55195
6.55205,4.2451909394E-05,-4.47199296951294,6.55205,6.55205
6.55215,2.277530257E-06,-9.99705982208252,6.55215,6.55215
6.55225,3.17643213E-07,-9.99741649627686,6.55225,6.55225
6.55235,7.5570718E-08,-9.99775695800781,6.55235,6.55235
6.55245,-5.28198E-08,-9.99756145477295,6.55245,6.55245
6.55255,-6.051156E-08,-9.99811267852783,6.55255,6.55255
6.55265,-3.3140427E-08,-9.99809455871582,6.55265,6.55265
6.55275,-4.4551513E-08,-9.99796009063721,6.55275,6.55275
6.55285,-3.9201026E-08,-9.99820232391357,6.55285,6.55285
6.55295,-5.2770584E-08,-9.99801445007324,6.55295,6.55295
6.55305,-7.259886388E-06,-5.53579139709473,6.55305,6.55305
6.55315,2.9983748391E-05,-0.001087193144485,6.55315,6.55315
6.55325,4.2557807319E-05,-0.000662102480419,6.55325,6.55325
6.55335,4.5894634241E-05,-0.000329474802129,6.55335,6.55335
6.55345,4.6981174819E-05,-0.000182336138096,6.55345,6.55345
6.55355,4.7454595915E-05,0.000338454527082,6.55355,6.55355
6.55365,4.7717432608E-05,7.4505616794E-05,6.55365,6.55365
6.55375,4.7845245717E-05,0.000188008576515,6.55375,6.55375
6.55385,4.7951314627E-05,0.000164505792782,6.55385,6.55385
6.55395,4.8002773838E-05,0.000204685697099,6.55395,6.55395
6.55405,4.26049628E-05,-4.45248126983643,6.55405,6.55405
6.55415,2.282916057E-06,-9.9974422454834,6.55415,6.55415
6.55425,2.9668422E-07,-9.99761295318604,6.55425,6.55425
6.55435,4.6294222E-08,-9.998122215271,6.55435,6.55435
6.55445,-1.6167933E-08,-9.99789333343506,6.55445,6.55445
6.55455,-3.464503E-08,-9.99789428710938,6.55455,6.55455
6.55465,-7.4671711E-08,-9.99798202514648,6.55465,6.55465
6.55475,-9.1025491E-08,-9.99799919128418,6.55475,6.55475
6.55485,-9.5813505E-08,-9.9981517791748,6.55485,6.55485
6.55495,-1.04447402E-07,-9.99819850921631,6.55495,6.55495
6.55505,-7.30142483E-06,-5.55570268630982,6.55505,6.55505
6.55515,2.9997001548E-05,-0.000977560412139,6.55515,6.55515
6.55525,4.2603551265E-05,-0.000563236011658,6.55525,6.55525
6.55535,4.5921209676E-05,-3.090505561E-05,6.55535,6.55535
6.55545,4.7020046622E-05,-0.00017938070232,6.55545,6.55545
6.55555,4.7488534619E-05,-5.2226438129E-05,6.55555,6.55555
6.55565,4.774151239E-05,-0.000176636371179,6.55565,6.55565
6.55575,4.7857374739E-05,-5.994922049E-06,6.55575,6.55575
6.55585,4.7964967962E-05,-0.000113868460176,6.55585,6.55585
6.55595,4.8012178013E-05,-1.6268591935E-05,6.55595,6.55595
6.55605,4.2643816414E-05,-4.43236780166626,6.55605,6.55605
6.55615,2.25196618E-06,-9.99706268310547,6.55615,6.55615
6.55625,3.05732925E-07,-9.9972562789917,6.55625,6.55625
6.55635,5.143378E-08,-9.99761009216309,6.55635,6.55635
6.55645,-7.358266E-09,-9.99775695800781,6.55645,6.55645
6.55655,-6.1875546E-08,-9.99793815612793,6.55655,6.55655
6.55665,-4.6302194E-08,-9.99786472320557,6.55665,6.55665
6.55675,-6.7746313E-08,-9.99791717529297,6.55675,6.55675
6.55685,-7.9980012E-08,-9.99791717529297,6.55685,6.55685
6.55695,-7.1662505E-08,-9.99794101715088,6.55695,6.55695
6.55705,-7.286111668E-06,-5.57535123825073,6.55705,6.55705
6.55715,2.9934322811E-05,-0.000844143505674,6.55715,6.55715
6.55725,4.2584644689E-05,-0.000558662111871,6.55725,6.55725
6.55735,4.5942633733E-05,-1.54410472E-07,6.55735,6.55735
6.55745,4.7052937589E-05,0.000228399570915,6.55745,6.55745
6.55755,4.7498189815E-05,0.000109196851554,6.55755,6.55755
6.55765,4.773251203E-05,-9.583669453E-06,6.55765,6.55765
6.55775,4.7927238484E-05,0.000253168982454,6.55775,6.55775
6.55785,4.8004374548E-05,5.052792403E-06,6.55785,6.55785
6.55795,4.8025820433E-05,0.000324169901432,6.55795,6.55795
6.55805,4.2757779738E-05,-4.41253614425659,6.55805,6.55805
6.55815,2.286832114E-06,-9.99719905853271,6.55815,6.55815
6.55825,2.659242E-07,-9.9972677230835,6.55825,6.55825
6.55835,2.6410952E-08,-9.99773597717285,6.55835,6.55835
6.55845,-3.4574722E-08,-9.99792766571045,6.55845,6.55845
6.55855,-5.4479084E-08,-9.99808883666992,6.55855,6.55855
6.55865,-9.7219676E-08,-9.99801063537598,6.55865,6.55865
6.55875,-1.06401977E-07,-9.99816799163818,6.55875,6.55875
6.55885,-8.09573E-08,-9.99807548522949,6.55885,6.55885
6.55895,-9.80001E-08,-9.99808216094971,6.55895,6.55895
6.55905,-7.37422215E-06,-5.59551858901978,6.55905,6.55905
6.55915,2.9913602702E-05,-0.000577168771997,6.55915,6.55915
6.55925,4.2558673158E-05,-0.00035438494524,6.55925,6.55925
6.55935,4.594373604E-05,-9.302199032E-06,6.55935,6.55935
6.55945,4.7051526053E-05,2.510755985E-05,6.55945,6.55945
6.55955,4.7534609621E-05,0.000284975132672,6.55955,6.55955
6.55965,4.7803081543E-05,5.1425045967E-05,6.55965,6.55965
6.55975,4.7907673434E-05,0.000181182913366,6.55975,6.55975
6.55985,4.8003868869E-05,0.000368642213289,6.55985,6.55985
6.55995,4.8031241022E-05,0.00019624158449,6.55995,6.55995
6.56005,4.2867603042E-05,-4.39236211776733,6.56005,6.56005
6.56015,2.272292477E-06,-9.99689865112305,6.56015,6.56015
6.56025,2.76287693E-07,-9.99752521514893,6.56025,6.56025
6.56035,3.2450458E-08,-9.99800395965576,6.56035,6.56035
6.56045,-6.645967E-08,-9.99803829193115,6.56045,6.56045
6.56055,-4.8024756E-08,-9.99797821044922,6.56055,6.56055
6.56065,-3.59598E-08,-9.99813461303711,6.56065,6.56065
6.56075,-9.1362971E-08,-9.99831867218018,6.56075,6.56075
6.56085,-1.08602642E-07,-9.9981575012207,6.56085,6.56085
6.56095,-8.9492765E-08,-9.99814605712891,6.56095,6.56095
6.56105,-7.371374522E-06,-5.61572790145874,6.56105,6.56105
6.56115,2.9880500733E-05,-0.000735988491215,6.56115,6.56115
6.56125,4.2598621803E-05,-0.000436926144175,6.56125,6.56125
6.56135,4.599532258E-05,-9.8176489701E-05,6.56135,6.56135
6.56145,4.7064721002E-05,4.7554825869E-05,6.56145,6.56145
6.56155,4.753408939E-05,8.484965656E-05,6.56155,6.56155
6.56165,4.7813282436E-05,0.000143395503983,6.56165,6.56165
6.56175,4.7972822358E-05,0.000154583962285,6.56175,6.56175
6.56185,4.8036708904E-05,0.000443513359642,6.56185,6.56185
6.56195,4.8108740884E-05,0.000299048639135,6.56195,6.56195
6.56205,4.2989053327E-05,-4.37236356735229,6.56205,6.56205
6.56215,2.304978807E-06,-9.99725723266602,6.56215,6.56215
6.56225,2.67126467E-07,-9.99772453308105,6.56225,6.56225
6.56235,5.200328E-08,-9.99782657623291,6.56235,6.56235
6.56245,-3.7682362E-08,-9.99813175201416,6.56245,6.56245
6.56255,-5.9063204E-08,-9.99829578399658,6.56255,6.56255
6.56265,-8.3115772E-08,-9.99832820892334,6.56265,6.56265
6.56275,-6.1369327E-08,-9.99828243255615,6.56275,6.56275
6.56285,-7.9621437E-08,-9.99847316741943,6.56285,6.56285
6.56295,-8.9099032E-08,-9.99843978881836,6.56295,6.56295
6.56305,-7.407907106E-06,-5.63587999343872,6.56305,6.56305
6.56315,2.9849945349E-05,-0.000845761911478,6.56315,6.56315
6.56325,4.2636715079E-05,-0.00046317325905,6.56325,6.56325
6.56335,4.6005374315E-05,-1.148359479E-05,6.56335,6.56335
6.56345,4.713654198E-05,-0.000281976681435,6.56345,6.56345
6.56355,4.7618774261E-05,-0.000306464615278,6.56355,6.56355
6.56365,4.787286889E-05,0.000338947080309,6.56365,6.56365
6.56375,4.8005647841E-05,0.000257320672972,6.56375,6.56375
6.56385,4.811157487E-05,0.000248454336543,6.56385,6.56385
6.56395,4.8138488637E-05,0.000379901030101,6.56395,6.56395
6.56405,4.307771087E-05,-4.35201644897461,6.56405,6.56405
6.56415,2.324644129E-06,-9.99689674377441,6.56415,6.56415
6.56425,3.35895322E-07,-9.99707698822021,6.56425,6.56425
6.56435,7.69558E-08,-9.99746608734131,6.56435,6.56435
6.56445,-3.1867842E-08,-9.99733924865723,6.56445,6.56445
6.56455,-2.907732E-09,-9.99752712249756,6.56455,6.56455
6.56465,-6.1777115E-08,-9.99788379669189,6.56465,6.56465
6.56475,-9.058958E-08,-9.99767589569092,6.56475,6.56475
6.56485,-9.5047142E-08,-9.99787139892578,6.56485,6.56485
6.56495,-8.0851841E-08,-9.9977388381958,6.56495,6.56495
6.56505,-7.424668638E-06,-5.6552529335022,6.56505,6.56505
6.56515,2.9831397114E-05,-0.000555214064661,6.56515,6.56515
6.56525,4.2642521294E-05,-0.000342774292221,6.56525,6.56525
6.56535,4.6051321988E-05,3.6225643271E-05,6.56535,6.56535
6.56545,4.713557064E-05,-4.3149018893E-05,6.56545,6.56545
6.56555,4.7637040552E-05,0.000116444716696,6.56555,6.56555
6.56565,4.7883557272E-05,0.000187727098819,6.56565,6.56565
6.56575,4.8068723117E-05,3.3129468648E-05,6.56575,6.56575
6.56585,4.8135916586E-05,0.000231143916608,6.56585,6.56585
6.56595,4.8203884944E-05,0.000510503305122,6.56595,6.56595
6.56605,4.3211915909E-05,-4.33219194412232,6.56605,6.56605
6.56615,2.337953674E-06,-9.99690914154053,6.56615,6.56615
6.56625,3.08453878E-07,-9.997389793396,6.56625,6.56625
6.56635,5.8851334E-08,-9.9976053237915,6.56635,6.56635
6.56645,9.761876E-09,-9.99777126312256,6.56645,6.56645
6.56655,-4.6084239E-08,-9.99734783172607,6.56655,6.56655
6.56665,-5.4486115E-08,-9.99790477752686,6.56665,6.56665
6.56675,-5.5111862E-08,-9.99802112579346,6.56675,6.56675
6.56685,-4.903017E-08,-9.99797534942627,6.56685,6.56685
6.56695,-8.6251539E-08,-9.99797534942627,6.56695,6.56695
6.56705,-7.459408152E-06,-5.67535352706909,6.56705,6.56705
6.56715,2.9781373087E-05,-0.000798474880867,6.56715,6.56715
6.56725,4.2653067794E-05,-0.000689264386892,6.56725,6.56725
6.56735,4.6051842219E-05,-0.000138215647894,6.56735,6.56735
6.56745,4.7193640057E-05,0.00015226182586,6.56745,6.56745
6.56755,4.770086889E-05,9.413818043E-05,6.56755,6.56755
6.56765,4.7934136091E-05,2.660293831E-06,6.56765,6.56765
6.56775,4.8064059229E-05,7.239459228E-05,6.56775,6.56775
6.56785,4.8172994866E-05,0.000294756231597,6.56785,6.56785
6.56795,4.821082257E-05,0.000358720397344,6.56795,6.56795
6.56805,4.334039113E-05,-4.31180095672607,6.56805,6.56805
6.56815,2.360888175E-06,-9.99623489379883,6.56815,6.56815
6.56825,2.95278028E-07,-9.99661922454834,6.56825,6.56825
6.56835,3.779391E-08,-9.99726009368896,6.56835,6.56835
6.56845,-3.0560102E-08,-9.99727249145508,6.56845,6.56845
6.56855,-3.4202085E-08,-9.99754238128662,6.56855,6.56855
6.56865,-4.2596934E-08,-9.99751472473145,6.56865,6.56865
6.56875,-6.8477526E-08,-9.9976749420166,6.56875,6.56875
6.56885,-4.6927941E-08,-9.99787902832031,6.56885,6.56885
6.56895,-6.6213588E-08,-9.99788951873779,6.56895,6.56895
6.56905,-7.466249372E-06,-5.69533395767212,6.56905,6.56905
6.56915,2.9803786674E-05,-0.000554440019187,6.56915,6.56915
6.56925,4.269675992E-05,-0.000235604427871,6.56925,6.56925
6.56935,4.6088676754E-05,-0.000128293817397,6.56935,6.56935
6.56945,4.7207791795E-05,0.000238110311329,6.56945,6.56945
6.56955,4.7706183977E-05,4.3966079829E-05,6.56955,6.56955
6.56965,4.7960362281E-05,0.000362168386346,6.56965,6.56965
6.56975,4.8117250117E-05,0.000608243921306,6.56975,6.56975
6.56985,4.81947136E-05,0.000342746934621,6.56985,6.56985
6.56995,4.8285350204E-05,0.000504803552758,6.56995,6.56995
6.57005,4.3433381506E-05,-4.29180002212524,6.57005,6.57005
6.57015,2.336709031E-06,-9.99640846252441,6.57015,6.57015
6.57025,2.85702015E-07,-9.99671936035156,6.57025,6.57025
6.57035,2.9715455E-08,-9.99721336364746,6.57035,6.57035
6.57045,-4.019941E-08,-9.99741554260254,6.57045,6.57045
6.57055,-7.0776615E-08,-9.9974365234375,6.57055,6.57055
6.57065,-8.8726402E-08,-9.99748611450195,6.57065,6.57065
6.57075,-1.01093683E-07,-9.99735736846924,6.57075,6.57075
6.57085,-9.1475464E-08,-9.99731159210205,6.57085,6.57085
6.57095,-9.5490087E-08,-9.99722957611084,6.57095,6.57095
6.57105,-7.515689958E-06,-5.71483564376831,6.57105,6.57105
6.57115,2.9738730518E-05,-0.00036606597132,6.57115,6.57115
6.57125,4.2702529754E-05,-0.000324619439198,6.57125,6.57125
6.57135,4.6108685638E-05,7.7812896052E-05,6.57135,6.57135
6.57145,4.7250570788E-05,0.000213622377487,6.57145,6.57145
6.57155,4.7737990826E-05,0.000347250461346,6.57155,6.57155
6.57165,4.7975801863E-05,0.000633787363768,6.57165,6.57165
6.57175,4.8127400078E-05,0.000667704560328,6.57175,6.57175
6.57185,4.8239951866E-05,0.000690785120241,6.57185,6.57185
6.57195,4.8298890761E-05,0.000727587379515,6.57195,6.57195
6.57205,4.3540363549E-05,-4.27189350128174,6.57205,6.57205
6.57215,2.390185728E-06,-9.9964771270752,6.57215,6.57215
6.57225,2.86742562E-07,-9.99676322937012,6.57225,6.57225
6.57235,4.998542E-08,-9.99740409851074,6.57235,6.57235
6.57245,-2.6236123E-08,-9.99748992919922,6.57245,6.57245
6.57255,-4.2927383E-08,-9.99758815765381,6.57255,6.57255
6.57265,-7.0846923E-08,-9.99739742279053,6.57265,6.57265
6.57275,-8.4107128E-08,-9.9975061416626,6.57275,6.57275
6.57285,-8.2356443E-08,-9.99764919281006,6.57285,6.57285
6.57295,-1.10972039E-07,-9.99758338928223,6.57295,6.57295
6.57305,-7.534687484E-06,-5.73502540588379,6.57305,6.57305
6.57315,2.9704666304E-05,-0.000366910389857,6.57315,6.57315
6.57325,4.2751409637E-05,-4.8637692089E-05,6.57325,6.57325
6.57335,4.6202261728E-05,0.000455968402093,6.57335,6.57335
6.57345,4.7311095841E-05,0.000360831414582,6.57345,6.57345
6.57355,4.7785470088E-05,0.000192934297957,6.57355,6.57355
6.57365,4.803711272E-05,0.00039249684778,6.57365,6.57365
6.57375,4.8160040024E-05,0.000389682129025,6.57375,6.57375
6.57385,4.8285102821E-05,0.000418814306613,6.57385,6.57385
6.57395,4.8342804803E-05,0.00087261502631,6.57395,6.57395
6.57405,4.3678886868E-05,-4.25210475921631,6.57405,6.57405
6.57415,2.368137075E-06,-9.99678325653076,6.57415,6.57415
6.57425,3.13101253E-07,-9.99697685241699,6.57425,6.57425
6.57435,8.0836834E-08,-9.99748134613037,6.57435,6.57435
6.57445,-4.0895465E-08,-9.99774169921875,6.57445,6.57445
6.57455,-6.9286074E-08,-9.9978141784668,6.57455,6.57455
6.57465,-6.3141101E-08,-9.99784278869629,6.57465,6.57465
6.57475,-7.5656033E-08,-9.99767589569092,6.57475,6.57475
6.57485,-7.4024875E-08,-9.99775886535645,6.57485,6.57485
6.57495,-1.06373854E-07,-9.99779510498047,6.57495,6.57495
6.57505,-7.558528978E-06,-5.75534915924072,6.57505,6.57505
6.57515,2.9676584745E-05,-0.000323000975186,6.57515,6.57515
6.57525,4.2716092139E-05,-0.000170936589711,6.57525,6.57525
6.57535,4.6177778131E-05,0.000302426284179,6.57535,6.57535
6.57545,4.7312947572E-05,0.00041438115295,6.57545,6.57545
6.57555,4.7771922254E-05,0.000982881058007,6.57555,6.57555
6.57565,4.80280396E-05,0.000808439741377,6.57565,6.57565
6.57575,4.8188296205E-05,0.000538228137884,6.57575,6.57575
6.57585,4.8265228543E-05,0.000544279755559,6.57585,6.57585
6.57595,4.8329322453E-05,0.000640753773041,6.57595,6.57595
6.57605,4.3760705012E-05,-4.23173427581787,6.57605,6.57605
6.57615,2.412550884E-06,-9.99662971496582,6.57615,6.57615
6.57625,2.86826946E-07,-9.99663162231445,6.57625,6.57625
6.57635,2.6361734E-08,-9.99716281890869,6.57635,6.57635
6.57645,-2.4527624E-08,-9.99722766876221,6.57645,6.57645
6.57655,-3.52989E-08,-9.99722099304199,6.57655,6.57655
6.57665,-8.5323464E-08,-9.99726963043213,6.57665,6.57665
6.57675,-8.5281279E-08,-9.99744701385498,6.57675,6.57675
6.57685,-6.4687889E-08,-9.99758911132813,6.57685,6.57685
6.57695,-6.902593E-08,-9.99768257141113,6.57695,6.57695
6.57705,-7.541549621E-06,-5.77505683898926,6.57705,6.57705
6.57715,2.9728353184E-05,-0.000320115912473,6.57715,6.57715
6.57725,4.2784340621E-05,-0.000205557458685,6.57725,6.57725
6.57735,4.6227207349E-05,0.000322410691297,6.57735,6.57735
6.57745,4.7347453801E-05,0.000242261987296,6.57745,6.57745
6.57755,4.7855639423E-05,0.000291308213491,6.57755,6.57755
6.57765,4.8139296268E-05,0.000613169628195,6.57765,6.57765
6.57775,4.825745782E-05,0.000662004749756,6.57775,6.57775
6.57785,4.8340189096E-05,0.000491644779686,6.57785,6.57785
6.57795,4.8399961088E-05,0.000474123255117,6.57795,6.57795
6.57805,4.3860647565E-05,-4.21184539794922,6.57805,6.57805
6.57815,2.425326102E-06,-9.99620914459229,6.57815,6.57815
6.57825,3.18135363E-07,-9.99638843536377,6.57825,6.57825
6.57835,6.0369999E-08,-9.9969425201416,6.57835,6.57835
6.57845,-5.0780852E-08,-9.99720001220703,6.57845,6.57845
6.57855,-7.1001601E-08,-9.99720573425293,6.57855,6.57855
6.57865,-8.0472169E-08,-9.9972038269043,6.57865,6.57865
6.57875,-1.03125601E-07,-9.99705791473389,6.57875,6.57875
6.57885,-1.15851456E-07,-9.99707794189453,6.57885,6.57885
6.57895,-1.08799505E-07,-9.99722290039063,6.57895,6.57895
6.57905,-7.586420452E-06,-5.79475831985474,6.57905,6.57905
6.57915,2.965006388E-05,-0.000260444183368,6.57915,6.57915
6.57925,4.2763756937E-05,-0.000384572631447,6.57925,6.57925
6.57935,4.6244866098E-05,0.00012939235603,6.57935,6.57935
6.57945,4.7390876716E-05,0.000288774986984,6.57945,6.57945
6.57955,4.7883713705E-05,0.000491152226459,6.57955,6.57955
6.57965,4.8132624215E-05,0.000460260838736,6.57965,6.57965
6.57975,4.8301528295E-05,0.000520073284861,6.57975,6.57975
6.57985,4.836190783E-05,0.000695007154718,6.57985,6.57985
6.57995,4.8419675295E-05,0.000742575677577,6.57995,6.57995
6.58005,4.3976240704E-05,-4.19181776046753,6.58005,6.58005
6.58015,2.412044751E-06,-9.99645328521729,6.58015,6.58015
6.58025,2.88451076E-07,-9.9965353012085,6.58025,6.58025
6.58035,4.8881578E-08,-9.99711513519287,6.58035,6.58035
6.58045,-1.1140869E-08,-9.99722480773926,6.58045,6.58045
6.58055,-4.8425516E-08,-9.99717140197754,6.58055,6.58055
6.58065,-6.9567307E-08,-9.99711036682129,6.58065,6.58065
6.58075,-7.4974039E-08,-9.99723815917969,6.58075,6.58075
6.58085,-8.5590635E-08,-9.99733638763428,6.58085,6.58085
6.58095,-7.9206615E-08,-9.99725914001465,6.58095,6.58095
6.58105,-7.592621841E-06,-5.81498527526855,6.58105,6.58105
6.58115,2.9689415896E-05,-0.000501171743963,6.58115,6.58115
6.58125,4.2833573389E-05,-0.000144619101775,6.58125,6.58125
6.58135,4.6295637731E-05,0.000443513359642,6.58135,6.58135
6.58145,4.7453147999E-05,0.000607892055996,6.58145,6.58145
6.58155,4.7930658184E-05,0.000660597404931,6.58155,6.58155
6.58165,4.8161811719E-05,0.000893654942047,6.58165,6.58165
6.58175,4.8311259889E-05,0.000784374016803,6.58175,6.58175
6.58185,4.8422662076E-05,0.000799503060989,6.58185,6.58185
6.58195,4.8462941777E-05,0.000898932514247,6.58195,6.58195
6.58205,4.4121134124E-05,-4.17184638977051,6.58205,6.58205
6.58215,2.483225217E-06,-9.99665641784668,6.58215,6.58215
6.58225,3.64855424E-07,-9.99704456329346,6.58225,6.58225
6.58235,8.9316046E-08,-9.9972448348999,6.58235,6.58235
6.58245,-4.904496E-09,-9.9970760345459,6.58245,6.58245
6.58255,-4.4263246E-08,-9.99730396270752,6.58255,6.58255
6.58265,-8.2110361E-08,-9.99731254577637,6.58265,6.58265
6.58275,-6.7774437E-08,-9.99706554412842,6.58275,6.58275
6.58285,-9.454795E-08,-9.9971809387207,6.58285,6.58285
6.58295,-8.3685272E-08,-9.9974479675293,6.58295,6.58295
6.58305,-7.627952073E-06,-5.83542346954346,6.58305,6.58305
6.58315,2.9622644433E-05,-0.000715792994015,6.58315,6.58315
6.58325,4.2842289986E-05,-0.000441500043962,6.58325,6.58325
6.58335,4.6338933316E-05,0.000321355182678,6.58335,6.58335
6.58345,4.7477384214E-05,0.00055800145492,6.58345,6.58345
6.58355,4.798134978E-05,0.000395804119762,6.58355,6.58355
6.58365,4.8246300139E-05,0.000396085582906,6.58365,6.58365
6.58375,4.8383550165E-05,0.000457235029899,6.58375,6.58375
6.58385,4.8455363867E-05,0.000446257676231,6.58385,6.58385
6.58395,4.8493075155E-05,0.000637305725832,6.58395,6.58395
6.58405,4.4189819164E-05,-4.15217113494873,6.58405,6.58405
6.58415,2.427034588E-06,-9.99681186676025,6.58415,6.58415
6.58425,2.86566802E-07,-9.99690628051758,6.58425,6.58425
6.58435,2.0364412E-08,-9.99730777740479,6.58435,6.58435
6.58445,-5.9077266E-08,-9.99758911132813,6.58445,6.58445
6.58455,-6.734556E-08,-9.99743175506592,6.58455,6.58455
6.58465,-9.8731313E-08,-9.99753952026367,6.58465,6.58465
6.58475,-1.13721107E-07,-9.9974193572998,6.58475,6.58475
6.58485,-1.05284073E-07,-9.99797630310059,6.58485,6.58485
6.58495,-1.15584285E-07,-9.99772357940674,6.58495,6.58495
6.58505,-7.698541594E-06,-5.85494089126587,6.58505,6.58505
6.58515,2.9542401535E-05,-0.000645284599159,6.58515,6.58515
6.58525,4.2819814553E-05,-0.000535511178896,6.58525,6.58525
6.58535,4.6318644308E-05,2.871396646E-06,6.58535,6.58535
6.58545,4.7477300541E-05,0.000212496495806,6.58545,6.58545
6.58555,4.7934383474E-05,0.000388063665014,6.58555,6.58555
6.58565,4.82283358E-05,0.000583333778195,6.58565,6.58565
6.58575,4.8382938985E-05,0.000755382585339,6.58575,6.58575
6.58585,4.8515448725E-05,0.000937705044635,6.58585,6.58585
6.58595,4.8534973757E-05,0.000861919135787,6.58595,6.58595
6.58605,4.4295928092E-05,-4.13158369064331,6.58605,6.58605
6.58615,2.459503094E-06,-9.99638748168945,6.58615,6.58615
6.58625,2.66078871E-07,-9.99651718139648,6.58625,6.58625
6.58635,-7.948858E-09,-9.99667453765869,6.58635,6.58635
6.58645,-5.6714899E-08,-9.99706745147705,6.58645,6.58645
6.58655,-8.2975156E-08,-9.99712753295898,6.58655,6.58655
6.58665,-1.00868697E-07,-9.99706649780273,6.58665,6.58665
6.58675,-8.5414868E-08,-9.99721431732178,6.58675,6.58675
6.58685,-7.3870197E-08,-9.99728775024414,6.58685,6.58685
6.58695,-7.7434841E-08,-9.99723052978516,6.58695,6.58695
6.58705,-7.673624168E-06,-5.87492704391479,6.58705,6.58705
6.58715,2.9585844459E-05,-0.000383939332096,6.58715,6.58715
6.58725,4.2903564463E-05,-0.000249255739618,6.58725,6.58725
6.58735,4.6400131396E-05,0.000216648186324,6.58735,6.58735
6.58745,4.755230475E-05,0.000155850575538,6.58745,6.58745
6.58755,4.8024237913E-05,0.000186530844076,6.58755,6.58755
6.58765,4.8277819587E-05,0.00039214498247,6.58765,6.58765
6.58775,4.8400881496E-05,0.000484045100166,6.58775,6.58775
6.58785,4.8486297601E-05,0.000582981971093,6.58785,6.58785
6.58795,4.8581434385E-05,0.000710839871317,6.58795,6.58795
6.58805,4.4419226469E-05,-4.11218929290772,6.58805,6.58805
6.58815,2.445715609E-06,-9.99642086029053,6.58815,6.58815
6.58825,2.93555473E-07,-9.99682998657227,6.58825,6.58825
6.58835,5.584916E-08,-9.99729919433594,6.58835,6.58835
6.58845,-3.7436283E-08,-9.99752140045166,6.58845,6.58845
6.58855,-4.7033403E-08,-9.99760150909424,6.58855,6.58855
6.58865,-6.7964272E-08,-9.99748134613037,6.58865,6.58865
6.58875,-6.4807416E-08,-9.99747467041016,6.58875,6.58875
6.58885,-7.9087094E-08,-9.99733448028564,6.58885,6.58885
6.58895,-6.4209793E-08,-9.99727344512939,6.58895,6.58895
6.58905,-7.652053682E-06,-5.89477968215942,6.58905,6.58905
6.58915,2.9536515285E-05,-0.000250733457506,6.58915,6.58915
6.58925,4.2891930207E-05,0.00025148014538,6.58925,6.58925
6.58935,4.639970939E-05,0.000413184898207,6.58935,6.58935
6.58945,4.758221985E-05,0.000517399341334,6.58945,6.58945
6.58955,4.8033158237E-05,0.000562223489396,6.58955,6.58955
6.58965,4.8299734772E-05,0.000600222032517,6.58965,6.58965
6.58975,4.8440295359E-05,0.000819065258838,6.58975,6.58975
6.58985,4.8583817261E-05,0.000705351238139,6.58985,6.58985
6.58995,4.8593738029E-05,0.000963178114034,6.58995,6.58995
6.59005,4.4509772124E-05,-4.09143590927124,6.59005,6.59005
6.59015,2.472207825E-06,-9.99632549285889,6.59015,6.59015
6.59025,2.97324021E-07,-9.99660682678223,6.59025,6.59025
6.59035,4.7215263E-08,-9.99731826782227,6.59035,6.59035
6.59045,-3.0841335E-08,-9.99719619750977,6.59045,6.59045
6.59055,-6.2339588E-08,-9.99749183654785,6.59055,6.59055
6.59065,-6.7570546E-08,-9.99766540527344,6.59065,6.59065
6.59075,-8.5956238E-08,-9.99742984771729,6.59075,6.59075
6.59085,-7.3300697E-08,-9.99742126464844,6.59085,6.59085
6.59095,-5.5161077E-08,-9.99756622314453,6.59095,6.59095
6.59105,-7.696362445E-06,-5.91509246826172,6.59105,6.59105
6.59115,2.9551505577E-05,-0.000574213336222,6.59115,6.59115
6.59125,4.2942847358E-05,-0.000292320706649,6.59125,6.59125
6.59135,4.6438337449E-05,0.000330010399921,6.59135,6.59135
6.59145,4.7597568482E-05,0.000533724611159,6.59145,6.59145
6.59155,4.8090110795E-05,0.000443231867393,6.59155,6.59155
6.59165,4.8344372772E-05,0.000548783282284,6.59165,6.59165
6.59175,4.8487374443E-05,0.000709502899554,6.59175,6.59175
6.59185,4.8630408855E-05,0.000750879058614,6.59185,6.59185
6.59195,4.8656816944E-05,0.000719072879292,6.59195,6.59195
6.59205,4.4654538215E-05,-4.07199096679688,6.59205,6.59205
6.59215,2.531105338E-06,-9.99679183959961,6.59215,6.59215
6.59225,3.36985096E-07,-9.99688529968262,6.59225,6.59225
6.59235,7.0051492E-08,-9.99775695800781,6.59235,6.59235
6.59245,-1.0170609E-08,-9.99743747711182,6.59245,6.59245
6.59255,-4.487493E-08,-9.99762153625488,6.59255,6.59255
6.59265,-3.5228592E-08,-9.99776649475098,6.59265,6.59265
6.59275,-4.649203E-08,-9.99783897399902,6.59275,6.59275
6.59285,-5.1631588E-08,-9.99789428710938,6.59285,6.59285
6.59295,-4.0881403E-08,-9.99777221679688,6.59295,6.59295
6.59305,-7.707309123E-06,-5.93520784378052,6.59305,6.59305
6.59315,2.9491553505E-05,-0.000618333811872,6.59315,6.59315
6.59325,4.2979456339E-05,-0.000539240660146,6.59325,6.59325
6.59335,4.6530145482E-05,-4.5822987886E-05,6.59335,6.59335
6.59345,4.7669665946E-05,-0.000177832611371,6.59345,6.59345
6.59355,4.813729538E-05,0.000491222599521,6.59355,6.59355
6.59365,4.8390516895E-05,0.000339369289577,6.59365,6.59365
6.59375,4.8528236221E-05,0.000491715152748,6.59375,6.59375
6.59385,4.8634734412E-05,0.000767767254729,6.59385,6.59385
6.59395,4.868627002E-05,0.000722872733604,6.59395,6.59395
6.59405,4.4752723625E-05,-4.05190753936767,6.59405,6.59405
6.59415,2.521677061E-06,-9.9962215423584,6.59415,6.59415
6.59425,3.15892521E-07,-9.99658203125,6.59425,6.59425
6.59435,6.1663677E-08,-9.99715805053711,6.59435,6.59435
6.59445,3.5719808E-08,-9.99720478057861,6.59445,6.59445
6.59455,-2.9547659E-08,-9.99742889404297,6.59455,6.59455
6.59465,-5.4289252E-08,-9.99737358093262,6.59465,6.59465
6.59475,-5.9182728E-08,-9.9974946975708,6.59475,6.59475
6.59485,-5.0323848E-08,-9.99751758575439,6.59485,6.59485
6.59495,-4.9993396E-08,-9.99777412414551,6.59495,6.59495
6.59505,-7.732156519E-06,-5.95536231994629,6.59505,6.59505
6.59515,2.9502782127E-05,-0.000524322735146,6.59515,6.59515
6.59525,4.2961786676E-05,-0.000124705067719,6.59525,6.59525
6.59535,4.6518507588E-05,0.000293841439998,6.59535,6.59535
6.59545,4.7673256631E-05,0.000427751016105,6.59545,6.59545
6.59555,4.8175232223E-05,0.000330714072334,6.59555,6.59555
6.59565,4.8400703236E-05,0.000415084825363,6.59565,6.59565
6.59575,4.8572073865E-05,0.000363435014151,6.59575,6.59575
6.59585,4.8650912504E-05,0.000188078935025,6.59585,6.59585
6.59595,4.8704423534E-05,0.000528095231857,6.59595,6.59595
6.59605,4.4836615416E-05,-4.03224563598633,6.59605,6.59605
6.59615,2.542924221E-06,-9.996901512146,6.59615,6.59615
6.59625,3.47517329E-07,-9.9971399307251,6.59625,6.59625
6.59635,6.0658266E-08,-9.99737930297852,6.59635,6.59635
6.59645,-1.0149517E-08,-9.9974536895752,6.59645,6.59645
6.59655,-2.0393479E-08,-9.9975757598877,6.59655,6.59655
6.59665,-8.651944E-09,-9.99773120880127,6.59665,6.59665
6.59675,-7.4573279E-08,-9.99759101867676,6.59675,6.59675
6.59685,-5.7488293E-08,-9.99781799316406,6.59685,6.59685
6.59695,-6.1397451E-08,-9.99765777587891,6.59695,6.59695
6.59705,-7.780753549E-06,-5.97530937194824,6.59705,6.59705
6.59715,2.9407281545E-05,-0.000715722620953,6.59715,6.59715
6.59725,4.295117833E-05,-0.00036712147994,6.59725,6.59725
6.59735,4.6542441851E-05,-2.4994174964E-05,6.59735,6.59735
6.59745,4.7717967391E-05,-0.000265651382506,6.59745,6.59745
6.59755,4.8226676881E-05,-0.000253618520219,6.59755,6.59755
6.59765,4.8471167247E-05,0.000132840359583,6.59765,6.59765
6.59775,4.8611636885E-05,0.000134529182105,6.59775,6.59775
6.59785,4.8683563364E-05,0.00022065914527,6.59785,6.59785
6.59795,4.8774443712E-05,0.000257461389992,6.59795,6.59795
6.59805,4.4969983719E-05,-4.01232671737671,6.59805,6.59805
6.59815,2.57717852E-06,-9.99689102172852,6.59815,6.59815
6.59825,3.0027698E-07,-9.9970817565918,6.59825,6.59825
6.59835,8.4521005E-08,-9.99738788604736,6.59835,6.59835
6.59845,-1.3784471E-08,-9.9976224899292,6.59845,6.59845
6.59855,-6.9061088E-08,-9.9977560043335,6.59855,6.59855
6.59865,-6.8154108E-08,-9.99782085418701,6.59865,6.59865
6.59875,-7.0706307E-08,-9.99788665771484,6.59875,6.59875
6.59885,-8.3987601E-08,-9.99778652191162,6.59885,6.59885
6.59895,-1.09136984E-07,-9.99795150756836,6.59895,6.59895
6.59905,-7.824408385E-06,-5.99528694152832,6.59905,6.59905
6.59915,2.9397066101E-05,-0.000580687192269,6.59915,6.59915
6.59925,4.3007283239E-05,-0.000432070781244,6.59925,6.59925
6.59935,4.6542940254E-05,-2.7034835512E-05,6.59935,6.59935
6.59945,4.7748719226E-05,-0.000101554134744,6.59945,6.59945
6.59955,4.8255995353E-05,-0.000120342279843,6.59955,6.59955
6.59965,4.8518606491E-05,0.000145506535773,6.59965,6.59965
6.59975,4.8673817219E-05,0.000276812497759,6.59975,6.59975
6.59985,4.8774902098E-05,0.000240502806264,6.59985,6.59985
6.59995,4.87755824E-05,0.000130096028442,6.59995,6.59995
6.60005,4.5081142162E-05,-3.99253129959107,6.60005,6.60005
6.60015,2.55901773E-06,-9.99716472625732,6.60015,6.60015
6.60025,3.13776241E-07,-9.99739646911621,6.60025,6.60025
6.60035,5.3500852E-08,-9.99771976470947,6.60035,6.60035
6.60045,-1.0536215E-08,-9.99777030944824,6.60045,6.60045
6.60055,-4.9677009E-08,-9.99789810180664,6.60055,6.60055
6.60065,-5.8078886E-08,-9.99802112579346,6.60065,6.60065
6.60075,-6.3830129E-08,-9.99794578552246,6.60075,6.60075
6.60085,-8.0500293E-08,-9.9978494644165,6.60085,6.60085
6.60095,-8.3516532E-08,-9.99796199798584,6.60095,6.60095
6.60105,-7.845289474E-06,-6.01540899276733,6.60105,6.60105
6.60115,2.9382539651E-05,-0.000824721995741,6.60115,6.60115
6.60125,4.3024072511E-05,-0.000739436480217,6.60125,6.60125
6.60135,4.661836283E-05,0.000106804349343,6.60135,6.60135
6.60145,4.7784076742E-05,0.00024029170163,6.60145,6.60145
6.60155,4.8269972467E-05,0.000104974795249,6.60155,6.60155
6.60165,4.8517063988E-05,0.000164857628988,6.60165,6.60165
6.60175,4.8656205763E-05,0.000235506697209,6.60175,6.60175
6.60185,4.8762547522E-05,0.000425077043474,6.60185,6.60185
6.60195,4.8799109209E-05,0.000167883437825,6.60195,6.60195
6.60205,4.5171760576E-05,-3.97206115722656,6.60205,6.60205
6.60215,2.549160627E-06,-9.99666690826416,6.60215,6.60215
6.60225,3.14352746E-07,-9.99688911437988,6.60225,6.60225
6.60235,6.6571218E-08,-9.9973087310791,6.60235,6.60235
6.60245,1.3593694E-08,-9.99756240844727,6.60245,6.60245
6.60255,-5.068242E-08,-9.99772262573242,6.60255,6.60255
6.60265,-3.9918174E-08,-9.99808502197266,6.60265,6.60265
6.60275,-7.646458E-08,-9.99802780151367,6.60275,6.60275
6.60285,-7.3378033E-08,-9.99791622161865,6.60285,6.60285
6.60295,-6.3063766E-08,-9.99766063690186,6.60295,6.60295
6.60305,-7.872520655E-06,-6.03507423400879,6.60305,6.60305
6.60315,2.9331840778E-05,-0.000688982894644,6.60315,6.60315
6.60325,4.3024123443E-05,-0.000107465013571,6.60325,6.60325
6.60335,4.6638146159E-05,7.79536349E-05,6.60335,6.60335
6.60345,4.7825833462E-05,2.2380882E-06,6.60345,6.60345
6.60355,4.8324349336E-05,0.000220940608415,6.60355,6.60355
6.60365,4.8566063924E-05,0.000400096527301,6.60365,6.60365
6.60375,4.8718738981E-05,0.000265905517153,6.60375,6.60375
6.60385,4.8798709031E-05,0.000423669698648,6.60385,6.60385
6.60395,4.885863018E-05,0.00033852487104,6.60395,6.60395
6.60405,4.5329154091E-05,-3.95228719711304,6.60405,6.60405
6.60415,2.600900643E-06,-9.99682331085205,6.60415,6.60415
6.60425,3.43488637E-07,-9.997145652771,6.60425,6.60425
6.60435,8.2664855E-08,-9.99749851226807,6.60435,6.60435
6.60445,4.095003E-09,-9.99780368804932,6.60445,6.60445
6.60455,-1.5050025E-08,-9.99758529663086,6.60455,6.60455
6.60465,-9.0097416E-08,-9.99749851226807,6.60465,6.60465
6.60475,-8.3326697E-08,-9.99788856506348,6.60475,6.60475
6.60485,-6.1320108E-08,-9.99786758422852,6.60485,6.60485
6.60495,-6.6537005E-08,-9.99783611297607,6.60495,6.60495
6.60505,-7.873455615E-06,-6.05531215667725,6.60505,6.60505
6.60515,2.9313103369E-05,-0.000582657463383,6.60515,6.60515
6.60525,4.3088355596E-05,-0.000255166611169,6.60525,6.60525
6.60535,4.6695047786E-05,9.4630755484E-05,6.60535,6.60535
6.60545,4.7838799219E-05,0.000131925582536,6.60545,6.60545
6.60555,4.8372407036E-05,0.000195256434381,6.60555,6.60555
6.60565,4.8621423048E-05,9.7656564321E-05,6.60565,6.60565
6.60575,4.8776582844E-05,-1.190580042E-05,6.60575,6.60575
6.60585,4.8853809858E-05,0.000180127404747,6.60585,6.60585
6.60595,4.8903424613E-05,0.000308266811771,6.60595,6.60595
6.60605,4.5408221922E-05,-3.93237018585205,6.60605,6.60605
6.60615,2.620608257E-06,-9.99704551696777,6.60615,6.60615
6.60625,3.3155024E-07,-9.99736022949219,6.60625,6.60625
6.60635,7.0051492E-08,-9.99748802185059,6.60635,6.60635
6.60645,-6.7895E-10,-9.99771118164063,6.60645,6.60645
6.60655,-3.210689E-08,-9.99750709533691,6.60655,6.60655
6.60665,-6.0750608E-08,-9.99769306182861,6.60665,6.60665
6.60675,-4.0192379E-08,-9.9975757598877,6.60675,6.60675
6.60685,-9.0322402E-08,-9.99770927429199,6.60685,6.60685
6.60695,-3.9897081E-08,-9.9977560043335,6.60695,6.60695
6.60705,-7.868738066E-06,-6.07516717910767,6.60705,6.60705
6.60715,2.9301594623E-05,-0.000532907550223,6.60715,6.60715
6.60725,4.3099647883E-05,-9.4939576229E-05,6.60725,6.60725
6.60735,4.6688805014E-05,0.000341480306815,6.60735,6.60735
6.60745,4.7880133934E-05,0.000584037450608,6.60745,6.60745
6.60755,4.837252709E-05,0.000736805552151,6.60755,6.60755
6.60765,4.8655532737E-05,0.000632450392004,6.60765,6.60765
6.60775,4.8828573199E-05,0.000277023587842,6.60775,6.60775
6.60785,4.8857815273E-05,0.000691840657964,6.60785,6.60785
6.60795,4.8920181143E-05,0.000417055125581,6.60795,6.60795
6.60805,4.5537184633E-05,-3.91224265098572,6.60805,6.60805
6.60815,2.628981974E-06,-9.99641513824463,6.60815,6.60815
6.60825,3.33357178E-07,-9.99667644500732,6.60825,6.60825
6.60835,6.487678E-08,-9.99727630615234,6.60835,6.60835
6.60845,-6.303637E-09,-9.99757194519043,6.60845,6.60845
6.60855,-6.5545656E-08,-9.99755477905273,6.60855,6.60855
6.60865,-5.3839276E-08,-9.99782180786133,6.60865,6.60865
6.60875,-4.3321112E-08,-9.99792957305908,6.60875,6.60875
6.60885,-8.3129834E-08,-9.99782657623291,6.60885,6.60885
6.60895,-9.3957361E-08,-9.99788951873779,6.60895,6.60895
6.60905,-7.932529115E-06,-6.09543228149414,6.60905,6.60905
6.60915,2.9238281058E-05,-0.000966231280472,6.60915,6.60915
6.60925,4.306986375E-05,-0.000685886712745,6.60925,6.60925
6.60935,4.6684443078E-05,-0.000184517542948,6.60935,6.60935
6.60945,4.7878995247E-05,-0.000130264117615,6.60945,6.60945
6.60955,4.8375113693E-05,0.000377508520614,6.60955,6.60955
6.60965,4.8607744247E-05,0.000242050897214,6.60965,6.60965
6.60975,4.8777656048E-05,0.000453857384855,6.60975,6.60975
6.60985,4.8871159379E-05,0.000414310779888,6.60985,6.60985
6.60995,4.890909986E-05,0.000393763446482,6.60995,6.60995
6.61005,4.5622960897E-05,-3.89210820198059,6.61005,6.61005
6.61015,2.603565463E-06,-9.99705219268799,6.61015,6.61015
6.61025,3.06400864E-07,-9.99733638763428,6.61025,6.61025
6.61035,4.5591136E-08,-9.99746227264404,6.61035,6.61035
6.61045,-4.6449845E-08,-9.99771308898926,6.61045,6.61045
6.61055,-4.0811095E-08,-9.99779033660889,6.61055,6.61055
6.61065,-8.1322902E-08,-9.99763584136963,6.61065,6.61065
6.61075,-8.3579813E-08,-9.99776077270508,6.61075,6.61075
6.61085,-1.23754134E-07,-9.99789905548096,6.61085,6.61085
6.61095,-9.3183964E-08,-9.99795341491699,6.61095,6.61095
6.61105,-7.959056347E-06,-6.11530876159668,6.61105,6.61105
6.61115,2.9211956644E-05,-0.000670265115332,6.61115,6.61115
6.61125,4.3083680794E-05,-0.000544588605408,6.61125,6.61125
6.61135,4.6728695452E-05,4.349116352E-06,6.61135,6.61135
6.61145,4.7943813115E-05,-2.4571969334E-05,6.61145,6.61145
6.61155,4.84410848E-05,0.000448931648862,6.61155,6.61155
6.61165,4.868459655E-05,0.000459697912447,6.61165,6.61165
6.61175,4.8838628572E-05,0.000730402069166,6.61175,6.61175
6.61185,4.8922633141E-05,0.000401714991312,6.61185,6.61185
6.61195,4.9000551371E-05,0.000731527979951,6.61195,6.61195
6.61205,4.5745593525E-05,-3.87198042869568,6.61205,6.61205
6.61215,2.663672149E-06,-9.99673080444336,6.61215,6.61215
6.61225,3.38679541E-07,-9.99673557281494,6.61225,6.61225
6.61235,7.6091005E-08,-9.99712562561035,6.61235,6.61235
6.61245,2.984128E-09,-9.99721527099609,6.61245,6.61245
6.61255,-2.3634705E-08,-9.99706172943115,6.61255,6.61255
6.61265,-5.885931E-08,-9.99732780456543,6.61265,6.61265
6.61275,-7.6218498E-08,-9.99737930297852,6.61275,6.61275
6.61285,-8.8185026E-08,-9.99742984771729,6.61285,6.61285
6.61295,-7.7659827E-08,-9.99766731262207,6.61295,6.61295
6.61305,-7.941760487E-06,-6.13490200042725,6.61305,6.61305
6.61315,2.9201819416E-05,-0.000243344853516,6.61315,6.61315
6.61325,4.3112620915E-05,0.00029067491414,6.61325,6.61325
6.61335,4.6770051995E-05,0.000569401017856,6.61335,6.61335
6.61345,4.7971210734E-05,0.000494459469337,6.61345,6.61345
6.61355,4.8484955187E-05,0.000506210897584,6.61355,6.61355
6.61365,4.8710062401E-05,0.000434787769336,6.61365,6.61365
6.61375,4.8891059123E-05,0.000318610836985,6.61375,6.61375
6.61385,4.8959074775E-05,0.000411636836361,6.61385,6.61385
6.61395,4.9004622269E-05,0.000371245812858,6.61395,6.61395
6.61405,4.5837507059E-05,-3.85231995582581,6.61405,6.61405
6.61415,2.643838116E-06,-9.99726390838623,6.61415,6.61415
6.61425,3.38039712E-07,-9.99734306335449,6.61425,6.61425
6.61435,1.9816005E-08,-9.99737071990967,6.61435,6.61435
6.61445,-1.8839659E-08,-9.99775123596191,6.61445,6.61445
6.61455,-5.2911204E-08,-9.99793720245361,6.61455,6.61455
6.61465,-6.0019403E-08,-9.99774742126465,6.61465,6.61465
6.61475,-6.1573225E-08,-9.99818420410156,6.61475,6.61475
6.61485,-7.0917231E-08,-9.99814701080322,6.61485,6.61485
6.61495,-9.1271573E-08,-9.99789524078369,6.61495,6.61495
6.61505,-7.989183359E-06,-6.15503835678101,6.61505,6.61505
6.61515,2.9104483474E-05,-0.000761461560614,6.61515,6.61515
6.61525,4.3107902457E-05,-0.00024137456785,6.61525,6.61525
6.61535,4.6765198931E-05,0.000164365046658,6.61535,6.61535
6.61545,4.7982019169E-05,0.000104200749774,6.61545,6.61545
6.61555,4.84857228E-05,0.000226358912187,6.61555,6.61555
6.61565,4.8753016017E-05,-0.000132515880978,6.61565,6.61565
6.61575,4.8883528507E-05,0.00036026845919,6.61575,6.61575
6.61585,4.9012985983E-05,6.0361729993E-05,6.61585,6.61585
6.61595,4.9053618568E-05,-9.7402444226E-05,6.61595,6.61595
6.61605,4.595102655E-05,-3.83251595497131,6.61605,6.61605
6.61615,2.657126515E-06,-9.99676895141602,6.61615,6.61615
6.61625,3.56692595E-07,-9.99723148345947,6.61625,6.61625
6.61635,4.8431602E-08,-9.99776935577393,6.61635,6.61635
6.61645,-2.1272337E-08,-9.9978723526001,6.61645,6.61645
6.61655,-6.1952889E-08,-9.9978551864624,6.61655,6.61655
6.61665,-7.7828567E-08,-9.99806690216064,6.61665,6.61665
6.61675,-7.939645E-08,-9.99772071838379,6.61675,6.61675
6.61685,-8.8930292E-08,-9.99767589569092,6.61685,6.61685
6.61695,-1.17257628E-07,-9.99765968322754,6.61695,6.61695
6.61705,-8.023170267E-06,-6.175124168396,6.61705,6.61705
6.61715,2.9082519177E-05,-0.000611226714682,6.61715,6.61715
6.61725,4.312730016E-05,-0.000312516203849,6.61725,6.61725
6.61735,4.6811943321E-05,9.251973097E-05,6.61735,6.61735
6.61745,4.7990895837E-05,0.000259853899479,6.61745,6.61745
6.61755,4.8494235671E-05,0.000433591514593,6.61755,6.61755
6.61765,4.8778438213E-05,0.000574889651034,6.61765,6.61765
6.61775,4.8949132179E-05,0.000528939650394,6.61775,6.61775
6.61785,4.9053160183E-05,0.000290463794954,6.61785,6.61785
6.61795,4.9084654165E-05,0.000515921623446,6.61795,6.61795
6.61805,4.6090364776E-05,-3.81238746643066,6.61805,6.61805
6.61815,2.731723953E-06,-9.99670791625977,6.61815,6.61815
6.61825,3.36239822E-07,-9.99691200256348,6.61825,6.61825
6.61835,5.4421893E-08,-9.99753189086914,6.61835,6.61835
6.61845,-1.9809917E-08,-9.99777507781982,6.61845,6.61845
6.61855,-5.3178375E-08,-9.99789237976074,6.61855,6.61855
6.61865,-7.3124923E-08,-9.99797916412354,6.61865,6.61865
6.61875,-7.7434841E-08,-9.99822044372559,6.61875,6.61875
6.61885,-5.5737608E-08,-9.99828720092773,6.61885,6.61885
6.61895,-6.0968567E-08,-9.99828624725342,6.61895,6.61895
6.61905,-7.992087376E-06,-6.19582462310791,6.61905,6.61905
6.61915,2.9116985388E-05,-0.000762657786254,6.61915,6.61915
6.61925,4.3212978198E-05,-0.000286409835098,6.61925,6.61925
6.61935,4.6896191634E-05,0.000269775715424,6.61935,6.61935
6.61945,4.8101072025E-05,0.000571230542846,6.61945,6.61945
6.61955,4.8577388952E-05,0.000538720749319,6.61955,6.61955
6.61965,4.8877089284E-05,0.000659049313981,6.61965,6.61965
6.61975,4.9018042773E-05,0.0007818408194,6.61975,6.61975
6.61985,4.9095760914E-05,0.00087634450756,6.61985,6.61985
6.61995,4.9143978686E-05,0.000903154548723,6.61995,6.61995
6.62005,4.6164441301E-05,-3.79198575019836,6.62005,6.62005
6.62015,2.714948323E-06,-9.99698829650879,6.62015,6.62015
6.62025,3.6344926E-07,-9.99737453460693,6.62025,6.62025
6.62035,6.5537684E-08,-9.99776649475098,6.62035,6.62035
6.62045,-3.3681804E-08,-9.99784278869629,6.62045,6.62045
6.62055,-9.030834E-08,-9.99782752990723,6.62055,6.62055
6.62065,-1.24597847E-07,-9.99775981903076,6.62065,6.62065
6.62075,-1.23325265E-07,-9.99803447723389,6.62075,6.62075
6.62085,-1.13467991E-07,-9.99794101715088,6.62085,6.62085
6.62095,-8.7875662E-08,-9.99801254272461,6.62095,6.62095
6.62105,-8.024302588E-06,-6.2151665687561,6.62105,6.62105
6.62115,2.9053004255E-05,-0.000453040323919,6.62115,6.62115
6.62125,4.3185824325E-05,-0.000126323531731,6.62125,6.62125
6.62135,4.6914556151E-05,0.000266327726422,6.62135,6.62135
6.62145,4.8103855079E-05,0.000354357587639,6.62145,6.62145
6.62155,4.8620946473E-05,0.000569963944145,6.62155,6.62155
6.62165,4.8894391512E-05,0.000683537276927,6.62165,6.62165
6.62175,4.9054702686E-05,0.000644553627353,6.62175,6.62175
6.62185,4.909062045E-05,0.000769456091803,6.62185,6.62185
6.62195,4.9127978855E-05,0.000645890599117,6.62195,6.62195
6.62205,4.6271044994E-05,-3.77232193946838,6.62205,6.62205
6.62215,2.705463658E-06,-9.99712085723877,6.62215,6.62215
6.62225,3.56460589E-07,-9.99722194671631,6.62225,6.62225
6.62235,6.3997923E-08,-9.99764537811279,6.62235,6.62235
6.62245,-1.4410218E-08,-9.99792575836182,6.62245,6.62245
6.62255,-4.4860869E-08,-9.99794960021973,6.62255,6.62255
6.62265,-6.2191937E-08,-9.99790573120117,6.62265,6.62265
6.62275,-3.8019841E-08,-9.99791049957275,6.62275,6.62275
6.62285,-5.5674331E-08,-9.99819469451904,6.62285,6.62285
6.62295,-8.0570601E-08,-9.99846267700195,6.62295,6.62295
6.62305,-7.993689906E-06,-6.2355432510376,6.62305,6.62305
6.62315,2.9033690225E-05,-0.000890515744686,6.62315,6.62315
6.62325,4.3236512283E-05,-0.000339044810971,6.62325,6.62325
6.62335,4.6943143388E-05,0.000103848913568,6.62335,6.62335
6.62345,4.8137077101E-05,-0.000181421361049,6.62345,6.62345
6.62355,4.8663372581E-05,6.2050552515E-05,6.62355,6.62355
6.62365,4.8940430133E-05,0.000143676981679,6.62365,6.62365
6.62375,4.9057245633E-05,1.8352269763E-05,6.62375,6.62375
6.62385,4.9160607887E-05,5.545365639E-06,6.62385,6.62385
6.62395,4.9205238611E-05,0.000473208492622,6.62395,6.62395
6.62405,4.6423465392E-05,-3.75229334831238,6.62405,6.62405
6.62415,2.768474133E-06,-9.99681758880615,6.62415,6.62415
6.62425,3.65994424E-07,-9.99722576141357,6.62425,6.62425
6.62435,8.76638E-08,-9.99763584136963,6.62435,6.62435
6.62445,2.21E-10,-9.99757194519043,6.62445,6.62445
6.62455,-3.2296725E-08,-9.99811363220215,6.62455,6.62455
6.62465,-6.2163814E-08,-9.99821186065674,6.62465,6.62465
6.62475,-7.1001601E-08,-9.99813270568848,6.62475,6.62475
6.62485,-3.8701835E-08,-9.9980297088623,6.62485,6.62485
6.62495,-4.4924146E-08,-9.99799060821533,6.62495,6.62495
6.62505,-8.025012903E-06,-6.25515508651733,6.62505,6.62505
6.62515,2.9006065233E-05,-0.000850195123348,6.62515,6.62515
6.62525,4.3237945647E-05,-0.000676035298966,6.62525,6.62525
6.62535,4.6939047024E-05,-0.00025087420363,6.62535,6.62535
6.62545,4.8142483138E-05,5.3043499065E-05,6.62545,6.62545
6.62555,4.8650377721E-05,0.000313333264785,6.62555,6.62555
6.62565,4.8914160288E-05,0.000167250123923,6.62565,6.62565
6.62575,4.9049351219E-05,9.5686271379E-05,6.62575,6.62575
6.62585,4.9140744522E-05,0.00023128464818,6.62585,6.62585
6.62595,4.92194049E-05,0.000133825509693,6.62595,6.62595
6.62605,4.6497112635E-05,-3.73241472244263,6.62605,6.62605
6.62615,2.745075562E-06,-9.99698925018311,6.62615,6.62615
6.62625,3.31276027E-07,-9.99724960327148,6.62625,6.62625
6.62635,7.4642642E-08,-9.99759101867676,6.62635,6.62635
6.62645,-1.5014871E-08,-9.99760055541992,6.62645,6.62645
6.62655,-6.4905848E-08,-9.99770641326904,6.62655,6.62655
6.62665,-5.6588341E-08,-9.99740886688232,6.62665,6.62665
6.62675,-5.0070735E-08,-9.99763679504395,6.62675,6.62675
6.62685,-7.1008635E-08,-9.99757099151611,6.62685,6.62685
6.62695,-7.5072471E-08,-9.99775505065918,6.62695,6.62695
6.62705,-8.064575013E-06,-6.27515745162964,6.62705,6.62705
6.62715,2.8944778023E-05,-0.000873627490364,6.62715,6.62715
6.62725,4.3236581405E-05,-0.000517919252161,6.62725,6.62725
6.62735,4.7003512009E-05,-0.000225823328947,6.62735,6.62735
6.62745,4.8187397624E-05,-4.5260047045E-05,6.62745,6.62745
6.62755,4.8692814744E-05,6.0854305048E-05,6.62755,6.62755
6.62765,4.8951431381E-05,0.000268227653578,6.62765,6.62765
6.62775,4.9124475481E-05,0.000279416097328,6.62775,6.62775
6.62785,4.9220208894E-05,0.00044189489563,6.62785,6.62785
6.62795,4.9253718316E-05,0.000391863519326,6.62795,6.62795
6.62805,4.6631648729E-05,-3.71239542961121,6.62805,6.62805
6.62815,2.778464932E-06,-9.9963321685791,6.62815,6.62815
6.62825,3.61164211E-07,-9.99701499938965,6.62825,6.62825
6.62835,1.0207706E-07,-9.99767875671387,6.62835,6.62835
6.62845,2.3141601E-08,-9.99759864807129,6.62845,6.62845
6.62855,-3.1523328E-08,-9.99749755859375,6.62855,6.62855
6.62865,-5.8999927E-08,-9.99749660491943,6.62865,6.62865
6.62875,-6.2803622E-08,-9.99790287017822,6.62875,6.62875
6.62885,-7.0312581E-08,-9.99790096282959,6.62885,6.62885
6.62895,-7.5761498E-08,-9.99791049957275,6.62895,6.62895
6.62905,-8.126637113E-06,-6.29512405395508,6.62905,6.62905
6.62915,2.8908900276E-05,-0.00079798232764,6.62915,6.62915
6.62925,4.3262742111E-05,-0.000588146154769,6.62925,6.62925
6.62935,4.6998153266E-05,0.000237547370489,6.62935,6.62935
6.62945,4.8195532145E-05,0.000135584705276,6.62945,6.62945
6.62955,4.871060446E-05,0.000529643322807,6.62955,6.62955
6.62965,4.8973255616E-05,0.000321847765008,6.62965,6.62965
6.62975,4.9132097047E-05,0.000460823794128,6.62975,6.62975
6.62985,4.9231472076E-05,0.000430776824942,6.62985,6.62985
6.62995,4.929969873E-05,0.00053470977582,6.62995,6.62995
6.63005,4.6732930059E-05,-3.69232273101807,6.63005,6.63005
6.63015,2.791725137E-06,-9.99678039550781,6.63015,6.63015
6.63025,3.77799239E-07,-9.99714279174805,6.63025,6.63025
6.63035,8.1870368E-08,-9.9977912902832,6.63035,6.63035
6.63045,1.606079E-09,-9.99762058258057,6.63045,6.63045
6.63055,-8.426957E-09,-9.99759960174561,6.63055,6.63055
6.63065,-2.2172287E-08,-9.99780559539795,6.63065,6.63065
6.63075,-1.5394537E-08,-9.99810218811035,6.63075,6.63075
6.63085,-4.2758643E-08,-9.99818992614746,6.63085,6.63085
6.63095,-4.6942002E-08,-9.99820423126221,6.63095,6.63095
6.63105,-8.084704859E-06,-6.31552982330322,6.63105,6.63105
6.63115,2.8881147955E-05,-0.000865464855451,6.63115,6.63115
6.63125,4.3292548071E-05,-0.000501171743963,6.63125,6.63125
6.63135,4.7061508667E-05,4.8821442761E-05,6.63135,6.63135
6.63145,4.8273537686E-05,0.000182308795047,6.63145,6.63145
6.63155,4.8789217544E-05,0.000317484955303,6.63155,6.63155
6.63165,4.9040005251E-05,0.000184560558409,6.63165,6.63165
6.63175,4.9189744459E-05,0.000424725207267,6.63175,6.63175
6.63185,4.9257789215E-05,0.000773748499341,6.63185,6.63185
6.63195,4.9310921895E-05,0.000533935730346,6.63195,6.63195
6.63205,4.6847821068E-05,-3.67238545417786,6.63205,6.63205
6.63215,2.805097893E-06,-9.99665641784668,6.63215,6.63215
6.63225,3.48986759E-07,-9.99718379974365,6.63225,6.63225
6.63235,6.0573896E-08,-9.99752998352051,6.63235,6.63235
6.63245,-2.049191E-08,-9.99765682220459,6.63245,6.63245
6.63255,-1.044554E-09,-9.99740695953369,6.63255,6.63255
6.63265,-6.3717636E-08,-9.99771881103516,6.63265,6.63265
6.63275,-4.2442252E-08,-9.99740886688232,6.63275,6.63275
6.63285,-5.7607817E-08,-9.99753093719482,6.63285,6.63285
6.63295,-8.7313197E-08,-9.99782752990723,6.63295,6.63295
6.63305,-8.164153769E-06,-6.33485889434815,6.63305,6.63305
6.63315,2.8853151889E-05,-0.000627903849818,6.63315,6.63315
6.63325,4.3307270971E-05,-0.000482102157548,6.63325,6.63325
6.63335,4.705275569E-05,6.0502465203E-05,6.63335,6.63335
6.63345,4.8267294915E-05,0.000530206249095,6.63345,6.63345
6.63355,4.8771147704E-05,0.000612043775618,6.63355,6.63355
6.63365,4.9044821935E-05,0.000584952242207,6.63365,6.63365
6.63375,4.9221915106E-05,0.000524647184648,6.63375,6.63375
6.63385,4.9292739277E-05,0.000721887627151,6.63385,6.63385
6.63395,4.9350834161E-05,0.000758619513363,6.63395,6.63395
6.63405,4.692569928E-05,-3.6521270275116,6.63405,6.63405
6.63415,2.801266191E-06,-9.99650478363037,6.63415,6.63415
6.63425,3.44107349E-07,-9.99701404571533,6.63425,6.63425
6.63435,5.1911876E-08,-9.9976110458374,6.63435,6.63435
6.63445,-1.7468642E-08,-9.99731349945068,6.63445,6.63445
6.63455,-1.8797474E-08,-9.99776744842529,6.63455,6.63455
6.63465,-4.1964157E-08,-9.99784755706787,6.63465,6.63465
6.63475,-5.8852279E-08,-9.99786758422852,6.63475,6.63475
6.63485,-5.5716516E-08,-9.99785232543945,6.63485,6.63485
6.63495,-6.0434225E-08,-9.99760055541992,6.63495,6.63495
6.63505,-8.128802619E-06,-6.35502862930298,6.63505,6.63505
6.63515,2.882429726E-05,-0.000284509907942,6.63515,6.63515
6.63525,4.3303585699E-05,-0.000224134506425,6.63525,6.63525
6.63535,4.7093282774E-05,0.000150573003339,6.63535,6.63535
6.63545,4.8310204875E-05,0.000460471928818,6.63545,6.63545
6.63555,4.8824946134E-05,0.000584318942856,6.63555,6.63555
6.63565,4.9084766943E-05,0.000402348290663,6.63565,6.63565
6.63575,4.9245569244E-05,0.000432747096056,6.63575,6.63575
6.63585,4.9342925195E-05,0.000523450959008,6.63585,6.63585
6.63595,4.9384834711E-05,0.000561308697797,6.63595,6.63595
6.63605,4.7039487981E-05,-3.6322922706604,6.63605,6.63605
6.63615,2.838642104E-06,-9.99692153930664,6.63615,6.63615
6.63625,3.5126476E-07,-9.99666690826416,6.63625,6.63625
6.63635,9.3168957E-08,-9.99705791473389,6.63635,6.63635
6.63645,3.2970743E-08,-9.99741172790527,6.63645,6.63645
6.63655,-9.664388E-09,-9.99758052825928,6.63655,6.63655
6.63665,-2.7571986E-08,-9.99725818634033,6.63665,6.63665
6.63675,-5.0035581E-08,-9.99745655059814,6.63675,6.63675
6.63685,-7.65138E-08,-9.99764060974121,6.63685,6.63685
6.63695,-8.6293724E-08,-9.99765110015869,6.63695,6.63695
6.63705,-8.168639397E-06,-6.3749794960022,6.63705,6.63705
6.63715,2.8801538065E-05,-0.000502719834913,6.63715,6.63715
6.63725,4.3299674871E-05,1.152661207E-05,6.63725,6.63725
6.63735,4.7081062803E-05,0.000287015805952,6.63735,6.63735
6.63745,4.834529318E-05,0.000278008752503,6.63745,6.63745
6.63755,4.8854475608E-05,0.000546179711819,6.63755,6.63755
6.63765,4.9111495173E-05,0.000390174711356,6.63765,6.63765
6.63775,4.9270161981E-05,0.000615702883806,6.63775,6.63775
6.63785,4.9391353969E-05,0.000588822469581,6.63785,6.63785
6.63795,4.9437610869E-05,0.000503466522787,6.63795,6.63795
6.63805,4.7207562602E-05,-3.61238431930542,6.63805,6.63805
6.63815,2.88318256E-06,-9.99685287475586,6.63815,6.63815
6.63825,3.45780705E-07,-9.99712085723877,6.63825,6.63825
6.63835,7.345443E-08,-9.99735260009766,6.63835,6.63835
6.63845,-2.5680684E-08,-9.99741172790527,6.63845,6.63845
6.63855,-4.4720252E-08,-9.99722576141357,6.63855,6.63855
6.63865,-5.7558601E-08,-9.99720287322998,6.63865,6.63865
6.63875,-7.3476464E-08,-9.99704074859619,6.63875,6.63875
6.63885,-5.7164872E-08,-9.99705696105957,6.63885,6.63885
6.63895,-7.3588957E-08,-9.99760055541992,6.63895,6.63895
6.63905,-8.192143468E-06,-6.39469623565674,6.63905,6.63905
6.63915,2.8748849218E-05,-0.000447481288575,6.63915,6.63915
6.63925,4.3328705942E-05,-0.000523970869835,6.63925,6.63925
6.63935,4.7149478632E-05,0.000177101595909,6.63935,6.63935
6.63945,4.8339086788E-05,-3.461688038E-06,6.63945,6.63945
6.63955,4.8859081289E-05,-3.5549317545E-05,6.63955,6.63955
6.63965,4.9113241403E-05,0.000232199425227,6.63965,6.63965
6.63975,4.9267237046E-05,0.000398618809413,6.63975,6.63975
6.63985,4.9358914112E-05,0.000269142416073,6.63985,6.63985
6.63995,4.9418591516E-05,0.000555960810743,6.63995,6.63995
6.64005,4.7256889957E-05,-3.59215521812439,6.64005,6.64005
6.64015,2.851846148E-06,-9.99670219421387,6.64015,6.64015
6.64025,3.28470719E-07,-9.99721050262451,6.64025,6.64025
6.64035,6.0531711E-08,-9.99753665924072,6.64035,6.64035
6.64045,-1.4339909E-08,-9.99784755706787,6.64045,6.64045
6.64055,-7.8447286E-08,-9.99806213378906,6.64055,6.64055
6.64065,-1.02858429E-07,-9.99787330627441,6.64065,6.64065
6.64075,-8.8979512E-08,-9.99795436859131,6.64075,6.64075
6.64085,-9.8485231E-08,-9.99809455871582,6.64085,6.64085
6.64095,-1.0212019E-07,-9.99787616729736,6.64095,6.64095
6.64105,-8.224140402E-06,-6.41537714004517,6.64105,6.64105
6.64115,2.8650789318E-05,-0.000808255979791,6.64115,6.64115
6.64125,4.3329804612E-05,-0.000510108482558,6.64125,6.64125
6.64135,4.7134017223E-05,0.000235506697209,6.64135,6.64135
6.64145,4.8396985221E-05,0.000176820118213,6.64145,6.64145
6.64155,4.8908987083E-05,0.000387922947994,6.64155,6.64155
6.64165,4.9162230425E-05,0.000507970049512,6.64165,6.64165
6.64175,4.9313737691E-05,0.000292715558317,6.64175,6.64175
6.64185,4.9410631618E-05,0.000280753069092,6.64185,6.64185
6.64195,4.9426260375E-05,0.000106311781565,6.64195,6.64195
6.64205,4.7349985834E-05,-3.57257890701294,6.64205,6.64205
6.64215,2.896161504E-06,-9.99685764312744,6.64215,6.64215
6.64225,3.39256076E-07,-9.99677848815918,6.64225,6.64225
6.64235,3.5227647E-08,-9.99739170074463,6.64235,6.64235
6.64245,-2.3037082E-08,-9.99763584136963,6.64245,6.64245
6.64255,-4.2603965E-08,-9.9975118637085,6.64255,6.64255
6.64265,-8.4669594E-08,-9.99747848510742,6.64265,6.64265
6.64275,-1.08117511E-07,-9.99754333496094,6.64275,6.64275
6.64285,-1.04320847E-07,-9.99749374389648,6.64285,6.64285
6.64295,-9.4322964E-08,-9.9975004196167,6.64295,6.64295
6.64305,-8.211140994E-06,-6.43501091003418,6.64305,6.64305
6.64315,2.8690084946E-05,-0.000946035783272,6.64315,6.64315
6.64325,4.3385516619E-05,-0.000142859920743,6.64325,6.64325
6.64335,4.7167879529E-05,-9.9372737168E-05,6.64335,6.64335
6.64345,4.8374233302E-05,8.2949729403E-05,6.64345,6.64345
6.64355,4.8923317081E-05,-4.4134165364E-05,6.64355,6.64355
6.64365,4.9201498769E-05,0.000235365965636,6.64365,6.64365
6.64375,4.9355297961E-05,0.000231847589021,6.64375,6.64375
6.64385,4.9443809985E-05,0.000189204816706,6.64385,6.64385
6.64395,4.951635492E-05,0.000276108825346,6.64395,6.64395
6.64405,4.7491419537E-05,-3.55233764648438,6.64405,6.64405
6.64415,2.889932148E-06,-9.99674034118652,6.64415,6.64415
6.64425,3.5759254E-07,-9.99698829650879,6.64425,6.64425
6.64435,6.3625286E-08,-9.99723339080811,6.64435,6.64435
6.64445,-3.7654239E-08,-9.99735450744629,6.64445,6.64445
6.64455,-3.8701835E-08,-9.99726867675781,6.64455,6.64455
6.64465,-4.4635883E-08,-9.99743461608887,6.64465,6.64465
6.64475,-8.241269E-08,-9.99753093719482,6.64475,6.64475
6.64485,-6.4905848E-08,-9.99773597717285,6.64485,6.64485
6.64495,-5.5034523E-08,-9.99773693084717,6.64495,6.64495
6.64505,-8.222115866E-06,-6.45499658584595,6.64505,6.64505
6.64515,2.8607761124E-05,-0.000911063048989,6.64515,6.64515
6.64525,4.3345884478E-05,-0.000328278547386,6.64525,6.64525
6.64535,4.7236302635E-05,4.2840198148E-05,6.64535,6.64535
6.64545,4.8464073188E-05,0.00022966619872,6.64545,6.64545
6.64555,4.8971189244E-05,0.000227695898502,6.64555,6.64555
6.64565,4.9232876336E-05,0.000252676400123,6.64565,6.64565
6.64575,4.9403581215E-05,0.000361042504665,6.64575,6.64575
6.64585,4.9463476898E-05,0.000531754340045,6.64585,6.64585
6.64595,4.9506503274E-05,0.000318751583109,6.64595,6.64595
6.64605,4.7600402468E-05,-3.53203725814819,6.64605,6.64605
6.64615,2.91963056E-06,-9.99623775482178,6.64615,6.64615
6.64625,3.69390335E-07,-9.99665355682373,6.64625,6.64625
6.64635,5.1841567E-08,-9.99703598022461,6.64635,6.64635
6.64645,-7.941828E-09,-9.99700546264648,6.64645,6.64645
6.64655,-5.5716516E-08,-9.99693393707275,6.64655,6.64655
6.64665,-7.4917793E-08,-9.99710941314697,6.64665,6.64665
6.64675,-5.3586167E-08,-9.99742317199707,6.64675,6.64675
6.64685,-7.7350471E-08,-9.99759864807129,6.64685,6.64685
6.64695,-8.3818861E-08,-9.99760723114014,6.64695,6.64695
6.64705,-8.259885362E-06,-6.4750075340271,6.64705,6.64705
6.64715,2.8576445402E-05,-0.001109288656153,6.64715,6.64715
6.64725,4.3386156904E-05,-0.000569639436435,6.64725,6.64725
6.64735,4.7225559683E-05,-0.000121186691104,6.64735,6.64735
6.64745,4.8466656153E-05,6.3809740823E-05,6.64745,6.64745
6.64755,4.8996127589E-05,-3.8997328375E-05,6.64755,6.64755
6.64765,4.923213055E-05,0.000105678467662,6.64765,6.64765
6.64775,4.9413050874E-05,8.8297674665E-05,6.64775,6.64775
6.64785,4.9517289881E-05,0.000110674569441,6.64785,6.64785
6.64795,4.9581838539E-05,0.000175764609594,6.64795,6.64795
6.64805,4.7680703574E-05,-3.51235914230347,6.64805,6.64805
6.64815,2.924404498E-06,-9.9964075088501,6.64815,6.64815
6.64825,3.38194411E-07,-9.99704074859619,6.64825,6.64825
6.64835,4.2631143E-08,-9.99743175506592,6.64835,6.64835
6.64845,-2.9090652E-08,-9.99745082855225,6.64845,6.64845
6.64855,-5.7277365E-08,-9.9974250793457,6.64855,6.64855
6.64865,-8.4528978E-08,-9.99758148193359,6.64865,6.64865
6.64875,-9.235432E-08,-9.99751091003418,6.64875,6.64875
6.64885,-1.14367943E-07,-9.99764442443848,6.64885,6.64885
6.64895,-1.03898991E-07,-9.99768352508545,6.64895,6.64895
6.64905,-8.275100299E-06,-6.49499702453613,6.64905,6.64905
6.64915,2.8529640986E-05,-0.000897974707186,6.64915,6.64915
6.64925,4.3387055484E-05,-0.000610030430835,6.64925,6.64925
6.64935,4.7259167332E-05,4.452902067E-05,6.64935,6.64935
6.64945,4.8488760513E-05,-2.4290498914E-05,6.64945,6.64945
6.64955,4.9026402849E-05,5.0158429076E-05,6.64955,6.64955
6.64965,4.932547381E-05,-2.9145863664E-05,6.64965,6.64965
6.64975,4.9449612561E-05,-1.676116517E-05,6.64975,6.64975
6.64985,4.9569225666E-05,0.000243528615101,6.64985,6.64985
6.64995,4.9592090363E-05,0.000258165062405,6.64995,6.64995
6.65005,4.7791705583E-05,-3.49277305603027,6.65005,6.65005
6.65015,2.967349019E-06,-9.99660301208496,6.65015,6.65015
6.65025,3.77707835E-07,-9.99670886993408,6.65025,6.65025
6.65035,3.0559157E-08,-9.99724388122559,6.65035,6.65035
6.65045,-2.9786706E-08,-9.9972562789917,6.65045,6.65045
6.65055,-5.1343321E-08,-9.99741172790527,6.65055,6.65055
6.65065,-9.8309464E-08,-9.99776363372803,6.65065,6.65065
6.65075,-6.7823656E-08,-9.99755573272705,6.65075,6.65075
6.65085,-9.6460347E-08,-9.99781799316406,6.65085,6.65085
6.65095,-1.08975271E-07,-9.99767017364502,6.65095,6.65095
6.65105,-8.295651241E-06,-6.51497650146484,6.65105,6.65105
6.65115,2.8502214263E-05,-0.000810437428299,6.65115,6.65115
6.65125,4.3424206524E-05,-0.000563236011658,6.65125,6.65125
6.65135,4.7293015086E-05,6.8102170189E-05,6.65135,6.65135
6.65145,4.85366254E-05,-1.491394983E-06,6.65145,6.65145
6.65155,4.9086163926E-05,6.9228051871E-05,6.65155,6.65155
6.65165,4.9318219681E-05,6.282459799E-05,6.65165,6.65165
6.65175,4.947074558E-05,0.000192934297957,6.65175,6.65175
6.65185,4.9597576435E-05,0.000146773149027,6.65185,6.65185
6.65195,4.9649872381E-05,-1.3946460967E-05,6.65195,6.65195
6.65205,4.7916502808E-05,-3.47249245643616,6.65205,6.65205
6.65215,2.955340278E-06,-9.99670314788818,6.65215,6.65215
6.65225,3.66669383E-07,-9.99709415435791,6.65225,6.65225
6.65235,5.7859985E-08,-9.99740028381348,6.65235,6.65235
6.65245,-1.7081945E-08,-9.99734306335449,6.65245,6.65245
6.65255,-2.0920794E-08,-9.99737930297852,6.65255,6.65255
6.65265,-3.7935472E-08,-9.99770259857178,6.65265,6.65265
6.65275,-8.1583046E-08,-9.99777984619141,6.65275,6.65275
6.65285,-6.5447225E-08,-9.99765396118164,6.65285,6.65285
6.65295,-5.9246005E-08,-9.99762535095215,6.65295,6.65295
6.65305,-8.274467291E-06,-6.53479671478271,6.65305,6.65305
6.65315,2.8474258215E-05,-0.001118788262829,6.65315,6.65315
6.65325,4.3469604861E-05,-0.000906278088223,6.65325,6.65325
6.65335,4.7334382543E-05,-0.000287957926048,6.65335,6.65335
6.65345,4.858228931E-05,-0.000213227525819,6.65345,6.65345
6.65355,4.9105521612E-05,-0.000173329084646,6.65355,6.65355
6.65365,4.9365782615E-05,0.000298626458971,6.65365,6.65365
6.65375,4.9511349062E-05,9.8641707154E-05,6.65375,6.65375
6.65385,4.959943908E-05,0.000141495576827,6.65385,6.65385
6.65395,4.9669077271E-05,0.000384756393032,6.65395,6.65395
6.65405,4.7995974455E-05,-3.45228028297424,6.65405,6.65405
6.65415,2.973086339E-06,-9.99614238739014,6.65415,6.65415
6.65425,3.50392952E-07,-9.99645137786865,6.65425,6.65425
6.65435,8.1940676E-08,-9.99732398986816,6.65435,6.65435
6.65445,6.35821E-10,-9.99722003936768,6.65445,6.65445
6.65455,-3.145302E-08,-9.99734687805176,6.65455,6.65455
6.65465,-6.5742519E-08,-9.99746513366699,6.65465,6.65465
6.65475,-6.6621375E-08,-9.99770259857178,6.65475,6.65475
6.65485,-9.1145019E-08,-9.99733352661133,6.65485,6.65485
6.65495,-8.8768587E-08,-9.99762153625488,6.65495,6.65495
6.65505,-8.339685337E-06,-6.5548152923584,6.65505,6.65505
6.65515,2.8410222512E-05,-0.000816418672912,6.65515,6.65515
6.65525,4.3440031732E-05,-0.000380069104722,6.65525,6.65525
6.65535,4.7349811211E-05,-0.000119146032375,6.65535,6.65535
6.65545,4.8610469094E-05,0.000273223733529,6.65545,6.65545
6.65555,4.9132799177E-05,7.2887167335E-05,6.65555,6.65555
6.65565,4.9423575547E-05,0.000400096527301,6.65565,6.65565
6.65575,4.9580074119E-05,0.000385952647775,6.65575,6.65575
6.65585,4.9615595344E-05,0.000189767757547,6.65585,6.65585
6.65595,4.9646729167E-05,0.000252113444731,6.65595,6.65595
6.65605,4.8082318244E-05,-3.43227434158325,6.65605,6.65605
6.65615,2.98278178E-06,-9.99623680114746,6.65615,6.65615
6.65625,3.66015513E-07,-9.99676513671875,6.65625,6.65625
6.65635,7.9901724E-08,-9.99723815917969,6.65635,6.65635
6.65645,-2.0513003E-08,-9.99711990356445,6.65645,6.65645
6.65655,-2.9287516E-08,-9.99737167358398,6.65655,6.65655
6.65665,-3.0285896E-08,-9.99767684936523,6.65665,6.65665
6.65675,-4.2681304E-08,-9.99734115600586,6.65675,6.65675
6.65685,-5.4957184E-08,-9.99714374542236,6.65685,6.65685
6.65695,-6.5475348E-08,-9.99746990203857,6.65695,6.65695
6.65705,-8.30323097E-06,-6.57477760314942,6.65705,6.65705
6.65715,2.8395084883E-05,-0.000546981056686,6.65715,6.65715
6.65725,4.3481064495E-05,-0.000276276899967,6.65725,6.65725
6.65735,4.7372468543E-05,5.0299164286E-05,6.65735,6.65735
6.65745,4.863382128E-05,2.3418737328E-05,6.65745,6.65745
6.65755,4.9165122618E-05,2.3137266908E-05,6.65755,6.65755
6.65765,4.9446061894E-05,0.000249369128142,6.65765,6.65765
6.65775,4.9596244935E-05,0.000148180508404,6.65775,6.65775
6.65785,4.9668662541E-05,0.000394818955101,6.65785,6.65785
6.65795,4.972763054E-05,0.000272520061117,6.65795,6.65795
6.65805,4.8262936616E-05,-3.41242861747742,6.65805,6.65805
6.65815,3.026738796E-06,-9.99622631072998,6.65815,6.65815
6.65825,3.48079794E-07,-9.99659061431885,6.65825,6.65825
6.65835,2.6200025E-08,-9.99699306488037,6.65835,6.65835
6.65845,-2.2179318E-08,-9.99702930450439,6.65845,6.65845
6.65855,-5.0330879E-08,-9.99731254577637,6.65855,6.65855
6.65865,-7.5670094E-08,-9.99704647064209,6.65865,6.65865
6.65875,-9.4421395E-08,-9.99717140197754,6.65875,6.65875
6.65885,-9.6326758E-08,-9.9974193572998,6.65885,6.65885
6.65895,-9.853445E-08,-9.9975004196167,6.65895,6.65895
6.65905,-8.343475201E-06,-6.59503984451294,6.65905,6.65905
6.65915,2.8320226193E-05,-0.000581813044846,6.65915,6.65915
6.65925,4.3471151002E-05,-0.000184939752216,6.65925,6.65925
6.65935,4.740976874E-05,0.000172105486854,6.65935,6.65935
6.65945,4.8647951189E-05,0.000452872249298,6.65945,6.65945
6.65955,4.9181424401E-05,0.000601488631219,6.65955,6.65955
6.65965,4.9440364819E-05,0.000604584813118,6.65965,6.65965
6.65975,4.9591471907E-05,0.000489674508572,6.65975,6.65975
6.65985,4.9682093959E-05,0.000337398989359,6.65985,6.65985
6.65995,4.9731799663E-05,0.000306085421471,6.65995,6.65995
6.66005,4.8340345529E-05,-3.39251279830933,6.66005,6.66005
6.66015,3.076812391E-06,-9.99678134918213,6.66015,6.66015
6.66025,3.85427711E-07,-9.99678707122803,6.66025,6.66025
6.66035,4.0971859E-08,-9.99718570709229,6.66035,6.66035
6.66045,-8.131661E-09,-9.99728107452393,6.66045,6.66045
6.66055,-3.9383831E-08,-9.99716091156006,6.66055,6.66055
6.66065,-6.2290368E-08,-9.99713516235352,6.66065,6.66065
6.66075,-6.9862601E-08,-9.99729537963867,6.66075,6.66075
6.66085,-4.9395773E-08,-9.99732112884521,6.66085,6.66085
6.66095,-7.2689012E-08,-9.99724769592285,6.66095,6.66095
6.66105,-8.340395652E-06,-6.61454105377197,6.66105,6.66105
6.66115,2.8299871701E-05,-0.000410467910115,6.66115,6.66115
6.66125,4.3515250582E-05,-8.3610393631E-05,6.66125,6.66125
6.66135,4.7452580475E-05,0.000265061098617,6.66135,6.66135
6.66145,4.8711601266E-05,6.1909820943E-05,6.66145,6.66145
6.66155,4.9253070756E-05,0.000187586367247,6.66155,6.66155
6.66165,4.9494439736E-05,0.000324380991515,6.66165,6.66165
6.66175,4.9649876019E-05,0.000718932133168,6.66175,6.66175
6.66185,4.9730431783E-05,0.000573552679271,6.66185,6.66185
6.66195,4.977727076E-05,0.000674107985105,6.66195,6.66195
6.66205,4.8445624998E-05,-3.37230253219605,6.66205,6.66205
6.66215,3.020094482E-06,-9.99665451049805,6.66215,6.66215
6.66225,3.57128499E-07,-9.99680709838867,6.66225,6.66225
6.66235,4.6111417E-08,-9.99707317352295,6.66235,6.66235
6.66245,-2.7972746E-08,-9.99720191955566,6.66245,6.66245
6.66255,-5.2201084E-08,-9.99704074859619,6.66255,6.66255
6.66265,-8.0444046E-08,-9.9971866607666,6.66265,6.66265
6.66275,-9.7282957E-08,-9.99730396270752,6.66275,6.66275
6.66285,-7.7252039E-08,-9.99747753143311,6.66285,6.66285
6.66295,-9.4519827E-08,-9.99742412567139,6.66295,6.66295
6.66305,-8.370248906E-06,-6.63478946685791,6.66305,6.66305
6.66315,2.8270911571E-05,-0.000494275765959,6.66315,6.66315
6.66325,4.3507734517E-05,-0.000369513989426,6.66325,6.66325
6.66335,4.7480465582E-05,5.334262823E-06,6.66335,6.66335
6.66345,4.8750342103E-05,0.000372864276869,6.66345,6.66345
6.66355,4.9237300118E-05,0.000367375585483,6.66355,6.66355
6.66365,4.9513895647E-05,0.000484115444124,6.66365,6.66365
6.66375,4.9684091209E-05,0.000631535600405,6.66375,6.66375
6.66385,4.9771126214E-05,0.000546250026673,6.66385,6.66385
6.66395,4.9800695706E-05,0.000287367642159,6.66395,6.66395
6.66405,4.8519934353E-05,-3.35248708724976,6.66405,6.66405
6.66415,3.077135943E-06,-9.99659824371338,6.66415,6.66415
6.66425,3.68321622E-07,-9.99709892272949,6.66425,6.66425
6.66435,2.7198407E-08,-9.9973783493042,6.66435,6.66435
6.66445,-1.9929443E-08,-9.99770164489746,6.66445,6.66445
6.66455,-3.9390862E-08,-9.99780178070068,6.66455,6.66455
6.66465,-4.8706749E-08,-9.99782562255859,6.66465,6.66465
6.66475,-3.9847865E-08,-9.99784469604492,6.66475,6.66475
6.66485,-6.1207615E-08,-9.99790287017822,6.66485,6.66485
6.66495,-7.6759875E-08,-9.99803352355957,6.66495,6.66495
6.66505,-8.395953955E-06,-6.65500402450562,6.66505,6.66505
6.66515,2.8227812436E-05,-0.00108958571218,6.66515,6.66515
6.66525,4.3521766202E-05,-0.000612000760157,6.66525,6.66525
6.66535,4.7438312322E-05,-0.000403782993089,6.66535,6.66535
6.66545,4.8685680667E-05,-0.000130686326884,6.66545,6.66545
6.66555,4.9262373068E-05,-0.000171147694346,6.66555,6.66555
6.66565,4.9497848522E-05,0.000267594325123,6.66565,6.66565
6.66575,4.9668553402E-05,0.000463849573862,6.66575,6.66575
6.66585,4.9773479986E-05,0.000401714991312,6.66585,6.66585
6.66595,4.9811529607E-05,0.000140369695146,6.66595,6.66595
6.66605,4.8620560847E-05,-3.33250069618225,6.66605,6.66605
6.66615,3.064142902E-06,-9.99661636352539,6.66615,6.66615
6.66625,3.31058089E-07,-9.99695491790771,6.66625,6.66625
6.66635,3.3997249E-08,-9.997389793396,6.66635,6.66635
6.66645,-5.0295725E-08,-9.99735736846924,6.66645,6.66645
6.66655,-7.4179553E-08,-9.99768543243408,6.66655,6.66655
6.66665,-9.8344614E-08,-9.99762153625488,6.66665,6.66665
6.66675,-1.05790292E-07,-9.99771595001221,6.66675,6.66675
6.66685,-1.13580484E-07,-9.99765205383301,6.66685,6.66685
6.66695,-9.8928176E-08,-9.9976806640625,6.66695,6.66695
6.66705,-8.405600056E-06,-6.67506980895996,6.66705,6.66705
6.66715,2.8132046282E-05,-0.00078271253733,6.66715,6.66715
6.66725,4.3477481086E-05,-0.000552258628886,6.66725,6.66725
6.66735,4.7464123782E-05,-0.00029330587131,6.66735,6.66735
6.66745,4.8751237046E-05,-0.000320749211824,6.66745,6.66745
6.66755,4.9244772526E-05,-0.000135682421387,6.66755,6.66755
6.66765,4.9522142945E-05,0.000276601378573,6.66765,6.66765
6.66775,4.9696522183E-05,0.000270760880085,6.66775,6.66775
6.66785,4.9784604926E-05,0.000245921110036,6.66785,6.66785
6.66795,4.9833684898E-05,0.000209892896237,6.66795,6.66795
6.66805,4.8719273764E-05,-3.31276369094849,6.66805,6.66805
6.66815,3.083231604E-06,-9.99678421020508,6.66815,6.66815
6.66825,3.31311185E-07,-9.99685001373291,6.66825,6.66825
6.66835,5.915996E-09,-9.9971866607666,6.66835,6.66835
6.66845,-4.0754848E-08,-9.9974479675293,6.66845,6.66845
6.66855,-5.9625677E-08,-9.99765110015869,6.66855,6.66855
6.66865,-9.206606E-08,-9.99793338775635,6.66865,6.66865
6.66875,-8.7988163E-08,-9.99780178070068,6.66875,6.66875
6.66885,-9.4407334E-08,-9.99806690216064,6.66885,6.66885
6.66895,-1.18270073E-07,-9.99826240539551,6.66895,6.66895
6.66905,-8.442034414E-06,-6.69525480270386,6.66905,6.66905
6.66915,2.8101123462E-05,-0.001120547414757,6.66915,6.66915
6.66925,4.3520543841E-05,-0.000896778481547,6.66925,6.66925
6.66935,4.7511210141E-05,-0.000351710972609,6.66935,6.66935
6.66945,4.8777066695E-05,-0.0005116565153,6.66945,6.66945
6.66955,4.9325746659E-05,-8.1640100689E-05,6.66955,6.66955
6.66965,4.958844147E-05,-0.000184799006092,6.66965,6.66965
6.66975,4.9737656809E-05,-0.000163125791005,6.66975,6.66975
6.66985,4.984053885E-05,-0.000127660518046,6.66985,6.66985
6.66995,4.9915601267E-05,7.0705769758E-05,6.66995,6.66995
6.67005,4.8858364607E-05,-3.29271554946899,6.67005,6.67005
6.67015,3.133179007E-06,-9.99683094024658,6.67015,6.67015
6.67025,3.9358352E-07,-9.99720478057861,6.67025,6.67025
6.67035,7.3763786E-08,-9.99756622314453,6.67035,6.67035
6.67045,-2.8093E-09,-9.99787902832031,6.67045,6.67045
6.67055,-3.4722369E-08,-9.99782848358154,6.67055,6.67055
6.67065,-5.705941E-08,-9.99813270568848,6.67065,6.67065
6.67075,-8.192756E-08,-9.99788188934326,6.67075,6.67075
6.67085,-8.982321E-08,-9.99798774719238,6.67085,6.67085
6.67095,-1.04960655E-07,-9.99787616729736,6.67095,6.67095
6.67105,-8.426959539E-06,-6.71527147293091,6.67105,6.67105
6.67115,2.8054811992E-05,-0.000995644950308,6.67115,6.67115
6.67125,4.3552041461E-05,-0.000590397918131,6.67125,6.67125
6.67135,4.7538705985E-05,-0.000209990612348,6.67135,6.67135
6.67145,4.882695066E-05,4.278748747E-06,6.67145,6.67145
6.67155,4.9333073548E-05,3.5592333006E-05,6.67155,6.67155
6.67165,4.9624897656E-05,0.000158031965839,6.67165,6.67165
6.67175,4.9784714065E-05,0.000166124242241,6.67175,6.67175
6.67185,4.983974577E-05,0.000324310618453,6.67185,6.67185
6.67195,4.9919854064E-05,0.00046040158486,6.67195,6.67195
6.67205,4.8973623052E-05,-3.27246952056885,6.67205,6.67205
6.67215,3.137756039E-06,-9.99666786193848,6.67215,6.67215
6.67225,3.33617322E-07,-9.99669075012207,6.67225,6.67225
6.67235,5.8928673E-08,-9.99741840362549,6.67235,6.67235
6.67245,1.078765E-09,-9.99732208251953,6.67245,6.67245
6.67255,-6.0694362E-08,-9.99726676940918,6.67255,6.67255
6.67265,-6.6136252E-08,-9.99759006500244,6.67265,6.67265
6.67275,-4.8109126E-08,-9.9975471496582,6.67275,6.67275
6.67285,-8.4226649E-08,-9.99775409698486,6.67285,6.67285
6.67295,-1.10873607E-07,-9.99771595001221,6.67295,6.67295
6.67305,-8.462212463E-06,-6.73487997055054,6.67305,6.67305
6.67315,2.7992082323E-05,-0.000821414752863,6.67315,6.67315
6.67325,4.3555275624E-05,-0.000765261414926,6.67325,6.67325
6.67335,4.7557838116E-05,3.8055201003E-05,6.67335,6.67335
6.67345,4.8856501962E-05,4.7132620239E-05,6.67345,6.67345
6.67355,4.9408114137E-05,0.000185545708518,6.67355,6.67355
6.67365,4.9637510529E-05,0.000172879532329,6.67365,6.67365
6.67375,4.9792237405E-05,0.000277234707028,6.67375,6.67375
6.67385,4.9897982535E-05,0.000548572163098,6.67385,6.67385
6.67395,4.9958511227E-05,0.000183997617569,6.67395,6.67395
6.67405,4.9078073062E-05,-3.25254082679749,6.67405,6.67405
6.67415,3.131906396E-06,-9.99688243865967,6.67415,6.67415
6.67425,3.50153897E-07,-9.99744129180908,6.67425,6.67425
6.67435,3.6401801E-08,-9.99766254425049,6.67435,6.67435
6.67445,-3.1895965E-08,-9.99776077270508,6.67445,6.67445
6.67455,-5.2369828E-08,-9.99790859222412,6.67455,6.67455
6.67465,-7.3645204E-08,-9.99792766571045,6.67465,6.67465
6.67475,-8.0338587E-08,-9.99771118164063,6.67475,6.67475
6.67485,-5.6539125E-08,-9.99779415130615,6.67485,6.67485
6.67495,-7.0896142E-08,-9.99796867370605,6.67495,6.67495
6.67505,-8.429518857E-06,-6.754958152771,6.67505,6.67505
6.67515,2.7990921808E-05,-0.000727685110178,6.67515,6.67515
6.67525,4.3591338908E-05,-0.000318708567647,6.67525,6.67525
6.67535,4.7600544349E-05,0.000506281270646,6.67535,6.67535
6.67545,4.8893441999E-05,0.000305381749058,6.67545,6.67545
6.67555,4.9409471103E-05,0.000352457660483,6.67555,6.67555
6.67565,4.971067392E-05,0.000461386720417,6.67565,6.67565
6.67575,4.9823946028E-05,0.000531543220859,6.67575,6.67575
6.67585,4.9934747949E-05,0.000472504791105,6.67585,6.67585
6.67595,5.0009148254E-05,0.000378071476007,6.67595,6.67595
6.67605,4.9210793804E-05,-3.23241877555847,6.67605,6.67605
6.67615,3.204591394E-06,-9.99638366699219,6.67615,6.67615
6.67625,3.89449355E-07,-9.99673366546631,6.67625,6.67625
6.67635,6.6388417E-08,-9.99729347229004,6.67635,6.67635
6.67645,-5.10136E-09,-9.99750518798828,6.67645,6.67645
6.67655,-2.6172845E-08,-9.99766254425049,6.67655,6.67655
6.67665,-6.2353649E-08,-9.99753475189209,6.67665,6.67665
6.67675,-5.535794E-08,-9.99767398834229,6.67675,6.67675
6.67685,-5.5864163E-08,-9.99760913848877,6.67685,6.67685
6.67695,-8.6989779E-08,-9.9977388381958,6.67695,6.67695
6.67705,-8.403863831E-06,-6.77482986450195,6.67705,6.67705
6.67715,2.7983884138E-05,-0.000740914198104,6.67715,6.67715
6.67725,4.3616015319E-05,-0.000374721188564,6.67725,6.67725
6.67735,4.764458572E-05,0.000197297093109,6.67735,6.67735
6.67745,4.891189019E-05,0.000162676224136,6.67745,6.67745
6.67755,4.9454018153E-05,0.000418321753386,6.67755,6.67755
6.67765,4.9688827858E-05,0.00055863475427,6.67765,6.67765
6.67775,4.9885009503E-05,0.000226710748393,6.67775,6.67775
6.67785,5.0010483392E-05,0.000583193032071,6.67785,6.67785
6.67795,5.0017337344E-05,0.000631183735095,6.67795,6.67795
6.67805,4.9302896514E-05,-3.21206784248352,6.67805,6.67805
6.67815,3.191028782E-06,-9.99618816375732,6.67815,6.67815
6.67825,3.69608273E-07,-9.99683094024658,6.67825,6.67825
6.67835,7.7595608E-08,-9.99734973907471,6.67835,6.67835
6.67845,-3.399892E-09,-9.99743366241455,6.67845,6.67845
6.67855,-2.6475172E-08,-9.99755859375,6.67855,6.67855
6.67865,-6.3584046E-08,-9.99764633178711,6.67865,6.67865
6.67875,-6.8400183E-08,-9.99791240692139,6.67875,6.67875
6.67885,-9.3626909E-08,-9.99758243560791,6.67885,6.67885
6.67895,-8.7552245E-08,-9.99767398834229,6.67895,6.67895
6.67905,-8.45206705E-06,-6.79512739181519,6.67905,6.67905
6.67915,2.7878491892E-05,-0.000830632925499,6.67915,6.67915
6.67925,4.3606938561E-05,-0.000335948629072,6.67925,6.67925
6.67935,4.7674024245E-05,0.000188360412722,6.67935,6.67935
6.67945,4.896196333E-05,0.000183645781362,6.67945,6.67945
6.67955,4.9451897212E-05,0.000184349453775,6.67955,6.67955
6.67965,4.9762449635E-05,0.000208837387618,6.67965,6.67965
6.67975,4.9903257604E-05,0.000280823442154,6.67975,6.67975
6.67985,4.9982289056E-05,0.000463849573862,6.67985,6.67985
6.67995,5.0040285714E-05,0.000356187141733,6.67995,6.67995
6.68005,4.9394740927E-05,-3.19261121749878,6.68005,6.68005
6.68015,3.199620551E-06,-9.99640941619873,6.68015,6.68015
6.68025,3.79732711E-07,-9.99700736999512,6.68025,6.68025
6.68035,8.0014225E-08,-9.99743556976318,6.68035,6.68035
6.68045,-3.603787E-09,-9.99741649627686,6.68045,6.68045
6.68055,-3.1572544E-08,-9.99734306335449,6.68055,6.68055
6.68065,-4.6956064E-08,-9.9975471496582,6.68065,6.68065
6.68075,-6.5883135E-08,-9.99741458892822,6.68075,6.68075
6.68085,-9.2705868E-08,-9.99772357940674,6.68085,6.68085
6.68095,-9.8787559E-08,-9.9977560043335,6.68095,6.68095
6.68105,-8.467472071E-06,-6.81462383270264,6.68105,6.68105
6.68115,2.7863678042E-05,-0.000547332921997,6.68115,6.68115
6.68125,4.3622236262E-05,-0.000168332990143,6.68125,6.68125
6.68135,4.7702469601E-05,0.000195467539015,6.68135,6.68135
6.68145,4.8968635383E-05,0.000295319157885,6.68145,6.68145
6.68155,4.9497477448E-05,0.000531050667632,6.68155,6.68155
6.68165,4.9772545026E-05,0.000642653671093,6.68165,6.68165
6.68175,4.9964073696E-05,0.000592551950831,6.68175,6.68175
6.68185,5.0042297516E-05,0.000471519655548,6.68185,6.68185
6.68195,5.0070702855E-05,0.000461105257273,6.68195,6.68195
6.68205,4.9481735914E-05,-3.17265558242798,6.68205,6.68205
6.68215,3.242304956E-06,-9.9964714050293,6.68215,6.68215
6.68225,3.88169752E-07,-9.99671745300293,6.68225,6.68225
6.68235,7.9873601E-08,-9.99738311767578,6.68235,6.68235
6.68245,-1.3496206E-08,-9.99748992919922,6.68245,6.68245
6.68255,-4.2027434E-08,-9.99778652191162,6.68255,6.68255
6.68265,-5.5702454E-08,-9.99748611450195,6.68265,6.68265
6.68275,-6.8294725E-08,-9.99771595001221,6.68275,6.68275
6.68285,-7.2696039E-08,-9.99744606018066,6.68285,6.68285
6.68295,-6.8611115E-08,-9.99761962890625,6.68295,6.68295
6.68305,-8.473307389E-06,-6.83500146865845,6.68305,6.68305
6.68315,2.7869491532E-05,-0.000728248036467,6.68315,6.68315
6.68325,4.3669133447E-05,-0.00042805983685,6.68325,6.68325
6.68335,4.7742891184E-05,-0.000215831125388,6.68335,6.68335
6.68345,4.9000107538E-05,2.2363223252E-05,6.68345,6.68345
6.68355,4.9535654398E-05,0.000185475335456,6.68355,6.68355
6.68365,4.9821239372E-05,-8.387420166E-06,6.68365,6.68365
6.68375,4.9979589676E-05,0.000176257177372,6.68375,6.68375
6.68385,5.0080925575E-05,0.000119329786685,6.68385,6.68385
6.68395,5.016596333E-05,0.000354498333763,6.68395,6.68395
6.68405,4.9649970606E-05,-3.15261626243591,6.68405,6.68405
6.68415,3.293524742E-06,-9.99653720855713,6.68415,6.68415
6.68425,3.71731602E-07,-9.99699687957764,6.68425,6.68425
6.68435,6.4089328E-08,-9.9973258972168,6.68435,6.68435
6.68445,-9.130042E-09,-9.9973316192627,6.68445,6.68445
6.68455,-5.5512622E-08,-9.99751758575439,6.68455,6.68455
6.68465,-5.5843071E-08,-9.9976863861084,6.68465,6.68465
6.68475,-9.3514416E-08,-9.99796485900879,6.68475,6.68475
6.68485,-1.00418717E-07,-9.99789047241211,6.68485,6.68485
6.68495,-6.4652738E-08,-9.99776744842529,6.68495,6.68495
6.68505,-8.450970199E-06,-6.85512495040894,6.68505,6.68505
6.68515,2.7803514968E-05,-0.000560632382985,6.68515,6.68515
6.68525,4.3687421567E-05,-0.000211257225601,6.68525,6.68525
6.68535,4.7759363952E-05,0.000278079096461,6.68535,6.68535
6.68545,4.9053654948E-05,0.000444428122137,6.68545,6.68545
6.68555,4.9589692935E-05,0.000712247216143,6.68555,6.68555
6.68565,4.9859518185E-05,0.000759815739002,6.68565,6.68565
6.68575,5.0002847274E-05,0.000828916730825,6.68575,6.68575
6.68585,5.0102924433E-05,0.000676852359902,6.68585,6.68585
6.68595,5.0130809541E-05,0.000712739827577,6.68595,6.68595
6.68605,4.9715799832E-05,-3.13238573074341,6.68605,6.68605
6.68615,3.272326694E-06,-9.9963960647583,6.68615,6.68615
6.68625,3.48782891E-07,-9.99703788757324,6.68625,6.68625
6.68635,5.676317E-08,-9.99756622314453,6.68635,6.68635
6.68645,9.965771E-09,-9.99761772155762,6.68645,6.68645
6.68655,-5.684921E-09,-9.99778938293457,6.68655,6.68655
6.68665,-4.715293E-08,-9.99773406982422,6.68665,6.68665
6.68675,-9.8907087E-08,-9.99770259857178,6.68675,6.68675
6.68685,-5.6686773E-08,-9.99742794036865,6.68685,6.68685
6.68695,-8.6849163E-08,-9.99738121032715,6.68695,6.68695
6.68705,-8.476232324E-06,-6.8746485710144,6.68705,6.68705
6.68715,2.774757013E-05,-0.000735847745091,6.68715,6.68715
6.68725,4.3655429181E-05,-0.000370217661839,6.68725,6.68725
6.68735,4.7756002459E-05,-0.000174384607817,6.68735,6.68735
6.68745,4.9035985285E-05,0.000293067394523,6.68745,6.68745
6.68755,4.9608206609E-05,0.000368782959413,6.68755,6.68755
6.68765,4.9878584832E-05,0.000334513926646,6.68765,6.68765
6.68775,5.0015340094E-05,6.2402388721E-05,6.68775,6.68775
6.68785,5.0116010243E-05,0.000243036032771,6.68785,6.68785
6.68795,5.0186288718E-05,0.000462512602098,6.68795,6.68795
6.68805,4.9842088629E-05,-3.11246275901794,6.68805,6.68805
6.68815,3.29168256E-06,-9.99659061431885,6.68815,6.68815
6.68825,3.73918198E-07,-9.99696731567383,6.68825,6.68825
6.68835,2.4702452E-08,-9.99733638763428,6.68835,6.68835
6.68845,-3.8336232E-08,-9.99741458892822,6.68845,6.68845
6.68855,-6.1973978E-08,-9.99772548675537,6.68855,6.68855
6.68865,-4.6056115E-08,-9.99817085266113,6.68865,6.68865
6.68875,-6.1756026E-08,-9.99775886535645,6.68875,6.68875
6.68885,-7.3371005E-08,-9.99796009063721,6.68885,6.68885
6.68895,-6.6276868E-08,-9.99798583984375,6.68895,6.68895
6.68905,-8.461341167E-06,-6.89534616470337,6.68905,6.68905
6.68915,2.7664669688E-05,-0.001113369944505,6.68915,6.68915
6.68925,4.367584188E-05,-0.000532133504748,6.68925,6.68925
6.68935,4.7789562814E-05,-0.000141452561365,6.68935,6.68935
6.68945,4.9100894103E-05,0.000204615324037,6.68945,6.68945
6.68955,4.9643818784E-05,0.0002015895152,6.68955,6.68955
6.68965,4.9907150242E-05,0.000332965835696,6.68965,6.68965
6.68975,5.0077298511E-05,0.000278079096461,6.68975,6.68975
6.68985,5.0167906011E-05,0.000382715748856,6.68985,6.68985
6.68995,5.022048208E-05,0.000429228733992,6.68995,6.68995
6.69005,4.9945159844E-05,-3.09254002571106,6.69005,6.69005
6.69015,3.306362942E-06,-9.99672794342041,6.69015,6.69015
6.69025,3.84576992E-07,-9.99678230285645,6.69025,6.69025
6.69035,5.7402978E-08,-9.9972972869873,6.69035,6.69035
6.69045,9.649383E-09,-9.99737930297852,6.69045,6.69045
6.69055,-6.2951273E-08,-9.99728679656982,6.69055,6.69055
6.69065,-6.6340142E-08,-9.9972562789917,6.69065,6.69065
6.69075,-6.7218998E-08,-9.99735641479492,6.69075,6.69075
6.69085,-7.7301252E-08,-9.99728012084961,6.69085,6.69085
6.69095,-8.7292108E-08,-9.99786567687988,6.69095,6.69095
6.69105,-8.50995184E-06,-6.91486597061157,6.69105,6.69105
6.69115,2.7603915441E-05,-0.000935902819037,6.69115,6.69115
6.69125,4.367278234E-05,-0.000590679352172,6.69125,6.69125
6.69135,4.7804929636E-05,6.8594737968E-05,6.69135,6.69135
6.69145,4.9123609642E-05,0.000223614581046,6.69145,6.69145
6.69155,4.9653182941E-05,0.000317203492159,6.69155,6.69155
6.69165,4.9921993195E-05,0.000450620485935,6.69165,6.69165
6.69175,5.0105518312E-05,0.000717102608178,6.69175,6.69175
6.69185,5.0175378419E-05,0.000522465794347,6.69185,6.69185
6.69195,5.023191261E-05,0.000549346208572,6.69195,6.69195
6.69205,5.005398998E-05,-3.07233476638794,6.69205,6.69205
6.69215,3.346614676E-06,-9.99659156799316,6.69215,6.69215
6.69225,3.71893321E-07,-9.9970178604126,6.69225,6.69225
6.69235,7.2048259E-08,-9.99756145477295,6.69235,6.69235
6.69245,-2.3501119E-08,-9.99765682220459,6.69245,6.69245
6.69255,-3.5833246E-08,-9.9979076385498,6.69255,6.69255
6.69265,-3.59598E-08,-9.99763584136963,6.69265,6.69265
6.69275,-5.6869577E-08,-9.99760723114014,6.69275,6.69275
6.69285,-6.9904793E-08,-9.9980583190918,6.69285,6.69285
6.69295,-9.4794032E-08,-9.99809646606445,6.69295,6.69295
6.69305,-8.502836863E-06,-6.93481397628784,6.69305,6.69305
6.69315,2.7581980248E-05,-0.000957505719271,6.69315,6.69315
6.69325,4.3698051741E-05,-0.000631562958006,6.69325,6.69325
6.69335,4.7842087952E-05,-0.000192469073227,6.69335,6.69335
6.69345,4.913529483E-05,-0.000245526258368,6.69345,6.69345
6.69355,4.9658461649E-05,0.000280541979009,6.69355,6.69355
6.69365,4.9951038818E-05,0.000264005589997,6.69365,6.69365
6.69375,5.0113449106E-05,9.0549438028E-05,6.69375,6.69375
6.69385,5.0248323532E-05,0.000425217760494,6.69385,6.69385
6.69395,5.0270307838E-05,0.000318962673191,6.69395,6.69395
6.69405,5.0151629694E-05,-3.05251431465149,6.69405,6.69405
6.69415,3.371328148E-06,-9.99659633636475,6.69415,6.69415
6.69425,3.53120925E-07,-9.99693965911865,6.69425,6.69425
6.69435,3.2963712E-08,-9.99733734130859,6.69435,6.69435
6.69445,-2.2847249E-08,-9.99770355224609,6.69445,6.69445
6.69455,-7.0221176E-08,-9.99771213531494,6.69455,6.69455
6.69465,-9.3718313E-08,-9.9976282119751,6.69465,6.69465
6.69475,-1.03456053E-07,-9.99766445159912,6.69475,6.69475
6.69485,-1.07948772E-07,-9.99764823913574,6.69485,6.69485
6.69495,-1.30166285E-07,-9.9976692199707,6.69495,6.69495
6.69505,-8.532907486E-06,-6.95480489730835,6.69505,6.69505
6.69515,2.7499851058E-05,-0.000903252279386,6.69515,6.69515
6.69525,4.3693813495E-05,-0.00035065546399,6.69525,6.69525
6.69535,4.7817156883E-05,0.000239376924583,6.69535,6.69535
6.69545,4.9143720389E-05,0.000166335346876,6.69545,6.69545
6.69555,4.9674632464E-05,7.957208436E-05,6.69555,6.69555
6.69565,4.9960344768E-05,0.000153950648382,6.69565,6.69565
6.69575,5.0125690905E-05,0.000532950565685,6.69575,6.69575
6.69585,5.0204282161E-05,0.000117781695735,6.69585,6.69585
6.69595,5.0262209697E-05,0.00021805553115,6.69595,6.69595
6.69605,5.0198319514E-05,-3.03250360488892,6.69605,6.69605
6.69615,3.335365363E-06,-9.99650573730469,6.69615,6.69615
6.69625,3.404935E-07,-9.99678421020508,6.69625,6.69625
6.69635,2.9392035E-08,-9.99711513519287,6.69635,6.69635
6.69645,-4.8263804E-08,-9.99729442596436,6.69645,6.69645
6.69655,-4.9149694E-08,-9.99753093719482,6.69655,6.69655
6.69665,-7.4995128E-08,-9.99762535095215,6.69665,6.69665
6.69675,-1.38968915E-07,-9.99748706817627,6.69675,6.69675
6.69685,-1.40206353E-07,-9.99744510650635,6.69685,6.69685
6.69695,-1.29224148E-07,-9.99740982055664,6.69695,6.69695
6.69705,-8.547068319E-06,-6.97452878952026,6.69705,6.69705
6.69715,2.7452408176E-05,-0.000427145045251,6.69715,6.69715
6.69725,4.3693820771E-05,-0.000544025620911,6.69725,6.69725
6.69735,4.7878264013E-05,-0.000209498044569,6.69735,6.69735
6.69745,4.9160931667E-05,-7.2773778811E-05,6.69745,6.69745
6.69755,4.9707876315E-05,0.000142973294714,6.69755,6.69755
6.69765,4.9973437854E-05,0.000423177116318,6.69765,6.69765
6.69775,5.012607653E-05,0.000541465065908,6.69775,6.69775
6.69785,5.0202474085E-05,0.000540339155123,6.69785,6.69785
6.69795,5.0287238992E-05,0.000569260271732,6.69795,6.69795
6.69805,5.0343620387E-05,-3.01232171058655,6.69805,6.69805
6.69815,3.368635362E-06,-9.99629592895508,6.69815,6.69815
6.69825,3.67491992E-07,-9.99649238586426,6.69825,6.69825
6.69835,6.9974156E-08,-9.99728488922119,6.69835,6.69835
6.69845,-2.1230152E-08,-9.99742794036865,6.69845,6.69845
6.69855,-5.7052379E-08,-9.99755477905273,6.69855,6.69855
6.69865,-8.8859984E-08,-9.99752521514893,6.69865,6.69865
6.69875,-9.7789176E-08,-9.99754905700684,6.69875,6.69875
6.69885,-1.04904409E-07,-9.99768829345703,6.69885,6.69885
6.69895,-1.3269036E-07,-9.99763488769531,6.69895,6.69895
6.69905,-8.563984011E-06,-6.99473810195923,6.69905,6.69905
6.69915,2.7409554605E-05,-0.000602641841397,6.69915,6.69915
6.69925,4.3707066652E-05,-0.000323775020661,6.69925,6.69925
6.69935,4.7912039008E-05,-1.6972267986E-05,6.69935,6.69935
6.69945,4.9217571359E-05,-1.3524255337E-05,6.69945,6.69945
6.69955,4.9755799409E-05,0.000130658969283,6.69955,6.69955
6.69965,5.0026352255E-05,0.000213340914343,6.69965,6.69965
6.69975,5.020167373E-05,0.000153176602907,6.69975,6.69975
6.69985,5.0290254876E-05,0.000239799133851,6.69985,6.69985
6.69995,5.037333176E-05,0.000515991996508,6.69995,6.69995
6.70005,5.042725752E-05,-2.99234294891357,6.70005,6.70005
6.70015,3.423476073E-06,-9.99643802642822,6.70015,6.70015
6.70025,4.16194752E-07,-9.99675464630127,6.70025,6.70025
6.70035,7.23998E-08,-9.99719905853271,6.70035,6.70035
6.70045,-3.4588783E-08,-9.99699211120605,6.70045,6.70045
6.70055,-3.1375681E-08,-9.99758720397949,6.70055,6.70055
6.70065,-4.2210235E-08,-9.99753952026367,6.70065,6.70065
6.70075,-6.3766848E-08,-9.99756622314453,6.70075,6.70075
6.70085,-9.181295E-08,-9.99767208099365,6.70085,6.70085
6.70095,-8.3242327E-08,-9.99779510498047,6.70095,6.70095
6.70105,-8.534243534E-06,-7.01489067077637,6.70105,6.70105
6.70115,2.7376530852E-05,-0.000582446344197,6.70115,6.70115
6.70125,4.3740456022E-05,-0.000450788560556,6.70125,6.70125
6.70135,4.7910456487E-05,0.000166968660778,6.70135,6.70135
6.70145,4.9212303566E-05,0.000486789416755,6.70145,6.70145
6.70155,4.9763853895E-05,0.000421769771492,6.70155,6.70155
6.70165,5.007562504E-05,0.000459627539385,6.70165,6.70165
6.70175,5.0244630984E-05,0.000659682613332,6.70175,6.70175
6.70185,5.0289072533E-05,0.000637235352769,6.70185,6.70185
6.70195,5.0366576033E-05,0.000430636078818,6.70195,6.70195
6.70205,5.0544764235E-05,-2.97246551513672,6.70205,6.70205
6.70215,3.412627393E-06,-9.99665451049805,6.70215,6.70215
6.70225,3.74522841E-07,-9.99691390991211,6.70225,6.70225
6.70235,6.4490081E-08,-9.99749755859375,6.70235,6.70235
6.70245,-3.0067941E-08,-9.99734306335449,6.70245,6.70245
6.70255,-6.9293108E-08,-9.99756050109863,6.70255,6.70255
6.70265,-5.9499119E-08,-9.99763298034668,6.70265,6.70265
6.70275,-8.6659327E-08,-9.99775218963623,6.70275,6.70275
6.70285,-8.3411074E-08,-9.99779033660889,6.70285,6.70285
6.70295,-8.8747491E-08,-9.99761772155762,6.70295,6.70295
6.70305,-8.528935723E-06,-7.03439474105835,6.70305,6.70305
6.70315,2.731915265E-05,-0.000530655786861,6.70315,6.70315
6.70325,4.3707710574E-05,-0.000305549823679,6.70325,6.70325
6.70335,4.791921674E-05,8.7312524556E-05,6.70335,6.70335
6.70345,4.9293841585E-05,0.000102652666101,6.70345,6.70345
6.70355,4.9834619858E-05,0.000362379505532,6.70355,6.70355
6.70365,5.0117407227E-05,0.000573623052333,6.70365,6.70365
6.70375,5.0255468523E-05,0.00072990951594,6.70375,6.70375
6.70385,5.0362512411E-05,0.000598251703195,6.70385,6.70385
6.70395,5.0418639148E-05,0.000424654834205,6.70395,6.70395
6.70405,5.065890582E-05,-2.95278239250183,6.70405,6.70405
6.70415,3.476446636E-06,-9.99633407592773,6.70415,6.70415
6.70425,3.83522348E-07,-9.99711227416992,6.70425,6.70425
6.70435,5.8099033E-08,-9.99748229980469,6.70435,6.70435
6.70445,-2.0660652E-08,-9.99756717681885,6.70445,6.70445
6.70455,-4.4424954E-08,-9.99726009368896,6.70455,6.70455
6.70465,-6.7992396E-08,-9.99749755859375,6.70465,6.70465
6.70475,-7.3863163E-08,-9.99769115447998,6.70475,6.70475
6.70485,-7.2175759E-08,-9.99755668640137,6.70485,6.70485
6.70495,-1.09073703E-07,-9.99753856658936,6.70495,6.70495
6.70505,-8.574277672E-06,-7.05461883544922,6.70505,6.70505
6.70515,2.7256830435E-05,-0.000578013190534,6.70515,6.70515
6.70525,4.3772874051E-05,-0.000329193338985,6.70525,6.70525
6.70535,4.7954574256E-05,0.00024402118288,6.70535,6.70535
6.70545,4.9301099352E-05,0.000378212222131,6.70545,6.70545
6.70555,4.9845384638E-05,0.000222910908633,6.70555,6.70555
6.70565,5.0127546274E-05,0.000191738057765,6.70565,6.70565
6.70575,5.0265472964E-05,0.000264498172328,6.70575,6.70575
6.70585,5.035373033E-05,0.000105959938082,6.70585,6.70585
6.70595,5.0424390793E-05,8.2949729403E-05,6.70595,6.70595
6.70605,5.0734099204E-05,-2.93285512924194,6.70605,6.70605
6.70615,3.461850383E-06,-9.99672508239746,6.70615,6.70615
6.70625,3.85343355E-07,-9.99667072296143,6.70625,6.70625
6.70635,7.134517E-08,-9.99746990203857,6.70635,6.70635
6.70645,5.23327E-10,-9.99742221832275,6.70645,6.70645
6.70655,-5.9042112E-08,-9.99766159057617,6.70655,6.70655
6.70665,-5.8592136E-08,-9.99778366088867,6.70665,6.70665
6.70675,-8.2588457E-08,-9.99747085571289,6.70675,6.70675
6.70685,-1.04370059E-07,-9.9980583190918,6.70685,6.70685
6.70695,-9.0470053E-08,-9.99784755706787,6.70695,6.70695
6.70705,-8.530306332E-06,-7.07482814788818,6.70705,6.70705
6.70715,2.7231006243E-05,-0.000859835476149,6.70715,6.70715
6.70725,4.3798179831E-05,-0.000679624034092,6.70725,6.70725
6.70735,4.7995177738E-05,0.000232199425227,6.70735,6.70735
6.70745,4.933299715E-05,0.00037194948527,6.70745,6.70745
6.70755,4.9850692449E-05,0.000169924096554,6.70755,6.70755
6.70765,5.0149483286E-05,0.000224599731155,6.70765,6.70765
6.70775,5.0320588343E-05,0.000353935378371,6.70775,6.70775
6.70785,5.0375932915E-05,0.000483833980979,6.70785,6.70785
6.70795,5.0437163736E-05,0.000430143496487,6.70795,6.70795
6.70805,5.0859882322E-05,-2.91248273849487,6.70805,6.70805
6.70815,3.505631639E-06,-9.99633693695068,6.70815,6.70815
6.70825,3.92163287E-07,-9.99652099609375,6.70825,6.70825
6.70835,8.7670827E-08,-9.99686431884766,6.70835,6.70835
6.70845,-1.3060292E-08,-9.99696636199951,6.70845,6.70845
6.70855,-2.8239917E-08,-9.99707221984863,6.70855,6.70855
6.70865,-6.4259012E-08,-9.99725532531738,6.70865,6.70865
6.70875,-5.6602403E-08,-9.99732398986816,6.70875,6.70875
6.70885,-6.2887992E-08,-9.99714660644531,6.70885,6.70885
6.70895,-6.042719E-08,-9.99702262878418,6.70895,6.70895
6.70905,-8.563667507E-06,-7.09441375732422,6.70905,6.70905
6.70915,2.7165682695E-05,-0.000703971192706,6.70915,6.70915
6.70925,4.3786407332E-05,-0.000530163233634,6.70925,6.70925
6.70935,4.8026995501E-05,-0.000160874027642,6.70935,6.70935
6.70945,4.9347079766E-05,-3.2242038287E-05,6.70945,6.70945
6.70955,4.989853187E-05,-0.00015341505059,6.70955,6.70955
6.70965,5.0182410632E-05,5.2550927649E-05,6.70965,6.70965
6.70975,5.0316550187E-05,0.000134388450533,6.70975,6.70975
6.70985,5.0440827181E-05,0.000433872977737,6.70985,6.70985
6.70995,5.0494683819E-05,0.000396930001443,6.70995,6.70995
6.71005,5.0945905969E-05,-2.89246320724487,6.71005,6.71005
6.71015,3.509772796E-06,-9.99607849121094,6.71015,6.71015
6.71025,3.71000397E-07,-9.99661540985107,6.71025,6.71025
6.71035,3.9643027E-08,-9.99708652496338,6.71035,6.71035
6.71045,-7.7631704E-08,-9.99714374542236,6.71045,6.71045
6.71055,-8.8185026E-08,-9.9972505569458,6.71055,6.71055
6.71065,-1.15380388E-07,-9.99699401855469,6.71065,6.71065
6.71075,-9.8724279E-08,-9.99720287322998,6.71075,6.71075
6.71085,-1.01086648E-07,-9.99750518798828,6.71085,6.71085
6.71095,-8.9141217E-08,-9.99756336212158,6.71095,6.71095
6.71105,-8.589302524E-06,-7.11457586288452,6.71105,6.71105
6.71115,2.7060366847E-05,-0.000593986653257,6.71115,6.71115
6.71125,4.3745061703E-05,-0.000371413916582,6.71125,6.71125
6.71135,4.7999881645E-05,0.000152895139763,6.71135,6.71135
6.71145,4.9360867706E-05,0.000288704613922,6.71145,6.71145
6.71155,4.990337402E-05,0.000131644119392,6.71155,6.71155
6.71165,5.0170961913E-05,0.00017766453675,6.71165,6.71165
6.71175,5.0340400776E-05,-6.2500112108E-05,6.71175,6.71175
6.71185,5.042344128E-05,0.000194341657334,6.71185,6.71185
6.71195,5.046199658E-05,0.000368571840227,6.71195,6.71195
6.71205,5.102844807E-05,-2.87280344963074,6.71205,6.71205
6.71215,3.518357516E-06,-9.99663925170898,6.71215,6.71215
6.71225,3.41815309E-07,-9.99698352813721,6.71225,6.71225
6.71235,3.5853393E-08,-9.99739933013916,6.71235,6.71235
6.71245,-2.6341587E-08,-9.99759769439697,6.71245,6.71245
6.71255,-3.2451403E-08,-9.99749946594238,6.71255,6.71255
6.71265,-6.458243E-08,-9.99736213684082,6.71265,6.71265
6.71275,-8.0802621E-08,-9.99747657775879,6.71275,6.71275
6.71285,-7.2555423E-08,-9.99731826782227,6.71285,6.71285
6.71295,-5.8092947E-08,-9.99751567840576,6.71295,6.71295
6.71305,-8.568997146E-06,-7.13475036621094,6.71305,6.71305
6.71315,2.7079786378E-05,-0.000962501799222,6.71315,6.71315
6.71325,4.3836382247E-05,-0.000466691650217,6.71325,6.71325
6.71335,4.8081554269E-05,0.000232551261433,6.71335,6.71335
6.71345,4.941068255E-05,0.000222066490096,6.71345,6.71345
6.71355,4.9989066611E-05,2.7429690817E-05,6.71355,6.71355
6.71365,5.025109931E-05,0.000153528439114,6.71365,6.71365
6.71375,5.0423546782E-05,0.000359283323633,6.71375,6.71375
6.71385,5.0465914683E-05,0.000493474362884,6.71385,6.71385
6.71395,5.0533810281E-05,0.000374904921046,6.71395,6.71395
6.71405,5.1138507843E-05,-2.85240507125855,6.71405,6.71405
6.71415,3.557385753E-06,-9.99609756469727,6.71415,6.71415
6.71425,4.12812909E-07,-9.99658393859863,6.71425,6.71425
6.71435,6.0841067E-08,-9.99692630767822,6.71435,6.71435
6.71445,-1.941619E-08,-9.99702739715576,6.71445,6.71445
6.71455,-3.2493588E-08,-9.99729251861572,6.71455,6.71455
6.71465,-3.6676948E-08,-9.99748992919922,6.71465,6.71465
6.71475,-8.6666361E-08,-9.99749565124512,6.71475,6.71475
6.71485,-6.2698156E-08,-9.99758815765381,6.71485,6.71485
6.71495,-5.8493704E-08,-9.99758529663086,6.71495,6.71495
6.71505,-8.523345969E-06,-7.15466976165771,6.71505,6.71505
6.71515,2.7007396056E-05,-0.000758506124839,6.71515,6.71515
6.71525,4.3847961933E-05,-0.0004989199806,6.71525,6.71525
6.71535,4.8093857913E-05,-0.000145604251884,6.71535,6.71535
6.71545,4.9432397645E-05,8.1612750364E-05,6.71545,6.71545
6.71555,4.9976173614E-05,0.000119329786685,6.71555,6.71555
6.71565,5.0278154959E-05,8.5342231614E-05,6.71565,6.71565
6.71575,5.0446335081E-05,0.000179564463906,6.71575,6.71575
6.71585,5.0517519412E-05,0.000469197519124,6.71585,6.71585
6.71595,5.0570106396E-05,0.000456109148217,6.71595,6.71595
6.71605,5.1272654673E-05,-2.8327476978302,6.71605,6.71605
6.71615,3.606425935E-06,-9.99654865264893,6.71615,6.71615
6.71625,3.94504553E-07,-9.99681758880615,6.71625,6.71625
6.71635,7.0628026E-08,-9.99714756011963,6.71635,6.71635
6.71645,-7.210618E-09,-9.99712562561035,6.71645,6.71645
6.71655,-6.8639238E-08,-9.99768543243408,6.71655,6.71655
6.71665,-5.820544E-08,-9.99727249145508,6.71665,6.71665
6.71675,-7.4292046E-08,-9.99753570556641,6.71675,6.71675
6.71685,-5.9808478E-08,-9.99781513214111,6.71685,6.71685
6.71695,-1.2251671E-07,-9.9978609085083,6.71695,6.71695
6.71705,-8.567056284E-06,-7.17481088638306,6.71705,6.71705
6.71715,2.6923482437E-05,-0.001011055428535,6.71715,6.71715
6.71725,4.3868156354E-05,-0.000651828828268,6.71725,6.71725
6.71735,4.8126967158E-05,9.6038107586E-05,6.71735,6.71735
6.71745,4.9478450819E-05,0.000204263487831,6.71745,6.71745
6.71755,5.0026730605E-05,9.556319128E-06,6.71755,6.71755
6.71765,5.0280203141E-05,0.00016872784181,6.71765,6.71765
6.71775,5.0441216445E-05,0.000142480726936,6.71775,6.71775
6.71785,5.0560625823E-05,0.000300526386127,6.71785,6.71785
6.71795,5.0649679906E-05,0.000410018372349,6.71795,6.71795
6.71805,5.1376890042E-05,-2.81268119812012,6.71805,6.71805
6.71815,3.638746875E-06,-9.99648380279541,6.71815,6.71815
6.71825,4.11835629E-07,-9.99689960479736,6.71825,6.71825
6.71835,8.8078615E-08,-9.99721717834473,6.71835,6.71835
6.71845,-4.018608E-09,-9.99739456176758,6.71845,6.71845
6.71855,-3.8076092E-08,-9.99742984771729,6.71855,6.71855
6.71865,-6.0040492E-08,-9.99739742279053,6.71865,6.71865
6.71875,-4.936765E-08,-9.99747753143311,6.71875,6.71875
6.71885,-7.2808533E-08,-9.99733638763428,6.71885,6.71885
6.71895,-6.9750108E-08,-9.99737548828125,6.71895,6.71895
6.71905,-8.579389032E-06,-7.19414520263672,6.71905,6.71905
6.71915,2.6875954063E-05,-0.000692853122018,6.71915,6.71915
6.71925,4.3851759983E-05,-0.000211046120967,6.71925,6.71925
6.71935,4.8155518016E-05,8.6045904027E-05,6.71935,6.71935
6.71945,4.9495691201E-05,0.000236280742683,6.71945,6.71945
6.71955,5.0035898312E-05,0.000379901030101,6.71955,6.71955
6.71965,5.0291044317E-05,0.000194834225113,6.71965,6.71965
6.71975,5.0481783546E-05,0.000227203330724,6.71975,6.71975
6.71985,5.0575814385E-05,0.000351472524926,6.71985,6.71985
6.71995,5.0623453717E-05,0.000323818036122,6.71995,6.71995
6.72005,5.1485367294E-05,-2.79281663894653,6.72005,6.72005
6.72015,3.673852007E-06,-9.99639797210693,6.72015,6.72015
6.72025,3.92873403E-07,-9.99678421020508,6.72025,6.72025
6.72035,6.7457108E-08,-9.9972620010376,6.72035,6.72035
6.72045,2.119332E-09,-9.99773406982422,6.72045,6.72045
6.72055,-7.7280163E-08,-9.99770927429199,6.72055,6.72055
6.72065,-4.8777057E-08,-9.99782466888428,6.72065,6.72065
6.72075,-7.0839896E-08,-9.99777030944824,6.72075,6.72075
6.72085,-6.5144896E-08,-9.99787330627441,6.72085,6.72085
6.72095,-7.1606259E-08,-9.99795913696289,6.72095,6.72095
6.72105,-8.558035915E-06,-7.21467065811157,6.72105,6.72105
6.72115,2.6861385777E-05,-0.000686590385158,6.72115,6.72115
6.72125,4.3873147661E-05,-0.000727333244868,6.72125,6.72125
6.72135,4.8172089009E-05,3.3340569644E-05,6.72135,6.72135
6.72145,4.9523743655E-05,0.00043457665015,6.72145,6.72145
6.72155,5.0079637731E-05,0.000413536734413,6.72155,6.72155
6.72165,5.0303282478E-05,0.000276601378573,6.72165,6.72165
6.72175,5.0499198551E-05,0.000442528194981,6.72175,6.72175
6.72185,5.0615122746E-05,0.000287649105303,6.72185,6.72185
6.72195,5.0682345318E-05,0.000321144092595,6.72195,6.72195
6.72205,5.1559534768E-05,-2.77292823791504,6.72205,6.72205
6.72215,3.682928764E-06,-9.99661636352539,6.72215,6.72215
6.72225,4.27240224E-07,-9.9967679977417,6.72225,6.72225
6.72235,9.3471286E-08,-9.99699306488037,6.72235,6.72235
6.72245,-2.719232E-08,-9.99731922149658,6.72245,6.72245
6.72255,-4.5388184E-08,-9.99730491638184,6.72255,6.72255
6.72265,-4.985278E-08,-9.99739074707031,6.72265,6.72265
6.72275,-5.3382269E-08,-9.99744319915771,6.72275,6.72275
6.72285,-5.1033965E-08,-9.99727630615234,6.72285,6.72285
6.72295,-3.2732636E-08,-9.99730205535889,6.72295,6.72295
6.72305,-8.546203389E-06,-7.2343225479126,6.72305,6.72305
6.72315,2.6800260457E-05,-0.000733103428502,6.72315,6.72315
6.72325,4.3898991862E-05,-0.000378028460545,6.72325,6.72325
6.72335,4.823614654E-05,0.000157961607329,6.72335,6.72335
6.72345,4.9549260439E-05,0.000199900692678,6.72345,6.72345
6.72355,5.0101272791E-05,0.000288986077067,6.72355,6.72355
6.72365,5.0403508794E-05,0.00016288732877,6.72365,6.72365
6.72375,5.0564474805E-05,0.000396155955968,6.72375,6.72375
6.72385,5.0671656936E-05,0.000380393612431,6.72385,6.72385
6.72395,5.0711529184E-05,0.000530769175384,6.72395,6.72395
6.72405,5.1707262173E-05,-2.7525269985199,6.72405,6.72405
6.72415,3.730837079E-06,-9.99655914306641,6.72415,6.72415
6.72425,4.01865861E-07,-9.99717044830322,6.72425,6.72425
6.72435,7.0705362E-08,-9.99747753143311,6.72435,6.72435
6.72445,2.4386063E-08,-9.99745464324951,6.72445,6.72445
6.72455,-5.9963156E-08,-9.99758625030518,6.72455,6.72455
6.72465,-6.2016163E-08,-9.99804782867432,6.72465,6.72465
6.72475,-7.3356944E-08,-9.99785804748535,6.72475,6.72475
6.72485,-7.0340704E-08,-9.99747467041016,6.72485,6.72485
6.72495,-7.5550567E-08,-9.99764156341553,6.72495,6.72495
6.72505,-8.556791727E-06,-7.25500106811523,6.72505,6.72505
6.72515,2.672683695E-05,-0.001604746910743,6.72515,6.72515
6.72525,4.3884192564E-05,-0.001110977493227,6.72525,6.72525
6.72535,4.8217803851E-05,-0.000515174935572,6.72535,6.72535
6.72545,4.9563132052E-05,-0.00038949836744,6.72545,6.72545
6.72555,5.0147908041E-05,-0.000194439373445,6.72555,6.72555
6.72565,5.0420214393E-05,-5.080142728E-06,6.72565,6.72565
6.72575,5.0544083933E-05,-8.5017745732E-05,6.72575,6.72575
6.72585,5.066142694E-05,-2.3164617232E-05,6.72585,6.72585
6.72595,5.0711616495E-05,-0.000326589739416,6.72595,6.72595
6.72605,5.1782561059E-05,-2.73292422294617,6.72605,6.72605
6.72615,3.752864814E-06,-9.99641799926758,6.72615,6.72615
6.72625,4.07694444E-07,-9.99664306640625,6.72625,6.72625
6.72635,7.8734608E-08,-9.99714374542236,6.72635,6.72635
6.72645,-1.6835864E-08,-9.99731063842773,6.72645,6.72645
6.72655,-5.1181612E-08,-9.99769306182861,6.72655,6.72655
6.72665,-4.0550951E-08,-9.9978666305542,6.72665,6.72665
6.72675,-8.5161751E-08,-9.99749851226807,6.72675,6.72675
6.72685,-8.1069793E-08,-9.99773788452148,6.72685,6.72685
6.72695,-8.6413245E-08,-9.99779987335205,6.72695,6.72695
6.72705,-8.57140185E-06,-7.27500343322754,6.72705,6.72705
6.72715,2.6676685593E-05,-0.001664066803642,6.72715,6.72715
6.72725,4.3890613597E-05,-0.001152916578576,6.72725,6.72725
6.72735,4.8231093388E-05,-0.000538114749361,6.72735,6.72735
6.72745,4.9566006055E-05,-0.00037458044244,6.72745,6.72745
6.72755,5.015467832E-05,-0.000216957007069,6.72755,6.72755
6.72765,5.0418497267E-05,-0.000276065809885,6.72765,6.72765
6.72775,5.0586670113E-05,-5.6096658227E-05,6.72775,6.72775
6.72785,5.0668291806E-05,0.00020897811919,6.72785,6.72785
6.72795,5.0754089898E-05,0.00047904899111,6.72795,6.72795
6.72805,5.190795855E-05,-2.71274304389954,6.72805,6.72805
6.72815,3.752527391E-06,-9.9964427947998,6.72815,6.72815
6.72825,3.75429835E-07,-9.99680805206299,6.72825,6.72825
6.72835,6.1305109E-08,-9.99732303619385,6.72835,6.72835
6.72845,1.2989041E-08,-9.99722957611084,6.72845,6.72845
6.72855,-5.9400687E-08,-9.9975414276123,6.72855,6.72855
6.72865,-7.446782E-08,-9.99763488769531,6.72865,6.72865
6.72875,-9.1862162E-08,-9.99753952026367,6.72875,6.72875
6.72885,-8.1920525E-08,-9.99758529663086,6.72885,6.72885
6.72895,-1.05544217E-07,-9.99748611450195,6.72895,6.72895
6.72905,-8.569172678E-06,-7.29453992843628,6.72905,6.72905
6.72915,2.6621930374E-05,-0.001146372407675,6.72915,6.72915
6.72925,4.3910153181E-05,-0.00074049201794,6.72925,6.72925
6.72935,4.8233814596E-05,-0.000245666975388,6.72935,6.72935
6.72945,4.9593636504E-05,-0.000364095671102,6.72945,6.72945
6.72955,5.0166174333E-05,-0.000237363608903,6.72955,6.72955
6.72965,5.0451726565E-05,-8.4665909526E-05,6.72965,6.72965
6.72975,5.0609778555E-05,-0.000113446258183,6.72975,6.72975
6.72985,5.0703696616E-05,4.2699462938E-05,6.72985,6.72985
6.72995,5.0776812714E-05,-1.7605576431E-05,6.72995,6.72995
6.73005,5.1985622122E-05,-2.69278073310852,6.73005,6.73005
6.73015,3.769970817E-06,-9.9962739944458,6.73015,6.73015
6.73025,4.12714485E-07,-9.99664783477783,6.73025,6.73025
6.73035,6.0053615E-08,-9.99718189239502,6.73035,6.73035
6.73045,-1.5689833E-08,-9.9972095489502,6.73045,6.73045
6.73055,-5.0394156E-08,-9.99720573425293,6.73055,6.73055
6.73065,-6.5876108E-08,-9.99716663360596,6.73065,6.73065
6.73075,-8.5696101E-08,-9.99718379974365,6.73075,6.73075
6.73085,-4.976841E-08,-9.99724388122559,6.73085,6.73085
6.73095,-5.3663506E-08,-9.99734401702881,6.73095,6.73095
6.73105,-8.533090295E-06,-7.31449890136719,6.73105,6.73105
6.73115,2.655109347E-05,-0.000896426616237,6.73115,6.73115
6.73125,4.3905027269E-05,-0.000396112940507,6.73125,6.73125
6.73135,4.8289231927E-05,-0.000124423604575,6.73135,6.73135
6.73145,4.9648057029E-05,0.000127703533508,6.73145,6.73145
6.73155,5.0196591474E-05,0.00043457665015,6.73155,6.73155
6.73165,5.0473914598E-05,0.00050642201677,6.73165,6.73165
6.73175,5.0661099522E-05,0.000488267134642,6.73175,6.73175
6.73185,5.0758186262E-05,0.000492067018058,6.73185,6.73185
6.73195,5.0798698794E-05,0.000441965268692,6.73195,6.73195
6.73205,5.2093135309E-05,-2.67255520820618,6.73205,6.73205
6.73215,3.792026746E-06,-9.99606990814209,6.73215,6.73215
6.73225,4.13122279E-07,-9.99662494659424,6.73225,6.73225
6.73235,6.8068793E-08,-9.9971752166748,6.73235,6.73235
6.73245,2.084178E-09,-9.99716186523438,6.73245,6.73245
6.73255,-3.7935472E-08,-9.99735546112061,6.73255,6.73255
6.73265,-5.1118334E-08,-9.99732303619385,6.73265,6.73265
6.73275,-6.58058E-08,-9.99748706817627,6.73275,6.73275
6.73285,-6.600969E-08,-9.99749851226807,6.73285,6.73285
6.73295,-9.1665299E-08,-9.99740314483643,6.73295,6.73295
6.73305,-8.573742889E-06,-7.33425664901733,6.73305,6.73305
6.73315,2.6475679988E-05,-0.000466339814011,6.73315,6.73315
6.73325,4.3908421503E-05,-0.000166784899193,6.73325,6.73325
6.73335,4.8288780818E-05,0.000404459337005,6.73335,6.73335
6.73345,4.9679078074E-05,6.5920772613E-05,6.73345,6.73345
6.73355,5.022123878E-05,0.000286804686766,6.73355,6.73355
6.73365,5.0529339205E-05,0.00062485068338,6.73365,6.73365
6.73375,5.0654642109E-05,0.000630057882518,6.73375,6.73375
6.73385,5.0770147936E-05,0.000494811334647,6.73385,6.73385
6.73395,5.0826718507E-05,0.000399533601012,6.73395,6.73395
6.73405,5.2179122576E-05,-2.65222406387329,6.73405,6.73405
6.73415,3.823946827E-06,-9.99611759185791,6.73415,6.73415
6.73425,3.74923616E-07,-9.9965181350708,6.73425,6.73425
6.73435,3.8047023E-08,-9.997314453125,6.73435,6.73435
6.73445,-2.4794797E-08,-9.99709892272949,6.73445,6.73445
6.73455,-4.7968509E-08,-9.99731254577637,6.73455,6.73455
6.73465,-8.082371E-08,-9.99728488922119,6.73465,6.73465
6.73475,-8.7278046E-08,-9.99743175506592,6.73475,6.73475
6.73485,-7.5993512E-08,-9.99747657775879,6.73485,6.73485
6.73495,-7.2998368E-08,-9.99758148193359,6.73495,6.73495
6.73505,-8.563393749E-06,-7.35450744628906,6.73505,6.73505
6.73515,2.639444574E-05,-0.000950398563873,6.73515,6.73515
6.73525,4.3928466766E-05,-0.000683775695506,6.73525,6.73525
6.73535,4.8340407375E-05,0.000166335346876,6.73535,6.73535
6.73545,4.9712649343E-05,0.000110252367449,6.73545,6.73545
6.73555,5.0220769481E-05,0.000214959363802,6.73555,6.73555
6.73565,5.0528033171E-05,0.000310448202072,6.73565,6.73565
6.73575,5.0734368415E-05,0.000525561976247,6.73575,6.73575
6.73585,5.0815659051E-05,0.000505225732923,6.73585,6.73585
6.73595,5.0825536164E-05,0.00024247309193,6.73595,6.73595
6.73605,5.2279614465E-05,-2.63294744491577,6.73605,6.73605
6.73615,3.84006853E-06,-9.99657344818115,6.73615,6.73615
6.73625,3.89393108E-07,-9.99689960479736,6.73625,6.73625
6.73635,5.4935146E-08,-9.9971981048584,6.73635,6.73635
6.73645,-1.1710368E-08,-9.99751281738281,6.73645,6.73645
6.73655,-4.4804622E-08,-9.99777030944824,6.73655,6.73655
6.73665,-7.5550567E-08,-9.99793910980225,6.73665,6.73665
6.73675,-8.0844806E-08,-9.99814224243164,6.73675,6.73675
6.73685,-7.4882635E-08,-9.99807357788086,6.73685,6.73685
6.73695,-8.9998984E-08,-9.99820613861084,6.73695,6.73695
6.73705,-8.587811863E-06,-7.3750262260437,6.73705,6.73705
6.73715,2.636879799E-05,-0.001142783556134,6.73715,6.73715
6.73725,4.3925196223E-05,-0.000789890065789,6.73725,6.73725
6.73735,4.8365676776E-05,-0.000136667571496,6.73735,6.73735
6.73745,4.9719154049E-05,3.6225643271E-05,6.73745,6.73745
6.73755,5.0284066674E-05,5.9024747316E-05,6.73755,6.73755
6.73765,5.0580722018E-05,-4.2374973418E-05,6.73765,6.73765
6.73775,5.0737839047E-05,0.000300596730085,6.73775,6.73775
6.73785,5.083790893E-05,0.000415436661569,6.73785,6.73785
6.73795,5.0874514272E-05,0.000423669698648,6.73795,6.73795
6.73805,5.2378956752E-05,-2.61249303817749,6.73805,6.73805
6.73815,3.864409337E-06,-9.99599742889404,6.73815,6.73815
6.73825,4.17804813E-07,-9.99660301208496,6.73825,6.73825
6.73835,8.4183519E-08,-9.99746799468994,6.73835,6.73835
6.73845,-5.3459608E-08,-9.99735164642334,6.73845,6.73845
6.73855,-6.873767E-08,-9.99782943725586,6.73855,6.73855
6.73865,-7.2857752E-08,-9.9976692199707,6.73865,6.73865
6.73875,-8.2792354E-08,-9.99762725830078,6.73875,6.73875
6.73885,-1.05727018E-07,-9.99746036529541,6.73885,6.73885
6.73895,-7.9501909E-08,-9.99758434295654,6.73895,6.73895
6.73905,-8.56510178E-06,-7.3946475982666,6.73905,6.73905
6.73915,2.6308465749E-05,-0.001195418532006,6.73915,6.73915
6.73925,4.3948217353E-05,-0.000738029135391,6.73925,6.73925
6.73935,4.8352896556E-05,-0.000182406511158,6.73935,6.73935
6.73945,4.9756767112E-05,-0.000281695218291,6.73945,6.73945
6.73955,5.0310616643E-05,7.023085345E-06,6.73955,6.73955
6.73965,5.062708442E-05,-1.1553962395E-05,6.73965,6.73965
6.73975,5.0796603318E-05,-4.8426587455E-05,6.73975,6.73975
6.73985,5.0875856687E-05,0.000205881937291,6.73985,6.73985
6.73995,5.0889819249E-05,0.000394889328163,6.73995,6.73995
6.74005,5.2471601521E-05,-2.5928008556366,6.74005,6.74005
6.74015,3.898424438E-06,-9.99650859832764,6.74015,6.74015
6.74025,3.83065355E-07,-9.99693298339844,6.74025,6.74025
6.74035,3.1887989E-08,-9.99722671508789,6.74035,6.74035
6.74045,-3.2303756E-08,-9.99731349945068,6.74045,6.74045
6.74055,-6.5791738E-08,-9.99750137329102,6.74055,6.74055
6.74065,-8.7868635E-08,-9.99751758575439,6.74065,6.74065
6.74075,-9.1166108E-08,-9.99809455871582,6.74075,6.74075
6.74085,-1.06858984E-07,-9.99831485748291,6.74085,6.74085
6.74095,-1.04159135E-07,-9.99802112579346,6.74095,6.74095
6.74105,-8.560272363E-06,-7.41472101211548,6.74105,6.74105
6.74115,2.6231035008E-05,-0.000938576820772,6.74115,6.74115
6.74125,4.3948435632E-05,-0.000692430941854,6.74125,6.74125
6.74135,4.8420202802E-05,-0.000141593292938,6.74135,6.74135
6.74145,4.9769016186E-05,-0.000226527001359,6.74145,6.74145
6.74155,5.034555943E-05,-3.0623585189E-05,6.74155,6.74155
6.74165,5.0626604207E-05,-6.5314816311E-05,6.74165,6.74165
6.74175,5.0789123634E-05,0.000268860952929,6.74175,6.74175
6.74185,5.0895647291E-05,6.7539229349E-05,6.74185,6.74185
6.74195,5.092680658E-05,0.000178860776941,6.74195,6.74195
6.74205,5.2583312936E-05,-2.57282972335815,6.74205,6.74205
6.74215,3.921295956E-06,-9.99620628356934,6.74215,6.74215
6.74225,4.01057321E-07,-9.99670696258545,6.74225,6.74225
6.74235,5.7867016E-08,-9.9972505569458,6.74235,6.74235
6.74245,-2.7881343E-08,-9.99718570709229,6.74245,6.74245
6.74255,-5.3199468E-08,-9.9973611831665,6.74255,6.74255
6.74265,-5.2208115E-08,-9.99726963043213,6.74265,6.74265
6.74275,-4.9494204E-08,-9.99749660491943,6.74275,6.74275
6.74285,-6.8526738E-08,-9.99747371673584,6.74285,6.74285
6.74295,-6.0722485E-08,-9.99782085418701,6.74295,6.74295
6.74305,-8.547145626E-06,-7.43456315994263,6.74305,6.74305
6.74315,2.6178358894E-05,-0.000928654975723,6.74315,6.74315
6.74325,4.4011761929E-05,-0.000583290762734,6.74325,6.74325
6.74335,4.8474499636E-05,-7.4321869761E-05,6.74335,6.74335
6.74345,4.9828664487E-05,-0.00012308661826,6.74345,6.74345
6.74355,5.0368882512E-05,0.000110674569441,6.74355,6.74355
6.74365,5.0635528169E-05,8.9775392553E-05,6.74365,6.74365
6.74375,5.0802933401E-05,0.000193708343431,6.74375,6.74375
6.74385,5.0864106015E-05,0.000293067394523,6.74385,6.74385
6.74395,5.0958427892E-05,0.00019842297479,6.74395,6.74395
6.74405,5.2687119023E-05,-2.55306720733643,6.74405,6.74405
6.74415,3.932292202E-06,-9.99628734588623,6.74415,6.74415
6.74425,3.62057136E-07,-9.99671268463135,6.74425,6.74425
6.74435,6.89828E-08,-9.99726963043213,6.74435,6.74435
6.74445,-5.171669E-09,-9.99734783172607,6.74445,6.74445
6.74455,-5.7741403E-08,-9.99763774871826,6.74455,6.74455
6.74465,-8.5576573E-08,-9.99770545959473,6.74465,6.74465
6.74475,-9.2206676E-08,-9.99737739562988,6.74475,6.74475
6.74485,-1.12905525E-07,-9.99751091003418,6.74485,6.74485
6.74495,-1.05122361E-07,-9.99737167358398,6.74495,6.74495
6.74505,-8.563801202E-06,-7.45457649230957,6.74505,6.74505
6.74515,2.6116895242E-05,-0.0013391795801,6.74515,6.74515
6.74525,4.3963951612E-05,-0.00071994465543,6.74525,6.74525
6.74535,4.8428631999E-05,2.6796382372E-05,6.74535,6.74535
6.74545,4.9811806093E-05,-6.346760074E-06,6.74545,6.74545
6.74555,5.0395796279E-05,-0.000133078821818,6.74555,6.74555
6.74565,5.0674370868E-05,0.000181886585779,6.74565,6.74565
6.74575,5.0843322242E-05,0.000390245084418,6.74575,6.74575
6.74585,5.0926457334E-05,2.4052045774E-05,6.74585,6.74585
6.74595,5.0999606174E-05,0.000353513169102,6.74595,6.74595
6.74605,5.2777788369E-05,-2.53254961967468,6.74605,6.74605
6.74615,3.979342637E-06,-9.99605464935303,6.74615,6.74615
6.74625,4.21397601E-07,-9.99662685394287,6.74625,6.74625
6.74635,6.5671266E-08,-9.99701881408691,6.74635,6.74635
6.74645,-1.7897523E-08,-9.99724769592285,6.74645,6.74645
6.74655,-5.0780852E-08,-9.99719333648682,6.74655,6.74655
6.74665,-3.5467639E-08,-9.99701118469238,6.74665,6.74665
6.74675,-8.1259628E-08,-9.99740791320801,6.74675,6.74675
6.74685,-7.3286635E-08,-9.99754810333252,6.74685,6.74685
6.74695,-8.4732875E-08,-9.99730014801025,6.74695,6.74695
6.74705,-8.555329259E-06,-7.47417497634888,6.74705,6.74705
6.74715,2.601644519E-05,-0.000893330434337,6.74715,6.74715
6.74725,4.3934513087E-05,-0.000490405538585,6.74725,6.74725
6.74735,4.8419253289E-05,-2.4360866519E-05,6.74735,6.74735
6.74745,4.9851798394E-05,4.7484460083E-05,6.74745,6.74745
6.74755,5.0405076763E-05,0.000136147646117,6.74755,6.74755
6.74765,5.069913459E-05,0.000287226896035,6.74765,6.74765
6.74775,5.0845748774E-05,0.000552512763534,6.74775,6.74775
6.74785,5.0938873756E-05,0.000405092636356,6.74785,6.74785
6.74795,5.1020542742E-05,0.000657853088342,6.74795,6.74795
6.74805,5.2891729865E-05,-2.51261353492737,6.74805,6.74805
6.74815,4.004478342E-06,-9.99594688415527,6.74815,6.74815
6.74825,3.83859827E-07,-9.99643898010254,6.74825,6.74825
6.74835,5.331805E-08,-9.99692630767822,6.74835,6.74835
6.74845,-2.735403E-08,-9.99720859527588,6.74845,6.74845
6.74855,-4.5908468E-08,-9.99724292755127,6.74855,6.74855
6.74865,-7.9262861E-08,-9.99708938598633,6.74865,6.74865
6.74875,-4.0318934E-08,-9.99701881408691,6.74875,6.74875
6.74885,-3.9658033E-08,-9.99733924865723,6.74885,6.74885
6.74895,-7.8060587E-08,-9.99733448028564,6.74895,6.74895
6.74905,-8.528879334E-06,-7.49438381195068,6.74905,6.74905
6.74915,2.600449443E-05,-0.001115481019951,6.74915,6.74915
6.74925,4.400295802E-05,-0.000717129965778,6.74925,6.74925
6.74935,4.8503621656E-05,-0.000141734039062,6.74935,6.74935
6.74945,4.9899495934E-05,-0.000104087368527,6.74945,6.74945
6.74955,5.0424339861E-05,0.000234873397858,6.74955,6.74955
6.74965,5.0711951189E-05,0.000195256434381,6.74965,6.74965
6.74975,5.0890648708E-05,0.000149658226292,6.74975,6.74975
6.74985,5.101597344E-05,8.9001347078E-05,6.74985,6.74985
6.74995,5.1083836297E-05,0.00034633569885,6.74995,6.74995
6.75005,5.3007141105E-05,-2.49250912666321,6.75005,6.75005
6.75015,4.064640962E-06,-9.99595069885254,6.75015,6.75015
6.75025,4.27697245E-07,-9.9961986541748,6.75025,6.75025
6.75035,7.2730252E-08,-9.99701499938965,6.75035,6.75035
6.75045,-1.4585989E-08,-9.99733924865723,6.75045,6.75045
6.75055,-1.2188466E-08,-9.99728965759277,6.75055,6.75055
6.75065,-3.3695866E-08,-9.99740219116211,6.75065,6.75065
6.75075,-5.1701896E-08,-9.99773788452148,6.75075,6.75075
6.75085,-6.6719814E-08,-9.99792766571045,6.75085,6.75085
6.75095,-6.1313081E-08,-9.99782752990723,6.75095,6.75095
6.75105,-8.522509233E-06,-7.51476907730103,6.75105,6.75105
6.75115,2.5913535865E-05,-0.001256216201,6.75115,6.75115
6.75125,4.4027961849E-05,-0.000736903224606,6.75125,6.75125
6.75135,4.8542286095E-05,-0.000531078025233,6.75135,6.75135
6.75145,4.9923040933E-05,-0.000119990443636,6.75145,6.75145
6.75155,5.0482372899E-05,0.000240432433202,6.75155,6.75155
6.75165,5.0783379265E-05,0.000398126256187,6.75165,6.75165
6.75175,5.0959824875E-05,0.000330502982251,6.75175,6.75175
6.75185,5.1049664762E-05,0.000419306888944,6.75185,6.75185
6.75195,5.1127124607E-05,0.000263935216935,6.75195,6.75195
6.75205,5.3127678257E-05,-2.47327041625977,6.75205,6.75205
6.75215,4.119116511E-06,-9.99666690826416,6.75215,6.75215
6.75225,4.59068929E-07,-9.99694633483887,6.75225,6.75225
6.75235,7.9747046E-08,-9.9972448348999,6.75235,6.75235
6.75245,-2.162461E-09,-9.99730777740479,6.75245,6.75245
6.75255,-7.0551629E-08,-9.99729537963867,6.75255,6.75255
6.75265,-7.6415368E-08,-9.99749183654785,6.75265,6.75265
6.75275,-8.0844806E-08,-9.99756145477295,6.75275,6.75275
6.75285,-8.9893526E-08,-9.99748039245605,6.75285,6.75285
6.75295,-9.8218059E-08,-9.99752712249756,6.75295,6.75295
6.75305,-8.522980352E-06,-7.53436040878296,6.75305,6.75305
6.75315,2.5839788577E-05,-0.00096278329147,6.75315,6.75315
6.75325,4.3997093599E-05,-0.000452829233836,6.75325,6.75325
6.75335,4.8519534175E-05,-1.3031682101E-05,6.75335,6.75335
6.75345,4.9924903578E-05,0.000263864843873,6.75345,6.75345
6.75355,5.0540005759E-05,0.000357383396477,6.75355,6.75355
6.75365,5.0832684792E-05,0.000383489794331,6.75365,6.75365
6.75375,5.0989474403E-05,0.00023867325217,6.75375,6.75375
6.75385,5.1094819355E-05,0.000277727260254,6.75385,6.75385
6.75395,5.1130013162E-05,8.9353183284E-05,6.75395,6.75395
6.75405,5.3194049542E-05,-2.45275807380676,6.75405,6.75405
6.75415,4.094979431E-06,-9.99624824523926,6.75415,6.75415
6.75425,4.14366724E-07,-9.99676132202148,6.75425,6.75425
6.75435,2.9870133E-08,-9.99724674224854,6.75435,6.75435
6.75445,-1.4494588E-08,-9.99706745147705,6.75445,6.75445
6.75455,-4.9234064E-08,-9.99731922149658,6.75455,6.75455
6.75465,-5.8866341E-08,-9.99749183654785,6.75465,6.75465
6.75475,-1.00109361E-07,-9.99730682373047,6.75475,6.75475
6.75485,-9.8063381E-08,-9.99732780456543,6.75485,6.75485
6.75495,-8.9682594E-08,-9.99710178375244,6.75495,6.75495
6.75505,-8.54803784E-06,-7.55418491363525,6.75505,6.75505
6.75515,2.582135312E-05,-0.000880453153513,6.75515,6.75515
6.75525,4.4037591579E-05,-0.000403923739213,6.75525,6.75525
6.75535,4.8585912737E-05,-1.7113003196E-05,6.75535,6.75535
6.75545,4.9960832257E-05,-1.5705651094E-05,6.75545,6.75545
6.75555,5.053165296E-05,3.2144322176E-05,6.75555,6.75555
6.75565,5.0831815315E-05,0.000268368370598,6.75565,6.75565
6.75575,5.0978036597E-05,0.00040115203592,6.75575,6.75575
6.75585,5.1080791309E-05,0.000712810200639,6.75585,6.75585
6.75595,5.1149279898E-05,0.00041951800813,6.75595,6.75595
6.75605,5.3289008065E-05,-2.43293976783752,6.75605,6.75605
6.75615,4.136644293E-06,-9.99652004241943,6.75615,6.75615
6.75625,4.0450243E-07,-9.99685478210449,6.75625,6.75625
6.75635,7.0171019E-08,-9.99724960327148,6.75635,6.75635
6.75645,-2.0112244E-08,-9.99732685089111,6.75645,6.75645
6.75655,-5.4718132E-08,-9.99737071990967,6.75655,6.75655
6.75665,-8.8740464E-08,-9.99761867523193,6.75665,6.75665
6.75675,-7.2485115E-08,-9.99753665924072,6.75675,6.75675
6.75685,-1.23332285E-07,-9.99765586853027,6.75685,6.75685
6.75695,-1.30637346E-07,-9.99760246276855,6.75695,6.75695
6.75705,-8.545739547E-06,-7.57450342178345,6.75705,6.75705
6.75715,2.569948083E-05,-0.001110062701628,6.75715,6.75715
6.75725,4.4019525376E-05,-0.000558732484933,6.75725,6.75725
6.75735,4.856137457E-05,-0.000202953859116,6.75735,6.75735
6.75745,4.9972684792E-05,-6.665179535E-05,6.75745,6.75745
6.75755,5.0526610721E-05,-0.000173399457708,6.75755,6.75755
6.75765,5.0820763136E-05,0.000363857223419,6.75765,6.75765
6.75775,5.0975828344E-05,0.000231636484386,6.75775,6.75775
6.75785,5.1126527978E-05,0.000193426880287,6.75785,6.75785
6.75795,5.1174272812E-05,-0.000138989693369,6.75795,6.75795
6.75805,5.3386484069E-05,-2.41344904899597,6.75805,6.75805
6.75815,4.150649602E-06,-9.99666213989258,6.75815,6.75815
6.75825,4.04481341E-07,-9.9968786239624,6.75825,6.75825
6.75835,5.2586838E-08,-9.99712181091309,6.75835,6.75835
6.75845,-5.0429311E-08,-9.99746131896973,6.75845,6.75845
6.75855,-6.0448286E-08,-9.99744892120361,6.75855,6.75855
6.75865,-7.0643033E-08,-9.99750900268555,6.75865,6.75865
6.75875,-9.4126101E-08,-9.99783897399902,6.75875,6.75875
6.75885,-1.21068354E-07,-9.99768733978271,6.75885,6.75885
6.75895,-1.13974217E-07,-9.99757862091064,6.75895,6.75895
6.75905,-8.527184946E-06,-7.59423017501831,6.75905,6.75905
6.75915,2.561807014E-05,-0.000762094859965,6.75915,6.75915
6.75925,4.4012689614E-05,-0.000541633169632,6.75925,6.75925
6.75935,4.8565543693E-05,2.5318662665E-05,6.75935,6.75935
6.75945,4.9964255595E-05,0.000127281324239,6.75945,6.75945
6.75955,5.0516915508E-05,0.000189767757547,6.75955,6.75955
6.75965,5.0840404583E-05,4.700954378E-06,6.75965,6.75965
6.75975,5.0998398365E-05,1.4482051483E-05,6.75975,6.75975
6.75985,5.1102444559E-05,0.000307774229441,6.75985,6.75985
6.75995,5.116992179E-05,0.000291026750347,6.75995,6.75995
6.76005,5.343637531E-05,-2.39292287826538,6.76005,6.76005
6.76015,4.161505331E-06,-9.99667930603027,6.76015,6.76015
6.76025,3.97633301E-07,-9.99684143066406,6.76025,6.76025
6.76035,4.9141718E-08,-9.99741077423096,6.76035,6.76035
6.76045,-1.6709309E-08,-9.99769020080566,6.76045,6.76045
6.76055,-3.8983071E-08,-9.99760341644287,6.76055,6.76055
6.76065,-5.7432047E-08,-9.99770164489746,6.76065,6.76065
6.76075,-9.3922203E-08,-9.99774742126465,6.76075,6.76075
6.76085,-1.19809826E-07,-9.99745273590088,6.76085,6.76085
6.76095,-1.2838747E-07,-9.9977912902832,6.76095,6.76095
6.76105,-8.513931789E-06,-7.61462783813477,6.76105,6.76105
6.76115,2.5589215511E-05,-0.001019077375531,6.76115,6.76115
6.76125,4.4039661589E-05,-0.000671672460157,6.76125,6.76125
6.76135,4.8649162636E-05,3.2918364013E-05,6.76135,6.76135
6.76145,5.0038172049E-05,-2.5134910175E-05,6.76145,6.76145
6.76155,5.0620354159E-05,-7.4744071753E-05,6.76155,6.76155
6.76165,5.0878225011E-05,1.0119259969E-05,6.76165,6.76165
6.76175,5.1083850849E-05,-5.2578277973E-05,6.76175,6.76175
6.76185,5.1194740081E-05,-0.000188950696611,6.76185,6.76185
6.76195,5.119798152E-05,0.000350698479451,6.76195,6.76195
6.76205,5.3548719734E-05,-2.3729932308197,6.76205,6.76205
6.76215,4.158369393E-06,-9.99689292907715,6.76215,6.76215
6.76225,3.89196259E-07,-9.99682521820068,6.76225,6.76225
6.76235,3.1571602E-08,-9.99728965759277,6.76235,6.76235
6.76245,-4.1078266E-08,-9.99764251708984,6.76245,6.76245
6.76255,-6.0103773E-08,-9.99787616729736,6.76255,6.76255
6.76265,-6.9482937E-08,-9.99798488616943,6.76265,6.76265
6.76275,-1.15120244E-07,-9.99782657623291,6.76275,6.76275
6.76285,-1.13404717E-07,-9.9977388381958,6.76285,6.76285
6.76295,-1.13784381E-07,-9.99783039093018,6.76295,6.76295
6.76305,-8.501219781E-06,-7.63485479354858,6.76305,6.76305
6.76315,2.5515335437E-05,-0.000896426616237,6.76315,6.76315
6.76325,4.4040498324E-05,-0.000641062564682,6.76325,6.76325
6.76335,4.8608762881E-05,-0.000348192581441,6.76335,6.76335
6.76345,5.0022696087E-05,-0.000286057998892,6.76345,6.76345
6.76355,5.0610266044E-05,-6.7566579673E-05,6.76355,6.76355
6.76365,5.0911454309E-05,-0.000122523677419,6.76365,6.76365
6.76375,5.1091188652E-05,-3.1116156606E-05,6.76375,6.76375
6.76385,5.1160528528E-05,-4.3852694944E-05,6.76385,6.76385
6.76395,5.1250095567E-05,0.000186530844076,6.76395,6.76395
6.76405,5.3681000281E-05,-2.35301518440247,6.76405,6.76405
6.76415,4.205335699E-06,-9.99616718292236,6.76415,6.76415
6.76425,3.7616806E-07,-9.9965295791626,6.76425,6.76425
6.76435,7.6280834E-08,-9.99737548828125,6.76435,6.76435
6.76445,7.856514E-09,-9.99740314483643,6.76445,6.76445
6.76455,-5.330493E-08,-9.9976167678833,6.76455,6.76455
6.76465,-8.8691245E-08,-9.99743843078613,6.76465,6.76465
6.76475,-7.8447286E-08,-9.99760055541992,6.76475,6.76475
6.76485,-1.13200819E-07,-9.99765777587891,6.76485,6.76485
6.76495,-9.1145019E-08,-9.99752712249756,6.76495,6.76495
6.76505,-8.456081559E-06,-7.65449333190918,6.76505,6.76505
6.76515,2.5433615519E-05,-0.001432275981642,6.76515,6.76515
6.76525,4.4075561163E-05,-0.000811492907815,6.76525,6.76525
6.76535,4.870957855E-05,-0.00038795027649,6.76535,6.76535
6.76545,5.009796223E-05,-0.000329897011397,6.76545,6.76545
6.76555,5.0669415941E-05,-0.000394283386413,6.76555,6.76555
6.76565,5.0937931519E-05,-0.000201265036594,6.76565,6.76565
6.76575,5.1113027439E-05,0.000154865425429,6.76575,6.76575
6.76585,5.1250419347E-05,0.000240010223933,6.76585,6.76585
6.76595,5.130030695E-05,0.000138891977258,6.76595,6.76595
6.76605,5.3783671319E-05,-2.33300995826721,6.76605,6.76605
6.76615,4.238176643E-06,-9.99657344818115,6.76615,6.76615
6.76625,4.00283909E-07,-9.99697589874268,6.76625,6.76625
6.76635,7.0726458E-08,-9.99759769439697,6.76635,6.76635
6.76645,-3.823077E-08,-9.99790954589844,6.76645,6.76645
6.76655,-5.0555865E-08,-9.99777698516846,6.76655,6.76655
6.76665,-1.1286334E-07,-9.99732971191406,6.76665,6.76665
6.76675,-1.0953071E-07,-9.99758815765381,6.76675,6.76675
6.76685,-1.33498915E-07,-9.99748516082764,6.76685,6.76685
6.76695,-9.1707484E-08,-9.99760913848877,6.76695,6.76695
6.76705,-8.458788216E-06,-7.67448806762695,6.76705,6.76705
6.76715,2.5366822229E-05,-0.000849350704812,6.76715,6.76715
6.76725,4.4070264266E-05,-0.000738521688618,6.76725,6.76725
6.76735,4.867907046E-05,-0.000171781008248,6.76735,6.76735
6.76745,5.0079295761E-05,-4.5893353672E-05,6.76745,6.76745
6.76755,5.0683112931E-05,3.856543117E-06,6.76755,6.76755
6.76765,5.0992715842E-05,0.000142762204632,6.76765,6.76765
6.76775,5.1159066061E-05,-5.7222539908E-05,6.76775,6.76775
6.76785,5.1248625823E-05,1.9126313418E-05,6.76785,6.76785
6.76795,5.1300710766E-05,0.000223333103349,6.76795,6.76795
6.76805,5.3880121413E-05,-2.31310176849365,6.76805,6.76805
6.76815,4.294050996E-06,-9.99650764465332,6.76815,6.76815
6.76825,4.37195922E-07,-9.99692153930664,6.76825,6.76825
6.76835,6.2767526E-08,-9.9973087310791,6.76835,6.76835
6.76845,-2.9505472E-08,-9.99717426300049,6.76845,6.76845
6.76855,-6.2740341E-08,-9.99724006652832,6.76855,6.76855
6.76865,-9.0470053E-08,-9.9974946975708,6.76865,6.76865
6.76875,-6.1636499E-08,-9.99772644042969,6.76875,6.76875
6.76885,-1.37204168E-07,-9.9976282119751,6.76885,6.76885
6.76895,-1.22804977E-07,-9.9978666305542,6.76895,6.76895
6.76905,-8.474466995E-06,-7.69451951980591,6.76905,6.76905
6.76915,2.5301660571E-05,-0.001099437125959,6.76915,6.76915
6.76925,4.4054522732E-05,-0.000626285385806,6.76925,6.76925
6.76935,4.8696816521E-05,-0.000385557796108,6.76935,6.76935
6.76945,5.0130860473E-05,-0.000479991111206,6.76945,6.76945
6.76955,5.0704969908E-05,-6.665179535E-05,6.76955,6.76955
6.76965,5.0986611313E-05,-0.000133430658025,6.76965,6.76965
6.76975,5.1170132792E-05,0.000158946742886,6.76975,6.76975
6.76985,5.1257695304E-05,8.4497820353E-05,6.76985,6.76985
6.76995,5.1296883612E-05,0.000122637065942,6.76995,6.76995
6.77005,5.394380787E-05,-2.29278516769409,6.77005,6.77005
6.77015,4.328066552E-06,-9.99656200408936,6.77015,6.77015
6.77025,4.36183484E-07,-9.99683094024658,6.77025,6.77025
6.77035,5.9006013E-08,-9.99712657928467,6.77035,6.77035
6.77045,-3.6873814E-08,-9.99747085571289,6.77045,6.77045
6.77055,-3.1122571E-08,-9.99747371673584,6.77055,6.77055
6.77065,-7.0038375E-08,-9.99770355224609,6.77065,6.77065
6.77075,-9.8428984E-08,-9.99768829345703,6.77075,6.77075
6.77085,-1.10641587E-07,-9.99782085418701,6.77085,6.77085
6.77095,-1.02260806E-07,-9.9980001449585,6.77095,6.77095
6.77105,-8.472449736E-06,-7.7147650718689,6.77105,6.77105
6.77115,2.5210238164E-05,-0.001394769991748,6.77115,6.77115
6.77125,4.4098993385E-05,-0.001029914012179,6.77125,6.77125
6.77135,4.8729278205E-05,-0.000288661598461,6.77135,6.77135
6.77145,5.0174156058E-05,-0.000176565998117,6.77145,6.77145
6.77155,5.076913294E-05,1.5396830349E-05,6.77155,6.77155
6.77165,5.1070863265E-05,0.000151417407324,6.77165,6.77165
6.77175,5.1215327403E-05,-7.613376965E-06,6.77175,6.77175
6.77185,5.1290626288E-05,7.4787087215E-05,6.77185,6.77185
6.77195,5.1372775488E-05,6.6624445026E-05,6.77195,6.77195
6.77205,5.4054817156E-05,-2.27281856536865,6.77205,6.77205
6.77215,4.338218787E-06,-9.99612522125244,6.77215,6.77215
6.77225,4.1099895E-07,-9.99656867980957,6.77225,6.77225
6.77235,3.3448842E-08,-9.99740123748779,6.77235,6.77235
6.77245,-2.2235565E-08,-9.99729442596436,6.77245,6.77245
6.77255,-7.1507827E-08,-9.99738216400146,6.77255,6.77255
6.77265,-6.8470491E-08,-9.99737358093262,6.77265,6.77265
6.77275,-9.1377032E-08,-9.99735927581787,6.77275,6.77275
6.77285,-1.06922265E-07,-9.99740505218506,6.77285,6.77285
6.77295,-1.21764401E-07,-9.99725341796875,6.77295,6.77295
6.77305,-8.446337233E-06,-7.73425436019897,6.77305,6.77305
6.77315,2.5155024559E-05,-0.000779123802204,6.77315,6.77315
6.77325,4.40980657E-05,-0.000509475125,6.77325,6.77325
6.77335,4.8774902098E-05,-0.000134626912768,6.77335,6.77335
6.77345,5.0196034863E-05,-0.000244681839831,6.77345,6.77345
6.77355,5.074553701E-05,-7.87718932E-07,6.77355,6.77355
6.77365,5.1035851357E-05,0.000137625364005,6.77365,6.77365
6.77375,5.1211249229E-05,0.000414029316744,6.77375,6.77375
6.77385,5.133972445E-05,0.000159720788361,6.77385,6.77385
6.77395,5.1381612138E-05,2.1166973966E-05,6.77395,6.77395
6.77405,5.4137810366E-05,-2.25341606140137,6.77405,6.77405
6.77415,4.354558769E-06,-9.9965934753418,6.77415,6.77415
6.77425,3.92578102E-07,-9.99697875976563,6.77425,6.77425
6.77435,3.0889609E-08,-9.99713039398193,6.77435,6.77435
6.77445,-3.8462787E-08,-9.99734973907471,6.77445,6.77445
6.77455,-9.1384067E-08,-9.99764060974121,6.77455,6.77455
6.77465,-1.02295957E-07,-9.99740791320801,6.77465,6.77465
6.77475,-1.07055847E-07,-9.99755668640137,6.77475,6.77475
6.77485,-7.8644149E-08,-9.99774742126465,6.77485,6.77485
6.77495,-9.2480882E-08,-9.99769496917725,6.77495,6.77495
6.77505,-8.457093827E-06,-7.75449371337891,6.77505,6.77505
6.77515,2.5076195016E-05,-0.001380766858347,6.77515,6.77515
6.77525,4.4091877498E-05,-0.000913666677661,6.77525,6.77525
6.77535,4.8754125601E-05,-0.000299920415273,6.77535,6.77535
6.77545,5.0205617299E-05,-7.3829294706E-05,6.77545,6.77545
6.77555,5.0775488489E-05,-0.000264384783804,6.77555,6.77555
6.77565,5.1080904086E-05,-0.000449733051937,6.77565,6.77565
6.77575,5.1264058129E-05,-0.000254885148024,6.77575,6.77575
6.77585,5.1347280532E-05,4.9595488235E-05,6.77585,6.77585
6.77595,5.144179886E-05,0.000174849832547,6.77595,6.77595
6.77605,5.4252523114E-05,-2.23334765434265,6.77605,6.77605
6.77615,4.413399893E-06,-9.99662780761719,6.77615,6.77615
6.77625,4.31606395E-07,-9.99686241149902,6.77625,6.77625
6.77635,5.8773995E-08,-9.99769973754883,6.77635,6.77635
6.77645,-6.1784149E-08,-9.99773693084717,6.77645,6.77645
6.77655,-6.5468321E-08,-9.99787712097168,6.77655,6.77655
6.77665,-7.8953505E-08,-9.99769878387451,6.77665,6.77665
6.77675,-6.645967E-08,-9.99781608581543,6.77675,6.77675
6.77685,-7.4833423E-08,-9.99760150909424,6.77685,6.77685
6.77695,-7.8060587E-08,-9.99766635894775,6.77695,6.77695
6.77705,-8.39675522E-06,-7.77450227737427,6.77705,6.77705
6.77715,2.5059462132E-05,-0.00129731092602,6.77715,6.77715
6.77725,4.4150212489E-05,-0.00090867059771,6.77725,6.77725
6.77735,4.8823778343E-05,-0.00062980374787,6.77735,6.77735
6.77745,5.0261147408E-05,-0.000640921818558,6.77745,6.77745
6.77755,5.0838796597E-05,-0.000374298979295,6.77755,6.77755
6.77765,5.1090424677E-05,-0.000194369000383,6.77765,6.77765
6.77775,5.1305967645E-05,-0.000102539277577,6.77775,6.77775
6.77785,5.1403789257E-05,-0.000192257983144,6.77785,6.77785
6.77795,5.1452989283E-05,-0.000306394242216,6.77795,6.77795
6.77805,5.4347441619E-05,-2.21350121498108,6.77805,6.77805
6.77815,4.469133728E-06,-9.99686050415039,6.77815,6.77815
6.77825,4.50217073E-07,-9.99710559844971,6.77825,6.77825
6.77835,5.9238033E-08,-9.99772262573242,6.77835,6.77835
6.77845,-1.7946739E-08,-9.99771404266357,6.77845,6.77845
6.77855,-4.0733756E-08,-9.99778938293457,6.77855,6.77855
6.77865,-4.9775441E-08,-9.99778747558594,6.77865,6.77865
6.77875,-7.9340204E-08,-9.99768733978271,6.77875,6.77875
6.77885,-7.4791238E-08,-9.99776840209961,6.77885,6.77885
6.77895,-8.9014662E-08,-9.99785423278809,6.77895,6.77895
6.77905,-8.413882824E-06,-7.79459714889526,6.77905,6.77905
6.77915,2.4942799428E-05,-0.001313495449722,6.77915,6.77915
6.77925,4.413721399E-05,-0.000601515988819,6.77925,6.77925
6.77935,4.8816713388E-05,-0.000269732699962,6.77935,6.77935
6.77945,5.0245533203E-05,-0.000231874932069,6.77945,6.77945
6.77955,5.0820635806E-05,-0.000136245362228,6.77955,6.77955
6.77965,5.114243686E-05,-0.000117879419122,6.77965,6.77965
6.77975,5.1285762311E-05,4.912057193E-06,6.77975,6.77975
6.77985,5.1404731494E-05,-5.9474303271E-05,6.77985,6.77985
6.77995,5.1467250159E-05,3.2496158383E-05,6.77995,6.77995
6.78005,5.4406515119E-05,-2.19299507141113,6.78005,6.78005
6.78015,4.435912615E-06,-9.99630260467529,6.78015,6.78015
6.78025,4.16785355E-07,-9.9967098236084,6.78025,6.78025
6.78035,4.7327756E-08,-9.99754619598389,6.78035,6.78035
6.78045,-2.285428E-08,-9.9979829788208,6.78045,6.78045
6.78055,-6.287393E-08,-9.9979305267334,6.78055,6.78055
6.78065,-7.5754464E-08,-9.99791431427002,6.78065,6.78065
6.78075,-8.5907025E-08,-9.99798393249512,6.78075,6.78075
6.78085,-9.4372183E-08,-9.9980583190918,6.78085,6.78085
6.78095,-1.1587958E-07,-9.99808311462402,6.78095,6.78095
6.78105,-8.340754903E-06,-7.81484699249268,6.78105,6.78105
6.78115,2.4892120564E-05,-0.001321024727076,6.78115,6.78115
6.78125,4.4153581257E-05,-0.000751891580876,6.78125,6.78125
6.78135,4.8865495046E-05,-0.00038780955947,6.78135,6.78135
6.78145,5.0308895879E-05,-0.000207527744351,6.78145,6.78145
6.78155,5.0920036301E-05,6.7539229349E-05,6.78155,6.78155
6.78165,5.1186583732E-05,6.0150628997E-05,6.78165,6.78165
6.78175,5.1386301493E-05,6.711702008E-05,6.78175,6.78175
6.78185,5.1477858506E-05,0.000102511927253,6.78185,6.78185
6.78195,5.1503873692E-05,0.00016816490097,6.78195,6.78195
6.78205,5.4575684771E-05,-2.17293381690979,6.78205,6.78205
6.78215,4.546473065E-06,-9.99637126922607,6.78215,6.78215
6.78225,4.63069483E-07,-9.9969654083252,6.78225,6.78225
6.78235,7.2287307E-08,-9.99757766723633,6.78235,6.78235
6.78245,-1.2701719E-08,-9.99763011932373,6.78245,6.78245
6.78255,-4.9831687E-08,-9.99808120727539,6.78255,6.78255
6.78265,-7.0411012E-08,-9.99800491333008,6.78265,6.78265
6.78275,-7.446782E-08,-9.9982385635376,6.78275,6.78275
6.78285,-7.7730135E-08,-9.99788188934326,6.78285,6.78285
6.78295,-6.6958862E-08,-9.99790096282959,6.78295,6.78295
6.78305,-8.39000586E-06,-7.83469676971436,6.78305,6.78305
6.78315,2.4806238798E-05,-0.001073682564311,6.78315,6.78315
6.78325,4.4150852773E-05,-0.000590327545069,6.78325,6.78325
6.78335,4.8874535423E-05,-8.1358630268E-05,6.78335,6.78335
6.78345,5.0320493756E-05,-0.000151655869558,6.78345,6.78345
6.78355,5.090686318E-05,1.0048892364E-05,6.78355,6.78355
6.78365,5.1220446039E-05,8.9142085926E-05,6.78365,6.78365
6.78375,5.1371785958E-05,0.000331347371684,6.78375,6.78375
6.78385,5.1465085562E-05,0.000540972512681,6.78385,6.78385
6.78395,5.1529528719E-05,0.000600503466558,6.78395,6.78395
6.78405,5.4605487094E-05,-2.15286636352539,6.78405,6.78405
6.78415,4.548842298E-06,-9.99630546569824,6.78415,6.78415
6.78425,4.46019669E-07,-9.99656295776367,6.78425,6.78425
6.78435,2.3774378E-08,-9.99762535095215,6.78435,6.78435
6.78445,-5.3733814E-08,-9.99742317199707,6.78445,6.78445
6.78455,-1.01037436E-07,-9.99771976470947,6.78455,6.78455
6.78465,-7.4411574E-08,-9.99768829345703,6.78465,6.78465
6.78475,-7.3040553E-08,-9.99787902832031,6.78475,6.78475
6.78485,-8.9752902E-08,-9.99786853790283,6.78485,6.78485
6.78495,-1.14803854E-07,-9.99747276306152,6.78495,6.78495
6.78505,-8.38357937E-06,-7.85439777374268,6.78505,6.78505
6.78515,2.472226879E-05,-0.000933510367759,6.78515,6.78515
6.78525,4.4177206291E-05,-0.000359169935109,6.78525,6.78525
6.78535,4.8899557441E-05,5.49265565E-07,6.78535,6.78535
6.78545,5.0360635214E-05,-8.0514219007E-05,6.78545,6.78545
6.78555,5.0942908274E-05,0.000105396997242,6.78555,6.78555
6.78565,5.1262122724E-05,0.000105326631456,6.78565,6.78565
6.78575,5.1409806474E-05,8.569406782E-05,6.78575,6.78575
6.78585,5.1527757023E-05,-4.5822987886E-05,6.78585,6.78585
6.78595,5.1564009482E-05,0.000229314347962,6.78595,6.78595
6.78605,5.4726093367E-05,-2.13294649124146,6.78605,6.78605
6.78615,4.618518233E-06,-9.99623966217041,6.78615,6.78615
6.78625,4.28379224E-07,-9.99690055847168,6.78625,6.78625
6.78635,4.6441869E-08,-9.997389793396,6.78635,6.78635
6.78645,-2.3135515E-08,-9.99779510498047,6.78645,6.78645
6.78655,-5.828981E-08,-9.9976806640625,6.78655,6.78655
6.78665,-5.6609434E-08,-9.99772262573242,6.78665,6.78665
6.78675,-8.2250978E-08,-9.99759864807129,6.78675,6.78675
6.78685,-7.4770142E-08,-9.99764060974121,6.78685,6.78685
6.78695,-8.6905409E-08,-9.99774551391602,6.78695,6.78695
6.78705,-8.341584362E-06,-7.87430953979492,6.78705,6.78705
6.78715,2.4662738724E-05,-0.000773564795963,6.78715,6.78715
6.78725,4.4191681809E-05,-0.000433055916801,6.78725,6.78725
6.78735,4.8897865781E-05,-6.3203784521E-05,6.78735,6.78735
6.78745,5.035823051E-05,9.624921222E-05,6.78745,6.78745
6.78755,5.0958158681E-05,6.838364061E-05,6.78755,6.78755
6.78765,5.1235772844E-05,0.00015753939806,6.78765,6.78765
6.78775,5.143627277E-05,-2.6120056646E-05,6.78775,6.78775
6.78785,5.1564155001E-05,-0.000104720675154,6.78785,6.78785
6.78795,5.1606501074E-05,-0.00016769967624,6.78795,6.78795
6.78805,5.4828928114E-05,-2.11330342292786,6.78805,6.78805
6.78815,4.609124971E-06,-9.99649429321289,6.78815,6.78815
6.78825,4.49830395E-07,-9.99691486358643,6.78825,6.78825
6.78835,8.8852012E-08,-9.99737930297852,6.78835,6.78835
6.78845,-4.7532595E-08,-9.99759674072266,6.78845,6.78845
6.78855,-5.9470995E-08,-9.99778175354004,6.78855,6.78855
6.78865,-7.0418039E-08,-9.99764633178711,6.78865,6.78865
6.78875,-9.1784827E-08,-9.99770641326904,6.78875,6.78875
6.78885,-1.14902285E-07,-9.99774265289307,6.78885,6.78885
6.78895,-1.15092121E-07,-9.99780082702637,6.78895,6.78895
6.78905,-8.318163964E-06,-7.89473628997803,6.78905,6.78905
6.78915,2.456853872E-05,-0.001328202197328,6.78915,6.78915
6.78925,4.4163607527E-05,-0.000577520637307,6.78925,6.78925
6.78935,4.8881916882E-05,-0.000120342279843,6.78935,6.78935
6.78945,5.0381029723E-05,-0.000109576038085,6.78945,6.78945
6.78955,5.0955790357E-05,8.8368040451E-05,6.78955,6.78955
6.78965,5.1286311646E-05,0.000241628687945,6.78965,6.78965
6.78975,5.1482802519E-05,0.000466382829472,6.78975,6.78975
6.78985,5.1576193073E-05,0.000511910649948,6.78985,6.78985
6.78995,5.1617716963E-05,0.000567078881431,6.78995,6.78995
6.79005,5.4920899856E-05,-2.09299206733704,6.79005,6.79005
6.79015,4.672065188E-06,-9.99651145935059,6.79015,6.79015
6.79025,4.45147833E-07,-9.99703979492188,6.79025,6.79025
6.79035,5.0920526E-08,-9.99756240844727,6.79035,6.79035
6.79045,-3.233891E-08,-9.99741840362549,6.79045,6.79045
6.79055,-6.1369327E-08,-9.99784755706787,6.79055,6.79055
6.79065,-1.19352819E-07,-9.99777126312256,6.79065,6.79065
6.79075,-1.17777908E-07,-9.99795246124268,6.79075,6.79075
6.79085,-9.8710217E-08,-9.99772930145264,6.79085,6.79085
6.79095,-1.07442546E-07,-9.99779796600342,6.79095,6.79095
6.79105,-8.316090316E-06,-7.91456079483032,6.79105,6.79105
6.79115,2.4514632969E-05,-0.001226239604875,6.79115,6.79115
6.79125,4.4178159442E-05,-0.000625159475021,6.79125,6.79125
6.79135,4.8951987992E-05,1.815882456E-06,6.79135,6.79135
6.79145,5.0397891755E-05,0.000288141687633,6.79145,6.79145
6.79155,5.0974998885E-05,0.00037877514842,6.79155,6.79155
6.79165,5.1308561524E-05,0.000494952080771,6.79165,6.79165
6.79175,5.1468436141E-05,0.00053998734802,6.79175,6.79175
6.79185,5.1580529544E-05,0.000368008913938,6.79185,6.79185
6.79195,5.1637551223E-05,0.000398900272558,6.79195,6.79195
6.79205,5.4993535741E-05,-2.07315993309021,6.79205,6.79205
6.79215,4.67680411E-06,-9.99644470214844,6.79215,6.79215
6.79225,4.56804997E-07,-9.996657371521,6.79225,6.79225
6.79235,8.13993E-08,-9.99719905853271,6.79235,6.79235
6.79245,-4.0579074E-08,-9.99741363525391,6.79245,6.79245
6.79255,-7.5993512E-08,-9.99776935577393,6.79255,6.79255
6.79265,-8.412119E-08,-9.99785900115967,6.79265,6.79265
6.79275,-8.3896197E-08,-9.997802734375,6.79275,6.79275
6.79285,-1.09340881E-07,-9.99772834777832,6.79285,6.79285
6.79295,-1.30707662E-07,-9.99781036376953,6.79295,6.79295
6.79305,-8.329279808E-06,-7.93435668945313,6.79305,6.79305
6.79315,2.4363976991E-05,-0.000915285141673,6.79315,6.79315
6.79325,4.4153814088E-05,-0.000458880851511,6.79325,6.79325
6.79335,4.8965579481E-05,5.1354676543E-05,6.79335,6.79335
6.79345,5.0421585911E-05,0.000384756393032,6.79345,6.79345
6.79355,5.1032715419E-05,0.000359142577508,6.79355,6.79355
6.79365,5.1350401918E-05,0.000605569919571,6.79365,6.79365
6.79375,5.1505758165E-05,0.000561379070859,6.79375,6.79375
6.79385,5.1582806918E-05,0.000356327887857,6.79385,6.79385
6.79395,5.1649123634E-05,0.000444639241323,6.79395,6.79395
6.79405,5.5059281294E-05,-2.05308032035828,6.79405,6.79405
6.79415,4.725063718E-06,-9.99667644500732,6.79415,6.79415
6.79425,3.73475245E-07,-9.99717044830322,6.79425,6.79425
6.79435,1.46202E-08,-9.99758720397949,6.79435,6.79435
6.79445,-8.0465142E-08,-9.99748992919922,6.79445,6.79445
6.79455,-9.6165046E-08,-9.99739265441895,6.79455,6.79455
6.79465,-1.08820593E-07,-9.99719715118408,6.79465,6.79465
6.79475,-1.34251209E-07,-9.99746322631836,6.79475,6.79475
6.79485,-1.27150045E-07,-9.99755477905273,6.79485,6.79485
6.79495,-1.29653031E-07,-9.99745941162109,6.79495,6.79495
6.79505,-8.357150364E-06,-7.95426940917969,6.79505,6.79505
6.79515,2.4253795345E-05,-0.001162838423625,6.79515,6.79515
6.79525,4.4133346819E-05,-0.000948498665821,6.79525,6.79525
6.79535,4.8934158258E-05,-0.000129912281409,6.79535,6.79535
6.79545,5.0434027798E-05,-0.000146096819662,6.79545,6.79545
6.79555,5.1057668315E-05,6.90000832E-07,6.79555,6.79555
6.79565,5.1338203775E-05,0.000258446554653,6.79565,6.79565
6.79575,5.1528066251E-05,0.000672419148032,6.79575,6.79575
6.79585,5.1629023801E-05,0.000555327453185,6.79585,6.79585
6.79595,5.1708160754E-05,0.000330080772983,6.79595,6.79595
6.79605,5.5195712775E-05,-2.03265929222107,6.79605,6.79605
6.79615,4.742725196E-06,-9.9963321685791,6.79615,6.79615
6.79625,4.62253922E-07,-9.99697494506836,6.79625,6.79625
6.79635,4.2216321E-08,-9.99723815917969,6.79635,6.79635
6.79645,-5.0837098E-08,-9.99714183807373,6.79645,6.79645
6.79655,-8.2778293E-08,-9.99737167358398,6.79655,6.79655
6.79665,-4.7462287E-08,-9.99751472473145,6.79665,6.79665
6.79675,-7.830667E-08,-9.99753284454346,6.79675,6.79675
6.79685,-1.02527977E-07,-9.99759864807129,6.79685,6.79685
6.79695,-8.7193669E-08,-9.99777030944824,6.79695,6.79695
6.79705,-8.252847692E-06,-7.97432136535645,6.79705,6.79705
6.79715,2.4275801479E-05,-0.001016895985231,6.79715,6.79715
6.79725,4.4219788833E-05,-0.000634307274595,6.79725,6.79725
6.79735,4.9040703743E-05,-2.8090349588E-05,6.79735,6.79735
6.79745,5.0531809393E-05,0.000115811402793,6.79745,6.79745
6.79755,5.1093171351E-05,0.000377367803594,6.79755,6.79755
6.79765,5.1398874348E-05,0.00050079257926,6.79765,6.79765
6.79775,5.1556096878E-05,0.000270690507023,6.79775,6.79775
6.79785,5.1648701628E-05,0.000362520222552,6.79785,6.79785
6.79795,5.1717695897E-05,0.000355764932465,6.79795,6.79795
6.79805,5.526838504E-05,-2.01317572593689,6.79805,6.79805
6.79815,4.81612733E-06,-9.99620056152344,6.79815,6.79815
6.79825,4.2176319E-07,-9.99662303924561,6.79825,6.79825
6.79835,3.6760376E-08,-9.99756336212158,6.79835,6.79835
6.79845,-4.4453078E-08,-9.99780082702637,6.79845,6.79845
6.79855,-8.3903231E-08,-9.99786376953125,6.79855,6.79855
6.79865,-1.20259799E-07,-9.9975471496582,6.79865,6.79865
6.79875,-1.1562647E-07,-9.99794387817383,6.79875,6.79875
6.79885,-1.14522621E-07,-9.99773502349854,6.79885,6.79885
6.79895,-1.32584901E-07,-9.99758625030518,6.79895,6.79895
6.79905,-8.278741916E-06,-7.99431467056275,6.79905,6.79905
6.79915,2.4169454264E-05,-0.001003596466035,6.79915,6.79915
6.79925,4.4182350393E-05,-0.000457614223706,6.79925,6.79925
6.79935,4.900973363E-05,9.7938034742E-05,6.79935,6.79935
6.79945,5.0491893489E-05,-3.0131010135E-05,6.79945,6.79945
6.79955,5.1075377996E-05,0.000236421488808,6.79955,6.79955
6.79965,5.1391893066E-05,-8.317052561E-06,6.79965,6.79965
6.79975,5.1564227761E-05,5.1636146964E-05,6.79975,6.79975
6.79985,5.1660041208E-05,0.000375116040232,6.79985,6.79985
6.79995,5.1761700888E-05,0.000364631268894,6.79995,6.79995
6.80005,5.5376640375E-05,-1.99283909797669,6.80005,6.80005
6.80015,4.863937193E-06,-9.9962911605835,6.80015,6.80015
6.80025,4.5203808E-07,-9.99708938598633,6.80025,6.80025
6.80035,4.9134687E-08,-9.99744892120361,6.80035,6.80035
6.80045,-3.2641235E-08,-9.99740695953369,6.80045,6.80045
6.80055,-4.0642355E-08,-9.99751758575439,6.80055,6.80055
6.80065,-9.7353265E-08,-9.99763298034668,6.80065,6.80065
6.80075,-9.7557162E-08,-9.99807262420654,6.80075,6.80075
6.80085,-1.14417162E-07,-9.99791526794434,6.80085,6.80085
6.80095,-1.06844922E-07,-9.99800109863281,6.80095,6.80095
6.80105,-8.219254596E-06,-8.01479434967041,6.80105,6.80105
6.80115,2.409611443E-05,-0.001336224144325,6.80115,6.80115
6.80125,4.420669211E-05,-0.001024495693855,6.80125,6.80125
6.80135,4.9046982895E-05,-0.000690249551553,6.80135,6.80135
6.80145,5.050063919E-05,-0.000584557361435,6.80145,6.80145
6.80155,5.1099599659E-05,-0.000181843570317,6.80155,6.80155
6.80165,5.1424929552E-05,5.8532172261E-05,6.80165,6.80165
6.80175,5.1600000006E-05,-1.4016828572E-05,6.80175,6.80175
6.80185,5.1672741392E-05,-2.2601676392E-05,6.80185,6.80185
6.80195,5.1750845159E-05,-0.000268043891992,6.80195,6.80195
6.80205,5.5399981647E-05,-1.97367358207703,6.80205,6.80205
6.80215,4.838858331E-06,-9.99698829650879,6.80215,6.80215
6.80225,4.08067081E-07,-9.99729824066162,6.80225,6.80225
6.80235,5.3908643E-08,-9.9976167678833,6.80235,6.80235
6.80245,-6.2100533E-08,-9.99773597717285,6.80245,6.80245
6.80255,-9.4224532E-08,-9.9975414276123,6.80255,6.80255
6.80265,-1.41746114E-07,-9.99766540527344,6.80265,6.80265
6.80275,-1.31980244E-07,-9.99754333496094,6.80275,6.80275
6.80285,-1.42660127E-07,-9.99742317199707,6.80285,6.80285
6.80295,-1.5824051E-07,-9.997239112854,6.80295,6.80295
6.80305,-8.249240636E-06,-8.03417587280273,6.80305,6.80305
6.80315,2.4012355425E-05,-0.00133988331072,6.80315,6.80315
6.80325,4.417436503E-05,-0.000762024486903,6.80325,6.80325
6.80335,4.9030993978E-05,-0.000105424347566,6.80335,6.80335
6.80345,5.0540329539E-05,-8.5791791207E-05,6.80345,6.80345
6.80355,5.110766142E-05,-5.431980753E-06,6.80355,6.80355
6.80365,5.1402152167E-05,-6.3977829996E-05,6.80365,6.80365
6.80375,5.1602444728E-05,-0.000237293250393,6.80375,6.80375
6.80385,5.1731913118E-05,-0.00018409533368,6.80385,6.80385
6.80395,5.1753624575E-05,-0.000135541689815,6.80395,6.80395
6.80405,5.5487897043E-05,-1.95324265956879,6.80405,6.80405
6.80415,4.880776487E-06,-9.99644470214844,6.80415,6.80415
6.80425,3.99524595E-07,-9.99696731567383,6.80425,6.80425
6.80435,-9.959684E-09,-9.99784660339355,6.80435,6.80435
6.80445,-8.3242327E-08,-9.99766254425049,6.80445,6.80445
6.80455,-7.1114094E-08,-9.99778652191162,6.80455,6.80455
6.80465,-1.02317053E-07,-9.99774360656738,6.80465,6.80465
6.80475,-1.10641587E-07,-9.99779319763184,6.80475,6.80475
6.80485,-1.05930916E-07,-9.99774551391602,6.80485,6.80485
6.80495,-1.0158584E-07,-9.99800491333008,6.80495,6.80495
6.80505,-8.194358088E-06,-8.05450248718262,6.80505,6.80505
6.80515,2.390964255E-05,-0.001409828662872,6.80515,6.80515
6.80525,4.4176664233E-05,-0.000857724458911,6.80525,6.80525
6.80535,4.9058828154E-05,-0.000193806059542,6.80535,6.80535
6.80545,5.0525050028E-05,-0.000191765400814,6.80545,6.80545
6.80555,5.1151077059E-05,-2.4783072149E-05,6.80555,6.80555
6.80565,5.1492017519E-05,-8.5862156993E-05,6.80565,6.80565
6.80575,5.1639119192E-05,8.1190541096E-05,6.80575,6.80575
6.80585,5.1732797147E-05,0.000238954715314,6.80585,6.80585
6.80595,5.1813567552E-05,0.000163168806466,6.80595,6.80595
6.80605,5.5604621593E-05,-1.93310010433197,6.80605,6.80605
6.80615,4.914594683E-06,-9.99607372283936,6.80615,6.80615
6.80625,4.2453334E-07,-9.99689483642578,6.80625,6.80625
6.80635,5.1511119E-08,-9.99742603302002,6.80635,6.80635
6.80645,-5.7171903E-08,-9.99768257141113,6.80645,6.80645
6.80655,-8.201193E-08,-9.99768257141113,6.80655,6.80655
6.80665,-1.0403258E-07,-9.99793720245361,6.80665,6.80665
6.80675,-9.5911936E-08,-9.99789333343506,6.80675,6.80675
6.80685,-9.4245621E-08,-9.99779319763184,6.80685,6.80685
6.80695,-1.25793093E-07,-9.99787330627441,6.80695,6.80695
6.80705,-8.168470231E-06,-8.07459259033203,6.80705,6.80705
6.80715,2.3842250812E-05,-0.001084589632228,6.80715,6.80715
6.80725,4.4215172238E-05,-0.00100289285183,6.80725,6.80725
6.80735,4.9091311666E-05,-0.000444455479737,6.80735,6.80735
6.80745,5.0604969147E-05,-0.000180295479367,6.80745,6.80745
6.80755,5.1195387641E-05,9.1393849289E-05,6.80755,6.80755
6.80765,5.1496870583E-05,0.000251057936111,6.80765,6.80765
6.80775,5.1660485042E-05,0.000364631268894,6.80775,6.80775
6.80785,5.1793944294E-05,0.00047531950986,6.80785,6.80785
6.80795,5.1819431974E-05,0.000545898219571,6.80795,6.80795
6.80805,5.5692275055E-05,-1.91319310665131,6.80805,6.80805
6.80815,5.015241641E-06,-9.99616050720215,6.80815,6.80815
6.80825,4.33708635E-07,-9.99678707122803,6.80825,6.80825
6.80835,2.7507765E-08,-9.99712085723877,6.80835,6.80835
6.80845,-5.5435283E-08,-9.99747943878174,6.80845,6.80845
6.80855,-5.3269776E-08,-9.99743556976318,6.80855,6.80855
6.80865,-7.6056793E-08,-9.99758815765381,6.80865,6.80865
6.80875,-7.4341258E-08,-9.9976167678833,6.80875,6.80875
6.80885,-8.8241272E-08,-9.99771118164063,6.80885,6.80885
6.80895,-1.01677244E-07,-9.99778270721436,6.80895,6.80895
6.80905,-8.135220924E-06,-8.0945987701416,6.80905,6.80905
6.80915,2.3741955374E-05,-0.001487303408794,6.80915,6.80915
6.80925,4.4212796638E-05,-0.000972353271209,6.80925,6.80925
6.80935,4.9132449931E-05,-0.000417926901719,6.80935,6.80935
6.80945,5.0620601542E-05,-0.000257207284449,6.80945,6.80945
6.80955,5.1276649174E-05,4.3262403778E-05,6.80955,6.80955
6.80965,5.1566203183E-05,5.49265565E-07,6.80965,6.80965
6.80975,5.1702430937E-05,0.000312277756166,6.80975,6.80975
6.80985,5.1818460634E-05,0.000280401232885,6.80985,6.80985
6.80995,5.1861552492E-05,7.2957533121E-05,6.80995,6.80995
6.81005,5.5821143178E-05,-1.89316833019257,6.81005,6.81005
6.81015,5.050993423E-06,-9.99624156951904,6.81015,6.81015
6.81025,4.34524196E-07,-9.99651622772217,6.81025,6.81025
6.81035,8.1736779E-08,-9.99730110168457,6.81035,6.81035
6.81045,-3.3604465E-08,-9.99761867523193,6.81045,6.81045
6.81055,-6.4505087E-08,-9.99756717681885,6.81055,6.81055
6.81065,-9.2192614E-08,-9.99781322479248,6.81065,6.81065
6.81075,-9.1475464E-08,-9.9976921081543,6.81075,6.81075
6.81085,-9.7599347E-08,-9.9976167678833,6.81085,6.81085
6.81095,-9.8196971E-08,-9.99763870239258,6.81095,6.81095
6.81105,-8.128471563E-06,-8.11426830291748,6.81105,6.81105
6.81115,2.3699742087E-05,-0.001306669786572,6.81115,6.81115
6.81125,4.4233591325E-05,-0.000721563119441,6.81125,6.81125
6.81135,4.9141744967E-05,-0.000105424347566,6.81135,6.81135
6.81145,5.0634309446E-05,-0.000162773954798,6.81145,6.81145
6.81155,5.1232855185E-05,-0.000294291006867,6.81155,6.81155
6.81165,5.1548933698E-05,8.8579145086E-05,6.81165,6.81165
6.81175,5.1749124395E-05,0.000418743962655,6.81175,6.81175
6.81185,5.1880215324E-05,0.000206726355827,6.81185,6.81185
6.81195,5.1921211707E-05,0.000396155955968,6.81195,6.81195
6.81205,5.5898348364E-05,-1.87295591831207,6.81205,6.81205
6.81215,5.12971792E-06,-9.99598789215088,6.81215,6.81215
6.81225,4.66430237E-07,-9.99663257598877,6.81225,6.81225
6.81235,5.9477081E-08,-9.99740982055664,6.81235,6.81235
6.81245,-2.5076032E-08,-9.99745655059814,6.81245,6.81245
6.81255,-4.7469317E-08,-9.99749088287354,6.81255,6.81255
6.81265,-4.9494204E-08,-9.99783992767334,6.81265,6.81265
6.81275,-5.6778177E-08,-9.99781322479248,6.81275,6.81275
6.81285,-4.8348173E-08,-9.99765396118164,6.81285,6.81285
6.81295,-3.8779177E-08,-9.99777221679688,6.81295,6.81295
6.81305,-8.062648703E-06,-8.13418006896973,6.81305,6.81305
6.81315,2.3627282644E-05,-0.00113659130875,6.81315,6.81315
6.81325,4.4297354179E-05,-0.000647536362521,6.81325,6.81325
6.81335,4.9226746341E-05,0.000204122756259,6.81335,6.81335
6.81345,5.068226892E-05,0.000111518980702,6.81345,6.81345
6.81355,5.1318165788E-05,0.000256617000559,6.81355,6.81355
6.81365,5.1648454246E-05,0.000243317510467,6.81365,6.81365
6.81375,5.1786515542E-05,0.000238391774474,6.81375,6.81375
6.81385,5.1889936003E-05,0.000133262568852,6.81385,6.81385
6.81395,5.1933402574E-05,0.000115952141641,6.81395,6.81395
6.81405,5.5969550885E-05,-1.85332322120667,6.81405,6.81405
6.81415,5.127538316E-06,-9.99651527404785,6.81415,6.81415
6.81425,4.64025703E-07,-9.99713134765625,6.81425,6.81425
6.81435,5.0709602E-08,-9.99752998352051,6.81435,6.81435
6.81445,-8.848808E-09,-9.99767017364502,6.81445,6.81445
6.81455,-6.2599725E-08,-9.99780559539795,6.81455,6.81455
6.81465,-6.7486177E-08,-9.99771690368652,6.81465,6.81465
6.81475,-7.3279601E-08,-9.99764442443848,6.81475,6.81475
6.81485,-1.28514031E-07,-9.99758815765381,6.81485,6.81485
6.81495,-1.06099655E-07,-9.99779224395752,6.81495,6.81495
6.81505,-8.049290045E-06,-8.15458297729492,6.81505,6.81505
6.81515,2.3527289159E-05,-0.00138400378637,6.81515,6.81515
6.81525,4.4254851673E-05,-0.000722970464267,6.81525,6.81525
6.81535,4.9218786444E-05,-0.000367895525414,6.81535,6.81535
6.81545,5.073452121E-05,-0.000324900902342,6.81545,6.81545
6.81555,5.1310453273E-05,-8.8676861196E-05,6.81555,6.81555
6.81565,5.1636066928E-05,-2.9005128454E-05,6.81565,6.81565
6.81575,5.1826449635E-05,0.000116233612061,6.81575,6.81575
6.81585,5.194266123E-05,-0.000109435306513,6.81585,6.81585
6.81595,5.1979495765E-05,-0.000165236822795,6.81595,6.81595
6.81605,5.6079690694E-05,-1.83355736732483,6.81605,6.81605
6.81615,5.215114925E-06,-9.99633026123047,6.81615,6.81615
6.81625,4.43158086E-07,-9.99686527252197,6.81625,6.81625
6.81635,5.1328318E-08,-9.99752521514893,6.81635,6.81635
6.81645,-3.5509828E-08,-9.99751663208008,6.81645,6.81645
6.81655,-6.5482382E-08,-9.99737167358398,6.81655,6.81655
6.81665,-8.2806416E-08,-9.99756240844727,6.81665,6.81665
6.81675,-1.00657765E-07,-9.99773216247559,6.81675,6.81675
6.81685,-9.5904909E-08,-9.9977560043335,6.81685,6.81685
6.81695,-1.26693038E-07,-9.99787521362305,6.81695,6.81695
6.81705,-8.039180102E-06,-8.17440414428711,6.81705,6.81705
6.81715,2.34047493E-05,-0.001233276329003,6.81715,6.81715
6.81725,4.4260730647E-05,-0.000551554956473,6.81725,6.81725
6.81735,4.9182930525E-05,-6.3133418735E-05,6.81735,6.81735
6.81745,5.0706552429E-05,6.655407924E-05,6.81745,6.81745
6.81755,5.1315833844E-05,0.000167531601619,6.81755,6.81755
6.81765,5.1643182815E-05,0.000346476415871,6.81765,6.81765
6.81775,5.1827897551E-05,0.000416914379457,6.81775,6.81775
6.81785,5.1936600357E-05,0.000219885099796,6.81785,6.81785
6.81795,5.2000785217E-05,0.000530417368282,6.81795,6.81795
6.81805,5.6138003856E-05,-1.81323397159576,6.81805,6.81805
6.81815,5.258509191E-06,-9.99619293212891,6.81815,6.81815
6.81825,4.42792498E-07,-9.99654197692871,6.81825,6.81825
6.81835,4.2539742E-08,-9.99749279022217,6.81835,6.81835
6.81845,-5.7713279E-08,-9.9975004196167,6.81845,6.81845
6.81855,-5.0998811E-08,-9.99759674072266,6.81855,6.81855
6.81865,-8.4219621E-08,-9.99760437011719,6.81865,6.81865
6.81875,-9.4034696E-08,-9.9976224899292,6.81875,6.81875
6.81885,-1.20421518E-07,-9.99773216247559,6.81885,6.81885
6.81895,-1.19957477E-07,-9.99783897399902,6.81895,6.81895
6.81905,-8.057467312E-06,-8.19463062286377,6.81905,6.81905
6.81915,2.3318494641E-05,-0.001340868417174,6.81915,6.81915
6.81925,4.4254706154E-05,-0.000730781292077,6.81925,6.81925
6.81935,4.9220128858E-05,-0.000384994840715,6.81935,6.81935
6.81945,5.0726153859E-05,-0.0002472854394,6.81945,6.81945
6.81955,5.1344988606E-05,-5.3844894865E-05,6.81955,6.81955
6.81965,5.1676095609E-05,-0.000131741835503,6.81965,6.81965
6.81975,5.1844723203E-05,9.5897376013E-05,6.81975,6.81975
6.81985,5.1931147027E-05,0.00017984592705,6.81985,6.81985
6.81995,5.2008752391E-05,0.000232410529861,6.81995,6.81995
6.82005,5.6223645515E-05,-1.79355561733246,6.82005,6.82005
6.82015,5.303731541E-06,-9.99639987945557,6.82015,6.82015
6.82025,4.49373374E-07,-9.99703216552734,6.82025,6.82025
6.82035,6.778756E-08,-9.99758911132813,6.82035,6.82035
6.82045,-4.3658591E-08,-9.99788761138916,6.82045,6.82045
6.82055,-8.0429984E-08,-9.99793910980225,6.82055,6.82055
6.82065,-1.0146632E-07,-9.99794006347656,6.82065,6.82065
6.82075,-1.19767648E-07,-9.9977331161499,6.82075,6.82075
6.82085,-1.02310018E-07,-9.99792861938477,6.82085,6.82085
6.82095,-1.29624908E-07,-9.99798774719238,6.82095,6.82095
6.82105,-8.016920219E-06,-8.2142276763916,6.82105,6.82105
6.82115,2.3254871849E-05,-0.001218710211106,6.82115,6.82115
6.82125,4.4229323976E-05,-0.000887278816663,6.82125,6.82125
6.82135,4.9226669944E-05,-0.000245666975388,6.82135,6.82135
6.82145,5.0780410675E-05,-0.000362266117008,6.82145,6.82145
6.82155,5.1414910558E-05,-4.5611883252E-05,6.82155,6.82155
6.82165,5.1708739193E-05,-5.293011418E-05,6.82165,6.82165
6.82175,5.1894163335E-05,-1.2328006051E-05,6.82175,6.82175
6.82185,5.1960603741E-05,-0.000108309424832,6.82185,6.82185
6.82195,5.2051393141E-05,6.3809740823E-05,6.82195,6.82195
6.82205,5.6329532526E-05,-1.77352130413055,6.82205,6.82205
6.82215,5.327130566E-06,-9.99613571166992,6.82215,6.82215
6.82225,4.6260547E-07,-9.99678325653076,6.82225,6.82225
6.82235,5.3071968E-08,-9.99758625030518,6.82235,6.82235
6.82245,-6.882204E-08,-9.99761772155762,6.82245,6.82245
6.82255,-1.08687011E-07,-9.99780654907227,6.82255,6.82255
6.82265,-1.07519888E-07,-9.99758625030518,6.82265,6.82265
6.82275,-1.1286334E-07,-9.99768257141113,6.82275,6.82275
6.82285,-1.19275484E-07,-9.9979887008667,6.82285,6.82285
6.82295,-1.11513415E-07,-9.99818229675293,6.82295,6.82295
6.82305,-7.966776138E-06,-8.23453617095947,6.82305,6.82305
6.82315,2.3151793357E-05,-0.001545145525597,6.82315,6.82315
6.82325,4.4260610593E-05,-0.000752806314267,6.82325,6.82325
6.82335,4.9273432523E-05,-0.000504971598275,6.82335,6.82335
6.82345,5.0788898079E-05,-0.000269169773674,6.82345,6.82345
6.82355,5.1406961575E-05,-2.091285387E-05,6.82355,6.82355
6.82365,5.1719496696E-05,2.3981678169E-05,6.82365,6.82365
6.82375,5.1917435485E-05,-9.0295317932E-05,6.82375,6.82375
6.82385,5.2001425502E-05,7.6053707744E-05,6.82385,6.82385
6.82395,5.2043364121E-05,6.7257758928E-05,6.82395,6.82395
6.82405,5.6396871514E-05,-1.75337839126587,6.82405,6.82405
6.82415,5.368704024E-06,-9.99677181243896,6.82415,6.82415
6.82425,4.40837908E-07,-9.99720573425293,6.82425,6.82425
6.82435,5.4457047E-08,-9.99750232696533,6.82435,6.82435
6.82445,-6.8280663E-08,-9.99760723114014,6.82445,6.82445
6.82455,-6.6649498E-08,-9.99766159057617,6.82455,6.82455
6.82465,-9.5426806E-08,-9.99779987335205,6.82465,6.82465
6.82475,-8.7629587E-08,-9.99795341491699,6.82475,6.82475
6.82485,-9.3296457E-08,-9.99802875518799,6.82485,6.82485
6.82495,-1.00601518E-07,-9.99809265136719,6.82495,6.82495
6.82505,-7.927171282E-06,-8.25468921661377,6.82505,6.82505
6.82515,2.3094251446E-05,-0.00148125179112,6.82515,6.82515
6.82525,4.4260701543E-05,-0.000853080186062,6.82525,6.82525
6.82535,4.9289446906E-05,-0.000410256820032,6.82535,6.82535
6.82545,5.0822687626E-05,6.7679960921E-05,6.82545,6.82545
6.82555,5.141843576E-05,2.3911310564E-05,6.82555,6.82555
6.82565,5.1718270697E-05,0.000185404962394,6.82565,6.82565
6.82575,5.1884158893E-05,-4.5611883252E-05,6.82575,6.82575
6.82585,5.2049243095E-05,0.000148813807755,6.82585,6.82585
6.82595,5.2119594329E-05,0.000117640964163,6.82595,6.82595
6.82605,5.6465585658E-05,-1.73340475559235,6.82605,6.82605
6.82615,5.421646165E-06,-9.99679946899414,6.82615,6.82615
6.82625,4.83571455E-07,-9.99708271026611,6.82625,6.82625
6.82635,6.8139101E-08,-9.99746131896973,6.82635,6.82635
6.82645,-2.3325347E-08,-9.9977855682373,6.82645,6.82645
6.82655,-5.2053437E-08,-9.9976806640625,6.82655,6.82655
6.82665,-6.8498615E-08,-9.99780654907227,6.82665,6.82665
6.82675,-9.5553361E-08,-9.99789237976074,6.82675,6.82675
6.82685,-6.9082176E-08,-9.99807548522949,6.82685,6.82685
6.82695,-7.8890224E-08,-9.99804496765137,6.82695,6.82695
6.82705,-7.891307177E-06,-8.27461242675781,6.82705,6.82705
6.82715,2.301009954E-05,-0.001626209006645,6.82715,6.82715
6.82725,4.4275708206E-05,-0.001106896088459,6.82725,6.82725
6.82735,4.9331716582E-05,-0.000700875010807,6.82735,6.82735
6.82745,5.0841110351E-05,-0.000390342785977,6.82745,6.82745
6.82755,5.1495535445E-05,-0.000284932117211,6.82755,6.82755
6.82765,5.1798691857E-05,-0.000186487828614,6.82765,6.82765
6.82775,5.1983475714E-05,-0.000219771711272,6.82775,6.82775
6.82785,5.2077746659E-05,-0.000487661192892,6.82785,6.82785
6.82795,5.2167775721E-05,-0.000323212094372,6.82795,6.82795
6.82805,5.658198279E-05,-1.71349596977234,6.82805,6.82805
6.82815,5.482477263E-06,-9.9962329864502,6.82815,6.82815
6.82825,4.69896463E-07,-9.99698543548584,6.82825,6.82825
6.82835,4.6835599E-08,-9.99752235412598,6.82835,6.82835
6.82845,-2.2994897E-08,-9.99745941162109,6.82845,6.82845
6.82855,-6.2205999E-08,-9.99743747711182,6.82855,6.82855
6.82865,-7.4706868E-08,-9.99739456176758,6.82865,6.82865
6.82875,-9.5011991E-08,-9.99767303466797,6.82875,6.82875
6.82885,-9.4871368E-08,-9.99756336212158,6.82885,6.82885
6.82895,-1.06317607E-07,-9.99775123596191,6.82895,6.82895
6.82905,-7.894625014E-06,-8.29423332214355,6.82905,6.82905
6.82915,2.2925392841E-05,-0.001320813666098,6.82915,6.82915
6.82925,4.4308057113E-05,-0.000867083319463,6.82925,6.82925
6.82935,4.9373451475E-05,-0.000102328172943,6.82935,6.82935
6.82945,5.0890281273E-05,-0.000235252577113,6.82945,6.82945
6.82955,5.1481347327E-05,-0.000305831286823,6.82955,6.82955
6.82965,5.1786955737E-05,-7.3407085438E-05,6.82965,6.82965
6.82975,5.1982849982E-05,-0.000301116670016,6.82975,6.82975
6.82985,5.2089868404E-05,-0.000162914686371,6.82985,6.82985
6.82995,5.2149433031E-05,-8.8958331617E-05,6.82995,6.82995
6.83005,5.6642791606E-05,-1.69371736049652,6.83005,6.83005
6.83015,5.504926776E-06,-9.99660682678223,6.83015,6.83015
6.83025,4.52220888E-07,-9.99701881408691,6.83025,6.83025
6.83035,4.4107622E-08,-9.99752044677734,6.83035,6.83035
6.83045,-2.4358883E-08,-9.99796676635742,6.83045,6.83045
6.83055,-7.3476464E-08,-9.99828433990479,6.83055,6.83055
6.83065,-5.9885814E-08,-9.99807453155518,6.83065,6.83065
6.83075,-7.8953505E-08,-9.99819755554199,6.83075,6.83075
6.83085,-1.13151607E-07,-9.99815464019775,6.83085,6.83085
6.83095,-1.07428484E-07,-9.99806308746338,6.83095,6.83095
6.83105,-7.855653166E-06,-8.31486511230469,6.83105,6.83105
6.83115,2.2778383936E-05,-0.001564778154716,6.83115,6.83115
6.83125,4.428736429E-05,-0.001134972786531,6.83125,6.83125
6.83135,4.9359277909E-05,-0.000423978519393,6.83135,6.83135
6.83145,5.0892729632E-05,-0.000469365622848,6.83145,6.83145
6.83155,5.1479801186E-05,-0.00023398596386,6.83155,6.83155
6.83165,5.1805869589E-05,-0.000367262226064,6.83165,6.83165
6.83175,5.1961967984E-05,-3.491600728E-05,6.83175,6.83175
6.83185,5.2073013649E-05,0.00012200375204,6.83185,6.83185
6.83195,5.2164316003E-05,-0.00019521341892,6.83195,6.83195
6.83205,5.6696957472E-05,-1.67372190952301,6.83205,6.83205
6.83215,5.55557699E-06,-9.99650955200195,6.83215,6.83215
6.83225,4.43291697E-07,-9.99709510803223,6.83225,6.83225
6.83235,5.0737725E-08,-9.99755001068115,6.83235,6.83235
6.83245,-5.0232444E-08,-9.99756240844727,6.83245,6.83245
6.83255,-6.2065382E-08,-9.99781513214111,6.83255,6.83255
6.83265,-7.6809094E-08,-9.99821949005127,6.83265,6.83265
6.83275,-1.22572956E-07,-9.99828147888184,6.83275,6.83275
6.83285,-1.36114394E-07,-9.99818992614746,6.83285,6.83285
6.83295,-1.28253888E-07,-9.99806785583496,6.83295,6.83295
6.83305,-7.795898455E-06,-8.33440113067627,6.83305,6.83305
6.83315,2.2742027795E-05,-0.001377107691951,6.83315,6.83315
6.83325,4.4302472816E-05,-0.000787286437117,6.83325,6.83325
6.83335,4.9390142522E-05,-0.000459162314655,6.83335,6.83335
6.83345,5.0879098126E-05,-6.0600184952E-05,6.83345,6.83345
6.83355,5.153989332E-05,-4.3993430154E-05,6.83355,6.83355
6.83365,5.184303518E-05,-9.2406342446E-05,6.83365,6.83365
6.83375,5.2044997574E-05,-0.000194298641873,6.83375,6.83375
6.83385,5.2139828767E-05,6.1487611674E-05,6.83385,6.83385
6.83395,5.2164774388E-05,-0.000161085132277,6.83395,6.83395
6.83405,5.6786979258E-05,-1.65353929996491,6.83405,6.83405
6.83415,5.622292974E-06,-9.99651622772217,6.83415,6.83415
6.83425,4.58745518E-07,-9.99709701538086,6.83425,6.83425
6.83435,6.0658266E-08,-9.99766254425049,6.83435,6.83435
6.83445,-1.7138191E-08,-9.99781227111816,6.83445,6.83445
6.83455,-2.8162578E-08,-9.99786758422852,6.83455,6.83455
6.83465,-7.2590581E-08,-9.99777412414551,6.83465,6.83465
6.83475,-7.2499176E-08,-9.99804496765137,6.83475,6.83475
6.83485,-7.0593813E-08,-9.99820137023926,6.83485,6.83485
6.83495,-9.1074703E-08,-9.99814128875732,6.83495,6.83495
6.83505,-7.797008948E-06,-8.35450649261475,6.83505,6.83505
6.83515,2.2617525246E-05,-0.001807616790757,6.83515,6.83515
6.83525,4.4291457016E-05,-0.001291681430303,6.83525,6.83525
6.83535,4.9371392379E-05,-0.000839288113639,6.83535,6.83535
6.83545,5.0921295042E-05,-0.000673290924169,6.83545,6.83545
6.83555,5.155717372E-05,-0.000407934683608,6.83555,6.83555
6.83565,5.1884158893E-05,-0.000338200392434,6.83565,6.83565
6.83575,5.2044983022E-05,-0.000110772285552,6.83575,6.83575
6.83585,5.2160114137E-05,-0.000119708973216,6.83585,6.83585
6.83595,5.2248371503E-05,-3.132726124E-05,6.83595,6.83595
6.83605,5.687207522E-05,-1.63368129730225,6.83605,6.83605
6.83615,5.646155842E-06,-9.9963493347168,6.83615,6.83615
6.83625,4.60109504E-07,-9.99706935882568,6.83625,6.83625
6.83635,5.7536564E-08,-9.99779415130615,6.83635,6.83635
6.83645,-3.6234006E-08,-9.99790573120117,6.83645,6.83645
6.83655,-6.1397451E-08,-9.99800968170166,6.83655,6.83655
6.83665,-5.762891E-08,-9.99805164337158,6.83665,6.83665
6.83675,-1.07147251E-07,-9.99792003631592,6.83675,6.83675
6.83685,-9.3830806E-08,-9.99788951873779,6.83685,6.83685
6.83695,-1.01620998E-07,-9.99825096130371,6.83695,6.83695
6.83705,-7.744291906E-06,-8.37470149993896,6.83705,6.83705
6.83715,2.2518817786E-05,-0.001850540982559,6.83715,6.83715
6.83725,4.4310432713E-05,-0.001238976139575,6.83725,6.83725
6.83735,4.9426260375E-05,-0.000751117535401,6.83735,6.83735
6.83745,5.0971357268E-05,-0.000357129290933,6.83745,6.83745
6.83755,5.1575665566E-05,-0.000213297884329,6.83755,6.83755
6.83765,5.1886436268E-05,-0.000396746239858,6.83765,6.83765
6.83775,5.2097017033E-05,-0.000264525500825,6.83775,6.83775
6.83785,5.2166811656E-05,-0.000119990443636,6.83785,6.83785
6.83795,5.2241965022E-05,3.1088806281E-05,6.83795,6.83795
6.83805,5.6943375967E-05,-1.61344587802887,6.83805,6.83805
6.83815,5.724803032E-06,-9.99657917022705,6.83815,6.83815
6.83825,4.26171539E-07,-9.99683380126953,6.83825,6.83825
6.83835,3.3259006E-08,-9.99736213684082,6.83835,6.83835
6.83845,-3.285216E-08,-9.99759197235107,6.83845,6.83845
6.83855,-8.1639293E-08,-9.99753475189209,6.83855,6.83855
6.83865,-1.08012046E-07,-9.99759387969971,6.83865,6.83865
6.83875,-1.03146689E-07,-9.99769973754883,6.83875,6.83875
6.83885,-1.16617819E-07,-9.99762439727783,6.83885,6.83885
6.83895,-1.15366326E-07,-9.99774074554443,6.83895,6.83895
6.83905,-7.746182746E-06,-8.39420795440674,6.83905,6.83905
6.83915,2.2433618142E-05,-0.001252697780728,6.83915,6.83915
6.83925,4.4264121243E-05,-0.000899804232176,6.83925,6.83925
6.83935,4.941028601E-05,-0.000359099562047,6.83935,6.83935
6.83945,5.0978484069E-05,-0.000170162544237,6.83945,6.83945
6.83955,5.1607614296E-05,-0.000261429348029,6.83955,6.83955
6.83965,5.1939085097E-05,0.000133966241265,6.83965,6.83965
6.83975,5.208273069E-05,0.000218899949687,6.83975,6.83975
6.83985,5.219229206E-05,-2.0209177819E-05,6.83985,6.83985
6.83995,5.2250594308E-05,-1.3453887732E-05,6.83995,6.83995
6.84005,5.7001230743E-05,-1.59356760978699,6.84005,6.84005
6.84015,5.767838502E-06,-9.99625205993652,6.84015,6.84015
6.84025,4.46898525E-07,-9.99689865112305,6.84025,6.84025
6.84035,3.867277E-08,-9.99772834777832,6.84035,6.84035
6.84045,-6.7823656E-08,-9.99794960021973,6.84045,6.84045
6.84055,-9.0118512E-08,-9.99782180786133,6.84055,6.84055
6.84065,-1.05241888E-07,-9.99764156341553,6.84065,6.84065
6.84075,-1.25996991E-07,-9.99769687652588,6.84075,6.84075
6.84085,-1.19788737E-07,-9.99770832061768,6.84085,6.84085
6.84095,-1.26721162E-07,-9.99789428710938,6.84095,6.84095
6.84105,-7.717742847E-06,-8.41450500488281,6.84105,6.84105
6.84115,2.2299145712E-05,-0.001470344839618,6.84115,6.84115
6.84125,4.4256426918E-05,-0.001076708431356,6.84125,6.84125
6.84135,4.941195948E-05,-0.00066681712633,6.84135,6.84135
6.84145,5.0954968174E-05,-0.00040955314762,6.84145,6.84145
6.84155,5.1574075769E-05,-0.000315119803417,6.84155,6.84155
6.84165,5.1911436458E-05,-0.000272828881862,6.84165,6.84165
6.84175,5.2091763791E-05,-0.000117316478281,6.84175,6.84175
6.84185,5.2214996686E-05,-0.000109435306513,6.84185,6.84185
6.84195,5.227026486E-05,-0.000268958654488,6.84195,6.84195
6.84205,5.705338117E-05,-1.57362139225006,6.84205,6.84205
6.84215,5.797452559E-06,-9.99638080596924,6.84215,6.84215
6.84225,4.54393415E-07,-9.99697399139404,6.84225,6.84225
6.84235,6.2535506E-08,-9.99755573272705,6.84235,6.84235
6.84245,-6.3373122E-08,-9.99771690368652,6.84245,6.84245
6.84255,-9.4899491E-08,-9.99748134613037,6.84255,6.84255
6.84265,-1.03695101E-07,-9.99769115447998,6.84265,6.84265
6.84275,-1.31108422E-07,-9.9976749420166,6.84275,6.84275
6.84285,-1.0793471E-07,-9.99779605865479,6.84285,6.84285
6.84295,-1.43004627E-07,-9.99789810180664,6.84295,6.84295
6.84305,-7.702429684E-06,-8.43460559844971,6.84305,6.84305
6.84315,2.2237372832E-05,-0.001863347948529,6.84315,6.84315
6.84325,4.429521141E-05,-0.001219273195602,6.84325,6.84325
6.84335,4.9447142374E-05,-0.000579983461648,6.84335,6.84335
6.84345,5.0998522056E-05,-0.000520452507772,6.84345,6.84345
6.84355,5.1658982557E-05,-0.000162633208674,6.84355,6.84355
6.84365,5.198524741E-05,-7.6855103543E-05,6.84365,6.84365
6.84375,5.2126189985E-05,-0.000168121885508,6.84375,6.84375
6.84385,5.2233754104E-05,-0.000337285600835,6.84385,6.84385
6.84395,5.2278104704E-05,-0.000368951034034,6.84395,6.84395
6.84405,5.7086796005E-05,-1.55392682552338,6.84405,6.84405
6.84415,5.844538464E-06,-9.99691104888916,6.84415,6.84415
6.84425,4.40662149E-07,-9.99740982055664,6.84425,6.84425
6.84435,3.3111359E-08,-9.99797630310059,6.84435,6.84435
6.84445,-3.8645588E-08,-9.99789905548096,6.84445,6.84445
6.84455,-1.11098593E-07,-9.99800109863281,6.84455,6.84455
6.84465,-1.34166839E-07,-9.9980001449585,6.84465,6.84465
6.84475,-1.34068415E-07,-9.99803161621094,6.84475,6.84475
6.84485,-1.39165778E-07,-9.99796676635742,6.84485,6.84485
6.84495,-1.38019757E-07,-9.99795532226563,6.84495,6.84495
6.84505,-7.661151358E-06,-8.45431709289551,6.84505,6.84505
6.84515,2.2101417926E-05,-0.001478648162447,6.84515,6.84515
6.84525,4.4285381591E-05,-0.000898396887351,6.84525,6.84525
6.84535,4.9458682042E-05,-0.000566754373722,6.84535,6.84535
6.84545,5.1032748161E-05,-0.000782994029578,6.84545,6.84545
6.84555,5.1653616538E-05,-0.000185221215361,6.84555,6.84555
6.84565,5.1998144045E-05,-0.000275995436823,6.84565,6.84565
6.84575,5.2170904382E-05,-0.000402938603656,6.84575,6.84575
6.84585,5.2276453061E-05,-0.000284932117211,6.84585,6.84585
6.84595,5.2340888942E-05,-0.000294361379929,6.84595,6.84595
6.84605,5.7211938838E-05,-1.53384399414063,6.84605,6.84605
6.84615,5.913820587E-06,-9.99649429321289,6.84615,6.84615
6.84625,4.34517176E-07,-9.99687767028809,6.84625,6.84625
6.84635,1.9928498E-08,-9.99742221832275,6.84635,6.84635
6.84645,-7.7230943E-08,-9.99740791320801,6.84645,6.84645
6.84655,-1.03252155E-07,-9.99751091003418,6.84655,6.84655
6.84665,-1.14164045E-07,-9.99761199951172,6.84665,6.84665
6.84675,-1.26686004E-07,-9.99797821044922,6.84675,6.84675
6.84685,-1.32338826E-07,-9.99791622161865,6.84685,6.84685
6.84695,-1.41661744E-07,-9.9978551864624,6.84695,6.84695
6.84705,-7.614333299E-06,-8.47437286376953,6.84705,6.84705
6.84715,2.2017582523E-05,-0.001887695048936,6.84715,6.84715
6.84725,4.4282238377E-05,-0.001208577305079,6.84725,6.84725
6.84735,4.9466809287E-05,-0.000791438156739,6.84735,6.84735
6.84745,5.1035152865E-05,-0.000521648733411,6.84745,6.84745
6.84755,5.1664261264E-05,-0.00031364208553,6.84755,6.84755
6.84765,5.2010102081E-05,-0.000308012677124,6.84765,6.84765
6.84775,5.2190902352E-05,7.5279662269E-05,6.84775,6.84775
6.84785,5.2292180044E-05,0.00024451376521,6.84785,6.84785
6.84795,5.237188816E-05,0.00010525626567,6.84795,6.84795
6.84805,5.7275970903E-05,-1.51353251934052,6.84805,6.84805
6.84815,6.001242127E-06,-9.99667072296143,6.84815,6.84815
6.84825,4.80864571E-07,-9.9970235824585,6.84825,6.84825
6.84835,5.7550626E-08,-9.99766063690186,6.84835,6.84835
6.84845,-4.2027434E-08,-9.99790668487549,6.84845,6.84845
6.84855,-6.5440197E-08,-9.9978494644165,6.84855,6.84855
6.84865,-7.5381827E-08,-9.99771118164063,6.84865,6.84865
6.84875,-1.00249977E-07,-9.99759387969971,6.84875,6.84875
6.84885,-7.2956183E-08,-9.99759769439697,6.84885,6.84885
6.84895,-9.910395E-08,-9.99783039093018,6.84895,6.84895
6.84905,-7.555745015E-06,-8.49452495574951,6.84905,6.84905
6.84915,2.1949896109E-05,-0.001469289301895,6.84915,6.84915
6.84925,4.4339278247E-05,-0.000918944249861,6.84925,6.84925
6.84935,4.9523601774E-05,-0.000479920738144,6.84935,6.84935
6.84945,5.1082864957E-05,-0.000241093090153,6.84945,6.84945
6.84955,5.1706982049E-05,-3.4423435864E-05,6.84955,6.84955
6.84965,5.2019360737E-05,5.1776882174E-05,6.84965,6.84965
6.84975,5.2210405556E-05,0.000271816388704,6.84975,6.84975
6.84985,5.2337811212E-05,0.000431339751231,6.84985,6.84985
6.84995,5.2411374782E-05,0.000332121417159,6.84995,6.84995
6.85005,5.7403918618E-05,-1.49334073066711,6.85005,6.85005
6.85015,6.02327691E-06,-9.99648189544678,6.85015,6.85015
6.85025,4.5496995E-07,-9.99679374694824,6.85025,6.85025
6.85035,8.2327375E-08,-9.99704647064209,6.85035,6.85035
6.85045,-3.5052821E-08,-9.99734878540039,6.85045,6.85045
6.85055,-7.8693361E-08,-9.9976224899292,6.85055,6.85055
6.85065,-7.1064882E-08,-9.99776363372803,6.85065,6.85065
6.85075,-8.0345615E-08,-9.99789619445801,6.85075,6.85075
6.85085,-9.8421957E-08,-9.99790668487549,6.85085,6.85085
6.85095,-1.18502086E-07,-9.99787998199463,6.85095,6.85095
6.85105,-7.530757102E-06,-8.51448631286621,6.85105,6.85105
6.85115,2.1838688554E-05,-0.00121202529408,6.85115,6.85115
6.85125,4.4308042561E-05,-0.000531852070708,6.85125,6.85125
6.85135,4.9517635489E-05,-3.0834686186E-05,6.85135,6.85135
6.85145,5.1099126722E-05,8.1120175309E-05,6.85145,6.85145
6.85155,5.1743809308E-05,8.3723774878E-05,6.85155,6.85155
6.85165,5.2054685511E-05,-0.000270225282293,6.85165,6.85165
6.85175,5.2253173635E-05,0.000115248461952,6.85175,6.85175
6.85185,5.2366842283E-05,7.7742530266E-05,6.85185,6.85185
6.85195,5.2419240092E-05,0.000138399409479,6.85195,6.85195
6.85205,5.7436787756E-05,-1.47339522838593,6.85205,6.85205
6.85215,6.081175798E-06,-9.99636840820313,6.85215,6.85215
6.85225,4.70726093E-07,-9.99678325653076,6.85225,6.85225
6.85235,3.6865838E-08,-9.99746704101563,6.85235,6.85235
6.85245,-5.9084297E-08,-9.99771595001221,6.85245,6.85245
6.85255,-8.2370505E-08,-9.99788284301758,6.85255,6.85255
6.85265,-1.25989956E-07,-9.99777984619141,6.85265,6.85265
6.85275,-1.2650321E-07,-9.99769496917725,6.85275,6.85275
6.85285,-1.20948826E-07,-9.99788570404053,6.85285,6.85285
6.85295,-1.11372799E-07,-9.99756908416748,6.85295,6.85295
6.85305,-7.480613021E-06,-8.53401470184326,6.85305,6.85305
6.85315,2.1737330826E-05,-0.001454300945625,6.85315,6.85315
6.85325,4.4335611165E-05,-0.000843439833261,6.85325,6.85325
6.85335,4.9568425311E-05,-0.000386824394809,6.85335,6.85335
6.85345,5.114266969E-05,-0.000173610562342,6.85345,6.85345
6.85355,5.1776831242E-05,-8.7621345301E-05,6.85355,6.85355
6.85365,5.2095878345E-05,0.000296937621897,6.85365,6.85365
6.85375,5.2267503634E-05,3.566270243E-05,6.85375,6.85375
6.85385,5.2372724895E-05,-0.000115838753118,6.85385,6.85385
6.85395,5.2384271839E-05,-2.4501601729E-05,6.85395,6.85395
6.85405,5.7458750234E-05,-1.45344042778015,6.85405,6.85405
6.85415,6.132318504E-06,-9.99625682830811,6.85415,6.85415
6.85425,4.53437224E-07,-9.99678230285645,6.85425,6.85425
6.85435,2.8681919E-08,-9.99739360809326,6.85435,6.85435
6.85445,-5.3572105E-08,-9.99760055541992,6.85445,6.85445
6.85455,-1.19296573E-07,-9.99758911132813,6.85455,6.85455
6.85465,-1.1107047E-07,-9.99770927429199,6.85465,6.85465
6.85475,-1.07224594E-07,-9.99755573272705,6.85475,6.85475
6.85485,-1.20681648E-07,-9.99755382537842,6.85485,6.85485
6.85495,-1.14360915E-07,-9.99769592285156,6.85495,6.85495
6.85505,-7.475600341E-06,-8.55396366119385,6.85505,6.85505
6.85515,2.1624704459E-05,-0.001402088208124,6.85515,6.85515
6.85525,4.4296968554E-05,-0.001050461316481,6.85525,6.85525
6.85535,4.9544134527E-05,-0.000366206688341,6.85535,6.85535
6.85545,5.1163024182E-05,-0.000407793966588,6.85545,6.85545
6.85555,5.1789465942E-05,-0.00022920097399,6.85555,6.85555
6.85565,5.2138457249E-05,-9.0295317932E-05,6.85565,6.85565
6.85575,5.2320494433E-05,-5.7081804698E-05,6.85575,6.85575
6.85585,5.2445662732E-05,-0.000121608900372,6.85585,6.85585
6.85595,5.2507599321E-05,-0.000165729390574,6.85595,6.85595
6.85605,5.7602566812E-05,-1.43356335163117,6.85605,6.85605
6.85615,6.279376066E-06,-9.99633502960205,6.85615,6.85615
6.85625,4.70979217E-07,-9.99670314788818,6.85625,6.85625
6.85635,4.5640352E-08,-9.99718189239502,6.85635,6.85635
6.85645,-1.876232E-08,-9.99732303619385,6.85645,6.85645
6.85655,-5.5969625E-08,-9.99755859375,6.85655,6.85655
6.85665,-9.4836217E-08,-9.99734497070313,6.85665,6.85665
6.85675,-9.8070409E-08,-9.99741744995117,6.85675,6.85675
6.85685,-1.22249531E-07,-9.99771881103516,6.85685,6.85685
6.85695,-1.47398922E-07,-9.99780368804932,6.85695,6.85695
6.85705,-7.421947885E-06,-8.57414722442627,6.85705,6.85705
6.85715,2.156373921E-05,-0.001284222467802,6.85715,6.85715
6.85725,4.4305608753E-05,-0.000839569605887,6.85725,6.85725
6.85735,4.9611066061E-05,-8.457787771E-06,6.85735,6.85735
6.85745,5.1192615501E-05,3.9673654101E-05,6.85745,6.85745
6.85755,5.1854156482E-05,0.000135725436849,6.85755,6.85755
6.85765,5.2151535783E-05,0.000308055692585,6.85765,6.85765
6.85775,5.2308841987E-05,8.1542377302E-05,6.85775,6.85775
6.85785,5.2415965911E-05,0.000135866168421,6.85785,6.85785
6.85795,5.2507824876E-05,-3.2171672501E-05,6.85795,6.85795
6.85805,5.7609435316E-05,-1.41342878341675,6.85805,6.85805
6.85815,6.291686987E-06,-9.99653053283691,6.85815,6.85815
6.85825,4.73650942E-07,-9.99689102172852,6.85825,6.85825
6.85835,5.6102269E-08,-9.99761867523193,6.85835,6.85835
6.85845,-6.4744135E-08,-9.99723720550537,6.85845,6.85845
6.85855,-8.8213149E-08,-9.99761581420898,6.85855,6.85855
6.85865,-1.06036374E-07,-9.99755573272705,6.85865,6.85865
6.85875,-1.13067237E-07,-9.99773693084717,6.85875,6.85875
6.85885,-1.25293894E-07,-9.99775218963623,6.85885,6.85885
6.85895,-9.6333792E-08,-9.99767780303955,6.85895,6.85895
6.85905,-7.384255241E-06,-8.5943603515625,6.85905,6.85905
6.85915,2.141663208E-05,-0.001282815122977,6.85915,6.85915
6.85925,4.432991409E-05,-0.00102674739901,6.85925,6.85925
6.85935,4.9602989748E-05,-0.000140819262015,6.85935,6.85935
6.85945,5.1187820645E-05,-0.000224204864935,6.85945,6.85945
6.85955,5.1819031796E-05,7.797129001E-06,6.85955,6.85955
6.85965,5.214659177E-05,-6.235937326E-05,6.85965,6.85965
6.85975,5.2340630646E-05,0.000196804525331,6.85975,6.85975
6.85985,5.2451105148E-05,6.1698716308E-05,6.85985,6.85985
6.85995,5.2500730817E-05,-1.7113003196E-05,6.85995,6.85995
6.86005,5.7697758166E-05,-1.39371073246002,6.86005,6.86005
6.86015,6.340804703E-06,-9.9962272644043,6.86015,6.86015
6.86025,4.35846005E-07,-9.99684047698975,6.86025,6.86025
6.86035,1.208206E-08,-9.99711227416992,6.86035,6.86035
6.86045,-7.8447286E-08,-9.99727153778076,6.86045,6.86045
6.86055,-9.6158018E-08,-9.99747371673584,6.86055,6.86055
6.86065,-1.27185203E-07,-9.99734497070313,6.86065,6.86065
6.86075,-1.10831422E-07,-9.99759387969971,6.86075,6.86075
6.86085,-1.05811388E-07,-9.99786758422852,6.86085,6.86085
6.86095,-1.35467545E-07,-9.99760437011719,6.86095,6.86095
6.86105,-7.316716619E-06,-8.61438846588135,6.86105,6.86105
6.86115,2.1352243493E-05,-0.001781017752364,6.86115,6.86115
6.86125,4.4316704589E-05,-0.00099606718868,6.86125,6.86125
6.86135,4.9639493227E-05,-0.000310264440486,6.86135,6.86135
6.86145,5.1239989261E-05,-0.00055985833751,6.86145,6.86145
6.86155,5.185412374E-05,-0.000325393484673,6.86155,6.86155
6.86165,5.2188490372E-05,-0.000290983734885,6.86165,6.86165
6.86175,5.2353076171E-05,7.957208436E-05,6.86175,6.86175
6.86185,5.2488088841E-05,3.9884758735E-05,6.86185,6.86185
6.86195,5.255542419E-05,-0.000234337800066,6.86195,6.86195
6.86205,5.7781839132E-05,-1.37378406524658,6.86205,6.86205
6.86215,6.441950518E-06,-9.9965124130249,6.86215,6.86215
6.86225,4.83430881E-07,-9.99710559844971,6.86225,6.86225
6.86235,6.0215321E-08,-9.99758911132813,6.86235,6.86235
6.86245,-4.2765674E-08,-9.99758625030518,6.86245,6.86245
6.86255,-8.5267217E-08,-9.99773597717285,6.86255,6.86255
6.86265,-8.1343998E-08,-9.99784755706787,6.86265,6.86265
6.86275,-9.511745E-08,-9.99777317047119,6.86275,6.86275
6.86285,-1.23451812E-07,-9.99791622161865,6.86285,6.86285
6.86295,-9.1890286E-08,-9.99809074401855,6.86295,6.86295
6.86305,-7.28342593E-06,-8.63462543487549,6.86305,6.86305
6.86315,2.1209700208E-05,-0.001315747154877,6.86315,6.86315
6.86325,4.4283777243E-05,-0.000963346217759,6.86325,6.86325
6.86335,4.9641526857E-05,-0.000638036755845,6.86335,6.86335
6.86345,5.1212900871E-05,-0.000299990788335,6.86345,6.86345
6.86355,5.1852570323E-05,-0.000343900173903,6.86355,6.86355
6.86365,5.2219285863E-05,-0.000289013434667,6.86365,6.86365
6.86375,5.2387855249E-05,6.0643200413E-05,6.86375,6.86375
6.86385,5.2482315368E-05,0.000164365046658,6.86385,6.86385
6.86395,5.2547449741E-05,-5.2789378969E-05,6.86395,6.86395
6.86405,5.781418804E-05,-1.35358214378357,6.86405,6.86405
6.86415,6.472211226E-06,-9.99616146087646,6.86415,6.86415
6.86425,4.47074285E-07,-9.99654293060303,6.86425,6.86425
6.86435,4.3643588E-08,-9.99674606323242,6.86435,6.86435
6.86445,-7.6120067E-08,-9.99696350097656,6.86445,6.86445
6.86455,-1.21574573E-07,-9.9971284866333,6.86455,6.86455
6.86465,-1.18403655E-07,-9.9973087310791,6.86465,6.86465
6.86475,-1.36255011E-07,-9.99730110168457,6.86475,6.86475
6.86485,-1.31502148E-07,-9.99722099304199,6.86485,6.86485
6.86495,-1.60195086E-07,-9.99703216552734,6.86495,6.86495
6.86505,-7.278447811E-06,-8.65360450744629,6.86505,6.86505
6.86515,2.1119509256E-05,-0.001105207251385,6.86515,6.86515
6.86525,4.4279266149E-05,-0.000574635574594,6.86525,6.86525
6.86535,4.9615588068E-05,-5.5815187807E-05,6.86535,6.86535
6.86545,5.1239247114E-05,3.925144847E-05,6.86545,6.86545
6.86555,5.1865230489E-05,4.8891812185E-05,6.86555,6.86555
6.86565,5.2200026403E-05,-5.080142728E-06,6.86565,6.86565
6.86575,5.2374743973E-05,0.000263301917585,6.86575,6.86575
6.86585,5.2512237744E-05,0.000215944513911,6.86585,6.86585
6.86595,5.2563045756E-05,0.000319384882459,6.86595,6.86595
6.86605,5.7856381318E-05,-1.33336901664734,6.86605,6.86605
6.86615,6.563577244E-06,-9.99614238739014,6.86615,6.86615
6.86625,4.79156085E-07,-9.9968204498291,6.86625,6.86625
6.86635,3.7969684E-08,-9.99729061126709,6.86635,6.86635
6.86645,-6.2438019E-08,-9.99694347381592,6.86645,6.86645
6.86655,-5.7136749E-08,-9.9970178604126,6.86655,6.86655
6.86665,-9.5869751E-08,-9.99706077575684,6.86665,6.86665
6.86675,-1.22249531E-07,-9.99714469909668,6.86675,6.86675
6.86685,-1.12722724E-07,-9.99755954742432,6.86685,6.86685
6.86695,-1.14712456E-07,-9.99747943878174,6.86695,6.86695
6.86705,-7.199709216E-06,-8.67384910583496,6.86705,6.86705
6.86715,2.1018637199E-05,-0.001314973109402,6.86715,6.86715
6.86725,4.434046059E-05,-0.000763150397688,6.86725,6.86725
6.86735,4.9696514907E-05,-0.000428482046118,6.86735,6.86735
6.86745,5.1275041187E-05,-0.000299850042211,6.86745,6.86745
6.86755,5.1943159633E-05,-0.000202390918275,6.86755,6.86755
6.86765,5.2267740102E-05,-0.000345096428646,6.86765,6.86765
6.86775,5.2432002121E-05,-0.000150459614815,6.86775,6.86775
6.86785,5.2529885579E-05,-0.000205768563319,6.86785,6.86785
6.86795,5.2583869547E-05,2.9751821785E-05,6.86795,6.86795
6.86805,5.7949771872E-05,-1.31373834609985,6.86805,6.86805
6.86815,6.599279914E-06,-9.99606132507324,6.86815,6.86815
6.86825,4.38904436E-07,-9.996901512146,6.86825,6.86825
6.86835,3.1824712E-08,-9.99722099304199,6.86835,6.86835
6.86845,-6.247317E-08,-9.997239112854,6.86845,6.86845
6.86855,-7.5564628E-08,-9.99737358093262,6.86855,6.86855
6.86865,-1.04862224E-07,-9.99753189086914,6.86865,6.86865
6.86875,-1.08497176E-07,-9.99781227111816,6.86875,6.86875
6.86885,-1.47244236E-07,-9.99810218811035,6.86885,6.86885
6.86895,-1.07301929E-07,-9.99776554107666,6.86895,6.86895
6.86905,-7.166270734E-06,-8.69405364990234,6.86905,6.86905
6.86915,2.0930378014E-05,-0.001753363292664,6.86915,6.86915
6.86925,4.4362037443E-05,-0.000868279545102,6.86925,6.86925
6.86935,4.9728954764E-05,-0.000488716701511,6.86935,6.86935
6.86945,5.1331069699E-05,-0.000537692569196,6.86945,6.86945
6.86955,5.1971397625E-05,-0.000526504125446,6.86955,6.86955
6.86965,5.2287836297E-05,-0.000174103130121,6.86965,6.86965
6.86975,5.2441762818E-05,-0.000115064714919,6.86975,6.86975
6.86985,5.2578110626E-05,-1.9224031348E-05,6.86985,6.86985
6.86995,5.2658346249E-05,-1.772865403E-06,6.86995,6.86995
6.87005,5.799574501E-05,-1.29356229305267,6.87005,6.87005
6.87015,6.69407018E-06,-9.9965648651123,6.87015,6.87015
6.87025,4.81680161E-07,-9.99705219268799,6.87025,6.87025
6.87035,4.824177E-08,-9.99719333648682,6.87035,6.87035
6.87045,-4.8109126E-08,-9.99739074707031,6.87045,6.87045
6.87055,-6.6199526E-08,-9.99777317047119,6.87055,6.87055
6.87065,-8.6722608E-08,-9.99797248840332,6.87065,6.87065
6.87075,-1.09129957E-07,-9.99789524078369,6.87075,6.87075
6.87085,-9.6523621E-08,-9.99796390533447,6.87085,6.87085
6.87095,-9.2951943E-08,-9.99785423278809,6.87095,6.87095
6.87105,-7.127059234E-06,-8.71405506134033,6.87105,6.87105
6.87115,2.0818230041E-05,-0.000982908415608,6.87115,6.87115
6.87125,4.4336004066E-05,-0.000605315843131,6.87125,6.87125
6.87135,4.9752619816E-05,-0.000188458128832,6.87135,6.87135
6.87145,5.1334394811E-05,-0.000322930631228,6.87145,6.87145
6.87155,5.2013034292E-05,-0.000244752212893,6.87155,6.87155
6.87165,5.2343897551E-05,2.039293031E-05,6.87165,6.87165
6.87175,5.2507464716E-05,0.000192230625544,6.87175,6.87175
6.87185,5.2612478612E-05,0.000320158927934,6.87185,6.87185
6.87195,5.2702493122E-05,0.000149095285451,6.87195,6.87195
6.87205,5.8093693951E-05,-1.27342653274536,6.87205,6.87205
6.87215,6.822685464E-06,-9.99603462219238,6.87215,6.87215
6.87225,4.97928511E-07,-9.9965238571167,6.87225,6.87225
6.87235,5.2298574E-08,-9.997145652771,6.87235,6.87235
6.87245,-3.578403E-08,-9.9971342086792,6.87245,6.87245
6.87255,-9.1257512E-08,-9.99739933013916,6.87255,6.87255
6.87265,-1.30763908E-07,-9.99751758575439,6.87265,6.87265
6.87275,-1.14044525E-07,-9.99740409851074,6.87275,6.87275
6.87285,-1.21419902E-07,-9.99698257446289,6.87285,6.87285
6.87295,-1.34898059E-07,-9.99722003936768,6.87295,6.87295
6.87305,-7.076774637E-06,-8.73407554626465,6.87305,6.87305
6.87315,2.0722138288E-05,-0.001722331158817,6.87315,6.87315
6.87325,4.4348245865E-05,-0.001079523121007,6.87325,6.87325
6.87335,4.9756781664E-05,-0.000772438885178,6.87335,6.87335
6.87345,5.1403065299E-05,-0.00055549555691,6.87345,6.87345
6.87355,5.2073457482E-05,5.5647102272E-05,6.87355,6.87355
6.87365,5.237154619E-05,-6.2711209466E-05,6.87365,6.87365
6.87375,5.2531948313E-05,0.000175623878022,6.87375,6.87375
6.87385,5.2655625041E-05,-7.4392235547E-05,6.87385,6.87385
6.87395,5.2680516092E-05,0.000124677724671,6.87395,6.87395
6.87405,5.811421579E-05,-1.25347375869751,6.87405,6.87405
6.87415,6.858761026E-06,-9.99607276916504,6.87415,6.87415
6.87425,5.07195182E-07,-9.99688339233398,6.87425,6.87425
6.87435,4.793241E-08,-9.99711894989014,6.87435,6.87435
6.87445,-3.4061468E-08,-9.9971342086792,6.87445,6.87445
6.87455,-6.9897759E-08,-9.99752426147461,6.87455,6.87455
6.87465,-6.7226033E-08,-9.9976110458374,6.87465,6.87465
6.87475,-9.2248861E-08,-9.99772453308105,6.87475,6.87475
6.87485,-1.07224594E-07,-9.99791049957275,6.87485,6.87485
6.87495,-1.25891518E-07,-9.99797630310059,6.87495,6.87495
6.87505,-6.997986929E-06,-8.75437355041504,6.87505,6.87505
6.87515,2.0573204893E-05,-0.001373378210701,6.87515,6.87515
6.87525,4.431583875E-05,-0.000882071617525,6.87525,6.87525
6.87535,4.9759004469E-05,-0.000660061836243,6.87535,6.87535
6.87545,5.1375216572E-05,-0.000513837963808,6.87545,6.87545
6.87555,5.2032635722E-05,-0.000328700756654,6.87555,6.87555
6.87565,5.2367882745E-05,-0.000437559443526,6.87565,6.87565
6.87575,5.2521434554E-05,-0.000451070023701,6.87575,6.87575
6.87585,5.2664203395E-05,4.4740121666E-05,6.87585,6.87585
6.87595,5.2720381063E-05,-4.5471148042E-05,6.87595,6.87595
6.87605,5.8170626289E-05,-1.23374354839325,6.87605,6.87605
6.87615,6.900967037E-06,-9.99603652954102,6.87615,6.87615
6.87625,4.75253984E-07,-9.99698925018311,6.87625,6.87625
6.87635,5.2650119E-08,-9.99772357940674,6.87635,6.87635
6.87645,-2.7586047E-08,-9.99767589569092,6.87645,6.87645
6.87655,-8.1772882E-08,-9.99780654907227,6.87655,6.87655
6.87665,-7.1683594E-08,-9.99775505065918,6.87665,6.87665
6.87675,-6.1896642E-08,-9.99776458740234,6.87675,6.87675
6.87685,-7.2991334E-08,-9.99796104431152,6.87685,6.87685
6.87695,-1.0810345E-07,-9.99798774719238,6.87695,6.87695
6.87705,-6.980199032E-06,-8.7745361328125,6.87705,6.87705
6.87715,2.0471405151E-05,-0.002182535361499,6.87715,6.87715
6.87725,4.4339238229E-05,-0.001167693757452,6.87725,6.87725
6.87735,4.9748028687E-05,-0.000556691782549,6.87735,6.87735
6.87745,5.1405266277E-05,-0.000658161879983,6.87745,6.87745
6.87755,5.2069837693E-05,-0.000389850203646,6.87755,6.87755
6.87765,5.2410319768E-05,-0.000320256658597,6.87765,6.87765
6.87775,5.2606221288E-05,-8.5228850367E-05,6.87775,6.87775
6.87785,5.2730680181E-05,-0.000376409996534,6.87785,6.87785
6.87795,5.2758627135E-05,1.32330922E-06,6.87795,6.87795
6.87805,5.8203648223E-05,-1.21364104747772,6.87805,6.87805
6.87815,6.978278634E-06,-9.99656867980957,6.87815,6.87815
6.87825,5.0481168E-07,-9.9974365234375,6.87825,6.87825
6.87835,7.8811944E-08,-9.99771118164063,6.87835,6.87835
6.87845,-4.2941444E-08,-9.99797248840332,6.87845,6.87845
6.87855,-8.6757758E-08,-9.99811553955078,6.87855,6.87855
6.87865,-8.0865902E-08,-9.99792575836182,6.87865,6.87865
6.87875,-1.27150045E-07,-9.99805641174316,6.87875,6.87875
6.87885,-1.30588134E-07,-9.99821281433105,6.87885,6.87885
6.87895,-1.00840573E-07,-9.99815464019775,6.87895,6.87895
6.87905,-6.919473435E-06,-8.79444599151611,6.87905,6.87905
6.87915,2.0388939447E-05,-0.001678703352809,6.87915,6.87915
6.87925,4.4338794396E-05,-0.0012158252066,6.87925,6.87925
6.87935,4.9808611948E-05,-0.000740843825042,6.87935,6.87935
6.87945,5.1438499213E-05,-0.000495471991599,6.87945,6.87945
6.87955,5.2110164688E-05,-0.000130615953822,6.87955,6.87955
6.87965,5.2418952691E-05,-0.000189865473658,6.87965,6.87965
6.87975,5.2605937526E-05,-0.000411875284044,6.87975,6.87975
6.87985,5.2701081586E-05,-0.000109646403871,6.87985,6.87985
6.87995,5.2785977459E-05,-1.9927707399E-05,6.87995,6.87995
6.88005,5.830946975E-05,-1.19384956359863,6.88005,6.88005
6.88015,7.083368928E-06,-9.9964427947998,6.88015,6.88015
6.88025,4.65649805E-07,-9.99684238433838,6.88025,6.88025
6.88035,5.9484112E-08,-9.99723529815674,6.88035,6.88035
6.88045,-1.7721753E-08,-9.99757099151611,6.88045,6.88045
6.88055,-5.3410393E-08,-9.99769306182861,6.88055,6.88055
6.88065,-7.0931293E-08,-9.99762439727783,6.88065,6.88065
6.88075,-1.25504826E-07,-9.99746894836426,6.88075,6.88075
6.88085,-1.27853127E-07,-9.99767303466797,6.88085,6.88085
6.88095,-1.31825573E-07,-9.99795150756836,6.88095,6.88095
6.88105,-6.89472472E-06,-8.81446838378906,6.88105,6.88105
6.88115,2.027733899E-05,-0.001727608731017,6.88115,6.88115
6.88125,4.4348027586E-05,-0.001284292899072,6.88125,6.88125
6.88135,4.9842819863E-05,-0.000795660191216,6.88135,6.88135
6.88145,5.143247472E-05,-0.00049490906531,6.88145,6.88145
6.88155,5.2093157137E-05,-6.9044297561E-05,6.88155,6.88155
6.88165,5.241053077E-05,-0.000159677772899,6.88165,6.88165
6.88175,5.2603190852E-05,-0.000333626492647,6.88175,6.88175
6.88185,5.2716259233E-05,-0.000399842421757,6.88185,6.88185
6.88195,5.2802544815E-05,-0.000214142302866,6.88195,6.88195
6.88205,5.8344652643E-05,-1.17385506629944,6.88205,6.88205
6.88215,7.171676316E-06,-9.99654674530029,6.88215,6.88215
6.88225,5.08355242E-07,-9.99730682373047,6.88225,6.88225
6.88235,5.2418098E-08,-9.99758148193359,6.88235,6.88235
6.88245,-2.9793737E-08,-9.99753475189209,6.88245,6.88245
6.88255,-7.2449957E-08,-9.99759769439697,6.88255,6.88255
6.88265,-9.6889224E-08,-9.99806594848633,6.88265,6.88265
6.88275,-1.19591874E-07,-9.99797344207764,6.88275,6.88275
6.88285,-1.00369505E-07,-9.99796295166016,6.88285,6.88285
6.88295,-1.07526915E-07,-9.99797630310059,6.88295,6.88295
6.88305,-6.809292699E-06,-8.83446025848389,6.88305,6.88305
6.88315,2.0163874069E-05,-0.001857437076978,6.88315,6.88315
6.88325,4.4400589104E-05,-0.0012636751635,6.88325,6.88325
6.88335,4.9858997954E-05,-0.000618544931058,6.88335,6.88335
6.88345,5.147097545E-05,-0.000412508583395,6.88345,6.88345
6.88355,5.2125444199E-05,-0.000204150099307,6.88355,6.88355
6.88365,5.24912939E-05,-0.00051763781812,6.88365,6.88365
6.88375,5.2647301345E-05,-0.000314838340273,6.88375,6.88375
6.88385,5.2742612752E-05,-0.000374510069378,6.88385,6.88385
6.88395,5.2823754231E-05,-0.0002376450866,6.88395,6.88395
6.88405,5.8385820012E-05,-1.15408003330231,6.88405,6.88405
6.88415,7.257621746E-06,-9.99633598327637,6.88415,6.88415
6.88425,4.7468447E-07,-9.99666690826416,6.88425,6.88425
6.88435,6.0405156E-08,-9.99738502502441,6.88435,6.88435
6.88445,-3.8167492E-08,-9.99750995635986,6.88445,6.88445
6.88455,-8.0008135E-08,-9.99740695953369,6.88455,6.88455
6.88465,-7.0952389E-08,-9.99748802185059,6.88465,6.88465
6.88475,-1.15296018E-07,-9.99743366241455,6.88475,6.88475
6.88485,-1.22467497E-07,-9.99748039245605,6.88485,6.88485
6.88495,-1.02331114E-07,-9.99790287017822,6.88495,6.88495
6.88505,-6.787848633E-06,-8.85422706604004,6.88505,6.88505
6.88515,2.0082274204E-05,-0.001994161168113,6.88515,6.88515
6.88525,4.4366483053E-05,-0.001171352807432,6.88525,6.88525
6.88535,4.9861624575E-05,-0.000674346461892,6.88535,6.88535
6.88545,5.147779666E-05,-0.000501734728459,6.88545,6.88545
6.88555,5.2134724683E-05,-0.000562110100873,6.88555,6.88555
6.88565,5.2471201343E-05,-0.000482735456899,6.88565,6.88565
6.88575,5.2651914302E-05,-0.000221319802222,6.88575,6.88575
6.88585,5.2758157835E-05,-0.000475980166811,6.88585,6.88585
6.88595,5.2813815273E-05,-0.000326026784023,6.88595,6.88595
6.88605,5.8395809901E-05,-1.13419330120087,6.88605,6.88605
6.88615,7.305895451E-06,-9.99641609191895,6.88615,6.88615
6.88625,4.54526997E-07,-9.99689102172852,6.88625,6.88625
6.88635,4.348115E-09,-9.99762439727783,6.88635,6.88635
6.88645,-6.3717636E-08,-9.99734115600586,6.88645,6.88645
6.88655,-1.02626409E-07,-9.99731540679932,6.88655,6.88655
6.88665,-1.22460463E-07,-9.99749946594238,6.88665,6.88665
6.88675,-1.1596395E-07,-9.99740791320801,6.88675,6.88675
6.88685,-1.29392888E-07,-9.99746799468994,6.88685,6.88685
6.88695,-1.25996991E-07,-9.99756050109863,6.88695,6.88695
6.88705,-6.733725058E-06,-8.87396335601807,6.88705,6.88705
6.88715,1.9908991817E-05,-0.00184962619096,6.88715,6.88715
6.88725,4.4363529014E-05,-0.00124502775725,6.88725,6.88725
6.88735,4.9871905503E-05,-0.00052474491531,6.88735,6.88735
6.88745,5.1520732086E-05,-0.00041391592822,6.88745,6.88745
6.88755,5.2171370044E-05,-0.000583642628044,6.88755,6.88755
6.88765,5.2495688578E-05,-0.000424400699558,6.88765,6.88765
6.88775,5.2656709158E-05,-0.000405471830163,6.88775,6.88775
6.88785,5.2773997595E-05,-0.000206050026463,6.88785,6.88785
6.88795,5.2851970395E-05,-0.000169529244886,6.88795,6.88795
6.88805,5.8483718021E-05,-1.11380517482758,6.88805,6.88805
6.88815,7.404024927E-06,-9.9960412979126,6.88815,6.88815
6.88825,5.05845264E-07,-9.99681854248047,6.88825,6.88825
6.88835,7.1021752E-08,-9.99736404418945,6.88835,6.88835
6.88845,-3.4652061E-08,-9.99750232696533,6.88845,6.88845
6.88855,-8.0922149E-08,-9.99758911132813,6.88855,6.88855
6.88865,-9.0048204E-08,-9.99755573272705,6.88865,6.88865
6.88875,-6.2993458E-08,-9.99777603149414,6.88875,6.88875
6.88885,-1.14030463E-07,-9.99773979187012,6.88885,6.88885
6.88895,-1.36079237E-07,-9.99813270568848,6.88895,6.88895
6.88905,-6.691645467E-06,-8.89413833618164,6.88905,6.88905
6.88915,1.9815361156E-05,-0.001781439990737,6.88915,6.88915
6.88925,4.4324755436E-05,-0.000901422696188,6.88925,6.88925
6.88935,4.9830305215E-05,-0.000579561281484,6.88935,6.88935
6.88945,5.1491591876E-05,-0.000148770792293,6.88945,6.88945
6.88955,5.2197185141E-05,-8.2273407315E-05,6.88955,6.88955
6.88965,5.2498213336E-05,-4.35880906E-07,6.88965,6.88965
6.88975,5.2695842896E-05,0.000197437824681,6.88975,6.88975
6.88985,5.2809111367E-05,1.6804182451E-05,6.88985,6.88985
6.88995,5.2880837757E-05,-0.000139130439493,6.88995,6.88995
6.89005,5.8474266552E-05,-1.09361040592194,6.89005,6.89005
6.89015,7.48664479E-06,-9.99609279632568,6.89015,6.89015
6.89025,4.91917092E-07,-9.99687576293945,6.89025,6.89025
6.89035,5.2467314E-08,-9.99724102020264,6.89035,6.89035
6.89045,-8.1899437E-08,-9.99770545959473,6.89045,6.89045
6.89055,-1.12279778E-07,-9.99770355224609,6.89055,6.89055
6.89065,-1.069996E-07,-9.99783515930176,6.89065,6.89065
6.89075,-1.31825573E-07,-9.99805068969727,6.89075,6.89075
6.89085,-1.17644326E-07,-9.99785423278809,6.89085,6.89085
6.89095,-1.12525861E-07,-9.99806976318359,6.89095,6.89095
6.89105,-6.63522269E-06,-8.91421318054199,6.89105,6.89105
6.89115,1.9708275431E-05,-0.001557952491567,6.89115,6.89115
6.89125,4.4340216846E-05,-0.001071360427886,6.89125,6.89125
6.89135,4.9934085837E-05,-0.000589623872656,6.89135,6.89135
6.89145,5.1553841331E-05,-0.000711148721166,6.89145,6.89145
6.89155,5.2243907703E-05,-0.000543181202374,6.89155,6.89155
6.89165,5.2540384786E-05,-0.000588005408645,6.89165,6.89165
6.89175,5.2771563787E-05,-0.000485620519612,6.89175,6.89175
6.89185,5.2850551583E-05,-0.000303790642647,6.89185,6.89185
6.89195,5.2915500419E-05,-0.000200068781851,6.89195,6.89195
6.89205,5.8564601204E-05,-1.07393741607666,6.89205,6.89205
6.89215,7.602014193E-06,-9.99570846557617,6.89215,6.89215
6.89225,5.15822023E-07,-9.99678993225098,6.89225,6.89225
6.89235,9.3956416E-08,-9.99746036529541,6.89235,6.89235
6.89245,1.866221E-09,-9.99727439880371,6.89245,6.89245
6.89255,-1.8980277E-08,-9.99719715118408,6.89255,6.89255
6.89265,-5.6349293E-08,-9.99740028381348,6.89265,6.89265
6.89275,-4.2835982E-08,-9.99759292602539,6.89275,6.89275
6.89285,-1.04384121E-07,-9.99740505218506,6.89285,6.89285
6.89295,-9.5834601E-08,-9.99756050109863,6.89295,6.89295
6.89305,-6.548637884E-06,-8.934006690979,6.89305,6.89305
6.89315,1.9626189896E-05,-0.00190873502288,6.89315,6.89315
6.89325,4.4343134505E-05,-0.001339531387202,6.89325,6.89325
6.89335,4.9922997277E-05,-0.000760546769015,6.89335,6.89335
6.89345,5.1602826716E-05,-0.000646551256068,6.89345,6.89345
6.89355,5.2263952966E-05,-0.000567880284507,6.89355,6.89355
6.89365,5.2582934586E-05,-0.000308294169372,6.89365,6.89365
6.89375,5.2777842939E-05,-3.7871446693E-05,6.89375,6.89375
6.89385,5.2889296057E-05,-0.00010852052219,6.89385,6.89385
6.89395,5.2956049331E-05,-0.000180506584002,6.89395,6.89395
6.89405,5.8605462982E-05,-1.05377268791199,6.89405,6.89405
6.89415,7.733258826E-06,-9.99612712860107,6.89415,6.89415
6.89425,5.14619728E-07,-9.99648189544678,6.89425,6.89425
6.89435,3.9994571E-08,-9.99690246582031,6.89435,6.89435
6.89445,-5.9231944E-08,-9.99669933319092,6.89445,6.89445
6.89455,-5.2060468E-08,-9.99704170227051,6.89455,6.89455
6.89465,-8.6919471E-08,-9.99723815917969,6.89465,6.89465
6.89475,-1.0679571E-07,-9.99734497070313,6.89475,6.89475
6.89485,-1.0691523E-07,-9.99719619750977,6.89485,6.89485
6.89495,-1.03224032E-07,-9.99734592437744,6.89495,6.89495
6.89505,-6.502191809E-06,-8.95340919494629,6.89505,6.89505
6.89515,1.9432356567E-05,-0.001120265922509,6.89515,6.89515
6.89525,4.4358530431E-05,-0.000796223117504,6.89525,6.89525
6.89535,4.9930473324E-05,-0.000343970546965,6.89535,6.89535
6.89545,5.1594302931E-05,-0.000199294736376,6.89545,6.89545
6.89555,5.2239061915E-05,5.1636146964E-05,6.89555,6.89555
6.89565,5.2612485888E-05,0.000170135201188,6.89565,6.89565
6.89575,5.2759485698E-05,0.000147124985233,6.89575,6.89575
6.89585,5.2888579376E-05,-0.00012308661826,6.89585,6.89585
6.89595,5.2958705055E-05,0.000106733983557,6.89595,6.89595
6.89605,5.8648511185E-05,-1.03372728824616,6.89605,6.89605
6.89615,7.796480531E-06,-9.99601364135742,6.89615,6.89615
6.89625,5.32646879E-07,-9.99686241149902,6.89625,6.89625
6.89635,6.4911937E-08,-9.99735546112061,6.89635,6.89635
6.89645,-4.9719194E-08,-9.9975414276123,6.89645,6.89645
6.89655,-6.7289307E-08,-9.99780178070068,6.89655,6.89655
6.89665,-8.0732313E-08,-9.9976053237915,6.89665,6.89665
6.89675,-9.3148813E-08,-9.99771213531494,6.89675,6.89675
6.89685,-8.4318053E-08,-9.99759960174561,6.89685,6.89685
6.89695,-1.0708397E-07,-9.99782276153564,6.89695,6.89695
6.89705,-6.43078647E-06,-8.97419166564941,6.89705,6.89705
6.89715,1.9362103558E-05,-0.001709383563139,6.89715,6.89715
6.89725,4.4370168325E-05,-0.0009508911171,6.89725,6.89725
6.89735,4.9977563322E-05,-0.000244611466769,6.89735,6.89735
6.89745,5.1623173931E-05,-5.2789378969E-05,6.89745,6.89745
6.89755,5.2281604439E-05,-0.000222023474635,6.89755,6.89755
6.89765,5.2624818636E-05,-0.000174173503183,6.89765,6.89765
6.89775,5.2809005865E-05,-0.000152289168909,6.89775,6.89775
6.89785,5.2907562349E-05,-0.00010690207273,6.89785,6.89785
6.89795,5.2976844017E-05,-5.8700257796E-05,6.89795,6.89795
6.89805,5.8659235947E-05,-1.01385307312012,6.89805,6.89805
6.89815,7.881470083E-06,-9.99594402313232,6.89815,6.89815
6.89825,5.13712791E-07,-9.99705410003662,6.89825,6.89825
6.89835,6.2289423E-08,-9.99728775024414,6.89835,6.89835
6.89845,-9.214413E-09,-9.99754619598389,6.89845,6.89845
6.89855,-6.2402862E-08,-9.99784088134766,6.89855,6.89855
6.89865,-9.0223971E-08,-9.9976053237915,6.89865,6.89865
6.89875,-1.0135382E-07,-9.99777030944824,6.89875,6.89875
6.89885,-8.9541977E-08,-9.99789810180664,6.89885,6.89885
6.89895,-1.06444162E-07,-9.99801063537598,6.89895,6.89895
6.89905,-6.405320619E-06,-8.99420356750488,6.89905,6.89905
6.89915,1.9205273929E-05,-0.001584410667419,6.89915,6.89915
6.89925,4.4337430154E-05,-0.000918170204386,6.89925,6.89925
6.89935,4.9966842198E-05,-0.000128153085825,6.89935,6.89935
6.89945,5.1641087339E-05,-6.9325767981E-05,6.89945,6.89945
6.89955,5.2307070291E-05,0.000216718559386,6.89955,6.89955
6.89965,5.2659444918E-05,-9.8528325907E-05,6.89965,6.89965
6.89975,5.2829022025E-05,-0.000285635789623,6.89975,6.89975
6.89985,5.2930892707E-05,-0.000215549647692,6.89985,6.89985
6.89995,5.3006868256E-05,-0.000255940656643,6.89995,6.89995
6.90005,5.867580694E-05,-0.99405974149704,6.90005,6.90005
6.90015,7.947004633E-06,-9.99647235870361,6.90015,6.90015
6.90025,4.74909456E-07,-9.99699878692627,6.90025,6.90025
6.90035,1.9900375E-08,-9.99765872955322,6.90035,6.90035
6.90045,-8.0612786E-08,-9.99789237976074,6.90045,6.90045
6.90055,-7.6914553E-08,-9.99779319763184,6.90055,6.90055
6.90065,-9.0997368E-08,-9.99769687652588,6.90065,6.90065
6.90075,-9.9645327E-08,-9.99756336212158,6.90075,6.90075
6.90085,-1.37604928E-07,-9.99763107299805,6.90085,6.90085
6.90095,-1.2348697E-07,-9.99766063690186,6.90095,6.90095
6.90105,-6.357285656E-06,-9.01386547088623,6.90105,6.90105
6.90115,1.9069984774E-05,-0.001483362866566,6.90115,6.90115
6.90125,4.4321877795E-05,-0.001021258765832,6.90125,6.90125
6.90135,4.9986752856E-05,-0.000590186798945,6.90135,6.90135
6.90145,5.1670496759E-05,-0.000392031623051,6.90145,6.90145
6.90155,5.2337381931E-05,-0.000485761265736,6.90155,6.90155
6.90165,5.2639119531E-05,-0.000234197068494,6.90165,6.90165
6.90175,5.2845811297E-05,2.3207634513E-05,6.90175,6.90175
6.90185,5.2964034694E-05,-0.000197746645426,6.90185,6.90185
6.90195,5.3000869229E-05,-4.9130263506E-05,6.90195,6.90195
6.90205,5.8739478845E-05,-0.97382253408432,6.90205,6.90205
6.90215,8.078952305E-06,-9.99637889862061,6.90215,6.90215
6.90225,5.10253585E-07,-9.99677753448486,6.90225,6.90225
6.90235,7.2048259E-08,-9.99748992919922,6.90235,6.90235
6.90245,-3.2184229E-08,-9.99754810333252,6.90245,6.90245
6.90255,-8.4536005E-08,-9.99799346923828,6.90255,6.90255
6.90265,-8.660308E-08,-9.99768257141113,6.90265,6.90265
6.90275,-1.00172642E-07,-9.99756717681885,6.90275,6.90275
6.90285,-1.09151046E-07,-9.99773120880127,6.90285,6.90285
6.90295,-1.01677244E-07,-9.99801349639893,6.90295,6.90295
6.90305,-6.294085324E-06,-9.03433799743652,6.90305,6.90305
6.90315,1.8973865735E-05,-0.001783269573934,6.90315,6.90315
6.90325,4.4337739382E-05,-0.000905644788872,6.90325,6.90325
6.90335,5.0004753575E-05,-0.000378872879082,6.90335,6.90335
6.90345,5.1691225963E-05,-0.000251929712249,6.90345,6.90345
6.90355,5.2349692851E-05,1.6944917661E-05,6.90355,6.90355
6.90365,5.2688847063E-05,8.7171785708E-05,6.90365,6.90365
6.90375,5.2872575907E-05,0.000121581550047,6.90375,6.90375
6.90385,5.2986848459E-05,0.000368923676433,6.90385,6.90385
6.90395,5.3070052672E-05,0.000382575002732,6.90395,6.90395
6.90405,5.8766188886E-05,-0.953694343566894,6.90405,6.90405
6.90415,8.180955774E-06,-9.99636554718018,6.90415,6.90415
6.90425,5.22627886E-07,-9.99698543548584,6.90425,6.90425
6.90435,7.935332E-08,-9.99739551544189,6.90435,6.90435
6.90445,-2.0407541E-08,-9.9972505569458,6.90445,6.90445
6.90455,-4.7827893E-08,-9.99751567840576,6.90455,6.90455
6.90465,-6.5826889E-08,-9.99759674072266,6.90465,6.90465
6.90475,-5.1715958E-08,-9.99770545959473,6.90475,6.90475
6.90485,-7.9951889E-08,-9.9975471496582,6.90485,6.90485
6.90495,-9.3303491E-08,-9.99752712249756,6.90495,6.90495
6.90505,-6.223797755E-06,-9.05408573150635,6.90505,6.90505
6.90515,1.8885566533E-05,-0.001431572251022,6.90515,6.90515
6.90525,4.4365828217E-05,-0.000735003326554,6.90525,6.90525
6.90535,5.0006812671E-05,-0.000288239389192,6.90535,6.90535
6.90545,5.1719503972E-05,-0.000391116831452,6.90545,6.90545
6.90555,5.2384995797E-05,-0.00060960825067,6.90555,6.90555
6.90565,5.2712708566E-05,-1.7464841221E-05,6.90565,6.90565
6.90575,5.2946641517E-05,6.0643200413E-05,6.90575,6.90575
6.90585,5.3010509873E-05,5.2480558224E-05,6.90585,6.90585
6.90595,5.3073879826E-05,-9.7754280432E-05,6.90595,6.90595
6.90605,5.8791647461E-05,-0.933664500713348,6.90605,6.90605
6.90615,8.293020983E-06,-9.99633121490479,6.90615,6.90615
6.90625,5.31268824E-07,-9.99713802337646,6.90625,6.90625
6.90635,4.2560835E-08,-9.99752807617188,6.90635,6.90635
6.90645,-7.0755526E-08,-9.99776458740234,6.90645,6.90645
6.90655,-6.3710601E-08,-9.99800395965576,6.90655,6.90655
6.90665,-1.09200265E-07,-9.99763011932373,6.90665,6.90665
6.90675,-8.5808594E-08,-9.99802112579346,6.90675,6.90675
6.90685,-1.30946702E-07,-9.99801063537598,6.90685,6.90685
6.90695,-1.02380326E-07,-9.99782466888428,6.90695,6.90695
6.90705,-6.183665846E-06,-9.07395172119141,6.90705,6.90705
6.90715,1.877964678E-05,-0.001356771448627,6.90715,6.90715
6.90725,4.4417218305E-05,-0.000643947627395,6.90725,6.90725
6.90735,5.0090242439E-05,-0.00043446329073,6.90735,6.90735
6.90745,5.175005208E-05,0.000172809173819,6.90745,6.90745
6.90755,5.2421026339E-05,0.000298696802929,6.90755,6.90755
6.90765,5.2784031141E-05,0.000201237678993,6.90765,6.90765
6.90775,5.2968294767E-05,0.000235928906477,6.90775,6.90775
6.90785,5.3063296946E-05,2.6937117582E-05,6.90785,6.90785
6.90795,5.3163199482E-05,-0.000168332990143,6.90795,6.90795
6.90805,5.8879890275E-05,-0.913905620574951,6.90805,6.90805
6.90815,8.434172742E-06,-9.99668884277344,6.90815,6.90815
6.90825,5.59877378E-07,-9.99722957611084,6.90825,6.90825
6.90835,9.2894759E-08,-9.99789524078369,6.90835,6.90835
6.90845,-1.0430751E-08,-9.99778366088867,6.90845,6.90845
6.90855,-6.2163814E-08,-9.9976110458374,6.90855,6.90855
6.90865,-7.1078944E-08,-9.99800586700439,6.90865,6.90865
6.90875,-6.7739286E-08,-9.99797439575195,6.90875,6.90875
6.90885,-1.05902785E-07,-9.99790668487549,6.90885,6.90885
6.90895,-1.07351148E-07,-9.9976806640625,6.90895,6.90895
6.90905,-6.071614735E-06,-9.0938777923584,6.90905,6.90905
6.90915,1.864857586E-05,-0.001013236818835,6.90915,6.90915
6.90925,4.4367985538E-05,-0.000390976085328,6.90925,6.90925
6.90935,5.0055219617E-05,-0.000122945886687,6.90935,6.90935
6.90945,5.1758557674E-05,-9.550251707E-05,6.90945,6.90945
6.90955,5.2453637181E-05,0.00025133942836,6.90955,6.90955
6.90965,5.2759569371E-05,0.000187023426406,6.90965,6.90965
6.90975,5.2986801165E-05,0.00014642131282,6.90975,6.90975
6.90985,5.3102678066E-05,0.000482215546072,6.90985,6.90985
6.90995,5.3149684391E-05,0.000518032640684,6.90995,6.90995
6.91005,5.8844947489E-05,-0.893458068370819,6.91005,6.91005
6.91015,8.519428775E-06,-9.99638080596924,6.91015,6.91015
6.91025,5.43474414E-07,-9.99707889556885,6.91025,6.91025
6.91035,5.1426749E-08,-9.99759864807129,6.91035,6.91035
6.91045,-1.9226356E-08,-9.99752330780029,6.91045,6.91045
6.91055,-4.4994454E-08,-9.99794578552246,6.91055,6.91055
6.91065,-6.8308786E-08,-9.99776458740234,6.91065,6.91065
6.91075,-8.2925943E-08,-9.99778079986572,6.91075,6.91075
6.91085,-6.5812827E-08,-9.99805641174316,6.91085,6.91085
6.91095,-8.1793971E-08,-9.99776840209961,6.91095,6.91095
6.91105,-6.03350054E-06,-9.11403751373291,6.91105,6.91105
6.91115,1.8500324586E-05,-0.001024143770337,6.91115,6.91115
6.91125,4.4343349145E-05,-0.000676809344441,6.91125,6.91125
6.91135,5.0049020501E-05,-0.000158200055012,6.91135,6.91135
6.91145,5.1756134781E-05,-0.000186980410945,6.91145,6.91145
6.91155,5.2452673117E-05,9.1745685495E-05,6.91155,6.91155
6.91165,5.2795348893E-05,-0.000186628574738,6.91165,6.91165
6.91175,5.3003106586E-05,-7.4462601333E-05,6.91175,6.91175
6.91185,5.3082083468E-05,0.00014423992252,6.91185,6.91185
6.91195,5.3146712162E-05,0.000291660049697,6.91195,6.91195
6.91205,5.884244456E-05,-0.873593807220459,6.91205,6.91205
6.91215,8.633869584E-06,-9.99632167816162,6.91215,6.91215
6.91225,5.52347331E-07,-9.99705696105957,6.91225,6.91225
6.91235,7.3341937E-08,-9.99738693237305,6.91235,6.91235
6.91245,-3.4413013E-08,-9.99748134613037,6.91245,6.91245
6.91255,-8.8972477E-08,-9.99758815765381,6.91255,6.91255
6.91265,-9.3633936E-08,-9.99779987335205,6.91265,6.91265
6.91275,-9.414719E-08,-9.99794483184814,6.91275,6.91275
6.91285,-9.5026053E-08,-9.99820041656494,6.91285,6.91285
6.91295,-1.02246744E-07,-9.99810314178467,6.91295,6.91295
6.91305,-5.985683856E-06,-9.13426208496094,6.91305,6.91305
6.91315,1.8350650862E-05,-0.001758429803886,6.91315,6.91315
6.91325,4.4347991206E-05,-0.001323276548646,6.91325,6.91325
6.91335,5.0132293836E-05,-0.000538185122423,6.91335,6.91335
6.91345,5.1827642892E-05,-0.000201616872801,6.91345,6.91345
6.91355,5.2495441196E-05,-0.000141030352097,6.91355,6.91355
6.91365,5.2846182371E-05,7.584260311E-05,6.91365,6.91365
6.91375,5.3031279094E-05,0.000177383059054,6.91375,6.91375
6.91385,5.3124927945E-05,-0.000128645653604,6.91385,6.91385
6.91395,5.3190393373E-05,0.000113067071652,6.91395,6.91395
6.91405,5.8884044847E-05,-0.853537619113922,6.91405,6.91405
6.91415,8.769382475E-06,-9.9960298538208,6.91415,6.91415
6.91425,5.48353796E-07,-9.99691486358643,6.91425,6.91425
6.91435,5.6889725E-08,-9.99747562408447,6.91435,6.91435
6.91445,-1.9598993E-08,-9.99764633178711,6.91445,6.91445
6.91455,-5.3761937E-08,-9.99782752990723,6.91455,6.91455
6.91465,-8.2103327E-08,-9.9975528717041,6.91465,6.91465
6.91475,-9.979297E-08,-9.99747467041016,6.91475,6.91475
6.91485,-1.10564251E-07,-9.99770259857178,6.91485,6.91485
6.91495,-1.10571278E-07,-9.99771499633789,6.91495,6.91495
6.91505,-5.903282272E-06,-9.1539478302002,6.91505,6.91505
6.91515,1.8246264517E-05,-0.001340235117823,6.91515,6.91515
6.91525,4.4366039219E-05,-0.000759843096603,6.91525,6.91525
6.91535,5.0113190809E-05,-0.000123156991322,6.91535,6.91535
6.91545,5.1807804994E-05,-0.000233634127653,6.91545,6.91545
6.91555,5.2507712098E-05,3.882924284E-05,6.91555,6.91555
6.91565,5.2828268963E-05,8.1823847722E-05,6.91565,6.91565
6.91575,5.3039300838E-05,0.000117500225315,6.91575,6.91575
6.91585,5.31527985E-05,8.3090468252E-05,6.91585,6.91585
6.91595,5.3224564908E-05,3.5733068216E-05,6.91595,6.91595
6.91605,5.893742491E-05,-0.833857715129852,6.91605,6.91605
6.91615,8.857640751E-06,-9.99649524688721,6.91615,6.91615
6.91625,5.39136352E-07,-9.99682140350342,6.91625,6.91625
6.91635,8.1343053E-08,-9.99750995635986,6.91635,6.91635
6.91645,-5.8732756E-08,-9.99768447875977,6.91645,6.91645
6.91655,-9.7648559E-08,-9.99733924865723,6.91655,6.91655
6.91665,-8.3706368E-08,-9.99731159210205,6.91665,6.91665
6.91675,-4.8854396E-08,-9.99739742279053,6.91675,6.91675
6.91685,-1.02802183E-07,-9.99746227264404,6.91685,6.91685
6.91695,-1.12940675E-07,-9.99778366088867,6.91695,6.91695
6.91705,-5.822335879E-06,-9.17387199401855,6.91705,6.91705
6.91715,1.815937685E-05,-0.001385692623444,6.91715,6.91715
6.91725,4.4389264076E-05,-0.000653447292279,6.91725,6.91725
6.91735,5.0189417379E-05,-0.000286198745016,6.91735,6.91735
6.91745,5.1891322073E-05,-0.0001363860938,6.91745,6.91745
6.91755,5.2547260566E-05,-9.3391492555E-05,6.91755,6.91755
6.91765,5.2901883464E-05,6.3669009251E-05,6.91765,6.91765
6.91775,5.3105199186E-05,8.0346129835E-05,6.91775,6.91775
6.91785,5.3221687267E-05,5.367680933E-05,6.91785,6.91785
6.91795,5.3289662901E-05,0.000171964755282,6.91795,6.91795
6.91805,5.8948469814E-05,-0.813816845417023,6.91805,6.91805
6.91815,8.994792552E-06,-9.99643230438232,6.91815,6.91815
6.91825,5.254754E-07,-9.99720668792725,6.91825,6.91825
6.91835,4.5429424E-08,-9.99746608734131,6.91835,6.91835
6.91845,-7.4397512E-08,-9.99763774871826,6.91845,6.91845
6.91855,-6.8793916E-08,-9.99761199951172,6.91855,6.91855
6.91865,-6.1812273E-08,-9.99771499633789,6.91865,6.91865
6.91875,-8.7355382E-08,-9.9978141784668,6.91875,6.91875
6.91885,-5.6532095E-08,-9.99804019927979,6.91885,6.91885
6.91895,-6.3422334E-08,-9.99804782867432,6.91895,6.91895
6.91905,-5.746311217E-06,-9.19379615783691,6.91905,6.91905
6.91915,1.8014590751E-05,-0.001397443935275,6.91915,6.91915
6.91925,4.4393545977E-05,-0.000686871877406,6.91925,6.91925
6.91935,5.0179856771E-05,-0.000191835773876,6.91935,6.91935
6.91945,5.1898114179E-05,-0.000347629655153,6.91945,6.91945
6.91955,5.2587060054E-05,-5.7644745539E-05,6.91955,6.91955
6.91965,5.2898121794E-05,-7.4814437539E-05,6.91965,6.91965
6.91975,5.3066629334E-05,3.8547772419E-05,6.91975,6.91975
6.91985,5.3197600209E-05,6.9790992711E-05,6.91985,6.91985
6.91995,5.3299503634E-05,0.000318118283758,6.91995,6.91995
6.92005,5.8958354202E-05,-0.793630182743072,6.92005,6.92005
6.92015,9.068595318E-06,-9.99572277069092,6.92015,6.92015
6.92025,5.92725542E-07,-9.99657154083252,6.92025,6.92025
6.92035,1.0199269E-07,-9.99711036682129,6.92035,6.92035
6.92045,7.125304E-09,-9.9972095489502,6.92045,6.92045
6.92055,-4.4319492E-08,-9.99745941162109,6.92055,6.92055
6.92065,-4.3138307E-08,-9.99742603302002,6.92065,6.92065
6.92075,-4.5803006E-08,-9.99736785888672,6.92075,6.92075
6.92085,-8.7017902E-08,-9.99738216400146,6.92085,6.92085
6.92095,-9.3127717E-08,-9.99757099151611,6.92095,6.92095
6.92105,-5.691344086E-06,-9.21380519866943,6.92105,6.92105
6.92115,1.787641304E-05,-0.000957646407187,6.92115,6.92115
6.92125,4.4388405513E-05,-0.000755832123104,6.92125,6.92125
6.92135,5.0208120228E-05,-0.000176636371179,6.92135,6.92135
6.92145,5.1923980209E-05,-2.1123956685E-05,6.92145,6.92145
6.92155,5.2593662986E-05,0.000358790741302,6.92155,6.92155
6.92165,5.292493006E-05,0.000353513169102,6.92165,6.92165
6.92175,5.3170468163E-05,0.000492911436595,6.92175,6.92175
6.92185,5.3285373724E-05,0.000816180196125,6.92185,6.92185
6.92195,5.3329858929E-05,0.000758126901928,6.92195,6.92195
6.92205,5.8993609855E-05,-0.773561060428619,6.92205,6.92205
6.92215,9.225369467E-06,-9.99659156799316,6.92215,6.92215
6.92225,5.80555138E-07,-9.99700260162354,6.92225,6.92225
6.92235,7.8277601E-08,-9.99771022796631,6.92235,6.92235
6.92245,-2.4140927E-08,-9.99779510498047,6.92245,6.92245
6.92255,-2.2432427E-08,-9.9979887008667,6.92255,6.92255
6.92265,-5.8163256E-08,-9.9979133605957,6.92265,6.92265
6.92275,-7.3167108E-08,-9.99768543243408,6.92275,6.92275
6.92285,-7.8805854E-08,-9.99776363372803,6.92285,6.92285
6.92295,-8.7566306E-08,-9.99785614013672,6.92295,6.92295
6.92305,-5.647668331E-06,-9.23400402069092,6.92305,6.92305
6.92315,1.7731352273E-05,-0.001347623765469,6.92315,6.92315
6.92325,4.4414220611E-05,-0.000668576278258,6.92325,6.92325
6.92335,5.022323603E-05,-0.000128575295093,6.92335,6.92335
6.92345,5.1940918638E-05,0.000130096028442,6.92345,6.92345
6.92355,5.2619318012E-05,0.000311714829877,6.92355,6.92355
6.92365,5.2993662393E-05,9.5123330539E-05,6.92365,6.92365
6.92375,5.3142273828E-05,0.00028441217728,6.92375,6.92375
6.92385,5.3271727666E-05,0.000433802633779,6.92385,6.92385
6.92395,5.3351035604E-05,0.000452801876236,6.92395,6.92395
6.92405,5.8942670876E-05,-0.753587543964386,6.92405,6.92405
6.92415,9.345920262E-06,-9.99631500244141,6.92415,6.92415
6.92425,5.55384702E-07,-9.99706745147705,6.92425,6.92425
6.92435,6.5889225E-08,-9.99775791168213,6.92435,6.92435
6.92445,-2.2840219E-08,-9.9977445602417,6.92445,6.92445
6.92455,-3.0574164E-08,-9.99782466888428,6.92455,6.92455
6.92465,-7.9459724E-08,-9.9979248046875,6.92465,6.92465
6.92475,-8.8417039E-08,-9.9978199005127,6.92475,6.92475
6.92485,-1.06521505E-07,-9.99781036376953,6.92485,6.92485
6.92495,-1.23704922E-07,-9.99791812896729,6.92495,6.92495
6.92505,-5.562573733E-06,-9.25409698486328,6.92505,6.92505
6.92515,1.7600999854E-05,-0.001790869282559,6.92515,6.92515
6.92525,4.4355612772E-05,-0.000900367216673,6.92525,6.92525
6.92535,5.0226339226E-05,-0.000346363027347,6.92535,6.92535
6.92545,5.1947732572E-05,-0.000438685325207,6.92545,6.92545
6.92555,5.2609433624E-05,-0.000268606818281,6.92555,6.92555
6.92565,5.2964729548E-05,-0.000276769482298,6.92565,6.92565
6.92575,5.3174484492E-05,-3.8434387534E-05,6.92575,6.92575
6.92585,5.3273055528E-05,0.000110885674076,6.92585,6.92585
6.92595,5.3303898312E-05,3.1159175705E-05,6.92595,6.92595
6.92605,5.8941390307E-05,-0.734080731868744,6.92605,6.92605
6.92615,9.461135051E-06,-9.99672889709473,6.92615,6.92615
6.92625,5.26593283E-07,-9.9970588684082,6.92625,6.92625
6.92635,5.2375913E-08,-9.99773979187012,6.92635,6.92635
6.92645,-3.5411393E-08,-9.99775409698486,6.92645,6.92645
6.92655,-6.4336348E-08,-9.99792003631592,6.92655,6.92655
6.92665,-8.5112539E-08,-9.9978723526001,6.92665,6.92665
6.92675,-1.04897374E-07,-9.99808692932129,6.92675,6.92675
6.92685,-1.09685388E-07,-9.99782752990723,6.92685,6.92685
6.92695,-9.918832E-08,-9.9978141784668,6.92695,6.92695
6.92705,-5.506446541E-06,-9.27408218383789,6.92705,6.92705
6.92715,1.7459791707E-05,-0.001553308218718,6.92715,6.92715
6.92725,4.4370932301E-05,-0.000885730725713,6.92725,6.92725
6.92735,5.0214857765E-05,-0.000197113346076,6.92735,6.92735
6.92745,5.1923110732E-05,-0.000225823328947,6.92745,6.92745
6.92755,5.2620966017E-05,2.510755985E-05,6.92755,6.92755
6.92765,5.2978484746E-05,-0.00024883353035,6.92765,6.92765
6.92775,5.3171977925E-05,0.000233606784604,6.92775,6.92775
6.92785,5.3274448874E-05,6.155797746E-05,6.92785,6.92785
6.92795,5.3372332331E-05,0.000146491685882,6.92795,6.92795
6.92805,5.8910216467E-05,-0.713804364204407,6.92805,6.92805
6.92815,9.576124285E-06,-9.99612903594971,6.92815,6.92815
6.92825,5.51580968E-07,-9.99690246582031,6.92825,6.92825
6.92835,7.69558E-08,-9.99758815765381,6.92835,6.92835
6.92845,-5.9379595E-08,-9.9977560043335,6.92845,6.92845
6.92855,-5.5175139E-08,-9.9978141784668,6.92855,6.92855
6.92865,-9.0688012E-08,-9.99820899963379,6.92865,6.92865
6.92875,-9.5862724E-08,-9.99804496765137,6.92875,6.92875
6.92885,-9.7064998E-08,-9.99795436859131,6.92885,6.92885
6.92895,-8.9605258E-08,-9.99795913696289,6.92895,6.92895
6.92905,-5.411747679E-06,-9.29401302337646,6.92905,6.92905
6.92915,1.7309992472E-05,-0.001372604165226,6.92915,6.92915
6.92925,4.437998723E-05,-0.000827607116662,6.92925,6.92925
6.92935,5.0222632126E-05,-0.000149544837768,6.92935,6.92935
6.92945,5.1961869758E-05,-9.4447001175E-05,6.92945,6.92945
6.92955,5.266262815E-05,0.000220588772208,6.92955,6.92955
6.92965,5.2993564168E-05,7.1057605965E-05,6.92965,6.92965
6.92975,5.3206826124E-05,5.7898865634E-05,6.92975,6.92975
6.92985,5.3318159189E-05,0.000260627944954,6.92985,6.92985
6.92995,5.3385716456E-05,8.01350252E-05,6.92995,6.92995
6.93005,5.8954192355E-05,-0.693754076957703,6.93005,6.93005
6.93015,9.751418474E-06,-9.99634838104248,6.93015,6.93015
6.93025,5.24687948E-07,-9.9968729019165,6.93025,6.93025
6.93035,5.5757756E-08,-9.99723434448242,6.93035,6.93035
6.93045,-3.5418424E-08,-9.99769687652588,6.93045,6.93045
6.93055,-8.2539245E-08,-9.99796390533447,6.93055,6.93055
6.93065,-8.6089827E-08,-9.99813842773438,6.93065,6.93065
6.93075,-6.8744697E-08,-9.99824619293213,6.93075,6.93075
6.93085,-7.916443E-08,-9.99822330474854,6.93085,6.93085
6.93095,-9.0744258E-08,-9.998046875,6.93095,6.93095
6.93105,-5.347316801E-06,-9.31398487091064,6.93105,6.93105
6.93115,1.7224905605E-05,-0.001196755561978,6.93115,6.93115
6.93125,4.4395041186E-05,-0.000552469748072,6.93125,6.93125
6.93135,5.0264749007E-05,-0.000208653626032,6.93135,6.93135
6.93145,5.2012055676E-05,-4.165363862E-06,6.93145,6.93145
6.93155,5.2683510148E-05,-0.000112390742288,6.93155,6.93155
6.93165,5.302720092E-05,0.000198493347852,6.93165,6.93165
6.93175,5.3236446547E-05,0.000293208140647,6.93175,6.93175
6.93185,5.3336661949E-05,0.000123551842989,6.93185,6.93185
6.93195,5.3422656492E-05,0.000333036208758,6.93195,6.93195
6.93205,5.8969842939E-05,-0.673714697360992,6.93205,6.93205
6.93215,9.842066902E-06,-9.99657726287842,6.93215,6.93215
6.93225,5.63631886E-07,-9.99703979492188,6.93225,6.93225
6.93235,6.0623108E-08,-9.99759674072266,6.93235,6.93235
6.93245,-4.9325465E-08,-9.99779224395752,6.93245,6.93245
6.93255,-9.2523067E-08,-9.9980001449585,6.93255,6.93255
6.93265,-8.6293724E-08,-9.99819374084473,6.93265,6.93265
6.93275,-1.04855189E-07,-9.99807357788086,6.93275,6.93275
6.93285,-1.12877402E-07,-9.99800491333008,6.93285,6.93285
6.93295,-1.04257566E-07,-9.99808311462402,6.93295,6.93295
6.93305,-5.298016731E-06,-9.33427238464355,6.93305,6.93305
6.93315,1.7036505596E-05,-0.001153901685029,6.93315,6.93315
6.93325,4.4373406126E-05,-0.000842313922476,6.93325,6.93325
6.93335,5.0293812819E-05,-0.000379787641577,6.93335,6.93335
6.93345,5.2072598919E-05,-0.000232226782828,6.93345,6.93345
6.93355,5.2713876357E-05,-0.00011407956481,6.93355,6.93355
6.93365,5.3083265811E-05,-6.9888708822E-05,6.93365,6.93365
6.93375,5.3287370974E-05,-0.000465776858618,6.93375,6.93375
6.93385,5.3384424973E-05,-0.000203164949198,6.93385,6.93385
6.93395,5.3444131481E-05,-5.5111511756E-05,6.93395,6.93395
6.93405,5.89576739E-05,-0.654127478599548,6.93405,6.93405
6.93415,1.004263595E-05,-9.99673652648926,6.93415,6.93415
6.93425,5.77285789E-07,-9.99729824066162,6.93425,6.93425
6.93435,8.3227327E-08,-9.99776458740234,6.93435,6.93435
6.93445,-1.445313E-09,-9.99762344360352,6.93445,6.93445
6.93455,-6.0054553E-08,-9.99752902984619,6.93455,6.93455
6.93465,-6.8463464E-08,-9.99754047393799,6.93465,6.93465
6.93475,-6.2452081E-08,-9.99754238128662,6.93475,6.93475
6.93485,-5.0612112E-08,-9.99797534942627,6.93485,6.93485
6.93495,-8.9766964E-08,-9.99804306030273,6.93495,6.93495
6.93505,-5.188939667E-06,-9.35385036468506,6.93505,6.93505
6.93515,1.691966645E-05,-0.0013742930023,6.93515,6.93515
6.93525,4.440124394E-05,-0.00087200908456,6.93525,6.93525
6.93535,5.0301168812E-05,-0.00025101492065,6.93535,6.93535
6.93545,5.2061695897E-05,9.7304728115E-05,6.93545,6.93545
6.93555,5.2754661738E-05,0.000240010223933,6.93555,6.93555
6.93565,5.310481356E-05,-5.1804232498E-05,6.93565,6.93565
6.93575,5.3312869568E-05,-8.739258192E-06,6.93575,6.93575
6.93585,5.3405481594E-05,7.5138930697E-05,6.93585,6.93585
6.93595,5.3482341173E-05,0.000465256947791,6.93595,6.93595
6.93605,5.8928017097E-05,-0.633626520633697,6.93605,6.93605
6.93615,1.0168699191E-05,-9.9963903427124,6.93615,6.93615
6.93625,5.66908227E-07,-9.99758529663086,6.93625,6.93625
6.93635,6.4300252E-08,-9.9980583190918,6.93635,6.93635
6.93645,-4.823568E-08,-9.9980297088623,6.93645,6.93645
6.93655,-7.4446724E-08,-9.99801445007324,6.93655,6.93655
6.93665,-7.3230389E-08,-9.99819469451904,6.93665,6.93665
6.93675,-9.1088765E-08,-9.99816036224365,6.93675,6.93675
6.93685,-9.8759436E-08,-9.99844074249268,6.93685,6.93685
6.93695,-1.02556101E-07,-9.99826431274414,6.93695,6.93695
6.93705,-5.110615803E-06,-9.37456607818604,6.93705,6.93705
6.93715,1.6790003428E-05,-0.001856170361862,6.93715,6.93715
6.93725,4.4415261073E-05,-0.001066645840183,6.93725,6.93725
6.93735,5.0364418712E-05,-0.000614393269643,6.93735,6.93735
6.93745,5.2130912081E-05,-0.000429115345469,6.93745,6.93745
6.93755,5.2818701079E-05,-0.000218364351895,6.93755,6.93755
6.93765,5.316550596E-05,-0.00015496314154,6.93765,6.93765
6.93775,5.3359210142E-05,-0.000395338895032,6.93775,6.93775
6.93785,5.3473337175E-05,-0.000270999327768,6.93785,6.93785
6.93795,5.3505515098E-05,-1.0920653949E-05,6.93795,6.93795
6.93805,5.8898109273E-05,-0.613721072673798,6.93805,6.93805
6.93815,1.0318041859E-05,-9.99667930603027,6.93815,6.93815
6.93825,5.54147221E-07,-9.99748802185059,6.93825,6.93825
6.93835,6.2978451E-08,-9.99809646606445,6.93835,6.93835
6.93845,-3.578403E-08,-9.99810218811035,6.93845,6.93845
6.93855,-3.0131218E-08,-9.9982328414917,6.93855,6.93855
6.93865,-6.6811211E-08,-9.99834251403809,6.93865,6.93865
6.93875,-7.0200088E-08,-9.99829864501953,6.93875,6.93875
6.93885,-8.4318053E-08,-9.99823188781738,6.93885,6.93885
6.93895,-8.3980567E-08,-9.99823188781738,6.93895,6.93895
6.93905,-5.004421837E-06,-9.39405822753906,6.93905,6.93905
6.93915,1.6637561203E-05,-0.001503347186372,6.93915,6.93915
6.93925,4.4392923883E-05,-0.000708263658453,6.93925,6.93925
6.93935,5.0294671382E-05,-0.00022547149274,6.93935,6.93935
6.93945,5.2080060414E-05,-0.000193524596398,6.93945,6.93945
6.93955,5.2787960158E-05,-0.000286128371954,6.93955,6.93955
6.93965,5.3135525377E-05,5.796923142E-05,6.93965,6.93965
6.93975,5.3324543842E-05,0.000106804349343,6.93975,6.93975
6.93985,5.3467600083E-05,-1.8379620087E-05,6.93985,6.93985
6.93995,5.3533098253E-05,0.000100893470517,6.93995,6.93995
6.94005,5.8859626733E-05,-0.593662321567535,6.94005,6.94005
6.94015,1.0413668861E-05,-9.99645709991455,6.94015,6.94015
6.94025,5.48276489E-07,-9.99710559844971,6.94025,6.94025
6.94035,5.9723163E-08,-9.99764347076416,6.94035,6.94035
6.94045,-3.4898143E-08,-9.99742984771729,6.94045,6.94045
6.94055,-5.2412013E-08,-9.99773502349854,6.94055,6.94055
6.94065,-6.5004279E-08,-9.9980411529541,6.94065,6.94065
6.94075,-7.3385067E-08,-9.99788665771484,6.94075,6.94075
6.94085,-8.7193669E-08,-9.99803924560547,6.94085,6.94085
6.94095,-1.06774614E-07,-9.99801826477051,6.94095,6.94095
6.94105,-4.941425232E-06,-9.41399097442627,6.94105,6.94105
6.94115,1.6463329302E-05,-0.001451275194995,6.94115,6.94115
6.94125,4.4355838327E-05,-0.001012040651403,6.94125,6.94125
6.94135,5.0361624744E-05,-0.000566965492908,6.94135,6.94135
6.94145,5.2168506954E-05,-0.000403571903007,6.94145,6.94145
6.94155,5.2839215641E-05,-0.000102539277577,6.94155,6.94155
6.94165,5.3177322116E-05,-0.00028648020816,6.94165,6.94165
6.94175,5.3390947869E-05,6.7961431341E-05,6.94175,6.94175
6.94185,5.3507534176E-05,0.000189556652913,6.94185,6.94185
6.94195,5.3549116274E-05,0.000244935974479,6.94195,6.94195
6.94205,5.8862420701E-05,-0.573945999145508,6.94205,6.94205
6.94215,1.0633559214E-05,-9.99598979949951,6.94215,6.94215
6.94225,6.00107967E-07,-9.99647521972656,6.94225,6.94225
6.94235,9.3991567E-08,-9.99685573577881,6.94235,6.94235
6.94245,-2.570251E-09,-9.99740028381348,6.94245,6.94245
6.94255,-6.5454259E-08,-9.99730777740479,6.94255,6.94255
6.94265,-7.0312581E-08,-9.99764728546143,6.94265,6.94265
6.94275,-5.426816E-08,-9.99785041809082,6.94275,6.94275
6.94285,-6.7331499E-08,-9.99761581420898,6.94285,6.94285
6.94295,-9.6924381E-08,-9.99766159057617,6.94295,6.94295
6.94305,-4.86318595E-06,-9.43379497528076,6.94305,6.94305
6.94315,1.6364398107E-05,-0.001193237141706,6.94315,6.94315
6.94325,4.4394499128E-05,-0.000610593415331,6.94325,6.94325
6.94335,5.0378745073E-05,-0.000275221391348,6.94335,6.94335
6.94345,5.2158593462E-05,-0.000237856191234,6.94345,6.94345
6.94355,5.2858817071E-05,0.000193426880287,6.94355,6.94355
6.94365,5.322398647E-05,0.000249650591286,6.94365,6.94365
6.94375,5.3418101743E-05,0.000388485874282,6.94375,6.94375
6.94385,5.352192602E-05,7.084650133E-05,6.94385,6.94385
6.94395,5.3575502534E-05,0.000457164656837,6.94395,6.94395
6.94405,5.8858095144E-05,-0.553743898868561,6.94405,6.94405
6.94415,1.0817963812E-05,-9.99620246887207,6.94415,6.94415
6.94425,6.13649377E-07,-9.99691963195801,6.94425,6.94425
6.94435,6.6887608E-08,-9.99718189239502,6.94435,6.94435
6.94445,-2.274955E-09,-9.99751567840576,6.94445,6.94445
6.94455,-4.0874372E-08,-9.99790382385254,6.94455,6.94455
6.94465,-5.352992E-08,-9.99776840209961,6.94465,6.94465
6.94475,-4.5753787E-08,-9.99776077270508,6.94475,6.94475
6.94485,-3.4799708E-08,-9.99803352355957,6.94485,6.94485
6.94495,-9.1391094E-08,-9.99772644042969,6.94495,6.94495
6.94505,-4.777360118E-06,-9.45370197296143,6.94505,6.94505
6.94515,1.6209811292E-05,-0.000994096859358,6.94515,6.94515
6.94525,4.4404623623E-05,-0.000458669732325,6.94525,6.94525
6.94535,5.0445854868E-05,0.000261894543655,6.94535,6.94535
6.94545,5.2173934819E-05,0.000263864843873,6.94545,6.94545
6.94555,5.2865405451E-05,0.000255842955085,6.94555,6.94555
6.94565,5.3210445913E-05,0.0001686574833,6.94565,6.94565
6.94575,5.3412448324E-05,0.000235858547967,6.94575,6.94575
6.94585,5.3509160352E-05,8.2527527411E-05,6.94585,6.94585
6.94595,5.3576753999E-05,0.000350557733327,6.94595,6.94595
6.94605,5.8799403632E-05,-0.533837854862213,6.94605,6.94605
6.94615,1.0942831977E-05,-9.99650192260742,6.94615,6.94615
6.94625,5.94574658E-07,-9.99705600738525,6.94625,6.94625
6.94635,7.3932526E-08,-9.9976921081543,6.94635,6.94635
6.94645,-9.790943E-09,-9.99761295318604,6.94645,6.94645
6.94655,-6.649482E-08,-9.99780654907227,6.94655,6.94655
6.94665,-6.649482E-08,-9.99788951873779,6.94665,6.94665
6.94675,-8.0254217E-08,-9.99811363220215,6.94675,6.94675
6.94685,-1.01318669E-07,-9.99803256988525,6.94685,6.94685
6.94695,-1.1730684E-07,-9.99799060821533,6.94695,6.94695
6.94705,-4.706383606E-06,-9.47402572631836,6.94705,6.94705
6.94715,1.6058091205E-05,-0.001905075856484,6.94715,6.94715
6.94725,4.4401371269E-05,-0.001407788018696,6.94725,6.94725
6.94735,5.0431419368E-05,-0.000594268087298,6.94735,6.94735
6.94745,5.2218434575E-05,-0.000483016920043,6.94745,6.94745
6.94755,5.2895891713E-05,-6.1514961999E-05,6.94755,6.94755
6.94765,5.3220803238E-05,4.7889796E-07,6.94765,6.94765
6.94775,5.3407373343E-05,-0.000286691298243,6.94775,6.94775
6.94785,5.351373693E-05,-0.000253337057075,6.94785,6.94785
6.94795,5.3601066611E-05,-0.000139552634209,6.94795,6.94795
6.94805,5.8744612033E-05,-0.513875782489777,6.94805,6.94805
6.94815,1.1139372873E-05,-9.9960823059082,6.94815,6.94815
6.94825,6.25194048E-07,-9.99690246582031,6.94825,6.94825
6.94835,1.12145251E-07,-9.99740028381348,6.94835,6.94835
6.94845,-1.2413453E-08,-9.99734401702881,6.94845,6.94845
6.94855,-1.2525947E-08,-9.99756908416748,6.94855,6.94855
6.94865,-6.2859868E-08,-9.9975414276123,6.94865,6.94865
6.94875,-9.0898936E-08,-9.99779796600342,6.94875,6.94875
6.94885,-9.9279717E-08,-9.99766063690186,6.94885,6.94885
6.94895,-1.15007751E-07,-9.99777698516846,6.94895,6.94895
6.94905,-4.636876838E-06,-9.49376487731934,6.94905,6.94905
6.94915,1.5858871848E-05,-0.001543386373669,6.94915,6.94915
6.94925,4.4388631068E-05,-0.000905011489522,6.94925,6.94925
6.94935,5.0450544222E-05,-0.000252914847806,6.94935,6.94935
6.94945,5.2235020121E-05,-0.000414901092881,6.94945,6.94945
6.94955,5.2910418162E-05,-0.000408990192227,6.94955,6.94955
6.94965,5.3278097766E-05,-0.000398927630158,6.94965,6.94965
6.94975,5.347287879E-05,-3.006064253E-05,6.94975,6.94975
6.94985,5.3588129958E-05,-0.000330108130584,6.94985,6.94985
6.94995,5.367301128E-05,-4.939407518E-06,6.94995,6.94995
6.95005,5.8737481595E-05,-0.49405962228775,6.95005,6.95005
6.95015,1.128995973E-05,-9.99634838104248,6.95015,6.95015
6.95025,6.0982461E-07,-9.99700450897217,6.95025,6.95025
6.95035,9.1790909E-08,-9.99768257141113,6.95035,6.95035
6.95045,-2.6404864E-08,-9.99758911132813,6.95045,6.95045
6.95055,-6.7106505E-08,-9.99744987487793,6.95055,6.95055
6.95065,-7.817308E-08,-9.99750137329102,6.95065,6.95065
6.95075,-7.3877224E-08,-9.99773693084717,6.95075,6.95075
6.95085,-1.3545349E-07,-9.99759197235107,6.95085,6.95085
6.95095,-1.20323079E-07,-9.9975757598877,6.95095,6.95095
6.95105,-4.529213129E-06,-9.51347541809082,6.95105,6.95105
6.95115,1.5730229279E-05,-0.001304417965002,6.95115,6.95115
6.95125,4.4379270548E-05,-0.000925629166886,6.95125,6.95125
6.95135,5.0439710321E-05,-0.000307801587041,6.95135,6.95135
6.95145,5.222150503E-05,-0.000152992855874,6.95145,6.95145
6.95155,5.2941395552E-05,0.000164927987498,6.95155,6.95155
6.95165,5.3274547099E-05,0.000153739543748,6.95165,6.95165
6.95175,5.3462626965E-05,0.000229455094086,6.95175,6.95175
6.95185,5.3588039009E-05,-2.534601299E-05,6.95185,6.95185
6.95195,5.3641739214E-05,6.0291364207E-05,6.95195,6.95195
6.95205,5.864630657E-05,-0.473643749952316,6.95205,6.95205
6.95215,1.1418828763E-05,-9.99644184112549,6.95215,6.95215
6.95225,5.64960715E-07,-9.99671936035156,6.95225,6.95225
6.95235,3.9755523E-08,-9.99744033813477,6.95235,6.95235
6.95245,-7.9501909E-08,-9.9974889755249,6.95245,6.95245
6.95255,-7.3638176E-08,-9.99748992919922,6.95255,6.95255
6.95265,-9.9567984E-08,-9.99732780456543,6.95265,6.95265
6.95275,-1.05375477E-07,-9.99750900268555,6.95275,6.95275
6.95285,-7.9642533E-08,-9.99749374389648,6.95285,6.95285
6.95295,-1.10894696E-07,-9.99766731262207,6.95295,6.95295
6.95305,-4.435041774E-06,-9.53367042541504,6.95305,6.95305
6.95315,1.5573012206E-05,-0.001332494663075,6.95315,6.95315
6.95325,4.4352091209E-05,-0.000840484397486,6.95325,6.95325
6.95335,5.0416580052E-05,-0.000268395728199,6.95335,6.95335
6.95345,5.220566527E-05,5.1706516388E-05,6.95345,6.95345
6.95355,5.2893094107E-05,0.000352176197339,6.95355,6.95355
6.95365,5.3244060837E-05,1.2863596567E-05,6.95365,6.95365
6.95375,5.3462339565E-05,0.000232691993006,6.95375,6.95375
6.95385,5.3576542996E-05,0.000201730246772,6.95385,6.95385
6.95395,5.3661369748E-05,0.000260064989561,6.95395,6.95395
6.95405,5.8612717112E-05,-0.453664898872375,6.95405,6.95405
6.95415,1.1606116459E-05,-9.99607753753662,6.95415,6.95415
6.95425,5.60200817E-07,-9.99647808074951,6.95425,6.95425
6.95435,6.3273745E-08,-9.99731731414795,6.95435,6.95435
6.95445,-5.265106E-08,-9.99738311767578,6.95445,6.95445
6.95455,-7.5719313E-08,-9.99719715118408,6.95455,6.95455
6.95465,-1.16645943E-07,-9.99759578704834,6.95465,6.95465
6.95475,-1.22558887E-07,-9.99759292602539,6.95475,6.95475
6.95485,-1.36255011E-07,-9.99775218963623,6.95485,6.95485
6.95495,-1.41837504E-07,-9.99748611450195,6.95495,6.95495
6.95505,-4.355874353E-06,-9.55371189117432,6.95505,6.95505
6.95515,1.5411589629E-05,-0.001491666189395,6.95515,6.95515
6.95525,4.4373744458E-05,-0.001036035944708,6.95525,6.95525
6.95535,5.047286686E-05,-0.000506941927597,6.95535,6.95535
6.95545,5.2265688282E-05,-0.000629451940767,6.95545,6.95545
6.95555,5.2967570809E-05,-0.000333556119585,6.95555,6.95555
6.95565,5.3324401961E-05,-7.5518117228E-05,6.95565,6.95565
6.95575,5.3530948207E-05,0.000104974795249,6.95575,6.95575
6.95585,5.3642659623E-05,0.000131644119392,6.95585,6.95585
6.95595,5.3699357522E-05,-5.291245543E-06,6.95595,6.95595
6.95605,5.8595422161E-05,-0.433910399675369,6.95605,6.95605
6.95615,1.1815101971E-05,-9.99601936340332,6.95615,6.95615
6.95625,5.80070036E-07,-9.99678039550781,6.95625,6.95625
6.95635,3.4018342E-08,-9.99728202819824,6.95635,6.95635
6.95645,-3.6550393E-08,-9.99757385253906,6.95645,6.95645
6.95655,-6.5995629E-08,-9.99749755859375,6.95655,6.95655
6.95665,-9.873834E-08,-9.99749279022217,6.95665,6.95665
6.95675,-1.22924504E-07,-9.99794673919678,6.95675,6.95675
6.95685,-6.7331499E-08,-9.99788951873779,6.95685,6.95685
6.95695,-9.585569E-08,-9.99781608581543,6.95695,6.95695
6.95705,-4.222393727E-06,-9.5737133026123,6.95705,6.95705
6.95715,1.5283741959E-05,-0.00147224473767,6.95715,6.95715
6.95725,4.4397649617E-05,-0.000720015028492,6.95725,6.95725
6.95735,5.0500970247E-05,-0.000268677191343,6.95735,6.95735
6.95745,5.229315866E-05,-0.000396886985982,6.95745,6.95745
6.95755,5.3012499848E-05,-0.000455292087281,6.95755,6.95755
6.95765,5.3364645282E-05,-0.000211960912566,6.95765,6.95765
6.95775,5.3551575547E-05,-0.000263118155999,6.95775,6.95775
6.95785,5.3678602853E-05,3.8407037209E-05,6.95785,6.95785
6.95795,5.3759464208E-05,-7.0099813456E-05,6.95795,6.95795
6.95805,5.851691094E-05,-0.414226114749908,6.95805,6.95805
6.95815,1.2015608263E-05,-9.99653720855713,6.95815,6.95815
6.95825,6.34151377E-07,-9.99716091156006,6.95825,6.95825
6.95835,1.0732208E-07,-9.99771690368652,6.95835,6.95835
6.95845,-1.0592461E-08,-9.99766731262207,6.95845,6.95845
6.95855,-7.2871813E-08,-9.99815464019775,6.95855,6.95855
6.95865,-7.033367E-08,-9.99821090698242,6.95865,6.95865
6.95875,-1.12385244E-07,-9.99784660339355,6.95875,6.95875
6.95885,-1.21813628E-07,-9.99803352355957,6.95885,6.95885
6.95895,-8.6729635E-08,-9.99814605712891,6.95895,6.95895
6.95905,-4.140540113E-06,-9.59415626525879,6.95905,6.95905
6.95915,1.5096508832E-05,-0.001693832338788,6.95915,6.95915
6.95925,4.4378077291E-05,-0.001219202880748,6.95925,6.95925
6.95935,5.0517435739E-05,-0.000795730564278,6.95935,6.95935
6.95945,5.2338884416E-05,-0.000396394403651,6.95945,6.95945
6.95955,5.3031399148E-05,-0.000431226362707,6.95955,6.95955
6.95965,5.3374489653E-05,-0.000489983300213,6.95965,6.95965
6.95975,5.3594281781E-05,-0.00060707499506,6.95975,6.95975
6.95985,5.3702478908E-05,-0.000447551661637,6.95985,6.95985
6.95995,5.3778989241E-05,-0.000302031432511,6.95995,6.95995
6.96005,5.8458947024E-05,-0.394376456737518,6.96005,6.96005
6.96015,1.2215951756E-05,-9.99639320373535,6.96015,6.96015
6.96025,5.76364755E-07,-9.99715518951416,6.96025,6.96025
6.96035,8.4999101E-08,-9.99771022796631,6.96035,6.96035
6.96045,-2.1223121E-08,-9.99753761291504,6.96045,6.96045
6.96055,-7.4713896E-08,-9.99765491485596,6.96055,6.96055
6.96065,-7.9382389E-08,-9.99785423278809,6.96065,6.96065
6.96075,-7.8039491E-08,-9.99805927276611,6.96075,6.96075
6.96085,-1.08075326E-07,-9.99806308746338,6.96085,6.96085
6.96095,-9.3050382E-08,-9.99817848205566,6.96095,6.96095
6.96105,-4.030563559E-06,-9.61430644989014,6.96105,6.96105
6.96115,1.4926383301E-05,-0.001847867039032,6.96115,6.96115
6.96125,4.4376291044E-05,-0.001094933599234,6.96125,6.96125
6.96135,5.0526286941E-05,-0.000726066646166,6.96135,6.96135
6.96145,5.2306015277E-05,-0.000684549740981,6.96145,6.96145
6.96155,5.3025007219E-05,-0.000752806314267,6.96155,6.96155
6.96165,5.3362073231E-05,-0.000519537716173,6.96165,6.96165
6.96175,5.3545853007E-05,-0.000193946805666,6.96175,6.96175
6.96185,5.3716259572E-05,9.908157153E-06,6.96185,6.96185
6.96195,5.3772982938E-05,-3.7097404856E-05,6.96195,6.96195
6.96205,5.8381570852E-05,-0.373933672904968,6.96205,6.96205
6.96215,1.2418293409E-05,-9.99632835388184,6.96215,6.96215
6.96225,5.7414303E-07,-9.99695587158203,6.96225,6.96225
6.96235,7.3489581E-08,-9.99726390838623,6.96235,6.96235
6.96245,-5.6278985E-08,-9.99732780456543,6.96245,6.96245
6.96255,-8.3010313E-08,-9.9977970123291,6.96255,6.96255
6.96265,-1.20709785E-07,-9.9977331161499,6.96265,6.96265
6.96275,-1.16765463E-07,-9.99785423278809,6.96275,6.96275
6.96285,-1.2584934E-07,-9.99796581268311,6.96285,6.96285
6.96295,-1.12842244E-07,-9.99807834625244,6.96295,6.96295
6.96305,-3.946945526E-06,-9.63400936126709,6.96305,6.96305
6.96315,1.4750042283E-05,-0.00184223765973,6.96315,6.96315
6.96325,4.437923053E-05,-0.001103588845581,6.96325,6.96325
6.96335,5.0547754654E-05,-0.000625229848083,6.96335,6.96335
6.96345,5.2328530728E-05,-0.000336300465278,6.96345,6.96345
6.96355,5.3050283896E-05,-0.000139552634209,6.96355,6.96355
6.96365,5.3451763961E-05,-0.000350022164639,6.96365,6.96365
6.96375,5.3629639297E-05,6.9228051871E-05,6.96375,6.96375
6.96385,5.3735588153E-05,0.000150643376401,6.96385,6.96385
6.96395,5.3810443205E-05,-5.7081804698E-05,6.96395,6.96395
6.96405,5.8298272052E-05,-0.353952378034592,6.96405,6.96405
6.96415,1.2574279936E-05,-9.99625873565674,6.96415,6.96415
6.96425,5.75211686E-07,-9.99703598022461,6.96425,6.96425
6.96435,7.0965505E-08,-9.99750995635986,6.96435,6.96435
6.96445,-1.222362E-08,-9.99748802185059,6.96445,6.96445
6.96455,-7.2386683E-08,-9.99774837493896,6.96455,6.96455
6.96465,-7.1395334E-08,-9.99779510498047,6.96465,6.96465
6.96475,-8.8895142E-08,-9.99800872802734,6.96475,6.96475
6.96485,-7.0678183E-08,-9.99814033508301,6.96485,6.96485
6.96495,-1.14853073E-07,-9.99777603149414,6.96495,6.96495
6.96505,-3.79015728E-06,-9.65373134613037,6.96505,6.96505
6.96515,1.4618790374E-05,-0.00147752230987,6.96515,6.96515
6.96525,4.4391141273E-05,-0.001127654570155,6.96525,6.96525
6.96535,5.059403702E-05,-0.000621218932793,6.96535,6.96535
6.96545,5.2401792345E-05,-0.0004669027403,6.96545,6.96545
6.96555,5.3107392887E-05,-0.000235956264078,6.96555,6.96555
6.96565,5.3470081184E-05,-0.000233211918385,6.96565,6.96565
6.96575,5.3664505685E-05,9.2238260549E-05,6.96575,6.96575
6.96585,5.3784991906E-05,-8.9732377091E-05,6.96585,6.96585
6.96595,5.386086923E-05,-0.000239404267631,6.96595,6.96595
6.96605,5.8284997067E-05,-0.334046304225922,6.96605,6.96605
6.96615,1.2850332496E-05,-9.99679756164551,6.96615,6.96615
6.96625,6.30382829E-07,-9.99732685089111,6.96625,6.96625
6.96635,9.6832039E-08,-9.99750232696533,6.96635,6.96635
6.96645,-3.4616907E-08,-9.99784374237061,6.96645,6.96645
6.96655,-7.5142779E-08,-9.99790477752686,6.96655,6.96655
6.96665,-9.739545E-08,-9.99784564971924,6.96665,6.96665
6.96675,-1.40403216E-07,-9.99789333343506,6.96675,6.96675
6.96685,-1.12708662E-07,-9.99778938293457,6.96685,6.96685
6.96695,-1.26918025E-07,-9.99808692932129,6.96695,6.96695
6.96705,-3.725424222E-06,-9.6740608215332,6.96705,6.96705
6.96715,1.438012805E-05,-0.00166434829589,6.96715,6.96715
6.96725,4.4371481636E-05,-0.00093970267335,6.96725,6.96725
6.96735,5.0546444982E-05,-0.000502930954099,6.96735,6.96735
6.96745,5.2347957535E-05,-0.000183602765901,6.96745,6.96745
6.96755,5.3073759773E-05,2.167720595E-06,6.96755,6.96755
6.96765,5.343205703E-05,0.000322621810483,6.96765,6.96765
6.96775,5.3630988987E-05,0.000231003170484,6.96775,6.96775
6.96785,5.375600449E-05,6.6202243033E-05,6.96785,6.96785
6.96795,5.3811992984E-05,1.1596979675E-05,6.96795,6.96795
6.96805,5.811662777E-05,-0.313951283693314,6.96805,6.96805
6.96815,1.3008097994E-05,-9.99657344818115,6.96815,6.96815
6.96825,5.95080905E-07,-9.99737548828125,6.96825,6.96825
6.96835,6.2183965E-08,-9.99780559539795,6.96835,6.96835
6.96845,-3.2873253E-08,-9.997878074646,6.96845,6.96845
6.96855,-5.837418E-08,-9.99792766571045,6.96855,6.96855
6.96865,-8.4050882E-08,-9.99821662902832,6.96865,6.96865
6.96875,-1.02591251E-07,-9.9983959197998,6.96875,6.96875
6.96885,-1.15738963E-07,-9.99819564819336,6.96885,6.96885
6.96895,-1.02563128E-07,-9.99811744689941,6.96895,6.96895
6.96905,-3.61363368E-06,-9.69422626495361,6.96905,6.96905
6.96915,1.4239820302E-05,-0.001501236227341,6.96915,6.96915
6.96925,4.4368829549E-05,-0.000888404727448,6.96925,6.96925
6.96935,5.0591079344E-05,-0.000286409835098,6.96935,6.96935
6.96945,5.2459323342E-05,-0.000305831286823,6.96945,6.96945
6.96955,5.31438709E-05,-0.000126182800159,6.96955,6.96955
6.96965,5.3480907809E-05,9.274848708E-06,6.96965,6.96965
6.96975,5.3689163906E-05,0.000107719133666,6.96975,6.96975
6.96985,5.3803560149E-05,-0.000222093847697,6.96985,6.96985
6.96995,5.3872205172E-05,8.7734726549E-05,6.96995,6.96995
6.97005,5.801950465E-05,-0.293995946645737,6.97005,6.97005
6.97015,1.3276423488E-05,-9.99643802642822,6.97015,6.97015
6.97025,5.91839694E-07,-9.99676132202148,6.97025,6.97025
6.97035,7.2596663E-08,-9.99749660491943,6.97035,6.97035
6.97045,-1.0451844E-08,-9.99753284454346,6.97045,6.97045
6.97055,-5.9224913E-08,-9.99777984619141,6.97055,6.97055
6.97065,-6.0891225E-08,-9.99806976318359,6.97065,6.97065
6.97075,-9.9982806E-08,-9.99767112731934,6.97075,6.97075
6.97085,-9.6790792E-08,-9.99781036376953,6.97085,6.97085
6.97095,-8.432508E-08,-9.99804306030273,6.97095,6.97095
6.97105,-3.489658411E-06,-9.71382331848145,6.97105,6.97105
6.97115,1.4039356756E-05,-0.001572588924319,6.97115,6.97115
6.97125,4.4377378799E-05,-0.001070516067557,6.97125,6.97125
6.97135,5.0624494179E-05,-0.000665198662318,6.97135,6.97135
6.97145,5.2418490668E-05,-0.000255377730355,6.97145,6.97145
6.97155,5.3144503909E-05,-0.000128856758238,6.97155,6.97155
6.97165,5.351341315E-05,-0.000232015678193,6.97165,6.97165
6.97175,5.3696996474E-05,-0.000293798424536,6.97175,6.97175
6.97185,5.3812807892E-05,-5.0396880397E-05,6.97185,6.97185
6.97195,5.3905212553E-05,-1.4368666598E-05,6.97195,6.97195
6.97205,5.7927623857E-05,-0.274113923311233,6.97205,6.97205
6.97215,1.3509658856E-05,-9.9965353012085,6.97215,6.97215
6.97225,5.91755281E-07,-9.99737548828125,6.97225,6.97225
6.97235,6.4096355E-08,-9.99802017211914,6.97235,6.97235
6.97245,-6.2923149E-08,-9.99783515930176,6.97245,6.97245
6.97255,-1.07477703E-07,-9.99781894683838,6.97255,6.97255
6.97265,-1.01403039E-07,-9.99773693084717,6.97265,6.97265
6.97275,-1.07294902E-07,-9.99792766571045,6.97275,6.97275
6.97285,-1.18642703E-07,-9.99808406829834,6.97285,6.97285
6.97295,-1.21061319E-07,-9.99780464172363,6.97295,6.97295
6.97305,-3.37775532E-06,-9.73408031463623,6.97305,6.97305
6.97315,1.3838779523E-05,-0.001951377722435,6.97315,6.97315
6.97325,4.4317286665E-05,-0.001327287522145,6.97325,6.97325
6.97335,5.0605609431E-05,-0.001012251712382,6.97335,6.97335
6.97345,5.2462241001E-05,-0.000693556794431,6.97345,6.97345
6.97355,5.3166826547E-05,-0.000468098995043,6.97355,6.97355
6.97365,5.3517356719E-05,-0.000421093427576,6.97365,6.97365
6.97375,5.3735304391E-05,-0.000518622924574,6.97375,6.97375
6.97385,5.3841056797E-05,-0.000413704838138,6.97385,6.97385
6.97395,5.3891068092E-05,-0.000249607575824,6.97395,6.97395
6.97405,5.7779914641E-05,-0.254286170005798,6.97405,6.97405
6.97415,1.372852239E-05,-9.996262550354,6.97415,6.97415
6.97425,5.5641118E-07,-9.99723339080811,6.97425,6.97425
6.97435,5.2031403E-08,-9.99763011932373,6.97435,6.97435
6.97445,-4.6541246E-08,-9.99776458740234,6.97445,6.97445
6.97455,-6.1910704E-08,-9.99800109863281,6.97455,6.97455
6.97465,-9.3458169E-08,-9.99804210662842,6.97465,6.97465
6.97475,-9.9061765E-08,-9.99783420562744,6.97475,6.97475
6.97485,-1.21279271E-07,-9.99802780151367,6.97485,6.97485
6.97495,-1.03357621E-07,-9.99794673919678,6.97495,6.97495
6.97505,-3.231604751E-06,-9.75392818450928,6.97505,6.97505
6.97515,1.3646830666E-05,-0.001672159065492,6.97515,6.97515
6.97525,4.4356056605E-05,-0.001115832827054,6.97525,6.97525
6.97535,5.0628706958E-05,-0.000726629572455,6.97535,6.97535
6.97545,5.2460069128E-05,-0.000560562009923,6.97545,6.97545
6.97555,5.3180101531E-05,-0.000237011772697,6.97555,6.97555
6.97565,5.3550120356E-05,-0.000230115751037,6.97565,6.97565
6.97575,5.3743580793E-05,-0.000156440859428,6.97575,6.97575
6.97585,5.389922444E-05,-0.000245455885306,6.97585,6.97585
6.97595,5.3955282056E-05,-0.000412367837271,6.97595,6.97595
6.97605,5.7682544139E-05,-0.234464526176453,6.97605,6.97605
6.97615,1.3981231859E-05,-9.9967737197876,6.97615,6.97615
6.97625,5.89013268E-07,-9.99739360809326,6.97625,6.97625
6.97635,6.7900054E-08,-9.99808120727539,6.97635,6.97635
6.97645,-3.4356766E-08,-9.9977970123291,6.97645,6.97645
6.97655,-8.7524121E-08,-9.99802684783936,6.97655,6.97655
6.97665,-1.11562628E-07,-9.99828433990479,6.97665,6.97665
6.97675,-1.32191175E-07,-9.99801349639893,6.97675,6.97675
6.97685,-1.55069586E-07,-9.99805641174316,6.97685,6.97685
6.97695,-1.5524536E-07,-9.99806213378906,6.97695,6.97695
6.97705,-3.134311783E-06,-9.77414417266846,6.97705,6.97705
6.97715,1.3446015146E-05,-0.002221448579803,6.97715,6.97715
6.97725,4.4343083573E-05,-0.001139124506153,6.97725,6.97725
6.97735,5.065617006E-05,-0.000512571306899,6.97735,6.97735
6.97745,5.2546613006E-05,-0.000525237468537,6.97745,6.97745
6.97755,5.3238323744E-05,-1.9012928533E-05,6.97755,6.97755
6.97765,5.359224815E-05,-1.7394473616E-05,6.97765,6.97765
6.97775,5.3765888879E-05,-4.7371075198E-05,6.97775,6.97775
6.97785,5.390790102E-05,-3.5690052755E-05,6.97785,6.97785
6.97795,5.3999967349E-05,-6.3977829996E-05,6.97795,6.97795
6.97805,5.7588596974E-05,-0.21419732272625,6.97805,6.97805
6.97815,1.4297951566E-05,-9.99650859832764,6.97815,6.97815
6.97825,5.98821316E-07,-9.99743175506592,6.97825,6.97825
6.97835,4.5464578E-08,-9.99777126312256,6.97835,6.97835
6.97845,-5.3944738E-08,-9.99782180786133,6.97845,6.97845
6.97855,-1.02443607E-07,-9.99827480316162,6.97855,6.97855
6.97865,-1.24928292E-07,-9.99787330627441,6.97865,6.97865
6.97875,-1.27747668E-07,-9.99820613861084,6.97875,6.97875
6.97885,-9.9202381E-08,-9.99813556671143,6.97885,6.97885
6.97895,-1.234026E-07,-9.99831485748291,6.97895,6.97895
6.97905,-2.995375098E-06,-9.79413795471191,6.97905,6.97905
6.97915,1.3263113942E-05,-0.001874606707133,6.97915,6.97915
6.97925,4.4329746743E-05,-0.001078115776181,6.97925,6.97925
6.97935,5.0669837947E-05,-0.000427004299127,6.97935,6.97935
6.97945,5.2505540225E-05,-0.000731836771592,6.97945,6.97945
6.97955,5.3184950957E-05,-0.000466410157969,6.97955,6.97955
6.97965,5.3554915212E-05,-0.000187543351785,6.97965,6.97965
6.97975,5.3781153838E-05,-0.000426159909694,6.97975,6.97975
6.97985,5.3895757446E-05,-0.000445440615295,6.97985,6.97985
6.97995,5.3977961215E-05,-0.000611719267908,6.97995,6.97995
6.98005,5.7434128394E-05,-0.19472548365593,6.98005,6.98005
6.98015,1.4546400962E-05,-9.99654388427734,6.98015,6.98015
6.98025,5.98062002E-07,-9.99700450897217,6.98025,6.98025
6.98035,5.7845924E-08,-9.99761867523193,6.98035,6.98035
6.98045,-6.8350971E-08,-9.99731349945068,6.98045,6.98045
6.98055,-7.5023252E-08,-9.99743270874023,6.98055,6.98055
6.98065,-9.3633936E-08,-9.99782752990723,6.98065,6.98065
6.98075,-1.03891963E-07,-9.99808597564697,6.98075,6.98075
6.98085,-1.18213826E-07,-9.99792003631592,6.98085,6.98085
6.98095,-1.20365272E-07,-9.99803638458252,6.98095,6.98095
6.98105,-2.818091843E-06,-9.81387710571289,6.98105,6.98105
6.98115,1.3031848539E-05,-0.001713887089863,6.98115,6.98115
6.98125,4.4324846385E-05,-0.001296044210903,6.98125,6.98125
6.98135,5.0667265896E-05,-0.000782290357165,6.98135,6.98135
6.98145,5.2552379202E-05,-0.000691164284945,6.98145,6.98145
6.98155,5.3270989156E-05,-0.000630437047221,6.98155,6.98155
6.98165,5.3612813645E-05,-0.000228286196943,6.98165,6.98165
6.98175,5.3806023061E-05,-0.000467887904961,6.98175,6.98175
6.98185,5.3918156482E-05,-0.000320256658597,6.98185,6.98185
6.98195,5.3992742323E-05,-0.000401390512707,6.98195,6.98195
6.98205,5.7276778534E-05,-0.174371927976608,6.98205,6.98205
6.98215,1.4829814972E-05,-9.99623489379883,6.98215,6.98215
6.98225,5.99650946E-07,-9.9968843460083,6.98225,6.98225
6.98235,7.7237033E-08,-9.99751853942871,6.98235,6.98235
6.98245,-2.6749376E-08,-9.9975414276123,6.98245,6.98245
6.98255,-4.6140485E-08,-9.99762725830078,6.98255,6.98255
6.98265,-7.3989717E-08,-9.99768924713135,6.98265,6.98265
6.98275,-1.00763231E-07,-9.9976053237915,6.98275,6.98275
6.98285,-8.9668532E-08,-9.99767398834229,6.98285,6.98285
6.98295,-1.20316045E-07,-9.99747848510742,6.98295,6.98295
6.98305,-2.667596391E-06,-9.83351421356201,6.98305,6.98305
6.98315,1.2862355106E-05,-0.001309132669121,6.98315,6.98315
6.98325,4.4349093514E-05,-0.000557465828024,6.98325,6.98325
6.98335,5.0729471695E-05,5.9376583522E-05,6.98335,6.98335
6.98345,5.2592811699E-05,-0.000262273737462,6.98345,6.98345
6.98355,5.3352439863E-05,-0.000172695785295,6.98355,6.98355
6.98365,5.3683623264E-05,0.000122285229736,6.98365,6.98365
6.98375,5.3879346524E-05,0.000555960810743,6.98375,6.98375
6.98385,5.4001255194E-05,7.445290976E-06,6.98385,6.98385
6.98395,5.4079770052E-05,0.000315796147333,6.98395,6.98395
6.98405,5.7143170125E-05,-0.15413998067379,6.98405,6.98405
6.98415,1.5174425243E-05,-9.99613952636719,6.98415,6.98415
6.98425,6.44121144E-07,-9.99698066711426,6.98425,6.98425
6.98435,7.2013101E-08,-9.99752140045166,6.98435,6.98435
6.98445,-4.7307608E-08,-9.99780559539795,6.98445,6.98445
6.98455,-6.4188704E-08,-9.99788093566895,6.98455,6.98455
6.98465,-5.0886314E-08,-9.9977388381958,6.98465,6.98465
6.98475,-1.03786498E-07,-9.99766826629639,6.98475,6.98475
6.98485,-8.0071409E-08,-9.99777698516846,6.98485,6.98485
6.98495,-8.5541423E-08,-9.99761867523193,6.98495,6.98495
6.98505,-2.491388841E-06,-9.85347747802734,6.98505,6.98505
6.98515,1.2635483472E-05,-0.001568226143718,6.98515,6.98515
6.98525,4.4370797696E-05,-0.001088811666705,6.98525,6.98525
6.98535,5.0743310567E-05,-0.000535370432772,6.98535,6.98535
6.98545,5.2575389418E-05,-0.000595393998083,6.98545,6.98545
6.98555,5.3293599194E-05,-8.7410240667E-05,6.98555,6.98555
6.98565,5.3664316511E-05,0.000131433014758,6.98565,6.98565
6.98575,5.3892916185E-05,0.000121159340779,6.98575,6.98575
6.98585,5.3975207265E-05,0.000177242327482,6.98585,6.98585
6.98595,5.4053278291E-05,0.000139173454954,6.98595,6.98595
6.98605,5.6926768593E-05,-0.134143114089966,6.98605,6.98605
6.98615,1.5487010387E-05,-9.99632167816162,6.98615,6.98615
6.98625,6.24399604E-07,-9.99669647216797,6.98625,6.98625
6.98635,1.07659559E-07,-9.99734592437744,6.98635,6.98635
6.98645,-1.9451344E-08,-9.99747467041016,6.98645,6.98645
6.98655,-7.2949149E-08,-9.99746036529541,6.98655,6.98655
6.98665,-9.4737786E-08,-9.9972448348999,6.98665,6.98665
6.98675,-1.02563128E-07,-9.99760150909424,6.98675,6.98675
6.98685,-1.01761614E-07,-9.99773693084717,6.98685,6.98685
6.98695,-1.16610785E-07,-9.99783134460449,6.98695,6.98695
6.98705,-2.306906254E-06,-9.87362670898438,6.98705,6.98705
6.98715,1.2426076864E-05,-0.001541204983369,6.98715,6.98715
6.98725,4.4372551201E-05,-0.000942517421208,6.98725,6.98725
6.98735,5.0756330893E-05,-0.000286409835098,6.98735,6.98735
6.98745,5.2631890867E-05,-0.000166433062986,6.98745,6.98745
6.98755,5.3367049986E-05,-0.000290702271741,6.98755,6.98755
6.98765,5.3698564443E-05,0.000222418326302,6.98765,6.98765
6.98775,5.3917370678E-05,0.000137343886308,6.98775,6.98775
6.98785,5.4017440561E-05,0.000181112540304,6.98785,6.98785
6.98795,5.40797555E-05,8.01350252E-05,6.98795,6.98795
6.98805,5.6704804592E-05,-0.114136904478073,6.98805,6.98805
6.98815,1.5809066099E-05,-9.99602031707764,6.98815,6.98815
6.98825,6.1862022E-07,-9.99694633483887,6.98825,6.98825
6.98835,1.06112772E-07,-9.99742221832275,6.98835,6.98835
6.98845,2.3907965E-08,-9.99755859375,6.98845,6.98845
6.98855,-3.3752112E-08,-9.99770069122314,6.98855,6.98855
6.98865,-7.9368327E-08,-9.99763011932373,6.98865,6.98865
6.98875,-8.6265601E-08,-9.99754810333252,6.98875,6.98875
6.98885,-8.2736108E-08,-9.99760055541992,6.98885,6.98885
6.98895,-1.10606436E-07,-9.99779891967773,6.98895,6.98895
6.98905,-2.149028205E-06,-9.89339065551758,6.98905,6.98905
6.98915,1.2178456927E-05,-0.001592080807313,6.98915,6.98915
6.98925,4.4349180826E-05,-0.001024917815812,6.98925,6.98925
6.98935,5.0750291848E-05,-0.000736903224606,6.98935,6.98935
6.98945,5.2617182519E-05,-0.000260725646513,6.98945,6.98945
6.98955,5.3372921684E-05,-6.4962972829E-05,6.98955,6.98955
6.98965,5.3754774854E-05,-0.000166644167621,6.98965,6.98965
6.98975,5.392975072E-05,-0.000106339131889,6.98975,6.98975
6.98985,5.40266592E-05,-8.598522982E-06,6.98985,6.98985
6.98995,5.4100986745E-05,-0.00021751994791,6.98995,6.98995
6.99005,5.6474269513E-05,-0.094379015266895,6.99005,6.99005
6.99015,1.6157900973E-05,-9.9960994720459,6.99015,6.99015
6.99025,6.06674803E-07,-9.99654865264893,6.99025,6.99025
6.99035,3.8714955E-08,-9.99729061126709,6.99035,6.99035
6.99045,-6.9904793E-08,-9.99730205535889,6.99045,6.99045
6.99055,-7.6872368E-08,-9.99744510650635,6.99055,6.99055
6.99065,-1.01712395E-07,-9.99766635894775,6.99065,6.99065
6.99075,-1.11646997E-07,-9.99758815765381,6.99075,6.99075
6.99085,-1.32170072E-07,-9.99729919433594,6.99085,6.99085
6.99095,-1.15556162E-07,-9.99750137329102,6.99095,6.99095
6.99105,-1.947390274E-06,-9.91346740722656,6.99105,6.99105
6.99115,1.189950035E-05,-0.002158188261092,6.99115,6.99115
6.99125,4.4328306103E-05,-0.001341853523627,6.99125,6.99125
6.99135,5.0751965318E-05,-0.000669139262754,6.99135,6.99135
6.99145,5.26344229E-05,-0.000518130371347,6.99145,6.99145
6.99155,5.3365653002E-05,-0.000199224363314,6.99155,6.99155
6.99165,5.3725223552E-05,-0.000164955345099,6.99165,6.99165
6.99175,5.394974869E-05,-0.000248129857937,6.99175,6.99175
6.99185,5.4090611229E-05,-0.000360366189852,6.99185,6.99185
6.99195,5.4172858654E-05,-0.000378028460545,6.99195,6.99195
6.99205,5.6232209317E-05,-0.074400387704372,6.99205,6.99205
6.99215,1.6586707716E-05,-9.99631690979004,6.99215,6.99215
6.99225,6.43298563E-07,-9.99687385559082,6.99225,6.99225
6.99235,8.9400416E-08,-9.99715328216553,6.99235,6.99235
6.99245,-2.138483E-08,-9.99736022949219,6.99245,6.99245
6.99255,-5.0330879E-08,-9.99745845794678,6.99255,6.99255
6.99265,-8.215958E-08,-9.99752902984619,6.99265,6.99265
6.99275,-1.08764347E-07,-9.99765396118164,6.99275,6.99275
6.99285,-1.06092621E-07,-9.99762153625488,6.99285,6.99285
6.99295,-1.24126771E-07,-9.99751567840576,6.99295,6.99295
6.99305,-1.758534381E-06,-9.93342304229736,6.99305,6.99305
6.99315,1.1627181266E-05,-0.001548663945869,6.99315,6.99315
6.99325,4.4343029003E-05,-0.000724870362319,6.99325,6.99325
6.99335,5.0770271628E-05,-0.00027479918208,6.99335,6.99335
6.99345,5.266192602E-05,-0.000551836448722,6.99345,6.99345
6.99355,5.3415064031E-05,-0.000317653059028,6.99355,6.99355
6.99365,5.3756601119E-05,-4.3711959734E-05,6.99365,6.99365
6.99375,5.3950570873E-05,-0.000196339300601,6.99375,6.99375
6.99385,5.4051313782E-05,-0.000277613871731,6.99385,6.99385
6.99395,5.4151820223E-05,-0.000272477045655,6.99395,6.99395
6.99405,5.5964694184E-05,-0.054397270083427,6.99405,6.99405
6.99415,1.6960495486E-05,-9.99616622924805,6.99415,6.99415
6.99425,6.32260083E-07,-9.99697017669678,6.99425,6.99425
6.99435,8.9548067E-08,-9.99747467041016,6.99435,6.99435
6.99445,-5.4971245E-08,-9.99744510650635,6.99445,6.99445
6.99455,-7.3026492E-08,-9.9975643157959,6.99455,6.99455
6.99465,-8.258143E-08,-9.99780654907227,6.99465,6.99465
6.99475,-1.07203498E-07,-9.99745559692383,6.99475,6.99475
6.99485,-1.3838536E-07,-9.99735260009766,6.99485,6.99485
6.99495,-1.50506565E-07,-9.9976863861084,6.99495,6.99495
6.99505,-1.512088716E-06,-9.95327186584473,6.99505,6.99505
6.99515,1.126868483E-05,-0.001621142611839,6.99515,6.99515
6.99525,4.4288328354E-05,-0.000914370350074,6.99525,6.99525
6.99535,5.0796843425E-05,-0.000764346623328,6.99535,6.99535
6.99545,5.2673105529E-05,-0.001019358867779,6.99545,6.99545
6.99555,5.3431362176E-05,-0.000533189042471,6.99555,6.99555
6.99565,5.378599235E-05,-0.000627903849818,6.99565,6.99565
6.99575,5.3979008953E-05,-0.000606582441833,6.99575,6.99575
6.99585,5.4067950259E-05,-0.000674205715768,6.99585,6.99585
6.99595,5.4159583669E-05,-0.00041018644697,6.99595,6.99595
6.99605,5.5602562497E-05,-0.034770406782627,6.99605,6.99605
6.99615,1.7424932594E-05,-9.99624443054199,6.99615,6.99615
6.99625,6.17382796E-07,-9.99680995941162,6.99625,6.99625
6.99635,6.0981684E-08,-9.99749374389648,6.99635,6.99635
6.99645,-3.1895965E-08,-9.99777698516846,6.99645,6.99645
6.99655,-8.546408E-08,-9.99784278869629,6.99655,6.99655
6.99665,-8.9970861E-08,-9.99792194366455,6.99665,6.99665
6.99675,-1.29167901E-07,-9.99774360656738,6.99675,6.99675
6.99685,-1.17770881E-07,-9.99801063537598,6.99685,6.99685
6.99695,-1.38279901E-07,-9.99801063537598,6.99695,6.99695
6.99705,-1.207420496E-06,-9.97361278533936,6.99705,6.99705
6.99715,1.0946544535E-05,-0.001998313004151,6.99715,6.99715
6.99725,4.4297565182E-05,-0.001071712351404,6.99725,6.99725
6.99735,5.0800485042E-05,-0.000827395997476,6.99735,6.99735
6.99745,5.2701321692E-05,-0.000521930225659,6.99745,6.99745
6.99755,5.3447780374E-05,-0.00018993584672,6.99755,6.99755
6.99765,5.3819450841E-05,-0.00034488530946,6.99765,6.99765
6.99775,5.398481153E-05,-0.000276347273029,6.99775,6.99775
6.99785,5.4110794736E-05,-0.000251085293712,6.99785,6.99785
6.99795,5.4208896472E-05,-0.000324478722177,6.99795,6.99795
6.99805,5.5225678807E-05,-0.014598547481,6.99805,6.99805
6.99815,1.7977439711E-05,-9.99575901031494,6.99815,6.99815
6.99825,6.39635459E-07,-9.99658584594727,6.99825,6.99825
6.99835,6.4152601E-08,-9.99688625335693,6.99835,6.99835
6.99845,-3.8673711E-08,-9.99711799621582,6.99845,6.99845
6.99855,-4.8917673E-08,-9.9975118637085,6.99855,6.99855
6.99865,-7.9185526E-08,-9.9976863861084,6.99865,6.99865
6.99875,-1.13524237E-07,-9.99741744995117,6.99875,6.99875
6.99885,-1.2895697E-07,-9.99756050109863,6.99885,6.99885
6.99895,-1.17081854E-07,-9.99765872955322,6.99895,6.99895
6.99905,-5.56573809E-07,-9.99312973022461,6.99905,6.99905
6.99915,1.0236406524E-05,-0.00178094743751,6.99915,6.99915
6.99925,4.430487752E-05,-0.001105207251385,6.99925,6.99925
6.99935,5.0853850553E-05,-0.000610311923083,6.99935,6.99935
6.99945,5.2747265727E-05,-0.000581883417908,6.99945,6.99945
6.99955,5.3477957408E-05,-0.000141452561365,6.99955,6.99955
6.99965,5.3812975239E-05,0.000179986658623,6.99965,6.99965
6.99975,5.4031894251E-05,1.567830077E-05,6.99975,6.99975
6.99985,5.4148087656E-05,-3.320952828E-06,6.99985,6.99985
6.99995,5.4198444559E-05,-9.7120973805E-05,6.99995,6.99995
7.00005,5.4243439081E-05,9.8500975582E-05,7.00005,7.00005
7.00015,1.9059509214E-05,-9.99004459381104,7.00015,7.00015
7.00025,6.32836645E-07,-9.99687576293945,7.00025,7.00025
7.00035,7.9529094E-08,-9.99724960327148,7.00035,7.00035
7.00045,-2.3937032E-08,-9.99751281738281,7.00045,7.00045
7.00055,-6.4244951E-08,-9.9975004196167,7.00055,7.00055
7.00065,-7.446782E-08,-9.99752521514893,7.00065,7.00065
7.00075,-8.2054115E-08,-9.99760627746582,7.00075,7.00075
7.00085,-1.02984984E-07,-9.99749755859375,7.00085,7.00085
7.00095,-1.34708216E-07,-9.99726963043213,7.00095,7.00095
7.00105,-1.16786559E-07,-9.9976749420166,7.00105,7.00105
7.00115,9.734079867E-06,-0.017381304875016,7.00115,7.00115
7.00125,4.4305186748E-05,-0.000932243710849,7.00125,7.00125
7.00135,5.084678196E-05,-0.000483509502374,7.00135,7.00135
7.00145,5.2718896768E-05,-0.000294150260743,7.00145,7.00145
7.00155,5.3485422541E-05,-0.000290491152555,7.00155,7.00155
7.00165,5.3819170716E-05,-0.000291687407298,7.00165,7.00165
7.00175,5.4066018492E-05,-7.5729221862E-05,7.00175,7.00175
7.00185,5.4193344113E-05,-2.1827632736E-05,7.00185,7.00185
7.00195,5.4246898799E-05,-0.000208231416764,7.00195,7.00195
7.00205,5.4267915402E-05,-3.180217618E-06,7.00205,7.00205
7.00215,1.9170505766E-05,-9.97048854827881,7.00215,7.00215
7.00225,6.54913492E-07,-9.99670505523682,7.00225,7.00225
7.00235,1.15913785E-07,-9.99723243713379,7.00235,7.00235
7.00245,-3.13345E-10,-9.99719142913818,7.00245,7.00245
7.00255,-5.1870636E-08,-9.99726295471191,7.00255,7.00255
7.00265,-4.7230269E-08,-9.99773502349854,7.00265,7.00265
7.00275,-1.01171018E-07,-9.99749851226807,7.00275,7.00275
7.00285,-7.2063266E-08,-9.99755096435547,7.00285,7.00285
7.00295,-9.1398128E-08,-9.99749088287354,7.00295,7.00295
7.00305,-9.1974655E-08,-9.99755573272705,7.00305,7.00305
7.00315,9.67424694E-06,-0.037382803857327,7.00315,7.00315
7.00325,4.4325322961E-05,-0.000902126368601,7.00325,7.00325
7.00335,5.0877879403E-05,-0.00034910737304,7.00335,7.00335
7.00345,5.2793289797E-05,-0.000171640262124,7.00345,7.00345
7.00355,5.3543793911E-05,-0.000389639113564,7.00355,7.00355
7.00365,5.3897038015E-05,-0.00051883404376,7.00365,7.00365
7.00375,5.4098498367E-05,-0.000257840583799,7.00375,7.00375
7.00385,5.4192943935E-05,-3.2804979128E-05,7.00385,7.00385
7.00395,5.4281921621E-05,-9.4798844657E-05,7.00395,7.00395
7.00405,5.4304910009E-05,-6.8270252086E-05,7.00405,7.00405
7.00415,1.9262412025E-05,-9.95008087158203,7.00415,7.00415
7.00425,6.52923802E-07,-9.9965705871582,7.00425,7.00425
7.00435,1.01486464E-07,-9.99712085723877,7.00435,7.00435
7.00445,9.543919E-09,-9.99719333648682,7.00445,7.00445
7.00455,-3.8399509E-08,-9.99723434448242,7.00455,7.00455
7.00465,-1.12996929E-07,-9.99743747711182,7.00465,7.00465
7.00475,-8.9745875E-08,-9.99728679656982,7.00475,7.00475
7.00485,-9.7057971E-08,-9.99740028381348,7.00485,7.00485
7.00495,-1.09263539E-07,-9.9976224899292,7.00495,7.00495
7.00505,-1.03441991E-07,-9.99759578704834,7.00505,7.00505
7.00515,9.594580661E-06,-0.057659581303596,7.00515,7.00515
7.00525,4.4288855861E-05,-0.00096243142616,7.00525,7.00525
7.00535,5.0878865295E-05,-0.000644158746582,7.00535,7.00535
7.00545,5.2823157603E-05,-0.000216323693166,7.00545,7.00545
7.00555,5.3563217079E-05,-0.000326167530147,7.00555,7.00555
7.00565,5.3913248848E-05,-0.000286902417429,7.00565,7.00565
7.00575,5.411114762E-05,-0.000306464615278,7.00575,7.00575
7.00585,5.4218355217E-05,-0.00030836451333,7.00585,7.00585
7.00595,5.4307281971E-05,9.653068264E-05,7.00595,7.00595
7.00605,5.434114064E-05,4.2629093514E-05,7.00605,7.00605
7.00615,1.9396962671E-05,-9.92995262145996,7.00615,7.00615
7.00625,6.63336493E-07,-9.99634170532227,7.00625,7.00625
7.00635,9.2381505E-08,-9.99687099456787,7.00635,7.00635
7.00645,-1.9444313E-08,-9.99709892272949,7.00645,7.00645
7.00655,-6.6902615E-08,-9.99727535247803,7.00655,7.00655
7.00665,-1.0223971E-07,-9.99747562408447,7.00665,7.00665
7.00675,-9.7831361E-08,-9.99758625030518,7.00675,7.00675
7.00685,-1.06050436E-07,-9.99758815765381,7.00685,7.00685
7.00695,-9.6017402E-08,-9.99776077270508,7.00695,7.00695
7.00705,-1.11077505E-07,-9.99739837646484,7.00705,7.00705
7.00715,9.563624189E-06,-0.077536039054394,7.00715,7.00715
7.00725,4.4320782763E-05,-0.001029843580909,7.00725,7.00725
7.00735,5.0900034694E-05,-0.000453251443105,7.00735,7.00735
7.00745,5.2802930441E-05,-0.000277473154711,7.00745,7.00745
7.00755,5.3572850447E-05,-0.000225752955885,7.00755,7.00755
7.00765,5.3935982578E-05,-5.8981728216E-05,7.00765,7.00765
7.00775,5.4106079915E-05,0.000206444878131,7.00775,7.00775
7.00785,5.4261276091E-05,-7.5869953434E-05,7.00785,7.00785
7.00795,5.4347383411E-05,-0.000571680138819,7.00795,7.00795
7.00805,5.4379775975E-05,-0.000523056078237,7.00805,7.00805
7.00815,1.9526907636E-05,-9.91028881072998,7.00815,7.00815
7.00825,6.54526843E-07,-9.99670600891113,7.00825,7.00825
7.00835,9.6452368E-08,-9.99709701538086,7.00835,7.00835
7.00845,8.531476E-09,-9.99735641479492,7.00845,7.00845
7.00855,-4.0438458E-08,-9.9975700378418,7.00855,7.00855
7.00865,-6.0581868E-08,-9.99788570404053,7.00865,7.00865
7.00875,-6.4259012E-08,-9.99743747711182,7.00875,7.00875
7.00885,-7.688643E-08,-9.99715900421143,7.00885,7.00885
7.00895,-8.6406217E-08,-9.9975061416626,7.00895,7.00895
7.00905,-6.8280663E-08,-9.99772167205811,7.00905,7.00905
7.00915,9.542749467E-06,-0.097580179572105,7.00915,7.00915
7.00925,4.4333424739E-05,-0.001213995623402,7.00925,7.00925
7.00935,5.0930309953E-05,-0.000568654329982,7.00935,7.00935
7.00945,5.2897641581E-05,-0.000260584929492,7.00945,7.00945
7.00955,5.3634630603E-05,-0.00032314172131,7.00955,7.00955
7.00965,5.397446148E-05,-0.000196972599952,7.00965,7.00965
7.00975,5.4174095567E-05,-0.000326800829498,7.00975,7.00975
7.00985,5.4303131037E-05,1.138587686E-05,7.00985,7.00985
7.00995,5.4370833823E-05,-8.7762084149E-05,7.00995,7.00995
7.01005,5.4404776165E-05,-4.04750499E-05,7.01005,7.01005
7.01015,1.9649341993E-05,-9.88982009887695,7.01015,7.01015
7.01025,6.79212178E-07,-9.99609279632568,7.01025,7.01025
7.01035,1.02998101E-07,-9.99692630767822,7.01035,7.01035
7.01045,-4.925589E-09,-9.99716567993164,7.01045,7.01045
7.01055,-4.1921972E-08,-9.99728870391846,7.01055,7.01055
7.01065,-6.9862601E-08,-9.99737167358398,7.01065,7.01065
7.01075,-6.7373684E-08,-9.99735736846924,7.01075,7.01075
7.01085,-6.7739286E-08,-9.99750137329102,7.01085,7.01085
7.01095,-6.6621375E-08,-9.99734878540039,7.01095,7.01095
7.01105,-6.9525122E-08,-9.99743843078613,7.01105,7.01105
7.01115,9.478634638E-06,-0.117376767098904,7.01115,7.01115
7.01125,4.4332500693E-05,-0.001061016460881,7.01125,7.01125
7.01135,5.0901981012E-05,-0.000505323463585,7.01135,7.01135
7.01145,5.2856794355E-05,-9.205450624E-05,7.01145,7.01145
7.01155,5.3643580031E-05,-0.000306394242216,7.01155,7.01155
7.01165,5.4029434978E-05,-0.000124282873003,7.01165,7.01165
7.01175,5.4211388488E-05,2.99629246E-05,7.01175,7.01175
7.01185,5.4326017562E-05,-0.000152148437337,7.01185,7.01185
7.01195,5.4404652474E-05,-0.000432915199781,7.01195,7.01195
7.01205,5.4437132349E-05,-0.00030604240601,7.01205,7.01205
7.01215,1.9738796254E-05,-9.87008476257324,7.01215,7.01215
7.01225,6.82144048E-07,-9.99678421020508,7.01225,7.01225
7.01235,9.9194402E-08,-9.99717330932617,7.01235,7.01235
7.01245,-4.222503E-09,-9.99741077423096,7.01245,7.01245
7.01255,-4.6927941E-08,-9.99727153778076,7.01255,7.01255
7.01265,-7.0846923E-08,-9.99760437011719,7.01265,7.01265
7.01275,-6.3429368E-08,-9.9975643157959,7.01275,7.01275
7.01285,-8.372043E-08,-9.99763202667236,7.01285,7.01285
7.01295,-6.6656533E-08,-9.99745464324951,7.01295,7.01295
7.01305,-5.5400125E-08,-9.99734878540039,7.01305,7.01305
7.01315,9.399931514E-06,-0.137469261884689,7.01315,7.01315
7.01325,4.4325366616E-05,-0.000976504932623,7.01325,7.01325
7.01335,5.0973780162E-05,-0.000350162881659,7.01335,7.01335
7.01345,5.2903695178E-05,-0.000134626912768,7.01345,7.01345
7.01355,5.3624316934E-05,-0.000192891282495,7.01355,7.01355
7.01365,5.4003427067E-05,-0.000194791209651,7.01365,7.01365
7.01375,5.4201951571E-05,-6.3274150307E-05,7.01375,7.01375
7.01385,5.4293126595E-05,0.000195889748284,7.01385,7.01385
7.01395,5.4393309256E-05,0.000237969565205,7.01395,7.01395
7.01405,5.4448508308E-05,1.0611833204E-05,7.01405,7.01405
7.01415,1.9844308554E-05,-9.85038757324219,7.01415,7.01415
7.01425,6.66465212E-07,-9.99702739715576,7.01425,7.01425
7.01435,8.8718423E-08,-9.99748039245605,7.01435,7.01435
7.01445,-1.9894287E-08,-9.99733924865723,7.01445,7.01445
7.01455,-2.964609E-08,-9.99772071838379,7.01455,7.01455
7.01465,-5.5407156E-08,-9.99800777435303,7.01465,7.01465
7.01475,-6.0532656E-08,-9.99801158905029,7.01475,7.01475
7.01485,-7.5937265E-08,-9.99776458740234,7.01485,7.01485
7.01495,-8.1997868E-08,-9.99773216247559,7.01495,7.01495
7.01505,-8.3319669E-08,-9.99774265289307,7.01505,7.01505
7.01515,9.316166143E-06,-0.157198786735535,7.01515,7.01515
7.01525,4.4325177441E-05,-0.001021821633913,7.01525,7.01525
7.01535,5.0969603762E-05,-0.000430804153439,7.01535,7.01535
7.01545,5.2915242122E-05,-0.000226245523663,7.01545,7.01545
7.01555,5.3666037275E-05,-0.000231171259657,7.01555,7.01555
7.01565,5.4042229749E-05,-0.000572172692046,7.01565,7.01565
7.01575,5.4246462241E-05,-0.000398294330807,7.01575,7.01575
7.01585,5.4364154494E-05,-0.000124916172354,7.01585,7.01585
7.01595,5.4446976719E-05,-8.2836348156E-05,7.01595,7.01595
7.01605,5.4457967053E-05,-0.000102891113784,7.01605,7.01605
7.01615,1.9981171135E-05,-9.83069324493408,7.01615,7.01615
7.01625,7.0037504E-07,-9.99712467193604,7.01625,7.01625
7.01635,1.11146868E-07,-9.99749851226807,7.01635,7.01635
7.01645,1.943561E-09,-9.99757671356201,7.01645,7.01645
7.01655,-5.4858752E-08,-9.99781608581543,7.01655,7.01655
7.01665,-6.1235738E-08,-9.99766063690186,7.01665,7.01665
7.01675,-7.7385621E-08,-9.99776649475098,7.01675,7.01675
7.01685,-8.8424073E-08,-9.99762535095215,7.01685,7.01685
7.01695,-9.2769142E-08,-9.99743843078613,7.01695,7.01695
7.01705,-1.00397628E-07,-9.99770355224609,7.01705,7.01705
7.01715,9.232442608E-06,-0.177028089761734,7.01715,7.01715
7.01725,4.4286174671E-05,-0.000691375404131,7.01725,7.01725
7.01735,5.0978218496E-05,-0.00034319650149,7.01735,7.01735
7.01745,5.29201061E-05,-0.000299146369798,7.01745,7.01745
7.01755,5.3680865676E-05,2.6444544346E-05,7.01755,7.01755
7.01765,5.4061678384E-05,-0.000139271171065,7.01765,7.01765
7.01775,5.4240972531E-05,0.000113418907858,7.01775,7.01775
7.01785,5.43562237E-05,1.8633740183E-05,7.01785,7.01785
7.01795,5.4419590015E-05,-8.8113920356E-05,7.01795,7.01795
7.01805,5.4465173889E-05,-0.000151655869558,7.01805,7.01805
7.01815,2.0075349312E-05,-9.81045818328857,7.01815,7.01815
7.01825,6.97527582E-07,-9.99670886993408,7.01825,7.01825
7.01835,1.09571957E-07,-9.99726581573486,7.01835,7.01835
7.01845,1.8058291E-08,-9.99735641479492,7.01845,7.01845
7.01855,-4.6442814E-08,-9.99758434295654,7.01855,7.01855
7.01865,-8.5295341E-08,-9.99742412567139,7.01865,7.01865
7.01875,-7.8848039E-08,-9.99762344360352,7.01875,7.01875
7.01885,-5.5484499E-08,-9.9978609085083,7.01885,7.01885
7.01895,-8.1027608E-08,-9.99744606018066,7.01895,7.01895
7.01905,-9.035756E-08,-9.99770355224609,7.01905,7.01905
7.01915,9.19134709E-06,-0.197481065988541,7.01915,7.01915
7.01925,4.4252316002E-05,-0.001001555821858,7.01925,7.01925
7.01935,5.0974998885E-05,-0.000582587090321,7.01935,7.01935
7.01945,5.2957806474E-05,-0.000283172936179,7.01945,7.01945
7.01955,5.3693675E-05,-0.000221319802222,7.01955,7.01955
7.01965,5.4051863117E-05,-0.000219490233576,7.01965,7.01965
7.01975,5.4243009799E-05,-0.000232015678193,7.01975,7.01975
7.01985,5.4366733821E-05,-0.000250663084444,7.01985,7.01985
7.01995,5.4447453294E-05,-8.2625243522E-05,7.01995,7.01995
7.02005,5.4494328651E-05,-0.000124845813843,7.02005,7.02005
7.02015,2.0165716705E-05,-9.79031276702881,7.02015,7.02015
7.02025,6.65108246E-07,-9.99656009674072,7.02025,7.02025
7.02035,9.1720601E-08,-9.99697589874268,7.02035,7.02035
7.02045,-1.4818007E-08,-9.99709224700928,7.02045,7.02045
7.02055,-3.9735372E-08,-9.99725246429443,7.02055,7.02055
7.02065,-7.427095E-08,-9.9974250793457,7.02065,7.02065
7.02075,-7.3905348E-08,-9.99729537963867,7.02075,7.02075
7.02085,-9.3345676E-08,-9.99735164642334,7.02085,7.02085
7.02095,-9.9328936E-08,-9.99753093719482,7.02095,7.02095
7.02105,-9.3219121E-08,-9.99755191802979,7.02105,7.02105
7.02115,9.089652849E-06,-0.21710067987442,7.02115,7.02115
7.02125,4.4278054702E-05,-0.000698904739693,7.02125,7.02125
7.02135,5.1014088967E-05,-0.000373313814634,7.02135,7.02135
7.02145,5.2978561143E-05,0.000116233612061,7.02145,7.02145
7.02155,5.3710471548E-05,4.7273355449E-05,7.02155,7.02155
7.02165,5.4070293118E-05,-5.994922049E-06,7.02165,7.02165
7.02175,5.4261599871E-05,0.000192863939446,7.02175,7.02175
7.02185,5.4385331168E-05,0.000232199425227,7.02185,7.02185
7.02195,5.4473941418E-05,5.2269457228E-05,7.02195,7.02195
7.02205,5.4539665143E-05,3.4255350329E-05,7.02205,7.02205
7.02215,5.4526932217E-05,-0.000105142877146,7.02215,7.02215
7.02225,5.4509262554E-05,4.6006738557E-05,7.02225,7.02225
7.02235,5.454471102E-05,0.000112152287329,7.02235,7.02235
7.02245,5.4553416703E-05,0.000253098609392,7.02245,7.02245
7.02255,5.4509127949E-05,0.000206515251193,7.02255,7.02255
7.02265,5.4511758208E-05,0.000126929488033,7.02265,7.02265
7.02275,5.4506162996E-05,4.6428944188E-05,7.02275,7.02275
7.02285,5.445131319E-05,5.4169380746E-05,7.02285,7.02285
7.02295,5.4399559303E-05,3.1792482332E-05,7.02295,7.02295
7.02305,5.4420997913E-05,0.000217844441067,7.02305,7.02305
7.02315,5.4393993196E-05,0.000333176954882,7.02315,7.02315
7.02325,5.4367534176E-05,0.000292011885904,7.02325,7.02325
7.02335,5.4324835219E-05,0.000190119593753,7.02335,7.02335
7.02345,5.4325435485E-05,0.000283145578578,7.02345,7.02345
7.02355,5.4288269894E-05,0.000153669170686,7.02355,7.02355
7.02365,5.4260868637E-05,0.000369275512639,7.02365,7.02365
7.02375,5.4245916544E-05,0.000218337008846,7.02375,7.02375
7.02385,5.4228345107E-05,0.000266679562628,7.02385,7.02385
7.02395,5.418658111E-05,0.000245639646892,7.02395,7.02395
7.02405,5.4153431847E-05,0.000322269974276,7.02405,7.02405
7.02415,5.4157775594E-05,0.000252465310041,7.02415,7.02415
7.02425,5.414808038E-05,3.8758877054E-05,7.02425,7.02425
7.02435,5.4121806897E-05,0.000129040519823,7.02435,7.02435
7.02445,5.4069594626E-05,0.00032205885509,7.02445,7.02445
7.02455,5.4060779803E-05,0.000278853141936,7.02455,7.02455
7.02465,5.4020365496E-05,4.6991885029E-05,7.02465,7.02465
7.02475,5.4006879509E-05,0.000135373600642,7.02475,7.02475
7.02485,5.4017862567E-05,8.008231816E-06,7.02485,7.02485
7.02495,5.4012201872E-05,3.3692409488E-05,7.02495,7.02495
7.02505,5.4005122365E-05,4.4177180825E-05,7.02505,7.02505
7.02515,5.3979227232E-05,0.000263935216935,7.02515,7.02515
7.02525,5.3950618167E-05,0.000206304146559,7.02525,7.02525
7.02535,5.3936171753E-05,0.000341128470609,7.02535,7.02535
7.02545,5.3902527725E-05,0.000307000183966,7.02545,7.02545
7.02555,5.3890886193E-05,0.00045667210361,7.02555,7.02555
7.02565,5.389684884E-05,0.000237899206695,7.02565,7.02565
7.02575,5.3908272093E-05,0.000376312294975,7.02575,7.02575
7.02585,5.3863197536E-05,0.000358298188075,7.02585,7.02585
7.02595,5.3850795666E-05,0.000368712586351,7.02595,7.02595
7.02605,5.3848874813E-05,0.000380252866307,7.02605,7.02605
7.02615,5.3832009144E-05,0.000188571517356,7.02615,7.02615
7.02625,5.3803527408E-05,0.000611551222391,7.02625,7.02625
7.02635,5.3798430599E-05,0.000254717073403,7.02635,7.02635
7.02645,5.3758809372E-05,0.000585304049309,7.02645,7.02645
7.02655,5.3734504036E-05,0.000709643645678,7.02655,7.02655
7.02665,5.3744621255E-05,0.000301511521684,7.02665,7.02665
7.02675,5.3729068895E-05,0.000424443715019,7.02675,7.02675
7.02685,5.3702442528E-05,0.000540057721082,7.02685,7.02685
7.02695,5.3704032325E-05,0.000493896543048,7.02695,7.02695
7.02705,5.3633659263E-05,0.000475108390674,7.02705,7.02705
7.02715,5.3660245612E-05,0.000461597810499,7.02715,7.02715
7.02725,5.3654977819E-05,0.000572637887672,7.02725,7.02725
7.02735,5.3594245401E-05,0.000611410476267,7.02735,7.02735
7.02745,5.3658346587E-05,0.000512755068485,7.02745,7.02745
7.02755,5.3635933E-05,0.000638783443719,7.02755,7.02755
7.02765,5.3587828006E-05,0.000499103742186,7.02765,7.02765
7.02775,5.3615203797E-05,0.000421277189162,7.02775,7.02775
7.02785,5.3592531913E-05,0.000517680833582,7.02785,7.02785
7.02795,5.3565734561E-05,0.000345139444107,7.02795,7.02795
7.02805,5.3539166402E-05,0.000344576488715,7.02805,7.02805
7.02815,5.3550647863E-05,0.000234662293224,7.02815,7.02815
7.02825,5.3541978559E-05,0.000282230786979,7.02825,7.02825
7.02835,5.3519655921E-05,0.000253943027928,7.02835,7.02835
7.02845,5.3511339502E-05,0.000239165819949,7.02845,7.02845
7.02855,5.3515719628E-05,0.000164576151292,7.02855,7.02855
7.02865,5.3498308262E-05,0.000252394936979,7.02865,7.02865
7.02875,5.3470652347E-05,0.000434506306192,7.02875,7.02875
7.02885,5.346112448E-05,-9.3180387921E-05,7.02885,7.02885
7.02895,5.3423755162E-05,-4.948210335E-05,7.02895,7.02895
7.02905,5.3416963055E-05,5.5365631852E-05,7.02905,7.02905
7.02915,5.3404532082E-05,0.000335076852934,7.02915,7.02915
7.02925,5.3387637308E-05,0.000174638727913,7.02925,7.02925
7.02935,5.3384101193E-05,0.000137203154736,7.02935,7.02935
7.02945,5.3344680055E-05,0.000251269055298,7.02945,7.02945
7.02955,5.3335123084E-05,0.000302004104014,7.02955,7.02955
7.02965,5.3366966313E-05,-0.000225260388106,7.02965,7.02965
7.02975,5.3344592743E-05,-9.2265610874E-05,7.02975,7.02975
7.02985,5.3347506764E-05,3.6084908061E-05,7.02985,7.02985
7.02995,5.3343144828E-05,-2.054335937E-06,7.02995,7.02995
7.03005,5.3343967011E-05,0.0001941305527,7.03005,7.03005
7.03015,5.331389184E-05,0.000181816227268,7.03015,7.03015
7.03025,5.3301784646E-05,5.474998034E-06,7.03025,7.03025
7.03035,5.3289852076E-05,1.5396830349E-05,7.03035,7.03035
7.03045,5.3268591728E-05,0.000175975714228,7.03045,7.03045
7.03055,5.3254752856E-05,6.0854305048E-05,7.03055,7.03055
7.03065,5.3264757298E-05,0.000266186980298,7.03065,7.03065
7.03075,5.3253585065E-05,0.000282090069959,7.03075,7.03075
7.03085,5.3259540437E-05,0.00036434980575,7.03085,7.03085
7.03095,5.3249172197E-05,0.000613873300608,7.03095,7.03095
7.03105,5.326342216E-05,0.00035330207902,7.03105,7.03105
7.03115,5.3266208852E-05,0.000212003928027,7.03115,7.03115
7.03125,5.322904326E-05,0.00018350504979,7.03125,7.03125
7.03135,5.3197964007E-05,0.000240010223933,7.03135,7.03135
7.03145,5.3222178394E-05,0.000558564381208,7.03145,7.03145
7.03155,5.3209580074E-05,0.000341198843671,7.03155,7.03155
7.03165,5.3178020607E-05,0.000251057936111,7.03165,7.03165
7.03175,5.3178315284E-05,8.8930981292E-05,7.03175,7.03175
7.03185,5.3170959291E-05,0.000164927987498,7.03185,7.03185
7.03195,5.3155919886E-05,0.000324662454659,7.03195,7.03195
7.03205,5.3140895034E-05,0.000272238597972,7.03205,7.03205
7.03215,5.3091906011E-05,0.000277164333966,7.03215,7.03215
7.03225,5.3118339565E-05,0.000169501887285,7.03225,7.03225
7.03235,5.3104144172E-05,0.000416281080106,7.03235,7.03235
7.03245,5.3094641771E-05,0.000488267134642,7.03245,7.03245
7.03255,5.3111754823E-05,0.000207570759812,7.03255,7.03255
7.03265,5.3096089687E-05,0.000256054045167,7.03265,7.03265
7.03275,5.3077415942E-05,0.000355976051651,7.03275,7.03275
7.03285,5.3036834288E-05,0.00033852487104,7.03285,7.03285
7.03295,5.304944716E-05,0.000249087664997,7.03295,7.03295
7.03305,5.3052208386E-05,0.000319033046253,7.03305,7.03305
7.03315,5.3059873608E-05,0.000275827333098,7.03315,7.03315
7.03325,5.3043146181E-05,0.000224951567361,7.03325,7.03325
7.03335,5.3026582464E-05,0.000240573164774,7.03335,7.03335
7.03345,5.3020296036E-05,6.8242901762E-05,7.03345,7.03345
7.03355,5.3037147154E-05,0.000122988902149,7.03355,7.03355
7.03365,5.3044797824E-05,-1.4016828572E-05,7.03365,7.03365
7.03375,5.3059800848E-05,8.9775392553E-05,7.03375,7.03375
7.03385,5.3042866057E-05,0.000134810659802,7.03385,7.03385
7.03395,5.3047479014E-05,7.2887167335E-05,7.03395,7.03395
7.03405,5.3032952565E-05,0.00020208209753,7.03405,7.03405
7.03415,5.3010699048E-05,5.7687761E-05,7.03415,7.03415
7.03425,5.3008239774E-05,0.000324943917803,7.03425,7.03425
7.03435,5.2977076848E-05,0.000610706803855,7.03435,7.03435
7.03445,5.2969651733E-05,0.000319455255521,7.03445,7.03445
7.03455,5.2945390053E-05,0.000102160091046,7.03455,7.03455
7.03465,5.2970870456E-05,0.000208626282983,7.03465,7.03465
7.03475,5.2960505855E-05,0.000311151874484,7.03475,7.03475
7.03485,5.2925315686E-05,0.000437461741967,7.03485,7.03485
7.03495,5.294987568E-05,0.00034739120747,7.03495,7.03495
7.03505,5.2941544709E-05,0.000565671536606,7.03505,7.03505
7.03515,5.2936335123E-05,0.000607188383583,7.03515,7.03515
7.03525,5.2897285059E-05,0.000203630173928,7.03525,7.03525
7.03535,5.2898754802E-05,0.000335076852934,7.03535,7.03535
7.03545,5.2901054005E-05,0.000176749759703,7.03545,7.03545
7.03555,5.2876668633E-05,-3.0412480555E-05,7.03555,7.03555
7.03565,5.2836305258E-05,0.000242050897214,7.03565,7.03565
7.03575,5.2856990806E-05,0.000336624943884,7.03575,7.03575
7.03585,5.2863189921E-05,0.000520425150171,7.03585,7.03585
7.03595,5.2822968428E-05,0.000477993482491,7.03595,7.03595
7.03605,5.2812159993E-05,0.000414170062868,7.03605,7.03605
7.03615,5.283185601E-05,0.000452238920843,7.03615,7.03615
7.03625,5.285764928E-05,0.000470604863949,7.03625,7.03625
7.03635,5.2811094065E-05,0.000279064261122,7.03635,7.03635
7.03645,5.2811134083E-05,0.000102652666101,7.03645,7.03645
7.03655,5.2796913224E-05,0.00019201952091,7.03655,7.03655
7.03665,5.2802199207E-05,0.000221151713049,7.03665,7.03665
7.03675,5.2786061133E-05,0.000364771985915,7.03675,7.03675
7.03685,5.2780516853E-05,0.000330995535478,7.03685,7.03685
7.03695,5.2781972045E-05,0.000312840711558,7.03695,7.03695
7.03705,5.2765772125E-05,0.000268931325991,7.03705,7.03705
7.03715,5.2750579925E-05,0.000364138686564,7.03715,7.03715
7.03725,5.2760260587E-05,0.000211933554965,7.03725,7.03725
7.03735,5.2765146393E-05,0.00051789189456,7.03735,7.03735
7.03745,5.27402226E-05,0.000204404219403,7.03745,7.03745
7.03755,5.272987255E-05,0.000158665279741,7.03755,7.03755
7.03765,5.2723116823E-05,0.000167813064763,7.03765,7.03765
7.03775,5.2731575124E-05,0.000206726355827,7.03775,7.03775
7.03785,5.2711035096E-05,0.000246906245593,7.03785,7.03785
7.03795,5.2724699344E-05,0.000122144483612,7.03795,7.03795
7.03805,5.2711340686E-05,8.9282817498E-05,7.03805,7.03805
7.03815,5.2689207223E-05,0.00024979133741,7.03815,7.03815
7.03825,5.2708084695E-05,0.000290323077934,7.03825,7.03825
7.03835,5.2705643611E-05,0.00030510025681,7.03835,7.03835
7.03845,5.2710536693E-05,0.000137132796226,7.03845,7.03845
7.03855,5.2689007134E-05,9.3293769169E-05,7.03855,7.03855
7.03865,5.268188761E-05,-3.5901153751E-05,7.03865,7.03865
7.03875,5.2683553804E-05,0.00020954106003,7.03875,7.03875
7.03885,5.266230437E-05,0.000157680129632,7.03885,7.03885
7.03895,5.2657363995E-05,0.000118485375424,7.03895,7.03895
7.03905,5.2666779084E-05,3.4818291169E-05,7.03905,7.03905
7.03915,5.2688094001E-05,-5.431980753E-06,7.03915,7.03915
7.03925,5.2672916354E-05,0.000100752738945,7.03925,7.03925
7.03935,5.2682258683E-05,0.000190189966816,7.03935,7.03935
7.03945,5.264506035E-05,4.5373431931E-05,7.03945,7.03945
7.03955,5.2630504797E-05,0.000334302836563,7.03955,7.03955
7.03965,5.2619256167E-05,0.000474686210509,7.03965,7.03965
7.03975,5.2617477195E-05,0.000375749339582,7.03975,7.03975
7.03985,5.2644460084E-05,0.000228751407121,7.03985,7.03985
7.03995,5.2612005675E-05,0.000485452444991,7.03995,7.03995
7.04005,5.2604787925E-05,0.000556382990908,7.04005,7.04005
7.04015,5.2621133364E-05,0.00043492851546,7.04015,7.04015
7.04025,5.2601662901E-05,0.000385671184631,7.04025,7.04025
7.04035,5.2600160416E-05,0.000504310941324,7.04035,7.04035
7.04045,5.2623658121E-05,0.000448439095635,7.04045,7.04045
7.04055,5.2568837418E-05,0.000338665617164,7.04055,7.04055
7.04065,5.2596693422E-05,0.000412833062001,7.04065,7.04065
7.04075,5.2543695347E-05,0.000425217760494,7.04075,7.04075
7.04085,5.2568135288E-05,0.000309040857246,7.04085,7.04085
7.04095,5.2553263231E-05,0.000334936135914,7.04095,7.04095
7.04105,5.2551371482E-05,0.000541605812032,7.04105,7.04105
7.04115,5.2571122069E-05,0.000425710342824,7.04115,7.04115
7.04125,5.2536059229E-05,0.000457446149085,7.04125,7.04125
7.04135,5.2558130847E-05,0.000280190142803,7.04135,7.04135
7.04145,5.251980474E-05,0.000259994645603,7.04145,7.04145
7.04155,5.2525188948E-05,0.000438376504462,7.04155,7.04155
7.04165,5.2542887715E-05,0.000283638160909,7.04165,7.04165
7.04175,5.2535982832E-05,0.000545053801034,7.04175,7.04175
7.04185,5.2508723456E-05,0.00053034699522,7.04185,7.04185
7.04195,5.2529303503E-05,0.000407625862863,7.04195,7.04195
7.04205,5.2512401453E-05,0.000379830657039,7.04205,7.04205
7.04215,5.2496750868E-05,0.000311644456815,7.04215,7.04215
7.04225,5.2476232668E-05,0.000718861818314,7.04225,7.04225
7.04235,5.2495968703E-05,0.00075228640344,7.04235,7.04235
7.04245,5.2487186622E-05,0.00038996359217,7.04245,7.04245
7.04255,5.2492385294E-05,0.000660456658807,7.04255,7.04255
7.04265,5.2492912801E-05,0.000649971887469,7.04265,7.04265
7.04275,5.2484538173E-05,0.00067678198684,7.04275,7.04275
7.04285,5.2502527979E-05,0.000821246649139,7.04285,7.04285
7.04295,5.2506966313E-05,0.000659119687043,7.04295,7.04295
7.04305,5.2465260524E-05,0.000552583136596,7.04305,7.04305
7.04315,5.2483010222E-05,0.000297078368021,7.04315,7.04315
7.04325,5.2482533647E-05,0.000197648929316,7.04325,7.04325
7.04335,5.2453047829E-05,9.3927083071E-05,7.04335,7.04335
7.04345,5.2447343478E-05,0.0001888529805,7.04345,7.04345
7.04355,5.2438477724E-05,9.7375093901E-05,7.04355,7.04355
7.04365,5.2447780035E-05,0.000107859865238,7.04365,7.04365
7.04375,5.2426021284E-05,0.00040642960812,7.04375,7.04375
7.04385,5.2423692978E-05,0.000334091717377,7.04385,7.04385
7.04395,5.2424922615E-05,6.0854305048E-05,7.04395,7.04395
7.04405,5.241643521E-05,0.000236069638049,7.04405,7.04405
7.04415,5.2436447731E-05,0.000420080934418,7.04415,7.04415
7.04425,5.243155465E-05,0.000589526141994,7.04425,7.04425
7.04435,5.239213715E-05,0.000586148467846,7.04435,7.04435
7.04445,5.239989332E-05,0.000265483307885,7.04445,7.04445
7.04455,5.2401937864E-05,0.000124466620036,7.04455,7.04455
7.04465,5.2376886742E-05,0.000559971726034,7.04465,7.04465
7.04475,5.2347560995E-05,0.00044034680468,7.04475,7.04475
7.04485,5.238661106E-05,0.000544772308785,7.04485,7.04485
7.04495,5.2378218243E-05,0.000483271054691,7.04495,7.04495
7.04505,5.2379433328E-05,0.000643075909466,7.04505,7.04505
7.04515,5.2360181144E-05,0.000557579216547,7.04515,7.04515
7.04525,5.2365750889E-05,0.000642653671093,7.04525,7.04525
7.04535,5.2380819398E-05,0.000520425150171,7.04535,7.04535
7.04545,5.2354753279E-05,0.000317625701427,7.04545,7.04545
7.04555,5.2340954426E-05,0.000513317994773,7.04555,7.04555
7.04565,5.2330371545E-05,0.000127140592667,7.04565,7.04565
7.04575,5.2344454161E-05,0.000280260515865,7.04575,7.04575
7.04585,5.2336938097E-05,0.000297711667372,7.04585,7.04585
7.04595,5.2347681049E-05,0.000546179711819,7.04595,7.04595
7.04605,5.234155833E-05,0.000569260271732,7.04605,7.04605
7.04615,5.23224262E-05,0.000543998263311,7.04615,7.04615
7.04625,5.2304323617E-05,0.000646946078632,7.04625,7.04625
7.04635,5.2295195928E-05,0.000528939650394,7.04635,7.04635
7.04645,5.2287370636E-05,0.000297782040434,7.04645,7.04645
7.04655,5.2257870266E-05,0.000264146307018,7.04655,7.04655
7.04665,5.2281142416E-05,-0.000129067862872,7.04665,7.04665
7.04675,5.2272804169E-05,0.000141284472193,7.04675,7.04675
7.04685,5.2259663789E-05,0.000141495576827,7.04685,7.04685
7.04695,5.2268846048E-05,0.000293700722978,7.04695,7.04695
7.04705,5.2265546401E-05,0.000298696802929,7.04705,7.04705
7.04715,5.2302642871E-05,0.000338173034834,7.04715,7.04715
7.04725,5.2247829444E-05,0.000411707180319,7.04725,7.04725
7.04735,5.2244729886E-05,0.000530487683136,7.04735,7.04735
7.04745,5.2265935665E-05,0.000327195681166,7.04745,7.04745
7.04755,5.2260500524E-05,0.000183786512935,7.04755,7.04755
7.04765,5.2261671954E-05,0.000184842021554,7.04765,7.04765
7.04775,5.2256858908E-05,4.1432846047E-05,7.04775,7.04775
7.04785,5.2246632549E-05,6.2472761783E-05,7.04785,7.04785
7.04795,5.2248131396E-05,0.000264357426204,7.04795,7.04795
7.04805,5.22399896E-05,0.000541253946722,7.04805,7.04805
7.04815,5.223340122E-05,0.000447242840892,7.04815,7.04815
7.04825,5.2220930229E-05,0.000474686210509,7.04825,7.04825
7.04835,5.2186303947E-05,0.000368079287,7.04835,7.04835
7.04845,5.2158895414E-05,0.00011454478954,7.04845,7.04845
7.04855,5.2193579904E-05,0.000136288377689,7.04855,7.04855
7.04865,5.2201081417E-05,0.000381519494113,7.04865,7.04865
7.04875,5.2208055422E-05,0.000183153199032,7.04875,7.04875
7.04885,5.2231680456E-05,0.000403826008551,7.04885,7.04885
7.04895,5.2208448324E-05,0.000211511345697,7.04895,7.04895
7.04905,5.2179264458E-05,0.00041269234498,7.04905,7.04905
7.04915,5.2164505178E-05,0.000413044181187,7.04915,7.04915
7.04925,5.216745194E-05,0.000412621971918,7.04925,7.04925
7.04935,5.214826524E-05,0.000221222086111,7.04935,7.04935
7.04945,5.2165603847E-05,0.000131433014758,7.04945,7.04945
7.04955,5.2199047786E-05,0.000232340156799,7.04955,7.04955
7.04965,5.2203275118E-05,0.000225373762078,7.04965,7.04965
7.04975,5.2156246966E-05,0.000208485536859,7.04975,7.04975
7.04985,5.215112833E-05,0.000193989821128,7.04985,7.04985
7.04995,5.2134415455E-05,0.00029067491414,7.04995,7.04995
7.05005,5.2137605962E-05,0.000289900868665,7.05005,7.05005
7.05015,5.2126659284E-05,0.000397704046918,7.05015,7.05015
7.05025,5.2133374993E-05,0.000171331441379,7.05025,7.05025
7.05035,5.2166004025E-05,0.000185545708518,7.05035,7.05035
7.05045,5.2124563808E-05,0.00038095653872,7.05045,7.05045
7.05055,5.2113871789E-05,0.000295530277072,7.05055,7.05055
7.05065,5.2124352806E-05,0.000368571840227,7.05065,7.05065
7.05075,5.2119812608E-05,0.000739338749554,7.05075,7.05075
7.05085,5.2115432482E-05,0.000660597404931,7.05085,7.05085
7.05095,5.2094816056E-05,0.0004914336605,7.05095,7.05095
7.05105,5.2107548981E-05,0.000528235919774,7.05105,7.05105
7.05115,5.2084651543E-05,0.000462512602098,7.05115,7.05115
7.05125,5.2066741773E-05,7.0987240179E-05,7.05125,7.05125
7.05135,5.2083960327E-05,0.000459979375592,7.05135,7.05135
7.05145,5.2077590226E-05,0.000154724693857,7.05145,7.05145
7.05155,5.2099134336E-05,0.00031987746479,7.05155,7.05155
7.05165,5.2072213293E-05,0.000402207573643,7.05165,7.05165
7.05175,5.2081079048E-05,0.000274349615211,7.05175,7.05175
7.05185,5.2061899623E-05,0.000322129228152,7.05185,7.05185
7.05195,5.2071060054E-05,0.00045139453141,7.05195,7.05195
7.05205,5.2085761126E-05,0.000460120092612,7.05205,7.05205
7.05215,5.2084018535E-05,0.000546320399735,7.05215,7.05215
7.05225,5.2082232287E-05,0.000664115766995,7.05225,7.05225
7.05235,5.2085812058E-05,0.000426836224506,7.05235,7.05235
7.05245,5.2097402659E-05,0.000185686440091,7.05245,7.05245
7.05255,5.2086023061E-05,0.000626187655143,7.05255,7.05255
7.05265,5.2044688346E-05,0.00044344298658,7.05265,7.05265
7.05275,5.2051414968E-05,0.000367516331607,7.05275,7.05275
7.05285,5.2083785704E-05,0.000363223924069,7.05285,7.05285
7.05295,5.2055438573E-05,0.000325858709402,7.05295,7.05295
7.05305,5.2044095355E-05,0.000294193276204,7.05305,7.05305
7.05315,5.2040904848E-05,0.00060275522992,7.05315,7.05315
7.05325,5.2042389143E-05,0.000353724288289,7.05325,7.05325
7.05335,5.2026120102E-05,0.000333669508109,7.05335,7.05335
7.05345,5.2020768635E-05,0.00032156627276,7.05345,7.05345
7.05355,5.2050410886E-05,0.000305944675347,7.05355,7.05355
7.05365,5.2019495342E-05,0.000270127580734,7.05365,7.05365
7.05375,5.2014544053E-05,0.000446328049293,7.05375,7.05375
7.05385,5.2006009355E-05,0.00062668020837,7.05385,7.05385
7.05395,5.2030140068E-05,0.000366179359844,7.05395,7.05395
7.05405,5.202374814E-05,0.000218266635784,7.05405,7.05405
7.05415,5.1989612984E-05,0.000272731180303,7.05415,7.05415
7.05425,5.2028299251E-05,0.000391441310057,7.05425,7.05425
7.05435,5.2008570492E-05,0.000332825089572,7.05435,7.05435
7.05445,5.1982056902E-05,0.000149024912389,7.05445,7.05445
7.05455,5.1977873227E-05,5.2832398069E-05,7.05455,7.05455
7.05465,5.1995975809E-05,0.000246695155511,7.05465,7.05465
7.05475,5.2008384955E-05,0.000380112149287,7.05475,7.05475
7.05485,5.1992257795E-05,0.000467438338092,7.05485,7.05485
7.05495,5.1965365856E-05,0.000428595405538,7.05495,7.05495
7.05505,5.1968607295E-05,0.00025893910788,7.05505,7.05505
7.05515,5.1970680943E-05,0.000381238030968,7.05515,7.05515
7.05525,5.1962993894E-05,0.000369838468032,7.05525,7.05525
7.05535,5.1959952543E-05,0.000271957134828,7.05535,7.05535
7.05545,5.1930946938E-05,0.000259572436335,7.05545,7.05545
7.05555,5.1926323067E-05,0.000383700884413,7.05555,7.05555
7.05565,5.1927490858E-05,0.00035548346932,7.05565,7.05565
7.05575,5.1938499382E-05,0.000562856788747,7.05575,7.05575
7.05585,5.1927643653E-05,0.000296233949484,7.05585,7.05585
7.05595,5.1867980801E-05,0.000206444878131,7.05595,7.05595
7.05605,5.1868395531E-05,0.000560464337468,7.05605,7.05605
7.05615,5.1899954997E-05,0.000857485982124,7.05615,7.05615
7.05625,5.1885726862E-05,0.000807806442026,7.05625,7.05625
7.05635,5.1868733863E-05,0.0009073765832,7.05635,7.05635
7.05645,5.1898248785E-05,0.000601136765908,7.05645,7.05645
7.05655,5.1914579672E-05,0.000640542653855,7.05655,7.05655
7.05665,5.1865441492E-05,0.000139173454954,7.05665,7.05665
7.05675,5.1904120483E-05,0.000342465471476,7.05675,7.05675
7.05685,5.1898445236E-05,0.00032684384496,7.05685,7.05685
7.05695,5.1925260777E-05,0.000429439824075,7.05695,7.05695
7.05705,5.1893741329E-05,0.000443794822786,7.05705,7.05705
7.05715,5.1894941862E-05,0.000312699965434,7.05715,7.05715
7.05725,5.1888469898E-05,0.000303270702716,7.05725,7.05725
7.05735,5.1868260925E-05,0.000459205330117,7.05735,7.05735
7.05745,5.1867889852E-05,0.000554483092856,7.05745,7.05745
7.05755,5.1881987019E-05,-9.161463822E-06,7.05755,7.05755
7.05765,5.1856546634E-05,9.5756637165E-05,7.05765,7.05765
7.05775,5.1877119404E-05,0.000116022507427,7.05775,7.05775
7.05785,5.1878196246E-05,6.4724525146E-05,7.05785,7.05785
7.05795,5.1885341236E-05,-2.1546162316E-05,7.05795,7.05795
7.05805,5.1848055591E-05,0.000324169901432,7.05805,7.05805
7.05815,5.1845494454E-05,0.000374693830963,7.05815,7.05815
7.05825,5.1865492424E-05,0.000326069799485,7.05825,7.05825
7.05835,5.1883427659E-05,0.000230018034927,7.05835,7.05835
7.05845,5.1836341299E-05,0.000455968402093,7.05845,7.05845
7.05855,5.1841121604E-05,0.000206796714338,7.05855,7.05855
7.05865,5.1860035455E-05,0.000189134458196,7.05865,7.05865
7.05875,5.1832754252E-05,0.000539705855772,7.05875,7.05875
7.05885,5.1803584938E-05,0.000354498333763,7.05885,7.05885
7.05895,5.1825238188E-05,0.000274068152066,7.05895,7.05895
7.05905,5.1811352023E-05,0.000293067394523,7.05905,7.05905
7.05915,5.1815721235E-05,0.000196382316062,7.05915,7.05915
7.05925,5.1848084695E-05,0.000408329535276,7.05925,7.05925
7.05935,5.1815593906E-05,0.000258094718447,7.05935,7.05935
7.05945,5.1815819461E-05,0.000213411272853,7.05945,7.05945
7.05955,5.1810897276E-05,0.000278853141936,7.05955,7.05955
7.05965,5.1787996199E-05,0.000351613241946,7.05965,7.05965
7.05975,5.1779312344E-05,0.000380675075576,7.05975,7.05975
7.05985,5.1787574193E-05,0.000516836415045,7.05985,7.05985
7.05995,5.1786992117E-05,0.000300737476209,7.05995,7.05995
7.06005,5.176956256E-05,1.6311609215E-05,7.06005,7.06005
7.06015,5.1779490605E-05,0.000221362817683,7.06015,7.06015
7.06025,5.1779756177E-05,0.000198352601728,7.06025,7.06025
7.06035,5.1775510656E-05,0.000366742286133,7.06035,7.06035
7.06045,5.1791546866E-05,0.000166124242241,7.06045,7.06045
7.06055,5.1768049161E-05,0.000148461971548,7.06055,7.06055
7.06065,5.1759965572E-05,0.000336273107678,7.06065,7.06065
7.06075,5.1739338232E-05,0.000395663373638,7.06075,7.06075
7.06085,5.1742994401E-05,0.000285749178147,7.06085,7.06085
7.06095,5.1728566177E-05,0.000213552004425,7.06095,7.06095
7.06105,5.1743358199E-05,0.000190330698388,7.06105,7.06105
7.06115,5.1774222811E-05,0.00018146437651,7.06115,7.06115
7.06125,5.1765953685E-05,0.000191738057765,7.06125,7.06125
7.06135,5.1772585721E-05,0.000315725774271,7.06135,7.06135
7.06145,5.175856495E-05,0.000394467118895,7.06145,7.06145
7.06155,5.1777773479E-05,0.000274138525128,7.06155,7.06155
7.06165,5.1793776947E-05,0.000757634348702,7.06165,7.06165
7.06175,5.1761224313E-05,0.000777196546551,7.06175,7.06175
7.06185,5.1753188018E-05,0.00060803280212,7.06185,7.06185
7.06195,5.1773316954E-05,0.000615280703641,7.06195,7.06195
7.06205,5.1763290685E-05,0.000382997212,7.06205,7.06205
7.06215,5.1753686421E-05,0.000638361263555,7.06215,7.06215
7.06225,5.1764203818E-05,0.000341339589795,7.06225,7.06225
7.06235,5.1759801863E-05,0.000344717234839,7.06235,7.06235
7.06245,5.1761766372E-05,0.000303270702716,7.06245,7.06245
7.06255,5.171875091E-05,0.000146913880599,7.06255,7.06255
7.06265,5.1719747717E-05,0.000261964916717,7.06265,7.06265
7.06275,5.1726026868E-05,0.000396296672989,7.06275,7.06275
7.06285,5.1706469094E-05,0.000434647023212,7.06285,7.06285
7.06295,5.1718812756E-05,0.000407485145843,7.06295,7.06295
7.06305,5.1687140513E-05,0.00035280949669,7.06305,7.06305
7.06315,5.1698909374E-05,0.000144028817886,7.06315,7.06315
7.06325,5.1677732699E-05,0.000285186222754,7.06325,7.06325
7.06335,5.1667298976E-05,0.000532317266334,7.06335,7.06335
7.06345,5.1684557548E-05,0.000486226490466,7.06345,7.06345
7.06355,5.1686238294E-05,0.000509518140461,7.06355,7.06355
7.06365,5.16418404E-05,0.000224247880396,7.06365,7.06365
7.06375,5.1668270316E-05,5.8180336055E-05,7.06375,7.06375
7.06385,5.166911069E-05,0.000242895301199,7.06385,7.06385
7.06395,5.1643553888E-05,0.000177312700544,7.06395,7.06395
7.06405,5.165971379E-05,0.000282793742372,7.06405,7.06405
7.06415,5.1676324802E-05,0.000488970836159,7.06415,7.06415
7.06425,5.1678194723E-05,0.000468704965897,7.06425,7.06425
7.06435,5.163807873E-05,0.000170205559698,7.06435,7.06435
7.06445,5.1658586017E-05,0.000195608270587,7.06445,7.06445
7.06455,5.1670962421E-05,7.7179589425E-05,7.06455,7.06455
7.06465,5.1656505093E-05,0.000372582813725,7.06465,7.06465
7.06475,5.1674829592E-05,0.000299893057672,7.06475,7.06475
7.06485,5.1676324802E-05,0.000344083935488,7.06485,7.06485
7.06495,5.1678503951E-05,0.000359775905963,7.06495,7.06495
7.06505,5.1648330555E-05,0.000143536235555,7.06505,7.06505
7.06515,5.1589486247E-05,0.000262176035903,7.06515,7.06515
7.06525,5.1619608712E-05,-7.537737838E-05,7.06525,7.06525
7.06535,5.1633429393E-05,-2.13350595E-05,7.06535,7.06535
7.06545,5.1628412621E-05,4.1362476622E-05,7.06545,7.06545
7.06555,5.1619466831E-05,0.000215451931581,7.06555,7.06555
7.06565,5.163235619E-05,-4.6526663937E-05,7.06565,7.06565
7.06575,5.1607432397E-05,-9.231831427E-06,7.06575,7.06575
7.06585,5.1622588217E-05,4.825850192E-05,7.06585,7.06585
7.06595,5.1657749282E-05,0.000275123660685,7.06595,7.06595
7.06605,5.1653143601E-05,0.000255491118878,7.06605,7.06605
7.06615,5.1629049267E-05,0.00024402118288,7.06615,7.06615
7.06625,5.1615712437E-05,6.3528270402E-05,7.06625,7.06625
7.06635,5.1623508625E-05,0.000306155794533,7.06635,7.06635
7.06645,5.1600665756E-05,0.000296304322546,7.06645,7.06645
7.06655,5.16016662E-05,0.000614928838331,7.06655,7.06655
7.06665,5.1594339311E-05,0.000405725935707,7.06665,7.06665
7.06675,5.1584989706E-05,0.000206937460462,7.06675,7.06675
7.06685,5.1572682423E-05,0.000378282566089,7.06685,7.06685
7.06695,5.159930879E-05,0.000320440391079,7.06695,7.06695
7.06705,5.1585451729E-05,0.000314388802508,7.06705,7.06705
7.06715,5.1581140724E-05,9.8993550637E-05,7.06715,7.06715
7.06725,5.1558599807E-05,4.1714316467E-05,7.06725,7.06725
7.06735,5.1587252528E-05,0.000114685521112,7.06735,7.06735
7.06745,5.1570357755E-05,0.000193849075004,7.06745,7.06745
7.06755,5.1559050917E-05,0.000532387639396,7.06755,7.06755
7.06765,5.1556035032E-05,0.000325084663928,7.06765,7.06765
7.06775,5.1564125897E-05,0.000240995374043,7.06775,7.06775
7.06785,5.1557850384E-05,0.000495022453833,7.06785,7.06785
7.06795,5.1556689868E-05,0.000363223924069,7.06795,7.06795
7.06805,5.1523966249E-05,0.000491363345645,7.06805,7.06805
7.06815,5.1514525694E-05,0.000501918490045,7.06815,7.06815
7.06825,5.1524981245E-05,0.000503959134221,7.06825,7.06825
7.06835,5.1539511333E-05,0.000397141091526,7.06835,7.06835
7.06845,5.1538430853E-05,0.000585092988331,7.06845,7.06845
7.06855,5.1534181694E-05,0.000697399664205,7.06855,7.06855
7.06865,5.1533002988E-05,0.000284482550342,7.06865,7.06865
7.06875,5.1527855248E-05,0.000431410124293,7.06875,7.06875
7.06885,5.1535138482E-05,0.000350205897121,7.06885,7.06885
7.06895,5.1545135648E-05,0.000273786688922,7.06895,7.06895
7.06905,5.1525683375E-05,0.000258516898612,7.06905,7.06905
7.06915,5.1534640079E-05,0.000166194615304,7.06915,7.06915
7.06925,5.1524999435E-05,-2.7105203117E-05,7.06925,7.06925
7.06935,5.1515093219E-05,0.000281738233753,7.06935,7.06935
7.06945,5.1520593843E-05,0.000300596730085,7.06945,7.06945
7.06955,5.1494080253E-05,0.00041642182623,7.06955,7.06955
7.06965,5.1482631534E-05,0.000302707776427,7.06965,7.06965
7.06975,5.149043136E-05,0.000333036208758,7.06975,7.06975
7.06985,5.1479019021E-05,0.000239306551521,7.06985,7.06985
7.06995,5.1490136684E-05,0.000282793742372,7.06995,7.06995
7.07005,5.1513132348E-05,0.000329165981384,7.07005,7.07005
7.07015,5.1508675824E-05,0.000177383059054,7.07015,7.07015
7.07025,5.1515296946E-05,0.000264990725555,7.07025,7.07025
7.07035,5.1523868024E-05,0.000178016372956,7.07035,7.07035
7.07045,5.15275824E-05,0.000487493089167,7.07045,7.07045
7.07055,5.1506016462E-05,0.000113489273645,7.07055,7.07055
7.07065,5.1512430218E-05,0.000108563544927,7.07065,7.07065
7.07075,5.1506664022E-05,-1.9364766558E-05,7.07075,7.07075
7.07085,5.1496132073E-05,-7.748841017E-05,7.07085,7.07085
7.07095,5.14832318E-05,3.939218368E-05,7.07095,7.07095
7.07105,5.1490340411E-05,0.000248946918873,7.07105,7.07105
7.07115,5.1464874559E-05,4.7273355449E-05,7.07115,7.07115
7.07125,5.1455022913E-05,0.00023867325217,7.07125,7.07125
7.07135,5.1433598856E-05,0.000332402909407,7.07135,7.07135
7.07145,5.1462931879E-05,0.000184279080713,7.07145,7.07145
7.07155,5.1465820434E-05,1.3848743038E-05,7.07155,7.07155
7.07165,5.1464718126E-05,0.000132910732646,7.07165,7.07165
7.07175,5.1449791499E-05,0.000368642213289,7.07175,7.07175
7.07185,5.1409300795E-05,0.000477430527098,7.07185,7.07185
7.07195,5.1426344726E-05,0.000484608026454,7.07195,7.07195
7.07205,5.1435737987E-05,0.000419306888944,7.07205,7.07205
7.07215,5.1426188293E-05,0.000391230219975,7.07215,7.07215
7.07225,5.1393883041E-05,0.000117289127957,7.07225,7.07225
7.07235,5.1399838412E-05,0.000217070395593,7.07235,7.07235
7.07245,5.1425191486E-05,5.1073206123E-05,7.07245,7.07245
7.07255,5.1443999837E-05,0.000210737300222,7.07255,7.07255
7.07265,5.1422499382E-05,0.00033324729884,7.07265,7.07265
7.07275,5.1411268942E-05,0.000450761202956,7.07275,7.07275
7.07285,5.1454902859E-05,0.000313966593239,7.07285,7.07285
7.07295,5.1440863899E-05,0.000193637984921,7.07295,7.07295
7.07305,5.140191206E-05,8.6679217929E-05,7.07305,7.07305
7.07315,5.1407612773E-05,0.00010208972526,7.07315,7.07315
7.07325,5.1402268582E-05,0.000322269974276,7.07325,7.07325
7.07335,5.1412796893E-05,0.000546601891983,7.07335,7.07335
7.07345,5.1420436648E-05,0.000188782607438,7.07345,7.07345
7.07355,5.1415714552E-05,-4.4626736781E-05,7.07355,7.07355
7.07365,5.1442129916E-05,0.000117711329949,7.07365,7.07365
7.07375,5.1435399655E-05,-2.7457041142E-05,7.07375,7.07375
7.07385,5.144170791E-05,-7.0803485869E-05,7.07385,7.07385
7.07395,5.1439448725E-05,0.000108070969873,7.07395,7.07395
7.07405,5.1436581998E-05,4.0940270992E-05,7.07405,7.07405
7.07415,5.1432783948E-05,0.000359916622983,7.07415,7.07415
7.07425,5.1436280046E-05,0.000345280161127,7.07425,7.07425
7.07435,5.1422201068E-05,0.000156906084158,7.07435,7.07435
7.07445,5.1405153499E-05,0.000200956215849,7.07445,7.07445
7.07455,5.1406143029E-05,2.1941017621E-05,7.07455,7.07455
7.07465,5.1401362725E-05,-0.000159114832059,7.07465,7.07465
7.07475,5.1415656344E-05,7.056503091E-05,7.07475,7.07475
7.07485,5.1380124205E-05,6.4513420512E-05,7.07485,7.07485
7.07495,5.1379687648E-05,0.000212074286537,7.07495,7.07495
7.07505,5.1379054639E-05,-8.7973181508E-05,7.07505,7.07505
7.07515,5.1384264225E-05,8.3723774878E-05,7.07515,7.07515
7.07525,5.1381361118E-05,0.000473560328828,7.07525,7.07525
7.07535,5.1387301937E-05,0.000515780877322,7.07535,7.07535
7.07545,5.1369079301E-05,0.000390385801438,7.07545,7.07545
7.07555,5.1379272918E-05,0.000523310212884,7.07555,7.07555
7.07565,5.1354087191E-05,0.000453646294773,7.07565,7.07565
7.07575,5.1367354899E-05,0.000213763109059,7.07575,7.07575
7.07585,5.1363396778E-05,0.000291026750347,7.07585,7.07585
7.07595,5.1368726417E-05,0.000291871168884,7.07595,7.07595
7.07605,5.1335155149E-05,-0.000201827977435,7.07605,7.07605
7.07615,5.1344020903E-05,-0.000345870474121,7.07615,7.07615
7.07625,5.1335788157E-05,-5.4126365285E-05,7.07625,7.07625
7.07635,5.1340990467E-05,-9.1350826551E-05,7.07635,7.07635
7.07645,5.1357259508E-05,0.000257461389992,7.07645,7.07645
7.07655,5.1350536523E-05,9.9626857264E-05,7.07655,7.07655
7.07665,5.1352188166E-05,-2.1757265131E-05,7.07665,7.07665
7.07675,5.1315961173E-05,0.000141354845255,7.07675,7.07675
7.07685,5.1342500228E-05,0.000370331050362,7.07685,7.07685
7.07695,5.1327046094E-05,1.4059845853E-05,7.07695,7.07695
7.07705,5.130783029E-05,0.000203982010134,7.07705,7.07705
7.07715,5.1329225244E-05,0.0001739350555,7.07715,7.07715
7.07725,5.1305047236E-05,0.000227414435358,7.07725,7.07725
7.07735,5.1329971029E-05,0.00014114374062,7.07735,7.07735
7.07745,5.1339546189E-05,-1.3946460967E-05,7.07745,7.07745
7.07755,5.1343402447E-05,-6.2500112108E-05,7.07755,7.07755
7.07765,5.1339546189E-05,0.000220307294512,7.07765,7.07765
7.07775,5.1325114327E-05,0.000405796308769,7.07775,7.07775
7.07785,5.1316255849E-05,0.000177453432116,7.07785,7.07785
7.07795,5.1347076806E-05,-0.000294642843073,7.07795,7.07795
7.07805,5.1323495427E-05,2.7640793633E-05,7.07805,7.07805
7.07815,5.133425293E-05,5.1917617384E-05,7.07815,7.07815
7.07825,5.1276121667E-05,1.9829989469E-05,7.07825,7.07825
7.07835,5.131362559E-05,-2.3023882022E-05,7.07835,7.07835
7.07845,5.1292594435E-05,7.1902017226E-05,7.07845,7.07845
7.07855,5.1293038268E-05,0.000289126823191,7.07855,7.07855
7.07865,5.1302944485E-05,0.000156413516379,7.07865,7.07865
7.07875,5.1269696996E-05,0.000380534329452,7.07875,7.07875
7.07885,5.1283463108E-05,0.000267101771897,7.07885,7.07885
7.07895,5.129886631E-05,0.000185686440091,7.07895,7.07895
7.07905,5.1297622122E-05,0.000358438905096,7.07905,7.07905
7.07915,5.1289622206E-05,0.000568063987885,7.07915,7.07915
7.07925,5.1290797273E-05,0.000810058205388,7.07925,7.07925
7.07935,5.1297032769E-05,0.000590440933593,7.07935,7.07935
7.07945,5.1277576858E-05,0.000543224276043,7.07945,7.07945
7.07955,5.1270293625E-05,0.00070070696529,7.07955,7.07955
7.07965,5.1288123359E-05,0.000276812497759,7.07965,7.07965
7.07975,5.1288814575E-05,0.000276108825346,7.07975,7.07975
7.07985,5.1299808547E-05,0.000263020425336,7.07985,7.07985
7.07995,5.1265069487E-05,0.000227484793868,7.07995,7.07995
7.08005,5.130745194E-05,0.000208696641494,7.08005,7.08005
7.08015,5.1276732847E-05,9.413818043E-05,7.08015,7.08015
7.08025,5.129694182E-05,4.3332769565E-05,7.08025,7.08025
7.08035,5.1268249081E-05,0.000178297836101,7.08035,7.08035
7.08045,5.1268325478E-05,0.000102723031887,7.08045,7.08045
7.08055,5.1271439588E-05,0.000138821618748,7.08055,7.08055
7.08065,5.1256971346E-05,0.00012566287478,7.08065,7.08065
7.08075,5.1237566367E-05,-3.672790854E-06,7.08075,7.08075
7.08085,5.1252623962E-05,0.000159298579092,7.08085,7.08085
7.08095,5.1233564591E-05,0.000352950242814,7.08095,7.08095
7.08105,5.1237395382E-05,0.000366953405319,7.08105,7.08105
7.08115,5.1225368225E-05,0.0004361247411,7.08115,7.08115
7.08125,5.1210790843E-05,0.00026097978116,7.08125,7.08125
7.08135,5.118981062E-05,0.000283567787847,7.08135,7.08135
7.08145,5.1187849749E-05,0.000562082743272,7.08145,7.08145
7.08155,5.1225670177E-05,0.000463216274511,7.08155,7.08155
7.08165,5.1206388889E-05,0.000454209221061,7.08165,7.08165
7.08175,5.1203787734E-05,0.000481160008349,7.08175,7.08175
7.08185,5.1226583309E-05,0.000383560138289,7.08185,7.08185
7.08195,5.1209983212E-05,0.000509095960297,7.08195,7.08195
7.08205,5.1209215599E-05,0.000243176778895,7.08205,7.08205
7.08215,5.1204169722E-05,0.000369275512639,7.08215,7.08215
7.08225,5.1209637604E-05,0.000101174940937,7.08225,7.08225
7.08235,5.1182512834E-05,8.9986497187E-05,7.08235,7.08235
7.08245,5.1164410252E-05,0.000136358750751,7.08245,7.08245
7.08255,5.1176433772E-05,0.000212989063584,7.08255,7.08255
7.08265,5.1197497669E-05,0.000234099352383,7.08265,7.08265
7.08275,5.1220598834E-05,0.000302426284179,7.08275,7.08275
7.08285,5.1228951634E-05,8.3512670244E-05,7.08285,7.08285
7.08295,5.1219973102E-05,0.000229806930292,7.08295,7.08295
7.08305,5.1229817473E-05,0.000165350196767,7.08305,7.08305
7.08315,5.1211296523E-05,2.1800282411E-05,7.08315,7.08315
7.08325,5.1208829973E-05,0.000292434095172,7.08325,7.08325
7.08335,5.1180370065E-05,4.208381142E-06,7.08335,7.08335
7.08345,5.1169652579E-05,-4.8919162509E-05,7.08345,7.08345
7.08355,5.1187089412E-05,0.000273012643447,7.08355,7.08355
7.08365,5.1160484873E-05,0.000452520413091,7.08365,7.08365
7.08375,5.1215614803E-05,0.000326773501001,7.08375,7.08375
7.08385,5.1194205298E-05,0.000479189737234,7.08385,7.08385
7.08395,5.1165483455E-05,0.000484678399516,7.08395,7.08395
7.08405,5.1173141401E-05,0.000420503143687,7.08405,7.08405
7.08415,5.1159058785E-05,0.000481652590679,7.08415,7.08415
7.08425,5.1139661082E-05,0.000429862033343,7.08425,7.08425
7.08435,5.1110713684E-05,0.000280190142803,7.08435,7.08435
7.08445,5.1114027883E-05,0.000437883951236,7.08445,7.08445
7.08455,5.1126935432E-05,0.00053590600146,7.08455,7.08455
7.08465,5.1136594266E-05,0.000700847711414,7.08465,7.08465
7.08475,5.1162693126E-05,0.000517540087458,7.08475,7.08475
7.08485,5.1157174312E-05,0.00040896286373,7.08485,7.08485
7.08495,5.1100068958E-05,0.000520214030985,7.08495,7.08495
7.08505,5.1139901188E-05,0.000611973402556,7.08505,7.08505
7.08515,5.1115053793E-05,0.000734131550416,7.08515,7.08515
7.08525,5.1133465604E-05,0.000602684856858,7.08525,7.08525
7.08535,5.1107683248E-05,0.000436898786575,7.08535,7.08535
7.08545,5.1122489822E-05,0.000686492712703,7.08545,7.08545
7.08555,5.1136554248E-05,0.00075791584095,7.08555,7.08555
7.08565,5.1148119383E-05,0.000595507386606,7.08565,7.08565
7.08575,5.1139744755E-05,0.000277093960904,7.08575,7.08575
7.08585,5.1133873058E-05,0.000466242083348,7.08585,7.08585
7.08595,5.1130613429E-05,0.000295530277072,7.08595,7.08595
7.08605,5.1121758588E-05,0.000416984752519,7.08605,7.08605
7.08615,5.1098228141E-05,0.000434295187006,7.08615,7.08615
7.08625,5.1106748288E-05,0.000518736313097,7.08625,7.08625
7.08635,5.1138464187E-05,0.000472715910291,7.08635,7.08635
7.08645,5.1092123613E-05,0.000471027073218,7.08645,7.08645
7.08655,5.1085193263E-05,0.000463708856842,7.08655,7.08655
7.08665,5.1102233556E-05,0.000667493441142,7.08665,7.08665
7.08675,5.1098370022E-05,0.000600151659455,7.08675,7.08675
7.08685,5.1113216614E-05,0.000580237596296,7.08685,7.08685
7.08695,5.1067170716E-05,0.000477993482491,7.08695,7.08695
7.08705,5.1091097703E-05,0.000433943350799,7.08705,7.08705
7.08715,5.1083294238E-05,0.000362098042388,7.08715,7.08715
7.08725,5.1072431233E-05,0.000335147225996,7.08725,7.08725
7.08735,5.1075301599E-05,0.000233747516177,7.08735,7.08735
7.08745,5.1085367886E-05,8.9493922133E-05,7.08745,7.08745
7.08755,5.1107235777E-05,0.000315725774271,7.08755,7.08755
7.08765,5.1090584748E-05,8.3371938672E-05,7.08765,7.08765
7.08775,5.106817116E-05,0.000129321982968,7.08775,7.08775
7.08785,5.1070524933E-05,0.000372301321477,7.08785,7.08785
7.08795,5.105897435E-05,0.000527813739609,7.08795,7.08795
7.08805,5.1039154641E-05,0.000197930407012,7.08805,7.08805
7.08815,5.1046619774E-05,0.00028335666866,7.08815,7.08815
7.08825,5.1049104513E-05,0.000483341427753,7.08825,7.08825
7.08835,5.1051443734E-05,0.00075228640344,7.08835,7.08835
7.08845,5.107742254E-05,0.000699792173691,7.08845,7.08845
7.08855,5.1044004067E-05,0.000438728340669,7.08855,7.08855
7.08865,5.1061084378E-05,4.6358578402E-05,7.08865,7.08865
7.08875,5.1048285968E-05,1.3567272617E-05,7.08875,7.08875
7.08885,5.103867079E-05,0.00010208972526,7.08885,7.08885
7.08895,5.1023547712E-05,0.000482215546072,7.08895,7.08895
7.08905,5.102869909E-05,0.000140651172842,7.08905,7.08905
7.08915,5.1017850637E-05,0.000432043423643,7.08915,7.08915
7.08925,5.1020346291E-05,0.000360338832252,7.08925,7.08925
7.08935,5.1046128647E-05,0.000440839387011,7.08935,7.08935
7.08945,5.1019131206E-05,0.000502199924085,7.08945,7.08945
7.08955,5.1034043281E-05,0.000442176358774,7.08955,7.08955
7.08965,5.1006954891E-05,0.000510081124958,7.08965,7.08965
7.08975,5.1027447626E-05,0.000519158551469,7.08975,7.08975
7.08985,5.1050832553E-05,0.00057629699586,7.08985,7.08985
7.08995,5.1035309298E-05,0.000552512763534,7.08995,7.08995
7.09005,5.1018756494E-05,0.000398337346269,7.09005,7.09005
7.09015,5.0991795433E-05,0.000489393016323,7.09015,7.09015
7.09025,5.1040933613E-05,0.000523873139173,7.09025,7.09025
7.09035,5.1013961638E-05,0.000369838468032,7.09035,7.09035
7.09045,5.1013183111E-05,0.000615914002992,7.09045,7.09045
7.09055,5.1003487897E-05,0.000323536572978,7.09055,7.09055
7.09065,5.1032202464E-05,0.000502481416333,7.09065,7.09065
7.09075,5.0999100495E-05,0.000423669698648,7.09075,7.09075
7.09085,5.101298666E-05,0.000355835305527,7.09085,7.09085
7.09095,5.1042297855E-05,0.000148391613038,7.09095,7.09095
7.09105,5.1015820645E-05,0.000230510602705,7.09105,7.09105
7.09115,5.0997910876E-05,0.000313192547765,7.09115,7.09115
7.09125,5.1007795264E-05,0.000100823104731,7.09125,7.09125
7.09135,5.1032940974E-05,0.000117429859529,7.09135,7.09135
7.09145,5.1034556236E-05,0.000133192210342,7.09145,7.09145
7.09155,5.1020579122E-05,2.552976548E-05,7.09155,7.09155
7.09165,5.1035462093E-05,-0.000154681678396,7.09165,7.09165
7.09175,5.103282092E-05,-0.000216534797801,7.09175,7.09175
7.09185,5.1039420214E-05,5.4169380746E-05,7.09185,7.09185
7.09195,5.1022583648E-05,9.3364142231E-05,7.09195,7.09195
7.09205,5.1018603699E-05,2.589926225E-06,7.09205,7.09205
7.09215,5.101327406E-05,0.000287578732241,7.09215,7.09215
7.09225,5.1007467846E-05,0.00022389604419,7.09225,7.09225
7.09235,5.1004997658E-05,2.4333516194E-05,7.09235,7.09235
7.09245,5.1025093853E-05,0.00015008043556,7.09245,7.09245
7.09255,5.1023256674E-05,0.000107367290184,7.09255,7.09255
7.09265,5.0987342547E-05,-8.6073261627E-05,7.09265,7.09265
7.09275,5.0970553275E-05,-2.7034835512E-05,7.09275,7.09275
7.09285,5.0970935263E-05,0.000149236017023,7.09285,7.09285
7.09295,5.0981550885E-05,3.4818291169E-05,7.09295,7.09295
7.09305,5.0946524425E-05,7.2464958066E-05,7.09305,7.09305
7.09315,5.0985192502E-05,3.8758877054E-05,7.09315,7.09315
7.09325,5.096971654E-05,0.000191949162399,7.09325,7.09325
7.09335,5.0987189752E-05,7.5701871538E-05,7.09335,7.09335
7.09345,5.0997270591E-05,0.000199197020265,7.09345,7.09345
7.09355,5.09940146E-05,0.000204122756259,7.09355,7.09355
7.09365,5.0983668189E-05,0.000503255461808,7.09365,7.09365
7.09375,5.1001130487E-05,0.000228962511756,7.09375,7.09375
7.09385,5.0983911933E-05,0.000413114554249,7.09385,7.09385
7.09395,5.0975730119E-05,0.000403544545406,7.09395,7.09395
7.09405,5.0963270041E-05,0.000185686440091,7.09405,7.09405
7.09415,5.1003367844E-05,0.000142832563142,7.09415,7.09415
7.09425,5.0999500672E-05,0.000313474010909,7.09425,7.09425
7.09435,5.0925620599E-05,0.000250565382885,7.09435,7.09435
7.09445,5.0949693104E-05,0.00014212889073,7.09445,7.09445
7.09455,5.0972474128E-05,0.000185756813153,7.09455,7.09455
7.09465,5.0989376177E-05,4.438828546E-05,7.09465,7.09465
7.09475,5.0956568884E-05,1.5537565559E-05,7.09475,7.09475
7.09485,5.0942839152E-05,-1.843233008E-06,7.09485,7.09485
7.09495,5.0935217587E-05,0.000100119432318,7.09495,7.09495
7.09505,5.0948132412E-05,0.000224599731155,7.09505,7.09505
7.09515,5.0924747484E-05,-0.000239896849962,7.09515,7.09515
7.09525,5.0892933359E-05,0.000149447121657,7.09525,7.09525
7.09535,5.0918963098E-05,-7.56588488E-05,7.09535,7.09535
7.09545,5.0904061936E-05,-0.000149896673975,7.09545,7.09545
7.09555,5.0908471167E-05,-0.00018254724273,7.09555,7.09555
7.09565,5.0921702496E-05,1.6944917661E-05,7.09565,7.09565
7.09575,5.093818254E-05,2.6374176741E-05,7.09575,7.09575
7.09585,5.0892118452E-05,0.00015226182586,7.09585,7.09585
7.09595,5.0913520681E-05,0.000160072624567,7.09595,7.09595
7.09605,5.0918188208E-05,0.000251269055298,7.09605,7.09605
7.09615,5.091643834E-05,0.000227132957662,7.09615,7.09615
7.09625,5.0893206208E-05,0.000114685521112,7.09625,7.09625
7.09635,5.0917817134E-05,0.00017182402371,7.09635,7.09635
7.09645,5.0902806834E-05,0.000254435581155,7.09645,7.09645
7.09655,5.0859853218E-05,0.000376241921913,7.09655,7.09655
7.09665,5.0887672842E-05,0.000341269216733,7.09665,7.09665
7.09675,5.0881852076E-05,0.000450972322142,7.09675,7.09675
7.09685,5.0851358537E-05,0.00060803280212,7.09685,7.09685
7.09695,5.087705722E-05,0.000415999616962,7.09695,7.09695
7.09705,5.0890655984E-05,0.000373567949282,7.09705,7.09705
7.09715,5.0891954743E-05,8.2949729403E-05,7.09715,7.09715
7.09725,5.0894635933E-05,0.000393411610276,7.09725,7.09725
7.09735,5.0880244089E-05,0.000397070718464,7.09735,7.09735
7.09745,5.0880847994E-05,0.000279908650555,7.09745,7.09745
7.09755,5.0899478083E-05,0.000227132957662,7.09755,7.09755
7.09765,5.0903516239E-05,5.754702579E-05,7.09765,7.09765
7.09775,5.0875692978E-05,0.000280330859823,7.09775,7.09775
7.09785,5.0885664677E-05,0.000174709086423,7.09785,7.09785
7.09795,5.0859467592E-05,0.000331558490871,7.09795,7.09795
7.09805,5.0874463341E-05,0.000159017115948,7.09805,7.09805
7.09815,5.087176396E-05,6.0643200413E-05,7.09815,7.09815
7.09825,5.0862741773E-05,-7.1155322075E-05,7.09825,7.09825
7.09835,5.0836202718E-05,0.000196030479856,7.09835,7.09835
7.09845,5.0838621974E-05,0.000153387707542,7.09845,7.09845
7.09855,5.0862461649E-05,0.00018350504979,7.09855,7.09855
7.09865,5.0876853493E-05,8.4497820353E-05,7.09865,7.09865
7.09875,5.0831673434E-05,5.5647102272E-05,7.09875,7.09875
7.09885,5.0858987379E-05,0.000331910327077,7.09885,7.09885
7.09895,5.0849259424E-05,0.000409736909205,7.09895,7.09895
7.09905,5.084129225E-05,-0.000115064714919,7.09905,7.09905
7.09915,5.0853446737E-05,0.000160565206897,7.09915,7.09915
7.09925,5.0868016842E-05,0.000239517656155,7.09925,7.09925
7.09935,5.0876995374E-05,0.000134599555167,7.09935,7.09935
7.09945,5.0846978411E-05,-3.2593878132E-05,7.09945,7.09945
7.09955,5.0865455705E-05,6.5568936407E-05,7.09955,7.09955
7.09965,5.0840484619E-05,0.00045259075705,7.09965,7.09965
7.09975,5.0852871937E-05,0.000306929810904,7.09975,7.09975
7.09985,5.0832051784E-05,0.00038672669325,7.09985,7.09985
7.09995,5.0822211051E-05,0.00018730488955,7.09995,7.09995
